x	y	texture	height
0	0	0	0
1	0	1	0
2	0	2	0
3	0	3	0
4	0	4	0
5	0	5	0
6	0	6	0
7	0	7	0
8	0	8	0
9	0	9	0
10	0	10	0
11	0	11	0
12	0	12	0
13	0	13	0
14	0	1	0
15	0	14	0
16	0	11	0
17	0	12	0.098998
18	0	15	1.240956
19	0	16	1.896102
20	0	17	0.371897
21	0	17	0
22	0	18	0
23	0	19	0
24	0	20	0
25	0	2	0
26	0	3	0
27	0	11	0
28	0	2	0
29	0	21	0
30	0	22	0
31	0	23	0
32	0	24	0
33	0	25	0
34	0	26	0
35	0	9	0
36	0	9	0
37	0	27	0
38	0	3	0
39	0	12	0
40	0	13	0
41	0	1	0
42	0	13	0
43	0	28	0
44	0	22	0
45	0	10	0
46	0	29	0
47	0	27	0
48	0	3	0
49	0	11	0
50	0	30	0
51	0	31	0
52	0	32	0
53	0	33	0
54	0	9	0
55	0	34	0
56	0	35	0
57	0	36	0
58	0	37	0
59	0	38	0
60	0	9	0
61	0	0	0
62	0	39	0
63	0	40	0
64	0	41	0
65	0	32	0
66	0	42	0
67	0	43	0
68	0	44	0
69	0	45	0
70	0	46	0
71	0	47	0
72	0	48	0
73	0	49	0
74	0	50	0
75	0	51	0
76	0	29	0
77	0	27	0
78	0	21	0
79	0	3	0
80	0	14	0
81	0	29	0
82	0	52	0
83	0	53	0
84	0	54	0
85	0	55	0
86	0	56	0
87	0	54	0
88	0	55	0
89	0	57	0
90	0	58	0
91	0	11	0
92	0	12	0
93	0	11	0
94	0	11	0
95	0	12	0
96	0	11	0
97	0	14	0
98	0	14	0
99	0	11	0
100	0	12	0
101	0	12	0
102	0	12	0
103	0	11	0
104	0	11	0
105	0	12	0
106	0	14	0
107	0	11	0
108	0	14	0
109	0	14	0
110	0	14	0
111	0	11	0
112	0	59	0
113	0	60	0
114	0	61	0
115	0	62	0
116	0	62	0
117	0	63	0
118	0	60	0
119	0	61	0
120	0	63	0
121	0	61	0
122	0	62	0
123	0	63	0
124	0	64	0
125	0	64	0
126	0	60	0
127	0	61	0
128	0	10	0
0	1	2	0
1	1	22	6.533159
2	1	65	6.932714
3	1	66	11.503428
4	1	67	10.87524
5	1	68	1.283634
6	1	69	0.171582
7	1	70	1.847627
8	1	9	1.726535
9	1	65	6.046981
10	1	71	18.407005
11	1	3	26.495226
12	1	11	21.502392
13	1	12	8.593584
14	1	14	0.148529
15	1	14	0
16	1	14	0
17	1	72	1.652851
18	1	18	5.778557
19	1	2	7.242257
20	1	3	6.549866
21	1	15	4.087622
22	1	16	0.846139
23	1	18	0.172377
24	1	29	0
25	1	65	5.471886
26	1	5	11.945663
27	1	29	11.197803
28	1	0	8.860336
29	1	39	5.229438
30	1	73	1.478076
31	1	74	0
32	1	3	0
33	1	29	0
34	1	9	0
35	1	9	0
36	1	9	0
37	1	10	0
38	1	2	0
39	1	3	0
40	1	2	0
41	1	3	0
42	1	13	0
43	1	39	0
44	1	28	0
45	1	75	0
46	1	76	0
47	1	27	0
48	1	21	0
49	1	77	0
50	1	78	0
51	1	34	0
52	1	33	0
53	1	79	0
54	1	80	0.100259
55	1	37	2.987243
56	1	51	5.022923
57	1	11	4.551884
58	1	13	2.05821
59	1	39	0
60	1	28	0
61	1	21	0
62	1	77	0
63	1	78	0
64	1	34	1.688367
65	1	41	3.985422
66	1	32	5.589556
67	1	42	6.155988
68	1	81	5.515162
69	1	80	3.856727
70	1	51	1.526358
71	1	2	0.177144
72	1	77	0.581635
73	1	82	0
74	1	21	0
75	1	22	0
76	1	9	0
77	1	9	0
78	1	27	0
79	1	21	0
80	1	83	0
81	1	84	0
82	1	85	0
83	1	86	0
84	1	87	0
85	1	88	0
86	1	57	0
87	1	89	0
88	1	90	0
89	1	91	0
90	1	92	0
91	1	58	0
92	1	14	0
93	1	11	0
94	1	11	0
95	1	14	0
96	1	11	0
97	1	14	0
98	1	12	0
99	1	12	0
100	1	11	0
101	1	12	0
102	1	14	0
103	1	11	0.000043
104	1	11	0.000096
105	1	12	0.000045
106	1	14	0.000018
107	1	12	0
108	1	12	0
109	1	12	0
110	1	11	0
111	1	93	0
112	1	94	0
113	1	94	0
114	1	95	0
115	1	64	0
116	1	64	0
117	1	64	0
118	1	60	0
119	1	60	0
120	1	60	0
121	1	96	0
122	1	95	0
123	1	60	0
124	1	96	0
125	1	95	0
126	1	64	0
127	1	28	0
128	1	22	0
0	2	97	0
1	2	98	6.14792
2	2	99	12.353351
3	2	71	19.855709
4	2	100	20.289892
5	2	101	14.121909
6	2	102	18.275455
7	2	103	20.294735
8	2	98	14.768564
9	2	102	22.991035
10	2	104	43.05447
11	2	3	50.191639
12	2	14	40.213486
13	2	12	20.902519
14	2	14	5.091078
15	2	12	2.419303
16	2	2	2.335852
17	2	21	5.508376
18	2	22	9.944691
19	2	10	11.241079
20	2	72	10.191111
21	2	18	7.451911
22	2	2	3.611664
23	2	105	1.229184
24	2	98	4.242613
25	2	99	18.783953
26	2	106	34.51128
27	2	28	37.700314
28	2	3	29.528107
29	2	13	18.808111
30	2	107	8.603498
31	2	108	0.344672
32	2	109	0
33	2	110	0
34	2	0	0
35	2	76	0
36	2	27	0
37	2	75	0
38	2	1	0
39	2	13	0
40	2	1	0
41	2	2	0
42	2	3	0
43	2	29	0
44	2	10	0
45	2	13	0
46	2	39	0
47	2	111	0
48	2	112	0
49	2	9	0
50	2	34	0
51	2	113	1.885118
52	2	114	6.422311
53	2	42	8.557964
54	2	115	13.952953
55	2	116	17.634007
56	2	12	20.382456
57	2	2	18.070831
58	2	3	12.016878
59	2	117	5.085923
60	2	112	0.326378
61	2	9	0
62	2	9	0
63	2	118	0.731015
64	2	78	3.827525
65	2	34	6.635365
66	2	119	8.620276
67	2	35	10.360641
68	2	42	11.362243
69	2	115	10.386387
70	2	81	7.697316
71	2	47	11.092951
72	2	76	15.120745
73	2	0	10.203601
74	2	39	1.072377
75	2	76	0.984792
76	2	9	0.441563
77	2	0	0
78	2	39	0
79	2	120	0
80	2	121	0
81	2	22	0
82	2	9	0
83	2	9	0
84	2	122	0
85	2	123	0
86	2	57	0
87	2	124	0
88	2	58	0
89	2	125	0
90	2	91	0
91	2	11	0
92	2	14	0
93	2	11	0
94	2	12	0
95	2	14	0
96	2	11	0
97	2	12	0
98	2	12	0
99	2	12	0
100	2	12	0.000143
101	2	12	0.002033
102	2	12	0.011022
103	2	12	0.026693
104	2	12	0.039399
105	2	12	0.038674
106	2	12	0.024538
107	2	92	0.005621
108	2	124	0.000201
109	2	124	0
110	2	124	0.000078
111	2	124	0.000147
112	2	124	0.00004
113	2	126	0
114	2	64	0
115	2	60	0
116	2	64	0
117	2	60	0
118	2	60	0
119	2	127	0
120	2	128	0
121	2	63	0
122	2	60	0
123	2	129	0
124	2	59	0
125	2	64	0
126	2	22	0
127	2	130	0
128	2	131	0
0	3	132	0
1	3	133	4.647623
2	3	70	11.362958
3	3	65	20.824137
4	3	134	24.437183
5	3	135	28.183451
6	3	136	38.038998
7	3	133	41.813076
8	3	136	34.650444
9	3	137	42.134239
10	3	1	55.029575
11	3	14	54.681232
12	3	11	36.707394
13	3	2	23.063295
14	3	3	12.402126
15	3	13	8.68329
16	3	39	9.689732
17	3	76	11.06678
18	3	10	15.111462
19	3	14	15.860148
20	3	4	14.37939
21	3	106	11.070089
22	3	138	6.503831
23	3	69	2.554579
24	3	139	7.282048
25	3	67	24.847376
26	3	29	46.504841
27	3	10	51.032722
28	3	14	40.536541
29	3	19	26.652916
30	3	140	10.645473
31	3	140	0.896482
32	3	24	0
33	3	28	0
34	3	75	0
35	3	39	0
36	3	1	0
37	3	11	0
38	3	2	0
39	3	21	0
40	3	22	0
41	3	10	0
42	3	13	0
43	3	1	0
44	3	11	0
45	3	30	0
46	3	43	0
47	3	113	0
48	3	141	0
49	3	114	0
50	3	119	6.871777
51	3	119	17.052402
52	3	142	24.002016
53	3	119	41.816349
54	3	42	55.306026
55	3	115	57.828823
56	3	143	47.039211
57	3	1	38.463902
58	3	45	27.25798
59	3	46	13.892417
60	3	141	3.543816
61	3	47	0
62	3	39	0
63	3	111	1.82297
64	3	114	5.228954
65	3	119	8.627535
66	3	144	11.299255
67	3	145	15.349557
68	3	119	19.648661
69	3	35	22.866245
70	3	146	25.768755
71	3	75	42.354977
72	3	1	48.609684
73	3	2	32.402649
74	3	22	12.794188
75	3	9	10.014132
76	3	27	8.120782
77	3	21	1.329779
78	3	147	0
79	3	148	0
80	3	149	0
81	3	9	0
82	3	52	0
83	3	150	0
84	3	151	0
85	3	88	0
86	3	152	0
87	3	57	0
88	3	58	0
89	3	11	0
90	3	11	0
91	3	12	0
92	3	12	0
93	3	11	0
94	3	14	0
95	3	12	0
96	3	12	0
97	3	12	0
98	3	12	0.000003
99	3	14	0.000349
100	3	12	0.010357
101	3	14	0.140509
102	3	14	0.540547
103	3	11	1.109473
104	3	12	1.320401
105	3	12	1.581916
106	3	153	1.477143
107	3	123	0.948215
108	3	152	0.288251
109	3	152	0.210521
110	3	56	0.172321
111	3	56	0.087509
112	3	154	0.004429
113	3	155	0.000759
114	3	96	0.000496
115	3	95	0.000051
116	3	96	0
117	3	156	0
118	3	157	0
119	3	158	0
120	3	95	0
121	3	127	0
122	3	128	0
123	3	63	0
124	3	64	0
125	3	9	0
126	3	159	0
127	3	160	0
128	3	161	0
0	4	162	0
1	4	163	1.954432
2	4	164	7.607408
3	4	69	15.99136
4	4	135	21.647614
5	4	70	24.958633
6	4	165	35.861053
7	4	166	41.170696
8	4	1	37.578003
9	4	14	42.439926
10	4	12	46.024368
11	4	2	33.764065
12	4	22	17.926357
13	4	27	16.761971
14	4	3	14.976743
15	4	2	14.855692
16	4	75	16.975342
17	4	28	18.873083
18	4	3	21.526213
19	4	167	21.199236
20	4	67	19.295486
21	4	168	15.492971
22	4	169	9.270569
23	4	170	3.671993
24	4	171	6.163172
25	4	109	16.729113
26	4	172	30.943262
27	4	15	34.412083
28	4	173	27.107552
29	4	174	16.315401
30	4	175	6.366436
31	4	176	0.19696
32	4	177	0
33	4	104	0
34	4	178	0
35	4	5	0
36	4	2	0
37	4	75	0
38	4	39	0
39	4	39	0
40	4	1	0
41	4	14	0
42	4	14	0
43	4	30	0
44	4	179	0
45	4	180	0
46	4	180	0
47	4	181	0
48	4	119	0
49	4	144	4.568398
50	4	35	18.883982
51	4	145	31.775091
52	4	119	52.491215
53	4	36	77.907951
54	4	37	95.91993
55	4	51	92.10009
56	4	2	75.22937
57	4	182	55.362762
58	4	183	41.917393
59	4	184	24.284105
60	4	185	7.730419
61	4	3	0.42486
62	4	186	0
63	4	37	2.095523
64	4	187	5.590306
65	4	119	10.377016
66	4	35	15.614233
67	4	142	23.383825
68	4	142	30.723272
69	4	113	38.941441
70	4	188	49.712833
71	4	116	72.970413
72	4	13	88.679382
73	4	76	71.455711
74	4	0	44.029556
75	4	76	35.839588
76	4	9	26.734785
77	4	27	10.319522
78	4	189	0.098041
79	4	190	0
80	4	52	0
81	4	53	0
82	4	190	0
83	4	9	0
84	4	191	0
85	4	88	0
86	4	54	0
87	4	91	0
88	4	11	0
89	4	12	0
90	4	12	0
91	4	14	0
92	4	92	0
93	4	124	0
94	4	124	0
95	4	124	0
96	4	58	0
97	4	14	0
98	4	11	0.000061
99	4	14	0.004253
100	4	11	0.101772
101	4	11	1.024452
102	4	14	5.83028
103	4	11	10.445821
104	4	11	12.298828
105	4	153	10.616032
106	4	123	18.094423
107	4	56	17.988165
108	4	56	13.138506
109	4	123	7.830114
110	4	192	5.317487
111	4	193	0.46768
112	4	194	0.066447
113	4	195	0.096912
114	4	196	0.184297
115	4	195	0.120371
116	4	197	0.005537
117	4	10	0.004611
118	4	14	0.077615
119	4	93	0.010635
120	4	198	0.002701
121	4	199	0.000741
122	4	200	0.000083
123	4	64	0.000001
124	4	76	0
125	4	130	0
126	4	201	0
127	4	202	0
128	4	203	0
0	5	159	0
1	5	204	0.547524
2	5	205	6.798737
3	5	169	13.195169
4	5	206	12.352207
5	5	10	11.749404
6	5	14	15.645195
7	5	11	21.348404
8	5	14	20.571009
9	5	2	24.416952
10	5	22	22.959412
11	5	207	13.229124
12	5	208	7.206871
13	5	209	15.925525
14	5	75	19.260506
15	5	210	25.049368
16	5	211	31.016003
17	5	212	31.877291
18	5	213	27.770161
19	5	11	26.104874
20	5	29	24.108015
21	5	0	20.503305
22	5	76	11.673449
23	5	214	5.024071
24	5	215	4.199017
25	5	216	6.745187
26	5	173	11.907598
27	5	217	12.468439
28	5	26	9.579713
29	5	9	4.551939
30	5	218	3.077461
31	5	135	2.383364
32	5	102	1.346742
33	5	98	0.063561
34	5	219	0
35	5	75	0
36	5	28	0
37	5	21	0
38	5	3	0
39	5	2	0
40	5	3	0
41	5	12	0
42	5	186	0
43	5	220	0
44	5	221	0
45	5	221	0
46	5	222	0
47	5	35	0
48	5	119	0
49	5	144	11.179065
50	5	119	28.807001
51	5	36	49.620129
52	5	51	71.4814
53	5	11	97.807693
54	5	12	110.882141
55	5	29	108.128174
56	5	118	90.796684
57	5	78	68.666916
58	5	27	53.002403
59	5	22	31.190958
60	5	223	11.017606
61	5	116	0.809393
62	5	30	0
63	5	43	1.502387
64	5	119	4.81036
65	5	145	12.024764
66	5	119	20.124596
67	5	119	30.175617
68	5	144	41.715797
69	5	36	52.854439
70	5	51	63.202988
71	5	2	84.866409
72	5	22	108.222565
73	5	27	99.082146
74	5	22	72.816719
75	5	0	52.342052
76	5	76	35.906563
77	5	191	14.494021
78	5	224	0.912476
79	5	225	0
80	5	85	0
81	5	226	0.000073
82	5	149	0.0017
83	5	0	0.005515
84	5	227	0.007276
85	5	228	0.002232
86	5	58	0.000117
87	5	14	0.000037
88	5	92	0.000034
89	5	124	0.009368
90	5	124	0.04221
91	5	229	0.116937
92	5	152	0.109491
93	5	123	0.0476
94	5	56	0.019185
95	5	230	0.010422
96	5	11	0.005848
97	5	11	0.004438
98	5	11	0.008443
99	5	14	0.064146
100	5	11	0.587863
101	5	92	3.858257
102	5	124	15.108151
103	5	124	27.231636
104	5	229	35.17178
105	5	56	35.879639
106	5	123	31.419249
107	5	192	28.978167
108	5	231	20.48016
109	5	232	10.536094
110	5	127	6.936102
111	5	233	1.651205
112	5	234	0.887119
113	5	61	1.427222
114	5	235	3.610183
115	5	157	8.102177
116	5	1	8.002515
117	5	2	5.269031
118	5	21	0.776956
119	5	236	0.304304
120	5	237	0.169014
121	5	238	0.067155
122	5	60	0.015681
123	5	13	0.003161
124	5	239	0.000026
125	5	240	0
126	5	69	0
127	5	70	0
128	5	0	0
0	6	1	0
1	6	13	0.222138
2	6	39	5.435229
3	6	76	10.078861
4	6	10	8.503764
5	6	2	2.810671
6	6	3	0.741331
7	6	2	6.1778
8	6	22	8.743253
9	6	9	5.856912
10	6	241	3.75191
11	6	242	4.444382
12	6	243	9.397099
13	6	209	20.725851
14	6	244	31.62005
15	6	245	43.536701
16	6	246	49.66238
17	6	247	51.327278
18	6	248	44.663635
19	6	177	29.769466
20	6	249	24.745329
21	6	250	21.148203
22	6	39	15.120822
23	6	1	9.465093
24	6	19	6.972638
25	6	174	7.3273
26	6	251	7.979669
27	6	252	7.721783
28	6	97	6.021321
29	6	253	5.710062
30	6	133	5.343683
31	6	135	4.511744
32	6	136	3.300207
33	6	254	1.80591
34	6	7	0.108355
35	6	177	0
36	6	255	0
37	6	1	0
38	6	13	0
39	6	1	0
40	6	14	0
41	6	11	0
42	6	186	0
43	6	187	0
44	6	142	0
45	6	142	0
46	6	145	0
47	6	119	0
48	6	35	0.414963
49	6	36	17.70545
50	6	51	43.773113
51	6	15	67.434891
52	6	256	90.941719
53	6	257	113.53244
54	6	182	121.316101
55	6	112	113.789032
56	6	0	95.36499
57	6	76	75.663925
58	6	79	58.574478
59	6	114	32.88847
60	6	44	10.50164
61	6	258	0.397946
62	6	144	0
63	6	119	0.140395
64	6	36	3.094407
65	6	37	10.598533
66	6	187	22.389481
67	6	119	35.587376
68	6	146	49.452705
69	6	21	62.45591
70	6	22	68.542145
71	6	0	75.662178
72	6	39	94.518547
73	6	76	95.722252
74	6	27	70.02037
75	6	22	42.954704
76	6	9	21.052902
77	6	259	8.482819
78	6	124	0.137218
79	6	260	0.001883
80	6	53	0.023914
81	6	190	0.117033
82	6	10	0.291112
83	6	261	0.562284
84	6	84	0.612956
85	6	91	0.411036
86	6	14	0.101668
87	6	153	0.008546
88	6	152	0.139679
89	6	152	0.962603
90	6	123	2.610716
91	6	56	3.889426
92	6	152	3.350856
93	6	123	2.227336
94	6	230	1.148362
95	6	11	0.627631
96	6	11	0.370539
97	6	11	0.260286
98	6	92	0.20726
99	6	124	0.405066
100	6	229	1.904475
101	6	56	8.227488
102	6	123	24.918829
103	6	123	39.735531
104	6	56	49.999016
105	6	152	52.552757
106	6	262	37.329906
107	6	129	32.792374
108	6	93	22.903877
109	6	198	11.500114
110	6	263	7.25711
111	6	264	3.49688
112	6	265	6.214163
113	6	266	7.847937
114	6	28	16.103914
115	6	21	22.403519
116	6	22	18.835218
117	6	0	10.517471
118	6	267	5.653091
119	6	268	3.233399
120	6	238	1.798003
121	6	64	1.085105
122	6	2	0.720163
123	6	22	0.268314
124	6	162	0.028754
125	6	169	0
126	6	137	0
127	6	210	0
128	6	269	0
0	7	270	0
1	7	3	0
2	7	13	0.890427
3	7	1	3.315579
4	7	13	2.513506
5	7	1	0
6	7	6	0
7	7	103	0.577536
8	7	103	2.155384
9	7	203	3.004142
10	7	241	6.000016
11	7	242	11.436497
12	7	271	21.979815
13	7	272	36.477253
14	7	273	53.175289
15	7	102	57.418865
16	7	98	58.601727
17	7	136	59.696938
18	7	133	56.151009
19	7	274	45.966259
20	7	275	39.730843
21	7	256	34.585262
22	7	256	26.625748
23	7	173	16.711071
24	7	276	12.545872
25	7	277	14.983348
26	7	278	16.665316
27	7	98	16.684059
28	7	102	16.482765
29	7	98	8.832273
30	7	135	8.378182
31	7	102	7.27949
32	7	98	5.452678
33	7	136	3.552176
34	7	133	1.999478
35	7	99	0.906622
36	7	71	0.967924
37	7	21	0.670097
38	7	3	0.241334
39	7	2	0
40	7	3	0
41	7	11	0
42	7	279	0
43	7	181	0
44	7	142	0
45	7	35	0
46	7	144	0
47	7	142	0.195557
48	7	42	3.821582
49	7	280	25.061361
50	7	16	53.044655
51	7	281	80.332489
52	7	282	102.061493
53	7	118	122.927765
54	7	283	128.798752
55	7	1	120.425476
56	7	13	94.198799
57	7	284	75.446304
58	7	32	54.897999
59	7	42	26.834028
60	7	43	5.791493
61	7	119	0
62	7	119	0.622335
63	7	42	1.980408
64	7	116	2.28951
65	7	186	6.983479
66	7	37	18.891705
67	7	285	39.121471
68	7	286	59.773373
69	7	149	72.928734
70	7	10	75.236137
71	7	92	70.983391
72	7	287	72.368752
73	7	52	70.683289
74	7	288	50.542068
75	7	288	22.478634
76	7	150	6.09927
77	7	151	0.143516
78	7	88	0.021986
79	7	56	0.139166
80	7	289	0.64069
81	7	290	1.907311
82	7	153	3.304271
83	7	57	4.455704
84	7	58	5.558598
85	7	14	3.614689
86	7	153	1.257944
87	7	56	0.67931
88	7	56	1.483797
89	7	123	4.71581
90	7	152	10.499634
91	7	56	14.618923
92	7	152	14.311151
93	7	57	9.526627
94	7	124	6.42469
95	7	58	4.177574
96	7	92	2.845838
97	7	229	2.063037
98	7	152	1.5516
99	7	56	1.689541
100	7	123	3.781024
101	7	56	10.787602
102	7	56	26.243382
103	7	56	41.044369
104	7	152	52.044323
105	7	291	51.79414
106	7	292	37.922512
107	7	12	27.374447
108	7	13	17.170076
109	7	158	10.761439
110	7	198	7.113053
111	7	10	9.282204
112	7	2	10.201605
113	7	22	16.772226
114	7	9	30.89975
115	7	0	31.100916
116	7	28	28.695145
117	7	234	27.068388
118	7	293	16.632172
119	7	264	10.004101
120	7	200	6.474743
121	7	13	4.853328
122	7	39	4.444138
123	7	76	3.937088
124	7	207	0.895521
125	7	294	0
126	7	295	0
127	7	296	0
128	7	297	0
0	8	1	0
1	8	11	0
2	8	11	0
3	8	12	0
4	8	2	0
5	8	298	0
6	8	69	0
7	8	69	1.168301
8	8	70	4.094479
9	8	9	7.733607
10	8	241	12.923474
11	8	299	25.229822
12	8	300	37.569462
13	8	301	48.563305
14	8	302	66.780579
15	8	169	71.62825
16	8	303	65.714043
17	8	304	64.463356
18	8	305	63.658691
19	8	306	65.675331
20	8	281	55.235607
21	8	174	47.89222
22	8	215	38.854755
23	8	281	29.040419
24	8	140	21.042749
25	8	307	23.079502
26	8	308	25.038258
27	8	309	24.046011
28	8	69	25.079395
29	8	308	21.162106
30	8	310	17.110176
31	8	309	13.35911
32	8	102	10.408302
33	8	98	9.780863
34	8	69	8.49772
35	8	102	6.500995
36	8	103	5.389132
37	8	311	4.150795
38	8	13	2.599942
39	8	1	1.128047
40	8	12	0.144521
41	8	312	0
42	8	313	0
43	8	145	0
44	8	119	0
45	8	144	-0.001074
46	8	145	-0.475481
47	8	36	-0.297917
48	8	314	7.175294
49	8	315	25.117531
50	8	316	51.677711
51	8	317	78.908592
52	8	9	105.891228
53	8	27	128.708084
54	8	318	140.819626
55	8	116	121.025627
56	8	13	87.325638
57	8	40	60.264561
58	8	36	38.399418
59	8	187	17.062637
60	8	145	2.616729
61	8	142	6.076184
62	8	145	13.04878
63	8	42	17.07534
64	8	115	15.702139
65	8	116	14.424909
66	8	11	29.247944
67	8	125	51.883255
68	8	148	79.066353
69	8	319	92.058685
70	8	89	86.949394
71	8	320	74.225304
72	8	120	62.296265
73	8	54	52.525436
74	8	90	38.259521
75	8	148	17.481464
76	8	321	2.834586
77	8	225	0.322413
78	8	90	0.216971
79	8	55	1.062942
80	8	57	3.459055
81	8	229	6.933037
82	8	54	10.779868
83	8	91	12.25774
84	8	14	10.815492
85	8	153	7.589069
86	8	56	4.20655
87	8	123	2.529229
88	8	56	4.141021
89	8	152	9.546447
90	8	123	16.33466
91	8	152	21.199339
92	8	56	21.916054
93	8	123	19.533207
94	8	57	15.623927
95	8	229	12.362921
96	8	123	9.68705
97	8	152	7.409109
98	8	56	5.703613
99	8	54	5.074295
100	8	90	6.473437
101	8	55	11.378991
102	8	56	21.095377
103	8	56	34.528065
104	8	230	46.846478
105	8	14	48.288677
106	8	92	35.008621
107	8	124	17.013201
108	8	322	12.021828
109	8	22	12.347878
110	8	10	15.167434
111	8	29	15.676708
112	8	9	16.102673
113	8	9	18.561102
114	8	27	28.151987
115	8	22	32.601521
116	8	199	42.395748
117	8	200	34.912788
118	8	268	24.98167
119	8	199	17.676781
120	8	11	13.523095
121	8	11	12.185505
122	8	13	12.900011
123	8	323	13.657638
124	8	324	11.392485
125	8	22	0.111739
126	8	27	0
127	8	3	0
128	8	2	0
0	9	3	0
1	9	12	0
2	9	11	0
3	9	29	0
4	9	162	0
5	9	133	0.222829
6	9	136	1.493918
7	9	137	4.661935
8	9	76	8.324476
9	9	9	12.547637
10	9	325	21.241703
11	9	326	36.189259
12	9	327	45.377041
13	9	243	54.265572
14	9	328	69.593582
15	9	329	79.036324
16	9	330	74.64341
17	9	331	71.491737
18	9	332	74.534859
19	9	333	78.365692
20	9	334	73.605324
21	9	335	64.590828
22	9	336	52.469044
23	9	337	41.060986
24	9	338	33.448841
25	9	274	38.874622
26	9	338	51.594662
27	9	69	54.090961
28	9	274	50.536083
29	9	337	47.599586
30	9	339	39.44138
31	9	310	29.591061
32	9	309	24.363171
33	9	136	20.104427
34	9	133	17.6509
35	9	136	15.175263
36	9	170	12.923342
37	9	3	10.652966
38	9	14	7.528542
39	9	11	4.095684
40	9	340	1.536196
41	9	341	0.164538
42	9	181	0
43	9	342	-0.007781
44	9	181	-0.124212
45	9	342	-0.651966
46	9	343	-5.544783
47	9	143	-8.306185
48	9	284	-1.449774
49	9	46	17.403326
50	9	141	44.096737
51	9	141	74.468674
52	9	112	103.531044
53	9	344	123.954933
54	9	345	130.706726
55	9	115	113.611618
56	9	43	75.736305
57	9	44	44.526638
58	9	186	29.341148
59	9	187	18.280844
60	9	144	13.325966
61	9	145	22.137285
62	9	119	34.856583
63	9	36	41.051254
64	9	51	39.959282
65	9	11	47.73497
66	9	14	56.681244
67	9	153	68.678864
68	9	123	90.895569
69	9	230	105.396965
70	9	11	101.411613
71	9	153	79.719887
72	9	57	59.233913
73	9	58	44.968678
74	9	125	31.947702
75	9	346	14.875934
76	9	124	3.008883
77	9	124	0.633819
78	9	229	0.797229
79	9	54	3.234458
80	9	90	7.854006
81	9	346	13.508191
82	9	124	17.31406
83	9	58	17.957047
84	9	153	15.551403
85	9	56	11.339566
86	9	152	7.242785
87	9	123	5.119566
88	9	152	6.69576
89	9	56	11.810095
90	9	56	18.087721
91	9	123	22.971262
92	9	123	25.18391
93	9	56	25.071695
94	9	123	24.063168
95	9	54	22.741972
96	9	90	20.347109
97	9	90	16.611099
98	9	91	13.236606
99	9	14	11.540048
100	9	125	11.400867
101	9	55	13.051877
102	9	152	17.352278
103	9	230	25.92922
104	9	14	36.741409
105	9	153	37.410141
106	9	56	31.395285
107	9	289	22.486694
108	9	321	19.345572
109	9	1	24.704899
110	9	13	23.63983
111	9	39	20.951717
112	9	76	15.332528
113	9	0	14.698727
114	9	76	19.486296
115	9	0	25.261608
116	9	347	36.038731
117	9	348	31.950012
118	9	237	26.760738
119	9	12	22.975965
120	9	12	21.66927
121	9	12	22.419294
122	9	12	24.504646
123	9	29	25.950686
124	9	0	22.058342
125	9	39	7.582377
126	9	1	0
127	9	13	0
128	9	1	0
0	10	2	0
1	10	3	0
2	10	29	0
3	10	0	0
4	10	349	0.257592
5	10	137	1.765427
6	10	1	4.815412
7	10	29	8.624795
8	10	97	12.924392
9	10	350	17.423777
10	10	351	27.613609
11	10	352	42.422226
12	10	353	50.378754
13	10	354	56.83054
14	10	355	69.234917
15	10	300	82.801369
16	10	356	81.114334
17	10	357	75.765312
18	10	300	76.514046
19	10	358	86.042404
20	10	359	85.587799
21	10	360	80.86705
22	10	169	69.023834
23	10	133	55.248882
24	10	135	50.147232
25	10	308	64.260559
26	10	309	79.270638
27	10	135	87.763443
28	10	308	90.544212
29	10	361	78.695396
30	10	140	65.650681
31	10	307	55.105312
32	10	70	41.455719
33	10	218	33.348881
34	10	70	28.252783
35	10	9	24.716188
36	10	65	21.70854
37	10	362	18.567154
38	10	363	14.563303
39	10	116	9.699252
40	10	340	4.520801
41	10	364	1.200284
42	10	365	0.034951
43	10	366	-0.170637
44	10	367	-3.058906
45	10	368	-8.024864
46	10	369	-18.744701
47	10	370	-23.452349
48	10	371	-13.720828
49	10	187	6.769599
50	10	144	37.004642
51	10	372	68.467285
52	10	373	91.545944
53	10	374	104.291176
54	10	375	110.452599
55	10	145	97.893539
56	10	42	71.411041
57	10	116	48.17342
58	10	186	30.33902
59	10	187	28.144154
60	10	142	32.29763
61	10	35	43.272839
62	10	42	53.785454
63	10	116	56.807426
64	10	12	67.792587
65	10	12	91.45546
66	10	125	98.612785
67	10	90	85.809189
68	10	91	87.749588
69	10	12	99.292046
70	10	125	98.489792
71	10	90	78.64856
72	10	346	51.4743
73	10	58	34.426308
74	10	125	22.367409
75	10	90	9.243443
76	10	90	1.930456
77	10	90	0.479735
78	10	91	1.470431
79	10	92	5.635976
80	10	229	12.218821
81	10	54	18.731174
82	10	91	22.727648
83	10	153	23.18478
84	10	152	20.447153
85	10	123	15.787166
86	10	123	11.125919
87	10	123	8.365103
88	10	123	8.576683
89	10	54	11.667987
90	10	55	16.196241
91	10	123	20.470335
92	10	123	23.615479
93	10	54	26.328348
94	10	91	29.609695
95	10	11	32.557278
96	10	14	31.896893
97	10	92	27.688414
98	10	376	23.372656
99	10	377	20.498636
100	10	378	18.785345
101	10	379	17.154213
102	10	380	16.458271
103	10	12	19.422438
104	10	153	26.606422
105	10	152	30.579876
106	10	56	30.009224
107	10	230	29.362711
108	10	2	31.927271
109	10	3	35.813034
110	10	2	27.335123
111	10	22	14.84676
112	10	27	4.737911
113	10	22	-1.424185
114	10	381	1.127097
115	10	382	7.884367
116	10	347	18.1364
117	10	383	21.841389
118	10	11	23.670973
119	10	11	25.933149
120	10	12	29.301567
121	10	11	33.651585
122	10	13	38.156612
123	10	28	40.908588
124	10	21	38.258331
125	10	3	13.536082
126	10	2	0.093275
127	10	21	0
128	10	22	0
0	11	27	0
1	11	75	0
2	11	28	0
3	11	75	0
4	11	1	1.633267
5	11	2	4.853135
6	11	105	10.293801
7	11	98	15.461953
8	11	136	19.998045
9	11	303	23.404177
10	11	384	30.401073
11	11	243	45.583511
12	11	385	53.4809
13	11	386	59.76936
14	11	387	67.747009
15	11	327	77.906921
16	11	388	77.062462
17	11	389	71.26873
18	11	390	72.555145
19	11	391	83.97905
20	11	392	95.773979
21	11	103	94.01355
22	11	253	82.373886
23	11	133	72.282997
24	11	274	66.678925
25	11	339	83.503067
26	11	309	98.534966
27	11	274	107.948494
28	11	393	109.148804
29	11	140	98.534035
30	11	394	87.675781
31	11	395	74.439484
32	11	162	59.807144
33	11	206	46.486759
34	11	97	39.64954
35	11	253	34.517159
36	11	396	30.281507
37	11	397	26.455425
38	11	343	21.088781
39	11	115	15.431568
40	11	43	9.115337
41	11	342	4.019701
42	11	398	1.144562
43	11	313	-1.69216
44	11	113	-10.86892
45	11	188	-28.79813
46	11	399	-36.418682
47	11	20	-36.125404
48	11	258	-25.00308
49	11	36	-2.168698
50	11	400	28.36611
51	11	401	61.403511
52	11	402	80.664116
53	11	403	87.393715
54	11	119	89.265564
55	11	142	89.153183
56	11	42	81.229263
57	11	116	63.52866
58	11	258	46.346832
59	11	145	43.633186
60	11	119	55.584938
61	11	36	69.571663
62	11	51	66.780869
63	11	11	68.814583
64	11	92	93.480423
65	11	124	123.777771
66	11	124	129.692261
67	11	124	105.523102
68	11	124	85.506248
69	11	58	87.490746
70	11	92	85.45639
71	11	229	65.228706
72	11	57	38.339546
73	11	58	20.436012
74	11	92	10.276046
75	11	58	3.678292
76	11	14	-0.517288
77	11	14	-0.878889
78	11	125	1.224195
79	11	90	6.915368
80	11	91	14.956138
81	11	92	22.577663
82	11	229	27.454636
83	11	123	28.585365
84	11	152	26.287706
85	11	56	21.617964
86	11	123	16.396439
87	11	152	12.271266
88	11	57	10.249786
89	11	229	10.097603
90	11	123	11.579255
91	11	152	14.082999
92	11	230	17.508867
93	11	12	22.768602
94	11	11	31.293013
95	11	12	40.26767
96	11	153	42.810383
97	11	404	38.500648
98	11	405	33.034134
99	11	406	29.944473
100	11	407	26.471603
101	11	129	22.001772
102	11	14	17.039183
103	11	408	14.160032
104	11	193	18.336246
105	11	409	22.495453
106	11	57	24.457003
107	11	410	24.18305
108	11	1	19.546747
109	11	13	16.313591
110	11	39	8.839389
111	11	76	-8.251092
112	11	9	-20.984491
113	11	199	-22.975197
114	11	233	-19.664705
115	11	22	-12.373515
116	11	0	-2.813601
117	11	11	8.24997
118	11	411	17.759825
119	11	213	26.62991
120	11	411	35.392601
121	11	269	43.947708
122	11	412	51.356422
123	11	328	55.727905
124	11	212	52.360317
125	11	412	28.909296
126	11	328	1.40696
127	11	9	0.008982
128	11	9	0
0	12	10	0
1	12	13	0
2	12	28	0
3	12	21	1.197889
4	12	22	4.90132
5	12	162	11.870958
6	12	133	20.478018
7	12	413	27.833797
8	12	414	32.859512
9	12	415	35.045921
10	12	416	35.406067
11	12	417	43.71022
12	12	325	54.451214
13	12	326	61.880699
14	12	300	69.830833
15	12	415	70.598763
16	12	415	64.524742
17	12	330	64.374748
18	12	418	74.831474
19	12	419	92.963173
20	12	69	106.298759
21	12	70	103.707962
22	12	218	93.908607
23	12	69	83.305061
24	12	420	81.22567
25	12	307	88.990982
26	12	69	102.16291
27	12	420	112.983299
28	12	421	113.810265
29	12	393	107.266403
30	12	282	99.637123
31	12	97	87.350143
32	12	203	73.170296
33	12	422	57.799267
34	12	395	50.863068
35	12	423	43.736088
36	12	387	38.558163
37	12	424	33.599865
38	12	187	26.860123
39	12	144	20.365009
40	12	425	14.08862
41	12	426	7.017495
42	12	222	0.559997
43	12	142	-7.060433
44	12	144	-20.783279
45	12	427	-36.943253
46	12	216	-46.962269
47	12	428	-45.350185
48	12	429	-33.466442
49	12	19	-11.880547
50	12	217	17.433228
51	12	430	48.030666
52	12	431	71.198822
53	12	145	79.496307
54	12	144	82.115463
55	12	36	87.892204
56	12	51	90.493332
57	12	186	76.582489
58	12	37	57.029324
59	12	37	56.282467
60	12	51	77.074158
61	12	14	94.281464
62	12	92	86.035507
63	12	229	87.898445
64	12	54	114.241051
65	12	90	142.443466
66	12	55	139.078339
67	12	56	114.598915
68	12	230	92.210899
69	12	153	85.327843
70	12	56	72.662827
71	12	54	43.263508
72	12	346	12.606227
73	12	89	-6.53986
74	12	91	-13.849785
75	12	14	-14.234765
76	12	12	-8.473053
77	12	11	-4.969326
78	12	14	-1.135725
79	12	92	6.098775
80	12	229	15.524435
81	12	56	24.631016
82	12	56	31.142569
83	12	152	34.091629
84	12	152	32.874573
85	12	123	28.361185
86	12	152	21.84864
87	12	123	15.723206
88	12	56	11.18425
89	12	123	7.802717
90	12	54	5.119617
91	12	432	5.076771
92	12	433	7.673221
93	12	434	14.858258
94	12	62	28.672918
95	12	435	45.199871
96	12	436	51.072353
97	12	437	45.403797
98	12	438	39.57383
99	12	439	34.373127
100	12	440	31.345821
101	12	14	25.739721
102	12	93	16.686817
103	12	95	8.690336
104	12	441	6.667885
105	12	123	7.393415
106	12	57	-5.206955
107	12	124	-10.627178
108	12	58	-16.439962
109	12	14	-23.330956
110	12	13	-32.221527
111	12	442	-46.505268
112	12	237	-51.108131
113	12	9	-49.997402
114	12	9	-44.351467
115	12	10	-35.424633
116	12	269	-22.504856
117	12	443	-6.342013
118	12	444	9.840764
119	12	445	24.739098
120	12	446	38.492287
121	12	446	50.7962
122	12	243	60.512806
123	12	384	64.904732
124	12	447	59.31543
125	12	448	37.758553
126	12	328	3.586545
127	12	9	0.069033
128	12	10	0
0	13	2	0
1	13	449	0
2	13	208	0.483108
3	13	450	3.434602
4	13	451	13.317222
5	13	452	24.743814
6	13	453	36.642796
7	13	330	45.161926
8	13	326	49.75634
9	13	327	50.048588
10	13	454	47.798744
11	13	455	42.483078
12	13	456	46.75309
13	13	326	55.893169
14	13	457	64.735413
15	13	457	63.107159
16	13	300	61.013805
17	13	458	67.443985
18	13	459	85.861717
19	13	460	103.980461
20	13	461	116.863319
21	13	462	117.779037
22	13	308	113.047241
23	13	361	95.447098
24	13	394	84.70298
25	13	310	84.43161
26	13	463	96.731415
27	13	464	104.098656
28	13	465	105.755089
29	13	466	104.740211
30	13	162	100.804474
31	13	206	92.503975
32	13	23	75.580078
33	13	278	64.696968
34	13	467	59.948105
35	13	468	53.385334
36	13	469	46.460854
37	13	279	39.200706
38	13	181	31.234529
39	13	365	24.466084
40	13	222	17.584711
41	13	119	6.11811
42	13	470	-6.646599
43	13	471	-18.497463
44	13	472	-29.458733
45	13	473	-42.32769
46	13	474	-50.550781
47	13	475	-50.545506
48	13	173	-41.154175
49	13	475	-21.896572
50	13	476	3.469612
51	13	119	30.278351
52	13	36	51.410137
53	13	37	65.304077
54	13	51	73.716438
55	13	30	85.812996
56	13	116	89.972412
57	13	12	73.054619
58	13	11	58.271252
59	13	30	59.324924
60	13	116	85.339874
61	13	125	105.283646
62	13	90	103.853348
63	13	432	104.763054
64	13	477	124.927277
65	13	125	142.686661
66	13	90	133.086395
67	13	91	109.595108
68	13	153	94.137833
69	13	54	80.943741
70	13	91	55.537773
71	13	125	8.960569
72	13	91	-20.167181
73	13	12	-38.139874
74	13	14	-44.359528
75	13	12	-39.270424
76	13	14	-27.494606
77	13	11	-14.598044
78	13	153	-6.030365
79	13	123	2.552312
80	13	152	13.583899
81	13	56	23.444725
82	13	152	32.108746
83	13	123	37.974754
84	13	152	38.631519
85	13	123	33.619709
86	13	123	24.965858
87	13	54	15.14297
88	13	90	8.080004
89	13	432	2.745242
90	13	478	-2.540309
91	13	479	-6.277136
92	13	480	-4.219845
93	13	94	5.004156
94	13	95	24.556601
95	13	481	47.148346
96	13	482	52.685806
97	13	483	47.550358
98	13	484	33.390244
99	13	230	30.927103
100	13	14	30.656811
101	13	14	24.607613
102	13	93	10.667336
103	13	485	1.674292
104	13	409	-8.976407
105	13	152	-26.476042
106	13	56	-42.085571
107	13	57	-52.880684
108	13	124	-59.029892
109	13	486	-66.594955
110	13	63	-73.904549
111	13	487	-78.348923
112	13	76	-78.615082
113	13	0	-74.935234
114	13	1	-68.492058
115	13	415	-58.850983
116	13	488	-42.556408
117	13	445	-21.759096
118	13	353	-0.367281
119	13	242	19.37797
120	13	447	36.889126
121	13	489	51.516663
122	13	489	61.694206
123	13	490	64.162254
124	13	491	54.305222
125	13	448	33.715755
126	13	208	4.663895
127	13	209	0.165369
128	13	22	0
0	14	492	0
1	14	493	0
2	14	494	2.434828
3	14	300	12.685877
4	14	415	28.072895
5	14	494	44.152718
6	14	327	59.654751
7	14	388	68.995544
8	14	390	70.845108
9	14	358	68.18708
10	14	495	60.817616
11	14	496	55.58176
12	14	497	54.426788
13	14	498	62.070446
14	14	499	69.482346
15	14	500	69.471802
16	14	419	67.284546
17	14	102	78.321602
18	14	501	92.022865
19	14	393	112.332458
20	14	307	128.150146
21	14	502	144.25737
22	14	503	131.096725
23	14	140	110.72364
24	14	174	90.155991
25	14	504	74.068909
26	14	206	75.465256
27	14	162	81.506691
28	14	137	85.129852
29	14	505	90.451691
30	14	506	94.96199
31	14	277	88.159935
32	14	507	75.003159
33	14	508	69.254326
34	14	509	65.549744
35	14	510	60.033352
36	14	511	51.096031
37	14	397	41.768898
38	14	512	33.692837
39	14	513	26.53409
40	14	514	17.180193
41	14	402	-0.258828
42	14	515	-26.902405
43	14	516	-33.658447
44	14	517	-40.404549
45	14	400	-46.986771
46	14	518	-51.843021
47	14	519	-52.705856
48	14	430	-47.295654
49	14	431	-32.980301
50	14	145	-12.465143
51	14	42	8.516674
52	14	116	27.09322
53	14	30	42.241173
54	14	520	57.004787
55	14	521	72.804558
56	14	14	77.771889
57	14	14	65.574699
58	14	186	61.898979
59	14	51	63.199429
60	14	12	84.314194
61	14	11	108.584999
62	14	522	115.021744
63	14	523	122.868744
64	14	524	136.923157
65	14	433	137.58432
66	14	525	116.671585
67	14	526	95.50058
68	14	527	87.679199
69	14	116	69.984703
70	14	14	34.26725
71	14	11	-17.141747
72	14	11	-48.334515
73	14	12	-65.775223
74	14	12	-70.530617
75	14	14	-64.368355
76	14	14	-48.558304
77	14	125	-29.346037
78	14	90	-13.55759
79	14	90	-3.496954
80	14	90	7.538808
81	14	90	17.509485
82	14	90	26.437752
83	14	55	37.407173
84	14	152	37.93449
85	14	123	31.304611
86	14	230	20.935204
87	14	528	6.722382
88	14	529	-2.285172
89	14	530	-7.502708
90	14	521	-14.050367
91	14	531	-19.732988
92	14	62	-16.630875
93	14	63	-7.365396
94	14	61	23.914112
95	14	532	47.850311
96	14	533	48.410007
97	14	90	39.538776
98	14	91	21.58008
99	14	2	21.341858
100	14	3	19.855129
101	14	12	12.993307
102	14	59	0.51783
103	14	534	-16.184122
104	14	193	-37.590832
105	14	409	-58.89542
106	14	56	-76.283981
107	14	192	-89.140884
108	14	535	-97.996849
109	14	60	-102.193077
110	14	536	-103.882668
111	14	75	-102.665413
112	14	1	-98.739204
113	14	531	-93.509056
114	14	389	-87.163277
115	14	390	-78.515556
116	14	416	-62.331367
117	14	537	-39.016674
118	14	538	-14.102281
119	14	490	9.208203
120	14	539	28.994221
121	14	540	43.973087
122	14	541	52.26564
123	14	542	51.312981
124	14	543	39.847614
125	14	446	18.686939
126	14	243	4.011095
127	14	450	0.196621
128	14	544	0
0	15	330	0
1	15	545	1.136506
2	15	546	14.595432
3	15	457	29.667824
4	15	457	46.253162
5	15	327	61.091511
6	15	493	73.048248
7	15	494	88.147942
8	15	327	89.943741
9	15	547	85.620033
10	15	140	74.091423
11	15	276	70.101006
12	15	548	70.592949
13	15	549	73.006645
14	15	550	76.662102
15	15	551	75.867607
16	15	69	77.205147
17	15	308	85.64859
18	15	463	99.523796
19	15	338	113.049225
20	15	552	130.874496
21	15	277	146.136444
22	15	140	147.465942
23	15	276	119.001839
24	15	553	88.209694
25	15	255	65.977684
26	15	39	57.200165
27	15	1	58.180439
28	15	554	59.596954
29	15	361	73.51429
30	15	217	80.387329
31	15	555	82.165054
32	15	556	81.1903
33	15	140	70.845352
34	15	557	65.821373
35	15	558	59.459339
36	15	559	50.420902
37	15	560	41.535976
38	15	561	34.099365
39	15	562	24.473436
40	15	281	8.886486
41	15	557	-24.014751
42	15	563	-38.368149
43	15	564	-44.898693
44	15	565	-47.9063
45	15	566	-50.239853
46	15	472	-51.954098
47	15	567	-52.810009
48	15	187	-51.020756
49	15	142	-42.956635
50	15	35	-29.570604
51	15	42	-14.053329
52	15	43	-0.527556
53	15	568	10.274459
54	15	569	19.986372
55	15	12	32.434639
56	15	11	49.258247
57	15	11	61.069168
58	15	12	66.930527
59	15	11	73.101151
60	15	11	87.568619
61	15	570	105.813843
62	15	482	120.651451
63	15	571	136.33577
64	15	572	153.88945
65	15	568	154.951172
66	15	572	130.478683
67	15	144	102.010735
68	15	42	93.930145
69	15	115	66.638382
70	15	116	-0.305277
71	15	14	-40.543301
72	15	11	-75.109894
73	15	14	-89.123627
74	15	12	-92.677261
75	15	11	-84.527267
76	15	11	-67.548203
77	15	14	-45.401161
78	15	14	-25.315813
79	15	12	-11.205237
80	15	14	-2.927203
81	15	14	7.448359
82	15	125	9.165895
83	15	90	23.048023
84	15	90	22.677149
85	15	573	16.83321
86	15	574	4.342013
87	15	575	-10.395716
88	15	529	-19.271122
89	15	576	-24.456972
90	15	59	-31.30582
91	15	96	-31.940643
92	15	94	-26.416498
93	15	94	0.269887
94	15	292	23.346031
95	15	14	37.998928
96	15	11	37.232094
97	15	2	25.009846
98	15	75	9.38251
99	15	1	3.995388
100	15	531	1.101459
101	15	63	-5.12537
102	15	96	-21.00679
103	15	94	-44.270378
104	15	485	-68.866096
105	15	193	-90.741264
106	15	577	-108.095146
107	15	578	-119.397118
108	15	94	-125.052216
109	15	579	-125.064743
110	15	580	-122.386139
111	15	62	-117.638
112	15	63	-111.764771
113	15	415	-105.889694
114	15	494	-100.256104
115	15	581	-93.760635
116	15	582	-80.800316
117	15	583	-58.305771
118	15	540	-31.616138
119	15	584	-6.179585
120	15	585	14.744079
121	15	586	29.10261
122	15	587	35.660061
123	15	300	33.548714
124	15	416	22.787098
125	15	493	9.80598
126	15	588	2.189524
127	15	589	0.153562
128	15	590	0
0	16	591	0
1	16	592	9.187144
2	16	593	25.414362
3	16	326	35.710197
4	16	300	54.339363
5	16	494	71.121346
6	16	594	86.662315
7	16	595	102.10936
8	16	596	106.72081
9	16	597	103.178017
10	16	598	90.63121
11	16	599	82.32563
12	16	600	83.751053
13	16	601	83.512726
14	16	602	82.501709
15	16	310	80.112854
16	16	361	76.566963
17	16	307	81.131302
18	16	308	92.661186
19	16	361	103.434608
20	16	421	125.777817
21	16	603	143.077774
22	16	604	142.251526
23	16	339	125.920044
24	16	605	94.882118
25	16	5	56.836678
26	16	15	48.272156
27	16	606	51.893871
28	16	604	59.383202
29	16	275	70.442764
30	16	561	77.671982
31	16	562	81.094887
32	16	281	80.10778
33	16	140	73.794762
34	16	174	62.619076
35	16	251	54.384548
36	16	173	47.560081
37	16	518	39.163994
38	16	607	31.411049
39	16	19	18.73209
40	16	518	-6.804769
41	16	608	-28.741873
42	16	367	-43.090473
43	16	609	-46.843998
44	16	610	-48.376389
45	16	611	-50.142818
46	16	607	-51.201157
47	16	258	-50.737091
48	16	144	-50.83028
49	16	119	-49.444939
50	16	142	-43.222977
51	16	35	-34.768356
52	16	142	-26.402632
53	16	42	-21.651894
54	16	525	-19.797356
55	16	477	-11.162127
56	16	12	11.486077
57	16	11	42.438969
58	16	14	65.84922
59	16	14	90.064026
60	16	528	107.474304
61	16	612	117.303574
62	16	613	124.863899
63	16	142	141.816055
64	16	119	163.624771
65	16	614	173.846436
66	16	615	153.185303
67	16	142	123.363037
68	16	144	99.640671
69	16	44	71.503624
70	16	11	-14.72064
71	16	11	-61.15731
72	16	14	-98.958336
73	16	14	-109.426361
74	16	11	-108.321381
75	16	11	-99.592766
76	16	14	-82.947128
77	16	12	-61.752663
78	16	12	-40.738243
79	16	12	-23.722088
80	16	12	-12.558296
81	16	14	-12.352037
82	16	12	-16.045359
83	16	30	-11.801528
84	16	43	-2.098721
85	16	142	-8.021133
86	16	616	-20.895075
87	16	576	-36.169731
88	16	11	-42.922478
89	16	93	-45.931328
90	16	292	-46.39851
91	16	14	-42.492989
92	16	4	-25.784552
93	16	71	10.017496
94	16	178	30.109835
95	16	5	31.214626
96	16	29	21.775553
97	16	10	9.438948
98	16	12	0.330439
99	16	93	-6.408278
100	16	94	-11.193358
101	16	292	-24.777985
102	16	11	-47.001797
103	16	93	-72.684509
104	16	94	-97.635811
105	16	485	-118.064606
106	16	617	-132.232574
107	16	618	-138.705734
108	16	93	-139.841904
109	16	94	-137.519485
110	16	95	-132.546021
111	16	60	-125.950119
112	16	387	-119.116234
113	16	387	-113.306534
114	16	619	-108.973732
115	16	620	-105.030334
116	16	621	-96.986626
117	16	622	-78.205551
118	16	623	-51.430843
119	16	623	-24.146332
120	16	623	-1.713106
121	16	624	13.450729
122	16	625	20.2876
123	16	626	19.08742
124	16	588	12.543037
125	16	627	5.281773
126	16	628	1.066127
127	16	629	0.083301
128	16	630	0
0	17	623	0
1	17	631	14.002569
2	17	632	26.202469
3	17	387	37.045078
4	17	387	53.616425
5	17	327	73.793495
6	17	454	96.848297
7	17	633	112.409218
8	17	634	118.600334
9	17	635	116.812943
10	17	636	103.74881
11	17	637	90.917297
12	17	98	92.179817
13	17	274	91.757652
14	17	393	88.15461
15	17	140	81.432091
16	17	394	73.150246
17	17	463	69.748161
18	17	337	75.676476
19	17	338	91.027313
20	17	70	114.143005
21	17	162	135.14267
22	17	465	132.090363
23	17	339	118.031555
24	17	638	95.763496
25	17	173	55.960934
26	17	276	48.825504
27	17	639	55.371941
28	17	361	64.39669
29	17	174	77.79705
30	17	74	76.916473
31	17	640	80.057602
32	17	174	77.669449
33	17	641	68.238968
34	17	277	59.890652
35	17	217	57.278797
36	17	642	48.879421
37	17	51	35.204102
38	17	72	28.399715
39	17	643	15.734184
40	17	644	-4.153738
41	17	397	-25.309332
42	17	343	-38.253189
43	17	43	-45.934048
44	17	145	-47.677998
45	17	42	-49.313538
46	17	43	-50.393932
47	17	35	-49.423546
48	17	119	-48.000511
49	17	119	-50.690697
50	17	145	-51.797932
51	17	142	-48.813473
52	17	614	-44.741905
53	17	645	-43.920086
54	17	646	-47.302792
55	17	115	-42.577229
56	17	434	-18.107243
57	17	62	15.138172
58	17	618	49.431744
59	17	570	88.289932
60	17	647	120.105354
61	17	648	134.185623
62	17	649	136.590378
63	17	615	148.745911
64	17	568	166.470764
65	17	572	171.42186
66	17	36	157.593048
67	17	37	126.370865
68	17	51	103.105148
69	17	12	78.121956
70	17	14	29.221554
71	17	14	-64.026505
72	17	11	-111.878082
73	17	12	-114.703117
74	17	12	-115.460838
75	17	14	-109.211586
76	17	11	-95.585167
77	17	11	-77.31604
78	17	11	-58.292793
79	17	11	-41.665741
80	17	14	-34.640347
81	17	12	-32.352184
82	17	186	-30.782295
83	17	187	-34.469078
84	17	36	-33.976486
85	17	650	-36.766163
86	17	477	-47.217381
87	17	14	-52.497047
88	17	14	-54.684498
89	17	4	-55.080132
90	17	71	-54.471596
91	17	651	-48.628239
92	17	254	-22.56909
93	17	253	5.712388
94	17	652	26.574759
95	17	8	28.564882
96	17	10	3.620238
97	17	11	-9.64496
98	17	14	-10.600616
99	17	2	-15.624022
100	17	178	-28.515545
101	17	5	-49.535412
102	17	14	-75.52224
103	17	12	-101.643791
104	17	653	-124.217056
105	17	654	-139.555374
106	17	440	-146.805283
107	17	531	-148.142181
108	17	62	-146.844757
109	17	63	-143.491165
110	17	60	-137.798828
111	17	387	-130.513733
112	17	594	-123.297043
113	17	655	-117.851959
114	17	656	-114.963066
115	17	657	-113.508575
116	17	658	-109.431297
117	17	659	-95.366051
118	17	660	-69.066116
119	17	661	-39.2477
120	17	662	-13.6661
121	17	539	3.938626
122	17	663	12.343466
123	17	664	12.781657
124	17	540	8.614555
125	17	665	3.788859
126	17	666	0.739636
127	17	591	0.052013
128	17	667	0
0	18	668	0
1	18	669	16.732117
2	18	389	28.939751
3	18	389	40.509537
4	18	655	52.491138
5	18	670	75.530334
6	18	671	104.568527
7	18	672	114.433342
8	18	174	119.26722
9	18	673	118.943977
10	18	674	107.245476
11	18	308	91.136101
12	18	309	90.722618
13	18	274	91.003632
14	18	393	85.668991
15	18	421	80.68824
16	18	338	71.919823
17	18	308	64.405983
18	18	310	65.86097
19	18	675	76.212921
20	18	203	94.607727
21	18	162	117.425713
22	18	676	120.631004
23	18	215	108.465591
24	18	281	87.831306
25	18	217	62.590725
26	18	17	54.224327
27	18	281	61.189899
28	18	276	69.920837
29	18	677	81.306801
30	18	678	86.583344
31	18	26	78.859093
32	18	679	74.330986
33	18	680	62.582035
34	18	681	59.857315
35	18	115	54.357937
36	18	116	46.178654
37	18	2	40.39896
38	18	640	27.140209
39	18	682	18.450785
40	18	221	4.207494
41	18	222	-12.229235
42	18	35	-27.573578
43	18	683	-40.955818
44	18	684	-46.366211
45	18	683	-48.858398
46	18	684	-49.211308
47	18	35	-48.159569
48	18	35	-47.987118
49	18	35	-49.751297
50	18	614	-53.465424
51	18	437	-54.225365
52	18	685	-50.183674
53	18	615	-48.848408
54	18	686	-50.657242
55	18	687	-51.560806
56	18	95	-40.414936
57	18	129	-21.130655
58	18	14	14.905231
59	18	93	77.735466
60	18	688	120.028168
61	18	689	145.51001
62	18	648	156.752289
63	18	690	161.150574
64	18	37	172.973434
65	18	51	182.348679
66	18	12	168.035583
67	18	30	133.654297
68	18	116	91.85743
69	18	11	37.14204
70	18	12	1.308225
71	18	11	-69.6362
72	18	11	-114.102074
73	18	531	-125.191284
74	18	62	-121.182076
75	18	618	-115.70919
76	18	11	-105.408142
77	18	528	-90.700943
78	18	477	-74.603653
79	18	11	-62.501373
80	18	11	-59.014179
81	18	528	-54.674973
82	18	691	-49.742729
83	18	692	-47.358387
84	18	529	-51.902344
85	18	576	-54.986897
86	18	11	-54.977306
87	18	12	-55.673389
88	18	68	-56.534557
89	18	70	-57.287365
90	18	97	-56.813351
91	18	98	-50.338821
92	18	102	-30.57663
93	18	98	-9.470695
94	18	102	2.750832
95	18	7	3.111712
96	18	5	-14.082755
97	18	4	-26.108671
98	18	8	-30.622328
99	18	162	-32.697269
100	18	652	-49.645973
101	18	5	-73.153008
102	18	12	-99.316109
103	18	153	-124.064003
104	18	152	-141.054459
105	18	693	-149.720963
106	18	63	-152.954254
107	18	60	-153.018402
108	18	64	-150.465408
109	18	96	-146.988403
110	18	326	-141.190659
111	18	327	-133.660919
112	18	446	-126.216858
113	18	694	-121.22966
114	18	695	-119.973381
115	18	696	-120.625771
116	18	697	-118.27282
117	18	698	-106.70533
118	18	208	-80.228836
119	18	699	-47.416763
120	18	700	-17.740875
121	18	701	2.870176
122	18	702	12.661435
123	18	585	13.452046
124	18	703	9.109363
125	18	704	4.043609
126	18	667	0.761578
127	18	705	0.060126
128	18	706	0
0	19	703	0
1	19	707	17.458601
2	19	708	27.182743
3	19	709	34.896343
4	19	710	43.12067
5	19	501	74.042152
6	19	603	99.179344
7	19	317	101.587723
8	19	9	107.068565
9	19	218	107.947556
10	19	420	104.053719
11	19	394	86.501282
12	19	310	77.653725
13	19	361	77.321487
14	19	307	74.099449
15	19	308	73.586372
16	19	463	65.003929
17	19	337	56.447979
18	19	339	55.800743
19	19	395	60.654465
20	19	97	73.758972
21	19	103	98.934868
22	19	7	108.981346
23	19	711	100.743065
24	19	251	81.103462
25	19	256	63.104191
26	19	173	59.297447
27	19	217	65.392906
28	19	281	74.039658
29	19	475	79.033775
30	19	109	80.116455
31	19	712	69.7285
32	19	713	64.930244
33	19	431	65.93708
34	19	144	61.635376
35	19	44	56.182499
36	19	29	50.081249
37	19	714	37.362572
38	19	431	26.470497
39	19	35	22.218151
40	19	145	14.065085
41	19	683	2.983151
42	19	715	-13.795131
43	19	716	-29.859592
44	19	717	-40.17078
45	19	718	-44.875824
46	19	145	-45.067028
47	19	145	-43.831738
48	19	36	-43.602962
49	19	719	-46.649879
50	19	482	-51.154385
51	19	720	-53.031532
52	19	721	-45.760933
53	19	722	-32.957001
54	19	723	-41.015518
55	19	63	-48.829945
56	19	129	-50.179585
57	19	14	-41.08905
58	19	11	-11.756064
59	19	59	47.249935
60	19	64	122.230598
61	19	724	157.713989
62	19	725	173.122147
63	19	14	175.975632
64	19	11	195.62941
65	19	12	210.130173
66	19	258	193.466553
67	19	42	132.090179
68	19	116	36.948341
69	19	30	-22.748693
70	19	115	-67.160957
71	19	115	-105.246811
72	19	726	-136.318741
73	19	64	-142.327728
74	19	129	-131.123367
75	19	528	-122.620506
76	19	612	-113.322861
77	19	523	-101.234261
78	19	524	-87.657776
79	19	524	-82.118408
80	19	529	-79.077751
81	19	482	-73.789619
82	19	720	-66.96492
83	19	576	-61.25547
84	19	12	-58.014832
85	19	11	-56.39394
86	19	2	-57.473465
87	19	651	-60.303833
88	19	254	-64.001167
89	19	98	-67.162682
90	19	135	-68.259628
91	19	69	-64.00975
92	19	135	-52.239674
93	19	69	-38.313461
94	19	69	-30.412025
95	19	219	-31.117052
96	19	651	-38.844711
97	19	254	-47.879646
98	19	103	-51.022442
99	19	253	-52.54567
100	19	727	-66.907356
101	19	12	-88.097198
102	19	153	-112.266235
103	19	123	-134.491913
104	19	154	-146.943695
105	19	155	-151.907959
106	19	64	-154.794815
107	19	64	-155.242935
108	19	129	-152.732162
109	19	388	-148.068268
110	19	655	-142.439392
111	19	353	-135.961578
112	19	728	-129.601532
113	19	9	-125.62043
114	19	9	-125.653564
115	19	9	-127.822327
116	19	492	-125.518242
117	19	447	-112.43573
118	19	490	-84.704948
119	19	729	-48.099602
120	19	730	-14.071493
121	19	623	9.009843
122	19	623	18.877022
123	19	631	18.400698
124	19	591	11.862724
125	19	731	4.919875
126	19	732	0.96245
127	19	668	0.076194
128	19	631	0
0	20	591	0
1	20	733	11.745305
2	20	734	20.144482
3	20	162	28.29455
4	20	735	38.549286
5	20	736	61.910408
6	20	97	80.64962
7	20	103	90.501587
8	20	737	99.75779
9	20	361	105.035065
10	20	140	96.865013
11	20	140	74.560005
12	20	140	68.589859
13	20	394	67.410042
14	20	361	66.836334
15	20	307	68.147896
16	20	135	64.427635
17	20	420	58.305397
18	20	276	54.517422
19	20	639	55.406895
20	20	309	59.906433
21	20	136	83.34716
22	20	254	93.567131
23	20	738	92.578972
24	20	140	76.239655
25	20	421	61.617046
26	20	739	61.463493
27	20	19	68.573753
28	20	217	77.199821
29	20	17	81.865379
30	20	740	81.523598
31	20	741	68.177872
32	20	375	64.724251
33	20	119	66.923912
34	20	42	67.198303
35	20	742	65.869499
36	20	743	60.464447
37	20	145	40.306602
38	20	142	26.792059
39	20	683	27.122862
40	20	715	25.783323
41	20	716	17.828356
42	20	717	3.030856
43	20	744	-15.562144
44	20	718	-27.836464
45	20	144	-35.325123
46	20	145	-35.760353
47	20	42	-33.347313
48	20	116	-33.9482
49	20	570	-38.194832
50	20	745	-44.491631
51	20	746	-46.450607
52	20	747	-39.366264
53	20	480	-24.026062
54	20	95	-14.769897
55	20	129	-36.485249
56	20	14	-46.445015
57	20	11	-44.895977
58	20	93	-16.191433
59	20	95	38.45322
60	20	96	133.758667
61	20	292	171.449814
62	20	14	180.129852
63	20	11	188.77269
64	20	30	200.992752
65	20	520	203.846573
66	20	649	175.046158
67	20	748	103.654129
68	20	520	-2.234347
69	20	649	-61.272861
70	20	690	-102.058487
71	20	749	-128.019302
72	20	60	-151.980942
73	20	129	-158.480713
74	20	570	-143.794357
75	20	750	-133.225464
76	20	751	-123.169426
77	20	752	-112.14756
78	20	753	-101.235672
79	20	754	-98.87336
80	20	570	-95.152077
81	20	755	-88.534264
82	20	477	-80.272301
83	20	14	-72.078697
84	20	14	-63.283875
85	20	13	-64.122948
86	20	39	-68.667435
87	20	138	-74.839828
88	20	136	-80.989281
89	20	169	-86.281258
90	20	756	-89.535866
91	20	101	-88.115807
92	20	69	-81.74826
93	20	136	-73.351227
94	20	254	-67.98996
95	20	103	-67.630806
96	20	757	-70.463097
97	20	101	-72.492012
98	20	102	-71.100685
99	20	7	-71.287003
100	20	5	-76.606674
101	20	153	-93.63559
102	20	123	-115.845917
103	20	123	-137.288116
104	20	291	-149.716995
105	20	94	-154.956863
106	20	95	-154.484787
107	20	129	-151.353531
108	20	446	-145.876541
109	20	353	-142.215469
110	20	758	-138.798157
111	20	328	-135.018692
112	20	9	-131.691315
113	20	9	-130.358002
114	20	9	-132.372208
115	20	492	-135.74765
116	20	759	-131.708588
117	20	583	-115.672417
118	20	760	-84.658638
119	20	761	-43.767143
120	20	762	-4.983987
121	20	763	19.81773
122	20	630	28.411659
123	20	623	24.536425
124	20	667	14.236545
125	20	764	5.21636
126	20	765	0.872631
127	20	623	0.071423
128	20	766	0
0	21	767	0
1	21	768	8
2	21	103	10.289881
3	21	769	14.461878
4	21	770	27.696222
5	21	422	51.287045
6	21	310	69.02948
7	21	361	76.499275
8	21	140	89.877625
9	21	140	96.074745
10	21	140	85.090851
11	21	598	69.116714
12	21	771	70.255478
13	21	604	71.887268
14	21	464	67.19899
15	21	460	67.782448
16	21	361	65.975235
17	21	174	61.679909
18	21	503	56.268082
19	21	307	50.766071
20	21	70	64.221855
21	21	162	73.147247
22	21	676	80.455299
23	21	175	80.863319
24	21	504	74.647774
25	21	772	65.443954
26	21	173	65.723495
27	21	475	73.296768
28	21	256	81.21859
29	21	428	84.695488
30	21	402	75.151436
31	21	403	67.125664
32	21	145	66.60083
33	21	35	67.333633
34	21	773	68.358047
35	21	774	67.699173
36	21	145	63.885082
37	21	683	46.99329
38	21	717	30.778019
39	21	718	32.452232
40	21	775	32.740314
41	21	776	27.721806
42	21	777	17.098389
43	21	716	2.777592
44	21	778	-12.595721
45	21	684	-20.738548
46	21	119	-22.330097
47	21	44	-20.790403
48	21	12	-21.516388
49	21	93	-25.877069
50	21	779	-31.391825
51	21	51	-38.768608
52	21	14	-34.438808
53	21	93	-18.39373
54	21	292	-13.174413
55	21	11	-18.380054
56	21	14	-40.222385
57	21	531	-31.654999
58	21	63	6.121112
59	21	61	58.552658
60	21	618	134.702621
61	21	11	167.448303
62	21	531	178.750671
63	21	780	198.708221
64	21	568	201.649872
65	21	753	175.261475
66	21	685	121.890945
67	21	437	38.571247
68	21	571	-31.583862
69	21	569	-89.558517
70	21	59	-112.894836
71	21	96	-135.308304
72	21	292	-154.54213
73	21	14	-163.680374
74	21	14	-156.793137
75	21	186	-146.012955
76	21	187	-135.400604
77	21	781	-124.540993
78	21	523	-116.965843
79	21	524	-115.11541
80	21	478	-110.797188
81	21	575	-104.669952
82	21	477	-97.82296
83	21	14	-88.518982
84	21	14	-83.657913
85	21	11	-86.775749
86	21	168	-95.015129
87	21	254	-104.291252
88	21	103	-112.649872
89	21	104	-118.911949
90	21	298	-122.031776
91	21	69	-121.102036
92	21	70	-116.454651
93	21	162	-110.713463
94	21	133	-106.442513
95	21	782	-104.362236
96	21	68	-103.273201
97	21	135	-100.463997
98	21	69	-94.009178
99	21	782	-84.518982
100	21	153	-85.823479
101	21	56	-97.955757
102	21	56	-116.970345
103	21	230	-138.998215
104	21	531	-152.585587
105	21	63	-153.114685
106	21	129	-148.557968
107	21	708	-139.469345
108	21	758	-134.087326
109	21	384	-132.619629
110	21	243	-131.805115
111	21	328	-130.875092
112	21	207	-130.612762
113	21	328	-132.093536
114	21	492	-135.364578
115	21	446	-138.152115
116	21	783	-133.764053
117	21	697	-116.862778
118	21	784	-82.893623
119	21	703	-37.938087
120	21	707	4.677241
121	21	591	30.868052
122	21	667	37.008675
123	21	764	27.824644
124	21	785	13.44427
125	21	732	3.928428
126	21	668	0.510795
127	21	786	0.042535
128	21	787	0
0	22	69	0
1	22	136	5.838248
2	22	206	8
3	22	9	9.959799
4	22	788	22.788952
5	22	393	41.631851
6	22	140	52.260384
7	22	140	62.739502
8	22	140	78.754776
9	22	140	90.528709
10	22	789	83.213089
11	22	790	72.164497
12	22	791	75.101952
13	22	254	74.023247
14	22	738	68.210709
15	22	174	65.544891
16	22	317	65.380119
17	22	214	62.507496
18	22	504	57.532852
19	22	206	54.566322
20	22	9	68.913383
21	22	9	75.391624
22	22	0	81.157806
23	22	505	84.287682
24	22	738	80.283737
25	22	140	72.204391
26	22	140	73.226563
27	22	217	77.22023
28	22	792	81.400879
29	22	793	80.942467
30	22	794	74.424026
31	22	35	64.935616
32	22	342	65.848206
33	22	795	67.758598
34	22	431	65.449593
35	22	119	62.103416
36	22	775	58.740665
37	22	776	45.441334
38	22	796	35.778027
39	22	717	37.327599
40	22	777	40.436974
41	22	716	41.197948
42	22	715	26.515974
43	22	797	15.569244
44	22	718	4.067403
45	22	36	-5.951752
46	22	798	-9.834726
47	22	62	-9.199821
48	22	618	-10.398955
49	22	531	-13.824847
50	22	618	-21.53466
51	22	12	-31.595064
52	22	12	-31.209492
53	22	11	-20.010149
54	22	11	-9.846334
55	22	11	-15.100924
56	22	59	-35.880726
57	22	64	-20.402557
58	22	96	24.70649
59	22	292	112.327408
60	22	531	150.979614
61	22	63	167.73259
62	22	799	191.527359
63	22	800	212.000778
64	22	801	213.490402
65	22	752	167.51506
66	22	802	96.593208
67	22	803	26.3127
68	22	51	-39.86285
69	22	93	-99.463684
70	22	292	-124.0298
71	22	92	-141.865829
72	22	486	-160.040344
73	22	62	-173.914963
74	22	618	-170.277176
75	22	804	-159.880951
76	22	437	-149.654541
77	22	571	-139.986084
78	22	752	-135.380707
79	22	805	-136.186386
80	22	437	-134.336624
81	22	523	-129.742249
82	22	477	-123.191063
83	22	14	-114.519028
84	22	12	-111.642502
85	22	6	-117.465919
86	22	757	-129.137619
87	22	806	-142.038132
88	22	166	-153.657043
89	22	349	-161.525772
90	22	169	-163.412506
91	22	206	-160.211319
92	22	9	-154.619827
93	22	162	-149.109329
94	22	727	-144.752045
95	22	167	-141.216003
96	22	806	-137.094177
97	22	806	-130.456451
98	22	67	-120.284973
99	22	153	-105.21505
100	22	152	-99.481491
101	22	123	-109.237991
102	22	230	-126.314522
103	22	93	-141.419296
104	22	95	-147.276093
105	22	129	-137.110214
106	22	807	-126.611183
107	22	808	-127.467293
108	22	242	-126.36235
109	22	446	-126.318787
110	22	243	-126.200912
111	22	384	-126.545746
112	22	809	-127.737793
113	22	808	-130.007919
114	22	709	-132.573486
115	22	728	-133.494202
116	22	810	-129.05925
117	22	811	-114.569847
118	22	666	-82.334068
119	22	629	-35.587162
120	22	630	9.248842
121	22	731	36.203468
122	22	812	37.442223
123	22	765	24.097786
124	22	731	8.052567
125	22	706	1.899134
126	22	660	0.208561
127	22	813	0.013632
128	22	814	0
0	23	102	0
1	23	203	1.654598
2	23	97	7.077859
3	23	98	10.583734
4	23	420	18.006224
5	23	140	28.400921
6	23	421	33.23267
7	23	337	44.492298
8	23	337	63.635536
9	23	815	77.046249
10	23	816	73.370796
11	23	817	73.772568
12	23	253	76.826714
13	23	676	73.004814
14	23	317	70.299957
15	23	97	67.823845
16	23	103	66.415466
17	23	103	63.877487
18	23	203	59.728531
19	23	9	55.252449
20	23	97	58.647717
21	23	311	74.033333
22	23	167	89.179436
23	23	818	92.486107
24	23	503	85.919044
25	23	140	78.381256
26	23	475	78.476799
27	23	109	81.001991
28	23	819	88.133224
29	23	820	91.666252
30	23	145	84.596458
31	23	425	74.270332
32	23	821	69.111092
33	23	375	64.789803
34	23	144	60.981419
35	23	822	57.538654
36	23	797	51.864597
37	23	776	41.199684
38	23	744	40.721519
39	23	718	52.164845
40	23	822	56.683189
41	23	716	51.808369
42	23	715	45.371948
43	23	823	27.124468
44	23	42	13.122211
45	23	824	4.701196
46	23	825	-1.319928
47	23	292	-2.29226
48	23	59	-3.028355
49	23	129	-6.579176
50	23	531	-15.989766
51	23	618	-26.801661
52	23	14	-29.907948
53	23	12	-20.900564
54	23	11	-13.105947
55	23	59	-24.756874
56	23	60	-33.01244
57	23	61	-1.348557
58	23	62	48.993565
59	23	63	144.79921
60	23	64	174.629257
61	23	61	178.202576
62	23	196	197.307068
63	23	826	240.974411
64	23	827	246.928329
65	23	51	183.748138
66	23	14	103.172867
67	23	12	35.595425
68	23	14	-35.393333
69	23	531	-101.381805
70	23	828	-149.211151
71	23	291	-171.237595
72	23	95	-184.666626
73	23	61	-193.253281
74	23	829	-186.238617
75	23	830	-176.167923
76	23	685	-166.653519
77	23	649	-157.304504
78	23	437	-158.212463
79	23	720	-164.615158
80	23	750	-164.776489
81	23	576	-159.983627
82	23	12	-154.974075
83	23	14	-148.891907
84	23	167	-149.851212
85	23	67	-157.746979
86	23	4	-170.390121
87	23	248	-185.922226
88	23	177	-198.968048
89	23	103	-206.217361
90	23	103	-206.39801
91	23	203	-200.777939
92	23	9	-193.652878
93	23	10	-187.591217
94	23	531	-182.99823
95	23	618	-178.613663
96	23	531	-172.665543
97	23	618	-163.55777
98	23	153	-150.614532
99	23	56	-136.285294
100	23	56	-130.500259
101	23	693	-139.260117
102	23	62	-152.646759
103	23	196	-160.686661
104	23	292	-151.042084
105	23	761	-131.630173
106	23	733	-120.176628
107	23	831	-125.28019
108	23	832	-126.411392
109	23	446	-124.228958
110	23	446	-123.471481
111	23	704	-123.669968
112	23	733	-124.788887
113	23	833	-126.429779
114	23	208	-127.657845
115	23	834	-127.165543
116	23	631	-122.921631
117	23	591	-111.080421
118	23	631	-84.877213
119	23	591	-40.470249
120	23	623	3.011279
121	23	731	32.017166
122	23	732	25.430357
123	23	668	8.443271
124	23	623	2.725537
125	23	733	0.541481
126	23	835	0.042325
127	23	836	0.001236
128	23	814	0
0	24	837	0
1	24	360	4.743376
2	24	460	13.818678
3	24	361	17.465878
4	24	140	20.410654
5	24	307	25.198753
6	24	308	23.458059
7	24	310	30.428667
8	24	361	48.646267
9	24	394	65.63266
10	24	310	69.473335
11	24	395	71.028542
12	24	9	76.681816
13	24	838	74.576385
14	24	639	75.04998
15	24	309	72.907692
16	24	69	71.570175
17	24	70	69.480873
18	24	838	65.726425
19	24	639	60.677555
20	24	605	55.787376
21	24	5	63.402649
22	24	370	83.567001
23	24	277	88.530258
24	24	140	84.314209
25	24	217	83.600052
26	24	281	79.936539
27	24	276	83.461128
28	24	839	88.352875
29	24	840	94.686203
30	24	841	95.29818
31	24	842	91.980965
32	24	403	84.941879
33	24	145	76.14576
34	24	142	60.209293
35	24	822	51.331848
36	24	797	38.910431
37	24	776	39.083439
38	24	796	47.990612
39	24	684	60.321384
40	24	775	59.782536
41	24	796	52.704235
42	24	684	45.964191
43	24	142	38.709042
44	24	616	15.125866
45	24	843	7.373554
46	24	434	0.342098
47	24	196	-0.151412
48	24	292	-0.501284
49	24	59	-3.14428
50	24	61	-10.992216
51	24	618	-21.601658
52	24	14	-28.057858
53	24	531	-25.250463
54	24	63	-23.289742
55	24	96	-35.41724
56	24	94	-22.771597
57	24	95	27.309364
58	24	60	143.305679
59	24	64	176.367661
60	24	64	183.282257
61	24	61	188.77095
62	24	196	196.511429
63	24	292	237.368576
64	24	11	260.553528
65	24	92	217.398026
66	24	58	143.060638
67	24	531	81.914314
68	24	63	-14.833815
69	24	441	-87.212204
70	24	693	-157.47699
71	24	63	-195.219513
72	24	60	-214.602905
73	24	64	-214.827301
74	24	724	-204.713455
75	24	844	-194.01973
76	24	845	-183.591049
77	24	846	-177.836212
78	24	754	-184.987335
79	24	14	-192.495712
80	24	11	-193.267532
81	24	11	-192.294388
82	24	11	-190.541016
83	24	12	-190.026611
84	24	2	-194.39003
85	24	651	-203.738281
86	24	133	-216.382278
87	24	69	-229.654388
88	24	136	-240.421799
89	24	169	-245.406082
90	24	206	-244.256744
91	24	0	-237.825089
92	24	1	-230.362701
93	24	93	-224.776642
94	24	195	-220.688766
95	24	63	-216.682205
96	24	61	-210.532715
97	24	847	-200.620743
98	24	55	-186.270859
99	24	192	-175.996704
100	24	535	-173.817276
101	24	60	-182.481171
102	24	61	-192.781754
103	24	62	-195.445999
104	24	623	-183.34053
105	24	623	-162.416855
106	24	762	-150.192215
107	24	666	-141.489273
108	24	848	-131.331909
109	24	849	-126.040199
110	24	850	-123.402451
111	24	630	-122.768318
112	24	631	-122.973251
113	24	848	-123.50943
114	24	591	-123.566383
115	24	623	-122.138924
116	24	623	-117.894722
117	24	623	-107.828629
118	24	623	-86.79628
119	24	623	-50.760529
120	24	623	-11.074776
121	24	731	7.86961
122	24	732	3.645482
123	24	668	1.246127
124	24	623	0.322093
125	24	733	0.099937
126	24	851	0.000382
127	24	852	0
128	24	853	0
0	25	770	0
1	25	23	14.690923
2	25	174	22.887941
3	25	503	24.36301
4	25	394	28.412973
5	25	361	32.134953
6	25	140	23.724304
7	25	140	23.998735
8	25	421	38.837551
9	25	393	53.651741
10	25	276	61.220669
11	25	553	67.983406
12	25	501	74.075661
13	25	393	74.516724
14	25	307	77.410789
15	25	135	76.378738
16	25	552	76.790184
17	25	854	75.517372
18	25	175	72.252243
19	25	855	68.736549
20	25	67	66.436905
21	25	856	69.798988
22	25	175	71.969139
23	25	503	70.142883
24	25	475	73.035294
25	25	173	73.221802
26	25	140	72.060448
27	25	140	80.224739
28	25	557	85.864014
29	25	857	97.061485
30	25	16	107.296631
31	25	858	115.757172
32	25	142	104.887436
33	25	142	90.328262
34	25	683	67.740044
35	25	717	42.929722
36	25	744	37.008869
37	25	744	44.920612
38	25	718	58.905193
39	25	822	69.230698
40	25	797	68.952263
41	25	718	58.74736
42	25	144	44.515774
43	25	44	36.968391
44	25	258	14.053941
45	25	859	6.44716
46	25	860	0.141246
47	25	618	0
48	25	93	0.033459
49	25	95	-0.561489
50	25	61	-4.71231
51	25	62	-15.102791
52	25	63	-25.989857
53	25	96	-31.66799
54	25	292	-38.663624
55	25	12	-41.783089
56	25	93	-22.216566
57	25	95	94.962067
58	25	64	168.750137
59	25	861	187.576996
60	25	578	179.325806
61	25	292	187.089294
62	25	11	198.224854
63	25	12	218.154251
64	25	125	243.499817
65	25	862	235.563873
66	25	234	187.2509
67	25	96	125.329742
68	25	863	16.339916
69	25	154	-60.620556
70	25	155	-136.455643
71	25	96	-188.829636
72	25	95	-216.942276
73	25	60	-230.374191
74	25	864	-223.680664
75	25	865	-213.342545
76	25	866	-203.636017
77	25	867	-201.554825
78	25	58	-208.248016
79	25	11	-215.314224
80	25	14	-218.52179
81	25	92	-220.875381
82	25	58	-222.748672
83	25	13	-226.150269
84	25	505	-233.598801
85	25	253	-244.217773
86	25	133	-255.745728
87	25	70	-265.971191
88	25	97	-272.945435
89	25	203	-275.749512
90	25	10	-273.983368
91	25	11	-268.364929
92	25	11	-262.308685
93	25	93	-258.996552
94	25	95	-257.183594
95	25	60	-254.384232
96	25	129	-249.660782
97	25	408	-239.393402
98	25	535	-224.414627
99	25	60	-215.900864
100	25	96	-214.332581
101	25	95	-221.575592
102	25	96	-229.763931
103	25	623	-231.24942
104	25	623	-223.377396
105	25	631	-208.075623
106	25	591	-191.350327
107	25	623	-164.997375
108	25	586	-142.599762
109	25	868	-131.698074
110	25	591	-127.461021
111	25	623	-124.775284
112	25	623	-123.12928
113	25	762	-122.164665
114	25	630	-121.174957
115	25	762	-119.313354
116	25	630	-115.209648
117	25	623	-106.260857
118	25	623	-88.140236
119	25	762	-57.584663
120	25	869	-23.362856
121	25	870	-6.616616
122	25	706	-1.442811
123	25	623	-0.237029
124	25	623	0.365238
125	25	623	0.021962
126	25	786	0.000157
127	25	871	0
128	25	838	0
0	26	277	0
1	26	276	21.375896
2	26	277	24.355799
3	26	140	33.023289
4	26	421	38.987106
5	26	393	39.693737
6	26	140	32.911716
7	26	394	26.622915
8	26	872	36.61552
9	26	597	43.508068
10	26	873	53.923595
11	26	874	64.962791
12	26	463	72.737679
13	26	338	76.701515
14	26	308	83.334648
15	26	463	86.823166
16	26	815	90.96106
17	26	677	91.560577
18	26	172	89.035301
19	26	2	85.602737
20	26	22	85.551849
21	26	9	77.449837
22	26	23	69.606552
23	26	875	67.275803
24	26	876	68.936455
25	26	877	67.000107
26	26	474	63.305443
27	26	875	74.837769
28	26	680	83.306908
29	26	515	96.081589
30	26	878	117.794891
31	26	181	126.8871
32	26	683	122.242645
33	26	717	104.255417
34	26	777	84.150635
35	26	797	58.701347
36	26	744	51.722076
37	26	718	63.593761
38	26	145	70.723007
39	26	775	75.633186
40	26	718	71.851997
41	26	683	62.287815
42	26	879	42.070084
43	26	43	24.604439
44	26	781	11.580369
45	26	438	4.797318
46	26	880	0.130723
47	26	531	0
48	26	63	0.044526
49	26	60	1.43638
50	26	60	0.649988
51	26	64	-8.037463
52	26	129	-21.870392
53	26	12	-36.126083
54	26	12	-45.354671
55	26	11	-44.281265
56	26	93	-22.940882
57	26	95	29.314287
58	26	441	116.268532
59	26	57	149.827576
60	26	58	168.942795
61	26	12	189.659698
62	26	92	203.07724
63	26	58	216.185883
64	26	29	235.379532
65	26	199	249.916687
66	26	881	235.908676
67	26	125	156.295258
68	26	55	48.410286
69	26	154	-39.279819
70	26	882	-108.042007
71	26	63	-167.936249
72	26	96	-200.533524
73	26	883	-231.18306
74	26	753	-238.44838
75	26	884	-231.564346
76	26	55	-223.800842
77	26	57	-219.682175
78	26	58	-222.944672
79	26	14	-228.543686
80	26	153	-235.299927
81	26	57	-240.865631
82	26	58	-245.250824
83	26	885	-251.876083
84	26	886	-262.503479
85	26	887	-274.813446
86	26	888	-285.226532
87	26	98	-292.562897
88	26	70	-295.554504
89	26	10	-296.912842
90	26	30	-296.597443
91	26	525	-291.891937
92	26	477	-289.03537
93	26	59	-289.891571
94	26	96	-291.550446
95	26	292	-290.571869
96	26	653	-285.003479
97	26	654	-274.729065
98	26	155	-259.375336
99	26	61	-247.892853
100	26	63	-246.113098
101	26	129	-252.328217
102	26	623	-257.486206
103	26	623	-258.099396
104	26	623	-252.813705
105	26	623	-241.789688
106	26	623	-222.601334
107	26	623	-193.718765
108	26	889	-161.741364
109	26	890	-149.30365
110	26	630	-138.826065
111	26	623	-131.947632
112	26	631	-126.766449
113	26	891	-123.34848
114	26	892	-121.089066
115	26	891	-119.028389
116	26	893	-114.881592
117	26	659	-105.326347
118	26	631	-86.1726
119	26	894	-54.946072
120	26	895	-21.017557
121	26	896	-0.94414
122	26	897	0.710242
123	26	623	0.625268
124	26	623	0.144224
125	26	766	0.006717
126	26	898	0
127	26	899	0
128	26	503	0
0	27	140	0
1	27	598	21.616716
2	27	900	30.025957
3	27	901	40
4	27	274	40
5	27	902	40
6	27	900	38.11739
7	27	903	34.37479
8	27	904	37.263271
9	27	905	38.342693
10	27	906	47.185471
11	27	907	59.20816
12	27	814	70.987679
13	27	274	84.520798
14	27	908	96.925537
15	27	909	108.341248
16	27	503	115.48922
17	27	475	115.889374
18	27	910	111.802917
19	27	203	107.78109
20	27	838	105.03743
21	27	277	91.082008
22	27	557	79.085701
23	27	563	75.734962
24	27	222	76.246399
25	27	911	74.798676
26	27	912	68.243271
27	27	913	75.101997
28	27	557	79.143959
29	27	558	89.417908
30	27	914	112.117432
31	27	915	130.808273
32	27	916	130.708267
33	27	917	117.235855
34	27	775	104.37632
35	27	776	89.382034
36	27	796	84.255119
37	27	778	83.384483
38	27	717	80.275208
39	27	718	75.474693
40	27	822	68.721916
41	27	823	57.071739
42	27	144	27.637224
43	27	781	14.554155
44	27	685	8.649085
45	27	918	2.783615
46	27	63	0
47	27	96	0
48	27	95	0.052891
49	27	60	3.551225
50	27	919	4.524166
51	27	880	-2.358101
52	27	531	-14.712649
53	27	618	-31.365648
54	27	531	-45.317448
55	27	62	-44.03804
56	27	196	-33.400505
57	27	863	-5.152592
58	27	54	35.254921
59	27	91	101.723801
60	27	92	167.728729
61	27	89	202.799667
62	27	91	219.95047
63	27	29	227.77713
64	27	9	235.20752
65	27	259	254.124283
66	27	124	257.302887
67	27	920	181.955353
68	27	193	68.606346
69	27	577	19.779139
70	27	155	-51.383568
71	27	129	-145.901077
72	27	186	-197.36763
73	27	719	-224.639893
74	27	576	-242.650375
75	27	153	-243.741241
76	27	152	-238.243378
77	27	230	-227.616287
78	27	92	-223.201141
79	27	229	-232.467331
80	27	54	-242.417145
81	27	346	-250.106506
82	27	89	-257.006805
83	27	91	-267.606049
84	27	11	-281.663849
85	27	167	-295.903687
86	27	806	-306.228943
87	27	166	-311.561554
88	27	1	-312.203094
89	27	258	-312.591705
90	27	616	-313.966858
91	27	576	-313.848389
92	27	93	-314.397644
93	27	292	-319.484375
94	27	14	-321.366302
95	27	153	-318.954834
96	27	123	-312.41153
97	27	262	-302.612488
98	27	60	-286.562439
99	27	96	-274.188843
100	27	292	-272.494049
101	27	667	-275.502136
102	27	921	-275.985138
103	27	668	-273.465149
104	27	623	-268.955536
105	27	889	-261.685822
106	27	659	-247.512161
107	27	586	-221.388092
108	27	868	-193.21489
109	27	591	-179.590897
110	27	623	-166.618027
111	27	623	-149.614883
112	27	586	-138.376678
113	27	585	-130.37117
114	27	586	-125.483185
115	27	584	-122.230392
116	27	585	-116.425034
117	27	623	-103.118523
118	27	922	-78.253853
119	27	923	-41.641224
120	27	924	-5.521471
121	27	925	14.144838
122	27	659	5.867827
123	27	889	1.358351
124	27	926	0.076196
125	27	927	0.000989
126	27	928	0
127	27	816	0
128	27	393	0
0	28	635	0
1	28	929	15.294702
2	28	930	31.349106
3	28	309	40
4	28	931	40.004021
5	28	932	44.276695
6	28	933	45.096626
7	28	539	48.067295
8	28	934	43.651585
9	28	924	36.020271
10	28	935	45.752899
11	28	936	61.977684
12	28	937	80.355492
13	28	938	100.158707
14	28	939	118.761276
15	28	788	134.349136
16	28	393	142.245773
17	28	394	137.652313
18	28	461	129.944626
19	28	277	121.778839
20	28	140	115.09507
21	28	140	102.112473
22	28	403	84.087921
23	28	142	74.648796
24	28	470	69.479774
25	28	402	75.466766
26	28	518	77.852737
27	28	474	87.148064
28	28	140	78.064148
29	28	682	86.215164
30	28	222	100.687637
31	28	940	127.750412
32	28	941	136.902496
33	28	715	136.184341
34	28	797	132.931778
35	28	744	127.543129
36	28	744	123.949554
37	28	777	122.462914
38	28	823	103.455887
39	28	683	88.806747
40	28	778	71.194275
41	28	778	48.55542
42	28	942	24.694408
43	28	752	13.858111
44	28	943	5.303739
45	28	944	1.244117
46	28	61	0.00462
47	28	196	0.005146
48	28	945	0.281406
49	28	946	5.18409
50	28	42	7.725813
51	28	726	3.203646
52	28	61	-6.879824
53	28	63	-21.63764
54	28	96	-37.728249
55	28	292	-42.221233
56	28	125	-35.46101
57	28	91	-24.617447
58	28	92	-0.563363
59	28	89	31.83573
60	28	862	135.484833
61	28	21	208.317993
62	28	75	233.925674
63	28	76	242.570557
64	28	191	241.685333
65	28	88	236.836136
66	28	262	233.745895
67	28	861	186.114334
68	28	947	123.237137
69	28	948	103.230965
70	28	292	21.9851
71	28	2	-90.170563
72	28	21	-175.58815
73	28	949	-227.49646
74	28	229	-236.831497
75	28	56	-247.826035
76	28	57	-240.599106
77	28	89	-226.477249
78	28	90	-222.127487
79	28	346	-232.982193
80	28	89	-244.237335
81	28	91	-252.643448
82	28	12	-260.473145
83	28	14	-274.364563
84	28	11	-292.328491
85	28	11	-308.668274
86	28	11	-319.720734
87	28	528	-325.048035
88	28	950	-326.738678
89	28	44	-329.358795
90	28	528	-331.194214
91	28	477	-329.499268
92	28	92	-332.897827
93	28	124	-341.5979
94	28	229	-342.795258
95	28	152	-330.415375
96	28	262	-324.207703
97	28	60	-321.022461
98	28	61	-313.297821
99	28	618	-299.995514
100	28	951	-298.078186
101	28	952	-295.163208
102	28	765	-286.818817
103	28	623	-279.904175
104	28	586	-274.85498
105	28	585	-271.483002
106	28	623	-265.335602
107	28	623	-248.429199
108	28	623	-223.266388
109	28	623	-216.92453
110	28	623	-205.922195
111	28	667	-190.092926
112	28	921	-166.425613
113	28	668	-149.721573
114	28	623	-138.232483
115	28	623	-129.945313
116	28	623	-118.491203
117	28	586	-97.479057
118	28	584	-63.972298
119	28	541	-22.239029
120	28	540	14.957609
121	28	585	29.930544
122	28	586	14.334691
123	28	953	1.209591
124	28	954	0.01725
125	28	420	0
126	28	307	0
127	28	274	0
128	28	337	0
0	29	337	0
1	29	393	5.63152
2	29	307	21.93244
3	29	931	35.052128
4	29	932	47.129333
5	29	955	52.137512
6	29	956	53.652016
7	29	934	60.856377
8	29	846	49.72403
9	29	539	44.323616
10	29	957	52.308643
11	29	958	70.066544
12	29	959	92.38385
13	29	461	117.125618
14	29	462	142.560349
15	29	420	158.26207
16	29	421	160.300507
17	29	337	152.162689
18	29	337	142.603241
19	29	960	132.227173
20	29	877	126.251976
21	29	374	119.951569
22	29	375	83.939011
23	29	427	69.993187
24	29	961	72.068039
25	29	962	80.233643
26	29	963	91.976936
27	29	964	101.592796
28	29	965	89.547104
29	29	375	90.959618
30	29	966	95.810066
31	29	967	121.238861
32	29	718	142.87439
33	29	822	154.987137
34	29	797	167.06073
35	29	744	165.477036
36	29	796	163.292282
37	29	778	171.995529
38	29	717	150.79097
39	29	777	112.317093
40	29	797	78.923332
41	29	796	42.016987
42	29	684	22.183258
43	29	781	15.234881
44	29	968	3.513649
45	29	94	0.610912
46	29	292	0.069476
47	29	258	0.022593
48	29	119	0.23429
49	29	145	3.964638
50	29	969	7.970839
51	29	64	6.268291
52	29	96	-1.082548
53	29	292	-11.601514
54	29	11	-23.31031
55	29	12	-31.805269
56	29	92	-32.522034
57	29	229	-27.235857
58	29	57	-17.694927
59	29	287	3.999508
60	29	9	106.00061
61	29	27	194.837296
62	29	83	234.444992
63	29	288	255.251297
64	29	970	251.597519
65	29	535	231.921951
66	29	534	206.274033
67	29	971	158.171738
68	29	124	121.229355
69	29	322	110.663292
70	29	83	80.746834
71	29	149	3.262407
72	29	191	-112.423187
73	29	88	-227.852371
74	29	56	-253.352722
75	29	56	-253.086258
76	29	57	-236.911591
77	29	322	-222.580566
78	29	189	-227.948074
79	29	230	-237.734695
80	29	11	-248.85994
81	29	14	-255.381271
82	29	14	-260.568573
83	29	11	-276.077911
84	29	30	-295.001495
85	29	525	-314.065369
86	29	529	-326.006531
87	29	530	-334.898254
88	29	521	-341.207062
89	29	570	-348.02005
90	29	972	-349.993805
91	29	229	-345.797272
92	29	56	-348.72757
93	29	152	-359.651215
94	29	123	-353.83432
95	29	154	-335.220551
96	29	654	-324.523041
97	29	155	-329.883057
98	29	129	-328.779022
99	29	951	-321.81897
100	29	785	-319.463104
101	29	706	-312.469208
102	29	623	-297.280334
103	29	623	-285.16156
104	29	623	-279.93866
105	29	623	-275.95575
106	29	623	-277.391785
107	29	623	-266.190369
108	29	623	-244.404861
109	29	667	-238.669601
110	29	764	-237.105194
111	29	785	-222.155884
112	29	706	-208.58548
113	29	623	-184.231018
114	29	623	-160.285904
115	29	889	-139.031662
116	29	893	-115.315094
117	29	659	-85.063461
118	29	973	-44.772373
119	29	622	-0.37796
120	29	623	31.988674
121	29	623	33.967556
122	29	586	21.058205
123	29	974	0.118787
124	29	975	0
125	29	901	0
126	29	976	0
127	29	977	0
128	29	814	0
0	30	420	0
1	30	978	0.762988
2	30	979	17.413067
3	30	935	36.107574
4	30	936	57.129913
5	30	980	55.769135
6	30	846	62.048306
7	30	846	64.699478
8	30	539	55.030399
9	30	924	53.978306
10	30	981	60.649799
11	30	982	79.693207
12	30	140	107.212173
13	30	394	138.748077
14	30	361	161.655731
15	30	394	173.112701
16	30	309	170.088318
17	30	135	160.899567
18	30	983	153.642288
19	30	222	143.139053
20	30	984	136.385986
21	30	985	119.994209
22	30	986	93.156868
23	30	987	84.549545
24	30	988	83.058296
25	30	989	98.744972
26	30	990	108.324013
27	30	991	112.494118
28	30	992	104.693169
29	30	993	107.344185
30	30	994	105.375961
31	30	823	111.150009
32	30	683	130.533752
33	30	717	163.445023
34	30	744	189.210907
35	30	777	194.479126
36	30	797	190.16394
37	30	776	186.894836
38	30	718	167.489578
39	30	775	117.776352
40	30	777	76.74128
41	30	823	47.666439
42	30	568	29.151783
43	30	569	25.587608
44	30	11	15.613732
45	30	12	1.945775
46	30	258	0.629392
47	30	36	0.033293
48	30	37	0.081321
49	30	749	1.001465
50	30	96	4.623383
51	30	292	4.587438
52	30	11	-0.267099
53	30	12	-6.479982
54	30	12	-9.562357
55	30	125	-12.784184
56	30	55	-26.941051
57	30	54	-25.911282
58	30	320	-17.589195
59	30	76	5.391505
60	30	52	68.527168
61	30	150	177.185318
62	30	88	236.369385
63	30	154	265.470734
64	30	654	279.108551
65	30	654	242.886841
66	30	995	195.328659
67	30	56	148.624268
68	30	289	108.705528
69	30	53	105.11586
70	30	190	98.75499
71	30	0	46.353291
72	30	227	-83.582832
73	30	996	-226.184143
74	30	55	-262.933807
75	30	997	-269.601807
76	30	998	-258.495148
77	30	999	-239.019241
78	30	346	-234.317612
79	30	124	-238.439133
80	30	1000	-245.500092
81	30	477	-256.642303
82	30	30	-264.386139
83	30	43	-272.549835
84	30	568	-293.132446
85	30	646	-310.203766
86	30	1001	-326.943604
87	30	576	-341.852081
88	30	12	-355.041107
89	30	153	-365.40329
90	30	152	-368.773071
91	30	152	-366.136719
92	30	54	-369.930725
93	30	55	-378.227509
94	30	152	-371.159302
95	30	123	-345.849518
96	30	291	-326.830048
97	30	195	-322.827026
98	30	764	-326.112244
99	30	765	-327.427673
100	30	623	-327.154663
101	30	623	-323.861877
102	30	623	-309.957977
103	30	623	-298.835724
104	30	623	-292.140289
105	30	623	-284.619415
106	30	623	-284.503387
107	30	623	-286.619049
108	30	951	-275.869598
109	30	785	-269.311096
110	30	706	-262.429077
111	30	623	-243.371689
112	30	623	-227.463181
113	30	889	-204.466934
114	30	1002	-167.329254
115	30	584	-133.009872
116	30	585	-99.889
117	30	586	-62.457691
118	30	585	-22.453838
119	30	623	17.291302
120	30	623	31.976002
121	30	766	31.390509
122	30	1003	18.34248
123	30	1004	0
124	30	1005	0
125	30	938	0
126	30	1006	0
127	30	551	0
128	30	274	0
0	31	1007	0
1	31	1008	4.324361
2	31	956	19.91543
3	31	539	44.186077
4	31	934	58.584709
5	31	934	58.970814
6	31	539	60.937485
7	31	957	62.611626
8	31	1009	62.730541
9	31	1010	59.579643
10	31	1011	67.148514
11	31	140	91.270653
12	31	421	123.591736
13	31	337	153.92662
14	31	337	172.466095
15	31	338	173.436005
16	31	136	165.130234
17	31	1012	151.871628
18	31	840	143.68248
19	31	1013	144.35907
20	31	1014	132.716797
21	31	352	115.152733
22	31	493	102.13974
23	31	1015	106.852562
24	31	173	108.291756
25	31	518	119.76712
26	31	1016	120.964302
27	31	1017	125.16523
28	31	1018	119.47364
29	31	941	124.672905
30	31	684	118.900894
31	31	775	117.698547
32	31	777	128.643845
33	31	797	162.563934
34	31	796	201.200348
35	31	715	206.973129
36	31	1019	191.755646
37	31	716	176.824051
38	31	715	155.602524
39	31	823	112.483063
40	31	144	75.621246
41	31	142	51.567451
42	31	44	29.114592
43	31	531	25.080664
44	31	618	23.15255
45	31	186	18.15519
46	31	51	0.652521
47	31	14	0.105329
48	31	59	0.009242
49	31	129	0.107646
50	31	531	0.87845
51	31	618	0.098572
52	31	11	-4.477691
53	31	14	-10.007243
54	31	14	-12.027965
55	31	125	-14.245111
56	31	346	-26.022047
57	31	124	-24.749817
58	31	260	-8.498962
59	31	53	27.77898
60	31	190	132.342392
61	31	122	187.721786
62	31	54	238.535568
63	31	55	279.741638
64	31	56	281.781799
65	31	123	236.938416
66	31	152	181.025406
67	31	56	127.513329
68	31	152	94.641968
69	31	289	78.698448
70	31	319	75.798653
71	31	260	37.700489
72	31	290	-91.384613
73	31	125	-215.219543
74	31	320	-262.598511
75	31	286	-284.322998
76	31	319	-285.018738
77	31	1020	-263.866882
78	31	1021	-250.358612
79	31	1022	-246.142014
80	31	755	-242.400772
81	31	691	-252.349609
82	31	615	-265.676392
83	31	614	-269.417633
84	31	690	-284.438141
85	31	51	-302.374054
86	31	12	-325.836975
87	31	92	-349.02774
88	31	229	-364.374969
89	31	56	-373.900665
90	31	123	-380.781433
91	31	57	-384.104645
92	31	229	-389.867096
93	31	123	-397.260498
94	31	152	-390.245239
95	31	230	-366.316284
96	31	653	-328.838623
97	31	785	-308.969208
98	31	732	-307.127655
99	31	668	-318.253204
100	31	623	-319.086609
101	31	623	-318.030304
102	31	623	-312.744781
103	31	623	-310.44339
104	31	623	-301.619995
105	31	623	-288.598907
106	31	623	-285.503021
107	31	731	-292.428772
108	31	706	-300.612579
109	31	623	-303.289612
110	31	623	-288.336792
111	31	623	-261.802155
112	31	586	-233.477295
113	31	1023	-196.518524
114	31	659	-150.977295
115	31	623	-110.527817
116	31	623	-71.55648
117	31	623	-35.018383
118	31	889	-4.924124
119	31	896	18.924286
120	31	1024	30.00832
121	31	933	29.59536
122	31	1025	14.714661
123	31	1026	0
124	31	1027	0
125	31	938	0
126	31	1028	0
127	31	976	0
128	31	1029	0
0	32	1030	0
1	32	1031	12.730974
2	32	539	27.972443
3	32	934	42.313698
4	32	846	51.017296
5	32	957	54.949951
6	32	1032	58.849228
7	32	955	64.309128
8	32	1033	67.742355
9	32	1034	61.95573
10	32	337	74.701279
11	32	338	102.993523
12	32	135	133.281677
13	32	135	153.710312
14	32	135	158.928696
15	32	102	161.593735
16	32	738	159.084045
17	32	557	152.168854
18	32	913	145.994812
19	32	276	137.884445
20	32	455	116.321213
21	32	1035	112.039566
22	32	842	106.508278
23	32	140	115.294296
24	32	985	125.902321
25	32	181	135.437561
26	32	683	141.485229
27	32	778	143.792389
28	32	717	135.11261
29	32	796	131.019791
30	32	715	128.128189
31	32	716	121.81266
32	32	717	134.156845
33	32	744	157.811127
34	32	796	188.611694
35	32	778	192.219574
36	32	715	173.343246
37	32	823	150.887756
38	32	35	128.667908
39	32	36	101.003593
40	32	187	68.935806
41	32	42	36.742798
42	32	726	28.228775
43	32	61	30.227774
44	32	618	29.887691
45	32	531	27.065733
46	32	618	11.708966
47	32	93	0
48	32	195	0.007834
49	32	196	0.437271
50	32	1036	0.536686
51	32	115	-3.616906
52	32	116	-11.525338
53	32	30	-19.50045
54	32	116	-24.150467
55	32	153	-28.795038
56	32	152	-29.796371
57	32	152	-20.255917
58	32	56	12.35467
59	32	289	65.379326
60	32	150	151.754745
61	32	1037	206.943253
62	32	153	242.241257
63	32	192	268.982208
64	32	409	265.925598
65	32	56	220.746368
66	32	192	161.733353
67	32	409	110.462982
68	32	123	69.339462
69	32	152	32.386063
70	32	56	3.273865
71	32	57	-32.875099
72	32	124	-123.727043
73	32	124	-229.093567
74	32	89	-270.795868
75	32	90	-292.654388
76	32	1038	-304.312347
77	32	720	-291.590912
78	32	755	-276.500275
79	32	478	-268.3638
80	32	802	-254.22554
81	32	530	-255.184387
82	32	1039	-261.712646
83	32	576	-258.0578
84	32	12	-268.934601
85	32	92	-296.746063
86	32	89	-331.650848
87	32	55	-354.071838
88	32	123	-366.878662
89	32	56	-374.475952
90	32	123	-382.049438
91	32	152	-390.748474
92	32	192	-399.740143
93	32	409	-405.23407
94	32	230	-401.597595
95	32	153	-382.253021
96	32	706	-340.918915
97	32	731	-303.689148
98	32	732	-298.421997
99	32	668	-303.045288
100	32	623	-299.578033
101	32	667	-297.293549
102	32	668	-298.633209
103	32	623	-303.354309
104	32	623	-299.361389
105	32	623	-287.53125
106	32	623	-285.976898
107	32	623	-294.584991
108	32	1040	-309.339752
109	32	1041	-316.248199
110	32	659	-293.582123
111	32	889	-250.392685
112	32	1042	-212.612259
113	32	1043	-169.41745
114	32	1044	-117.865326
115	32	1045	-71.696106
116	32	623	-38.964329
117	32	586	-20.940765
118	32	1046	-2.533853
119	32	1004	15.373174
120	32	1047	23.169687
121	32	539	18.811802
122	32	924	3.953373
123	32	1048	0
124	32	551	0
125	32	69	0
126	32	1049	0
127	32	1050	0
128	32	1051	0
0	33	1052	0
1	33	1008	15.912165
2	33	956	26.953686
3	33	846	37.768414
4	33	1053	45.383121
5	33	932	51.501495
6	33	551	55.911583
7	33	1054	59.936985
8	33	901	61.734718
9	33	135	62.97641
10	33	69	84.881073
11	33	135	103.357574
12	33	69	128.037415
13	33	69	150.465652
14	33	308	161.432404
15	33	1055	162.179428
16	33	17	159.815781
17	33	17	161.814148
18	33	17	157.057404
19	33	281	139.240692
20	33	1056	115.369911
21	33	1057	116.070053
22	33	518	116.290176
23	33	1058	119.915695
24	33	222	143.37915
25	33	822	164.707733
26	33	797	171.82756
27	33	776	156.663742
28	33	744	138.680634
29	33	796	132.062012
30	33	717	126.786354
31	33	776	119.466881
32	33	776	129.535767
33	33	776	145.400436
34	33	777	153.384781
35	33	716	162.581329
36	33	684	144.111389
37	33	614	119.036079
38	33	692	98.871109
39	33	1059	78.808075
40	33	800	39.896637
41	33	407	29.219028
42	33	64	29.529957
43	33	129	30.112066
44	33	93	29.966322
45	33	292	23.813711
46	33	12	16
47	33	93	0
48	33	292	0.15158
49	33	804	2.452193
50	33	615	3.526515
51	33	1060	-5.13529
52	33	1059	-20.14686
53	33	1061	-32.769329
54	33	229	-38.981209
55	33	56	-39.522392
56	33	997	-33.040302
57	33	88	-2.067846
58	33	997	41.106747
59	33	998	106.783134
60	33	27	167.006851
61	33	189	211.975708
62	33	154	235.454269
63	33	1062	252.606033
64	33	193	248.29982
65	33	535	200.803741
66	33	441	155.666824
67	33	56	104.109665
68	33	123	64.583206
69	33	152	26.601812
70	33	54	-28.47517
71	33	55	-100.486023
72	33	54	-196.396942
73	33	91	-257.751678
74	33	92	-280.050415
75	33	1063	-301.549103
76	33	1064	-315.681427
77	33	478	-305.812958
78	33	572	-292.788757
79	33	1060	-286.817871
80	33	612	-269.058777
81	33	754	-266.879608
82	33	14	-264.642914
83	33	92	-252.216248
84	33	229	-261.046295
85	33	57	-299.509399
86	33	89	-335.945282
87	33	55	-355.917877
88	33	152	-363.318878
89	33	192	-369.149841
90	33	409	-379.445892
91	33	154	-391.999298
92	33	947	-403.31012
93	33	346	-409.780701
94	33	229	-407.579346
95	33	921	-395.499084
96	33	668	-361.028168
97	33	951	-326.404449
98	33	1065	-304.977142
99	33	921	-293.937225
100	33	705	-280.793671
101	33	706	-275.337128
102	33	667	-284.151581
103	33	668	-296.794586
104	33	623	-300.419373
105	33	623	-295.392365
106	33	889	-295.136261
107	33	1066	-307.523773
108	33	781	-319.343567
109	33	658	-316.151245
110	33	1042	-277.582672
111	33	1067	-225.697968
112	33	657	-182.632919
113	33	1025	-139.333038
114	33	1068	-91.163811
115	33	659	-54.221672
116	33	623	-27.892258
117	33	973	-16.066971
118	33	1025	-4.626732
119	33	1069	4.79628
120	33	584	15.216014
121	33	541	16.777344
122	33	1053	1.375006
123	33	1027	0
124	33	1070	0
125	33	1071	0
126	33	980	0
127	33	1072	0
128	33	393	0
0	34	394	0
1	34	1073	13.932685
2	34	1074	23.073973
3	34	1075	30.94586
4	34	1076	37.820194
5	34	602	42.122189
6	34	1077	42.065727
7	34	1078	45.854473
8	34	814	53.609539
9	34	136	66.12384
10	34	133	80.115639
11	34	69	104.116104
12	34	139	134.487076
13	34	1079	162.555176
14	34	20	180.741882
15	34	2	184.965683
16	34	171	181.750839
17	34	256	183.282974
18	34	173	173.07254
19	34	496	143.642914
20	34	991	125.168083
21	34	992	125.554405
22	34	1080	131.986374
23	34	119	140.700958
24	34	683	158.334
25	34	717	193.100235
26	34	776	188.299759
27	34	776	159.68985
28	34	744	138.68277
29	34	776	130.950623
30	34	744	125.447456
31	34	744	120.816689
32	34	776	125.982071
33	34	796	125.737114
34	34	715	131.500107
35	34	823	137.359573
36	34	781	119.297966
37	34	934	84.672432
38	34	754	58.221355
39	34	93	37.025414
40	34	94	22.96911
41	34	94	14.323818
42	34	292	25.05966
43	34	11	26.591158
44	34	14	23.463192
45	34	14	16.004082
46	34	12	14.785961
47	34	14	0.061853
48	34	522	1.407155
49	34	685	5.544671
50	34	1039	4.435029
51	34	576	-7.235384
52	34	153	-28.889685
53	34	123	-45.228474
54	34	123	-48.567677
55	34	190	-44.324551
56	34	191	-25.388552
57	34	998	19.076471
58	34	9	125.336967
59	34	0	156.711487
60	34	227	190.984116
61	34	88	216.777435
62	34	154	224.881943
63	34	654	233.294449
64	34	155	231.969864
65	34	441	194.146973
66	34	123	154.183487
67	34	123	126.744881
68	34	123	92.344597
69	34	230	51.309746
70	34	125	-14.739977
71	34	91	-113.347969
72	34	12	-210.264557
73	34	125	-266.598755
74	34	90	-293.792908
75	34	1081	-310.876617
76	34	572	-322.598785
77	34	145	-311.833832
78	34	781	-297.310211
79	34	934	-289.008148
80	34	523	-276.246735
81	34	477	-274.715424
82	34	125	-276.125092
83	34	55	-267.697906
84	34	56	-273.869659
85	34	57	-303.999817
86	34	229	-337.667084
87	34	123	-353.603607
88	34	154	-357.183655
89	34	1062	-364.86554
90	34	193	-378.967163
91	34	971	-395.241974
92	34	229	-409.039429
93	34	123	-417.015961
94	34	785	-416.300232
95	34	732	-405.962341
96	34	764	-385.2547
97	34	1082	-353.296875
98	34	1082	-324.328369
99	34	1065	-299.305573
100	34	921	-280.295593
101	34	705	-273.836853
102	34	706	-283.470856
103	34	623	-299.288422
104	34	623	-308.46167
105	34	1083	-311.60144
106	34	572	-317.338104
107	34	781	-325.085999
108	34	846	-328.440704
109	34	1025	-312.80603
110	34	1084	-265.023529
111	34	1085	-210.333618
112	34	1086	-165.317413
113	34	540	-127.77919
114	34	585	-88.187859
115	34	623	-64.273186
116	34	1087	-41.797882
117	34	1088	-19.569172
118	34	585	-9.805659
119	34	623	-2.326353
120	34	586	4.518613
121	34	1046	10.387682
122	34	1076	0.132057
123	34	1089	0
124	34	956	0
125	34	1090	0
126	34	1091	0
127	34	361	0
128	34	140	0
0	35	307	0
1	35	308	8.815108
2	35	1092	17.582193
3	35	1093	23.757645
4	35	361	27.958736
5	35	507	28.425623
6	35	1094	23.435398
7	35	1095	32.177158
8	35	206	46.935051
9	35	165	64.564308
10	35	806	85.898964
11	35	1096	118.7239
12	35	16	159.457062
13	35	1097	196.756683
14	35	1098	223.891495
15	35	548	237.309845
16	35	1099	234.261444
17	35	1099	231.307861
18	35	1100	217.090027
19	35	474	175.230057
20	35	1101	152.735046
21	35	1102	141.315033
22	35	683	148.178314
23	35	715	160.360596
24	35	797	187.444595
25	35	776	205.121429
26	35	744	190.707077
27	35	744	167.596176
28	35	744	145.079147
29	35	777	129.322617
30	35	1019	125.139534
31	35	797	121.101868
32	35	776	119.943718
33	35	718	120.649269
34	35	119	125.924858
35	35	568	113.026405
36	35	753	87.350807
37	35	1103	65.790176
38	35	116	46.08989
39	35	11	31.622633
40	35	14	19.532476
41	35	14	8.851573
42	35	12	8.260878
43	35	531	15.259534
44	35	618	15.932573
45	35	92	14.074224
46	35	124	8.003066
47	35	1104	0.288973
48	35	1105	2.118265
49	35	867	3.89696
50	35	124	0.994689
51	35	229	-11.582387
52	35	123	-33.649483
53	35	123	-49.902988
54	35	289	-50.731934
55	35	149	-41.79147
56	35	9	-9.373198
57	35	9	109.951118
58	35	27	163.003708
59	35	22	200.651169
60	35	191	223.685211
61	35	151	220.840652
62	35	88	225.480225
63	35	154	226.31015
64	35	1062	223.359451
65	35	231	205.678955
66	35	1106	180.970749
67	35	193	150.530167
68	35	380	100.311974
69	35	11	48.197723
70	35	11	-5.585911
71	35	11	-102.782677
72	35	528	-205.970596
73	35	524	-269.271667
74	35	950	-304.128448
75	35	614	-317.504517
76	35	649	-330.57373
77	35	1039	-322.112762
78	35	482	-298.221802
79	35	720	-294.022095
80	35	576	-283.515991
81	35	14	-280.066315
82	35	153	-289.680298
83	35	54	-290.038757
84	35	55	-300.331451
85	35	56	-316.361053
86	35	123	-336.995331
87	35	192	-351.790161
88	35	535	-357.367401
89	35	60	-366.944611
90	35	441	-383.84613
91	35	123	-401.903748
92	35	152	-416.530334
93	35	1065	-425.074982
94	35	764	-425.571289
95	35	1082	-417.694244
96	35	785	-400.64386
97	35	1107	-375.649414
98	35	1107	-346.035522
99	35	1107	-320.245148
100	35	706	-303.881073
101	35	623	-298.029877
102	35	889	-304.632416
103	35	659	-316.13446
104	35	1108	-324.592285
105	35	181	-329.667694
106	35	1109	-333.560059
107	35	1086	-338.032745
108	35	539	-334.087311
109	35	1025	-309.631195
110	35	625	-261.030426
111	35	627	-209.26947
112	35	622	-166.833771
113	35	623	-130.806381
114	35	623	-94.901428
115	35	592	-75.98481
116	35	1110	-58.970909
117	35	659	-41.064964
118	35	623	-21.229815
119	35	623	-10.970196
120	35	973	-6.87852
121	35	1010	-5.093163
122	35	1070	-1.027688
123	35	980	0
124	35	1111	0
125	35	420	0
126	35	140	0
127	35	140	0
128	35	394	0
0	36	361	0
1	36	140	2.307747
2	36	140	7.268167
3	36	421	11.899113
4	36	815	12.594946
5	36	110	7.74108
6	36	9	6.289385
7	36	838	20.719362
8	36	335	40.397972
9	36	171	66.800323
10	36	16	101.708008
11	36	18	146.749847
12	36	29	194.58812
13	36	214	234.996826
14	36	1112	269.497589
15	36	1113	293.499207
16	36	1114	299.551483
17	36	1115	293.782196
18	36	795	270.608582
19	36	1116	222.794601
20	36	1080	191.522278
21	36	822	172.253952
22	36	716	165.551422
23	36	715	179.797287
24	36	797	208.358749
25	36	744	201.26059
26	36	744	183.055115
27	36	777	170.257751
28	36	716	152.742981
29	36	684	131.442139
30	36	822	126.075035
31	36	797	121.596375
32	36	718	120.13385
33	36	144	117.787537
34	36	119	117.39814
35	36	781	103.100006
36	36	1117	82.593285
37	36	51	61.709732
38	36	14	44.744598
39	36	531	29.741594
40	36	618	17.799652
41	36	14	10.386146
42	36	93	5.955847
43	36	1036	6.612019
44	36	1118	9.241733
45	36	409	6.101436
46	36	1119	0.006109
47	36	1120	0.187595
48	36	88	0.278458
49	36	56	-1.730685
50	36	152	-7.14108
51	36	152	-19.424776
52	36	56	-40.460518
53	36	997	-53.099434
54	36	998	-49.20977
55	36	9	-28.238525
56	36	0	23.749443
57	36	286	124.78051
58	36	149	179.70195
59	36	0	213.607513
60	36	286	241.584122
61	36	53	235.968643
62	36	123	236.203659
63	36	291	235.172424
64	36	195	226.70282
65	36	196	224.594971
66	36	94	209.155289
67	36	292	175.853027
68	36	12	116.528099
69	36	531	40.409744
70	36	618	-20.56105
71	36	570	-92.048782
72	36	482	-202.4617
73	36	613	-271.99292
74	36	781	-312.326508
75	36	720	-327.117554
76	36	576	-332.79599
77	36	570	-330.895508
78	36	576	-306.194702
79	36	11	-293.885834
80	36	92	-297.595551
81	36	229	-301.048737
82	36	57	-302.476044
83	36	229	-309.523804
84	36	123	-320.05658
85	36	123	-330.523682
86	36	262	-340.578247
87	36	861	-354.299683
88	36	155	-362.17041
89	36	441	-374.518677
90	36	192	-391.438873
91	36	193	-407.996399
92	36	812	-421.005249
93	36	785	-428.732574
94	36	1107	-430.272858
95	36	706	-425.296387
96	36	623	-413.206879
97	36	623	-394.165344
98	36	623	-371.511566
99	36	623	-351.217499
100	36	623	-338.973022
101	36	973	-334.674835
102	36	622	-336.965485
103	36	1121	-343.188354
104	36	313	-348.384705
105	36	425	-349.806061
106	36	657	-348.050232
107	36	934	-341.203613
108	36	571	-329.328522
109	36	752	-302.611267
110	36	752	-255.401947
111	36	1122	-214.076492
112	36	1123	-179.106262
113	36	623	-143.562531
114	36	623	-111.294159
115	36	586	-91.820381
116	36	585	-75.440353
117	36	889	-60.464039
118	36	659	-41.862339
119	36	586	-19.482174
120	36	1046	-16.501509
121	36	1124	-10.775639
122	36	1125	-3.253261
123	36	1126	0
124	36	1127	0
125	36	902	0
126	36	1128	0
127	36	393	0
128	36	140	0
0	37	140	0
1	37	140	0
2	37	394	0
3	37	361	0.671148
4	37	276	0
5	37	677	0
6	37	854	5.580303
7	37	641	14.810997
8	37	854	37.550148
9	37	1129	71.749664
10	37	2	118.175598
11	37	75	174.386566
12	37	39	219.979904
13	37	1130	257.039673
14	37	1131	292.490295
15	37	1132	321.024384
16	37	1133	332.41925
17	37	1134	327.82605
18	37	940	292.438934
19	37	1102	254.886597
20	37	683	227.586777
21	37	717	204.936813
22	37	796	192.390915
23	37	717	201.57283
24	37	776	215.165375
25	37	777	198.772354
26	37	823	183.795319
27	37	775	175.749268
28	37	718	163.044556
29	37	683	141.637955
30	37	715	129.915421
31	37	823	124.736954
32	37	145	118.21611
33	37	145	117.25827
34	37	616	117.212631
35	37	576	104.795868
36	37	531	87.53701
37	37	618	67.983627
38	37	59	49.776619
39	37	129	31.622438
40	37	30	22.169067
41	37	115	14.771839
42	37	1135	9.615225
43	37	407	5.782825
44	37	1136	2.970275
45	37	151	1.218852
46	37	226	-0.023145
47	37	150	-0.601777
48	37	88	-3.601735
49	37	56	-9.578343
50	37	56	-18.198681
51	37	56	-27.703833
52	37	1137	-34.935009
53	37	39	-33.429722
54	37	286	-10.660909
55	37	1138	19.964024
56	37	147	58.381897
57	37	1139	145.203384
58	37	27	209.885773
59	37	87	244.255447
60	37	151	260.550049
61	37	88	256.810516
62	37	57	255.479904
63	37	1140	257.864594
64	37	1141	246.5327
65	37	124	234.833313
66	37	124	219.74501
67	37	486	198.00705
68	37	63	128.391449
69	37	129	42.36412
70	37	14	-33.202248
71	37	522	-114.299919
72	37	685	-202.759857
73	37	645	-271.323486
74	37	575	-320.60553
75	37	477	-336.86319
76	37	12	-336.031403
77	37	528	-330.9552
78	37	477	-304.494843
79	37	153	-294.414795
80	37	152	-316.716736
81	37	123	-328.184296
82	37	56	-332.744598
83	37	56	-331.490479
84	37	54	-334.419617
85	37	232	-340.970154
86	37	534	-347.550659
87	37	535	-353.237457
88	37	534	-364.986542
89	37	535	-379.479858
90	37	861	-394.36615
91	37	731	-407.468628
92	37	706	-417.002716
93	37	667	-422.644165
94	37	668	-424.549927
95	37	623	-422.751068
96	37	623	-417.667572
97	37	623	-409.246429
98	37	623	-398.237579
99	37	623	-385.525848
100	37	586	-375.949646
101	37	585	-372.112732
102	37	592	-372.352905
103	37	1142	-374.111053
104	37	1143	-374.704102
105	37	1144	-371.578003
106	37	539	-361.77417
107	37	685	-345.457397
108	37	615	-323.691833
109	37	119	-286.281097
110	37	1145	-246.458755
111	37	1146	-212.345535
112	37	623	-179.784164
113	37	623	-148.978592
114	37	623	-129.034714
115	37	623	-106.944801
116	37	973	-86.874283
117	37	658	-68.78331
118	37	659	-50.196774
119	37	973	-28.657753
120	37	924	-11.875064
121	37	1076	-11.058354
122	37	927	-5.597707
123	37	1028	0
124	37	931	0
125	37	551	0
126	37	274	0
127	37	393	0
128	37	140	0
0	38	421	0
1	38	337	0
2	38	393	0
3	38	140	0
4	38	140	0
5	38	276	0.888168
6	38	277	9.800213
7	38	282	27.652939
8	38	10	40.992493
9	38	29	81.404526
10	38	10	125.712128
11	38	2	173.340744
12	38	640	220.328171
13	38	475	270.912048
14	38	1147	318.220856
15	38	1148	336.775269
16	38	1149	334.40094
17	38	683	326.693542
18	38	778	284.062592
19	38	717	247.190811
20	38	776	233.861938
21	38	744	219.510803
22	38	776	214.326126
23	38	776	223.08342
24	38	718	221.176346
25	38	35	197.227844
26	38	775	189.78157
27	38	796	185.595215
28	38	717	174.230591
29	38	718	158.28949
30	38	119	149.023911
31	38	614	138.971375
32	38	615	123.22049
33	38	44	112.621574
34	38	531	116.998985
35	38	63	109.697365
36	38	129	92.254639
37	38	93	77.348488
38	38	292	54.094032
39	38	258	37.636501
40	38	1150	26.999134
41	38	1151	19.019827
42	38	861	12.977994
43	38	1152	8.323701
44	38	149	4.580434
45	38	191	2.534885
46	38	998	0.41834
47	38	1153	-1.551971
48	38	193	-8.173701
49	38	409	-18.214554
50	38	192	-29.454945
51	38	617	-20.717548
52	38	618	-7.773779
53	38	125	24.084431
54	38	148	70.005371
55	38	1138	102.464775
56	38	83	136.367355
57	38	288	191.016693
58	38	288	253.725449
59	38	149	291.016754
60	38	122	293.820801
61	38	152	278.446106
62	38	56	278.614746
63	38	152	284.423981
64	38	192	277.810028
65	38	193	259.503845
66	38	535	237.353531
67	38	861	208.483063
68	38	440	139.218796
69	38	531	35.687943
70	38	532	-42.808228
71	38	750	-123.570084
72	38	530	-216.54097
73	38	437	-279.922577
74	38	523	-331.620239
75	38	524	-347.523712
76	38	529	-339.332275
77	38	576	-330.42334
78	38	125	-305.87204
79	38	55	-303.634613
80	38	152	-335.417053
81	38	152	-353.906555
82	38	123	-358.572632
83	38	57	-353.837891
84	38	1140	-348.404388
85	38	654	-351.268158
86	38	654	-351.784485
87	38	654	-347.037415
88	38	654	-359.115662
89	38	1062	-374.806549
90	38	921	-387.296173
91	38	921	-395.222321
92	38	764	-399.884186
93	38	1065	-402.710297
94	38	921	-404.414398
95	38	921	-406.173553
96	38	668	-410.205963
97	38	623	-416.619415
98	38	623	-420.841064
99	38	889	-416.897583
100	38	893	-411.904205
101	38	659	-408.512268
102	38	973	-406.855072
103	38	613	-404.945648
104	38	568	-400.193817
105	38	753	-389.819336
106	38	539	-370.616852
107	38	685	-347.105072
108	38	615	-318.509064
109	38	1154	-281.217102
110	38	623	-245.876236
111	38	623	-212.669006
112	38	623	-179.93396
113	38	623	-147.281097
114	38	623	-124.621376
115	38	586	-109.575958
116	38	584	-83.421669
117	38	585	-62.446011
118	38	586	-44.638172
119	38	541	-27.407301
120	38	1010	-8.946051
121	38	814	-3.01886
122	38	976	-3.91452
123	38	1155	-0.485658
124	38	1027	0
125	38	874	0
126	38	463	0
127	38	393	0
128	38	394	0
0	39	310	0
1	39	361	0
2	39	140	0
3	39	140	0
4	39	174	0
5	39	175	2.737227
6	39	317	20.306898
7	39	27	46.445332
8	39	75	65.212502
9	39	28	99.847137
10	39	1098	132.470169
11	39	277	165.838791
12	39	518	209.877518
13	39	431	278.207703
14	39	940	313.122681
15	39	1102	325.876648
16	39	775	326.987732
17	39	744	315.536407
18	39	744	280.822571
19	39	776	239.119705
20	39	777	217.090134
21	39	1019	209.93811
22	39	797	218.513397
23	39	718	232.451126
24	39	145	228.706192
25	39	775	208.342178
26	39	744	189.074936
27	39	777	185.214035
28	39	823	175.569077
29	39	119	172.785233
30	39	568	168.817673
31	39	805	156.068634
32	39	521	137.926987
33	39	93	118.967171
34	39	95	108.681274
35	39	61	103.360443
36	39	62	93.718704
37	39	618	76.554398
38	39	1156	60.269615
39	39	1157	43.894844
40	39	1158	30.906267
41	39	1159	21.982792
42	39	192	15.52747
43	39	1160	10.228215
44	39	149	5.910331
45	39	52	3.550094
46	39	1161	1.285113
47	39	654	-2.181444
48	39	1062	-12.167349
49	39	577	-25.211533
50	39	155	-26.101652
51	39	129	-9.307968
52	39	11	46.751064
53	39	125	111.781799
54	39	148	162.632233
55	39	53	178.583862
56	39	123	200.693405
57	39	56	241.767212
58	39	289	295.415222
59	39	150	332.661285
60	39	88	326.947784
61	39	152	292.530945
62	39	192	279.766174
63	39	577	292.090851
64	39	155	289.299164
65	39	861	270.894928
66	39	1062	241.127151
67	39	617	199.657394
68	39	63	137.215485
69	39	1162	21.173935
70	39	124	-49.226803
71	39	1063	-142.481522
72	39	1163	-226.812088
73	39	482	-288.723938
74	39	934	-338.882019
75	39	754	-355.754852
76	39	14	-349.940247
77	39	92	-329.672882
78	39	89	-307.928864
79	39	55	-318.356201
80	39	54	-353.521179
81	39	90	-369.724945
82	39	55	-370.064941
83	39	123	-360.868073
84	39	152	-349.538818
85	39	192	-347.638214
86	39	193	-339.203094
87	39	193	-329.200897
88	39	535	-342.761841
89	39	952	-358.819885
90	39	952	-368.519287
91	39	952	-370.132172
92	39	785	-368.702393
93	39	812	-367.835083
94	39	785	-370.043182
95	39	706	-377.421173
96	39	1164	-391.528229
97	39	1165	-411.382263
98	39	1002	-429.590881
99	39	584	-437.380554
100	39	585	-438.406525
101	39	586	-436.859222
102	39	1166	-433.843719
103	39	1167	-428.316223
104	39	568	-417.787506
105	39	1168	-398.36145
106	39	1169	-372.376801
107	39	1170	-341.74176
108	39	1146	-312.079224
109	39	667	-283.577393
110	39	668	-250.60788
111	39	623	-218.057022
112	39	623	-179.804367
113	39	623	-139.644867
114	39	623	-112.738472
115	39	889	-90.111221
116	39	893	-71.159851
117	39	659	-48.525887
118	39	586	-35.530476
119	39	1046	-23.680666
120	39	1171	-6.091777
121	39	938	6.74963
122	39	1006	1.325866
123	39	1172	0.553815
124	39	1173	0
125	39	338	0
126	39	274	0
127	39	393	0
128	39	140	0
0	40	140	0
1	40	421	0
2	40	603	0
3	40	317	0
4	40	9	0
5	40	9	6.14592
6	40	0	34.663448
7	40	1	69.087692
8	40	13	96.331085
9	40	1130	120.354507
10	40	518	127.798668
11	40	431	146.751785
12	40	144	192.426697
13	40	145	249.060959
14	40	683	287.306702
15	40	717	305.530579
16	40	744	311.951324
17	40	744	298.336914
18	40	777	277.358978
19	40	823	240.595169
20	40	145	210.044571
21	40	775	202.220688
22	40	718	202.869995
23	40	119	214.230103
24	40	775	228.924316
25	40	777	209.126678
26	40	823	188.402451
27	40	683	177.69342
28	40	778	175.318771
29	40	684	181.121323
30	40	568	182.976639
31	40	575	172.116669
32	40	433	152.683578
33	40	1174	131.623001
34	40	94	114.290558
35	40	94	101.796829
36	40	292	91.27404
37	40	93	77.411491
38	40	1175	61.563068
39	40	686	46.755039
40	40	1176	33.842953
41	40	577	23.316597
42	40	995	16.956558
43	40	289	11.302431
44	40	53	6.669044
45	40	192	4.186825
46	40	409	1.81327
47	40	154	-2.208601
48	40	1062	-15.160915
49	40	535	-26.188116
50	40	129	-15.667238
51	40	92	18.955976
52	40	124	93.676537
53	40	920	162.090057
54	40	409	191.085312
55	40	123	216.930939
56	40	152	245.396057
57	40	56	285.795868
58	40	289	331.114441
59	40	53	368.549927
60	40	56	353.708771
61	40	154	308.706665
62	40	995	277.626495
63	40	262	271.924683
64	40	1177	275.280975
65	40	948	253.517975
66	40	94	212.90033
67	40	94	158.437775
68	40	863	67.112534
69	40	123	12.161187
70	40	152	-44.897766
71	40	1178	-152.529343
72	40	529	-229.96347
73	40	750	-272.466003
74	40	576	-324.766754
75	40	12	-359.789764
76	40	125	-358.09137
77	40	346	-340.439301
78	40	229	-310.26709
79	40	57	-327.449432
80	40	58	-352.580719
81	40	153	-366.460388
82	40	56	-363.870911
83	40	152	-353.022186
84	40	154	-344.360291
85	40	155	-335.411835
86	40	64	-315.37854
87	40	64	-305.019745
88	40	812	-320.953766
89	40	785	-335.287903
90	40	812	-340.230988
91	40	765	-336.076416
92	40	951	-330.063232
93	40	765	-328.401642
94	40	1164	-333.94339
95	40	1179	-347.473541
96	40	1180	-368.980988
97	40	585	-396.138184
98	40	623	-421.162567
99	40	623	-440.866028
100	40	623	-449.785461
101	40	623	-451.715088
102	40	1181	-447.66272
103	40	1182	-438.27533
104	40	1146	-421.719055
105	40	1181	-396.983765
106	40	1146	-365.049866
107	40	623	-329.590973
108	40	951	-296.252594
109	40	1065	-268.829102
110	40	668	-244.581406
111	40	889	-215.901962
112	40	659	-175.745041
113	40	623	-136.582626
114	40	586	-106.391075
115	40	541	-78.336922
116	40	622	-59.838333
117	40	889	-40.785591
118	40	1183	-32.001732
119	40	924	-24.216091
120	40	1171	-5.473592
121	40	938	11.101224
122	40	1028	5.970841
123	40	69	2.461308
124	40	308	0
125	40	309	0
126	40	502	0
127	40	604	0
128	40	393	0
0	41	394	0
1	41	395	0
2	41	97	0
3	41	203	0
4	41	97	0.902547
5	41	1184	15.059315
6	41	280	49.228584
7	41	1185	93.730339
8	41	1186	117.355766
9	41	1187	124.827782
10	41	119	126.240387
11	41	36	138.626434
12	41	187	165.033493
13	41	822	214.482178
14	41	797	260.687134
15	41	744	285.420258
16	41	776	295.027496
17	41	718	284.893799
18	41	683	264.125458
19	41	778	239.999207
20	41	715	206.165024
21	41	716	195.103302
22	41	778	195.807541
23	41	717	202.5755
24	41	796	221.973175
25	41	778	211.47374
26	41	717	186.185806
27	41	777	182.304642
28	41	716	186.947861
29	41	684	187.406113
30	41	568	186.583115
31	41	572	179.687347
32	41	42	163.601547
33	41	525	144.03421
34	41	433	121.52179
35	41	116	98.6959
36	41	12	85.381805
37	41	1156	71.277863
38	41	407	57.665768
39	41	64	45.092255
40	41	441	34.615189
41	41	123	22.936974
42	41	152	16.857084
43	41	192	11.203397
44	41	577	6.712543
45	41	995	4.382346
46	41	56	1.995964
47	41	154	-2.61241
48	41	578	-16.08983
49	41	292	-28.986732
50	41	153	-7.180618
51	41	192	48.699612
52	41	535	143.709808
53	41	1177	186.460495
54	41	90	213.913727
55	41	55	244.976227
56	41	56	281.397186
57	41	123	326.535095
58	41	123	373.979889
59	41	123	400.484833
60	41	152	383.07132
61	41	192	330.630676
62	41	535	273.747131
63	41	61	248.327911
64	41	618	231.673157
65	41	11	201.661774
66	41	92	150.972229
67	41	89	95.854774
68	41	55	70.10701
69	41	123	35.697857
70	41	1188	15.950429
71	41	755	-102.099327
72	41	477	-205.447876
73	41	14	-232.973129
74	41	11	-291.843536
75	41	12	-351.152893
76	41	153	-358.880371
77	41	54	-343.669617
78	41	90	-323.417999
79	41	91	-321.155151
80	41	153	-335.32251
81	41	152	-347.959717
82	41	152	-347.583282
83	41	192	-337.925964
84	41	535	-327.657257
85	41	60	-311.989899
86	41	64	-294.568237
87	41	731	-285.614502
88	41	706	-298.97818
89	41	731	-310.129486
90	41	706	-310.934967
91	41	951	-304.010376
92	41	765	-297.265167
93	41	592	-297.971252
94	41	546	-307.74585
95	41	1189	-325.512421
96	41	659	-350.514465
97	41	623	-378.719055
98	41	623	-406.551727
99	41	623	-431.098816
100	41	623	-443.252472
101	41	1040	-446.813354
102	41	1190	-444.432129
103	41	1123	-435.010437
104	41	623	-417.073273
105	41	623	-389.78418
106	41	667	-354.326965
107	41	764	-314.216583
108	41	1082	-276.857697
109	41	765	-250.627289
110	41	586	-231.365738
111	41	585	-207.665833
112	41	889	-172.944687
113	41	893	-143.762436
114	41	1183	-117.971809
115	41	622	-89.290962
116	41	586	-61.310852
117	41	541	-43.587318
118	41	934	-33.570126
119	41	1191	-23.906681
120	41	1028	-5.55306
121	41	135	10.750003
122	41	136	7.93262
123	41	465	3.274797
124	41	338	0
125	41	70	0
126	41	218	0
127	41	502	0
128	41	503	0
0	42	278	0
1	42	253	0
2	42	206	0
3	42	1192	0.898069
4	42	1193	2.54915
5	42	911	22.494217
6	42	1194	62.96199
7	42	1195	112.295845
8	42	1196	130.154678
9	42	144	120.640457
10	42	42	122.597214
11	42	43	130.081573
12	42	142	155.228683
13	42	775	195.360123
14	42	776	242.895309
15	42	776	275.706848
16	42	718	287.156189
17	42	822	279.15274
18	42	797	259.077271
19	42	718	233.510239
20	42	822	207.971344
21	42	797	196.646286
22	42	777	198.897354
23	42	1019	203.347321
24	42	797	216.940262
25	42	776	219.081161
26	42	796	190.971848
27	42	717	182.667938
28	42	718	192.284836
29	42	35	190.197571
30	42	35	181.053268
31	42	145	173.877411
32	42	616	164.725861
33	42	803	148.82338
34	42	51	123.942543
35	42	2	96.698723
36	42	1197	75.484512
37	42	200	62.492222
38	42	861	50.487278
39	42	995	40.037609
40	42	123	29.915112
41	42	152	20.45966
42	42	262	15.035777
43	42	441	10.037416
44	42	152	6.38013
45	42	152	4.114029
46	42	56	2.111951
47	42	230	-1.620595
48	42	11	-14.279366
49	42	153	-29.403484
50	42	154	-7.429327
51	42	155	67.098091
52	42	61	178.988953
53	42	618	201.751083
54	42	153	227.214111
55	42	56	263.619019
56	42	123	315.808746
57	42	192	378.540009
58	42	409	405.085266
59	42	123	409.421478
60	42	154	414.857666
61	42	155	368.492432
62	42	96	295.939301
63	42	292	242.868881
64	42	30	197.779175
65	42	1198	132.051315
66	42	1199	107.066704
67	42	229	81.037727
68	42	54	71.390976
69	42	573	66.323814
70	42	1001	61.338314
71	42	576	-33.473331
72	42	528	-121.647095
73	42	477	-170.088058
74	42	14	-257.998535
75	42	125	-341.542542
76	42	91	-350.747528
77	42	11	-336.545624
78	42	92	-323.77063
79	42	229	-320.187683
80	42	152	-324.837708
81	42	192	-327.65564
82	42	535	-325.389008
83	42	96	-317.183685
84	42	95	-305.175354
85	42	60	-287.835724
86	42	667	-274.383362
87	42	921	-272.558167
88	42	921	-281.224823
89	42	921	-288.326813
90	42	764	-289.218262
91	42	765	-282.664795
92	42	623	-279.627472
93	42	592	-283.352509
94	42	1200	-294.771667
95	42	585	-313.627869
96	42	623	-338.355042
97	42	623	-366.260071
98	42	623	-393.778076
99	42	623	-417.356934
100	42	1181	-428.379822
101	42	1167	-433.133484
102	42	1201	-433.066101
103	42	1123	-425.8591
104	42	623	-408.915863
105	42	951	-381.158417
106	42	1082	-343.147827
107	42	785	-299.993896
108	42	706	-261.213776
109	42	623	-236.539185
110	42	623	-221.194534
111	42	973	-201.467621
112	42	539	-179.001007
113	42	846	-158.020706
114	42	622	-139.819138
115	42	623	-110.674835
116	42	973	-75.74115
117	42	934	-49.295277
118	42	1202	-34.226063
119	42	132	-22.548992
120	42	169	-8.664073
121	42	206	6.179357
122	42	162	5.671807
123	42	133	2.282893
124	42	70	-0.007287
125	42	162	0
126	42	206	0
127	42	788	0
128	42	339	0
0	43	461	0
1	43	1203	0
2	43	1204	0.078446
3	43	1205	1.731639
4	43	145	4.561364
5	43	44	29.589613
6	43	1206	74.42009
7	43	1207	123.305206
8	43	1080	138.65332
9	43	35	119.629128
10	43	144	122.674202
11	43	683	130.770294
12	43	715	151.910355
13	43	797	184.787766
14	43	744	231.653412
15	43	718	268.539063
16	43	683	285.850983
17	43	717	287.002472
18	43	718	267.496948
19	43	683	232.558273
20	43	717	212.09906
21	43	718	205.908035
22	43	142	204.174301
23	43	822	208.28009
24	43	797	217.11618
25	43	776	220.709412
26	43	777	198.223938
27	43	823	176.936325
28	43	614	180.981598
29	43	615	182.392639
30	43	614	169.840561
31	43	521	159.833176
32	43	14	154.354263
33	43	14	139.721405
34	43	13	117.084755
35	43	76	88.443893
36	43	199	66.681442
37	43	1208	51.50201
38	43	55	41.380154
39	43	56	32.662895
40	43	192	24.199684
41	43	577	16.639053
42	43	995	11.889905
43	43	123	7.906095
44	43	123	5.523856
45	43	152	3.410711
46	43	230	2.531475
47	43	92	3.456933
48	43	229	-6.033559
49	43	56	-22.378141
50	43	262	1.708937
51	43	64	93.71627
52	43	129	153.115616
53	43	408	189.218811
54	43	409	227.343307
55	43	192	273.167389
56	43	535	356.468109
57	43	1177	410.907745
58	43	1106	418.191956
59	43	231	422.108673
60	43	948	428.410889
61	43	292	407.089722
62	43	11	321.883423
63	43	804	253.65387
64	43	1209	201.442093
65	43	1210	151.813324
66	43	90	115.042313
67	43	573	81.934135
68	43	43	75.783676
69	43	44	84.154335
70	43	528	54.821018
71	43	529	-33.952663
72	43	755	-84.755875
73	43	477	-146.126663
74	43	11	-249.575317
75	43	14	-320.953033
76	43	14	-335.909332
77	43	125	-326.910065
78	43	90	-317.386871
79	43	55	-317.562164
80	43	262	-319.890106
81	43	861	-319.576904
82	43	440	-312.759918
83	43	59	-302.078491
84	43	861	-288.7099
85	43	731	-271.850525
86	43	812	-269.710358
87	43	1082	-271.576874
88	43	785	-267.179077
89	43	812	-272.011688
90	43	1065	-276.527252
91	43	668	-275.36615
92	43	623	-275.265808
93	43	623	-280.290619
94	43	623	-291.448212
95	43	623	-308.399445
96	43	667	-330.078949
97	43	921	-354.260529
98	43	668	-378.408112
99	43	623	-396.313293
100	43	1181	-407.81015
101	43	1182	-415.639099
102	43	1146	-418.717346
103	43	623	-414.154816
104	43	731	-399.328613
105	43	1107	-371.509033
106	43	706	-332.185699
107	43	623	-286.783508
108	43	623	-248.539337
109	43	623	-226.854187
110	43	973	-214.04567
111	43	540	-201.882034
112	43	584	-190.710144
113	43	585	-172.978333
114	43	889	-154.748688
115	43	1183	-124.30407
116	43	934	-85.860474
117	43	957	-52.986111
118	43	1211	-38.440456
119	43	9	-29.556513
120	43	97	-18.999504
121	43	103	-4.166964
122	43	98	-1.9732
123	43	102	-2.879986
124	43	103	-4.438905
125	43	203	-2.678696
126	43	162	-0.520913
127	43	676	0
128	43	503	0
0	44	475	0
1	44	567	0
2	44	1212	0.401912
3	44	1213	2.145747
4	44	51	6.026671
5	44	1214	34.301254
6	44	1215	84.420967
7	44	1216	129.859146
8	44	1080	132.282089
9	44	119	115.724335
10	44	822	118.535477
11	44	716	128.835388
12	44	717	146.355667
13	44	776	178.797379
14	44	796	228.736801
15	44	717	260.368958
16	44	777	276.372375
17	44	716	284.685394
18	44	715	280.674286
19	44	1019	248.937897
20	44	716	223.779099
21	44	684	215.753494
22	44	35	210.341553
23	44	822	211.095886
24	44	1019	213.508698
25	44	823	217.728409
26	44	614	198.485489
27	44	1039	165.588409
28	44	803	149.464569
29	44	719	155.60289
30	44	576	154.833298
31	44	12	148.441971
32	44	14	137.663681
33	44	12	123.776619
34	44	29	103.533699
35	44	9	76.530006
36	44	27	57.044964
37	44	189	40.993015
38	44	123	32.134033
39	44	1217	25.046139
40	44	1218	17.617508
41	44	88	11.863276
42	44	152	8.31216
43	44	152	5.997412
44	44	54	4.257467
45	44	346	2.339108
46	44	229	3.876026
47	44	123	9.553624
48	44	56	3.215939
49	44	291	-13.988063
50	44	94	1.826293
51	44	195	66.619049
52	44	63	118.803482
53	44	441	159.22789
54	44	154	209.497986
55	44	578	272.285004
56	44	292	335.151428
57	44	59	387.756958
58	44	61	397.744659
59	44	62	404.274994
60	44	62	426.73465
61	44	618	401.651367
62	44	570	332.939423
63	44	1219	269.93219
64	44	1220	228.167297
65	44	30	190.082687
66	44	43	152.17836
67	44	119	104.541428
68	44	42	64.733231
69	44	574	38.678467
70	44	575	-19.577036
71	44	529	-108.837349
72	44	755	-153.751266
73	44	477	-205.824173
74	44	14	-269.510712
75	44	14	-314.206665
76	44	92	-322.305084
77	44	58	-318.813293
78	44	153	-316.158722
79	44	154	-317.491638
80	44	995	-318.94339
81	44	57	-317.25296
82	44	126	-310.065094
83	44	441	-299.059662
84	44	921	-286.805023
85	44	764	-284.585907
86	44	785	-286.233978
87	44	732	-287.898193
88	44	764	-277.089539
89	44	1082	-272.046875
90	44	765	-277.341461
91	44	623	-278.824097
92	44	623	-279.909241
93	44	667	-284.244995
94	44	668	-292.806671
95	44	731	-305.71579
96	44	812	-322.046448
97	44	1065	-340.072174
98	44	668	-356.9375
99	44	667	-371.47583
100	44	668	-384.702423
101	44	623	-397.114838
102	44	623	-403.738525
103	44	623	-402.880371
104	44	623	-389.422974
105	44	623	-361.994751
106	44	623	-321.859222
107	44	623	-275.56662
108	44	623	-240.324387
109	44	586	-222.521378
110	44	585	-215.461075
111	44	623	-210.134933
112	44	623	-205.578613
113	44	586	-185.721771
114	44	541	-165.19194
115	44	1090	-135.801422
116	44	1221	-101.569649
117	44	637	-70.525711
118	44	103	-58.213589
119	44	253	-51.79237
120	44	133	-35.280319
121	44	136	-16.827885
122	44	735	-11.119788
123	44	1222	-13.924093
124	44	254	-14.842114
125	44	203	-12.518044
126	44	9	-7.575429
127	44	1223	-1.057608
128	44	281	0
0	45	20	0
1	45	1224	0
2	45	1225	0.329546
3	45	5	3.060234
4	45	1226	17.105539
5	45	1227	44.416641
6	45	1228	88.551048
7	45	1229	132.956512
8	45	145	124.732697
9	45	144	118.051262
10	45	822	121.137558
11	45	797	127.087654
12	45	744	142.039688
13	45	776	179.867523
14	45	777	223.098068
15	45	716	242.303619
16	45	717	250.065033
17	45	796	255.128922
18	45	778	249.977402
19	45	715	243.840836
20	45	716	230.177826
21	45	684	220.632019
22	45	144	215.787628
23	45	144	212.630402
24	45	119	206.822556
25	45	568	208.819687
26	45	569	190.150101
27	45	531	145.504593
28	45	618	117.616791
29	45	12	122.857002
30	45	531	133.099564
31	45	1230	135.112946
32	45	124	124.443336
33	45	260	108.623596
34	45	149	88.528305
35	45	52	64.927536
36	45	53	46.571568
37	45	123	31.716267
38	45	1231	23.00301
39	45	1232	16.69887
40	45	53	11.024682
41	45	997	6.822743
42	45	151	5.406203
43	45	1037	4.204801
44	45	153	2.698021
45	45	56	0.977926
46	45	192	3.388496
47	45	193	10.856514
48	45	380	7.844547
49	45	12	-9.256856
50	45	93	-10.565306
51	45	1233	17.231646
52	45	995	62.902618
53	45	56	116.778618
54	45	230	175.438171
55	45	12	243.303802
56	45	653	303.484009
57	45	654	350.831879
58	45	654	378.374634
59	45	578	378.795074
60	45	1234	382.740082
61	45	1235	353.235199
62	45	1236	296.937622
63	45	1235	277.364777
64	45	186	258.583191
65	45	1237	218.09877
66	45	649	189.156433
67	45	690	124.653625
68	45	37	37.223045
69	45	1238	-23.998667
70	45	1239	-85.953201
71	45	612	-162.335678
72	45	754	-206.033936
73	45	11	-247.832779
74	45	11	-286.745331
75	45	125	-306.638855
76	45	91	-314.309021
77	45	125	-314.193787
78	45	90	-317.199493
79	45	55	-320.511505
80	45	123	-320.76886
81	45	154	-318.805115
82	45	995	-312.077911
83	45	1107	-296.368347
84	45	812	-294.0065
85	45	1065	-298.230042
86	45	705	-300.228516
87	45	812	-301.758972
88	45	785	-293.638916
89	45	706	-286.746277
90	45	623	-287.120117
91	45	623	-289.129303
92	45	731	-290.831146
93	45	706	-293.001617
94	45	623	-297.341797
95	45	731	-304.337769
96	45	812	-313.967072
97	45	765	-325.222504
98	45	731	-337.326019
99	45	706	-350.332977
100	45	623	-365.510681
101	45	623	-379.654907
102	45	667	-388.970642
103	45	668	-391.609283
104	45	623	-382.187256
105	45	623	-356.680481
106	45	623	-319.492096
107	45	623	-279.658173
108	45	623	-250.536392
109	45	623	-239.081757
110	45	1240	-232.509109
111	45	1241	-227.797241
112	45	889	-221.590302
113	45	1183	-203.483521
114	45	1010	-181.369064
115	45	1242	-157.104385
116	45	930	-127.725815
117	45	309	-93.44545
118	45	102	-81.627449
119	45	98	-67.277328
120	45	102	-43.119049
121	45	769	-23.789068
122	45	770	-17.714304
123	45	162	-21.035685
124	45	206	-22.843763
125	45	9	-21.767426
126	45	65	-15.491714
127	45	1243	-7.422796
128	45	18	0
0	46	68	0
1	46	135	0
2	46	782	0
3	46	11	4.835042
4	46	11	20.519157
5	46	11	47.512329
6	46	258	87.064445
7	46	342	127.313034
8	46	181	124.307587
9	46	35	121.962402
10	46	822	118.950401
11	46	797	117.278496
12	46	777	129.559753
13	46	823	164.703857
14	46	775	198.507904
15	46	1244	207.456253
16	46	1245	207.622482
17	46	744	213.615707
18	46	796	210.706055
19	46	715	205.712067
20	46	716	200.605347
21	46	684	198.89447
22	46	35	204.288849
23	46	35	206.781342
24	46	686	206.522461
25	46	1246	197.202179
26	46	93	168.890762
27	46	195	121.826424
28	46	62	94.627502
29	46	63	100.327515
30	46	441	110.470314
31	46	152	116.767532
32	46	123	110.1894
33	46	289	93.807205
34	46	53	74.249886
35	46	56	53.555401
36	46	56	36.260544
37	46	291	21.798698
38	46	863	13.514281
39	46	123	8.28574
40	46	289	5.432731
41	46	149	3.907151
42	46	27	3.263819
43	46	87	2.24863
44	46	88	0.936699
45	46	154	0.055946
46	46	654	1.362221
47	46	1141	4.645552
48	46	58	1.03706
49	46	92	-15.113407
50	46	229	-31.522402
51	46	56	-24.122381
52	46	152	0.452703
53	46	230	45.5163
54	46	14	135.48584
55	46	153	216.305542
56	46	56	277.578644
57	46	152	323.244446
58	46	230	353.390106
59	46	1247	361.29248
60	46	1248	348.71109
61	46	1249	299.852814
62	46	1250	282.28537
63	46	1236	273.350128
64	46	1251	286.61795
65	46	1252	246.990555
66	46	1253	200.954895
67	46	11	128.349747
68	46	1254	33.726116
69	46	1255	-40.577942
70	46	1125	-93.723999
71	46	1253	-171.467316
72	46	14	-214.650177
73	46	92	-251.804916
74	46	124	-285.261108
75	46	124	-303.654327
76	46	124	-311.629852
77	46	124	-313.091064
78	46	229	-318.657227
79	46	123	-323.118134
80	46	54	-322.730194
81	46	55	-318.583588
82	46	623	-308.138977
83	46	731	-293.092957
84	46	1107	-298.094513
85	46	706	-300.804199
86	46	731	-305.259918
87	46	706	-315.628021
88	46	623	-318.018311
89	46	623	-313.769043
90	46	667	-308.616852
91	46	668	-308.092133
92	46	623	-308.035736
93	46	623	-306.759003
94	46	667	-305.713409
95	46	764	-306.134857
96	46	765	-308.615387
97	46	623	-314.020782
98	46	623	-323.095825
99	46	623	-335.982788
100	46	667	-350.983643
101	46	764	-364.828186
102	46	1065	-374.853394
103	46	668	-379.348999
104	46	623	-375.525116
105	46	623	-358.190033
106	46	623	-331.938049
107	46	623	-304.400299
108	46	889	-284.81723
109	46	1256	-271.527222
110	46	1257	-262.437439
111	46	1183	-254.642456
112	46	957	-246.014099
113	46	1032	-226.784241
114	46	1258	-204.52034
115	46	393	-178.40416
116	46	307	-140.386429
117	46	136	-105.204292
118	46	133	-85.310112
119	46	136	-62.882736
120	46	206	-39.712601
121	46	9	-24.569942
122	46	9	-22.636654
123	46	97	-23.932518
124	46	255	-23.941786
125	46	349	-23.980433
126	46	170	-21.491901
127	46	3	-12.173374
128	46	68	0
0	47	139	0
1	47	67	0
2	47	11	0.062069
3	47	2	3.705825
4	47	318	16.899736
5	47	1259	41.496777
6	47	1260	82.557076
7	47	1134	124.828903
8	47	35	133.176682
9	47	683	124.043411
10	47	717	107.7286
11	47	796	107.326378
12	47	778	115.048981
13	47	1261	140.673065
14	47	1262	171.817337
15	47	1263	187.860321
16	47	1019	178.817398
17	47	797	177.998398
18	47	796	178.576309
19	47	717	167.971313
20	47	796	163.302536
21	47	1264	166.919983
22	47	649	176.875992
23	47	1265	194.879242
24	47	860	198.723465
25	47	618	190.837616
26	47	93	148.922668
27	47	94	108.410889
28	47	95	87.313614
29	47	534	88.198036
30	47	409	91.116013
31	47	123	98.909401
32	47	56	99.813332
33	47	123	82.72226
34	47	123	63.607269
35	47	152	44.994453
36	47	230	28.619965
37	47	153	13.484705
38	47	123	5.696545
39	47	997	3.236609
40	47	226	1.851398
41	47	149	1.60914
42	47	9	1.064249
43	47	191	0.430671
44	47	1266	-0.004857
45	47	193	-0.611274
46	47	409	-3.141617
47	47	57	-6.415086
48	47	229	-14.010824
49	47	123	-32.269985
50	47	56	-47.287403
51	47	152	-48.93795
52	47	57	-27.577324
53	47	58	19.594551
54	47	125	115.768379
55	47	55	188.172989
56	47	56	245.282166
57	47	230	288.022705
58	47	12	314.699158
59	47	1247	318.174988
60	47	1267	315.012238
61	47	1220	273.287964
62	47	1247	269.276215
63	47	1220	278.689423
64	47	1268	311.938202
65	47	1250	282.420349
66	47	528	225.334152
67	47	950	134.031784
68	47	1269	23.881176
69	47	1270	-63.956566
70	47	1220	-128.104828
71	47	92	-193.76828
72	47	229	-232.569824
73	47	123	-266.506622
74	47	123	-293.505035
75	47	56	-307.713928
76	47	123	-313.934814
77	47	56	-315.349579
78	47	56	-319.102386
79	47	57	-323.506226
80	47	229	-322.677887
81	47	623	-316.91275
82	47	623	-302.890778
83	47	623	-293.086548
84	47	623	-298.878235
85	47	667	-309.280823
86	47	668	-315.244598
87	47	623	-327.616211
88	47	667	-335.824829
89	47	764	-337.230865
90	47	765	-334.763123
91	47	667	-332.071228
92	47	921	-328.90329
93	47	705	-323.876526
94	47	1107	-317.781311
95	47	732	-312.138733
96	47	668	-308.483124
97	47	667	-308.883118
98	47	921	-315.238739
99	47	764	-326.716644
100	47	1082	-339.885986
101	47	1082	-352.026947
102	47	1065	-361.561401
103	47	668	-367.321564
104	47	623	-367.802521
105	47	623	-361.807098
106	47	623	-348.866394
107	47	973	-332.821198
108	47	622	-317.649536
109	47	973	-305.353058
110	47	957	-294.736328
111	47	958	-284.059448
112	47	1076	-270.401611
113	47	1028	-248.598679
114	47	274	-219.579224
115	47	339	-179.095291
116	47	675	-133.702393
117	47	737	-98.663857
118	47	1271	-77.188805
119	47	1272	-57.18631
120	47	203	-38.612152
121	47	97	-32.096767
122	47	757	-31.010452
123	47	1273	-27.142056
124	47	1274	-24.490629
125	47	553	-23.968794
126	47	311	-22.471964
127	47	167	-14.281847
128	47	67	0
0	48	14	0
1	48	11	0
2	48	29	0.087256
3	48	1275	2.077173
4	48	1228	9.660991
5	48	1276	29.024181
6	48	1216	76.91523
7	48	1080	123.178093
8	48	775	137.17215
9	48	777	112.82103
10	48	797	93.999046
11	48	1244	93.784149
12	48	1277	102.353348
13	48	1278	125.172554
14	48	718	137.966705
15	48	145	157.735794
16	48	775	151.044754
17	48	777	148.601578
18	48	797	145.168503
19	48	744	134.502365
20	48	1279	136.763611
21	48	571	146.263474
22	48	1280	163.938019
23	48	1281	177.752808
24	48	129	192.231888
25	48	12	185.585449
26	48	14	137.05159
27	48	59	99.091309
28	48	64	76.325867
29	48	441	75.455269
30	48	56	73.117027
31	48	152	80.17981
32	48	152	88.796242
33	48	152	71.292427
34	48	54	53.687737
35	48	91	38.686432
36	48	125	22.63143
37	48	55	7.850125
38	48	289	1.701637
39	48	150	0.216736
40	48	998	0
41	48	9	0
42	48	9	0
43	48	1282	0
44	48	155	-0.029441
45	48	441	-1.55372
46	48	54	-8.264028
47	48	55	-18.784746
48	48	123	-31.80014
49	48	152	-44.867638
50	48	152	-54.005875
51	48	152	-54.255756
52	48	57	-38.332806
53	48	124	17.439421
54	48	229	100.266495
55	48	54	163.442093
56	48	91	212.419724
57	48	92	231.463715
58	48	58	255.292496
59	48	14	271.654236
60	48	12	261.694641
61	48	14	256.562897
62	48	14	256.548431
63	48	1247	283.171478
64	48	1283	313.250702
65	48	478	296.143677
66	48	572	237.451874
67	48	36	141.777847
68	48	51	13.516733
69	48	92	-86.218697
70	48	229	-161.480896
71	48	123	-222.121857
72	48	56	-263.066772
73	48	123	-293.466858
74	48	56	-309.843445
75	48	123	-317.152924
76	48	123	-320.090851
77	48	152	-320.135681
78	48	123	-320.209015
79	48	56	-321.229431
80	48	623	-321.062439
81	48	623	-312.826172
82	48	623	-296.835297
83	48	623	-296.584015
84	48	951	-310.79895
85	48	765	-317.551056
86	48	623	-322.947235
87	48	951	-336.964661
88	48	785	-349.03717
89	48	706	-355.319946
90	48	731	-355.938507
91	48	1107	-354.361145
92	48	732	-349.666901
93	48	668	-341.905853
94	48	731	-332.032623
95	48	706	-321.834625
96	48	731	-313.64566
97	48	1107	-309.800049
98	48	812	-312.406403
99	48	1082	-320.628754
100	48	952	-330.38916
101	48	785	-340.062683
102	48	706	-348.518585
103	48	623	-355.10498
104	48	623	-359.388855
105	48	623	-360.876465
106	48	973	-358.573914
107	48	658	-350.526825
108	48	1183	-340.978607
109	48	1284	-330.900055
110	48	1285	-319.95163
111	48	1286	-306.496033
112	48	954	-287.334442
113	48	308	-258.525238
114	48	361	-217.318817
115	48	307	-162.816422
116	48	274	-108.4701
117	48	1287	-81.764389
118	48	1288	-65.472755
119	48	1289	-50.263702
120	48	1290	-43.986969
121	48	1096	-44.492981
122	48	1291	-43.177582
123	48	1079	-35.901077
124	48	1292	-27.213783
125	48	67	-23.987551
126	48	12	-21.284178
127	48	14	-13.212408
128	48	12	0
0	49	2	0
1	49	75	0
2	49	1	0.016059
3	49	11	0.745836
4	49	1293	6.701677
5	49	993	24.657125
6	49	1294	64.283096
7	49	717	115.80423
8	49	796	127.203178
9	49	715	95.801506
10	49	1295	87.742874
11	49	1296	88.996452
12	49	1278	93.031158
13	49	718	100.618706
14	49	683	105.299339
15	49	717	129.269608
16	49	796	129.836975
17	49	717	122.716087
18	49	744	122.776871
19	49	1279	125.084785
20	49	613	128.796143
21	49	969	137.305969
22	49	1297	153.834045
23	49	1298	171.790604
24	49	524	180.54335
25	49	477	175.401688
26	49	653	132.198853
27	49	654	84.138062
28	49	995	65.234482
29	49	152	62.546177
30	49	123	61.100273
31	49	56	71.403664
32	49	54	77.484718
33	49	91	63.833672
34	49	14	46.922451
35	49	12	31.606707
36	49	153	17.404331
37	49	152	3.119408
38	49	289	0.022884
39	49	288	0
40	49	149	0
41	49	52	0
42	49	53	0
43	49	154	0
44	49	995	-0.030459
45	49	230	-1.646812
46	49	153	-9.600482
47	49	56	-23.567514
48	49	56	-37.051819
49	49	997	-48.550785
50	49	88	-53.66959
51	49	152	-48.817924
52	49	56	-28.593849
53	49	123	49.371933
54	49	57	98.416451
55	49	124	138.184402
56	49	229	177.505707
57	49	230	202.643082
58	49	14	225.906998
59	49	11	233.028015
60	49	1236	240.627243
61	49	1235	242.529861
62	49	12	249.463165
63	49	570	269.304871
64	49	803	288.948029
65	49	1237	275.459808
66	49	521	223.227432
67	49	12	129.711227
68	49	153	1.238909
69	49	56	-102.470306
70	49	123	-181.751648
71	49	152	-241.804398
72	49	123	-284.5578
73	49	123	-313.792755
74	49	56	-325.108704
75	49	152	-328.095459
76	49	152	-327.718201
77	49	56	-326.005371
78	49	152	-322.409424
79	49	623	-321.849457
80	49	623	-319.388702
81	49	623	-310.176788
82	49	667	-303.057953
83	49	764	-309.748108
84	49	765	-316.601349
85	49	623	-323.539337
86	49	731	-332.134766
87	49	706	-344.31723
88	49	623	-357.370453
89	49	623	-366.140808
90	49	623	-369.472504
91	49	951	-370.236542
92	49	765	-366.665039
93	49	623	-357.832825
94	49	623	-346.015045
95	49	623	-333.229675
96	49	623	-322.278839
97	49	951	-315.677582
98	49	785	-314.102936
99	49	812	-316.880157
100	49	765	-322.006927
101	49	889	-328.309784
102	49	893	-335.150482
103	49	659	-342.295959
104	49	889	-349.450623
105	49	1002	-355.928925
106	49	541	-359.482971
107	49	540	-357.818726
108	49	1299	-352.92218
109	49	1300	-345.312927
110	49	1301	-334.223511
111	49	1093	-318.453949
112	49	872	-293.992584
113	49	597	-256.807465
114	49	394	-204.41478
115	49	310	-142.934723
116	49	872	-88.434433
117	49	1302	-63.296349
118	49	173	-51.951122
119	49	475	-48.321281
120	49	16	-51.33231
121	49	216	-54.410255
122	49	1303	-55.670166
123	49	739	-47.58604
124	49	2	-32.447304
125	49	21	-21.719608
126	49	3	-17.763016
127	49	14	-9.174169
128	49	13	0
0	50	1	0
1	50	1304	0
2	50	1305	0
3	50	1148	0.188092
4	50	1215	8.105488
5	50	1306	20.408344
6	50	797	49.206707
7	50	777	92.444664
8	50	716	105.197113
9	50	717	93.711281
10	50	1307	91.415192
11	50	1278	91.085869
12	50	718	85.969986
13	50	822	81.975868
14	50	1019	89.316315
15	50	797	109.330711
16	50	776	114.77832
17	50	777	120.090797
18	50	1308	125.030983
19	50	1309	130.056046
20	50	722	133.921341
21	50	1310	139.193695
22	50	720	148.607208
23	50	647	164.904968
24	50	1311	169.788406
25	50	435	153.157822
26	50	409	109.133942
27	50	152	70.312881
28	50	152	60.24239
29	50	56	56.114174
30	50	56	57.061718
31	50	693	67.657616
32	50	618	71.906364
33	50	12	59.530991
34	50	14	43.282211
35	50	153	25.835819
36	50	152	12.821083
37	50	123	1.966221
38	50	56	0
39	50	289	0
40	50	53	0
41	50	997	0
42	50	88	0
43	50	152	0
44	50	230	-0.008546
45	50	125	-0.751992
46	50	90	-5.440784
47	50	85	-14.52625
48	50	998	-28.544043
49	50	122	-39.258141
50	50	152	-43.825775
51	50	152	-39.47089
52	50	56	-16.472742
53	50	123	59.328388
54	50	56	77.253281
55	50	152	84.614807
56	50	230	148.299103
57	50	92	184.582077
58	50	58	216.051514
59	50	1247	236.188965
60	50	1220	241.790375
61	50	11	241.274719
62	50	1236	244.163849
63	50	1312	246.51532
64	50	612	250.700806
65	50	754	231.18512
66	50	14	180.228821
67	50	125	94.003334
68	50	55	-26.070375
69	50	56	-119.033493
70	50	123	-197.290634
71	50	56	-258.082367
72	50	123	-300.805878
73	50	152	-326.14212
74	50	56	-335.234467
75	50	152	-336.275757
76	50	56	-334.243591
77	50	123	-331.057861
78	50	623	-326.725098
79	50	623	-326.773224
80	50	667	-323.206512
81	50	705	-318.263397
82	50	1107	-323.498993
83	50	706	-327.014587
84	50	623	-327.420929
85	50	623	-328.299652
86	50	623	-337.729675
87	50	623	-350.039764
88	50	623	-361.973389
89	50	623	-370.891327
90	50	731	-375.629333
91	50	706	-377.908539
92	50	623	-377.172302
93	50	623	-369.278534
94	50	667	-356.851227
95	50	921	-342.966003
96	50	764	-330.937653
97	50	1065	-323.771851
98	50	705	-319.499969
99	50	706	-316.119446
100	50	973	-315.340637
101	50	846	-316.738037
102	50	658	-321.379791
103	50	1002	-328.74646
104	50	1023	-338.191132
105	50	1002	-347.84314
106	50	585	-354.727478
107	50	786	-357.100403
108	50	787	-355.469574
109	50	274	-349.767426
110	50	393	-339.244019
111	50	1313	-321.681
112	50	1258	-293.465942
113	50	393	-250.479248
114	50	140	-194.158951
115	50	1314	-134.039978
116	50	1315	-85.946884
117	50	393	-56.337643
118	50	421	-48.272877
119	50	275	-54.507519
120	50	173	-59.505814
121	50	1292	-62.324821
122	50	67	-62.738762
123	50	13	-55.452332
124	50	39	-37.26511
125	50	28	-17.886362
126	50	3	-10.079219
127	50	11	-4.684848
128	50	11	0
0	51	1226	0
1	51	1227	0
2	51	1316	0
3	51	1317	1.510785
4	51	187	9.545692
5	51	775	22.454714
6	51	796	41.791084
7	51	717	66.590462
8	51	776	77.323578
9	51	1318	98.865501
10	51	1319	97.567207
11	51	716	93.078552
12	51	778	81.932877
13	51	684	79.277817
14	51	775	85.04113
15	51	777	95.829498
16	51	823	121.094864
17	51	614	141.369171
18	51	1265	147.841995
19	51	1320	155.733658
20	51	1321	158.035583
21	51	576	159.42186
22	51	59	166.83757
23	51	861	174.243103
24	51	155	165.185059
25	51	441	136.1082
26	51	192	97.234863
27	51	409	66.942947
28	51	192	55.881767
29	51	193	53.169167
30	51	577	54.562237
31	51	1141	61.373169
32	51	58	68.145683
33	51	531	55.497902
34	51	847	39.415623
35	51	90	21.561296
36	51	55	9.34992
37	51	123	2.044932
38	51	123	0.28707
39	51	56	0
40	51	289	0
41	51	53	0
42	51	997	0
43	51	1037	0
44	51	2	0
45	51	21	-0.008649
46	51	22	-0.073927
47	51	52	-1.852535
48	51	150	-7.490795
49	51	88	-17.090099
50	51	56	-27.913181
51	51	123	-30.819605
52	51	56	-20.318874
53	51	152	5.558083
54	51	152	19.394144
55	51	230	10.484507
56	51	125	107.508141
57	51	1322	177.625305
58	51	1323	224.941101
59	51	1323	250.892548
60	51	1323	257.725342
61	51	1324	256.020935
62	51	923	251.791229
63	51	720	249.912354
64	51	755	226.266342
65	51	477	189.919739
66	51	92	128.651688
67	51	89	24.32662
68	51	90	-51.677849
69	51	55	-134.812225
70	51	54	-206.570953
71	51	90	-268.474731
72	51	55	-311.010101
73	51	54	-333.677795
74	51	55	-341.384186
75	51	56	-340.776978
76	51	123	-337.831543
77	51	623	-333.681335
78	51	623	-331.853943
79	51	731	-332.47702
80	51	706	-329.268433
81	51	667	-337.954193
82	51	921	-344.377991
83	51	668	-347.368683
84	51	623	-343.467316
85	51	623	-336.326996
86	51	623	-337.387512
87	51	623	-346.228516
88	51	623	-355.942932
89	51	623	-364.308319
90	51	623	-372.760925
91	51	623	-379.449127
92	51	623	-379.347321
93	51	951	-373.22287
94	51	785	-361.231903
95	51	812	-347.134308
96	51	785	-334.923462
97	51	706	-327.305359
98	51	623	-323.26062
99	51	973	-317.845917
100	51	934	-310.826843
101	51	540	-306.256592
102	51	585	-307.519196
103	51	973	-315.515259
104	51	622	-326.792206
105	51	623	-337.99057
106	51	623	-346.672546
107	51	1325	-351.368225
108	51	937	-351.817474
109	51	975	-347.541901
110	51	1326	-337.507141
111	51	602	-319.814575
112	51	872	-290.418854
113	51	900	-247.056808
114	51	1302	-192.570114
115	51	1327	-138.544525
116	51	1328	-93.827385
117	51	1329	-63.926029
118	51	420	-55.2206
119	51	217	-64.676811
120	51	1330	-71.525871
121	51	5	-71.441818
122	51	14	-68.476654
123	51	2	-57.859196
124	51	22	-35.924492
125	51	10	-13.602472
126	51	14	-3.545386
127	51	11	-0.203702
128	51	14	0
0	52	1304	0
1	52	1331	0
2	52	1332	0
3	52	1333	2.765607
4	52	1334	12.62739
5	52	797	26.425125
6	52	744	40.70808
7	52	776	46.579941
8	52	718	57.970795
9	52	144	82.733841
10	52	775	107.851944
11	52	777	94.422165
12	52	716	82.857208
13	52	717	87.993149
14	52	718	87.348244
15	52	144	105.225952
16	52	781	126.913094
17	52	720	158.101608
18	52	1335	188.962463
19	52	195	198.61972
20	52	62	198.434235
21	52	1336	204.127457
22	52	1062	200.592575
23	52	535	192.082413
24	52	534	157.308594
25	52	577	124.971977
26	52	995	93.178276
27	52	154	65.333969
28	52	654	54.618801
29	52	995	47.846157
30	52	192	45.536518
31	52	617	56.104897
32	52	63	64.928848
33	52	61	50.307053
34	52	618	33.579098
35	52	125	17.52269
36	52	55	6.146443
37	52	152	2.438335
38	52	56	0.481598
39	52	152	0
40	52	152	0
41	52	1137	0
42	52	1	0
43	52	13	0
44	52	76	-0.083807
45	52	52	-1.129351
46	52	150	1.66599
47	52	226	7.940306
48	52	53	8.472885
49	52	56	1.436504
50	52	56	-8.87251
51	52	152	-20.238974
52	52	56	-25.360895
53	52	123	-26.867243
54	52	57	-34.767559
55	52	58	-27.363649
56	52	1337	79.043983
57	52	1338	173.703796
58	52	1339	257.518921
59	52	1340	286.948792
60	52	933	298.756104
61	52	846	297.619385
62	52	523	290.55072
63	52	612	260.59436
64	52	754	228.203568
65	52	125	167.928436
66	52	91	54.133842
67	52	92	-7.61921
68	52	89	-72.006432
69	52	346	-137.887451
70	52	58	-204.663284
71	52	125	-267.31778
72	52	91	-313.179565
73	52	125	-335.621735
74	52	55	-342.552917
75	52	123	-341.391357
76	52	623	-338.089172
77	52	623	-333.936829
78	52	623	-334.174469
79	52	623	-334.496033
80	52	731	-341.353119
81	52	812	-359.908264
82	52	765	-369.833649
83	52	623	-370.613159
84	52	623	-363.753601
85	52	623	-350.621704
86	52	623	-333.194916
87	52	623	-332.203217
88	52	623	-340.64502
89	52	667	-349.123688
90	52	921	-361.828949
91	52	921	-373.131927
92	52	705	-374.022552
93	52	706	-366.202637
94	52	731	-355.281952
95	52	706	-343.346375
96	52	623	-333.221313
97	52	623	-324.897552
98	52	586	-319.504944
99	52	584	-316.691528
100	52	585	-306.693665
101	52	889	-296.457245
102	52	1341	-297.699921
103	52	1342	-305.926392
104	52	623	-316.883759
105	52	889	-327.912476
106	52	1183	-337.106781
107	52	1343	-343.245544
108	52	1344	-345.42627
109	52	1078	-342.787018
110	52	975	-334.08374
111	52	1326	-317.23056
112	52	1345	-289.564514
113	52	672	-249.799286
114	52	276	-201.883377
115	52	108	-154.599655
116	52	1291	-112.817146
117	52	1346	-82.095581
118	52	739	-68.899307
119	52	554	-74.486855
120	52	1347	-83.778755
121	52	12	-83.496498
122	52	29	-75.88855
123	52	0	-60.616074
124	52	1	-34.685665
125	52	12	-11.704494
126	52	14	-0.603448
127	52	11	0
128	52	1226	0
0	53	1332	0
1	53	1348	0
2	53	1215	0
3	53	941	3.285142
4	53	717	15.273568
5	53	776	28.806789
6	53	744	40.765068
7	53	796	43.080193
8	53	778	49.028667
9	53	717	62.552044
10	53	718	74.15287
11	53	775	92.192261
12	53	744	91.767174
13	53	718	90.910545
14	53	145	104.73851
15	53	781	124.209229
16	53	523	148.953201
17	53	1349	187.254303
18	53	126	228.620819
19	53	60	233.962952
20	53	534	220.943542
21	53	194	212.404114
22	53	1233	201.741592
23	53	654	176.049438
24	53	995	149.766693
25	53	56	125.918282
26	53	152	85.221291
27	53	152	60.055191
28	53	56	55.264618
29	53	154	51.267479
30	53	654	44.573982
31	53	654	52.835064
32	53	578	55.523495
33	53	195	42.827106
34	53	618	27.808191
35	53	153	13.69201
36	53	152	4.75703
37	53	56	2.434772
38	53	123	0.497622
39	53	123	0
40	53	230	0
41	53	14	0
42	53	14	0
43	53	29	-1.847493
44	53	999	-5.386072
45	53	148	-7.214847
46	53	53	-3.862243
47	53	123	5.099522
48	53	123	10.509832
49	53	152	10.19668
50	53	54	2.722193
51	53	90	-8.426034
52	53	55	-21.996897
53	53	152	-34.642467
54	53	57	-37.984745
55	53	1350	-12.007356
56	53	1351	92.034096
57	53	1352	195.783325
58	53	1353	264.370819
59	53	1354	317.862854
60	53	1009	352.426605
61	53	720	354.787354
62	53	751	332.263214
63	53	646	282.162415
64	53	525	223.683792
65	53	477	151.910965
66	53	125	40.940029
67	53	91	-23.487661
68	53	125	-77.648094
69	53	91	-139.001907
70	53	12	-189.402817
71	53	14	-252.539368
72	53	11	-307.056366
73	53	153	-331.376038
74	53	56	-337.48468
75	53	623	-337.520996
76	53	889	-335.40979
77	53	659	-332.47934
78	53	623	-333.747131
79	53	623	-332.384979
80	53	731	-349.894012
81	53	732	-374.437195
82	53	668	-387.778473
83	53	623	-387.685974
84	53	623	-378.732697
85	53	623	-362.201538
86	53	623	-340.095001
87	53	623	-329.530029
88	53	951	-332.007782
89	53	1082	-341.585144
90	53	952	-353.466125
91	53	1065	-365.098969
92	53	668	-363.216522
93	53	623	-353.53717
94	53	623	-344.418091
95	53	623	-337.140472
96	53	623	-331.685486
97	53	623	-324.494598
98	53	623	-318.770935
99	53	889	-314.545929
100	53	1183	-304.066406
101	53	924	-292.142792
102	53	1355	-295.203308
103	53	1356	-303.492645
104	53	1183	-310.871216
105	53	957	-320.19928
106	53	1357	-329.54834
107	53	394	-336.788727
108	53	1358	-340.610626
109	53	1359	-339.899445
110	53	930	-333.281555
111	53	463	-318.979767
112	53	393	-295.179382
113	53	217	-261.479309
114	53	281	-220.983902
115	53	20	-179.126099
116	53	554	-140.038712
117	53	1347	-108.249054
118	53	19	-89.496361
119	53	475	-87.537498
120	53	1360	-92.894096
121	53	13	-95.820572
122	53	1361	-90.789711
123	53	248	-72.887756
124	53	248	-42.881687
125	53	248	-15.759896
126	53	5	-2.822878
127	53	14	0
128	53	1226	0
0	54	1362	0
1	54	1363	0
2	54	1334	0
3	54	797	4.147063
4	54	744	16.014601
5	54	744	29.584126
6	54	776	42.168858
7	54	744	50.144321
8	54	776	48.904995
9	54	796	53.529587
10	54	717	61.111832
11	54	777	72.476524
12	54	823	93.168259
13	54	145	103.976479
14	54	781	129.116837
15	54	539	167.997208
16	54	1364	190.074738
17	54	1365	217.141296
18	54	94	239.996628
19	54	95	242.659348
20	54	61	228.360184
21	54	435	203.733627
22	54	409	174.658966
23	54	56	158.490128
24	54	54	153.721176
25	54	55	127.907265
26	54	56	88.432854
27	54	56	61.096024
28	54	54	56.928066
29	54	1106	56.837017
30	54	231	53.664207
31	54	1366	46.881996
32	54	63	47.017567
33	54	61	35.045311
34	54	828	22.080275
35	54	152	9.120917
36	54	192	4.276483
37	54	193	2.034113
38	54	193	0.334024
39	54	617	0
40	54	62	0
41	54	1230	-0.305875
42	54	260	-3.91729
43	54	319	-12.014958
44	54	229	-19.225157
45	54	123	-23.19132
46	54	56	-21.309118
47	54	152	-9.81824
48	54	123	-0.345697
49	54	230	5.460085
50	54	92	5.272875
51	54	229	-3.58486
52	54	152	-17.682529
53	54	56	-33.248627
54	54	1367	-35.501442
55	54	1368	-1.827548
56	54	152	122.155617
57	54	123	213.08493
58	54	1367	281.576935
59	54	1369	321.604065
60	54	755	357.33963
61	54	950	381.869354
62	54	144	351.185425
63	54	568	289.043243
64	54	575	212.672821
65	54	524	140.921631
66	54	524	36.877918
67	54	477	-23.664829
68	54	528	-80.911507
69	54	524	-140.927429
70	54	477	-198.166031
71	54	12	-250.063461
72	54	153	-295.058289
73	54	56	-320.223145
74	54	659	-328.711792
75	54	973	-332.297028
76	54	622	-333.094604
77	54	889	-331.90506
78	54	893	-332.973206
79	54	659	-332.063629
80	54	951	-348.97934
81	54	1065	-371.644348
82	54	668	-391.590363
83	54	623	-399.432526
84	54	623	-393.1008
85	54	623	-376.687408
86	54	667	-358.320435
87	54	705	-351.525818
88	54	812	-351.358063
89	54	1082	-358.320923
90	54	785	-364.18634
91	54	706	-361.881989
92	54	623	-354.394043
93	54	623	-343.30835
94	54	623	-336.525024
95	54	623	-334.067719
96	54	623	-333.097473
97	54	623	-331.217102
98	54	973	-326.723907
99	54	846	-320.412872
100	54	846	-310.39859
101	54	924	-300.764832
102	54	1124	-297.913422
103	54	1125	-304.850677
104	54	1032	-311.336731
105	54	1370	-318.831909
106	54	597	-327.665222
107	54	635	-335.763885
108	54	672	-341.400024
109	54	140	-343.135071
110	54	873	-339.636475
111	54	1127	-329.291443
112	54	275	-310.538147
113	54	1303	-282.838196
114	54	275	-248.171783
115	54	173	-210.306137
116	54	475	-173.02388
117	54	173	-140.358292
118	54	140	-116.412773
119	54	1371	-105.448143
120	54	5	-107.150337
121	54	167	-108.121986
122	54	101	-100.980743
123	54	139	-85.489449
124	54	101	-56.861057
125	54	782	-26.084822
126	54	12	-6.154714
127	54	12	-0.033427
128	54	12	0
0	55	1214	0
1	55	1372	0
2	55	1334	0.077357
3	55	797	4.141467
4	55	777	15.639273
5	55	797	30.919798
6	55	777	47.783485
7	55	797	62.067402
8	55	776	59.56443
9	55	777	56.360676
10	55	823	62.421574
11	55	144	73.465378
12	55	142	85.74485
13	55	568	93.274948
14	55	752	120.654129
15	55	752	188.205185
16	55	575	224.476868
17	55	477	232.075928
18	55	93	241.33342
19	55	94	226.599884
20	55	1233	210.654648
21	55	995	189.344589
22	55	123	162.947968
23	55	230	150.887451
24	55	1373	149.042603
25	55	1021	133.373474
26	55	1374	103.52993
27	55	230	74.659912
28	55	653	59.166355
29	55	1141	59.652855
30	55	1140	51.650204
31	55	654	47.226719
32	55	654	37.524643
33	55	995	26.503521
34	55	123	14.561687
35	55	154	6.674928
36	55	155	3.373738
37	55	60	1.268818
38	55	861	0.001817
39	55	654	0
40	55	995	-0.057093
41	55	56	-3.589436
42	55	56	-12.604832
43	55	123	-25.664509
44	55	56	-37.069771
45	55	54	-43.808754
46	55	90	-42.710228
47	55	90	-33.401844
48	55	91	-18.842234
49	55	408	-7.637091
50	55	409	-0.094602
51	55	192	-6.514363
52	55	409	-20.117531
53	55	56	-28.976084
54	55	152	-27.111643
55	55	123	13.189481
56	55	123	124.092827
57	55	56	203.456818
58	55	230	265.670624
59	55	570	310.563416
60	55	530	345.947235
61	55	615	386.181427
62	55	614	381.512665
63	55	437	301.071838
64	55	720	200.352325
65	55	482	125.43087
66	55	754	41.202553
67	55	1375	-11.621655
68	55	752	-73.898117
69	55	569	-148.935715
70	55	14	-204.460403
71	55	125	-247.259827
72	55	55	-282.611908
73	55	585	-306.687439
74	55	973	-320.04953
75	55	658	-328.813416
76	55	1183	-331.882507
77	55	539	-330.212097
78	55	622	-326.053741
79	55	951	-327.723206
80	55	952	-341.379944
81	55	765	-360.458984
82	55	623	-386.142273
83	55	623	-406.740753
84	55	623	-407.037811
85	55	951	-392.802002
86	55	765	-380.144684
87	55	951	-373.936005
88	55	1082	-374.642181
89	55	765	-382.20752
90	55	623	-379.915833
91	55	623	-369.403809
92	55	623	-355.144867
93	55	623	-342.603333
94	55	623	-338.261017
95	55	623	-338.063019
96	55	623	-340.450104
97	55	586	-342.439453
98	55	541	-341.413391
99	55	539	-335.927429
100	55	539	-326.285461
101	55	1191	-314.724426
102	55	1006	-307.989075
103	55	932	-311.705566
104	55	1359	-317.705353
105	55	672	-325.122772
106	55	140	-333.745605
107	55	140	-342.942322
108	55	598	-350.682617
109	55	1376	-355.117798
110	55	1377	-354.926025
111	55	463	-348.625854
112	55	339	-334.536133
113	55	1055	-311.637787
114	55	281	-281.007324
115	55	217	-246.205002
116	55	17	-210.507416
117	55	17	-177.126572
118	55	1378	-149.449203
119	55	1273	-131.301208
120	55	71	-126.036133
121	55	651	-124.618996
122	55	727	-115.930313
123	55	167	-98.111549
124	55	67	-68.954811
125	55	30	-35.974716
126	55	116	-12.411935
127	55	11	-0.963037
128	55	1214	0
0	56	1215	0
1	56	1102	0
2	56	775	0.176106
3	56	796	3.201804
4	56	717	14.338339
5	56	796	32.575851
6	56	717	56.689816
7	56	776	79.65963
8	56	796	84.323753
9	56	684	70.947517
10	56	35	71.574402
11	56	145	71.890923
12	56	142	70.366707
13	56	145	74.716797
14	56	36	105.755287
15	56	719	152.462799
16	56	745	212.01918
17	56	618	237.871017
18	56	11	241.089584
19	56	153	210.095032
20	56	123	184.011398
21	56	152	161.299271
22	56	57	149.63916
23	56	1104	142.201843
24	56	753	139.625107
25	56	1379	125.446609
26	56	1380	110.136246
27	56	153	80.966621
28	56	56	64.238678
29	56	56	51.935158
30	56	123	48.607769
31	56	152	49.186134
32	56	152	31.425125
33	56	56	16.405973
34	56	123	8.833743
35	56	262	4.554269
36	56	64	2.13191
37	56	534	0.53084
38	56	193	0
39	56	409	0
40	56	56	-1.121062
41	56	192	-7.503277
42	56	409	-21.258175
43	56	56	-39.295422
44	56	230	-56.239887
45	56	12	-67.302162
46	56	92	-71.227066
47	56	124	-61.223011
48	56	126	-42.599571
49	56	534	-22.149784
50	56	577	-14.004953
51	56	995	-16.786341
52	56	997	-26.778576
53	56	88	-30.593363
54	56	56	-0.255019
55	56	56	45.948265
56	56	123	128.190063
57	56	230	171.529968
58	56	14	238.42157
59	56	522	281.857605
60	56	1381	330.44873
61	56	1382	383.049103
62	56	934	394.51358
63	56	754	303.719696
64	56	570	181.690125
65	56	843	108.813454
66	56	50	62.350269
67	56	187	5.013771
68	56	42	-69.68306
69	56	116	-142.627029
70	56	92	-200.704529
71	56	229	-242.054977
72	56	623	-273.992157
73	56	586	-296.838623
74	56	541	-315.862885
75	56	540	-326.764557
76	56	541	-330.880768
77	56	658	-328.273163
78	56	870	-317.054199
79	56	1107	-312.126312
80	56	706	-327.473785
81	56	623	-350.323517
82	56	623	-377.865662
83	56	623	-403.820557
84	56	951	-411.356445
85	56	1065	-406.42746
86	56	705	-399.853607
87	56	1107	-394.398743
88	56	1383	-394.391876
89	56	893	-399.026093
90	56	659	-395.729004
91	56	1164	-382.351868
92	56	1384	-366.411316
93	56	1045	-354.119904
94	56	1164	-348.566162
95	56	1384	-349.00412
96	56	1045	-352.785675
97	56	1385	-357.392883
98	56	1386	-359.326752
99	56	1125	-356.195923
100	56	1387	-346.638214
101	56	931	-333.118042
102	56	1359	-323.498566
103	56	1388	-325.481689
104	56	597	-330.933685
105	56	140	-338.649567
106	56	140	-348.661896
107	56	1314	-359.513977
108	56	1220	-368.662506
109	56	1389	-374.7117
110	56	339	-376.646912
111	56	463	-373.1185
112	56	275	-362.455811
113	56	16	-343.228302
114	56	1330	-316.394196
115	56	248	-284.292877
116	56	5	-250.217819
117	56	14	-216.782883
118	56	167	-187.019257
119	56	1390	-165.336502
120	56	0	-160.832565
121	56	1	-147.25795
122	56	4	-130.43454
123	56	248	-111.348747
124	56	1391	-77.416702
125	56	42	-44.926399
126	56	116	-19.217022
127	56	1392	-2.570313
128	56	1216	0
0	57	1080	0
1	57	822	0
2	57	1019	0.105746
3	57	797	2.060993
4	57	777	11.435279
5	57	1019	34.784538
6	57	1019	70.15136
7	57	1019	100.616402
8	57	823	108.894722
9	57	145	103.8936
10	57	36	72.757248
11	57	187	63.814346
12	57	36	57.068447
13	57	51	67.791283
14	57	12	99.36895
15	57	93	140.906174
16	57	292	187.681503
17	57	531	224.490463
18	57	847	228.833069
19	57	90	202.059372
20	57	55	165.515045
21	57	56	139.139572
22	57	1393	121.565002
23	57	645	119.269135
24	57	1394	127.122543
25	57	1395	114.224655
26	57	828	100.699844
27	57	152	87.562111
28	57	123	68.177818
29	57	152	47.868446
30	57	123	50.525723
31	57	123	44.620266
32	57	123	24.815035
33	57	56	9.258279
34	57	154	5.115362
35	57	155	2.369859
36	57	861	0.716442
37	57	654	0
38	57	995	0
39	57	123	0
40	57	154	-2.321043
41	57	995	-10.074261
42	57	123	-26.845705
43	57	57	-50.274479
44	57	486	-76.653046
45	57	435	-97.296227
46	57	193	-105.33741
47	57	535	-94.360649
48	57	861	-71.831261
49	57	995	-46.831867
50	57	56	-35.861919
51	57	1137	-35.764774
52	57	225	-41.726952
53	57	90	-28.838009
54	57	90	20.843102
55	57	90	62.674698
56	57	91	78.799408
57	57	1236	119.354507
58	57	1251	182.610855
59	57	1396	228.684357
60	57	923	264.904785
61	57	571	318.492767
62	57	646	331.032288
63	57	116	252.640579
64	57	186	151.635254
65	57	650	91.878723
66	57	950	55.48016
67	57	142	7.58812
68	57	44	-61.070213
69	57	153	-136.982361
70	57	152	-197.3759
71	57	889	-240.211273
72	57	659	-270.263947
73	57	973	-293.498322
74	57	622	-312.660156
75	57	973	-323.832947
76	57	540	-328.940979
77	57	585	-326.445282
78	57	889	-311.995636
79	57	893	-297.168762
80	57	659	-315.817688
81	57	623	-344.292297
82	57	623	-371.931122
83	57	731	-399.455261
84	57	812	-413.125153
85	57	1065	-416.147949
86	57	921	-415.437347
87	57	1397	-412.658295
88	57	934	-411.095245
89	57	658	-413.337952
90	57	1398	-408.974609
91	57	1399	-396.115326
92	57	1400	-382.174103
93	57	1121	-370.909912
94	57	1399	-364.277496
95	57	1401	-363.899658
96	57	1402	-368.098694
97	57	1049	-374.178528
98	57	1006	-378.347473
99	57	1027	-377.4039
100	57	1242	-369.445587
101	57	672	-356.309814
102	57	635	-346.313904
103	57	672	-345.689575
104	57	140	-350.837372
105	57	140	-360.295898
106	57	475	-372.271973
107	57	257	-383.493988
108	57	1403	-392.394897
109	57	361	-398.244263
110	57	1292	-400.293945
111	57	1079	-397.827332
112	57	1371	-389.278381
113	57	134	-373.298615
114	57	69	-350.237396
115	57	782	-321.227203
116	57	14	-289.021729
117	57	11	-255.959335
118	57	13	-225.133118
119	57	1361	-202.173264
120	57	5	-193.246979
121	57	167	-176.866333
122	57	806	-149.042206
123	57	1404	-122.405884
124	57	36	-89.142403
125	57	49	-51.016624
126	57	43	-23.358561
127	57	940	-3.030146
128	57	1216	0
0	58	1080	0
1	58	145	0
2	58	822	0.032197
3	58	823	1.591391
4	58	142	12.305077
5	58	144	41.986359
6	58	145	84.648453
7	58	35	115.551872
8	58	119	119.593628
9	58	42	102.377785
10	58	43	72.780243
11	58	42	60.817829
12	58	116	50.955692
13	58	12	63.972935
14	58	12	102.796951
15	58	531	137.736984
16	58	63	183.702454
17	58	61	211.914017
18	58	1230	211.356735
19	58	229	200.739822
20	58	152	165.939758
21	58	1405	135.815979
22	58	1406	117.61039
23	58	1407	108.700401
24	58	291	117.150635
25	58	863	106.721504
26	58	56	93.08326
27	58	56	85.296432
28	58	152	67.0867
29	58	152	50.822548
30	58	56	43.906452
31	58	56	37.427563
32	58	56	21.671383
33	58	192	8.04971
34	58	577	1.993448
35	58	995	0.53297
36	58	123	0
37	58	152	-0.000027
38	58	152	-0.004067
39	58	56	-0.021463
40	58	123	-2.251482
41	58	997	-10.3487
42	58	88	-27.550058
43	58	262	-56.068813
44	58	64	-89.717293
45	58	64	-118.758705
46	58	861	-129.636673
47	58	995	-121.714737
48	58	123	-100.561989
49	58	997	-81.984016
50	58	1037	-68.600487
51	58	92	-64.599358
52	58	124	-62.533501
53	58	124	-34.046555
54	58	124	16.165457
55	58	1408	38.967468
56	58	1249	30.545511
57	58	1409	46.583221
58	58	612	98.53347
59	58	934	132.831009
60	58	685	157.567871
61	58	649	195.991714
62	58	521	211.174301
63	58	528	173.970001
64	58	478	122.097801
65	58	1410	91.372055
66	58	1411	54.30521
67	58	521	6.060568
68	58	153	-65.890327
69	58	123	-143.329544
70	58	1183	-203.438477
71	58	622	-244.246857
72	58	586	-271.415253
73	58	1023	-292.571411
74	58	1002	-313.120392
75	58	1023	-325.681915
76	58	659	-330.338318
77	58	586	-326.181152
78	58	541	-315.917786
79	58	622	-309.931274
80	58	623	-326.021332
81	58	623	-350.965637
82	58	623	-375.64743
83	58	951	-402.302551
84	58	1082	-420.140961
85	58	952	-427.539429
86	58	1412	-427.63031
87	58	584	-424.834412
88	58	541	-425.718353
89	58	1025	-424.988586
90	58	627	-420.164337
91	58	658	-409.919586
92	58	1413	-398.739227
93	58	1414	-387.950684
94	58	1415	-381.145172
95	58	164	-379.996643
96	58	135	-384.046692
97	58	1416	-390.722504
98	58	929	-396.373016
99	58	672	-397.500824
100	58	421	-392.46228
101	58	902	-382.88736
102	58	597	-373.554932
103	58	140	-370.881805
104	58	140	-376.480927
105	58	421	-388.470245
106	58	466	-400.715302
107	58	214	-410.368622
108	58	503	-417.156311
109	58	20	-421.005005
110	58	72	-421.807922
111	58	1329	-419.256805
112	58	139	-411.93222
113	58	101	-398.485474
114	58	782	-378.693512
115	58	11	-353.063904
116	58	11	-323.031555
117	58	12	-290.804474
118	58	167	-258.459106
119	58	67	-232.658783
120	58	12	-220.895279
121	58	11	-202.532135
122	58	186	-171.41835
123	58	51	-133.028381
124	58	258	-99.362366
125	58	144	-59.295826
126	58	145	-24.165287
127	58	1417	-2.657348
128	58	1149	0
0	59	966	0
1	59	1080	0
2	59	142	0
3	59	119	4.399671
4	59	144	23.95916
5	59	119	56.246609
6	59	119	89.389381
7	59	36	116.3834
8	59	37	115.605942
9	59	187	120.96759
10	59	36	93.795334
11	59	49	57.471016
12	59	116	52.270382
13	59	11	58.97897
14	59	59	94.735085
15	59	96	122.334488
16	59	94	192.861572
17	59	863	221.402359
18	59	123	214.334091
19	59	56	194.702469
20	59	1418	172.401855
21	59	1419	148.081543
22	59	1062	135.458389
23	59	380	103.126976
24	59	153	88.832863
25	59	54	88.252876
26	59	55	86.075798
27	59	123	88.72757
28	59	56	73.891197
29	59	152	51.446728
30	59	56	35.244179
31	59	152	31.14473
32	59	154	18.990377
33	59	995	7.387795
34	59	123	0.005797
35	59	152	0
36	59	152	0
37	59	123	-0.002698
38	59	56	-0.050016
39	59	192	-0.215656
40	59	1160	-1.177372
41	59	150	-8.440439
42	59	1420	-24.522032
43	59	654	-54.097443
44	59	155	-90.030418
45	59	1136	-123.444794
46	59	1266	-143.600113
47	59	1421	-142.497467
48	59	998	-129.260864
49	59	259	-116.042191
50	59	229	-104.458763
51	59	152	-96.496811
52	59	56	-89.386391
53	59	152	-66.68557
54	59	1367	-35.919094
55	59	1422	-30.859295
56	59	1255	-35.37561
57	59	1423	-15.623947
58	59	802	25.01025
59	59	1252	48.042416
60	59	1125	64.031654
61	59	1239	88.368484
62	59	529	109.102974
63	59	530	114.150909
64	59	1424	117.98159
65	59	1425	101.843628
66	59	576	57.222027
67	59	153	-7.425478
68	59	123	-91.572319
69	59	540	-166.022736
70	59	1023	-219.433411
71	59	893	-253.677444
72	59	1002	-278.226776
73	59	1023	-299.917389
74	59	1183	-318.847626
75	59	658	-329.967529
76	59	659	-332.803589
77	59	586	-333.13739
78	59	585	-329.846771
79	59	623	-329.291351
80	59	623	-349.501007
81	59	623	-369.607452
82	59	951	-387.688995
83	59	952	-411.007813
84	59	1082	-428.572052
85	59	1065	-437.975342
86	59	668	-440.103088
87	59	973	-441.499176
88	59	934	-441.607056
89	59	846	-438.901917
90	59	542	-432.938416
91	59	1426	-423.66275
92	59	1427	-413.613037
93	59	1428	-403.557709
94	59	1126	-396.857635
95	59	874	-395.069611
96	59	872	-398.278381
97	59	597	-404.773407
98	59	140	-411.005188
99	59	394	-414.085022
100	59	1358	-412.335083
101	59	634	-407.462708
102	59	140	-401.840302
103	59	140	-398.907867
104	59	873	-404.38205
105	59	1429	-416.42337
106	59	203	-427.094421
107	59	1223	-434.307098
108	59	1097	-438.231506
109	59	21	-439.656067
110	59	651	-438.846771
111	59	652	-435.592041
112	59	66	-428.64151
113	59	67	-417.01474
114	59	11	-399.786133
115	59	11	-376.808472
116	59	11	-349.190735
117	59	11	-318.480286
118	59	12	-286.458649
119	59	11	-255.603531
120	59	12	-237.364212
121	59	11	-223.796967
122	59	12	-192.494919
123	59	258	-147.540527
124	59	966	-104.563995
125	59	1430	-63.926353
126	59	993	-22.294464
127	59	1149	-2.019319
128	59	940	0
0	60	1216	0
1	60	1080	0
2	60	119	0.7374
3	60	119	9.900525
4	60	119	37.353752
5	60	144	67.07502
6	60	44	93.907715
7	60	12	113.347046
8	60	186	111.539139
9	60	51	116.31205
10	60	186	99.645279
11	60	51	70.159164
12	60	14	53.399693
13	60	59	62.213276
14	60	129	78.995972
15	60	14	115.028091
16	60	408	185.582336
17	60	193	238.754807
18	60	409	235.000458
19	60	192	184.024658
20	60	409	170.462494
21	60	262	169.092239
22	60	1162	139.503265
23	60	229	104.11039
24	60	57	76.05088
25	60	229	81.011108
26	60	152	90.478828
27	60	56	97.744965
28	60	123	79.859291
29	60	56	50.388206
30	60	56	30.39909
31	60	152	26.936079
32	60	123	19.036348
33	60	123	8.665877
34	60	56	0
35	60	152	0
36	60	54	-0.000009
37	60	55	-0.009536
38	60	154	-0.133494
39	60	995	-0.596586
40	60	289	-1.566105
41	60	150	-6.316081
42	60	1266	-22.154753
43	60	1431	-49.699017
44	60	383	-86.795296
45	60	1282	-126.155907
46	60	1432	-154.611771
47	60	52	-160.43721
48	60	53	-152.153473
49	60	56	-141.55397
50	60	123	-132.174362
51	60	123	-123.06308
52	60	56	-115.619904
53	60	54	-105.804047
54	60	1433	-93.733727
55	60	1434	-83.868584
56	60	1435	-70.682434
57	60	49	-52.523102
58	60	1436	-32.054062
59	60	1437	-15.091206
60	60	1124	-4.682902
61	60	1438	9.065719
62	60	1251	37.421104
63	60	1439	83.282875
64	60	1440	101.338242
65	60	116	80.277634
66	60	153	23.601
67	60	123	-50.555908
68	60	658	-132.767105
69	60	1183	-197.141373
70	60	539	-240.23877
71	60	658	-268.616974
72	60	1441	-290.609955
73	60	1442	-308.565826
74	60	482	-323.898071
75	60	658	-333.651093
76	60	893	-335.121948
77	60	659	-342.334747
78	60	623	-342.236786
79	60	623	-344.735687
80	60	623	-359.902008
81	60	951	-381.098999
82	60	785	-402.258301
83	60	1107	-420.521515
84	60	1107	-437.39859
85	60	706	-449.05542
86	60	973	-455.674408
87	60	934	-457.559906
88	60	934	-456.236511
89	60	1025	-451.963379
90	60	1084	-444.688599
91	60	1443	-436.87085
92	60	1444	-427.387726
93	60	1344	-417.756561
94	60	1445	-410.565186
95	60	1313	-407.290009
96	60	634	-408.807587
97	60	598	-413.605591
98	60	597	-419.469269
99	60	1446	-424.023224
100	60	1445	-426.368042
101	60	598	-426.870148
102	60	900	-426.244934
103	60	1447	-425.562012
104	60	1448	-429.930786
105	60	1449	-439.349335
106	60	28	-447.522827
107	60	22	-452.030365
108	60	9	-453.546661
109	60	97	-452.701752
110	60	253	-450.096802
111	60	652	-445.777222
112	60	248	-438.962799
113	60	248	-428.84964
114	60	5	-413.99823
115	60	11	-393.234467
116	60	4	-367.813934
117	60	248	-338.96051
118	60	5	-308.331604
119	60	4	-278.980438
120	60	5	-252.72406
121	60	30	-238.643494
122	60	50	-209.356308
123	60	1228	-160.650894
124	60	1276	-105.964897
125	60	1018	-64.451363
126	60	1450	-24.065699
127	60	187	-1.134679
128	60	1451	0
0	61	1452	0
1	61	1453	0
2	61	35	2.827423
3	61	142	20.278471
4	61	35	52.802929
5	61	42	74.487633
6	61	434	91.184059
7	61	618	109.371323
8	61	531	113.869812
9	61	618	106.197792
10	61	531	83.642288
11	61	62	78.241051
12	61	196	61.540504
13	61	292	66.087914
14	61	531	76.641052
15	61	63	94.129509
16	61	60	131.184982
17	61	534	218.76683
18	61	535	224.413025
19	61	441	171.705017
20	61	154	162.922043
21	61	995	183.687561
22	61	56	171.112122
23	61	56	131.675415
24	61	54	88.930046
25	61	55	78.277748
26	61	56	91.995621
27	61	152	93.849602
28	61	152	75.107246
29	61	123	48.063606
30	61	56	28.358007
31	61	123	24.825851
32	61	56	20.167963
33	61	152	9.690896
34	61	123	0.178899
35	61	57	0
36	61	89	0
37	61	55	-0.012756
38	61	123	-0.192263
39	61	123	-1.114846
40	61	190	-3.352273
41	61	1282	-6.998022
42	61	1432	-20.696737
43	61	9	-53.42564
44	61	191	-92.687576
45	61	998	-132.107971
46	61	191	-159.960175
47	61	88	-166.682922
48	61	997	-164.112045
49	61	88	-158.789703
50	61	56	-148.22934
51	61	152	-141.176636
52	61	230	-137.100159
53	61	125	-132.194656
54	61	1454	-125.462906
55	61	51	-114.236374
56	61	186	-87.698486
57	61	51	-70.902969
58	61	570	-56.882923
59	61	1455	-48.041321
60	61	932	-54.737133
61	61	1456	-46.141014
62	61	1324	-18.548367
63	61	1457	10.988164
64	61	521	13.988155
65	61	153	-8.17312
66	61	56	-53.511852
67	61	583	-109.553017
68	61	1458	-174.922531
69	61	1459	-226.345108
70	61	934	-261.867767
71	61	1051	-286.139557
72	61	475	-304.057465
73	61	1460	-318.915771
74	61	1459	-330.443115
75	61	539	-338.516724
76	61	622	-341.37085
77	61	623	-347.962799
78	61	623	-350.872192
79	61	623	-350.922455
80	61	731	-363.236938
81	61	706	-389.167999
82	61	1461	-416.518005
83	61	1462	-437.323547
84	61	893	-451.9888
85	61	1002	-462.578247
86	61	541	-468.943878
87	61	540	-470.595276
88	61	584	-468.193359
89	61	1463	-464.592712
90	61	1464	-459.132019
91	61	913	-450.597565
92	61	307	-439.789734
93	61	1054	-429.855438
94	61	1326	-421.705994
95	61	1465	-416.08075
96	61	1466	-413.807373
97	61	634	-415.975861
98	61	394	-421.538086
99	61	361	-428.421326
100	61	1313	-435.205231
101	61	1359	-441.092865
102	61	929	-444.992615
103	61	1388	-446.743408
104	61	1467	-449.74231
105	61	22	-455.88562
106	61	97	-461.145721
107	61	203	-463.268463
108	61	162	-462.730835
109	61	206	-459.756653
110	61	218	-455.199615
111	61	135	-449.591003
112	61	139	-442.862
113	61	67	-433.984985
114	61	14	-421.074158
115	61	68	-402.371765
116	61	139	-378.727814
117	61	1273	-351.707092
118	61	134	-322.992889
119	61	99	-297.958069
120	61	1468	-269.607971
121	61	51	-248.758347
122	61	30	-220.978012
123	61	50	-169.759644
124	61	37	-108.570793
125	61	51	-64.253578
126	61	258	-25.028227
127	61	42	-0.660216
128	61	1174	0
0	62	779	0
1	62	187	0
2	62	36	5.401065
3	62	800	30.102079
4	62	827	65.254372
5	62	749	78.122482
6	62	129	86.029984
7	62	93	98.560593
8	62	195	116.495483
9	62	1336	107.756233
10	62	578	84.709419
11	62	1469	64.91156
12	62	124	63.180008
13	62	126	70.254379
14	62	64	79.178314
15	62	64	84.869293
16	62	861	98.409203
17	62	654	126.922508
18	62	1062	156.903107
19	62	409	157.883133
20	62	56	164.409607
21	62	56	192.630905
22	62	123	184.561386
23	62	230	146.46077
24	62	153	99.877487
25	62	123	82.268578
26	62	123	90.995056
27	62	152	88.774078
28	62	152	71.147247
29	62	123	47.334763
30	62	56	26.07893
31	62	123	24
32	62	152	20.203428
33	62	152	9.722532
34	62	123	0.334858
35	62	230	0
36	62	153	0
37	62	56	-0.011283
38	62	152	-0.506768
39	62	289	-2.603174
40	62	53	-6.906987
41	62	289	-14.164454
42	62	149	-29.442949
43	62	9	-61.3158
44	62	9	-99.584869
45	62	9	-136.97377
46	62	191	-162.667328
47	62	998	-171.101944
48	62	122	-171.466858
49	62	56	-168.814835
50	62	54	-158.767059
51	62	91	-152.831573
52	62	92	-156.489838
53	62	124	-156.31958
54	62	58	-136.933014
55	62	92	-115.28933
56	62	1408	-88.18441
57	62	1470	-76.45414
58	62	1471	-79.382126
59	62	1472	-93.146751
60	62	1422	-109.741211
61	62	1473	-117.497368
62	62	1163	-114.591827
63	62	576	-110.495178
64	62	125	-109.464539
65	62	55	-123.945847
66	62	759	-144.538895
67	62	1474	-180.76445
68	62	1475	-222.743866
69	62	1458	-261.374023
70	62	1476	-289.552795
71	62	1477	-307.624084
72	62	1478	-322.551178
73	62	1475	-333.766998
74	62	539	-343.207764
75	62	622	-348.37442
76	62	623	-349.313995
77	62	1461	-358.471832
78	62	1479	-365.681824
79	62	623	-369.012604
80	62	623	-381.234528
81	62	1480	-404.297302
82	62	1481	-429.239868
83	62	1482	-449.685455
84	62	1483	-464.226501
85	62	1183	-473.701141
86	62	658	-478.962891
87	62	659	-480.893372
88	62	973	-481.722809
89	62	1051	-478.643066
90	62	875	-472.131927
91	62	1484	-462.785187
92	62	1485	-451.708069
93	62	1486	-439.765472
94	62	1487	-428.850586
95	62	1026	-420.566772
96	62	1488	-414.914978
97	62	680	-414.320496
98	62	598	-420.030426
99	62	1326	-430.126923
100	62	1173	-441.439026
101	62	337	-451.570496
102	62	1489	-458.494019
103	62	1490	-461.404022
104	62	103	-462.798035
105	62	98	-465.920776
106	62	70	-468.526886
107	62	9	-468.794006
108	62	97	-466.294128
109	62	98	-461.278961
110	62	135	-454.496338
111	62	99	-447.105835
112	62	248	-440.021179
113	62	248	-432.2948
114	62	66	-421.152771
115	62	1273	-404.637756
116	62	66	-382.634125
117	62	101	-356.64679
118	62	135	-329.842133
119	62	782	-305.379547
120	62	30	-280.554047
121	62	43	-252.956146
122	62	42	-223.061646
123	62	434	-173.8078
124	62	1491	-113.729889
125	62	50	-63.696625
126	62	37	-24.149092
127	62	51	-0.582986
128	62	531	0
0	63	1492	0
1	63	1493	0.903706
2	63	726	10.606
3	63	61	36.090122
4	63	63	66.976639
5	63	129	73.303009
6	63	531	78.759567
7	63	1336	88.604706
8	63	947	108.175964
9	63	91	122.792999
10	63	153	98.719032
11	63	152	72.411674
12	63	154	67.982758
13	63	654	69.766426
14	63	654	81.803375
15	63	1062	80.029335
16	63	193	78.263466
17	63	577	85.348923
18	63	995	111.025497
19	63	123	146.02858
20	63	123	162.093918
21	63	56	200.365311
22	63	57	202.505356
23	63	229	133.505875
24	63	123	99.241707
25	63	123	94.810875
26	63	152	100.64389
27	63	152	96.568504
28	63	152	71.69397
29	63	123	43.27602
30	63	56	24.291035
31	63	123	24
32	63	152	19.141243
33	63	123	8.759706
34	63	230	0.18258
35	63	125	0
36	63	55	0
37	63	56	-0.057766
38	63	152	-2.153286
39	63	56	-7.772216
40	63	997	-15.757194
41	63	226	-28.166851
42	63	288	-49.072453
43	63	149	-81.739227
44	63	9	-117.798248
45	63	52	-147.995392
46	63	288	-169.228424
47	63	53	-176.682938
48	63	54	-176.001816
49	63	91	-170.283295
50	63	92	-163.416855
51	63	89	-164.061417
52	63	90	-176.049515
53	63	91	-178.226089
54	63	153	-138.655838
55	63	1494	-98.478584
56	63	1495	-90.069969
57	63	1367	-92.411598
58	63	1368	-118.504219
59	63	1119	-177.547989
60	63	484	-199.131302
61	63	230	-198.253036
62	63	11	-200.724014
63	63	11	-207.089493
64	63	153	-212.483627
65	63	446	-216.950424
66	63	759	-234.088654
67	63	583	-259.174042
68	63	1496	-284.318054
69	63	216	-307.52066
70	63	1497	-322.243988
71	63	750	-334.998718
72	63	482	-348.070679
73	63	846	-361.455811
74	63	622	-369.354065
75	63	889	-369.570038
76	63	1498	-370.023041
77	63	1499	-380.301331
78	63	623	-387.793854
79	63	623	-394.656616
80	63	1480	-405.375336
81	63	1500	-422.384735
82	63	1500	-441.231293
83	63	1481	-458.314911
84	63	1501	-471.479218
85	63	542	-480.230865
86	63	1043	-485.01474
87	63	1042	-489.540894
88	63	1502	-490.187317
89	63	1503	-486.5401
90	63	558	-479.084595
91	63	1504	-468.824707
92	63	1505	-457.117249
93	63	1506	-444.745392
94	63	958	-431.503052
95	63	1507	-421.430023
96	63	1508	-413.988861
97	63	1509	-412.152435
98	63	1078	-420.006012
99	63	814	-433.124084
100	63	976	-447.822693
101	63	1429	-460.048004
102	63	98	-467.65979
103	63	976	-470.045044
104	63	814	-469.854095
105	63	102	-470.333893
106	63	103	-470.803253
107	63	757	-469.357452
108	63	101	-465.096252
109	63	135	-458.024536
110	63	139	-448.69632
111	63	806	-438.729736
112	63	101	-430.455841
113	63	782	-424.207886
114	63	1510	-415.665741
115	63	1511	-401.6138
116	63	167	-380.900513
117	63	806	-354.85434
118	63	67	-328.429382
119	63	186	-302.974152
120	63	37	-279.195831
121	63	800	-245.666702
122	63	687	-215.787613
123	63	779	-170.498322
124	63	798	-112.070557
125	63	618	-60.2169
126	63	531	-22.253614
127	63	63	-0.453431
128	63	60	0
0	64	799	0
1	64	480	3.690243
2	64	94	17.543882
3	64	94	37.895466
4	64	1469	57.013401
5	64	126	64.880722
6	64	441	70.851082
7	64	57	82.507401
8	64	124	104.04361
9	64	229	129.310883
10	64	123	132.579437
11	64	56	98.891235
12	64	123	78.795158
13	64	54	70.220123
14	64	1512	73.500389
15	64	654	73.095825
16	64	995	65.665375
17	64	56	65.239235
18	64	56	78.159882
19	64	56	109.966103
20	64	123	130.381226
21	64	56	171.903198
22	64	123	212.948929
23	64	123	147.98819
24	64	123	100.794083
25	64	123	99.130371
26	64	56	107.529617
27	64	152	102.956497
28	64	152	69.008743
29	64	123	36.774242
30	64	123	24
31	64	56	24
32	64	123	17.014868
33	64	57	6.827466
34	64	124	0
35	64	229	0
36	64	123	-0.075886
37	64	56	-1.270235
38	64	56	-9.188792
39	64	289	-22.13534
40	64	53	-36.395432
41	64	54	-54.848949
42	64	320	-80.620277
43	64	39	-110.296532
44	64	227	-140.664886
45	64	88	-162.994965
46	64	152	-176.322845
47	64	230	-180.542114
48	64	92	-177.895279
49	64	89	-171.704849
50	64	346	-171.351715
51	64	124	-180.76059
52	64	124	-196.635712
53	64	229	-212.140976
54	64	1513	-184.949005
55	64	1514	-148.659576
56	64	1515	-138.117294
57	64	1516	-145.582428
58	64	1517	-197.253555
59	64	54	-248.640686
60	64	91	-259.631104
61	64	14	-257.635071
62	64	531	-258.596008
63	64	847	-263.22052
64	64	446	-271.240509
65	64	1518	-280.795197
66	64	1519	-296.892181
67	64	523	-314.514191
68	64	1520	-332.528564
69	64	216	-343.14975
70	64	256	-351.06134
71	64	1497	-357.710815
72	64	482	-368.641724
73	64	658	-379.134827
74	64	1183	-386.316162
75	64	1521	-389.249969
76	64	1522	-392.506592
77	64	1523	-399.350098
78	64	1523	-406.212891
79	64	1524	-413.046783
80	64	1500	-423.328033
81	64	1500	-436.515015
82	64	1500	-449.734039
83	64	1525	-462.739044
84	64	1526	-473.72287
85	64	1085	-480.973694
86	64	1067	-485.421906
87	64	657	-490.038544
88	64	1527	-490.339417
89	64	680	-485.976837
90	64	1528	-478.126984
91	64	1529	-466.972443
92	64	1530	-454.61026
93	64	1531	-442.491425
94	64	958	-430.207825
95	64	1532	-419.54245
96	64	1533	-412.640015
97	64	1155	-412.132385
98	64	551	-423.135956
99	64	931	-440.198547
100	64	1534	-455.981476
101	64	1535	-467.413971
102	64	1155	-473.576324
103	64	1027	-474.756653
104	64	814	-472.87204
105	64	976	-470.939148
106	64	1536	-469.255402
107	64	134	-466.183899
108	64	139	-460.302277
109	64	1273	-451.017487
110	64	248	-438.81308
111	64	134	-425.619751
112	64	1537	-415.647614
113	64	1538	-411.029327
114	64	1220	-406.135345
115	64	4	-394.719788
116	64	248	-375.114075
117	64	5	-349.495087
118	64	12	-321.816895
119	64	92	-292.68689
120	64	1140	-266.241089
121	64	440	-232.708359
122	64	12	-202.931351
123	64	59	-159.148514
124	64	61	-103.666344
125	64	1336	-52.161018
126	64	155	-18.267475
127	64	861	-0.199281
128	64	882	0
0	65	1230	0
1	65	58	7.290844
2	65	12	21.57748
3	65	125	38.832447
4	65	1512	52.591831
5	65	995	58.667152
6	65	56	64.190468
7	65	56	81.909935
8	65	56	101.010674
9	65	152	126.45031
10	65	152	150.986328
11	65	123	159.699036
12	65	57	112.378006
13	65	229	78.829796
14	65	56	76.261566
15	65	152	67.248764
16	65	56	63.915253
17	65	192	67.43071
18	65	409	66.165443
19	65	152	80.435837
20	65	56	108.094406
21	65	123	132.902206
22	65	56	155.660629
23	65	152	137.718964
24	65	152	104.365112
25	65	123	90.528709
26	65	152	87.983894
27	65	123	89.22963
28	65	152	57.961864
29	65	123	31.661877
30	65	152	24
31	65	123	22.668484
32	65	152	13.887727
33	65	123	3.973875
34	65	123	0
35	65	56	0
36	65	152	-2.251543
37	65	56	-17.135227
38	65	56	-33.871716
39	65	152	-49.859928
40	65	230	-70.242294
41	65	11	-93.423759
42	65	92	-116.815742
43	65	260	-141.273209
44	65	970	-162.767578
45	65	409	-174.804291
46	65	693	-179.273071
47	65	847	-184.160248
48	65	1366	-183.755249
49	65	435	-183.362823
50	65	409	-188.089951
51	65	54	-200.831192
52	65	55	-216.884033
53	65	57	-239.582062
54	65	229	-251.905228
55	65	1367	-241.69487
56	65	1539	-232.705383
57	65	1368	-243.447037
58	65	57	-274.653748
59	65	58	-295.981628
60	65	11	-298.038269
61	65	59	-295.178406
62	65	61	-294.206177
63	65	1114	-297.885773
64	65	1540	-305.687164
65	65	1460	-317.085724
66	65	1459	-330.858337
67	65	523	-343.672791
68	65	1520	-354.321899
69	65	281	-362.475189
70	65	1541	-364.679504
71	65	612	-371.269653
72	65	539	-377.739136
73	65	846	-384.197327
74	65	1542	-390.687561
75	65	1543	-398.8703
76	65	1544	-404.452209
77	65	1545	-408.046387
78	65	1546	-412.960571
79	65	1500	-421.613434
80	65	1500	-432.962097
81	65	1500	-443.137085
82	65	1481	-452.765137
83	65	1547	-462.577515
84	65	1548	-470.860626
85	65	1399	-475.672394
86	65	627	-478.435669
87	65	1526	-481.19455
88	65	1443	-479.632416
89	65	1549	-473.899963
90	65	1550	-467.762451
91	65	1551	-456.215637
92	65	1552	-445.358551
93	65	1531	-436.548096
94	65	1553	-428.641998
95	65	1554	-420.487091
96	65	1555	-415.117584
97	65	1556	-419.522186
98	65	1557	-434.029877
99	65	1558	-451.997986
100	65	1559	-465.982727
101	65	1560	-474.246796
102	65	1561	-478.006989
103	65	1562	-477.55191
104	65	1563	-473.995422
105	65	1564	-469.704559
106	65	101	-465.594421
107	65	782	-460.528351
108	65	167	-452.876923
109	65	806	-441.658142
110	65	101	-426.997589
111	65	1565	-410.896088
112	65	1566	-398.798798
113	65	5	-395.340149
114	65	167	-392.913635
115	65	806	-382.928741
116	65	67	-365.527893
117	65	14	-340.26944
118	65	153	-312.148224
119	65	54	-284.853271
120	65	346	-255.594162
121	65	124	-217.354172
122	65	1140	-185.639648
123	65	155	-141.780151
124	65	441	-86.962761
125	65	154	-40.904716
126	65	995	-12.359916
127	65	154	-0.009523
128	65	947	0
0	66	346	0
1	66	124	7.900833
2	66	124	22.509336
3	66	89	39.648769
4	66	55	53.68642
5	66	54	59.320854
6	66	90	58.666656
7	66	55	75.302094
8	66	56	86.799881
9	66	152	106.029076
10	66	56	123.815765
11	66	152	149.22113
12	66	152	147.603638
13	66	152	98.203438
14	66	152	83.903336
15	66	123	84.912651
16	66	262	68.839012
17	66	1177	63.132244
18	66	55	51.982533
19	66	56	66.45256
20	66	152	113.088402
21	66	56	102.974701
22	66	123	86.727547
23	66	56	99.821014
24	66	152	111.21032
25	66	56	97.227547
26	66	123	66.753479
27	66	56	61.952888
28	66	123	42.481697
29	66	152	25.693878
30	66	152	24
31	66	123	19.241831
32	66	123	9.844566
33	66	123	1.299796
34	66	56	0
35	66	152	-2.706495
36	66	54	-22.5867
37	66	90	-45.867264
38	66	55	-66.886452
39	66	57	-86.368607
40	66	124	-106.423386
41	66	229	-128.078445
42	66	152	-148.140305
43	66	262	-167.625366
44	66	1177	-184.48056
45	66	232	-191.362518
46	66	129	-190.144821
47	66	59	-192.51152
48	66	96	-193.518814
49	66	863	-194.202118
50	66	57	-202.151108
51	66	229	-218.30246
52	66	54	-237.337646
53	66	55	-257.813354
54	66	152	-274.287354
55	66	1567	-287.631592
56	66	1568	-293.730652
57	66	1567	-303.494507
58	66	1380	-316.72995
59	66	14	-319.040588
60	66	59	-318.179626
61	66	60	-315.74881
62	66	1569	-313.81311
63	66	281	-316.62973
64	66	217	-323.281006
65	66	1570	-333.549469
66	66	846	-344.99115
67	66	754	-354.518799
68	66	19	-360.541046
69	66	1571	-367.961273
70	66	846	-369.954895
71	66	846	-375.956635
72	66	539	-382.609344
73	66	658	-386.108002
74	66	893	-390.565247
75	66	1002	-401.726379
76	66	584	-407.528564
77	66	1572	-410.065247
78	66	1500	-416.164124
79	66	1500	-425.381653
80	66	1500	-434.080811
81	66	1500	-441.590515
82	66	1500	-449.336639
83	66	1573	-456.922638
84	66	1574	-462.815521
85	66	1501	-464.682556
86	66	1025	-463.776489
87	66	1084	-463.311798
88	66	657	-458.000336
89	66	934	-450.045898
90	66	846	-442.907928
91	66	1526	-436.95575
92	66	1575	-433.37912
93	66	1004	-432.312439
94	66	1576	-431.772766
95	66	1577	-428.292572
96	66	447	-426.99585
97	66	1578	-434.834534
98	66	1579	-450.029175
99	66	1580	-465.180634
100	66	1581	-474.487579
101	66	1582	-478.888672
102	66	1583	-479.889221
103	66	1584	-477.76001
104	66	5	-473.143158
105	66	167	-467.325104
106	66	67	-461.337402
107	66	14	-454.365234
108	66	11	-444.834076
109	66	167	-432.059052
110	66	67	-416.245392
111	66	167	-399.879608
112	66	67	-387.221802
113	66	92	-381.879822
114	66	58	-377.45752
115	66	12	-368.130402
116	66	12	-353.632355
117	66	125	-328.612885
118	66	346	-301.910675
119	66	89	-276.997559
120	66	55	-247.356598
121	66	152	-203.66655
122	66	154	-163.117889
123	66	995	-115.907318
124	66	123	-64.694656
125	66	56	-27.567816
126	66	56	-6.186265
127	66	230	0
128	66	125	0
0	67	90	0
1	67	55	5.453815
2	67	57	19.701349
3	67	229	38.942101
4	67	230	57.236679
5	67	11	67.055206
6	67	153	58.164829
7	67	56	64.781113
8	67	54	87.970146
9	67	55	105.259575
10	67	123	119.611534
11	67	123	128.565247
12	67	192	138.052429
13	67	193	121.644524
14	67	193	125.514061
15	67	577	129.511414
16	67	1141	79.196671
17	67	229	46.37648
18	67	152	34.262566
19	67	56	21.648705
20	67	152	38.705742
21	67	152	36.451614
22	67	123	19.721825
23	67	152	27.439278
24	67	56	55.857121
25	67	54	41.002621
26	67	55	20.989311
27	67	152	10.209133
28	67	56	12.535047
29	67	56	24
30	67	56	21.658825
31	67	152	13.947499
32	67	152	4.981621
33	67	123	0
34	67	56	-1.791731
35	67	230	-20.419218
36	67	12	-50.079926
37	67	153	-77.873337
38	67	56	-96.539116
39	67	152	-117.672905
40	67	192	-138.090958
41	67	193	-157.546326
42	67	577	-175.999237
43	67	440	-190.736893
44	67	93	-200.10701
45	67	292	-206.163666
46	67	93	-204.485687
47	67	292	-203.175018
48	67	125	-203.929092
49	67	90	-206.09494
50	67	90	-217.603271
51	67	346	-231.149338
52	67	229	-250.07515
53	67	123	-267.644287
54	67	1119	-280.042175
55	67	1585	-292.297546
56	67	1454	-305.207367
57	67	51	-314.975708
58	67	531	-320.875031
59	67	63	-322.82251
60	67	60	-322.792297
61	67	1586	-321.551392
62	67	1057	-320.214752
63	67	20	-321.825317
64	67	522	-326.571503
65	67	539	-334.668671
66	67	1587	-343.708252
67	67	1588	-351.737244
68	67	1589	-357.311371
69	67	1442	-363.759735
70	67	750	-367.409637
71	67	482	-375.424042
72	67	846	-382.680023
73	67	934	-385.991028
74	67	622	-389.505432
75	67	889	-399.22876
76	67	1590	-408.228119
77	67	1545	-413.851379
78	67	1546	-417.818634
79	67	1500	-423.088165
80	67	1500	-427.575897
81	67	1500	-431.909973
82	67	1500	-436.727814
83	67	1500	-443.05307
84	67	1481	-447.653503
85	67	1482	-447.902954
86	67	1591	-444.363617
87	67	1592	-440.149506
88	67	1009	-433.25528
89	67	846	-425.607849
90	67	1593	-420.718536
91	67	1594	-419.954681
92	67	1025	-423.722687
93	67	627	-430.062683
94	67	1595	-435.985474
95	67	621	-439.832672
96	67	700	-442.622955
97	67	1596	-450.274811
98	67	1532	-462.387665
99	67	1596	-471.949738
100	67	1597	-475.955658
101	67	1598	-476.9245
102	67	1599	-475.556885
103	67	67	-472.410095
104	67	11	-467.441315
105	67	11	-461.628143
106	67	11	-455.694031
107	67	12	-448.728882
108	67	92	-438.402161
109	67	58	-424.655884
110	67	11	-409.938629
111	67	92	-396.728455
112	67	89	-385.72879
113	67	346	-376.93454
114	67	124	-367.87146
115	67	58	-357.756439
116	67	92	-341.75238
117	67	89	-317.992737
118	67	91	-291.702576
119	67	153	-268.668182
120	67	152	-235.279282
121	67	123	-184.912247
122	67	54	-133.81842
123	67	90	-85.335518
124	67	90	-41.826546
125	67	90	-14.555593
126	67	91	-3.081556
127	67	14	0
128	67	14	0
0	68	125	0
1	68	90	1.78039
2	68	90	13.108346
3	68	91	34.628551
4	68	11	56.99493
5	68	125	77.433441
6	68	55	64.215866
7	68	57	66.322762
8	68	229	92.533852
9	68	192	109.383934
10	68	193	126.636848
11	68	577	130.940948
12	68	155	137.380417
13	68	60	150.91124
14	68	441	167.505463
15	68	152	159.26593
16	68	152	89.716644
17	68	152	50.415985
18	68	152	27.741684
19	68	56	6.142921
20	68	56	-8.00354
21	68	123	-18.196335
22	68	152	-29.669189
23	68	152	-37.990143
24	68	230	-37.577358
25	68	125	-43.235245
26	68	55	-39.432407
27	68	123	-39.700031
28	68	152	-54.647743
29	68	152	-16.446259
30	68	152	15.604436
31	68	123	7.916281
32	68	54	1.178199
33	68	90	-0.330893
34	68	91	-14.26876
35	68	14	-47.734169
36	68	153	-79.526649
37	68	192	-101.795311
38	68	193	-119.347511
39	68	535	-140.014999
40	68	60	-158.868011
41	68	1177	-176.348679
42	68	91	-194.952286
43	68	12	-204.496841
44	68	12	-209.167175
45	68	12	-213.604568
46	68	14	-213.430389
47	68	14	-209.813828
48	68	11	-211.068939
49	68	14	-217.251587
50	68	153	-227.140167
51	68	1567	-238.527344
52	68	1600	-254.790817
53	68	1600	-269.925049
54	68	1380	-278.752045
55	68	12	-289.135162
56	68	11	-298.891296
57	68	59	-306.617249
58	68	64	-312.823059
59	68	64	-315.507294
60	68	446	-315.621552
61	68	1601	-315.086182
62	68	1602	-314.642212
63	68	1497	-314.371338
64	68	1603	-316.477997
65	68	1604	-319.678223
66	68	1605	-327.738861
67	68	173	-334.387939
68	68	20	-343.466003
69	68	14	-349.193054
70	68	522	-353.296967
71	68	934	-360.207458
72	68	846	-370.049652
73	68	658	-375.050995
74	68	1183	-380.334106
75	68	539	-388.581116
76	68	542	-399.955383
77	68	1606	-403.715179
78	68	1607	-405.941467
79	68	1546	-408.687775
80	68	1500	-410.079712
81	68	1500	-411.107361
82	68	1608	-413.032715
83	68	1609	-416.802429
84	68	1500	-420.864075
85	68	1481	-423.012817
86	68	1610	-421.537628
87	68	923	-417.516937
88	68	539	-415.196899
89	68	1053	-412.482361
90	68	933	-411.671204
91	68	539	-413.868896
92	68	846	-418.553711
93	68	1526	-426.150879
94	68	657	-436.874329
95	68	1611	-446.771088
96	68	1612	-451.984009
97	68	1553	-457.682953
98	68	1613	-464.812378
99	68	1614	-468.399567
100	68	1615	-467.645142
101	68	1253	-465.726959
102	68	12	-462.8909
103	68	14	-458.95752
104	68	92	-453.941406
105	68	58	-448.662018
106	68	92	-444.055481
107	68	229	-439.334747
108	68	57	-431.758453
109	68	124	-420.462128
110	68	229	-409.219543
111	68	57	-400.315125
112	68	229	-390.696533
113	68	54	-380.056122
114	68	91	-368.423431
115	68	125	-355.082703
116	68	346	-336.294373
117	68	58	-311.511536
118	68	153	-284.919769
119	68	54	-259.972076
120	68	90	-218.249069
121	68	91	-161.289047
122	68	11	-104.89695
123	68	14	-58.238918
124	68	12	-23.08622
125	68	30	-9.322095
126	68	115	-0.758421
127	68	116	0
128	68	11	0
0	69	11	0
1	69	1304	0.701575
2	69	1616	10.016559
3	69	1617	27.258505
4	69	12	47.729176
5	69	125	68.241119
6	69	90	63.072472
7	69	55	60.921032
8	69	262	77.17099
9	69	60	81.129799
10	69	534	89.497078
11	69	194	105.709084
12	69	1233	118.489227
13	69	995	142.150757
14	69	123	154.424942
15	69	56	145.058731
16	69	152	103.744965
17	69	152	72.998077
18	69	152	54.682266
19	69	56	13.681725
20	69	152	-22.182877
21	69	123	-47.901062
22	69	192	-71.10289
23	69	971	-91.887924
24	69	124	-101.461823
25	69	229	-101.537041
26	69	56	-88.617622
27	69	56	-86.425308
28	69	123	-95.821907
29	69	56	-77.89669
30	69	152	-23.739805
31	69	230	-0.538497
32	69	14	0
33	69	14	-5.163493
34	69	14	-35.612972
35	69	408	-71.020302
36	69	535	-99.361534
37	69	96	-117.860268
38	69	95	-132.596191
39	69	60	-150.013611
40	69	129	-164.68486
41	69	12	-178.506775
42	69	11	-192.405533
43	69	14	-201.292206
44	69	14	-212.546738
45	69	12	-221.167999
46	69	30	-222.295135
47	69	116	-218.54277
48	69	14	-218.369858
49	69	125	-222.516388
50	69	1618	-230.295258
51	69	145	-238.381836
52	69	36	-251.559509
53	69	51	-264.836487
54	69	12	-271.957336
55	69	12	-278.395996
56	69	93	-285.455231
57	69	95	-291.310364
58	69	96	-295.947388
59	69	446	-298.724365
60	69	1114	-298.987732
61	69	1619	-298.719421
62	69	1602	-298.112274
63	69	1620	-295.496033
64	69	1475	-291.890472
65	69	1051	-290.253876
66	69	1621	-291.917328
67	69	1622	-298.910248
68	69	269	-306.800568
69	69	1623	-314.749146
70	69	846	-315.692993
71	69	934	-318.541931
72	69	846	-332.496338
73	69	846	-346.651428
74	69	1458	-354.899261
75	69	1624	-362.411255
76	69	1084	-369.010773
77	69	657	-370.573486
78	69	1521	-371.711609
79	69	1500	-376.111694
80	69	1500	-379.822113
81	69	1625	-382.411194
82	69	1626	-384.353851
83	69	1608	-387.519928
84	69	1627	-392.039948
85	69	1628	-396.850494
86	69	1482	-400.103058
87	69	1501	-402.518402
88	69	1053	-403.278351
89	69	933	-405.237579
90	69	539	-407.531219
91	69	846	-410.657776
92	69	1025	-415.110931
93	69	627	-420.852325
94	69	1611	-431.197021
95	69	1629	-443.742218
96	69	1630	-450.026855
97	69	1631	-453.18042
98	69	1559	-455.382935
99	69	1555	-454.216644
100	69	1632	-450.25238
101	69	1633	-446.132782
102	69	1634	-441.792847
103	69	1635	-436.833679
104	69	91	-431.480804
105	69	153	-426.500763
106	69	56	-422.780853
107	69	54	-420.238281
108	69	55	-418.14859
109	69	54	-414.241028
110	69	55	-408.577484
111	69	152	-400.9422
112	69	230	-393.124908
113	69	11	-382.715729
114	69	11	-370.84549
115	69	125	-355.03299
116	69	91	-332.640961
117	69	153	-305.468781
118	69	230	-280.552734
119	69	12	-248.885376
120	69	14	-200.461395
121	69	30	-138.138748
122	69	116	-80.185173
123	69	30	-41.799297
124	69	43	-16.809679
125	69	35	-3.953492
126	69	42	0
127	69	1636	0
128	69	1616	0
0	70	1637	0
1	70	1638	0.382059
2	70	1639	7.373769
3	70	12	20.388708
4	70	92	36.881172
5	70	58	55.678249
6	70	153	67.824989
7	70	154	64.221191
8	70	654	59.36058
9	70	654	57.49638
10	70	440	64.166336
11	70	125	71.061172
12	70	55	102.421867
13	70	123	131.587723
14	70	56	141.686386
15	70	152	131.244888
16	70	56	114.819702
17	70	152	102.895447
18	70	123	89.458397
19	70	123	31.48103
20	70	192	-23.989513
21	70	535	-67.454773
22	70	534	-106.625092
23	70	193	-138.662399
24	70	231	-150.828491
25	70	55	-149.640167
26	70	56	-148.754105
27	70	123	-145.060974
28	70	56	-140.538116
29	70	54	-120.495529
30	70	91	-66.821266
31	70	12	-19.745064
32	70	12	-0.459367
33	70	14	-17.444941
34	70	93	-54.859184
35	70	94	-88.775879
36	70	195	-111.4039
37	70	63	-125.046257
38	70	96	-134.14592
39	70	292	-144.61998
40	70	531	-152.001633
41	70	618	-157.467484
42	70	12	-167.664108
43	70	12	-179.507309
44	70	14	-198.724594
45	70	258	-213.473114
46	70	42	-218.982391
47	70	115	-226.285217
48	70	115	-228.634674
49	70	43	-225.008652
50	70	36	-225.580383
51	70	51	-233.089294
52	70	14	-242.928558
53	70	531	-254.654404
54	70	62	-259.468109
55	70	62	-261.557678
56	70	63	-266.792938
57	70	129	-271.535828
58	70	1640	-275.630951
59	70	1601	-276.531647
60	70	1641	-275.721771
61	70	1642	-273.512421
62	70	1052	-269.321808
63	70	1459	-261.452576
64	70	1051	-251.662842
65	70	1131	-245.389832
66	70	1643	-245.032318
67	70	489	-248.762024
68	70	490	-256.00473
69	70	846	-263.050842
70	70	934	-266.117859
71	70	846	-265.669952
72	70	1458	-280.850922
73	70	1644	-303.814758
74	70	1052	-321.971436
75	70	1645	-332.03717
76	70	657	-332.769928
77	70	1521	-330.357666
78	70	1500	-331.225494
79	70	1608	-336.626984
80	70	1609	-344.399231
81	70	1608	-351.4823
82	70	1646	-357.699371
83	70	1647	-364.171844
84	70	1626	-371.645172
85	70	1500	-378.068054
86	70	1525	-386.537811
87	70	924	-394.901001
88	70	923	-400.33429
89	70	542	-403.933044
90	70	1426	-406.366119
91	70	1648	-408.163513
92	70	1649	-409.762146
93	70	1650	-411.604858
94	70	1651	-416.927795
95	70	1652	-428.674316
96	70	1653	-436.276245
97	70	1654	-438.22467
98	70	1655	-438.146912
99	70	1656	-434.852264
100	70	1657	-429.426056
101	70	1658	-422.841217
102	70	1659	-416.302155
103	70	14	-409.792542
104	70	125	-403.327576
105	70	90	-397.417816
106	70	91	-393.402954
107	70	125	-392.259888
108	70	346	-394.859955
109	70	229	-401.192169
110	70	123	-400.396973
111	70	57	-393.39624
112	70	124	-385.807434
113	70	58	-377.127502
114	70	12	-365.472565
115	70	12	-347.433929
116	70	125	-322.664429
117	70	91	-292.736053
118	70	30	-261.893219
119	70	1636	-224.738861
120	70	1660	-177.130936
121	70	42	-116.451012
122	70	43	-61.083515
123	70	119	-29.867069
124	70	144	-11.81939
125	70	966	-1.291758
126	70	993	0
127	70	1215	0
128	70	1102	0
0	71	940	0
1	71	1661	0.093374
2	71	14	4.675807
3	71	153	14.009403
4	71	230	26.771502
5	71	125	44.124329
6	71	90	68.586197
7	71	90	76.874931
8	71	90	64.04171
9	71	91	62.932957
10	71	14	69.622322
11	71	408	86.83062
12	71	409	107.147972
13	71	123	122.414169
14	71	192	117.670563
15	71	409	102.697197
16	71	152	90.172981
17	71	192	91.794388
18	71	193	97.111572
19	71	535	44.853096
20	71	64	-34.361782
21	71	64	-96.445526
22	71	861	-146.449951
23	71	440	-172.96347
24	71	153	-181.416092
25	71	56	-182.119171
26	71	192	-179.226212
27	71	409	-175.399506
28	71	230	-167.839584
29	71	11	-145.394455
30	71	12	-105.496948
31	71	11	-48.24461
32	71	11	-21.417398
33	71	14	-50.453415
34	71	11	-82.012863
35	71	59	-103.480911
36	71	861	-117.992279
37	71	1141	-124.668037
38	71	124	-125.141731
39	71	1662	-124.810043
40	71	292	-122.487869
41	71	531	-117.8526
42	71	618	-126.45974
43	71	30	-140.672714
44	71	50	-162.941162
45	71	187	-185.140671
46	71	35	-202.556458
47	71	1663	-219.379059
48	71	1664	-223.704865
49	71	1665	-218.901642
50	71	1235	-218.400665
51	71	11	-225.84761
52	71	59	-231.909409
53	71	60	-241.261734
54	71	64	-244.77887
55	71	96	-245.383667
56	71	292	-246.318253
57	71	1666	-250.403748
58	71	1114	-253.769302
59	71	1540	-252.174866
60	71	173	-248.67836
61	71	140	-241.168869
62	71	1667	-231.34462
63	71	1668	-217.967209
64	71	475	-200.40834
65	71	1497	-191.165222
66	71	482	-190.486908
67	71	934	-194.770081
68	71	934	-200.389618
69	71	539	-208.338684
70	71	1458	-212.95105
71	71	1669	-221.322052
72	71	1099	-241.225769
73	71	495	-269.780701
74	71	557	-295.739471
75	71	1670	-311.32962
76	71	1671	-314.753204
77	71	1672	-309.951752
78	71	1625	-306.842743
79	71	1673	-309.840302
80	71	1674	-320.037659
81	71	1675	-327.834534
82	71	1626	-337.518066
83	71	1608	-347.69339
84	71	1676	-358.77359
85	71	1677	-367.355194
86	71	1501	-379.511536
87	71	846	-391.713898
88	71	1678	-401.040161
89	71	1679	-406.787628
90	71	1680	-407.71109
91	71	1681	-403.701111
92	71	1682	-399.479736
93	71	1683	-396.014008
94	71	1684	-397.769562
95	71	1685	-408.520294
96	71	927	-417.043488
97	71	1584	-419.772156
98	71	1686	-420.003296
99	71	1687	-416.119751
100	71	1688	-408.439728
101	71	1689	-399.020386
102	71	1690	-390.427979
103	71	256	-383.123077
104	71	256	-376.084808
105	71	256	-369.564117
106	71	1360	-364.504791
107	71	125	-363.486877
108	71	55	-369.694855
109	71	54	-381.272095
110	71	55	-384.480133
111	71	56	-377.920685
112	71	230	-369.737488
113	71	12	-361.153259
114	71	411	-348.388245
115	71	213	-328.511139
116	71	14	-299.448029
117	71	1293	-263.437805
118	71	1691	-226.748962
119	71	1229	-188.803696
120	71	145	-144.133621
121	71	142	-90.050652
122	71	145	-41.390808
123	71	142	-20.125023
124	71	940	-8.524839
125	71	1018	-2.050762
126	71	1102	0
127	71	35	0
128	71	36	0
0	72	51	0
1	72	14	0.022227
2	72	125	2.084282
3	72	91	7.866692
4	72	12	16.713934
5	72	12	27.814651
6	72	14	47.432278
7	72	14	62.186417
8	72	12	67.357971
9	72	531	70.675476
10	72	63	80.643463
11	72	441	99.785973
12	72	56	112.679764
13	72	154	96.628975
14	72	995	86.78231
15	72	123	82.442451
16	72	262	68.810959
17	72	861	69.21637
18	72	155	69.708321
19	72	64	38.367622
20	72	861	-50.2952
21	72	947	-119.937271
22	72	91	-167.742569
23	72	153	-187.730423
24	72	56	-193.345032
25	72	262	-192.72934
26	72	441	-190.593002
27	72	230	-186.906067
28	72	12	-178.365219
29	72	92	-162.269485
30	72	124	-134.871277
31	72	124	-101.079971
32	72	58	-75.268906
33	72	92	-98.595085
34	72	1140	-115.959457
35	72	995	-120.797287
36	72	56	-120.298973
37	72	152	-119.751823
38	72	693	-111.958076
39	72	62	-99.221458
40	72	196	-83.973709
41	72	292	-73.016014
42	72	1692	-79.956085
43	72	1693	-103.720177
44	72	1694	-134.048233
45	72	144	-164.897736
46	72	1269	-189.72847
47	72	1695	-206.395691
48	72	1696	-209.024231
49	72	1220	-204.793152
50	72	531	-206.371902
51	72	63	-216.096924
52	72	96	-222.462433
53	72	95	-229.659698
54	72	61	-232.347916
55	72	62	-228.807678
56	72	1697	-227.501648
57	72	1642	-229.666031
58	72	217	-230.942398
59	72	17	-225.981323
60	72	281	-214.881516
61	72	20	-200.609955
62	72	19	-186.509521
63	72	217	-164.324142
64	72	1698	-137.840805
65	72	612	-125.204552
66	72	539	-127.945679
67	72	542	-131.105133
68	72	1086	-135.939163
69	72	1527	-140.078522
70	72	1699	-152.169144
71	72	489	-174.956284
72	72	1700	-211.52829
73	72	1701	-252.113754
74	72	1702	-283.11853
75	72	1703	-302.441284
76	72	1704	-309.394867
77	72	1500	-304.665741
78	72	1625	-297.217224
79	72	1673	-298.977142
80	72	1627	-305.666229
81	72	1627	-313.975311
82	72	1674	-324.692535
83	72	1705	-337.396973
84	72	1706	-350.147736
85	72	1481	-360.948059
86	72	1707	-374.737579
87	72	1708	-390.405701
88	72	1709	-401.818146
89	72	1672	-407.746063
90	72	1710	-406.079681
91	72	1711	-396.314331
92	72	1525	-386.336823
93	72	1010	-380.928619
94	72	977	-381.553009
95	72	814	-387.135315
96	72	135	-397.792297
97	72	1712	-404.74884
98	72	1713	-404.289276
99	72	1714	-399.322327
100	72	1715	-389.275635
101	72	1079	-377.866089
102	72	217	-369.018372
103	72	17	-362.406464
104	72	17	-356.570374
105	72	18	-350.793671
106	72	12	-345.969116
107	72	153	-344.323151
108	72	57	-350.34317
109	72	229	-360.10434
110	72	54	-364.311615
111	72	1716	-358.684235
112	72	269	-349.191986
113	72	443	-337.699066
114	72	1656	-321.160706
115	72	12	-295.81839
116	72	1226	-260.700653
117	72	1332	-220.918625
118	72	1660	-185.057709
119	72	145	-149.390472
120	72	145	-107.418846
121	72	683	-62.235771
122	72	684	-27.365417
123	72	145	-15.219507
124	72	144	-8.556943
125	72	35	-3.454549
126	72	144	0
127	72	42	0
128	72	115	0
0	73	116	0
1	73	14	0
2	73	11	0.06574
3	73	11	2.488696
4	73	14	7.962108
5	73	12	16.037836
6	73	12	24.722719
7	73	11	31.58563
8	73	59	44.864155
9	73	96	62.907536
10	73	863	80.052086
11	73	192	108.841003
12	73	409	122.315323
13	73	192	104.385605
14	73	409	91.131279
15	73	154	83.576714
16	73	995	64.702118
17	73	154	49.443913
18	73	654	42.196888
19	73	995	21.198355
20	73	57	-51.217033
21	73	124	-123.399185
22	73	920	-166.690414
23	73	193	-185.524124
24	73	535	-190.022202
25	73	534	-191.142914
26	73	617	-191.294037
27	73	618	-189.904709
28	73	153	-185.225327
29	73	123	-173.475571
30	73	152	-156.025024
31	73	57	-136.854355
32	73	229	-123.987457
33	73	123	-129.604736
34	73	56	-135.381805
35	73	56	-130.584198
36	73	152	-119.890709
37	73	291	-110.272919
38	73	1717	-96.221436
39	73	1718	-74.17775
40	73	62	-48.298164
41	73	1719	-31.405792
42	73	1720	-48.593082
43	73	1721	-84.624733
44	73	119	-122.575699
45	73	119	-160.180862
46	73	1722	-184.570663
47	73	1220	-192.702286
48	73	11	-187.860977
49	73	59	-190.279236
50	73	64	-194.487854
51	73	61	-204.554657
52	73	63	-215.599686
53	73	60	-220.673935
54	73	60	-219.04274
55	73	11	-215.446121
56	73	72	-211.552628
57	73	18	-208.604279
58	73	15	-205.902176
59	73	173	-193.841171
60	73	20	-174.679245
61	73	72	-149.921707
62	73	216	-121.604561
63	73	1497	-93.426918
64	73	482	-59.763924
65	73	539	-50.354874
66	73	1025	-50.998459
67	73	627	-51.744949
68	73	1025	-45.672062
69	73	1414	-53.616982
70	73	1086	-76.414566
71	73	1723	-123.212296
72	73	1724	-176.516113
73	73	846	-228.927338
74	73	934	-264.736969
75	73	1725	-287.377014
76	73	1546	-297.918945
77	73	1608	-296.815796
78	73	1674	-292.438873
79	73	1726	-291.513824
80	73	1647	-294.030365
81	73	1673	-303.799591
82	73	1627	-315.068115
83	73	1627	-329.846008
84	73	1609	-342.985626
85	73	1727	-354.347839
86	73	1728	-369.519531
87	73	1573	-387.004761
88	73	1680	-399.745056
89	73	1625	-405.458893
90	73	1683	-401.303192
91	73	1729	-389.232086
92	73	1032	-375.42337
93	73	1172	-371.181732
94	73	1028	-367.788025
95	73	135	-371.143066
96	73	1712	-379.773529
97	73	1730	-388.480774
98	73	1714	-389.512817
99	73	1731	-384.283112
100	73	1732	-374.363403
101	73	20	-362.821411
102	73	11	-355.355255
103	73	15	-350.511841
104	73	256	-346.929993
105	73	1360	-343.023132
106	73	125	-338.957031
107	73	90	-337.120514
108	73	90	-340.067474
109	73	1716	-345.467163
110	73	445	-348.004639
111	73	1518	-341.980316
112	73	1733	-328.853455
113	73	1734	-311.182922
114	73	213	-286.871948
115	73	30	-253.444366
116	73	1735	-212.667496
117	73	1102	-172.242081
118	73	683	-142.761337
119	73	778	-113.096306
120	73	717	-74.614716
121	73	718	-39.897778
122	73	142	-21.233448
123	73	683	-14.779776
124	73	684	-9.593449
125	73	145	-4.395969
126	73	966	-0.182823
127	73	1080	0
128	73	44	0
0	74	14	0
1	74	11	0
2	74	11	0
3	74	14	0
4	74	11	6.078738
5	74	14	21.440794
6	74	11	19.739237
7	74	93	7.763164
8	74	195	20.294226
9	74	435	42.903801
10	74	535	73.297134
11	74	534	99.689049
12	74	535	117.337845
13	74	534	131.667542
14	74	409	131.551575
15	74	152	111.12896
16	74	152	73.39753
17	74	123	36.570137
18	74	152	22.604038
19	74	56	9.509444
20	74	123	-22.244555
21	74	154	-110.574104
22	74	654	-156.275177
23	74	155	-172.793655
24	74	64	-181.002853
25	74	861	-187.362762
26	74	440	-191.268524
27	74	153	-191.446838
28	74	56	-187.735107
29	74	152	-180.556686
30	74	123	-168.686798
31	74	56	-154.436264
32	74	152	-146.31012
33	74	123	-143.036453
34	74	56	-140.298935
35	74	54	-129.756165
36	74	91	-112.969643
37	74	1268	-97.516045
38	74	1736	-77.852325
39	74	945	-50.073559
40	74	1737	-20.347336
41	74	1721	-12.744706
42	74	1663	-43.297401
43	74	1664	-82.607643
44	74	36	-121.478371
45	74	51	-156.572998
46	74	14	-178.907349
47	74	12	-184.389206
48	74	59	-182.291458
49	74	96	-181.548462
50	74	95	-184.908615
51	74	96	-197.094101
52	74	95	-210.747238
53	74	60	-215.210052
54	74	256	-211.413254
55	74	256	-205.302567
56	74	256	-198.878571
57	74	173	-187.239044
58	74	217	-176.477661
59	74	18	-159.021408
60	74	11	-133.838104
61	74	72	-99.064224
62	74	216	-56.46043
63	74	1460	-9.144608
64	74	1738	23.605515
65	74	1442	37.877995
66	74	750	30.689991
67	74	1603	41.431652
68	74	1645	59.63657
69	74	1739	47.626652
70	74	1644	-4.721977
71	74	1571	-70.189026
72	74	1458	-140.795334
73	74	1459	-198.919083
74	74	957	-239.828903
75	74	1740	-267.211975
76	74	1741	-280.515839
77	74	1626	-283.170868
78	74	1625	-284.859619
79	74	1626	-283.195221
80	74	1625	-280.717377
81	74	1675	-292.323456
82	74	1726	-310.754028
83	74	1711	-324.182281
84	74	1500	-334.930542
85	74	1500	-345.073975
86	74	1500	-360.09671
87	74	1742	-379.027924
88	74	1545	-391.908752
89	74	1729	-396.770599
90	74	958	-393.233429
91	74	1743	-380.292847
92	74	1744	-365.289063
93	74	69	-356.737762
94	74	69	-353.96817
95	74	1712	-356.679932
96	74	1714	-364.272491
97	74	1713	-371.356598
98	74	1715	-373.012848
99	74	1079	-370.217041
100	74	20	-363.708496
101	74	12	-355.643036
102	74	72	-349.603882
103	74	281	-347.200165
104	74	20	-346.099213
105	74	11	-344.38623
106	74	14	-342.030182
107	74	11	-340.330719
108	74	1697	-340.57254
109	74	1745	-341.93573
110	74	444	-340.592468
111	74	1746	-330.682037
112	74	1747	-312.287933
113	74	1748	-286.860352
114	74	1293	-252.008362
115	74	1080	-208.439407
116	74	683	-164.133041
117	74	717	-128.594528
118	74	776	-106.282509
119	74	744	-81.476494
120	74	796	-53.500668
121	74	778	-31.289045
122	74	717	-20.833939
123	74	796	-15.340404
124	74	684	-10.096117
125	74	1417	-4.851396
126	74	1149	-0.291402
127	74	42	0
128	74	116	0
0	75	12	0
1	75	11	0
2	75	11	0
3	75	11	0
4	75	11	1.155666
5	75	14	10.612851
6	75	11	10.593136
7	75	93	2.320913
8	75	94	1.079756
9	75	1233	24.048719
10	75	155	56.073036
11	75	861	59.590973
12	75	654	66.372231
13	75	1062	87.88781
14	75	193	92.851143
15	75	231	77.322197
16	75	55	43.31897
17	75	152	11.851649
18	75	56	6.685933
19	75	123	2.721064
20	75	192	-16.978613
21	75	409	-83.847931
22	75	154	-135.057129
23	75	155	-157.348938
24	75	441	-171.952408
25	75	230	-183.233688
26	75	125	-189.894547
27	75	55	-191.519516
28	75	152	-187.583618
29	75	152	-179.88858
30	75	152	-169.124115
31	75	56	-157.181503
32	75	54	-148.19487
33	75	55	-144.0392
34	75	230	-136.85614
35	75	11	-119.986755
36	75	1268	-100.251358
37	75	1749	-82.019829
38	75	1750	-58.982487
39	75	1664	-29.80616
40	75	36	-3.737148
41	75	1751	-14.917109
42	75	1752	-49.329109
43	75	51	-93.499557
44	75	12	-134.350906
45	75	11	-168.391708
46	75	14	-182.337234
47	75	93	-183.470764
48	75	195	-179.151138
49	75	63	-173.531113
50	75	61	-179.898285
51	75	196	-190.311188
52	75	95	-206.634201
53	75	140	-207.958252
54	75	140	-201.022629
55	75	217	-191.818375
56	75	281	-179.984604
57	75	20	-163.14299
58	75	11	-148.669388
59	75	12	-129.676895
60	75	12	-104.689964
61	75	72	-61.737255
62	75	281	-3.381571
63	75	217	57.851006
64	75	216	89.250084
65	75	256	88.087418
66	75	173	92.741287
67	75	1753	132.134766
68	75	1754	131.84787
69	75	140	98.111206
70	75	1052	47.352791
71	75	1644	-33.454372
72	75	1571	-113.289375
73	75	924	-171.180405
74	75	923	-216.754242
75	75	1521	-249.743439
76	75	1755	-266.875824
77	75	1756	-271.397095
78	75	1608	-275.870911
79	75	1627	-275.974762
80	75	1676	-269.709625
81	75	1757	-286.827667
82	75	1758	-307.352448
83	75	1742	-318.080322
84	75	1545	-324.433624
85	75	1545	-332.070007
86	75	1729	-348.296478
87	75	1009	-364.830017
88	75	1053	-376.49353
89	75	1759	-380.04541
90	75	1644	-376.146484
91	75	307	-365.455048
92	75	1760	-350.800201
93	75	1761	-342.210205
94	75	1762	-342.946991
95	75	1713	-347.709961
96	75	1763	-353.820679
97	75	1764	-358.003571
98	75	72	-358.384491
99	75	216	-355.580231
100	75	1360	-352.994781
101	75	14	-350.453094
102	75	19	-348.798615
103	75	20	-349.482056
104	75	12	-350.694672
105	75	14	-351.036804
106	75	14	-350.37326
107	75	11	-349.120422
108	75	11	-347.572418
109	75	1765	-345.052185
110	75	1766	-337.806427
111	75	1767	-323.187073
112	75	1656	-300.16629
113	75	1392	-268.114594
114	75	1216	-226.572464
115	75	1334	-178.977097
116	75	797	-134.471649
117	75	776	-102.198051
118	75	744	-82.753189
119	75	776	-64.157799
120	75	776	-45.425728
121	75	744	-29.965137
122	75	777	-21.517048
123	75	823	-15.286914
124	75	940	-10.048944
125	75	1216	-4.808875
126	75	1768	-0.244946
127	75	51	0
128	75	14	0
0	76	1304	0
1	76	1617	0
2	76	14	0
3	76	11	0
4	76	92	0
5	76	124	0.569971
6	76	124	1.098299
7	76	124	0
8	76	229	0
9	76	262	12.468583
10	76	441	36.287354
11	76	123	41.814213
12	76	154	44.659954
13	76	578	42.715485
14	76	292	20.901358
15	76	153	12.559468
16	76	123	4.275265
17	76	56	1.388225
18	76	152	0.462464
19	76	262	0.363152
20	76	534	-13.480369
21	76	193	-55.159061
22	76	577	-112.416656
23	76	995	-143.976135
24	76	57	-167.346115
25	76	124	-183.896469
26	76	229	-193.946671
27	76	123	-194.752472
28	76	56	-187.181564
29	76	56	-173.61821
30	76	152	-157.713638
31	76	230	-144.253128
32	76	153	-136.388382
33	76	57	-134.785645
34	76	58	-121.021324
35	76	1268	-99.688072
36	76	1769	-82.246048
37	76	1770	-62.439541
38	76	1721	-36.922955
39	76	44	-13.252903
40	76	1268	-1.193056
41	76	1250	-26.524084
42	76	14	-64.753494
43	76	11	-109.438126
44	76	12	-152.678009
45	76	531	-179.88031
46	76	62	-182.459518
47	76	196	-178.368103
48	76	95	-169.846573
49	76	60	-163.526474
50	76	61	-172.906631
51	76	63	-188.514603
52	76	281	-198.485947
53	76	140	-195.983093
54	76	475	-184.014633
55	76	173	-170.870422
56	76	475	-155.372238
57	76	256	-140.915298
58	76	256	-127.98439
59	76	1360	-112.216194
60	76	15	-90.997208
61	76	173	-55.355137
62	76	20	25.607307
63	76	72	87.62883
64	76	17	109.414192
65	76	17	102.576004
66	76	1771	122.675591
67	76	358	171.988297
68	76	495	164.919067
69	76	140	126.113785
70	76	1621	64.329231
71	76	1772	-24.622652
72	76	1086	-99.055931
73	76	1773	-158.46051
74	76	1774	-206.521408
75	76	1775	-241.70311
76	76	1776	-255.714508
77	76	1741	-257.98938
78	76	1675	-260.230103
79	76	1777	-269.118866
80	76	1773	-268.808472
81	76	1706	-282.446198
82	76	1525	-300.636444
83	76	957	-310.141998
84	76	1125	-311.663391
85	76	958	-319.512939
86	76	923	-334.404358
87	76	1343	-347.957062
88	76	672	-354.093597
89	76	140	-354.930237
90	76	307	-352.564056
91	76	1712	-346.401947
92	76	1713	-339.548187
93	76	1763	-336.138519
94	76	1778	-337.7453
95	76	1779	-343.105164
96	76	1347	-348.698395
97	76	12	-351.541412
98	76	19	-350.077179
99	76	475	-344.979492
100	76	256	-340.632965
101	76	16	-341.212341
102	76	18	-346.253296
103	76	14	-351.71106
104	76	15	-355.693848
105	76	1780	-358.009247
106	76	5	-358.405334
107	76	14	-357.146271
108	76	19	-353.83252
109	76	1056	-347.261993
110	76	213	-335.982544
111	76	14	-318.143311
112	76	1781	-292.919983
113	76	1782	-258.459808
114	76	1363	-216.791473
115	76	1783	-173.008163
116	76	1784	-132.976456
117	76	776	-100.090042
118	76	777	-76.023827
119	76	797	-56.219193
120	76	744	-40.057774
121	76	796	-30.707489
122	76	684	-22.494862
123	76	144	-14.622304
124	76	940	-9.453595
125	76	1661	-4.269631
126	76	14	-0.044537
127	76	14	0
128	76	1214	0
0	77	1639	0
1	77	11	0
2	77	14	0
3	77	153	0
4	77	56	0
5	77	123	0
6	77	56	0
7	77	123	0
8	77	154	0
9	77	995	10.011643
10	77	123	24.258265
11	77	56	29.833269
12	77	57	38.039276
13	77	124	25.312677
14	77	229	4.603128
15	77	56	0.05781
16	77	123	0.398198
17	77	123	1.150508
18	77	154	1.827579
19	77	654	1.856502
20	77	155	-8.515626
21	77	441	-52.227753
22	77	123	-101.289963
23	77	56	-138.299728
24	77	56	-168.789948
25	77	123	-190.795761
26	77	123	-201.609039
27	77	56	-200.623611
28	77	123	-188.580994
29	77	56	-166.459198
30	77	57	-142.036545
31	77	89	-122.586571
32	77	90	-109.280968
33	77	91	-99.817474
34	77	1268	-88.298973
35	77	1339	-78.438568
36	77	1785	-65.099495
37	77	1663	-46.035709
38	77	1786	-24.743835
39	77	1254	-5.91322
40	77	1787	-9.060034
41	77	14	-40.659107
42	77	11	-80.471489
43	77	14	-120.642342
44	77	59	-157.043793
45	77	60	-178.41748
46	77	129	-174.125748
47	77	59	-165.261246
48	77	60	-157.854492
49	77	60	-154.512054
50	77	64	-169.982803
51	77	173	-187.764969
52	77	140	-190.456207
53	77	140	-182.809692
54	77	140	-165.560989
55	77	140	-148.821548
56	77	140	-131.214264
57	77	140	-121.708084
58	77	20	-116.120522
59	77	72	-104.627838
60	77	17	-88.316223
61	77	18	-63.532921
62	77	15	14.14414
63	77	256	62.513
64	77	1360	90.26577
65	77	1788	111.583519
66	77	1504	142.509888
67	77	991	175.595108
68	77	1528	177.876205
69	77	1789	138.860428
70	77	1790	71.962509
71	77	1414	-4.538042
72	77	1791	-83.095367
73	77	1792	-156.662628
74	77	1521	-207.096085
75	77	1525	-235.79953
76	77	1521	-244.127884
77	77	1608	-237.329117
78	77	1628	-241.390396
79	77	1706	-258.132507
80	77	1742	-268.530701
81	77	1792	-276.48877
82	77	1053	-288.281799
83	77	1630	-296.097107
84	77	1793	-302.535156
85	77	1252	-311.661224
86	77	1794	-322.965149
87	77	597	-330.293915
88	77	140	-332.629639
89	77	394	-332.350342
90	77	1795	-331.278046
91	77	1714	-331.737915
92	77	1796	-331.151215
93	77	306	-329.569
94	77	281	-333.16748
95	77	475	-339.86441
96	77	256	-346.002869
97	77	173	-348.779419
98	77	140	-346.641479
99	77	140	-339.901062
100	77	1371	-331.818817
101	77	5	-331.309692
102	77	12	-338.421753
103	77	19	-348.022797
104	77	307	-355.559387
105	77	1797	-359.88269
106	77	256	-360.830536
107	77	473	-358.089813
108	77	1194	-351.968567
109	77	1656	-342.693298
110	77	11	-330.177704
111	77	72	-313.307404
112	77	18	-289.297516
113	77	1798	-257.160767
114	77	1799	-219.011993
115	77	1800	-180.38324
116	77	776	-142.488876
117	77	796	-109.403946
118	77	715	-77.075455
119	77	1019	-52.260078
120	77	797	-37.483952
121	77	796	-31.103544
122	77	684	-22.626303
123	77	36	-14.400322
124	77	51	-8.329127
125	77	14	-3.247899
126	77	1304	0
127	77	1637	0
128	77	1801	0
0	78	1617	0
1	78	11	0
2	78	153	0
3	78	152	0
4	78	56	0
5	78	123	0
6	78	152	0
7	78	123	0
8	78	152	0
9	78	152	5.179863
10	78	56	11.075657
11	78	123	15.266321
12	78	123	17.576427
13	78	152	9.723913
14	78	56	0.049958
15	78	56	0.730506
16	78	192	2.211974
17	78	193	3.547597
18	78	409	3.980657
19	78	154	2.483227
20	78	995	-2.812914
21	78	152	-39.197609
22	78	123	-104.10659
23	78	56	-135.629089
24	78	123	-169.340164
25	78	152	-194.863403
26	78	152	-208.178665
27	78	56	-207.048508
28	78	123	-191.011627
29	78	192	-165.771027
30	78	617	-132.901642
31	78	618	-104.783371
32	78	14	-81.376305
33	78	1247	-69.230957
34	78	1220	-60.739185
35	78	1692	-55.532448
36	78	1802	-45.856903
37	78	1250	-33.998909
38	78	1692	-23.444885
39	78	1693	-23.134449
40	78	1235	-33.744785
41	78	11	-53.701931
42	78	14	-93.452347
43	78	93	-130.621109
44	78	94	-159.581375
45	78	195	-169.614227
46	78	63	-164.116745
47	78	60	-153.386002
48	78	64	-150.56604
49	78	96	-152.056519
50	78	140	-169.390045
51	78	140	-182.643021
52	78	140	-182.170517
53	78	140	-168.017746
54	78	217	-144.521149
55	78	281	-124.44355
56	78	140	-111.998428
57	78	475	-108.248528
58	78	256	-110.907356
59	78	256	-104.52668
60	78	1360	-87.752281
61	78	72	-72.764549
62	78	281	-46.839794
63	78	475	3.400552
64	78	173	79.984993
65	78	140	132.53186
66	78	140	156.220932
67	78	1667	177.374954
68	78	1803	180.048523
69	78	759	159.040802
70	78	1804	93.607147
71	78	657	21.587296
72	78	957	-63.195824
73	78	1740	-148.027161
74	78	1677	-201.087982
75	78	1706	-223.87146
76	78	1625	-229.017807
77	78	1626	-219.984543
78	78	1500	-222.167358
79	78	1525	-252.511154
80	78	934	-272.027527
81	78	1053	-276.916626
82	78	1759	-278.480713
83	78	1805	-288.268097
84	78	1806	-291.060303
85	78	1359	-298.805359
86	78	672	-308.079956
87	78	421	-313.883606
88	78	337	-315.530975
89	78	1807	-316.980896
90	78	1808	-318.06015
91	78	1809	-320.206879
92	78	1347	-318.210114
93	78	19	-318.663971
94	78	217	-325.884125
95	78	1810	-335.004608
96	78	393	-342.505066
97	78	421	-346.160767
98	78	337	-344.246887
99	78	339	-337.131287
100	78	1347	-328.186279
101	78	12	-323.861267
102	78	72	-328.900543
103	78	1811	-338.694916
104	78	1055	-347.963593
105	78	17	-353.147919
106	78	642	-353.250549
107	78	1812	-348.546753
108	78	269	-339.494873
109	78	1813	-328.24884
110	78	115	-316.282593
111	78	115	-302.758057
112	78	611	-284.12561
113	78	1814	-257.029633
114	78	717	-224.665482
115	78	744	-189.943863
116	78	776	-156.28186
117	78	796	-122.833893
118	78	684	-86.612152
119	78	775	-55.875374
120	78	777	-40.216137
121	78	823	-30.210745
122	78	44	-21.907782
123	78	11	-13.774241
124	78	14	-6.709102
125	78	1214	-1.76913
126	78	1372	0
127	78	1691	0
128	78	1815	0
0	79	14	0
1	79	153	0
2	79	56	0
3	79	123	0
4	79	54	0
5	79	55	0
6	79	123	0
7	79	123	0
8	79	56	0
9	79	152	0
10	79	123	2.161676
11	79	152	6.891258
12	79	56	11.821961
13	79	56	6.239913
14	79	56	0.703641
15	79	154	2.843647
16	79	654	5.18952
17	79	995	6.790493
18	79	192	6.664035
19	79	193	3.687983
20	79	409	-3.671871
21	79	152	-21.888348
22	79	56	-73.179291
23	79	56	-121.128319
24	79	152	-165.825592
25	79	123	-203.806412
26	79	123	-218.330292
27	79	123	-214.120621
28	79	262	-196.386536
29	79	861	-165.434036
30	79	440	-128.326553
31	79	14	-93.968658
32	79	11	-64.350044
33	79	1236	-45.931282
34	79	1538	-38.305393
35	79	1267	-34.625492
36	79	1248	-33.83736
37	79	1538	-39.89851
38	79	1340	-43.811985
39	79	1250	-48.964584
40	79	11	-62.58445
41	79	11	-78.904922
42	79	14	-107.313019
43	79	11	-141.156067
44	79	59	-161.816925
45	79	64	-162.653809
46	79	64	-150.352997
47	79	96	-138.37822
48	79	195	-138.884537
49	79	17	-155.869492
50	79	281	-173.388657
51	79	217	-178.563324
52	79	281	-173.771866
53	79	475	-154.706985
54	79	173	-124.630173
55	79	140	-100.251381
56	79	140	-98.238174
57	79	140	-104.140289
58	79	140	-108.725479
59	79	475	-105.351318
60	79	256	-98.877106
61	79	173	-69.214279
62	79	217	-34.70977
63	79	1810	-9.573233
64	79	902	129.633972
65	79	900	166.670547
66	79	1816	182.006317
67	79	1817	195.674286
68	79	489	217.258926
69	79	1818	226.148788
70	79	1819	165.718338
71	79	958	35.372738
72	79	1124	-39.322216
73	79	1740	-127.213905
74	79	1546	-174.03569
75	79	1500	-193.22963
76	79	1500	-201.164993
77	79	1742	-204.886322
78	79	1792	-216.896652
79	79	539	-248.140396
80	79	1053	-272.175018
81	79	634	-275.130432
82	79	140	-280.10611
83	79	635	-282.316193
84	79	672	-280.952942
85	79	140	-281.34201
86	79	394	-287.775879
87	79	310	-296.964325
88	79	310	-305.547577
89	79	310	-308.411835
90	79	361	-307.964752
91	79	20	-306.390533
92	79	1389	-301.389008
93	79	739	-305.123077
94	79	167	-316.049469
95	79	1820	-327.851044
96	79	1329	-336.79306
97	79	135	-341.054138
98	79	420	-339.700958
99	79	20	-333.30954
100	79	15	-324.682587
101	79	256	-319.016083
102	79	1821	-320.239014
103	79	1822	-326.87619
104	79	115	-334.143707
105	79	116	-338.398651
106	79	1666	-336.446716
107	79	1823	-328.644867
108	79	1205	-316.646301
109	79	966	-304.137268
110	79	1080	-293.808472
111	79	683	-284.947052
112	79	717	-273.947449
113	79	776	-255.746262
114	79	744	-234.252197
115	79	776	-206.283081
116	79	776	-177.315872
117	79	796	-142.553802
118	79	717	-105.648972
119	79	718	-72.344414
120	79	119	-46.729321
121	79	1824	-30.568836
122	79	1616	-20.543715
123	79	1616	-12.371264
124	79	1348	-4.666594
125	79	1215	-0.177315
126	79	1661	0
127	79	11	0
128	79	92	0
0	80	229	0
1	80	123	0
2	80	56	0
3	80	230	0
4	80	153	0
5	80	123	0
6	80	123	0
7	80	56	0
8	80	152	0
9	80	152	0
10	80	123	0
11	80	152	0.546732
12	80	152	3.176033
13	80	56	1.121409
14	80	152	2.719918
15	80	152	6.099545
16	80	192	9.29403
17	80	535	11.179193
18	80	60	10.719389
19	80	441	6.924078
20	80	56	-1.550406
21	80	56	-19.571421
22	80	123	-56.813396
23	80	54	-112.398384
24	80	90	-168.271454
25	80	90	-211.399872
26	80	55	-224.72673
27	80	262	-219.686264
28	80	1177	-200.258896
29	80	91	-164.958405
30	80	12	-124.42775
31	80	1236	-84.160461
32	80	1249	-53.110451
33	80	1250	-32.315212
34	80	11	-25.734133
35	80	1247	-28.596777
36	80	1220	-43.56601
37	80	1247	-58.87281
38	80	1220	-64.467323
39	80	11	-70.048706
40	80	92	-87.011612
41	80	124	-104.585739
42	80	58	-124.734375
43	80	59	-147.971344
44	80	60	-156.706299
45	80	64	-154.630035
46	80	61	-144.573212
47	80	63	-133.870026
48	80	256	-135.279236
49	80	173	-160.571884
50	80	475	-174.641571
51	80	173	-172.462952
52	80	140	-163.211914
53	80	140	-142.095078
54	80	140	-108.523735
55	80	140	-86.805321
56	80	140	-90.874138
57	80	217	-102.808723
58	80	1810	-102.518631
59	80	1825	-103.198303
60	80	1810	-85.183685
61	80	1826	-36.890549
62	80	1827	65.19236
63	80	1155	143.299591
64	80	1630	194.205887
65	80	1048	214.148178
66	80	933	219.212982
67	80	846	225.67717
68	80	1653	249.924988
69	80	1828	234.286316
70	80	923	154.196167
71	80	924	36.847805
72	80	923	-27.488466
73	80	1521	-108.988197
74	80	1500	-140.849197
75	80	1742	-149.168579
76	80	1677	-172.160172
77	80	1501	-201.64949
78	80	957	-225.581253
79	80	958	-250.678513
80	80	906	-264.804016
81	80	900	-271.481964
82	80	597	-278.780823
83	80	140	-280.1138
84	80	140	-275.636047
85	80	140	-270.346649
86	80	421	-273.96936
87	80	337	-283.180359
88	80	393	-294.36731
89	80	421	-298.53949
90	80	739	-297.882874
91	80	68	-293.264893
92	80	99	-287.508057
93	80	1690	-293.216705
94	80	256	-306.126526
95	80	1829	-319.347504
96	80	135	-328.758942
97	80	420	-332.887329
98	80	475	-331.867218
99	80	16	-326.537109
100	80	281	-319.15921
101	80	1830	-313.672394
102	80	1831	-312.939697
103	80	1832	-315.680969
104	80	1833	-318.416199
105	80	1834	-318.010498
106	80	1835	-312.501343
107	80	966	-300.965179
108	80	1836	-286.454407
109	80	941	-273.129608
110	80	717	-265.045319
111	80	776	-263.413147
112	80	777	-260.469116
113	80	797	-252.713837
114	80	776	-240.817642
115	80	744	-224.73851
116	80	744	-199.593307
117	80	777	-168.821014
118	80	823	-130.231094
119	80	145	-92.654968
120	80	940	-58.638744
121	80	1018	-36.29406
122	80	1018	-20.191023
123	80	1018	-10.290171
124	80	1837	-2.446749
125	80	1838	0
126	80	58	0
127	80	153	0
128	80	123	0
0	81	56	0
1	81	152	0
2	81	230	0
3	81	153	0
4	81	56	0
5	81	56	0
6	81	56	0
7	81	56	0
8	81	152	0
9	81	123	0
10	81	123	0
11	81	123	0
12	81	152	0.199049
13	81	152	2.24494
14	81	123	5.990366
15	81	262	10.644733
16	81	64	14.760357
17	81	861	17.193338
18	81	995	16.921801
19	81	56	12.959858
20	81	123	4.037809
21	81	56	-14.92494
22	81	693	-50.454853
23	81	618	-105.333031
24	81	531	-168.700821
25	81	435	-212.322433
26	81	194	-230.82579
27	81	292	-227.797455
28	81	11	-206.924683
29	81	11	-169.086838
30	81	1247	-122.772537
31	81	1267	-80.086052
32	81	1220	-46.206142
33	81	12	-24.446671
34	81	12	-20.259708
35	81	11	-30.257383
36	81	1236	-50.215649
37	81	1323	-70.760506
38	81	1235	-78.210541
39	81	153	-85.016129
40	81	152	-101.517029
41	81	230	-121.838646
42	81	59	-143.24501
43	81	64	-159.965195
44	81	64	-159.547256
45	81	60	-155.847916
46	81	96	-148.720963
47	81	140	-143.231491
48	81	140	-150.984329
49	81	140	-164.012772
50	81	217	-170.285995
51	81	281	-167.188217
52	81	217	-153.033722
53	81	281	-129.990616
54	81	140	-95.233574
55	81	217	-76.448257
56	81	18	-80.060349
57	81	167	-104.966591
58	81	67	-101.289658
59	81	68	-83.904915
60	81	931	-42.143372
61	81	1630	46.295841
62	81	935	127.842575
63	81	923	188.031738
64	81	924	231.819977
65	81	1124	247.87883
66	81	1009	243.298813
67	81	1053	240.769791
68	81	933	235.856445
69	81	539	193.102493
70	81	846	112.532982
71	81	1773	44.932121
72	81	1706	-14.083899
73	81	1500	-85.448219
74	81	1481	-109.015869
75	81	1706	-125.076172
76	81	1525	-166.697128
77	81	1053	-214.489853
78	81	933	-240.76535
79	81	1053	-252.040009
80	81	932	-253.198059
81	81	1258	-260.360504
82	81	902	-270.460236
83	81	1128	-268.752594
84	81	1839	-261.898682
85	81	1840	-258.838379
86	81	1761	-262.086121
87	81	1841	-271.625
88	81	1842	-283.709167
89	81	638	-290.592651
90	81	1291	-290.561371
91	81	1843	-286.60379
92	81	463	-282.077301
93	81	337	-285.695801
94	81	339	-298.304749
95	81	309	-310.663666
96	81	274	-318.774231
97	81	1825	-322.169983
98	81	216	-321.547455
99	81	473	-317.588013
100	81	1844	-312.112732
101	81	1205	-308.031036
102	81	1747	-306.92926
103	81	1845	-307.131287
104	81	1846	-304.483643
105	81	1746	-297.498047
106	81	940	-286.650787
107	81	1102	-271.957764
108	81	775	-254.864044
109	81	776	-239.960785
110	81	744	-232.518723
111	81	796	-236.076813
112	81	717	-241.357635
113	81	776	-242.130035
114	81	776	-239.18515
115	81	777	-231.177109
116	81	823	-217.799988
117	81	966	-189.333313
118	81	1430	-150.000351
119	81	1080	-108.268677
120	81	119	-70.91507
121	81	145	-42.342968
122	81	36	-23.24917
123	81	1847	-7.769763
124	81	55	-0.387499
125	81	230	0
126	81	153	0
127	81	123	0
128	81	56	0
0	82	54	0
1	82	91	0
2	82	125	0
3	82	55	0
4	82	56	0
5	82	123	0
6	82	123	0
7	82	54	0
8	82	55	0
9	82	152	0
10	82	56	0
11	82	123	0.114511
12	82	56	2.090881
13	82	123	5.903249
14	82	154	10.864432
15	82	155	16.809994
16	82	534	21.853357
17	82	409	25.109638
18	82	123	25.544678
19	82	56	22.043642
20	82	123	13.293575
21	82	291	-8.564355
22	82	195	-53.814735
23	82	196	-114.451866
24	82	95	-176.508255
25	82	61	-225.095444
26	82	618	-243.888123
27	82	14	-239.325348
28	82	12	-216.229797
29	82	11	-174.26622
30	82	14	-122.339836
31	82	12	-76.312607
32	82	11	-42.215351
33	82	14	-16.916405
34	82	14	-14.175347
35	82	1247	-27.200813
36	82	1267	-46.966362
37	82	1220	-63.87151
38	82	153	-74.505898
39	82	54	-87.529297
40	82	91	-99.829102
41	82	93	-119.763649
42	82	95	-142.256653
43	82	60	-164.718079
44	82	60	-167.606247
45	82	129	-160.944962
46	82	140	-152.480469
47	82	140	-149.178421
48	82	140	-157.007538
49	82	475	-162.314102
50	82	173	-164.557297
51	82	475	-159.049683
52	82	16	-144.705551
53	82	281	-116.836632
54	82	20	-79.956924
55	82	11	-67.519104
56	82	4	-87.873077
57	82	248	-106.07309
58	82	1848	-103.322258
59	82	1155	-71.655205
60	82	955	-13.113838
61	82	1386	65.889641
62	82	1125	163.724579
63	82	1009	200.974091
64	82	1053	247.827789
65	82	1615	264.012329
66	82	958	262.948364
67	82	1849	273.154816
68	82	1086	246.493637
69	82	957	174.628677
70	82	1740	101.515526
71	82	1546	54.026932
72	82	1500	0.659126
73	82	1500	-49.12355
74	82	1500	-78.381462
75	82	1525	-116.228195
76	82	924	-185.00499
77	82	1124	-230.690582
78	82	1032	-248.683868
79	82	1172	-251.665771
80	82	1028	-247.964508
81	82	1049	-254.634338
82	82	1078	-263.595215
83	82	1850	-257.835205
84	82	1851	-249.428177
85	82	1730	-248.493393
86	82	1730	-253.093201
87	82	1852	-261.737213
88	82	1853	-273.60965
89	82	1854	-282.044281
90	82	1855	-285.159515
91	82	394	-282.942139
92	82	309	-279.825562
93	82	420	-281.652374
94	82	394	-292.063812
95	82	1856	-301.468109
96	82	1857	-307.327667
97	82	1858	-309.495544
98	82	1116	-307.255859
99	82	1430	-304.322662
100	82	1859	-304.980347
101	82	1860	-303.627045
102	82	1861	-302.731964
103	82	1862	-300.798889
104	82	1863	-293.778015
105	82	1080	-280.534149
106	82	119	-264.524445
107	82	775	-247.634872
108	82	744	-227.193466
109	82	776	-207.331589
110	82	776	-197.302246
111	82	744	-203.132202
112	82	744	-216.891861
113	82	776	-230.516068
114	82	718	-237.766968
115	82	966	-238.560303
116	82	1836	-230.810165
117	82	1018	-202.714203
118	82	1102	-161.604675
119	82	966	-118.26297
120	82	1080	-79.125519
121	82	1824	-48.367146
122	82	1617	-24.778671
123	82	125	-6.543875
124	82	346	-0.335764
125	82	229	0
126	82	152	0
127	82	54	0
128	82	91	0
0	83	14	0
1	83	11	0
2	83	153	0
3	83	56	0
4	83	152	0
5	83	123	0
6	83	57	0
7	83	229	0
8	83	152	0.185424
9	83	152	1.037691
10	83	123	1.812768
11	83	56	3.361683
12	83	123	7.407114
13	83	123	12.602813
14	83	291	18.385672
15	83	1233	24.879665
16	83	995	30.720636
17	83	56	34.941105
18	83	152	36.46104
19	83	56	33.994404
20	83	693	23.862263
21	83	63	-2.278766
22	83	129	-50.890606
23	83	93	-118.562859
24	83	94	-183.719894
25	83	292	-233.14447
26	83	12	-255.375748
27	83	11	-250.698364
28	83	11	-226.236725
29	83	11	-181.850555
30	83	11	-121.409996
31	83	12	-72.877632
32	83	12	-37.627583
33	83	14	-11.571804
34	83	1236	-5.476504
35	83	1323	-18.298189
36	83	1235	-36.568195
37	83	125	-50.42157
38	83	346	-59.147972
39	83	58	-67.909058
40	83	531	-78.770081
41	83	63	-94.02726
42	83	60	-116.857498
43	83	64	-138.135086
44	83	129	-149.95105
45	83	140	-152.772568
46	83	140	-148.871384
47	83	217	-152.140717
48	83	281	-158.851349
49	83	140	-160.093109
50	83	140	-158.722763
51	83	20	-149.281845
52	83	19	-129.687881
53	83	475	-87.502968
54	83	1360	-65.899086
55	83	167	-67.494049
56	83	101	-91.461342
57	83	1049	-109.185181
58	83	1006	-103.681137
59	83	1864	-63.949883
60	83	1865	-2.995051
61	83	1630	72.100616
62	83	1124	159.13765
63	83	958	200.537247
64	83	1048	246.174896
65	83	933	267.134369
66	83	1526	302.616577
67	83	657	318.872803
68	83	1053	282.520538
69	83	1866	201.882538
70	83	1706	112.305321
71	83	1500	58.678852
72	83	1500	9.795334
73	83	1755	-44.105721
74	83	1867	-72.481071
75	83	539	-127.031288
76	83	924	-195.613464
77	83	1076	-237.216583
78	83	1028	-247.134201
79	83	308	-249.151733
80	83	309	-251.168594
81	83	1049	-261.455658
82	83	927	-268.413208
83	83	1868	-259.077362
84	83	1714	-250.094284
85	83	1763	-247.528748
86	83	1869	-248.009293
87	83	1763	-252.082458
88	83	1808	-260.534851
89	83	1870	-270.242004
90	83	337	-277.526917
91	83	338	-280.817017
92	83	420	-277.899414
93	83	140	-277.834412
94	83	20	-284.376709
95	83	1214	-290.667816
96	83	1149	-294.196899
97	83	1417	-293.371002
98	83	1215	-284.685944
99	83	1871	-280.327087
100	83	1872	-289.252411
101	83	1822	-301.015228
102	83	1873	-300.921722
103	83	1874	-296.64978
104	83	1102	-283.915863
105	83	683	-263.184296
106	83	1875	-243.535019
107	83	1784	-225.973618
108	83	744	-205.541428
109	83	777	-183.01767
110	83	797	-171.674774
111	83	776	-183.181625
112	83	776	-205.034363
113	83	718	-225.676514
114	83	1417	-240.311798
115	83	1372	-247.590317
116	83	1768	-241.576004
117	83	1876	-213.458725
118	83	993	-169.976273
119	83	1372	-124.612663
120	83	993	-83.270264
121	83	1639	-50.621426
122	83	14	-24.92886
123	83	125	-7.404735
124	83	55	-0.132804
125	83	123	0
126	83	57	0
127	83	124	0
128	83	124	0
0	84	58	0
1	84	153	0
2	84	152	0
3	84	152	0
4	84	56	0
5	84	123	0
6	84	123	0.249134
7	84	56	1.658819
8	84	123	3.438965
9	84	56	5.158392
10	84	56	6.551613
11	84	123	9.675175
12	84	123	15.102281
13	84	57	21.583731
14	84	229	28.308744
15	84	123	34.951168
16	84	123	41.362431
17	84	123	46.526161
18	84	56	49.296364
19	84	262	48.103836
20	84	96	35.651829
21	84	292	7.725041
22	84	1236	-53.439678
23	84	1323	-132.137344
24	84	1235	-198.408218
25	84	12	-244.788132
26	84	12	-263.80423
27	84	12	-259.91275
28	84	14	-236.791611
29	84	11	-194.089203
30	84	14	-128.462753
31	84	11	-68.398628
32	84	12	-31.209173
33	84	1877	-5.812826
34	84	1878	4.467181
35	84	1566	-5.181587
36	84	5	-21.746859
37	84	153	-33.182148
38	84	230	-39.149548
39	84	93	-42.376308
40	84	94	-48.744202
41	84	94	-59.69696
42	84	94	-75.568024
43	84	292	-90.048592
44	84	140	-104.821815
45	84	140	-114.453606
46	84	20	-131.462952
47	84	19	-145.627853
48	84	140	-154.730713
49	84	140	-155.394714
50	84	20	-152.828354
51	84	72	-135.657547
52	84	17	-88.927528
53	84	18	-63.041782
54	84	14	-51.095871
55	84	167	-64.595482
56	84	101	-92.847557
57	84	1049	-103.869858
58	84	1879	-93.91098
59	84	1249	-58.01141
60	84	955	2.006712
61	84	1221	77.128204
62	84	1615	161.46315
63	84	958	202.553543
64	84	923	252.700653
65	84	1526	301.109619
66	84	657	343.918976
67	84	924	341.004639
68	84	1880	282.820129
69	84	1500	193.027634
70	84	1742	101.364273
71	84	1546	43.65662
72	84	1727	-16.287004
73	84	1881	-67.073196
74	84	1009	-104.0345
75	84	957	-149.766159
76	84	1387	-198.61879
77	84	135	-227.46962
78	84	420	-240.994293
79	84	394	-247.451767
80	84	309	-254.500885
81	84	69	-267.804169
82	84	1712	-275.627991
83	84	1763	-271.425018
84	84	1882	-262.643127
85	84	1883	-254.220459
86	84	1882	-248.57196
87	84	1760	-247.016876
88	84	1761	-250.830109
89	84	1761	-259.47345
90	84	1884	-270.617432
91	84	420	-278.033173
92	84	140	-279.297668
93	84	1885	-278.528015
94	84	1886	-281.568115
95	84	1216	-284.225983
96	84	1836	-284.395996
97	84	1102	-279.246796
98	84	1832	-261.680756
99	84	1887	-251.992432
100	84	989	-271.14856
101	84	1888	-295.176788
102	84	1889	-299.85321
103	84	145	-294.280792
104	84	822	-277.352905
105	84	1890	-249.963974
106	84	1891	-226.460068
107	84	776	-208.412918
108	84	796	-191.523773
109	84	717	-174.878891
110	84	744	-167.145935
111	84	777	-179.010559
112	84	716	-199.750626
113	84	1892	-221.636002
114	84	1893	-237.0914
115	84	1815	-245.418991
116	84	1226	-237.559631
117	84	1362	-211.192261
118	84	1276	-170.198746
119	84	1018	-125.528053
120	84	1661	-82.856476
121	84	11	-49.382172
122	84	92	-25.176407
123	84	229	-5.990895
124	84	123	-0.015054
125	84	123	0
126	84	152	0
127	84	123	0
128	84	57	0
0	85	229	0
1	85	56	0
2	85	123	0
3	85	54	0
4	85	55	0
5	85	152	1.088461
6	85	123	3.824674
7	85	56	6.733344
8	85	56	9.228001
9	85	56	11.268158
10	85	152	12.8519
11	85	56	17.537418
12	85	54	24.360559
13	85	55	31.904932
14	85	56	39.539421
15	85	123	46.875401
16	85	152	53.71233
17	85	123	59.626083
18	85	154	63.456089
19	85	440	62.948524
20	85	11	47.878696
21	85	1247	1.161208
22	85	1267	-75.54879
23	85	1248	-156.931061
24	85	1323	-220.975189
25	85	1235	-259.929138
26	85	12	-274.880585
27	85	12	-268.229553
28	85	11	-244.993896
29	85	11	-200.955551
30	85	11	-136.16655
31	85	4	-74.198059
32	85	66	-24.346525
33	85	1894	-1.714776
34	85	1895	8.073304
35	85	782	5.094661
36	85	153	-4.222121
37	85	230	-14.411847
38	85	11	-20.153837
39	85	14	-20.479273
40	85	14	-24.111742
41	85	1236	-31.233704
42	85	1323	-37.251202
43	85	140	-48.954102
44	85	140	-59.366188
45	85	20	-68.386826
46	85	19	-87.803322
47	85	140	-133.157242
48	85	217	-145.329041
49	85	216	-146.953552
50	85	1360	-141.466751
51	85	15	-113.003609
52	85	1360	-68.661079
53	85	11	-46.260334
54	85	4	-47.649048
55	85	66	-65.026833
56	85	101	-94.989449
57	85	1565	-100.519409
58	85	1896	-88.216759
59	85	1028	-55.917076
60	85	1049	-0.667967
61	85	1897	89.128815
62	85	923	187.142471
63	85	1773	231.67392
64	85	1591	281.929688
65	85	1898	329.143341
66	85	1482	374.03949
67	85	1706	342.93515
68	85	1500	234.302582
69	85	1481	139.32843
70	85	1706	68.407288
71	85	1500	12.792226
72	85	1899	-51.682056
73	85	1615	-115.024933
74	85	1032	-139.0802
75	85	551	-162.332214
76	85	308	-189.788101
77	85	361	-208.408447
78	85	140	-229.066635
79	85	1900	-245.04158
80	85	1761	-256.768707
81	85	1762	-270.582275
82	85	1796	-278.786377
83	85	1760	-279.591461
84	85	1761	-273.633667
85	85	1884	-263.704773
86	85	1883	-254.630814
87	85	1869	-249.496628
88	85	1713	-250.43187
89	85	1796	-258.095093
90	85	274	-268.728302
91	85	393	-277.387268
92	85	1313	-284.121307
93	85	1769	-287.969086
94	85	1901	-288.325104
95	85	1902	-285.503906
96	85	1889	-279.984833
97	85	1903	-271.502625
98	85	1904	-250.547211
99	85	173	-238.433334
100	85	1905	-257.57193
101	85	1906	-288.29129
102	85	1080	-297.57785
103	85	119	-291.45047
104	85	775	-274.283508
105	85	744	-246.749466
106	85	777	-224.792694
107	85	797	-207.960678
108	85	744	-190.319443
109	85	776	-174.72525
110	85	718	-167.290497
111	85	822	-175.155838
112	85	823	-192.972809
113	85	42	-210.090271
114	85	116	-223.562851
115	85	14	-228.56926
116	85	14	-220.142258
117	85	186	-194.864578
118	85	37	-159.797424
119	85	51	-118.68512
120	85	11	-79.055565
121	85	153	-46.376831
122	85	152	-21.350302
123	85	152	-2.752734
124	85	123	-0.008644
125	85	56	0
126	85	123	0
127	85	152	0
128	85	56	0
0	86	152	0
1	86	56	0
2	86	57	0
3	86	229	0
4	86	123	2.023084
5	86	123	5.860213
6	86	123	9.362579
7	86	152	12.483916
8	86	56	15.175424
9	86	56	17.387909
10	86	56	19.355511
11	86	230	25.953665
12	86	153	34.254185
13	86	123	42.939796
14	86	123	51.553246
15	86	123	59.814308
16	86	56	67.450119
17	86	152	74.067627
18	86	230	78.377556
19	86	14	77.538788
20	86	12	48.653538
21	86	12	-20.851749
22	86	1247	-102.838097
23	86	1896	-182.926208
24	86	1879	-241.481888
25	86	1907	-275.014618
26	86	5	-285.05954
27	86	12	-275.006226
28	86	4	-247.584076
29	86	248	-201.411591
30	86	134	-138.389694
31	86	99	-78.447174
32	86	1908	-26.29039
33	86	1078	4.043922
34	86	1511	11.911691
35	86	125	7.231812
36	86	91	1.209133
37	86	14	-4.13422
38	86	1236	-9.916193
39	86	1323	-13.851228
40	86	1249	-13.590128
41	86	1339	-13.8629
42	86	140	-17.770834
43	86	140	-24.916092
44	86	475	-35.205067
45	86	16	-45.772099
46	86	281	-70.567177
47	86	475	-112.418549
48	86	173	-133.121918
49	86	20	-136.788055
50	86	72	-127.474236
51	86	18	-78.339821
52	86	11	-69.921867
53	86	167	-57.348083
54	86	1273	-56.144875
55	86	134	-86.369354
56	86	99	-101.637161
57	86	134	-100.809174
58	86	135	-82.67511
59	86	69	-45.089859
60	86	1909	4.766129
61	86	934	95.337608
62	86	1910	202.329117
63	86	1911	276.942932
64	86	1706	313.275482
65	86	1742	343.062927
66	86	1546	382.776917
67	86	1742	343.34671
68	86	1545	225.649597
69	86	1546	108.463463
70	86	1742	42.611454
71	86	1912	-21.312244
72	86	1048	-102.265327
73	86	932	-150.815506
74	86	551	-167.22377
75	86	420	-180.348831
76	86	140	-193.16658
77	86	421	-210.274506
78	86	1913	-225.433044
79	86	1914	-243.191162
80	86	1808	-258.319061
81	86	1882	-269.308655
82	86	1883	-277.308197
83	86	1808	-280.842926
84	86	1915	-277.918335
85	86	1884	-269.946869
86	86	1883	-261.954224
87	86	1808	-256.673645
88	86	1809	-256.714783
89	86	310	-262.674011
90	86	361	-271.596405
91	86	1916	-281.226715
92	86	1560	-291.650146
93	86	1917	-295.63208
94	86	1918	-291.070282
95	86	1845	-281.653137
96	86	1919	-268.045166
97	86	402	-252.018356
98	86	217	-234.066406
99	86	642	-226.795105
100	86	1316	-244.394821
101	86	1149	-273.722778
102	86	966	-293.681824
103	86	967	-291.222778
104	86	744	-274.943695
105	86	796	-251.328247
106	86	717	-227.58432
107	86	744	-207.92485
108	86	776	-190.731918
109	86	718	-176.937729
110	86	145	-166.210846
111	86	35	-166.431396
112	86	144	-180.939255
113	86	44	-194.171143
114	86	14	-202.544296
115	86	12	-205.06665
116	86	12	-196.08548
117	86	14	-172.089951
118	86	11	-143.199051
119	86	92	-107.249855
120	86	229	-69.862022
121	86	123	-37.832058
122	86	123	-13.704373
123	86	123	-0.741571
124	86	56	-0.002991
125	86	56	0
126	86	56	0
127	86	123	0
128	86	56	0
0	87	54	0
1	87	55	0
2	87	123	0
3	87	152	2.563678
4	87	56	6.929506
5	87	123	11.009619
6	87	152	14.756775
7	87	152	18.117933
8	87	123	21.035364
9	87	56	23.449032
10	87	57	26.30374
11	87	89	34.728916
12	87	55	44.453682
13	87	123	54.326462
14	87	123	64.027794
15	87	152	73.288475
16	87	56	81.822441
17	87	230	88.982445
18	87	12	92.977669
19	87	11	87.456825
20	87	14	38.667526
21	87	11	-43.399643
22	87	68	-128.619751
23	87	1049	-201.889664
24	87	1028	-255.781464
25	87	782	-284.455048
26	87	4	-290.556152
27	87	66	-277.010193
28	87	806	-246.725906
29	87	101	-198.179581
30	87	69	-137.361496
31	87	135	-76.490158
32	87	1565	-22.8629
33	87	1220	10.046587
34	87	11	16.255037
35	87	1236	9.437793
36	87	1323	0.543736
37	87	1249	-6.759593
38	87	932	-12.240586
39	87	1339	-16.860203
40	87	1220	-20.782587
41	87	281	-26.5695
42	87	140	-31.586494
43	87	140	-35.799484
44	87	475	-42.451748
45	87	173	-54.809738
46	87	217	-74.598213
47	87	281	-102.97171
48	87	475	-122.938255
49	87	1360	-127.656364
50	87	12	-113.891388
51	87	12	-83.899788
52	87	14	-68.579239
53	87	68	-69.52018
54	87	69	-86.307808
55	87	69	-106.48381
56	87	139	-113.908203
57	87	101	-106.526115
58	87	135	-82.516129
59	87	1909	-40.239452
60	87	542	17.92634
61	87	1920	113.721428
62	87	1921	212.308243
63	87	1546	284.524811
64	87	1481	321.540741
65	87	1922	351.619598
66	87	1867	405.618256
67	87	957	377.510284
68	87	1708	239.590546
69	87	1525	110.508171
70	87	539	28.035376
71	87	1053	-64.776253
72	87	1172	-143.64592
73	87	1028	-177.446167
74	87	420	-191.324631
75	87	140	-206.586899
76	87	307	-221.986282
77	87	420	-230.565292
78	87	394	-237.501602
79	87	309	-248.132019
80	87	308	-259.440338
81	87	310	-262.341644
82	87	309	-268.478027
83	87	1923	-272.633453
84	87	1779	-273.814117
85	87	310	-270.4888
86	87	310	-265.997711
87	87	361	-262.995544
88	87	140	-263.355499
89	87	140	-267.481354
90	87	1924	-273.912323
91	87	1554	-282.938446
92	87	1925	-293.226532
93	87	1926	-294.521149
94	87	547	-287.056641
95	87	140	-271.104462
96	87	217	-248.129807
97	87	1927	-224.47699
98	87	213	-220.112671
99	87	1214	-223.445541
100	87	1372	-235.515976
101	87	1836	-266.910065
102	87	1800	-287.606079
103	87	776	-293.045288
104	87	744	-285.732269
105	87	777	-271.06781
106	87	797	-245.286041
107	87	744	-212.911667
108	87	718	-190.726822
109	87	683	-177.184235
110	87	684	-162.616577
111	87	966	-156.492691
112	87	1928	-166.229996
113	87	116	-178.714279
114	87	11	-184.76091
115	87	92	-185.381485
116	87	124	-174.455063
117	87	58	-150.247726
118	87	125	-121.46283
119	87	55	-89.277168
120	87	54	-54.381886
121	87	90	-24.75029
122	87	90	-6.438547
123	87	55	-0.157721
124	87	56	-0.000109
125	87	152	0
126	87	54	0
127	87	90	0
128	87	91	0
0	88	153	0
1	88	123	0
2	88	123	2.147828
3	88	56	6.995335
4	88	152	11.612567
5	88	123	15.955819
6	88	123	19.973322
7	88	56	23.604906
8	88	123	26.782642
9	88	123	29.433115
10	88	230	33.583385
11	88	125	43.771187
12	88	55	54.780312
13	88	152	65.883728
14	88	123	76.696472
15	88	123	86.932602
16	88	230	96.378151
17	88	12	104.273674
18	88	14	107.401772
19	88	1236	92.993378
20	88	1907	32.661335
21	88	134	-52.427212
22	88	135	-140.003876
23	88	976	-214.471817
24	88	1511	-263.644836
25	88	167	-288.942505
26	88	67	-290.45871
27	88	11	-272.507629
28	88	68	-239.959183
29	88	69	-191.767319
30	88	139	-125.239693
31	88	1894	-63.440598
32	88	1323	-12.143367
33	88	1235	17.087687
34	88	1268	19.92943
35	88	932	10.855221
36	88	1339	-0.337925
37	88	1267	-11.840359
38	88	1248	-19.728086
39	88	1235	-27.72896
40	88	19	-40.146049
41	88	217	-50.818619
42	88	281	-58.374233
43	88	217	-60.617527
44	88	281	-63.217804
45	88	475	-71.645599
46	88	173	-84.608986
47	88	217	-98.872475
48	88	216	-112.801865
49	88	1360	-118.544075
50	88	4	-112.376289
51	88	1690	-88.221443
52	88	1929	-75.383072
53	88	309	-88.392212
54	88	135	-107.02771
55	88	782	-115.893646
56	88	68	-117.17292
57	88	69	-109.112213
58	88	1930	-81.035423
59	88	1931	-33.383648
60	88	1085	46.074799
61	88	1932	136.43895
62	88	1708	207.57428
63	88	1742	264.985596
64	88	1933	299.937988
65	88	1615	356.591766
66	88	1934	425.453278
67	88	1728	373.699554
68	88	1525	213.807526
69	88	957	90.572861
70	88	1032	2.046957
71	88	551	-85.058533
72	88	308	-159.897278
73	88	361	-188.404678
74	88	140	-204.017044
75	88	394	-231.303879
76	88	361	-249.52742
77	88	140	-256.027954
78	88	307	-258.730225
79	88	420	-260.571075
80	88	140	-262.303406
81	88	394	-256.817352
82	88	463	-252.41275
83	88	393	-256.108643
84	88	140	-260.648163
85	88	140	-263.228699
86	88	140	-263.545471
87	88	140	-263.720642
88	88	140	-264.913025
89	88	635	-267.837219
90	88	1935	-272.351532
91	88	1936	-278.816742
92	88	1937	-287.971252
93	88	991	-289.485992
94	88	140	-282.251404
95	88	1056	-263.92337
96	88	1938	-231.274368
97	88	1939	-214.454056
98	88	1940	-224.609665
99	88	1941	-237.80722
100	88	1294	-251.483673
101	88	717	-273.025848
102	88	776	-290.663055
103	88	777	-297.821014
104	88	823	-298.811707
105	88	775	-291.626038
106	88	776	-269.569641
107	88	718	-229.415314
108	88	775	-196.352646
109	88	718	-177.019058
110	88	940	-156.041
111	88	1450	-144.532349
112	88	51	-149.557587
113	88	14	-162.693054
114	88	153	-169.145432
115	88	152	-165.488937
116	88	230	-150.065063
117	88	14	-125.217819
118	88	153	-95.897514
119	88	57	-65.789803
120	88	124	-35.10743
121	88	58	-12.909506
122	88	153	-0.567046
123	88	152	-0.028252
124	88	56	0
125	88	230	0
126	88	14	0
127	88	14	0
128	88	125	0
0	89	90	0
1	89	55	0.914805
2	89	152	6.055641
3	89	123	11.147813
4	89	123	16.029177
5	89	152	20.65457
6	89	152	24.968575
7	89	152	28.904184
8	89	123	32.363537
9	89	57	35.534302
10	89	124	41.656342
11	89	229	52.848602
12	89	123	65.144981
13	89	152	77.484016
14	89	56	89.28669
15	89	57	100.395256
16	89	58	110.575035
17	89	12	119.336899
18	89	1247	120.395988
19	89	1942	98.235786
20	89	814	35.882942
21	89	69	-46.768581
22	89	1565	-133.484573
23	89	1248	-215.033203
24	89	1235	-259.582397
25	89	4	-281.373749
26	89	248	-282.124542
27	89	134	-262.31015
28	89	976	-224.63147
29	89	1511	-170.536377
30	89	1247	-102.018959
31	89	1267	-43.152351
32	89	1248	1.164255
33	89	1249	24.998421
34	89	1339	23.084566
35	89	1248	12.509504
36	89	1235	-1.655883
37	89	1268	-15.08929
38	89	1456	-25.00127
39	89	173	-39.593552
40	89	475	-56.587425
41	89	173	-71.345108
42	89	20	-81.151848
43	89	72	-84.773529
44	89	281	-83.739822
45	89	140	-85.113686
46	89	475	-89.853012
47	89	16	-96.295822
48	89	216	-105.398888
49	89	1929	-111.28051
50	89	463	-108.856049
51	89	337	-94.124916
52	89	338	-81.210762
53	89	69	-101.743675
54	89	99	-114.86882
55	89	134	-117.236023
56	89	69	-114.40876
57	89	931	-100.356461
58	89	1943	-76.659912
59	89	1944	-30.190361
60	89	1575	63.292297
61	89	1880	158.540726
62	89	1945	230.027954
63	89	958	258.840363
64	89	1946	290.936401
65	89	1776	343.038361
66	89	1545	385.955139
67	89	1729	309.100647
68	89	1032	185.668015
69	89	932	80.698662
70	89	551	-7.689051
71	89	420	-88.983849
72	89	140	-147.092819
73	89	140	-173.447372
74	89	140	-201.163116
75	89	140	-235.159378
76	89	421	-263.193542
77	89	338	-274.193542
78	89	274	-276.085724
79	89	393	-272.537689
80	89	140	-265.004639
81	89	394	-254.651642
82	89	361	-242.959076
83	89	421	-233.921097
84	89	393	-242.054886
85	89	421	-247.663116
86	89	393	-252.173355
87	89	140	-256.308289
88	89	140	-259.798767
89	89	1621	-262.217834
90	89	495	-265.221069
91	89	140	-270.186035
92	89	140	-277.531952
93	89	518	-284.098083
94	89	1844	-282.237976
95	89	1947	-265.568024
96	89	1948	-243.299088
97	89	1949	-227.990906
98	89	1638	-246.452545
99	89	994	-271.423859
100	89	797	-281.417969
101	89	776	-289.166077
102	89	718	-297.583344
103	89	145	-301.635254
104	89	822	-302.318512
105	89	1019	-297.43927
106	89	716	-282.39035
107	89	715	-251.116165
108	89	823	-205.594681
109	89	119	-170.955994
110	89	44	-151.847061
111	89	12	-134.547058
112	89	11	-132.530487
113	89	125	-141.426498
114	89	90	-144.416534
115	89	91	-137.315979
116	89	14	-120.13504
117	89	125	-95.222412
118	89	90	-66.718063
119	89	90	-39.410202
120	89	346	-16.299458
121	89	89	-2.126905
122	89	90	-0.089969
123	89	55	-0.000469
124	89	57	0
125	89	124	0
126	89	124	0
127	89	124	0
128	89	58	0
0	90	125	0
1	90	55	4.143796
2	90	123	9.634281
3	90	123	14.974064
4	90	152	20.128029
5	90	56	25.051277
6	90	56	29.685995
7	90	123	33.890636
8	90	123	37.728046
9	90	54	41.990429
10	90	55	49.922569
11	90	152	61.898968
12	90	56	75.319008
13	90	152	88.727974
14	90	123	101.417648
15	90	230	112.982338
16	90	12	123.472618
17	90	11	132.089447
18	90	1268	129.848007
19	90	1864	105.395447
20	90	101	51.226768
21	90	99	-28.620655
22	90	1908	-116.995125
23	90	1584	-197.667511
24	90	1848	-242.19838
25	90	977	-262.12677
26	90	977	-263.885681
27	90	1563	-244.962616
28	90	1220	-200.670151
29	90	11	-143.351852
30	90	1236	-78.285477
31	90	1249	-20.043505
32	90	1339	15.316112
33	90	1248	32.080379
34	90	1249	25.598452
35	90	1250	14.135314
36	90	1268	-1.299864
37	90	1339	-15.586798
38	90	140	-26.124861
39	90	140	-43.51273
40	90	140	-64.703484
41	90	475	-82.582062
42	90	256	-95.851982
43	90	173	-102.25882
44	90	140	-95.385841
45	90	140	-89.888962
46	90	20	-86.88887
47	90	19	-89.255394
48	90	217	-95.883438
49	90	1378	-103.31469
50	90	806	-106.705475
51	90	806	-100.922112
52	90	806	-103.78923
53	90	806	-110.566551
54	90	101	-116.963356
55	90	135	-112.688316
56	90	931	-105.779991
57	90	932	-85.978226
58	90	1950	-59.306488
59	90	1414	-12.455848
60	90	1606	106.297478
61	90	1951	191.614273
62	90	933	258.537903
63	90	1952	283.041504
64	90	1867	287.687378
65	90	957	322.387512
66	90	1032	360.263916
67	90	932	292.630096
68	90	1172	173.337234
69	90	1028	75.227432
70	90	274	-1.845364
71	90	393	-78.690308
72	90	421	-127.528679
73	90	393	-161.135193
74	90	140	-184.25058
75	90	394	-228.224228
76	90	310	-267.086639
77	90	310	-282.554138
78	90	361	-282.951538
79	90	140	-277.883301
80	90	421	-270.149323
81	90	337	-257.317047
82	90	1953	-240.435989
83	90	1954	-228.315277
84	90	908	-221.245743
85	90	1011	-223.812897
86	90	1621	-230.76207
87	90	495	-240.892365
88	90	1830	-247.851166
89	90	1569	-250.472015
90	90	430	-252.347153
91	90	1016	-256.027649
92	90	431	-267.067169
93	90	142	-280.65213
94	90	940	-283.436676
95	90	1018	-276.896759
96	90	1102	-265.370911
97	90	1417	-261.144104
98	90	1294	-280.129272
99	90	715	-295.836304
100	90	797	-305.488831
101	90	718	-304.418274
102	90	683	-302.898712
103	90	684	-301.187714
104	90	144	-298.652832
105	90	822	-293.920898
106	90	716	-284.074371
107	90	684	-259.827393
108	90	35	-215.577087
109	90	42	-170.764572
110	90	116	-144.215103
111	90	14	-130.418732
112	90	1304	-123.643463
113	90	1617	-120.326019
114	90	12	-113.463913
115	90	11	-101.591942
116	90	14	-84.083443
117	90	11	-61.030792
118	90	12	-35.422966
119	90	125	-15.524442
120	90	91	-2.871816
121	90	92	-0.150605
122	90	229	-0.001501
123	90	56	0
124	90	123	0
125	90	152	0
126	90	152	0
127	90	57	0
128	90	124	0
0	91	229	0
1	91	123	7.129842
2	91	152	12.837215
3	91	152	18.420961
4	91	56	23.849169
5	91	56	29.079535
6	91	123	33.997147
7	91	123	38.551323
8	91	57	42.955196
9	91	229	48.495388
10	91	152	57.799995
11	91	54	70.665169
12	91	55	85.02285
13	91	152	99.322327
14	91	57	112.709366
15	91	124	124.253799
16	91	58	125.250748
17	91	1247	140.315231
18	91	1248	134.87384
19	91	1895	111.486588
20	91	69	68.837631
21	91	69	-0.414687
22	91	976	-84.949318
23	91	1563	-168.23024
24	91	1267	-215.499084
25	91	1955	-237.019531
26	91	1956	-238.785645
27	91	11	-218.899826
28	91	1236	-171.910782
29	91	1538	-111.816154
30	91	1340	-53.005638
31	91	1456	-2.384686
32	91	1249	28.744953
33	91	1339	35.134277
34	91	1248	27.555273
35	91	1249	15.478959
36	91	1250	0.607386
37	91	281	-13.130174
38	91	140	-23.641815
39	91	140	-40.295525
40	91	140	-59.936298
41	91	140	-77.988853
42	91	140	-91.382332
43	91	217	-95.363686
44	91	281	-87.133896
45	91	20	-76.82869
46	91	72	-71.930016
47	91	216	-72.104469
48	91	256	-78.155495
49	91	1360	-88.705833
50	91	11	-98.438965
51	91	11	-104.038857
52	91	14	-106.805908
53	91	167	-110.993065
54	91	806	-102.52301
55	91	1957	-86.697388
56	91	1006	-69.626221
57	91	933	-45.095924
58	91	1593	61.373695
59	91	1958	101.200287
60	91	1552	153.777191
61	91	1047	212.43895
62	91	1053	275.509705
63	91	1615	295.328461
64	91	1032	297.392487
65	91	932	307.551758
66	91	1172	336.654999
67	91	1028	285.309235
68	91	69	175.32869
69	91	308	119.16024
70	91	361	18.869946
71	91	394	-51.428806
72	91	463	-130.591385
73	91	337	-152.452438
74	91	393	-178.908844
75	91	140	-227.499146
76	91	140	-270.46286
77	91	140	-288.613647
78	91	421	-287.286285
79	91	1953	-281.918762
80	91	1761	-274.236359
81	91	1762	-262.370422
82	91	1796	-245.186981
83	91	1049	-230.28476
84	91	1173	-215.439789
85	91	1959	-203.398834
86	91	1960	-205.175186
87	91	1131	-217.936737
88	91	1961	-230.164963
89	91	476	-233.651474
90	91	144	-233.471695
91	91	35	-235.594223
92	91	966	-248.681183
93	91	1962	-267.595367
94	91	1963	-280.380829
95	91	1080	-282.198578
96	91	1417	-282.485809
97	91	1964	-287.258118
98	91	796	-300.590057
99	91	715	-309.51767
100	91	823	-311.443695
101	91	822	-309.740784
102	91	716	-303.577393
103	91	778	-296.419159
104	91	684	-290.925293
105	91	822	-285.435028
106	91	823	-276.452667
107	91	35	-258.011383
108	91	35	-213.79155
109	91	44	-173.6642
110	91	30	-146.836502
111	91	1735	-124.426773
112	91	1801	-110.96711
113	91	1617	-102.029427
114	91	12	-87.635666
115	91	14	-70.403374
116	91	14	-51.721252
117	91	12	-31.07844
118	91	12	-11.414943
119	91	12	-3.158365
120	91	153	-0.537749
121	91	56	-0.000384
122	91	123	0
123	91	1965	0
124	91	1966	0
125	91	1967	0
126	91	152	0
127	91	56	0
128	91	123	0
0	92	123	0
1	92	152	9.705439
2	92	152	15.615041
3	92	123	21.430319
4	92	56	27.124453
5	92	56	32.660534
6	92	56	37.907425
7	92	54	42.910194
8	92	55	48.041988
9	92	152	54.91922
10	92	57	65.401146
11	92	229	79.091835
12	92	56	94.310066
13	92	152	109.348869
14	92	54	123.180588
15	92	346	124.94812
16	92	58	125.488579
17	92	1268	131.156769
18	92	1864	131.130432
19	92	806	114.556946
20	92	101	78.335823
21	92	1049	24.075718
22	92	1968	-45.405529
23	92	14	-128.273804
24	92	125	-181.511002
25	92	346	-205.226959
26	92	58	-206.495132
27	92	1247	-183.511124
28	92	1248	-137.501404
29	92	1249	-83.989326
30	92	932	-31.279318
31	92	1339	13.108431
32	92	1248	31.518715
33	92	1249	36.36974
34	92	932	28.850471
35	92	1250	16.130114
36	92	173	3.066229
37	92	140	-8.535854
38	92	140	-17.647882
39	92	140	-29.331905
40	92	140	-45.907528
41	92	140	-61.444603
42	92	475	-71.474457
43	92	173	-72.958694
44	92	475	-65.576271
45	92	256	-56.392948
46	92	16	-51.210022
47	92	281	-50.502892
48	92	20	-58.930363
49	92	12	-71.736458
50	92	14	-84.593887
51	92	11	-87.366463
52	92	14	-71.862335
53	92	4	-41.807884
54	92	134	-11.803957
55	92	931	-0.619248
56	92	1615	75.051277
57	92	1032	93.987877
58	92	1615	123.629898
59	92	1969	161.769852
60	92	1594	177.284851
61	92	1191	214.01149
62	92	927	272.247559
63	92	1006	301.56189
64	92	932	297.135284
65	92	551	289.766876
66	92	308	288.567505
67	92	309	256.568481
68	92	420	185.743958
69	92	140	153.214432
70	92	140	62.315651
71	92	394	-10.840525
72	92	310	-71.671097
73	92	361	-91.849525
74	92	421	-121.44278
75	92	337	-211.41832
76	92	337	-276.558258
77	92	338	-292.838776
78	92	1712	-289.972504
79	92	1714	-284.047211
80	92	1763	-276.444946
81	92	1882	-264.938232
82	92	135	-249.456696
83	92	69	-236.024246
84	92	1049	-220.522491
85	92	1445	-197.220474
86	92	475	-184.82016
87	92	16	-191.047821
88	92	858	-202.744827
89	92	144	-208.578033
90	92	35	-208.405518
91	92	1970	-208.822281
92	92	1891	-220.716034
93	92	1971	-243.22641
94	92	1972	-265.922699
95	92	1973	-277.003204
96	92	1891	-284.023651
97	92	777	-292.637756
98	92	716	-302.683319
99	92	778	-308.232605
100	92	778	-309.302368
101	92	717	-306.700775
102	92	777	-300.806549
103	92	716	-289.411774
104	92	684	-281.711548
105	92	119	-274.437653
106	92	35	-264.975677
107	92	144	-243.903732
108	92	44	-204.23732
109	92	186	-172.405457
110	92	187	-143.459229
111	92	1451	-110.683624
112	92	1974	-91.401299
113	92	124	-81.850998
114	92	124	-67.495094
115	92	58	-51.00465
116	92	12	-32.915028
117	92	14	-14.783175
118	92	14	-3.394971
119	92	153	-0.663195
120	92	123	0
121	92	123	0
122	92	1975	0
123	92	135	0
124	92	1976	0
125	92	152	0
126	92	152	0
127	92	123	0
128	92	56	0
0	93	152	0
1	93	123	11.829102
2	93	152	17.917534
3	93	56	23.941113
4	93	123	29.879658
5	93	56	35.838764
6	93	57	41.569103
7	93	89	47.06525
8	93	55	52.919968
9	93	123	60.967419
10	93	54	72.546196
11	93	90	87.127518
12	93	90	103.15966
13	93	91	118.647041
14	93	125	130.45546
15	93	346	130.532455
16	93	1977	130.391663
17	93	1584	130.635345
18	93	248	130.93248
19	93	66	111.990128
20	93	101	81.2304
21	93	782	34.490822
22	93	14	-19.065521
23	93	14	-87.00946
24	93	153	-136.002869
25	93	230	-161.452469
26	93	14	-165.151596
27	93	1268	-145.212875
28	93	1339	-103.814209
29	93	1340	-55.964069
30	93	1456	-9.810793
31	93	1538	19.11997
32	93	1340	32.622055
33	93	932	36.43647
34	93	1456	29.502787
35	93	217	16.178225
36	93	281	3.618008
37	93	140	-4.207444
38	93	140	-9.661192
39	93	217	-16.894163
40	93	281	-27.677296
41	93	140	-39.517487
42	93	140	-47.00655
43	93	140	-47.909992
44	93	140	-43.678463
45	93	20	-37.888702
46	93	72	-35.231644
47	93	18	-39.026695
48	93	12	-50.797672
49	93	11	-65.88298
50	93	11	-79.594574
51	93	11	-69.151123
52	93	68	-18.501099
53	93	976	57.893375
54	93	1155	80.588234
55	93	932	98.65258
56	93	932	136.081284
57	93	932	147.401627
58	93	1630	167.411804
59	93	1124	182.869095
60	93	1126	195.094055
61	93	977	217.622437
62	93	938	268.704529
63	93	927	288.694061
64	93	1028	281.791443
65	93	420	277.005432
66	93	394	262.024414
67	93	361	231.984863
68	93	140	193.657501
69	93	140	172.018341
70	93	421	92.596504
71	93	337	44.580765
72	93	393	5.300974
73	93	307	-3.847189
74	93	69	-63.40839
75	93	69	-182.533554
76	93	69	-265.972992
77	93	1883	-292.663544
78	93	1869	-291.272247
79	93	1796	-284.665833
80	93	69	-276.69278
81	93	135	-265.444366
82	93	69	-250.140961
83	93	69	-236.837631
84	93	274	-223.141647
85	93	393	-203.379684
86	93	20	-183.892136
87	93	258	-176.371948
88	93	966	-180.582413
89	93	1080	-188.192154
90	93	775	-193.784637
91	93	744	-197.438873
92	93	776	-204.58728
93	93	1971	-224.696609
94	93	1891	-245.767426
95	93	777	-258.074066
96	93	823	-265.960022
97	93	775	-278.614197
98	93	776	-288.749451
99	93	744	-296.556213
100	93	776	-301.96051
101	93	796	-301.271515
102	93	715	-291.835205
103	93	823	-280.728577
104	93	145	-271.237976
105	93	142	-261.608673
106	93	36	-249.840027
107	93	51	-233.412292
108	93	11	-209.648788
109	93	186	-186.04837
110	93	1978	-157.208282
111	93	1979	-117.209175
112	93	123	-77.656151
113	93	123	-62.378086
114	93	57	-48.439236
115	93	124	-33.288342
116	93	124	-17.612661
117	93	124	-5.155581
118	93	89	-0.491319
119	93	90	0
120	93	90	0
121	93	1980	0
122	93	139	0
123	93	1981	0
124	93	56	0
125	93	123	0
126	93	152	0
127	93	152	0
128	93	152	0
0	94	56	0
1	94	123	13.462143
2	94	123	19.696678
3	94	56	26.098875
4	94	123	32.503975
5	94	54	38.801327
6	94	346	44.858223
7	94	229	50.809464
8	94	152	57.289627
9	94	57	66.112518
10	94	58	78.778275
11	94	4	94.46479
12	94	5	111.351013
13	94	14	126.51432
14	94	153	130.746185
15	94	1975	131.63707
16	94	139	130.93541
17	94	101	129.536301
18	94	99	122.521034
19	94	66	103.006577
20	94	1273	75.013664
21	94	5	36.759064
22	94	11	-7.064203
23	94	153	-55.66798
24	94	230	-92.869987
25	94	14	-113.181633
26	94	1247	-116.725372
27	94	1248	-101.889137
28	94	1538	-67.408997
29	94	1340	-26.14423
30	94	1456	7.435363
31	94	1249	25.731165
32	94	932	35.421879
33	94	1339	37.814423
34	94	216	29.711477
35	94	173	15.472862
36	94	217	3.174263
37	94	281	-2.10878
38	94	475	-5.202255
39	94	16	-8.259728
40	94	281	-12.424759
41	94	217	-18.584562
42	94	17	-22.598547
43	94	281	-23.874535
44	94	20	-24.526432
45	94	11	-24.722927
46	94	14	-29.62674
47	94	14	-41.889088
48	94	12	-58.606171
49	94	14	-74.915947
50	94	12	-90.299904
51	94	68	-75.523148
52	94	1049	-10.641326
53	94	927	71.930115
54	94	1006	114.036331
55	94	1172	145.007416
56	94	1006	167.433105
57	94	1615	166.337051
58	94	1982	169.066589
59	94	1983	193.258881
60	94	927	209.342773
61	94	1078	232.062103
62	94	814	271.372345
63	94	308	285.781067
64	94	361	278.511383
65	94	140	268.520264
66	94	140	253.977631
67	94	140	234.724243
68	94	421	205.745224
69	94	339	187.085617
70	94	310	180.403595
71	94	361	73.064278
72	94	307	50.160694
73	94	135	16.911633
74	94	135	-70.850121
75	94	1760	-188.348694
76	94	1761	-260.760864
77	94	1762	-286.141479
78	94	1796	-291.893555
79	94	135	-284.407288
80	94	135	-276.216888
81	94	976	-266.150635
82	94	874	-249.751663
83	94	310	-234.044769
84	94	361	-218.188599
85	94	20	-201.355392
86	94	186	-182.942596
87	94	1984	-172.935318
88	94	1216	-174.149002
89	94	1334	-179.77066
90	94	797	-189.631516
91	94	776	-200.102646
92	94	776	-209.385803
93	94	777	-217.354446
94	94	716	-228.288651
95	94	778	-227.512451
96	94	717	-233.318481
97	94	776	-245.54097
98	94	776	-258.948608
99	94	777	-273.905914
100	94	797	-288.166901
101	94	718	-290.920502
102	94	35	-280.889618
103	94	142	-268.379761
104	94	119	-260.098724
105	94	44	-245.754486
106	94	30	-237.144104
107	94	116	-233.659073
108	94	30	-225.887985
109	94	1985	-205.34996
110	94	1986	-176.076569
111	94	123	-136.17688
112	94	56	-91.289001
113	94	123	-55.107246
114	94	152	-32.509377
115	94	56	-18.260246
116	94	123	-8.182533
117	94	230	-0.862422
118	94	14	-0.000282
119	94	12	0
120	94	68	0
121	94	782	0
122	94	125	0
123	94	90	0
124	94	90	0
125	94	55	0
126	94	123	0
127	94	152	0
128	94	152	0
0	95	123	0
1	95	123	14.628771
2	95	56	21.311298
3	95	123	27.946115
4	95	57	34.522877
5	95	229	41.164326
6	95	56	47.712002
7	95	123	54.091156
8	95	123	60.978977
9	95	230	70.349373
10	95	68	84.017433
11	95	782	100.661476
12	95	4	118.243019
13	95	1987	130.990997
14	95	1988	131.878082
15	95	1989	131.511993
16	95	1895	130.047363
17	95	139	124.393227
18	95	1273	111.243294
19	95	134	87.958878
20	95	99	59.476753
21	95	5	28.628428
22	95	153	-5.792119
23	95	57	-37.754242
24	95	124	-61.177814
25	95	58	-72.860596
26	95	1268	-71.781601
27	95	1456	-55.640247
28	95	1538	-27.083521
29	95	1340	0.589827
30	95	1339	22.27334
31	95	1267	35.60014
32	95	1220	41.229931
33	95	72	40.930008
34	95	17	29.344328
35	95	216	13.999216
36	95	173	2.062723
37	95	217	-0.615103
38	95	216	-3.930627
39	95	173	-9.280969
40	95	475	-14.19097
41	95	1360	-16.265745
42	95	72	-16.529133
43	95	18	-16.589342
44	95	4	-19.153231
45	95	248	-26.448053
46	95	248	-40.203011
47	95	248	-57.896412
48	95	248	-77.304672
49	95	5	-93.997078
50	95	1510	-105.650414
51	95	814	-103.423195
52	95	69	-70.84684
53	95	931	25.88604
54	95	1990	101.316063
55	95	1991	152.560486
56	95	1992	184.73851
57	95	1993	184.460114
58	95	1994	182.262299
59	95	977	194.034317
60	95	1155	222.25238
61	95	551	260.836914
62	95	420	295.293182
63	95	140	294.083496
64	95	140	280.799591
65	95	421	270.218658
66	95	393	261.40094
67	95	1900	246.248322
68	95	1954	215.905716
69	95	337	181.469147
70	95	337	167.386871
71	95	338	71.244057
72	95	976	40.551243
73	95	1995	-6.079288
74	95	1996	-101.113266
75	95	1808	-209.378098
76	95	1869	-267.091919
77	95	1997	-286.531586
78	95	1998	-291.248077
79	95	814	-283.270844
80	95	1416	-275.587128
81	95	672	-267.175537
82	95	217	-252.397522
83	95	17	-229.703308
84	95	18	-208.605972
85	95	30	-188.620255
86	95	50	-173.351654
87	95	1984	-168.038956
88	95	1102	-170.237106
89	95	775	-175.61618
90	95	776	-189.065262
91	95	744	-200.557297
92	95	796	-209.179169
93	95	715	-216.369553
94	95	1019	-220.63353
95	95	797	-216.202713
96	95	776	-207.276657
97	95	777	-213.847672
98	95	716	-217.491348
99	95	717	-237.003571
100	95	718	-260.903046
101	95	145	-271.798767
102	95	966	-267.109619
103	95	1080	-260.75885
104	95	42	-251.427429
105	95	50	-237.389648
106	95	51	-226.797348
107	95	186	-231.232788
108	95	51	-231.182861
109	95	125	-218.517715
110	95	55	-186.615936
111	95	56	-143.35083
112	95	152	-100.718834
113	95	152	-59.569481
114	95	56	-32.124454
115	95	152	-14.490499
116	95	57	-5.008468
117	95	124	-0.08891
118	95	1999	-0.003713
119	95	134	-0.000021
120	95	782	0
121	95	4	0
122	95	5	0
123	95	12	0
124	95	125	0
125	95	55	0
126	95	56	0
127	95	56	0
128	95	56	0
0	96	56	0
1	96	152	15.642203
2	96	56	22.402061
3	96	56	29.225048
4	96	54	36.208466
5	96	55	43.107082
6	96	56	49.897766
7	96	152	56.51572
8	96	230	63.804813
9	96	1510	73.553207
10	96	1989	88.053513
11	96	1895	104.953682
12	96	931	121.536331
13	96	1172	131.832794
14	96	1006	132.257034
15	96	1027	130.954178
16	96	1536	126.778259
17	96	66	116.911575
18	96	101	102.750183
19	96	135	78.17318
20	96	782	43.579716
21	96	125	10.063117
22	96	90	-13.451512
23	96	90	-31.166809
24	96	91	-41.177074
25	96	1268	-42.630928
26	96	932	-34.666798
27	96	1456	-18.567661
28	96	1249	1.019477
29	96	1250	20.916355
30	96	1236	37.679867
31	96	1235	47.03772
32	96	256	48.515041
33	96	1360	43.634995
34	96	19	28.882463
35	96	217	12.584552
36	96	18	1.005147
37	96	72	-2.052508
38	96	17	-10.904352
39	96	17	-23.177834
40	96	18	-33.924538
41	96	12	-39.778923
42	96	14	-39.820606
43	96	68	-37.488365
44	96	69	-37.135384
45	96	69	-42.994137
46	96	69	-57.211872
47	96	139	-76.551979
48	96	1273	-95.872787
49	96	2000	-110.581772
50	96	1027	-115.532219
51	96	977	-116.904167
52	96	1155	-114.368217
53	96	2001	-27.706787
54	96	2002	79.012901
55	96	2003	146.886719
56	96	2004	175.587326
57	96	1049	198.680801
58	96	1345	210.170975
59	96	929	213.703644
60	96	930	241.900436
61	96	361	279.268158
62	96	140	306.529938
63	96	140	310.874664
64	96	394	284.721161
65	96	361	276.268616
66	96	2005	277.53653
67	96	1997	261.825317
68	96	1761	209.47731
69	96	1998	169.958267
70	96	814	128.180099
71	96	931	53.364002
72	96	2006	-5.95129
73	96	2007	-41.527363
74	96	977	-128.365814
75	96	2008	-225.11824
76	96	1869	-274.595367
77	96	2009	-290.778168
78	96	1078	-287.818237
79	96	2010	-279.84021
80	96	2011	-273.432861
81	96	2012	-267.266296
82	96	15	-254.435013
83	96	1780	-230.641983
84	96	2013	-200.203171
85	96	1440	-173.219345
86	96	1259	-156.631012
87	96	1080	-163.318649
88	96	775	-165.177582
89	96	776	-169.145935
90	96	776	-180.756454
91	96	744	-192.795593
92	96	718	-197.734283
93	96	35	-204.181396
94	96	822	-212.722458
95	96	797	-217.949448
96	96	718	-211.567032
97	96	775	-200.103546
98	96	777	-190.934128
99	96	823	-203.317307
100	96	119	-231.025635
101	96	940	-250.532227
102	96	1102	-258.253113
103	96	142	-257.320221
104	96	44	-249.00499
105	96	11	-235.952896
106	96	12	-226.66568
107	96	14	-224.795975
108	96	14	-222.226349
109	96	153	-210.440796
110	96	152	-182.29982
111	96	56	-143.501862
112	96	56	-108.490517
113	96	54	-72.191856
114	96	55	-41.35688
115	96	152	-18.635796
116	96	152	-3.785508
117	96	1975	-0.333478
118	96	135	-0.010269
119	96	99	0.000265
120	96	134	0
121	96	99	0
122	96	248	0
123	96	5	0
124	96	125	0
125	96	90	0
126	96	90	0
127	96	55	0
128	96	56	0
0	97	56	0
1	97	54	16.074514
2	97	90	23.089169
3	97	91	30.193567
4	97	125	37.22657
5	97	90	44.175682
6	97	90	51.026505
7	97	91	58.020981
8	97	1247	65.439232
9	97	1340	75.85939
10	97	551	90.362061
11	97	931	106.368393
12	97	1864	121.191101
13	97	2014	130.131699
14	97	1340	131.254532
15	97	2015	130.12793
16	97	2016	120.162529
17	97	66	103.656013
18	97	101	86.346893
19	97	99	61.765255
20	97	248	21.098593
21	97	5	-14.063547
22	97	12	-26.997766
23	97	12	-31.819923
24	97	1247	-30.364859
25	97	1267	-22.369331
26	97	1267	-9.275976
27	97	1340	6.210375
28	97	1456	23.416391
29	97	1249	39.727928
30	97	1456	51.513069
31	97	17	56.001759
32	97	216	53.890572
33	97	173	43.021847
34	97	20	27.317513
35	97	14	12.022087
36	97	15	0.551864
37	97	1360	-9.172392
38	97	14	-26.138126
39	97	11	-45.328636
40	97	14	-60.622616
41	97	11	-68.642387
42	97	167	-68.903786
43	97	101	-63.321285
44	97	135	-58.376362
45	97	69	-61.178921
46	97	782	-72.673126
47	97	1510	-90.762108
48	97	1155	-107.222382
49	97	1172	-115.626541
50	97	1006	-117.022903
51	97	2017	-117.223183
52	97	1992	-115.959709
53	97	932	-51.016487
54	97	2018	61.638306
55	97	2019	131.351746
56	97	874	164.496017
57	97	361	195.507538
58	97	140	220.273026
59	97	140	227.165588
60	97	421	264.219879
61	97	393	294.719025
62	97	140	314.566376
63	97	140	306.148285
64	97	421	288.914337
65	97	2020	283.281647
66	97	1713	290.134186
67	97	1763	261.363007
68	97	2021	205.652191
69	97	2022	143.804749
70	97	1991	75.36692
71	97	2023	-25.306995
72	97	2024	-82.725655
73	97	2025	-121.787796
74	97	2026	-169.935913
75	97	2027	-230.575241
76	97	2028	-275.496643
77	97	1242	-284.356873
78	97	2029	-279.183197
79	97	1247	-272.240967
80	97	2030	-268.197327
81	97	1303	-265.315308
82	97	908	-255.618729
83	97	1155	-232.078476
84	97	2031	-198.390335
85	97	940	-161.568039
86	97	941	-142.175873
87	97	715	-149.468521
88	97	797	-153.937683
89	97	744	-158.21434
90	97	776	-166.635376
91	97	796	-176.807724
92	97	684	-181.998962
93	97	683	-186.934891
94	97	717	-199.037354
95	97	796	-213.731323
96	97	715	-218.90152
97	97	823	-205.57547
98	97	142	-188.698135
99	97	144	-191.530594
100	97	966	-213.909073
101	97	1080	-238.435379
102	97	145	-252.09166
103	97	44	-255.813248
104	97	12	-251.775375
105	97	30	-242.065704
106	97	116	-228.974594
107	97	11	-213.266174
108	97	125	-203.639709
109	97	55	-192.07666
110	97	152	-169.007431
111	97	123	-140.934921
112	97	230	-109.307686
113	97	153	-75.862816
114	97	152	-46.171944
115	97	1965	-22.204973
116	97	2032	-7.048292
117	97	101	-1.580104
118	97	135	0.076368
119	97	135	0.00321
120	97	135	0
121	97	139	0
122	97	67	0
123	97	12	0
124	97	11	0
125	97	14	0
126	97	153	0
127	97	123	0
128	97	123	0
0	98	57	0
1	98	58	16.193319
2	98	12	23.3543
3	98	12	30.446257
4	98	14	37.453968
5	98	12	44.358337
6	98	12	51.384357
7	98	4	58.738407
8	98	1908	66.469025
9	98	1028	77.026764
10	98	1049	90.440498
11	98	1968	104.48938
12	98	92	117.020737
13	98	1353	125.766991
14	98	2033	128.70401
15	98	1988	124.003693
16	98	1536	106.128304
17	98	134	77.543114
18	98	69	51.960209
19	98	69	23.080454
20	98	782	-11.159599
21	98	11	-38.697945
22	98	14	-42.942379
23	98	11	-38.176685
24	98	12	-26.930517
25	98	14	-10.840553
26	98	1268	7.386731
27	98	932	25.616808
28	98	1339	42.19146
29	98	1267	54.980488
30	98	11	61.872421
31	98	72	61.249153
32	98	281	53.846039
33	98	20	40.677223
34	98	12	25.860558
35	98	72	19.536123
36	98	216	8.482068
37	98	1360	-16.509491
38	98	12	-44.150867
39	98	14	-66.339287
40	98	12	-83.839424
41	98	12	-93.753029
42	98	167	-94.409264
43	98	101	-88.566345
44	98	139	-80.81987
45	98	1273	-78.732414
46	98	2000	-85.675819
47	98	1172	-98.81459
48	98	2034	-111.499947
49	98	2035	-116.413841
50	98	2001	-117.167542
51	98	2036	-117.048973
52	98	1172	-108.627525
53	98	2037	-70.490944
54	98	2036	6.735411
55	98	634	83.778206
56	98	421	147.055786
57	98	393	181.725281
58	98	140	199.502457
59	98	394	233.263168
60	98	361	288.362518
61	98	140	305.753052
62	98	421	309.819366
63	98	338	298.111847
64	98	1712	286.041595
65	98	1714	290.12027
66	98	1796	281.738617
67	98	2038	238.62207
68	98	2039	170.77713
69	98	2039	88.372192
70	98	2040	20.198111
71	98	2004	-57.929588
72	98	1883	-137.114197
73	98	2041	-171.581299
74	98	2042	-182.188873
75	98	2043	-198.292953
76	98	672	-234.510239
77	98	475	-265.299744
78	98	256	-265.2276
79	98	1303	-260.788147
80	98	908	-261.066986
81	98	1155	-262.750946
82	98	1172	-254.613968
83	98	2044	-232.00177
84	98	1889	-199.373489
85	98	2045	-160.702805
86	98	2046	-133.909546
87	98	717	-134.759705
88	98	776	-136.369339
89	98	744	-136.678909
90	98	776	-145.64238
91	98	796	-156.323608
92	98	717	-162.569962
93	98	776	-168.25032
94	98	744	-184.990631
95	98	796	-207.583038
96	98	684	-217.922791
97	98	144	-213.562729
98	98	966	-198.343811
99	98	993	-190.310745
100	98	1317	-206.549866
101	98	37	-226.337631
102	98	51	-241.670151
103	98	11	-249.196274
104	98	258	-249.67952
105	98	42	-242.131668
106	98	116	-227.515274
107	98	11	-205.043152
108	98	125	-187.770813
109	98	55	-174.65097
110	98	56	-157.486313
111	98	57	-131.258621
112	98	229	-101.162445
113	98	152	-71.974091
114	98	1975	-47.809322
115	98	782	-28.238501
116	98	167	-14.778054
117	98	806	-6.862182
118	98	101	-3.515965
119	98	2047	-0.051411
120	98	2048	0
121	98	124	0
122	98	124	0
123	98	124	0
124	98	58	0
125	98	153	0
126	98	152	0
127	98	56	0
128	98	56	0
0	99	230	0
1	99	12	15.861735
2	99	14	22.971371
3	99	1236	29.995115
4	99	1323	37.040474
5	99	1907	44.141087
6	99	1848	51.285751
7	99	814	58.441151
8	99	69	66.335648
9	99	135	76.595123
10	99	2049	88.359543
11	99	229	99.959213
12	99	123	110.018814
13	99	1367	116.663994
14	99	1338	117.658653
15	99	2015	108.37149
16	99	2050	85.055695
17	99	139	47.902813
18	99	806	12.007031
19	99	67	-19.64958
20	99	11	-46.021339
21	99	12	-58.067429
22	99	92	-56.84631
23	99	58	-45.270996
24	99	12	-26.28187
25	99	1247	-3.17614
26	99	1340	20.114655
27	99	1456	40.824505
28	99	1235	56.521427
29	99	12	66.125984
30	99	14	68.429977
31	99	19	62.844215
32	99	20	52.256924
33	99	14	42.793205
34	99	11	40.335541
35	99	72	38.719612
36	99	18	26.770618
37	99	11	-13.664861
38	99	14	-56.669548
39	99	12	-81.993256
40	99	11	-100.30864
41	99	11	-110.951378
42	99	167	-113.344116
43	99	67	-107.995392
44	99	68	-99.430283
45	99	1049	-93.785347
46	99	1028	-96.202324
47	99	2038	-105.071342
48	99	2040	-113.179619
49	99	1992	-116.585022
50	99	932	-117.171242
51	99	1027	-117.090591
52	99	938	-112.137405
53	99	1006	-95.194527
54	99	1370	-40.333752
55	99	2051	61.677765
56	99	361	137.025238
57	99	140	154.304626
58	99	140	177.422806
59	99	140	220.308105
60	99	140	283.261169
61	99	307	302.988037
62	99	135	287.061401
63	99	1883	281.521973
64	99	1869	284.521698
65	99	2052	301.130798
66	99	2053	294.920959
67	99	2054	215.388138
68	99	2039	125.597641
69	99	2039	48.950413
70	99	2055	-22.127588
71	99	2056	-94.156685
72	99	2038	-159.840118
73	99	2057	-187.135483
74	99	2058	-174.928909
75	99	393	-167.393936
76	99	140	-200.031296
77	99	217	-239.767975
78	99	2059	-250.199768
79	99	1155	-250.793335
80	99	1172	-257.607544
81	99	2060	-261.993286
82	99	2061	-252.718628
83	99	2062	-230.976028
84	99	1417	-200.435608
85	99	994	-163.81041
86	99	797	-138.654221
87	99	744	-124.349091
88	99	744	-114.250999
89	99	776	-106.412384
90	99	776	-120.276413
91	99	776	-132.973526
92	99	744	-140.318817
93	99	777	-146.972198
94	99	797	-168.085464
95	99	796	-195.10405
96	99	684	-211.324814
97	99	940	-212.464798
98	99	1018	-199.803284
99	99	1661	-186.38884
100	99	14	-191.190567
101	99	14	-206.977036
102	99	30	-223.454422
103	99	43	-234.251419
104	99	36	-237.525269
105	99	1061	-231.291565
106	99	58	-214.642365
107	99	92	-192.453369
108	99	229	-172.264297
109	99	123	-156.414978
110	99	123	-137.610184
111	99	123	-115.61422
112	99	152	-93.111938
113	99	2063	-69.641083
114	99	2064	-47.550545
115	99	12	-30.765163
116	99	12	-17.041811
117	99	167	-9.910705
118	99	1981	-9.921881
119	99	123	-6.828955
120	99	152	-2.229863
121	99	56	-0.339353
122	99	152	0
123	99	230	0
124	99	153	0
125	99	152	0
126	99	152	0
127	99	152	0
128	99	230	0
0	100	14	0
1	100	1236	14.943586
2	100	2065	21.960674
3	100	1878	29.092686
4	100	1942	36.236591
5	100	1563	43.170177
6	100	2066	50.279594
7	100	2047	57.372658
8	100	2067	65.191177
9	100	2068	74.843666
10	100	152	84.82888
11	100	123	94.025215
12	100	56	101.217331
13	100	1367	104.552414
14	100	1368	101.474709
15	100	2069	93.80381
16	100	67	82.139885
17	100	12	45.166431
18	100	11	-8.706977
19	100	92	-48.151928
20	100	58	-65.91008
21	100	125	-71.012886
22	100	346	-65.34726
23	100	58	-49.60574
24	100	14	-25.707502
25	100	1247	2.3914
26	100	1267	30.011761
27	100	1220	52.831917
28	100	15	67.930016
29	100	256	74.120033
30	100	173	71.477943
31	100	475	61.731255
32	100	1360	52.44989
33	100	11	48.547836
34	100	15	48.342968
35	100	256	47.401436
36	100	1360	33.703068
37	100	11	-13.877948
38	100	11	-63.166279
39	100	4	-88.670677
40	100	5	-107.296387
41	100	4	-117.748825
42	100	5	-120.785194
43	100	68	-116.871376
44	100	69	-108.206245
45	100	135	-101.329788
46	100	2038	-102.527557
47	100	2070	-108.265884
48	100	2071	-114.409683
49	100	1172	-116.712181
50	100	2072	-117.177292
51	100	2004	-117.230988
52	100	1049	-116.138016
53	100	927	-105.202095
54	100	1445	-72.294868
55	100	140	29.817801
56	100	140	97.537346
57	100	140	136.519073
58	100	140	157.175339
59	100	2073	197.050552
60	100	2074	255.803879
61	100	2075	290.791412
62	100	2076	273.291321
63	100	2077	276.463959
64	100	2078	287.537231
65	100	2079	321.292206
66	100	2053	295.299866
67	100	2054	189.891205
68	100	2039	87.349831
69	100	2080	12.397717
70	100	2081	-68.320496
71	100	2082	-141.362152
72	100	2083	-189.253113
73	100	907	-209.144943
74	100	1011	-194.738388
75	100	217	-185.083786
76	100	18	-205.002747
77	100	1268	-231.01265
78	100	932	-243.303391
79	100	1534	-250.750885
80	100	2084	-260.184692
81	100	2085	-261.996918
82	100	1363	-251.108948
83	100	1836	-230.178619
84	100	1216	-201.740967
85	100	967	-167.277664
86	100	744	-140.438202
87	100	776	-121.366409
88	100	744	-97.045624
89	100	744	-88.405815
90	100	777	-98.810013
91	100	797	-111.207382
92	100	796	-118.401985
93	100	717	-125.376289
94	100	777	-146.517059
95	100	823	-173.96376
96	100	144	-194.213196
97	100	36	-198.366547
98	100	51	-188.137085
99	100	11	-174.901703
100	100	14	-171.639618
101	100	186	-181.095688
102	100	37	-197.256088
103	100	51	-209.422409
104	100	153	-213.449738
105	100	57	-208.742371
106	100	229	-192.940216
107	100	152	-170.330185
108	100	56	-148.922913
109	100	152	-130.85759
110	100	123	-115.454628
111	100	123	-104.476227
112	100	152	-95.563004
113	100	230	-85.187492
114	100	14	-61.957451
115	100	92	-45.624382
116	100	124	-31.629213
117	100	229	-25.090012
118	100	123	-24.302948
119	100	56	-18.520111
120	100	56	-9.257054
121	100	123	-6.388897
122	100	230	-2.28678
123	100	125	0
124	100	90	0
125	100	90	0
126	100	90	0
127	100	91	0
128	100	4	0
0	101	2000	0
1	101	551	13.460968
2	101	99	20.580872
3	101	2000	27.760429
4	101	1250	34.746063
5	101	68	41.517838
6	101	2086	48.486286
7	101	55	55.512142
8	101	123	63.475647
9	101	123	72.134315
10	101	152	80.514404
11	101	56	87.626907
12	101	152	92.256676
13	101	56	92.530884
14	101	57	85.943069
15	101	124	86.272125
16	101	124	80.912712
17	101	124	44.830139
18	101	89	-15.801629
19	101	91	-64.13044
20	101	14	-77.174973
21	101	125	-78.298691
22	101	91	-69.65667
23	101	92	-51.556469
24	101	58	-25.277161
25	101	14	6.062682
26	101	1236	37.420971
27	101	72	62.378868
28	101	281	76.322273
29	101	140	76.61142
30	101	140	69.695824
31	101	475	58.357777
32	101	256	49.151039
33	101	16	46.166054
34	101	17	44.101254
35	101	18	37.168701
36	101	11	11.014723
37	101	12	-31.336565
38	101	68	-67.993797
39	101	782	-89.431702
40	101	167	-105.657982
41	101	1273	-114.807854
42	101	66	-115.97773
43	101	101	-112.107101
44	101	69	-104.50222
45	101	2038	-97.956955
46	101	2019	-99.256668
47	101	1155	-105.576248
48	101	1027	-112.785255
49	101	2087	-116.481331
50	101	2088	-117.173515
51	101	135	-117.23246
52	101	308	-116.938477
53	101	463	-111.940079
54	101	337	-90.486984
55	101	393	-46.746326
56	101	140	62.315018
57	101	2073	124.07373
58	101	2089	143.655548
59	101	2090	178.829834
60	101	2038	233.450668
61	101	2070	272.542572
62	101	2091	272.478973
63	101	2092	276.021576
64	101	2038	288.103455
65	101	2055	317.776306
66	101	2093	245.906799
67	101	2094	129.386841
68	101	2095	60.673191
69	101	2078	-32.84613
70	101	2054	-132.055161
71	101	2040	-197.668671
72	101	2096	-214.320419
73	101	672	-226.431686
74	101	475	-229.188828
75	101	1360	-223.959412
76	101	1268	-228.668259
77	101	1339	-239.964539
78	101	2097	-245.74971
79	101	2098	-253.958588
80	101	2099	-260.889923
81	101	1331	-259.975861
82	101	1229	-249.132248
83	101	940	-229.131332
84	101	2100	-202.015244
85	101	2101	-168.784546
86	101	797	-137.455017
87	101	776	-114.51104
88	101	744	-93.77108
89	101	796	-84.211037
90	101	717	-88.724457
91	101	776	-94.147049
92	101	744	-101.307152
93	101	796	-108.549629
94	101	684	-124.980606
95	101	142	-150.283371
96	101	44	-171.416122
97	101	12	-177.145798
98	101	30	-169.863968
99	101	115	-158.402985
100	101	116	-152.681519
101	101	30	-157.673721
102	101	116	-168.081345
103	101	153	-177.264328
104	101	54	-180.650101
105	101	55	-178.291595
106	101	123	-163.615738
107	101	56	-141.183029
108	101	123	-117.07872
109	101	1965	-101.630188
110	101	1967	-103.183228
111	101	54	-101.538315
112	101	91	-98.715645
113	101	11	-95.093643
114	101	153	-84.992508
115	101	56	-66.408081
116	101	56	-58.966785
117	101	152	-49.03698
118	101	152	-45.518162
119	101	56	-35.994335
120	101	152	-21.167833
121	101	230	-12.620684
122	101	1236	-7.078588
123	101	1323	-1.457533
124	101	1235	0
125	101	14	0
126	101	14	0
127	101	1510	0
128	101	938	0
0	102	1028	0
1	102	139	11.588758
2	102	2014	18.789537
3	102	1566	25.817778
4	102	66	32.626453
5	102	67	39.29208
6	102	153	46.037563
7	102	123	53.238243
8	102	152	60.998775
9	102	56	68.84137
10	102	152	75.988495
11	102	56	81.498947
12	102	152	84.114609
13	102	123	82.075104
14	102	56	73.210663
15	102	54	69.352127
16	102	90	61.619152
17	102	91	24.922993
18	102	11	-30.792639
19	102	14	-72.437706
20	102	14	-81.883682
21	102	14	-80.458534
22	102	153	-69.9328
23	102	57	-51.031971
24	102	58	-24.485836
25	102	1268	7.454884
26	102	12	40.076366
27	102	72	66.925873
28	102	17	77.754562
29	102	17	76.042526
30	102	17	67.781532
31	102	281	52.609318
32	102	20	36.385536
33	102	15	23.193451
34	102	1360	10.058128
35	102	11	-7.652309
36	102	12	-34.163326
37	102	167	-57.181931
38	102	67	-73.407974
39	102	12	-87.509499
40	102	167	-97.67527
41	102	67	-102.551704
42	102	68	-101.859695
43	102	69	-97.156036
44	102	2102	-90.698166
45	102	2071	-86.091499
46	102	2017	-89.251312
47	102	1992	-97.342133
48	102	1993	-107.800262
49	102	2103	-115.20266
50	102	310	-117.122353
51	102	463	-117.234268
52	102	338	-117.234703
53	102	135	-116.362686
54	102	420	-105.172554
55	102	421	-69.990631
56	102	2020	42.365593
57	102	1852	97.185356
58	102	2074	139.00238
59	102	2038	172.565674
60	102	2055	225.910721
61	102	2056	262.679199
62	102	69	269.35434
63	102	2038	276.40567
64	102	2039	305.513397
65	102	2095	285.697296
66	102	2078	185.859253
67	102	2091	95.976639
68	102	1994	14.792137
69	102	2104	-86.255508
70	102	2105	-177.721848
71	102	2106	-216.535873
72	102	140	-232.010071
73	102	140	-236.673813
74	102	475	-237.463806
75	102	2107	-237.540421
76	102	1220	-240.217789
77	102	2108	-244.39798
78	102	1554	-248.378723
79	102	2109	-254.407791
80	102	2110	-258.519257
81	102	2111	-256.263763
82	102	187	-245.534912
83	102	1417	-226.666351
84	102	1149	-200.323502
85	102	775	-168.066238
86	102	744	-133.541733
87	102	776	-108.412796
88	102	776	-96.127922
89	102	777	-89.15834
90	102	797	-82.261604
91	102	776	-81.874435
92	102	777	-88.553101
93	102	823	-96.101349
94	102	144	-103.950645
95	102	44	-124.832649
96	102	11	-143.328796
97	102	186	-149.910141
98	102	187	-145.449753
99	102	42	-136.826584
100	102	43	-131.808212
101	102	44	-133.802338
102	102	125	-140.574173
103	102	91	-146.383911
104	102	125	-148.326797
105	102	55	-142.168854
106	102	54	-127.151047
107	102	55	-103.973648
108	102	2063	-88.227592
109	102	2112	-100.432922
110	102	2113	-100.447281
111	102	248	-100.475868
112	102	248	-100.375908
113	102	2114	-100.139282
114	102	123	-97.544182
115	102	152	-83.198875
116	102	152	-77.827377
117	102	152	-69.291168
118	102	152	-62.80278
119	102	56	-54.798569
120	102	2115	-32.797001
121	102	1538	-20.054564
122	102	1896	-10.828096
123	102	1879	-4.02776
124	102	1907	0
125	102	2116	0
126	102	1249	0
127	102	1027	0
128	102	2117	0
0	103	67	0
1	103	4	9.848415
2	103	66	16.443357
3	103	1273	23.30492
4	103	5	29.928545
5	103	125	36.450272
6	103	55	43.356285
7	103	152	50.488956
8	103	56	57.934265
9	103	152	65.209343
10	103	152	71.545723
11	103	54	76.057846
12	103	55	77.506706
13	103	56	74.215187
14	103	230	64.271507
15	103	14	46.298183
16	103	4	32.771931
17	103	248	-5.215923
18	103	5	-48.906937
19	103	12	-72.084183
20	103	12	-79.683929
21	103	153	-77.054489
22	103	54	-65.865021
23	103	346	-47.195751
24	103	1353	-21.120493
25	103	11	9.342618
26	103	11	40.121918
27	103	14	66.06485
28	103	11	77.39624
29	103	14	76.673965
30	103	72	70.534843
31	103	216	54.627262
32	103	173	16.223331
33	103	475	-10.78197
34	103	256	-30.849693
35	103	1360	-48.821728
36	103	12	-61.402721
37	103	11	-70.694534
38	103	12	-78.166817
39	103	12	-83.402786
40	103	4	-85.9207
41	103	134	-85.338417
42	103	135	-81.820618
43	103	2075	-76.490189
44	103	2035	-71.333618
45	103	2018	-69.961174
46	103	2040	-75.832031
47	103	2004	-86.952232
48	103	274	-100.352348
49	103	393	-112.746735
50	103	394	-117.021523
51	103	309	-117.235474
52	103	308	-117.235771
53	103	361	-117.198273
54	103	1900	-112.833061
55	103	1762	-91.291313
56	103	1763	-52.64867
57	103	2118	59.484612
58	103	2082	120.003769
59	103	2039	186.383621
60	103	2055	231.850189
61	103	2056	249.447769
62	103	2038	252.19101
63	103	2070	274.193359
64	103	2091	311.832123
65	103	2079	257.174255
66	103	2119	152.832565
67	103	938	58.708206
68	103	927	-26.036493
69	103	1445	-126.336189
70	103	421	-197.540375
71	103	393	-226.337189
72	103	140	-238.932236
73	103	140	-240.618408
74	103	20	-237.356613
75	103	15	-236.487045
76	103	2120	-239.493042
77	103	2121	-243.526062
78	103	2122	-246.500824
79	103	2123	-250.561447
80	103	444	-252.983917
81	103	2111	-250.058167
82	103	1984	-239.712158
83	103	941	-221.83313
84	103	717	-196.634857
85	103	744	-166.389771
86	103	777	-132.548035
87	103	797	-106.230469
88	103	796	-93.78022
89	103	717	-89.920265
90	103	777	-78.329506
91	103	823	-73.131973
92	103	119	-74.85527
93	103	145	-80.325378
94	103	42	-82.996483
95	103	115	-95.273621
96	103	116	-110.002747
97	103	186	-116.464684
98	103	187	-113.318283
99	103	36	-107.244812
100	103	51	-104.537086
101	103	12	-107.84816
102	103	12	-114.351242
103	103	92	-118.116188
104	103	229	-116.206238
105	103	57	-105.471191
106	103	229	-87.187317
107	103	56	-76.303001
108	103	2063	-88.527718
109	103	2050	-100.432922
110	103	135	-100.432922
111	103	69	-100.432922
112	103	1976	-100.432922
113	103	152	-100.432922
114	103	123	-100.432457
115	103	56	-98.916893
116	103	152	-86.304779
117	103	152	-79.447601
118	103	54	-72.529686
119	103	2124	-64.190186
120	103	1220	-42.71225
121	103	68	-25.875454
122	103	1565	-13.240087
123	103	2066	-5.225062
124	103	1565	-0.061049
125	103	1896	0
126	103	927	0
127	103	1584	0
128	103	248	0
0	104	66	0
1	104	1273	8.866731
2	104	134	13.580249
3	104	782	20.256723
4	104	14	26.691401
5	104	125	33.268845
6	104	55	40.187382
7	104	56	47.209167
8	104	56	54.44482
9	104	123	61.4114
10	104	57	67.440437
11	104	229	71.674896
12	104	56	73.02504
13	104	230	69.738365
14	104	11	59.636703
15	104	1510	40.784225
16	104	814	12.987055
17	104	99	-19.242878
18	104	5	-46.46862
19	104	14	-63.279785
20	104	125	-70.182739
21	104	91	-67.908211
22	104	153	-57.189644
23	104	152	-38.948788
24	104	2125	-14.394344
25	104	2126	13.697032
26	104	11	41.463047
27	104	12	63.807289
28	104	14	74.551331
29	104	15	78.553268
30	104	16	77.539024
31	104	281	63.505924
32	104	140	21.087969
33	104	140	-29.565142
34	104	20	-51.279728
35	104	12	-65.117241
36	104	12	-73.980255
37	104	4	-77.713898
38	104	5	-78.291801
39	104	68	-75.877586
40	104	69	-71.300224
41	104	135	-65.529167
42	104	2102	-59.252666
43	104	2071	-53.415459
44	104	2018	-50.078224
45	104	2070	-52.264507
46	104	2079	-62.224979
47	104	2056	-77.222649
48	104	420	-93.696045
49	104	140	-108.551765
50	104	394	-116.53624
51	104	361	-117.227921
52	104	140	-117.236015
53	104	2127	-117.236023
54	104	2128	-115.178162
55	104	1796	-104.986687
56	104	2102	-70.901634
57	104	2054	-31.099176
58	104	2070	79.742088
59	104	2091	169.47963
60	104	2079	245.747223
61	104	2093	241.994461
62	104	2129	240.414429
63	104	2130	255.245865
64	104	2131	275.723785
65	104	2132	210.764862
66	104	1028	119.614021
67	104	308	30.131102
68	104	463	-55.629219
69	104	339	-143.537292
70	104	463	-204.850067
71	104	337	-229.400208
72	104	393	-237.455124
73	104	1885	-240.383011
74	104	2133	-239.293762
75	104	496	-239.007141
76	104	991	-241.433029
77	104	496	-242.247147
78	104	2134	-241.000473
79	104	1697	-242.522675
80	104	1656	-243.706528
81	104	258	-240.369751
82	104	822	-230.447052
83	104	1019	-213.799362
84	104	797	-191.03569
85	104	796	-164.67804
86	104	717	-135.596191
87	104	744	-107.398582
88	104	744	-89.56266
89	104	796	-79.993233
90	104	684	-69.854256
91	104	35	-62.825207
92	104	35	-59.834045
93	104	966	-62.682442
94	104	1080	-62.090996
95	104	42	-62.819801
96	104	116	-74.196594
97	104	186	-76.942604
98	104	51	-75.018593
99	104	11	-71.752823
100	104	12	-71.644829
101	104	92	-77.771111
102	104	89	-87.484825
103	104	55	-90.729034
104	104	152	-84.836143
105	104	54	-71.025955
106	104	55	-60.108765
107	104	1965	-66.389885
108	104	2135	-92.692108
109	104	2050	-100.299843
110	104	69	-100.432922
111	104	2136	-100.432922
112	104	1967	-100.432922
113	104	56	-100.432922
114	104	56	-100.428093
115	104	152	-99.067909
116	104	152	-93.657898
117	104	230	-85.293922
118	104	14	-72.820335
119	104	4	-61.678135
120	104	134	-45.1231
121	104	99	-27.667562
122	104	66	-13.953383
123	104	1273	-4.618646
124	104	66	0
125	104	2137	0
126	104	977	0
127	104	2117	0
128	104	67	0
0	105	68	0
1	105	69	8.048577
2	105	99	11.719261
3	105	5	16.702456
4	105	11	23.03504
5	105	125	29.645113
6	105	55	36.406796
7	105	152	43.403488
8	105	54	50.614483
9	105	55	57.576641
10	105	152	63.726761
11	105	54	68.439835
12	105	91	70.740219
13	105	1236	68.841629
14	105	1249	60.007435
15	105	551	41.065605
16	105	135	12.673526
17	105	99	-10.157917
18	105	248	-31.476446
19	105	5	-46.666424
20	105	12	-53.76672
21	105	153	-52.750862
22	105	54	-43.67564
23	105	2138	-27.32704
24	105	2139	-5.501108
25	105	2140	19.076788
26	105	2140	42.640774
27	105	2126	59.769627
28	105	19	66.136749
29	105	20	73.346733
30	105	19	73.130142
31	105	217	63.957153
32	105	17	13.053859
33	105	18	-41.334328
34	105	4	-61.976349
35	105	5	-71.815262
36	105	68	-76.632027
37	105	99	-76.389305
38	105	66	-72.098343
39	105	806	-64.192131
40	105	101	-54.175537
41	105	69	-44.374157
42	105	1049	-35.97224
43	105	2037	-30.234701
44	105	2141	-29.160942
45	105	2102	-35.612602
46	105	2092	-50.808998
47	105	2142	-69.232735
48	105	2143	-87.890602
49	105	2143	-104.456619
50	105	2144	-114.905327
51	105	140	-117.139732
52	105	2073	-117.234657
53	105	2145	-117.236015
54	105	2118	-115.807594
55	105	2076	-109.185356
56	105	2053	-79.147522
57	105	2079	-34.37381
58	105	2146	18.941214
59	105	2147	153.116302
60	105	2148	244.451996
61	105	2149	243.616272
62	105	2089	225.166092
63	105	2150	218.082443
64	105	2151	191.013
65	105	310	146.620895
66	105	463	82.7659
67	105	338	12.970583
68	105	274	-68.662636
69	105	339	-142.959381
70	105	310	-198.775162
71	105	361	-222.097229
72	105	1313	-236.098892
73	105	1258	-241.017746
74	105	393	-240.746872
75	105	217	-239.446136
76	105	17	-240.42659
77	105	216	-238.033249
78	105	2152	-233.815521
79	105	1305	-231.134537
80	105	43	-230.085342
81	105	683	-226.201172
82	105	684	-216.819626
83	105	775	-202.058578
84	105	744	-183.309967
85	105	744	-161.656433
86	105	776	-137.158569
87	105	744	-110.808975
88	105	744	-87.81015
89	105	718	-69.938194
90	105	145	-56.292336
91	105	119	-45.864315
92	105	1417	-40.235298
93	105	1372	-39.998299
94	105	1080	-39.132919
95	105	42	-33.882137
96	105	116	-35.609325
97	105	12	-37.089767
98	105	12	-36.387272
99	105	12	-34.663998
100	105	153	-35.667568
101	105	230	-44.495487
102	105	153	-56.383301
103	105	123	-64.396347
104	105	57	-60.801289
105	105	229	-50.373573
106	105	1975	-44.172104
107	105	2136	-58.274349
108	105	2135	-89.758644
109	105	2050	-100.236488
110	105	69	-100.432922
111	105	1976	-100.432922
112	105	54	-100.432922
113	105	90	-100.380363
114	105	90	-99.069939
115	105	90	-96.334496
116	105	91	-90.168938
117	105	14	-81.814095
118	105	68	-67.339653
119	105	69	-55.516621
120	105	139	-40.623512
121	105	67	-25.017614
122	105	167	-12.025048
123	105	67	-2.593431
124	105	1877	0
125	105	1006	0
126	105	1456	0
127	105	1235	0
128	105	167	0
0	106	101	0
1	106	69	7.401623
2	106	782	10.410607
3	106	12	14.014417
4	106	12	19.090502
5	106	153	25.447723
6	106	54	31.995365
7	106	91	39.012123
8	106	125	46.48138
9	106	55	53.635174
10	106	230	60.231762
11	106	12	65.917648
12	106	1247	69.977257
13	106	1896	71.095619
14	106	1078	65.73452
15	106	814	49.505619
16	106	139	26.020536
17	106	806	7.852512
18	106	67	-8.716922
19	106	11	-22.986355
20	106	125	-31.447542
21	106	91	-32.77475
22	106	2153	-26.684761
23	106	2154	-14.146142
24	106	2155	3.537634
25	106	2156	23.631433
26	106	2157	42.154446
27	106	72	53.70816
28	106	18	54.252167
29	106	72	46.221413
30	106	18	43.947521
31	106	11	22.920147
32	106	11	-18.134809
33	106	167	-55.67363
34	106	67	-67.057556
35	106	68	-70.993385
36	106	69	-70.906303
37	106	99	-67.235985
38	106	248	-59.603054
39	106	66	-48.210884
40	106	806	-34.799595
41	106	2158	-22.792427
42	106	2159	-14.161968
43	106	1078	-9.622032
44	106	2160	-11.122282
45	106	2056	-22.136297
46	106	2038	-41.117458
47	106	2039	-61.531147
48	106	2070	-81.805008
49	106	2161	-100.15905
50	106	2162	-112.883858
51	106	2163	-116.805138
52	106	2052	-117.217697
53	106	2082	-117.229004
54	106	2039	-114.020584
55	106	2055	-93.847137
56	106	2082	-65.382332
57	106	2095	-24.895433
58	106	2164	51.601875
59	106	2165	153.995911
60	106	2166	241.602982
61	106	2167	241.114868
62	106	217	206.64624
63	106	281	159.862137
64	106	421	124.262901
65	106	338	92.267052
66	106	1760	61.74295
67	106	1884	12.973164
68	106	274	-62.583591
69	106	337	-129.273254
70	106	393	-177.115631
71	106	635	-211.895508
72	106	930	-230.036148
73	106	361	-236.431625
74	106	475	-234.802612
75	106	1360	-231.190552
76	106	2168	-231.24614
77	106	2169	-227.414154
78	106	1372	-221.857574
79	106	1080	-216.459351
80	106	775	-211.920639
81	106	796	-207.305634
82	106	717	-198.558762
83	106	744	-186.825226
84	106	744	-172.864899
85	106	776	-155.582764
86	106	744	-134.783112
87	106	776	-111.747185
88	106	718	-87.828194
89	106	119	-65.929001
90	106	966	-47.227665
91	106	993	-32.647499
92	106	1215	-22.757668
93	106	1102	-20.632542
94	106	36	-21.067207
95	106	51	-17.796164
96	106	12	-4.165593
97	106	14	-0.836605
98	106	92	-5.495563
99	106	229	-12.760483
100	106	230	-14.442719
101	106	153	-16.563158
102	106	123	-26.652477
103	106	152	-38.455399
104	106	54	-46.512085
105	106	2170	-42.917862
106	106	2050	-37.140076
107	106	1976	-52.437553
108	106	2063	-89.774536
109	106	2067	-100.023041
110	106	2068	-100.432922
111	106	230	-100.42865
112	106	14	-100.272522
113	106	11	-98.299141
114	106	12	-92.675095
115	106	11	-84.627335
116	106	92	-78.008797
117	106	2171	-69.555664
118	106	2067	-58.639782
119	106	2064	-45.629639
120	106	12	-30.082424
121	106	11	-14.861505
122	106	12	-5.244506
123	106	167	0.076531
124	106	2014	0
125	106	1896	0
126	106	1584	0
127	106	5	0
128	106	68	0
0	107	139	0
1	107	1273	7.049164
2	107	5	9.366095
3	107	12	12.396102
4	107	153	16.298145
5	107	57	20.773848
6	107	58	27.011343
7	107	12	34.197231
8	107	153	42.076839
9	107	230	49.370461
10	107	1236	56.475826
11	107	1907	63.306103
12	107	1848	69.631874
13	107	938	74.348251
14	107	1028	77.012115
15	107	782	63.131454
16	107	11	45.805763
17	107	14	31.557495
18	107	14	17.651791
19	107	11	4.057692
20	107	14	-6.230588
21	107	2125	-10.859812
22	107	2172	-9.16811
23	107	2157	-1.660166
24	107	2125	10.74443
25	107	2126	25.741753
26	107	12	39.292488
27	107	14	46.577518
28	107	11	46.475933
29	107	14	28.728714
30	107	14	-0.857197
31	107	11	-25.834698
32	107	11	-48.487099
33	107	4	-61.715061
34	107	66	-65.1063
35	107	101	-63.384537
36	107	69	-58.350853
37	107	135	-51.032574
38	107	782	-41.162216
39	107	12	-28.362835
40	107	1657	-14.468139
41	107	1796	-2.991111
42	107	2173	2.042602
43	107	2174	4.204206
44	107	2055	2.454907
45	107	2082	-11.988858
46	107	2070	-30.957724
47	107	2079	-51.630802
48	107	2175	-72.692215
49	107	2176	-92.919731
50	107	2177	-108.685532
51	107	2178	-115.899155
52	107	2070	-117.145676
53	107	2054	-117.233467
54	107	2070	-110.969017
55	107	2179	-72.342506
56	107	2180	30.47838
57	107	2148	83.222626
58	107	2181	115.117149
59	107	475	179.670822
60	107	173	231.822968
61	107	475	232.318314
62	107	1303	183.978745
63	107	339	126.853706
64	107	2130	82.814034
65	107	2027	57.906952
66	107	2028	55.439598
67	107	814	28.502493
68	107	69	-39.368275
69	107	1054	-113.870445
70	107	597	-163.54332
71	107	598	-198.172089
72	107	597	-216.64476
73	107	140	-220.839523
74	107	20	-218.177963
75	107	258	-216.344955
76	107	940	-214.181412
77	107	1638	-208.866791
78	107	1149	-203.493683
79	107	775	-196.588425
80	107	776	-190.293564
81	107	776	-184.712723
82	107	777	-177.054077
83	107	797	-169.217392
84	107	776	-159.490082
85	107	744	-145.587616
86	107	777	-128.103439
87	107	823	-108.155388
88	107	119	-86.473656
89	107	940	-65.462402
90	107	1018	-45.356438
91	107	1102	-28.717482
92	107	36	-17.125154
93	107	51	-11.025015
94	107	14	-11.724432
95	107	92	-8.071381
96	107	58	9.292746
97	107	153	20.192108
98	107	152	6.586927
99	107	57	-4.345009
100	107	229	-9.155012
101	107	56	-8.750849
102	107	123	-8.624992
103	107	230	-17.360313
104	107	153	-34.492859
105	107	2063	-38.887951
106	107	2068	-40.064522
107	107	123	-55.869427
108	107	152	-86.49543
109	107	152	-99.656097
110	107	230	-100.432922
111	107	12	-100.172287
112	107	11	-97.154854
113	107	14	-90.806755
114	107	14	-82.680382
115	107	153	-76.256927
116	107	152	-69.208633
117	107	56	-60.636295
118	107	230	-49.018536
119	107	14	-32.972229
120	107	14	-13.180385
121	107	12	8.469453
122	107	12	24.203104
123	107	11	22.140699
124	107	68	10.025503
125	107	135	2.584486
126	107	99	0
127	107	134	0
128	107	782	0
0	108	68	0
1	108	782	7.051594
2	108	12	8.767174
3	108	125	11.276218
4	108	90	14.471003
5	108	346	17.993414
6	108	124	22.612381
7	108	229	28.907743
8	108	230	36.760826
9	108	1247	44.649967
10	108	1942	51.985184
11	108	1563	59.619381
12	108	2066	68.046753
13	108	139	76.899017
14	108	67	78.945549
15	108	14	71.661293
16	108	11	62.624195
17	108	11	53.062233
18	108	15	42.049397
19	108	1360	30.127577
20	108	2138	18.910263
21	108	2182	10.555508
22	108	14	6.828468
23	108	2153	8.332907
24	108	2157	14.610748
25	108	14	23.628204
26	108	12	32.045425
27	108	11	45.064629
28	108	2125	51.115334
29	108	2126	32.597374
30	108	14	-9.003013
31	108	14	-37.360859
32	108	68	-51.688774
33	108	782	-57.331997
34	108	68	-55.808422
35	108	139	-48.974991
36	108	806	-39.227257
37	108	67	-28.612953
38	108	4	-17.889227
39	108	2183	-5.96014
40	108	1915	4.29314
41	108	2184	10.145445
42	108	2054	9.883304
43	108	2070	10.304586
44	108	2091	10.387609
45	108	2079	-1.159296
46	108	2082	-17.838001
47	108	2088	-36.658611
48	108	69	-57.861633
49	108	2038	-79.432747
50	108	2039	-99.187622
51	108	2055	-112.111336
52	108	2082	-116.514313
53	108	2185	-117.128845
54	108	1762	-107.422806
55	108	1730	-60.338467
56	108	1997	49.920918
57	108	1841	130.58371
58	108	2186	164.362259
59	108	140	191.410156
60	108	217	213.821335
61	108	1329	204.384293
62	108	306	156.371048
63	108	2187	99.720413
64	108	2188	60.811638
65	108	2189	49.505394
66	108	551	48.989468
67	108	976	41.901951
68	108	1155	-17.296202
69	108	2190	-89.520714
70	108	2191	-150.113678
71	108	672	-182.437805
72	108	217	-196.974976
73	108	2192	-198.911331
74	108	1694	-197.848846
75	108	966	-197.727234
76	108	1836	-192.254578
77	108	1102	-185.943756
78	108	822	-178.921341
79	108	797	-172.074127
80	108	777	-166.023712
81	108	823	-161.195953
82	108	822	-155.807281
83	108	797	-151.007813
84	108	744	-144.015915
85	108	796	-132.800873
86	108	684	-118.085602
87	108	144	-101.513748
88	108	35	-83.529121
89	108	36	-66.912964
90	108	37	-52.588112
91	108	51	-37.32325
92	108	11	-24.805016
93	108	11	-16.703983
94	108	153	-11.886022
95	108	230	-3.00603
96	108	125	14.825922
97	108	55	20.293547
98	108	123	11.870596
99	108	56	2.6957
100	108	56	-3.280535
101	108	152	-4.048265
102	108	57	-0.858853
103	108	229	-2.260769
104	108	152	-15.469901
105	108	56	-30.478914
106	108	152	-37.306587
107	108	123	-55.392117
108	108	56	-80.677513
109	108	230	-98.167076
110	108	12	-98.925751
111	108	92	-96.358459
112	108	124	-87.476845
113	108	124	-79.690407
114	108	229	-74.421242
115	108	56	-69.492188
116	108	152	-63.700165
117	108	57	-54.412174
118	108	124	-39.789474
119	108	58	-19.380754
120	108	11	6.690232
121	108	11	37.623951
122	108	11	58.716145
123	108	68	59.0359
124	108	69	43.336914
125	108	976	21.631622
126	108	977	7.298645
127	108	1536	0
128	108	134	0
0	109	782	0
1	109	14	6.878408
2	109	14	8.571774
3	109	12	10.732462
4	109	153	13.160721
5	109	123	16.261768
6	109	54	20.218065
7	109	91	25.145016
8	109	1236	31.698143
9	109	2065	38.902912
10	109	1584	46.280148
11	109	134	55.057404
12	109	99	64.665222
13	109	5	74.543541
14	109	14	79.312714
15	109	11	77.543091
16	109	11	72.910873
17	109	19	69.191559
18	109	475	63.811954
19	109	2153	54.863468
20	109	2157	42.712093
21	109	14	30.05261
22	109	2125	20.308525
23	109	2140	15.329797
24	109	2140	15.124315
25	109	2140	18.050013
26	109	2140	22.374723
27	109	2172	40.532795
28	109	2157	49.117653
29	109	11	31.562483
30	109	11	-6.762889
31	109	167	-35.146198
32	109	67	-44.442223
33	109	167	-45.758919
34	109	67	-39.575111
35	109	14	-28.050797
36	109	12	-14.016303
37	109	68	-1.286439
38	109	1760	8.292749
39	109	1762	15.108143
40	109	1997	18.931034
41	109	2131	17.922539
42	109	2055	14.39339
43	109	2056	13.949876
44	109	2038	18.124342
45	109	2070	12.985058
46	109	2079	-0.235526
47	109	2056	-17.528927
48	109	2038	-37.922871
49	109	2039	-60.703617
50	109	2070	-83.449448
51	109	2091	-102.925247
52	109	2177	-112.780624
53	109	2164	-115.754623
54	109	1713	-107.298958
55	109	1730	-63.735283
56	109	1713	40.225559
57	109	2193	128.193695
58	109	281	163.3526
59	109	20	178.245712
60	109	167	182.477921
61	109	1273	171.553391
62	109	2194	134.260483
63	109	2195	82.938881
64	109	2196	54.879509
65	109	551	41.542168
66	109	931	40.553165
67	109	2197	25.541788
68	109	2198	-6.222068
69	109	2199	-63.400238
70	109	2200	-122.004372
71	109	216	-155.862015
72	109	2120	-172.616913
73	109	2201	-179.758087
74	109	1984	-178.846085
75	109	1102	-174.943451
76	109	966	-167.377502
77	109	1080	-158.274612
78	109	822	-149.010986
79	109	823	-143.948746
80	109	119	-141.111023
81	109	683	-139.114807
82	109	715	-138.002396
83	109	797	-135.430801
84	109	777	-129.075104
85	109	823	-119.332359
86	109	142	-108.841751
87	109	36	-97.052429
88	109	49	-87.151459
89	109	116	-78.181969
90	109	12	-64.891296
91	109	14	-48.605679
92	109	14	-34.542553
93	109	125	-23.785784
94	109	91	-13.566799
95	109	12	0.476051
96	109	125	10.498204
97	109	55	12.34819
98	109	123	10.124527
99	109	123	5.474847
100	109	152	1.123744
101	109	56	-1.388485
102	109	123	4.959612
103	109	56	11.121728
104	109	123	9.661629
105	109	123	-7.112898
106	109	152	-25.692686
107	109	152	-45.235184
108	109	230	-69.996689
109	109	92	-86.735931
110	109	229	-87.691872
111	109	123	-74.627907
112	109	56	-71.076462
113	109	152	-69.494781
114	109	56	-67.759995
115	109	123	-66.166222
116	109	56	-60.700279
117	109	152	-49.85474
118	109	230	-32.188435
119	109	11	-7.165702
120	109	14	25.125795
121	109	12	59.318043
122	109	68	84.720856
123	109	139	90.966354
124	109	2014	76.058136
125	109	1340	49.077854
126	109	1027	23.792643
127	109	814	7.377584
128	109	99	0
0	110	248	0
1	110	5	6.53625
2	110	14	8.222518
3	110	153	10.429567
4	110	54	12.607685
5	110	91	15.26005
6	110	12	18.571564
7	110	1247	22.826046
8	110	2066	28.578838
9	110	976	35.459637
10	110	814	43.29216
11	110	139	52.698055
12	110	67	62.83448
13	110	12	72.344803
14	110	15	81.088478
15	110	1360	85.120087
16	110	72	86.593315
17	110	281	86.10495
18	110	12	85.71328
19	110	11	79.914169
20	110	12	65.682724
21	110	2153	47.957016
22	110	2156	31.812883
23	110	2154	21.008028
24	110	2039	14.738121
25	110	2039	12.087605
26	110	2182	11.968335
27	110	12	26.378315
28	110	11	33.28162
29	110	14	18.010035
30	110	14	-12.919199
31	110	14	-30.235678
32	110	14	-32.879311
33	110	14	-29.332731
34	110	12	-18.580524
35	110	4	-2.480884
36	110	134	15.280631
37	110	1883	28.032528
38	110	1869	31.770754
39	110	1713	31.95871
40	110	2202	29.564646
41	110	2070	23.736471
42	110	2203	19.276083
43	110	2131	18.272581
44	110	2055	25.675737
45	110	2082	27.512535
46	110	2055	18.174341
47	110	2053	3.162875
48	110	2054	-16.188545
49	110	2088	-38.911465
50	110	1760	-63.580677
51	110	2147	-84.959206
52	110	2148	-99.255592
53	110	1808	-108.204155
54	110	1869	-112.565735
55	110	1763	-84.673515
56	110	2204	29.268894
57	110	1303	100.409248
58	110	739	134.511902
59	110	4	149.918854
60	110	66	153.238571
61	110	1957	144.015076
62	110	1006	122.537369
63	110	1172	87.720413
64	110	1028	51.356892
65	110	1049	35.477619
66	110	2205	27.670799
67	110	2206	9.004585
68	110	2207	-15.335751
69	110	2208	-48.827023
70	110	173	-93.93959
71	110	1830	-127.843483
72	110	2209	-148.806107
73	110	43	-158.609985
74	110	966	-156.390457
75	110	1691	-146.342758
76	110	1229	-134.128433
77	110	35	-122.311317
78	110	35	-115.590553
79	110	966	-115.09417
80	110	1334	-122.839996
81	110	823	-131.465668
82	110	822	-136.389343
83	110	823	-134.826462
84	110	966	-124.579178
85	110	1080	-112.188385
86	110	42	-102.317688
87	110	50	-96.466782
88	110	51	-94.932007
89	110	11	-89.663605
90	110	11	-76.114174
91	110	11	-57.728172
92	110	30	-42.213848
93	110	116	-29.779697
94	110	14	-15.525529
95	110	4	-4.984359
96	110	2114	-1.646679
97	110	54	-4.326046
98	110	55	-7.477279
99	110	152	-7.355374
100	110	152	-8.00502
101	110	123	2.904073
102	110	152	12.801892
103	110	56	23.359268
104	110	54	31.453747
105	110	90	21.205242
106	110	55	-2.073348
107	110	57	-22.20348
108	110	229	-52.101482
109	110	123	-66.557404
110	110	56	-69.128326
111	110	152	-61.305431
112	110	123	-57.628239
113	110	56	-61.300987
114	110	152	-64.30545
115	110	56	-64.019714
116	110	123	-58.918934
117	110	230	-47.526752
118	110	15	-27.400805
119	110	256	2.255953
120	110	1360	39.257694
121	110	167	73.138809
122	110	67	95.744896
123	110	11	100.994766
124	110	1877	90.489937
125	110	927	66.450294
126	110	1078	38.144989
127	110	977	16.846071
128	110	2117	0
0	111	67	0
1	111	11	6.035441
2	111	153	7.744475
3	111	57	9.897441
4	111	124	12.234706
5	111	58	14.983321
6	111	4	18.03899
7	111	66	21.772167
8	111	1957	26.58058
9	111	1028	33.557404
10	111	782	42.284615
11	111	12	52.300159
12	111	14	62.314331
13	111	19	72.571266
14	111	475	82.814217
15	111	256	93.76516
16	111	173	100.027214
17	111	2140	104.280411
18	111	2126	107.243271
19	111	11	104.78241
20	111	12	96.883255
21	111	2125	79.39444
22	111	2172	54.648014
23	111	2156	42.465221
24	111	2154	45.934002
25	111	2182	36.531181
26	111	2125	13.129589
27	111	2126	10.058526
28	111	12	11.388114
29	111	11	-0.134057
30	111	12	-17.781712
31	111	14	-20.988274
32	111	11	-17.472147
33	111	4	-8.721455
34	111	134	4.719023
35	111	69	23.960333
36	111	135	40.9776
37	111	2210	50.132725
38	111	2211	48.055256
39	111	2212	42.214996
40	111	2213	35.400242
41	111	1996	29.484976
42	111	2214	24.315645
43	111	2070	23.287331
44	111	2091	31.301849
45	111	2054	37.022617
46	111	2055	32.5844
47	111	2053	21.35836
48	111	2203	4.694753
49	111	1996	-16.778278
50	111	2215	-42.116013
51	111	2216	-63.886898
52	111	101	-65.111481
53	111	1883	-88.542953
54	111	1915	-106.170219
55	111	2217	-88.263741
56	111	1900	-59.896774
57	111	2218	61.495781
58	111	68	98.014397
59	111	99	115.132378
60	111	66	128.264587
61	111	2014	133.69841
62	111	2066	117.267815
63	111	69	89.098473
64	111	135	58.35157
65	111	931	43.629467
66	111	1769	22.400387
67	111	2219	-1.534156
68	111	2220	-23.208006
69	111	17	-44.497448
70	111	2221	-78.642975
71	111	1835	-109.492393
72	111	35	-128.738541
73	111	1417	-135.004898
74	111	1639	-122.999916
75	111	258	-104.504524
76	111	36	-91.30777
77	111	1876	-81.998344
78	111	993	-83.003075
79	111	1372	-98.659668
80	111	1080	-116.982788
81	111	142	-131.264374
82	111	145	-139.209091
83	111	1417	-137.950516
84	111	1149	-127.482719
85	111	966	-114.265297
86	111	2222	-100.342323
87	111	30	-97.237701
88	111	116	-98.166321
89	111	92	-95.886642
90	111	124	-82.138237
91	111	2223	-63.812077
92	111	2224	-48.4958
93	111	58	-34.920441
94	111	68	-22.042393
95	111	2086	-11.406327
96	111	91	-12.023233
97	111	153	-21.460085
98	111	152	-25.891748
99	111	123	-23.797274
100	111	152	-12.209438
101	111	123	3.621215
102	111	152	18.165014
103	111	230	38.290089
104	111	92	50.894913
105	111	229	43.725594
106	111	123	27.01296
107	111	152	10.678899
108	111	123	-17.907528
109	111	56	-42.450611
110	111	123	-50.050907
111	111	123	-45.05336
112	111	56	-48.859703
113	111	152	-55.944168
114	111	152	-60.844059
115	111	54	-62.189064
116	111	91	-58.599377
117	111	19	-47.680851
118	111	140	-25.530142
119	111	20	8.824179
120	111	14	49.363865
121	111	11	84.104691
122	111	12	101.486946
123	111	167	102.754913
124	111	101	90.989983
125	111	1049	67.464325
126	111	1878	43.332851
127	111	1220	22.251804
128	111	11	0
0	112	92	0
1	112	229	5.388754
2	112	56	7.068891
3	112	56	9.155447
4	112	230	11.601193
5	112	167	14.434694
6	112	67	17.597891
7	112	167	21.3927
8	112	806	25.768038
9	112	67	33.043213
10	112	11	42.532211
11	112	15	52.694485
12	112	173	63.421043
13	112	140	74.032768
14	112	140	84.891434
15	112	217	96.965225
16	112	2156	108.749191
17	112	2157	116.997353
18	112	12	122.960709
19	112	2125	125.689613
20	112	2225	124.937981
21	112	2182	112.582283
22	112	2125	83.289078
23	112	2225	78.878479
24	112	2182	88.009758
25	112	2138	71.409836
26	112	2139	32.818455
27	112	2126	5.9391
28	112	14	-1.098479
29	112	14	-7.060125
30	112	14	-10.743255
31	112	11	-7.631716
32	112	68	1.804895
33	112	139	14.327758
34	112	806	28.687191
35	112	806	43.520847
36	112	67	57.917049
37	112	2153	61.422874
38	112	2226	54.719955
39	112	2227	47.905506
40	112	2216	40.939167
41	112	2228	34.856209
42	112	2213	29.142365
43	112	1761	28.160677
44	112	2184	34.137245
45	112	2054	39.531139
46	112	2088	37.776859
47	112	1883	32.772583
48	112	1882	21.454243
49	112	782	2.341672
50	112	11	-22.358368
51	112	68	-40.554016
52	112	135	-39.421131
53	112	1712	-49.656708
54	112	2193	-78.668518
55	112	2229	-66.818298
56	112	2230	-45.400139
57	112	167	60.176117
58	112	101	95.186157
59	112	782	101.513084
60	112	11	117.878624
61	112	167	123.63398
62	112	101	108.437782
63	112	69	87.132164
64	112	1049	76.422035
65	112	1006	65.119385
66	112	634	47.33226
67	112	475	-3.877529
68	112	2152	-26.180408
69	112	2231	-40.143894
70	112	476	-69.253616
71	112	966	-95.856369
72	112	1691	-112.045738
73	112	2232	-102.858055
74	112	50	-81.462654
75	112	51	-59.643036
76	112	1392	-46.855389
77	112	1018	-49.546623
78	112	1018	-67.927254
79	112	1102	-97.350471
80	112	966	-122.982338
81	112	1430	-137.23819
82	112	993	-136.840485
83	112	1372	-128.478241
84	112	993	-123.753654
85	112	1639	-113.57148
86	112	186	-98.383583
87	112	1061	-93.78196
88	112	378	-96.283897
89	112	1568	-94.664284
90	112	1119	-84.942375
91	112	1585	-68.785019
92	112	91	-53.950844
93	112	167	-39.869144
94	112	67	-26.4426
95	112	14	-14.869151
96	112	153	-16.667696
97	112	123	-29.531246
98	112	152	-36.29076
99	112	56	-28.805582
100	112	123	-13.828249
101	112	56	3.922425
102	112	57	25.427942
103	112	229	47.829945
104	112	123	64.913635
105	112	56	51.312321
106	112	56	42.814224
107	112	123	37.856258
108	112	54	16.36636
109	112	55	-7.75476
110	112	152	-20.783806
111	112	152	-29.002037
112	112	54	-40.136047
113	112	90	-49.462269
114	112	91	-56.301987
115	112	15	-59.766048
116	112	16	-58.191078
117	112	17	-47.896721
118	112	18	-25.152571
119	112	14	11.805429
120	112	14	54.63958
121	112	92	89.487808
122	112	124	105.879501
123	112	2233	103.706505
124	112	806	86.871597
125	112	67	60.42416
126	112	11	39.384697
127	112	92	22.284513
128	112	229	0
0	113	56	0
1	113	123	4.610257
2	113	54	6.212596
3	113	91	8.224307
4	113	4	10.729626
5	113	5	13.597336
6	113	11	16.95429
7	113	12	20.822617
8	113	12	25.34561
9	113	14	32.365086
10	113	72	42.091156
11	113	17	52.583698
12	113	281	63.879204
13	113	140	74.882271
14	113	20	86.07634
15	113	11	97.620888
16	113	2125	109.583199
17	113	2126	120.001823
18	113	2138	128.437912
19	113	2039	129.149353
20	113	2139	136.063843
21	113	2225	127.543518
22	113	2039	102.943535
23	113	2182	96.670578
24	113	2153	98.254402
25	113	2156	83.107567
26	113	2234	41.228844
27	113	5	11.72584
28	113	12	1.839934
29	113	11	-4.056121
30	113	14	-4.401526
31	113	167	3.465577
32	113	67	17.985893
33	113	4	33.748287
34	113	5	47.015736
35	113	4	57.814255
36	113	5	65.231873
37	113	2235	67.209381
38	113	2236	60.304527
39	113	1633	53.024998
40	113	2237	46.107822
41	113	1869	39.744534
42	113	1763	33.538486
43	113	1882	31.121191
44	113	2038	34.055111
45	113	2088	38.02253
46	113	1760	36.960148
47	113	1884	35.913246
48	113	782	30.038261
49	113	12	16.542164
50	113	167	-4.183157
51	113	806	-15.899622
52	113	2238	-11.105201
53	113	1764	-20.091772
54	113	19	-31.47654
55	113	20	-33.615211
56	113	14	29.930555
57	113	167	80.852844
58	113	67	103.86235
59	113	12	106.507126
60	113	14	112.448532
61	113	68	114.975426
62	113	139	105.506599
63	113	806	91.505234
64	113	2239	80.087769
65	113	2240	68.889854
66	113	281	52.665482
67	113	2241	18.514301
68	113	2242	-17.468447
69	113	642	-38.823952
70	113	1984	-52.041004
71	113	1661	-71.223618
72	113	258	-76.964005
73	113	42	-66.142677
74	113	115	-44.16444
75	113	50	-25.985123
76	113	187	-21.334557
77	113	142	-33.878792
78	113	142	-61.182026
79	113	1417	-95.991081
80	113	1941	-124.890564
81	113	1215	-134.492157
82	113	1018	-130.625443
83	113	1018	-115.279877
84	113	2243	-108.592384
85	113	116	-103.956528
86	113	153	-94.1828
87	113	404	-87.449501
88	113	2244	-91.367554
89	113	90	-92.429314
90	113	91	-87.658012
91	113	12	-74.19899
92	113	11	-57.524536
93	113	11	-42.940826
94	113	14	-27.169537
95	113	125	-13.642816
96	113	90	-14.679135
97	113	90	-26.508158
98	113	55	-28.930676
99	113	123	-20.765324
100	113	152	-6.236475
101	113	56	9.61661
102	113	123	30.725407
103	113	123	55.035133
104	113	152	62.267513
105	113	123	50.091133
106	113	56	47.929413
107	113	230	50.86866
108	113	153	37.262184
109	113	123	17.225574
110	113	152	-1.61993
111	113	230	-17.424423
112	113	14	-30.634556
113	113	11	-41.560299
114	113	19	-50.020733
115	113	475	-55.189945
116	113	256	-54.96035
117	113	256	-45.838043
118	113	1360	-23.527304
119	113	11	10.746355
120	113	153	50.79306
121	113	152	86.774399
122	113	230	107.559715
123	113	14	106.633133
124	113	92	86.678032
125	113	124	57.830193
126	113	229	32.110374
127	113	152	17.940544
128	113	123	0
0	114	54	0
1	114	91	3.714341
2	114	14	5.193003
3	114	68	7.204881
4	114	782	9.642057
5	114	4	12.494782
6	114	5	16.088303
7	114	12	20.111902
8	114	12	25.22094
9	114	11	31.926609
10	114	12	40.752289
11	114	72	51.679379
12	114	17	63.182869
13	114	216	74.706375
14	114	12	86.243416
15	114	2153	97.803085
16	114	2245	109.271332
17	114	2225	120.140411
18	114	2039	128.348557
19	114	2039	130.190338
20	114	2039	133.530563
21	114	2039	132.991531
22	114	2139	115.75338
23	114	2126	106.227715
24	114	4	101.764091
25	114	134	78.110634
26	114	782	49.076149
27	114	4	37.638771
28	114	248	22.848053
29	114	5	0.977338
30	114	12	-2.769261
31	114	14	6.289964
32	114	167	21.939861
33	114	1273	39.606106
34	114	134	54.785011
35	114	99	64.793388
36	114	2246	70.275833
37	114	1688	71.804718
38	114	2247	65.341255
39	114	2248	57.864365
40	114	1762	50.858639
41	114	1997	44.018272
42	114	1761	37.389973
43	114	2184	33.455128
44	114	2092	35.375595
45	114	2210	37.793198
46	114	2216	36.936363
47	114	67	36.402386
48	114	15	33.899723
49	114	1360	26.201044
50	114	14	15.239283
51	114	167	7.893435
52	114	67	12.194076
53	114	72	13.229837
54	114	18	17.192238
55	114	11	36.503349
56	114	11	68.581024
57	114	12	98.763298
58	114	12	113.235207
59	114	12	116.140266
60	114	167	118.672722
61	114	67	113.228432
62	114	15	112.755386
63	114	173	105.642456
64	114	2249	90.594711
65	114	2250	68.291153
66	114	216	48.224785
67	114	1360	21.186575
68	114	30	-8.91836
69	114	43	-25.97069
70	114	42	-31.208099
71	114	43	-33.402073
72	114	145	-33.692974
73	114	144	-25.055157
74	114	44	-13.905665
75	114	258	-8.933397
76	114	145	-12.39833
77	114	119	-26.477945
78	114	1417	-53.187721
79	114	1941	-81.042374
80	114	1149	-107.233139
81	114	144	-119.316826
82	114	1150	-119.954323
83	114	2251	-102.326729
84	114	42	-91.431053
85	114	2252	-91.063759
86	114	2253	-86.829636
87	114	44	-85.23687
88	114	14	-91.450066
89	114	92	-94.737137
90	114	58	-90.516846
91	114	12	-74.912796
92	114	12	-56.971848
93	114	4	-38.497269
94	114	5	-23.036957
95	114	14	-9.55119
96	114	92	-7.690254
97	114	229	-10.958579
98	114	56	-8.094449
99	114	152	0.035431
100	114	152	9.880241
101	114	123	21.022915
102	114	56	34.834034
103	114	123	48.947578
104	114	123	46.674339
105	114	56	40.281975
106	114	230	41.164474
107	114	153	49.148193
108	114	123	41.533756
109	114	54	24.840895
110	114	91	7.555494
111	114	11	-7.692237
112	114	15	-20.923306
113	114	173	-32.274139
114	114	140	-41.335133
115	114	217	-46.836628
116	114	281	-46.50676
117	114	20	-37.19511
118	114	92	-17.456205
119	114	229	10.285194
120	114	54	42.187412
121	114	91	72.112541
122	114	14	92.838234
123	114	153	100.035828
124	114	56	90.583435
125	114	56	68.754112
126	114	152	41.206177
127	114	56	11.748357
128	114	57	0
0	115	58	0
1	115	14	2.714994
2	115	167	4.058896
3	115	1273	6.007759
4	115	66	8.35945
5	115	67	11.149229
6	115	11	14.890389
7	115	11	19.074663
8	115	11	24.824211
9	115	14	31.566713
10	115	14	39.553925
11	115	15	49.701881
12	115	173	61.304352
13	115	2125	73.147552
14	115	2140	84.934593
15	115	2225	96.789848
16	115	2039	108.141205
17	115	2039	119.112694
18	115	2039	128.240112
19	115	2039	133.097336
20	115	2039	133.492584
21	115	2155	134.201965
22	115	2234	134.08844
23	115	66	129.080231
24	115	806	114.647125
25	115	1273	89.360771
26	115	134	81.226341
27	115	139	89.099533
28	115	67	63.606686
29	115	14	19.635918
30	115	14	-1.992426
31	115	11	0.708319
32	115	68	14.080657
33	115	69	31.554884
34	115	135	49.950768
35	115	1883	64.617889
36	115	2215	72.741013
37	115	1659	74.686043
38	115	1657	69.814636
39	115	1730	62.206619
40	115	1763	54.821144
41	115	1869	47.500256
42	115	1796	41.054443
43	115	1760	37.461548
44	115	2254	36.802464
45	115	1686	38.718811
46	115	2255	38.933907
47	115	72	38.72036
48	115	216	37.525352
49	115	1360	32.776333
50	115	12	25.450697
51	115	11	20.80876
52	115	11	24.171915
53	115	12	39.5215
54	115	14	55.521339
55	115	12	71.80114
56	115	14	90.215332
57	115	12	103.931137
58	115	15	118.806892
59	115	256	130.355392
60	115	1147	121.439133
61	115	2256	113.41407
62	115	17	118.190918
63	115	2257	117.517769
64	115	1661	100.457802
65	115	72	72.161461
66	115	610	44.110779
67	115	43	20.570196
68	115	145	-0.420961
69	115	119	-9.413735
70	115	144	-11.746055
71	115	145	-10.317761
72	115	36	-4.988195
73	115	51	-1.098531
74	115	258	-1.227046
75	115	145	-0.542752
76	115	144	-11.431917
77	115	940	-24.77676
78	115	1018	-32.103775
79	115	1102	-49.133732
80	115	35	-71.754684
81	115	2258	-88.134995
82	115	2253	-96.151352
83	115	36	-84.698799
84	115	37	-76.548126
85	115	2259	-76.853279
86	115	1838	-81.058533
87	115	58	-88.749275
88	115	125	-97.509331
89	115	91	-100.032967
90	115	14	-91.620949
91	115	11	-69.411781
92	115	68	-44.485409
93	115	1537	-27.122934
94	115	1907	-12.09425
95	115	2260	-6.759021
96	115	2261	-4.599809
97	115	1517	-1.617261
98	115	123	4.796554
99	115	152	11.550667
100	115	123	18.945606
101	115	123	26.432447
102	115	152	30.231363
103	115	56	29.178238
104	115	54	27.078291
105	115	91	23.733168
106	115	153	28.10828
107	115	2262	32.245571
108	115	2263	30.583725
109	115	15	22.44289
110	115	256	11.110098
111	115	173	-0.549819
112	115	140	-11.46589
113	115	217	-21.333391
114	115	18	-29.258831
115	115	2264	-33.063015
116	115	2265	-30.637468
117	115	89	-22.140829
118	115	55	-7.025763
119	115	57	13.901318
120	115	124	38.308147
121	115	124	58.811092
122	115	229	75.749557
123	115	56	86.389519
124	115	152	92.419411
125	115	152	85.204483
126	115	123	58.040539
127	115	54	24.092552
128	115	346	0
0	116	58	0
1	116	11	1.625309
2	116	167	2.901671
3	116	67	4.637434
4	116	11	6.901361
5	116	11	9.595267
6	116	14	13.384002
7	116	14	17.804626
8	116	12	23.840315
9	116	11	30.58301
10	116	19	38.686874
11	116	140	47.770027
12	116	2153	58.360855
13	116	2154	70.206505
14	116	2039	82.054832
15	116	2039	93.921989
16	116	2039	105.632347
17	116	2039	115.971169
18	116	2039	125.59491
19	116	2039	133.404648
20	116	2266	133.513718
21	116	66	134.238632
22	116	67	134.132324
23	116	4	133.504349
24	116	134	131.974945
25	116	139	110.600121
26	116	67	114.393745
27	116	11	120.657951
28	116	11	94.191544
29	116	12	30.176107
30	116	12	-3.924154
31	116	68	-8.904833
32	116	69	0.107279
33	116	69	16.077248
34	116	69	36.073944
35	116	99	56.556107
36	116	5	71.01339
37	116	2267	76.130203
38	116	1869	73.46553
39	116	1796	65.652199
40	116	1883	57.639057
41	116	2268	49.98193
42	116	2238	44.91687
43	116	1915	41.466393
44	116	1762	39.657913
45	116	2269	39.780567
46	116	12	41.662304
47	116	19	42.701168
48	116	475	41.987156
49	116	256	36.005318
50	116	1360	26.411541
51	116	11	19.72414
52	116	15	24.298409
53	116	1360	41.119106
54	116	14	68.482079
55	116	12	92.012405
56	116	15	105.002151
57	116	16	118.860794
58	116	17	134.519791
59	116	2270	141.550171
60	116	1928	123.187248
61	116	115	105.178116
62	116	50	107.199112
63	116	51	111.519852
64	116	1304	100.808784
65	116	1660	69.149277
66	116	144	33.7561
67	116	144	11.487273
68	116	142	0.628939
69	116	35	0
70	116	142	0
71	116	1824	0
72	116	1616	0
73	116	2271	0.261148
74	116	187	2.635817
75	116	966	5.656759
76	116	1080	-2.876931
77	116	1150	-7.09832
78	116	2251	-8.026037
79	116	144	-14.229729
80	116	145	-28.270447
81	116	144	-47.896832
82	116	42	-60.614914
83	116	115	-55.952442
84	116	2252	-53.648422
85	116	1568	-62.533367
86	116	57	-75.66925
87	116	58	-88.572243
88	116	14	-96.76487
89	116	12	-97.869339
90	116	14	-86.556152
91	116	1510	-60.247349
92	116	1155	-29.89319
93	116	1027	-13.295201
94	116	814	-5.234307
95	116	1049	-5.7662
96	116	2272	-5.805599
97	116	1967	-1.112744
98	116	123	4.093601
99	116	56	9.579921
100	116	56	15.312334
101	116	152	18.718729
102	116	123	16.733715
103	116	230	13.064962
104	116	14	8.754301
105	116	125	9.586584
106	116	2273	11.217999
107	116	475	12.437998
108	116	16	11.628626
109	116	281	9.558908
110	116	140	7.419419
111	116	140	2.771528
112	116	20	-3.363778
113	116	12	-9.879334
114	116	125	-14.645598
115	116	90	-15.950255
116	116	91	-13.217739
117	116	153	-6.487965
118	116	123	4.692625
119	116	54	21.637941
120	116	90	40.096886
121	116	55	59.67625
122	116	56	75.304779
123	116	123	85.066635
124	116	152	90.403526
125	116	54	91.063583
126	116	346	71.951302
127	116	89	37.802246
128	116	346	0
0	117	124	0
1	117	124	0.624047
2	117	58	1.668301
3	117	14	3.110488
4	117	11	5.285858
5	117	14	7.883529
6	117	12	11.6814
7	117	12	16.209854
8	117	11	22.274662
9	117	19	28.938265
10	117	140	36.980148
11	117	2125	45.88924
12	117	2225	55.864124
13	117	2039	66.32782
14	117	2039	77.610184
15	117	2039	89.073586
16	117	2039	100.625641
17	117	2039	111.02916
18	117	2039	120.309601
19	117	2055	128.496368
20	117	2274	135.171265
21	117	2275	134.170853
22	117	2276	134.216873
23	117	2277	133.8806
24	117	1273	130.869781
25	117	248	122.097618
26	117	5	121.639854
27	117	14	118.774429
28	117	4	83.355774
29	117	5	21.646666
30	117	68	-10.24001
31	117	69	-16.895967
32	117	135	-12.190082
33	117	135	0.509728
34	117	69	19.103281
35	117	99	41.592567
36	117	134	63.549641
37	117	1883	74.684837
38	117	2268	73.798843
39	117	806	67.204819
40	117	67	59.106289
41	117	167	51.291794
42	117	2278	47.072254
43	117	2279	43.725655
44	117	1764	42.947044
45	117	15	44.947258
46	117	173	45.058575
47	117	217	45.066345
48	117	281	44.968784
49	117	475	38.839745
50	117	256	28.665846
51	117	16	17.407553
52	117	18	21.300694
53	117	12	42.315331
54	117	14	82.549713
55	117	2168	114.499702
56	117	2280	124.443657
57	117	1360	134.280014
58	117	1226	148.038956
59	117	1229	143.922165
60	117	36	121.642616
61	117	49	95.481262
62	117	116	92.001556
63	117	1214	95.665024
64	117	1149	82.368713
65	117	142	50.872402
66	117	145	19.997717
67	117	119	2.370532
68	117	966	0
69	117	1430	0
70	117	1836	0
71	117	1893	0.795942
72	117	1332	2.228995
73	117	1660	6.958319
74	117	940	12.702106
75	117	1102	20.329945
76	117	2281	28.456852
77	117	404	32.051983
78	117	145	28.961395
79	117	119	18.316189
80	117	119	-2.103058
81	117	35	-15.271779
82	117	35	-19.85413
83	117	142	-19.115047
84	117	2258	-26.930447
85	117	1600	-46.973282
86	117	2282	-67.285431
87	117	58	-81.183388
88	117	12	-88.004929
89	117	11	-88.311867
90	117	1247	-79.34687
91	117	1267	-56.566082
92	117	1896	-27.290216
93	117	2283	-10.245888
94	117	2050	-1.273693
95	117	2047	2.453301
96	117	2068	6.306232
97	117	56	8.188848
98	117	152	10.835739
99	117	56	12.967897
100	117	56	13.38486
101	117	123	11.967484
102	117	230	9.572821
103	117	11	4.931983
104	117	12	2.468147
105	117	72	2.185474
106	117	281	2.059156
107	117	20	1.208508
108	117	19	0.713257
109	117	140	1.413366
110	117	217	1.43777
111	117	18	0.69783
112	117	15	0.142498
113	117	1360	-0.405405
114	117	11	-1.948446
115	117	14	0.02875
116	117	125	4.032058
117	117	90	8.443884
118	117	346	15.043704
119	117	124	24.478338
120	117	229	40.474739
121	117	54	61.986919
122	117	90	79.326591
123	117	90	87.337234
124	117	346	88
125	117	229	86.546463
126	117	57	73.387543
127	117	229	46.60677
128	117	56	0
0	118	54	0
1	118	91	0.132242
2	118	14	0.697759
3	118	14	1.512802
4	118	12	3.529564
5	118	11	5.949036
6	118	14	9.659602
7	118	15	14.275999
8	118	16	20.139046
9	118	281	26.703398
10	118	2172	34.444271
11	118	2156	43.087254
12	118	2154	52.850681
13	118	2039	62.934902
14	118	2039	72.882233
15	118	2039	83.177513
16	118	2039	94.250504
17	118	2070	104.682831
18	118	2284	114.045395
19	118	2285	121.40844
20	118	2053	128.190201
21	118	2091	134.807083
22	118	2286	134.124298
23	118	68	133.316971
24	118	139	131.08017
25	118	67	126.379333
26	118	4	119.891113
27	118	66	100.520264
28	118	67	59.707687
29	118	167	11.581944
30	118	806	-7.646667
31	118	101	-16.82078
32	118	135	-17.733311
33	118	69	-9.342755
34	118	135	5.153886
35	118	69	25.741508
36	118	69	50.011452
37	118	99	69.885056
38	118	1686	72.239418
39	118	1634	66.865631
40	118	2255	59.12904
41	118	12	51.53791
42	118	167	47.344276
43	118	67	44.157677
44	118	19	46.680019
45	118	217	49.753407
46	118	216	48.690449
47	118	173	45.563122
48	118	140	45.113926
49	118	140	40.909496
50	118	20	32.344101
51	118	15	19.771858
52	118	1360	19.990696
53	118	14	42.140156
54	118	186	85.155441
55	118	2287	119.190514
56	118	607	129.799515
57	118	14	134.536026
58	118	258	139.854477
59	118	42	134.78299
60	118	43	111.29644
61	118	42	86.217659
62	118	1735	75.985741
63	118	1216	71.502197
64	118	1080	56.319912
65	118	966	28.388245
66	118	1080	7.793479
67	118	940	0
68	118	1018	0
69	118	1102	3.816017
70	118	42	11.932647
71	118	1735	23.074408
72	118	1837	31.45223
73	118	2288	37.500107
74	118	2251	44.636974
75	118	2281	51.777126
76	118	1119	62.033592
77	118	2251	69.318054
78	118	966	66.047165
79	118	1080	47.427456
80	118	145	28.649235
81	118	35	18.083782
82	118	145	18.16519
83	118	35	17.378862
84	118	145	-4.376344
85	118	2244	-34.496754
86	118	573	-56.727741
87	118	116	-70.652351
88	118	14	-77.17852
89	118	11	-77.385475
90	118	12	-69.958961
91	118	885	-51.602531
92	118	2068	-26.725752
93	118	2063	-8.467057
94	118	2112	5.580271
95	118	1967	15.319072
96	118	56	21.404907
97	118	152	23.872101
98	118	56	23.429354
99	118	56	21.145445
100	118	123	16.538828
101	118	57	11.664923
102	118	58	8.083238
103	118	12	4.764163
104	118	15	2.171676
105	118	16	0.948854
106	118	216	0.374064
107	118	173	0.136306
108	118	140	0.054399
109	118	20	0.031245
110	118	14	0.043149
111	118	19	0.062654
112	118	475	0.254951
113	118	256	1.758433
114	118	1360	5.286285
115	118	15	9.509747
116	118	1360	13.439124
117	118	125	15.921617
118	118	90	18.398657
119	118	90	24.106466
120	118	346	37.249241
121	118	58	57.095314
122	118	92	76.815872
123	118	89	85.723953
124	118	55	86.979317
125	118	56	81.506187
126	118	123	67.254471
127	118	123	44.831348
128	118	57	0
0	119	58	0
1	119	11	0
2	119	12	0.211358
3	119	14	0.630813
4	119	11	1.977389
5	119	12	3.938841
6	119	72	7.33711
7	119	18	11.942917
8	119	72	17.452686
9	119	2139	23.890799
10	119	2140	31.205132
11	119	2225	39.417957
12	119	2039	48.72702
13	119	2039	58.583336
14	119	2039	68.218185
15	119	2039	77.939507
16	119	2088	87.69619
17	119	782	97.390053
18	119	2138	106.308517
19	119	2088	113.917625
20	119	135	120.107651
21	119	782	125.605652
22	119	167	129.704819
23	119	1273	131.348969
24	119	248	129.553177
25	119	134	126.119904
26	119	782	118.078018
27	119	14	95.122749
28	119	14	55.394188
29	119	11	33.70269
30	119	167	27.232452
31	119	101	9.891289
32	119	69	-12.657103
33	119	69	-13.323071
34	119	69	-2.960408
35	119	135	13.919779
36	119	69	37.097794
37	119	1712	60.828899
38	119	1714	69.383362
39	119	1731	64.961868
40	119	5	57.819595
41	119	12	50.876522
42	119	11	45.782707
43	119	72	42.143063
44	119	18	46.727257
45	119	72	50.666008
46	119	17	48.925163
47	119	281	43.947311
48	119	140	41.467632
49	119	475	38.276459
50	119	173	32.320576
51	119	20	21.240936
52	119	14	19.993166
53	119	12	39.026752
54	119	186	73.573807
55	119	51	100.232735
56	119	30	110.482117
57	119	43	115.392792
58	119	119	113.960838
59	119	36	108.679001
60	119	2259	89.987068
61	119	2289	72.978912
62	119	1984	59.593197
63	119	1102	51.044491
64	119	1417	33.275139
65	119	1372	14.506702
66	119	1080	2.819809
67	119	35	0.048399
68	119	119	4.979932
69	119	1150	19.191881
70	119	2288	40.027344
71	119	2290	59.500347
72	119	1568	71.667351
73	119	1119	78.319778
74	119	484	80.365501
75	119	1567	80.599945
76	119	2253	82.083519
77	119	1417	86.849419
78	119	1372	86.769997
79	119	1080	74.931107
80	119	145	55.283371
81	119	119	42.179405
82	119	119	37.932262
83	119	119	29.066191
84	119	42	4.822588
85	119	50	-23.569153
86	119	51	-45.153099
87	119	12	-58.362286
88	119	92	-64.971489
89	119	124	-65.303413
90	119	229	-58.658722
91	119	123	-43.148476
92	119	56	-21.074175
93	119	2063	-3.15858
94	119	2068	13.672431
95	119	123	24.201361
96	119	123	29.114742
97	119	152	30.439299
98	119	123	31.67803
99	119	152	29.467743
100	119	123	24.23888
101	119	230	18.150652
102	119	15	13.797988
103	119	173	10.112832
104	119	20	6.151951
105	119	19	2.609905
106	119	140	0.923815
107	119	140	0.386309
108	119	475	0.188753
109	119	256	0.121024
110	119	16	0.114674
111	119	281	0.189858
112	119	140	1.313383
113	119	475	5.404997
114	119	173	10.049077
115	119	20	14.758874
116	119	12	18.228649
117	119	14	20.106653
118	119	92	21.072084
119	119	229	23.19977
120	119	57	30.080074
121	119	89	44.413158
122	119	346	62.221088
123	119	229	75.101173
124	119	123	76.639534
125	119	123	70.007645
126	119	123	54.898392
127	119	123	36.940693
128	119	230	0
0	120	12	0
1	120	14	0
2	120	92	0
3	120	58	0.203503
4	120	14	0.877548
5	120	12	2.173088
6	120	92	5.267385
7	120	124	9.650025
8	120	2154	14.587785
9	120	2039	20.831999
10	120	2039	27.714558
11	120	2039	35.385921
12	120	2039	44.201813
13	120	2155	53.65205
14	120	2156	62.918335
15	120	2291	71.960503
16	120	99	80.760582
17	120	2292	89.909904
18	120	2293	98.067024
19	120	101	104.847565
20	120	99	110.796021
21	120	5	115.997925
22	120	167	120.0401
23	120	101	122.906319
24	120	135	123.576492
25	120	99	121.239937
26	120	5	113.971603
27	120	11	95.318588
28	120	11	65.824326
29	120	11	63.874531
30	120	167	60.176296
31	120	806	41.39492
32	120	806	4.658785
33	120	806	-11.813409
34	120	806	-5.294724
35	120	806	8.391891
36	120	2294	29.081114
37	120	1763	52.832474
38	120	2268	65.884827
39	120	1273	62.037136
40	120	248	55.410019
41	120	5	49.223812
42	120	1633	42.80965
43	120	2255	38.755169
44	120	12	41.219475
45	120	15	45.687782
46	120	16	46.049343
47	120	281	39.565495
48	120	140	36.066631
49	120	140	32.337162
50	120	20	26.954021
51	120	15	17.49428
52	120	1360	15.038651
53	120	14	33.798359
54	120	14	57.131451
55	120	186	77.497711
56	120	187	86.401985
57	120	144	88.450294
58	120	2224	84.761574
59	120	229	78.201385
60	120	230	59.904327
61	120	186	44.5387
62	120	187	35.356392
63	120	940	26.993547
64	120	1018	14.838309
65	120	1102	5.298327
66	120	35	0.254371
67	120	145	2.461412
68	120	2281	16.487526
69	120	123	41.382816
70	120	1119	69.497055
71	120	484	88.789673
72	120	1567	99.06073
73	120	1568	105.940422
74	120	404	108.20462
75	120	966	99.401573
76	120	993	90.909386
77	120	1215	88.457817
78	120	1102	89.311623
79	120	142	87.902069
80	120	35	72.494781
81	120	145	56.825264
82	120	35	40.968925
83	120	36	24.571951
84	120	51	7.471261
85	120	14	-12.676312
86	120	12	-31.300041
87	120	2295	-44.296768
88	120	1600	-51.032494
89	120	1568	-50.774319
90	120	152	-43.500332
91	120	152	-28.861843
92	120	123	-10.023658
93	120	56	7.411956
94	120	56	20.746027
95	120	56	29.050438
96	120	123	31.77865
97	120	123	33.594578
98	120	56	36.070938
99	120	56	38.033047
100	120	230	34.199432
101	120	19	28.194145
102	120	140	24.129051
103	120	475	20.661776
104	120	16	15.36467
105	120	17	8.875845
106	120	17	4.321658
107	120	281	3.246933
108	120	140	3.565814
109	120	20	3.103839
110	120	72	1.853638
111	120	17	1.104523
112	120	281	3.460308
113	120	217	8.499219
114	120	18	14.030666
115	120	15	18.173975
116	120	1360	20.935141
117	120	153	22.251589
118	120	54	22.122768
119	120	55	21.450306
120	120	230	22.196108
121	120	153	28.510605
122	120	152	40.190689
123	120	56	51.830074
124	120	152	56.340366
125	120	123	50.533176
126	120	56	39.570278
127	120	230	25.768621
128	120	14	0
0	121	14	0
1	121	153	0
2	121	57	0
3	121	58	0
4	121	14	0.199911
5	121	153	1.07483
6	121	54	3.326362
7	121	2138	7.351915
8	121	2039	11.876732
9	121	2039	17.527437
10	121	2039	23.978867
11	121	2039	30.968191
12	121	2182	39.014458
13	121	12	47.807148
14	121	167	56.775131
15	121	101	65.237854
16	121	2038	73.516472
17	121	2139	81.430855
18	121	2276	88.803047
19	121	2277	94.775032
20	121	67	99.819756
21	121	14	105.35183
22	121	167	109.504128
23	121	806	112.094734
24	121	101	112.945992
25	121	782	111.588593
26	121	14	105.598503
27	121	12	92.078644
28	121	12	72.768646
29	121	14	72.871811
30	121	14	66.589333
31	121	14	47.743271
32	121	12	13.108953
33	121	14	-4.928095
34	121	12	-2.278673
35	121	2296	8.58789
36	121	2216	27.020468
37	121	1273	49.891666
38	121	2297	61.823441
39	121	1884	58.222862
40	121	99	52.545357
41	121	2246	46.702019
42	121	1688	40.580303
43	121	2255	34.259083
44	121	19	32.301823
45	121	475	35.527588
46	121	173	36.30434
47	121	217	32.826778
48	121	17	27.982386
49	121	216	23.635277
50	121	173	17.335377
51	121	475	9.385564
52	121	1360	9.357857
53	121	14	22.009478
54	121	11	41.993328
55	121	186	59.604847
56	121	37	68.583
57	121	2298	70.131866
58	121	1567	65.021378
59	121	2282	47.358944
60	121	124	26.725405
61	121	2223	13.529588
62	121	36	11.044516
63	121	187	7.383601
64	121	145	2.714255
65	121	144	0.195436
66	121	1150	0.573667
67	121	484	6.833072
68	121	152	27.999001
69	121	152	57.181145
70	121	56	83.526726
71	121	1119	99.718819
72	121	484	107.220642
73	121	404	117.584435
74	121	940	118.981102
75	121	1638	108.214523
76	121	1149	93.231064
77	121	142	83.739731
78	121	142	80.239281
79	121	35	76.755791
80	121	119	65.550285
81	121	144	48.507378
82	121	44	31.192892
83	121	30	17.288618
84	121	116	7.832095
85	121	14	-2.745009
86	121	2299	-15.649495
87	121	2288	-27.79442
88	121	484	-34.118942
89	121	56	-33.435867
90	121	152	-24.81217
91	121	152	-10.227261
92	121	56	3.502198
93	121	152	16.162912
94	121	123	26.316439
95	121	123	32.590256
96	121	123	33.767426
97	121	123	35.513695
98	121	152	39.355614
99	121	230	43.988518
100	121	72	43.37981
101	121	281	39.723663
102	121	217	38.008118
103	121	216	37.069893
104	121	1360	32.373264
105	121	14	24.065577
106	121	72	17.525793
107	121	281	14.717763
108	121	20	13.963202
109	121	12	11.4808
110	121	12	7.786337
111	121	19	4.740489
112	121	475	5.644963
113	121	256	10.376842
114	121	16	15.838155
115	121	216	19.740263
116	121	2300	21.966591
117	121	91	22.60722
118	121	153	21.668522
119	121	57	19.249626
120	121	229	16.565897
121	121	152	16.162815
122	121	152	20.227053
123	121	123	26.262941
124	121	56	30.063799
125	121	56	28.747993
126	121	57	21.964554
127	121	124	12.736717
128	121	58	0
0	122	153	0
1	122	152	0
2	122	57	0
3	122	124	0
4	122	229	0
5	122	230	0.360382
6	122	2153	1.471949
7	122	2154	5.098208
8	122	2155	9.40739
9	122	2154	14.322856
10	122	2039	20.405153
11	122	2182	26.799467
12	122	2125	33.964569
13	122	2140	41.769234
14	122	2301	49.883434
15	122	2302	57.866211
16	122	2091	65.308975
17	122	2091	72.143494
18	122	2303	78.484238
19	122	5	83.888947
20	122	4	88.475349
21	122	248	93.365952
22	122	5	97.455269
23	122	167	100.017738
24	122	67	100.986259
25	122	4	99.927345
26	122	5	95.447807
27	122	12	85.966766
28	122	11	71.737839
29	122	12	64.967636
30	122	12	58.362389
31	122	11	43.061401
32	122	14	18.395666
33	122	11	8.272716
34	122	14	5.440069
35	122	11	13.998945
36	122	68	31.178761
37	122	1712	51.302296
38	122	1997	57.824631
39	122	1884	53.91386
40	122	1712	48.904461
41	122	1763	43.43438
42	122	1764	37.6413
43	122	19	31.60446
44	122	140	25.975786
45	122	140	23.700102
46	122	475	22.964918
47	122	1360	21.760925
48	122	19	19.37961
49	122	217	14.310702
50	122	281	7.563786
51	122	20	2.584385
52	122	14	5.261306
53	122	14	13.713775
54	122	11	26.83779
55	122	92	39.353882
56	122	378	48.053139
57	122	2304	49.973103
58	122	2290	40.903179
59	122	1568	24.987288
60	122	2305	8.620382
61	122	51	0.387028
62	122	258	0
63	122	36	0
64	122	2259	0.033886
65	122	484	0.069787
66	122	56	0.886127
67	122	152	11.776687
68	122	123	32.989052
69	122	123	61.71637
70	122	54	85.138641
71	122	55	99.35276
72	122	404	104.93676
73	122	119	112.939941
74	122	940	113.557297
75	122	1102	102.317474
76	122	36	85.38018
77	122	37	72.455162
78	122	187	63.750595
79	122	36	56.905186
80	122	37	45.564766
81	122	49	31.201214
82	122	50	19.045214
83	122	1061	10.527104
84	122	58	7.743598
85	122	125	4.502669
86	122	90	-3.27139
87	122	55	-11.803552
88	122	56	-16.873215
89	122	123	-14.710633
90	122	123	-5.543687
91	122	123	5.575018
92	122	152	13.593322
93	122	56	19.661161
94	122	54	27.886375
95	122	90	32.973083
96	122	90	34.446388
97	122	90	35.664467
98	122	91	40.689941
99	122	12	47.398071
100	122	72	50.92347
101	122	18	51.046921
102	122	72	54.497414
103	122	18	59.233414
104	122	14	57.896938
105	122	11	51.530319
106	122	72	42.234241
107	122	18	35.687855
108	122	11	28.944231
109	122	11	22.565342
110	122	72	16.040838
111	122	281	9.808297
112	122	140	7.779399
113	122	20	10.666834
114	122	19	15.849345
115	122	20	19.797117
116	122	12	21.873104
117	122	125	22.144737
118	122	55	20.579445
119	122	56	17.121288
120	122	123	12.635157
121	122	152	9.14501
122	122	56	7.834865
123	122	54	8.618681
124	122	55	10.237135
125	122	152	9.907228
126	122	123	7.218693
127	122	57	3.311225
128	122	229	0
0	123	54	0
1	123	55	0
2	123	152	0
3	123	152	0.319635
4	123	57	0.332649
5	123	2125	0.666442
6	123	2225	2.850217
7	123	2139	3.947658
8	123	2225	6.702617
9	123	2155	11.101105
10	123	2157	23.900049
11	123	2153	34.315781
12	123	2156	37.840855
13	123	2234	36.248894
14	123	134	42.644009
15	123	69	49.782738
16	123	135	56.553009
17	123	69	62.715931
18	123	99	68.100876
19	123	134	72.792229
20	123	139	76.813858
21	123	67	80.820824
22	123	11	84.42942
23	123	14	86.948341
24	123	167	88.075378
25	123	67	87.477966
26	123	4	84.359924
27	123	5	77.899597
28	123	14	68.458092
29	123	11	56.800053
30	123	14	48.868492
31	123	14	41.636757
32	123	12	34.970066
33	123	12	24.329824
34	123	12	18.300014
35	123	2306	25.068834
36	123	1762	39.441574
37	123	1763	53.720222
38	123	2268	53.108574
39	123	2238	49.258259
40	123	2268	44.627239
41	123	67	39.538441
42	123	19	34.089695
43	123	140	28.35891
44	123	140	22.407228
45	123	217	17.224421
46	123	18	13.344902
47	123	72	11.308004
48	123	18	9.045408
49	123	72	5.518701
50	123	18	1.981352
51	123	12	0
52	123	14	1.503822
53	123	14	6.47714
54	123	153	13.57163
55	123	1119	21.529114
56	123	2290	26.138826
57	123	2304	25.370546
58	123	484	18.261255
59	123	230	6.387928
60	123	14	0.01255
61	123	186	0
62	123	1061	0
63	123	229	0
64	123	123	0.000326
65	123	152	0.025091
66	123	56	0.924365
67	123	152	10.825471
68	123	123	30.584831
69	123	230	56.57243
70	123	125	78.345428
71	123	1433	93.393311
72	123	2251	100.863235
73	123	145	101.007378
74	123	36	94.808121
75	123	51	79.649673
76	123	11	63.185123
77	123	186	51.545757
78	123	51	42.673668
79	123	92	33.768742
80	123	2307	23.534504
81	123	1838	14.737594
82	123	229	9.600111
83	123	57	8.145778
84	123	58	7.275182
85	123	12	6.136178
86	123	125	3.016752
87	123	55	-1.656906
88	123	56	-4.375631
89	123	56	-0.111535
90	123	152	7.843164
91	123	123	14.399445
92	123	56	15.797941
93	123	57	18.525148
94	123	124	24.948462
95	123	124	29.498589
96	123	124	30.990919
97	123	124	32.086967
98	123	124	37.079983
99	123	124	45.640373
100	123	58	54.43084
101	123	92	60.810955
102	123	124	69.10392
103	123	124	74.424362
104	123	124	76.052376
105	123	58	72.898399
106	123	14	64.742493
107	123	11	52.607967
108	123	14	41.30899
109	123	12	31.583044
110	123	19	23.12595
111	123	140	14.405878
112	123	475	8.715064
113	123	16	9.060118
114	123	216	13.725763
115	123	1360	18.11174
116	123	92	20.561335
117	123	229	20.668098
118	123	56	18.554558
119	123	56	14.37578
120	123	56	9.161872
121	123	123	5.019567
122	123	57	2.477285
123	123	229	1.656716
124	123	54	1.282677
125	123	55	0.985364
126	123	56	0.237857
127	123	123	0
128	123	57	0
0	124	229	0
1	124	54	0
2	124	55	4.660026
3	124	56	9.777369
4	124	2138	6.472998
5	124	2155	4.752824
6	124	2154	6.487745
7	124	2039	5.567408
8	124	2139	4.407531
9	124	2140	16.02482
10	124	2126	42.177853
11	124	12	52.449181
12	124	68	48.009644
13	124	139	44.606312
14	124	101	35.673485
15	124	69	41.723675
16	124	139	47.771008
17	124	101	53.347282
18	124	69	57.919613
19	124	782	61.722511
20	124	14	65.050087
21	124	14	68.254272
22	124	11	71.247238
23	124	14	73.525986
24	124	11	74.706406
25	124	167	74.469765
26	124	67	72.487602
27	124	14	68.521255
28	124	14	62.428177
29	124	11	54.473125
30	124	14	47.936306
31	124	14	45.281212
32	124	12	40.986763
33	124	14	33.487766
34	124	1657	29.030043
35	124	1658	35.493202
36	124	2216	47.016048
37	124	1273	50.396248
38	124	134	47.72226
39	124	782	44.07711
40	124	14	39.838379
41	124	19	35.121578
42	124	140	30.017056
43	124	140	24.599585
44	124	475	18.929977
45	124	1360	13.056952
46	124	12	7.963063
47	124	11	4.957936
48	124	14	2.65077
49	124	14	0.406638
50	124	12	0
51	124	92	0
52	124	58	0
53	124	153	1.187812
54	124	56	3.991139
55	124	1119	6.663582
56	124	484	7.706288
57	124	56	5.892252
58	124	57	1.246042
59	124	124	0
60	124	124	0
61	124	229	0
62	124	123	0
63	124	123	0
64	124	56	0.00003
65	124	56	0.017078
66	124	54	0.573699
67	124	55	5.461846
68	124	57	22.480585
69	124	58	43.873268
70	124	153	63.674889
71	124	2305	78.518456
72	124	37	85.330368
73	124	51	81.222031
74	124	92	66.213242
75	124	124	49.623505
76	124	58	36.600815
77	124	92	27.251329
78	124	229	21.038723
79	124	123	14.992771
80	124	123	8.622668
81	124	54	4.915499
82	124	55	4.641502
83	124	57	4.957076
84	124	58	5.055207
85	124	92	4.220281
86	124	229	2.512155
87	124	152	0.379721
88	124	123	0.297852
89	124	123	5.35204
90	124	123	12.17559
91	124	123	15.658476
92	124	152	16.083059
93	124	152	16.986216
94	124	123	19.768618
95	124	123	23.057699
96	124	56	23.144356
97	124	56	22.646814
98	124	56	26.597301
99	124	57	37.147797
100	124	229	51.41732
101	124	123	64.033051
102	124	152	72.385231
103	124	54	77.610329
104	124	91	79.851105
105	124	12	78.512878
106	124	12	72.441109
107	124	14	60.887516
108	124	11	47.841835
109	124	72	37.07486
110	124	281	27.272736
111	124	140	17.436991
112	124	20	8.080705
113	124	72	5.551132
114	124	18	8.918172
115	124	153	13.685584
116	124	56	16.507544
117	124	123	16.717899
118	124	123	14.333017
119	124	152	9.965854
120	124	56	5.358257
121	124	152	2.413196
122	124	123	0.574032
123	124	57	0.188487
124	124	229	0.082864
125	124	123	0.021876
126	124	123	0
127	124	56	0
128	124	152	0
0	125	57	0
1	125	89	0.510466
2	125	55	16.977341
3	125	2153	30.795143
4	125	2157	31.035046
5	125	2138	15.294681
6	125	2039	9.039557
7	125	2039	6.699468
8	125	2155	2.655734
9	125	2157	12.991465
10	125	12	36.982235
11	125	167	54.424404
12	125	67	50.227043
13	125	68	42.775768
14	125	135	29.689634
15	125	99	33.83617
16	125	134	38.958305
17	125	139	43.831203
18	125	1273	47.828148
19	125	248	50.962818
20	125	5	53.501251
21	125	12	55.799637
22	125	12	57.996727
23	125	12	59.791958
24	125	14	60.854603
25	125	11	60.921696
26	125	11	59.811028
27	125	12	57.365665
28	125	14	53.595367
29	125	11	48.477467
30	125	11	42.608692
31	125	11	39.773533
32	125	14	36.373451
33	125	2296	32.208965
34	125	1659	32.643486
35	125	12	37.183002
36	125	167	42.228748
37	125	806	44.223152
38	125	67	41.817486
39	125	12	38.521309
40	125	19	34.643616
41	125	217	30.277946
42	125	281	25.506248
43	125	140	20.398554
44	125	20	15.013603
45	125	14	9.635207
46	125	14	5.386349
47	125	92	2.483821
48	125	124	0.417177
49	125	124	0
50	125	89	0
51	125	346	0
52	125	229	0
53	125	56	0
54	125	123	0
55	125	1567	0
56	125	1600	0
57	125	1568	0
58	125	123	0
59	125	56	0
60	125	54	0
61	125	55	0
62	125	152	0
63	125	54	0
64	125	55	0.000005
65	125	57	0.005109
66	125	89	0.197957
67	125	90	1.986446
68	125	346	11.634968
69	125	229	26.833136
70	125	230	42.09763
71	125	14	52.794689
72	125	92	57.160774
73	125	89	50.96476
74	125	55	36.842911
75	125	57	23.589405
76	125	89	14.624488
77	125	55	9.704278
78	125	56	6.435223
79	125	56	3.740318
80	125	57	1.834681
81	125	229	1.021987
82	125	56	1.284957
83	125	57	1.921634
84	125	229	2.036309
85	125	56	1.432199
86	125	152	0.261952
87	125	123	0.115991
88	125	152	0.403873
89	125	56	4.961758
90	125	56	11.425427
91	125	123	15.900173
92	125	56	15.973786
93	125	56	16.111282
94	125	56	16.29241
95	125	152	15.647623
96	125	152	13.306457
97	125	123	10.762613
98	125	123	12.97924
99	125	152	25.721724
100	125	56	43.931435
101	125	152	57.869335
102	125	57	66.448158
103	125	124	71.628792
104	125	58	74.120651
105	125	11	73.727226
106	125	12	69.818924
107	125	12	61.54113
108	125	11	49.879707
109	125	19	38.972454
110	125	217	28.830204
111	125	18	17.470541
112	125	92	6.842827
113	125	58	1.146111
114	125	153	3.30571
115	125	123	6.283592
116	125	54	8.72096
117	125	90	8.965037
118	125	90	6.99825
119	125	55	4.077738
120	125	54	2.052779
121	125	55	0.371403
122	125	56	0.091341
123	125	152	0.013248
124	125	152	0.00198
125	125	152	0.000041
126	125	152	0
127	125	123	0
128	125	56	0
0	126	57	0
1	126	229	0.10038
2	126	14	20.540283
3	126	11	34.24445
4	126	2153	33.391479
5	126	2156	23.656963
6	126	2154	9.749859
7	126	2182	6.265959
8	126	12	2.677907
9	126	12	3.295235
10	126	11	11.216584
11	126	11	18.131477
12	126	68	26.096003
13	126	139	21.765978
14	126	806	21.662066
15	126	806	25.887054
16	126	67	30.216742
17	126	167	34.360249
18	126	806	37.622284
19	126	67	39.867592
20	126	11	41.325584
21	126	11	42.538837
22	126	11	43.873062
23	126	11	45.089653
24	126	11	45.864876
25	126	14	46.065372
26	126	11	45.585114
27	126	14	44.247379
28	126	12	41.984455
29	126	12	38.789394
30	126	14	35.078209
31	126	11	31.452497
32	126	14	28.723534
33	126	12	27.953934
34	126	11	29.109587
35	126	11	31.757607
36	126	11	34.859665
37	126	11	36.672604
38	126	12	35.656811
39	126	72	32.682343
40	126	18	29.128998
41	126	72	25.087265
42	126	17	20.629833
43	126	18	15.820839
44	126	11	10.747759
45	126	11	6.535359
46	126	125	3.00918
47	126	90	0.663908
48	126	90	0
49	126	91	0
50	126	125	0
51	126	2308	0
52	126	1600	0
53	126	1568	0
54	126	404	0
55	126	145	0
56	126	2281	0
57	126	1567	0
58	126	2309	0
59	126	91	0
60	126	125	0
61	126	55	0
62	126	230	0
63	126	125	0
64	126	55	0
65	126	57	0.000296
66	126	124	0.030816
67	126	229	0.489698
68	126	123	2.704156
69	126	230	10.842155
70	126	92	19.37575
71	126	229	24.220316
72	126	230	23.474489
73	126	125	19.368887
74	126	90	13.04717
75	126	91	7.222097
76	126	153	3.967173
77	126	123	2.133728
78	126	123	1.127857
79	126	123	0.512467
80	126	56	0.16882
81	126	56	0.120749
82	126	123	0.154625
83	126	152	0.169091
84	126	123	0.123328
85	126	56	0.055289
86	126	123	0.019898
87	126	123	0.008338
88	126	56	0.087691
89	126	56	2.360876
90	126	56	8.196765
91	126	152	13.344622
92	126	152	15.974957
93	126	152	15.754227
94	126	123	14.134624
95	126	56	10.386757
96	126	56	5.935357
97	126	123	2.480772
98	126	123	4.401659
99	126	56	16.474264
100	126	152	33.034657
101	126	123	45.962681
102	126	152	54.230988
103	126	57	59.26907
104	126	58	61.585812
105	126	11	61.398483
106	126	11	58.866684
107	126	14	53.704823
108	126	72	45.482109
109	126	18	36.525684
110	126	92	25.877489
111	126	89	13.800817
112	126	91	3.667785
113	126	125	0.175834
114	126	55	0.009209
115	126	230	0.100528
116	126	12	0.515294
117	126	12	0.730244
118	126	153	0.788699
119	126	57	0.174588
120	126	229	0.037993
121	126	54	0.012538
122	126	55	0.00159
123	126	123	0.000196
124	126	123	0
125	126	123	0
126	126	152	0
127	126	54	0
128	126	90	0
0	127	55	0
1	127	0	0
2	127	0	5.751942
3	127	0	20.255358
4	127	0	23.684191
5	127	0	10.485988
6	127	0	3.504387
7	127	0	3.566318
8	127	0	0.667517
9	127	0	1.412526
10	127	0	3.445858
11	127	0	5.705495
12	127	0	8.27259
13	127	0	10.957397
14	127	0	13.714985
15	127	0	16.64801
16	127	0	20.095726
17	127	0	24.050184
18	127	0	24.981541
19	127	0	25.985811
20	127	0	26.904491
21	127	0	28.093529
22	127	0	29.394382
23	127	0	30.430216
24	127	0	30.889153
25	127	0	30.792511
26	127	0	30.320293
27	127	0	29.646109
28	127	0	28.43597
29	127	0	26.397667
30	127	0	24.02622
31	127	0	21.88093
32	127	0	20.17161
33	127	0	19.295105
34	127	0	19.528341
35	127	0	20.716774
36	127	0	22.387083
37	127	0	24.975267
38	127	0	28.398623
39	127	0	26.628187
40	127	0	23.362528
41	127	0	19.615208
42	127	0	15.449663
43	127	0	10.93097
44	127	0	6.926299
45	127	0	3.294113
46	127	0	0.739927
47	127	0	0
48	127	0	0
49	127	0	0
50	127	0	0
51	127	0	0
52	127	0	0
53	127	0	0
54	127	0	0
55	127	0	0
56	127	0	0
57	127	0	0
58	127	0	0
59	127	0	0
60	127	0	0
61	127	0	0
62	127	0	0
63	127	0	0
64	127	0	0
65	127	0	0
66	127	0	0.000609
67	127	0	0.033988
68	127	0	0.286205
69	127	0	1.064364
70	127	0	4.38306
71	127	0	6.665922
72	127	0	6.600923
73	127	0	4.64597
74	127	0	2.223092
75	127	0	1.287586
76	127	0	0.622186
77	127	0	0.273241
78	127	0	0.099956
79	127	0	0.025652
80	127	0	0.004584
81	127	0	0.005521
82	127	0	0.005781
83	127	0	0.003554
84	127	0	0.001175
85	127	0	0
86	127	0	0
87	127	0	0
88	127	0	0
89	127	0	0
90	127	0	3.482361
91	127	0	7.603252
92	127	0	10.207306
93	127	0	10.725543
94	127	0	8.944304
95	127	0	5.433021
96	127	0	1.395805
97	127	0	0.305096
98	127	0	1.327594
99	127	0	9.245865
100	127	0	21.809238
101	127	0	32.857632
102	127	0	41.031693
103	127	0	45.764256
104	127	0	47.183437
105	127	0	45.598553
106	127	0	41.701214
107	127	0	37.010738
108	127	0	31.610699
109	127	0	25.436872
110	127	0	16.526651
111	127	0	6.747907
112	127	0	0.153143
113	127	0	0
114	127	0	0
115	127	0	0
116	127	0	0
117	127	0	0
118	127	0	0
119	127	0	0
120	127	0	0
121	127	0	0
122	127	0	0
123	127	0	0
124	127	0	0
125	127	0	0
126	127	0	0
127	127	0	0
128	127	0	0
0	128	0	0
1	128	0	0
2	128	0	0
3	128	0	0
4	128	0	0
5	128	0	0
6	128	0	0
7	128	0	0
8	128	0	0
9	128	0	0
10	128	0	0
11	128	0	0
12	128	0	0
13	128	0	0
14	128	0	0
15	128	0	0
16	128	0	0
17	128	0	0
18	128	0	0
19	128	0	0
20	128	0	0
21	128	0	0
22	128	0	0
23	128	0	0
24	128	0	0
25	128	0	0
26	128	0	0
27	128	0	0
28	128	0	0
29	128	0	0
30	128	0	0
31	128	0	0
32	128	0	0
33	128	0	0
34	128	0	0
35	128	0	0
36	128	0	0
37	128	0	0
38	128	0	0
39	128	0	0
40	128	0	0
41	128	0	0
42	128	0	0
43	128	0	0
44	128	0	0
45	128	0	0
46	128	0	0
47	128	0	0
48	128	0	0
49	128	0	0
50	128	0	0
51	128	0	0
52	128	0	0
53	128	0	0
54	128	0	0
55	128	0	0
56	128	0	0
57	128	0	0
58	128	0	0
59	128	0	0
60	128	0	0
61	128	0	0
62	128	0	0
63	128	0	0
64	128	0	0
65	128	0	0
66	128	0	0
67	128	0	0
68	128	0	0
69	128	0	0
70	128	0	0
71	128	0	0
72	128	0	0
73	128	0	0
74	128	0	0
75	128	0	0
76	128	0	0
77	128	0	0
78	128	0	0
79	128	0	0
80	128	0	0
81	128	0	0
82	128	0	0
83	128	0	0
84	128	0	0
85	128	0	0
86	128	0	0
87	128	0	0
88	128	0	0
89	128	0	0
90	128	0	0
91	128	0	0
92	128	0	0
93	128	0	0
94	128	0	0
95	128	0	0
96	128	0	0
97	128	0	0
98	128	0	0
99	128	0	0
100	128	0	0
101	128	0	0
102	128	0	0
103	128	0	0
104	128	0	0
105	128	0	0
106	128	0	0
107	128	0	0
108	128	0	0
109	128	0	0
110	128	0	0
111	128	0	0
112	128	0	0
113	128	0	0
114	128	0	0
115	128	0	0
116	128	0	0
117	128	0	0
118	128	0	0
119	128	0	0
120	128	0	0
121	128	0	0
122	128	0	0
123	128	0	0
124	128	0	0
125	128	0	0
126	128	0	0
127	128	0	0
128	128	0	0
