x	y	texture	height
0	0	0	0
1	0	0	0
2	0	0	0
3	0	0	0
4	0	0	0
5	0	0	0
6	0	0	0
7	0	0	0
8	0	0	0
9	0	0	0
10	0	0	0
11	0	0	0
12	0	0	0
13	0	0	0
14	0	0	0
15	0	0	0
16	0	0	0
17	0	0	0
18	0	0	0
19	0	0	0
20	0	0	0
21	0	0	0
22	0	0	0
23	0	0	0
24	0	0	0
25	0	0	0
26	0	0	0
27	0	0	0
28	0	0	0
29	0	0	0
30	0	0	0
31	0	0	0
32	0	0	0
33	0	0	0
34	0	0	0
35	0	0	0
36	0	0	0
37	0	1	0
38	0	2	0
39	0	2	0
40	0	3	0
41	0	0	0
42	0	0	0
43	0	0	0
44	0	0	0
45	0	0	0
46	0	0	0
47	0	0	0
48	0	0	0
49	0	0	0
50	0	0	0
51	0	0	0
52	0	0	0
53	0	0	0
54	0	0	0
55	0	0	0
56	0	0	0
57	0	0	0
58	0	0	0
59	0	0	0
60	0	0	0
61	0	0	0
62	0	0	0
63	0	0	0
64	0	0	0
65	0	1	0
66	0	2	0
67	0	3	0
68	0	0	0
69	0	0	0
70	0	0	0
71	0	0	0
72	0	0	0
73	0	0	0
74	0	0	0
75	0	0	0
76	0	0	0
77	0	0	0
78	0	0	0
79	0	0	0
80	0	0	0
81	0	0	0
82	0	0	0
83	0	0	0
84	0	0	0
85	0	0	0
86	0	0	0
87	0	0	0
88	0	4	0
89	0	0	0
90	0	5	0
91	0	0	0
92	0	0	0
93	0	0	0
94	0	0	0
95	0	0	0
96	0	0	0
97	0	0	0
98	0	0	0
99	0	0	0
100	0	0	0
101	0	6	0
102	0	7	0
103	0	8	0
104	0	0	0
105	0	0	0
106	0	0	0
107	0	0	0
108	0	0	0
109	0	0	0
110	0	0	0
111	0	0	0
112	0	0	0
113	0	0	0
114	0	9	0
115	0	10	0
116	0	0	0
117	0	0	0
118	0	9	0
119	0	10	0
120	0	0	0
121	0	0	0
122	0	0	0
123	0	0	0
124	0	0	0
125	0	0	0
126	0	0	0
127	0	0	0
128	0	0	0
0	1	11	0
1	1	0	-20
2	1	0	0
3	1	0	0
4	1	5	0
5	1	11	0
6	1	11	0
7	1	5	0
8	1	0	0
9	1	0	0
10	1	0	0
11	1	0	0
12	1	0	0
13	1	0	4
14	1	0	4
15	1	0	4
16	1	0	8
17	1	0	4
18	1	0	4
19	1	0	4
20	1	0	4
21	1	0	4
22	1	0	4
23	1	0	4
24	1	0	8
25	1	0	8
26	1	0	8
27	1	0	8
28	1	0	4
29	1	0	4
30	1	0	4
31	1	0	4
32	1	0	4
33	1	0	4
34	1	0	4
35	1	0	4
36	1	6	4
37	1	7	4
38	1	7	4
39	1	8	44
40	1	0	4
41	1	0	4
42	1	0	4
43	1	0	4
44	1	0	4
45	1	0	4
46	1	0	4
47	1	0	4
48	1	0	4
49	1	0	4
50	1	0	4
51	1	0	4
52	1	0	8
53	1	0	12
54	1	0	16
55	1	0	16
56	1	0	16
57	1	0	16
58	1	0	20
59	1	0	20
60	1	0	20
61	1	0	24
62	1	0	28
63	1	1	28
64	1	12	32
65	1	7	28
66	1	8	32
67	1	0	32
68	1	0	32
69	1	0	32
70	1	0	36
71	1	0	32
72	1	0	32
73	1	0	28
74	1	0	24
75	1	0	24
76	1	0	28
77	1	0	20
78	1	0	16
79	1	0	24
80	1	4	20
81	1	0	12
82	1	0	12
83	1	0	12
84	1	0	12
85	1	0	8
86	1	0	8
87	1	11	12
88	1	0	8
89	1	5	4
90	1	5	4
91	1	5	4
92	1	0	4
93	1	0	4
94	1	0	4
95	1	0	4
96	1	0	4
97	1	0	4
98	1	0	4
99	1	0	4
100	1	6	4
101	1	7	4
102	1	8	44
103	1	0	0
104	1	0	4
105	1	0	4
106	1	0	4
107	1	0	4
108	1	0	4
109	1	0	4
110	1	0	8
111	1	0	8
112	1	9	4
113	1	13	4
114	1	14	4
115	1	15	4
116	1	15	4
117	1	13	4
118	1	16	4
119	1	0	4
120	1	0	16
121	1	0	12
122	1	0	8
123	1	0	8
124	1	0	12
125	1	0	8
126	1	0	12
127	1	0	8
128	1	4	0
0	2	11	0
1	2	5	-16
2	2	11	-24
3	2	5	-4
4	2	0	-4
5	2	4	-8
6	2	4	-8
7	2	0	-4
8	2	11	-8
9	2	0	0
10	2	17	0
11	2	18	0
12	2	19	4
13	2	19	8
14	2	18	16
15	2	18	24
16	2	20	28
17	2	20	24
18	2	20	20
19	2	19	16
20	2	20	12
21	2	21	12
22	2	22	12
23	2	23	16
24	2	18	20
25	2	19	20
26	2	20	20
27	2	19	20
28	2	18	16
29	2	19	12
30	2	20	8
31	2	19	4
32	2	20	4
33	2	19	4
34	2	18	4
35	2	24	4
36	2	25	4
37	2	25	4
38	2	26	4
39	2	20	4
40	2	18	4
41	2	19	4
42	2	19	4
43	2	19	8
44	2	19	12
45	2	18	12
46	2	20	12
47	2	20	8
48	2	19	8
49	2	18	4
50	2	20	4
51	2	18	4
52	2	19	4
53	2	20	4
54	2	19	12
55	2	20	20
56	2	18	20
57	2	19	24
58	2	18	28
59	2	19	28
60	2	18	28
61	2	18	28
62	2	27	32
63	2	7	28
64	2	7	40
65	2	28	36
66	2	20	80
67	2	18	32
68	2	19	40
69	2	19	36
70	2	20	36
71	2	18	36
72	2	29	36
73	2	30	36
74	2	19	32
75	2	19	28
76	2	19	28
77	2	16	28
78	2	11	20
79	2	17	24
80	2	19	20
81	2	19	16
82	2	20	8
83	2	19	16
84	2	18	8
85	2	29	8
86	2	31	8
87	2	15	12
88	2	13	12
89	2	14	0
90	2	13	4
91	2	18	4
92	2	18	4
93	2	20	4
94	2	18	4
95	2	18	4
96	2	19	4
97	2	19	4
98	2	18	4
99	2	24	4
100	2	25	4
101	2	26	4
102	2	20	4
103	2	20	4
104	2	19	4
105	2	20	4
106	2	20	4
107	2	19	4
108	2	18	8
109	2	20	8
110	2	18	8
111	2	20	12
112	2	20	8
113	2	19	8
114	2	20	4
115	2	18	4
116	2	19	4
117	2	18	4
118	2	19	4
119	2	20	8
120	2	20	20
121	2	18	12
122	2	19	4
123	2	19	8
124	2	18	8
125	2	19	8
126	2	5	8
127	2	4	8
128	2	5	0
0	3	5	0
1	3	11	0
2	3	5	-16
3	3	11	-36
4	3	4	-24
5	3	0	-28
6	3	0	-28
7	3	5	-28
8	3	4	-28
9	3	32	-8
10	3	33	-4
11	3	19	0
12	3	20	4
13	3	19	12
14	3	20	24
15	3	19	36
16	3	18	48
17	3	20	60
18	3	34	56
19	3	35	48
20	3	36	44
21	3	7	44
22	3	37	48
23	3	38	48
24	3	20	48
25	3	18	88
26	3	20	44
27	3	18	36
28	3	18	32
29	3	20	28
30	3	18	20
31	3	20	16
32	3	20	12
33	3	18	16
34	3	19	16
35	3	20	20
36	3	20	12
37	3	18	8
38	3	20	4
39	3	20	4
40	3	18	4
41	3	19	4
42	3	34	8
43	3	39	16
44	3	40	28
45	3	41	36
46	3	22	36
47	3	23	36
48	3	20	28
49	3	20	24
50	3	19	20
51	3	18	20
52	3	20	16
53	3	20	12
54	3	18	12
55	3	20	16
56	3	18	24
57	3	19	24
58	3	18	28
59	3	19	28
60	3	18	32
61	3	24	32
62	3	25	40
63	3	25	36
64	3	26	36
65	3	19	40
66	3	18	40
67	3	18	44
68	3	21	44
69	3	22	44
70	3	23	48
71	3	42	36
72	3	43	44
73	3	20	44
74	3	19	44
75	3	19	40
76	3	14	36
77	3	15	32
78	3	13	32
79	3	19	28
80	3	19	24
81	3	18	20
82	3	20	20
83	3	18	20
84	3	42	16
85	3	43	12
86	3	18	8
87	3	19	12
88	3	20	8
89	3	19	4
90	3	20	4
91	3	20	4
92	3	19	4
93	3	18	4
94	3	18	4
95	3	18	4
96	3	19	8
97	3	20	8
98	3	18	8
99	3	18	12
100	3	20	8
101	3	44	8
102	3	45	8
103	3	45	8
104	3	45	8
105	3	45	8
106	3	45	8
107	3	45	8
108	3	45	12
109	3	45	12
110	3	45	8
111	3	46	8
112	3	19	16
113	3	18	16
114	3	20	8
115	3	18	4
116	3	19	4
117	3	44	8
118	3	45	8
119	3	45	20
120	3	46	20
121	3	20	8
122	3	18	4
123	3	18	4
124	3	19	8
125	3	11	8
126	3	4	8
127	3	4	8
128	3	0	0
0	4	5	0
1	4	5	0
2	4	5	0
3	4	5	-16
4	4	4	-64
5	4	0	-60
6	4	5	-60
7	4	0	-60
8	4	4	-64
9	4	32	-68
10	4	47	-32
11	4	33	-8
12	4	21	4
13	4	22	20
14	4	48	32
15	4	35	48
16	4	35	60
17	4	49	76
18	4	50	80
19	4	51	80
20	4	52	80
21	4	53	84
22	4	54	76
23	4	35	76
24	4	35	72
25	4	35	64
26	4	35	60
27	4	35	52
28	4	38	44
29	4	19	36
30	4	20	32
31	4	18	32
32	4	20	36
33	4	18	36
34	4	20	36
35	4	18	36
36	4	19	28
37	4	19	16
38	4	19	8
39	4	19	4
40	4	20	4
41	4	55	4
42	4	56	12
43	4	57	24
44	4	58	36
45	4	7	44
46	4	59	52
47	4	60	56
48	4	61	52
49	4	61	44
50	4	62	44
51	4	35	40
52	4	35	36
53	4	38	32
54	4	34	32
55	4	35	28
56	4	38	36
57	4	19	40
58	4	18	44
59	4	18	36
60	4	18	36
61	4	18	32
62	4	20	40
63	4	63	40
64	4	61	36
65	4	64	40
66	4	19	40
67	4	27	44
68	4	7	44
69	4	28	44
70	4	65	44
71	4	47	48
72	4	33	52
73	4	20	52
74	4	18	56
75	4	21	48
76	4	22	40
77	4	22	32
78	4	23	32
79	4	19	32
80	4	18	32
81	4	18	28
82	4	18	16
83	4	18	20
84	4	19	16
85	4	20	16
86	4	18	8
87	4	19	12
88	4	18	4
89	4	18	4
90	4	20	4
91	4	18	4
92	4	18	4
93	4	19	4
94	4	18	4
95	4	18	8
96	4	18	12
97	4	18	16
98	4	18	20
99	4	44	20
100	4	66	20
101	4	67	16
102	4	68	16
103	4	69	12
104	4	69	16
105	4	69	20
106	4	69	12
107	4	70	12
108	4	71	16
109	4	69	28
110	4	72	28
111	4	44	16
112	4	46	12
113	4	21	16
114	4	22	16
115	4	22	12
116	4	73	8
117	4	69	8
118	4	69	16
119	4	72	20
120	4	19	4
121	4	20	8
122	4	20	4
123	4	19	4
124	4	11	4
125	4	0	8
126	4	5	8
127	4	11	8
128	4	11	0
0	5	5	0
1	5	74	0
2	5	75	-4
3	5	76	-8
4	5	11	-32
5	5	11	-88
6	5	4	-88
7	5	0	-88
8	5	5	-88
9	5	11	-88
10	5	32	-52
11	5	77	-20
12	5	7	-4
13	5	78	16
14	5	50	32
15	5	50	48
16	5	50	68
17	5	50	116
18	5	50	88
19	5	56	96
20	5	57	100
21	5	50	96
22	5	50	88
23	5	50	88
24	5	50	80
25	5	50	72
26	5	50	64
27	5	54	56
28	5	35	48
29	5	35	40
30	5	38	36
31	5	18	40
32	5	18	48
33	5	20	52
34	5	20	56
35	5	19	56
36	5	19	48
37	5	18	32
38	5	18	20
39	5	20	12
40	5	55	4
41	5	50	4
42	5	50	12
43	5	58	24
44	5	7	40
45	5	7	48
46	5	79	56
47	5	80	60
48	5	81	60
49	5	82	56
50	5	83	92
51	5	83	52
52	5	84	56
53	5	85	52
54	5	83	52
55	5	86	48
56	5	47	56
57	5	33	68
58	5	20	68
59	5	19	60
60	5	20	52
61	5	18	44
62	5	87	40
63	5	81	36
64	5	88	36
65	5	18	40
66	5	27	44
67	5	7	40
68	5	28	40
69	5	16	44
70	5	4	44
71	5	17	48
72	5	18	92
73	5	20	60
74	5	27	68
75	5	7	60
76	5	7	48
77	5	28	40
78	5	20	36
79	5	20	32
80	5	19	24
81	5	18	28
82	5	18	24
83	5	18	20
84	5	20	20
85	5	18	20
86	5	19	16
87	5	19	20
88	5	19	12
89	5	19	8
90	5	19	4
91	5	20	0
92	5	18	4
93	5	18	4
94	5	19	4
95	5	19	8
96	5	20	20
97	5	20	24
98	5	89	32
99	5	90	36
100	5	91	32
101	5	92	24
102	5	90	28
103	5	90	28
104	5	90	24
105	5	90	32
106	5	93	36
107	5	89	24
108	5	90	28
109	5	93	32
110	5	89	44
111	5	93	28
112	5	27	24
113	5	7	20
114	5	7	20
115	5	94	20
116	5	69	12
117	5	69	20
118	5	72	28
119	5	20	56
120	5	20	4
121	5	18	8
122	5	19	8
123	5	11	4
124	5	4	4
125	5	0	4
126	5	4	8
127	5	4	12
128	5	74	0
0	6	95	0
1	6	96	0
2	6	97	-8
3	6	76	-24
4	6	0	-44
5	6	5	-72
6	6	4	-100
7	6	11	-100
8	6	11	-100
9	6	5	-104
10	6	98	-64
11	6	99	-36
12	6	100	-16
13	6	101	4
14	6	101	24
15	6	101	44
16	6	102	60
17	6	103	76
18	6	101	84
19	6	101	92
20	6	101	96
21	6	101	92
22	6	101	88
23	6	101	84
24	6	101	76
25	6	101	64
26	6	104	56
27	6	50	48
28	6	50	40
29	6	54	36
30	6	35	36
31	6	35	40
32	6	105	52
33	6	47	60
34	6	33	68
35	6	63	72
36	6	61	72
37	6	61	56
38	6	64	40
39	6	55	20
40	6	50	8
41	6	106	4
42	6	107	12
43	6	108	20
44	6	109	36
45	6	110	48
46	6	111	56
47	6	80	60
48	6	112	56
49	6	111	60
50	6	111	56
51	6	112	60
52	6	81	60
53	6	81	60
54	6	113	60
55	6	11	60
56	6	32	60
57	6	47	76
58	6	33	80
59	6	19	80
60	6	63	64
61	6	114	52
62	6	81	44
63	6	88	40
64	6	20	44
65	6	24	36
66	6	25	44
67	6	26	40
68	6	16	40
69	6	4	40
70	6	17	32
71	6	20	48
72	6	20	56
73	6	24	72
74	6	115	72
75	6	7	68
76	6	28	52
77	6	18	44
78	6	18	36
79	6	19	32
80	6	19	32
81	6	19	64
82	6	20	24
83	6	18	24
84	6	18	24
85	6	19	24
86	6	19	28
87	6	20	24
88	6	19	24
89	6	20	16
90	6	19	12
91	6	116	4
92	6	117	8
93	6	118	8
94	6	20	8
95	6	18	16
96	6	20	24
97	6	20	32
98	6	20	44
99	6	20	48
100	6	20	52
101	6	19	48
102	6	20	44
103	6	19	36
104	6	18	40
105	6	18	40
106	6	18	56
107	6	19	52
108	6	18	44
109	6	20	52
110	6	20	64
111	6	24	52
112	6	25	40
113	6	25	32
114	6	119	32
115	6	90	32
116	6	90	32
117	6	93	36
118	6	20	24
119	6	19	16
120	6	20	8
121	6	20	8
122	6	4	8
123	6	0	8
124	6	0	8
125	6	4	4
126	6	5	4
127	6	120	4
128	6	96	0
0	7	96	0
1	7	96	-4
2	7	121	-12
3	7	0	-36
4	7	5	-60
5	7	0	-80
6	7	5	-92
7	7	5	-104
8	7	5	-104
9	7	11	-104
10	7	0	-108
11	7	5	-48
12	7	11	-32
13	7	0	-12
14	7	0	8
15	7	122	20
16	7	123	36
17	7	5	52
18	7	4	68
19	7	5	76
20	7	5	76
21	7	4	80
22	7	5	76
23	7	0	68
24	7	5	56
25	7	124	44
26	7	125	36
27	7	126	28
28	7	127	24
29	7	50	24
30	7	50	28
31	7	128	36
32	7	0	44
33	7	17	60
34	7	87	72
35	7	81	80
36	7	81	80
37	7	88	72
38	7	129	56
39	7	130	40
40	7	131	16
41	7	19	8
42	7	132	8
43	7	101	12
44	7	133	20
45	7	134	32
46	7	134	40
47	7	134	44
48	7	134	48
49	7	134	48
50	7	134	48
51	7	134	52
52	7	134	56
53	7	135	56
54	7	0	56
55	7	4	56
56	7	5	64
57	7	32	76
58	7	33	80
59	7	87	76
60	7	136	64
61	7	137	52
62	7	138	44
63	7	64	32
64	7	20	36
65	7	65	36
66	7	139	44
67	7	140	44
68	7	4	32
69	7	141	32
70	7	30	36
71	7	20	40
72	7	20	60
73	7	24	76
74	7	25	76
75	7	26	76
76	7	20	64
77	7	20	44
78	7	18	28
79	7	20	32
80	7	20	32
81	7	20	28
82	7	19	28
83	7	19	28
84	7	20	32
85	7	19	32
86	7	18	32
87	7	18	40
88	7	20	36
89	7	20	28
90	7	142	24
91	7	143	24
92	7	144	16
93	7	20	12
94	7	18	24
95	7	19	24
96	7	19	32
97	7	18	40
98	7	18	44
99	7	20	52
100	7	19	64
101	7	19	72
102	7	19	72
103	7	18	64
104	7	19	56
105	7	18	48
106	7	20	72
107	7	19	76
108	7	18	56
109	7	18	64
110	7	18	72
111	7	19	60
112	7	20	56
113	7	20	52
114	7	19	52
115	7	19	40
116	7	20	52
117	7	18	40
118	7	20	28
119	7	18	16
120	7	20	16
121	7	11	12
122	7	11	16
123	7	4	12
124	7	5	8
125	7	74	4
126	7	95	4
127	7	96	4
128	7	96	0
0	8	96	0
1	8	97	0
2	8	75	-12
3	8	75	-40
4	8	76	-72
5	8	11	-92
6	8	11	-96
7	8	4	-104
8	8	5	-104
9	8	4	-104
10	8	145	-104
11	8	146	-104
12	8	146	-88
13	8	146	-28
14	8	147	-8
15	8	15	4
16	8	148	12
17	8	2	20
18	8	149	32
19	8	15	40
20	8	15	48
21	8	15	48
22	8	10	44
23	8	11	32
24	8	5	20
25	8	6	16
26	8	7	16
27	8	78	8
28	8	50	8
29	8	50	8
30	8	150	12
31	8	151	20
32	8	17	36
33	8	152	48
34	8	153	60
35	8	153	72
36	8	154	76
37	8	18	72
38	8	18	60
39	8	116	44
40	8	117	28
41	8	155	8
42	8	5	4
43	8	0	4
44	8	11	8
45	8	5	8
46	8	5	16
47	8	0	20
48	8	4	24
49	8	11	28
50	8	0	28
51	8	11	32
52	8	0	36
53	8	0	40
54	8	4	44
55	8	11	48
56	8	4	52
57	8	17	76
58	8	87	80
59	8	156	76
60	8	157	68
61	8	80	56
62	8	138	44
63	8	64	40
64	8	14	40
65	8	158	36
66	8	150	32
67	8	151	36
68	8	122	28
69	8	159	28
70	8	19	28
71	8	18	40
72	8	18	68
73	8	19	84
74	8	18	88
75	8	20	80
76	8	19	68
77	8	18	40
78	8	160	32
79	8	161	28
80	8	161	32
81	8	161	28
82	8	162	28
83	8	20	32
84	8	20	36
85	8	20	40
86	8	18	44
87	8	19	40
88	8	19	36
89	8	142	44
90	8	143	40
91	8	144	32
92	8	19	24
93	8	19	28
94	8	20	20
95	8	18	28
96	8	18	36
97	8	20	44
98	8	19	52
99	8	19	56
100	8	20	68
101	8	18	80
102	8	20	96
103	8	19	88
104	8	20	84
105	8	18	68
106	8	18	76
107	8	19	92
108	8	19	76
109	8	19	80
110	8	19	92
111	8	20	80
112	8	18	72
113	8	18	68
114	8	18	72
115	8	19	72
116	8	18	64
117	8	19	44
118	8	20	40
119	8	20	36
120	8	5	32
121	8	4	28
122	8	5	32
123	8	5	28
124	8	120	12
125	8	96	8
126	8	96	4
127	8	96	4
128	8	96	0
0	9	96	0
1	9	96	-4
2	9	96	-16
3	9	97	-44
4	9	75	-72
5	9	75	-92
6	9	76	-100
7	9	5	-104
8	9	5	-104
9	9	163	-104
10	9	164	-104
11	9	165	-104
12	9	166	-104
13	9	167	-100
14	9	19	-100
15	9	27	-96
16	9	7	-64
17	9	28	4
18	9	20	8
19	9	19	12
20	9	20	16
21	9	14	16
22	9	15	20
23	9	10	20
24	9	98	16
25	9	99	12
26	9	100	16
27	9	101	8
28	9	168	8
29	9	130	12
30	9	169	12
31	9	13	12
32	9	18	20
33	9	18	36
34	9	19	44
35	9	63	96
36	9	61	68
37	9	64	68
38	9	142	56
39	9	170	40
40	9	171	24
41	9	11	8
42	9	5	8
43	9	4	8
44	9	9	12
45	9	15	16
46	9	10	20
47	9	11	16
48	9	0	4
49	9	4	8
50	9	4	12
51	9	11	12
52	9	11	-28
53	9	4	-24
54	9	5	-24
55	9	4	-24
56	9	32	4
57	9	172	28
58	9	81	16
59	9	80	28
60	9	112	8
61	9	80	-4
62	9	138	40
63	9	61	36
64	9	173	36
65	9	50	32
66	9	128	36
67	9	11	32
68	9	17	28
69	9	20	28
70	9	19	28
71	9	18	40
72	9	18	64
73	9	21	80
74	9	22	84
75	9	23	76
76	9	160	56
77	9	174	36
78	9	175	32
79	9	176	32
80	9	177	32
81	9	178	32
82	9	162	32
83	9	18	32
84	9	20	40
85	9	18	44
86	9	18	48
87	9	19	44
88	9	179	52
89	9	180	64
90	9	181	64
91	9	47	60
92	9	33	52
93	9	18	44
94	9	19	32
95	9	18	36
96	9	19	48
97	9	18	56
98	9	19	64
99	9	19	88
100	9	19	84
101	9	20	76
102	9	18	84
103	9	18	84
104	9	19	84
105	9	18	96
106	9	19	108
107	9	20	116
108	9	20	92
109	9	20	104
110	9	20	128
111	9	18	108
112	9	19	88
113	9	19	80
114	9	20	92
115	9	18	84
116	9	19	72
117	9	18	72
118	9	19	68
119	9	4	68
120	9	11	48
121	9	4	44
122	9	11	32
123	9	120	24
124	9	96	12
125	9	96	8
126	9	96	0
127	9	96	4
128	9	96	0
0	10	96	0
1	10	96	-4
2	10	96	-16
3	10	96	-44
4	10	96	-72
5	10	97	-96
6	10	76	-100
7	10	5	-104
8	10	5	-104
9	10	0	-104
10	10	182	-104
11	10	183	-104
12	10	184	-104
13	10	47	-104
14	10	77	-104
15	10	7	-104
16	10	28	-96
17	10	19	-92
18	10	20	8
19	10	20	8
20	10	18	4
21	10	19	12
22	10	14	8
23	10	10	16
24	10	5	12
25	10	4	56
26	10	5	16
27	10	17	16
28	10	19	20
29	10	18	16
30	10	20	16
31	10	19	20
32	10	19	20
33	10	20	24
34	10	87	36
35	10	80	48
36	10	88	60
37	10	185	60
38	10	186	52
39	10	187	44
40	10	5	32
41	10	9	20
42	10	188	20
43	10	189	20
44	10	190	20
45	10	191	20
46	10	75	20
47	10	75	20
48	10	75	12
49	10	192	8
50	10	10	4
51	10	0	-40
52	10	4	-40
53	10	11	-72
54	10	4	-72
55	10	5	-72
56	10	193	-72
57	10	111	-72
58	10	111	-72
59	10	194	-72
60	10	153	-72
61	10	195	-12
62	10	111	-12
63	10	196	-12
64	10	50	32
65	10	128	28
66	10	5	28
67	10	17	20
68	10	19	28
69	10	160	32
70	10	162	28
71	10	21	40
72	10	197	68
73	10	7	84
74	10	28	84
75	10	198	72
76	10	199	60
77	10	80	40
78	10	200	36
79	10	177	36
80	10	177	28
81	10	201	20
82	10	20	24
83	10	18	24
84	10	65	36
85	10	47	40
86	10	33	44
87	10	16	48
88	10	5	56
89	10	0	60
90	10	4	60
91	10	32	56
92	10	47	68
93	10	33	60
94	10	18	48
95	10	18	40
96	10	18	48
97	10	65	64
98	10	47	88
99	10	33	112
100	10	20	104
101	10	20	88
102	10	20	88
103	10	20	92
104	10	20	92
105	10	20	96
106	10	20	108
107	10	20	120
108	10	19	100
109	10	18	112
110	10	18	140
111	10	19	128
112	10	20	112
113	10	18	104
114	10	20	100
115	10	18	88
116	10	18	84
117	10	20	88
118	10	0	80
119	10	5	60
120	10	5	48
121	10	0	36
122	10	120	24
123	10	96	16
124	10	96	12
125	10	96	12
126	10	96	8
127	10	96	4
128	10	96	0
0	11	96	0
1	11	96	-4
2	11	96	-16
3	11	96	-44
4	11	96	-72
5	11	97	-96
6	11	76	-100
7	11	0	-104
8	11	5	-104
9	11	163	-104
10	11	164	-104
11	11	202	-104
12	11	11	-104
13	11	98	-104
14	11	99	-104
15	11	203	-104
16	11	19	-104
17	11	65	-104
18	11	47	-92
19	11	47	8
20	11	47	4
21	11	47	8
22	11	204	12
23	11	0	12
24	11	4	12
25	11	5	16
26	11	17	20
27	11	20	20
28	11	20	20
29	11	21	20
30	11	22	16
31	11	22	20
32	11	23	20
33	11	152	20
34	11	153	20
35	11	154	28
36	11	65	32
37	11	204	40
38	11	5	40
39	11	9	36
40	11	13	24
41	11	205	16
42	11	206	16
43	11	96	16
44	11	96	16
45	11	96	20
46	11	96	20
47	11	96	24
48	11	207	20
49	11	191	16
50	11	192	-32
51	11	10	-36
52	11	4	-72
53	11	0	-72
54	11	9	-72
55	11	208	-72
56	11	209	-72
57	11	209	-72
58	11	210	-72
59	11	20	-72
60	11	152	-72
61	11	211	-72
62	11	212	-72
63	11	213	-8
64	11	214	-12
65	11	5	28
66	11	141	28
67	11	30	28
68	11	198	28
69	11	178	32
70	11	215	32
71	11	7	40
72	11	216	64
73	11	26	84
74	11	198	88
75	11	217	80
76	11	218	64
77	11	219	44
78	11	220	32
79	11	220	40
80	11	221	24
81	11	20	16
82	11	65	20
83	11	204	68
84	11	0	36
85	11	32	44
86	11	204	48
87	11	5	52
88	11	4	56
89	11	4	56
90	11	11	56
91	11	0	60
92	11	32	64
93	11	47	64
94	11	47	60
95	11	47	56
96	11	204	48
97	11	0	72
98	11	32	96
99	11	47	108
100	11	47	104
101	11	33	104
102	11	20	108
103	11	18	112
104	11	20	104
105	11	18	108
106	11	20	116
107	11	18	120
108	11	18	112
109	11	19	128
110	11	18	144
111	11	18	136
112	11	18	132
113	11	19	124
114	11	20	104
115	11	19	100
116	11	18	84
117	11	11	84
118	11	11	76
119	11	11	64
120	11	0	48
121	11	222	36
122	11	223	24
123	11	96	20
124	11	96	16
125	11	96	16
126	11	96	12
127	11	96	8
128	11	96	0
0	12	96	0
1	12	96	0
2	12	96	-8
3	12	96	-40
4	12	96	-76
5	12	97	-96
6	12	76	-100
7	12	4	-104
8	12	4	-104
9	12	4	-104
10	12	5	-104
11	12	11	-104
12	12	5	-104
13	12	4	-104
14	12	32	-104
15	12	47	-104
16	12	204	-104
17	12	5	-104
18	12	5	-96
19	12	5	-92
20	12	4	4
21	12	11	8
22	12	0	8
23	12	5	16
24	12	11	16
25	12	32	20
26	12	47	20
27	12	33	20
28	12	27	20
29	12	7	16
30	12	7	20
31	12	28	20
32	12	20	20
33	12	19	20
34	12	65	20
35	12	204	20
36	12	5	16
37	12	4	24
38	12	17	24
39	12	224	20
40	12	225	20
41	12	96	20
42	12	96	20
43	12	96	20
44	12	96	20
45	12	96	16
46	12	96	20
47	12	96	20
48	12	96	20
49	12	207	-24
50	12	226	-24
51	12	4	-72
52	12	4	-72
53	12	17	-72
54	12	27	-72
55	12	7	-72
56	12	7	-72
57	12	28	-72
58	12	20	-72
59	12	19	-72
60	12	55	-72
61	12	50	-72
62	12	128	-72
63	12	0	-72
64	12	11	-16
65	12	227	32
66	12	43	24
67	12	198	28
68	12	177	28
69	12	228	28
70	12	25	36
71	12	26	44
72	12	18	72
73	12	198	88
74	12	177	92
75	12	201	80
76	12	20	64
77	12	18	40
78	12	20	40
79	12	19	36
80	12	65	28
81	12	204	24
82	12	5	20
83	12	5	28
84	12	5	40
85	12	0	48
86	12	5	56
87	12	4	56
88	12	4	60
89	12	4	60
90	12	5	60
91	12	5	60
92	12	0	68
93	12	4	68
94	12	0	80
95	12	4	84
96	12	5	76
97	12	11	72
98	12	0	100
99	12	11	136
100	12	32	120
101	12	47	108
102	12	47	108
103	12	47	120
104	12	33	108
105	12	20	116
106	12	20	128
107	12	20	124
108	12	20	120
109	12	20	140
110	12	229	140
111	12	230	140
112	12	18	140
113	12	19	124
114	12	19	108
115	12	18	104
116	12	0	96
117	12	11	96
118	12	11	88
119	12	4	72
120	12	11	68
121	12	222	48
122	12	223	36
123	12	96	36
124	12	96	28
125	12	96	20
126	12	96	12
127	12	96	8
128	12	96	0
0	13	96	0
1	13	96	0
2	13	96	-4
3	13	96	-40
4	13	96	-72
5	13	97	-96
6	13	75	-100
7	13	75	-104
8	13	76	-104
9	13	4	-104
10	13	11	-104
11	13	4	-104
12	13	5	-104
13	13	0	-104
14	13	4	-104
15	13	5	-104
16	13	4	-104
17	13	5	-104
18	13	9	-104
19	13	15	-100
20	13	15	-92
21	13	15	-80
22	13	15	8
23	13	15	12
24	13	10	12
25	13	4	16
26	13	32	16
27	13	77	20
28	13	7	16
29	13	7	-24
30	13	28	-28
31	13	19	-24
32	13	65	-24
33	13	204	-28
34	13	0	-24
35	13	11	-24
36	13	9	-24
37	13	231	-24
38	13	225	-24
39	13	96	-24
40	13	96	20
41	13	96	20
42	13	96	60
43	13	96	20
44	13	96	16
45	13	232	20
46	13	233	20
47	13	96	20
48	13	96	-24
49	13	234	-24
50	13	10	-72
51	13	0	-72
52	13	32	-72
53	13	235	-72
54	13	99	-72
55	13	236	-72
56	13	26	-72
57	13	20	-72
58	13	34	-72
59	13	49	-72
60	13	50	-72
61	13	128	-72
62	13	11	-72
63	13	0	-72
64	13	17	-16
65	13	19	28
66	13	198	32
67	13	237	32
68	13	221	68
69	13	18	32
70	13	18	32
71	13	18	52
72	13	238	72
73	13	220	92
74	13	221	92
75	13	19	84
76	13	18	68
77	13	65	48
78	13	47	44
79	13	204	40
80	13	4	36
81	13	11	36
82	13	0	36
83	13	5	36
84	13	4	48
85	13	0	52
86	13	11	60
87	13	4	64
88	13	11	64
89	13	5	72
90	13	4	72
91	13	4	72
92	13	11	76
93	13	239	76
94	13	240	108
95	13	0	128
96	13	0	132
97	13	0	116
98	13	11	148
99	13	0	172
100	13	4	184
101	13	0	156
102	13	0	152
103	13	32	144
104	13	33	148
105	13	20	172
106	13	19	176
107	13	20	164
108	13	229	160
109	13	241	180
110	13	242	168
111	13	230	156
112	13	18	140
113	13	18	132
114	13	20	132
115	13	11	124
116	13	4	116
117	13	0	120
118	13	11	100
119	13	4	92
120	13	5	92
121	13	222	72
122	13	223	56
123	13	96	52
124	13	96	44
125	13	96	36
126	13	96	20
127	13	96	16
128	13	96	0
0	14	96	0
1	14	96	0
2	14	96	-4
3	14	96	-12
4	14	96	-28
5	14	96	-92
6	14	96	-104
7	14	97	-104
8	14	76	-104
9	14	0	-104
10	14	11	-104
11	14	5	-104
12	14	11	-104
13	14	4	-104
14	14	4	-104
15	14	74	-104
16	14	75	-104
17	14	243	-104
18	14	190	-104
19	14	190	-104
20	14	190	-104
21	14	190	-96
22	14	190	-84
23	14	191	-80
24	14	76	12
25	14	11	16
26	14	98	16
27	14	99	-32
28	14	236	-28
29	14	26	-28
30	14	65	-72
31	14	204	-72
32	14	0	-72
33	14	5	-72
34	14	239	-72
35	14	189	-72
36	14	225	-72
37	14	96	-72
38	14	96	-72
39	14	96	-24
40	14	96	-24
41	14	96	-24
42	14	244	20
43	14	245	24
44	14	246	24
45	14	206	20
46	14	96	20
47	14	96	-24
48	14	247	-24
49	14	16	-72
50	14	4	-72
51	14	5	-72
52	14	5	-72
53	14	5	-72
54	14	32	-72
55	14	33	-72
56	14	18	-72
57	14	55	-72
58	14	50	-72
59	14	50	-72
60	14	128	-72
61	14	0	-72
62	14	5	-72
63	14	17	-72
64	14	160	-16
65	14	248	28
66	14	221	32
67	14	20	32
68	14	18	32
69	14	20	32
70	14	18	40
71	14	20	56
72	14	18	88
73	14	19	96
74	14	65	92
75	14	47	88
76	14	204	68
77	14	5	60
78	14	5	60
79	14	11	56
80	14	11	48
81	14	11	48
82	14	4	52
83	14	4	56
84	14	11	60
85	14	0	60
86	14	9	68
87	14	15	64
88	14	10	72
89	14	11	80
90	14	0	88
91	14	11	92
92	14	122	92
93	14	123	120
94	14	4	148
95	14	11	168
96	14	5	184
97	14	4	196
98	14	5	188
99	14	5	208
100	14	11	236
101	14	5	244
102	14	11	232
103	14	32	228
104	14	33	228
105	14	44	232
106	14	45	236
107	14	249	212
108	14	250	192
109	14	251	224
110	14	167	224
111	14	19	212
112	14	20	180
113	14	18	156
114	14	10	156
115	14	11	164
116	14	4	144
117	14	11	124
118	14	4	116
119	14	4	116
120	14	0	96
121	14	222	76
122	14	223	56
123	14	96	56
124	14	96	52
125	14	96	44
126	14	96	36
127	14	96	24
128	14	96	0
0	15	96	0
1	15	96	0
2	15	96	0
3	15	96	-4
4	15	96	-12
5	15	96	-36
6	15	96	-100
7	15	97	-104
8	15	75	-104
9	15	76	-104
10	15	0	-104
11	15	11	-104
12	15	11	-104
13	15	74	-104
14	15	95	-104
15	15	96	-104
16	15	96	-104
17	15	96	-104
18	15	96	-104
19	15	96	-104
20	15	96	-104
21	15	96	-104
22	15	96	-104
23	15	97	-96
24	15	76	-80
25	15	11	-56
26	15	0	-100
27	15	32	-88
28	15	47	-76
29	15	204	-72
30	15	5	-72
31	15	4	-72
32	15	9	-72
33	15	252	-72
34	15	206	-72
35	15	96	-72
36	15	96	-72
37	15	96	-72
38	15	96	-72
39	15	253	-72
40	15	254	-72
41	15	255	-24
42	15	256	-24
43	15	245	24
44	15	96	24
45	15	96	24
46	15	96	-24
47	15	257	-24
48	15	258	-72
49	15	0	-72
50	15	0	-72
51	15	5	-72
52	15	5	-72
53	15	5	-72
54	15	17	-72
55	15	18	-72
56	15	55	-72
57	15	50	-72
58	15	50	-72
59	15	128	-72
60	15	259	-72
61	15	260	-72
62	15	261	-72
63	15	262	-72
64	15	263	-16
65	15	161	-12
66	15	162	28
67	15	19	28
68	15	19	36
69	15	19	40
70	15	19	48
71	15	65	64
72	15	47	88
73	15	204	100
74	15	4	96
75	15	4	88
76	15	4	76
77	15	5	68
78	15	0	72
79	15	239	72
80	15	240	64
81	15	0	60
82	15	5	64
83	15	11	68
84	15	11	64
85	15	32	68
86	15	47	68
87	15	204	72
88	15	11	76
89	15	4	84
90	15	5	100
91	15	5	100
92	15	11	112
93	15	5	144
94	15	11	180
95	15	4	196
96	15	11	204
97	15	5	228
98	15	5	228
99	15	4	240
100	15	239	252
101	15	240	264
102	15	4	260
103	15	17	268
104	15	89	260
105	15	90	268
106	15	71	264
107	15	69	244
108	15	264	244
109	15	265	264
110	15	19	256
111	15	20	252
112	15	20	244
113	15	14	212
114	15	15	204
115	15	15	176
116	15	15	148
117	15	10	124
118	15	4	112
119	15	4	96
120	15	4	80
121	15	222	76
122	15	223	52
123	15	96	40
124	15	96	36
125	15	96	28
126	15	96	24
127	15	96	16
128	15	96	0
0	16	96	0
1	16	96	0
2	16	96	4
3	16	96	4
4	16	96	0
5	16	96	-12
6	16	96	-96
7	16	96	-100
8	16	97	-104
9	16	75	-104
10	16	75	-104
11	16	75	-104
12	16	95	-104
13	16	96	-104
14	16	96	-104
15	16	96	-104
16	16	96	-104
17	16	96	-104
18	16	96	-104
19	16	96	-104
20	16	96	-104
21	16	96	-104
22	16	96	-104
23	16	97	-104
24	16	192	-104
25	16	10	-100
26	16	11	-104
27	16	5	-104
28	16	0	-92
29	16	9	-76
30	16	15	-72
31	16	231	-72
32	16	225	-72
33	16	96	-72
34	16	96	-72
35	16	96	-72
36	16	96	-72
37	16	232	-72
38	16	266	-72
39	16	11	-72
40	16	32	-72
41	16	47	-72
42	16	267	-16
43	16	245	-16
44	16	96	24
45	16	96	-24
46	16	246	-24
47	16	268	-72
48	16	10	-72
49	16	11	-72
50	16	11	-72
51	16	4	-72
52	16	0	-72
53	16	32	-72
54	16	33	-72
55	16	55	-72
56	16	50	-72
57	16	50	-24
58	16	150	-72
59	16	269	-72
60	16	81	-72
61	16	81	-72
62	16	112	-72
63	16	200	-72
64	16	177	-68
65	16	270	-8
66	16	47	28
67	16	47	32
68	16	47	32
69	16	47	40
70	16	204	48
71	16	5	68
72	16	4	96
73	16	4	92
74	16	11	104
75	16	0	92
76	16	5	84
77	16	11	76
78	16	122	84
79	16	271	76
80	16	10	76
81	16	4	80
82	16	5	80
83	16	11	84
84	16	5	88
85	16	11	84
86	16	0	96
87	16	239	100
88	16	272	92
89	16	272	88
90	16	272	92
91	16	272	108
92	16	272	132
93	16	272	164
94	16	240	196
95	16	5	212
96	16	0	228
97	16	0	228
98	16	5	220
99	16	122	236
100	16	123	256
101	16	11	268
102	16	32	268
103	16	47	276
104	16	33	280
105	16	273	280
106	16	69	296
107	16	274	280
108	16	46	288
109	16	19	296
110	16	18	292
111	16	18	280
112	16	19	276
113	16	18	256
114	16	20	212
115	16	19	184
116	16	14	164
117	16	10	156
118	16	5	116
119	16	4	84
120	16	0	76
121	16	222	68
122	16	223	56
123	16	96	40
124	16	96	36
125	16	96	28
126	16	96	16
127	16	96	12
128	16	96	0
0	17	96	0
1	17	96	4
2	17	96	4
3	17	96	0
4	17	96	4
5	17	96	4
6	17	96	-4
7	17	96	-96
8	17	96	-96
9	17	96	-104
10	17	96	-104
11	17	96	-104
12	17	96	-104
13	17	96	-104
14	17	96	-104
15	17	96	-104
16	17	96	-104
17	17	96	-104
18	17	96	-104
19	17	96	-104
20	17	96	-104
21	17	96	-104
22	17	96	-104
23	17	207	-104
24	17	275	-104
25	17	15	-104
26	17	15	-104
27	17	15	-104
28	17	276	-104
29	17	22	-88
30	17	277	-76
31	17	96	-72
32	17	96	-72
33	17	96	-72
34	17	96	-72
35	17	244	-72
36	17	278	-72
37	17	123	-72
38	17	0	-72
39	17	5	-72
40	17	11	-72
41	17	32	-72
42	17	279	-72
43	17	96	-16
44	17	96	-16
45	17	96	-24
46	17	247	-72
47	17	16	-72
48	17	5	-72
49	17	11	-72
50	17	0	-72
51	17	5	-72
52	17	5	-72
53	17	17	-72
54	17	129	-72
55	17	280	-72
56	17	126	-24
57	17	127	-24
58	17	281	-24
59	17	282	-72
60	17	137	-72
61	17	111	-72
62	17	283	-72
63	17	284	-72
64	17	285	-68
65	17	5	-24
66	17	5	32
67	17	11	32
68	17	4	28
69	17	4	40
70	17	4	44
71	17	4	68
72	17	5	88
73	17	4	92
74	17	4	96
75	17	4	92
76	17	0	80
77	17	5	80
78	17	32	80
79	17	204	80
80	17	11	76
81	17	4	88
82	17	0	84
83	17	0	80
84	17	0	80
85	17	5	84
86	17	286	88
87	17	287	92
88	17	287	92
89	17	288	92
90	17	289	96
91	17	289	108
92	17	290	116
93	17	123	144
94	17	4	84
95	17	5	175.63176
96	17	0	175.63176
97	17	5	175.63176
98	17	4	175.63176
99	17	5	224
100	17	11	244
101	17	5	264
102	17	11	268
103	17	32	288
104	17	291	300
105	17	69	234.399597
106	17	69	88
107	17	72	88
108	17	20	88
109	17	20	88
110	17	19	300
111	17	18	292
112	17	20	88
113	17	292	88
114	17	293	220
115	17	293	176
116	17	294	172
117	17	10	156
118	17	5	136
119	17	5	104
120	17	0	80
121	17	222	76
122	17	223	64
123	17	96	52
124	17	96	32
125	17	96	24
126	17	96	20
127	17	96	12
128	17	96	0
0	18	96	0
1	18	96	4
2	18	96	4
3	18	96	0
4	18	96	4
5	18	96	4
6	18	96	4
7	18	96	0
8	18	96	-92
9	18	96	-96
10	18	96	-104
11	18	96	-104
12	18	253	-104
13	18	254	-104
14	18	254	-104
15	18	254	-104
16	18	254	-104
17	18	295	-104
18	18	296	-104
19	18	233	-104
20	18	96	-104
21	18	96	-104
22	18	96	-104
23	18	207	-104
24	18	190	-104
25	18	190	-104
26	18	190	-104
27	18	297	-104
28	18	7	-104
29	18	298	-100
30	18	96	-88
31	18	96	-76
32	18	96	-72
33	18	96	-72
34	18	299	-72
35	18	204	-72
36	18	11	-72
37	18	9	-72
38	18	10	-72
39	18	4	-72
40	18	11	-72
41	18	120	-72
42	18	96	-72
43	18	96	-72
44	18	96	-72
45	18	257	-72
46	18	31	-72
47	18	10	-72
48	18	11	-72
49	18	5	-72
50	18	4	-72
51	18	4	-72
52	18	17	-72
53	18	19	-72
54	18	27	-72
55	18	7	-16
56	18	300	-16
57	18	301	32
58	18	302	-16
59	18	303	-72
60	18	134	-72
61	18	135	-72
62	18	11	-72
63	18	5	-72
64	18	4	-68
65	18	11	-24
66	18	11	-16
67	18	5	28
68	18	4	32
69	18	11	36
70	18	5	36
71	18	9	64
72	18	15	72
73	18	15	76
74	18	10	80
75	18	5	76
76	18	0	68
77	18	0	68
78	18	0	72
79	18	5	68
80	18	4	68
81	18	11	64
82	18	239	60
83	18	304	60
84	18	75	60
85	18	305	76
86	18	289	76
87	18	289	64
88	18	206	28
89	18	96	-28
90	18	96	-36
91	18	97	-28
92	18	75	-12
93	18	75	16
94	18	75	84
95	18	75	175.63176
96	18	75	145.775864
97	18	76	186.431702
98	18	4	124.655899
99	18	0	132
100	18	0	196
101	18	0	88
102	18	0	88
103	18	306	88
104	18	69	88
105	18	69	88
106	18	72	88
107	18	18	88
108	18	20	88
109	18	20	88
110	18	18	88
111	18	19	88
112	18	307	88
113	18	308	88
114	18	308	88
115	18	309	88
116	18	14	204
117	18	10	188
118	18	4	164
119	18	11	136
120	18	11	100
121	18	222	84
122	18	254	76
123	18	223	56
124	18	96	36
125	18	96	20
126	18	96	20
127	18	96	16
128	18	96	0
0	19	96	0
1	19	96	4
2	19	96	4
3	19	96	4
4	19	96	4
5	19	96	4
6	19	96	4
7	19	96	4
8	19	96	4
9	19	96	-64
10	19	96	-92
11	19	121	-96
12	19	11	-104
13	19	0	-104
14	19	11	-104
15	19	0	-104
16	19	17	-104
17	19	42	-104
18	19	310	-104
19	19	96	-104
20	19	96	-104
21	19	96	-104
22	19	96	-104
23	19	96	-104
24	19	96	-104
25	19	96	-104
26	19	311	-104
27	19	7	-104
28	19	298	-104
29	19	96	-104
30	19	232	-100
31	19	312	-80
32	19	313	-72
33	19	314	-72
34	19	4	-72
35	19	0	-72
36	19	17	-72
37	19	16	-72
38	19	4	-72
39	19	0	-72
40	19	315	-72
41	19	233	-72
42	19	96	-72
43	19	96	-72
44	19	246	-72
45	19	316	-72
46	19	275	-28
47	19	10	-72
48	19	5	-72
49	19	9	-72
50	19	10	-72
51	19	32	-72
52	19	47	-72
53	19	77	-72
54	19	7	-16
55	19	8	-16
56	19	4	28
57	19	11	24
58	19	11	-16
59	19	5	-72
60	19	4	-72
61	19	0	-72
62	19	11	-72
63	19	5	-72
64	19	74	-72
65	19	75	-68
66	19	75	-24
67	19	317	-12
68	19	304	28
69	19	75	36
70	19	243	36
71	19	190	44
72	19	190	56
73	19	191	64
74	19	75	96
75	19	75	60
76	19	75	56
77	19	75	56
78	19	75	60
79	19	75	68
80	19	75	56
81	19	305	56
82	19	318	60
83	19	254	-8
84	19	254	-32
85	19	223	-32
86	19	232	-48
87	19	233	-28
88	19	96	-28
89	19	96	-36
90	19	253	-44
91	19	254	-40
92	19	295	-32
93	19	319	-4
94	19	254	28
95	19	223	48
96	19	121	56
97	19	4	60
98	19	0	76
99	19	5	88
100	19	5	88
101	19	0	88
102	19	306	88
103	19	69	88
104	19	69	88
105	19	72	88
106	19	18	88
107	19	20	72.183975
108	19	19	72.183975
109	19	20	88
110	19	18	88
111	19	307	88
112	19	308	88
113	19	308	88
114	19	309	88
115	19	19	88
116	19	14	88
117	19	15	192
118	19	10	164
119	19	4	144
120	19	11	120
121	19	11	84
122	19	222	64
123	19	223	44
124	19	96	36
125	19	96	28
126	19	96	20
127	19	96	16
128	19	96	0
0	20	96	0
1	20	96	4
2	20	96	4
3	20	96	4
4	20	96	44
5	20	96	4
6	20	96	4
7	20	96	4
8	20	96	4
9	20	96	4
10	20	121	4
11	20	0	-92
12	20	5	-96
13	20	11	-100
14	20	5	-104
15	20	17	-104
16	20	20	-104
17	20	256	-104
18	20	245	-104
19	20	96	-104
20	20	96	-104
21	20	96	-104
22	20	96	-104
23	20	96	-104
24	20	96	-104
25	20	320	-104
26	20	321	-104
27	20	322	-104
28	20	96	-104
29	20	323	-104
30	20	324	-92
31	20	128	-48
32	20	4	-32
33	20	325	-24
34	20	326	-24
35	20	327	-16
36	20	140	-16
37	20	11	-72
38	20	5	-72
39	20	227	-72
40	20	310	-72
41	20	96	-72
42	20	96	-72
43	20	96	-72
44	20	96	-72
45	20	247	-72
46	20	16	-72
47	20	0	-72
48	20	17	-72
49	20	16	-72
50	20	11	-72
51	20	0	-72
52	20	98	-72
53	20	99	-12
54	20	328	-12
55	20	11	28
56	20	5	32
57	20	5	28
58	20	11	-16
59	20	5	-72
60	20	9	-72
61	20	329	-72
62	20	75	-72
63	20	95	-72
64	20	96	-72
65	20	96	-72
66	20	246	-64
67	20	206	-24
68	20	96	20
69	20	96	36
70	20	96	36
71	20	96	32
72	20	96	40
73	20	96	48
74	20	96	52
75	20	96	44
76	20	96	48
77	20	96	48
78	20	253	48
79	20	254	48
80	20	254	40
81	20	314	4
82	20	5	-52
83	20	239	-52
84	20	330	-60
85	20	331	-60
86	20	332	-60
87	20	96	-64
88	20	232	-60
89	20	333	-56
90	20	240	-56
91	20	17	-56
92	20	16	-44
93	20	4	-28
94	20	120	4
95	20	121	20
96	20	0	40
97	20	11	56
98	20	11	92
99	20	0	88
100	20	9	88
101	20	334	88
102	20	69	88
103	20	69	88
104	20	72	88
105	20	19	88
106	20	18	88
107	20	19	72.183975
108	20	19	72.183975
109	20	20	88
110	20	335	88
111	20	336	88
112	20	336	88
113	20	337	88
114	20	20	88
115	20	20	88
116	20	65	88
117	20	204	188
118	20	5	160
119	20	5	140
120	20	0	120
121	20	11	80
122	20	222	64
123	20	223	48
124	20	96	40
125	20	96	28
126	20	96	24
127	20	96	20
128	20	96	0
0	21	96	0
1	21	96	4
2	21	96	4
3	21	96	4
4	21	96	4
5	21	96	4
6	21	96	4
7	21	96	4
8	21	96	4
9	21	97	4
10	21	76	4
11	21	0	4
12	21	0	0
13	21	325	-96
14	21	327	-100
15	21	105	-104
16	21	47	-104
17	21	267	-104
18	21	296	-104
19	21	233	-104
20	21	96	-104
21	21	96	-104
22	21	96	-104
23	21	96	-104
24	21	96	-104
25	21	96	-104
26	21	244	-104
27	21	338	-104
28	21	278	-104
29	21	339	-104
30	21	214	-104
31	21	1	-84
32	21	340	12
33	21	126	20
34	21	127	20
35	21	128	24
36	21	11	-24
37	21	0	-72
38	21	17	-72
39	21	341	-72
40	21	96	-72
41	21	96	-72
42	21	96	-72
43	21	96	-72
44	21	247	-72
45	21	16	-72
46	21	11	-72
47	21	32	-72
48	21	204	-72
49	21	0	-72
50	21	0	-72
51	21	11	-72
52	21	4	-12
53	21	5	-12
54	21	5	32
55	21	4	28
56	21	0	32
57	21	0	32
58	21	74	-12
59	21	243	-12
60	21	225	-72
61	21	96	-72
62	21	96	-72
63	21	96	-72
64	21	96	-72
65	21	96	-72
66	21	96	-72
67	21	96	-24
68	21	96	20
69	21	96	32
70	21	96	32
71	21	96	32
72	21	96	28
73	21	96	32
74	21	96	40
75	21	232	36
76	21	342	36
77	21	314	36
78	21	4	44
79	21	11	-12
80	21	9	-48
81	21	15	-48
82	21	343	-60
83	21	344	-68
84	21	345	-68
85	21	346	-72
86	21	347	-72
87	21	331	-72
88	21	348	-72
89	21	349	-68
90	21	13	-68
91	21	16	-64
92	21	74	-52
93	21	95	-36
94	21	121	-12
95	21	11	8
96	21	4	32
97	21	11	56
98	21	11	56
99	21	32	88
100	21	291	88
101	21	69	88
102	21	70	88
103	21	93	244
104	21	19	248
105	21	19	234.399597
106	21	20	88
107	21	18	88
108	21	19	88
109	21	19	88
110	21	20	268
111	21	34	280
112	21	35	236
113	21	35	208
114	21	38	88
115	21	14	88
116	21	10	88
117	21	0	176
118	21	11	152
119	21	11	156
120	21	11	124
121	21	11	84
122	21	222	68
123	21	223	48
124	21	96	44
125	21	96	32
126	21	96	24
127	21	96	16
128	21	96	0
0	22	96	0
1	22	96	4
2	22	96	4
3	22	96	4
4	22	96	4
5	22	96	4
6	22	96	4
7	22	96	4
8	22	96	4
9	22	121	4
10	22	0	4
11	22	0	4
12	22	350	4
13	22	50	0
14	22	150	-96
15	22	151	-100
16	22	32	-104
17	22	302	-104
18	22	351	-104
19	22	223	-104
20	22	96	-104
21	22	96	-104
22	22	96	-104
23	22	96	-104
24	22	244	-104
25	22	352	-104
26	22	65	-104
27	22	204	-104
28	22	325	-104
29	22	326	-104
30	22	353	-104
31	22	7	-100
32	22	7	-92
33	22	78	16
34	22	128	20
35	22	4	24
36	22	5	-24
37	22	17	-24
38	22	341	-72
39	22	96	-72
40	22	96	-72
41	22	96	-72
42	22	96	-72
43	22	257	-72
44	22	31	-72
45	22	15	-72
46	22	10	-72
47	22	5	-72
48	22	5	-72
49	22	5	-72
50	22	5	-72
51	22	11	-24
52	22	9	-12
53	22	15	28
54	22	15	28
55	22	329	28
56	22	75	32
57	22	95	32
58	22	96	28
59	22	96	-16
60	22	96	-72
61	22	96	-72
62	22	96	-72
63	22	96	-72
64	22	96	-72
65	22	96	-72
66	22	96	-72
67	22	96	-16
68	22	96	-24
69	22	96	28
70	22	253	32
71	22	254	32
72	22	354	28
73	22	347	32
74	22	355	32
75	22	356	36
76	22	11	-4
77	22	11	-28
78	22	4	-60
79	22	32	-52
80	22	47	-64
81	22	204	-64
82	22	122	-68
83	22	357	-72
84	22	357	-72
85	22	357	-72
86	22	358	-72
87	22	43	-72
88	22	19	-72
89	22	19	-72
90	22	16	-68
91	22	120	-68
92	22	96	-52
93	22	97	-40
94	22	76	-24
95	22	5	-4
96	22	11	36
97	22	11	60
98	22	5	120
99	22	359	188
100	22	360	200
101	22	72	228
102	22	18	268
103	22	19	304
104	22	18	308
105	22	20	234.399597
106	22	20	88
107	22	19	88
108	22	18	88
109	22	34	88
110	22	49	312
111	22	106	296
112	22	130	256
113	22	131	212
114	22	20	128
115	22	16	88
116	22	9	88
117	22	10	80
118	22	11	136
119	22	4	136
120	22	4	100
121	22	4	84
122	22	222	76
123	22	223	68
124	22	96	60
125	22	96	44
126	22	96	20
127	22	96	16
128	22	96	0
0	23	96	0
1	23	96	4
2	23	96	4
3	23	96	4
4	23	96	4
5	23	96	4
6	23	96	4
7	23	96	4
8	23	121	4
9	23	5	4
10	23	5	4
11	23	350	4
12	23	50	4
13	23	50	4
14	23	128	-4
15	23	5	-100
16	23	0	-100
17	23	0	-104
18	23	222	-104
19	23	295	-104
20	23	338	-104
21	23	338	-104
22	23	338	-104
23	23	361	-104
24	23	47	-104
25	23	204	-104
26	23	325	-104
27	23	362	-104
28	23	363	-104
29	23	58	-104
30	23	7	-104
31	23	7	-104
32	23	300	-100
33	23	214	4
34	23	0	16
35	23	11	20
36	23	17	20
37	23	341	-24
38	23	364	-24
39	23	365	-24
40	23	365	-72
41	23	366	-72
42	23	246	-72
43	23	316	-72
44	23	367	-72
45	23	14	-72
46	23	188	-72
47	23	304	-72
48	23	75	-72
49	23	75	-24
50	23	75	-16
51	23	243	-16
52	23	190	28
53	23	190	28
54	23	225	68
55	23	96	28
56	23	96	28
57	23	96	32
58	23	96	-12
59	23	96	-12
60	23	96	-72
61	23	96	-72
62	23	96	-72
63	23	96	-72
64	23	96	-72
65	23	253	-72
66	23	254	-72
67	23	254	-72
68	23	254	-24
69	23	314	-44
70	23	11	-72
71	23	227	-80
72	23	368	-80
73	23	369	-80
74	23	204	-80
75	23	4	-80
76	23	5	-76
77	23	239	-72
78	23	240	-72
79	23	5	-72
80	23	5	-72
81	23	0	-72
82	23	5	-72
83	23	0	-72
84	23	4	-72
85	23	32	-72
86	23	47	-72
87	23	370	-72
88	23	45	-72
89	23	371	-68
90	23	222	-60
91	23	223	-52
92	23	96	-40
93	23	97	-24
94	23	75	-24
95	23	76	-4
96	23	11	32
97	23	4	100
98	23	4	168
99	23	372	184
100	23	93	204
101	23	20	236
102	23	18	272
103	23	19	304
104	23	18	316
105	23	20	332
106	23	20	324
107	23	34	320
108	23	49	328
109	23	106	352
110	23	131	352
111	23	20	300
112	23	19	260
113	23	19	212
114	23	14	60
115	23	373	28
116	23	374	12
117	23	10	16
118	23	5	16
119	23	4	-4
120	23	0	96
121	23	11	96
122	23	222	96
123	23	223	80
124	23	96	60
125	23	96	44
126	23	96	24
127	23	96	16
128	23	96	0
0	24	96	0
1	24	96	4
2	24	96	4
3	24	96	4
4	24	96	4
5	24	96	4
6	24	96	4
7	24	121	4
8	24	11	4
9	24	0	4
10	24	124	4
11	24	104	4
12	24	50	0
13	24	150	4
14	24	151	8
15	24	5	0
16	24	0	-100
17	24	11	-100
18	24	32	-104
19	24	47	-104
20	24	47	-104
21	24	47	-104
22	24	204	-104
23	24	325	-104
24	24	326	-104
25	24	375	-104
26	24	56	-104
27	24	57	-104
28	24	376	-104
29	24	99	-104
30	24	99	-104
31	24	328	-104
32	24	11	-100
33	24	0	-16
34	24	9	8
35	24	231	12
36	24	377	20
37	24	378	20
38	24	7	20
39	24	7	-24
40	24	298	-28
41	24	96	-28
42	24	96	-72
43	24	207	-72
44	24	190	-72
45	24	379	-72
46	24	206	-72
47	24	96	-72
48	24	96	-24
49	24	96	-24
50	24	364	24
51	24	365	24
52	24	365	24
53	24	366	24
54	24	96	28
55	24	96	28
56	24	96	-12
57	24	232	-12
58	24	342	-12
59	24	254	-72
60	24	254	-72
61	24	254	-72
62	24	254	-72
63	24	254	-72
64	24	314	-72
65	24	11	-72
66	24	4	-72
67	24	5	-72
68	24	4	-76
69	24	4	-72
70	24	380	-72
71	24	61	-72
72	24	381	-72
73	24	0	-72
74	24	4	-72
75	24	4	-72
76	24	122	-72
77	24	123	-72
78	24	4	-72
79	24	0	-72
80	24	382	-72
81	24	383	-72
82	24	0	-72
83	24	4	-72
84	24	11	-72
85	24	11	-64
86	24	359	-60
87	24	360	-56
88	24	384	-56
89	24	4	-44
90	24	222	-28
91	24	223	-20
92	24	96	-32
93	24	96	28
94	24	121	116
95	24	5	120
96	24	11	128
97	24	4	152
98	24	17	168
99	24	19	168
100	24	18	196
101	24	20	220
102	24	19	260
103	24	18	292
104	24	18	320
105	24	18	336
106	24	55	344
107	24	106	332
108	24	131	328
109	24	21	340
110	24	22	336
111	24	22	296
112	24	23	260
113	24	20	208
114	24	14	44
115	24	13	20
116	24	14	-4
117	24	10	-8
118	24	0	-12
119	24	11	8
120	24	0	40
121	24	4	96
122	24	120	88
123	24	96	72
124	24	96	48
125	24	96	36
126	24	96	20
127	24	96	16
128	24	96	0
0	25	96	0
1	25	96	4
2	25	96	4
3	25	96	4
4	25	96	4
5	25	96	4
6	25	97	4
7	25	76	4
8	25	11	4
9	25	0	4
10	25	385	4
11	25	386	4
12	25	387	4
13	25	388	8
14	25	389	12
15	25	151	12
16	25	11	-4
17	25	11	-100
18	25	4	-100
19	25	5	-104
20	25	325	-104
21	25	326	-104
22	25	375	-104
23	25	50	-104
24	25	50	-104
25	25	213	-104
26	25	101	-104
27	25	214	-104
28	25	11	-104
29	25	5	-104
30	25	9	-104
31	25	188	-104
32	25	272	-100
33	25	189	-32
34	25	225	-20
35	25	311	4
36	25	7	12
37	25	7	12
38	25	7	8
39	25	298	8
40	25	96	16
41	25	96	-32
42	25	96	-32
43	25	96	-24
44	25	96	-24
45	25	96	-24
46	25	96	-24
47	25	96	-24
48	25	96	-24
49	25	311	20
50	25	7	20
51	25	7	20
52	25	298	28
53	25	96	28
54	25	96	-16
55	25	244	-16
56	25	278	-16
57	25	123	-72
58	25	11	-72
59	25	0	-72
60	25	0	-72
61	25	11	-72
62	25	11	-28
63	25	5	-28
64	25	4	-72
65	25	0	-72
66	25	259	-72
67	25	260	-72
68	25	260	-72
69	25	390	-72
70	25	112	-72
71	25	113	-72
72	25	4	-72
73	25	5	-72
74	25	5	-72
75	25	4	-72
76	25	5	-72
77	25	5	-72
78	25	5	-72
79	25	359	-72
80	25	391	-72
81	25	239	-72
82	25	240	-72
83	25	4	-68
84	25	0	-68
85	25	5	-48
86	25	359	-12
87	25	392	36
88	25	10	-12
89	25	0	-4
90	25	120	36
91	25	96	108
92	25	96	104
93	25	97	104
94	25	76	120
95	25	5	132
96	25	4	124
97	25	17	128
98	25	21	144
99	25	22	152
100	25	22	172
101	25	23	216
102	25	20	248
103	25	19	272
104	25	19	316
105	25	129	332
106	25	131	320
107	25	18	308
108	25	27	300
109	25	7	320
110	25	7	324
111	25	28	284
112	25	20	252
113	25	19	204
114	25	65	48
115	25	33	12
116	25	14	-12
117	25	10	-20
118	25	5	-28
119	25	0	-16
120	25	4	-24
121	25	222	80
122	25	223	68
123	25	96	44
124	25	96	32
125	25	96	20
126	25	96	16
127	25	96	12
128	25	96	0
0	26	96	0
1	26	96	4
2	26	96	4
3	26	96	4
4	26	96	4
5	26	96	4
6	26	97	4
7	26	75	4
8	26	76	4
9	26	32	4
10	26	393	4
11	26	394	4
12	26	7	16
13	26	78	16
14	26	150	16
15	26	395	16
16	26	2	12
17	26	2	-8
18	26	396	-100
19	26	397	-100
20	26	398	-104
21	26	50	-104
22	26	213	-104
23	26	101	-104
24	26	214	-104
25	26	5	-104
26	26	9	-104
27	26	15	-104
28	26	15	-104
29	26	231	-104
30	26	379	-104
31	26	289	-104
32	26	206	-104
33	26	96	-100
34	26	311	-32
35	26	7	-12
36	26	7	0
37	26	7	8
38	26	298	4
39	26	96	4
40	26	96	8
41	26	96	8
42	26	96	12
43	26	96	12
44	26	96	12
45	26	96	12
46	26	96	16
47	26	96	20
48	26	311	16
49	26	7	16
50	26	399	20
51	26	400	-28
52	26	244	-24
53	26	319	-24
54	26	401	-24
55	26	204	-72
56	26	0	-72
57	26	5	-72
58	26	382	-72
59	26	383	-72
60	26	402	-72
61	26	403	-72
62	26	404	16
63	26	240	-28
64	26	259	-72
65	26	390	-72
66	26	111	-72
67	26	80	-72
68	26	81	-72
69	26	405	-72
70	26	406	-72
71	26	407	-72
72	26	408	-72
73	26	5	-72
74	26	11	-72
75	26	0	-72
76	26	5	-28
77	26	11	-72
78	26	5	-72
79	26	0	-72
80	26	122	-72
81	26	123	-72
82	26	0	-76
83	26	5	8
84	26	11	60
85	26	11	64
86	26	32	68
87	26	204	76
88	26	0	76
89	26	222	88
90	26	223	100
91	26	96	112
92	26	96	108
93	26	97	108
94	26	76	108
95	26	4	104
96	26	32	108
97	26	409	112
98	26	410	120
99	26	411	136
100	26	28	156
101	26	18	196
102	26	20	236
103	26	18	260
104	26	20	292
105	26	19	296
106	26	19	284
107	26	27	288
108	26	7	292
109	26	7	312
110	26	28	296
111	26	20	264
112	26	20	228
113	26	412	184
114	26	413	96
115	26	18	12
116	26	14	4
117	26	15	-20
118	26	10	-40
119	26	0	-28
120	26	4	-20
121	26	222	16
122	26	223	40
123	26	96	36
124	26	96	32
125	26	96	60
126	26	96	16
127	26	96	8
128	26	96	0
0	27	96	0
1	27	96	4
2	27	96	4
3	27	96	4
4	27	96	4
5	27	96	4
6	27	96	4
7	27	97	44
8	27	75	4
9	27	76	4
10	27	6	4
11	27	7	4
12	27	78	20
13	27	50	16
14	27	58	20
15	27	7	20
16	27	7	20
17	27	414	12
18	27	143	-4
19	27	415	-100
20	27	213	-100
21	27	214	-104
22	27	4	-104
23	27	9	-104
24	27	15	-104
25	27	231	-104
26	27	190	-104
27	27	190	-104
28	27	225	-104
29	27	96	-104
30	27	96	-104
31	27	96	-104
32	27	96	-104
33	27	320	-104
34	27	321	-104
35	27	321	-100
36	27	416	-8
37	27	417	4
38	27	254	48
39	27	254	4
40	27	254	8
41	27	354	4
42	27	233	8
43	27	96	8
44	27	96	12
45	27	96	12
46	27	96	12
47	27	320	16
48	27	321	16
49	27	418	20
50	27	419	-28
51	27	401	-24
52	27	204	-72
53	27	5	-72
54	27	0	-72
55	27	9	-72
56	27	420	-72
57	27	421	-72
58	27	384	-72
59	27	422	-72
60	27	423	-72
61	27	424	-72
62	27	123	-72
63	27	193	-72
64	27	80	-72
65	27	80	-72
66	27	112	-72
67	27	80	-72
68	27	425	-72
69	27	426	-72
70	27	427	-72
71	27	171	-72
72	27	0	-72
73	27	4	-72
74	27	11	-72
75	27	239	-72
76	27	240	-72
77	27	11	-72
78	27	239	-72
79	27	240	-72
80	27	4	-76
81	27	4	-56
82	27	0	16
83	27	11	52
84	27	11	52
85	27	11	60
86	27	11	60
87	27	4	68
88	27	11	68
89	27	120	80
90	27	96	84
91	27	96	88
92	27	96	92
93	27	121	96
94	27	0	92
95	27	4	96
96	27	428	96
97	27	220	100
98	27	429	100
99	27	26	124
100	27	19	140
101	27	18	168
102	27	18	204
103	27	19	236
104	27	18	248
105	27	19	248
106	27	24	228
107	27	25	256
108	27	108	264
109	27	430	256
110	27	38	252
111	27	34	220
112	27	49	188
113	27	431	168
114	27	65	160
115	27	432	132
116	27	22	8
117	27	433	-28
118	27	3	-44
119	27	11	-48
120	27	4	-36
121	27	222	-24
122	27	223	44
123	27	96	36
124	27	96	28
125	27	96	20
126	27	96	8
127	27	96	8
128	27	96	0
0	28	96	0
1	28	96	4
2	28	96	4
3	28	96	4
4	28	96	4
5	28	96	4
6	28	96	4
7	28	96	4
8	28	121	4
9	28	98	4
10	28	99	4
11	28	100	8
12	28	104	20
13	28	51	24
14	28	434	24
15	28	7	28
16	28	435	28
17	28	180	20
18	28	436	8
19	28	214	-8
20	28	5	-100
21	28	9	-100
22	28	437	-104
23	28	438	-104
24	28	225	-104
25	28	96	-104
26	28	96	-104
27	28	96	-104
28	28	96	-104
29	28	96	-104
30	28	96	-104
31	28	96	-104
32	28	96	-104
33	28	244	-104
34	28	338	-104
35	28	278	-100
36	28	123	-100
37	28	11	-4
38	28	11	4
39	28	5	4
40	28	122	4
41	28	439	4
42	28	338	4
43	28	338	48
44	28	319	8
45	28	254	8
46	28	254	12
47	28	254	12
48	28	401	12
49	28	204	-32
50	28	5	-28
51	28	5	-72
52	28	9	-72
53	28	15	-72
54	28	440	-72
55	28	66	-72
56	28	69	-72
57	28	384	-72
58	28	11	-72
59	28	11	-72
60	28	402	-72
61	28	441	-72
62	28	442	-72
63	28	153	-72
64	28	195	-72
65	28	112	-72
66	28	111	-72
67	28	81	-76
68	28	443	-72
69	28	186	-72
70	28	187	-72
71	28	5	-72
72	28	0	-72
73	28	0	-72
74	28	122	-72
75	28	444	-72
76	28	260	-72
77	28	445	-72
78	28	123	-76
79	28	11	-60
80	28	0	16
81	28	239	56
82	28	240	52
83	28	0	48
84	28	5	52
85	28	4	56
86	28	9	60
87	28	10	68
88	28	120	72
89	28	96	76
90	28	96	76
91	28	96	76
92	28	121	76
93	28	0	80
94	28	5	76
95	28	17	76
96	28	19	84
97	28	20	80
98	28	18	96
99	28	18	108
100	28	19	124
101	28	18	128
102	28	20	152
103	28	18	180
104	28	18	184
105	28	20	172
106	28	20	196
107	28	55	224
108	28	106	204
109	28	446	188
110	28	447	184
111	28	130	172
112	28	131	168
113	28	16	164
114	28	6	148
115	28	7	108
116	28	7	20
117	28	448	-28
118	28	3	-52
119	28	0	-52
120	28	5	-40
121	28	222	-32
122	28	223	44
123	28	96	32
124	28	96	28
125	28	96	24
126	28	96	16
127	28	96	8
128	28	96	0
0	29	96	0
1	29	96	4
2	29	96	4
3	29	96	4
4	29	96	4
5	29	96	4
6	29	96	4
7	29	97	4
8	29	76	4
9	29	0	4
10	29	5	4
11	29	124	12
12	29	101	28
13	29	449	28
14	29	99	28
15	29	328	28
16	29	11	28
17	29	4	24
18	29	9	20
19	29	15	12
20	29	437	-8
21	29	450	-100
22	29	332	-100
23	29	96	-104
24	29	96	-104
25	29	96	-104
26	29	96	-104
27	29	96	-104
28	29	96	-104
29	29	96	-104
30	29	244	-104
31	29	338	-104
32	29	361	-104
33	29	47	-104
34	29	204	-104
35	29	11	-104
36	29	5	-104
37	29	0	-96
38	29	5	0
39	29	4	4
40	29	32	4
41	29	47	4
42	29	47	4
43	29	204	4
44	29	5	12
45	29	0	12
46	29	5	8
47	29	5	-36
48	29	0	-36
49	29	9	-32
50	29	15	-72
51	29	13	-72
52	29	20	-72
53	29	273	-72
54	29	69	-72
55	29	69	-72
56	29	451	-72
57	29	452	-72
58	29	10	-72
59	29	422	-72
60	29	453	-72
61	29	454	-72
62	29	455	-72
63	29	456	-72
64	29	457	-24
65	29	458	-24
66	29	112	-16
67	29	459	-24
68	29	460	-80
69	29	461	-80
70	29	4	-76
71	29	4	-72
72	29	11	-76
73	29	5	-80
74	29	193	-80
75	29	112	-72
76	29	113	-64
77	29	4	-36
78	29	5	16
79	29	4	52
80	29	122	52
81	29	123	56
82	29	0	56
83	29	11	48
84	29	4	48
85	29	17	60
86	29	16	56
87	29	222	52
88	29	223	56
89	29	96	68
90	29	96	68
91	29	121	68
92	29	11	72
93	29	11	64
94	29	32	64
95	29	33	64
96	29	19	72
97	29	20	76
98	29	18	92
99	29	18	88
100	29	19	96
101	29	18	108
102	29	19	124
103	29	18	128
104	29	19	108
105	29	19	88
106	29	129	136
107	29	446	164
108	29	447	136
109	29	131	132
110	29	18	136
111	29	18	144
112	29	14	140
113	29	462	144
114	29	7	144
115	29	7	40
116	29	463	8
117	29	328	-32
118	29	5	-56
119	29	0	-52
120	29	0	-44
121	29	222	-28
122	29	223	36
123	29	96	28
124	29	96	32
125	29	96	28
126	29	96	28
127	29	96	20
128	29	96	0
0	30	96	0
1	30	96	4
2	30	96	4
3	30	96	4
4	30	96	4
5	30	96	4
6	30	96	4
7	30	97	4
8	30	76	4
9	30	11	4
10	30	11	4
11	30	5	16
12	30	4	32
13	30	0	32
14	30	0	36
15	30	5	36
16	30	9	72
17	30	231	68
18	30	190	20
19	30	379	24
20	30	289	12
21	30	206	-12
22	30	96	-100
23	30	96	-100
24	30	96	-104
25	30	244	-104
26	30	296	-104
27	30	464	-104
28	30	338	-104
29	30	361	-104
30	30	47	-104
31	30	204	-104
32	30	4	-104
33	30	0	-104
34	30	32	-104
35	30	204	-104
36	30	11	-104
37	30	11	-104
38	30	0	-96
39	30	4	-84
40	30	5	4
41	30	0	4
42	30	9	8
43	30	465	8
44	30	466	8
45	30	466	-36
46	30	466	-36
47	30	467	-40
48	30	13	-72
49	30	20	-72
50	30	18	-72
51	30	18	-72
52	30	273	-72
53	30	69	-72
54	30	468	-72
55	30	469	-72
56	30	431	-72
57	30	14	-72
58	30	15	-72
59	30	15	-72
60	30	462	-72
61	30	470	-72
62	30	471	-24
63	30	8	-24
64	30	193	-24
65	30	111	28
66	30	472	28
67	30	176	28
68	30	473	32
69	30	474	36
70	30	260	-12
71	30	475	-8
72	30	11	4
73	30	193	44
74	30	80	48
75	30	113	52
76	30	11	48
77	30	11	52
78	30	5	48
79	30	11	52
80	30	0	56
81	30	0	60
82	30	11	56
83	30	0	44
84	30	17	48
85	30	14	48
86	30	10	56
87	30	120	56
88	30	96	60
89	30	96	56
90	30	97	60
91	30	76	60
92	30	11	56
93	30	5	56
94	30	32	52
95	30	33	52
96	30	20	56
97	30	18	68
98	30	19	76
99	30	19	80
100	30	18	80
101	30	20	92
102	30	18	100
103	30	292	92
104	30	476	60
105	30	18	56
106	30	129	108
107	30	446	132
108	30	38	104
109	30	20	104
110	30	18	100
111	30	20	108
112	30	24	124
113	30	25	124
114	30	25	120
115	30	477	68
116	30	474	-8
117	30	260	-36
118	30	260	-52
119	30	475	-56
120	30	4	-56
121	30	222	-36
122	30	223	16
123	30	96	12
124	30	96	16
125	30	96	8
126	30	96	8
127	30	96	8
128	30	96	0
0	31	96	0
1	31	96	0
2	31	96	4
3	31	96	4
4	31	96	4
5	31	96	4
6	31	96	4
7	31	97	4
8	31	75	4
9	31	76	4
10	31	9	4
11	31	15	20
12	31	15	32
13	31	15	36
14	31	15	36
15	31	231	36
16	31	225	32
17	31	96	28
18	31	96	24
19	31	96	20
20	31	96	16
21	31	96	8
22	31	96	-12
23	31	244	-100
24	31	352	-104
25	31	42	-104
26	31	369	-104
27	31	47	-104
28	31	204	-104
29	31	4	-104
30	31	11	-104
31	31	0	-104
32	31	4	-104
33	31	11	-104
34	31	0	-104
35	31	5	-104
36	31	11	-104
37	31	5	-104
38	31	478	-104
39	31	466	-92
40	31	466	-84
41	31	479	-64
42	31	480	-64
43	31	481	-60
44	31	284	-52
45	31	482	-40
46	31	178	-72
47	31	162	-72
48	31	18	-72
49	31	44	-72
50	31	45	-72
51	31	66	-72
52	31	468	-72
53	31	469	-72
54	31	50	-72
55	31	431	-72
56	31	20	-72
57	31	20	-72
58	31	18	-72
59	31	483	-72
60	31	411	-24
61	31	484	-24
62	31	485	-24
63	31	390	24
64	31	80	24
65	31	80	32
66	31	200	28
67	31	178	32
68	31	486	36
69	31	111	32
70	31	113	32
71	31	5	44
72	31	487	44
73	31	134	40
74	31	135	44
75	31	11	48
76	31	11	48
77	31	5	48
78	31	0	48
79	31	0	56
80	31	11	64
81	31	11	72
82	31	5	76
83	31	32	68
84	31	33	56
85	31	16	48
86	31	120	48
87	31	96	52
88	31	96	52
89	31	96	52
90	31	121	52
91	31	4	56
92	31	11	92
93	31	5	48
94	31	32	52
95	31	47	52
96	31	33	52
97	31	20	48
98	31	20	56
99	31	18	72
100	31	20	76
101	31	292	76
102	31	488	76
103	31	489	72
104	31	490	60
105	31	20	72
106	31	129	108
107	31	131	104
108	31	18	80
109	31	19	92
110	31	18	92
111	31	20	104
112	31	20	116
113	31	63	108
114	31	61	108
115	31	114	76
116	31	112	-4
117	31	111	-36
118	31	113	-52
119	31	0	-64
120	31	5	-60
121	31	222	-60
122	31	223	-32
123	31	96	8
124	31	96	4
125	31	96	4
126	31	96	4
127	31	96	4
128	31	96	0
0	32	96	0
1	32	96	0
2	32	96	4
3	32	96	4
4	32	96	4
5	32	96	4
6	32	96	4
7	32	96	4
8	32	97	4
9	32	243	4
10	32	190	4
11	32	190	16
12	32	190	36
13	32	190	36
14	32	225	36
15	32	96	36
16	32	96	28
17	32	96	28
18	32	96	28
19	32	96	24
20	32	96	20
21	32	244	16
22	32	352	0
23	32	65	-100
24	32	47	-100
25	32	204	-104
26	32	11	-104
27	32	0	-104
28	32	0	-104
29	32	1	-104
30	32	2	-104
31	32	2	-104
32	32	3	-104
33	32	11	-104
34	32	9	-104
35	32	13	-104
36	32	19	-104
37	32	491	-104
38	32	284	-104
39	32	284	-104
40	32	284	-104
41	32	284	-104
42	32	492	-104
43	32	493	-104
44	32	494	-104
45	32	495	-92
46	32	221	-80
47	32	18	-72
48	32	273	-72
49	32	69	-72
50	32	69	-72
51	32	496	-72
52	32	497	-72
53	32	50	-72
54	32	431	-72
55	32	19	-72
56	32	18	-72
57	32	19	-24
58	32	238	-16
59	32	498	-24
60	32	499	-24
61	32	500	24
62	32	112	24
63	32	194	20
64	32	501	28
65	32	502	28
66	32	177	28
67	32	503	32
68	32	195	32
69	32	425	32
70	32	260	36
71	32	260	36
72	32	475	40
73	32	5	44
74	32	4	44
75	32	4	44
76	32	4	48
77	32	5	48
78	32	11	48
79	32	0	60
80	32	0	80
81	32	11	88
82	32	11	88
83	32	17	88
84	32	16	68
85	32	120	52
86	32	96	44
87	32	96	52
88	32	96	56
89	32	97	56
90	32	76	56
91	32	11	56
92	32	11	52
93	32	0	48
94	32	11	52
95	32	17	52
96	32	20	44
97	32	20	48
98	32	18	48
99	32	20	68
100	32	335	72
101	32	504	76
102	32	505	92
103	32	506	88
104	32	19	60
105	32	19	88
106	32	21	96
107	32	22	88
108	32	23	60
109	32	18	76
110	32	34	84
111	32	507	88
112	32	114	84
113	32	111	96
114	32	112	116
115	32	111	116
116	32	81	-20
117	32	113	-48
118	32	0	-64
119	32	0	-68
120	32	5	-68
121	32	222	-64
122	32	223	-64
123	32	96	-36
124	32	96	4
125	32	96	4
126	32	96	4
127	32	96	4
128	32	96	0
0	33	96	0
1	33	96	4
2	33	96	4
3	33	96	4
4	33	96	4
5	33	96	4
6	33	96	44
7	33	96	4
8	33	96	4
9	33	96	4
10	33	96	4
11	33	96	12
12	33	96	32
13	33	96	40
14	33	96	36
15	33	96	24
16	33	96	32
17	33	96	32
18	33	96	28
19	33	96	20
20	33	247	20
21	33	65	20
22	33	204	8
23	33	11	0
24	33	11	-100
25	33	5	-100
26	33	4	-104
27	33	4	-104
28	33	6	-104
29	33	7	-104
30	33	7	-104
31	33	8	-104
32	33	4	-104
33	33	17	-104
34	33	18	-104
35	33	19	-104
36	33	18	-104
37	33	19	-104
38	33	16	-104
39	33	4	-104
40	33	5	-104
41	33	122	-104
42	33	508	-104
43	33	258	-104
44	33	17	-104
45	33	19	-104
46	33	18	-92
47	33	273	-76
48	33	69	-72
49	33	69	-72
50	33	69	-72
51	33	509	-72
52	33	130	-72
53	33	131	-72
54	33	20	-72
55	33	21	-24
56	33	22	-28
57	33	23	-24
58	33	142	24
59	33	170	24
60	33	510	20
61	33	153	20
62	33	511	20
63	33	66	20
64	33	512	20
65	33	513	24
66	33	514	24
67	33	114	28
68	33	81	28
69	33	80	32
70	33	80	32
71	33	113	32
72	33	5	40
73	33	0	40
74	33	382	40
75	33	515	40
76	33	15	48
77	33	15	40
78	33	15	40
79	33	15	56
80	33	516	80
81	33	517	92
82	33	518	100
83	33	519	108
84	33	520	96
85	33	96	64
86	33	96	52
87	33	96	52
88	33	96	52
89	33	121	56
90	33	4	52
91	33	5	60
92	33	11	60
93	33	0	60
94	33	17	56
95	33	19	48
96	33	18	52
97	33	18	52
98	33	65	56
99	33	47	56
100	33	521	60
101	33	522	76
102	33	20	92
103	33	19	84
104	33	18	80
105	33	27	100
106	33	7	92
107	33	28	92
108	33	20	84
109	33	129	88
110	33	523	88
111	33	112	80
112	33	112	76
113	33	194	76
114	33	153	76
115	33	153	84
116	33	524	-44
117	33	4	-60
118	33	5	-68
119	33	11	-72
120	33	0	-72
121	33	120	-68
122	33	96	-68
123	33	96	-60
124	33	96	8
125	33	96	8
126	33	96	8
127	33	96	4
128	33	96	0
0	34	96	0
1	34	96	4
2	34	96	4
3	34	96	4
4	34	96	4
5	34	96	4
6	34	96	4
7	34	96	4
8	34	96	4
9	34	96	4
10	34	96	4
11	34	96	4
12	34	96	24
13	34	96	36
14	34	96	36
15	34	96	36
16	34	244	28
17	34	338	20
18	34	319	20
19	34	401	20
20	34	204	16
21	34	5	16
22	34	4	12
23	34	0	4
24	34	4	-12
25	34	5	-100
26	34	5	-104
27	34	6	-104
28	34	7	-104
29	34	7	-104
30	34	525	-104
31	34	15	-104
32	34	13	-104
33	34	18	-104
34	34	18	-104
35	34	19	-104
36	34	19	-104
37	34	19	-104
38	34	14	-104
39	34	15	-104
40	34	10	-104
41	34	122	-104
42	34	123	-104
43	34	17	-104
44	34	18	-104
45	34	19	-104
46	34	526	-104
47	34	527	-92
48	34	528	-76
49	34	69	-72
50	34	72	-72
51	34	18	-72
52	34	20	-72
53	34	20	-72
54	34	27	-72
55	34	7	-24
56	34	28	20
57	34	185	20
58	34	529	20
59	34	530	20
60	34	20	20
61	34	273	20
62	34	69	20
63	34	531	60
64	34	369	20
65	34	172	24
66	34	112	20
67	34	81	4
68	34	112	-20
69	34	111	28
70	34	532	28
71	34	474	32
72	34	260	36
73	34	533	32
74	34	72	36
75	34	20	40
76	34	19	40
77	34	18	44
78	34	20	40
79	34	534	52
80	34	535	76
81	34	536	92
82	34	537	108
83	34	538	112
84	34	223	108
85	34	96	88
86	34	96	72
87	34	96	56
88	34	97	56
89	34	76	52
90	34	0	64
91	34	11	68
92	34	0	68
93	34	17	64
94	34	20	56
95	34	19	60
96	34	18	68
97	34	16	64
98	34	0	56
99	34	32	56
100	34	33	64
101	34	65	72
102	34	33	84
103	34	19	76
104	34	27	76
105	34	7	88
106	34	28	84
107	34	19	80
108	34	63	80
109	34	114	104
110	34	80	84
111	34	111	84
112	34	539	88
113	34	47	76
114	34	47	56
115	34	204	56
116	34	11	-40
117	34	11	-52
118	34	11	-68
119	34	0	-72
120	34	222	-72
121	34	223	-72
122	34	96	-68
123	34	96	-56
124	34	96	-40
125	34	96	8
126	34	96	4
127	34	96	8
128	34	96	0
0	35	96	0
1	35	96	4
2	35	96	4
3	35	96	4
4	35	96	4
5	35	96	4
6	35	96	4
7	35	96	4
8	35	96	4
9	35	96	4
10	35	96	4
11	35	96	4
12	35	253	48
13	35	254	24
14	35	254	28
15	35	255	24
16	35	65	24
17	35	204	20
18	35	0	20
19	35	5	20
20	35	4	16
21	35	5	12
22	35	11	8
23	35	4	8
24	35	0	-4
25	35	9	-20
26	35	540	-100
27	35	25	-104
28	35	25	-104
29	35	26	-104
30	35	18	-104
31	35	18	-104
32	35	19	-104
33	35	18	-104
34	35	44	-104
35	35	45	-104
36	35	45	-104
37	35	46	-104
38	35	18	-104
39	35	14	-104
40	35	15	-104
41	35	15	-104
42	35	373	-104
43	35	47	-104
44	35	47	-104
45	35	172	-104
46	35	81	-104
47	35	541	-104
48	35	542	-88
49	35	543	-76
50	35	544	-72
51	35	47	-72
52	35	47	-72
53	35	77	-24
54	35	7	-24
55	35	28	-24
56	35	19	20
57	35	20	20
58	35	19	20
59	35	18	20
60	35	273	20
61	35	69	20
62	35	72	20
63	35	16	28
64	35	487	28
65	35	458	36
66	35	80	40
67	35	80	44
68	35	81	40
69	35	138	36
70	35	114	40
71	35	81	36
72	35	545	36
73	35	72	36
74	35	19	36
75	35	19	32
76	35	19	36
77	35	65	32
78	35	546	32
79	35	547	36
80	35	548	60
81	35	549	88
82	35	550	100
83	35	222	108
84	35	223	108
85	35	96	96
86	35	96	76
87	35	96	64
88	35	121	56
89	35	5	92
90	35	11	56
91	35	4	64
92	35	17	72
93	35	18	72
94	35	20	80
95	35	19	76
96	35	16	68
97	35	325	60
98	35	452	56
99	35	13	60
100	35	14	64
101	35	13	72
102	35	18	72
103	35	24	64
104	35	25	60
105	35	551	76
106	35	61	80
107	35	114	68
108	35	111	76
109	35	405	104
110	35	134	76
111	35	135	72
112	35	4	80
113	35	5	64
114	35	0	52
115	35	0	52
116	35	4	8
117	35	0	-52
118	35	0	-64
119	35	4	-72
120	35	120	-72
121	35	96	-72
122	35	96	-72
123	35	96	-72
124	35	96	-60
125	35	96	4
126	35	96	8
127	35	96	8
128	35	96	0
0	36	96	0
1	36	96	4
2	36	96	4
3	36	96	4
4	36	96	4
5	36	96	4
6	36	96	4
7	36	96	4
8	36	96	4
9	36	96	4
10	36	96	4
11	36	121	4
12	36	0	4
13	36	4	16
14	36	32	24
15	36	204	20
16	36	4	20
17	36	4	20
18	36	1	16
19	36	2	16
20	36	552	12
21	36	383	8
22	36	239	8
23	36	240	4
24	36	17	4
25	36	20	-4
26	36	20	-24
27	36	18	-100
28	36	19	-104
29	36	18	-104
30	36	20	-104
31	36	19	-104
32	36	44	-104
33	36	66	-104
34	36	69	-104
35	36	69	-104
36	36	553	-104
37	36	105	-104
38	36	47	-104
39	36	47	-104
40	36	47	-104
41	36	204	-104
42	36	11	-104
43	36	4	-104
44	36	487	-104
45	36	134	-104
46	36	135	-104
47	36	4	-104
48	36	359	-100
49	36	391	-88
50	36	5	-76
51	36	0	-24
52	36	98	-24
53	36	99	-24
54	36	554	20
55	36	33	20
56	36	20	20
57	36	19	20
58	36	20	20
59	36	273	20
60	36	468	20
61	36	555	20
62	36	556	28
63	36	474	36
64	36	390	48
65	36	111	60
66	36	81	64
67	36	81	68
68	36	81	68
69	36	557	64
70	36	558	60
71	36	559	56
72	36	560	56
73	36	47	52
74	36	47	84
75	36	47	40
76	36	204	36
77	36	0	32
78	36	11	32
79	36	4	28
80	36	561	44
81	36	562	68
82	36	563	88
83	36	120	104
84	36	96	100
85	36	96	92
86	36	96	80
87	36	121	64
88	36	5	56
89	36	5	60
90	36	4	56
91	36	17	64
92	36	18	64
93	36	20	72
94	36	19	72
95	36	16	72
96	36	350	72
97	36	54	72
98	36	35	60
99	36	35	60
100	36	507	56
101	36	61	68
102	36	61	64
103	36	61	56
104	36	114	60
105	36	81	72
106	36	80	68
107	36	111	56
108	36	113	56
109	36	0	80
110	36	0	84
111	36	5	72
112	36	0	80
113	36	0	68
114	36	11	48
115	36	5	44
116	36	1	44
117	36	2	-16
118	36	3	-68
119	36	222	-72
120	36	223	-72
121	36	96	-72
122	36	96	-72
123	36	96	-72
124	36	96	-84
125	36	96	12
126	36	96	8
127	36	96	4
128	36	96	0
0	37	96	0
1	37	96	4
2	37	96	4
3	37	96	4
4	37	96	4
5	37	96	4
6	37	96	4
7	37	96	4
8	37	253	4
9	37	254	4
10	37	314	4
11	37	5	4
12	37	4	4
13	37	4	4
14	37	5	20
15	37	4	24
16	37	11	16
17	37	6	16
18	37	7	16
19	37	94	8
20	37	384	8
21	37	122	8
22	37	123	8
23	37	17	4
24	37	20	4
25	37	18	4
26	37	18	-8
27	37	34	-100
28	37	35	-100
29	37	35	-104
30	37	35	-104
31	37	564	-104
32	37	69	-104
33	37	69	-104
34	37	69	-104
35	37	565	-104
36	37	214	-104
37	37	5	-104
38	37	5	-104
39	37	5	-104
40	37	0	-104
41	37	4	-104
42	37	5	-104
43	37	5	-104
44	37	0	-104
45	37	11	-104
46	37	11	-104
47	37	11	-104
48	37	0	-104
49	37	0	-48
50	37	0	-36
51	37	0	-28
52	37	4	20
53	37	0	20
54	37	32	20
55	37	47	20
56	37	47	20
57	37	33	20
58	37	273	20
59	37	496	20
60	37	566	20
61	37	567	28
62	37	114	44
63	37	81	60
64	37	81	72
65	37	194	76
66	37	153	80
67	37	568	84
68	37	569	84
69	37	570	80
70	37	571	80
71	37	572	80
72	37	0	72
73	37	5	68
74	37	11	60
75	37	4	48
76	37	5	40
77	37	5	32
78	37	11	28
79	37	573	28
80	37	574	28
81	37	575	36
82	37	120	60
83	37	96	80
84	37	96	88
85	37	96	84
86	37	121	72
87	37	11	64
88	37	5	60
89	37	0	60
90	37	17	64
91	37	20	64
92	37	19	72
93	37	19	72
94	37	16	72
95	37	385	80
96	37	130	72
97	37	130	60
98	37	130	60
99	37	523	52
100	37	81	56
101	37	112	68
102	37	80	56
103	37	81	44
104	37	194	60
105	37	576	60
106	37	134	48
107	37	135	52
108	37	4	56
109	37	1	68
110	37	2	76
111	37	3	68
112	37	11	64
113	37	5	64
114	37	1	44
115	37	12	40
116	37	7	44
117	37	8	48
118	37	5	-24
119	37	222	-72
120	37	223	-72
121	37	96	-72
122	37	96	-72
123	37	96	-72
124	37	96	-76
125	37	96	16
126	37	96	12
127	37	96	8
128	37	96	0
0	38	96	0
1	38	96	4
2	38	96	4
3	38	96	4
4	38	96	4
5	38	96	4
6	38	96	4
7	38	121	4
8	38	0	4
9	38	5	4
10	38	4	4
11	38	5	4
12	38	11	4
13	38	9	4
14	38	577	12
15	38	151	16
16	38	6	16
17	38	7	12
18	38	578	12
19	38	579	8
20	38	15	8
21	38	15	8
22	38	13	4
23	38	18	4
24	38	19	4
25	38	34	4
26	38	49	0
27	38	50	-8
28	38	50	-100
29	38	50	-104
30	38	580	-104
31	38	581	-104
32	38	582	-104
33	38	582	-104
34	38	391	-104
35	38	5	-104
36	38	0	-104
37	38	0	-104
38	38	5	-104
39	38	382	-104
40	38	515	-104
41	38	10	-104
42	38	5	-104
43	38	4	-104
44	38	0	-104
45	38	4	-100
46	38	5	-96
47	38	0	-64
48	38	0	-52
49	38	5	-48
50	38	4	20
51	38	4	20
52	38	11	20
53	38	4	20
54	38	5	20
55	38	11	60
56	38	32	20
57	38	583	20
58	38	527	20
59	38	584	20
60	38	80	32
61	38	80	48
62	38	111	68
63	38	194	80
64	38	585	88
65	38	586	92
66	38	480	92
67	38	587	92
68	38	588	92
69	38	589	88
70	38	391	88
71	38	0	84
72	38	11	64
73	38	11	76
74	38	0	72
75	38	4	52
76	38	0	44
77	38	4	36
78	38	11	32
79	38	4	28
80	38	74	28
81	38	95	32
82	38	96	44
83	38	96	56
84	38	96	64
85	38	121	68
86	38	0	68
87	38	11	60
88	38	11	56
89	38	17	60
90	38	18	64
91	38	19	68
92	38	20	76
93	38	14	76
94	38	13	72
95	38	20	72
96	38	19	64
97	38	19	56
98	38	87	52
99	38	80	48
100	38	81	52
101	38	194	56
102	38	153	48
103	38	154	48
104	38	16	60
105	38	11	44
106	38	5	48
107	38	1	48
108	38	12	52
109	38	7	56
110	38	8	60
111	38	4	68
112	38	0	60
113	38	98	44
114	38	99	32
115	38	590	36
116	38	8	44
117	38	0	44
118	38	4	16
119	38	120	-72
120	38	96	-72
121	38	96	-72
122	38	96	-72
123	38	96	-72
124	38	96	-76
125	38	96	12
126	38	96	8
127	38	96	12
128	38	96	0
0	39	96	0
1	39	96	0
2	39	96	4
3	39	96	4
4	39	96	4
5	39	96	4
6	39	97	4
7	39	76	4
8	39	5	4
9	39	11	4
10	39	0	4
11	39	5	4
12	39	591	4
13	39	592	4
14	39	593	4
15	39	540	12
16	39	25	12
17	39	26	4
18	39	20	8
19	39	20	4
20	39	34	4
21	39	35	4
22	39	35	4
23	39	35	4
24	39	49	4
25	39	50	44
26	39	213	4
27	39	101	4
28	39	101	-96
29	39	101	-100
30	39	214	-104
31	39	11	-104
32	39	4	-104
33	39	11	-104
34	39	4	-104
35	39	0	-104
36	39	11	-104
37	39	0	-104
38	39	359	-104
39	39	594	-104
40	39	16	-104
41	39	4	-104
42	39	74	-104
43	39	75	-104
44	39	75	-104
45	39	75	-104
46	39	75	-100
47	39	75	-96
48	39	75	8
49	39	75	16
50	39	317	20
51	39	493	20
52	39	15	20
53	39	10	20
54	39	4	20
55	39	0	20
56	39	193	20
57	39	111	20
58	39	405	20
59	39	134	28
60	39	134	48
61	39	595	68
62	39	596	88
63	39	597	96
64	39	598	96
65	39	482	96
66	39	201	92
67	39	20	88
68	39	16	84
69	39	5	84
70	39	0	84
71	39	0	80
72	39	5	32
73	39	5	-48
74	39	11	-68
75	39	4	56
76	39	11	44
77	39	74	32
78	39	75	32
79	39	95	28
80	39	96	24
81	39	96	24
82	39	96	-72
83	39	96	-72
84	39	121	-72
85	39	4	-72
86	39	4	-72
87	39	9	-72
88	39	13	-72
89	39	18	-72
90	39	18	-72
91	39	19	72
92	39	19	76
93	39	19	76
94	39	18	72
95	39	20	68
96	39	18	64
97	39	87	52
98	39	80	52
99	39	80	48
100	39	88	48
101	39	19	48
102	39	65	44
103	39	204	48
104	39	4	52
105	39	4	84
106	39	6	40
107	39	7	48
108	39	7	44
109	39	8	52
110	39	0	52
111	39	11	56
112	39	4	56
113	39	5	36
114	39	98	24
115	39	328	-12
116	39	5	-8
117	39	0	-72
118	39	222	-80
119	39	223	-72
120	39	96	-72
121	39	96	-72
122	39	96	-72
123	39	96	-72
124	39	96	-80
125	39	96	12
126	39	96	12
127	39	96	8
128	39	96	0
0	40	96	0
1	40	96	4
2	40	96	4
3	40	96	4
4	40	96	4
5	40	96	4
6	40	97	4
7	40	76	4
8	40	11	4
9	40	11	4
10	40	0	4
11	40	599	4
12	40	600	4
13	40	601	4
14	40	117	4
15	40	118	12
16	40	18	8
17	40	18	8
18	40	20	8
19	40	602	44
20	40	126	4
21	40	126	4
22	40	127	4
23	40	50	4
24	40	213	4
25	40	214	4
26	40	4	4
27	40	4	4
28	40	11	4
29	40	5	-96
30	40	4	-100
31	40	74	-104
32	40	75	-104
33	40	75	-104
34	40	76	-104
35	40	5	-104
36	40	11	-104
37	40	5	-104
38	40	32	-104
39	40	204	-104
40	40	5	-104
41	40	120	-104
42	40	253	-104
43	40	254	-104
44	40	254	-104
45	40	254	-104
46	40	254	-104
47	40	254	-100
48	40	254	-72
49	40	603	8
50	40	316	16
51	40	190	20
52	40	275	20
53	40	15	20
54	40	10	20
55	40	193	20
56	40	111	20
57	40	113	20
58	40	0	28
59	40	4	44
60	40	359	68
61	40	582	88
62	40	391	96
63	40	4	100
64	40	604	96
65	40	605	88
66	40	47	52
67	40	204	36
68	40	11	32
69	40	0	28
70	40	4	28
71	40	0	16
72	40	0	-80
73	40	5	-72
74	40	74	-72
75	40	75	-72
76	40	95	-4
77	40	96	-8
78	40	96	-16
79	40	96	28
80	40	96	24
81	40	96	-72
82	40	253	-72
83	40	314	-72
84	40	11	-72
85	40	0	-72
86	40	17	-72
87	40	18	-72
88	40	20	-72
89	40	19	-72
90	40	20	-72
91	40	65	-72
92	40	33	-72
93	40	18	68
94	40	18	64
95	40	19	64
96	40	87	56
97	40	81	56
98	40	80	52
99	40	88	52
100	40	65	52
101	40	204	52
102	40	5	52
103	40	0	52
104	40	4	52
105	40	98	48
106	40	99	48
107	40	236	52
108	40	477	48
109	40	15	44
110	40	15	40
111	40	10	36
112	40	11	36
113	40	5	-16
114	40	0	-44
115	40	11	-80
116	40	4	-72
117	40	0	-72
118	40	222	-72
119	40	254	-72
120	40	223	-72
121	40	96	-72
122	40	96	-72
123	40	96	-72
124	40	96	-52
125	40	96	12
126	40	96	12
127	40	96	8
128	40	96	0
0	41	96	0
1	41	96	4
2	41	96	4
3	41	96	4
4	41	96	4
5	41	96	4
6	41	97	4
7	41	76	4
8	41	5	4
9	41	0	4
10	41	606	4
11	41	180	4
12	41	607	4
13	41	427	4
14	41	144	4
15	41	21	8
16	41	22	12
17	41	23	8
18	41	27	8
19	41	7	4
20	41	7	4
21	41	300	4
22	41	101	4
23	41	214	4
24	41	4	4
25	41	4	4
26	41	74	4
27	41	75	4
28	41	75	4
29	41	75	4
30	41	95	-96
31	41	96	-100
32	41	96	-100
33	41	97	-104
34	41	75	-104
35	41	75	-104
36	41	76	-104
37	41	5	-104
38	41	4	-104
39	41	239	-104
40	41	608	-104
41	41	121	-104
42	41	0	-104
43	41	4	-104
44	41	4	-104
45	41	11	-104
46	41	5	-104
47	41	5	-104
48	41	222	-100
49	41	254	-72
50	41	223	12
51	41	207	20
52	41	367	20
53	41	16	20
54	41	193	20
55	41	111	20
56	41	113	20
57	41	4	20
58	41	0	36
59	41	0	60
60	41	0	84
61	41	11	100
62	41	5	100
63	41	5	100
64	41	4	84
65	41	5	32
66	41	11	16
67	41	5	-72
68	41	4	-72
69	41	74	-72
70	41	75	-72
71	41	75	-72
72	41	75	-72
73	41	95	-72
74	41	96	-72
75	41	96	-72
76	41	96	-72
77	41	96	-72
78	41	96	-16
79	41	96	-16
80	41	253	-16
81	41	314	-72
82	41	11	-72
83	41	0	-72
84	41	9	-72
85	41	15	-72
86	41	15	-72
87	41	15	-72
88	41	15	-72
89	41	15	-72
90	41	15	-72
91	41	13	-72
92	41	20	-72
93	41	18	-72
94	41	18	-72
95	41	87	64
96	41	112	56
97	41	81	56
98	41	539	60
99	41	204	60
100	41	5	52
101	41	5	52
102	41	11	52
103	41	5	56
104	41	5	48
105	41	5	52
106	41	17	48
107	41	20	48
108	41	18	40
109	41	20	-4
110	41	16	-40
111	41	11	-72
112	41	11	-80
113	41	0	-72
114	41	11	-72
115	41	5	-72
116	41	11	-72
117	41	5	-72
118	41	74	-72
119	41	95	-72
120	41	96	-72
121	41	96	-72
122	41	96	-72
123	41	96	-80
124	41	96	-28
125	41	96	12
126	41	96	12
127	41	96	8
128	41	96	0
0	42	96	0
1	42	96	4
2	42	96	4
3	42	96	4
4	42	96	4
5	42	96	48
6	42	121	4
7	42	4	4
8	42	5	4
9	42	11	4
10	42	0	4
11	42	606	4
12	42	609	4
13	42	530	4
14	42	27	4
15	42	7	8
16	42	610	8
17	42	611	8
18	42	109	8
19	42	612	4
20	42	328	4
21	42	5	4
22	42	4	4
23	42	0	4
24	42	74	4
25	42	95	4
26	42	96	4
27	42	96	4
28	42	96	4
29	42	96	-64
30	42	96	-64
31	42	96	-68
32	42	96	-104
33	42	96	-104
34	42	96	-104
35	42	97	-104
36	42	75	-104
37	42	75	-104
38	42	305	-104
39	42	206	-104
40	42	121	-104
41	42	259	-104
42	42	260	-104
43	42	475	-104
44	42	0	-104
45	42	11	-104
46	42	11	-104
47	42	11	-104
48	42	11	-104
49	42	222	-100
50	42	223	-4
51	42	207	16
52	42	613	20
53	42	614	20
54	42	134	20
55	42	135	20
56	42	0	20
57	42	0	24
58	42	4	48
59	42	0	76
60	42	5	96
61	42	0	136
62	42	5	100
63	42	0	84
64	42	4	64
65	42	11	4
66	42	0	-72
67	42	74	-72
68	42	615	-72
69	42	365	-72
70	42	616	-72
71	42	617	-72
72	42	96	-72
73	42	96	-72
74	42	96	-72
75	42	253	-72
76	42	254	-72
77	42	254	-72
78	42	254	-72
79	42	314	-72
80	42	11	-72
81	42	4	-72
82	42	4	-72
83	42	0	-72
84	42	11	16
85	42	0	48
86	42	0	76
87	42	4	48
88	42	11	16
89	42	17	-28
90	42	19	-72
91	42	18	-72
92	42	20	-72
93	42	63	-72
94	42	114	-72
95	42	80	-72
96	42	80	64
97	42	113	60
98	42	0	60
99	42	0	60
100	42	5	60
101	42	11	60
102	42	11	56
103	42	5	52
104	42	4	52
105	42	11	52
106	42	32	48
107	42	47	44
108	42	47	-4
109	42	204	-80
110	42	4	-72
111	42	0	-72
112	42	4	-72
113	42	4	-72
114	42	0	-72
115	42	4	-72
116	42	74	-72
117	42	95	-72
118	42	96	-72
119	42	96	-72
120	42	96	-72
121	42	96	-72
122	42	96	-72
123	42	96	-52
124	42	96	16
125	42	96	12
126	42	96	12
127	42	96	12
128	42	96	0
0	43	96	0
1	43	96	4
2	43	96	4
3	43	96	4
4	43	96	4
5	43	97	8
6	43	76	8
7	43	5	4
8	43	11	4
9	43	4	4
10	43	0	4
11	43	32	4
12	43	33	4
13	43	27	4
14	43	7	4
15	43	525	8
16	43	158	8
17	43	50	8
18	43	128	8
19	43	5	4
20	43	5	4
21	43	5	4
22	43	74	4
23	43	95	4
24	43	96	4
25	43	96	4
26	43	253	4
27	43	223	-40
28	43	96	-44
29	43	96	-48
30	43	96	-100
31	43	96	-104
32	43	96	-104
33	43	96	-104
34	43	96	-104
35	43	96	-104
36	43	96	-104
37	43	96	-104
38	43	96	-104
39	43	618	-104
40	43	619	-104
41	43	81	-104
42	43	113	-104
43	43	11	-104
44	43	0	-104
45	43	11	-104
46	43	11	-104
47	43	4	-104
48	43	0	-104
49	43	222	-104
50	43	254	-100
51	43	603	0
52	43	620	16
53	43	75	20
54	43	76	20
55	43	11	20
56	43	11	20
57	43	5	72
58	43	11	56
59	43	11	84
60	43	0	96
61	43	4	92
62	43	11	84
63	43	4	60
64	43	239	-8
65	43	304	-24
66	43	95	-72
67	43	311	-72
68	43	7	-72
69	43	621	-72
70	43	622	-72
71	43	253	-72
72	43	254	-72
73	43	254	-72
74	43	314	-72
75	43	4	-72
76	43	4	-72
77	43	4	-72
78	43	5	-72
79	43	5	-72
80	43	0	-72
81	43	4	-72
82	43	11	-72
83	43	0	-72
84	43	5	16
85	43	11	48
86	43	11	48
87	43	9	88
88	43	13	48
89	43	19	48
90	43	20	48
91	43	18	-28
92	43	87	-72
93	43	112	-72
94	43	80	-72
95	43	405	-72
96	43	135	-76
97	43	4	-80
98	43	0	52
99	43	11	60
100	43	11	60
101	43	4	64
102	43	5	60
103	43	11	56
104	43	11	48
105	43	11	48
106	43	11	-4
107	43	11	-8
108	43	11	-80
109	43	11	-72
110	43	4	-72
111	43	5	-72
112	43	5	-72
113	43	74	-72
114	43	75	-72
115	43	95	-72
116	43	96	-72
117	43	96	-72
118	43	96	-72
119	43	96	-72
120	43	96	-76
121	43	96	-80
122	43	96	-52
123	43	96	-16
124	43	96	20
125	43	96	20
126	43	96	12
127	43	96	12
128	43	96	0
0	44	96	0
1	44	96	4
2	44	96	4
3	44	96	4
4	44	96	4
5	44	97	8
6	44	75	8
7	44	76	4
8	44	0	4
9	44	5	4
10	44	5	4
11	44	32	4
12	44	623	4
13	44	25	4
14	44	26	4
15	44	55	8
16	44	50	12
17	44	128	8
18	44	4	8
19	44	0	4
20	44	74	4
21	44	95	4
22	44	96	4
23	44	96	4
24	44	253	4
25	44	314	-40
26	44	222	-40
27	44	254	-40
28	44	254	-72
29	44	223	-72
30	44	232	-84
31	44	624	-100
32	44	625	-104
33	44	223	-104
34	44	96	-104
35	44	96	-104
36	44	96	-104
37	44	96	-104
38	44	246	-104
39	44	626	-104
40	44	627	-104
41	44	628	-104
42	44	75	-104
43	44	75	-104
44	44	76	-104
45	44	4	-104
46	44	0	-104
47	44	11	-104
48	44	0	-104
49	44	11	-104
50	44	120	-104
51	44	96	-100
52	44	96	4
53	44	97	16
54	44	75	20
55	44	75	20
56	44	75	24
57	44	75	44
58	44	75	64
59	44	75	84
60	44	75	92
61	44	75	84
62	44	75	64
63	44	305	36
64	44	206	-32
65	44	96	-72
66	44	311	-72
67	44	7	-72
68	44	629	-72
69	44	318	-72
70	44	314	-72
71	44	5	-72
72	44	5	-72
73	44	0	-72
74	44	0	-72
75	44	11	-72
76	44	5	-72
77	44	5	-72
78	44	5	-72
79	44	0	-72
80	44	0	-72
81	44	4	-72
82	44	5	-72
83	44	11	-72
84	44	11	-72
85	44	5	-72
86	44	17	-72
87	44	18	-72
88	44	20	-72
89	44	63	-28
90	44	61	48
91	44	114	48
92	44	81	-28
93	44	194	-28
94	44	524	-72
95	44	0	-72
96	44	4	-72
97	44	5	-72
98	44	5	-76
99	44	11	-72
100	44	4	-76
101	44	4	-80
102	44	11	-76
103	44	4	-72
104	44	4	-72
105	44	4	-72
106	44	4	-72
107	44	4	-72
108	44	0	-72
109	44	5	-72
110	44	74	-72
111	44	75	-72
112	44	95	-28
113	44	96	-72
114	44	96	-72
115	44	96	-72
116	44	96	-80
117	44	96	-80
118	44	96	-76
119	44	96	-32
120	44	96	-8
121	44	96	32
122	44	253	32
123	44	223	24
124	44	96	24
125	44	96	28
126	44	96	12
127	44	96	4
128	44	96	0
0	45	96	0
1	45	96	4
2	45	96	4
3	45	96	4
4	45	96	4
5	45	96	4
6	45	121	8
7	45	11	4
8	45	11	4
9	45	4	4
10	45	11	4
11	45	32	4
12	45	33	4
13	45	20	4
14	45	129	4
15	45	630	8
16	45	214	8
17	45	4	8
18	45	4	4
19	45	120	4
20	45	96	4
21	45	96	4
22	45	253	4
23	45	631	4
24	45	10	4
25	45	11	-40
26	45	11	-72
27	45	0	-72
28	45	120	-72
29	45	632	-72
30	45	633	-72
31	45	448	-80
32	45	634	-96
33	45	96	-104
34	45	96	-104
35	45	96	-104
36	45	253	-104
37	45	254	-104
38	45	254	-104
39	45	254	-104
40	45	254	-104
41	45	254	-104
42	45	354	-104
43	45	635	-104
44	45	75	-104
45	45	76	-104
46	45	0	-104
47	45	4	-104
48	45	239	-104
49	45	608	-104
50	45	96	-104
51	45	96	-104
52	45	96	-96
53	45	96	12
54	45	96	20
55	45	96	20
56	45	232	28
57	45	233	44
58	45	96	60
59	45	96	72
60	45	96	76
61	45	96	72
62	45	96	48
63	45	96	20
64	45	96	-64
65	45	320	-72
66	45	321	-72
67	45	322	-72
68	45	121	-72
69	45	5	-24
70	45	5	-12
71	45	4	-72
72	45	4	-72
73	45	4	-72
74	45	11	-72
75	45	5	-72
76	45	11	-72
77	45	4	-72
78	45	5	-72
79	45	4	-72
80	45	0	-72
81	45	11	-72
82	45	11	-72
83	45	5	-72
84	45	11	-72
85	45	17	-72
86	45	63	-72
87	45	61	-72
88	45	114	-72
89	45	112	-72
90	45	111	-72
91	45	81	16
92	45	88	16
93	45	16	-28
94	45	5	-72
95	45	5	-72
96	45	4	-72
97	45	5	-72
98	45	5	-72
99	45	0	-72
100	45	4	-72
101	45	11	-72
102	45	0	-72
103	45	4	-72
104	45	4	-72
105	45	5	-72
106	45	239	-72
107	45	304	-72
108	45	75	-72
109	45	95	-72
110	45	96	-72
111	45	96	-72
112	45	96	-72
113	45	96	-80
114	45	96	-80
115	45	253	-28
116	45	254	44
117	45	254	40
118	45	254	40
119	45	254	48
120	45	254	44
121	45	314	36
122	45	222	32
123	45	223	24
124	45	96	24
125	45	96	24
126	45	96	20
127	45	96	4
128	45	96	0
0	46	96	0
1	46	96	4
2	46	96	4
3	46	96	4
4	46	96	4
5	46	97	4
6	46	76	4
7	46	4	4
8	46	4	4
9	46	4	4
10	46	5	4
11	46	32	4
12	46	33	4
13	46	65	4
14	46	204	4
15	46	4	4
16	46	11	-36
17	46	74	-36
18	46	95	-40
19	46	96	-40
20	46	253	-40
21	46	314	-40
22	46	636	-40
23	46	371	-40
24	46	5	-40
25	46	5	-68
26	46	11	-72
27	46	222	-72
28	46	637	-72
29	46	7	-72
30	46	463	-72
31	46	638	-72
32	46	253	-80
33	46	254	-96
34	46	254	-104
35	46	314	-104
36	46	11	-104
37	46	5	-104
38	46	4	-104
39	46	5	-104
40	46	11	-104
41	46	122	-104
42	46	639	-104
43	46	96	-104
44	46	97	-104
45	46	75	-104
46	46	75	-104
47	46	305	-104
48	46	206	-104
49	46	96	-104
50	46	96	-104
51	46	96	-104
52	46	96	-104
53	46	96	-96
54	46	96	16
55	46	246	20
56	46	206	28
57	46	96	40
58	46	96	48
59	46	96	60
60	46	96	64
61	46	96	52
62	46	96	32
63	46	96	-32
64	46	253	-64
65	46	254	-72
66	46	254	-72
67	46	314	-72
68	46	11	-72
69	46	4	-16
70	46	9	36
71	46	15	36
72	46	15	-8
73	46	15	-76
74	46	15	-72
75	46	15	-72
76	46	10	-28
77	46	4	-72
78	46	0	-72
79	46	11	-72
80	46	0	-72
81	46	0	-72
82	46	5	-72
83	46	11	-72
84	46	17	-72
85	46	87	-72
86	46	81	-72
87	46	80	-72
88	46	112	-72
89	46	194	-72
90	46	153	-72
91	46	154	-72
92	46	16	-72
93	46	4	-72
94	46	11	-72
95	46	4	-72
96	46	4	-72
97	46	4	-72
98	46	74	-72
99	46	75	-72
100	46	75	-72
101	46	75	-72
102	46	317	-72
103	46	304	-72
104	46	75	-72
105	46	305	-72
106	46	206	-72
107	46	96	-72
108	46	96	-72
109	46	96	-72
110	46	96	-72
111	46	96	-72
112	46	96	-80
113	46	253	-80
114	46	314	-80
115	46	5	48
116	46	11	48
117	46	5	48
118	46	11	48
119	46	0	48
120	46	5	44
121	46	11	40
122	46	222	36
123	46	223	28
124	46	96	20
125	46	96	20
126	46	96	16
127	46	96	8
128	46	96	0
0	47	96	0
1	47	96	4
2	47	96	4
3	47	96	4
4	47	96	4
5	47	97	4
6	47	76	4
7	47	5	4
8	47	0	4
9	47	5	4
10	47	0	4
11	47	32	4
12	47	204	4
13	47	4	-40
14	47	0	-40
15	47	5	-40
16	47	120	-64
17	47	96	-72
18	47	96	-72
19	47	121	-72
20	47	4	-72
21	47	306	-72
22	47	384	-72
23	47	5	-72
24	47	0	-72
25	47	11	-72
26	47	4	-72
27	47	98	-72
28	47	99	-72
29	47	328	-72
30	47	222	-72
31	47	314	-72
32	47	4	-72
33	47	5	-80
34	47	5	-96
35	47	5	-104
36	47	11	-104
37	47	0	-100
38	47	5	-100
39	47	4	-44
40	47	11	-104
41	47	222	-104
42	47	254	-104
43	47	254	-104
44	47	254	-104
45	47	254	-104
46	47	254	-104
47	47	254	-104
48	47	254	-104
49	47	254	-104
50	47	640	-104
51	47	641	-104
52	47	96	-104
53	47	96	-100
54	47	96	-84
55	47	96	20
56	47	96	28
57	47	96	32
58	47	96	40
59	47	96	44
60	47	96	44
61	47	232	28
62	47	342	20
63	47	314	-32
64	47	5	-72
65	47	5	-72
66	47	5	-72
67	47	0	-72
68	47	4	-24
69	47	17	-16
70	47	19	32
71	47	20	36
72	47	20	36
73	47	18	-64
74	47	18	-72
75	47	14	-72
76	47	15	-72
77	47	15	-72
78	47	10	-72
79	47	4	-72
80	47	5	-72
81	47	0	-72
82	47	9	-72
83	47	13	4
84	47	87	4
85	47	112	8
86	47	80	8
87	47	642	16
88	47	643	-76
89	47	18	-76
90	47	18	-76
91	47	16	-76
92	47	5	-76
93	47	0	-76
94	47	74	-72
95	47	75	-72
96	47	75	-72
97	47	95	-72
98	47	96	-72
99	47	96	-72
100	47	96	-72
101	47	246	-72
102	47	206	-72
103	47	96	-72
104	47	96	-72
105	47	96	-72
106	47	96	-72
107	47	96	-72
108	47	96	-72
109	47	96	-72
110	47	96	-72
111	47	96	-72
112	47	121	-80
113	47	5	-80
114	47	11	44
115	47	5	52
116	47	5	52
117	47	11	52
118	47	0	52
119	47	0	48
120	47	4	44
121	47	5	40
122	47	222	40
123	47	223	28
124	47	96	20
125	47	96	20
126	47	96	20
127	47	96	8
128	47	96	0
0	48	96	0
1	48	96	4
2	48	96	4
3	48	96	4
4	48	96	4
5	48	121	4
6	48	4	4
7	48	0	4
8	48	5	4
9	48	11	4
10	48	4	4
11	48	4	4
12	48	4	-40
13	48	5	-40
14	48	74	-72
15	48	95	-72
16	48	96	-72
17	48	96	-72
18	48	121	-72
19	48	382	-72
20	48	644	-72
21	48	391	-72
22	48	0	-72
23	48	11	-72
24	48	4	-72
25	48	0	-72
26	48	5	-72
27	48	4	-72
28	48	4	-72
29	48	5	-72
30	48	0	-72
31	48	4	-72
32	48	0	-72
33	48	4	-72
34	48	4	-76
35	48	5	-56
36	48	0	-64
37	48	4	-68
38	48	0	-16
39	48	4	-32
40	48	0	-44
41	48	4	-104
42	48	0	-104
43	48	5	-104
44	48	0	-104
45	48	4	-104
46	48	0	-104
47	48	5	-104
48	48	0	-104
49	48	645	-104
50	48	646	-104
51	48	254	-104
52	48	254	-104
53	48	254	-104
54	48	254	-92
55	48	254	-52
56	48	254	24
57	48	354	28
58	48	233	32
59	48	96	32
60	48	246	24
61	48	647	-24
62	48	11	-28
63	48	0	-24
64	48	0	-72
65	48	0	-72
66	48	5	-72
67	48	74	-72
68	48	648	-24
69	48	20	28
70	48	19	36
71	48	20	28
72	48	18	24
73	48	20	-32
74	48	18	-32
75	48	63	-32
76	48	61	-64
77	48	649	-80
78	48	10	-80
79	48	4	-12
80	48	0	-8
81	48	17	4
82	48	20	-4
83	48	87	44
84	48	112	44
85	48	80	52
86	48	650	52
87	48	93	56
88	48	20	-76
89	48	65	-76
90	48	204	-76
91	48	0	-76
92	48	239	-76
93	48	608	-76
94	48	96	-80
95	48	96	-76
96	48	96	-76
97	48	96	-76
98	48	96	-72
99	48	96	-72
100	48	96	-72
101	48	96	-72
102	48	96	-72
103	48	96	-72
104	48	96	-72
105	48	96	-72
106	48	96	-72
107	48	96	-72
108	48	96	-72
109	48	96	-72
110	48	96	-72
111	48	97	-72
112	48	75	4
113	48	76	44
114	48	0	48
115	48	0	52
116	48	239	48
117	48	240	52
118	48	5	48
119	48	239	44
120	48	240	44
121	48	0	36
122	48	222	32
123	48	223	28
124	48	96	16
125	48	96	20
126	48	96	16
127	48	96	12
128	48	96	0
0	49	96	0
1	49	96	4
2	49	96	0
3	49	96	4
4	49	97	4
5	49	76	4
6	49	0	4
7	49	11	4
8	49	5	4
9	49	0	4
10	49	0	4
11	49	4	4
12	49	74	-40
13	49	95	-72
14	49	96	-72
15	49	96	-72
16	49	253	-72
17	49	314	-72
18	49	306	-72
19	49	384	-72
20	49	11	-72
21	49	0	-72
22	49	0	-72
23	49	11	-72
24	49	0	-72
25	49	11	-72
26	49	4	-72
27	49	4	-72
28	49	4	-72
29	49	0	-72
30	49	5	-72
31	49	11	-72
32	49	11	-72
33	49	0	-40
34	49	4	-40
35	49	4	-44
36	49	0	4
37	49	0	4
38	49	5	-4
39	49	0	-20
40	49	5	-36
41	49	5	-88
42	49	4	-104
43	49	0	-104
44	49	5	-104
45	49	5	-104
46	49	5	-104
47	49	0	-104
48	49	0	-104
49	49	4	-104
50	49	0	-104
51	49	5	-104
52	49	5	-104
53	49	4	-104
54	49	11	-104
55	49	5	-84
56	49	122	-48
57	49	639	20
58	49	96	20
59	49	96	20
60	49	121	-44
61	49	11	-32
62	49	0	-72
63	49	0	-72
64	49	0	-72
65	49	4	-72
66	49	0	-72
67	49	17	-72
68	49	19	-24
69	49	20	24
70	49	19	24
71	49	19	20
72	49	20	20
73	49	116	20
74	49	651	20
75	49	112	20
76	49	88	20
77	49	14	20
78	49	15	20
79	49	15	20
80	49	13	28
81	49	18	40
82	49	87	44
83	49	81	40
84	49	81	48
85	49	88	52
86	49	18	52
87	49	19	52
88	49	16	56
89	49	4	56
90	49	11	64
91	49	122	64
92	49	639	68
93	49	96	68
94	49	96	64
95	49	96	68
96	49	96	56
97	49	96	-76
98	49	96	-76
99	49	253	-76
100	49	254	-76
101	49	223	-76
102	49	96	-72
103	49	96	-72
104	49	96	-72
105	49	96	-72
106	49	96	-72
107	49	96	-72
108	49	96	-72
109	49	96	-72
110	49	96	-72
111	49	96	-8
112	49	97	40
113	49	76	44
114	49	5	48
115	49	122	52
116	49	123	44
117	49	5	44
118	49	652	44
119	49	653	44
120	49	475	44
121	49	11	36
122	49	222	28
123	49	223	24
124	49	96	20
125	49	96	16
126	49	96	8
127	49	96	8
128	49	96	0
0	50	96	0
1	50	96	4
2	50	96	4
3	50	96	4
4	50	97	4
5	50	75	4
6	50	75	4
7	50	76	4
8	50	11	4
9	50	74	4
10	50	75	4
11	50	95	4
12	50	96	-40
13	50	96	-72
14	50	253	-72
15	50	314	-72
16	50	5	-72
17	50	359	-72
18	50	391	-72
19	50	0	-72
20	50	11	-72
21	50	0	-72
22	50	11	-72
23	50	4	-72
24	50	0	-72
25	50	5	-72
26	50	5	-72
27	50	11	-72
28	50	11	-72
29	50	11	-72
30	50	0	-72
31	50	0	-72
32	50	5	-72
33	50	9	-72
34	50	15	-72
35	50	15	-40
36	50	15	-44
37	50	15	-52
38	50	15	4
39	50	10	-4
40	50	5	-20
41	50	11	-40
42	50	5	-48
43	50	11	-92
44	50	5	-104
45	50	4	-104
46	50	4	-104
47	50	0	-104
48	50	0	-104
49	50	11	-104
50	50	0	-104
51	50	11	-104
52	50	5	-104
53	50	4	-104
54	50	11	-104
55	50	4	-104
56	50	120	-84
57	50	96	-56
58	50	96	16
59	50	97	-52
60	50	76	-48
61	50	11	-96
62	50	5	-80
63	50	5	-72
64	50	11	-72
65	50	11	-72
66	50	17	-72
67	50	20	-24
68	50	18	-24
69	50	18	20
70	50	160	20
71	50	161	24
72	50	654	24
73	50	655	24
74	50	656	20
75	50	154	24
76	50	19	20
77	50	19	20
78	50	18	20
79	50	18	20
80	50	20	20
81	50	87	28
82	50	112	36
83	50	81	36
84	50	138	44
85	50	64	44
86	50	19	48
87	50	16	52
88	50	0	52
89	50	4	60
90	50	11	60
91	50	120	56
92	50	96	60
93	50	96	64
94	50	96	60
95	50	253	60
96	50	254	56
97	50	254	60
98	50	314	64
99	50	0	64
100	50	222	60
101	50	254	56
102	50	254	44
103	50	254	44
104	50	223	-12
105	50	96	-24
106	50	96	-72
107	50	96	-72
108	50	96	-72
109	50	96	-72
110	50	96	-72
111	50	96	-12
112	50	97	4
113	50	76	44
114	50	0	40
115	50	4	48
116	50	4	48
117	50	193	48
118	50	80	44
119	50	425	40
120	50	475	36
121	50	5	28
122	50	222	24
123	50	223	20
124	50	96	16
125	50	96	16
126	50	96	8
127	50	96	8
128	50	96	0
0	51	96	0
1	51	96	4
2	51	96	4
3	51	96	4
4	51	96	4
5	51	96	4
6	51	97	4
7	51	76	4
8	51	120	4
9	51	96	4
10	51	96	4
11	51	253	4
12	51	254	-40
13	51	314	-72
14	51	5	-72
15	51	0	-72
16	51	0	-72
17	51	11	-72
18	51	5	-72
19	51	4	-72
20	51	4	-72
21	51	11	-72
22	51	5	-72
23	51	11	-72
24	51	0	-72
25	51	9	-72
26	51	15	-72
27	51	15	-72
28	51	15	-72
29	51	15	-72
30	51	15	-72
31	51	15	-72
32	51	276	-72
33	51	22	-72
34	51	23	-72
35	51	19	-72
36	51	20	-72
37	51	65	-40
38	51	204	-48
39	51	4	-56
40	51	11	-4
41	51	5	-20
42	51	4	-40
43	51	11	-88
44	51	4	-104
45	51	5	-104
46	51	5	-104
47	51	0	-104
48	51	11	-104
49	51	4	-104
50	51	5	-104
51	51	4	-104
52	51	5	-104
53	51	4	-104
54	51	0	-104
55	51	120	-104
56	51	96	-104
57	51	96	-92
58	51	96	-84
59	51	97	-52
60	51	76	-104
61	51	5	-104
62	51	11	-96
63	51	11	-84
64	51	11	-72
65	51	32	-72
66	51	33	-72
67	51	19	-24
68	51	20	20
69	51	657	20
70	51	658	24
71	51	659	32
72	51	660	40
73	51	661	44
74	51	18	36
75	51	18	32
76	51	18	20
77	51	19	20
78	51	20	20
79	51	19	20
80	51	152	20
81	51	195	24
82	51	80	32
83	51	80	32
84	51	88	40
85	51	19	40
86	51	16	48
87	51	5	48
88	51	4	48
89	51	4	52
90	51	120	56
91	51	96	64
92	51	662	60
93	51	663	52
94	51	121	60
95	51	4	56
96	51	5	60
97	51	11	52
98	51	5	56
99	51	4	48
100	51	0	48
101	51	5	40
102	51	11	40
103	51	222	32
104	51	354	28
105	51	233	-24
106	51	96	-72
107	51	96	-72
108	51	96	-72
109	51	96	-72
110	51	96	-72
111	51	96	-72
112	51	97	-8
113	51	75	44
114	51	76	44
115	51	0	40
116	51	487	40
117	51	458	40
118	51	112	36
119	51	113	32
120	51	0	32
121	51	74	28
122	51	95	20
123	51	96	20
124	51	96	16
125	51	96	12
126	51	96	8
127	51	96	8
128	51	96	0
0	52	96	0
1	52	96	4
2	52	96	4
3	52	96	4
4	52	96	4
5	52	96	4
6	52	97	4
7	52	95	4
8	52	96	4
9	52	253	4
10	52	314	4
11	52	11	4
12	52	5	-40
13	52	0	-72
14	52	11	-72
15	52	4	-72
16	52	11	-72
17	52	664	-72
18	52	407	-72
19	52	408	-72
20	52	0	-72
21	52	5	-72
22	52	4	-32
23	52	5	-32
24	52	17	-72
25	52	20	-72
26	52	20	-72
27	52	18	-72
28	52	19	-72
29	52	18	-72
30	52	18	-72
31	52	27	-72
32	52	7	-72
33	52	28	-72
34	52	20	-72
35	52	65	-72
36	52	204	-72
37	52	0	-72
38	52	11	-72
39	52	0	-40
40	52	4	-44
41	52	4	-60
42	52	9	-24
43	52	148	-40
44	52	2	-48
45	52	665	-104
46	52	260	-104
47	52	666	-104
48	52	10	-104
49	52	0	-104
50	52	5	-104
51	52	0	-104
52	52	5	-104
53	52	4	-104
54	52	120	-104
55	52	96	-104
56	52	96	-104
57	52	96	-104
58	52	96	-104
59	52	121	-104
60	52	4	-104
61	52	11	-104
62	52	4	-104
63	52	5	-100
64	52	11	-84
65	52	32	-28
66	52	33	-24
67	52	18	-24
68	52	27	20
69	52	7	24
70	52	7	36
71	52	525	48
72	52	13	64
73	52	18	72
74	52	19	64
75	52	18	48
76	52	19	28
77	52	21	20
78	52	22	20
79	52	22	20
80	52	667	20
81	52	195	20
82	52	80	24
83	52	138	28
84	52	64	36
85	52	16	36
86	52	11	40
87	52	11	44
88	52	4	48
89	52	120	64
90	52	96	68
91	52	668	72
92	52	669	56
93	52	97	52
94	52	76	56
95	52	5	52
96	52	0	44
97	52	5	44
98	52	11	48
99	52	4	44
100	52	5	36
101	52	11	32
102	52	4	32
103	52	122	28
104	52	351	24
105	52	254	-24
106	52	223	-72
107	52	96	-72
108	52	96	-72
109	52	96	-72
110	52	96	-72
111	52	96	-72
112	52	96	-72
113	52	97	44
114	52	75	44
115	52	317	40
116	52	614	36
117	52	134	36
118	52	135	36
119	52	5	28
120	52	120	28
121	52	96	24
122	52	96	52
123	52	96	12
124	52	96	8
125	52	96	8
126	52	96	8
127	52	96	4
128	52	96	0
0	53	96	0
1	53	96	4
2	53	96	4
3	53	96	4
4	53	96	4
5	53	96	4
6	53	96	4
7	53	96	4
8	53	121	4
9	53	11	4
10	53	0	4
11	53	11	4
12	53	9	-40
13	53	148	-72
14	53	2	-72
15	53	3	-72
16	53	599	-28
17	53	600	-72
18	53	171	-72
19	53	4	-28
20	53	4	-28
21	53	4	-28
22	53	0	-32
23	53	32	-32
24	53	33	-32
25	53	19	-36
26	53	18	-72
27	53	19	-72
28	53	65	-72
29	53	33	-72
30	53	27	-72
31	53	7	-72
32	53	28	-72
33	53	65	-72
34	53	204	-72
35	53	5	-72
36	53	0	-72
37	53	4	-72
38	53	4	-72
39	53	0	-72
40	53	5	-72
41	53	32	-40
42	53	77	-48
43	53	7	-72
44	53	79	-100
45	53	112	-104
46	53	88	-104
47	53	16	-104
48	53	4	-104
49	53	5	-104
50	53	11	-104
51	53	5	-104
52	53	0	-104
53	53	315	-104
54	53	233	-104
55	53	96	-104
56	53	96	-104
57	53	96	-104
58	53	121	-104
59	53	0	-104
60	53	0	-104
61	53	664	-104
62	53	407	-104
63	53	408	-104
64	53	11	-48
65	53	32	-40
66	53	33	20
67	53	24	20
68	53	670	20
69	53	671	24
70	53	672	44
71	53	33	64
72	53	18	84
73	53	20	96
74	53	18	92
75	53	19	76
76	53	27	48
77	53	7	28
78	53	7	20
79	53	28	20
80	53	87	20
81	53	80	20
82	53	112	24
83	53	138	24
84	53	381	64
85	53	9	28
86	53	10	32
87	53	11	40
88	53	222	60
89	53	223	68
90	53	96	80
91	53	96	84
92	53	96	72
93	53	121	60
94	53	5	56
95	53	0	48
96	53	11	44
97	53	4	40
98	53	5	32
99	53	0	32
100	53	11	28
101	53	4	32
102	53	11	24
103	53	4	24
104	53	11	24
105	53	222	-24
106	53	254	-72
107	53	223	-72
108	53	96	-72
109	53	96	-72
110	53	96	-72
111	53	96	-72
112	53	96	-72
113	53	96	-4
114	53	323	44
115	53	673	40
116	53	75	40
117	53	75	24
118	53	75	28
119	53	95	28
120	53	96	28
121	53	96	16
122	53	96	12
123	53	96	4
124	53	96	8
125	53	96	4
126	53	96	4
127	53	96	4
128	53	96	0
0	54	96	0
1	54	96	0
2	54	96	4
3	54	96	4
4	54	96	4
5	54	96	4
6	54	96	4
7	54	97	4
8	54	76	4
9	54	0	4
10	54	4	4
11	54	32	4
12	54	77	-40
13	54	7	-72
14	54	8	-72
15	54	606	-72
16	54	180	-72
17	54	187	-72
18	54	239	-72
19	54	272	-28
20	54	272	-24
21	54	240	20
22	54	239	16
23	54	674	16
24	54	19	20
25	54	20	-24
26	54	20	-28
27	54	14	-28
28	54	437	-72
29	54	675	-72
30	54	25	-72
31	54	676	-72
32	54	677	-72
33	54	407	-72
34	54	678	-72
35	54	493	-72
36	54	10	-72
37	54	5	-72
38	54	239	-72
39	54	240	-72
40	54	0	-72
41	54	6	-72
42	54	7	-72
43	54	679	-76
44	54	457	-92
45	54	680	-104
46	54	374	-104
47	54	10	-104
48	54	11	-104
49	54	11	-104
50	54	0	-104
51	54	0	-104
52	54	122	-104
53	54	639	-104
54	54	96	-104
55	54	96	-104
56	54	96	-104
57	54	618	-104
58	54	240	-104
59	54	4	-104
60	54	599	-104
61	54	427	-104
62	54	171	-104
63	54	0	-56
64	54	5	-52
65	54	17	20
66	54	20	20
67	54	142	20
68	54	427	20
69	54	681	24
70	54	13	48
71	54	20	76
72	54	20	104
73	54	18	112
74	54	19	116
75	54	27	96
76	54	7	72
77	54	463	40
78	54	203	24
79	54	152	20
80	54	195	20
81	54	112	16
82	54	81	16
83	54	113	20
84	54	32	24
85	54	204	32
86	54	11	32
87	54	0	44
88	54	120	72
89	54	96	92
90	54	96	96
91	54	96	92
92	54	121	88
93	54	4	68
94	54	0	72
95	54	9	72
96	54	15	60
97	54	10	92
98	54	4	40
99	54	9	28
100	54	15	28
101	54	15	28
102	54	15	28
103	54	15	24
104	54	15	24
105	54	15	-24
106	54	682	-72
107	54	254	-72
108	54	223	-72
109	54	96	-72
110	54	96	-72
111	54	96	-72
112	54	96	-72
113	54	246	-72
114	54	206	4
115	54	96	36
116	54	96	36
117	54	96	24
118	54	96	20
119	54	96	16
120	54	96	12
121	54	96	12
122	54	96	8
123	54	96	4
124	54	96	8
125	54	96	4
126	54	96	4
127	54	96	4
128	54	96	0
0	55	96	0
1	55	96	4
2	55	96	4
3	55	96	44
4	55	96	4
5	55	96	4
6	55	96	4
7	55	97	4
8	55	76	4
9	55	11	4
10	55	5	4
11	55	6	4
12	55	7	-40
13	55	683	-72
14	55	383	-72
15	55	5	-72
16	55	0	-72
17	55	286	-72
18	55	288	-72
19	55	684	-72
20	55	685	-16
21	55	122	24
22	55	686	20
23	55	33	24
24	55	19	28
25	55	18	32
26	55	19	32
27	55	42	-24
28	55	43	-28
29	55	20	-28
30	55	687	-72
31	55	688	-72
32	55	143	-72
33	55	689	-72
34	55	43	-72
35	55	412	-72
36	55	326	-72
37	55	690	-72
38	55	691	-72
39	55	692	-72
40	55	693	-72
41	55	694	-72
42	55	695	-72
43	55	696	-72
44	55	697	-80
45	55	698	-100
46	55	204	-104
47	55	11	-104
48	55	4	-104
49	55	11	-104
50	55	5	-104
51	55	0	-104
52	55	222	-104
53	55	223	-104
54	55	96	-104
55	55	96	-104
56	55	246	-104
57	55	620	-104
58	55	76	-104
59	55	606	-104
60	55	180	-104
61	55	187	-104
62	55	11	-100
63	55	0	-96
64	55	17	-64
65	55	20	16
66	55	185	20
67	55	529	60
68	55	530	20
69	55	18	20
70	55	18	44
71	55	19	80
72	55	18	112
73	55	20	116
74	55	24	116
75	55	25	116
76	55	477	88
77	55	699	56
78	55	61	28
79	55	114	20
80	55	112	20
81	55	111	16
82	55	113	16
83	55	11	16
84	55	11	20
85	55	11	20
86	55	5	28
87	55	120	44
88	55	96	88
89	55	96	112
90	55	96	116
91	55	121	116
92	55	4	96
93	55	0	84
94	55	17	80
95	55	18	80
96	55	14	84
97	55	15	64
98	55	13	56
99	55	20	44
100	55	20	36
101	55	18	24
102	55	20	20
103	55	20	20
104	55	20	20
105	55	16	-16
106	55	11	-24
107	55	222	-72
108	55	223	-72
109	55	96	-72
110	55	96	-72
111	55	96	-72
112	55	96	-72
113	55	96	-72
114	55	96	-72
115	55	96	-12
116	55	96	-8
117	55	96	24
118	55	232	24
119	55	347	16
120	55	233	12
121	55	96	8
122	55	96	8
123	55	96	4
124	55	96	4
125	55	96	4
126	55	96	0
127	55	96	4
128	55	96	0
0	56	96	0
1	56	96	4
2	56	96	4
3	56	96	4
4	56	96	4
5	56	96	4
6	56	96	4
7	56	97	4
8	56	76	4
9	56	4	4
10	56	98	4
11	56	99	4
12	56	700	-40
13	56	391	-72
14	56	11	-72
15	56	0	-72
16	56	701	-72
17	56	206	-72
18	56	323	-72
19	56	685	-72
20	56	11	-16
21	56	11	28
22	56	17	24
23	56	19	28
24	56	20	36
25	56	65	44
26	56	47	48
27	56	33	44
28	56	20	32
29	56	142	-24
30	56	170	-24
31	56	170	-28
32	56	702	-72
33	56	703	-72
34	56	704	-72
35	56	705	-72
36	56	706	-72
37	56	50	-72
38	56	580	-72
39	56	707	-72
40	56	708	-72
41	56	421	-72
42	56	67	-72
43	56	68	-72
44	56	384	-72
45	56	145	-88
46	56	709	-104
47	56	5	-104
48	56	710	-104
49	56	711	-104
50	56	149	-104
51	56	10	-104
52	56	315	-104
53	56	233	-104
54	56	96	-104
55	56	96	-104
56	56	96	-104
57	56	97	-104
58	56	76	-104
59	56	11	-104
60	56	0	-104
61	56	0	-104
62	56	11	-104
63	56	636	-104
64	56	46	-100
65	56	19	-68
66	56	19	8
67	56	18	16
68	56	65	20
69	56	47	20
70	56	33	40
71	56	18	72
72	56	19	108
73	56	20	116
74	56	19	116
75	56	63	116
76	56	114	100
77	56	112	76
78	56	111	44
79	56	111	24
80	56	111	20
81	56	532	16
82	56	10	12
83	56	11	16
84	56	0	16
85	56	4	20
86	56	222	24
87	56	223	52
88	56	96	108
89	56	96	132
90	56	97	136
91	56	317	124
92	56	240	108
93	56	17	76
94	56	20	80
95	56	18	100
96	56	18	96
97	56	18	84
98	56	19	72
99	56	229	64
100	56	712	44
101	56	230	32
102	56	19	28
103	56	19	24
104	56	16	28
105	56	11	28
106	56	11	-12
107	56	222	-72
108	56	254	-72
109	56	295	-72
110	56	338	-72
111	56	319	-72
112	56	254	-72
113	56	254	-72
114	56	254	-72
115	56	254	-72
116	56	254	-16
117	56	713	24
118	56	357	16
119	56	639	20
120	56	96	12
121	56	96	8
122	56	96	4
123	56	96	4
124	56	96	4
125	56	96	4
126	56	96	4
127	56	96	4
128	56	96	0
0	57	96	0
1	57	96	4
2	57	96	4
3	57	96	4
4	57	96	4
5	57	96	4
6	57	96	4
7	57	97	4
8	57	76	4
9	57	0	4
10	57	5	4
11	57	5	4
12	57	0	-40
13	57	4	-32
14	57	74	-72
15	57	95	-72
16	57	232	-72
17	57	331	-72
18	57	685	-72
19	57	4	-72
20	57	0	-12
21	57	17	-16
22	57	18	24
23	57	20	32
24	57	16	48
25	57	11	56
26	57	17	68
27	57	65	56
28	57	714	44
29	57	427	24
30	57	715	20
31	57	716	-24
32	57	717	-24
33	57	718	-28
34	57	719	-24
35	57	720	-72
36	57	50	-72
37	57	50	-72
38	57	721	-72
39	57	722	-72
40	57	723	-72
41	57	724	-72
42	57	725	-72
43	57	726	-72
44	57	727	-72
45	57	728	-76
46	57	0	-96
47	57	729	-104
48	57	730	-104
49	57	26	-104
50	57	16	-104
51	57	122	-104
52	57	639	-104
53	57	96	-104
54	57	96	-104
55	57	96	-104
56	57	96	-104
57	57	121	-104
58	57	5	-104
59	57	4	-104
60	57	4	-104
61	57	1	-104
62	57	731	-104
63	57	93	-104
64	57	44	-104
65	57	46	-100
66	57	20	-72
67	57	16	4
68	57	0	16
69	57	32	20
70	57	47	32
71	57	20	64
72	57	19	92
73	57	63	116
74	57	114	116
75	57	80	116
76	57	111	108
77	57	194	84
78	57	153	56
79	57	153	28
80	57	154	20
81	57	14	20
82	57	10	16
83	57	5	16
84	57	4	20
85	57	5	20
86	57	120	24
87	57	96	64
88	57	96	116
89	57	96	136
90	57	732	140
91	57	123	128
92	57	17	104
93	57	18	80
94	57	19	88
95	57	21	100
96	57	22	100
97	57	23	96
98	57	733	88
99	57	734	80
100	57	167	60
101	57	20	44
102	57	18	32
103	57	16	28
104	57	0	28
105	57	9	32
106	57	10	-8
107	57	11	-8
108	57	32	-72
109	57	47	-72
110	57	204	-72
111	57	11	-72
112	57	0	-72
113	57	5	-72
114	57	11	-72
115	57	0	-72
116	57	664	-8
117	57	408	28
118	57	222	20
119	57	254	20
120	57	254	8
121	57	223	8
122	57	96	4
123	57	96	4
124	57	96	4
125	57	96	4
126	57	96	0
127	57	96	4
128	57	96	0
0	58	96	0
1	58	96	4
2	58	96	4
3	58	96	4
4	58	96	4
5	58	96	4
6	58	96	4
7	58	97	4
8	58	76	4
9	58	11	4
10	58	0	4
11	58	4	4
12	58	74	8
13	58	95	-24
14	58	253	-72
15	58	713	-72
16	58	357	-72
17	58	123	-72
18	58	0	-72
19	58	5	-72
20	58	454	-72
21	58	23	-12
22	58	19	28
23	58	14	32
24	58	577	56
25	58	327	72
26	58	735	76
27	58	688	72
28	58	143	60
29	58	736	32
30	58	737	20
31	58	738	20
32	58	739	20
33	58	740	20
34	58	741	-24
35	58	130	-24
36	58	386	-72
37	58	742	-72
38	58	743	-72
39	58	744	-72
40	58	745	-72
41	58	90	-72
42	58	91	-72
43	58	92	-72
44	58	746	-72
45	58	0	-72
46	58	98	-84
47	58	554	-100
48	58	47	-104
49	58	204	-104
50	58	4	-104
51	58	120	-104
52	58	96	-104
53	58	96	-104
54	58	96	-104
55	58	96	-104
56	58	121	-104
57	58	11	-104
58	58	0	-104
59	58	0	-104
60	58	98	-104
61	58	203	-104
62	58	19	-104
63	58	89	-104
64	58	93	-104
65	58	18	-104
66	58	14	-104
67	58	15	-100
68	58	13	-4
69	58	16	12
70	58	20	24
71	58	63	48
72	58	114	72
73	58	80	100
74	58	194	116
75	58	153	116
76	58	154	104
77	58	19	80
78	58	19	60
79	58	20	36
80	58	20	20
81	58	16	20
82	58	11	16
83	58	11	16
84	58	11	20
85	58	120	20
86	58	96	28
87	58	96	84
88	58	96	132
89	58	121	148
90	58	11	144
91	58	17	124
92	58	20	88
93	58	18	60
94	58	27	76
95	58	7	84
96	58	747	96
97	58	748	100
98	58	734	100
99	58	242	88
100	58	230	72
101	58	18	56
102	58	16	36
103	58	9	32
104	58	13	32
105	58	14	36
106	58	15	36
107	58	15	-4
108	58	15	-24
109	58	15	-72
110	58	15	-72
111	58	10	-72
112	58	4	-72
113	58	0	-72
114	58	5	-72
115	58	606	-72
116	58	187	36
117	58	11	28
118	58	5	16
119	58	11	20
120	58	120	8
121	58	96	8
122	58	96	4
123	58	96	4
124	58	96	4
125	58	96	4
126	58	96	4
127	58	96	4
128	58	96	0
0	59	96	0
1	59	96	4
2	59	96	4
3	59	96	4
4	59	96	4
5	59	96	4
6	59	96	4
7	59	97	4
8	59	76	4
9	59	5	4
10	59	74	4
11	59	95	8
12	59	253	16
13	59	314	-16
14	59	0	-12
15	59	5	-72
16	59	5	-72
17	59	5	-72
18	59	0	-72
19	59	749	-72
20	59	26	-72
21	59	20	-16
22	59	19	28
23	59	55	32
24	59	50	60
25	59	750	80
26	59	600	92
27	59	170	88
28	59	736	76
29	59	737	48
30	59	751	24
31	59	752	24
32	59	737	20
33	59	753	20
34	59	712	20
35	59	754	-24
36	59	755	-24
37	59	600	-24
38	59	415	-24
39	59	54	-24
40	59	38	-24
41	59	19	-28
42	59	20	-28
43	59	16	-28
44	59	664	-28
45	59	407	-32
46	59	408	-36
47	59	0	-76
48	59	11	-96
49	59	4	-100
50	59	222	-100
51	59	223	-104
52	59	96	-104
53	59	96	-104
54	59	232	-104
55	59	266	-104
56	59	0	-104
57	59	5	-104
58	59	5	-104
59	59	11	-104
60	59	17	-104
61	59	18	-104
62	59	18	-104
63	59	20	-104
64	59	20	-104
65	59	19	-104
66	59	20	-104
67	59	19	-100
68	59	18	-20
69	59	18	-4
70	59	87	8
71	59	81	36
72	59	112	56
73	59	88	76
74	59	65	92
75	59	432	100
76	59	23	88
77	59	20	72
78	59	20	52
79	59	20	32
80	59	16	20
81	59	5	20
82	59	5	20
83	59	74	20
84	59	95	20
85	59	96	24
86	59	96	44
87	59	96	108
88	59	121	140
89	59	5	152
90	59	32	144
91	59	33	120
92	59	65	72
93	59	77	40
94	59	7	52
95	59	756	68
96	59	757	84
97	59	734	96
98	59	183	100
99	59	167	96
100	59	18	92
101	59	16	72
102	59	17	52
103	59	20	40
104	59	20	36
105	59	19	40
106	59	65	40
107	59	33	36
108	59	20	-4
109	59	20	-72
110	59	16	-72
111	59	0	-72
112	59	4	-72
113	59	11	-72
114	59	4	-72
115	59	5	-72
116	59	5	40
117	59	11	32
118	59	4	24
119	59	222	20
120	59	223	12
121	59	96	8
122	59	96	4
123	59	96	4
124	59	96	4
125	59	96	4
126	59	96	0
127	59	96	4
128	59	96	0
0	60	96	0
1	60	96	4
2	60	96	4
3	60	96	4
4	60	96	4
5	60	96	4
6	60	96	4
7	60	97	8
8	60	75	4
9	60	95	4
10	60	253	12
11	60	314	16
12	60	0	28
13	60	11	-24
14	60	9	-16
15	60	420	-72
16	60	383	-72
17	60	4	-72
18	60	17	-72
19	60	21	-72
20	60	22	-72
21	60	22	-16
22	60	758	24
23	60	130	36
24	60	759	56
25	60	180	88
26	60	609	132
27	60	760	100
28	60	738	84
29	60	761	56
30	60	752	32
31	60	762	28
32	60	763	20
33	60	734	20
34	60	734	20
35	60	764	20
36	60	765	20
37	60	766	20
38	60	767	20
39	60	54	20
40	60	35	20
41	60	38	20
42	60	14	20
43	60	768	20
44	60	143	16
45	60	171	12
46	60	5	12
47	60	4	8
48	60	4	8
49	60	5	0
50	60	120	-100
51	60	96	-100
52	60	96	-104
53	60	246	-104
54	60	647	-104
55	60	5	-104
56	60	0	-104
57	60	4	-104
58	60	5	-104
59	60	17	-104
60	60	18	-104
61	60	19	-104
62	60	63	-104
63	60	61	-104
64	60	64	-104
65	60	19	-104
66	60	20	-104
67	60	20	-104
68	60	18	-100
69	60	87	-100
70	60	81	-20
71	60	194	-8
72	60	154	0
73	60	769	36
74	60	12	64
75	60	28	72
76	60	20	68
77	60	18	56
78	60	20	40
79	60	16	28
80	60	0	20
81	60	5	20
82	60	120	20
83	60	96	20
84	60	96	20
85	60	96	28
86	60	96	76
87	60	121	128
88	60	5	148
89	60	4	152
90	60	17	172
91	60	16	104
92	60	98	48
93	60	770	28
94	60	771	40
95	60	772	44
96	60	773	64
97	60	774	84
98	60	775	96
99	60	118	100
100	60	16	104
101	60	32	88
102	60	776	60
103	60	777	40
104	60	490	36
105	60	14	40
106	60	373	40
107	60	33	40
108	60	20	40
109	60	14	4
110	60	15	-72
111	60	10	-72
112	60	778	-72
113	60	779	-72
114	60	780	-72
115	60	10	-72
116	60	11	-8
117	60	11	28
118	60	0	20
119	60	222	20
120	60	223	12
121	60	96	8
122	60	96	8
123	60	96	4
124	60	96	4
125	60	96	4
126	60	96	4
127	60	96	4
128	60	96	0
0	61	96	0
1	61	96	4
2	61	96	4
3	61	96	4
4	61	96	4
5	61	96	4
6	61	96	4
7	61	96	8
8	61	253	8
9	61	314	12
10	61	5	16
11	61	4	20
12	61	0	24
13	61	32	-16
14	61	781	-72
15	61	392	-72
16	61	420	-72
17	61	782	-72
18	61	783	-72
19	61	7	-72
20	61	7	-72
21	61	747	-12
22	61	30	32
23	61	16	28
24	61	11	56
25	61	17	88
26	61	784	100
27	61	785	104
28	61	786	96
29	61	787	64
30	61	788	32
31	61	789	24
32	61	790	24
33	61	791	24
34	61	734	20
35	61	166	20
36	61	166	20
37	61	792	24
38	61	793	24
39	61	706	20
40	61	431	20
41	61	20	20
42	61	185	20
43	61	186	20
44	61	187	20
45	61	0	16
46	61	5	16
47	61	0	12
48	61	11	12
49	61	120	12
50	61	96	0
51	61	96	-100
52	61	96	-104
53	61	121	-104
54	61	4	-104
55	61	5	-104
56	61	0	-104
57	61	4	-104
58	61	17	-104
59	61	19	-104
60	61	18	-104
61	61	87	-104
62	61	112	-104
63	61	88	-104
64	61	19	-104
65	61	20	-104
66	61	19	-104
67	61	19	-104
68	61	87	-104
69	61	81	-104
70	61	88	-100
71	61	20	-20
72	61	794	-8
73	61	590	20
74	61	28	36
75	61	20	40
76	61	18	44
77	61	65	36
78	61	204	28
79	61	5	24
80	61	0	20
81	61	120	20
82	61	96	20
83	61	96	20
84	61	96	20
85	61	96	44
86	61	121	96
87	61	5	128
88	61	5	140
89	61	17	144
90	61	16	128
91	61	4	84
92	61	385	32
93	61	386	20
94	61	50	24
95	61	795	36
96	61	796	44
97	61	600	64
98	61	797	84
99	61	374	104
100	61	798	104
101	61	799	96
102	61	800	72
103	61	801	44
104	61	65	36
105	61	204	36
106	61	32	40
107	61	47	36
108	61	47	40
109	61	47	-4
110	61	204	-72
111	61	802	-72
112	61	803	-72
113	61	804	-72
114	61	805	-72
115	61	15	-72
116	61	15	-12
117	61	15	28
118	61	15	20
119	61	682	20
120	61	223	12
121	61	96	8
122	61	96	4
123	61	96	4
124	61	96	4
125	61	96	4
126	61	96	4
127	61	96	4
128	61	96	0
0	62	96	0
1	62	96	4
2	62	96	4
3	62	96	4
4	62	96	4
5	62	96	4
6	62	96	8
7	62	97	48
8	62	75	12
9	62	75	16
10	62	76	16
11	62	11	20
12	62	11	28
13	62	0	-16
14	62	32	-72
15	62	781	-72
16	62	806	-72
17	62	807	-72
18	62	7	-72
19	62	7	-72
20	62	808	-72
21	62	43	-16
22	62	14	28
23	62	15	28
24	62	13	52
25	62	18	84
26	62	809	96
27	62	810	108
28	62	810	104
29	62	811	68
30	62	93	40
31	62	65	24
32	62	812	24
33	62	790	24
34	62	791	24
35	62	734	24
36	62	813	20
37	62	814	20
38	62	815	24
39	62	816	20
40	62	39	24
41	62	30	32
42	62	16	32
43	62	11	28
44	62	5	20
45	62	5	16
46	62	0	16
47	62	11	16
48	62	120	16
49	62	96	16
50	62	232	16
51	62	233	-84
52	62	121	-104
53	62	0	-104
54	62	11	-104
55	62	5	-104
56	62	11	-104
57	62	17	-104
58	62	18	-104
59	62	19	-104
60	62	152	-104
61	62	153	-104
62	62	154	-104
63	62	19	-104
64	62	19	-104
65	62	18	-104
66	62	18	-104
67	62	87	-104
68	62	111	-104
69	62	138	-104
70	62	64	-104
71	62	14	-100
72	62	540	-84
73	62	817	-4
74	62	46	20
75	62	20	24
76	62	16	24
77	62	11	20
78	62	11	20
79	62	239	20
80	62	608	20
81	62	96	60
82	62	96	20
83	62	96	24
84	62	253	28
85	62	314	56
86	62	9	96
87	62	15	120
88	62	13	128
89	62	16	128
90	62	0	104
91	62	141	52
92	62	818	28
93	62	50	24
94	62	819	20
95	62	820	24
96	62	765	28
97	62	821	44
98	62	13	80
99	62	822	104
100	62	800	100
101	62	823	132
102	62	824	88
103	62	204	52
104	62	4	36
105	62	0	36
106	62	11	36
107	62	11	36
108	62	11	-4
109	62	4	-4
110	62	32	-72
111	62	825	-72
112	62	737	-72
113	62	826	-72
114	62	18	-72
115	62	20	-72
116	62	19	-12
117	62	18	28
118	62	16	16
119	62	222	16
120	62	223	12
121	62	96	8
122	62	96	8
123	62	96	4
124	62	96	4
125	62	96	4
126	62	96	4
127	62	96	4
128	62	96	0
0	63	96	0
1	63	96	4
2	63	96	4
3	63	96	4
4	63	96	4
5	63	96	4
6	63	96	8
7	63	96	8
8	63	96	12
9	63	97	12
10	63	76	20
11	63	4	28
12	63	5	-24
13	63	5	-16
14	63	11	-72
15	63	32	-72
16	63	235	-72
17	63	99	-72
18	63	99	-72
19	63	827	-72
20	63	45	-72
21	63	45	-16
22	63	45	32
23	63	45	32
24	63	45	40
25	63	66	76
26	63	70	96
27	63	90	104
28	63	93	100
29	63	21	80
30	63	433	48
31	63	828	28
32	63	18	28
33	63	733	28
34	63	183	24
35	63	242	64
36	63	829	20
37	63	830	24
38	63	831	20
39	63	832	36
40	63	369	52
41	63	204	56
42	63	11	48
43	63	0	36
44	63	11	24
45	63	239	20
46	63	304	20
47	63	95	16
48	63	96	20
49	63	246	20
50	63	318	20
51	63	314	-48
52	63	11	-84
53	63	11	-100
54	63	5	-104
55	63	0	-104
56	63	636	-104
57	63	45	-104
58	63	46	-104
59	63	18	-104
60	63	18	-104
61	63	19	-104
62	63	18	-104
63	63	20	-104
64	63	19	-104
65	63	20	-104
66	63	87	-104
67	63	111	-104
68	63	80	-104
69	63	833	-104
70	63	45	-104
71	63	45	-104
72	63	66	-104
73	63	274	-100
74	63	46	-96
75	63	16	16
76	63	5	20
77	63	5	20
78	63	701	20
79	63	206	20
80	63	96	20
81	63	96	20
82	63	253	20
83	63	314	24
84	63	0	32
85	63	17	56
86	63	18	80
87	63	19	104
88	63	16	108
89	63	5	104
90	63	227	72
91	63	834	32
92	63	835	24
93	63	836	24
94	63	733	20
95	63	734	28
96	63	242	24
97	63	230	40
98	63	837	68
99	63	838	96
100	63	839	104
101	63	10	104
102	63	5	100
103	63	5	64
104	63	325	40
105	63	326	36
106	63	840	36
107	63	240	-4
108	63	9	-12
109	63	15	-72
110	63	841	-72
111	63	842	-72
112	63	843	-72
113	63	20	-72
114	63	19	-72
115	63	20	-72
116	63	19	-12
117	63	14	28
118	63	10	16
119	63	222	16
120	63	254	12
121	63	223	8
122	63	96	8
123	63	96	4
124	63	96	4
125	63	96	4
126	63	96	4
127	63	96	0
128	63	96	0
0	64	96	0
1	64	96	4
2	64	96	4
3	64	96	4
4	64	96	4
5	64	96	4
6	64	96	8
7	64	96	8
8	64	96	12
9	64	97	12
10	64	76	20
11	64	4	24
12	64	0	-16
13	64	0	-72
14	64	0	-72
15	64	0	-72
16	64	11	-72
17	64	4	-72
18	64	359	-72
19	64	582	-72
20	64	582	-72
21	64	360	-12
22	64	70	32
23	64	90	32
24	64	90	40
25	64	93	72
26	64	20	92
27	64	20	108
28	64	27	108
29	64	7	92
30	64	28	60
31	64	20	24
32	64	844	24
33	64	845	28
34	64	846	24
35	64	847	24
36	64	848	28
37	64	737	20
38	64	826	36
39	64	16	68
40	64	5	80
41	64	4	76
42	64	5	64
43	64	0	52
44	64	701	32
45	64	206	24
46	64	96	20
47	64	96	20
48	64	96	20
49	64	121	20
50	64	5	20
51	64	11	20
52	64	0	16
53	64	5	-84
54	64	0	-100
55	64	849	-104
56	64	850	-104
57	64	851	-104
58	64	852	-104
59	64	46	-104
60	64	20	-104
61	64	19	-104
62	64	20	-104
63	64	20	-104
64	64	19	-104
65	64	152	-104
66	64	195	-104
67	64	80	-104
68	64	853	-104
69	64	854	-104
70	64	90	-104
71	64	90	-104
72	64	71	-104
73	64	72	-104
74	64	16	-100
75	64	11	-84
76	64	11	16
77	64	120	20
78	64	96	20
79	64	96	20
80	64	96	20
81	64	121	20
82	64	0	20
83	64	0	24
84	64	17	32
85	64	19	52
86	64	20	64
87	64	14	76
88	64	10	80
89	64	855	68
90	64	856	36
91	64	857	20
92	64	858	28
93	64	859	24
94	64	860	24
95	64	861	28
96	64	242	24
97	64	230	24
98	64	20	60
99	64	65	92
100	64	204	108
101	64	4	108
102	64	325	92
103	64	375	72
104	64	50	40
105	64	862	32
106	64	123	32
107	64	17	-12
108	64	18	-72
109	64	27	-72
110	64	7	-72
111	64	28	-72
112	64	863	-72
113	64	864	-72
114	64	20	-72
115	64	18	-72
116	64	229	-16
117	64	865	24
118	64	709	20
119	64	5	12
120	64	222	12
121	64	223	8
122	64	96	8
123	64	96	4
124	64	96	4
125	64	96	4
126	64	96	4
127	64	96	4
128	64	96	0
0	65	96	0
1	65	96	0
2	65	96	4
3	65	96	4
4	65	96	4
5	65	96	4
6	65	96	8
7	65	96	8
8	65	96	12
9	65	97	16
10	65	75	16
11	65	76	28
12	65	4	-12
13	65	0	-72
14	65	4	-72
15	65	4	-72
16	65	11	-72
17	65	0	-72
18	65	11	-72
19	65	11	-72
20	65	359	-12
21	65	866	-4
22	65	47	36
23	65	47	36
24	65	47	40
25	65	33	64
26	65	18	100
27	65	27	104
28	65	7	104
29	65	28	96
30	65	20	68
31	65	42	40
32	65	867	24
33	65	600	28
34	65	144	20
35	65	868	24
36	65	737	24
37	65	804	32
38	65	869	72
39	65	5	104
40	65	4	108
41	65	11	104
42	65	11	80
43	65	120	56
44	65	96	32
45	65	96	24
46	65	96	20
47	65	96	20
48	65	121	20
49	65	5	20
50	65	4	20
51	65	0	20
52	65	11	20
53	65	5	16
54	65	6	-96
55	65	7	-100
56	65	470	-104
57	65	870	-104
58	65	93	-104
59	65	19	-104
60	65	18	-104
61	65	18	-104
62	65	20	-104
63	65	18	-104
64	65	44	-104
65	65	871	-104
66	65	111	-104
67	65	111	-104
68	65	88	-104
69	65	19	-104
70	65	20	-104
71	65	273	-104
72	65	72	-104
73	65	16	-104
74	65	0	-104
75	65	4	-100
76	65	120	-84
77	65	96	-48
78	65	96	20
79	65	96	20
80	65	121	20
81	65	4	16
82	65	11	20
83	65	17	20
84	65	18	24
85	65	20	36
86	65	19	48
87	65	16	56
88	65	872	52
89	65	873	36
90	65	874	20
91	65	875	24
92	65	772	20
93	65	773	64
94	65	734	24
95	65	876	28
96	65	877	28
97	65	33	28
98	65	16	48
99	65	1	80
100	65	2	100
101	65	340	104
102	65	127	96
103	65	50	76
104	65	128	40
105	65	11	32
106	65	17	32
107	65	20	-16
108	65	27	-72
109	65	7	-72
110	65	878	-72
111	65	879	-72
112	65	826	-72
113	65	229	-72
114	65	712	-72
115	65	241	-16
116	65	166	-24
117	65	880	28
118	65	709	20
119	65	74	12
120	65	95	12
121	65	96	8
122	65	96	8
123	65	96	4
124	65	96	4
125	65	96	4
126	65	96	4
127	65	96	4
128	65	96	0
0	66	96	0
1	66	96	4
2	66	96	4
3	66	96	4
4	66	96	4
5	66	96	4
6	66	96	8
7	66	96	8
8	66	96	12
9	66	96	16
10	66	121	16
11	66	4	28
12	66	4	-12
13	66	4	-72
14	66	11	-72
15	66	9	-72
16	66	15	-72
17	66	10	-72
18	66	4	-72
19	66	11	-4
20	66	4	-4
21	66	11	36
22	66	0	36
23	66	5	36
24	66	32	36
25	66	47	52
26	66	235	88
27	66	236	132
28	66	26	100
29	66	20	104
30	66	20	80
31	66	881	44
32	66	765	28
33	66	882	24
34	66	879	20
35	66	738	24
36	66	739	28
37	66	883	52
38	66	0	104
39	66	5	128
40	66	0	128
41	66	5	120
42	66	120	96
43	66	96	56
44	66	96	28
45	66	96	24
46	66	253	20
47	66	314	60
48	66	4	20
49	66	5	20
50	66	0	20
51	66	5	20
52	66	0	24
53	66	6	24
54	66	7	20
55	66	7	-4
56	66	28	-84
57	66	20	-100
58	66	18	-104
59	66	18	-104
60	66	20	-104
61	66	20	-104
62	66	20	-104
63	66	273	-104
64	66	884	-104
65	66	885	-104
66	66	112	-104
67	66	138	-104
68	66	61	-104
69	66	61	-104
70	66	886	-104
71	66	93	-104
72	66	16	-104
73	66	11	-104
74	66	11	-104
75	66	120	-104
76	66	96	-104
77	66	96	-84
78	66	96	16
79	66	121	16
80	66	0	16
81	66	5	16
82	66	17	16
83	66	20	16
84	66	20	20
85	66	20	28
86	66	14	32
87	66	10	32
88	66	887	24
89	66	888	20
90	66	793	24
91	66	706	20
92	66	889	20
93	66	890	24
94	66	891	24
95	66	0	24
96	66	141	24
97	66	258	24
98	66	6	40
99	66	7	68
100	66	7	104
101	66	78	108
102	66	50	96
103	66	892	84
104	66	240	52
105	66	17	28
106	66	863	28
107	66	893	-16
108	66	786	-72
109	66	894	-72
110	66	895	-72
111	66	896	-72
112	66	733	-72
113	66	166	-72
114	66	183	-72
115	66	861	-16
116	66	734	28
117	66	897	20
118	66	95	16
119	66	96	16
120	66	253	12
121	66	254	48
122	66	254	8
123	66	223	4
124	66	96	4
125	66	96	4
126	66	96	4
127	66	96	4
128	66	96	0
0	67	96	0
1	67	96	4
2	67	96	4
3	67	96	4
4	67	96	4
5	67	96	4
6	67	96	4
7	67	96	8
8	67	96	12
9	67	97	20
10	67	76	20
11	67	11	28
12	67	11	-12
13	67	0	-72
14	67	32	-72
15	67	47	-72
16	67	204	-72
17	67	11	-72
18	67	5	-72
19	67	5	-4
20	67	5	40
21	67	0	36
22	67	11	40
23	67	0	36
24	67	4	36
25	67	11	44
26	67	32	72
27	67	47	96
28	67	33	104
29	67	19	104
30	67	733	84
31	67	183	64
32	67	898	44
33	67	738	36
34	67	761	24
35	67	752	20
36	67	883	32
37	67	0	84
38	67	5	128
39	67	5	144
40	67	5	140
41	67	120	128
42	67	96	96
43	67	96	44
44	67	96	20
45	67	121	20
46	67	4	20
47	67	0	20
48	67	0	20
49	67	5	24
50	67	11	28
51	67	0	36
52	67	749	44
53	67	25	40
54	67	25	36
55	67	26	20
56	67	18	-8
57	67	19	-20
58	67	20	-100
59	67	19	-104
60	67	19	-104
61	67	18	-104
62	67	89	-104
63	67	90	-104
64	67	899	-104
65	67	112	-104
66	67	81	-104
67	67	81	-104
68	67	112	-104
69	67	88	-104
70	67	20	-104
71	67	16	-104
72	67	0	-104
73	67	11	-104
74	67	120	-104
75	67	96	-104
76	67	96	-104
77	67	96	-100
78	67	97	0
79	67	76	12
80	67	11	12
81	67	17	12
82	67	18	16
83	67	18	16
84	67	20	20
85	67	20	20
86	67	16	20
87	67	0	20
88	67	124	20
89	67	900	20
90	67	901	24
91	67	56	24
92	67	902	20
93	67	903	20
94	67	0	20
95	67	122	24
96	67	123	24
97	67	6	24
98	67	7	32
99	67	7	64
100	67	904	96
101	67	905	104
102	67	906	100
103	67	123	88
104	67	907	56
105	67	879	28
106	67	908	32
107	67	895	-12
108	67	896	-72
109	67	20	-72
110	67	229	-72
111	67	241	-72
112	67	861	-72
113	67	876	-72
114	67	164	-72
115	67	909	-16
116	67	910	24
117	67	96	20
118	67	911	16
119	67	912	12
120	67	11	8
121	67	0	8
122	67	222	4
123	67	223	4
124	67	96	4
125	67	96	4
126	67	96	4
127	67	96	4
128	67	96	0
0	68	96	0
1	68	96	4
2	68	96	4
3	68	96	4
4	68	96	4
5	68	96	4
6	68	96	8
7	68	96	8
8	68	96	12
9	68	97	20
10	68	76	20
11	68	0	28
12	68	11	-8
13	68	4	-72
14	68	4	-72
15	68	0	-72
16	68	5	-72
17	68	5	-72
18	68	11	-72
19	68	11	4
20	68	11	40
21	68	11	40
22	68	4	40
23	68	11	40
24	68	0	36
25	68	5	40
26	68	4	60
27	68	32	88
28	68	47	104
29	68	913	100
30	68	914	96
31	68	915	84
32	68	751	64
33	68	7	44
34	68	752	40
35	68	883	28
36	68	4	48
37	68	11	104
38	68	11	172
39	68	11	152
40	68	120	148
41	68	96	128
42	68	96	76
43	68	96	28
44	68	121	20
45	68	4	20
46	68	4	20
47	68	5	20
48	68	0	20
49	68	4	28
50	68	0	40
51	68	17	56
52	68	29	68
53	68	30	72
54	68	19	64
55	68	18	36
56	68	18	0
57	68	19	-8
58	68	20	-20
59	68	20	-100
60	68	19	-100
61	68	19	-104
62	68	20	-104
63	68	916	-104
64	68	917	-104
65	68	918	-104
66	68	195	-104
67	68	111	-104
68	68	138	-104
69	68	64	-104
70	68	14	-104
71	68	10	-104
72	68	5	-104
73	68	120	-104
74	68	96	-104
75	68	96	-104
76	68	96	-104
77	68	96	-100
78	68	121	-100
79	68	5	0
80	68	17	8
81	68	20	8
82	68	18	12
83	68	19	12
84	68	20	16
85	68	14	20
86	68	10	20
87	68	0	20
88	68	385	20
89	68	386	20
90	68	50	20
91	68	50	20
92	68	919	20
93	68	10	20
94	68	11	20
95	68	11	20
96	68	920	20
97	68	52	28
98	68	921	32
99	68	922	56
100	68	923	84
101	68	146	100
102	68	147	132
103	68	924	88
104	68	925	56
105	68	926	36
106	68	18	24
107	68	20	-16
108	68	229	-72
109	68	241	-72
110	68	860	-72
111	68	183	-72
112	68	927	-72
113	68	272	-72
114	68	608	-16
115	68	253	-24
116	68	928	28
117	68	929	16
118	68	880	12
119	68	709	4
120	68	4	4
121	68	4	8
122	68	222	4
123	68	223	4
124	68	96	4
125	68	96	4
126	68	96	4
127	68	96	4
128	68	96	0
0	69	96	0
1	69	96	4
2	69	96	0
3	69	96	4
4	69	96	4
5	69	96	4
6	69	96	4
7	69	96	8
8	69	96	12
9	69	97	20
10	69	75	24
11	69	76	32
12	69	11	40
13	69	4	-72
14	69	11	-72
15	69	5	-72
16	69	5	-72
17	69	4	-72
18	69	5	-72
19	69	4	-72
20	69	11	-4
21	69	11	36
22	69	0	40
23	69	4	40
24	69	4	36
25	69	4	40
26	69	11	52
27	69	0	72
28	69	11	92
29	69	32	96
30	69	930	100
31	69	931	96
32	69	786	84
33	69	787	68
34	69	883	52
35	69	4	40
36	69	0	72
37	69	0	120
38	69	11	144
39	69	222	152
40	69	223	140
41	69	96	108
42	69	96	44
43	69	618	24
44	69	240	20
45	69	5	20
46	69	5	20
47	69	11	20
48	69	11	20
49	69	11	32
50	69	32	52
51	69	932	72
52	69	43	88
53	69	18	100
54	69	20	92
55	69	19	76
56	69	20	56
57	69	19	36
58	69	19	8
59	69	20	-4
60	69	18	-20
61	69	19	-100
62	69	273	-104
63	69	70	-104
64	69	93	-104
65	69	87	-104
66	69	81	-104
67	69	112	-104
68	69	88	-104
69	69	65	-104
70	69	204	-104
71	69	11	-104
72	69	120	-104
73	69	96	-104
74	69	96	-104
75	69	96	-104
76	69	96	-104
77	69	121	-104
78	69	11	-100
79	69	32	-100
80	69	33	-96
81	69	20	-76
82	69	19	-36
83	69	20	-32
84	69	19	-28
85	69	16	-28
86	69	4	-28
87	69	32	-28
88	69	393	-24
89	69	104	-24
90	69	721	-24
91	69	933	-24
92	69	934	-24
93	69	452	-24
94	69	577	20
95	69	375	20
96	69	56	20
97	69	57	24
98	69	795	24
99	69	860	48
100	69	876	76
101	69	935	88
102	69	868	92
103	69	936	80
104	69	43	60
105	69	863	32
106	69	864	28
107	69	733	-16
108	69	734	-72
109	69	734	-72
110	69	876	-72
111	69	937	-72
112	69	288	-72
113	69	938	-72
114	69	266	-12
115	69	182	-16
116	69	166	16
117	69	860	8
118	69	891	4
119	69	0	4
120	69	4	4
121	69	0	4
122	69	222	4
123	69	223	4
124	69	96	4
125	69	96	4
126	69	96	4
127	69	96	4
128	69	96	0
0	70	96	0
1	70	96	4
2	70	96	4
3	70	96	4
4	70	96	4
5	70	96	4
6	70	96	4
7	70	96	8
8	70	96	8
9	70	96	20
10	70	97	16
11	70	75	28
12	70	75	36
13	70	75	-72
14	70	75	-72
15	70	75	-72
16	70	75	-72
17	70	75	-72
18	70	317	-72
19	70	304	-72
20	70	75	-24
21	70	75	-4
22	70	76	36
23	70	4	36
24	70	4	32
25	70	5	32
26	70	5	36
27	70	5	56
28	70	5	72
29	70	0	88
30	70	939	100
31	70	940	100
32	70	940	96
33	70	941	84
34	70	5	76
35	70	4	60
36	70	0	88
37	70	5	124
38	70	5	144
39	70	120	148
40	70	96	132
41	70	96	84
42	70	246	28
43	70	647	20
44	70	11	20
45	70	0	16
46	70	0	16
47	70	11	20
48	70	0	20
49	70	0	36
50	70	17	60
51	70	20	80
52	70	18	104
53	70	20	116
54	70	20	116
55	70	29	100
56	70	30	72
57	70	18	48
58	70	18	24
59	70	18	12
60	70	18	-4
61	70	273	-100
62	70	72	-104
63	70	20	-104
64	70	152	-104
65	70	195	-104
66	70	112	-104
67	70	138	-104
68	70	381	-104
69	70	4	-104
70	70	5	-104
71	70	222	-104
72	70	223	-104
73	70	96	-104
74	70	96	-104
75	70	96	-104
76	70	97	-104
77	70	76	-104
78	70	4	-104
79	70	32	-104
80	70	47	-104
81	70	47	-100
82	70	33	-84
83	70	20	-72
84	70	14	-72
85	70	10	-72
86	70	5	-72
87	70	5	-72
88	70	385	-72
89	70	942	-72
90	70	57	-72
91	70	50	-72
92	70	54	-72
93	70	49	-24
94	70	50	-24
95	70	50	20
96	70	50	20
97	70	795	20
98	70	861	20
99	70	943	32
100	70	13	60
101	70	868	72
102	70	804	76
103	70	944	72
104	70	879	56
105	70	826	32
106	70	945	28
107	70	791	-12
108	70	876	-72
109	70	202	-72
110	70	286	-72
111	70	332	-72
112	70	323	-72
113	70	685	-72
114	70	163	-72
115	70	165	-24
116	70	861	8
117	70	880	4
118	70	709	4
119	70	4	4
120	70	4	4
121	70	11	4
122	70	222	4
123	70	223	4
124	70	96	4
125	70	96	4
126	70	96	4
127	70	96	4
128	70	96	0
0	71	96	0
1	71	96	4
2	71	96	0
3	71	96	4
4	71	96	4
5	71	96	4
6	71	96	4
7	71	96	8
8	71	96	8
9	71	96	20
10	71	96	20
11	71	96	28
12	71	96	-8
13	71	96	-72
14	71	96	-72
15	71	96	-72
16	71	96	-72
17	71	246	-72
18	71	206	-72
19	71	96	-72
20	71	96	-72
21	71	97	-8
22	71	76	-8
23	71	5	32
24	71	0	28
25	71	5	28
26	71	4	32
27	71	0	44
28	71	4	60
29	71	11	80
30	71	11	88
31	71	4	96
32	71	0	100
33	71	946	100
34	71	947	88
35	71	5	80
36	71	11	104
37	71	0	128
38	71	120	140
39	71	96	136
40	71	96	116
41	71	96	64
42	71	121	24
43	71	5	20
44	71	5	20
45	71	0	16
46	71	5	16
47	71	9	20
48	71	15	20
49	71	13	28
50	71	20	56
51	71	20	84
52	71	18	108
53	71	19	116
54	71	42	116
55	71	43	116
56	71	20	92
57	71	18	64
58	71	19	32
59	71	19	20
60	71	273	16
61	71	72	4
62	71	18	-72
63	71	20	-100
64	71	152	-104
65	71	195	-104
66	71	81	-104
67	71	113	-104
68	71	4	-104
69	71	5	-104
70	71	11	-104
71	71	222	-104
72	71	223	-104
73	71	96	-104
74	71	96	-104
75	71	96	-104
76	71	97	-104
77	71	76	-104
78	71	11	-104
79	71	0	-104
80	71	11	-104
81	71	17	-104
82	71	18	-96
83	71	19	-76
84	71	14	-72
85	71	15	-72
86	71	148	-72
87	71	948	-72
88	71	949	-72
89	71	950	-72
90	71	386	-72
91	71	50	-72
92	71	50	-72
93	71	50	-72
94	71	50	-24
95	71	50	-28
96	71	951	-24
97	71	164	-24
98	71	935	20
99	71	19	24
100	71	784	44
101	71	895	56
102	71	952	68
103	71	953	56
104	71	826	48
105	71	18	32
106	71	733	24
107	71	880	-16
108	71	709	-12
109	71	122	-72
110	71	954	-72
111	71	331	-72
112	71	685	-72
113	71	5	-72
114	71	182	-72
115	71	166	-32
116	71	955	-40
117	71	956	4
118	71	3	4
119	71	11	4
120	71	5	4
121	71	4	4
122	71	222	4
123	71	223	4
124	71	96	4
125	71	96	4
126	71	96	4
127	71	96	4
128	71	96	0
0	72	96	0
1	72	96	4
2	72	96	4
3	72	96	4
4	72	96	4
5	72	96	4
6	72	96	4
7	72	96	8
8	72	96	12
9	72	96	20
10	72	96	16
11	72	96	24
12	72	96	-16
13	72	96	-72
14	72	96	-72
15	72	96	-72
16	72	96	-72
17	72	96	-72
18	72	96	-72
19	72	96	-72
20	72	96	-72
21	72	97	-72
22	72	75	-12
23	72	317	28
24	72	493	28
25	72	10	24
26	72	5	28
27	72	5	32
28	72	4	44
29	72	4	64
30	72	4	72
31	72	4	84
32	72	957	96
33	72	958	100
34	72	0	80
35	72	0	76
36	72	382	108
37	72	959	124
38	72	96	136
39	72	96	132
40	72	96	108
41	72	97	52
42	72	76	24
43	72	11	20
44	72	0	16
45	72	5	16
46	72	17	12
47	72	18	16
48	72	20	20
49	72	18	24
50	72	19	44
51	72	21	76
52	72	455	100
53	72	960	116
54	72	23	116
55	72	19	116
56	72	20	108
57	72	18	72
58	72	20	40
59	72	273	20
60	72	72	20
61	72	18	16
62	72	18	8
63	72	19	-68
64	72	87	-100
65	72	81	-104
66	72	532	-104
67	72	10	-104
68	72	5	-104
69	72	0	-104
70	72	4	-104
71	72	120	-104
72	72	96	-104
73	72	96	-104
74	72	96	-104
75	72	96	-104
76	72	97	-104
77	72	76	-104
78	72	0	-104
79	72	5	-104
80	72	32	-104
81	72	47	-104
82	72	33	-104
83	72	20	-88
84	72	18	-72
85	72	27	-72
86	72	448	-72
87	72	12	-72
88	72	28	-72
89	72	129	-72
90	72	386	-72
91	72	50	-72
92	72	213	-72
93	72	101	-72
94	72	101	-72
95	72	214	-72
96	72	5	-72
97	72	32	-28
98	72	776	-24
99	72	777	-24
100	72	777	32
101	72	961	44
102	72	962	48
103	72	896	44
104	72	19	36
105	72	733	28
106	72	774	24
107	72	963	28
108	72	146	-16
109	72	964	-72
110	72	357	-72
111	72	123	-72
112	72	0	-72
113	72	163	-72
114	72	165	-72
115	72	965	-72
116	72	7	-40
117	72	8	4
118	72	5	4
119	72	11	4
120	72	5	4
121	72	4	4
122	72	120	4
123	72	96	4
124	72	96	4
125	72	96	4
126	72	96	4
127	72	96	4
128	72	96	0
0	73	96	0
1	73	96	4
2	73	96	0
3	73	96	4
4	73	96	4
5	73	96	4
6	73	96	8
7	73	96	8
8	73	96	12
9	73	96	16
10	73	96	24
11	73	96	24
12	73	253	-8
13	73	254	-12
14	73	254	-72
15	73	223	-72
16	73	96	-72
17	73	96	-72
18	73	96	-72
19	73	96	-72
20	73	96	-72
21	73	96	-72
22	73	246	-24
23	73	316	-16
24	73	613	20
25	73	240	20
26	73	11	20
27	73	11	24
28	73	0	36
29	73	4	44
30	73	0	56
31	73	966	64
32	73	967	84
33	73	0	80
34	73	4	80
35	73	306	84
36	73	968	96
37	73	232	116
38	73	624	116
39	73	366	112
40	73	96	88
41	73	121	44
42	73	0	28
43	73	5	20
44	73	11	20
45	73	17	16
46	73	20	16
47	73	20	16
48	73	19	20
49	73	18	20
50	73	27	28
51	73	470	56
52	73	471	88
53	73	28	116
54	73	20	116
55	73	19	116
56	73	18	112
57	73	19	80
58	73	89	44
59	73	969	20
60	73	22	20
61	73	22	60
62	73	23	20
63	73	87	16
64	73	80	-64
65	73	88	-96
66	73	16	-100
67	73	0	-104
68	73	11	-104
69	73	5	-104
70	73	222	-104
71	73	223	-104
72	73	96	-104
73	73	96	-104
74	73	96	-104
75	73	96	-104
76	73	121	-104
77	73	4	-104
78	73	11	-104
79	73	4	-104
80	73	0	-104
81	73	17	-104
82	73	65	-104
83	73	47	-100
84	73	235	-80
85	73	590	-72
86	73	7	-72
87	73	28	-72
88	73	18	-72
89	73	129	-72
90	73	130	-72
91	73	970	-72
92	73	5	-72
93	73	0	-72
94	73	239	-72
95	73	240	-72
96	73	4	-72
97	73	971	-72
98	73	800	-72
99	73	800	-28
100	73	801	-28
101	73	29	-24
102	73	30	32
103	73	20	32
104	73	945	28
105	73	820	24
106	73	972	20
107	73	861	24
108	73	880	-16
109	73	709	-72
110	73	145	-72
111	73	146	-72
112	73	146	-72
113	73	973	-72
114	73	974	-72
115	73	99	-72
116	73	328	-40
117	73	4	4
118	73	5	4
119	73	11	4
120	73	74	4
121	73	95	4
122	73	96	4
123	73	96	4
124	73	96	4
125	73	96	44
126	73	96	4
127	73	96	4
128	73	96	0
0	74	96	0
1	74	96	4
2	74	96	4
3	74	96	4
4	74	96	8
5	74	96	4
6	74	96	8
7	74	96	12
8	74	253	12
9	74	254	16
10	74	254	20
11	74	314	24
12	74	4	36
13	74	0	36
14	74	222	4
15	74	354	-72
16	74	233	-72
17	74	96	-72
18	74	96	-72
19	74	96	-72
20	74	96	-72
21	74	96	-72
22	74	96	-72
23	74	246	-24
24	74	620	24
25	74	75	24
26	74	76	28
27	74	11	28
28	74	5	28
29	74	11	28
30	74	975	40
31	74	976	92
32	74	4	60
33	74	0	72
34	74	359	72
35	74	977	68
36	74	632	88
37	74	633	92
38	74	978	96
39	74	979	92
40	74	121	72
41	74	4	44
42	74	5	32
43	74	5	32
44	74	17	24
45	74	20	20
46	74	18	16
47	74	19	16
48	74	20	20
49	74	24	20
50	74	25	24
51	74	25	40
52	74	26	72
53	74	19	96
54	74	18	116
55	74	20	112
56	74	18	104
57	74	18	76
58	74	794	48
59	74	590	24
60	74	7	20
61	74	28	20
62	74	87	20
63	74	111	20
64	74	88	-52
65	74	16	-56
66	74	5	-104
67	74	4	-104
68	74	11	-104
69	74	0	-104
70	74	120	-104
71	74	96	-104
72	74	96	-104
73	74	96	-104
74	74	96	-104
75	74	121	-104
76	74	4	-104
77	74	0	-104
78	74	0	-104
79	74	0	-104
80	74	17	-104
81	74	16	-104
82	74	0	-104
83	74	9	-104
84	74	540	-92
85	74	25	-76
86	74	26	-72
87	74	19	-72
88	74	19	-72
89	74	20	-72
90	74	16	-72
91	74	5	-72
92	74	11	-72
93	74	227	-72
94	74	356	-72
95	74	9	-72
96	74	980	-72
97	74	981	-72
98	74	982	-72
99	74	506	-72
100	74	42	-72
101	74	43	-28
102	74	116	-28
103	74	983	-24
104	74	984	20
105	74	166	16
106	74	860	16
107	74	860	20
108	74	880	-24
109	74	985	-72
110	74	166	-72
111	74	734	-72
112	74	891	-72
113	74	11	-72
114	74	11	-72
115	74	4	-72
116	74	0	-40
117	74	11	4
118	74	74	4
119	74	95	4
120	74	96	4
121	74	96	4
122	74	253	4
123	74	254	4
124	74	223	4
125	74	96	4
126	74	96	4
127	74	96	0
128	74	96	0
0	75	96	0
1	75	96	4
2	75	96	4
3	75	96	4
4	75	96	8
5	75	96	4
6	75	96	12
7	75	121	16
8	75	5	28
9	75	5	28
10	75	5	28
11	75	11	24
12	75	4	40
13	75	4	40
14	75	122	44
15	75	351	-4
16	75	254	-72
17	75	223	-72
18	75	96	-72
19	75	96	-72
20	75	96	-72
21	75	96	-72
22	75	96	-72
23	75	96	-24
24	75	96	24
25	75	97	24
26	75	76	24
27	75	4	32
28	75	4	28
29	75	4	32
30	75	11	32
31	75	0	40
32	75	5	44
33	75	11	48
34	75	120	56
35	75	986	60
36	75	987	72
37	75	988	84
38	75	989	80
39	75	121	68
40	75	4	60
41	75	5	40
42	75	5	32
43	75	17	28
44	75	20	64
45	75	20	24
46	75	18	24
47	75	19	20
48	75	18	20
49	75	20	20
50	75	19	20
51	75	19	28
52	75	18	48
53	75	18	76
54	75	18	92
55	75	19	96
56	75	20	84
57	75	14	64
58	75	462	44
59	75	463	24
60	75	990	20
61	75	114	20
62	75	111	20
63	75	88	-40
64	75	16	-48
65	75	4	-104
66	75	0	-104
67	75	4	-104
68	75	4	-104
69	75	222	-104
70	75	223	-104
71	75	96	-104
72	75	96	-104
73	75	96	-104
74	75	121	-104
75	75	5	-104
76	75	11	-104
77	75	0	-104
78	75	5	-104
79	75	32	-104
80	75	204	-104
81	75	0	-104
82	75	32	-104
83	75	47	-104
84	75	47	-100
85	75	991	-72
86	75	992	-48
87	75	47	-40
88	75	47	-72
89	75	204	-72
90	75	11	-72
91	75	0	-72
92	75	32	-72
93	75	204	-72
94	75	17	-72
95	75	116	-72
96	75	993	-72
97	75	506	-72
98	75	19	-72
99	75	20	-72
100	75	65	-72
101	75	994	-72
102	75	181	-72
103	75	913	-36
104	75	164	-32
105	75	165	-32
106	75	166	-32
107	75	860	-28
108	75	166	-28
109	75	183	-72
110	75	876	-72
111	75	202	-72
112	75	4	-28
113	75	11	-72
114	75	4	-72
115	75	5	-72
116	75	74	-40
117	75	95	4
118	75	96	4
119	75	253	4
120	75	254	4
121	75	314	4
122	75	5	4
123	75	222	4
124	75	223	4
125	75	96	4
126	75	96	4
127	75	96	4
128	75	96	0
0	76	96	0
1	76	96	4
2	76	96	8
3	76	96	8
4	76	96	8
5	76	96	12
6	76	97	52
7	76	76	24
8	76	4	28
9	76	0	28
10	76	5	36
11	76	11	36
12	76	11	36
13	76	11	40
14	76	5	44
15	76	5	44
16	76	222	-72
17	76	254	-72
18	76	223	-72
19	76	96	-72
20	76	96	-72
21	76	96	-72
22	76	96	-72
23	76	96	-24
24	76	96	24
25	76	97	28
26	76	75	32
27	76	75	32
28	76	76	36
29	76	0	44
30	76	239	48
31	76	304	44
32	76	75	44
33	76	95	52
34	76	246	56
35	76	995	52
36	76	322	56
37	76	96	72
38	76	121	68
39	76	4	64
40	76	5	48
41	76	11	44
42	76	17	40
43	76	20	36
44	76	18	36
45	76	18	28
46	76	18	24
47	76	18	20
48	76	18	20
49	76	19	20
50	76	18	20
51	76	18	20
52	76	20	28
53	76	20	48
54	76	19	64
55	76	19	72
56	76	18	64
57	76	24	48
58	76	996	36
59	76	390	24
60	76	81	20
61	76	81	-24
62	76	88	-24
63	76	16	-28
64	76	5	-84
65	76	4	-100
66	76	11	-104
67	76	0	-104
68	76	4	-104
69	76	222	-104
70	76	223	-104
71	76	96	-104
72	76	96	-104
73	76	97	-104
74	76	76	-104
75	76	5	-104
76	76	11	-104
77	76	11	-104
78	76	4	-104
79	76	0	-104
80	76	4	-104
81	76	11	-104
82	76	11	-104
83	76	0	-104
84	76	122	-48
85	76	686	-40
86	76	204	-24
87	76	0	-60
88	76	11	-44
89	76	9	-40
90	76	15	-72
91	76	15	-72
92	76	15	-72
93	76	13	-72
94	76	185	-72
95	76	997	-72
96	76	118	-72
97	76	20	-72
98	76	65	-72
99	76	204	-72
100	76	4	-72
101	76	5	-72
102	76	4	-72
103	76	4	-72
104	76	163	-72
105	76	164	-32
106	76	164	-32
107	76	164	-72
108	76	998	-72
109	76	999	-72
110	76	4	-72
111	76	4	-72
112	76	4	-72
113	76	0	-72
114	76	74	-72
115	76	95	-72
116	76	96	-40
117	76	253	4
118	76	314	4
119	76	4	4
120	76	4	4
121	76	11	4
122	76	11	4
123	76	222	4
124	76	223	4
125	76	96	4
126	76	96	4
127	76	96	4
128	76	96	0
0	77	96	0
1	77	96	8
2	77	96	8
3	77	96	12
4	77	96	16
5	77	96	20
6	77	97	20
7	77	76	28
8	77	5	32
9	77	11	32
10	77	0	36
11	77	5	40
12	77	11	40
13	77	0	40
14	77	5	44
15	77	0	44
16	77	4	-8
17	77	222	-72
18	77	254	-72
19	77	223	-72
20	77	96	-72
21	77	96	-72
22	77	96	-72
23	77	96	-24
24	77	96	28
25	77	96	32
26	77	96	40
27	77	97	40
28	77	75	48
29	77	305	48
30	77	206	56
31	77	96	52
32	77	96	60
33	77	96	56
34	77	96	60
35	77	96	52
36	77	96	60
37	77	121	64
38	77	5	56
39	77	5	52
40	77	5	48
41	77	17	48
42	77	20	48
43	77	20	40
44	77	18	40
45	77	20	32
46	77	18	32
47	77	18	24
48	77	18	20
49	77	20	20
50	77	20	20
51	77	20	20
52	77	20	20
53	77	20	32
54	77	19	36
55	77	18	44
56	77	20	40
57	77	87	32
58	77	81	24
59	77	81	20
60	77	194	20
61	77	1000	-24
62	77	204	-72
63	77	0	-72
64	77	5	-72
65	77	4	-84
66	77	4	-96
67	77	5	-104
68	77	0	-104
69	77	120	-52
70	77	96	-84
71	77	96	-92
72	77	96	-104
73	77	121	-104
74	77	4	-104
75	77	11	-104
76	77	5	-104
77	77	0	-104
78	77	4	-104
79	77	239	-104
80	77	240	-104
81	77	11	-104
82	77	11	-104
83	77	0	-104
84	77	4	-104
85	77	4	-88
86	77	0	-40
87	77	0	-20
88	77	32	-4
89	77	47	-56
90	77	47	-48
91	77	47	-40
92	77	47	-72
93	77	47	-72
94	77	994	-72
95	77	181	-72
96	77	47	-72
97	77	204	-72
98	77	5	-72
99	77	11	-72
100	77	11	-72
101	77	5	-72
102	77	4	-72
103	77	4	-72
104	77	4	-72
105	77	4	-72
106	77	4	-72
107	77	1001	-72
108	77	1002	-72
109	77	4	-72
110	77	4	-72
111	77	0	-72
112	77	4	-72
113	77	120	-72
114	77	96	-72
115	77	253	-72
116	77	314	-40
117	77	4	4
118	77	0	4
119	77	5	4
120	77	11	4
121	77	11	4
122	77	5	4
123	77	222	4
124	77	223	4
125	77	96	4
126	77	96	4
127	77	96	4
128	77	96	0
0	78	96	0
1	78	96	8
2	78	96	8
3	78	96	16
4	78	96	16
5	78	96	20
6	78	97	24
7	78	76	28
8	78	4	36
9	78	5	40
10	78	0	44
11	78	4	48
12	78	4	48
13	78	11	48
14	78	5	40
15	78	0	44
16	78	0	4
17	78	4	-12
18	78	315	-72
19	78	233	-72
20	78	96	-72
21	78	96	-72
22	78	96	-72
23	78	96	-24
24	78	232	-12
25	78	233	44
26	78	96	44
27	78	96	56
28	78	96	60
29	78	96	64
30	78	96	64
31	78	96	60
32	78	96	56
33	78	96	60
34	78	96	60
35	78	253	64
36	78	314	60
37	78	0	56
38	78	11	60
39	78	11	60
40	78	17	52
41	78	19	52
42	78	18	48
43	78	19	44
44	78	18	44
45	78	18	36
46	78	65	36
47	78	33	28
48	78	20	20
49	78	20	20
50	78	19	20
51	78	18	20
52	78	19	20
53	78	18	24
54	78	19	20
55	78	65	24
56	78	172	24
57	78	80	24
58	78	405	20
59	78	680	20
60	78	204	-24
61	78	5	-24
62	78	0	-72
63	78	11	-72
64	78	5	-72
65	78	0	-72
66	78	4	-80
67	78	239	-96
68	78	608	-48
69	78	96	-52
70	78	96	16
71	78	96	-56
72	78	97	-84
73	78	75	-104
74	78	75	-104
75	78	75	-104
76	78	75	-104
77	78	75	-104
78	78	305	-104
79	78	1003	-104
80	78	240	-104
81	78	4	-104
82	78	0	-104
83	78	5	-104
84	78	5	-104
85	78	11	-92
86	78	11	-48
87	78	4	-40
88	78	11	-20
89	78	11	-4
90	78	11	4
91	78	4	-52
92	78	5	-44
93	78	5	-40
94	78	4	-72
95	78	5	-72
96	78	0	-72
97	78	5	-72
98	78	5	-72
99	78	0	-72
100	78	5	-72
101	78	11	-72
102	78	5	-72
103	78	11	-72
104	78	4	-72
105	78	4	-72
106	78	606	-72
107	78	187	-72
108	78	0	-72
109	78	5	-72
110	78	11	-72
111	78	74	-72
112	78	95	-72
113	78	96	-72
114	78	121	-72
115	78	5	-72
116	78	11	-40
117	78	4	4
118	78	11	4
119	78	4	4
120	78	11	4
121	78	4	4
122	78	5	4
123	78	120	4
124	78	96	4
125	78	96	4
126	78	96	4
127	78	96	4
128	78	96	0
0	79	96	0
1	79	96	8
2	79	96	8
3	79	96	16
4	79	96	20
5	79	96	24
6	79	97	28
7	79	76	36
8	79	5	44
9	79	0	44
10	79	5	44
11	79	11	44
12	79	11	44
13	79	0	52
14	79	11	48
15	79	4	44
16	79	11	40
17	79	701	-8
18	79	206	-72
19	79	96	-72
20	79	96	-72
21	79	96	-72
22	79	96	-72
23	79	246	-72
24	79	206	-72
25	79	96	-72
26	79	96	-72
27	79	96	-76
28	79	96	-76
29	79	96	-76
30	79	96	-76
31	79	96	-76
32	79	253	56
33	79	254	68
34	79	314	64
35	79	11	68
36	79	5	68
37	79	4	64
38	79	9	64
39	79	13	56
40	79	20	56
41	79	19	52
42	79	18	52
43	79	20	52
44	79	20	48
45	79	14	40
46	79	13	44
47	79	18	40
48	79	20	28
49	79	19	20
50	79	20	20
51	79	18	20
52	79	19	20
53	79	18	20
54	79	1004	20
55	79	390	20
56	79	81	20
57	79	113	20
58	79	4	24
59	79	5	24
60	79	4	-24
61	79	4	-72
62	79	11	-72
63	79	11	-72
64	79	11	-72
65	79	74	-72
66	79	305	-72
67	79	206	-32
68	79	96	-44
69	79	96	20
70	79	96	20
71	79	96	20
72	79	96	-48
73	79	96	-84
74	79	96	-104
75	79	96	-104
76	79	96	-104
77	79	96	-104
78	79	246	-104
79	79	620	-104
80	79	75	-104
81	79	75	-104
82	79	75	-104
83	79	75	-104
84	79	75	-104
85	79	75	-104
86	79	75	-104
87	79	75	-88
88	79	76	-36
89	79	4	-20
90	79	11	-4
91	79	4	4
92	79	4	4
93	79	0	-44
94	79	5	-40
95	79	4	-40
96	79	11	-72
97	79	4	-72
98	79	5	-72
99	79	1005	-72
100	79	1006	-72
101	79	1007	-72
102	79	0	-72
103	79	11	-72
104	79	0	-72
105	79	4	-72
106	79	5	-72
107	79	4	-72
108	79	0	-72
109	79	11	-72
110	79	120	-72
111	79	96	-72
112	79	253	-72
113	79	314	-72
114	79	11	-72
115	79	0	-72
116	79	11	-40
117	79	5	4
118	79	4	4
119	79	0	4
120	79	0	4
121	79	11	4
122	79	222	4
123	79	223	4
124	79	96	4
125	79	96	4
126	79	96	0
127	79	96	4
128	79	96	0
0	80	96	0
1	80	96	12
2	80	96	16
3	80	96	20
4	80	96	16
5	80	96	28
6	80	97	32
7	80	76	36
8	80	0	44
9	80	4	44
10	80	11	48
11	80	5	52
12	80	4	48
13	80	5	52
14	80	239	48
15	80	304	44
16	80	95	4
17	80	96	-72
18	80	96	-72
19	80	96	-72
20	80	96	-72
21	80	96	-72
22	80	253	-72
23	80	254	-72
24	80	254	-72
25	80	354	-72
26	80	342	-72
27	80	254	-72
28	80	254	-72
29	80	254	-72
30	80	254	-72
31	80	314	-76
32	80	0	-76
33	80	0	-76
34	80	9	-80
35	80	15	-76
36	80	15	-76
37	80	13	-76
38	80	19	-76
39	80	19	-76
40	80	20	-76
41	80	20	56
42	80	18	52
43	80	19	52
44	80	18	44
45	80	20	44
46	80	19	-4
47	80	20	4
48	80	19	-8
49	80	20	-12
50	80	18	-80
51	80	19	-80
52	80	19	-64
53	80	87	-32
54	80	112	-32
55	80	81	-32
56	80	113	24
57	80	4	28
58	80	4	36
59	80	0	28
60	80	11	-24
61	80	4	-72
62	80	5	-72
63	80	74	-72
64	80	95	-72
65	80	96	-24
66	80	96	-28
67	80	96	-24
68	80	96	24
69	80	96	32
70	80	96	32
71	80	96	28
72	80	96	24
73	80	96	-52
74	80	96	-92
75	80	96	-104
76	80	96	-104
77	80	96	-104
78	80	96	-104
79	80	96	-104
80	80	96	-104
81	80	232	-104
82	80	342	-104
83	80	254	-104
84	80	354	-104
85	80	342	-104
86	80	223	-104
87	80	121	-104
88	80	4	-44
89	80	5	-32
90	80	4	-16
91	80	11	-68
92	80	11	-64
93	80	0	-56
94	80	11	-76
95	80	74	-72
96	80	75	-72
97	80	75	-72
98	80	1008	-72
99	80	800	-72
100	80	1009	-72
101	80	1007	-72
102	80	11	-72
103	80	0	-72
104	80	5	-72
105	80	5	-72
106	80	11	-72
107	80	4	-72
108	80	74	-72
109	80	95	-72
110	80	96	-72
111	80	121	-72
112	80	4	-72
113	80	9	-72
114	80	15	-72
115	80	15	-40
116	80	15	-40
117	80	15	4
118	80	10	4
119	80	5	4
120	80	5	4
121	80	4	4
122	80	222	4
123	80	254	4
124	80	223	4
125	80	96	4
126	80	96	4
127	80	96	4
128	80	96	0
0	81	96	0
1	81	96	8
2	81	96	20
3	81	96	20
4	81	96	20
5	81	96	28
6	81	97	40
7	81	76	40
8	81	74	44
9	81	75	48
10	81	75	52
11	81	75	52
12	81	75	52
13	81	305	52
14	81	206	44
15	81	96	-4
16	81	96	-80
17	81	96	-72
18	81	96	-72
19	81	96	-72
20	81	253	-72
21	81	314	-72
22	81	4	-72
23	81	0	-72
24	81	122	-72
25	81	123	-72
26	81	4	-72
27	81	11	-72
28	81	5	-72
29	81	4	-72
30	81	4	-72
31	81	0	-72
32	81	0	-72
33	81	32	-72
34	81	33	-72
35	81	18	-76
36	81	19	-76
37	81	20	-76
38	81	20	-76
39	81	18	-76
40	81	18	-76
41	81	19	16
42	81	20	8
43	81	19	8
44	81	20	4
45	81	19	4
46	81	19	-72
47	81	19	-72
48	81	18	-72
49	81	18	-72
50	81	18	-72
51	81	65	-72
52	81	1010	-72
53	81	134	-72
54	81	134	-72
55	81	135	-64
56	81	0	36
57	81	5	36
58	81	11	32
59	81	11	-16
60	81	5	-24
61	81	1005	-72
62	81	1011	-72
63	81	1012	-72
64	81	663	-72
65	81	96	-32
66	81	96	20
67	81	96	28
68	81	96	44
69	81	96	44
70	81	96	40
71	81	96	32
72	81	96	28
73	81	96	20
74	81	96	-84
75	81	96	-100
76	81	96	-104
77	81	96	-104
78	81	96	-104
79	81	96	-104
80	81	732	-104
81	81	123	-104
82	81	4	-104
83	81	122	-104
84	81	123	-104
85	81	315	-104
86	81	635	-104
87	81	75	-104
88	81	75	-104
89	81	75	-44
90	81	75	-100
91	81	75	-100
92	81	75	-104
93	81	75	-104
94	81	95	-96
95	81	96	-80
96	81	96	-72
97	81	1013	-72
98	81	800	-72
99	81	800	-72
100	81	1014	-72
101	81	4	-72
102	81	11	-72
103	81	0	-72
104	81	11	-72
105	81	11	-72
106	81	4	-72
107	81	120	-72
108	81	96	-72
109	81	253	-72
110	81	314	-72
111	81	4	-72
112	81	17	-64
113	81	34	-40
114	81	35	-40
115	81	1015	-40
116	81	712	4
117	81	865	4
118	81	147	4
119	81	15	4
120	81	10	4
121	81	5	4
122	81	11	4
123	81	222	4
124	81	223	4
125	81	96	4
126	81	96	4
127	81	96	4
128	81	96	0
0	82	96	0
1	82	96	8
2	82	96	16
3	82	96	20
4	82	96	20
5	82	96	28
6	82	97	36
7	82	95	40
8	82	96	44
9	82	96	48
10	82	96	48
11	82	96	48
12	82	96	48
13	82	96	48
14	82	96	-12
15	82	96	-80
16	82	232	-72
17	82	342	-72
18	82	254	-72
19	82	314	-72
20	82	0	-72
21	82	0	-72
22	82	4	-72
23	82	4	-72
24	82	0	-72
25	82	4	-72
26	82	11	-72
27	82	0	-72
28	82	5	-72
29	82	0	-72
30	82	11	-72
31	82	4	-72
32	82	0	-72
33	82	17	-72
34	82	18	-72
35	82	20	-72
36	82	20	-72
37	82	18	-72
38	82	18	-72
39	82	19	-72
40	82	65	-72
41	82	33	-72
42	82	18	-72
43	82	18	-72
44	82	18	-72
45	82	20	-72
46	82	19	-72
47	82	18	-72
48	82	20	-72
49	82	20	-72
50	82	16	-72
51	82	5	-72
52	82	4	-28
53	82	0	-72
54	82	4	-72
55	82	4	-76
56	82	4	-8
57	82	5	36
58	82	11	36
59	82	74	-16
60	82	1008	-72
61	82	800	-72
62	82	800	-72
63	82	1016	-72
64	82	96	-64
65	82	253	-32
66	82	254	32
67	82	254	52
68	82	254	64
69	82	254	60
70	82	254	48
71	82	254	40
72	82	254	28
73	82	254	20
74	82	254	16
75	82	254	-96
76	82	223	-104
77	82	96	-104
78	82	96	-104
79	82	618	-104
80	82	240	-104
81	82	4	-104
82	82	11	-104
83	82	11	-104
84	82	122	-104
85	82	954	-104
86	82	342	-104
87	82	254	-104
88	82	254	-104
89	82	254	-104
90	82	223	-104
91	82	96	-104
92	82	96	-104
93	82	96	-104
94	82	96	-104
95	82	96	-96
96	82	668	-80
97	82	1017	-72
98	82	1017	-72
99	82	1018	-72
100	82	75	-72
101	82	75	-72
102	82	317	-72
103	82	240	-68
104	82	4	-40
105	82	74	-40
106	82	95	-40
107	82	253	-40
108	82	314	-40
109	82	0	-40
110	82	4	-40
111	82	1019	-36
112	82	49	-36
113	82	50	4
114	82	795	4
115	82	183	4
116	82	166	4
117	82	167	4
118	82	19	4
119	82	14	4
120	82	10	4
121	82	0	4
122	82	11	4
123	82	222	4
124	82	223	4
125	82	96	4
126	82	96	4
127	82	96	4
128	82	96	0
0	83	96	0
1	83	96	4
2	83	96	20
3	83	96	24
4	83	96	24
5	83	96	24
6	83	96	32
7	83	96	36
8	83	96	44
9	83	96	48
10	83	96	40
11	83	96	40
12	83	96	44
13	83	253	-28
14	83	354	-76
15	83	1020	-72
16	83	123	-72
17	83	4	-72
18	83	4	-72
19	83	11	-72
20	83	0	-72
21	83	4	-72
22	83	5	-72
23	83	0	-72
24	83	4	-72
25	83	0	-72
26	83	5	-72
27	83	5	-72
28	83	11	-72
29	83	5	-72
30	83	0	-72
31	83	11	-72
32	83	17	-72
33	83	19	-72
34	83	19	-72
35	83	18	-28
36	83	18	16
37	83	19	16
38	83	19	-72
39	83	14	-72
40	83	13	-72
41	83	20	-72
42	83	19	-72
43	83	19	-72
44	83	19	-72
45	83	19	-72
46	83	19	-72
47	83	18	-72
48	83	19	-72
49	83	16	-72
50	83	11	-72
51	83	5	-72
52	83	4	-72
53	83	5	-72
54	83	239	-72
55	83	304	-72
56	83	75	-72
57	83	75	-72
58	83	95	-12
59	83	1013	-24
60	83	1021	-72
61	83	1022	-72
62	83	1023	-72
63	83	96	-72
64	83	121	-64
65	83	11	20
66	83	5	48
67	83	0	72
68	83	11	76
69	83	0	72
70	83	4	60
71	83	4	44
72	83	259	28
73	83	260	20
74	83	475	20
75	83	222	12
76	83	254	-96
77	83	254	-104
78	83	603	-104
79	83	620	-104
80	83	317	-104
81	83	240	-104
82	83	11	-104
83	83	0	-104
84	83	122	-104
85	83	123	-104
86	83	11	-104
87	83	4	-104
88	83	11	-104
89	83	315	-104
90	83	233	-104
91	83	96	-104
92	83	96	-104
93	83	96	-104
94	83	96	-104
95	83	96	-104
96	83	96	-96
97	83	96	-80
98	83	96	-72
99	83	96	-72
100	83	96	-72
101	83	246	-72
102	83	620	-72
103	83	75	-40
104	83	95	4
105	83	96	4
106	83	121	4
107	83	4	4
108	83	11	4
109	83	5	4
110	83	350	4
111	83	50	8
112	83	50	8
113	83	795	8
114	83	183	4
115	83	1024	4
116	83	265	4
117	83	18	4
118	83	19	4
119	83	16	4
120	83	0	4
121	83	5	4
122	83	4	8
123	83	120	4
124	83	96	4
125	83	96	4
126	83	96	4
127	83	96	4
128	83	96	0
0	84	96	0
1	84	96	4
2	84	96	12
3	84	96	28
4	84	96	24
5	84	96	24
6	84	96	32
7	84	96	32
8	84	96	-8
9	84	96	-32
10	84	96	-76
11	84	96	-80
12	84	121	-80
13	84	286	-72
14	84	1025	-72
15	84	15	-72
16	84	15	-28
17	84	10	-72
18	84	4	-72
19	84	4	-72
20	84	4	-72
21	84	5	-72
22	84	5	-72
23	84	11	-72
24	84	9	-72
25	84	15	-72
26	84	15	-76
27	84	15	-80
28	84	15	-76
29	84	15	-72
30	84	15	-76
31	84	13	-72
32	84	19	-72
33	84	19	-72
34	84	20	-72
35	84	65	-28
36	84	33	-28
37	84	21	48
38	84	22	48
39	84	455	-28
40	84	162	-72
41	84	18	-72
42	84	18	-72
43	84	20	-72
44	84	18	-72
45	84	18	-72
46	84	19	-72
47	84	18	-72
48	84	16	-72
49	84	4	-72
50	84	74	-72
51	84	75	-72
52	84	75	-72
53	84	305	-72
54	84	206	-72
55	84	96	-72
56	84	96	-72
57	84	96	-72
58	84	668	-72
59	84	1026	-72
60	84	289	-72
61	84	206	-72
62	84	253	-72
63	84	314	-72
64	84	4	-32
65	84	0	36
66	84	9	64
67	84	15	84
68	84	15	92
69	84	15	84
70	84	474	64
71	84	390	44
72	84	111	24
73	84	113	20
74	84	11	20
75	84	4	16
76	84	0	4
77	84	222	-100
78	84	223	-104
79	84	246	-104
80	84	620	-104
81	84	75	-104
82	84	76	-104
83	84	4	-104
84	84	5	-104
85	84	239	-104
86	84	240	-104
87	84	0	-104
88	84	122	-104
89	84	639	-104
90	84	96	-104
91	84	232	-104
92	84	342	-104
93	84	254	-104
94	84	254	-104
95	84	223	-104
96	84	96	-104
97	84	96	-100
98	84	96	-84
99	84	96	-72
100	84	96	-72
101	84	96	-40
102	84	96	-40
103	84	96	-40
104	84	253	4
105	84	314	4
106	84	4	4
107	84	11	4
108	84	325	4
109	84	1027	4
110	84	126	8
111	84	126	8
112	84	1028	12
113	84	861	8
114	84	167	4
115	84	20	4
116	84	20	4
117	84	19	4
118	84	16	4
119	84	0	4
120	84	11	4
121	84	5	4
122	84	222	8
123	84	223	8
124	84	96	4
125	84	96	4
126	84	96	4
127	84	96	4
128	84	96	0
0	85	96	0
1	85	96	12
2	85	96	12
3	85	96	20
4	85	96	20
5	85	96	-16
6	85	96	-52
7	85	96	-80
8	85	96	-76
9	85	96	-72
10	85	253	-72
11	85	314	-72
12	85	122	-72
13	85	686	-72
14	85	33	-72
15	85	65	-72
16	85	204	-72
17	85	0	-72
18	85	11	-72
19	85	11	-72
20	85	11	-80
21	85	9	-8
22	85	15	-4
23	85	13	48
24	85	20	48
25	85	19	56
26	85	19	60
27	85	18	64
28	85	19	60
29	85	20	60
30	85	18	52
31	85	20	-80
32	85	19	-76
33	85	20	-72
34	85	14	-72
35	85	13	-72
36	85	27	-72
37	85	7	-28
38	85	1029	48
39	85	221	48
40	85	20	48
41	85	19	88
42	85	19	48
43	85	65	48
44	85	47	16
45	85	47	-72
46	85	47	-72
47	85	204	-72
48	85	74	-72
49	85	95	-72
50	85	96	-72
51	85	96	-72
52	85	96	-72
53	85	96	-72
54	85	96	-72
55	85	253	-72
56	85	254	-72
57	85	254	-72
58	85	254	-72
59	85	254	-72
60	85	254	-72
61	85	314	-72
62	85	9	-72
63	85	1030	-24
64	85	1031	-8
65	85	13	60
66	85	19	84
67	85	20	92
68	85	18	96
69	85	87	84
70	85	81	56
71	85	81	72
72	85	113	20
73	85	4	20
74	85	5	20
75	85	0	20
76	85	4	16
77	85	222	0
78	85	254	-100
79	85	254	-104
80	85	223	-104
81	85	121	-104
82	85	5	-104
83	85	11	-104
84	85	122	-104
85	85	123	-104
86	85	0	-104
87	85	74	-104
88	85	95	-104
89	85	253	-104
90	85	713	-104
91	85	123	-104
92	85	0	-104
93	85	4	-104
94	85	222	-104
95	85	254	-104
96	85	223	-104
97	85	96	-104
98	85	253	-100
99	85	254	-48
100	85	254	-44
101	85	254	-40
102	85	254	4
103	85	314	4
104	85	5	4
105	85	5	4
106	85	11	4
107	85	350	4
108	85	58	4
109	85	7	4
110	85	7	8
111	85	1032	8
112	85	861	8
113	85	167	8
114	85	20	4
115	85	19	4
116	85	20	4
117	85	16	4
118	85	0	4
119	85	4	4
120	85	11	4
121	85	0	4
122	85	222	8
123	85	223	8
124	85	96	4
125	85	96	4
126	85	96	4
127	85	96	4
128	85	96	0
0	86	96	0
1	86	96	12
2	86	96	12
3	86	96	12
4	86	96	16
5	86	96	-52
6	86	96	-72
7	86	96	-72
8	86	96	-72
9	86	97	-72
10	86	76	-72
11	86	11	-72
12	86	4	-72
13	86	32	-72
14	86	204	-72
15	86	4	-72
16	86	5	-72
17	86	4	-72
18	86	9	-72
19	86	15	-80
20	86	13	-4
21	86	20	44
22	86	18	48
23	86	20	52
24	86	18	52
25	86	19	52
26	86	20	56
27	86	20	60
28	86	19	60
29	86	20	60
30	86	19	60
31	86	20	60
32	86	18	64
33	86	19	-72
34	86	19	-72
35	86	27	-72
36	86	7	-72
37	86	28	-72
38	86	20	-72
39	86	20	-28
40	86	18	16
41	86	18	48
42	86	16	76
43	86	0	48
44	86	4	16
45	86	0	-72
46	86	4	-72
47	86	120	-72
48	86	96	-72
49	86	96	-72
50	86	96	-72
51	86	96	-72
52	86	253	-72
53	86	254	-72
54	86	314	-72
55	86	11	-72
56	86	0	-72
57	86	11	-72
58	86	11	-72
59	86	0	-72
60	86	0	-72
61	86	17	-72
62	86	1033	-72
63	86	1034	4
64	86	65	64
65	86	432	84
66	86	23	100
67	86	63	136
68	86	114	96
69	86	81	76
70	86	194	48
71	86	1035	24
72	86	10	20
73	86	11	20
74	86	11	20
75	86	11	20
76	86	4	20
77	86	11	16
78	86	11	-4
79	86	222	-100
80	86	1036	-104
81	86	75	-104
82	86	75	-104
83	86	75	-104
84	86	75	-104
85	86	75	-104
86	86	95	-104
87	86	253	-104
88	86	314	-104
89	86	4	-104
90	86	0	-104
91	86	0	-104
92	86	4	-104
93	86	0	-104
94	86	11	-104
95	86	222	-104
96	86	254	-104
97	86	314	-68
98	86	0	-64
99	86	0	-64
100	86	5	4
101	86	4	4
102	86	11	4
103	86	4	4
104	86	5	4
105	86	1019	4
106	86	49	4
107	86	51	4
108	86	1037	4
109	86	1038	4
110	86	1039	8
111	86	734	8
112	86	167	8
113	86	20	8
114	86	18	4
115	86	19	4
116	86	16	4
117	86	0	4
118	86	4	4
119	86	5	4
120	86	0	4
121	86	0	4
122	86	222	4
123	86	223	48
124	86	96	4
125	86	96	4
126	86	96	4
127	86	96	4
128	86	96	0
0	87	96	0
1	87	96	8
2	87	96	12
3	87	96	12
4	87	96	-28
5	87	96	-80
6	87	96	-72
7	87	96	-72
8	87	96	-72
9	87	97	-72
10	87	75	-72
11	87	76	-72
12	87	4	-72
13	87	4	-72
14	87	1	-72
15	87	149	-72
16	87	148	-80
17	87	828	-72
18	87	20	-40
19	87	19	-4
20	87	21	40
21	87	22	48
22	87	23	48
23	87	20	52
24	87	20	48
25	87	116	56
26	87	117	52
27	87	118	52
28	87	19	52
29	87	19	60
30	87	20	60
31	87	18	56
32	87	18	56
33	87	19	64
34	87	24	-72
35	87	25	-72
36	87	676	-72
37	87	47	-72
38	87	47	-72
39	87	33	-72
40	87	18	-72
41	87	16	-72
42	87	4	-72
43	87	4	-72
44	87	0	-72
45	87	74	-72
46	87	95	-72
47	87	96	-72
48	87	96	-16
49	87	253	-16
50	87	254	-16
51	87	314	-72
52	87	11	-72
53	87	5	-72
54	87	9	-72
55	87	15	-72
56	87	15	-72
57	87	15	-72
58	87	15	-72
59	87	15	-72
60	87	13	-72
61	87	20	-72
62	87	21	16
63	87	433	32
64	87	12	84
65	87	28	100
66	87	87	100
67	87	80	100
68	87	194	84
69	87	154	60
70	87	19	36
71	87	14	20
72	87	15	20
73	87	15	20
74	87	15	20
75	87	10	20
76	87	4	20
77	87	0	20
78	87	0	12
79	87	222	-72
80	87	254	-100
81	87	254	-104
82	87	254	-104
83	87	254	-104
84	87	254	-104
85	87	254	-104
86	87	314	-104
87	87	5	-104
88	87	11	-104
89	87	0	-104
90	87	4	-104
91	87	4	-104
92	87	4	-104
93	87	5	-104
94	87	0	-104
95	87	4	-104
96	87	4	-100
97	87	5	-100
98	87	325	-96
99	87	326	4
100	87	326	4
101	87	326	4
102	87	326	4
103	87	326	4
104	87	362	4
105	87	363	4
106	87	50	4
107	87	1040	4
108	87	241	4
109	87	166	4
110	87	1024	8
111	87	265	8
112	87	21	12
113	87	22	8
114	87	22	4
115	87	1041	4
116	87	664	4
117	87	408	4
118	87	11	4
119	87	4	4
120	87	4	4
121	87	5	4
122	87	222	4
123	87	223	4
124	87	96	4
125	87	96	4
126	87	96	4
127	87	96	4
128	87	96	0
0	88	96	0
1	88	96	8
2	88	96	12
3	88	96	12
4	88	96	-52
5	88	96	-72
6	88	96	-72
7	88	96	-72
8	88	96	-72
9	88	96	-72
10	88	97	-72
11	88	76	-72
12	88	11	-72
13	88	6	-80
14	88	59	-44
15	88	197	-16
16	88	28	36
17	88	19	36
18	88	20	40
19	88	27	44
20	88	7	48
21	88	28	52
22	88	18	48
23	88	20	48
24	88	142	52
25	88	427	52
26	88	144	52
27	88	20	52
28	88	19	52
29	88	20	52
30	88	19	52
31	88	18	56
32	88	20	56
33	88	19	64
34	88	29	64
35	88	258	68
36	88	4	-72
37	88	5	-72
38	88	17	-72
39	88	18	-72
40	88	16	-72
41	88	11	-72
42	88	4	-72
43	88	0	-72
44	88	120	-72
45	88	96	-72
46	88	96	-72
47	88	96	32
48	88	121	24
49	88	11	28
50	88	0	-16
51	88	4	-8
52	88	11	-4
53	88	17	-72
54	88	19	-72
55	88	19	-72
56	88	19	-80
57	88	20	16
58	88	19	28
59	88	19	28
60	88	18	32
61	88	27	36
62	88	463	52
63	88	99	88
64	88	203	96
65	88	87	100
66	88	81	96
67	88	88	88
68	88	20	68
69	88	18	44
70	88	18	28
71	88	20	20
72	88	18	20
73	88	19	20
74	88	14	20
75	88	15	20
76	88	10	20
77	88	5	20
78	88	4	16
79	88	5	8
80	88	11	-72
81	88	5	-100
82	88	0	-104
83	88	0	-104
84	88	0	-104
85	88	11	-104
86	88	0	-104
87	88	5	-104
88	88	0	-104
89	88	5	-104
90	88	0	-104
91	88	145	-104
92	88	146	-104
93	88	147	-104
94	88	577	-104
95	88	326	-104
96	88	326	-104
97	88	375	-104
98	88	1042	-100
99	88	398	-96
100	88	50	4
101	88	50	4
102	88	50	4
103	88	56	4
104	88	57	4
105	88	1043	4
106	88	1044	4
107	88	734	4
108	88	734	4
109	88	167	44
110	88	18	8
111	88	27	8
112	88	7	8
113	88	7	12
114	88	8	4
115	88	606	4
116	88	187	4
117	88	4	4
118	88	11	4
119	88	5	4
120	88	4	4
121	88	4	4
122	88	120	4
123	88	96	4
124	88	96	4
125	88	96	4
126	88	96	4
127	88	96	4
128	88	96	0
0	89	96	0
1	89	96	8
2	89	96	12
3	89	96	12
4	89	96	-80
5	89	96	-72
6	89	96	-72
7	89	96	-72
8	89	96	-72
9	89	96	-72
10	89	121	-80
11	89	11	-72
12	89	98	-8
13	89	590	-12
14	89	7	24
15	89	28	36
16	89	18	56
17	89	18	56
18	89	24	52
19	89	25	52
20	89	26	44
21	89	20	48
22	89	19	40
23	89	142	84
24	89	600	52
25	89	144	48
26	89	18	44
27	89	20	48
28	89	19	48
29	89	18	48
30	89	18	52
31	89	19	52
32	89	18	64
33	89	42	68
34	89	349	72
35	89	15	76
36	89	15	76
37	89	13	72
38	89	19	-72
39	89	16	-72
40	89	11	-72
41	89	11	-72
42	89	4	-72
43	89	120	-72
44	89	96	-72
45	89	96	-72
46	89	96	28
47	89	121	24
48	89	11	24
49	89	5	28
50	89	9	32
51	89	15	32
52	89	13	44
53	89	19	56
54	89	20	-68
55	89	20	-48
56	89	19	32
57	89	20	80
58	89	19	84
59	89	1045	84
60	89	1046	84
61	89	1047	88
62	89	15	92
63	89	13	96
64	89	87	96
65	89	80	96
66	89	88	88
67	89	20	68
68	89	18	48
69	89	18	28
70	89	65	20
71	89	47	20
72	89	33	20
73	89	20	20
74	89	18	20
75	89	14	20
76	89	15	20
77	89	15	20
78	89	15	20
79	89	15	16
80	89	15	8
81	89	10	-96
82	89	4	-100
83	89	11	-104
84	89	4	-104
85	89	11	-104
86	89	4	-104
87	89	9	-104
88	89	15	-104
89	89	15	-104
90	89	984	-104
91	89	955	-104
92	89	1048	-104
93	89	1049	-104
94	89	127	-104
95	89	50	-104
96	89	50	-104
97	89	1050	-104
98	89	1051	-104
99	89	130	-100
100	89	130	-96
101	89	1052	4
102	89	1053	4
103	89	1053	44
104	89	1044	4
105	89	860	4
106	89	734	4
107	89	1024	4
108	89	1054	4
109	89	1055	4
110	89	77	8
111	89	7	4
112	89	7	12
113	89	8	12
114	89	5	4
115	89	4	4
116	89	5	4
117	89	0	4
118	89	0	4
119	89	74	4
120	89	75	4
121	89	95	4
122	89	96	4
123	89	96	4
124	89	96	4
125	89	96	4
126	89	96	4
127	89	96	0
128	89	96	0
0	90	96	0
1	90	96	12
2	90	96	8
3	90	96	12
4	90	96	-76
5	90	96	-72
6	90	96	-72
7	90	96	-72
8	90	96	-72
9	90	97	-72
10	90	76	16
11	90	4	44
12	90	98	44
13	90	99	36
14	90	203	32
15	90	20	44
16	90	19	60
17	90	19	68
18	90	18	60
19	90	20	56
20	90	65	52
21	90	47	48
22	90	994	48
23	90	609	44
24	90	530	60
25	90	20	48
26	90	18	48
27	90	18	56
28	90	18	52
29	90	19	48
30	90	20	52
31	90	20	56
32	90	19	64
33	90	19	72
34	90	20	72
35	90	18	76
36	90	19	76
37	90	20	68
38	90	204	64
39	90	11	60
40	90	5	56
41	90	0	60
42	90	120	68
43	90	96	68
44	90	96	64
45	90	96	56
46	90	97	44
47	90	76	32
48	90	5	28
49	90	32	28
50	90	47	32
51	90	33	36
52	90	19	44
53	90	19	52
54	90	18	72
55	90	18	76
56	90	19	64
57	90	18	84
58	90	1033	88
59	90	1056	88
60	90	1057	92
61	90	63	92
62	90	61	92
63	90	114	92
64	90	80	88
65	90	88	80
66	90	20	68
67	90	19	48
68	90	18	32
69	90	16	20
70	90	4	20
71	90	17	20
72	90	20	20
73	90	20	60
74	90	19	20
75	90	1058	20
76	90	777	20
77	90	777	20
78	90	490	20
79	90	18	-48
80	90	16	-52
81	90	325	-64
82	90	326	-96
83	90	326	-100
84	90	151	-104
85	90	5	-104
86	90	17	-104
87	90	20	-104
88	90	20	-104
89	90	733	-104
90	90	965	-104
91	90	7	-104
92	90	7	-104
93	90	1059	-104
94	90	1053	-104
95	90	1060	-104
96	90	1052	-104
97	90	1061	-104
98	90	712	-104
99	90	712	-104
100	90	241	-100
101	90	183	-8
102	90	183	0
103	90	734	4
104	90	1024	4
105	90	790	4
106	90	265	4
107	90	179	8
108	90	187	8
109	90	98	8
110	90	99	12
111	90	99	12
112	90	328	16
113	90	0	16
114	90	0	12
115	90	0	4
116	90	11	4
117	90	74	4
118	90	95	4
119	90	96	4
120	90	96	4
121	90	96	4
122	90	96	4
123	90	96	4
124	90	96	4
125	90	96	4
126	90	96	4
127	90	96	4
128	90	1062	0
0	91	1063	0
1	91	96	8
2	91	96	12
3	91	96	16
4	91	96	-76
5	91	96	-72
6	91	96	-72
7	91	96	-72
8	91	96	-72
9	91	121	-72
10	91	5	-24
11	91	11	48
12	91	5	44
13	91	32	40
14	91	33	44
15	91	18	64
16	91	20	64
17	91	19	68
18	91	19	76
19	91	16	68
20	91	239	56
21	91	240	52
22	91	17	48
23	91	20	60
24	91	160	60
25	91	162	44
26	91	19	56
27	91	18	68
28	91	19	56
29	91	18	52
30	91	19	60
31	91	20	60
32	91	20	72
33	91	18	80
34	91	18	72
35	91	19	72
36	91	19	72
37	91	10	64
38	91	11	64
39	91	11	60
40	91	0	60
41	91	222	64
42	91	223	72
43	91	96	84
44	91	96	88
45	91	96	80
46	91	121	60
47	91	4	36
48	91	5	28
49	91	5	28
50	91	17	28
51	91	20	32
52	91	19	40
53	91	19	48
54	91	20	60
55	91	18	68
56	91	18	72
57	91	1045	80
58	91	1064	80
59	91	1065	80
60	91	114	84
61	91	80	84
62	91	80	80
63	91	194	76
64	91	154	72
65	91	18	60
66	91	19	44
67	91	19	28
68	91	1004	20
69	91	260	20
70	91	1066	20
71	91	19	20
72	91	20	20
73	91	34	20
74	91	1067	20
75	91	1068	20
76	91	1069	20
77	91	1070	-28
78	91	19	-36
79	91	16	-48
80	91	350	-104
81	91	50	-104
82	91	50	-104
83	91	150	-104
84	91	452	-104
85	91	13	-104
86	91	65	-104
87	91	991	-104
88	91	748	-104
89	91	1071	-104
90	91	1072	-104
91	91	7	-104
92	91	1032	-104
93	91	860	-104
94	91	242	-104
95	91	241	-104
96	91	774	-104
97	91	846	-104
98	91	1073	-104
99	91	183	-104
100	91	955	-100
101	91	1074	-100
102	91	1074	-8
103	91	1075	4
104	91	19	4
105	91	20	4
106	91	16	8
107	91	0	8
108	91	0	8
109	91	0	8
110	91	4	16
111	91	4	16
112	91	4	16
113	91	5	24
114	91	74	20
115	91	75	4
116	91	95	4
117	91	96	4
118	91	96	4
119	91	96	4
120	91	96	4
121	91	96	4
122	91	96	4
123	91	96	4
124	91	96	4
125	91	96	4
126	91	96	4
127	91	1076	4
128	91	1077	0
0	92	96	0
1	92	96	4
2	92	96	8
3	92	96	12
4	92	96	-84
5	92	96	-72
6	92	96	-72
7	92	96	-72
8	92	121	-72
9	92	11	-72
10	92	0	-68
11	92	0	-16
12	92	5	44
13	92	32	44
14	92	33	48
15	92	18	68
16	92	18	80
17	92	18	72
18	92	16	84
19	92	122	80
20	92	271	56
21	92	13	56
22	92	21	68
23	92	1078	72
24	92	1079	60
25	92	19	56
26	92	18	64
27	92	20	68
28	92	20	56
29	92	20	60
30	92	18	60
31	92	20	72
32	92	19	72
33	92	20	72
34	92	18	72
35	92	20	72
36	92	16	64
37	92	11	64
38	92	5	56
39	92	5	60
40	92	5	56
41	92	315	64
42	92	233	80
43	92	96	92
44	92	96	100
45	92	97	104
46	92	75	88
47	92	76	68
48	92	11	44
49	92	17	28
50	92	19	32
51	92	18	32
52	92	18	36
53	92	20	40
54	92	20	84
55	92	63	52
56	92	1080	56
57	92	1081	56
58	92	111	60
59	92	80	64
60	92	81	68
61	92	194	68
62	92	154	64
63	92	19	60
64	92	18	48
65	92	65	36
66	92	47	28
67	92	172	20
68	92	112	20
69	92	88	20
70	92	19	20
71	92	19	20
72	92	55	20
73	92	58	20
74	92	1082	20
75	92	1083	-24
76	92	203	-24
77	92	63	-24
78	92	1084	-76
79	92	1085	-88
80	92	50	-100
81	92	50	-104
82	92	50	-104
83	92	431	-104
84	92	19	-104
85	92	14	-104
86	92	1086	-104
87	92	1087	-104
88	92	790	-104
89	92	1088	-104
90	92	1089	-104
91	92	1090	-104
92	92	861	-104
93	92	861	-104
94	92	774	-104
95	92	1091	-104
96	92	1092	-104
97	92	1093	-104
98	92	1094	-104
99	92	1095	-104
100	92	7	-104
101	92	7	-100
102	92	28	-24
103	92	116	-4
104	92	1055	4
105	92	204	4
106	92	4	8
107	92	5	8
108	92	5	12
109	92	0	16
110	92	4	16
111	92	74	20
112	92	75	20
113	92	95	20
114	92	96	24
115	92	96	16
116	92	96	4
117	92	96	4
118	92	96	4
119	92	96	4
120	92	96	4
121	92	96	4
122	92	96	4
123	92	96	4
124	92	96	4
125	92	96	4
126	92	96	4
127	92	96	4
128	92	96	0
0	93	96	0
1	93	96	8
2	93	96	8
3	93	96	4
4	93	96	-60
5	93	96	-72
6	93	96	-72
7	93	97	-72
8	93	76	-72
9	93	5	-72
10	93	4	-64
11	93	5	-52
12	93	11	8
13	93	32	52
14	93	33	52
15	93	19	64
16	93	18	80
17	93	14	72
18	93	15	76
19	93	13	104
20	93	18	76
21	93	27	68
22	93	7	80
23	93	28	76
24	93	65	60
25	93	33	64
26	93	18	72
27	93	19	72
28	93	19	64
29	93	19	60
30	93	20	56
31	93	18	60
32	93	20	68
33	93	20	76
34	93	20	80
35	93	14	72
36	93	15	72
37	93	15	64
38	93	10	56
39	93	5	92
40	93	122	56
41	93	639	64
42	93	96	76
43	93	96	96
44	93	96	108
45	93	96	108
46	93	121	100
47	93	4	88
48	93	17	60
49	93	19	36
50	93	18	32
51	93	18	32
52	93	19	36
53	93	65	32
54	93	172	36
55	93	81	36
56	93	112	36
57	93	112	36
58	93	405	40
59	93	134	36
60	93	680	40
61	93	33	44
62	93	20	40
63	93	19	36
64	93	16	28
65	93	5	28
66	93	442	20
67	93	153	20
68	93	154	20
69	93	19	20
70	93	18	20
71	93	129	20
72	93	107	20
73	93	25	-24
74	93	477	-24
75	93	13	-24
76	93	87	-72
77	93	111	-72
78	93	1096	-72
79	93	386	-76
80	93	50	-88
81	93	50	-104
82	93	431	-104
83	93	20	-104
84	93	18	-104
85	93	18	-104
86	93	20	-104
87	93	19	-104
88	93	42	-104
89	93	43	-104
90	93	945	-104
91	93	790	-104
92	93	790	-104
93	93	1097	-104
94	93	1098	-104
95	93	1099	-104
96	93	609	-104
97	93	1100	-104
98	93	58	-104
99	93	7	-104
100	93	7	-104
101	93	610	-104
102	93	994	-100
103	93	187	-20
104	93	0	-4
105	93	11	8
106	93	0	8
107	93	0	12
108	93	11	16
109	93	4	20
110	93	120	20
111	93	96	20
112	93	96	24
113	93	96	24
114	93	96	28
115	93	96	24
116	93	96	48
117	93	96	4
118	93	96	4
119	93	96	4
120	93	96	4
121	93	96	4
122	93	96	4
123	93	96	4
124	93	96	4
125	93	96	4
126	93	96	4
127	93	96	4
128	93	96	0
0	94	96	0
1	94	96	8
2	94	96	4
3	94	96	8
4	94	96	-40
5	94	96	-56
6	94	96	-68
7	94	97	-72
8	94	76	-72
9	94	11	-72
10	94	0	-68
11	94	11	-52
12	94	0	-40
13	94	32	56
14	94	33	56
15	94	19	76
16	94	19	88
17	94	18	84
18	94	18	84
19	94	34	104
20	94	1101	80
21	94	1037	80
22	94	26	84
23	94	14	88
24	94	13	76
25	94	19	76
26	94	19	84
27	94	20	72
28	94	20	64
29	94	20	56
30	94	20	56
31	94	20	64
32	94	18	68
33	94	19	60
34	94	19	56
35	94	18	64
36	94	18	68
37	94	16	68
38	94	5	64
39	94	0	52
40	94	315	56
41	94	233	56
42	94	96	72
43	94	96	88
44	94	232	108
45	94	266	112
46	94	0	108
47	94	17	92
48	94	20	76
49	94	19	52
50	94	18	40
51	94	20	44
52	94	1004	40
53	94	390	40
54	94	81	36
55	94	405	32
56	94	134	36
57	94	135	32
58	94	4	28
59	94	0	28
60	94	32	-20
61	94	33	4
62	94	18	20
63	94	14	24
64	94	15	20
65	94	13	60
66	94	19	20
67	94	19	20
68	94	65	20
69	94	47	20
70	94	47	20
71	94	33	20
72	94	19	20
73	94	20	-24
74	94	19	-72
75	94	152	-72
76	94	576	-72
77	94	1102	-72
78	94	129	-72
79	94	130	-72
80	94	130	-76
81	94	131	-92
82	94	18	-104
83	94	20	-104
84	94	18	-104
85	94	65	-104
86	94	33	-104
87	94	18	-104
88	94	19	-104
89	94	20	-104
90	94	20	-104
91	94	20	-104
92	94	20	-104
93	94	14	-104
94	94	10	-104
95	94	17	-104
96	94	132	-104
97	94	1103	-104
98	94	25	-104
99	94	25	-104
100	94	1104	-104
101	94	0	-104
102	94	5	-104
103	94	4	-100
104	94	0	-12
105	94	5	4
106	94	5	12
107	94	239	16
108	94	304	16
109	94	95	20
110	94	96	20
111	94	96	20
112	94	96	28
113	94	96	36
114	94	253	36
115	94	254	36
116	94	254	24
117	94	254	4
118	94	254	4
119	94	254	4
120	94	254	4
121	94	223	4
122	94	96	4
123	94	96	4
124	94	96	4
125	94	96	4
126	94	96	4
127	94	96	4
128	94	96	0
0	95	96	0
1	95	96	4
2	95	96	8
3	95	96	8
4	95	96	8
5	95	96	-60
6	95	96	-68
7	95	97	-68
8	95	76	-72
9	95	5	-72
10	95	11	-68
11	95	5	-60
12	95	11	-44
13	95	32	84
14	95	33	76
15	95	18	76
16	95	18	76
17	95	20	80
18	95	55	88
19	95	50	88
20	95	431	84
21	95	19	92
22	95	20	92
23	95	19	100
24	95	19	80
25	95	18	84
26	95	20	92
27	95	20	76
28	95	20	60
29	95	19	56
30	95	20	56
31	95	18	52
32	95	20	52
33	95	20	48
34	95	19	56
35	95	20	60
36	95	14	60
37	95	10	60
38	95	4	52
39	95	122	56
40	95	639	52
41	95	96	52
42	95	96	52
43	95	732	64
44	95	123	96
45	95	9	108
46	95	13	100
47	95	65	92
48	95	47	80
49	95	47	56
50	95	47	40
51	95	172	40
52	95	81	48
53	95	112	40
54	95	113	40
55	95	11	40
56	95	9	40
57	95	10	32
58	95	4	32
59	95	0	32
60	95	32	28
61	95	47	28
62	95	33	24
63	95	20	24
64	95	18	20
65	95	18	20
66	95	19	20
67	95	769	20
68	95	2	20
69	95	2	24
70	95	948	24
71	95	47	-24
72	95	33	-28
73	95	18	-24
74	95	20	-72
75	95	14	-72
76	95	13	-72
77	95	19	-72
78	95	20	-72
79	95	65	-72
80	95	47	-72
81	95	47	-76
82	95	47	-92
83	95	33	-104
84	95	16	-104
85	95	32	-104
86	95	47	-104
87	95	47	-104
88	95	47	-104
89	95	47	-104
90	95	47	-104
91	95	47	-104
92	95	47	-104
93	95	204	-104
94	95	32	-104
95	95	204	-104
96	95	32	-104
97	95	47	-104
98	95	47	-104
99	95	204	-104
100	95	0	-104
101	95	0	-104
102	95	4	-104
103	95	4	-100
104	95	0	-100
105	95	239	0
106	95	1105	8
107	95	206	20
108	95	96	20
109	95	96	20
110	95	96	28
111	95	232	32
112	95	342	32
113	95	314	24
114	95	11	36
115	95	0	40
116	95	11	32
117	95	11	12
118	95	0	4
119	95	11	4
120	95	222	4
121	95	254	4
122	95	223	44
123	95	96	4
124	95	96	4
125	95	96	4
126	95	96	4
127	95	96	4
128	95	96	0
0	96	96	0
1	96	96	4
2	96	96	4
3	96	96	4
4	96	96	4
5	96	96	-36
6	96	96	-64
7	96	97	-64
8	96	76	-68
9	96	5	-68
10	96	5	-64
11	96	11	-48
12	96	5	-20
13	96	32	116
14	96	432	116
15	96	22	96
16	96	22	84
17	96	1106	88
18	96	50	84
19	96	431	76
20	96	20	60
21	96	18	88
22	96	20	96
23	96	20	88
24	96	18	60
25	96	18	88
26	96	20	92
27	96	18	76
28	96	20	72
29	96	18	68
30	96	19	48
31	96	19	48
32	96	18	44
33	96	20	52
34	96	18	52
35	96	18	48
36	96	16	52
37	96	4	56
38	96	0	56
39	96	120	56
40	96	96	56
41	96	96	52
42	96	121	44
43	96	5	52
44	96	32	68
45	96	47	88
46	96	204	88
47	96	0	88
48	96	0	80
49	96	11	60
50	96	193	48
51	96	112	48
52	96	405	48
53	96	135	44
54	96	11	44
55	96	32	44
56	96	204	40
57	96	9	36
58	96	10	36
59	96	0	32
60	96	5	32
61	96	32	32
62	96	33	28
63	96	19	28
64	96	20	28
65	96	19	20
66	96	27	24
67	96	463	24
68	96	590	-24
69	96	8	-24
70	96	9	-16
71	96	373	-24
72	96	47	-72
73	96	47	-72
74	96	47	-72
75	96	47	-72
76	96	47	-72
77	96	47	-72
78	96	204	-72
79	96	4	-72
80	96	4	-72
81	96	4	-72
82	96	32	-80
83	96	204	-92
84	96	0	-104
85	96	5	-104
86	96	4	-104
87	96	0	-104
88	96	11	-104
89	96	4	-104
90	96	4	-104
91	96	11	-104
92	96	5	-104
93	96	11	-104
94	96	5	-104
95	96	5	-104
96	96	0	-104
97	96	5	-104
98	96	5	-104
99	96	4	-104
100	96	74	-104
101	96	75	-104
102	96	75	-104
103	96	75	-104
104	96	305	-100
105	96	206	-100
106	96	96	0
107	96	96	16
108	96	96	20
109	96	253	24
110	96	713	28
111	96	123	28
112	96	11	28
113	96	5	36
114	96	11	36
115	96	0	36
116	96	9	36
117	96	15	16
118	96	15	4
119	96	15	4
120	96	15	4
121	96	1107	4
122	96	338	4
123	96	245	4
124	96	96	4
125	96	96	4
126	96	96	4
127	96	96	0
128	96	96	0
0	97	96	0
1	97	96	4
2	97	96	4
3	97	96	4
4	97	96	4
5	97	96	8
6	97	96	-32
7	97	97	-60
8	97	76	-60
9	97	0	-64
10	97	5	-52
11	97	11	-36
12	97	0	-4
13	97	6	76
14	97	7	108
15	97	7	108
16	97	1108	116
17	97	130	104
18	97	131	92
19	97	18	92
20	97	19	80
21	97	18	104
22	97	19	108
23	97	20	72
24	97	19	60
25	97	18	72
26	97	19	76
27	97	20	76
28	97	19	76
29	97	19	72
30	97	18	56
31	97	20	48
32	97	20	52
33	97	20	52
34	97	19	52
35	97	16	48
36	97	5	92
37	97	5	56
38	97	120	52
39	97	96	52
40	97	96	52
41	97	121	52
42	97	5	48
43	97	0	48
44	97	4	56
45	97	11	68
46	97	0	76
47	97	0	72
48	97	4	64
49	97	193	56
50	97	112	48
51	97	113	48
52	97	4	48
53	97	239	48
54	97	240	44
55	97	4	40
56	97	32	44
57	97	204	44
58	97	11	32
59	97	4	32
60	97	0	36
61	97	32	32
62	97	33	28
63	97	20	32
64	97	18	24
65	97	24	24
66	97	1104	-24
67	97	98	-24
68	97	1109	-24
69	97	13	-72
70	97	16	-72
71	97	4	-72
72	97	4	-72
73	97	0	-72
74	97	0	-72
75	97	4	-72
76	97	4	-72
77	97	4	-72
78	97	4	-72
79	97	11	-72
80	97	0	-72
81	97	4	-72
82	97	0	-72
83	97	0	-40
84	97	0	-52
85	97	0	-60
86	97	5	-64
87	97	4	-64
88	97	11	-84
89	97	0	-92
90	97	4	-104
91	97	4	-104
92	97	0	-104
93	97	11	-104
94	97	4	-104
95	97	5	-104
96	97	11	-104
97	97	239	-104
98	97	304	-104
99	97	95	-104
100	97	96	-104
101	97	1062	-104
102	97	1063	-104
103	97	96	-104
104	97	96	-104
105	97	96	-100
106	97	96	-12
107	97	253	8
108	97	314	16
109	97	5	20
110	97	11	24
111	97	664	28
112	97	408	32
113	97	325	36
114	97	326	36
115	97	1110	36
116	97	293	32
117	97	1111	20
118	97	45	4
119	97	46	4
120	97	19	4
121	97	20	4
122	97	256	4
123	97	245	4
124	97	96	4
125	97	96	4
126	97	96	4
127	97	96	0
128	97	96	0
0	98	96	0
1	98	96	8
2	98	96	8
3	98	96	8
4	98	96	16
5	98	96	12
6	98	96	16
7	98	97	-36
8	98	76	-56
9	98	0	-56
10	98	5	-52
11	98	11	-36
12	98	6	-8
13	98	7	68
14	98	216	120
15	98	26	124
16	98	19	124
17	98	19	108
18	98	20	100
19	98	18	104
20	98	20	104
21	98	20	132
22	98	18	108
23	98	19	56
24	98	18	60
25	98	19	92
26	98	20	100
27	98	18	92
28	98	19	80
29	98	19	80
30	98	18	76
31	98	20	68
32	98	19	56
33	98	19	52
34	98	16	52
35	98	0	56
36	98	5	56
37	98	120	60
38	98	96	60
39	98	96	56
40	98	121	60
41	98	0	56
42	98	4	56
43	98	4	48
44	98	4	48
45	98	0	44
46	98	11	56
47	98	239	60
48	98	614	56
49	98	134	52
50	98	135	48
51	98	4	52
52	98	122	48
53	98	123	52
54	98	5	48
55	98	4	44
56	98	11	4
57	98	9	-8
58	98	10	-12
59	98	4	36
60	98	5	32
61	98	380	28
62	98	61	28
63	98	61	28
64	98	64	-24
65	98	16	-24
66	98	11	-24
67	98	32	-72
68	98	47	-72
69	98	204	-72
70	98	4	-72
71	98	0	-72
72	98	4	-72
73	98	4	-72
74	98	5	-72
75	98	5	-72
76	98	0	-72
77	98	5	-72
78	98	5	-72
79	98	239	-72
80	98	304	-72
81	98	75	-40
82	98	75	-36
83	98	75	-36
84	98	76	8
85	98	239	8
86	98	304	8
87	98	75	4
88	98	75	4
89	98	76	-84
90	98	0	-96
91	98	0	-104
92	98	11	-104
93	98	11	-104
94	98	239	-104
95	98	304	-104
96	98	305	-104
97	98	206	-104
98	98	96	-104
99	98	96	-104
100	98	1076	-104
101	98	1077	-104
102	98	232	-104
103	98	233	-104
104	98	96	-104
105	98	232	-100
106	98	266	-100
107	98	5	-12
108	98	0	12
109	98	325	24
110	98	1112	20
111	98	1113	68
112	98	1114	72
113	98	1115	36
114	98	1116	36
115	98	308	32
116	98	1117	32
117	98	69	16
118	98	274	4
119	98	46	4
120	98	18	4
121	98	20	4
122	98	341	4
123	98	96	4
124	98	96	4
125	98	96	4
126	98	96	4
127	98	96	4
128	98	96	0
0	99	96	0
1	99	96	20
2	99	96	28
3	99	96	28
4	99	96	32
5	99	96	28
6	99	96	36
7	99	97	-28
8	99	76	-44
9	99	4	-52
10	99	0	-56
11	99	98	-32
12	99	99	8
13	99	554	40
14	99	33	144
15	99	20	144
16	99	20	140
17	99	18	144
18	99	18	136
19	99	18	132
20	99	21	136
21	99	455	164
22	99	161	136
23	99	162	88
24	99	20	108
25	99	20	128
26	99	18	124
27	99	19	108
28	99	19	96
29	99	18	88
30	99	21	92
31	99	22	76
32	99	1118	72
33	99	204	64
34	99	11	64
35	99	4	64
36	99	120	72
37	99	96	68
38	99	96	68
39	99	97	68
40	99	76	56
41	99	11	52
42	99	4	56
43	99	0	60
44	99	11	48
45	99	11	48
46	99	122	56
47	99	123	56
48	99	4	52
49	99	239	52
50	99	240	-76
51	99	5	-76
52	99	0	-64
53	99	11	-72
54	99	11	-80
55	99	11	-80
56	99	32	-76
57	99	374	-72
58	99	10	-76
59	99	0	-80
60	99	193	-80
61	99	80	-24
62	99	81	-16
63	99	88	-24
64	99	16	-24
65	99	4	-72
66	99	0	-72
67	99	4	-72
68	99	0	-72
69	99	4	-72
70	99	0	-72
71	99	5	-72
72	99	4	-72
73	99	11	-72
74	99	5	-72
75	99	0	-72
76	99	11	-72
77	99	239	-72
78	99	1105	-72
79	99	1119	-32
80	99	365	-36
81	99	365	-36
82	99	366	8
83	99	97	12
84	99	1120	12
85	99	332	4
86	99	96	4
87	99	96	4
88	99	97	4
89	99	317	4
90	99	304	0
91	99	75	-96
92	99	75	-104
93	99	305	-104
94	99	1119	-104
95	99	1121	-104
96	99	233	-104
97	99	96	-104
98	99	232	-104
99	99	233	-104
100	99	232	-104
101	99	1020	-104
102	99	351	-104
103	99	254	-104
104	99	713	-104
105	99	123	-104
106	99	5	-100
107	99	325	-100
108	99	375	-8
109	99	1042	12
110	99	1122	20
111	99	1123	24
112	99	1124	28
113	99	1125	28
114	99	1126	28
115	99	1127	28
116	99	69	28
117	99	69	12
118	99	274	4
119	99	45	4
120	99	46	4
121	99	1128	4
122	99	254	4
123	99	223	4
124	99	96	4
125	99	96	4
126	99	96	4
127	99	96	4
128	99	96	0
0	100	96	0
1	100	96	8
2	100	96	16
3	100	96	24
4	100	96	28
5	100	96	32
6	100	96	44
7	100	97	-32
8	100	76	-40
9	100	4	-52
10	100	5	-52
11	100	4	-28
12	100	0	20
13	100	32	108
14	100	33	148
15	100	18	164
16	100	19	168
17	100	20	172
18	100	20	184
19	100	27	188
20	100	470	204
21	100	658	224
22	100	1079	196
23	100	19	172
24	100	20	184
25	100	20	180
26	100	18	152
27	100	18	128
28	100	20	124
29	100	27	108
30	100	7	96
31	100	448	80
32	100	3	84
33	100	0	76
34	100	11	76
35	100	222	80
36	100	354	76
37	100	233	76
38	100	96	76
39	100	121	76
40	100	5	72
41	100	11	68
42	100	4	60
43	100	4	56
44	100	11	52
45	100	11	48
46	100	11	52
47	100	11	56
48	100	122	16
49	100	123	-60
50	100	0	-76
51	100	4	-76
52	100	0	-72
53	100	0	-72
54	100	4	-72
55	100	11	-72
56	100	17	-72
57	100	14	-72
58	100	15	-72
59	100	1129	-72
60	100	153	-72
61	100	576	-76
62	100	680	-72
63	100	204	-72
64	100	0	-72
65	100	4	-72
66	100	0	-72
67	100	4	-72
68	100	0	-72
69	100	11	-72
70	100	5	-72
71	100	11	-72
72	100	5	-72
73	100	5	-72
74	100	74	-72
75	100	75	-72
76	100	1120	-72
77	100	332	-72
78	100	311	-28
79	100	7	-32
80	100	7	12
81	100	298	12
82	100	96	12
83	100	246	8
84	100	206	8
85	100	96	48
86	100	96	4
87	100	96	4
88	100	246	4
89	100	206	4
90	100	96	4
91	100	364	-4
92	100	365	-100
93	100	378	-100
94	100	1082	-104
95	100	1130	-104
96	100	96	-104
97	100	246	-104
98	100	206	-104
99	100	732	-104
100	100	123	-104
101	100	5	-104
102	100	0	-104
103	100	5	-104
104	100	664	-104
105	100	1131	-104
106	100	375	-104
107	100	50	-100
108	100	1132	-100
109	100	1133	-8
110	100	1134	8
111	100	1135	20
112	100	1136	28
113	100	1137	28
114	100	582	24
115	100	360	24
116	100	69	20
117	100	69	8
118	100	69	4
119	100	274	4
120	100	371	4
121	100	11	4
122	100	222	4
123	100	254	4
124	100	223	4
125	100	96	4
126	100	96	4
127	100	96	4
128	100	96	0
0	101	96	0
1	101	96	8
2	101	96	8
3	101	96	20
4	101	96	28
5	101	96	36
6	101	96	44
7	101	97	-24
8	101	76	-36
9	101	0	-48
10	101	0	-44
11	101	11	-28
12	101	4	8
13	101	32	132
14	101	33	160
15	101	229	168
16	101	712	188
17	101	712	220
18	101	1138	252
19	101	7	256
20	101	7	264
21	101	28	256
22	101	18	228
23	101	19	248
24	101	20	248
25	101	19	236
26	101	18	204
27	101	19	168
28	101	24	140
29	101	25	124
30	101	25	100
31	101	477	100
32	101	10	96
33	101	4	96
34	101	11	92
35	101	122	96
36	101	639	92
37	101	96	88
38	101	97	84
39	101	76	80
40	101	5	68
41	101	0	68
42	101	0	60
43	101	0	60
44	101	9	52
45	101	10	52
46	101	5	16
47	101	4	-56
48	101	11	-76
49	101	11	-72
50	101	0	-72
51	101	11	-72
52	101	5	-72
53	101	0	-72
54	101	239	-72
55	101	1139	-72
56	101	47	-72
57	101	47	-72
58	101	47	-72
59	101	47	-72
60	101	204	-72
61	101	4	-72
62	101	5	-72
63	101	0	-72
64	101	0	-72
65	101	11	-72
66	101	5	-72
67	101	11	-72
68	101	0	-72
69	101	11	-72
70	101	5	-72
71	101	0	-72
72	101	74	-72
73	101	95	-72
74	101	96	-72
75	101	246	-72
76	101	206	-72
77	101	986	-24
78	101	987	-28
79	101	7	20
80	101	298	16
81	101	96	16
82	101	96	12
83	101	96	12
84	101	96	12
85	101	96	8
86	101	96	8
87	101	96	4
88	101	96	8
89	101	96	4
90	101	311	48
91	101	7	4
92	101	7	-8
93	101	7	-100
94	101	298	-104
95	101	253	-104
96	101	254	-104
97	101	254	-104
98	101	314	-104
99	101	0	-104
100	101	664	-104
101	101	1131	-104
102	101	326	-104
103	101	1112	-104
104	101	1140	-104
105	101	50	-104
106	101	213	-104
107	101	214	-104
108	101	32	-100
109	101	47	-100
110	101	204	-4
111	101	0	12
112	101	5	20
113	101	11	20
114	101	359	20
115	101	806	16
116	101	71	20
117	101	69	4
118	101	69	4
119	101	1141	4
120	101	383	4
121	101	11	44
122	101	5	4
123	101	120	4
124	101	96	4
125	101	96	4
126	101	96	4
127	101	96	4
128	101	96	0
0	102	96	0
1	102	96	8
2	102	96	16
3	102	96	60
4	102	96	32
5	102	96	36
6	102	96	40
7	102	97	16
8	102	76	-20
9	102	11	-28
10	102	0	-40
11	102	11	-20
12	102	5	4
13	102	32	12
14	102	1142	96
15	102	860	184
16	102	183	228
17	102	1071	264
18	102	1143	296
19	102	1143	312
20	102	1144	292
21	102	33	288
22	102	19	284
23	102	20	296
24	102	19	292
25	102	18	260
26	102	20	236
27	102	20	196
28	102	20	156
29	102	19	136
30	102	19	120
31	102	14	112
32	102	10	108
33	102	11	104
34	102	5	108
35	102	120	108
36	102	96	108
37	102	96	112
38	102	97	100
39	102	76	88
40	102	11	76
41	102	5	76
42	102	4	68
43	102	17	64
44	102	16	60
45	102	5	8
46	102	5	-76
47	102	0	-72
48	102	11	-72
49	102	0	-72
50	102	0	-72
51	102	9	-72
52	102	10	-28
53	102	122	-72
54	102	123	-72
55	102	11	-72
56	102	0	-72
57	102	5	-72
58	102	5	-72
59	102	0	-72
60	102	11	-72
61	102	0	-72
62	102	4	-72
63	102	0	-72
64	102	4	-72
65	102	11	-28
66	102	5	16
67	102	11	-72
68	102	11	-72
69	102	74	-72
70	102	75	-72
71	102	95	-72
72	102	96	-72
73	102	96	-72
74	102	96	-24
75	102	96	-24
76	102	246	-24
77	102	995	-28
78	102	321	20
79	102	322	16
80	102	96	16
81	102	253	20
82	102	354	16
83	102	342	12
84	102	254	12
85	102	254	12
86	102	354	12
87	102	233	8
88	102	96	8
89	102	311	4
90	102	399	4
91	102	987	8
92	102	7	0
93	102	1145	-12
94	102	314	-32
95	102	5	-100
96	102	4	-104
97	102	11	-104
98	102	1	-104
99	102	1146	-104
100	102	1147	-104
101	102	127	-104
102	102	50	-104
103	102	50	-104
104	102	213	-104
105	102	214	-104
106	102	4	-104
107	102	0	-104
108	102	0	-104
109	102	11	-100
110	102	5	-100
111	102	239	-8
112	102	240	12
113	102	0	16
114	102	32	16
115	102	781	16
116	102	360	16
117	102	69	4
118	102	69	4
119	102	451	4
120	102	151	4
121	102	11	4
122	102	120	4
123	102	96	4
124	102	96	4
125	102	96	4
126	102	96	4
127	102	96	4
128	102	96	0
0	103	96	0
1	103	96	12
2	103	96	16
3	103	96	20
4	103	96	32
5	103	96	44
6	103	96	68
7	103	97	80
8	103	76	-24
9	103	0	-16
10	103	5	-28
11	103	5	-20
12	103	4	-12
13	103	163	12
14	103	165	48
15	103	183	204
16	103	861	252
17	103	166	284
18	103	860	324
19	103	880	320
20	103	1148	300
21	103	20	308
22	103	65	320
23	103	33	332
24	103	20	316
25	103	20	272
26	103	19	248
27	103	18	216
28	103	18	172
29	103	18	152
30	103	18	144
31	103	16	128
32	103	0	124
33	103	5	132
34	103	222	120
35	103	223	104
36	103	96	104
37	103	96	108
38	103	121	36
39	103	5	-4
40	103	5	-12
41	103	0	36
42	103	32	-12
43	103	204	-48
44	103	11	-68
45	103	11	-68
46	103	11	-72
47	103	11	-72
48	103	5	-72
49	103	5	-72
50	103	32	-72
51	103	204	-72
52	103	4	-72
53	103	4	-72
54	103	4	-72
55	103	11	-72
56	103	4	-72
57	103	11	-72
58	103	0	-72
59	103	4	-72
60	103	0	-72
61	103	74	-72
62	103	75	-72
63	103	75	-72
64	103	75	-72
65	103	75	-28
66	103	317	-28
67	103	304	-72
68	103	95	-72
69	103	96	-72
70	103	96	-72
71	103	96	-72
72	103	96	-16
73	103	96	-16
74	103	253	-16
75	103	254	28
76	103	254	28
77	103	254	20
78	103	254	20
79	103	254	20
80	103	314	-24
81	103	122	-24
82	103	123	-24
83	103	5	-24
84	103	11	-24
85	103	122	-24
86	103	351	-32
87	103	223	-32
88	103	320	16
89	103	1149	8
90	103	995	8
91	103	321	12
92	103	1150	12
93	103	0	4
94	103	11	-20
95	103	5	-32
96	103	325	-100
97	103	353	-104
98	103	7	-104
99	103	7	-104
100	103	78	-104
101	103	213	-104
102	103	101	-104
103	103	214	-104
104	103	5	-104
105	103	11	-104
106	103	239	-104
107	103	304	-104
108	103	75	-104
109	103	75	-104
110	103	1120	-100
111	103	685	-100
112	103	11	-4
113	103	0	12
114	103	0	12
115	103	359	8
116	103	360	4
117	103	69	4
118	103	1151	4
119	103	150	4
120	103	1152	4
121	103	95	4
122	103	96	4
123	103	96	4
124	103	96	4
125	103	96	4
126	103	96	4
127	103	96	4
128	103	96	0
0	104	96	0
1	104	96	16
2	104	96	20
3	104	96	36
4	104	96	48
5	104	96	72
6	104	96	88
7	104	97	96
8	104	76	40
9	104	11	8
10	104	4	-12
11	104	11	-8
12	104	0	-4
13	104	163	20
14	104	165	44
15	104	861	208
16	104	166	260
17	104	166	296
18	104	860	336
19	104	167	340
20	104	20	328
21	104	14	332
22	104	13	344
23	104	19	336
24	104	18	320
25	104	19	292
26	104	20	260
27	104	18	220
28	104	19	196
29	104	19	168
30	104	14	168
31	104	10	152
32	104	4	128
33	104	0	120
34	104	222	116
35	104	254	28
36	104	223	-68
37	104	97	-68
38	104	76	-68
39	104	9	-68
40	104	10	-56
41	104	11	-56
42	104	4	-60
43	104	239	-64
44	104	272	-72
45	104	272	-72
46	104	272	-72
47	104	240	-72
48	104	0	-72
49	104	11	-72
50	104	0	-72
51	104	4	-72
52	104	0	-72
53	104	11	-72
54	104	11	-72
55	104	74	-72
56	104	75	-72
57	104	75	-72
58	104	317	-72
59	104	304	-72
60	104	95	-76
61	104	232	-72
62	104	233	-72
63	104	96	-72
64	104	96	-72
65	104	246	-72
66	104	206	-72
67	104	96	-72
68	104	96	-72
69	104	96	-72
70	104	96	-12
71	104	253	-12
72	104	254	-12
73	104	314	28
74	104	0	28
75	104	5	24
76	104	0	24
77	104	11	24
78	104	0	24
79	104	0	-24
80	104	0	-24
81	104	4	-72
82	104	4	-72
83	104	5	-72
84	104	4	-72
85	104	0	-72
86	104	120	-72
87	104	96	-28
88	104	96	-28
89	104	96	-24
90	104	96	20
91	104	121	20
92	104	11	20
93	104	5	12
94	104	325	8
95	104	375	-16
96	104	51	-100
97	104	109	-104
98	104	612	-104
99	104	100	-104
100	104	214	-104
101	104	11	-104
102	104	0	-104
103	104	0	-104
104	104	74	-104
105	104	305	-104
106	104	206	-104
107	104	96	-104
108	104	96	-104
109	104	246	-104
110	104	620	-104
111	104	75	-100
112	104	76	-100
113	104	4	0
114	104	0	8
115	104	359	4
116	104	1153	0
117	104	469	4
118	104	50	4
119	104	1154	4
120	104	254	4
121	104	223	4
122	104	96	4
123	104	96	4
124	104	96	4
125	104	96	4
126	104	96	4
127	104	96	4
128	104	96	0
0	105	96	0
1	105	96	16
2	105	96	24
3	105	96	44
4	105	96	60
5	105	96	80
6	105	96	96
7	105	97	96
8	105	76	96
9	105	0	-4
10	105	0	16
11	105	0	16
12	105	11	12
13	105	163	28
14	105	165	60
15	105	861	212
16	105	861	260
17	105	860	300
18	105	1155	352
19	105	30	352
20	105	20	328
21	105	18	320
22	105	18	324
23	105	18	332
24	105	19	316
25	105	18	304
26	105	18	272
27	105	20	236
28	105	20	204
29	105	20	184
30	105	16	168
31	105	11	100
32	105	0	32
33	105	9	-4
34	105	15	-24
35	105	1107	-24
36	105	245	-68
37	105	234	-68
38	105	13	-68
39	105	16	-68
40	105	5	-72
41	105	239	-72
42	105	1105	-72
43	105	289	-72
44	105	289	-72
45	105	684	-72
46	105	685	-72
47	105	4	-72
48	105	11	-72
49	105	9	-72
50	105	10	-72
51	105	11	-72
52	105	4	-76
53	105	4	-80
54	105	120	-80
55	105	96	-80
56	105	96	-80
57	105	246	-80
58	105	206	-72
59	105	96	-44
60	105	246	-24
61	105	206	-72
62	105	96	-72
63	105	96	-72
64	105	96	-72
65	105	96	-72
66	105	232	-72
67	105	233	-72
68	105	253	-72
69	105	254	-12
70	105	314	-12
71	105	4	32
72	105	11	28
73	105	5	28
74	105	11	68
75	105	0	28
76	105	11	28
77	105	0	-16
78	105	4	-16
79	105	11	-24
80	105	9	-72
81	105	10	-72
82	105	11	-72
83	105	0	-72
84	105	0	-72
85	105	120	-72
86	105	96	-72
87	105	96	-72
88	105	96	-72
89	105	96	-24
90	105	121	-24
91	105	4	-24
92	105	4	20
93	105	350	20
94	105	50	16
95	105	50	4
96	105	213	-100
97	105	214	-104
98	105	5	-104
99	105	0	-104
100	105	5	-104
101	105	74	-104
102	105	75	-104
103	105	95	-104
104	105	96	-104
105	105	96	-104
106	105	96	-104
107	105	96	-104
108	105	96	-104
109	105	96	-104
110	105	96	-104
111	105	97	-104
112	105	76	-100
113	105	5	-100
114	105	11	-4
115	105	124	4
116	105	101	4
117	105	101	4
118	105	214	4
119	105	4	4
120	105	222	4
121	105	223	4
122	105	96	4
123	105	96	4
124	105	96	4
125	105	96	4
126	105	96	4
127	105	96	4
128	105	96	0
0	106	96	0
1	106	96	16
2	106	96	20
3	106	96	44
4	106	96	60
5	106	96	68
6	106	96	76
7	106	97	84
8	106	76	100
9	106	4	136
10	106	5	136
11	106	4	80
12	106	4	88
13	106	163	88
14	106	165	88
15	106	860	88
16	106	1156	256
17	106	1157	296
18	106	1158	312
19	106	20	88
20	106	18	88
21	106	19	88
22	106	18	88
23	106	18	88
24	106	20	308
25	106	18	304
26	106	19	268
27	106	19	228
28	106	20	200
29	106	16	188
30	106	11	120
31	106	5	60
32	106	17	36
33	106	19	-4
34	106	18	-24
35	106	341	-40
36	106	207	-52
37	106	1159	-68
38	106	1160	-68
39	106	272	-72
40	106	1105	-72
41	106	206	-72
42	106	96	-72
43	106	96	-72
44	106	246	-72
45	106	620	-72
46	106	75	-68
47	106	75	-64
48	106	243	-64
49	106	191	-52
50	106	75	-60
51	106	75	-28
52	106	75	-4
53	106	95	36
54	106	96	32
55	106	96	32
56	106	96	28
57	106	96	32
58	106	96	32
59	106	96	28
60	106	96	-24
61	106	232	-16
62	106	342	-72
63	106	295	-72
64	106	338	-72
65	106	1161	-72
66	106	1162	-72
67	106	1163	-72
68	106	15	-72
69	106	15	-16
70	106	10	28
71	106	0	32
72	106	5	32
73	106	11	28
74	106	11	28
75	106	9	28
76	106	10	-12
77	106	11	-24
78	106	11	-72
79	106	32	-72
80	106	204	-72
81	106	4	-72
82	106	5	-72
83	106	5	-72
84	106	222	-72
85	106	354	-72
86	106	233	-72
87	106	96	-72
88	106	96	-72
89	106	121	-72
90	106	0	-72
91	106	5	-24
92	106	124	-24
93	106	101	24
94	106	101	20
95	106	214	16
96	106	0	-92
97	106	4	-100
98	106	239	-104
99	106	304	-104
100	106	95	-104
101	106	96	-104
102	106	96	-104
103	106	96	-104
104	106	96	-104
105	106	96	-104
106	106	96	-104
107	106	96	-104
108	106	96	-104
109	106	96	-104
110	106	96	-104
111	106	97	-104
112	106	76	-104
113	106	5	-100
114	106	4	-96
115	106	5	0
116	106	5	4
117	106	0	4
118	106	4	4
119	106	0	4
120	106	222	4
121	106	223	4
122	106	96	4
123	106	96	4
124	106	96	4
125	106	96	4
126	106	96	4
127	106	96	4
128	106	96	0
0	107	96	0
1	107	96	16
2	107	96	24
3	107	96	32
4	107	96	44
5	107	96	48
6	107	96	68
7	107	97	84
8	107	76	124
9	107	11	156
10	107	0	152
11	107	0	176
12	107	0	88
13	107	163	88
14	107	165	88
15	107	1164	88
16	107	471	236
17	107	28	280
18	107	18	268
19	107	18	88
20	107	18	88
21	107	19	88
22	107	19	88
23	107	19	88
24	107	18	88
25	107	18	88
26	107	20	88
27	107	20	88
28	107	16	88
29	107	4	88
30	107	11	56
31	107	17	56
32	107	19	32
33	107	19	8
34	107	256	-12
35	107	245	-36
36	107	246	-52
37	107	289	-64
38	107	289	-68
39	107	206	-68
40	107	96	-72
41	107	96	-72
42	107	96	-72
43	107	232	-72
44	107	347	-68
45	107	233	-68
46	107	244	-60
47	107	319	-48
48	107	223	-48
49	107	96	-12
50	107	96	44
51	107	96	36
52	107	96	36
53	107	96	36
54	107	96	40
55	107	96	32
56	107	253	28
57	107	254	32
58	107	254	32
59	107	254	32
60	107	713	20
61	107	123	-24
62	107	32	-72
63	107	33	-72
64	107	18	-72
65	107	19	-72
66	107	20	-72
67	107	19	-72
68	107	18	-72
69	107	16	-12
70	107	0	-12
71	107	9	32
72	107	15	32
73	107	15	28
74	107	13	32
75	107	14	-12
76	107	15	-12
77	107	10	-72
78	107	11	-72
79	107	0	-72
80	107	11	-72
81	107	11	-72
82	107	0	-72
83	107	0	-72
84	107	286	-72
85	107	332	-72
86	107	96	-72
87	107	96	-72
88	107	618	-72
89	107	240	-72
90	107	0	-72
91	107	11	-72
92	107	4	-24
93	107	0	24
94	107	11	20
95	107	5	20
96	107	74	12
97	107	305	-84
98	107	206	-104
99	107	96	-104
100	107	232	-104
101	107	624	-104
102	107	365	-104
103	107	365	-104
104	107	366	-104
105	107	96	-104
106	107	96	-104
107	107	96	-104
108	107	96	-104
109	107	96	-104
110	107	96	-104
111	107	121	-104
112	107	4	-104
113	107	4	-104
114	107	11	-100
115	107	5	-96
116	107	11	0
117	107	0	4
118	107	5	4
119	107	1165	4
120	107	1166	4
121	107	96	4
122	107	96	4
123	107	96	4
124	107	96	4
125	107	96	4
126	107	96	4
127	107	96	4
128	107	96	0
0	108	96	0
1	108	96	20
2	108	96	24
3	108	96	28
4	108	96	40
5	108	96	48
6	108	96	64
7	108	97	80
8	108	76	120
9	108	5	140
10	108	5	160
11	108	0	188
12	108	0	88
13	108	163	88
14	108	1167	88
15	108	7	88
16	108	28	88
17	108	18	88
18	108	20	88
19	108	19	88
20	108	19	88
21	108	20	88
22	108	18	88
23	108	19	88
24	108	18	88
25	108	20	88
26	108	19	88
27	108	14	88
28	108	15	88
29	108	15	88
30	108	13	92
31	108	19	56
32	108	18	40
33	108	19	20
34	108	256	4
35	108	319	-28
36	108	354	-44
37	108	347	-56
38	108	233	-56
39	108	96	-56
40	108	96	-60
41	108	96	-64
42	108	323	-60
43	108	1168	-60
44	108	351	-60
45	108	401	-52
46	108	374	-52
47	108	1107	4
48	108	319	40
49	108	254	48
50	108	254	48
51	108	254	48
52	108	254	48
53	108	254	44
54	108	254	52
55	108	314	48
56	108	11	40
57	108	4	32
58	108	11	36
59	108	0	36
60	108	4	20
61	108	0	-24
62	108	17	-64
63	108	20	-72
64	108	19	-72
65	108	20	-72
66	108	65	-72
67	108	33	-72
68	108	14	-72
69	108	15	-72
70	108	13	-16
71	108	34	28
72	108	35	32
73	108	35	28
74	108	38	-12
75	108	19	-12
76	108	16	-72
77	108	9	-72
78	108	15	-72
79	108	10	-72
80	108	0	-72
81	108	5	-72
82	108	0	-72
83	108	122	-72
84	108	351	-72
85	108	223	-72
86	108	96	-72
87	108	246	-72
88	108	647	-72
89	108	0	-72
90	108	0	-72
91	108	4	-72
92	108	4	-16
93	108	5	-16
94	108	4	-24
95	108	120	-24
96	108	96	-32
97	108	96	-48
98	108	96	-92
99	108	246	-104
100	108	1169	-104
101	108	7	-104
102	108	7	-104
103	108	1145	-104
104	108	254	-104
105	108	254	-104
106	108	223	-104
107	108	96	-104
108	108	96	-104
109	108	96	-104
110	108	97	-104
111	108	76	-104
112	108	74	-104
113	108	75	-104
114	108	75	-104
115	108	75	-100
116	108	75	-96
117	108	75	-92
118	108	1170	4
119	108	1171	4
120	108	1172	4
121	108	96	4
122	108	96	4
123	108	96	4
124	108	96	44
125	108	96	4
126	108	96	4
127	108	96	4
128	108	96	0
0	109	96	0
1	109	96	16
2	109	96	20
3	109	96	28
4	109	96	36
5	109	96	44
6	109	96	64
7	109	97	84
8	109	75	120
9	109	75	144
10	109	76	164
11	109	4	192
12	109	0	212
13	109	98	88
14	109	99	88
15	109	203	88
16	109	18	88
17	109	18	88
18	109	20	88
19	109	19	88
20	109	18	88
21	109	20	88
22	109	19	88
23	109	19	88
24	109	20	88
25	109	18	88
26	109	19	88
27	109	20	88
28	109	20	88
29	109	18	88
30	109	19	76
31	109	18	60
32	109	18	56
33	109	65	48
34	109	204	28
35	109	122	-4
36	109	357	-32
37	109	639	-40
38	109	96	-44
39	109	232	-36
40	109	347	-28
41	109	331	-28
42	109	685	-48
43	109	9	-32
44	109	15	-32
45	109	13	-8
46	109	19	60
47	109	14	56
48	109	188	56
49	109	240	68
50	109	0	60
51	109	5	56
52	109	5	56
53	109	0	60
54	109	5	96
55	109	11	64
56	109	11	56
57	109	4	44
58	109	5	36
59	109	0	36
60	109	5	28
61	109	17	-12
62	109	20	-24
63	109	20	-68
64	109	20	-72
65	109	14	-72
66	109	13	-72
67	109	18	-72
68	109	19	-72
69	109	34	-72
70	109	49	-16
71	109	50	24
72	109	50	28
73	109	54	-16
74	109	38	-16
75	109	16	-72
76	109	17	-72
77	109	20	-72
78	109	1173	-72
79	109	146	-72
80	109	709	-72
81	109	11	-72
82	109	0	-28
83	109	74	-72
84	109	95	-72
85	109	96	-72
86	109	96	-72
87	109	121	-72
88	109	5	-72
89	109	4	-72
90	109	4	-72
91	109	0	-72
92	109	74	-72
93	109	75	-72
94	109	95	-72
95	109	96	-72
96	109	96	-72
97	109	96	-80
98	109	96	-100
99	109	320	-104
100	109	1174	-104
101	109	99	-104
102	109	328	-104
103	109	11	-104
104	109	4	-104
105	109	222	-104
106	109	354	-104
107	109	233	-104
108	109	96	-104
109	109	96	-104
110	109	97	-104
111	109	95	-104
112	109	96	-104
113	109	1175	-104
114	109	1176	-104
115	109	96	-104
116	109	96	-104
117	109	1177	-96
118	109	1178	-92
119	109	96	-64
120	109	96	4
121	109	253	4
122	109	254	4
123	109	223	4
124	109	96	4
125	109	96	4
126	109	96	4
127	109	96	4
128	109	96	0
0	110	96	0
1	110	96	16
2	110	96	20
3	110	96	20
4	110	96	36
5	110	96	56
6	110	96	76
7	110	96	84
8	110	96	100
9	110	97	136
10	110	76	164
11	110	0	188
12	110	5	204
13	110	11	208
14	110	32	88
15	110	33	88
16	110	20	88
17	110	20	88
18	110	19	88
19	110	19	88
20	110	19	88
21	110	19	88
22	110	19	88
23	110	20	88
24	110	20	212
25	110	20	212
26	110	18	256
27	110	20	224
28	110	20	196
29	110	20	132
30	110	18	92
31	110	65	84
32	110	204	108
33	110	11	116
34	110	5	84
35	110	5	16
36	110	222	-12
37	110	254	-28
38	110	713	-36
39	110	357	-28
40	110	357	28
41	110	123	64
42	110	32	76
43	110	47	76
44	110	47	60
45	110	47	60
46	110	47	60
47	110	302	64
48	110	123	68
49	110	0	68
50	110	5	72
51	110	4	68
52	110	9	68
53	110	15	76
54	110	15	80
55	110	15	76
56	110	15	72
57	110	15	64
58	110	15	36
59	110	15	36
60	110	13	32
61	110	19	28
62	110	19	-16
63	110	20	-24
64	110	19	-68
65	110	20	-72
66	110	20	-72
67	110	18	-72
68	110	55	-72
69	110	50	-72
70	110	50	-16
71	110	50	32
72	110	50	-16
73	110	431	-16
74	110	16	-72
75	110	17	-72
76	110	18	-72
77	110	945	-72
78	110	790	-72
79	110	1179	-72
80	110	0	-72
81	110	5	-72
82	110	120	-72
83	110	96	-72
84	110	96	-72
85	110	232	-72
86	110	266	-72
87	110	11	-72
88	110	5	-72
89	110	5	-72
90	110	239	-72
91	110	330	-72
92	110	233	-72
93	110	96	-72
94	110	96	-72
95	110	96	-72
96	110	96	-72
97	110	253	-76
98	110	254	-88
99	110	314	-100
100	110	11	-104
101	110	5	-104
102	110	11	-104
103	110	0	-104
104	110	5	-104
105	110	122	-104
106	110	639	-104
107	110	96	-104
108	110	96	-104
109	110	96	-104
110	110	96	-104
111	110	96	-104
112	110	1177	-104
113	110	1178	-104
114	110	96	-104
115	110	96	-104
116	110	96	-104
117	110	253	-104
118	110	254	-104
119	110	254	-96
120	110	314	-92
121	110	0	0
122	110	120	4
123	110	96	4
124	110	96	4
125	110	96	0
126	110	96	4
127	110	96	4
128	110	96	0
0	111	96	0
1	111	96	12
2	111	96	20
3	111	96	24
4	111	96	32
5	111	96	52
6	111	96	64
7	111	96	76
8	111	96	80
9	111	121	104
10	111	11	136
11	111	11	156
12	111	5	172
13	111	5	176
14	111	32	220
15	111	33	248
16	111	20	280
17	111	19	292
18	111	20	300
19	111	18	88
20	111	18	88
21	111	18	88
22	111	19	88
23	111	18	88
24	111	19	300
25	111	20	288
26	111	20	268
27	111	20	264
28	111	18	244
29	111	18	224
30	111	16	208
31	111	4	208
32	111	4	220
33	111	0	216
34	111	0	188
35	111	0	144
36	111	5	116
37	111	0	108
38	111	5	96
39	111	0	92
40	111	0	92
41	111	11	92
42	111	4	88
43	111	5	84
44	111	11	80
45	111	4	80
46	111	4	84
47	111	0	88
48	111	4	76
49	111	239	80
50	111	240	80
51	111	32	80
52	111	33	80
53	111	20	92
54	111	18	96
55	111	19	92
56	111	18	88
57	111	18	68
58	111	20	44
59	111	20	40
60	111	18	28
61	111	20	32
62	111	19	32
63	111	18	-24
64	111	19	-68
65	111	18	-72
66	111	20	-72
67	111	129	-72
68	111	130	-72
69	111	130	-72
70	111	386	-24
71	111	50	-24
72	111	1180	-24
73	111	204	-72
74	111	17	-72
75	111	18	-72
76	111	18	-72
77	111	18	-72
78	111	16	-72
79	111	5	-72
80	111	0	-72
81	111	222	-72
82	111	223	-72
83	111	96	-24
84	111	246	-16
85	111	1003	-16
86	111	304	-72
87	111	75	-72
88	111	75	-72
89	111	1120	-72
90	111	288	-72
91	111	206	-72
92	111	96	-72
93	111	96	-72
94	111	96	-72
95	111	244	-72
96	111	1163	-72
97	111	15	-72
98	111	15	-76
99	111	15	-88
100	111	15	-104
101	111	15	-104
102	111	10	-104
103	111	4	-104
104	111	0	-104
105	111	222	-104
106	111	223	-104
107	111	96	-104
108	111	96	-104
109	111	96	-104
110	111	96	-104
111	111	96	-104
112	111	96	-104
113	111	96	-104
114	111	96	-104
115	111	253	-104
116	111	314	-104
117	111	0	-104
118	111	0	-104
119	111	4	-104
120	111	5	-96
121	111	222	-96
122	111	223	-4
123	111	96	4
124	111	96	4
125	111	96	0
126	111	96	4
127	111	96	4
128	111	96	0
0	112	96	0
1	112	96	12
2	112	96	16
3	112	96	28
4	112	96	36
5	112	96	40
6	112	96	56
7	112	96	68
8	112	121	76
9	112	11	84
10	112	4	116
11	112	11	156
12	112	11	164
13	112	4	184
14	112	32	212
15	112	47	256
16	112	33	276
17	112	18	280
18	112	20	292
19	112	20	296
20	112	18	288
21	112	20	280
22	112	20	296
23	112	20	280
24	112	18	280
25	112	20	276
26	112	18	268
27	112	18	268
28	112	18	256
29	112	16	236
30	112	5	220
31	112	11	228
32	112	5	228
33	112	4	212
34	112	239	196
35	112	240	164
36	112	5	132
37	112	4	108
38	112	11	92
39	112	4	88
40	112	5	92
41	112	11	100
42	112	4	96
43	112	0	84
44	112	0	88
45	112	11	84
46	112	5	80
47	112	5	80
48	112	122	76
49	112	123	76
50	112	5	84
51	112	17	76
52	112	19	84
53	112	20	92
54	112	19	104
55	112	19	92
56	112	20	96
57	112	18	68
58	112	18	48
59	112	19	40
60	112	18	32
61	112	20	32
62	112	18	28
63	112	18	-8
64	112	19	-68
65	112	18	-72
66	112	18	-72
67	112	19	-72
68	112	19	-72
69	112	55	-72
70	112	213	-72
71	112	214	-24
72	112	4	-72
73	112	17	-72
74	112	19	-72
75	112	19	-72
76	112	20	-72
77	112	16	-72
78	112	0	-72
79	112	4	-72
80	112	5	-72
81	112	120	-72
82	112	96	-24
83	112	96	-24
84	112	246	24
85	112	206	-16
86	112	96	-16
87	112	96	-72
88	112	246	-72
89	112	206	-72
90	112	96	-72
91	112	96	-72
92	112	232	-72
93	112	342	-72
94	112	255	-72
95	112	18	-72
96	112	18	-72
97	112	19	-72
98	112	19	-72
99	112	20	-76
100	112	20	-92
101	112	16	-104
102	112	4	-104
103	112	5	-100
104	112	11	-104
105	112	222	-104
106	112	254	-104
107	112	254	-104
108	112	254	-104
109	112	254	-104
110	112	254	-104
111	112	254	-104
112	112	254	-104
113	112	254	-104
114	112	314	-104
115	112	5	-104
116	112	145	-104
117	112	709	-104
118	112	9	-104
119	112	15	-104
120	112	15	-104
121	112	1107	-100
122	112	338	-96
123	112	338	-12
124	112	245	0
125	112	96	4
126	112	96	4
127	112	96	0
128	112	96	0
0	113	96	0
1	113	96	16
2	113	96	24
3	113	96	28
4	113	96	36
5	113	96	40
6	113	96	52
7	113	97	76
8	113	76	80
9	113	4	96
10	113	11	112
11	113	5	124
12	113	5	148
13	113	0	176
14	113	0	204
15	113	17	212
16	113	20	244
17	113	18	252
18	113	20	256
19	113	20	264
20	113	19	244
21	113	20	244
22	113	18	264
23	113	20	268
24	113	18	260
25	113	18	268
26	113	18	260
27	113	18	264
28	113	14	252
29	113	15	240
30	113	15	228
31	113	15	228
32	113	10	204
33	113	122	196
34	113	123	180
35	113	5	144
36	113	5	112
37	113	0	100
38	113	0	100
39	113	0	84
40	113	0	76
41	113	5	72
42	113	5	68
43	113	5	68
44	113	0	64
45	113	11	68
46	113	11	64
47	113	4	60
48	113	0	64
49	113	0	72
50	113	17	72
51	113	20	68
52	113	19	76
53	113	19	88
54	113	19	96
55	113	19	100
56	113	18	88
57	113	20	64
58	113	20	48
59	113	65	40
60	113	47	36
61	113	47	28
62	113	47	28
63	113	33	-12
64	113	19	-16
65	113	18	-72
66	113	19	-72
67	113	18	-72
68	113	55	-72
69	113	150	-72
70	113	151	-72
71	113	9	-72
72	113	13	-72
73	113	18	-72
74	113	18	-72
75	113	18	-72
76	113	16	-72
77	113	11	-72
78	113	11	-72
79	113	5	-72
80	113	120	-72
81	113	96	-24
82	113	96	-24
83	113	96	24
84	113	96	24
85	113	96	24
86	113	96	-24
87	113	96	-24
88	113	96	-72
89	113	96	-72
90	113	96	-72
91	113	732	-72
92	113	123	-72
93	113	17	-72
94	113	19	-72
95	113	18	-72
96	113	20	-72
97	113	20	-72
98	113	20	-72
99	113	21	-72
100	113	433	-76
101	113	2	-88
102	113	149	-100
103	113	15	-56
104	113	15	-80
105	113	15	-96
106	113	15	-104
107	113	15	-104
108	113	15	-104
109	113	15	-104
110	113	10	-104
111	113	9	-104
112	113	15	-104
113	113	15	-104
114	113	15	-104
115	113	984	-104
116	113	880	-104
117	113	1148	-104
118	113	19	-104
119	113	20	-104
120	113	20	-104
121	113	19	-104
122	113	18	-100
123	113	256	-36
124	113	245	-12
125	113	96	-4
126	113	96	0
127	113	96	0
128	113	96	0
0	114	96	0
1	114	96	24
2	114	96	36
3	114	96	44
4	114	96	52
5	114	96	56
6	114	96	56
7	114	97	76
8	114	76	96
9	114	0	116
10	114	0	116
11	114	5	124
12	114	4	144
13	114	4	164
14	114	17	156
15	114	18	156
16	114	20	180
17	114	18	212
18	114	20	224
19	114	19	224
20	114	18	192
21	114	18	212
22	114	19	236
23	114	19	232
24	114	19	228
25	114	19	228
26	114	18	232
27	114	18	244
28	114	20	236
29	114	19	208
30	114	20	188
31	114	14	196
32	114	15	184
33	114	10	168
34	114	0	148
35	114	4	120
36	114	1181	92
37	114	1182	92
38	114	0	88
39	114	9	80
40	114	10	72
41	114	4	64
42	114	11	68
43	114	4	60
44	114	9	60
45	114	15	56
46	114	15	52
47	114	15	48
48	114	15	48
49	114	13	56
50	114	19	60
51	114	18	60
52	114	20	68
53	114	19	88
54	114	18	92
55	114	18	96
56	114	20	88
57	114	21	56
58	114	433	40
59	114	2	32
60	114	149	32
61	114	10	32
62	114	17	32
63	114	20	28
64	114	18	-16
65	114	20	-72
66	114	18	-72
67	114	55	-72
68	114	50	-72
69	114	128	-72
70	114	17	-72
71	114	18	-72
72	114	20	-72
73	114	18	-72
74	114	18	-72
75	114	14	-72
76	114	15	-72
77	114	10	-72
78	114	0	-72
79	114	222	-72
80	114	223	-24
81	114	232	-24
82	114	233	20
83	114	96	20
84	114	96	24
85	114	96	24
86	114	96	20
87	114	96	-24
88	114	96	-24
89	114	232	-24
90	114	266	-72
91	114	11	-72
92	114	17	-72
93	114	20	-72
94	114	20	-72
95	114	19	-72
96	114	19	-72
97	114	20	-72
98	114	27	-72
99	114	7	-28
100	114	7	-28
101	114	28	-32
102	114	19	16
103	114	20	16
104	114	18	12
105	114	20	-80
106	114	18	-84
107	114	18	-96
108	114	19	-104
109	114	14	-104
110	114	13	-104
111	114	20	-104
112	114	65	-104
113	114	33	-104
114	114	945	-104
115	114	790	-104
116	114	265	-104
117	114	20	-104
118	114	18	-104
119	114	18	-104
120	114	19	-104
121	114	19	-104
122	114	18	-104
123	114	256	-92
124	114	245	-28
125	114	96	-12
126	114	96	-4
127	114	96	0
128	114	96	0
0	115	96	0
1	115	96	16
2	115	1171	20
3	115	96	36
4	115	96	44
5	115	96	52
6	115	96	56
7	115	97	72
8	115	76	92
9	115	5	92
10	115	5	100
11	115	11	120
12	115	0	116
13	115	17	124
14	115	20	132
15	115	20	132
16	115	18	140
17	115	18	156
18	115	18	168
19	115	18	180
20	115	19	160
21	115	20	164
22	115	20	176
23	115	18	172
24	115	19	148
25	115	18	144
26	115	18	152
27	115	20	156
28	115	19	184
29	115	19	172
30	115	18	148
31	115	18	116
32	115	14	132
33	115	15	128
34	115	15	108
35	115	1183	76
36	115	1184	76
37	115	15	72
38	115	13	72
39	115	14	72
40	115	15	64
41	115	15	64
42	115	15	60
43	115	13	52
44	115	18	48
45	115	20	36
46	115	20	36
47	115	19	36
48	115	19	36
49	115	20	40
50	115	65	44
51	115	47	48
52	115	33	68
53	115	19	84
54	115	18	92
55	115	18	92
56	115	1185	72
57	115	1186	52
58	115	7	32
59	115	28	32
60	115	14	68
61	115	13	32
62	115	29	32
63	115	30	28
64	115	20	-16
65	115	20	-72
66	115	55	-72
67	115	50	-72
68	115	128	-72
69	115	32	-72
70	115	33	-72
71	115	19	-72
72	115	20	-72
73	115	18	-72
74	115	18	-72
75	115	20	-72
76	115	16	-72
77	115	4	-72
78	115	5	-72
79	115	222	-24
80	115	603	-24
81	115	206	20
82	115	96	20
83	115	96	20
84	115	96	16
85	115	96	20
86	115	232	60
87	115	342	20
88	115	713	20
89	115	123	-24
90	115	5	-24
91	115	17	-24
92	115	19	-24
93	115	18	-24
94	115	20	-24
95	115	20	-28
96	115	20	-24
97	115	24	-24
98	115	25	-28
99	115	25	-24
100	115	26	16
101	115	19	20
102	115	20	16
103	115	19	16
104	115	20	12
105	115	18	12
106	115	19	8
107	115	19	-80
108	115	19	-92
109	115	19	-100
110	115	20	-104
111	115	14	-104
112	115	373	-104
113	115	33	-104
114	115	21	-104
115	115	22	-104
116	115	22	-104
117	115	23	-104
118	115	19	-104
119	115	19	-104
120	115	18	-104
121	115	18	-104
122	115	18	-100
123	115	256	-96
124	115	245	-72
125	115	96	-40
126	115	96	-4
127	115	96	0
128	115	96	0
0	116	96	0
1	116	96	8
2	116	96	12
3	116	96	20
4	116	96	28
5	116	96	36
6	116	96	36
7	116	121	48
8	116	11	68
9	116	11	72
10	116	4	88
11	116	11	96
12	116	17	96
13	116	18	104
14	116	29	108
15	116	1187	124
16	116	30	140
17	116	19	140
18	116	19	140
19	116	19	140
20	116	19	120
21	116	18	124
22	116	20	128
23	116	19	116
24	116	20	108
25	116	20	120
26	116	19	108
27	116	20	108
28	116	19	120
29	116	20	136
30	116	19	100
31	116	18	72
32	116	20	76
33	116	20	84
34	116	20	80
35	116	20	68
36	116	19	68
37	116	18	60
38	116	19	60
39	116	20	60
40	116	18	60
41	116	20	56
42	116	19	56
43	116	18	48
44	116	19	40
45	116	18	28
46	116	19	20
47	116	20	24
48	116	18	28
49	116	16	36
50	116	0	40
51	116	17	40
52	116	19	64
53	116	20	80
54	116	20	92
55	116	868	88
56	116	1188	72
57	116	786	44
58	116	1189	36
59	116	19	28
60	116	20	28
61	116	42	28
62	116	43	24
63	116	19	32
64	116	19	-16
65	116	55	-72
66	116	50	-72
67	116	128	-72
68	116	0	-72
69	116	17	-72
70	116	20	-72
71	116	20	-72
72	116	18	-72
73	116	19	-72
74	116	18	-72
75	116	16	-72
76	116	5	-72
77	116	5	-72
78	116	5	-24
79	116	222	-24
80	116	254	20
81	116	254	20
82	116	254	20
83	116	254	16
84	116	254	20
85	116	713	20
86	116	123	20
87	116	5	20
88	116	0	20
89	116	11	20
90	116	17	24
91	116	19	24
92	116	18	16
93	116	18	20
94	116	19	20
95	116	20	20
96	116	20	20
97	116	20	20
98	116	19	20
99	116	19	16
100	116	19	20
101	116	20	20
102	116	20	20
103	116	21	20
104	116	22	16
105	116	23	16
106	116	18	8
107	116	19	8
108	116	116	4
109	116	118	-92
110	116	20	-96
111	116	14	-104
112	116	13	-104
113	116	27	-104
114	116	7	-104
115	116	7	-104
116	116	28	-104
117	116	19	-104
118	116	19	-104
119	116	19	-104
120	116	18	-104
121	116	20	-104
122	116	20	-100
123	116	256	-96
124	116	245	-76
125	116	96	-40
126	116	96	-8
127	116	96	0
128	116	96	0
0	117	96	0
1	117	96	8
2	117	96	12
3	117	96	16
4	117	96	16
5	117	96	20
6	117	121	24
7	117	239	36
8	117	240	48
9	117	5	64
10	117	0	76
11	117	13	84
12	117	19	84
13	117	42	100
14	117	368	104
15	117	43	124
16	117	19	132
17	117	20	136
18	117	29	144
19	117	30	128
20	117	20	112
21	117	18	120
22	117	20	116
23	117	19	108
24	117	18	104
25	117	20	112
26	117	18	108
27	117	20	104
28	117	18	104
29	117	19	108
30	117	18	96
31	117	18	72
32	117	863	48
33	117	864	56
34	117	20	60
35	117	20	64
36	117	20	64
37	117	18	60
38	117	18	56
39	117	20	56
40	117	18	56
41	117	18	52
42	117	19	48
43	117	19	44
44	117	20	36
45	117	20	68
46	117	20	20
47	117	18	16
48	117	14	24
49	117	188	40
50	117	674	32
51	117	18	44
52	117	19	64
53	117	19	80
54	117	784	88
55	117	895	84
56	117	895	64
57	117	896	40
58	117	19	32
59	117	18	32
60	117	18	28
61	117	18	28
62	117	19	28
63	117	19	28
64	117	55	-12
65	117	50	-8
66	117	128	-72
67	117	0	-72
68	117	17	-72
69	117	29	-72
70	117	30	-72
71	117	19	-72
72	117	20	-72
73	117	18	-72
74	117	16	-72
75	117	0	-72
76	117	11	-72
77	117	11	-36
78	117	11	-32
79	117	5	16
80	117	0	20
81	117	4	24
82	117	0	20
83	117	11	20
84	117	5	16
85	117	0	16
86	117	4	16
87	117	11	16
88	117	4	24
89	117	17	36
90	117	18	40
91	117	20	40
92	117	18	32
93	117	19	28
94	117	18	20
95	117	19	20
96	117	19	20
97	117	19	20
98	117	18	16
99	117	19	20
100	117	20	20
101	117	34	20
102	117	36	20
103	117	7	16
104	117	28	12
105	117	20	12
106	117	29	12
107	117	1190	8
108	117	530	4
109	117	19	8
110	117	19	-92
111	117	18	-104
112	117	27	-104
113	117	7	-104
114	117	7	-104
115	117	28	-104
116	117	18	-104
117	117	20	-104
118	117	20	-104
119	117	19	-104
120	117	18	-104
121	117	19	-104
122	117	18	-100
123	117	1128	-96
124	117	254	-72
125	117	254	-44
126	117	254	-16
127	117	223	-4
128	117	96	0
0	118	96	0
1	118	96	4
2	118	96	8
3	118	96	12
4	118	96	12
5	118	121	16
6	118	122	24
7	118	123	36
8	118	11	48
9	118	4	60
10	118	18	80
11	118	18	88
12	118	20	84
13	118	19	88
14	118	29	100
15	118	30	104
16	118	18	112
17	118	42	128
18	118	43	140
19	118	19	112
20	118	18	100
21	118	18	120
22	118	18	108
23	118	20	96
24	118	18	92
25	118	19	92
26	118	19	88
27	118	20	88
28	118	18	104
29	118	19	112
30	118	19	88
31	118	784	64
32	118	896	48
33	118	18	40
34	118	18	48
35	118	19	60
36	118	19	68
37	118	20	56
38	118	20	60
39	118	18	60
40	118	18	56
41	118	18	48
42	118	19	44
43	118	20	40
44	118	20	36
45	118	19	24
46	118	18	24
47	118	18	20
48	118	42	28
49	118	43	36
50	118	19	36
51	118	20	40
52	118	18	60
53	118	19	72
54	118	20	84
55	118	20	84
56	118	20	68
57	118	19	40
58	118	20	28
59	118	20	32
60	118	18	28
61	118	19	20
62	118	18	28
63	118	55	28
64	118	50	32
65	118	128	-12
66	118	0	-12
67	118	17	-12
68	118	42	-72
69	118	43	-72
70	118	18	-72
71	118	20	-72
72	118	19	-72
73	118	16	-72
74	118	5	-72
75	118	4	-72
76	118	5	-40
77	118	325	-40
78	118	326	4
79	118	326	8
80	118	326	12
81	118	151	20
82	118	0	20
83	118	0	20
84	118	5	20
85	118	11	20
86	118	4	20
87	118	0	20
88	118	32	32
89	118	47	44
90	118	47	52
91	118	47	60
92	118	47	60
93	118	47	48
94	118	33	36
95	118	19	24
96	118	19	20
97	118	65	20
98	118	33	16
99	118	34	16
100	118	49	20
101	118	58	16
102	118	7	16
103	118	28	56
104	118	18	12
105	118	1191	16
106	118	159	8
107	118	20	12
108	118	18	4
109	118	18	8
110	118	19	8
111	118	24	-92
112	118	25	-96
113	118	25	-104
114	118	26	-104
115	118	19	-104
116	118	19	-104
117	118	19	-104
118	118	20	-104
119	118	20	-104
120	118	20	-104
121	118	19	-104
122	118	16	-100
123	118	0	-96
124	118	4	-72
125	118	11	-44
126	118	222	-16
127	118	254	-4
128	118	223	0
0	119	96	0
1	119	96	4
2	119	96	0
3	119	96	8
4	119	121	12
5	119	0	24
6	119	5	32
7	119	11	44
8	119	0	48
9	119	19	68
10	119	19	68
11	119	18	72
12	119	18	72
13	119	42	84
14	119	43	92
15	119	18	80
16	119	18	88
17	119	18	108
18	119	19	128
19	119	18	104
20	119	20	92
21	119	20	116
22	119	19	108
23	119	20	96
24	119	20	84
25	119	20	84
26	119	20	84
27	119	19	76
28	119	18	84
29	119	20	88
30	119	20	64
31	119	20	56
32	119	18	48
33	119	18	36
34	119	20	32
35	119	18	44
36	119	29	52
37	119	992	60
38	119	47	64
39	119	47	64
40	119	47	52
41	119	47	44
42	119	47	48
43	119	47	44
44	119	47	40
45	119	33	32
46	119	20	32
47	119	18	32
48	119	20	32
49	119	18	32
50	119	18	32
51	119	20	36
52	119	18	56
53	119	18	76
54	119	863	84
55	119	1192	80
56	119	22	64
57	119	23	40
58	119	19	28
59	119	18	28
60	119	18	28
61	119	19	32
62	119	55	36
63	119	50	32
64	119	128	36
65	119	4	36
66	119	17	40
67	119	18	-4
68	119	19	8
69	119	20	28
70	119	18	16
71	119	19	28
72	119	16	4
73	119	4	-24
74	119	0	-24
75	119	145	-24
76	119	1193	-28
77	119	50	12
78	119	50	12
79	119	50	8
80	119	150	4
81	119	326	16
82	119	151	20
83	119	0	16
84	119	325	12
85	119	326	8
86	119	326	8
87	119	326	8
88	119	151	24
89	119	5	40
90	119	11	56
91	119	11	68
92	119	0	68
93	119	17	96
94	119	18	44
95	119	20	36
96	119	14	20
97	119	13	12
98	119	55	12
99	119	50	12
100	119	51	8
101	119	109	8
102	119	430	16
103	119	35	12
104	119	1194	16
105	119	13	20
106	119	20	20
107	119	19	16
108	119	20	16
109	119	18	12
110	119	20	8
111	119	20	4
112	119	20	-64
113	119	34	-96
114	119	38	-100
115	119	29	-100
116	119	30	-104
117	119	20	-104
118	119	18	-104
119	119	19	-104
120	119	19	-104
121	119	14	-104
122	119	15	-100
123	119	10	-92
124	119	5	-72
125	119	4	-44
126	119	11	-16
127	119	120	-4
128	119	96	0
0	120	96	0
1	120	96	4
2	120	253	4
3	120	314	8
4	120	5	12
5	120	4	28
6	120	0	32
7	120	5	28
8	120	19	32
9	120	19	36
10	120	20	40
11	120	19	44
12	120	18	64
13	120	18	72
14	120	20	72
15	120	21	68
16	120	22	72
17	120	22	80
18	120	23	92
19	120	20	80
20	120	20	76
21	120	18	92
22	120	20	76
23	120	20	68
24	120	18	84
25	120	18	88
26	120	18	96
27	120	19	80
28	120	19	68
29	120	18	56
30	120	20	52
31	120	19	44
32	120	20	36
33	120	19	28
34	120	20	20
35	120	1191	28
36	120	123	24
37	120	5	32
38	120	0	40
39	120	4	44
40	120	11	36
41	120	11	40
42	120	11	44
43	120	0	40
44	120	32	36
45	120	47	32
46	120	47	28
47	120	33	28
48	120	18	32
49	120	19	28
50	120	20	32
51	120	19	40
52	120	18	68
53	120	1195	80
54	120	1196	88
55	120	1186	84
56	120	28	68
57	120	18	40
58	120	19	28
59	120	20	28
60	120	20	28
61	120	55	36
62	120	793	32
63	120	1197	36
64	120	149	40
65	120	13	40
66	120	18	44
67	120	20	56
68	120	20	68
69	120	20	76
70	120	20	80
71	120	16	76
72	120	4	52
73	120	11	48
74	120	182	44
75	120	1198	40
76	120	1053	36
77	120	767	32
78	120	721	28
79	120	363	28
80	120	50	24
81	120	150	20
82	120	326	16
83	120	375	8
84	120	387	8
85	120	126	4
86	120	126	4
87	120	1199	8
88	120	326	28
89	120	326	44
90	120	840	60
91	120	1200	72
92	120	413	76
93	120	19	72
94	120	18	60
95	120	20	48
96	120	19	36
97	120	129	20
98	120	130	12
99	120	386	8
100	120	50	8
101	120	50	8
102	120	50	16
103	120	54	16
104	120	35	20
105	120	35	32
106	120	38	44
107	120	34	48
108	120	35	48
109	120	35	40
110	120	35	32
111	120	35	20
112	120	49	12
113	120	54	4
114	120	1201	-8
115	120	1202	-28
116	120	18	-88
117	120	21	-104
118	120	22	-104
119	120	23	-104
120	120	19	-104
121	120	18	-104
122	120	14	-96
123	120	15	-92
124	120	10	-72
125	120	11	-40
126	120	120	-12
127	120	96	0
128	120	96	0
0	121	96	0
1	121	121	4
2	121	5	4
3	121	11	4
4	121	11	8
5	121	11	12
6	121	4	16
7	121	18	12
8	121	18	16
9	121	19	16
10	121	20	28
11	121	20	40
12	121	20	52
13	121	18	40
14	121	27	52
15	121	7	52
16	121	7	56
17	121	28	60
18	121	18	72
19	121	20	64
20	121	20	56
21	121	19	76
22	121	19	72
23	121	19	48
24	121	19	56
25	121	18	64
26	121	18	72
27	121	20	72
28	121	20	64
29	121	20	52
30	121	18	44
31	121	19	40
32	121	19	32
33	121	19	24
34	121	16	24
35	121	0	12
36	121	11	16
37	121	0	24
38	121	0	24
39	121	5	28
40	121	5	36
41	121	0	40
42	121	0	32
43	121	5	32
44	121	0	32
45	121	4	28
46	121	17	28
47	121	19	28
48	121	20	32
49	121	29	32
50	121	30	28
51	121	18	44
52	121	1203	64
53	121	1204	76
54	121	761	76
55	121	28	76
56	121	19	60
57	121	19	40
58	121	20	36
59	121	20	32
60	121	129	32
61	121	1205	44
62	121	761	44
63	121	610	36
64	121	47	36
65	121	47	32
66	121	47	44
67	121	47	52
68	121	47	64
69	121	47	76
70	121	204	80
71	121	4	76
72	121	4	64
73	121	182	56
74	121	183	56
75	121	861	56
76	121	792	56
77	121	56	52
78	121	57	48
79	121	50	48
80	121	50	48
81	121	50	44
82	121	50	40
83	121	1206	32
84	121	1186	20
85	121	7	12
86	121	78	8
87	121	50	8
88	121	50	16
89	121	56	40
90	121	57	56
91	121	1180	72
92	121	47	80
93	121	47	80
94	121	47	72
95	121	47	60
96	121	47	44
97	121	47	36
98	121	393	28
99	121	101	24
100	121	104	24
101	121	50	28
102	121	50	36
103	121	50	44
104	121	50	56
105	121	54	68
106	121	49	76
107	121	50	80
108	121	50	76
109	121	50	76
110	121	50	68
111	121	50	52
112	121	50	36
113	121	50	20
114	121	54	8
115	121	35	-12
116	121	36	-32
117	121	7	-48
118	121	28	-108
119	121	18	-104
120	121	18	-104
121	121	20	-100
122	121	18	-92
123	121	16	-80
124	121	4	-60
125	121	222	-36
126	121	254	-12
127	121	254	-4
128	121	254	0
0	122	314	0
1	122	5	4
2	122	0	4
3	122	0	4
4	122	0	8
5	122	0	8
6	122	19	8
7	122	20	8
8	122	20	8
9	122	18	16
10	122	18	24
11	122	19	36
12	122	20	32
13	122	27	32
14	122	7	32
15	122	7	32
16	122	28	40
17	122	18	52
18	122	18	64
19	122	18	52
20	122	19	44
21	122	19	52
22	122	18	56
23	122	18	40
24	122	18	40
25	122	20	36
26	122	19	44
27	122	20	48
28	122	20	52
29	122	20	48
30	122	20	44
31	122	20	32
32	122	20	24
33	122	16	16
34	122	0	8
35	122	0	8
36	122	4	8
37	122	5	4
38	122	4	12
39	122	11	16
40	122	5	24
41	122	5	24
42	122	4	28
43	122	5	24
44	122	4	24
45	122	17	24
46	122	20	24
47	122	19	64
48	122	42	32
49	122	43	32
50	122	20	36
51	122	24	44
52	122	25	52
53	122	25	68
54	122	26	72
55	122	20	72
56	122	18	56
57	122	18	48
58	122	19	32
59	122	65	40
60	122	1207	40
61	122	1186	40
62	122	8	44
63	122	5	36
64	122	4	44
65	122	4	40
66	122	11	44
67	122	4	52
68	122	0	64
69	122	239	80
70	122	240	80
71	122	11	76
72	122	182	60
73	122	861	60
74	122	183	60
75	122	1198	60
76	122	1053	60
77	122	767	60
78	122	50	56
79	122	50	60
80	122	213	56
81	122	101	60
82	122	1208	56
83	122	761	48
84	122	1209	36
85	122	1210	20
86	122	104	12
87	122	50	4
88	122	50	8
89	122	50	20
90	122	128	40
91	122	0	56
92	122	11	72
93	122	11	72
94	122	4	68
95	122	0	60
96	122	5	52
97	122	4	40
98	122	5	36
99	122	1211	36
100	122	1053	40
101	122	1053	48
102	122	767	56
103	122	50	64
104	122	50	76
105	122	50	84
106	122	50	88
107	122	387	92
108	122	126	96
109	122	126	92
110	122	950	84
111	122	386	76
112	122	50	60
113	122	50	44
114	122	50	24
115	122	58	4
116	122	7	-16
117	122	28	-36
118	122	18	-64
119	122	18	-104
120	122	18	-100
121	122	19	-100
122	122	14	-92
123	122	15	-64
124	122	1212	-44
125	122	709	-24
126	122	11	-8
127	122	0	0
128	122	0	0
0	123	11	0
1	123	0	12
2	123	0	8
3	123	5	4
4	123	0	4
5	123	19	4
6	123	19	8
7	123	18	8
8	123	19	4
9	123	18	56
10	123	20	28
11	123	19	20
12	123	24	12
13	123	25	20
14	123	25	20
15	123	26	20
16	123	20	24
17	123	20	28
18	123	18	44
19	123	19	32
20	123	19	28
21	123	20	24
22	123	19	36
23	123	20	32
24	123	18	24
25	123	20	28
26	123	19	28
27	123	18	24
28	123	19	32
29	123	20	36
30	123	20	32
31	123	18	24
32	123	16	20
33	123	4	8
34	123	5	4
35	123	0	4
36	123	4	4
37	123	4	0
38	123	4	4
39	123	0	8
40	123	11	12
41	123	11	20
42	123	11	16
43	123	4	20
44	123	17	20
45	123	19	20
46	123	20	24
47	123	19	28
48	123	19	24
49	123	20	32
50	123	20	36
51	123	18	40
52	123	19	48
53	123	19	60
54	123	65	68
55	123	47	60
56	123	47	92
57	123	47	48
58	123	204	44
59	123	939	44
60	123	1213	40
61	123	328	40
62	123	5	44
63	123	5	40
64	123	0	36
65	123	1	36
66	123	2	40
67	123	1214	44
68	123	1215	52
69	123	123	60
70	123	0	68
71	123	182	68
72	123	860	56
73	123	183	48
74	123	166	52
75	123	861	52
76	123	1198	56
77	123	1053	52
78	123	1053	92
79	123	1216	56
80	123	0	60
81	123	98	60
82	123	99	56
83	123	1217	48
84	123	1218	40
85	123	1211	24
86	123	1053	12
87	123	1053	4
88	123	1053	4
89	123	1219	12
90	123	146	20
91	123	146	32
92	123	146	48
93	123	146	56
94	123	146	56
95	123	146	52
96	123	146	48
97	123	146	40
98	123	985	36
99	123	861	40
100	123	166	48
101	123	1198	56
102	123	1053	64
103	123	1053	72
104	123	1060	80
105	123	130	88
106	123	1220	88
107	123	7	96
108	123	7	100
109	123	28	96
110	123	129	88
111	123	1052	116
112	123	1053	68
113	123	1053	48
114	123	1221	32
115	123	1143	16
116	123	1222	-4
117	123	20	-20
118	123	20	-52
119	123	20	-88
120	123	19	-88
121	123	18	-88
122	123	19	-88
123	123	733	-64
124	123	880	-20
125	123	709	-8
126	123	5	-4
127	123	5	0
128	123	5	0
0	124	5	0
1	124	11	8
2	124	5	8
3	124	145	8
4	124	18	4
5	124	18	4
6	124	20	4
7	124	19	8
8	124	18	4
9	124	19	20
10	124	20	16
11	124	19	8
12	124	18	8
13	124	20	12
14	124	18	16
15	124	19	16
16	124	18	12
17	124	18	16
18	124	18	28
19	124	19	28
20	124	19	16
21	124	20	12
22	124	20	12
23	124	20	20
24	124	19	16
25	124	18	12
26	124	18	16
27	124	19	16
28	124	19	20
29	124	21	20
30	124	1118	20
31	124	204	16
32	124	5	12
33	124	11	8
34	124	0	4
35	124	0	4
36	124	0	4
37	124	5	4
38	124	4	4
39	124	11	4
40	124	5	4
41	124	11	12
42	124	0	8
43	124	32	16
44	124	47	16
45	124	47	20
46	124	47	16
47	124	47	28
48	124	47	32
49	124	47	32
50	124	47	32
51	124	47	32
52	124	47	40
53	124	204	48
54	124	4	56
55	124	0	52
56	124	4	52
57	124	5	48
58	124	11	44
59	124	11	44
60	124	11	44
61	124	4	44
62	124	5	40
63	124	4	40
64	124	6	36
65	124	7	40
66	124	1223	40
67	124	1224	32
68	124	5	36
69	124	4	36
70	124	182	44
71	124	734	40
72	124	734	36
73	124	166	28
74	124	860	32
75	124	166	32
76	124	166	36
77	124	860	40
78	124	880	44
79	124	146	44
80	124	146	52
81	124	709	56
82	124	122	52
83	124	123	44
84	124	182	36
85	124	166	24
86	124	861	12
87	124	734	4
88	124	860	4
89	124	734	4
90	124	183	8
91	124	1225	16
92	124	1226	28
93	124	1227	36
94	124	1228	36
95	124	734	36
96	124	183	36
97	124	1229	32
98	124	890	32
99	124	734	36
100	124	860	44
101	124	183	52
102	124	166	60
103	124	242	64
104	124	712	72
105	124	1230	76
106	124	1143	76
107	124	1143	84
108	124	1231	80
109	124	712	80
110	124	241	80
111	124	860	76
112	124	860	60
113	124	861	48
114	124	860	32
115	124	242	20
116	124	712	4
117	124	712	-8
118	124	712	-32
119	124	712	-68
120	124	712	-64
121	124	712	-60
122	124	241	-60
123	124	183	-64
124	124	891	-36
125	124	4	0
126	124	145	0
127	124	146	0
128	124	146	0
0	125	709	0
1	125	0	8
2	125	182	8
3	125	47	8
4	125	47	8
5	125	47	4
6	125	47	4
7	125	47	8
8	125	47	20
9	125	47	20
10	125	47	8
11	125	47	8
12	125	47	4
13	125	47	4
14	125	47	8
15	125	47	16
16	125	47	16
17	125	47	8
18	125	47	8
19	125	47	12
20	125	47	12
21	125	47	8
22	125	47	8
23	125	47	8
24	125	47	8
25	125	47	8
26	125	47	8
27	125	432	8
28	125	197	8
29	125	1232	12
30	125	1007	8
31	125	4	8
32	125	0	8
33	125	4	4
34	125	4	4
35	125	0	4
36	125	4	4
37	125	5	4
38	125	11	4
39	125	11	4
40	125	4	8
41	125	4	12
42	125	0	8
43	125	11	12
44	125	0	16
45	125	4	20
46	125	5	20
47	125	0	20
48	125	5	24
49	125	4	28
50	125	0	32
51	125	4	32
52	125	4	36
53	125	5	40
54	125	5	44
55	125	0	44
56	125	11	44
57	125	0	36
58	125	11	48
59	125	4	44
60	125	4	44
61	125	0	44
62	125	4	40
63	125	6	40
64	125	7	36
65	125	463	36
66	125	328	40
67	125	0	32
68	125	4	32
69	125	163	28
70	125	164	28
71	125	164	24
72	125	164	24
73	125	164	16
74	125	164	12
75	125	165	12
76	125	734	16
77	125	734	20
78	125	860	20
79	125	734	24
80	125	880	28
81	125	146	36
82	125	146	36
83	125	985	36
84	125	183	28
85	125	166	16
86	125	166	8
87	125	734	4
88	125	166	4
89	125	734	4
90	125	1233	4
91	125	1234	8
92	125	1235	12
93	125	1236	20
94	125	183	16
95	125	861	16
96	125	1237	12
97	125	1238	16
98	125	860	20
99	125	860	28
100	125	860	32
101	125	734	36
102	125	183	44
103	125	734	88
104	125	166	48
105	125	166	48
106	125	860	48
107	125	183	44
108	125	860	44
109	125	860	48
110	125	183	56
111	125	166	60
112	125	166	48
113	125	861	36
114	125	166	24
115	125	860	12
116	125	734	4
117	125	183	0
118	125	166	-4
119	125	861	-8
120	125	183	-28
121	125	860	-28
122	125	876	-28
123	125	202	-28
124	125	4	-28
125	125	163	-20
126	125	164	0
127	125	164	0
128	125	202	0
0	126	5	0
1	126	182	8
2	126	4	8
3	126	0	8
4	126	4	8
5	126	0	8
6	126	5	4
7	126	11	12
8	126	0	20
9	126	4	8
10	126	11	4
11	126	11	4
12	126	11	4
13	126	4	4
14	126	0	4
15	126	5	8
16	126	5	8
17	126	5	12
18	126	4	8
19	126	5	8
20	126	5	8
21	126	5	4
22	126	0	4
23	126	4	4
24	126	11	4
25	126	0	4
26	126	6	4
27	126	7	4
28	126	1239	4
29	126	1240	4
30	126	4	4
31	126	4	4
32	126	0	4
33	126	11	4
34	126	4	4
35	126	5	4
36	126	11	4
37	126	5	4
38	126	5	4
39	126	11	0
40	126	11	12
41	126	0	12
42	126	5	8
43	126	4	8
44	126	11	8
45	126	0	16
46	126	11	8
47	126	0	16
48	126	5	20
49	126	5	24
50	126	4	20
51	126	0	28
52	126	5	28
53	126	5	28
54	126	0	32
55	126	4	36
56	126	0	36
57	126	5	36
58	126	5	36
59	126	4	36
60	126	4	40
61	126	11	32
62	126	98	80
63	126	99	36
64	126	328	40
65	126	0	28
66	126	5	32
67	126	5	28
68	126	5	28
69	126	5	28
70	126	11	28
71	126	5	24
72	126	11	20
73	126	4	20
74	126	163	12
75	126	164	4
76	126	164	4
77	126	164	4
78	126	164	4
79	126	164	4
80	126	164	8
81	126	164	8
82	126	164	12
83	126	164	12
84	126	164	12
85	126	164	8
86	126	164	4
87	126	164	4
88	126	164	4
89	126	1241	4
90	126	1242	4
91	126	1243	4
92	126	1244	4
93	126	164	4
94	126	164	4
95	126	164	4
96	126	164	4
97	126	164	4
98	126	164	8
99	126	164	12
100	126	164	16
101	126	164	20
102	126	164	20
103	126	164	20
104	126	164	20
105	126	164	16
106	126	164	12
107	126	164	12
108	126	164	12
109	126	164	16
110	126	164	20
111	126	164	24
112	126	164	28
113	126	164	24
114	126	164	16
115	126	164	8
116	126	165	4
117	126	876	0
118	126	164	0
119	126	164	0
120	126	164	-8
121	126	202	-4
122	126	4	-8
123	126	5	-8
124	126	5	-4
125	126	0	-12
126	126	4	-16
127	126	0	0
128	126	4	0
0	127	182	0
1	127	0	8
2	127	0	12
3	127	0	8
4	127	0	12
5	127	0	8
6	127	0	8
7	127	0	12
8	127	0	16
9	127	0	4
10	127	0	4
11	127	0	4
12	127	0	4
13	127	0	4
14	127	0	4
15	127	0	4
16	127	0	4
17	127	0	8
18	127	0	8
19	127	0	4
20	127	0	4
21	127	0	4
22	127	0	4
23	127	0	4
24	127	0	4
25	127	0	0
26	127	0	44
27	127	0	4
28	127	0	4
29	127	0	4
30	127	0	4
31	127	0	4
32	127	0	4
33	127	0	4
34	127	0	4
35	127	0	4
36	127	0	4
37	127	0	4
38	127	0	4
39	127	0	4
40	127	0	8
41	127	0	12
42	127	0	8
43	127	0	8
44	127	0	12
45	127	0	12
46	127	0	12
47	127	0	12
48	127	0	20
49	127	0	24
50	127	0	16
51	127	0	20
52	127	0	28
53	127	0	24
54	127	0	24
55	127	0	28
56	127	0	32
57	127	0	32
58	127	0	36
59	127	0	32
60	127	0	32
61	127	0	32
62	127	0	32
63	127	0	28
64	127	0	32
65	127	0	28
66	127	0	28
67	127	0	24
68	127	0	20
69	127	0	20
70	127	0	20
71	127	0	16
72	127	0	16
73	127	0	16
74	127	0	16
75	127	0	12
76	127	0	8
77	127	0	4
78	127	0	4
79	127	0	4
80	127	0	4
81	127	0	4
82	127	0	4
83	127	0	4
84	127	0	4
85	127	0	4
86	127	0	4
87	127	0	4
88	127	0	4
89	127	0	44
90	127	0	4
91	127	0	4
92	127	0	4
93	127	0	4
94	127	0	4
95	127	0	4
96	127	0	4
97	127	0	4
98	127	0	4
99	127	0	4
100	127	0	4
101	127	0	8
102	127	0	8
103	127	0	8
104	127	0	8
105	127	0	4
106	127	0	4
107	127	0	4
108	127	0	4
109	127	0	4
110	127	0	4
111	127	0	4
112	127	0	8
113	127	0	4
114	127	0	4
115	127	0	4
116	127	0	0
117	127	0	0
118	127	0	0
119	127	0	0
120	127	0	0
121	127	0	0
122	127	0	0
123	127	0	0
124	127	0	0
125	127	0	0
126	127	0	-8
127	127	0	-20
128	127	0	0
0	128	0	0
1	128	0	0
2	128	0	0
3	128	0	0
4	128	0	0
5	128	0	0
6	128	0	0
7	128	0	0
8	128	0	0
9	128	0	0
10	128	0	0
11	128	0	0
12	128	0	0
13	128	0	0
14	128	0	0
15	128	0	0
16	128	0	0
17	128	0	0
18	128	0	0
19	128	0	0
20	128	0	0
21	128	0	0
22	128	0	0
23	128	0	0
24	128	0	0
25	128	0	0
26	128	0	0
27	128	0	0
28	128	0	0
29	128	0	0
30	128	0	0
31	128	0	0
32	128	0	0
33	128	0	0
34	128	0	0
35	128	0	0
36	128	0	0
37	128	0	0
38	128	0	0
39	128	0	0
40	128	0	0
41	128	0	0
42	128	0	0
43	128	0	0
44	128	0	0
45	128	0	0
46	128	0	0
47	128	0	0
48	128	0	0
49	128	0	0
50	128	0	0
51	128	0	0
52	128	0	0
53	128	0	0
54	128	0	0
55	128	0	0
56	128	0	0
57	128	0	0
58	128	0	0
59	128	0	0
60	128	0	0
61	128	0	0
62	128	0	0
63	128	0	0
64	128	0	0
65	128	0	0
66	128	0	0
67	128	0	0
68	128	0	0
69	128	0	0
70	128	0	0
71	128	0	0
72	128	0	0
73	128	0	0
74	128	0	0
75	128	0	0
76	128	0	0
77	128	0	0
78	128	0	0
79	128	0	0
80	128	0	0
81	128	0	0
82	128	0	0
83	128	0	0
84	128	0	0
85	128	0	0
86	128	0	0
87	128	0	0
88	128	0	0
89	128	0	0
90	128	0	0
91	128	0	0
92	128	0	0
93	128	0	0
94	128	0	0
95	128	0	0
96	128	0	0
97	128	0	0
98	128	0	0
99	128	0	0
100	128	0	0
101	128	0	0
102	128	0	0
103	128	0	0
104	128	0	0
105	128	0	0
106	128	0	0
107	128	0	0
108	128	0	0
109	128	0	0
110	128	0	0
111	128	0	0
112	128	0	0
113	128	0	0
114	128	0	0
115	128	0	0
116	128	0	0
117	128	0	0
118	128	0	0
119	128	0	0
120	128	0	0
121	128	0	0
122	128	0	0
123	128	0	0
124	128	0	0
125	128	0	0
126	128	0	0
127	128	0	0
128	128	0	0
