x	y	texture	height
0	0	0	0
1	0	1	0
2	0	1	0
3	0	2	0
4	0	3	0
5	0	0	0
6	0	2	0
7	0	3	0
8	0	4	0
9	0	4	0
10	0	0	0
11	0	3	0
12	0	4	0
13	0	5	0
14	0	6	0
15	0	7	0
16	0	8	0
17	0	9	0
18	0	10	0
19	0	11	0
20	0	12	0
21	0	13	0
22	0	14	0
23	0	15	0
24	0	15	0
25	0	16	0
26	0	17	0
27	0	15	0
28	0	15	0
29	0	15	0
30	0	15	0
31	0	16	0
32	0	18	0
33	0	19	0
34	0	20	0
35	0	21	0
36	0	22	0
37	0	11	0
38	0	23	0
39	0	12	0
40	0	24	0
41	0	23	0
42	0	23	0
43	0	12	0
44	0	12	0
45	0	23	0
46	0	23	0
47	0	25	0
48	0	25	0
49	0	24	0
50	0	12	0
51	0	24	0
52	0	26	0
53	0	27	0
54	0	12	0
55	0	26	0
56	0	27	0
57	0	23	0
58	0	23	0
59	0	25	0
60	0	23	0
61	0	24	0
62	0	25	0
63	0	28	0
64	0	29	0
65	0	30	0
66	0	25	0
67	0	24	0
68	0	12	0
69	0	12	0
70	0	25	0
71	0	23	0
72	0	12	0
73	0	25	0
74	0	24	0
75	0	24	0
76	0	25	0
77	0	24	0
78	0	12	0
79	0	25	0
80	0	12	0
81	0	25	0
82	0	24	0
83	0	24	0
84	0	24	0
85	0	24	0
86	0	25	0
87	0	25	0
88	0	25	0
89	0	24	0
90	0	12	0
91	0	25	0
92	0	23	0
93	0	12	0
94	0	12	0
95	0	23	0
96	0	12	0
97	0	25	0
98	0	23	0
99	0	12	0
100	0	12	0
101	0	12	0
102	0	12	0
103	0	12	0
104	0	12	0
105	0	12	0
106	0	12	0
107	0	25	0
108	0	12	0
109	0	23	0
110	0	12	0
111	0	23	0
112	0	12	0
113	0	25	0
114	0	12	0
115	0	23	0
116	0	24	0
117	0	24	0
118	0	25	0
119	0	24	0
120	0	23	0
121	0	12	0
122	0	24	0
123	0	23	0
124	0	23	0
125	0	12	0
126	0	25	0
127	0	23	0
128	0	1	0
0	1	31	0
1	1	32	0
2	1	33	0
3	1	34	0
4	1	34	0
5	1	34	0
6	1	34	0
7	1	34	0
8	1	34	0
9	1	34	0
10	1	34	0
11	1	35	0
12	1	36	0
13	1	37	0
14	1	37	0
15	1	38	0
16	1	39	0
17	1	40	-0.208546
18	1	41	-9.248468
19	1	42	-23.771997
20	1	14	-39.545067
21	1	15	-54.68145
22	1	43	-51.765854
23	1	44	-76.435577
24	1	44	-128.444458
25	1	44	-181.824326
26	1	44	-181.784012
27	1	44	-162.804108
28	1	44	-161.425293
29	1	44	-182.924881
30	1	44	-178.360336
31	1	44	-173.183975
32	1	45	-166.088028
33	1	46	-125.255157
34	1	47	-67.899765
35	1	48	-12.431673
36	1	49	0
37	1	50	0.172115
38	1	51	1.286715
39	1	24	6.066337
40	1	23	14.704304
41	1	23	21.924307
42	1	24	19.537209
43	1	25	11.372985
44	1	12	3.518984
45	1	24	1.211091
46	1	12	1.426217
47	1	24	3.801676
48	1	12	6.231041
49	1	24	7.344144
50	1	23	4.13739
51	1	52	4.13739
52	1	53	2.565145
53	1	25	1.996413
54	1	52	8.021397
55	1	54	17.179848
56	1	27	20.394754
57	1	25	13.898363
58	1	24	7.792901
59	1	12	10.485235
60	1	12	13.426979
61	1	23	9.040727
62	1	25	4.818414
63	1	23	2.681919
64	1	23	1.720379
65	1	12	0
66	1	25	0
67	1	23	0
68	1	24	0
69	1	24	0
70	1	24	0.141742
71	1	25	0
72	1	23	0
73	1	23	0
74	1	25	0
75	1	12	0
76	1	12	0
77	1	25	0
78	1	23	0
79	1	24	0
80	1	23	0
81	1	12	0
82	1	23	0
83	1	25	0
84	1	12	0
85	1	23	0
86	1	23	0
87	1	23	0
88	1	23	0.106601
89	1	24	0.87711
90	1	23	1.47001
91	1	25	4.289408
92	1	12	5.88813
93	1	12	3.258651
94	1	25	0
95	1	25	5.368158
96	1	23	15.011792
97	1	24	18.541666
98	1	25	12.789568
99	1	24	4.319653
100	1	25	3.256337
101	1	12	10.729442
102	1	24	17.669662
103	1	24	16.757135
104	1	23	9.300072
105	1	12	0.753336
106	1	12	0
107	1	25	0
108	1	25	0
109	1	23	0
110	1	24	0
111	1	24	0
112	1	24	0
113	1	12	0
114	1	24	1.383736
115	1	23	9.463774
116	1	12	17.595837
117	1	12	22.00407
118	1	24	18.646173
119	1	24	17.618788
120	1	12	20.442139
121	1	12	24.836559
122	1	12	24.752508
123	1	23	21.237213
124	1	12	21.272789
125	1	24	24.333599
126	1	23	24.288816
127	1	2	17.470654
128	1	3	0
0	2	55	0
1	2	56	0
2	2	57	0
3	2	57	0
4	2	57	0
5	2	57	0
6	2	57	0
7	2	57	0
8	2	57	0
9	2	57	0
10	2	58	0
11	2	36	0
12	2	37	0
13	2	59	0
14	2	60	0
15	2	61	0
16	2	62	0
17	2	63	-5.892257
18	2	64	-22.67576
19	2	65	-42.676155
20	2	44	-75.782677
21	2	66	-92.271828
22	2	67	-86.728905
23	2	68	-109.597092
24	2	67	-164.715912
25	2	68	-206.541473
26	2	68	-202.452118
27	2	67	-177.500015
28	2	68	-176.800354
29	2	67	-183.832718
30	2	69	-168.561859
31	2	70	-166.56221
32	2	71	-159.297867
33	2	72	-127.430199
34	2	73	-68.208168
35	2	61	-11.702829
36	2	62	0
37	2	74	0.851591
38	2	12	4.971244
39	2	75	15.576238
40	2	76	28.631582
41	2	23	33.574772
42	2	23	28.14282
43	2	75	15.264693
44	2	76	4.012578
45	2	24	0.502761
46	2	23	1.022578
47	2	24	2.91457
48	2	25	1.928022
49	2	23	1.928022
50	2	24	4.13739
51	2	12	4.13739
52	2	24	4.014034
53	2	25	7.458177
54	2	52	20.735743
55	2	54	36.841343
56	2	27	40.855473
57	2	12	27.901123
58	2	24	17.009378
59	2	23	15.203281
60	2	12	18.693115
61	2	25	14.128043
62	2	24	10.077876
63	2	12	8.424488
64	2	24	6.112119
65	2	12	1.982178
66	2	24	0
67	2	25	0.792264
68	2	24	1.252961
69	2	23	5.190434
70	2	23	10.043482
71	2	23	9.422479
72	2	24	3.140004
73	2	12	0
74	2	25	0
75	2	24	0
76	2	24	0
77	2	12	0.029427
78	2	23	6.317955
79	2	23	10.678177
80	2	25	7.736791
81	2	12	0.561196
82	2	25	2.65177
83	2	25	5.049869
84	2	24	3.957764
85	2	23	0.151801
86	2	24	0
87	2	23	0.736432
88	2	25	2.737807
89	2	25	4.068729
90	2	24	9.401525
91	2	24	16.962807
92	2	23	19.012613
93	2	24	13.188466
94	2	24	5.463656
95	2	24	12.029572
96	2	23	25.385893
97	2	23	32.34137
98	2	23	24.186827
99	2	12	10.737866
100	2	23	8.163315
101	2	12	19.470884
102	2	23	31.741337
103	2	24	30.70986
104	2	23	16.964495
105	2	23	3.897831
106	2	25	0
107	2	23	0
108	2	24	0
109	2	25	0
110	2	12	0
111	2	23	0.199227
112	2	24	0.615243
113	2	12	1.124949
114	2	24	3.33801
115	2	24	11.900452
116	2	12	23.445902
117	2	23	32.475697
118	2	12	31.038338
119	2	23	26.431498
120	2	23	31.537035
121	2	23	38.943562
122	2	23	37.757042
123	2	25	33.097851
124	2	25	33.245735
125	2	25	37.544785
126	2	2	39.375999
127	2	1	29.695961
128	2	77	0
0	3	57	0
1	3	57	0
2	3	57	0
3	3	57	0
4	3	57	63.239883
5	3	57	63.239883
6	3	57	63.239883
7	3	57	0
8	3	57	0
9	3	78	37.296013
10	3	79	37.632008
11	3	37	37.296013
12	3	80	0
13	3	81	0
14	3	82	0
15	3	83	0
16	3	84	-4.569284
17	3	85	-19.259678
18	3	86	-40.938599
19	3	68	-73.866486
20	3	68	-98.690552
21	3	67	-114.149117
22	3	67	-111.812912
23	3	67	-124.682831
24	3	67	-160.248184
25	3	67	-186.190033
26	3	68	-186.942932
27	3	67	-166.789078
28	3	69	-166.668015
29	3	87	-169.995148
30	3	88	-144.70253
31	3	89	-140.291153
32	3	90	-134.702103
33	3	91	-106.942917
34	3	92	-50.800968
35	3	93	-7.665175
36	3	51	0
37	3	24	3.638052
38	3	94	14.013247
39	3	95	27.831455
40	3	24	40.347363
41	3	24	41.157421
42	3	96	29.467459
43	3	97	14.529754
44	3	98	4.40999
45	3	76	0.518643
46	3	24	0.080918
47	3	24	0.907955
48	3	12	1.928022
49	3	23	1.928022
50	3	25	3.275953
51	3	25	3.275953
52	3	25	3.275953
53	3	12	15.029533
54	3	52	30.905548
55	3	53	45.405659
56	3	25	47.448902
57	3	12	33.268162
58	3	23	25.159922
59	3	12	33.814266
60	3	23	42.907516
61	3	25	35.041847
62	3	24	13.863578
63	3	12	13.863578
64	3	24	12.03487
65	3	12	8.615461
66	3	12	8.615461
67	3	24	14.286701
68	3	24	9.673782
69	3	24	20.910728
70	3	24	30.569328
71	3	24	28.540054
72	3	23	15.830728
73	3	24	1.797268
74	3	12	0
75	3	23	0
76	3	23	0
77	3	23	6.507965
78	3	12	21.435806
79	3	24	28.833904
80	3	12	22.476122
81	3	12	13.502678
82	3	25	13.117254
83	3	24	18.643196
84	3	23	14.785421
85	3	23	6.258651
86	3	12	1.186852
87	3	23	4.246361
88	3	24	9.475968
89	3	24	13.726368
90	3	25	21.73329
91	3	24	27.491337
92	3	99	31.056465
93	3	100	20.221149
94	3	12	11.091813
95	3	12	17.148157
96	3	25	35.51173
97	3	99	45.651009
98	3	101	37.11058
99	3	100	20.148306
100	3	23	13.448364
101	3	12	29.519745
102	3	12	49.79171
103	3	12	50.958004
104	3	12	31.405392
105	3	23	8.399398
106	3	12	1.251222
107	3	12	1.96569
108	3	25	4.408903
109	3	12	5.3737
110	3	12	4.423205
111	3	23	4.321144
112	3	24	5.102612
113	3	24	5.879562
114	3	23	8.130519
115	3	12	13.537886
116	3	24	28.206144
117	3	23	42.3993
118	3	23	44.870937
119	3	24	44.568604
120	3	25	52.098328
121	3	25	58.922104
122	3	24	56.240841
123	3	24	40.749477
124	3	24	35.534958
125	3	1	36.247375
126	3	1	37.071301
127	3	77	29.069824
128	3	57	0
0	4	57	0
1	4	57	0
2	4	57	0
3	4	57	0
4	4	57	63.239883
5	4	57	63.239883
6	4	57	63.239883
7	4	57	0
8	4	102	-0.336011
9	4	103	37.632008
10	4	37	77.465935
11	4	104	37.632008
12	4	105	0
13	4	106	0
14	4	84	0
15	4	107	-1.349511
16	4	108	-12.118888
17	4	109	-33.637989
18	4	68	-65.528152
19	4	68	-95.019157
20	4	67	-107.9785
21	4	68	-119.942055
22	4	68	-118.177429
23	4	68	-127.579292
24	4	67	-149.157654
25	4	68	-174.765457
26	4	69	-187.72995
27	4	87	-183.440704
28	4	88	-175.548965
29	4	110	-160.07045
30	4	89	-143.348083
31	4	111	-132.282639
32	4	112	-119.064362
33	4	113	-84.644051
34	4	114	-38.573559
35	4	115	-3.151152
36	4	116	0.12107
37	4	117	7.089053
38	4	118	22.357521
39	4	12	37.689556
40	4	12	44.424366
41	4	12	36.092861
42	4	96	24.575598
43	4	119	14.940722
44	4	120	9.77232
45	4	23	7.323247
46	4	24	3.151943
47	4	24	0
48	4	25	1.928022
49	4	23	1.928022
50	4	25	3.275953
51	4	25	3.275953
52	4	24	3.275953
53	4	25	25.462244
54	4	23	13.863578
55	4	25	13.863578
56	4	24	41.548386
57	4	25	44.087177
58	4	23	13.863578
59	4	25	13.863578
60	4	23	13.863578
61	4	25	13.863578
62	4	24	13.863578
63	4	23	13.922272
64	4	12	14.010727
65	4	25	8.615461
66	4	23	8.615461
67	4	12	13.863578
68	4	23	13.863578
69	4	23	38.553596
70	4	25	49.899876
71	4	24	50.247871
72	4	25	31.568758
73	4	25	10.876372
74	4	24	0
75	4	25	0
76	4	24	1.89069
77	4	25	21.661982
78	4	24	41.645687
79	4	24	51.177731
80	4	23	35.114449
81	4	23	25.009226
82	4	12	28.651432
83	4	25	39.588135
84	4	23	31.633219
85	4	23	20.77754
86	4	12	17.425678
87	4	23	24.752842
88	4	25	32.137547
89	4	24	30.21896
90	4	24	29.181194
91	4	121	29.030724
92	4	122	25.605009
93	4	99	18.080265
94	4	100	11.248302
95	4	23	17.785618
96	4	123	38.129787
97	4	124	48.068008
98	4	125	42.849979
99	4	25	24.170305
100	4	24	20.666716
101	4	25	40.807987
102	4	23	68.592422
103	4	12	69.917435
104	4	25	45.73592
105	4	25	19.827713
106	4	12	13.835204
107	4	24	19.641087
108	4	24	24.650171
109	4	99	24.132019
110	4	100	16.145903
111	4	25	11.244044
112	4	25	10.289637
113	4	25	11.687033
114	4	25	13.243462
115	4	25	18.845718
116	4	24	37.156334
117	4	12	54.032612
118	4	23	63.246395
119	4	12	72.411064
120	4	23	77.165741
121	4	25	76.27417
122	4	25	63.526665
123	4	24	43.155537
124	4	2	28.239105
125	4	2	25.930908
126	4	77	23.267492
127	4	57	17.076244
128	4	57	0
0	5	57	0
1	5	57	0
2	5	126	0
3	5	127	0
4	5	57	63.239883
5	5	57	123.672165
6	5	57	63.239883
7	5	128	0
8	5	129	0
9	5	37	37.296013
10	5	130	37.632008
11	5	131	37.296013
12	5	132	0
13	5	110	0
14	5	133	0
15	5	134	-1.761873
16	5	67	-17.989883
17	5	68	-40.578419
18	5	68	-82.861519
19	5	68	-107.652283
20	5	68	-117.733253
21	5	68	-116.842201
22	5	67	-127.317307
23	5	68	-133.046616
24	5	68	-152.547546
25	5	135	-178.660843
26	5	88	-201.571091
27	5	110	-198.362289
28	5	136	-185.011917
29	5	137	-156.75087
30	5	138	-136.00473
31	5	112	-121.001648
32	5	139	-102.526642
33	5	115	-63.120277
34	5	140	-24.228712
35	5	141	-1.614387
36	5	118	0.930367
37	5	25	9.761762
38	5	25	28.938622
39	5	25	42.924068
40	5	12	43.307419
41	5	24	33.135204
42	5	12	24.264782
43	5	24	19.779854
44	5	12	17.668579
45	5	23	14.417043
46	5	23	7.660787
47	5	23	2.980661
48	5	12	9.008653
49	5	24	6.040932
50	5	24	6.040932
51	5	25	6.040932
52	5	23	13.863578
53	5	25	13.863578
54	5	24	13.863578
55	5	23	13.863578
56	5	24	13.863578
57	5	12	15.174586
58	5	24	17.092348
59	5	23	15.996302
60	5	24	13.863578
61	5	23	15.14708
62	5	12	18.313145
63	5	23	19.321642
64	5	12	17.877359
65	5	25	15.594919
66	5	25	13.863578
67	5	25	13.863578
68	5	25	13.863578
69	5	23	13.863578
70	5	12	13.863578
71	5	23	55.307442
72	5	24	40.969753
73	5	12	19.200459
74	5	25	4.80658
75	5	12	0.367905
76	5	12	12.064512
77	5	23	33.942944
78	5	23	54.099735
79	5	23	53.744217
80	5	12	38.485615
81	5	12	29.313519
82	5	25	37.529453
83	5	12	46.109089
84	5	12	40.984642
85	5	23	37.318764
86	5	12	41.491825
87	5	24	59.877541
88	5	25	67.977409
89	5	25	58.636456
90	5	12	37.953598
91	5	12	21.390919
92	5	121	13.225723
93	5	122	9.962445
94	5	99	8.71554
95	5	142	19.16535
96	5	124	35.272739
97	5	125	42.573765
98	5	23	33.567181
99	5	23	22.999132
100	5	12	24.290052
101	5	24	52.369675
102	5	24	79.643852
103	5	25	81.225197
104	5	23	54.532238
105	5	25	33.646698
106	5	12	34.349888
107	5	25	45.04372
108	5	121	47.910461
109	5	122	42.416061
110	5	23	29.688908
111	5	24	17.734129
112	5	12	14.740164
113	5	24	20.744761
114	5	24	33.529991
115	5	23	43.596146
116	5	25	54.957397
117	5	23	68.932037
118	5	12	84.892372
119	5	23	94.609047
120	5	25	95.385155
121	5	24	84.487007
122	5	23	61.295521
123	5	2	41.465935
124	5	2	31.032574
125	5	77	29.07789
126	5	57	21.832491
127	5	57	11.996787
128	5	57	0
0	6	57	0
1	6	58	0
2	6	143	0
3	6	144	0
4	6	145	63.239883
5	6	146	63.239883
6	6	147	63.239883
7	6	37	0
8	6	148	0
9	6	149	0
10	6	150	0
11	6	132	0
12	6	85	0
13	6	107	0
14	6	109	0
15	6	68	-0.342954
16	6	68	-14.384768
17	6	67	-38.730751
18	6	67	-77.366035
19	6	67	-100.082024
20	6	68	-112.243317
21	6	67	-126.051682
22	6	68	-131.492737
23	6	69	-131.563309
24	6	87	-145.060257
25	6	85	-171.946396
26	6	136	-193.021164
27	6	151	-198.690445
28	6	152	-185.112
29	6	153	-154.292007
30	6	154	-124.656319
31	6	155	-99.485146
32	6	156	-70.821999
33	6	157	-38.893112
34	6	158	-10.708716
35	6	98	-0.206231
36	6	76	0.927639
37	6	23	13.876683
38	6	24	33.051167
39	6	23	45.671318
40	6	25	44.343304
41	6	75	34.801746
42	6	76	27.643459
43	6	12	26.290754
44	6	23	22.404253
45	6	159	17.064529
46	6	160	8.91459
47	6	23	7.37761
48	6	25	18.819614
49	6	25	31.614483
50	6	24	16.381212
51	6	25	16.381212
52	6	24	13.863578
53	6	25	13.863578
54	6	12	13.863578
55	6	23	13.863578
56	6	12	15.623909
57	6	24	21.269985
58	6	25	25.547609
59	6	23	24.295008
60	6	24	19.108915
61	6	23	19.944284
62	6	25	25.492004
63	6	25	27.119122
64	6	25	23.389166
65	6	23	18.200556
66	6	12	14.414497
67	6	23	13.863578
68	6	23	13.863578
69	6	24	13.863578
70	6	23	13.863578
71	6	24	13.863578
72	6	25	38.757824
73	6	24	22.495695
74	6	25	9.521915
75	6	25	2.047139
76	6	23	18.135513
77	6	12	36.935116
78	6	24	52.571171
79	6	23	49.220432
80	6	12	37.847954
81	6	24	27.987909
82	6	24	35.114704
83	6	25	38.829483
84	6	24	37.601662
85	6	24	43.230713
86	6	24	58.099419
87	6	24	80.848236
88	6	23	92.387543
89	6	23	79.7509
90	6	25	46.174744
91	6	24	16.693609
92	6	25	1.101043
93	6	123	3.629476
94	6	124	14.71987
95	6	161	26.750547
96	6	125	33.434971
97	6	23	34.505009
98	6	24	24.640543
99	6	23	18.351213
100	6	25	24.430592
101	6	25	59.950336
102	6	25	83.992012
103	6	12	80.097427
104	6	23	52.20615
105	6	24	41.416264
106	6	99	52.065334
107	6	100	61.986279
108	6	12	61.287643
109	6	12	46.577465
110	6	23	36.225273
111	6	23	25.79512
112	6	24	26.911568
113	6	25	37.108669
114	6	12	53.834858
115	6	23	66.406807
116	6	24	71.159149
117	6	12	72.521164
118	6	24	79.804161
119	6	25	86.253334
120	6	25	87.043129
121	6	23	77.098915
122	6	2	59.16663
123	6	1	45.884865
124	6	143	50.09034
125	6	127	49.342739
126	6	57	37.24094
127	6	57	21.826635
128	6	126	0
0	7	162	0
1	7	163	0
2	7	164	0
3	7	165	0
4	7	37	63.239883
5	7	37	63.239883
6	7	166	63.239883
7	7	167	0
8	7	168	0
9	7	169	0
10	7	132	0
11	7	107	0
12	7	109	0
13	7	68	0
14	7	68	0
15	7	68	0
16	7	67	-4.115076
17	7	68	-26.768944
18	7	67	-59.04081
19	7	67	-89.550697
20	7	68	-109.931068
21	7	69	-121.758545
22	7	87	-132.971588
23	7	85	-129.200912
24	7	136	-132.126678
25	7	136	-145.322281
26	7	170	-161.538986
27	7	171	-179.969864
28	7	172	-179.063812
29	7	173	-162.297943
30	7	174	-123.000237
31	7	175	-82.496964
32	7	96	-51.786182
33	7	119	-21.401905
34	7	119	-1.364567
35	7	120	1.860746
36	7	176	4.952682
37	7	177	17.72718
38	7	24	34.103683
39	7	75	45.78928
40	7	178	44.42181
41	7	179	37.282856
42	7	12	31.040413
43	7	12	24.353493
44	7	180	18.669615
45	7	181	14.391332
46	7	177	8.42091
47	7	12	22.074064
48	7	25	39.028538
49	7	23	47.398891
50	7	23	34.730366
51	7	12	19.091454
52	7	25	19.091454
53	7	23	19.091454
54	7	25	19.091454
55	7	12	13.863578
56	7	24	18.109735
57	7	24	29.483919
58	7	23	40.739628
59	7	24	37.622314
60	7	25	29.743299
61	7	23	23.073126
62	7	12	32.295094
63	7	24	33.908947
64	7	23	27.758904
65	7	24	18.740734
66	7	23	14.605678
67	7	25	13.863578
68	7	12	13.863578
69	7	24	13.863578
70	7	24	13.863578
71	7	25	13.863578
72	7	24	13.863578
73	7	25	20.867205
74	7	23	8.906432
75	7	12	4.215681
76	7	23	18.327353
77	7	24	32.321198
78	7	24	36.34663
79	7	12	35.409748
80	7	24	30.293652
81	7	12	28.704664
82	7	25	26.918007
83	7	23	22.846169
84	7	25	26.400705
85	7	25	41.364044
86	7	23	55.94915
87	7	23	75.153526
88	7	12	85.077209
89	7	12	76.016014
90	7	24	46.224968
91	7	23	15.379707
92	7	123	0.498136
93	7	124	8.909739
94	7	124	21.231697
95	7	125	37.19902
96	7	23	42.92202
97	7	12	31.948002
98	7	12	17.338118
99	7	25	13.748379
100	7	12	31.079912
101	7	12	66.492805
102	7	23	90.310783
103	7	25	76.215576
104	7	12	49.415096
105	7	121	39.954678
106	7	122	56.426991
107	7	24	62.728024
108	7	12	54.429855
109	7	23	37.515327
110	7	23	32.300449
111	7	24	32.213108
112	7	25	39.31292
113	7	12	49.558678
114	7	23	61.50898
115	7	24	68.596619
116	7	23	61.014297
117	7	12	51.721901
118	7	12	52.484192
119	7	25	55.394108
120	7	25	64.06691
121	7	163	66.110123
122	7	164	60.562222
123	7	164	60.864746
124	7	182	63.784599
125	7	146	65.577606
126	7	146	52.101601
127	7	183	33.081867
128	7	164	0
0	8	165	0
1	8	37	0
2	8	37	0
3	8	37	0
4	8	37	0
5	8	184	0
6	8	185	0
7	8	186	0
8	8	187	0
9	8	84	0
10	8	86	0
11	8	68	0
12	8	68	0
13	8	68	0
14	8	68	0
15	8	67	-1.665139
16	8	68	-6.345873
17	8	67	-24.189518
18	8	67	-52.735165
19	8	67	-81.133995
20	8	135	-107.472191
21	8	136	-123.906898
22	8	136	-139.840103
23	8	85	-145.755249
24	8	110	-134.058197
25	8	188	-132.771667
26	8	189	-139.355362
27	8	112	-152.919159
28	8	190	-165.17778
29	8	191	-154.378647
30	8	192	-118.369347
31	8	25	-74.987595
32	8	23	-46.608074
33	8	23	-20.401064
34	8	25	3.372794
35	8	193	10.566858
36	8	194	16.65682
37	8	195	23.750944
38	8	196	32.609535
39	8	197	37.405544
40	8	120	38.295773
41	8	23	31.860601
42	8	159	24.113752
43	8	198	17.61186
44	8	199	18.456734
45	8	200	25.370398
46	8	25	35.784401
47	8	24	48.20229
48	8	25	56.365803
49	8	12	54.171379
50	8	25	32.452316
51	8	23	12.616068
52	8	24	9.775315
53	8	12	19.091454
54	8	24	19.091454
55	8	24	13.863578
56	8	23	4.157374
57	8	23	18.839537
58	8	12	31.178488
59	8	24	44.21463
60	8	25	33.584171
61	8	25	26.130106
62	8	24	31.716501
63	8	23	33.495781
64	8	24	27.572611
65	8	23	18.788647
66	8	25	13.904658
67	8	25	13.863578
68	8	23	13.863578
69	8	25	13.863578
70	8	23	13.863578
71	8	12	13.863578
72	8	12	13.863578
73	8	201	11.561232
74	8	175	6.299764
75	8	12	6.929964
76	8	25	15.653287
77	8	25	23.640757
78	8	202	23.506567
79	8	203	21.256901
80	8	204	23.923576
81	8	23	23.683445
82	8	12	16.793554
83	8	12	14.962887
84	8	12	27.011496
85	8	25	37.496071
86	8	25	47.056091
87	8	24	53.872585
88	8	25	57.743801
89	8	25	55.123322
90	8	24	33.377659
91	8	123	10.840968
92	8	124	1.732124
93	8	161	10.432322
94	8	125	25.811541
95	8	23	52.819866
96	8	23	61.396751
97	8	12	45.100307
98	8	23	19.975376
99	8	12	12.337958
100	8	23	39.566536
101	8	23	84.978592
102	8	25	112.097992
103	8	99	92.52462
104	8	100	53.185886
105	8	24	36.762638
106	8	25	45.227562
107	8	25	49.124153
108	8	25	38.448479
109	8	24	23.136618
110	8	24	24.646784
111	8	24	36.536064
112	8	24	51.177422
113	8	25	58.72113
114	8	25	55.75631
115	8	24	45.889988
116	8	25	36.664192
117	8	12	23.729237
118	8	25	19.573355
119	8	12	26.828167
120	8	205	41.886257
121	8	206	59.632576
122	8	37	68.548462
123	8	37	70.01738
124	8	37	63.667389
125	8	37	63.107342
126	8	37	53.053669
127	8	207	35.171532
128	8	208	0
0	9	208	0
1	9	208	0
2	9	209	0
3	9	37	0
4	9	210	0
5	9	211	0
6	9	212	0
7	9	213	0
8	9	214	0
9	9	215	0
10	9	67	0
11	9	68	0
12	9	68	0
13	9	68	0
14	9	68	0
15	9	68	-6.880136
16	9	68	-23.94232
17	9	67	-45.784153
18	9	68	-63.908382
19	9	216	-94.487183
20	9	217	-111.620758
21	9	136	-141.622559
22	9	110	-165.954956
23	9	85	-174.322052
24	9	218	-169.532333
25	9	219	-150.069168
26	9	220	-129.619278
27	9	221	-127.526291
28	9	222	-135.404785
29	9	223	-128.823883
30	9	51	-105.910912
31	9	25	-73.35041
32	9	23	-49.46769
33	9	12	-21.386042
34	9	159	9.670379
35	9	224	21.939159
36	9	225	29.557911
37	9	226	27.439728
38	9	30	26.289087
39	9	159	26.705614
40	9	227	30.286728
41	9	228	27.954607
42	9	229	19.049377
43	9	75	14.875387
44	9	98	27.478354
45	9	98	47.153481
46	9	98	61.824146
47	9	98	68.062111
48	9	76	67.941307
49	9	23	48.115166
50	9	12	23.356777
51	9	12	4.553205
52	9	25	5.890633
53	9	12	17.682898
54	9	25	27.925657
55	9	25	27.326002
56	9	23	0.922356
57	9	25	13.693676
58	9	12	24.073748
59	9	12	24.893465
60	9	25	13.707248
61	9	12	23.598049
62	9	23	26.326765
63	9	24	29.987535
64	9	23	23.289452
65	9	24	27.016804
66	9	24	23.841705
67	9	25	23.841705
68	9	12	13.863578
69	9	12	13.863578
70	9	24	7.291979
71	9	12	7.291979
72	9	230	6.045887
73	9	231	6.675187
74	9	23	5.222834
75	9	24	8.951013
76	9	202	16.372036
77	9	232	19.628338
78	9	233	15.014502
79	9	234	12.383542
80	9	25	12.778659
81	9	25	12.512223
82	9	12	9.318313
83	9	24	13.089616
84	9	24	32.392323
85	9	24	45.112511
86	9	24	42.746536
87	9	23	32.899815
88	9	25	30.931969
89	9	12	28.254049
90	9	123	17.957184
91	9	161	5.796724
92	9	161	0.819842
93	9	125	7.358899
94	9	24	29.111927
95	9	23	59.095364
96	9	25	74.340309
97	9	12	54.114532
98	9	99	25.931919
99	9	101	11.431679
100	9	100	42.732513
101	9	25	89.882553
102	9	121	118.978004
103	9	122	99.971359
104	9	23	55.770676
105	9	25	30.436447
106	9	25	33.353359
107	9	25	36.056019
108	9	12	28.927969
109	9	25	23.547604
110	9	23	26.347099
111	9	12	43.706955
112	9	23	61.874538
113	9	25	63.513699
114	9	25	47.864281
115	9	23	25.747372
116	9	99	8.805946
117	9	101	4.190551
118	9	100	2.139129
119	9	1	6.415681
120	9	205	27.283245
121	9	206	53.021511
122	9	37	66.330078
123	9	37	62.782898
124	9	37	54.99931
125	9	37	54.705238
126	9	235	47.157486
127	9	236	31.596432
128	9	237	0
0	10	238	0
1	10	239	0
2	10	37	0
3	10	37	0
4	10	240	0
5	10	241	0
6	10	107	0
7	10	242	0
8	10	243	0
9	10	68	0
10	10	68	0
11	10	67	0
12	10	67	0
13	10	67	0
14	10	67	-1.382696
15	10	68	-20.179119
16	10	67	-46.340015
17	10	67	-71.269203
18	10	67	-89.543816
19	10	135	-106.192467
20	10	110	-123.103775
21	10	88	-149.802017
22	10	110	-179.51091
23	10	244	-191.633743
24	10	245	-188.24234
25	10	186	-162.715347
26	10	246	-131.427795
27	10	247	-117.306129
28	10	62	-112.229202
29	10	74	-106.664909
30	10	201	-81.615616
31	10	175	-66.912811
32	10	25	-45.388142
33	10	28	-13.830231
34	10	248	18.149879
35	10	249	30.236025
36	10	229	33.557854
37	10	176	27.012383
38	10	250	19.627865
39	10	251	22.773558
40	10	252	32.076233
41	10	253	33.177654
42	10	178	21.74225
43	10	254	15.976295
44	10	254	38.814224
45	10	255	65.573921
46	10	255	79.638702
47	10	256	68.184731
48	10	257	48.646488
49	10	258	29.310841
50	10	175	10.245715
51	10	25	0.863178
52	10	25	8.510514
53	10	23	25.926451
54	10	24	40.947861
55	10	25	42.257423
56	10	12	25.214067
57	10	25	4.367656
58	10	23	9.892365
59	10	23	10.682123
60	10	23	6.604548
61	10	24	3.005468
62	10	12	7.849998
63	10	25	9.869096
64	10	25	6.351048
65	10	24	26.163242
66	10	12	23.841705
67	10	12	23.841705
68	10	25	23.841705
69	10	23	13.863578
70	10	25	7.291979
71	10	24	7.291979
72	10	24	3.775391
73	10	12	7.406238
74	10	202	9.252682
75	10	232	10.561318
76	10	233	14.780673
77	10	233	20.761721
78	10	234	17.61681
79	10	12	10.261532
80	10	24	5.10453
81	10	25	2.153957
82	10	25	2.372155
83	10	23	13.291635
84	10	24	32.243706
85	10	24	42.906483
86	10	23	38.097668
87	10	24	26.430349
88	10	24	19.519848
89	10	121	16.085091
90	10	259	8.159446
91	10	124	0.885159
92	10	260	0
93	10	100	2.840197
94	10	99	23.981173
95	10	100	53.251686
96	10	99	69.497383
97	10	142	50.252377
98	10	161	27.188879
99	10	125	15.515641
100	10	23	40.459225
101	10	24	78.253288
102	10	25	103.96553
103	10	24	86.929794
104	10	23	58.380714
105	10	24	41.969307
106	10	25	37.657715
107	10	23	30.471214
108	10	12	32.995148
109	10	12	34.349792
110	10	24	38.604385
111	10	12	51.580921
112	10	23	67.1092
113	10	25	75.579117
114	10	12	53.942196
115	10	121	23.821138
116	10	261	2.13838
117	10	122	0.478958
118	10	2	0.232148
119	10	2	6.84452
120	10	205	27.706678
121	10	262	49.872353
122	10	206	58.383259
123	10	37	52.551514
124	10	207	47.339302
125	10	263	46.802578
126	10	264	41.382118
127	10	265	27.184803
128	10	266	0
0	11	267	0
1	11	37	0
2	11	37	0
3	11	37	0
4	11	268	0
5	11	86	0
6	11	67	0
7	11	67	0
8	11	67	21.456026
9	11	67	83.033989
10	11	67	21.456026
11	11	67	-0.401142
12	11	68	-1.273546
13	11	68	-0.598815
14	11	68	-7.164596
15	11	68	-30.533201
16	11	69	-60.861401
17	11	269	-80.782906
18	11	87	-92.577942
19	11	110	-116.981522
20	11	270	-132.976212
21	11	271	-150.389435
22	11	150	-161.073563
23	11	272	-172.112106
24	11	220	-173.341843
25	11	273	-146.132355
26	11	274	-127.260887
27	11	275	-121.463089
28	11	201	-112.039825
29	11	276	-96.733162
30	11	277	-73.010483
31	11	175	-54.787491
32	11	159	-29.780203
33	11	278	-0.228951
34	11	279	21.898457
35	11	280	32.281464
36	11	281	29.460707
37	11	282	19.65543
38	11	283	13.300303
39	11	284	22.514492
40	11	284	35.966446
41	11	285	37.791321
42	11	283	24.525093
43	11	285	17.211815
44	11	254	36.245975
45	11	254	61.813107
46	11	284	64.360695
47	11	286	46.564373
48	11	287	23.64654
49	11	288	8.323391
50	11	25	0
51	11	24	0.896067
52	11	25	8.208205
53	11	24	24.411512
54	11	23	39.148479
55	11	25	37.573193
56	11	12	22.204735
57	11	23	6.148261
58	11	23	1.441147
59	11	23	2.063058
60	11	24	0.225698
61	11	25	3.165881
62	11	23	8.395102
63	11	25	9.794269
64	11	23	6.282077
65	11	24	24.169611
66	11	12	23.841705
67	11	25	23.841705
68	11	23	23.841705
69	11	24	23.841705
70	11	24	7.291979
71	11	201	7.291979
72	11	175	7.166696
73	11	289	17.892378
74	11	233	19.749149
75	11	233	15.342188
76	11	233	12.403586
77	11	234	16.916704
78	11	23	19.491522
79	11	23	13.505928
80	11	25	6.015144
81	11	24	0.838679
82	11	24	1.146206
83	11	23	10.647416
84	11	12	24.321117
85	11	25	36.32584
86	11	25	32.96965
87	11	12	24.354767
88	11	12	19.703037
89	11	123	16.800472
90	11	161	10.10759
91	11	161	2.755838
92	11	260	0
93	11	142	4.170995
94	11	260	17.468498
95	11	142	37.502686
96	11	124	43.912579
97	11	124	34.436596
98	11	260	23.229586
99	11	100	27.730274
100	11	23	45.976757
101	11	25	66.626816
102	11	12	73.447784
103	11	12	71.030792
104	11	24	69.39386
105	11	23	79.455833
106	11	23	77.729034
107	11	24	57.832867
108	11	25	56.274284
109	11	24	68.522614
110	11	12	74.735268
111	11	25	65.973175
112	11	12	72.214615
113	11	99	80.526749
114	11	100	66.005615
115	11	25	33.547745
116	11	25	8.983592
117	11	1	4.933237
118	11	2	6.240287
119	11	33	15.790104
120	11	34	34.477417
121	11	290	51.117222
122	11	291	51.520302
123	11	292	44.68346
124	11	293	40.569542
125	11	294	38.386608
126	11	295	30.230858
127	11	296	17.572817
128	11	297	0
0	12	37	0
1	12	37	0
2	12	37	0
3	12	268	0
4	12	86	0
5	12	68	0
6	12	68	0
7	12	68	0
8	12	68	21.456026
9	12	67	85.667969
10	12	67	20.561636
11	12	68	-6.25601
12	12	68	-8.996588
13	12	68	-9.085383
14	12	69	-16.518139
15	12	87	-35.135883
16	12	88	-56.757156
17	12	110	-70.705856
18	12	270	-100.478683
19	12	150	-140.577789
20	12	24	-160.937637
21	12	298	-150.78392
22	12	299	-154.343292
23	12	154	-169.457336
24	12	300	-172.947144
25	12	301	-147.528122
26	12	302	-126.379257
27	12	303	-128.924332
28	12	304	-119.859505
29	12	305	-97.406448
30	12	306	-58.769909
31	12	307	-28.709845
32	12	308	-11.035144
33	12	309	8.634866
34	12	199	24.267164
35	12	310	30.081915
36	12	282	26.019381
37	12	254	17.084303
38	12	284	17.099188
39	12	255	28.277645
40	12	285	35.771019
41	12	284	33.654591
42	12	283	20.995136
43	12	254	13.369376
44	12	285	23.963251
45	12	283	40.63715
46	12	285	40.480255
47	12	255	25.994999
48	12	311	7.417274
49	12	175	0.767752
50	12	25	0
51	12	25	0.203167
52	12	25	4.107826
53	12	23	12.898587
54	12	201	20.921007
55	12	175	19.890774
56	12	23	9.718992
57	12	12	0.820944
58	12	12	0
59	12	24	0
60	12	23	0.488731
61	12	12	6.426602
62	12	25	13.773907
63	12	24	26.915731
64	12	23	48.916828
65	12	24	25.331114
66	12	12	23.841705
67	12	23	23.841705
68	12	24	23.841705
69	12	202	23.841705
70	12	312	16.280096
71	12	313	4.517408
72	12	232	14.962068
73	12	233	29.238365
74	12	233	33.863411
75	12	233	20.725325
76	12	234	10.55526
77	12	24	10.828878
78	12	24	17.688358
79	12	25	17.135771
80	12	12	9.322668
81	12	12	2.218489
82	12	23	0
83	12	24	5.867858
84	12	24	17.261
85	12	99	30.405104
86	12	100	34.387043
87	12	99	32.836651
88	12	142	32.350189
89	12	124	31.156435
90	12	124	20.911545
91	12	124	7.66658
92	12	161	1.376565
93	12	124	9.110667
94	12	161	17.042385
95	12	124	25.313929
96	12	161	23.115215
97	12	161	15.313986
98	12	260	23.830175
99	12	101	42.740818
100	12	101	57.641483
101	12	101	70.222855
102	12	100	69.394493
103	12	23	79.498497
104	12	25	112.765289
105	12	12	139.696808
106	12	12	124.668381
107	12	24	88.085602
108	12	23	83.811989
109	12	23	99.030991
110	12	23	98.972816
111	12	23	70.717056
112	12	123	67.642914
113	12	125	88.555092
114	12	12	85.855141
115	12	24	53.060204
116	12	1	20.352755
117	12	33	11.455848
118	12	56	12.20705
119	12	57	20.249588
120	12	294	37.923546
121	12	314	48.017109
122	12	37	51.191559
123	12	235	44.067619
124	12	236	37.257668
125	12	237	29.79517
126	12	266	17.803833
127	12	267	7.312305
128	12	37	0
0	13	37	0
1	13	315	0
2	13	316	0
3	13	109	0
4	13	67	0
5	13	67	0
6	13	67	0
7	13	67	0
8	13	67	0
9	13	68	35.567989
10	13	68	-4.666324
11	13	67	-12.516997
12	13	69	-17.982037
13	13	87	-20.090612
14	13	110	-25.090181
15	13	136	-32.882042
16	13	110	-55.779602
17	13	317	-76.681183
18	13	50	-122.569046
19	13	318	-167.507599
20	13	319	-183.424362
21	13	300	-160.530579
22	13	320	-163.429596
23	13	274	-182.429764
24	13	321	-186.644089
25	13	322	-150.811462
26	13	323	-129.022934
27	13	323	-123.427612
28	13	324	-109.919258
29	13	325	-75.011574
30	13	326	-36.53371
31	13	193	-9.373958
32	13	200	-1.907689
33	13	75	8.9567
34	13	327	23.559275
35	13	328	31.898115
36	13	285	29.697256
37	13	285	29.545355
38	13	254	32.99321
39	13	285	38.756096
40	13	284	38.414883
41	13	285	26.667028
42	13	254	21.362715
43	13	284	23.237017
44	13	283	29.629616
45	13	255	31.139919
46	13	255	28.299105
47	13	329	20.483644
48	13	192	11.143876
49	13	24	4.70634
50	13	201	0.321377
51	13	258	0
52	13	258	0.276631
53	13	276	2.181565
54	13	277	3.917982
55	13	175	2.049388
56	13	24	0
57	13	24	0
58	13	23	0
59	13	12	0
60	13	24	0.131398
61	13	23	4.261482
62	13	12	11.937304
63	13	12	27.878227
64	13	23	48.275532
65	13	24	44.205711
66	13	23	43.10667
67	13	25	23.841705
68	13	330	23.841705
69	13	331	46.903049
70	13	233	19.366116
71	13	233	10.07645
72	13	233	23.97064
73	13	233	39.14555
74	13	233	39.792168
75	13	234	30.313036
76	13	24	15.789716
77	13	24	12.471945
78	13	12	17.572416
79	13	12	19.600969
80	13	24	13.688463
81	13	23	4.456766
82	13	332	0.022845
83	13	116	1.282825
84	13	333	12.783148
85	13	122	30.08609
86	13	123	41.47382
87	13	124	46.261997
88	13	124	48.024014
89	13	161	46.128445
90	13	161	32.702206
91	13	161	13.624421
92	13	161	3.112682
93	13	124	9.910156
94	13	161	18.901289
95	13	161	18.408142
96	13	124	11.366248
97	13	161	4.588234
98	13	124	22.036581
99	13	124	40.72942
100	13	161	64.4739
101	13	125	78.95298
102	13	25	86.191345
103	13	24	115.819214
104	13	24	154.667648
105	13	24	178.50679
106	13	99	161.841431
107	13	100	110.521545
108	13	25	97.717392
109	13	23	109.558128
110	13	99	101.555206
111	13	334	66.917648
112	13	122	66.617805
113	13	24	98.543648
114	13	24	109.893372
115	13	2	81.54966
116	13	143	38.734001
117	13	127	19.189831
118	13	57	13.47633
119	13	57	15.337821
120	13	335	25.665863
121	13	206	35.963612
122	13	292	43.770802
123	13	336	44.175201
124	13	337	45.248405
125	13	338	34.39996
126	13	129	15.751287
127	13	37	2.667149
128	13	339	0
0	14	340	0
1	14	67	0
2	14	68	0
3	14	67	103.391907
4	14	68	103.391907
5	14	67	0
6	14	67	-0.391263
7	14	68	-1.278981
8	14	67	-0.118202
9	14	67	35.303989
10	14	67	-5.519689
11	14	216	-13.981094
12	14	341	-22.137886
13	14	342	-23.407078
14	14	110	-31.427639
15	14	270	-56.151321
16	14	150	-87.107018
17	14	343	-109.718124
18	14	344	-139.266724
19	14	345	-170.570251
20	14	274	-176.271088
21	14	346	-165.000198
22	14	321	-174.010681
23	14	322	-187.206268
24	14	323	-185.755722
25	14	323	-141.385834
26	14	323	-109.781273
27	14	323	-100.775887
28	14	347	-86.251884
29	14	30	-48.69117
30	14	75	-15.97956
31	14	98	-1.087628
32	14	178	-0.186306
33	14	255	6.476468
34	14	348	18.593168
35	14	197	30.474388
36	14	349	36.839275
37	14	283	46.112621
38	14	254	59.573624
39	14	284	80.826157
40	14	255	76.857216
41	14	283	49.416344
42	14	283	30.542345
43	14	255	35.486908
44	14	285	38.532372
45	14	283	34.0005
46	14	350	28.178043
47	14	351	24.778429
48	14	352	17.972975
49	14	353	8.621196
50	14	354	1.270762
51	14	354	0
52	14	354	108
53	14	354	108
54	14	355	108
55	14	23	108
56	14	24	108
57	14	24	0
58	14	24	0
59	14	24	0
60	14	12	0
61	14	12	1.680422
62	14	12	10.490763
63	14	24	27.472214
64	14	23	42.258644
65	14	12	44.716862
66	14	12	43.10667
67	14	25	43.10667
68	14	289	55.311333
69	14	233	40.912045
70	14	233	19.026133
71	14	233	18.459776
72	14	233	34.269058
73	14	233	47.887779
74	14	234	49.524811
75	14	24	39.068584
76	14	23	27.323124
77	14	12	21.79674
78	14	24	19.136324
79	14	12	20.786169
80	14	332	14.244578
81	14	117	5.922063
82	14	356	0.216497
83	14	118	0.598879
84	14	25	10.48432
85	14	121	29.149773
86	14	259	46.303265
87	14	124	53.580368
88	14	124	56.514538
89	14	124	52.816742
90	14	124	38.811867
91	14	124	18.703842
92	14	161	4.107353
93	14	161	6.850327
94	14	161	11.661322
95	14	124	11.294354
96	14	124	5.896309
97	14	124	0.028344
98	14	124	11.121231
99	14	161	25.963552
100	14	260	48.770905
101	14	100	74.560112
102	14	24	104.427757
103	14	99	137.931747
104	14	100	182.188965
105	14	121	194.928741
106	14	357	177.486404
107	14	101	127.637947
108	14	101	120.076149
109	14	142	112.569962
110	14	260	91.395988
111	14	100	55.48077
112	14	25	69.236336
113	14	23	118.211426
114	14	1	144.301254
115	14	33	117.196594
116	14	56	61.526962
117	14	57	28.665056
118	14	126	11.286544
119	14	358	5.848248
120	14	359	9.864565
121	14	360	19.741051
122	14	361	32.977589
123	14	362	56.000935
124	14	339	71.534554
125	14	363	64.66674
126	14	364	34.720787
127	14	316	9.16233
128	14	109	0
0	15	68	0
1	15	68	0
2	15	68	0
3	15	67	103.391907
4	15	68	103.391907
5	15	68	-1.612482
6	15	67	-9.261487
7	15	67	-14.302992
8	15	67	-15.101016
9	15	69	-7.209467
10	15	269	-4.787909
11	15	365	-17.997602
12	15	213	-31.243914
13	15	366	-47.425602
14	15	367	-66.34256
15	15	24	-97.3843
16	15	272	-126.964226
17	15	92	-138.715775
18	15	368	-144.696503
19	15	369	-156.982346
20	15	370	-155.968307
21	15	371	-158.2155
22	15	323	-163.20459
23	15	323	-178.523911
24	15	323	-153.481308
25	15	323	-128.217804
26	15	323	-97.012581
27	15	372	-88.375046
28	15	373	-56.730553
29	15	374	-24.972715
30	15	255	-4.354568
31	15	285	0
32	15	283	0
33	15	375	2.667981
34	15	376	10.516789
35	15	178	21.335262
36	15	283	32.906788
37	15	255	49.205524
38	15	255	86.086746
39	15	255	129.28006
40	15	284	131.651932
41	15	283	93.178978
42	15	284	53.048435
43	15	285	40.445332
44	15	254	42.78891
45	15	377	35.499714
46	15	378	30.162296
47	15	378	26.217806
48	15	379	18.09038
49	15	380	7.930052
50	15	381	0.820591
51	15	380	0
52	15	382	119.5
53	15	383	119.5
54	15	175	119.5
55	15	24	119.5
56	15	12	119.5
57	15	23	59
58	15	25	0
59	15	12	0
60	15	25	0
61	15	25	0
62	15	12	8.344442
63	15	23	24.584999
64	15	23	35.658997
65	15	24	31.456844
66	15	24	24.683525
67	15	330	30.185772
68	15	331	34.449799
69	15	233	28.341692
70	15	233	20.322222
71	15	233	24.399557
72	15	233	41.0811
73	15	234	48.178562
74	15	12	49.123665
75	15	25	42.088158
76	15	25	35.926014
77	15	332	26.41651
78	15	384	17.218834
79	15	156	14.243332
80	15	385	10.542272
81	15	384	3.854251
82	15	25	0
83	15	24	0
84	15	99	7.090707
85	15	142	24.012161
86	15	124	41.465427
87	15	124	48.138187
88	15	124	47.874493
89	15	161	45.892086
90	15	161	37.231602
91	15	161	19.998724
92	15	124	5.428403
93	15	161	2.488687
94	15	124	4.541059
95	15	161	4.014735
96	15	161	1.036991
97	15	124	0
98	15	161	3.928517
99	15	161	16.019678
100	15	125	36.296032
101	15	23	66.572571
102	15	123	103.769722
103	15	125	149.529999
104	15	99	184.466156
105	15	142	193.244385
106	15	161	202.162613
107	15	161	160.451859
108	15	161	147.072083
109	15	124	121.389015
110	15	125	87.717155
111	15	12	72.333527
112	15	23	96.465256
113	15	31	149.299667
114	15	386	173.041428
115	15	387	144.772003
116	15	387	86.425858
117	15	388	43.609646
118	15	389	15.241835
119	15	136	4.069423
120	15	85	8.913239
121	15	88	18.134899
122	15	390	28.771467
123	15	391	59.632339
124	15	86	85.301796
125	15	68	86.761711
126	15	67	52.668236
127	15	68	19.108969
128	15	68	0
0	16	68	0
1	16	67	0
2	16	68	0
3	16	68	0
4	16	68	0
5	16	67	-7.141819
6	16	67	-20.443859
7	16	67	-38.320183
8	16	135	-43.062126
9	16	85	-38.21946
10	16	88	-29.110737
11	16	110	-33.562054
12	16	392	-59.93261
13	16	393	-82.224998
14	16	51	-110.288551
15	16	394	-135.711716
16	16	395	-145.217224
17	16	118	-147.509583
18	16	25	-153.610825
19	16	156	-155.850372
20	16	396	-155.265091
21	16	323	-158.684967
22	16	323	-161.766602
23	16	323	-154.264618
24	16	323	-125.677383
25	16	323	-113.750679
26	16	397	-112.59613
27	16	398	-89.711716
28	16	399	-45.100399
29	16	283	-9.315337
30	16	284	0
31	16	285	0
32	16	255	0
33	16	254	0.10941
34	16	254	4.072703
35	16	400	9.189556
36	16	401	19.304457
37	16	401	32.38718
38	16	402	84.090576
39	16	403	138.754013
40	16	404	158.744843
41	16	254	112.152878
42	16	255	60.627171
43	16	285	30.301928
44	16	286	30.166359
45	16	405	23.26474
46	16	406	18.386278
47	16	407	17.178501
48	16	380	10.627749
49	16	381	3.220841
50	16	380	0
51	16	382	99.5
52	16	408	138.5
53	16	409	138.5
54	16	258	138.5
55	16	175	138.5
56	16	12	138.5
57	16	24	67.5
58	16	23	0
59	16	24	0
60	16	24	0
61	16	24	0.616205
62	16	12	17.328749
63	16	25	32.29565
64	16	23	34.660381
65	16	12	21.927069
66	16	12	8.93876
67	16	289	11.339351
68	16	233	20.347391
69	16	233	26.864683
70	16	233	27.145468
71	16	233	29.99168
72	16	234	36.086781
73	16	12	37.713707
74	16	25	35.615936
75	16	23	31.1327
76	16	156	27.970041
77	16	385	18.974209
78	16	384	8.625389
79	16	156	6.512935
80	16	410	4.49417
81	16	247	0.286694
82	16	318	0
83	16	411	0
84	16	161	3.703629
85	16	124	15.594347
86	16	161	29.696524
87	16	124	35.87257
88	16	124	37.225124
89	16	124	35.881783
90	16	161	29.259253
91	16	124	16.612844
92	16	124	6.198725
93	16	124	0.578197
94	16	124	0
95	16	161	0
96	16	161	1.179344
97	16	161	2.104315
98	16	161	7.001709
99	16	260	17.616047
100	16	101	37.566723
101	16	142	73.189041
102	16	125	119.189148
103	16	123	165.973938
104	16	161	199.99118
105	16	124	213.774643
106	16	161	213.584641
107	16	161	199.077347
108	16	124	172.757965
109	16	125	148.22963
110	16	25	120.280884
111	16	25	115.611145
112	16	412	133.606247
113	16	23	190.902527
114	16	25	194.480713
115	16	413	162.320923
116	16	84	112.780067
117	16	88	67.648987
118	16	136	33.386639
119	16	136	22.575544
120	16	110	28.575048
121	16	107	33.49802
122	16	108	34.754986
123	16	109	48.668888
124	16	68	70.506241
125	16	68	76.587914
126	16	67	50.170864
127	16	68	18.476856
128	16	67	0
0	17	68	0
1	17	68	0
2	17	67	0
3	17	67	0
4	17	68	-2.887091
5	17	68	-19.759384
6	17	69	-41.661526
7	17	87	-66.974358
8	17	110	-79.227371
9	17	136	-77.600731
10	17	88	-68.719826
11	17	414	-70.274567
12	17	415	-91.361397
13	17	416	-117.376015
14	17	62	-138.896255
15	17	74	-147.810211
16	17	12	-141.289673
17	17	23	-145.343658
18	17	23	-155.676727
19	17	417	-160.778473
20	17	418	-169.035446
21	17	323	-156.47319
22	17	323	-156.756134
23	17	323	-136.522079
24	17	323	-127.058731
25	17	419	-124.465645
26	17	420	-125.084557
27	17	328	-88.651588
28	17	285	-39.814808
29	17	254	-6.438019
30	17	255	0
31	17	400	0
32	17	401	0
33	17	401	0
34	17	421	0.641184
35	17	422	2.255856
36	17	422	6.877964
37	17	423	13.878711
38	17	424	48.523949
39	17	425	95.170441
40	17	401	115.049149
41	17	426	92.241684
42	17	255	53.791397
43	17	254	26.28244
44	17	427	17.205158
45	17	428	8.513854
46	17	429	6.551105
47	17	430	5.079952
48	17	381	0.456845
49	17	429	134
50	17	431	151
51	17	379	153.5
52	17	408	153.5
53	17	432	155.5
54	17	192	155.5
55	17	24	155.5
56	17	12	155.5
57	17	23	155.5
58	17	25	0
59	17	201	0
60	17	175	0
61	17	25	6.040814
62	17	24	25.536255
63	17	23	42.441322
64	17	201	39.622589
65	17	433	23.132118
66	17	232	8.284623
67	17	233	12.029882
68	17	233	24.240967
69	17	233	33.730217
70	17	434	34.963509
71	17	435	31.826912
72	17	332	27.162024
73	17	116	20.487993
74	17	384	14.889561
75	17	12	14.868866
76	17	156	13.098647
77	17	385	6.61444
78	17	116	0.12584
79	17	436	0.222848
80	17	320	0
81	17	437	0
82	17	438	0
83	17	161	0
84	17	161	1.566019
85	17	161	9.591687
86	17	161	21.670565
87	17	124	28.429289
88	17	124	28.570814
89	17	439	28.316891
90	17	440	23.216784
91	17	161	12.89495
92	17	161	4.79319
93	17	124	0.217747
94	17	124	0
95	17	124	2.709915
96	17	161	9.291218
97	17	161	12.951918
98	17	124	20.58358
99	17	161	32.538784
100	17	124	54.698895
101	17	260	92.032463
102	17	142	143.076645
103	17	124	194.858887
104	17	124	219.679749
105	17	161	225.993637
106	17	124	207.917526
107	17	161	205.377594
108	17	260	199.488998
109	17	100	198.643036
110	17	25	174.160767
111	17	12	165.517746
112	17	24	171.366684
113	17	413	197.837357
114	17	84	193.579788
115	17	85	164.558914
116	17	136	134.371338
117	17	136	100.800674
118	17	107	60.933895
119	17	108	43.992908
120	17	109	47.57925
121	17	68	52.86829
122	17	67	39.005943
123	17	68	30.472591
124	17	68	47.556953
125	17	67	61.803852
126	17	67	46.155632
127	17	67	15.173228
128	17	67	0
0	18	68	0
1	18	67	0
2	18	67	0
3	18	68	-3.05462
4	18	67	-21.518524
5	18	135	-48.856159
6	18	110	-70.388992
7	18	110	-83.34922
8	18	136	-94.632339
9	18	88	-96.543922
10	18	441	-95.846123
11	18	92	-95.681267
12	18	368	-111.548355
13	18	74	-133.742416
14	18	24	-144.919937
15	18	25	-144.529449
16	18	24	-134.812912
17	18	24	-136.461594
18	18	24	-149.305695
19	18	417	-154.170456
20	18	418	-143.179672
21	18	323	-134.213593
22	18	323	-134.697372
23	18	442	-134.996063
24	18	443	-126.267563
25	18	444	-124.19043
26	18	445	-108.666916
27	18	285	-74.43737
28	18	285	-30.484722
29	18	285	-5.642149
30	18	446	0
31	18	422	0
32	18	447	0
33	18	448	0.34923
34	18	447	3.776847
35	18	448	6.472832
36	18	449	8.431903
37	18	450	11.302374
38	18	451	17.288151
39	18	452	44.259018
40	18	453	60.468937
41	18	284	62.756088
42	18	285	46.903179
43	18	454	39.100735
44	18	455	20.580099
45	18	456	6.333652
46	18	457	0.505562
47	18	380	0
48	18	456	149
49	18	458	149
50	18	407	151
51	18	380	153.5
52	18	459	153.5
53	18	460	156
54	18	461	156
55	18	461	156
56	18	461	156
57	18	461	156
58	18	462	131.5
59	18	463	0
60	18	461	0
61	18	461	7.1537
62	18	464	26.544294
63	18	465	44.404549
64	18	466	41.402164
65	18	233	27.504993
66	18	233	15.269491
67	18	233	22.165792
68	18	434	31.189623
69	18	435	37.539349
70	18	23	37.938995
71	18	156	30.137032
72	18	370	17.41431
73	18	467	7.60712
74	18	332	2.318869
75	18	116	1.054804
76	18	140	2.817359
77	18	468	13
78	18	345	13
79	18	320	13
80	18	469	0
81	18	470	0
82	18	124	0
83	18	124	0
84	18	161	1.495523
85	18	124	9.036948
86	18	124	20.338697
87	18	161	28.670717
88	18	471	29.225246
89	18	470	29.002007
90	18	124	24.269821
91	18	124	12.896219
92	18	124	3.343472
93	18	124	0
94	18	124	0
95	18	124	7.989612
96	18	124	20.801237
97	18	161	34.171108
98	18	124	39.700764
99	18	124	55.848709
100	18	161	84.649483
101	18	124	120.220291
102	18	161	159.456161
103	18	124	204.914902
104	18	124	232.572281
105	18	161	223.043869
106	18	161	200.580917
107	18	161	212.000824
108	18	125	247.807739
109	18	12	262.731598
110	18	25	246.914749
111	18	24	200.923813
112	18	132	179.665192
113	18	136	185.61731
114	18	88	180.209854
115	18	107	163.411652
116	18	108	158.693893
117	18	109	130.995193
118	18	68	93.951004
119	18	68	55.665844
120	18	67	52.865864
121	18	67	55.975056
122	18	68	45.654362
123	18	67	30.340532
124	18	67	47.312328
125	18	68	70.221832
126	18	68	64.661217
127	18	67	37.183502
128	18	67	0
0	19	68	0
1	19	69	0
2	19	269	-0.113471
3	19	269	-10.891363
4	19	87	-44.288212
5	19	88	-79.851654
6	19	85	-97.519547
7	19	366	-98.890762
8	19	472	-89.263504
9	19	473	-92.373238
10	19	474	-100.85585
11	19	118	-116.88739
12	19	413	-141.286362
13	19	475	-150.409668
14	19	475	-147.593079
15	19	476	-139.391418
16	19	25	-128.401367
17	19	23	-130.575653
18	19	23	-134.652374
19	19	417	-129.990143
20	19	477	-119.403549
21	19	477	-111.496246
22	19	478	-121.000893
23	19	28	-120.311836
24	19	479	-107.764931
25	19	480	-101.22776
26	19	255	-74.761444
27	19	254	-45.492111
28	19	283	-16.066118
29	19	446	-0.952991
30	19	422	0
31	19	481	0
32	19	482	0
33	19	483	1.280169
34	19	482	5.616146
35	19	450	12.451322
36	19	57	22.949013
37	19	484	28.188541
38	19	485	30.295172
39	19	283	28.526066
40	19	283	37.35635
41	19	283	48.354469
42	19	486	52.203209
43	19	487	43.898777
44	19	382	23.095083
45	19	381	6.134633
46	19	382	0
47	19	380	0
48	19	382	149
49	19	381	149
50	19	488	151
51	19	489	153.5
52	19	490	154
53	19	37	157.5
54	19	37	157.5
55	19	37	157.5
56	19	37	157.5
57	19	37	157.5
58	19	37	135
59	19	37	0
60	19	37	0
61	19	7	4.226958
62	19	491	19.311687
63	19	233	33.182068
64	19	233	34.206268
65	19	233	25.917057
66	19	434	22.539236
67	19	435	26.363718
68	19	23	31.36931
69	19	24	31.059942
70	19	25	31.775196
71	19	156	25.948204
72	19	118	14.687694
73	19	492	6.034639
74	19	141	0.1127
75	19	356	0
76	19	493	2
77	19	274	13
78	19	346	14
79	19	494	13
80	19	124	0
81	19	124	0
82	19	124	0
83	19	124	0
84	19	161	1.741635
85	19	124	11.240575
86	19	161	26.157892
87	19	161	34.707874
88	19	161	39.389942
89	19	161	38.546131
90	19	161	34.476593
91	19	161	19.611616
92	19	161	4.396964
93	19	124	0
94	19	161	0
95	19	161	10.314101
96	19	124	26.375908
97	19	124	45.127552
98	19	161	49.566769
99	19	161	79.391472
100	19	124	112.641983
101	19	161	141.580505
102	19	124	161.935547
103	19	161	189.58989
104	19	161	232.605301
105	19	161	239.192398
106	19	161	226.722717
107	19	125	224.457825
108	19	24	277.000122
109	19	413	307.612915
110	19	475	289.9823
111	19	84	220.625244
112	19	88	169.269394
113	19	110	153.2043
114	19	86	154.580215
115	19	67	169.924332
116	19	67	167.075226
117	19	67	147.285324
118	19	67	105.517006
119	19	68	61.684467
120	19	67	53.095043
121	19	68	61.316555
122	19	68	55.21067
123	19	68	48.441498
124	19	67	65.734886
125	19	67	94.333923
126	19	68	88.729729
127	19	67	56.777908
128	19	69	0
0	20	87	0
1	20	85	0
2	20	136	-0.411234
3	20	85	-14.656372
4	20	88	-53.237049
5	20	270	-93.776443
6	20	495	-115.056366
7	20	496	-106.953896
8	20	49	-101.500412
9	20	24	-102.462166
10	20	413	-108.184601
11	20	84	-143.206833
12	20	88	-170.111206
13	20	270	-172.526047
14	20	150	-153.160019
15	20	23	-140.045578
16	20	24	-129.853638
17	20	25	-118.608826
18	20	12	-106.274498
19	20	23	-106.145287
20	20	24	-106.895096
21	20	12	-101.193634
22	20	25	-113.090309
23	20	176	-97.298477
24	20	497	-77.901695
25	20	284	-53.363701
26	20	283	-33.979
27	20	283	-13.773385
28	20	446	-0.13741
29	20	422	0
30	20	498	0
31	20	499	0
32	20	500	0
33	20	57	0.766295
34	20	57	4.877944
35	20	57	15.217299
36	20	501	31.117598
37	20	502	43.570576
38	20	255	47.251392
39	20	283	49.500202
40	20	255	50.409218
41	20	311	53.183022
42	20	503	48.113247
43	20	381	33.327953
44	20	382	16.507263
45	20	380	1.233793
46	20	382	0
47	20	380	0
48	20	488	149
49	20	504	149.5
50	20	505	151
51	20	37	153.5
52	20	37	153.5
53	20	37	157.5
54	20	37	157.5
55	20	37	158
56	20	37	157.5
57	20	37	157.5
58	20	37	135
59	20	37	0
60	20	37	0
61	20	506	1.267149
62	20	233	9.353686
63	20	233	19.366705
64	20	233	21.851637
65	20	234	20.679756
66	20	25	23.137434
67	20	23	24.670914
68	20	24	21.96974
69	20	332	19.47682
70	20	384	17.985594
71	20	332	18.035301
72	20	140	13.5703
73	20	507	6.167612
74	20	384	0
75	20	508	0
76	20	509	2
77	20	510	30
78	20	438	30
79	20	124	30
80	20	161	0
81	20	439	0
82	20	440	0
83	20	124	0
84	20	161	1.587203
85	20	161	12.993282
86	20	161	27.256754
87	20	161	38.998459
88	20	124	48.828648
89	20	161	52.124142
90	20	161	46.156597
91	20	124	27.192547
92	20	161	8.762074
93	20	161	0
94	20	124	0
95	20	124	6.917502
96	20	124	21.687637
97	20	161	38.899918
98	20	124	44.517868
99	20	161	82.618813
100	20	124	132.4077
101	20	124	157.018768
102	20	124	151.5522
103	20	161	186.312378
104	20	124	251.962662
105	20	124	288.689178
106	20	125	279.508636
107	20	23	260.03653
108	20	84	276.271454
109	20	88	304.372009
110	20	88	293.513855
111	20	107	238.491867
112	20	108	176.574326
113	20	109	152.937164
114	20	68	156.76973
115	20	68	166.364532
116	20	68	163.529312
117	20	67	143.056061
118	20	67	102.431129
119	20	68	70.079926
120	20	68	60.790874
121	20	67	66.986717
122	20	68	67.910805
123	20	67	61.028473
124	20	68	65.476753
125	20	67	81.955505
126	20	67	79.4524
127	20	135	51.301811
128	20	85	0
0	21	110	0
1	21	270	-8.345186
2	21	511	-18.382483
3	21	512	-33.562683
4	21	150	-60.488716
5	21	272	-92.902077
6	21	11	-120.728409
7	21	25	-130.032211
8	21	23	-118.771309
9	21	513	-119.539299
10	21	271	-122.709106
11	21	271	-149.657547
12	21	150	-179.845963
13	21	12	-168.962952
14	21	23	-146.297119
15	21	12	-127.992378
16	21	25	-121.020424
17	21	413	-114.145233
18	21	476	-109.719414
19	21	25	-115.370331
20	21	23	-108.359924
21	21	176	-88.614479
22	21	514	-72.679153
23	21	328	-52.172318
24	21	284	-36.654171
25	21	283	-24.349886
26	21	400	-8.077391
27	21	421	0.995853
28	21	449	0
29	21	450	0
30	21	515	0
31	21	516	0
32	21	57	0
33	21	57	0
34	21	57	1.930748
35	21	517	11.441274
36	21	404	26.098942
37	21	283	38.745026
38	21	283	45.445923
39	21	254	50.387814
40	21	350	50.364994
41	21	407	48.083893
42	21	380	35.868458
43	21	518	22.708216
44	21	519	8.845952
45	21	518	1.718702
46	21	519	0
47	21	520	0
48	21	521	149
49	21	522	149
50	21	37	151
51	21	37	153.5
52	21	523	153.5
53	21	524	157.5
54	21	525	158
55	21	526	158.5
56	21	526	158
57	21	527	157.5
58	21	208	135
59	21	209	0
60	21	506	0
61	21	233	0.536593
62	21	233	9.585864
63	21	233	17.957624
64	21	234	20.365835
65	21	25	17.586821
66	21	25	17.937841
67	21	332	18.765062
68	21	140	14.984522
69	21	528	11.435439
70	21	529	9.515106
71	21	530	11.262702
72	21	510	9.14169
73	21	531	3.931415
74	21	532	0
75	21	531	0
76	21	533	0
77	21	534	31
78	21	161	31
79	21	124	31
80	21	471	0
81	21	470	0
82	21	161	0
83	21	161	0
84	21	124	0.011486
85	21	161	9.519444
86	21	161	22.692476
87	21	161	36.857655
88	21	161	48.758633
89	21	124	53.757576
90	21	124	48.355587
91	21	124	31.349407
92	21	124	11.410398
93	21	124	0.023184
94	21	161	0.105152
95	21	161	4.702747
96	21	161	19.122492
97	21	161	35.394905
98	21	124	43.125534
99	21	535	79.839905
100	21	261	136.021988
101	21	259	170.355743
102	21	161	159.679352
103	21	161	185.375565
104	21	161	261.576477
105	21	125	317.852386
106	21	25	305.117584
107	21	536	267.271179
108	21	537	257.791595
109	21	107	268.304413
110	21	109	273.109924
111	21	67	245.435791
112	21	68	204.815918
113	21	68	173.947327
114	21	68	174.393158
115	21	68	180.539932
116	21	67	161.474335
117	21	67	135.691849
118	21	68	113.168365
119	21	67	88.327888
120	21	68	79.308777
121	21	68	78.341774
122	21	67	71.652428
123	21	68	54.268852
124	21	67	45.387684
125	21	69	46.431561
126	21	87	43.156998
127	21	136	22.861385
128	21	88	0
0	22	317	0
1	22	538	-27.681368
2	22	539	-52.072834
3	22	169	-64.241325
4	22	540	-80.63842
5	22	49	-115.041679
6	22	12	-134.047562
7	22	75	-148.064972
8	22	98	-148.102646
9	22	76	-144.018692
10	22	12	-133.676041
11	22	201	-147.773483
12	22	175	-155.981506
13	22	541	-146.262497
14	22	542	-134.958633
15	22	543	-125.391998
16	22	132	-122.237305
17	22	544	-126.032288
18	22	542	-127.763214
19	22	543	-128.458511
20	22	193	-101.66906
21	22	545	-62.41201
22	22	349	-32.699989
23	22	284	-16.991858
24	22	254	-6.590795
25	22	546	-2.21233
26	22	547	0.145518
27	22	548	0
28	22	549	0
29	22	549	0
30	22	550	0
31	22	57	0
32	22	57	0
33	22	57	0
34	22	551	0
35	22	552	3.429605
36	22	255	12.043847
37	22	255	20.058586
38	22	283	29.582977
39	22	486	35.9949
40	22	553	37.973148
41	22	378	35.05426
42	22	554	29.292511
43	22	555	22.26502
44	22	556	15.487031
45	22	555	10.87456
46	22	557	5.606986
47	22	558	2.929886
48	22	37	149
49	22	37	149
50	22	523	149
51	22	559	149
52	22	560	149
53	22	561	157.5
54	22	562	157.5
55	22	563	158
56	22	564	157.5
57	22	57	157.5
58	22	565	84.5
59	22	566	0
60	22	233	0
61	22	233	5.354621
62	22	434	15.406472
63	22	435	23.881699
64	22	25	23.957714
65	22	50	17.918459
66	22	567	15.246657
67	22	568	18.02891
68	22	569	21.765482
69	22	570	16.228674
70	22	74	9.490625
71	22	533	4.948586
72	22	74	3.87358
73	22	533	0.570314
74	22	74	0
75	22	25	0
76	22	123	0
77	22	161	31
78	22	124	32
79	22	161	31
80	22	124	0
81	22	161	0.398627
82	22	124	0.97357
83	22	124	0.901268
84	22	124	0.218667
85	22	161	3.128275
86	22	161	12.842326
87	22	124	25.010715
88	22	161	36.899231
89	22	124	41.931652
90	22	161	41.925041
91	22	124	31.474072
92	22	124	17.316137
93	22	161	6.288614
94	22	161	0.155815
95	22	161	9.086445
96	22	161	27.315964
97	22	124	43.222942
98	22	125	51.126869
99	22	99	78.907661
100	22	142	132.251465
101	22	161	173.709885
102	22	124	169.904877
103	22	535	191.888885
104	22	122	248.065704
105	22	23	279.829193
106	22	571	277.631348
107	22	572	268.092438
108	22	109	256.004242
109	22	67	235.20134
110	22	68	258.177399
111	22	67	249.871811
112	22	67	218.638794
113	22	68	181.206787
114	22	67	182.95459
115	22	67	175.210373
116	22	68	163.0047
117	22	68	147.264252
118	22	68	137.014801
119	22	67	116.642838
120	22	68	94.324631
121	22	69	72.285057
122	22	269	60.893654
123	22	269	45.98225
124	22	87	34.772541
125	22	85	39.490303
126	22	270	33.261784
127	22	271	15.586382
128	22	150	0
0	23	23	0
1	23	272	-54.61871
2	23	11	-91.547684
3	23	12	-103.840881
4	23	75	-116.769333
5	23	257	-133.067093
6	23	573	-148.946548
7	23	574	-161.069885
8	23	575	-156.06691
9	23	23	-139.653564
10	23	230	-136.016815
11	23	576	-131.994232
12	23	577	-128.755737
13	23	578	-125.826393
14	23	579	-130.488953
15	23	580	-136.561172
16	23	581	-135.687531
17	23	578	-125.050865
18	23	582	-126.748535
19	23	12	-120.796318
20	23	23	-81.327332
21	23	583	-33.682281
22	23	283	-6.059512
23	23	254	0
24	23	256	0
25	23	584	0
26	23	585	0
27	23	585	0
28	23	586	0
29	23	587	0
30	23	550	0
31	23	57	0
32	23	57	0
33	23	588	0
34	23	589	0
35	23	285	0.74137
36	23	285	7.55557
37	23	283	17.7736
38	23	179	22.724562
39	23	590	27.5604
40	23	591	27.53277
41	23	592	24.407278
42	23	593	27.600113
43	23	594	29.846664
44	23	595	28.183308
45	23	558	22.655523
46	23	37	14.586514
47	23	37	9.85758
48	23	523	3.144636
49	23	559	147.261597
50	23	233	147
51	23	596	147
52	23	597	147
53	23	598	157.5
54	23	599	157.5
55	23	57	157.5
56	23	57	157.5
57	23	600	157.5
58	23	330	84.5
59	23	601	0
60	23	601	0
61	23	602	9.853972
62	23	603	23.423927
63	23	332	31.921316
64	23	604	23.672651
65	23	605	15.182302
66	23	530	11.20006
67	23	606	25.586609
68	23	74	34.204155
69	23	23	30.156778
70	23	12	16.114475
71	23	50	2.05692
72	23	51	0
73	23	25	0
74	23	12	0
75	23	607	0
76	23	440	0
77	23	124	31
78	23	608	31
79	23	609	31
80	23	124	0.192676
81	23	161	1.463934
82	23	124	2.381042
83	23	161	2.249603
84	23	124	1.214282
85	23	161	0
86	23	124	3.681528
87	23	161	14.569403
88	23	161	25.367176
89	23	161	29.955338
90	23	124	32.127548
91	23	161	31.95533
92	23	161	28.718401
93	23	161	16.376339
94	23	161	1.305863
95	23	124	12.361002
96	23	535	34.998516
97	23	122	53.140953
98	23	121	60.343063
99	23	259	78.712494
100	23	161	128.30246
101	23	124	175.122559
102	23	260	181.821213
103	23	100	194.251144
104	23	12	227.259171
105	23	610	248.404907
106	23	611	272.871124
107	23	67	278.444794
108	23	68	291.760681
109	23	67	290.114166
110	23	68	280.518219
111	23	67	251.922455
112	23	67	213.62468
113	23	68	175.103958
114	23	68	184.374771
115	23	68	185.30809
116	23	67	173.016983
117	23	68	158.935226
118	23	67	153.532227
119	23	69	129.911636
120	23	87	98.104958
121	23	88	66.274597
122	23	110	45.04591
123	23	88	34.150585
124	23	88	53.886684
125	23	317	72.895073
126	23	12	67.679298
127	23	159	37.373062
128	23	612	0
0	24	613	0
1	24	49	-80.381134
2	24	25	-115.01033
3	24	96	-124.990692
4	24	614	-122.102875
5	24	222	-142.099838
6	24	222	-164.198166
7	24	231	-164.396713
8	24	24	-152.422638
9	24	201	-139.652985
10	24	615	-130.079163
11	24	616	-127.125069
12	24	617	-121.43499
13	24	618	-127.378433
14	24	579	-134.449539
15	24	619	-130.779449
16	24	578	-115.448761
17	24	620	-94.422455
18	24	621	-88.30497
19	24	542	-78.031982
20	24	622	-49.157475
21	24	255	-15.520141
22	24	254	-0.696917
23	24	255	0
24	24	285	0
25	24	255	0
26	24	254	0
27	24	623	0
28	24	624	0
29	24	625	0
30	24	57	0
31	24	57	0
32	24	501	0
33	24	502	0
34	24	255	0.338661
35	24	283	7.296299
36	24	285	16.544815
37	24	311	27.001602
38	24	626	34.31089
39	24	592	31.522888
40	24	627	26.291962
41	24	555	20.319111
42	24	556	26.336721
43	24	628	34.062576
44	24	37	33.913857
45	24	37	26.721945
46	24	37	22.677164
47	24	506	17.355595
48	24	233	11.148818
49	24	233	5.69035
50	24	233	2.318717
51	24	629	103
52	24	192	103
53	24	630	103
54	24	631	103
55	24	57	103
56	24	600	98.5
57	24	25	115.5
58	24	12	84.5
59	24	12	0
60	24	632	1.271998
61	24	633	11.221334
62	24	634	24.435143
63	24	356	28.732428
64	24	606	20.008314
65	24	74	8.36788
66	24	50	8.397716
67	24	51	24.246786
68	24	12	37.816708
69	24	24	35.691177
70	24	635	19.381222
71	24	74	3.180146
72	24	25	0
73	24	12	0
74	24	636	0
75	24	470	0
76	24	124	0
77	24	637	43
78	24	638	43
79	24	124	43
80	24	124	0.673981
81	24	161	2.669571
82	24	161	4.088675
83	24	161	3.123552
84	24	161	1.660033
85	24	161	0.201941
86	24	124	1.878113
87	24	161	11.940527
88	24	161	21.972036
89	24	161	25.962252
90	24	161	32.486973
91	24	161	41.129349
92	24	161	42.939365
93	24	124	27.891827
94	24	124	7.084401
95	24	125	11.586059
96	24	24	33.598946
97	24	24	49.044788
98	24	123	52.226387
99	24	161	69.442787
100	24	124	113.992775
101	24	161	158.721573
102	24	125	174.925156
103	24	25	190.058456
104	24	639	208.480286
105	24	640	218.242523
106	24	67	252.89325
107	24	68	289.929657
108	24	67	317.065002
109	24	68	308.535736
110	24	68	288.107025
111	24	68	242.402817
112	24	67	189.319763
113	24	68	160.908966
114	24	68	162.067917
115	24	67	168.314133
116	24	67	167.574387
117	24	68	153.694122
118	24	135	135.028763
119	24	110	115.964714
120	24	641	87.719124
121	24	642	58.813633
122	24	271	35.287544
123	24	271	27.112774
124	24	643	64.118988
125	24	227	101.725037
126	24	644	101.688034
127	24	645	58.966084
128	24	30	0
0	25	12	0
1	25	24	-99.230362
2	25	25	-119.040657
3	25	23	-121.647034
4	25	24	-113.661865
5	25	23	-125.979897
6	25	23	-157.135513
7	25	12	-161.913849
8	25	230	-145.827682
9	25	231	-128.944656
10	25	646	-131.666275
11	25	647	-123.470619
12	25	647	-126.053551
13	25	648	-136.828781
14	25	618	-138.721741
15	25	649	-114.928337
16	25	650	-70.956612
17	25	651	-45.810417
18	25	578	-38.001839
19	25	650	-30.161407
20	25	652	-15.552201
21	25	653	-2.914029
22	25	283	0.065348
23	25	283	1.111651
24	25	284	0.57001
25	25	284	0
26	25	284	3.057595
27	25	654	6.273244
28	25	550	4.314681
29	25	551	0.101541
30	25	550	0
31	25	655	0
32	25	283	0
33	25	255	0
34	25	285	2.326369
35	25	254	11.018367
36	25	427	23.118088
37	25	656	33.125374
38	25	657	37.537094
39	25	657	34.507637
40	25	657	26.812019
41	25	658	21.787027
42	25	558	31.718588
43	25	37	35.674072
44	25	207	31.183779
45	25	659	22.713806
46	25	559	18.590929
47	25	660	18.845755
48	25	661	15.159631
49	25	601	10.563194
50	25	662	5.489574
51	25	663	103.042145
52	25	664	103
53	25	665	103.5
54	25	57	103
55	25	666	103
56	25	667	98.5
57	25	50	107
58	25	318	84.5
59	25	116	0
60	25	604	2.376501
61	25	93	8.756908
62	25	247	18.780258
63	25	247	19.851995
64	25	51	11.620358
65	25	533	1.011989
66	25	74	2.315832
67	25	23	15.192443
68	25	23	25.786766
69	25	23	24.540462
70	25	23	13.36769
71	25	25	0.62215
72	25	25	0
73	25	123	0
74	25	161	0
75	25	161	0
76	25	471	0
77	25	470	41
78	25	124	41
79	25	161	41.071072
80	25	608	1.743095
81	25	609	8.117177
82	25	161	11.893939
83	25	124	9.44545
84	25	161	2.430504
85	25	161	0
86	25	124	1.895528
87	25	124	11.23581
88	25	161	21.697641
89	25	161	24.943436
90	25	161	33.260487
91	25	161	42.664349
92	25	124	47.623432
93	25	161	31.22751
94	25	125	11.491827
95	25	12	9.705919
96	25	12	27.712366
97	25	123	39.953011
98	25	124	35.810249
99	25	124	56.02655
100	25	124	95.160561
101	25	125	145.433701
102	25	23	149.824493
103	25	668	161.241714
104	25	669	173.205887
105	25	68	207.24028
106	25	67	225.774002
107	25	67	245.888458
108	25	67	286.643799
109	25	67	301.497162
110	25	68	277.820618
111	25	67	229.891373
112	25	68	173.161819
113	25	68	133.841324
114	25	67	147.635666
115	25	69	159.904343
116	25	269	155.831177
117	25	87	130.568939
118	25	218	97.312202
119	25	670	79.461945
120	25	671	70.417358
121	25	23	52.24369
122	25	25	28.117458
123	25	180	15.542865
124	25	672	57.914547
125	25	673	109.092865
126	25	229	117.416428
127	25	23	70.214828
128	25	24	0
0	26	23	0
1	26	23	-102.499481
2	26	24	-122.422531
3	26	23	-123.349983
4	26	25	-110.521889
5	26	12	-120.531143
6	26	25	-146.354263
7	26	12	-147.075577
8	26	12	-132.721466
9	26	12	-117.454483
10	26	176	-119.770935
11	26	177	-118.582878
12	26	674	-127.083824
13	26	649	-130.059647
14	26	578	-126.540802
15	26	649	-86.141182
16	26	617	-38.068001
17	26	578	-11.414794
18	26	578	-2.60007
19	26	618	-0.280077
20	26	675	0
21	26	284	0.451336
22	26	283	4.993889
23	26	283	7.505383
24	26	284	6.021865
25	26	283	5.137251
26	26	676	17.909704
27	26	677	29.97604
28	26	588	25.127388
29	26	625	8.682768
30	26	678	3.028176
31	26	679	9.498822
32	26	403	10.491193
33	26	404	3.781538
34	26	283	1.444371
35	26	311	9.452136
36	26	680	16.564442
37	26	57	27.1924
38	26	57	33.339405
39	26	681	31.662436
40	26	147	27.156979
41	26	37	29.891474
42	26	37	43.600544
43	26	235	47.857986
44	26	682	33.447117
45	26	683	20.119278
46	26	684	17.37431
47	26	409	17.467314
48	26	258	14.13359
49	26	685	11.422154
50	26	686	5.909149
51	26	599	103.164894
52	26	57	103.5
53	26	57	104
54	26	687	103.5
55	26	688	103
56	26	689	98.5
57	26	690	84.5
58	26	356	84.5
59	26	370	0
60	26	569	1.103778
61	26	320	6.135094
62	26	570	9.669047
63	26	74	9.187504
64	26	12	4.509787
65	26	23	0
66	26	24	0.150405
67	26	23	4.135368
68	26	25	9.828453
69	26	23	9.344678
70	26	23	2.422121
71	26	12	0
72	26	121	0
73	26	259	0
74	26	124	0
75	26	161	0
76	26	124	4
77	26	161	69
78	26	124	69
79	26	691	69.484131
80	26	692	5.19852
81	26	161	14.796494
82	26	124	20.155432
83	26	124	17.734674
84	26	124	11.619408
85	26	124	5.413674
86	26	161	2.006868
87	26	124	7.124339
88	26	161	14.570336
89	26	161	18.284168
90	26	161	23.32341
91	26	161	31.204412
92	26	535	36.099068
93	26	122	28.114452
94	26	23	14.510942
95	26	24	10.543484
96	26	123	25.562681
97	26	161	36.072685
98	26	124	33.155628
99	26	161	43.937668
100	26	125	79.738853
101	26	23	115.088943
102	26	15	127.495132
103	26	669	153.267029
104	26	67	194.23053
105	26	68	218.812881
106	26	68	207.219345
107	26	68	204.133759
108	26	68	219.391571
109	26	67	237.454788
110	26	67	236.685287
111	26	68	193.077072
112	26	68	148.052475
113	26	69	134.809525
114	26	87	151.046219
115	26	110	166.748047
116	26	218	152.893967
117	26	219	112.697647
118	26	693	71.391312
119	26	49	57.163773
120	26	298	58.003506
121	26	169	48.21648
122	26	193	21.667435
123	26	694	5.147337
124	26	695	48.604694
125	26	696	101.279633
126	26	24	114.878517
127	26	12	68.863899
128	26	25	0
0	27	159	0
1	27	160	-111.257187
2	27	201	-139.639877
3	27	258	-137.966766
4	27	175	-120.775055
5	27	25	-114.771172
6	27	201	-122.096504
7	27	175	-130.959778
8	27	541	-115.821121
9	27	697	-111.047066
10	27	698	-113.609756
11	27	699	-118.069382
12	27	647	-112.709244
13	27	648	-111.694145
14	27	618	-97.030807
15	27	578	-57.462769
16	27	578	-14.480934
17	27	578	-0.47014
18	27	700	0
19	27	701	0
20	27	283	0
21	27	254	3.684601
22	27	255	11.472013
23	27	283	16.633364
24	27	255	12.846489
25	27	676	17.063654
26	27	677	43.530041
27	27	57	66.660751
28	27	57	54.157887
29	27	702	27.960102
30	27	703	17.094343
31	27	57	35.871197
32	27	517	39.485199
33	27	404	24.404602
34	27	704	4.915473
35	27	564	3.804885
36	27	681	10.515318
37	27	146	19.365692
38	27	147	27.801867
39	27	37	29.004251
40	27	37	26.797047
41	27	207	35.967087
42	27	705	54.283104
43	27	706	58.514866
44	27	707	45.827553
45	27	708	34.439392
46	27	459	31.715672
47	27	709	27.661156
48	27	710	14.116776
49	27	711	7.040152
50	27	712	3.304044
51	27	57	103
52	27	57	103
53	27	600	103.5
54	27	12	103
55	27	713	103
56	27	714	98.5
57	27	332	23.5
58	27	140	0
59	27	569	0
60	27	320	0
61	27	416	1.806581
62	27	51	3.96471
63	27	24	3.47793
64	27	715	0.766693
65	27	716	0
66	27	25	0
67	27	25	0
68	27	24	0.179631
69	27	25	0
70	27	25	0
71	27	24	0
72	27	121	0
73	27	261	0
74	27	259	0
75	27	124	0
76	27	161	9
77	27	161	69
78	27	161	69
79	27	124	69.320374
80	27	161	6.368885
81	27	161	16.130161
82	27	124	24.960527
83	27	161	25.41538
84	27	124	22.338884
85	27	161	15.487012
86	27	161	9.696267
87	27	161	3.048692
88	27	124	5.325869
89	27	124	10.703501
90	27	124	16.718109
91	27	125	24.760376
92	27	99	27.325672
93	27	101	25.165176
94	27	100	20.648582
95	27	123	21.170155
96	27	161	30.639297
97	27	124	36.083889
98	27	124	35.729458
99	27	125	32.601418
100	27	24	59.117134
101	27	15	80.849091
102	27	669	114.269104
103	27	67	158.101547
104	27	67	219.705261
105	27	68	246.040985
106	27	68	209.034271
107	27	68	168.79158
108	27	67	165.769745
109	27	67	174.615601
110	27	67	170.596634
111	27	69	148.204468
112	27	87	132.835648
113	27	270	135.902985
114	27	717	147.440079
115	27	473	164.272736
116	27	39	150.352158
117	27	718	113.566872
118	27	169	65.870743
119	27	540	48.596157
120	27	49	52.283878
121	27	23	39.104607
122	27	719	15.932164
123	27	720	1.805281
124	27	721	39.996029
125	27	160	84.295303
126	27	23	98.227325
127	27	12	59.299725
128	27	28	0
0	28	30	0
1	28	230	-120.679192
2	28	722	-148.682083
3	28	192	-153.746063
4	28	201	-128.281525
5	28	276	-103.688522
6	28	192	-99.387878
7	28	723	-107.065529
8	28	724	-104.918526
9	28	725	-105.469177
10	28	200	-106.678627
11	28	541	-91.97776
12	28	619	-72.590927
13	28	578	-66.768173
14	28	649	-54.737568
15	28	726	-28.581516
16	28	647	-5.553353
17	28	727	0
18	28	285	0
19	28	254	0
20	28	283	0
21	28	284	5.821255
22	28	283	16.065899
23	28	285	23.543705
24	28	623	17.450794
25	28	728	29.611883
26	28	729	61.650955
27	28	57	88.140358
28	28	517	70.116974
29	28	730	38.883316
30	28	57	34.10701
31	28	57	61.072624
32	28	517	67.553177
33	28	730	43.210274
34	28	681	13.884007
35	28	147	1.123037
36	28	37	7.425734
37	28	37	20.87199
38	28	37	33.248768
39	28	523	33.799877
40	28	731	27.201443
41	28	732	31.715733
42	28	733	50.662056
43	28	593	55.444046
44	28	734	53.385284
45	28	735	52.660858
46	28	736	57.072376
47	28	351	43.171108
48	28	455	19.920692
49	28	677	2.065535
50	28	57	0
51	28	57	103
52	28	600	103
53	28	24	103
54	28	737	103
55	28	416	103
56	28	567	98.5
57	28	468	23.5
58	28	114	0
59	28	738	0
60	28	739	0
61	28	740	0
62	28	741	0
63	28	742	0
64	28	743	0
65	28	12	0
66	28	23	0
67	28	25	0
68	28	12	0
69	28	23	0
70	28	12	0
71	28	25	42.132008
72	28	23	0
73	28	121	0
74	28	259	0
75	28	124	0
76	28	161	14
77	28	161	69
78	28	124	70
79	28	124	69
80	28	161	3.064513
81	28	161	10.907167
82	28	124	17.044006
83	28	124	23.100723
84	28	124	26.107229
85	28	161	22.892441
86	28	124	14.232627
87	28	124	4.283885
88	28	161	0.318301
89	28	124	9.984221
90	28	260	23.638056
91	28	142	32.486027
92	28	535	31.326727
93	28	122	25.731541
94	28	123	26.976997
95	28	124	30.406324
96	28	124	33.923386
97	28	161	37.366344
98	28	125	31.148165
99	28	12	26.182125
100	28	15	29.2041
101	28	669	44.294975
102	28	68	72.208694
103	28	67	134.980576
104	28	68	199.827103
105	28	68	219.195618
106	28	67	184.725693
107	28	68	132.74675
108	28	67	110.777489
109	28	69	113.646088
110	28	87	128.386307
111	28	270	129.826874
112	28	744	132.831177
113	28	745	134.450119
114	28	718	138.883575
115	28	746	166.226929
116	28	747	162.363037
117	28	11	120.34034
118	28	24	66.317383
119	28	25	45.566196
120	28	159	38.67215
121	28	224	25.728153
122	28	748	8.949028
123	28	749	1.437578
124	28	229	28.477673
125	28	24	63.912155
126	28	23	71.579521
127	28	24	41.825661
128	28	12	0
0	29	25	0
1	29	230	-137.672119
2	29	576	-158.18367
3	29	276	-149.847748
4	29	750	-129.595093
5	29	231	-102.137337
6	29	719	-89.115738
7	29	751	-97.284508
8	29	752	-100.205032
9	29	543	-97.517433
10	29	674	-86.9217
11	29	618	-61.994717
12	29	618	-35.594856
13	29	726	-21.540466
14	29	753	-17.94599
15	29	542	-7.670323
16	29	622	0
17	29	254	0
18	29	254	1.390142
19	29	255	5.646802
20	29	255	7.196209
21	29	284	13.773774
22	29	283	33.153214
23	29	283	42.017601
24	29	255	32.922432
25	29	754	28.106363
26	29	729	58.484215
27	29	57	80.262047
28	29	501	65.770287
29	29	729	35.123001
30	29	57	33.163277
31	29	57	57.474262
32	29	57	66.594528
33	29	755	43.348534
34	29	37	19.461803
35	29	37	10.362112
36	29	37	17.8832
37	29	207	28.763088
38	29	756	39.82888
39	29	757	36.040722
40	29	233	23.037516
41	29	758	20.85211
42	29	759	34.517807
43	29	381	40.185699
44	29	760	43.780876
45	29	455	52.69735
46	29	382	64.970596
47	29	382	47.342796
48	29	677	20.38488
49	29	57	0.15982
50	29	57	0
51	29	600	0
52	29	23	58.5
53	29	533	37.5
54	29	738	58
55	29	761	58
56	29	345	58
57	29	762	58
58	29	384	58
59	29	533	0
60	29	393	0
61	29	763	0
62	29	764	0
63	29	25	0
64	29	24	0
65	29	12	0
66	29	23	0
67	29	24	0
68	29	12	0
69	29	25	0
70	29	12	0
71	29	50	0
72	29	51	0
73	29	123	0
74	29	124	4
75	29	124	4
76	29	124	41
77	29	161	69
78	29	124	69
79	29	124	69
80	29	161	0
81	29	161	2.635985
82	29	161	6.092723
83	29	124	12.647827
84	29	124	16.770008
85	29	161	18.427534
86	29	124	12.061995
87	29	161	3.41429
88	29	161	0.391738
89	29	161	14.837458
90	29	124	37.492935
91	29	125	50.150337
92	29	24	43.21862
93	29	121	32.608429
94	29	259	25.212643
95	29	161	28.638268
96	29	535	28.827307
97	29	122	30.110062
98	29	24	24.447336
99	29	43	18.81076
100	29	66	14.280715
101	29	68	15.200984
102	29	68	31.674551
103	29	68	59.862106
104	29	67	104.625832
105	29	69	122.163673
106	29	269	91.033562
107	29	269	60.947098
108	29	765	53.256516
109	29	271	67.693878
110	29	744	95.272041
111	29	745	121.533554
112	29	49	135.890717
113	29	540	122.930305
114	29	39	127.924484
115	29	39	147.152649
116	29	49	152.15361
117	29	24	111.69001
118	29	23	65.206413
119	29	180	33.198536
120	29	309	23.231625
121	29	200	13.091105
122	29	193	5.179342
123	29	200	6.05813
124	29	25	25.253632
125	29	23	53.282719
126	29	12	59.282681
127	29	25	32.184528
128	29	23	0
0	30	176	0
1	30	766	-144.122345
2	30	767	-147.979004
3	30	768	-143.362732
4	30	769	-143.314835
5	30	697	-117.003029
6	30	770	-103.854706
7	30	771	-89.529953
8	30	579	-80.906334
9	30	619	-71.530251
10	30	726	-54.601322
11	30	648	-28.938801
12	30	579	-9.445425
13	30	619	-3.262189
14	30	618	-1.212114
15	30	675	0
16	30	284	0
17	30	284	0.084628
18	30	254	7.118826
19	30	255	14.405539
20	30	254	17.679708
21	30	255	31.386852
22	30	284	47.26683
23	30	284	56.250416
24	30	254	42.247478
25	30	754	29.04427
26	30	729	39.602772
27	30	655	55.671413
28	30	754	50.675755
29	30	729	29.49555
30	30	57	28.400764
31	30	57	38.472435
32	30	755	42.900677
33	30	37	32.025158
34	30	37	20.162685
35	30	523	19.757797
36	30	731	25.81893
37	30	772	33.440197
38	30	773	38.684441
39	30	331	34.674305
40	30	233	22.138695
41	30	774	14.90161
42	30	381	20.46344
43	30	381	23.867659
44	30	380	25.723455
45	30	775	41.036057
46	30	776	53.380627
47	30	677	41.615993
48	30	57	13.274168
49	30	57	33
50	30	600	41.5
51	30	23	41.5
52	30	23	41.5
53	30	24	41.5
54	30	508	41.5
55	30	346	58.5
56	30	777	58.5
57	30	467	58.5
58	30	50	58.5
59	30	763	0
60	30	320	0
61	30	740	0
62	30	12	0
63	30	24	0
64	30	25	0
65	30	12	0
66	30	23	0
67	30	332	0
68	30	116	0
69	30	116	0
70	30	604	0
71	30	275	0
72	30	121	0
73	30	259	0
74	30	535	5
75	30	261	11
76	30	259	58
77	30	124	88
78	30	161	88
79	30	124	88
80	30	124	12
81	30	124	0
82	30	124	0
83	30	124	2.233501
84	30	161	7.571922
85	30	161	8.685467
86	30	161	4.90765
87	30	535	0.808961
88	30	259	1.167161
89	30	535	17.50507
90	30	122	40.650379
91	30	25	55.461487
92	30	25	44.590481
93	30	123	27.236389
94	30	124	15.669923
95	30	260	14.244775
96	30	100	17.563683
97	30	778	18.781969
98	30	779	18.536108
99	30	640	13.86863
100	30	67	11.568263
101	30	67	8.382562
102	30	67	4.960312
103	30	69	11.718038
104	30	87	17.53443
105	30	270	18.948244
106	30	511	16.205379
107	30	780	12.939991
108	30	298	18.379599
109	30	747	40.554123
110	30	11	80.152252
111	30	23	126.066208
112	30	298	145.37735
113	30	169	130.710938
114	30	12	117.083817
115	30	24	117.974472
116	30	24	123.597336
117	30	24	92.01136
118	30	193	50.895035
119	30	200	18.814816
120	30	25	7.987911
121	30	12	5.098361
122	30	24	11.425557
123	30	24	19.518009
124	30	23	41.994843
125	30	25	69.988869
126	30	24	74.915939
127	30	25	49.612671
128	30	781	0
0	31	782	0
1	31	281	-142.337341
2	31	748	-148.874237
3	31	783	-141.917252
4	31	648	-147.366837
5	31	578	-142.066162
6	31	578	-109.03434
7	31	726	-73.354614
8	31	784	-48.067589
9	31	752	-36.462132
10	31	619	-22.503284
11	31	618	-8.433001
12	31	726	-1.437091
13	31	785	0
14	31	701	0
15	31	786	0
16	31	349	0
17	31	283	0.930783
18	31	283	9.514833
19	31	255	19.401911
20	31	254	24.662302
21	31	285	36.151871
22	31	787	49.593376
23	31	788	57.757141
24	31	255	39.234047
25	31	789	21.86166
26	31	517	19.981947
27	31	404	33.483746
28	31	789	39.115971
29	31	57	34.751064
30	31	57	26.591852
31	31	755	25.462473
32	31	37	29.101563
33	31	207	26.999634
34	31	756	23.826761
35	31	790	25.663849
36	31	791	26.835482
37	31	792	32.845871
38	31	793	34.891617
39	31	790	35.821861
40	31	791	29.615452
41	31	794	19.987938
42	31	794	15.221933
43	31	794	15.864352
44	31	625	16.604267
45	31	588	33.259342
46	31	625	44.038307
47	31	57	35.25029
48	31	57	14.032313
49	31	795	61.5
50	31	796	71
51	31	796	71
52	31	796	71
53	31	797	71
54	31	798	71
55	31	799	67.5
56	31	118	67.5
57	31	737	67.5
58	31	570	67.5
59	31	738	67.5
60	31	393	0
61	31	51	0
62	31	23	0
63	31	25	0
64	31	50	0
65	31	318	0
66	31	140	0
67	31	141	0
68	31	356	0
69	31	800	0
70	31	801	0
71	31	24	0
72	31	121	0
73	31	122	0
74	31	23	5
75	31	123	11
76	31	124	58
77	31	161	88
78	31	124	89
79	31	124	88
80	31	161	12
81	31	124	0
82	31	124	0
83	31	124	0
84	31	124	0
85	31	161	0.441429
86	31	125	0.102093
87	31	121	4.209662
88	31	357	12.495469
89	31	100	23.537832
90	31	99	39.338875
91	31	100	43.169701
92	31	121	31.791862
93	31	261	13.633459
94	31	802	4.123738
95	31	803	3.498738
96	31	804	6.444346
97	31	15	11.620696
98	31	669	14.110773
99	31	67	13.735675
100	31	68	11.436839
101	31	67	7.549647
102	31	135	5.152294
103	31	85	4.230675
104	31	317	4.828687
105	31	805	6.320293
106	31	806	6.864842
107	31	745	7.433199
108	31	39	10.522165
109	31	718	27.465132
110	31	746	61.949951
111	31	745	104.841759
112	31	49	132.000351
113	31	23	126.229057
114	31	25	106.681854
115	31	24	94.631325
116	31	25	84.677162
117	31	23	62.379635
118	31	23	29.254402
119	31	12	9.261812
120	31	12	2.605372
121	31	24	7.292182
122	31	25	17.719961
123	31	25	27.955803
124	31	25	55.267929
125	31	23	83.747559
126	31	12	97.818481
127	31	28	70.762238
128	31	807	0
0	32	808	0
1	32	782	-131.699402
2	32	177	-135.413315
3	32	674	-130.768387
4	32	618	-138.966019
5	32	649	-122.855934
6	32	582	-81.333923
7	32	809	-47.75037
8	32	771	-19.738157
9	32	649	-10.593254
10	32	649	-3.822374
11	32	582	-0.846402
12	32	810	0
13	32	811	0
14	32	256	0
15	32	178	0
16	32	254	0
17	32	284	0.10113
18	32	284	7.022085
19	32	284	14.196312
20	32	284	16.987041
21	32	676	22.048233
22	32	812	30.005198
23	32	813	33.125507
24	32	814	22.941183
25	32	57	7.881556
26	32	655	7.634114
27	32	754	19.201693
28	32	729	30.358166
29	32	501	35.027561
30	32	815	29.836475
31	32	37	26.349119
32	32	235	30.171522
33	32	57	31.157921
34	32	57	25.498861
35	32	57	20.82065
36	32	57	22.760052
37	32	57	27.810263
38	32	57	33.257854
39	32	57	43.599644
40	32	57	44.529579
41	32	57	35.045322
42	32	57	20.549284
43	32	57	11.85091
44	32	57	15.8422
45	32	57	28.68766
46	32	57	41.767464
47	32	57	34.043251
48	32	57	16.825773
49	32	57	62.198864
50	32	57	71
51	32	57	71
52	32	57	71.5
53	32	57	71
54	32	600	71
55	32	23	67.5
56	32	533	67.5
57	32	393	68
58	32	51	67.5
59	32	737	67.5
60	32	416	0
61	32	51	0
62	32	50	0
63	32	763	0
64	32	816	0
65	32	356	0
66	32	118	4.13179
67	32	12	4.13179
68	32	607	4.13179
69	32	817	0
70	32	100	0
71	32	12	0
72	32	99	0
73	32	100	0
74	32	121	5
75	32	259	11
76	32	535	58
77	32	259	88
78	32	124	88
79	32	161	88
80	32	124	106.723999
81	32	161	106.723999
82	32	124	106.723999
83	32	124	0
84	32	124	0
85	32	125	0.101387
86	32	99	4.125407
87	32	142	12.993943
88	32	125	24.965357
89	32	123	32.348034
90	32	125	33.546925
91	32	24	27.600597
92	32	12	15.614551
93	32	818	5.466376
94	32	819	0.15165
95	32	820	1.924027
96	32	821	6.698605
97	32	822	10.295487
98	32	67	12.480078
99	32	68	12.425168
100	32	69	10.997954
101	32	823	11.771324
102	32	824	17.209906
103	32	744	21.583084
104	32	745	25.596775
105	32	39	22.111012
106	32	49	16.231577
107	32	298	10.481404
108	32	745	8.801065
109	32	39	14.116535
110	32	825	30.296986
111	32	796	61.93095
112	32	27	96.018555
113	32	24	104.736534
114	32	24	90.920929
115	32	23	74.380592
116	32	24	58.971752
117	32	23	41.697075
118	32	23	18.104462
119	32	23	4.884539
120	32	23	0.221319
121	32	25	10.334345
122	32	23	23.317474
123	32	12	29.075661
124	32	23	44.252747
125	32	413	68.349182
126	32	475	83.601639
127	32	826	66.38549
128	32	827	0
0	33	828	0
1	33	829	-122.579819
2	33	619	-123.711479
3	33	649	-108.270203
4	33	578	-91.548386
5	33	579	-68.384369
6	33	619	-41.63607
7	33	617	-17.546675
8	33	618	-5.397434
9	33	726	-0.911092
10	33	830	0
11	33	831	0
12	33	832	0
13	33	255	0
14	33	254	0
15	33	255	0
16	33	786	0
17	33	349	0
18	33	254	1.200464
19	33	283	5.471497
20	33	676	6.838043
21	33	775	4.155797
22	33	794	6.903625
23	33	833	9.614408
24	33	729	4.353707
25	33	517	0
26	33	404	0.576255
27	33	789	9.20785
28	33	655	19.588694
29	33	834	24.169489
30	33	37	21.056219
31	33	835	21.093513
32	33	237	26.346615
33	33	57	27.385872
34	33	57	24.606785
35	33	57	21.270571
36	33	57	26.293249
37	33	57	29.049353
38	33	551	37.956848
39	33	550	51.406548
40	33	57	58.980595
41	33	57	46.567814
42	33	236	24.478586
43	33	836	7.261895
44	33	836	8.386327
45	33	836	20.911163
46	33	836	31.267532
47	33	836	27.535717
48	33	836	12.941804
49	33	237	61.767273
50	33	57	71
51	33	57	71.5
52	33	57	72
53	33	600	71.5
54	33	23	71
55	33	25	67.5
56	33	737	68
57	33	416	68.5
58	33	763	68
59	33	320	67.5
60	33	416	0
61	33	763	0
62	33	469	0
63	33	837	0
64	33	12	0
65	33	24	0
66	33	50	108.723999
67	33	62	109.723999
68	33	838	108.723999
69	33	839	107.723999
70	33	24	105.723999
71	33	123	105.723999
72	33	260	105.723999
73	33	101	105.723999
74	33	334	106.723999
75	33	357	106.723999
76	33	142	109.171898
77	33	161	113.420082
78	33	124	106.502365
79	33	161	98.502327
80	33	439	98.502327
81	33	440	106.723999
82	33	124	106.723999
83	33	161	111.723999
84	33	125	112.347931
85	33	121	112.612694
86	33	259	12.431013
87	33	125	21.616119
88	33	123	30.448076
89	33	125	33.575203
90	33	12	26.422562
91	33	24	13.616423
92	33	23	3.605472
93	33	818	0
94	33	840	3.845699
95	33	618	10.63236
96	33	841	17.864155
97	33	269	18.659369
98	33	269	11.15765
99	33	823	11.083414
100	33	842	13.932507
101	33	843	20.772324
102	33	844	31.845451
103	33	11	40.253181
104	33	298	41.224018
105	33	746	34.775551
106	33	745	23.136806
107	33	49	15.48603
108	33	26	12.919276
109	33	845	11.984776
110	33	57	14.434842
111	33	600	38.603561
112	33	25	67.816971
113	33	25	80.632034
114	33	25	76.640373
115	33	26	62.994408
116	33	796	52.248196
117	33	846	37.953766
118	33	475	17.32073
119	33	475	4.927238
120	33	476	3.592166
121	33	413	15.21541
122	33	475	29.393227
123	33	475	33.616356
124	33	84	33.165909
125	33	270	44.997738
126	33	150	57.240875
127	33	28	48.07074
128	33	30	0
0	34	674	0
1	34	578	-111.710289
2	34	617	-101.461182
3	34	617	-70.146683
4	34	617	-43.478428
5	34	618	-22.152565
6	34	726	-9.420012
7	34	847	-4.369609
8	34	848	-0.170541
9	34	25	2.635751
10	34	831	4.845419
11	34	832	3.515643
12	34	285	0.989491
13	34	254	0
14	34	254	0
15	34	256	0
16	34	178	0
17	34	255	0
18	34	283	0
19	34	623	0
20	34	849	0
21	34	57	0
22	34	517	0
23	34	730	0
24	34	501	0
25	34	502	0
26	34	754	0
27	34	850	4.183132
28	34	851	9.021278
29	34	37	11.79038
30	34	852	8.926715
31	34	295	9.382894
32	34	57	12.10117
33	34	57	20.639412
34	34	57	22.376675
35	34	57	25.748087
36	34	57	34.037041
37	34	588	35.516777
38	34	625	38.994312
39	34	57	49.48571
40	34	57	56.178402
41	34	264	47.78891
42	34	233	23.168909
43	34	233	4.491405
44	34	233	1.434354
45	34	233	11.144312
46	34	233	22.952305
47	34	233	22.992117
48	34	853	11.159554
49	34	237	61.682655
50	34	57	71
51	34	57	71
52	34	600	71.5
53	34	12	71
54	34	23	71
55	34	533	67.5
56	34	739	67.5
57	34	570	68
58	34	738	67.5
59	34	738	67.5
60	34	739	0
61	34	854	0
62	34	357	0
63	34	100	0
64	34	24	0
65	34	533	0
66	34	115	108.723999
67	34	604	108.723999
68	34	275	108.723999
69	34	25	107.723999
70	34	123	105.723999
71	34	535	104.723999
72	34	261	106.723999
73	34	357	105.723999
74	34	142	106.723999
75	34	124	110.009773
76	34	124	110.171906
77	34	161	114.42009
78	34	161	148.723999
79	34	855	147.723999
80	34	856	147.723999
81	34	857	106.723999
82	34	535	106.723999
83	34	357	118.723999
84	34	100	122.009476
85	34	123	117.028168
86	34	125	17.978724
87	34	121	21.827671
88	34	122	23.841356
89	34	25	20.585627
90	34	99	14.562504
91	34	100	5.66118
92	34	99	0.204016
93	34	100	0.417498
94	34	858	8.825001
95	34	859	25.020731
96	34	110	36.234203
97	34	218	32.63821
98	34	860	19.332809
99	34	861	9.992124
100	34	862	14.784972
101	34	861	25.273273
102	34	863	34.70554
103	34	540	40.807892
104	34	39	39.002804
105	34	49	32.802452
106	34	12	22.357721
107	34	864	23.414047
108	34	57	28.826887
109	34	57	34.086433
110	34	795	43.784817
111	34	796	54.501213
112	34	796	67.336868
113	34	796	67.176453
114	34	845	55.205456
115	34	57	47.193943
116	34	865	41.033333
117	34	866	28.792721
118	34	271	15.063164
119	34	150	4.778646
120	34	513	8.192842
121	34	867	20.996294
122	34	136	35.223064
123	34	136	37.360443
124	34	868	35.883411
125	34	475	32.657906
126	34	476	36.872646
127	34	25	28.442822
128	34	869	0
0	35	870	0
1	35	578	-90.69297
2	35	617	-72.478813
3	35	617	-34.547947
4	35	649	-15.96703
5	35	582	-3.960171
6	35	871	-0.776037
7	35	872	0.088312
8	35	873	4.909109
9	35	874	13.733191
10	35	832	17.251669
11	35	254	12.962476
12	35	283	4.886363
13	35	284	0.177985
14	35	254	0
15	35	255	41.951973
16	35	875	0
17	35	404	0
18	35	254	0
19	35	789	0
20	35	57	0
21	35	57	0
22	35	57	0
23	35	517	0
24	35	404	0
25	35	875	0
26	35	876	0
27	35	877	1.791616
28	35	37	4.555183
29	35	235	5.323466
30	35	57	3.322034
31	35	57	1.098789
32	35	57	2.168879
33	35	57	10.385844
34	35	57	18.83083
35	35	57	28.704243
36	35	57	33.985317
37	35	57	35.136784
38	35	57	31.093412
39	35	57	40.20615
40	35	294	46.189987
41	35	790	39.046547
42	35	790	15.559477
43	35	757	4.1765
44	35	233	3.358198
45	35	233	13.710029
46	35	233	27.587694
47	35	233	33.384697
48	35	878	25.68236
49	35	879	71.922417
50	35	57	71.804855
51	35	600	71
52	35	24	71
53	35	24	71
54	35	50	71
55	35	763	67.5
56	35	740	67.5
57	35	50	67.5
58	35	51	67.5
59	35	533	67.5
60	35	393	0
61	35	880	0
62	35	881	0
63	35	51	-1.535995
64	35	332	0
65	35	882	0
66	35	883	102.723999
67	35	467	107.723999
68	35	24	107.723999
69	35	121	107.723999
70	35	122	105.723999
71	35	12	104.723999
72	35	123	105.723999
73	35	535	105.723999
74	35	259	106.723999
75	35	124	110.009773
76	35	161	111.171921
77	35	124	107.250015
78	35	884	148.723999
79	35	885	197.115738
80	35	886	147.723999
81	35	122	106.723999
82	35	121	106.723999
83	35	122	118.723999
84	35	121	122.172279
85	35	122	129.004562
86	35	99	16.590401
87	35	100	15.429284
88	35	99	10.642053
89	35	334	5.448
90	35	122	2.048169
91	35	121	0
92	35	122	0
93	35	887	0.318295
94	35	110	10.043119
95	35	888	30.350142
96	35	889	46.227463
97	35	890	40.82325
98	35	891	21.540167
99	35	892	9.161849
100	35	893	10.552282
101	35	30	15.997846
102	35	12	21.61828
103	35	23	24.275986
104	35	23	27.052353
105	35	12	28.339832
106	35	52	27.900496
107	35	599	34.854488
108	35	57	49.965656
109	35	57	70.960815
110	35	57	90.406189
111	35	57	90.74781
112	35	57	82.169945
113	35	57	53.947296
114	35	57	37.610676
115	35	57	39.331493
116	35	600	36.960526
117	35	24	24.094341
118	35	12	8.799692
119	35	25	11.452866
120	35	132	15.406009
121	35	110	25.222887
122	35	894	32.144894
123	35	895	33.514172
124	35	896	33.079365
125	35	868	30.626472
126	35	476	29.84889
127	35	230	19.082342
128	35	897	0
0	36	647	0
1	36	647	-56.749725
2	36	648	-38.133434
3	36	726	-14.554611
4	36	753	-5.685643
5	36	898	0.588125
6	36	899	2.543583
7	36	874	4.714267
8	36	900	11.037919
9	36	832	22.232971
10	36	285	27.329796
11	36	786	20.439419
12	36	349	8.310286
13	36	254	2.735928
14	36	284	1.429789
15	36	789	0.167578
16	36	655	0
17	36	283	0
18	36	754	0
19	36	901	0
20	36	729	0
21	36	501	0
22	36	901	38.783997
23	36	902	0
24	36	814	0
25	36	903	0
26	36	904	0
27	36	37	0.026265
28	36	235	1.3075
29	36	57	1.746084
30	36	57	1.760966
31	36	57	3.150102
32	36	57	3.419896
33	36	57	12.442746
34	36	57	21.334902
35	36	57	31.125786
36	36	57	31.63492
37	36	57	25.379137
38	36	57	26.515337
39	36	57	31.349047
40	36	57	34.703415
41	36	57	27.415234
42	36	294	12.971818
43	36	790	4.375748
44	36	790	4.917528
45	36	790	19.413525
46	36	790	37.716709
47	36	905	48.902996
48	36	906	37.85952
49	36	57	18.041964
50	36	907	3.734174
51	36	51	0
52	36	50	0
53	36	763	64
54	36	320	50.5
55	36	416	50.5
56	36	62	50.5
57	36	74	50.5
58	36	50	49
59	36	62	49
60	36	739	49
61	36	469	16.463993
62	36	908	4.463993
63	36	117	-1.535995
64	36	909	0
65	36	910	0
66	36	801	102.723999
67	36	24	102.723999
68	36	24	102.723999
69	36	12	104.723999
70	36	24	104.723999
71	36	123	104.723999
72	36	125	103.723999
73	36	123	103.723999
74	36	161	106.723999
75	36	124	107.940102
76	36	535	110.171906
77	36	911	114.42009
78	36	470	147.723999
79	36	260	147.723999
80	36	101	147.723999
81	36	100	107.723999
82	36	24	106.723999
83	36	23	119.723999
84	36	25	107.965851
85	36	121	125.515877
86	36	122	10.737688
87	36	121	9.596666
88	36	122	5.089725
89	36	24	0
90	36	24	0
91	36	24	0
92	36	887	0
93	36	888	0
94	36	912	4.827844
95	36	892	22.492895
96	36	913	35.191132
97	36	914	38.099876
98	36	913	23.189735
99	36	915	7.053857
100	36	25	4.500073
101	36	25	6.153985
102	36	12	5.477508
103	36	12	5.811096
104	36	25	18.417633
105	36	24	30.824644
106	36	864	36.980873
107	36	57	43.57169
108	36	57	54.226242
109	36	57	82.643768
110	36	57	105.187561
111	36	57	104.245735
112	36	57	83.084976
113	36	501	49.866234
114	36	916	48.43269
115	36	917	60.7565
116	36	98	57.905945
117	36	76	33.211613
118	36	23	20.766022
119	36	513	23.273584
120	36	271	26.702671
121	36	918	24.148943
122	36	919	21.174099
123	36	920	18.348972
124	36	895	16.099977
125	36	921	17.82406
126	36	922	15.799279
127	36	12	9.723587
128	36	12	0
0	37	12	0
1	37	674	-25.714348
2	37	582	-12.109756
3	37	674	-1.579645
4	37	579	0.308122
5	37	923	4.388178
6	37	924	10.098173
7	37	900	13.327255
8	37	832	20.080746
9	37	284	26.853348
10	37	925	27.660568
11	37	926	18.273746
12	37	404	11.185426
13	37	283	8.2763
14	37	789	7.122221
15	37	655	2.974202
16	37	285	46.523994
17	37	875	46.523994
18	37	403	46.523994
19	37	730	46.523994
20	37	678	46.523994
21	37	349	0
22	37	623	0
23	37	849	0
24	37	264	0
25	37	927	0
26	37	37	0
27	37	235	0
28	37	57	0
29	37	57	0.268025
30	37	57	4.560527
31	37	57	8.580132
32	37	57	11.67529
33	37	236	16.604979
34	37	836	26.472174
35	37	836	33.362114
36	37	836	32.986912
37	37	836	28.432922
38	37	237	29.972885
39	37	57	33.63847
40	37	57	36.196659
41	37	57	28.040016
42	37	57	16.346943
43	37	57	7.7446
44	37	57	5.456102
45	37	57	15.668168
46	37	57	31.157904
47	37	57	39.423679
48	37	57	32.811825
49	37	928	15.731268
50	37	929	3.865366
51	37	436	0
52	37	320	0
53	37	320	64
54	37	320	64.5
55	37	416	65
56	37	247	64.5
57	37	763	66
58	37	740	66
59	37	533	66
60	37	856	52.464001
61	37	930	16.463993
62	37	118	4.463993
63	37	99	-1.535995
64	37	334	-1.535995
65	37	122	0
66	37	12	102.723999
67	37	12	102.723999
68	37	24	102.723999
69	37	12	103.723999
70	37	121	104.723999
71	37	357	103.723999
72	37	334	102.723999
73	37	259	102.723999
74	37	124	106.723999
75	37	260	107.723999
76	37	142	111.723999
77	37	161	104.263939
78	37	124	103.263939
79	37	124	111.723999
80	37	125	110.723999
81	37	25	107.723999
82	37	25	106.723999
83	37	12	119.723999
84	37	24	120.723999
85	37	23	120.454216
86	37	24	7.825267
87	37	24	6.898226
88	37	24	6
89	37	25	0
90	37	12	0
91	37	931	0
92	37	932	0
93	37	933	0
94	37	934	2.198664
95	37	935	15.064031
96	37	936	31.9254
97	37	937	35.297329
98	37	915	28.181606
99	37	25	14.469206
100	37	24	3.90213
101	37	24	0.490472
102	37	23	0
103	37	24	1.915912
104	37	12	19.129591
105	37	864	37.621994
106	37	57	43.17667
107	37	57	40.37149
108	37	57	38.384567
109	37	57	58.350887
110	37	57	77.338226
111	37	57	84.047119
112	37	678	77.18515
113	37	97	67.311172
114	37	178	82.57972
115	37	938	106.708435
116	37	939	106.673683
117	37	24	69.15213
118	37	26	36.144474
119	37	796	32.679821
120	37	940	34.905903
121	37	941	27.665854
122	37	942	14.957432
123	37	919	8.360871
124	37	919	16.464537
125	37	943	16.664642
126	37	24	5.496963
127	37	23	0.786656
128	37	12	0
0	38	646	0
1	38	830	-5.542921
2	38	674	0.335407
3	38	649	2.11797
4	38	944	1.599129
5	38	945	7.732069
6	38	900	17.326775
7	38	832	23.236536
8	38	284	27.77743
9	38	789	28.081923
10	38	57	22.932499
11	38	517	16.115334
12	38	403	13.661174
13	38	730	17.17968
14	38	517	14.046498
15	38	403	6.550972
16	38	730	46.723541
17	38	57	103.283997
18	38	57	103.283997
19	38	702	103.283997
20	38	178	46.523994
21	38	255	0
22	38	654	0
23	38	946	0
24	38	947	0
25	38	37	0
26	38	235	0
27	38	57	0
28	38	57	0
29	38	57	0.801144
30	38	57	6.51655
31	38	57	12.240982
32	38	264	16.261881
33	38	948	19.240643
34	38	683	29.723507
35	38	948	39.143177
36	38	949	44.07737
37	38	950	41.193592
38	38	951	47.745541
39	38	57	47.77594
40	38	57	39.934925
41	38	57	30.080034
42	38	57	23.012634
43	38	57	13.438344
44	38	57	7.600539
45	38	57	5.198544
46	38	57	16.554756
47	38	57	24.641947
48	38	952	23.140682
49	38	141	12.352678
50	38	493	4.587958
51	38	320	0.892662
52	38	320	0
53	38	320	64
54	38	570	64
55	38	953	64.5
56	38	346	64
57	38	275	67
58	38	12	68
59	38	156	68
60	38	118	66.463997
61	38	25	18
62	38	121	4.463993
63	38	122	-1.535995
64	38	25	-1.535995
65	38	23	0
66	38	25	102.723999
67	38	23	102.723999
68	38	12	103.723999
69	38	12	104.723999
70	38	121	105.723999
71	38	122	104.723999
72	38	123	103.723999
73	38	124	102.723999
74	38	535	106.723999
75	38	259	106.723999
76	38	124	111.723999
77	38	124	111.723999
78	38	161	111.723999
79	38	260	110.723999
80	38	100	110.723999
81	38	12	107.723999
82	38	12	102.723999
83	38	99	119.723999
84	38	101	119.723999
85	38	101	119.723999
86	38	101	6
87	38	100	6.268467
88	38	23	7.75806
89	38	24	7.598346
90	38	24	0.416978
91	38	954	0
92	38	955	0
93	38	956	2.169314
94	38	913	14.305759
95	38	957	27.387203
96	38	937	43.31443
97	38	915	45.793209
98	38	23	37.521397
99	38	24	22.940039
100	38	25	9.98151
101	38	24	2.225596
102	38	24	0
103	38	23	0.038402
104	38	864	14.598913
105	38	57	32.987328
106	38	57	42.545708
107	38	57	33.329342
108	38	57	21.304037
109	38	57	25.042591
110	38	57	37.771549
111	38	702	61.111156
112	38	958	85.898651
113	38	959	100.827408
114	38	960	115.93013
115	38	961	141.326706
116	38	26	132.077499
117	38	845	93.426575
118	38	57	45.470821
119	38	57	36.375965
120	38	57	44.397747
121	38	962	40.177155
122	38	919	28.518007
123	38	919	43.394619
124	38	963	57.9772
125	38	922	54.967247
126	38	413	29.743954
127	38	964	1.960978
128	38	542	0
0	39	543	0
1	39	674	4.935731
2	39	617	11.507779
3	39	944	13.029675
4	39	924	11.80182
5	39	965	17.533916
6	39	966	25.058786
7	39	875	31.331011
8	39	730	32.833054
9	39	57	32.230068
10	39	57	20.446178
11	39	57	14.268076
12	39	57	16.643805
13	39	57	22.088449
14	39	57	16.652138
15	39	57	8.579256
16	39	57	46.608749
17	39	57	103.283997
18	39	967	159.492065
19	39	968	103.283997
20	39	969	46.523994
21	39	970	0
22	39	971	0
23	39	834	0
24	39	37	0
25	39	972	0
26	39	973	0
27	39	57	0
28	39	57	0
29	39	57	0.138327
30	39	57	5.185201
31	39	974	9.586825
32	39	975	10.4993
33	39	976	14.073173
34	39	975	23.021942
35	39	977	38.283726
36	39	978	46.840523
37	39	979	64.795586
38	39	836	78.534073
39	39	237	76.706169
40	39	57	56.360039
41	39	57	31.450855
42	39	57	25.146704
43	39	57	17.094522
44	39	57	8.939322
45	39	57	4.269392
46	39	57	10.019538
47	39	980	18.733267
48	39	981	22.60417
49	39	62	19.857643
50	39	739	13.500622
51	39	320	6.56287
52	39	320	0.040876
53	39	740	64
54	39	156	64
55	39	356	64
56	39	118	64
57	39	23	67
58	39	25	68
59	39	99	69
60	39	100	68
61	39	12	12
62	39	24	0
63	39	12	0
64	39	25	0
65	39	23	0
66	39	25	102.723999
67	39	12	103.723999
68	39	23	104.723999
69	39	12	105.723999
70	39	12	106.723999
71	39	123	105.723999
72	39	161	111.516373
73	39	125	111.516373
74	39	123	111.516373
75	39	161	110.412315
76	39	124	110.412315
77	39	161	107.723999
78	39	161	108.723999
79	39	125	107.723999
80	39	25	102.723999
81	39	25	102.723999
82	39	123	102.723999
83	39	124	107.723999
84	39	161	107.723999
85	39	124	107.723999
86	39	884	2.433052
87	39	247	10.632332
88	39	51	15.608808
89	39	25	17.60232
90	39	982	3.732054
91	39	937	0.372336
92	39	937	0.122776
93	39	957	5.935589
94	39	937	22.581045
95	39	936	44.76992
96	39	915	61.714481
97	39	24	56.97477
98	39	23	40.85902
99	39	24	26.919184
100	39	24	15.128133
101	39	26	5.406094
102	39	796	0.680803
103	39	845	0
104	39	57	6.288501
105	39	57	23.3965
106	39	57	34.291897
107	39	57	28.569477
108	39	57	16.918583
109	39	57	10.949606
110	39	517	18.419481
111	39	983	60.45961
112	39	984	103.207901
113	39	37	124.92926
114	39	7	125.643944
115	39	985	133.947083
116	39	599	137.32225
117	39	57	102.892372
118	39	57	53.765388
119	39	57	42.129013
120	39	962	54.400784
121	39	919	56.203571
122	39	919	54.56073
123	39	919	75.602676
124	39	943	100.091209
125	39	132	95.175735
126	39	571	54.394371
127	39	618	12.699308
128	39	579	0
0	40	619	0
1	40	617	10.279368
2	40	944	20.123892
3	40	900	24.480461
4	40	986	26.502127
5	40	517	27.553028
6	40	730	30.702015
7	40	57	34.574249
8	40	57	33.709995
9	40	501	30.663275
10	40	901	21.917751
11	40	901	14.304442
12	40	729	15.509159
13	40	57	17.893867
14	40	501	12.67594
15	40	987	4.633522
16	40	500	46.523994
17	40	988	97.668037
18	40	989	103.283997
19	40	990	103.283997
20	40	991	46.523994
21	40	285	0
22	40	834	0
23	40	37	0
24	40	992	0
25	40	993	0
26	40	57	0
27	40	57	0
28	40	57	0
29	40	57	88.799942
30	40	994	90.26535
31	40	995	4.37871
32	40	996	6.185925
33	40	997	8.072575
34	40	997	18.759237
35	40	998	36.418098
36	40	999	51.792965
37	40	683	78.420021
38	40	853	100.837936
39	40	836	97.670883
40	40	237	65.283165
41	40	57	31.618311
42	40	57	20.474028
43	40	57	14.909843
44	40	57	7.049032
45	40	57	5.07363
46	40	1000	14.558714
47	40	1001	27.499079
48	40	1002	35.019478
49	40	763	39.286572
50	40	320	28.393433
51	40	320	16.281321
52	40	762	2.900354
53	40	384	58.5
54	40	25	58.5
55	40	23	58.5
56	40	23	58.5
57	40	25	67
58	40	121	68
59	40	122	68
60	40	12	68
61	40	23	62
62	40	23	42
63	40	12	12
64	40	25	0
65	40	12	0
66	40	25	64.996078
67	40	23	102.723999
68	40	12	81.596199
69	40	25	82.596199
70	40	123	105.723999
71	40	124	104.723999
72	40	260	217.723999
73	40	142	217.723999
74	40	124	217.723999
75	40	161	218.723999
76	40	124	218.723999
77	40	161	107.627579
78	40	125	102.723999
79	40	25	102.723999
80	40	12	102.723999
81	40	121	102.723999
82	40	259	102.723999
83	40	124	105.723999
84	40	124	105.723999
85	40	1003	105.723999
86	40	570	11.595902
87	40	74	23.418447
88	40	12	31.860798
89	40	982	24.141193
90	40	937	10.58755
91	40	957	0.894473
92	40	1004	0.005313
93	40	1005	4.864129
94	40	1004	20.583342
95	40	1006	44.365246
96	40	25	56.462261
97	40	23	50.684994
98	40	24	36.565895
99	40	12	25.509453
100	40	864	20.759172
101	40	57	13.054423
102	40	238	2.175681
103	40	599	0
104	40	57	1.675913
105	40	57	14.156792
106	40	57	24.071199
107	40	57	24.724218
108	40	57	17.213902
109	40	57	17.54866
110	40	57	22.739727
111	40	755	58.396065
112	40	37	99.716888
113	40	37	113.301147
114	40	961	105.188316
115	40	864	107.857979
116	40	57	121.647705
117	40	57	95.257523
118	40	1007	60.773392
119	40	1008	40.34227
120	40	919	54.854725
121	40	919	59.718105
122	40	919	53.795269
123	40	943	76.040657
124	40	1009	99.191193
125	40	1010	101.979553
126	40	578	65.464821
127	40	617	20.204544
128	40	578	0
0	41	1011	0
1	41	1012	10.18944
2	41	924	20.174372
3	41	1013	27.613111
4	41	1014	31.862349
5	41	57	33.194817
6	41	57	30.693697
7	41	57	26.338911
8	41	655	26.229889
9	41	285	25.200596
10	41	875	18.253078
11	41	730	9.031636
12	41	57	8.22194
13	41	517	8.713222
14	41	1015	5.070475
15	41	516	0.629547
16	41	515	46.523994
17	41	1016	46.523994
18	41	482	46.523994
19	41	1017	46.523994
20	41	1018	46.523994
21	41	1019	0
22	41	37	0
23	41	235	0
24	41	57	0
25	41	57	0
26	41	57	0
27	41	57	0
28	41	57	0
29	41	994	88.799942
30	41	995	88.799942
31	41	1020	1.446634
32	41	1021	5.241457
33	41	1021	13.859928
34	41	1022	28.912937
35	41	1023	41.609798
36	41	1024	53.099403
37	41	233	74.374763
38	41	233	98.004745
39	41	853	94.569542
40	41	836	62.480236
41	41	836	25.298405
42	41	237	11.45142
43	41	57	7.211342
44	41	57	6.216431
45	41	1000	10.191254
46	41	1025	18.735054
47	41	1026	24.749142
48	41	320	39.231472
49	41	320	45.458824
50	41	570	40.528355
51	41	369	23.352764
52	41	118	6.112162
53	41	24	41
54	41	25	41
55	41	24	54.5
56	41	23	66
57	41	25	67
58	41	25	68
59	41	25	67
60	41	23	66
61	41	12	62
62	41	12	42
63	41	23	12
64	41	25	0
65	41	12	0
66	41	12	60.651875
67	41	12	60.651875
68	41	12	60.651875
69	41	123	62.651855
70	41	161	104.723999
71	41	124	104.723999
72	41	124	217.723999
73	41	124	218.723999
74	41	161	217.723999
75	41	124	219.723999
76	41	535	218.723999
77	41	122	107.627579
78	41	25	102.723999
79	41	12	102.723999
80	41	12	102.723999
81	41	121	102.723999
82	41	259	102.723999
83	41	535	89.723999
84	41	1027	89.723999
85	41	74	89.723999
86	41	12	12.877502
87	41	1028	26.402058
88	41	1029	36.709766
89	41	957	26.636023
90	41	937	13.543598
91	41	1030	0.55228
92	41	1031	0
93	41	1032	1.118863
94	41	1033	10.765325
95	41	24	28.912931
96	41	12	39.967049
97	41	24	34.099773
98	41	12	26.368937
99	41	864	28.848223
100	41	57	33.777481
101	41	795	24.030146
102	41	1034	8.43986
103	41	387	0.401582
104	41	387	0
105	41	387	6.363793
106	41	387	12.548744
107	41	599	14.017683
108	41	57	18.959883
109	41	238	25.368973
110	41	1035	29.248877
111	41	1036	46.415577
112	41	37	65.348351
113	41	961	73.600143
114	41	1037	66.307159
115	41	1038	71.391373
116	41	1038	92.402664
117	41	1008	80.244942
118	41	919	47.445618
119	41	919	30.625513
120	41	1039	38.287395
121	41	1040	39.33551
122	41	1041	29.93388
123	41	1042	40.384853
124	41	1043	66.593674
125	41	1044	74.815437
126	41	618	52.951527
127	41	617	21.943201
128	41	944	0
0	42	945	0
1	42	945	5.054865
2	42	900	11.592394
3	42	986	17.006935
4	42	57	21.642408
5	42	57	23.510309
6	42	57	21.769121
7	42	517	18.550091
8	42	403	16.235456
9	42	730	15.740943
10	42	57	11.621373
11	42	57	4.619626
12	42	57	2.861953
13	42	499	2.216153
14	42	1045	40.313553
15	42	424	-1.032013
16	42	57	0
17	42	57	-7.151984
18	42	451	0
19	42	1046	0
20	42	927	0
21	42	37	0
22	42	235	41.87999
23	42	57	0
24	42	57	0
25	42	57	0.276403
26	42	57	0.93975
27	42	57	0.876324
28	42	994	0
29	42	995	0
30	42	1020	0
31	42	1021	2.821588
32	42	1021	8.32023
33	42	1022	23.905771
34	42	1047	37.871552
35	42	1048	48.908634
36	42	233	45.272205
37	42	1049	55.209381
38	42	757	69.116341
39	42	233	68.551064
40	42	233	45.916786
41	42	265	18.365124
42	42	57	9.580291
43	42	57	9.823863
44	42	1000	14.617824
45	42	1050	17.956402
46	42	1051	23.588118
47	42	320	23.491274
48	42	320	29.864912
49	42	762	38.037716
50	42	384	35.586803
51	42	25	21.200314
52	42	24	6.161404
53	42	23	24.5
54	42	23	24.5
55	42	12	54.5
56	42	25	63.768166
57	42	23	67
58	42	12	67
59	42	24	64.768166
60	42	24	68
61	42	23	62
62	42	25	42
63	42	12	12
64	42	23	0
65	42	12	0
66	42	12	177.255341
67	42	25	43.473911
68	42	121	54.933895
69	42	259	51.683941
70	42	161	105.723999
71	42	161	104.723999
72	42	124	217.723999
73	42	161	217.723999
74	42	161	276.758087
75	42	125	218.723999
76	42	23	218.723999
77	42	24	107.627579
78	42	24	103.723999
79	42	23	102.723999
80	42	12	102.723999
81	42	121	102.723999
82	42	122	96.723999
83	42	23	90.723999
84	42	25	90.723999
85	42	24	90.723999
86	42	538	9.417145
87	42	1005	18.455736
88	42	957	24.226696
89	42	937	18.205671
90	42	936	9.240639
91	42	1030	0
92	42	1031	0
93	42	1006	0
94	42	23	0.817779
95	42	23	10.537522
96	42	24	24.091917
97	42	24	28.174021
98	42	52	29.979095
99	42	387	31.47884
100	42	387	37.050514
101	42	1052	29.684029
102	42	1053	12.580589
103	42	12	1.683731
104	42	25	0
105	42	12	0.947594
106	42	52	3.953554
107	42	387	5.897028
108	42	53	18.083063
109	42	1054	31.030563
110	42	6	36.27882
111	42	37	28.079014
112	42	7	36.1749
113	42	1055	44.775139
114	42	1056	43.173264
115	42	1039	47.981602
116	42	1040	55.06992
117	42	1040	47.108898
118	42	1040	26.785234
119	42	1057	19.245283
120	42	37	19.611273
121	42	37	14.651373
122	42	37	5.88657
123	42	37	8.299132
124	42	1058	23.926472
125	42	1044	34.429283
126	42	617	33.379387
127	42	944	20.674835
128	42	900	0
0	43	924	0
1	43	945	0
2	43	1013	2.314719
3	43	1014	4.568488
4	43	238	7.572071
5	43	599	11.645471
6	43	57	11.518166
7	43	57	8.08711
8	43	501	9.418372
9	43	1059	11.093562
10	43	1060	6.922755
11	43	501	2.731789
12	43	1061	0.036536
13	43	1062	0
14	43	1063	0
15	43	1064	0
16	43	1064	0.021902
17	43	1065	1.23401
18	43	1046	3.14262
19	43	927	1.756333
20	43	37	0.196109
21	43	235	2.380218
22	43	57	10.51682
23	43	57	10.428133
24	43	1066	4.131361
25	43	879	2.306931
26	43	57	7.713631
27	43	994	10.724349
28	43	995	7.477768
29	43	1067	0.973816
30	43	1068	0
31	43	1069	2.576009
32	43	1070	9.192797
33	43	1071	24.778719
34	43	1072	38.791752
35	43	233	45.340172
36	43	265	40.364445
37	43	294	37.031063
38	43	790	40.674377
39	43	790	42.124405
40	43	295	30.13188
41	43	57	19.751493
42	43	57	15.514502
43	43	1000	18.887697
44	43	1073	25.567461
45	43	1074	32.106091
46	43	570	28.757818
47	43	953	24.509169
48	43	777	24.726877
49	43	467	29.855934
50	43	12	26.84733
51	43	24	16.237659
52	43	25	3.846065
53	43	12	7.24989
54	43	12	7
55	43	25	54.5
56	43	25	66
57	43	24	65.768166
58	43	24	68
59	43	12	68
60	43	25	68
61	43	23	77
62	43	25	0
63	43	12	0
64	43	12	0
65	43	24	0
66	43	23	49.827911
67	43	1075	49.827911
68	43	1076	49.827911
69	43	259	51.683941
70	43	161	104.723999
71	43	124	104.723999
72	43	124	219.723999
73	43	535	220.723999
74	43	357	219.723999
75	43	100	220.723999
76	43	23	219.723999
77	43	24	105.723999
78	43	24	104.723999
79	43	24	103.723999
80	43	24	102.723999
81	43	25	102.723999
82	43	25	96.723999
83	43	25	90.723999
84	43	24	91.723999
85	43	1077	90.723999
86	43	1029	3
87	43	957	6.056097
88	43	937	8.679885
89	43	1004	6.849044
90	43	1078	4.013924
91	43	1006	4
92	43	23	0
93	43	25	0.103856
94	43	12	1.111281
95	43	24	8.364914
96	43	12	24.191391
97	43	23	33.317692
98	43	25	30.258497
99	43	1079	31.774435
100	43	1080	30.009438
101	43	1081	26.046017
102	43	25	13.428001
103	43	23	2.342292
104	43	25	0.980611
105	43	12	1.158694
106	43	23	2.192681
107	43	541	3.508686
108	43	267	15.098623
109	43	37	27.053059
110	43	37	29.385269
111	43	37	22.269743
112	43	37	25.161154
113	43	1082	40.479412
114	43	1057	47.129295
115	43	37	39.847206
116	43	37	29.813263
117	43	37	24.041723
118	43	59	20.355768
119	43	1083	18.512951
120	43	1084	14.116212
121	43	1085	6.250586
122	43	37	1.170178
123	43	37	6.149878
124	43	1086	16.927341
125	43	648	27.153629
126	43	944	23.217503
127	43	924	11.903217
128	43	900	0
0	44	924	0
1	44	945	0
2	44	986	0.161118
3	44	702	2.043147
4	44	703	4.288763
5	44	57	7.603299
6	44	57	8.717134
7	44	1087	6.624763
8	44	1088	6.245905
9	44	1089	6.131281
10	44	502	6.557841
11	44	1090	8.828828
12	44	1091	8.529377
13	44	1092	5.633636
14	44	1093	1.52486
15	44	1093	0.60363
16	44	1094	6.183508
17	44	1046	15.542273
18	44	927	18.937046
19	44	37	17.99835
20	44	235	12.91345
21	44	57	21.802319
22	44	57	29.823395
23	44	1095	29.724369
24	44	906	17.578318
25	44	57	9.495231
26	44	994	18.19665
27	44	995	23.095938
28	44	1096	17.755531
29	44	1097	7.088549
30	44	1098	0.032167
31	44	1099	0.516632
32	44	1100	7.403716
33	44	1049	21.736084
34	44	790	38.128475
35	44	295	41.33955
36	44	57	38.911621
37	44	57	35.000282
38	44	57	35.188007
39	44	57	32.438457
40	44	57	26.129
41	44	57	23.488228
42	44	1000	26.74383
43	44	1001	31.99481
44	44	1101	37.445728
45	44	416	36.750542
46	44	567	32.064674
47	44	1102	27.287722
48	44	467	29.166489
49	44	12	32.595627
50	44	24	26.505526
51	44	12	12.824648
52	44	24	6.413503
53	44	24	3.037529
54	44	24	0
55	44	12	54.5
56	44	24	63.768166
57	44	23	68
58	44	24	68
59	44	25	66.768173
60	44	23	68
61	44	23	77
62	44	25	0
63	44	24	0
64	44	24	0
65	44	1075	0
66	44	1103	57.996044
67	44	1104	95.723999
68	44	142	72.172165
69	44	161	79.172165
70	44	124	96.068222
71	44	124	103.723999
72	44	260	219.723999
73	44	142	219.723999
74	44	260	219.723999
75	44	100	219.723999
76	44	23	219.723999
77	44	25	106.723999
78	44	12	105.723999
79	44	24	104.723999
80	44	25	104.872231
81	44	12	104.872231
82	44	12	104.872231
83	44	25	90.723999
84	44	957	90.723999
85	44	937	90.723999
86	44	936	0
87	44	937	0
88	44	915	-26.600016
89	44	25	4
90	44	12	5
91	44	23	4
92	44	24	4.245123
93	44	23	7.99104
94	44	23	15.634953
95	44	24	20.613914
96	44	23	25.395973
97	44	25	33.530998
98	44	1105	28.806553
99	44	1081	22.058205
100	44	12	19.226673
101	44	23	21.547443
102	44	23	17.152376
103	44	25	9.067056
104	44	23	4.543512
105	44	23	4.877433
106	44	646	5.869737
107	44	1106	7.201219
108	44	1036	11.118539
109	44	59	20.109324
110	44	1036	22.869957
111	44	37	19.412302
112	44	37	29.94101
113	44	37	54.972584
114	44	1107	64.604492
115	44	1108	47.178204
116	44	1108	23.577969
117	44	1109	21.422527
118	44	1110	28.627134
119	44	84	28.964283
120	44	1111	21.437981
121	44	1036	10.188148
122	44	37	8.394382
123	44	7	16.109108
124	44	1112	29.372549
125	44	944	37.588173
126	44	924	29.968956
127	44	924	11.113943
128	44	945	0
0	45	1113	0
1	45	1114	0.171155
2	45	655	1.4504
3	45	789	3.630798
4	45	57	8.92283
5	45	1115	18.56974
6	45	1116	21.925591
7	45	37	16.097458
8	45	1117	5.496294
9	45	254	4.205187
10	45	446	8.977543
11	45	1118	15.418065
12	45	1093	17.905258
13	45	1093	13.217335
14	45	1093	5.229062
15	45	1094	3.274764
16	45	1119	13.764568
17	45	314	27.447077
18	45	37	38.022411
19	45	835	37.119076
20	45	237	33.030563
21	45	57	39.286827
22	45	57	48.332344
23	45	57	43.979229
24	45	57	24.953014
25	45	1120	14.122418
26	45	1121	21.471588
27	45	1122	30.585247
28	45	1123	22.517599
29	45	1124	9.841964
30	45	1125	1.795095
31	45	1126	4.122108
32	45	853	10.494276
33	45	836	20.505699
34	45	836	33.55637
35	45	237	42.078606
36	45	57	47.876553
37	45	57	46.718197
38	45	57	41.926991
39	45	57	29.637253
40	45	57	24.679758
41	45	1000	26.997366
42	45	1025	34.299103
43	45	1026	37.932911
44	45	570	38.578564
45	45	369	35.285759
46	45	356	28.14312
47	45	118	31.390968
48	45	23	41.626133
49	45	25	46.023304
50	45	25	33.896896
51	45	23	18.856993
52	45	25	8.572906
53	45	25	4.198016
54	45	25	0.004633
55	45	25	54.5
56	45	24	66
57	45	24	68
58	45	23	156.229904
59	45	25	156.229904
60	45	25	68
61	45	12	77
62	45	12	0
63	45	12	0
64	45	1127	0
65	45	1128	0
66	45	161	95.723999
67	45	161	95.723999
68	45	124	95.723999
69	45	124	96.723999
70	45	161	102.723999
71	45	161	102.723999
72	45	124	102.315544
73	45	535	102.315544
74	45	122	102.315544
75	45	23	102.315544
76	45	23	102.315544
77	45	25	105.723999
78	45	12	92
79	45	12	92
80	45	23	150.571259
81	45	25	150.571259
82	45	25	150.571259
83	45	1078	91.723999
84	45	1005	92.723999
85	45	936	91.723999
86	45	937	0
87	45	915	0
88	45	25	4
89	45	23	4
90	45	176	4.0074
91	45	177	6.585759
92	45	24	17.514029
93	45	23	38.458454
94	45	25	51.714672
95	45	24	45.937458
96	45	25	37.219341
97	45	12	26.853436
98	45	12	19.873165
99	45	24	11.18465
100	45	24	11.585352
101	45	24	18.526848
102	45	24	19.528898
103	45	12	15.216608
104	45	12	9.278572
105	45	12	7.77646
106	45	12	8.627367
107	45	1129	8.767444
108	45	1130	8.780538
109	45	1131	12.335113
110	45	37	15.632286
111	45	37	14.749453
112	45	1107	31.910501
113	45	1132	54.687386
114	45	919	64.783516
115	45	1133	49.42448
116	45	1134	29.843311
117	45	1135	31.670286
118	45	536	44.345764
119	45	1136	43.602932
120	45	267	33.334496
121	45	37	26.406019
122	45	37	24.046089
123	45	1137	34.624649
124	45	1138	53.763916
125	45	1139	57.15675
126	45	924	43.329403
127	45	924	18.49794
128	45	832	0
0	46	754	0
1	46	850	0.64447
2	46	730	2.080991
3	46	1115	5.007049
4	46	1116	14.959114
5	46	37	28.220663
6	46	37	34.16209
7	46	1140	25.136797
8	46	1141	10.423478
9	46	446	2.131
10	46	1118	9.059134
11	46	1093	18.861387
12	46	1093	22.388729
13	46	1142	15.987159
14	46	1143	6.415946
15	46	450	3.791742
16	46	755	13.885151
17	46	37	27.929766
18	46	506	41.347069
19	46	265	47.690037
20	46	57	47.927071
21	46	57	44.691368
22	46	57	43.874596
23	46	236	34.44936
24	46	836	19.706484
25	46	732	7.749342
26	46	1125	15.422885
27	46	1125	21.081665
28	46	1126	17.71479
29	46	233	10.279891
30	46	233	9.276004
31	46	233	12.481461
32	46	233	17.156248
33	46	233	24.679171
34	46	853	32.366062
35	46	237	44.394135
36	46	57	56.634388
37	46	57	60.171448
38	46	57	50.531967
39	46	57	30.049322
40	46	1144	20.59557
41	46	1145	24.873938
42	46	508	31.501013
43	46	929	36.665325
44	46	116	31.544836
45	46	384	25.58275
46	46	23	19.441038
47	46	12	30.772728
48	46	24	42.963596
49	46	23	49.097614
50	46	25	34.764912
51	46	24	18.310034
52	46	12	6.46897
53	46	23	3.072018
54	46	12	0
55	46	12	60.5
56	46	25	61
57	46	12	77
58	46	25	156.42189
59	46	24	156.42189
60	46	24	77
61	46	24	77
62	46	25	3.5
63	46	12	3.5
64	46	121	3.5
65	46	261	3.5
66	46	259	95.723999
67	46	124	95.723999
68	46	124	95.723999
69	46	161	95.723999
70	46	161	99.723999
71	46	124	99.723999
72	46	125	99.723999
73	46	12	102.723999
74	46	24	102.723999
75	46	12	102.723999
76	46	24	103.723999
77	46	24	104.723999
78	46	12	92
79	46	23	93
80	46	12	150.571259
81	46	12	188.195374
82	46	1028	150.571259
83	46	1029	89
84	46	937	91.723999
85	46	936	91.723999
86	46	1030	0
87	46	1033	0
88	46	159	0
89	46	198	1.353799
90	46	200	5.727783
91	46	176	15.004917
92	46	177	35.260868
93	46	1079	67.135345
94	46	1053	80.882324
95	46	23	68.205681
96	46	23	39.687725
97	46	12	18.149305
98	46	25	8.511873
99	46	24	3.56206
100	46	25	7.713723
101	46	23	14.874679
102	46	24	18.145006
103	46	25	14.369663
104	46	26	8.017806
105	46	1146	6.585713
106	46	1147	6.673294
107	46	1148	6.654878
108	46	1131	5.873644
109	46	37	12.912143
110	46	1107	19.94421
111	46	1132	18.699553
112	46	919	21.379175
113	46	919	37.369415
114	46	1135	48.457352
115	46	1149	41.113522
116	46	1150	37.960545
117	46	1010	49.979832
118	46	649	61.997543
119	46	1151	62.828484
120	46	1152	54.4048
121	46	37	46.169701
122	46	1058	43.210129
123	46	1153	45.313683
124	46	1154	57.282417
125	46	1139	60.230495
126	46	945	47.019516
127	46	1155	20.830891
128	46	349	0
0	47	754	0
1	47	901	0.519687
2	47	1156	1.870307
3	47	1157	3.431992
4	47	1158	14.004409
5	47	1159	27.804581
6	47	1160	36.1199
7	47	1161	26.132872
8	47	1162	10.866193
9	47	1163	1.418658
10	47	1164	5.625311
11	47	1165	12.425452
12	47	1166	14.586461
13	47	57	10.572344
14	47	57	3.779956
15	47	755	1.003178
16	47	37	7.021434
17	47	852	15.62732
18	47	1167	31.0711
19	47	293	46.279518
20	47	57	49.276745
21	47	57	41.126831
22	47	264	27.421453
23	47	233	16.215479
24	47	233	6.529152
25	47	233	0.254558
26	47	233	4.784171
27	47	233	9.155446
28	47	1049	9.571169
29	47	757	8.707227
30	47	233	14.827617
31	47	233	24.865633
32	47	233	30.911625
33	47	233	38.708485
34	47	265	39.903004
35	47	57	44.559597
36	47	57	54.457626
37	47	57	61.36161
38	47	57	49.476612
39	47	57	27.332073
40	47	1168	15.486996
41	47	140	16.766634
42	47	141	19.705414
43	47	356	21.047892
44	47	118	18.144878
45	47	12	14.616158
46	47	23	12.994411
47	47	23	19.814985
48	47	12	31.808193
49	47	12	34.994781
50	47	25	23.680342
51	47	25	10.232467
52	47	23	2.634648
53	47	24	1.302616
54	47	24	1
55	47	23	60.5
56	47	12	60.5
57	47	25	71.5
58	47	12	71.5
59	47	23	71.5
60	47	23	71.5
61	47	23	71.5
62	47	23	3.5
63	47	25	4
64	47	24	3.5
65	47	121	3.5
66	47	261	95.723999
67	47	259	100.723999
68	47	161	100.723999
69	47	161	100.723999
70	47	124	101.723999
71	47	260	101.723999
72	47	101	101.723999
73	47	101	99
74	47	100	99
75	47	24	102.723999
76	47	23	102.723999
77	47	12	102.723999
78	47	24	92
79	47	23	92
80	47	12	150.571259
81	47	982	150.571259
82	47	1004	150.571259
83	47	1005	89
84	47	937	90.723999
85	47	957	90.723999
86	47	1030	0
87	47	1169	0
88	47	181	0.864775
89	47	195	4.006401
90	47	1170	9.803436
91	47	1171	19.632126
92	47	1172	37.693398
93	47	1173	63.808853
94	47	612	71.345757
95	47	160	58.670647
96	47	23	30.828449
97	47	25	10.218882
98	47	24	3.433602
99	47	24	0.741559
100	47	25	3.451811
101	47	24	7.822105
102	47	25	9.605377
103	47	864	7.197435
104	47	1174	3.155587
105	47	1175	2.955167
106	47	1176	2.770412
107	47	1177	2.442399
108	47	37	6.102632
109	47	1178	19.474773
110	47	919	29.159733
111	47	1179	24.82612
112	47	1180	16.325184
113	47	1181	18.758829
114	47	581	29.371897
115	47	618	36.070168
116	47	617	53.853172
117	47	617	71.922379
118	47	617	82.322357
119	47	103	77.399239
120	47	37	65.726181
121	47	37	59.184296
122	47	1182	47.455578
123	47	1183	37.233402
124	47	1184	40.456989
125	47	900	42.416706
126	47	1185	31.864618
127	47	96	15.093644
128	47	349	0
0	48	1186	0
1	48	1088	0
2	48	1089	3.026678
3	48	502	5.364293
4	48	1187	11.450745
5	48	1188	19.245165
6	48	179	21.193312
7	48	583	16.403481
8	48	256	5.979757
9	48	98	0
10	48	1189	1.070889
11	48	237	3.535659
12	48	57	4.952458
13	48	57	2.589634
14	48	755	0.179851
15	48	37	0
16	48	835	0.369713
17	48	1190	3.006277
18	48	263	16.616745
19	48	57	40.101582
20	48	57	53.250896
21	48	264	38.155811
22	48	233	14.082662
23	48	233	0.086247
24	48	233	0
25	48	1049	0
26	48	790	0
27	48	295	1.284551
28	48	294	3.99713
29	48	790	8.927327
30	48	790	22.601505
31	48	790	36.577278
32	48	790	50.51701
33	48	295	60.433372
34	48	57	58.322086
35	48	57	51.386028
36	48	57	50.625046
37	48	57	51.618298
38	48	57	41.100273
39	48	1191	19.385826
40	48	370	7.725893
41	48	467	6.864858
42	48	25	7.868882
43	48	25	6.612814
44	48	24	5.214249
45	48	23	4.962492
46	48	25	7.004895
47	48	25	8.809882
48	48	25	18.147669
49	48	23	17.967857
50	48	25	8.757372
51	48	25	2.170894
52	48	12	0
53	48	23	11.5
54	48	23	11.5
55	48	23	60.5
56	48	25	60.5
57	48	25	60.5
58	48	23	60.5
59	48	24	60.5
60	48	25	54
61	48	12	3.5
62	48	23	4
63	48	25	4.5
64	48	24	4
65	48	23	3.5
66	48	123	74.723999
67	48	161	100.723999
68	48	161	101.723999
69	48	124	100.723999
70	48	161	101.723999
71	48	161	98.223953
72	48	161	148
73	48	125	98.223953
74	48	12	96
75	48	23	102.723999
76	48	99	102.723999
77	48	100	98.723999
78	48	24	98.723999
79	48	25	99.288155
80	48	982	94.416138
81	48	915	99.288155
82	48	982	93
83	48	937	89
84	48	937	90.723999
85	48	1192	89.723999
86	48	1193	0
87	48	279	0
88	48	225	1.37876
89	48	1194	4.800818
90	48	1195	9.474503
91	48	1196	16.553383
92	48	1197	22.756086
93	48	1195	34.788589
94	48	1196	37.253521
95	48	1198	28.609329
96	48	1053	14.568665
97	48	24	5.737016
98	48	12	4.01329
99	48	541	1.456193
100	48	542	0.086923
101	48	1199	0.579506
102	48	845	1.106165
103	48	57	0.663543
104	48	57	0.240544
105	48	962	0
106	48	1200	0.370206
107	48	37	0.795648
108	48	1178	10.194141
109	48	919	26.899462
110	48	1201	40.270329
111	48	1202	31.833735
112	48	1203	16.525314
113	48	619	12.724744
114	48	618	26.895996
115	48	726	41.608189
116	48	648	65.596062
117	48	618	82.662643
118	48	1151	82.804985
119	48	1204	69.142052
120	48	1036	54.349579
121	48	1205	45.220348
122	48	1206	32.962605
123	48	1206	19.460768
124	48	1206	24.197687
125	48	1207	34.019947
126	48	75	28.866676
127	48	1208	9.344203
128	48	1088	0
0	49	1209	0
1	49	1210	1.277197
2	49	254	5.258396
3	49	1187	14.732397
4	49	1211	23.740999
5	49	97	25.443483
6	49	178	17.347231
7	49	1212	5.484219
8	49	1213	0.661026
9	49	1214	0
10	49	265	0
11	49	57	0
12	49	57	0
13	49	755	0
14	49	37	0
15	49	852	0
16	49	295	0
17	49	57	0.388041
18	49	238	13.604763
19	49	599	33.949646
20	49	294	46.010155
21	49	790	34.031925
22	49	790	13.377644
23	49	790	42.944321
24	49	295	42.936016
25	49	57	0
26	49	57	0
27	49	57	0.904064
28	49	57	6.513001
29	49	57	19.607359
30	49	57	39.340515
31	49	57	54.911942
32	49	57	71.157822
33	49	57	78.669594
34	49	57	75.657295
35	49	57	55.501633
36	49	57	44.810272
37	49	57	37.913784
38	49	600	30.451572
39	49	156	14.906034
40	49	118	3.45736
41	49	23	2.839194
42	49	24	3.649024
43	49	23	4.915077
44	49	24	7.147385
45	49	12	8.132684
46	49	23	8.570866
47	49	25	15.997313
48	49	12	22.270914
49	49	24	20.644428
50	49	23	8.270162
51	49	24	0
52	49	12	0
53	49	23	21
54	49	24	21
55	49	12	40.5
56	49	1215	59.867924
57	49	23	60.367924
58	49	24	61.619965
59	49	24	65.399948
60	49	24	28.5
61	49	25	3.5
62	49	12	3.5
63	49	23	4
64	49	12	3.5
65	49	121	3.5
66	49	261	74.723999
67	49	261	100.723999
68	49	261	100.723999
69	49	261	100.723999
70	49	261	101.723999
71	49	261	148
72	49	122	189.841736
73	49	25	148
74	49	99	97
75	49	142	102.723999
76	49	125	103.723999
77	49	23	98.723999
78	49	23	99.723999
79	49	538	94.416138
80	49	1032	95.519928
81	49	1029	95.416153
82	49	936	93
83	49	937	86
84	49	1216	86
85	49	1217	86
86	49	479	0
87	49	749	0
88	49	1218	0.66697
89	49	1093	3.132014
90	49	1093	5.715979
91	49	1093	6.558744
92	49	1093	5.936319
93	49	1093	5.554912
94	49	1093	4.306351
95	49	1219	1.780306
96	49	1054	3.642095
97	49	461	5.896556
98	49	1042	5.303858
99	49	1220	3.020611
100	49	1221	1.372492
101	49	599	1.672556
102	49	57	1.53475
103	49	1222	1.153715
104	49	1223	0.54073
105	49	1200	0
106	49	37	0
107	49	1178	1.04865
108	49	919	10.818018
109	49	919	30.145294
110	49	1224	41.736923
111	49	619	34.197426
112	49	578	21.933674
113	49	617	17.092302
114	49	582	33.178764
115	49	674	46.860004
116	49	618	62.014351
117	49	726	66.158089
118	49	753	57.118584
119	49	267	39.122547
120	49	37	27.478312
121	49	37	20.534636
122	49	37	10.089553
123	49	37	9.341062
124	49	7	34.565315
125	49	1225	54.461746
126	49	1088	47.733429
127	49	37	22.307655
128	49	1117	0
0	50	255	0
1	50	283	2.622673
2	50	1226	15.029557
3	50	1227	39.705128
4	50	958	53.275974
5	50	1228	46.111107
6	50	1229	24.736835
7	50	1230	6.882787
8	50	1231	0
9	50	1232	0
10	50	57	0
11	50	57	0
12	50	755	0
13	50	37	0
14	50	235	0
15	50	57	0
16	50	57	0
17	50	795	0.129514
18	50	845	8.535497
19	50	57	24.831573
20	50	57	32.549866
21	50	57	21.856508
22	50	57	7.563544
23	50	57	42.936016
24	50	57	42.936016
25	50	57	0
26	50	57	0
27	50	57	2.074044
28	50	57	11.339963
29	50	57	32.381176
30	50	57	53.194332
31	50	57	67.084221
32	50	57	71.093124
33	50	57	73.525826
34	50	57	65.49556
35	50	57	47.359539
36	50	57	35.543114
37	50	600	29.986292
38	50	23	24.184769
39	50	25	11.956255
40	50	12	3.127309
41	50	24	4.783568
42	50	23	8.716972
43	50	1233	13.10101
44	50	1234	16.97794
45	50	23	17.287605
46	50	23	19.839771
47	50	12	30.856663
48	50	1233	41.323425
49	50	1235	36.507011
50	50	1234	20.431017
51	50	25	2.460352
52	50	24	0
53	50	12	30.5
54	50	12	30.5
55	50	23	40.5
56	50	12	59.867924
57	50	332	59.867924
58	50	384	59.867924
59	50	12	59.867924
60	50	25	28.5
61	50	25	3.5
62	50	12	3.5
63	50	23	3.5
64	50	25	3.5
65	50	12	3.5
66	50	23	74.723999
67	50	23	99.723999
68	50	23	99.723999
69	50	24	99.723999
70	50	23	99.723999
71	50	25	98.223953
72	50	24	118.300476
73	50	123	98.223953
74	50	161	97
75	50	125	102.723999
76	50	12	102.723999
77	50	12	98.723999
78	50	25	98.723999
79	50	982	99.288155
80	50	957	98.766167
81	50	957	99.288155
82	50	1192	93
83	50	1236	86
84	50	1237	87
85	50	25	86
86	50	193	0
87	50	1238	0
88	50	1093	0
89	50	1239	0.880633
90	50	1240	1.862237
91	50	1240	1.725129
92	50	1241	0.169132
93	50	1093	0
94	50	1219	0
95	50	1131	0.36801
96	50	37	3.082587
97	50	37	5.366129
98	50	7	6.628211
99	50	464	7.32546
100	50	1242	7.473373
101	50	1243	8.043161
102	50	1244	5.789341
103	50	1245	3.658954
104	50	1057	2.876248
105	50	166	1.345125
106	50	1246	0.434261
107	50	1179	0.670056
108	50	1247	6.386144
109	50	1201	25.479952
110	50	1248	39.867668
111	50	578	35.068481
112	50	618	21.314585
113	50	579	24.077938
114	50	619	35.871357
115	50	578	41.497192
116	50	579	42.608868
117	50	619	35.213699
118	50	1249	24.889709
119	50	1250	12.375158
120	50	1251	3.877743
121	50	37	1.58505
122	50	37	0
123	50	37	13.057149
124	50	37	45.216713
125	50	37	75.64344
126	50	1209	64.802734
127	50	1210	33.298931
128	50	254	0
0	51	254	0
1	51	255	5.625141
2	51	283	24.726292
3	51	256	52.721672
4	51	1252	68.569946
5	51	1253	59.38319
6	51	1254	30.611828
7	51	1255	8.454926
8	51	1256	0.204339
9	51	237	0
10	51	57	0
11	51	755	51
12	51	37	51
13	51	835	51
14	51	237	51
15	51	236	51
16	51	237	0
17	51	238	1.015786
18	51	1257	7.613217
19	51	879	20.914148
20	51	1258	25.247927
21	51	1259	16.142296
22	51	57	2.307817
23	51	57	0
24	51	57	0
25	51	57	0
26	51	57	0
27	51	57	2.777411
28	51	57	13.312011
29	51	57	35.550072
30	51	57	56.881691
31	51	57	63.704819
32	51	57	58.065281
33	51	57	50.822296
34	51	57	43.638508
35	51	238	35.185593
36	51	53	32.540604
37	51	25	36.370071
38	51	25	31.067245
39	51	23	14.613313
40	51	12	5.998075
41	51	12	8.05479
42	51	1260	14.713531
43	51	1261	20.248312
44	51	24	23.559685
45	51	25	21.407839
46	51	12	21.647121
47	51	1262	34.510647
48	51	1263	47.731907
49	51	1261	45.084389
50	51	12	24.816162
51	51	24	4.903491
52	51	12	0
53	51	23	40
54	51	25	40
55	51	332	35
56	51	140	54.367924
57	51	467	54.367924
58	51	12	35
59	51	12	35
60	51	25	28.5
61	51	25	2
62	51	332	0
63	51	384	0
64	51	25	0
65	51	99	0
66	51	101	74.723999
67	51	100	74.723999
68	51	25	74.723999
69	51	23	0
70	51	23	0
71	51	24	82.380379
72	51	121	82.380379
73	51	261	82.380379
74	51	357	80
75	51	100	57.723999
76	51	24	57.723999
77	51	23	91.723999
78	51	982	91.723999
79	51	957	91.723999
80	51	936	92
81	51	1264	92
82	51	1265	92
83	51	1006	86
84	51	12	86
85	51	25	86
86	51	1266	0
87	51	1093	0
88	51	1267	0
89	51	37	0
90	51	37	0
91	51	1268	0
92	51	1093	0
93	51	1219	0.221789
94	51	1131	1.339461
95	51	37	1.831237
96	51	37	3.484396
97	51	37	5.767257
98	51	7	8.220289
99	51	6	12.148543
100	51	7	16.449564
101	51	6	17.404696
102	51	37	14.133136
103	51	166	8.947693
104	51	1269	5.390283
105	51	1270	3.655988
106	51	1271	2.310519
107	51	1272	0.484171
108	51	1247	5.165897
109	51	1273	23.978029
110	51	578	40.99081
111	51	578	38.076675
112	51	578	26.362459
113	51	726	23.798235
114	51	648	33.540359
115	51	726	32.870384
116	51	648	30.989332
117	51	1274	32.549461
118	51	1275	22.622259
119	51	1276	5.677544
120	51	1251	0
121	51	37	0
122	51	37	0
123	51	1209	8.312719
124	51	1277	40.842316
125	51	1278	65.439117
126	51	284	60.771103
127	51	285	31.195871
128	51	285	0
0	52	786	0
1	52	349	7.536597
2	52	283	25.248047
3	52	256	50.242424
4	52	178	59.181725
5	52	1279	44.56369
6	52	1280	21.894405
7	52	1281	4.241358
8	52	1232	0
9	52	57	0
10	52	755	0
11	52	37	51
12	52	506	51
13	52	853	52
14	52	1282	51
15	52	1283	51
16	52	53	0
17	52	492	2.47674
18	52	1284	12.92983
19	52	1285	25.019403
20	52	1286	26.562761
21	52	1258	15.954526
22	52	1259	3.926072
23	52	1066	0.095902
24	52	879	1.839777
25	52	1066	2.885877
26	52	1287	1.522123
27	52	1288	1.047024
28	52	1289	9.352608
29	52	387	24.33164
30	52	599	47.124542
31	52	57	63.497364
32	52	238	58.663227
33	52	599	46.102699
34	52	600	40.820248
35	52	23	43.658005
36	52	12	50.773258
37	52	12	58.238739
38	52	25	48.108242
39	52	12	26.789455
40	52	25	10.984949
41	52	1233	10.556737
42	52	1234	16.473068
43	52	24	20.639126
44	52	1233	21.352306
45	52	1235	19.044666
46	52	1290	13.63407
47	52	1291	22.099293
48	52	1233	30.918509
49	52	1234	30.64674
50	52	25	16.778496
51	52	25	3.452556
52	52	25	0
53	52	25	49.5
54	52	492	49.5
55	52	568	49.5
56	52	467	49.5
57	52	332	49.5
58	52	384	0
59	52	23	0
60	52	23	0
61	52	492	0
62	52	467	0
63	52	99	0
64	52	142	0
65	52	161	0
66	52	1292	0
67	52	1234	0
68	52	23	0
69	52	24	0
70	52	24	0
71	52	25	43
72	52	99	80
73	52	334	81
74	52	122	80
75	52	25	0
76	52	23	0
77	52	538	0
78	52	1005	0
79	52	957	0
80	52	1293	0
81	52	1294	0
82	52	25	0
83	52	12	-4.407917
84	52	25	-4.407917
85	52	1266	-4.407917
86	52	1093	0
87	52	1267	0
88	52	37	0
89	52	37	0
90	52	1268	0
91	52	1093	0
92	52	1219	1.007782
93	52	1295	4.588361
94	52	1083	6.753217
95	52	1083	5.951982
96	52	1036	5.37904
97	52	37	5.891476
98	52	37	9.854177
99	52	37	18.010992
100	52	59	23.014647
101	52	1296	24.716198
102	52	1269	19.597603
103	52	1270	12.50553
104	52	1297	8.424195
105	52	1148	5.523252
106	52	1298	4.022846
107	52	1270	1.477625
108	52	1273	6.16585
109	52	649	25.258795
110	52	618	44.896915
111	52	617	43.331799
112	52	579	27.963923
113	52	898	23.908199
114	52	753	29.000792
115	52	619	36.568974
116	52	1299	51.875984
117	52	1300	56.567875
118	52	1301	49.557911
119	52	1302	24.082977
120	52	1303	1.975263
121	52	37	0
122	52	1117	0
123	52	256	1.12951
124	52	178	24.712618
125	52	284	47.68544
126	52	283	43.763237
127	52	285	16.587776
128	52	256	0
0	53	178	0
1	53	254	6.107169
2	53	254	18.963186
3	53	285	30.037878
4	53	285	34.550964
5	53	1279	25.702208
6	53	1304	8.259915
7	53	1305	0.327054
8	53	550	0
9	53	755	0
10	53	37	0
11	53	1306	51
12	53	1307	52
13	53	1308	53
14	53	435	52
15	53	50	51
16	53	567	0
17	53	568	1.622978
18	53	1309	12.76414
19	53	57	23.666843
20	53	928	27.279799
21	53	1310	17.008945
22	53	952	5.547199
23	53	1311	4.920101
24	53	1312	11.353878
25	53	1313	12.621942
26	53	1314	8.319161
27	53	1315	2.634179
28	53	796	2.062007
29	53	845	14.835666
30	53	57	47.740074
31	53	795	75.90078
32	53	1034	81.725883
33	53	53	74.115105
34	53	24	63.102779
35	53	12	65.258209
36	53	24	70.151756
37	53	25	72.602509
38	53	1233	59.18943
39	53	1234	35.083755
40	53	1260	14.945687
41	53	1261	10.83413
42	53	1233	14.144287
43	53	1316	16.568983
44	53	1317	19.612511
45	53	1317	20.482309
46	53	1261	14.730794
47	53	1260	7.966352
48	53	1318	10.485203
49	53	1234	10.471996
50	53	1233	5.245171
51	53	1234	0
52	53	24	0
53	53	492	49.5
54	53	568	49.5
55	53	507	50
56	53	140	49.5
57	53	467	49.5
58	53	12	0
59	53	332	0
60	53	140	0
61	53	467	0
62	53	123	0
63	53	535	0
64	53	259	0
65	53	1319	0
66	53	1320	0
67	53	101	0
68	53	101	0
69	53	100	0
70	53	25	0
71	53	121	5
72	53	122	80
73	53	23	80
74	53	24	80
75	53	23	0
76	53	1028	0
77	53	1029	0
78	53	957	0
79	53	1004	0
80	53	1006	0
81	53	24	0
82	53	23	0
83	53	24	0
84	53	1266	0
85	53	1093	0
86	53	1321	0
87	53	1322	0
88	53	1322	0
89	53	1323	0
90	53	1093	1.702577
91	53	1219	3.879253
92	53	25	7.412248
93	53	23	11.008754
94	53	25	13.952423
95	53	1295	12.076082
96	53	1296	6.989944
97	53	1324	6.470433
98	53	1324	11.172445
99	53	1325	19.337605
100	53	1298	26.320282
101	53	1270	27.403723
102	53	919	22.097921
103	53	943	15.145858
104	53	23	10.942066
105	53	1326	8.302558
106	53	1327	5.920599
107	53	1328	2.596962
108	53	726	4.17554
109	53	648	19.709509
110	53	649	35.571083
111	53	578	36.072693
112	53	579	23.900372
113	53	619	19.399502
114	53	726	31.94002
115	53	647	52.206951
116	53	1329	73.528992
117	53	1330	87.964211
118	53	1331	66.024933
119	53	1332	32.569122
120	53	37	4.218102
121	53	1117	1.996148
122	53	255	2.09309
123	53	254	4.509027
124	53	255	23.136339
125	53	254	42.589855
126	53	786	39.250267
127	53	349	16.753756
128	53	283	0
0	54	786	0
1	54	349	3.431094
2	54	255	9.97852
3	54	284	20.209772
4	54	255	25.52927
5	54	254	22.715351
6	54	1333	15.605024
7	54	1334	4.819928
8	54	147	0
9	54	37	0
10	54	1335	0
11	54	820	51
12	54	1336	51
13	54	51	52
14	54	508	51
15	54	777	51
16	54	568	0
17	54	1309	0
18	54	57	6.413436
19	54	952	14.264417
20	54	1309	18.386843
21	54	952	16.492262
22	54	467	13.152564
23	54	156	17.298487
24	54	118	23.510242
25	54	1337	25.353304
26	54	906	14.884106
27	54	57	4.931157
28	54	57	1.137035
29	54	238	14.248606
30	54	387	52.560467
31	54	53	91.376137
32	54	23	105.074791
33	54	24	94.624756
34	54	12	83.988075
35	54	23	74.912987
36	54	24	67.918556
37	54	1262	61.434021
38	54	1338	52.389427
39	54	1234	31.517633
40	54	12	12.824929
41	54	1260	8.858007
42	54	1318	10.576499
43	54	1234	12.523724
44	54	12	21.930468
45	54	24	27.630081
46	54	1260	23.593813
47	54	1317	12.037174
48	54	1261	1.072665
49	54	1260	0
50	54	1318	0
51	54	1234	0
52	54	492	0
53	54	568	49.5
54	54	568	58
55	54	1102	70.5
56	54	507	70.5
57	54	116	70.5
58	54	140	70.5
59	54	1102	70.5
60	54	1339	0
61	54	142	0
62	54	125	0
63	54	121	0
64	54	357	0
65	54	1340	0
66	54	124	0
67	54	124	0
68	54	125	0
69	54	99	0
70	54	101	0
71	54	100	0
72	54	12	78
73	54	24	78
74	54	24	78
75	54	982	0
76	54	937	0
77	54	937	0
78	54	1030	0
79	54	1033	0
80	54	24	0
81	54	23	0
82	54	23	0
83	54	1105	0
84	54	1164	0
85	54	1341	0
86	54	1093	0
87	54	1093	0
88	54	1093	0
89	54	1093	2.680618
90	54	1219	8.344986
91	54	24	12.525786
92	54	24	17.272402
93	54	25	20.559052
94	54	23	19.999886
95	54	674	13.933713
96	54	617	6.768916
97	54	578	6.720027
98	54	582	13.82951
99	54	1342	23.596113
100	54	1297	28.828297
101	54	1327	28.384031
102	54	1343	22.740641
103	54	543	14.67613
104	54	541	11.697994
105	54	542	8.227913
106	54	619	6.101054
107	54	579	2.802255
108	54	898	0.331854
109	54	647	10.123737
110	54	647	20.612423
111	54	648	21.701466
112	54	618	13.200779
113	54	579	13.775125
114	54	1344	28.449001
115	54	1345	48.485462
116	54	1346	71.314507
117	54	1347	74.359085
118	54	1348	54.947556
119	54	1349	27.280848
120	54	1278	13.017194
121	54	255	17.526356
122	54	285	15.481555
123	54	255	15.106691
124	54	285	37.148129
125	54	256	63.615868
126	54	958	56.059319
127	54	119	28.477436
128	54	120	0
0	55	1350	0
1	55	813	2.563085
2	55	813	6.191808
3	55	813	16.227386
4	55	788	30.833601
5	55	789	40.566341
6	55	1351	32.496239
7	55	209	15.024696
8	55	37	1.690963
9	55	1352	0
10	55	1353	0
11	55	1354	51
12	55	416	51
13	55	567	51
14	55	468	51
15	55	1355	51
16	55	1309	0
17	55	57	0
18	55	952	0.469097
19	55	1309	6.492581
20	55	980	16.733232
21	55	1356	22.027048
22	55	27	23.600983
23	55	24	27.304771
24	55	52	31.462183
25	55	1357	28.258528
26	55	1358	17.354548
27	55	1288	4.646753
28	55	1359	3.185694
29	55	332	15.657129
30	55	384	50.618214
31	55	23	89.360748
32	55	12	101.465485
33	55	25	100.480309
34	55	12	89.121658
35	55	23	76.258644
36	55	1262	61.403816
37	55	1360	42.182594
38	55	1291	35.272427
39	55	25	20.85784
40	55	25	8.680701
41	55	1260	5.905888
42	55	1261	7.360026
43	55	23	10.460626
44	55	25	21.847672
45	55	1233	30.575163
46	55	1234	27.594551
47	55	25	14.926036
48	55	1233	1.965727
49	55	1290	64.5
50	55	1291	64.5
51	55	492	64.5
52	55	568	64.5
53	55	1102	71.5
54	55	1102	71.5
55	55	1102	71.5
56	55	568	71.5
57	55	568	71.5
58	55	1361	70.5
59	55	1362	70.5
60	55	124	0
61	55	125	0
62	55	23	0
63	55	123	0
64	55	124	0
65	55	161	0
66	55	535	0
67	55	122	0
68	55	123	0
69	55	161	0
70	55	125	0
71	55	12	0
72	55	25	59
73	55	24	59
74	55	538	59
75	55	1005	0
76	55	937	0
77	55	957	0
78	55	915	0
79	55	24	0
80	55	12	0
81	55	24	0
82	55	24	0
83	55	25	0
84	55	1363	0
85	55	1364	0
86	55	1364	0
87	55	1365	1.372019
88	55	1366	6.791711
89	55	1367	12.465334
90	55	177	15.568593
91	55	12	20.652605
92	55	24	26.736162
93	55	541	30.102156
94	55	619	24.793179
95	55	617	13.211427
96	55	726	4.40739
97	55	830	7.234303
98	55	1342	17.17008
99	55	943	27.580479
100	55	23	32.51778
101	55	646	30.048275
102	55	830	23.470551
103	55	646	15.233691
104	55	648	9.414065
105	55	649	6.575645
106	55	649	4.742988
107	55	582	1.734022
108	55	541	0.634284
109	55	542	4.659527
110	55	898	13.89686
111	55	647	16.349131
112	55	648	10.131858
113	55	1368	15.870146
114	55	1102	38.779377
115	55	141	52.677601
116	55	1369	52.633362
117	55	37	47.038841
118	55	1370	34.047337
119	55	583	26.499166
120	55	285	42.749172
121	55	283	49.927654
122	55	254	36.99934
123	55	786	25.790684
124	55	119	42.683735
125	55	120	65.227966
126	55	23	60.374302
127	55	12	31.912666
128	55	1371	0
0	56	1372	0
1	56	1373	2.500054
2	56	585	5.803804
3	56	1374	16.74227
4	56	1375	36.693176
5	56	57	57.334164
6	56	755	54.66526
7	56	37	30.016815
8	56	1376	4.283425
9	56	1377	0
10	56	1378	0
11	56	1379	14
12	56	761	14
13	56	1380	14
14	56	777	14
15	56	1309	14
16	56	57	0
17	56	1095	1.262125
18	56	906	1.906134
19	56	1381	7.001079
20	56	1382	18.962589
21	56	1359	27.525549
22	56	332	30.587803
23	56	1383	26.535385
24	56	62	27.138578
25	56	738	21.780874
26	56	761	12.116993
27	56	1384	2.724999
28	56	117	7.429053
29	56	118	19.406868
30	56	24	46.966049
31	56	25	76.556595
32	56	23	89.132683
33	56	24	88.359566
34	56	24	90.163681
35	56	1260	82.614716
36	56	1385	64.168297
37	56	1291	41.138142
38	56	12	30.481827
39	56	25	17.992249
40	56	25	7.269977
41	56	24	3.659688
42	56	1233	5.862163
43	56	1235	8.365343
44	56	1290	16.927677
45	56	1291	23.005301
46	56	12	20.834105
47	56	1260	10.947597
48	56	1317	0.8511
49	56	1261	65
50	56	492	65
51	56	1102	65
52	56	1102	65
53	56	568	71.5
54	56	141	71.5
55	56	370	72
56	56	1361	71.5
57	56	1362	71.5
58	56	161	71
59	56	124	70.5
60	56	260	19
61	56	100	19
62	56	123	19
63	56	161	19
64	56	535	0
65	56	122	0
66	56	1233	0
67	56	1386	0
68	56	1387	0
69	56	1388	0
70	56	25	0
71	56	23	0
72	56	12	59
73	56	1028	60
74	56	1029	59
75	56	937	0
76	56	937	0
77	56	915	0
78	56	12	0
79	56	25	0
80	56	24	0
81	56	25	0
82	56	24	0
83	56	583	0
84	56	254	0
85	56	786	0
86	56	1389	0.73375
87	56	224	9.505324
88	56	748	18.872044
89	56	1390	24.943113
90	56	160	25.341518
91	56	541	23.874958
92	56	619	32.77375
93	56	726	39.149448
94	56	647	32.470676
95	56	830	16.910669
96	56	23	3.882859
97	56	1326	8.753924
98	56	1148	20.173546
99	56	23	32.929523
100	56	23	38.632385
101	56	25	33.94474
102	56	541	24.171141
103	56	619	13.115926
104	56	649	6.517889
105	56	617	3.932104
106	56	582	2.215925
107	56	674	1.157074
108	56	726	3.549194
109	56	753	12.002953
110	56	542	22.215351
111	56	619	24.447454
112	56	1368	20.509312
113	56	568	33.791069
114	56	507	61.89711
115	56	1391	78.656792
116	56	37	68.949181
117	56	1392	40.385754
118	56	178	25.114891
119	56	255	39.073685
120	56	284	63.977634
121	56	254	71.957397
122	56	179	52.127846
123	56	25	24.566339
124	56	24	30.727556
125	56	75	46.393517
126	56	98	44.145882
127	56	178	21.423822
128	56	256	0
0	57	958	0
1	57	349	4.76651
2	57	1393	7.244008
3	57	1394	12.074034
4	57	57	37.015793
5	57	755	58.604515
6	57	37	60.413452
7	57	1395	35.884743
8	57	1396	9.861679
9	57	1397	0
10	57	1398	0
11	57	508	0
12	57	777	0
13	57	1102	0
14	57	1309	0
15	57	1258	0.242052
16	57	1259	7.066637
17	57	1066	16.552551
18	57	1359	19.769415
19	57	1337	17.089283
20	57	1399	17.765133
21	57	567	23.963331
22	57	1400	22.160906
23	57	929	16.845852
24	57	384	12.616344
25	57	508	9.069498
26	57	509	3.833527
27	57	118	1.858863
28	57	25	10.248632
29	57	25	24.964785
30	57	12	55.252804
31	57	12	80.299103
32	57	24	86.546783
33	57	12	84.861099
34	57	25	83.266235
35	57	1260	82.726616
36	57	1261	75.252136
37	57	24	52.841995
38	57	25	36.910934
39	57	24	16.734705
40	57	1233	5.82812
41	57	1290	1.9727
42	57	1360	7.122269
43	57	1401	11.712306
44	57	1291	14.278831
45	57	23	13.988348
46	57	1233	9.026393
47	57	1234	3.977293
48	57	23	0.389104
49	57	492	65
50	57	568	65
51	57	568	65.5
52	57	568	65
53	57	1402	71.5
54	57	1403	72
55	57	1404	72.5
56	57	124	72
57	57	124	71.5
58	57	124	70.5
59	57	124	70.5
60	57	125	19
61	57	121	19.5
62	57	261	19
63	57	122	19
64	57	25	3
65	57	1405	0
66	57	1406	34.751995
67	57	1407	0
68	57	1320	0
69	57	100	0
70	57	12	0
71	57	12	0
72	57	982	59
73	57	957	59
74	57	957	59
75	57	957	0
76	57	915	0
77	57	25	0
78	57	25	0
79	57	12	0
80	57	25	0
81	57	75	0
82	57	178	0
83	57	786	0
84	57	120	0
85	57	28	0
86	57	807	3.027461
87	57	1408	14.11226
88	57	1409	27.873228
89	57	1410	32.042561
90	57	619	26.037647
91	57	578	23.785213
92	57	579	34.844555
93	57	543	45.189571
94	57	24	38.404793
95	57	25	21.643208
96	57	24	10.086907
97	57	23	14.188021
98	57	24	22.913321
99	57	12	32.923004
100	57	541	37.601185
101	57	619	33.047386
102	57	578	22.067816
103	57	618	10.64843
104	57	649	4.571603
105	57	579	3.727518
106	57	619	2.845201
107	57	579	2.617965
108	57	619	6.251657
109	57	618	16.840252
110	57	726	27.851288
111	57	1411	29.767714
112	57	1412	29.906105
113	57	1413	64.595367
114	57	1414	118.237518
115	57	37	140.755234
116	57	1117	117.721298
117	57	283	67.326675
118	57	283	43.81834
119	57	254	41.519951
120	57	284	57.660801
121	57	179	60.45475
122	57	75	40.736973
123	57	98	15.267282
124	57	178	16.125391
125	57	285	29.579367
126	57	255	26.610231
127	57	786	10.780384
128	57	97	0
0	58	178	0
1	58	1393	6.064581
2	58	1415	9.211625
3	58	1416	10.204549
4	58	1417	24.961479
5	58	1418	44.214546
6	58	7	55.744022
7	58	1419	39.065338
8	58	1420	14.548895
9	58	12	0.687789
10	58	156	0
11	58	370	0
12	58	568	0.227226
13	58	1309	0
14	58	1000	0
15	58	1421	2.292146
16	58	952	19.420488
17	58	507	37.900764
18	58	1422	41.769684
19	58	1000	31.561806
20	58	816	15.486867
21	58	356	11.644156
22	58	370	9.355008
23	58	507	4.187007
24	58	117	3.478811
25	58	118	2.746594
26	58	24	1.157087
27	58	24	1.665866
28	58	332	12.714687
29	58	384	34.380901
30	58	23	66.557655
31	58	24	91.754829
32	58	24	93.386185
33	58	24	80.106789
34	58	24	72.598007
35	58	12	74.14875
36	58	23	69.874916
37	58	23	52.775539
38	58	12	32.969646
39	58	1260	13.82608
40	58	1317	6.09408
41	58	1317	3.070224
42	58	1317	10.822487
43	58	1261	18.929192
44	58	24	20.125048
45	58	1260	12.59948
46	58	1261	3.43556
47	58	24	1.081132
48	58	1423	0
49	58	1424	65
50	58	1425	65.5
51	58	1424	66
52	58	1426	65.5
53	58	1427	71.5
54	58	1362	71.5
55	58	161	72
56	58	161	71.5
57	58	124	71.5
58	58	161	70.5
59	58	125	70.5
60	58	25	19.5
61	58	23	20
62	58	12	19.5
63	58	12	19
64	58	123	3
65	58	161	0
66	58	260	0
67	58	142	0
68	58	125	0
69	58	12	0
70	58	24	0
71	58	538	0
72	58	1005	54
73	58	936	55
74	58	937	54
75	58	915	0
76	58	24	0
77	58	24	0
78	58	23	0
79	58	24	0
80	58	583	0
81	58	786	0
82	58	1428	0
83	58	1053	0
84	58	159	0
85	58	1429	0.083979
86	58	1430	5.393078
87	58	619	15.469503
88	58	649	24.119993
89	58	726	28.724205
90	58	648	24.349916
91	58	726	25.296087
92	58	1431	39.298145
93	58	1234	46.970875
94	58	25	37.998878
95	58	24	23.255936
96	58	12	17.792141
97	58	25	19.194067
98	58	12	22.341753
99	58	674	25.778547
100	58	726	27.862558
101	58	648	24.799845
102	58	649	15.620109
103	58	617	8.0456
104	58	617	5.710399
105	58	649	7.833628
106	58	649	7.945735
107	58	578	6.58568
108	58	649	7.961106
109	58	582	14.34587
110	58	646	22.770254
111	58	1432	22.710224
112	58	1433	37.195717
113	58	1434	101.653145
114	58	1349	171.285797
115	58	1278	195.379608
116	58	255	154.621307
117	58	1435	91.957893
118	58	1436	49.592827
119	58	283	30.923203
120	58	179	29.003046
121	58	96	29.492788
122	58	349	16.95491
123	58	285	7.700812
124	58	255	22.108368
125	58	786	35.760067
126	58	120	30.830349
127	58	583	12.677098
128	58	285	0
0	59	1437	0
1	59	1438	8.837362
2	59	1415	12.412357
3	59	1439	11.348378
4	59	1440	16.247719
5	59	37	31.125566
6	59	1441	41.438946
7	59	1442	35.988949
8	59	1443	17.916264
9	59	318	5.030738
10	59	140	0.313391
11	59	141	3.509953
12	59	1444	6.671247
13	59	1144	6.947762
14	59	1286	4.035371
15	59	980	4.991967
16	59	530	24.130581
17	59	1445	47.226421
18	59	1446	53.47121
19	59	275	35.636753
20	59	24	13.731897
21	59	492	3.56731
22	59	568	0.39263
23	59	507	0
24	59	384	0
25	59	23	0.053228
26	59	25	0.681919
27	59	156	8.590564
28	59	118	29.76498
29	59	12	52.811916
30	59	12	75.181343
31	59	12	86.989693
32	59	23	86.324966
33	59	25	71.893555
34	59	25	58.134212
35	59	25	56.738205
36	59	25	53.151989
37	59	23	41.796398
38	59	23	28.518347
39	59	25	14.702937
40	59	23	9.608171
41	59	25	5.405399
42	59	1233	14.033119
43	59	1234	26.864073
44	59	23	30.508108
45	59	23	19.328712
46	59	25	4.518015
47	59	1262	0
48	59	1447	0
49	59	1448	65
50	59	1427	65
51	59	1362	118
52	59	161	118
53	59	161	118
54	59	161	118
55	59	161	118
56	59	124	71.5
57	59	124	71.5
58	59	1292	69.5
59	59	1449	19
60	59	100	19
61	59	23	19.5
62	59	24	19
63	59	123	19
64	59	124	3
65	59	161	0
66	59	161	0
67	59	125	0
68	59	12	0
69	59	24	0
70	59	23	0
71	59	982	0
72	59	957	54
73	59	1004	54
74	59	1006	54
75	59	12	0
76	59	24	0
77	59	23	0
78	59	23	0
79	59	96	0
80	59	120	0
81	59	1105	0
82	59	1450	0
83	59	644	0.291703
84	59	1451	0.485829
85	59	771	7.592695
86	59	617	15.269368
87	59	1452	20.820053
88	59	1453	23.175962
89	59	1454	20.312498
90	59	1455	22.331905
91	59	1316	30.623547
92	59	1261	43.046673
93	59	12	45.335392
94	59	12	31.985039
95	59	23	21.668486
96	59	541	24.401545
97	59	543	23.924141
98	59	674	19.154453
99	59	579	14.938261
100	59	619	14.017784
101	59	618	12.115457
102	59	617	7.495171
103	59	618	4.379194
104	59	617	6.239507
105	59	726	10.652673
106	59	648	11.724834
107	59	649	12.388534
108	59	582	14.679267
109	59	332	16.628576
110	59	1391	14.71067
111	59	37	10.480938
112	59	37	39.782127
113	59	1370	110.876663
114	59	583	187.382278
115	59	284	202.032745
116	59	1456	151.599274
117	59	1457	89.362442
118	59	283	47.167759
119	59	256	19.52573
120	59	98	8.47511
121	59	1458	4.420646
122	59	813	0.895395
123	59	788	11.136943
124	59	256	38.893574
125	59	98	61.956745
126	59	178	48.047321
127	59	284	20.822014
128	59	255	0
0	60	1437	0
1	60	1459	10.397648
2	60	1460	16.677517
3	60	1461	14.817003
4	60	1036	11.153282
5	60	37	18.138687
6	60	37	31.761374
7	60	1441	36.986534
8	60	1462	26.920023
9	60	1102	11.708839
10	60	507	2.612372
11	60	1463	10.90696
12	60	599	20.418602
13	60	57	25.874935
14	60	1000	20.51309
15	60	740	10.483301
16	60	26	18.782333
17	60	1464	33.78006
18	60	981	38.173836
19	60	51	26.082264
20	60	492	7.113817
21	60	1102	0.869797
22	60	141	0
23	60	118	0
24	60	332	0
25	60	384	5.095956
26	60	50	13.939816
27	60	51	34.26656
28	60	24	55.335983
29	60	23	70.828781
30	60	12	72.339073
31	60	24	67.6147
32	60	25	65.382881
33	60	25	58.54586
34	60	24	52.332855
35	60	25	48.027676
36	60	12	42.038559
37	60	12	32.239975
38	60	23	22.963823
39	60	1233	17.251902
40	60	1234	13.426775
41	60	1262	7.171618
42	60	1338	15.067041
43	60	1234	30.874077
44	60	1233	37.979107
45	60	1235	25.347643
46	60	1290	7.465466
47	60	1465	0
48	60	124	0
49	60	161	65
50	60	161	65
51	60	124	118
52	60	124	118
53	60	161	118.5
54	60	124	118
55	60	124	118
56	60	161	1.5
57	60	1466	15
58	60	1467	0
59	60	122	19
60	60	1233	19
61	60	1235	19
62	60	1468	19
63	60	124	19
64	60	161	3
65	60	124	0
66	60	125	0
67	60	23	0
68	60	24	0
69	60	1028	0
70	60	1029	0
71	60	1004	0
72	60	1006	41
73	60	23	41
74	60	25	41
75	60	12	0
76	60	23	0
77	60	25	0
78	60	23	0
79	60	25	0
80	60	541	0
81	60	697	0
82	60	1469	6.230775
83	60	1470	9.973395
84	60	1471	9.807875
85	60	724	18.056877
86	60	1472	30.18391
87	60	30	32.555401
88	60	1262	24.560843
89	60	1263	15.125548
90	60	1261	20.102076
91	60	23	34.040333
92	60	12	44.692364
93	60	24	39.856216
94	60	25	28.275675
95	60	674	23.538895
96	60	579	27.275501
97	60	619	24.0354
98	60	726	12.933635
99	60	647	4.83223
100	60	648	3.417079
101	60	649	3.039219
102	60	726	2.379051
103	60	647	2.689238
104	60	753	5.768107
105	60	898	8.898857
106	60	648	11.899826
107	60	579	20.303085
108	60	1473	34.801308
109	60	1474	38.962837
110	60	1475	28.485785
111	60	37	8.513614
112	60	1370	31.877321
113	60	96	90.729576
114	60	349	144.884277
115	60	284	142.406693
116	60	1435	109.692696
117	60	1436	66.696175
118	60	283	41.360455
119	60	283	22.36438
120	60	623	7.634563
121	60	586	2.238466
122	60	812	0
123	60	788	15.815543
124	60	255	50.13073
125	60	254	71.707779
126	60	283	57.709709
127	60	254	24.902197
128	60	254	0
0	61	786	0
1	61	97	11.917121
2	61	98	19.031599
3	61	1476	17.903778
4	61	1477	12.247067
5	61	37	12.557177
6	61	37	27.375854
7	61	1478	38.175747
8	61	1479	35.884483
9	61	141	20.464554
10	61	118	10.953187
11	61	52	21.704891
12	61	1357	38.286469
13	61	1074	43.55695
14	61	740	35.745022
15	61	864	18.506342
16	61	928	9.71418
17	61	346	12.15263
18	61	929	14.91239
19	61	117	8.339173
20	61	370	2.339381
21	61	467	0
22	61	24	0
23	61	156	0
24	61	118	4.037184
25	61	533	13.910623
26	61	74	28.255676
27	61	23	53.015682
28	61	25	70.767792
29	61	25	75.541847
30	61	25	60.806332
31	61	25	43.360733
32	61	23	38.52639
33	61	24	40.452568
34	61	24	44.119102
35	61	23	45.832893
36	61	23	44.487747
37	61	12	38.878281
38	61	1260	29.445036
39	61	1318	20.558367
40	61	1316	15.171453
41	61	1317	9.406293
42	61	1261	11.670745
43	61	1260	26.872498
44	61	1385	35.816696
45	61	1263	23.951794
46	61	1480	8.805036
47	61	259	0
48	61	124	0
49	61	124	0
50	61	535	64.5
51	61	259	118
52	61	124	118.5
53	61	124	119
54	61	161	118.5
55	61	124	118
56	61	1319	90
57	61	1261	0
58	61	25	0
59	61	1260	15.5
60	61	1317	15.5
61	61	1480	15.5
62	61	259	15.5
63	61	161	15.5
64	61	535	3
65	61	1481	0
66	61	1234	0
67	61	24	0
68	61	982	0
69	61	936	0
70	61	1030	0
71	61	1033	0
72	61	25	34
73	61	12	34
74	61	23	34
75	61	25	0
76	61	12	0
77	61	541	0
78	61	1482	0
79	61	1483	0
80	61	578	0
81	61	649	5.6002
82	61	649	17.913525
83	61	1484	26.917564
84	61	1485	24.005095
85	61	830	25.984646
86	61	24	33.65229
87	61	1262	36.753521
88	61	1338	26.465931
89	61	1234	14.307165
90	61	1233	16.549744
91	61	1234	31.161341
92	61	12	39.509083
93	61	12	36.787815
94	61	674	26.336103
95	61	726	21.850882
96	61	648	23.953552
97	61	579	17.572088
98	61	542	7.782589
99	61	619	0.090575
100	61	617	0
101	61	582	0.742651
102	61	24	2.059557
103	61	674	3.29643
104	61	579	3.598681
105	61	619	5.373288
106	61	726	9.032206
107	61	648	27.82943
108	61	1486	54.394516
109	61	1487	67.720802
110	61	37	51.146679
111	61	1370	22.20735
112	61	25	17.48983
113	61	1488	46.364338
114	61	1489	77.134109
115	61	1456	84.48214
116	61	1457	61.213047
117	61	254	44.049728
118	61	786	34.302063
119	61	349	24.303934
120	61	676	10.970595
121	61	382	3.254729
122	61	1490	0
123	61	285	14.933482
124	61	786	45.61396
125	61	349	66.919083
126	61	254	49.245083
127	61	285	18.641758
128	61	256	0
0	62	178	0
1	62	254	13.268157
2	62	786	21.283325
3	62	1491	20.488012
4	62	37	12.898138
5	62	37	10.560884
6	62	37	23.094366
7	62	1478	36.602589
8	62	1492	36.710686
9	62	461	23.734976
10	62	461	17.842527
11	62	1493	26.904352
12	62	320	42.210724
13	62	740	45.985126
14	62	52	37.072781
15	62	1494	18.658081
16	62	370	7.287118
17	62	141	0.41541
18	62	385	0.977468
19	62	117	2.925882
20	62	410	2.634947
21	62	247	0.654452
22	62	318	0
23	62	384	0.023975
24	62	25	7.021775
25	62	50	20.312065
26	62	51	34.821377
27	62	23	48.170364
28	62	12	57.032833
29	62	12	52.144371
30	62	25	40.1731
31	62	24	26.905895
32	62	23	26.799887
33	62	12	34.143269
34	62	24	40.542133
35	62	25	49.097107
36	62	25	54.92841
37	62	24	50.382763
38	62	1260	39.612522
39	62	1318	26.925121
40	62	1235	20.167177
41	62	1235	15.178256
42	62	1234	12.751377
43	62	1260	17.405725
44	62	1261	23.948837
45	62	25	18.999477
46	62	123	9.401092
47	62	124	1.90629
48	62	161	0
49	62	260	0
50	62	142	12.5
51	62	161	118
52	62	161	118
53	62	161	118.5
54	62	161	118
55	62	125	118
56	62	12	90
57	62	12	0
58	62	23	0
59	62	1233	0
60	62	1235	0
61	62	1468	0
62	62	161	0
63	62	260	0
64	62	1495	0
65	62	1291	0
66	62	25	0
67	62	982	0
68	62	936	0
69	62	936	0
70	62	915	0
71	62	25	18
72	62	24	18
73	62	541	18
74	62	542	17
75	62	542	0
76	62	619	0
77	62	1496	0
78	62	1497	0
79	62	1498	0
80	62	618	0.025515
81	62	726	9.91721
82	62	1499	30.488873
83	62	1453	46.244278
84	62	23	36.436661
85	62	23	28.11849
86	62	1262	23.558525
87	62	1263	25.907028
88	62	1318	17.569115
89	62	1316	9.117702
90	62	1261	12.629807
91	62	1233	23.729977
92	62	1235	32.387932
93	62	1500	27.254883
94	62	753	18.703123
95	62	619	15.479868
96	62	617	14.215658
97	62	578	8.895252
98	62	649	2.153938
99	62	649	0
100	62	579	0
101	62	542	0.899763
102	62	619	2.74366
103	62	726	4.154511
104	62	648	2.793034
105	62	579	1.549184
106	62	1501	2.85314
107	62	1502	24.087582
108	62	37	57.388725
109	62	37	79.116348
110	62	1503	64.609009
111	62	1504	29.004694
112	62	1505	5.994353
113	62	1506	10.811042
114	62	254	35.236351
115	62	786	48.835598
116	62	349	53.709175
117	62	1507	45.729595
118	62	1508	34.913342
119	62	1509	25.879517
120	62	1510	12.227538
121	62	971	2.2438
122	62	285	1.51386
123	62	256	17.520069
124	62	178	41.071262
125	62	254	50.631027
126	62	283	33.78841
127	62	283	10.997719
128	62	285	0
0	63	786	0
1	63	1511	12.25523
2	63	1512	20.132114
3	63	1513	17.894773
4	63	37	13.613422
5	63	37	11.110885
6	63	37	22.046698
7	63	37	33.754002
8	63	37	35.433456
9	63	37	25.980549
10	63	1514	17.678514
11	63	739	22.862915
12	63	740	29.793386
13	63	25	30.090645
14	63	24	20.678694
15	63	532	10.627837
16	63	981	3.296096
17	63	567	0.066001
18	63	467	4.937497
19	63	533	8.841
20	63	739	8.650832
21	63	437	4.418046
22	63	531	0.18759
23	63	50	0.809633
24	63	62	11.371223
25	63	115	23.214785
26	63	384	28.790754
27	63	23	29.695419
28	63	24	27.129601
29	63	24	21.530069
30	63	12	18.854578
31	63	25	22.356995
32	63	24	29.174629
33	63	23	37.27013
34	63	23	44.964638
35	63	25	51.527683
36	63	24	59.91526
37	63	23	54.197319
38	63	1260	39.562195
39	63	1385	29.818474
40	63	1338	25.087574
41	63	1234	23.326672
42	63	24	14.951709
43	63	24	9.724219
44	63	23	13.013394
45	63	121	15.586693
46	63	259	12.570019
47	63	161	7.968932
48	63	1515	2.39919
49	63	857	0
50	63	161	15
51	63	161	118
52	63	124	118
53	63	124	118
54	63	125	118
55	63	24	118
56	63	23	90
57	63	24	0
58	63	1260	0
59	63	1516	0
60	63	1340	0
61	63	161	0
62	63	124	0
63	63	1466	0
64	63	1291	0
65	63	12	0
66	63	538	0
67	63	1005	0
68	63	957	0
69	63	915	0
70	63	12	0
71	63	24	18
72	63	674	19
73	63	617	18
74	63	649	17
75	63	617	0
76	63	1517	0
77	63	1518	0
78	63	1519	0.007638
79	63	726	0.736858
80	63	830	1.098184
81	63	180	14.132697
82	63	229	36.001713
83	63	25	48.717751
84	63	12	38.566616
85	63	1260	20.225397
86	63	1261	8.630099
87	63	1262	8.534529
88	63	1338	6.300852
89	63	1235	3.036256
90	63	1290	9.584334
91	63	1401	19.747751
92	63	1291	25.084318
93	63	646	21.292547
94	63	647	12.304782
95	63	647	7.370663
96	63	648	5.344282
97	63	578	1.715513
98	63	617	0
99	63	726	0
100	63	648	0
101	63	618	1.17194
102	63	579	3.290721
103	63	619	4.16743
104	63	617	3.09549
105	63	1368	0.893528
106	63	1414	0.810698
107	63	37	12.948174
108	63	37	46.646706
109	63	1520	70.194244
110	63	1521	63.050297
111	63	96	31.833151
112	63	349	7.478546
113	63	284	1.938802
114	63	256	22.076366
115	63	178	46.159554
116	63	1522	62.450634
117	63	1523	62.360897
118	63	1524	55.115959
119	63	1525	40.112484
120	63	254	21.762392
121	63	255	5.648382
122	63	284	4.95435
123	63	283	27.226694
124	63	284	51.347687
125	63	283	50.308651
126	63	786	26.740074
127	63	119	4.167734
128	63	120	0
0	64	492	0
1	64	1102	14.373016
2	64	1526	25.263243
3	64	37	24.401438
4	64	37	17.429008
5	64	37	15.985448
6	64	37	27.325138
7	64	37	40.80904
8	64	1527	42.941017
9	64	1528	30.765301
10	64	763	18.301094
11	64	416	15.339854
12	64	51	14.236731
13	64	24	11.571349
14	64	533	4.507062
15	64	739	2.014457
16	64	816	0
17	64	410	1.683055
18	64	51	8.423069
19	64	533	16.773743
20	64	738	16.980028
21	64	74	8.79582
22	64	508	0.952138
23	64	275	4.794038
24	64	492	14.864452
25	64	467	26.654243
26	64	24	33.919506
27	64	12	28.982548
28	64	23	16.716965
29	64	24	10.250303
30	64	24	11.411719
31	64	24	22.55188
32	64	12	36.094505
33	64	23	49.067497
34	64	24	53.883869
35	64	25	56.813366
36	64	25	48.755756
37	64	23	41.219051
38	64	1262	27.524063
39	64	1263	27.384581
40	64	1261	33.424274
41	64	1233	34.552639
42	64	1234	20.501425
43	64	12	6.536765
44	64	12	8.518258
45	64	123	17.155956
46	64	161	21.778473
47	64	1529	14.599576
48	64	1362	4.845357
49	64	1515	0
50	64	857	32.5
51	64	161	114.5
52	64	124	114.5
53	64	260	114.5
54	64	100	114.5
55	64	1233	114.5
56	64	24	90
57	64	25	72.5
58	64	123	0
59	64	124	0
60	64	161	0
61	64	161	0
62	64	1466	0
63	64	1291	0
64	64	12	0
65	64	541	0
66	64	1530	0
67	64	1531	0
68	64	1532	0
69	64	24	0
70	64	25	0
71	64	646	18
72	64	648	18
73	64	618	18
74	64	726	17
75	64	1533	0
76	64	1519	0
77	64	578	1.490772
78	64	582	6.181437
79	64	12	10.400743
80	64	193	14.19034
81	64	1390	19.304295
82	64	160	33.608799
83	64	25	39.703468
84	64	24	28.471331
85	64	23	10.447476
86	64	1262	1.871579
87	64	1263	1.157999
88	64	1317	0.303846
89	64	1317	0.579839
90	64	1385	6.143116
91	64	1291	14.030769
92	64	1233	21.558504
93	64	1235	20.484356
94	64	1235	14.221108
95	64	1534	8.758863
96	64	578	5.457816
97	64	618	2.50376
98	64	582	0.113303
99	64	646	0
100	64	648	0
101	64	618	1.366476
102	64	726	3.089815
103	64	647	4.098161
104	64	1535	2.594917
105	64	1369	0.715856
106	64	37	0.041488
107	64	1536	8.755793
108	64	1537	32.39061
109	64	25	59.822803
110	64	1538	56.589329
111	64	1539	32.539795
112	64	786	8.870833
113	64	349	1.377541
114	64	285	17.95846
115	64	1540	39.11668
116	64	1541	57.80899
117	64	421	67.977951
118	64	1542	65.146965
119	64	401	56.190067
120	64	426	31.844572
121	64	285	10.362246
122	64	255	13.884483
123	64	284	45.359306
124	64	255	67.929482
125	64	256	61.575291
126	64	76	29.255901
127	64	332	4.08034
128	64	140	0
0	65	568	0
1	65	1543	24.163462
2	65	1544	40.448601
3	65	1083	40.869473
4	65	1083	26.378578
5	65	1545	21.224297
6	65	1546	31.68701
7	65	1547	47.812309
8	65	1548	54.329681
9	65	368	44.110329
10	65	739	25.328466
11	65	740	11.930209
12	65	50	8.357711
13	65	247	4.675371
14	65	763	3.796492
15	65	740	2.218388
16	65	533	0.539536
17	65	74	2.68735
18	65	12	15.078177
19	65	23	25.20175
20	65	12	24.635712
21	65	156	14.096772
22	65	410	1.763815
23	65	529	6.021624
24	65	1384	17.687258
25	65	384	32.792244
26	65	12	45.323139
27	65	12	48.047688
28	65	23	36.297218
29	65	12	19.687145
30	65	24	14.183024
31	65	23	24.288849
32	65	25	38.56707
33	65	23	51.807068
34	65	12	57.260559
35	65	23	48.338467
36	65	12	33.504677
37	65	1260	21.168276
38	65	1261	13.157158
39	65	24	23.459429
40	65	1260	37.009342
41	65	1261	39.939171
42	65	1233	26.122066
43	65	1235	7.823041
44	65	1468	9.276426
45	65	124	21.927755
46	65	124	29.135946
47	65	124	21.439659
48	65	1529	7.839732
49	65	1362	0
50	65	161	32.5
51	65	161	153.5
52	65	161	161.5
53	65	125	161.5
54	65	1260	161.5
55	65	23	161.5
56	65	24	161.5
57	65	123	117.5
58	65	124	0
59	65	161	0
60	65	124	0
61	65	1466	0
62	65	1338	0
63	65	24	0
64	65	674	0
65	65	578	0
66	65	578	0
67	65	579	0
68	65	543	0
69	65	12	0
70	65	24	0
71	65	674	0
72	65	617	0
73	65	582	0
74	65	646	0
75	65	647	0
76	65	647	0
77	65	830	4.501358
78	65	23	12.66493
79	65	23	19.446278
80	65	28	24.762722
81	65	30	25.45072
82	65	12	29.375475
83	65	12	24.576595
84	65	23	15.368472
85	65	1262	4.735335
86	65	1338	0.010436
87	65	1235	0
88	65	1234	0
89	65	1262	0
90	65	1291	3.113634
91	65	1260	10.305944
92	65	1549	22.987251
93	65	1550	27.008488
94	65	1551	25.095797
95	65	578	21.272589
96	65	649	16.204138
97	65	582	12.599055
98	65	541	9.008444
99	65	619	5.30051
100	65	649	1.098516
101	65	582	1.239661
102	65	24	2.746808
103	65	24	2.981372
104	65	1552	1.968528
105	65	37	0.613317
106	65	1553	0
107	65	467	8.135899
108	65	1538	27.843559
109	65	1554	49.737988
110	65	1555	50.003448
111	65	1507	31.137766
112	65	1539	9.101996
113	65	284	1.209907
114	65	1556	4.568537
115	65	1557	20.921768
116	65	422	42.72327
117	65	447	56.510578
118	65	1558	56.132362
119	65	1559	48.5602
120	65	426	28.164934
121	65	284	8.084041
122	65	284	16.811131
123	65	283	54.144264
124	65	283	87.84314
125	65	256	78.430679
126	65	1560	42.5998
127	65	141	9.001534
128	65	370	0
0	66	568	0
1	66	467	36.65192
2	66	25	63.791813
3	66	12	64.704178
4	66	583	41.654697
5	66	256	19.005148
6	66	76	27.788984
7	66	156	50.949707
8	66	410	70.633804
9	66	763	65.019379
10	66	416	40.10955
11	66	1561	15.224644
12	66	346	8.83264
13	66	368	9.495855
14	66	74	11.565208
15	66	12	13.002055
16	66	12	13.115179
17	66	25	11.492102
18	66	23	20.363745
19	66	23	29.832479
20	66	50	28.685379
21	66	763	15.172629
22	66	320	3.519302
23	66	816	6.655402
24	66	118	18.02327
25	66	25	36.122208
26	66	12	56.007267
27	66	12	61.317806
28	66	25	49.166145
29	66	23	29.767042
30	66	12	24.66395
31	66	12	31.368324
32	66	25	40.342449
33	66	24	43.128807
34	66	12	47.433853
35	66	12	42.706436
36	66	1233	28.328337
37	66	1235	14.296239
38	66	1234	10.148179
39	66	24	18.418493
40	66	24	33.66613
41	66	1260	37.741703
42	66	1385	26.836096
43	66	1465	11.484501
44	66	124	10.988418
45	66	124	25.683929
46	66	161	34.898216
47	66	124	25.224337
48	66	124	9.4667
49	66	124	0.004149
50	66	124	32.5
51	66	535	153.5
52	66	357	165
53	66	101	165
54	66	101	165
55	66	1562	144
56	66	1468	144
57	66	161	144
58	66	161	144
59	66	124	144
60	66	1319	0
61	66	1385	0
62	66	25	0
63	66	674	0
64	66	578	0
65	66	649	0
66	66	578	0
67	66	582	0
68	66	23	0
69	66	12	0
70	66	674	0
71	66	617	0
72	66	579	0
73	66	543	0
74	66	23	0
75	66	25	0
76	66	23	0.012103
77	66	25	4.956389
78	66	25	13.518106
79	66	24	20.824478
80	66	24	23.915192
81	66	24	22.133104
82	66	25	17.68257
83	66	25	11.653401
84	66	1262	4.641283
85	66	1360	0.273901
86	66	1263	0
87	66	1563	0
88	66	1564	0
89	66	1261	0
90	66	1233	3.459415
91	66	1534	15.703257
92	66	1565	29.12145
93	66	1566	34.598415
94	66	648	30.964746
95	66	726	29.253944
96	66	830	27.581282
97	66	674	29.738508
98	66	726	26.317406
99	66	648	16.875719
100	66	582	9.313421
101	66	25	2.288774
102	66	1567	3.016955
103	66	1348	2.840198
104	66	37	1.29347
105	66	1553	0
106	66	1568	0
107	66	1569	3.417081
108	66	1570	18.672396
109	66	1571	34.743111
110	66	1522	36.697105
111	66	1555	23.774324
112	66	255	8.308412
113	66	1572	1.243951
114	66	1573	0.261399
115	66	447	14.087519
116	66	1574	31.991894
117	66	989	43.759842
118	66	1575	44.776321
119	66	1542	33.949421
120	66	401	25.505949
121	66	426	13.480087
122	66	283	18.185703
123	66	255	49.266312
124	66	283	87.98336
125	66	1576	86.926201
126	66	385	50.845734
127	66	140	14.141127
128	66	141	0
0	67	118	0
1	67	12	43.695854
2	67	25	73.235672
3	67	583	74.565453
4	67	786	45.674133
5	67	97	18.813183
6	67	1577	19.025524
7	67	1578	50.050884
8	67	739	80.96048
9	67	320	83.074799
10	67	437	53.823391
11	67	1579	22.442572
12	67	981	10.681244
13	67	51	13.098515
14	67	12	21.00872
15	67	50	27.589531
16	67	51	31.131081
17	67	25	29.233109
18	67	50	32.200809
19	67	1561	35.612419
20	67	1580	28.892063
21	67	570	14.241359
22	67	393	5.805411
23	67	247	9.268711
24	67	51	18.49464
25	67	25	32.87524
26	67	24	48.55101
27	67	12	54.190105
28	67	25	43.176228
29	67	12	33.916271
30	67	25	39.988228
31	67	12	50.74596
32	67	23	45.849041
33	67	1233	35.936344
34	67	1235	32.286537
35	67	1290	37.002861
36	67	1263	31.152304
37	67	1261	22.756618
38	67	25	12.838103
39	67	1233	14.733938
40	67	1235	27.01697
41	67	1316	31.689449
42	67	1581	25.763552
43	67	124	13.769207
44	67	1515	15.716598
45	67	857	26.765366
46	67	124	34.375504
47	67	124	25.700409
48	67	161	10.523974
49	67	124	0.407131
50	67	260	32.5
51	67	142	153.5
52	67	124	165
53	67	124	165
54	67	1466	147
55	67	1465	147
56	67	124	147.5
57	67	124	147.5
58	67	124	147.5
59	67	125	147.5
60	67	1262	147.5
61	67	25	0
62	67	674	0
63	67	618	0
64	67	578	0
65	67	618	0
66	67	579	0.5
67	67	543	0
68	67	541	0
69	67	619	0
70	67	618	0
71	67	618	0
72	67	620	0
73	67	76	0
74	67	25	0
75	67	75	0
76	67	98	0
77	67	76	2.57156
78	67	12	7.64443
79	67	25	12.07548
80	67	24	12.112621
81	67	12	10.261165
82	67	24	7.2108
83	67	1262	3.936089
84	67	1263	0
85	67	1261	0
86	67	1454	0.218594
87	67	1582	0.440154
88	67	1233	0.088548
89	67	1290	0
90	67	1583	9.383954
91	67	1584	23.648558
92	67	579	36.702759
93	67	619	35.067127
94	67	579	27.265842
95	67	542	25.200329
96	67	898	28.785797
97	67	830	36.906876
98	67	646	37.002377
99	67	830	27.317099
100	67	1567	14.75577
101	67	1348	5.24719
102	67	37	3.146845
103	67	315	2.444284
104	67	1585	0.992379
105	67	1586	0
106	67	1587	0.083159
107	67	1588	4.857013
108	67	178	20.671011
109	67	1456	33.378757
110	67	1457	29.888006
111	67	284	14.835773
112	67	256	6.333983
113	67	1589	1.508643
114	67	1590	7.760188
115	67	989	29.38343
116	67	989	43.357071
117	67	1575	41.336128
118	67	422	31.322645
119	67	422	27.100082
120	67	1591	31.58712
121	67	254	29.079988
122	67	284	21.281136
123	67	254	45.005676
124	67	179	86.089691
125	67	156	91.127548
126	67	370	56.903305
127	67	507	17.606632
128	67	116	0
0	68	384	0
1	68	12	34.763187
2	68	96	59.736572
3	68	120	63.425076
4	68	94	35.608234
5	68	1592	13.432671
6	68	1593	14.810291
7	68	737	45.765934
8	68	570	82.535568
9	68	739	88.399734
10	68	274	58.585899
11	68	368	23.674801
12	68	74	10.11237
13	68	12	15.174402
14	68	533	26.867668
15	68	74	40.803452
16	68	25	52.065926
17	68	533	50.356541
18	68	1314	47.827728
19	68	1313	41.865105
20	68	115	29.518301
21	68	436	14.434052
22	68	320	6.156245
23	68	740	11.295042
24	68	24	18.343416
25	68	50	24.711458
26	68	51	34.355911
27	68	23	36.710514
28	68	24	27.379154
29	68	23	30.37339
30	68	12	52.498955
31	68	25	70.143425
32	68	1262	58.092205
33	68	1360	37.183784
34	68	1594	27.370552
35	68	1338	33.062164
36	68	1235	34.364086
37	68	1235	28.826239
38	68	1316	16.762079
39	68	1385	11.586494
40	68	1338	16.219299
41	68	1465	21.693995
42	68	161	20.118565
43	68	1529	19.05452
44	68	1362	22.102036
45	68	161	32.608925
46	68	124	35.677425
47	68	124	23.908888
48	68	124	8.27336
49	68	124	0
50	68	161	154.5
51	68	1595	153.5
52	68	1596	165
53	68	1466	165.5
54	68	1465	147
55	68	161	147
56	68	161	147.5
57	68	124	147.5
58	68	125	148
59	68	1262	147.5
60	68	541	147.5
61	68	898	0
62	68	648	0
63	68	726	0
64	68	648	0
65	68	617	0.5
66	68	579	1
67	68	619	0.5
68	68	700	0
69	68	1597	0
70	68	726	0
71	68	727	0
72	68	256	0
73	68	76	0
74	68	583	0
75	68	786	0
76	68	120	0
77	68	1233	0.735637
78	68	1235	2.824398
79	68	1234	3.066469
80	68	25	1.728941
81	68	12	1.046324
82	68	1262	0.489308
83	68	1598	0
84	68	1599	0
85	68	1316	0.760528
86	68	1261	3.452761
87	68	1262	4.883615
88	68	1600	3.200547
89	68	1601	2.254985
90	68	1602	17.152937
91	68	617	32.894924
92	68	726	41.884598
93	68	647	34.687431
94	68	647	21.493904
95	68	830	19.735905
96	68	25	23.864735
97	68	12	31.999475
98	68	25	29.051594
99	68	1552	22.075109
100	68	37	12.722381
101	68	37	4.342261
102	68	1603	3.39334
103	68	1604	2.450724
104	68	1102	1.052807
105	68	1102	0
106	68	1605	3.422563
107	68	254	20.731964
108	68	254	41.892456
109	68	255	51.578354
110	68	254	41.902073
111	68	400	19.451519
112	68	421	4.529841
113	68	1590	6.297016
114	68	989	24.696493
115	68	1606	50.67469
116	68	1607	59.514877
117	68	422	45.762676
118	68	422	27.130655
119	68	1542	31.003822
120	68	426	47.980652
121	68	254	48.396313
122	68	284	32.453442
123	68	256	43.333347
124	68	98	80.35836
125	68	1608	91.867828
126	68	370	63.275024
127	68	1102	20.552361
128	68	467	0
0	69	24	0
1	69	23	20.375196
2	69	25	37.461002
3	69	156	36.908924
4	69	1571	25.228468
5	69	1609	13.347147
6	69	436	17.541498
7	69	416	43.752007
8	69	62	71.86824
9	69	761	74.64711
10	69	531	49.448292
11	69	23	18.877625
12	69	12	11.17463
13	69	25	19.572577
14	69	25	33.838123
15	69	25	48.139252
16	69	23	59.361908
17	69	156	63.096054
18	69	118	59.243885
19	69	156	49.171444
20	69	1548	31.769318
21	69	368	13.606387
22	69	74	6.378227
23	69	24	9.592216
24	69	533	14.248606
25	69	393	19.459097
26	69	318	27.444841
27	69	1383	32.850838
28	69	51	26.997475
29	69	25	30.087481
30	69	25	52.355335
31	69	1260	70.85701
32	69	1317	65.023308
33	69	1385	43.821407
34	69	1594	34.189083
35	69	1401	33.232346
36	69	1594	31.862949
37	69	1594	25.292721
38	69	1316	16.633316
39	69	1317	8.295829
40	69	1465	8.574771
41	69	161	12.951122
42	69	124	19.646582
43	69	1515	23.751942
44	69	857	30.208458
45	69	124	36.341904
46	69	124	34.41893
47	69	535	21.317217
48	69	261	5.589738
49	69	259	0
50	69	1610	154.5
51	69	1340	114
52	69	1610	165
53	69	1340	165
54	69	124	147
55	69	124	147.5
56	69	535	147.5
57	69	1481	148
58	69	1290	148.5
59	69	646	148
60	69	830	147.5
61	69	646	0
62	69	830	0
63	69	674	0
64	69	578	0
65	69	649	0
66	69	726	0.5
67	69	1611	0
68	69	1612	0
69	69	1613	0
70	69	96	0
71	69	349	0
72	69	256	0
73	69	178	0.046072
74	69	179	1.623855
75	69	25	3.323208
76	69	1262	5.56154
77	69	1600	8.362823
78	69	1614	9.883145
79	69	1235	7.095182
80	69	1235	11.234889
81	69	1290	14.535556
82	69	1551	10.816036
83	69	1615	3.687588
84	69	1291	0
85	69	24	3.264812
86	69	1260	9.436013
87	69	1616	14.65493
88	69	1617	12.107503
89	69	1584	10.221211
90	69	649	20.634247
91	69	582	36.87886
92	69	24	40.445602
93	69	12	34.270157
94	69	25	21.011204
95	69	24	20.70063
96	69	24	22.456255
97	69	1538	23.57049
98	69	1618	19.912176
99	69	37	11.594512
100	69	37	5.143445
101	69	1553	1.679815
102	69	568	1.935618
103	69	1619	1.491237
104	69	1620	0.453229
105	69	1571	1.130829
106	69	285	10.620878
107	69	285	34.979599
108	69	283	60.934917
109	69	254	72.098923
110	69	446	53.85635
111	69	422	26.212101
112	69	1621	5.414944
113	69	1622	11.807799
114	69	1607	35.7286
115	69	422	63.345375
116	69	422	60.812241
117	69	422	38.899445
118	69	422	13.469913
119	69	1591	25.768446
120	69	283	48.725101
121	69	283	53.601852
122	69	283	37.793694
123	69	1435	43.149052
124	69	1623	69.748932
125	69	140	86.821716
126	69	1102	62.433929
127	69	467	24.553656
128	69	25	0
0	70	23	0
1	70	23	7.871243
2	70	332	15.100055
3	70	1624	18.231016
4	70	1540	16.685589
5	70	1313	16.925325
6	70	738	20.45443
7	70	74	35.781631
8	70	533	51.102215
9	70	74	50.278484
10	70	12	30.961544
11	70	23	12.457614
12	70	23	15.748799
13	70	25	27.851271
14	70	332	40.16692
15	70	1383	50.68195
16	70	51	59.592464
17	70	24	59.444637
18	70	50	58.76852
19	70	634	51.591209
20	70	385	35.271011
21	70	384	16.60248
22	70	23	3.609453
23	70	332	4.565504
24	70	1578	7.917285
25	70	1314	16.592991
26	70	1400	32.636227
27	70	93	44.199665
28	70	51	35.916321
29	70	24	30.154356
30	70	12	39.439659
31	70	12	51.100544
32	70	1262	53.228474
33	70	1594	44.808483
34	70	1594	40.297256
35	70	1594	32.066059
36	70	1263	25.452162
37	70	1261	18.420652
38	70	99	12.20146
39	70	1625	5.339854
40	70	1596	5.049805
41	70	161	7.450171
42	70	1529	15.471768
43	70	886	21.560268
44	70	259	31.264732
45	70	124	35.382137
46	70	260	31.044617
47	70	101	16.99514
48	70	142	4.352403
49	70	161	0
50	70	124	154.5
51	70	1595	95.5
52	70	1596	165
53	70	161	165
54	70	535	147
55	70	1481	147
56	70	1290	147.5
57	70	1401	149
58	70	23	149
59	70	12	149
60	70	24	149
61	70	25	149
62	70	674	0
63	70	578	0
64	70	618	0
65	70	579	0
66	70	543	0
67	70	583	0
68	70	256	0
69	70	76	0
70	70	583	0.419315
71	70	284	1.985042
72	70	285	1.763404
73	70	256	1.672876
74	70	98	6.254645
75	70	76	10.231226
76	70	1626	16.029821
77	70	1565	19.910004
78	70	1550	19.678938
79	70	1401	21.681192
80	70	1401	28.545431
81	70	1551	32.830109
82	70	1565	26.436029
83	70	1627	13.119248
84	70	25	3.086083
85	70	25	4.826198
86	70	541	16.592319
87	70	1564	28.649809
88	70	1626	26.037058
89	70	578	20.537981
90	70	582	21.540035
91	70	24	32.217766
92	70	25	36.045872
93	70	24	29.305273
94	70	25	24.483475
95	70	23	23.885979
96	70	1628	24.232649
97	70	1629	22.299589
98	70	37	16.510355
99	70	1536	10.230118
100	70	1630	4.626045
101	70	1619	2.978099
102	70	1631	1.47745
103	70	1632	0.199868
104	70	1539	0
105	70	283	4.782484
106	70	283	16.635107
107	70	254	38.623043
108	70	1633	58.644173
109	70	1634	61.797585
110	70	1635	47.461712
111	70	422	21.004313
112	70	422	4.783693
113	70	422	9.48497
114	70	422	32.152569
115	70	422	50.777977
116	70	422	50.224442
117	70	422	29.782389
118	70	1591	4.543738
119	70	285	14.412139
120	70	255	36.952225
121	70	254	50.155048
122	70	1576	34.673389
123	70	356	37.423073
124	70	356	56.295929
125	70	356	71.146141
126	70	118	56.107445
127	70	25	26.690788
128	70	25	0
0	71	23	0
1	71	1636	2.992925
2	71	1637	5.447632
3	71	1638	8.854483
4	71	531	12.326487
5	71	12	18.81003
6	71	25	22.821148
7	71	25	29.133301
8	71	23	32.496525
9	71	24	28.951633
10	71	24	18.92811
11	71	23	12.047737
12	71	12	20.855383
13	71	156	33.77853
14	71	606	43.86404
15	71	74	48.142056
16	71	12	48.447525
17	71	508	46.898823
18	71	275	50.231064
19	71	156	48.302624
20	71	118	37.043236
21	71	25	17.40423
22	71	156	4.399894
23	71	410	5.343659
24	71	634	8.118542
25	71	510	18.280848
26	71	114	36.610413
27	71	74	48.413673
28	71	23	42.599277
29	71	12	26.275043
30	71	1233	20.727964
31	71	1290	26.148022
32	71	1594	32.131233
33	71	1401	39.077747
34	71	1594	41.078606
35	71	1291	33.589745
36	71	24	22.730618
37	71	121	15.26084
38	71	1639	9.257483
39	71	1340	4.333463
40	71	161	2.882932
41	71	124	3.373214
42	71	125	8.422582
43	71	123	13.726995
44	71	124	21.153738
45	71	161	23.41503
46	71	161	19.769184
47	71	535	10.387948
48	71	259	2.616394
49	71	535	0
50	71	1639	154.5
51	71	1340	155
52	71	161	161
53	71	125	161.5
54	71	1262	147
55	71	1360	147
56	71	1594	147.5
57	71	1360	149
58	71	12	149
59	71	24	149.5
60	71	23	149
61	71	646	149
62	71	648	0
63	71	618	0
64	71	578	0
65	71	579	0
66	71	1640	0
67	71	653	0
68	71	256	0
69	71	178	0.211598
70	71	786	3.821886
71	71	119	6.77675
72	71	349	6.814886
73	71	254	6.807864
74	71	256	8.870253
75	71	1641	16.176212
76	71	648	20.9037
77	71	1565	24.903481
78	71	1601	22.650906
79	71	1601	26.976072
80	71	1602	36.080383
81	71	726	43.388485
82	71	753	40.356434
83	71	543	29.411036
84	71	541	16.806437
85	71	619	12.478021
86	71	579	22.618387
87	71	619	39.089962
88	71	649	39.581142
89	71	582	27.843981
90	71	25	21.294949
91	71	23	25.921034
92	71	24	31.051037
93	71	24	28.454641
94	71	23	23.86046
95	71	1552	19.017275
96	71	37	19.998781
97	71	37	25.282732
98	71	1553	26.358398
99	71	1102	22.765877
100	71	1642	15.390688
101	71	1521	6.831465
102	71	1643	2.798757
103	71	1644	0.20512
104	71	283	0.000695
105	71	283	6.966401
106	71	255	18.356691
107	71	1645	29.017656
108	71	1646	37.502407
109	71	1647	36.089718
110	71	1648	23.893295
111	71	1649	12.008077
112	71	422	3.372721
113	71	422	0.032901
114	71	422	16.428762
115	71	422	36.937302
116	71	422	47.351879
117	71	1591	37.386745
118	71	254	19.681103
119	71	283	11.400754
120	71	283	24.264515
121	71	1609	35.758385
122	71	384	37.481876
123	71	23	38.052402
124	71	23	48.172302
125	71	23	54.653248
126	71	23	45.516724
127	71	23	21.810425
128	71	24	0
0	72	96	0
1	72	1650	0.752508
2	72	114	1.035049
3	72	74	3.180644
4	72	12	9.17384
5	72	25	15.596391
6	72	24	18.98455
7	72	12	23.35364
8	72	12	26.094067
9	72	25	23.166418
10	72	25	18.803484
11	72	12	18.479113
12	72	23	30.270552
13	72	25	43.973785
14	72	23	49.198212
15	72	24	41.33234
16	72	492	34.315342
17	72	507	33.611042
18	72	384	42.142647
19	72	24	43.73634
20	72	12	35.586674
21	72	25	19.227859
22	72	508	10.832771
23	72	275	11.68222
24	72	533	14.074661
25	72	74	18.878958
26	72	25	29.726843
27	72	1233	37.288013
28	72	1235	30.437712
29	72	1316	16.23794
30	72	1317	8.415172
31	72	1385	9.119557
32	72	1360	16.018217
33	72	1263	28.755497
34	72	1318	35.80262
35	72	1234	32.741959
36	72	25	22.142065
37	72	123	15.189664
38	72	124	11.480593
39	72	1515	8.172671
40	72	857	6.116974
41	72	260	5.814878
42	72	142	6.434998
43	72	124	9.917989
44	72	161	12.925336
45	72	161	13.878263
46	72	125	11.714527
47	72	121	5.77313
48	72	357	0.742699
49	72	142	0
50	72	161	154.5
51	72	161	155
52	72	125	161
53	72	1260	161
54	72	1317	161.5
55	72	1385	161
56	72	1360	147
57	72	12	149
58	72	23	149.5
59	72	24	150
60	72	99	149.5
61	72	1651	149
62	72	578	0
63	72	618	0
64	72	649	0
65	72	617	0
66	72	650	0
67	72	652	0
68	72	652	0
69	72	1652	1.684467
70	72	542	8.814954
71	72	1653	14.622913
72	72	349	12.499202
73	72	1654	8.949671
74	72	1655	8.615101
75	72	674	11.825566
76	72	578	14.93652
77	72	649	16.728516
78	72	649	14.114843
79	72	617	16.873999
80	72	582	24.992743
81	72	646	31.517611
82	72	753	37.811764
83	72	619	35.202503
84	72	578	27.78993
85	72	618	22.833229
86	72	617	35.003864
87	72	578	47.434643
88	72	582	43.935047
89	72	23	27.832661
90	72	23	16.177954
91	72	12	18.922573
92	72	25	24.436968
93	72	1567	25.425243
94	72	1348	19.314999
95	72	37	11.831016
96	72	1536	12.061765
97	72	1630	21.930336
98	72	141	34.991253
99	72	118	34.380856
100	72	23	23.844707
101	72	24	10.146409
102	72	583	3.569
103	72	254	0.221552
104	72	255	0.047569
105	72	254	6.003462
106	72	284	14.794375
107	72	254	20.698555
108	72	446	16.012367
109	72	1656	10.028091
110	72	1657	5.929259
111	72	422	3.915473
112	72	422	0.583852
113	72	1648	0.04326
114	72	1658	2.382826
115	72	1659	22.54637
116	72	1591	42.994778
117	72	254	49.818085
118	72	285	37.520332
119	72	284	20.579323
120	72	1540	26.187567
121	72	467	38.882339
122	72	24	46.656967
123	72	24	46.843155
124	72	23	47.414051
125	72	12	42.308266
126	72	12	28.490934
127	72	23	14.90329
128	72	50	0
0	73	62	0
1	73	74	6.502329
2	73	25	7.568724
3	73	23	13.935523
4	73	12	23.040176
5	73	23	28.119282
6	73	12	30.90897
7	73	23	25.2344
8	73	24	22.181992
9	73	25	21.394213
10	73	12	21.564875
11	73	25	24.976328
12	73	12	38.527893
13	73	25	48.981613
14	73	50	50.74889
15	73	567	42.409004
16	73	468	34.362713
17	73	1384	38.745415
18	73	384	45.228008
19	73	25	40.619564
20	73	25	33.320053
21	73	156	26.915489
22	73	118	31.696569
23	73	332	40.477493
24	73	384	34.477417
25	73	24	19.56036
26	73	1260	15.327867
27	73	1317	15.421079
28	73	1318	12.552121
29	73	1234	6.443636
30	73	1260	3.137785
31	73	1317	3.257695
32	73	1261	9.108437
33	73	1260	19.093792
34	73	1261	27.530878
35	73	332	25.02187
36	73	1660	18.44578
37	73	1661	11.842815
38	73	1662	11.434122
39	73	1663	10.107443
40	73	857	11.692462
41	73	161	12.69546
42	73	161	12.691189
43	73	124	12.149418
44	73	161	11.566102
45	73	1292	11.566796
46	73	1449	8.911582
47	73	142	4.736296
48	73	124	0.120517
49	73	161	0
50	73	1595	154
51	73	1388	154
52	73	25	161
53	73	1233	161
54	73	1316	161
55	73	24	161
56	73	23	161
57	73	24	149
58	73	25	149
59	73	123	149.5
60	73	1664	149
61	73	1665	149
62	73	1666	0
63	73	648	0
64	73	726	0
65	73	785	0
66	73	1597	0
67	73	618	0
68	73	618	0
69	73	726	4.961848
70	73	830	13.827519
71	73	96	19.319748
72	73	1612	17.10355
73	73	1613	8.002075
74	73	674	4.400411
75	73	578	5.054861
76	73	617	5.828753
77	73	617	8.218418
78	73	726	7.906972
79	73	753	9.866421
80	73	543	16.600603
81	73	674	20.271378
82	73	617	24.593704
83	73	618	27.37096
84	73	578	33.709236
85	73	649	39.245113
86	73	649	47.82206
87	73	582	55.105469
88	73	25	42.757587
89	73	24	20.862295
90	73	25	9.444005
91	73	25	12.688507
92	73	1552	18.277737
93	73	37	21.669315
94	73	1349	22.041616
95	73	1667	18.105261
96	73	1668	14.638474
97	73	1669	25.090931
98	73	384	36.636356
99	73	12	39.373501
100	73	1538	26.355719
101	73	1539	9.821651
102	73	254	2.37191
103	73	284	0
104	73	283	0
105	73	254	2.777009
106	73	285	8.779235
107	73	1670	15.145845
108	73	1671	16.325739
109	73	422	8.528544
110	73	422	2.10921
111	73	452	0.044055
112	73	1672	6.229189
113	73	1673	14.040424
114	73	1674	17.43778
115	73	453	27.655226
116	73	285	44.121281
117	73	285	51.898609
118	73	284	44.876755
119	73	1576	33.608395
120	73	118	39.780502
121	73	24	50.490696
122	73	24	57.921932
123	73	23	59.07008
124	73	23	48.973488
125	73	24	34.877678
126	73	25	17.32876
127	73	737	5.731452
128	73	740	0
0	74	25	0
1	74	25	14.764445
2	74	23	28.726336
3	74	25	44.196381
4	74	24	60.898258
5	74	23	74.961571
6	74	12	70.931625
7	74	25	54.902966
8	74	23	30.041723
9	74	12	19.010139
10	74	12	17.771671
11	74	25	23.03232
12	74	24	36.505745
13	74	533	50.685215
14	74	761	52.190258
15	74	114	45.611038
16	74	369	49.051662
17	74	410	55.903648
18	74	51	55.36343
19	74	25	42.499706
20	74	24	29.142879
21	74	12	35.885872
22	74	492	57.986568
23	74	467	70.096519
24	74	12	54.934193
25	74	24	28.707901
26	74	1233	8.438555
27	74	1316	5.774084
28	74	1261	3.354644
29	74	25	2.292387
30	74	24	2.107374
31	74	23	1.301256
32	74	23	4.832855
33	74	12	11.341669
34	74	492	15.415404
35	74	1361	17.439016
36	74	1675	15.435513
37	74	1676	9.454407
38	74	1662	7.359518
39	74	1663	7.771645
40	74	857	14.072806
41	74	161	18.618092
42	74	124	18.905777
43	74	124	17.013012
44	74	1466	13.490099
45	74	1465	13.467003
46	74	161	11.00541
47	74	161	5.614336
48	74	124	0.565992
49	74	1319	0
50	74	1318	140.5
51	74	1234	152
52	74	1260	152
53	74	1261	152
54	74	24	152
55	74	12	152
56	74	24	149.5
57	74	23	149
58	74	121	149
59	74	259	149
60	74	124	149
61	74	260	149
62	74	1677	0
63	74	830	0
64	74	1678	0
65	74	651	0
66	74	578	0
67	74	617	0
68	74	579	0.806322
69	74	543	6.093643
70	74	24	14.651174
71	74	96	19.804306
72	74	120	14.800258
73	74	646	6.20554
74	74	648	1.200883
75	74	649	4.565604
76	74	726	20.364002
77	74	830	31.054203
78	74	646	31.955221
79	74	830	28.000145
80	74	646	23.602371
81	74	647	19.728027
82	74	648	16.773796
83	74	617	20.002441
84	74	618	34.422924
85	74	726	49.489655
86	74	830	56.989876
87	74	24	54.193661
88	74	24	35.647038
89	74	23	16.535809
90	74	1567	8.225451
91	74	1348	9.349504
92	74	37	12.790706
93	74	1370	17.682909
94	74	332	27.107616
95	74	1679	30.455179
96	74	1604	28.143591
97	74	507	29.419811
98	74	1680	34.271946
99	74	1681	33.333721
100	74	1506	20.413698
101	74	1633	5.936062
102	74	1489	0
103	74	283	0
104	74	284	0
105	74	285	0.20932
106	74	285	6.351328
107	74	1670	19.775131
108	74	1682	32.292625
109	74	1682	32.140816
110	74	453	17.872326
111	74	1522	7.543722
112	74	1683	23.564833
113	74	583	42.115585
114	74	254	44.930557
115	74	284	37.938042
116	74	254	36.344753
117	74	283	40.185333
118	74	179	39.649143
119	74	24	39.292255
120	74	12	45.920033
121	74	12	57.0784
122	74	24	57.751087
123	74	25	53.255829
124	74	332	42.397587
125	74	384	27.769627
126	74	737	9.378039
127	74	740	3.04943
128	74	12	0
0	75	23	0
1	75	25	21.710426
2	75	12	43.880512
3	75	24	68.849747
4	75	12	92.351631
5	75	25	112.177956
6	75	23	103.835808
7	75	24	74.740547
8	75	24	36.681988
9	75	23	12.144796
10	75	23	9.061333
11	75	24	11.021589
12	75	24	21.996632
13	75	533	35.036568
14	75	74	39.993752
15	75	24	46.75304
16	75	737	51.894749
17	75	740	63.328766
18	75	50	54.621414
19	75	51	34.430759
20	75	50	20.426754
21	75	634	36.862572
22	75	118	64.687828
23	75	25	80.975708
24	75	24	65.44162
25	75	1262	39.211887
26	75	1338	21.034491
27	75	1235	14.719791
28	75	1234	5.732079
29	75	24	3.422966
30	75	23	2.932501
31	75	24	0.150272
32	75	24	0.434977
33	75	1423	4.153358
34	75	1684	16.648174
35	75	357	26.29921
36	75	1685	24.254795
37	75	1362	15.513551
38	75	1529	5.593324
39	75	1362	6.633523
40	75	124	13.917746
41	75	124	18.584822
42	75	124	19.12785
43	75	1319	14.556479
44	75	1480	11.395309
45	75	261	16.048771
46	75	259	17.699762
47	75	124	12.321856
48	75	260	2.571339
49	75	1686	0
50	75	1687	132.5
51	75	1234	142.5
52	75	12	148
53	75	12	148
54	75	99	148
55	75	100	148
56	75	99	148
57	75	101	147.5
58	75	334	136.5
59	75	259	136.5
60	75	161	120
61	75	260	0
62	75	101	0
63	75	1677	0
64	75	647	0
65	75	647	0
66	75	648	0
67	75	578	0
68	75	582	0.523769
69	75	541	5.126226
70	75	543	10.047707
71	75	25	11.770264
72	75	12	8.188322
73	75	674	2.638033
74	75	726	2.403841
75	75	753	15.449481
76	75	543	39.450771
77	75	24	57.208767
78	75	23	57.478027
79	75	25	47.602028
80	75	12	38.658997
81	75	674	30.081532
82	75	649	19.096819
83	75	726	20.854843
84	75	830	34.456676
85	75	25	50.786823
86	75	25	55.822742
87	75	25	43.56382
88	75	23	26.796267
89	75	1552	14.161465
90	75	37	15.093271
91	75	1349	15.791601
92	75	1688	13.523568
93	75	1689	17.60569
94	75	1102	29.113987
95	75	568	38.244499
96	75	568	33.942307
97	75	1586	26.891373
98	75	1690	22.271877
99	75	1436	19.61503
100	75	1645	11.276466
101	75	1506	1.251172
102	75	284	0
103	75	255	0
104	75	255	0
105	75	255	0
106	75	283	8.6951
107	75	283	30.411575
108	75	284	57.965767
109	75	1435	59.270134
110	75	1691	38.63044
111	75	1692	23.446768
112	75	178	36.938099
113	75	285	66.601974
114	75	254	69.958473
115	75	284	57.999348
116	75	786	34.185322
117	75	120	37.770256
118	75	12	45.343594
119	75	23	49.14521
120	75	25	45.612141
121	75	23	39.215984
122	75	25	37.301872
123	75	532	35.59853
124	75	531	30.730597
125	75	533	22.464607
126	75	74	10.054003
127	75	12	2.766939
128	75	23	0
0	76	12	0
1	76	23	19.189798
2	76	25	41.579178
3	76	25	60.640617
4	76	25	80.735229
5	76	23	97.198685
6	76	24	101.968018
7	76	24	75.896172
8	76	12	41.285973
9	76	23	14.258026
10	76	23	4.828168
11	76	24	2.576557
12	76	50	5.271156
13	76	247	14.881104
14	76	247	20.888857
15	76	763	25.663143
16	76	416	40.466423
17	76	62	47.349148
18	76	74	37.097408
19	76	508	18.976437
20	76	93	8.63327
21	76	318	21.468807
22	76	384	46.310268
23	76	25	60.218678
24	76	1262	56.079899
25	76	1401	51.887962
26	76	1401	40.959095
27	76	1291	31.319241
28	76	24	20.255768
29	76	25	16.573011
30	76	24	17.73447
31	76	25	10.208865
32	76	1693	1.337477
33	76	1694	9.413013
34	76	123	31.112705
35	76	161	46.43121
36	76	124	47.632351
37	76	124	27.118713
38	76	161	15.278987
39	76	161	12.759415
40	76	161	17.788446
41	76	535	16.688862
42	76	122	14.049324
43	76	23	9.143044
44	76	12	8.373718
45	76	121	18.693197
46	76	259	25.001774
47	76	161	17.028231
48	76	161	7.423391
49	76	1610	0
50	76	1687	129
51	76	1234	142.5
52	76	12	143
53	76	123	143
54	76	260	143
55	76	142	136.5
56	76	535	137
57	76	122	137.5
58	76	121	137
59	76	261	136.5
60	76	259	118.5
61	76	161	0
62	76	260	0
63	76	101	0
64	76	100	0
65	76	1695	0
66	76	1696	0
67	76	582	0
68	76	646	0
69	76	830	2.640325
70	76	23	6.737463
71	76	25	7.320129
72	76	646	3.754531
73	76	753	0
74	76	619	3.042527
75	76	579	17.294003
76	76	543	42.797966
77	76	23	59.945374
78	76	12	55.708267
79	76	99	44.085194
80	76	1677	32.37542
81	76	647	31.284035
82	76	830	26.391939
83	76	12	28.959114
84	76	23	37.596806
85	76	24	45.624973
86	76	23	39.262142
87	76	1567	24.646267
88	76	1348	12.716168
89	76	37	16.637266
90	76	1697	23.62944
91	76	1698	26.144251
92	76	1699	26.048738
93	76	1700	23.882618
94	76	1102	26.338438
95	76	568	30.291441
96	76	1102	26.39295
97	76	1102	17.155087
98	76	1605	8.817243
99	76	254	8.036568
100	76	254	2.912457
101	76	255	0
102	76	285	0
103	76	254	0
104	76	283	0
105	76	255	0
106	76	254	6.999997
107	76	284	32.249058
108	76	1456	60.563946
109	76	158	69.794052
110	76	178	47.11866
111	76	254	26.66991
112	76	254	35.975544
113	76	283	62.272469
114	76	255	76.360725
115	76	1701	68.004478
116	76	318	52.437511
117	76	384	59.523075
118	76	24	73.220688
119	76	25	68.136627
120	76	25	51.570351
121	76	50	28.428408
122	76	62	16.842276
123	76	74	17.650621
124	76	23	26.574339
125	76	25	27.444477
126	76	12	15.636729
127	76	25	3.0233
128	76	24	0
0	77	24	0
1	77	24	10.799511
2	77	25	26.973845
3	77	23	36.348331
4	77	25	45.727104
5	77	23	66.700485
6	77	25	78.87738
7	77	25	75.468903
8	77	25	55.096733
9	77	12	31.720959
10	77	25	18.146309
11	77	737	5.566859
12	77	570	0.599195
13	77	738	1.523084
14	77	739	6.011689
15	77	570	12.191098
16	77	74	22.983377
17	77	12	24.971849
18	77	156	19.620569
19	77	606	6.980399
20	77	369	5.403491
21	77	118	9.434766
22	77	25	19.268948
23	77	1260	30.154892
24	77	1317	41.363522
25	77	1317	50.454594
26	77	1261	54.930801
27	77	12	41.45871
28	77	1233	33.960953
29	77	1235	34.140491
30	77	1234	36.798782
31	77	156	23.251514
32	77	385	13.138742
33	77	333	21.036757
34	77	261	43.823704
35	77	261	59.058186
36	77	259	50.768112
37	77	124	31.342735
38	77	161	21.829479
39	77	124	22.443193
40	77	125	23.077072
41	77	12	16.604385
42	77	25	7.835372
43	77	25	3.413927
44	77	23	9.763869
45	77	121	22.610643
46	77	259	30.737522
47	77	124	22.078001
48	77	161	8.007611
49	77	1466	0.009033
50	77	1291	0
51	77	12	108.589554
52	77	123	108.5
53	77	124	108.5
54	77	535	108.5
55	77	122	136.5
56	77	12	136.5
57	77	24	137
58	77	99	136.5
59	77	142	136.5
60	77	161	137.5
61	77	535	0
62	77	259	0
63	77	260	0
64	77	142	0
65	77	1702	0
66	77	582	0
67	77	24	0
68	77	12	0.541066
69	77	23	2.572016
70	77	25	7.854215
71	77	12	9.417202
72	77	646	5.289683
73	77	648	1.337011
74	77	726	1.972358
75	77	830	8.171633
76	77	23	24.664562
77	77	24	34.510101
78	77	123	31.567831
79	77	125	21.905977
80	77	12	18.169315
81	77	24	22.490137
82	77	23	24.082951
83	77	25	30.450357
84	77	23	32.606857
85	77	1567	29.670813
86	77	1348	18.692324
87	77	37	7.48659
88	77	1536	8.89627
89	77	1630	19.953316
90	77	1586	30.886492
91	77	1703	43.059231
92	77	1604	46.192047
93	77	141	38.631523
94	77	356	31.20203
95	77	157	22.533192
96	77	1704	17.576525
97	77	1605	7.434372
98	77	255	1.46353
99	77	254	0.134016
100	77	255	0
101	77	255	0
102	77	254	0
103	77	284	0
104	77	285	0
105	77	285	0
106	77	255	2.523338
107	77	285	18.807308
108	77	283	41.304516
109	77	284	48.77396
110	77	255	34.327091
111	77	284	18.641417
112	77	285	22.012981
113	77	283	41.664761
114	77	1705	59.894672
115	77	509	63.811478
116	77	118	65.20417
117	77	12	77.084511
118	77	24	88.563232
119	77	50	88.8134
120	77	62	64.011787
121	77	74	31.857281
122	77	25	15.585769
123	77	12	17.383175
124	77	24	37.464455
125	77	23	43.788902
126	77	23	30.839334
127	77	23	9.298768
128	77	12	0
0	78	12	0
1	78	23	9.287279
2	78	24	13.503164
3	78	24	15.243965
4	78	25	19.642317
5	78	12	38.265533
6	78	12	64.725777
7	78	12	80.399483
8	78	12	72.497711
9	78	12	58.932308
10	78	737	33.09882
11	78	740	17.003658
12	78	50	7.183106
13	78	62	2.925958
14	78	74	0.174866
15	78	23	5.863392
16	78	23	11.652436
17	78	12	14.278335
18	78	25	8.81755
19	78	23	6.85107
20	78	24	7.568693
21	78	25	9.565444
22	78	23	9.544347
23	78	12	12.671577
24	78	24	24.704132
25	78	24	40.212303
26	78	24	43.714413
27	78	1262	32.273491
28	78	1263	36.414486
29	78	1261	43.243027
30	78	332	49.883686
31	78	117	34.649677
32	78	118	23.151939
33	78	12	28.245131
34	78	23	41.934113
35	78	1706	50.380783
36	78	857	43.453533
37	78	124	28.992098
38	78	161	20.073294
39	78	260	27.035559
40	78	101	22.427395
41	78	100	12.830185
42	78	1233	6.820325
43	78	1234	11.211452
44	78	23	17.608557
45	78	123	25.38212
46	78	124	28.089647
47	78	161	23.045961
48	78	1466	8.271843
49	78	1291	0.151183
50	78	100	3.954412
51	78	121	138.904953
52	78	261	137.746506
53	78	122	134.687012
54	78	99	133
55	78	101	136.5
56	78	100	136.5
57	78	123	136.5
58	78	535	136.5
59	78	259	136.5
60	78	260	44
61	78	334	0
62	78	259	0
63	78	124	0
64	78	1664	0
65	78	1707	0
66	78	101	0
67	78	100	1.156396
68	78	99	3.224881
69	78	101	11.616208
70	78	101	24.471169
71	78	101	29.728949
72	78	1677	21.188646
73	78	830	6.233927
74	78	25	2.064084
75	78	99	3.023438
76	78	100	5.137848
77	78	123	9.025806
78	78	125	6.468857
79	78	23	3.875526
80	78	25	6.564766
81	78	24	11.888684
82	78	24	17.473406
83	78	23	21.473433
84	78	1708	22.563259
85	78	1709	16.703197
86	78	37	8.997735
87	78	1553	4.540946
88	78	1619	9.962149
89	78	1700	20.316313
90	78	568	34.415131
91	78	141	48.230488
92	78	118	57.148911
93	78	25	50.636265
94	78	94	33.735966
95	78	1710	21.228271
96	78	1711	17.418049
97	78	1436	10.990076
98	78	1633	2.693001
99	78	1489	0
100	78	1435	0
101	78	1436	0
102	78	283	0
103	78	283	0
104	78	284	0
105	78	285	0
106	78	255	0.618525
107	78	285	9.117892
108	78	255	26.524014
109	78	283	33.099758
110	78	285	24.606216
111	78	284	12.512184
112	78	786	10.921959
113	78	1712	23.151033
114	78	118	46.226921
115	78	23	69.151573
116	78	24	76.082092
117	78	12	78.994644
118	78	533	80.841591
119	78	1713	77.756363
120	78	100	61.257202
121	78	24	37.51749
122	78	24	21.174927
123	78	12	25.174929
124	78	24	44.683403
125	78	24	55.375549
126	78	25	39.582706
127	78	24	15.472603
128	78	25	0
0	79	24	0
1	79	23	-23.188618
2	79	23	10.500401
3	79	23	9.746981
4	79	23	15.555715
5	79	23	30.907782
6	79	12	52.410965
7	79	12	69.42128
8	79	50	71.713699
9	79	763	57.379002
10	79	416	42.743069
11	79	62	31.554518
12	79	74	26.724367
13	79	50	21.230125
14	79	51	9.246268
15	79	23	6.265551
16	79	24	9.403996
17	79	12	10.736959
18	79	23	7.708888
19	79	24	6.852838
20	79	25	10.120107
21	79	24	12.10236
22	79	25	11.687939
23	79	24	16.705046
24	79	12	23.731136
25	79	25	29.594587
26	79	1260	23.930885
27	79	1261	17.059809
28	79	1233	23.710648
29	79	1403	38.032036
30	79	467	40.950153
31	79	12	32.391186
32	79	1233	21.944736
33	79	1714	26.582422
34	79	882	32.783482
35	79	1362	36.628025
36	79	124	33.70509
37	79	124	25.219786
38	79	124	24.363003
39	79	535	20.726164
40	79	122	15.260407
41	79	1260	8.12354
42	79	1261	18.555588
43	79	25	33.432835
44	79	123	37.363537
45	79	124	30.623465
46	79	535	28.634659
47	79	1715	27.529991
48	79	1261	16.133034
49	79	260	8.424279
50	79	100	8.141167
51	79	12	144.677414
52	79	25	142.419449
53	79	121	137.332718
54	79	259	133
55	79	260	133
56	79	142	0
57	79	260	0
58	79	142	0
59	79	124	0
60	79	260	0
61	79	142	0
62	79	161	0
63	79	535	0
64	79	259	0
65	79	161	0.18595
66	79	260	2.792369
67	79	142	12.742316
68	79	124	17.972216
69	79	161	31.013636
70	79	124	41.803421
71	79	125	47.35207
72	79	24	35.110188
73	79	1716	16.056339
74	79	334	5.385508
75	79	122	3.532263
76	79	121	2.874211
77	79	357	4.250285
78	79	100	5.313034
79	79	25	5.537333
80	79	25	3.971555
81	79	12	4.933418
82	79	24	9.445453
83	79	1567	17.681322
84	79	1348	19.050629
85	79	37	15.23068
86	79	1553	12.589891
87	79	1717	9.480489
88	79	1718	11.763073
89	79	568	16.721516
90	79	1568	25.179232
91	79	1504	37.17231
92	79	332	45.183174
93	79	140	39.725895
94	79	568	33.549194
95	79	568	30.445467
96	79	1711	33.168991
97	79	1719	27.017698
98	79	1506	11.429904
99	79	1456	2.026593
100	79	1457	0
101	79	284	0
102	79	283	0
103	79	284	0.404023
104	79	284	0.137117
105	79	787	0.117731
106	79	788	4.123374
107	79	787	18.319069
108	79	788	31.677814
109	79	255	33.462265
110	79	786	25.031387
111	79	120	13.15471
112	79	24	10.976086
113	79	25	17.735355
114	79	12	53.289848
115	79	23	87.032585
116	79	332	98.469635
117	79	384	75.688087
118	79	121	51.926334
119	79	122	46.213913
120	79	24	38.226158
121	79	12	28.721548
122	79	24	17.936161
123	79	23	22.25951
124	79	25	38.422791
125	79	25	46.050827
126	79	25	33.818691
127	79	23	13.70488
128	79	25	0
0	80	24	0
1	80	25	-74.295708
2	80	24	-18.995222
3	80	25	15.414447
4	80	25	16.1681
5	80	25	19.048416
6	80	23	28.027342
7	80	533	37.453377
8	80	739	41.897743
9	80	570	38.471184
10	80	74	37.660332
11	80	12	41.237816
12	80	533	50.553959
13	80	74	45.056652
14	80	23	31.906347
15	80	24	19.022511
16	80	50	11.123778
17	80	247	5.381366
18	80	51	4.233856
19	80	12	3.922652
20	80	25	7.416983
21	80	24	9.585916
22	80	12	14.804371
23	80	25	21.766899
24	80	12	30.691563
25	80	24	27.810129
26	80	1233	16.896105
27	80	1290	7.02492
28	80	1720	10.083802
29	80	507	20.682552
30	80	384	21.887623
31	80	1693	17.376083
32	80	1721	13.918899
33	80	1404	17.317226
34	80	124	21.429115
35	80	124	26.188969
36	80	124	35.347561
37	80	535	30.595915
38	80	122	22.599434
39	80	25	11.453663
40	80	25	5.979231
41	80	24	6.994893
42	80	25	30.027964
43	80	123	50.786648
44	80	124	51.209831
45	80	260	39.923126
46	80	100	29.922461
47	80	23	34.550503
48	80	161	24.814348
49	80	125	14.645713
50	80	24	9.21535
51	80	23	14.14902
52	80	99	10.697065
53	80	142	5.001344
54	80	124	0
55	80	161	0
56	80	161	0
57	80	535	0
58	80	261	0
59	80	259	0
60	80	124	0
61	80	124	0
62	80	125	0
63	80	123	0.048248
64	80	124	5.472814
65	80	161	9.015845
66	80	124	16.817913
67	80	161	28.939327
68	80	124	36.67979
69	80	124	43.724182
70	80	125	48.648174
71	80	99	47.979885
72	80	334	37.326401
73	80	122	18.423962
74	80	24	7.494364
75	80	24	5.305949
76	80	121	5.730326
77	80	122	9.953296
78	80	24	11.444371
79	80	23	8.620015
80	80	23	4.404913
81	80	12	2.149961
82	80	1552	10.082887
83	80	37	20.585428
84	80	37	26.461868
85	80	1553	24.294661
86	80	1586	20.671822
87	80	1722	22.032194
88	80	370	26.177761
89	80	1642	23.288927
90	80	1521	16.844213
91	80	492	20.579355
92	80	568	25.71843
93	80	568	24.845268
94	80	1102	22.933739
95	80	1723	32.463909
96	80	1457	46.109756
97	80	283	40.553947
98	80	254	22.551741
99	80	255	6.496614
100	80	254	0.38607
101	80	1435	0.033311
102	80	1724	2.844844
103	80	1436	6.620975
104	80	676	8.198869
105	80	812	6.246228
106	80	970	9.072912
107	80	1725	23.961288
108	80	1724	39.862877
109	80	1623	39.452877
110	80	116	26.613308
111	80	384	11.681314
112	80	25	9.028429
113	80	332	18.40036
114	80	116	59.781551
115	80	117	98.866333
116	80	118	107.920502
117	80	24	78.019997
118	80	23	41.569481
119	80	25	20.32081
120	80	12	17.046045
121	80	23	16.131739
122	80	24	18.03842
123	80	23	24.55348
124	80	23	35.655556
125	80	23	34.629868
126	80	23	18.93498
127	80	12	5.065932
128	80	25	0
0	81	23	0
1	81	24	-69.804588
2	81	12	-51.751251
3	81	12	12.236263
4	81	12	41.568363
5	81	25	19.81698
6	81	12	-1.687157
7	81	533	-4.604424
8	81	74	1.0214
9	81	50	13.603996
10	81	247	26.629576
11	81	247	42.750465
12	81	247	55.516518
13	81	51	61.775803
14	81	50	58.231701
15	81	1561	51.25246
16	81	368	34.901215
17	81	393	19.454561
18	81	51	13.665554
19	81	25	12.463243
20	81	12	7.637254
21	81	23	5.394459
22	81	1233	11.159781
23	81	1235	23.404455
24	81	1234	33.414467
25	81	1260	32.442154
26	81	1385	19.509325
27	81	1726	8.651718
28	81	370	6.493605
29	81	467	8.317245
30	81	1423	7.724248
31	81	1424	6.778475
32	81	1404	9.077247
33	81	161	11.103922
34	81	161	13.584704
35	81	161	19.492899
36	81	260	28.296024
37	81	100	26.021626
38	81	24	15.82165
39	81	24	5.858787
40	81	25	1.827693
41	81	99	5.078526
42	81	142	28.076508
43	81	124	47.861549
44	81	124	44.972412
45	81	1292	32.13586
46	81	1234	24.348835
47	81	161	31.387985
48	81	125	25.089127
49	81	99	16.199268
50	81	101	9.297368
51	81	142	8.659907
52	81	535	6.990148
53	81	259	2.810492
54	81	161	0
55	81	535	2.190115
56	81	122	2.993702
57	81	24	0.827269
58	81	121	0
59	81	261	1.816054
60	81	261	4.582435
61	81	122	3.199973
62	81	121	1.396259
63	81	259	7.944677
64	81	124	17.609556
65	81	161	22.843866
66	81	161	29.64505
67	81	124	37.981754
68	81	161	44.802422
69	81	260	41.37196
70	81	334	40.298271
71	81	122	36.076332
72	81	24	30.984667
73	81	24	17.522892
74	81	12	10.910173
75	81	23	9.780154
76	81	25	18.30542
77	81	23	23.806351
78	81	12	20.921696
79	81	1233	13.342809
80	81	1727	7.382504
81	81	1348	6.192224
82	81	37	14.306347
83	81	1349	23.239822
84	81	1728	27.669168
85	81	1729	24.717676
86	81	385	27.420874
87	81	117	36.852463
88	81	118	44.809368
89	81	12	37.706207
90	81	492	25.509565
91	81	568	21.21727
92	81	141	25.453886
93	81	1668	24.705063
94	81	1730	21.815018
95	81	786	32.605553
96	81	349	48.476608
97	81	283	45.547504
98	81	1633	25.975002
99	81	1489	8.470501
100	81	1456	0.65244
101	81	1704	1.349307
102	81	1711	7.607378
103	81	1731	15.52508
104	81	586	18.576189
105	81	1732	16.180031
106	81	1733	12.324093
107	81	1102	22.250862
108	81	1102	33.796402
109	81	1102	34.055695
110	81	507	20.106565
111	81	116	6.806813
112	81	117	6.243114
113	81	370	17.057438
114	81	467	50.478954
115	81	24	84.396957
116	81	23	93.384781
117	81	23	66.587387
118	81	24	33.954315
119	81	23	16.329815
120	81	24	10.978437
121	81	24	12.565906
122	81	23	25.476543
123	81	24	43.295952
124	81	23	54.973118
125	81	12	45.903286
126	81	12	20.853094
127	81	24	3.837795
128	81	23	0
0	82	25	0
1	82	23	-66.433487
2	82	25	-34.557236
3	82	24	-8.351582
4	82	23	-11.327572
5	82	24	4.877179
6	82	23	-7.333033
7	82	25	-25.822483
8	82	737	-21.347221
9	82	320	-3.064116
10	82	274	14.435851
11	82	368	29.378059
12	82	115	40.868305
13	82	604	51.601341
14	82	509	69.15007
15	82	385	76.273979
16	82	436	61.247635
17	82	740	46.351921
18	82	25	37.748379
19	82	25	33.28492
20	82	25	21.895655
21	82	1260	7.254479
22	82	1317	9.3391
23	82	1261	16.049824
24	82	1233	22.31477
25	82	1316	23.124353
26	82	1734	16.271526
27	82	117	10.310654
28	82	1735	7.469557
29	82	1736	10.130746
30	82	1721	8.650889
31	82	1737	7.493776
32	82	1738	11.346174
33	82	261	13.690639
34	82	259	11.238296
35	82	161	13.384733
36	82	125	15.577772
37	82	99	12.98071
38	82	100	4.978418
39	82	99	2.629438
40	82	142	0.047673
41	82	161	0.623045
42	82	161	13.792853
43	82	535	25.915668
44	82	1739	24.597961
45	82	1261	15.776649
46	82	124	16.777092
47	82	260	23.303993
48	82	142	23.608618
49	82	161	16.114874
50	82	161	11.170514
51	82	260	7.999295
52	82	142	3.661354
53	82	124	3.679156
54	82	260	6.881646
55	82	101	9.660828
56	82	101	10.219467
57	82	101	6.807143
58	82	100	3.882022
59	82	12	10.843948
60	82	23	15.791884
61	82	25	13.573843
62	82	121	8.847822
63	82	261	14.869295
64	82	259	26.904919
65	82	161	33.645283
66	82	124	31.887867
67	82	161	32.288975
68	82	124	30.765034
69	82	125	28.314274
70	82	23	27.271393
71	82	99	29.694876
72	82	100	27.015453
73	82	25	20.280289
74	82	24	16.269955
75	82	23	25.426142
76	82	23	40.075867
77	82	1233	47.389069
78	82	1740	37.030178
79	82	1741	18.695726
80	82	37	12.680278
81	82	1742	13.423401
82	82	1743	18.005058
83	82	1260	19.919455
84	82	1318	18.465305
85	82	1403	15.803907
86	82	467	22.070673
87	82	23	41.029938
88	82	24	56.175453
89	82	156	49.988575
90	82	356	36.093925
91	82	385	36.089378
92	82	1679	45.48275
93	82	1690	42.707596
94	82	95	34.001991
95	82	96	33.470119
96	82	1744	42.389778
97	82	1745	38.906536
98	82	1746	20.9482
99	82	786	6.238032
100	82	1747	0.194158
101	82	1700	1.631986
102	82	1711	9.187316
103	82	1748	19.353575
104	82	1749	25.07399
105	82	140	21.225674
106	82	568	14.529737
107	82	1102	19.771627
108	82	1102	30.903351
109	82	568	30.822111
110	82	141	19.044472
111	82	118	11.662336
112	82	156	13.773796
113	82	118	22.937885
114	82	25	39.622047
115	82	23	55.150318
116	82	12	52.409248
117	82	25	43.688354
118	82	24	34.038837
119	82	24	28.406902
120	82	23	18.205423
121	82	23	14.085004
122	82	23	33.289921
123	82	12	63.410187
124	82	24	79.589073
125	82	25	67.034859
126	82	24	35.142147
127	82	24	10.946481
128	82	12	0
0	83	25	0
1	83	12	-69.73101
2	83	12	-38.652073
3	83	23	-6.504757
4	83	23	-4.530211
5	83	12	-35.313969
6	83	25	-19.615625
7	83	533	-9.217139
8	83	739	-6.622038
9	83	816	10.604386
10	83	410	12.941287
11	83	634	5.930609
12	83	356	9.45962
13	83	118	27.11202
14	83	492	53.188068
15	83	1313	67.237038
16	83	74	64.063889
17	83	24	54.003895
18	83	25	51.917759
19	83	1233	49.036274
20	83	1235	37.364925
21	83	1235	25.012756
22	83	1234	20.342796
23	83	1260	16.956217
24	83	1318	11.877247
25	83	1750	8.696673
26	83	1751	8.895621
27	83	1752	8.771095
28	83	1753	15.072581
29	83	568	18.032711
30	83	141	18.667601
31	83	118	19.910181
32	83	99	25.649078
33	83	142	27.448818
34	83	161	21.422527
35	83	260	9.631907
36	83	142	4.629246
37	83	260	2.494079
38	83	142	0.635481
39	83	161	0
40	83	124	0
41	83	535	0
42	83	122	1.44741
43	83	23	6.500173
44	83	23	6.771629
45	83	124	5.94118
46	83	124	10.304257
47	83	161	16.008638
48	83	161	17.903372
49	83	124	17.936304
50	83	161	15.989963
51	83	161	10.55249
52	83	124	9.86197
53	83	124	12.944092
54	83	161	17.828001
55	83	124	18.3985
56	83	124	18.236162
57	83	260	11.992797
58	83	101	10.248382
59	83	101	17.365398
60	83	100	26.066168
61	83	24	23.066563
62	83	25	20.016666
63	83	121	21.509779
64	83	259	32.586765
65	83	535	35.591331
66	83	261	29.452978
67	83	259	20.40266
68	83	260	14.001282
69	83	101	17.287851
70	83	142	23.151058
71	83	125	33.196476
72	83	25	32.047878
73	83	1754	25.149622
74	83	23	22.926577
75	83	25	37.468159
76	83	1755	59.173721
77	83	1741	65.178062
78	83	37	52.21743
79	83	1742	33.025879
80	83	1756	27.618206
81	83	1338	29.012606
82	83	1234	26.612144
83	83	1260	17.298996
84	83	1757	7.903432
85	83	118	3.91754
86	83	25	10.689626
87	83	25	27.81616
88	83	25	42.118755
89	83	25	40.193848
90	83	156	30.4049
91	83	370	35.633541
92	83	568	47.301098
93	83	467	49.377205
94	83	25	38.27956
95	83	1758	28.258541
96	83	1759	30.573814
97	83	1746	25.091789
98	83	1609	13.419785
99	83	1679	3.625805
100	83	1604	0
101	83	1102	0.236823
102	83	141	5.977397
103	83	370	13.308784
104	83	568	19.060022
105	83	568	22.493877
106	83	568	22.37525
107	83	141	27.730118
108	83	370	32.391979
109	83	467	33.11898
110	83	25	24.955286
111	83	25	18.62359
112	83	23	23.528316
113	83	24	34.076248
114	83	24	39.453442
115	83	12	37.333973
116	83	12	26.78204
117	83	23	33.570515
118	83	24	44.676311
119	83	25	41.958515
120	83	25	28.517147
121	83	12	19.878567
122	83	24	34.737015
123	83	23	60.904274
124	83	25	74.410538
125	83	25	65.165146
126	83	12	34.155548
127	83	25	12.020315
128	83	23	0
0	84	24	0
1	84	25	-74.809555
2	84	12	-51.298138
3	84	23	-27.088919
4	84	25	-22.880964
5	84	23	-22.107124
6	84	50	-29.178337
7	84	1561	14.366751
8	84	929	-2.075513
9	84	1578	46.340267
10	84	393	28.578592
11	84	51	-5.452802
12	84	50	-24.921442
13	84	567	-14.428356
14	84	467	16.610661
15	84	12	35.469643
16	84	25	36.252415
17	84	1233	35.147175
18	84	1316	38.969521
19	84	1317	42.338554
20	84	1317	40.984375
21	84	1261	44.855339
22	84	23	57.181831
23	84	1262	50.254383
24	84	1263	25.920292
25	84	1760	2.91772
26	84	1761	3.274875
27	84	1403	7.418807
28	84	1102	15.51438
29	84	1339	21.473822
30	84	1762	22.641026
31	84	411	26.731354
32	84	161	35.254456
33	84	124	38.226803
34	84	161	28.013407
35	84	124	12.032404
36	84	161	2.062381
37	84	124	0.283982
38	84	161	0
39	84	161	0
40	84	125	0
41	84	99	0
42	84	100	2.259858
43	84	25	6.977704
44	84	124	7.776304
45	84	124	9.026801
46	84	124	9.918215
47	84	161	11.123707
48	84	535	13.455148
49	84	259	17.911392
50	84	535	19.016087
51	84	261	18.29072
52	84	259	20.186583
53	84	161	26.045811
54	84	161	28.80829
55	84	535	26.328085
56	84	259	22.989059
57	84	124	19.032829
58	84	161	14.65149
59	84	260	17.100079
60	84	100	25.083681
61	84	12	28.241552
62	84	99	27.570662
63	84	142	27.029364
64	84	260	31.989466
65	84	100	34.812462
66	84	121	29.442837
67	84	259	16.130871
68	84	161	8.810439
69	84	124	11.0528
70	84	260	24.11478
71	84	101	36.410538
72	84	1763	35.906982
73	84	12	28.524382
74	84	25	24.098415
75	84	1552	39.458801
76	84	37	56.95414
77	84	37	67.638092
78	84	1764	63.948132
79	84	1385	54.370758
80	84	1360	56.930695
81	84	1291	58.228119
82	84	12	43.776035
83	84	24	21.827335
84	84	24	4.641665
85	84	24	2.636547
86	84	25	4.928881
87	84	24	13.987654
88	84	23	24.984644
89	84	24	29.303253
90	84	156	24.317799
91	84	356	26.358137
92	84	118	33.42601
93	84	24	33.380688
94	84	492	25.610683
95	84	1717	19.875111
96	84	1765	18.964386
97	84	1766	14.796112
98	84	1767	7.254995
99	84	1768	0.994464
100	84	568	0
101	84	507	0
102	84	140	0.997628
103	84	141	4.610516
104	84	370	12.860426
105	84	1723	23.591078
106	84	1769	30.935139
107	84	634	35.959442
108	84	118	34.151745
109	84	23	28.15485
110	84	25	24.34083
111	84	25	18.765667
112	84	25	24.305857
113	84	25	38.847252
114	84	24	49.254555
115	84	12	41.018715
116	84	23	32.864368
117	84	23	44.087444
118	84	12	61.076366
119	84	25	59.602291
120	84	25	36.583252
121	84	12	29.203716
122	84	12	36.349583
123	84	23	48.137402
124	84	12	48.70414
125	84	12	36.111713
126	84	24	20.003134
127	84	24	5.020658
128	84	23	0
0	85	25	0
1	85	25	-77.359146
2	85	23	-66.300339
3	85	12	-49.997089
4	85	12	-30.714916
5	85	533	-6.151063
6	85	761	60.746323
7	85	1355	27.41296
8	85	528	34.095387
9	85	1561	39.838165
10	85	93	-11.274924
11	85	1561	-17.311562
12	85	509	-45.089012
13	85	118	-33.492664
14	85	24	-12.225767
15	85	12	2.451414
16	85	1260	8.941762
17	85	1261	8.541571
18	85	24	16.538618
19	85	23	21.091511
20	85	23	29.938204
21	85	24	54.341213
22	85	1260	82.272186
23	85	1261	79.057945
24	85	492	48.799126
25	85	1770	13.692657
26	85	1771	2.284096
27	85	883	3.785311
28	85	1404	9.572773
29	85	1529	15.035642
30	85	1362	16.084818
31	85	161	23.564703
32	85	124	34.028278
33	85	161	40.037151
34	85	124	27.769766
35	85	161	10.670171
36	85	161	0.923593
37	85	124	0
38	85	161	0
39	85	260	0
40	85	334	0
41	85	122	0.060945
42	85	25	11.159826
43	85	161	20.974968
44	85	535	23.171347
45	85	259	17.708246
46	85	535	10.550694
47	85	357	7.704295
48	85	142	9.16898
49	85	125	14.84607
50	85	99	17.923775
51	85	142	19.517078
52	85	124	25.340725
53	85	535	30.788267
54	85	357	30.954554
55	85	334	30.867361
56	85	259	29.494093
57	85	124	27.81332
58	85	535	19.079212
59	85	357	16.150696
60	85	100	17.024618
61	85	121	24.842207
62	85	261	27.943338
63	85	261	28.699093
64	85	122	29.735743
65	85	25	33.583519
66	85	121	34.963932
67	85	259	27.441479
68	85	124	12.645723
69	85	124	9.311321
70	85	535	20.176086
71	85	122	31.513718
72	85	24	33.317551
73	85	1567	25.468803
74	85	1348	19.895823
75	85	37	27.111065
76	85	1742	37.414368
77	85	1772	52.281574
78	85	1316	61.323864
79	85	1317	73.883965
80	85	1261	88.133102
81	85	23	88.069283
82	85	25	61.801147
83	85	25	29.203857
84	85	25	9.774364
85	85	24	14.903065
86	85	12	24.290615
87	85	25	27.734592
88	85	23	27.789715
89	85	25	30.449789
90	85	25	28.228256
91	85	332	21.628096
92	85	116	16.307489
93	85	117	13.157059
94	85	1773	8.75541
95	85	1774	7.187418
96	85	1775	7.29871
97	85	15	4.905402
98	85	1776	1.183843
99	85	1767	0
100	85	1777	1.346455
101	85	1620	5.685236
102	85	118	7.890863
103	85	156	6.65744
104	85	1778	10.230523
105	85	1779	26.993713
106	85	1780	42.091385
107	85	24	39.864094
108	85	23	28.759405
109	85	332	20.344608
110	85	384	20.447407
111	85	25	16.51885
112	85	25	19.791443
113	85	12	31.362804
114	85	23	42.463257
115	85	25	41.027973
116	85	23	40.785023
117	85	25	50.075798
118	85	24	64.925377
119	85	12	54.408504
120	85	25	41.234615
121	85	23	43.03577
122	85	23	58.828278
123	85	12	52.73798
124	85	25	33.199951
125	85	24	12.969508
126	85	23	2.704626
127	85	25	0.582749
128	85	24	0
0	86	12	0
1	86	25	-75.748428
2	86	12	-63.836987
3	86	12	-44.308727
4	86	25	-27.02136
5	86	533	-1.02541
6	86	1314	21.850033
7	86	569	57.616756
8	86	437	105.36087
9	86	345	69.468468
10	86	816	-4.758545
11	86	410	-72.946892
12	86	51	-37.601257
13	86	23	-25.690319
14	86	12	-7.323974
15	86	12	-2.129096
16	86	23	-0.018545
17	86	25	0.023982
18	86	1233	1.564995
19	86	1234	4.078435
20	86	23	12.908718
21	86	24	44.214733
22	86	1233	76.040314
23	86	1403	82.795227
24	86	1102	51.010067
25	86	1737	23.481508
26	86	1662	9.952065
27	86	1362	6.897504
28	86	535	5.488133
29	86	259	5.108151
30	86	161	7.88788
31	86	124	13.657911
32	86	124	26.136955
33	86	124	30.876274
34	86	161	22.39576
35	86	124	7.611409
36	86	124	0.96883
37	86	161	0
38	86	124	0
39	86	125	0
40	86	24	0
41	86	23	2.664323
42	86	124	17.93862
43	86	125	31.732103
44	86	121	34.846802
45	86	122	24.151285
46	86	123	11.367575
47	86	124	8.817798
48	86	125	9.908947
49	86	123	13.929471
50	86	161	16.120092
51	86	124	15.132763
52	86	260	19.80818
53	86	142	23.885422
54	86	260	27.633539
55	86	334	28.110701
56	86	259	32.655312
57	86	260	36.228188
58	86	142	29.096052
59	86	260	17.959675
60	86	101	12.378095
61	86	101	16.914415
62	86	101	23.48918
63	86	100	23.453487
64	86	23	24.64106
65	86	12	36.081364
66	86	121	43.847847
67	86	261	38.423916
68	86	259	18.909708
69	86	260	8.439354
70	86	100	17.568142
71	86	1567	27.917625
72	86	1348	29.42865
73	86	37	22.399368
74	86	1349	17.73992
75	86	1781	15.720299
76	86	1317	19.663157
77	86	1261	29.072025
78	86	12	47.066906
79	86	23	72.143044
80	86	12	93.077995
81	86	24	94.133499
82	86	25	65.925629
83	86	24	29.333214
84	86	23	17.94058
85	86	12	34.007824
86	86	23	51.734402
87	86	23	53.897556
88	86	25	46.371952
89	86	25	41.107651
90	86	156	33.497635
91	86	370	24.918882
92	86	467	14.996662
93	86	12	7.279434
94	86	25	1.74821
95	86	1782	0.31972
96	86	15	0.630316
97	86	15	0.122828
98	86	15	0
99	86	669	0
100	86	1783	4.243881
101	86	1504	10.917104
102	86	12	14.961633
103	86	508	11.921256
104	86	1784	15.232113
105	86	1785	34.546284
106	86	23	53.030838
107	86	23	48.469036
108	86	532	26.45997
109	86	531	20.262318
110	86	25	26.073278
111	86	50	26.292557
112	86	51	15.020217
113	86	24	17.259758
114	86	25	28.700701
115	86	332	37.757908
116	86	384	46.680176
117	86	25	47.303207
118	86	24	47.033958
119	86	24	39.62849
120	86	24	44.023903
121	86	24	66.540199
122	86	12	82.211044
123	86	23	67.449692
124	86	12	36.187309
125	86	25	8.881348
126	86	12	0
127	86	23	0
128	86	25	0
0	87	25	0
1	87	332	-82.390381
2	87	1383	-61.558353
3	87	51	-36.78915
4	87	23	-12.74613
5	87	156	1.827659
6	87	1548	17.526785
7	87	346	54.576565
8	87	368	102.31871
9	87	74	59.309669
10	87	533	-16.351334
11	87	74	-77.633102
12	87	24	-74.571495
13	87	24	-51.761669
14	87	24	5.586282
15	87	1233	5.346334
16	87	1235	0.064191
17	87	1290	0
18	87	1291	0
19	87	12	0
20	87	24	1.220699
21	87	1262	19.003899
22	87	1786	41.708141
23	87	1424	46.467484
24	87	141	39.045013
25	87	1676	27.401587
26	87	1738	26.521763
27	87	122	23.705576
28	87	1706	12.445294
29	87	857	4.416913
30	87	161	2.19613
31	87	161	7.335632
32	87	124	16.742226
33	87	161	20.132761
34	87	161	14.722026
35	87	124	6.003016
36	87	535	0.796266
37	87	261	0
38	87	122	0
39	87	23	0
40	87	25	0
41	87	124	2.70717
42	87	125	16.382278
43	87	25	29.143961
44	87	99	33.820911
45	87	142	28.050554
46	87	535	16.650305
47	87	357	14.576571
48	87	142	13.530449
49	87	124	18.585112
50	87	161	18.014816
51	87	124	14.181232
52	87	124	12.037198
53	87	535	12.951197
54	87	122	19.502476
55	87	123	26.112747
56	87	161	30.806047
57	87	124	34.614014
58	87	535	29.918142
59	87	259	22.861183
60	87	124	17.403345
61	87	124	17.747477
62	87	260	18.713179
63	87	101	14.749652
64	87	100	14.740507
65	87	99	29.643723
66	87	100	43.223335
67	87	121	40.68549
68	87	259	25.508451
69	87	1787	13.29139
70	87	1348	20.440117
71	87	37	34.775131
72	87	37	39.559753
73	87	1788	36.474899
74	87	1235	31.743093
75	87	1234	30.386847
76	87	1233	28.871044
77	87	1234	28.48992
78	87	25	34.976646
79	87	12	53.381668
80	87	24	71.875732
81	87	25	70.194977
82	87	25	49.824768
83	87	24	21.792995
84	87	12	17.541185
85	87	23	41.058048
86	87	24	64.568375
87	87	24	64.651779
88	87	23	48.205273
89	87	12	32.577736
90	87	156	25.517761
91	87	118	23.691051
92	87	23	19.639767
93	87	13	13.483222
94	87	14	8.028928
95	87	15	6.159728
96	87	1789	8.301653
97	87	1790	7.368631
98	87	1791	2.574476
99	87	1792	0.046515
100	87	1521	4.7028
101	87	332	11.75374
102	87	140	16.979361
103	87	1313	15.830423
104	87	74	18.998175
105	87	12	39.862656
106	87	332	60.008968
107	87	1578	55.239498
108	87	393	34.071369
109	87	51	28.269312
110	87	533	34.956707
111	87	74	31.855789
112	87	23	19.702436
113	87	24	9.143686
114	87	156	20.824696
115	87	118	41.560307
116	87	24	54.620239
117	87	25	49.480503
118	87	25	38.268383
119	87	24	40.795654
120	87	12	60.49445
121	87	12	92.659943
122	87	25	98.889977
123	87	24	69.589851
124	87	23	33.30225
125	87	24	9.978707
126	87	50	0.462984
127	87	247	0
128	87	51	0
0	88	492	0
1	88	569	-105.539742
2	88	740	-75.772186
3	88	25	-27.689087
4	88	332	8.155789
5	88	1793	27.958075
6	88	1355	38.568172
7	88	507	47.814087
8	88	384	73.715576
9	88	23	29.967136
10	88	332	-38.636372
11	88	384	-71.859062
12	88	25	-60.004017
13	88	1233	-47.754841
14	88	1290	-33.508205
15	88	1360	39.738789
16	88	1360	32.750149
17	88	1291	-24.414055
18	88	1233	-28.489475
19	88	1235	12.560371
20	88	1290	-25.498932
21	88	1401	-33.129742
22	88	1720	10.489589
23	88	467	16.149321
24	88	156	16.378433
25	88	118	24.388451
26	88	24	37.731495
27	88	156	35.392025
28	88	909	21.273737
29	88	259	8.211612
30	88	161	1.072543
31	88	124	4.258726
32	88	124	8.853235
33	88	161	10.406875
34	88	161	7.584561
35	88	1292	3.199572
36	88	1234	0.311014
37	88	23	0
38	88	25	0
39	88	23	0
40	88	161	0
41	88	125	0.21376
42	88	25	7.943252
43	88	121	18.319498
44	88	259	29.538887
45	88	260	31.263971
46	88	142	26.092253
47	88	124	21.067759
48	88	161	15.677128
49	88	535	17.360559
50	88	259	18.971649
51	88	535	15.675063
52	88	122	10.421195
53	88	25	11.671803
54	88	123	17.245169
55	88	535	19.281746
56	88	259	21.101318
57	88	260	21.647734
58	88	142	21.806007
59	88	124	23.717762
60	88	124	23.602732
61	88	1794	23.791553
62	88	1795	17.72632
63	88	1796	9.682702
64	88	1797	7.914906
65	88	1798	19.691368
66	88	1799	33.385586
67	88	1800	36.202805
68	88	1801	25.997097
69	88	37	18.549532
70	88	1349	29.208237
71	88	1802	47.118187
72	88	1756	58.624866
73	88	1263	60.113167
74	88	1261	60.028099
75	88	1260	60.699532
76	88	1261	56.813534
77	88	12	47.440777
78	88	12	36.685955
79	88	25	33.98024
80	88	25	37.032097
81	88	12	38.697254
82	88	12	26.793491
83	88	23	7.857517
84	88	23	9.925964
85	88	24	28.014999
86	88	12	43.890301
87	88	12	42.236706
88	88	24	28.125748
89	88	24	15.310537
90	88	25	12.122066
91	88	99	16.096653
92	88	1803	20.053688
93	88	1775	17.686649
94	88	1789	12.954932
95	88	1804	13.373713
96	88	161	17.588232
97	88	1805	15.776656
98	88	1521	8.749385
99	88	25	2.003143
100	88	156	2.173432
101	88	356	7.258543
102	88	118	11.750397
103	88	24	14.107147
104	88	23	21.846603
105	88	156	44.162842
106	88	410	59.557907
107	88	62	53.026703
108	88	74	33.421711
109	88	23	24.97699
110	88	12	29.852598
111	88	50	31.49761
112	88	51	23.767076
113	88	332	11.44249
114	88	116	24.24851
115	88	384	45.949787
116	88	12	63.493347
117	88	25	61.1763
118	88	24	53.858593
119	88	25	65.054955
120	88	12	92.567802
121	88	25	108.626755
122	88	23	95.411682
123	88	12	59.289639
124	88	25	25.695639
125	88	737	6.952071
126	88	570	0.620366
127	88	74	0
128	88	492	0
0	89	1313	0
1	89	393	-83.740562
2	89	51	-50.998558
3	89	156	-34.214245
4	89	1548	28.779161
5	89	605	51.45554
6	89	1355	42.015194
7	89	507	64.547066
8	89	384	41.124195
9	89	156	-1.152069
10	89	118	-32.948441
11	89	24	-41.661964
12	89	1260	-35.714638
13	89	1385	-41.312954
14	89	1594	1.783915
15	89	1401	44.422203
16	89	1338	-16.138859
17	89	1290	31.380512
18	89	1594	7.978131
19	89	1594	-15.048112
20	89	1401	-0.609923
21	89	1726	-33.050518
22	89	118	-41.787064
23	89	12	-3.496177
24	89	1233	1.344589
25	89	1234	3.813442
26	89	25	21.216135
27	89	99	28.366028
28	89	142	18.596237
29	89	124	7.572991
30	89	161	0.26383
31	89	161	0.626125
32	89	124	2.663298
33	89	1595	3.525913
34	89	1806	2.775172
35	89	1261	0.938688
36	89	12	0
37	89	24	0
38	89	24	1.230243
39	89	161	3.184269
40	89	260	2.693353
41	89	101	0.841504
42	89	1807	4.948434
43	89	1808	17.939741
44	89	161	33.596649
45	89	124	38.527214
46	89	161	32.682335
47	89	535	21.565514
48	89	357	13.293816
49	89	142	13.07943
50	89	260	17.461138
51	89	100	16.631977
52	89	23	16.838535
53	89	123	17.229494
54	89	260	23.490034
55	89	142	23.529127
56	89	124	13.459352
57	89	124	7.873115
58	89	124	12.496708
59	89	124	19.971054
60	89	1809	25.817186
61	89	37	23.925644
62	89	1810	17.788593
63	89	1801	10.678042
64	89	37	5.512118
65	89	37	8.86111
66	89	37	18.186762
67	89	37	23.91884
68	89	1811	22.341938
69	89	1812	20.903973
70	89	1260	30.880505
71	89	1317	48.97641
72	89	1261	66.915916
73	89	25	74.05455
74	89	12	78.378021
75	89	24	77.124107
76	89	24	72.40728
77	89	25	59.086369
78	89	25	41.961651
79	89	12	25.718912
80	89	12	17.919254
81	89	12	14.09743
82	89	25	8.036071
83	89	23	2.4939
84	89	12	1.251429
85	89	12	8.373573
86	89	23	15.89169
87	89	23	15.5879
88	89	25	7.240526
89	89	23	1.21106
90	89	123	2.397121
91	89	125	9.15362
92	89	1813	13.543158
93	89	1814	12.485037
94	89	161	10.795962
95	89	161	14.248952
96	89	125	21.310936
97	89	12	21.171961
98	89	12	12.776512
99	89	12	4.375822
100	89	25	0.122307
101	89	24	1.162602
102	89	12	5.33097
103	89	23	11.013789
104	89	23	27.899485
105	89	508	47.693111
106	89	275	54.969761
107	89	332	42.26273
108	89	384	20.811565
109	89	23	13.490557
110	89	533	17.994085
111	89	74	23.475304
112	89	492	22.795523
113	89	1102	18.405149
114	89	528	25.126551
115	89	51	41.854809
116	89	24	58.407269
117	89	50	71.446991
118	89	247	73.318871
119	89	247	92.203041
120	89	247	106.737221
121	89	51	106.181198
122	89	12	86.249741
123	89	23	50.38752
124	89	533	21.063578
125	89	74	8.394833
126	89	23	1.097427
127	89	532	0
128	89	981	0
0	90	1561	0
1	90	275	-100.542938
2	90	12	-119.198875
3	90	492	-57.116726
4	90	569	0.303818
5	90	437	23.909033
6	90	530	7.748286
7	90	118	-0.702246
8	90	23	-30.421492
9	90	23	-39.728802
10	90	23	-23.044184
11	90	12	-9.466244
12	90	1262	-24.194626
13	90	1401	-36.488777
14	90	1360	14.095946
15	90	1401	92.342819
16	90	1401	62.875
17	90	1594	39.635498
18	90	1360	7.824666
19	90	1263	22.537201
20	90	1261	-16.739847
21	90	12	-33.698624
22	90	332	-64.015579
23	90	1815	-31.273964
24	90	1734	-32.759315
25	90	116	-34.750504
26	90	411	-18.366148
27	90	124	3.221714
28	90	161	8.118406
29	90	161	3.271615
30	90	124	0
31	90	535	0
32	90	1739	0
33	90	1261	0
34	90	12	0
35	90	24	0
36	90	12	0
37	90	1233	1.574715
38	90	261	6.514438
39	90	261	10.404527
40	90	261	11.255321
41	90	1816	7.049847
42	90	1817	12.170497
43	90	161	24.253025
44	90	124	41.033607
45	90	535	45.087875
46	90	122	34.558929
47	90	123	17.698404
48	90	124	4.928967
49	90	161	5.237176
50	90	260	11.257195
51	90	101	17.106762
52	90	142	19.40473
53	90	161	22.702961
54	90	124	30.472731
55	90	161	27.971609
56	90	161	16.391491
57	90	161	3.785552
58	90	1794	8.74147
59	90	1801	16.089046
60	90	37	19.315063
61	90	37	18.277674
62	90	1349	15.010998
63	90	1818	11.06327
64	90	1819	8.00749
65	90	37	5.606676
66	90	1811	7.697439
67	90	1820	13.458045
68	90	260	17.90159
69	90	1562	19.055838
70	90	1234	25.686016
71	90	25	36.347404
72	90	25	49.612095
73	90	24	57.238316
74	90	12	59.030571
75	90	12	57.057178
76	90	25	52.110668
77	90	23	44.974117
78	90	12	36.067261
79	90	23	26.77327
80	90	25	17.033003
81	90	12	8.171331
82	90	12	3.199615
83	90	23	0.765558
84	90	12	0
85	90	23	0
86	90	25	0
87	90	99	0
88	90	101	0
89	90	142	0
90	90	260	0.099457
91	90	101	2.433492
92	90	334	5.289635
93	90	259	4.441983
94	90	161	3.629343
95	90	260	8.61322
96	90	100	14.838632
97	90	24	17.830414
98	90	23	15.531899
99	90	24	9.304539
100	90	23	2.625255
101	90	23	0.244554
102	90	25	2.360794
103	90	12	16.018253
104	90	156	38.996044
105	90	118	56.961025
106	90	156	52.584351
107	90	118	29.769123
108	90	25	10.918264
109	90	25	11.113355
110	90	332	18.022461
111	90	140	23.549168
112	90	468	22.661901
113	90	1380	20.776127
114	90	275	18.216288
115	90	50	24.110527
116	90	763	39.219601
117	90	320	62.294224
118	90	320	74.429054
119	90	320	85.076782
120	90	416	91.583496
121	90	51	85.507904
122	90	23	70.092278
123	90	12	46.472275
124	90	23	27.960665
125	90	50	12.063185
126	90	763	2.848117
127	90	570	0
128	90	761	0
0	91	1384	0
1	91	384	-54.101002
2	91	492	-34.899269
3	91	1400	-0.622983
4	91	368	29.875898
5	91	393	29.267996
6	91	51	2.403997
7	91	332	-23.429281
8	91	384	-94.159599
9	91	24	-78.040367
10	91	23	-47.196556
11	91	1262	-35.033382
12	91	1360	-54.767071
13	91	1360	-66.067474
14	91	1360	-13.452992
15	91	1360	53.290222
16	91	1263	60.062313
17	91	1385	47.231777
18	91	1291	-7.891542
19	91	24	27.82807
20	91	24	-4.348811
21	91	156	-34.95607
22	91	118	-86.279671
23	91	492	-78.335304
24	91	1102	-47.441456
25	91	1821	-58.554558
26	91	261	-57.931587
27	91	259	-24.646175
28	91	124	-1.405087
29	91	161	2.330327
30	91	125	2.115645
31	91	12	1.259562
32	91	12	1.389427
33	91	23	0
34	91	23	0
35	91	24	0
36	91	1260	0
37	91	24	3.487059
38	91	23	10.941107
39	91	99	21.637352
40	91	101	23.245258
41	91	142	17.091078
42	91	124	17.92149
43	91	535	27.740391
44	91	122	40.654942
45	91	99	42.121056
46	91	142	32.546623
47	91	535	15.84895
48	91	259	3.740636
49	91	124	2.946694
50	91	161	13.080304
51	91	161	21.420097
52	91	124	24.900192
53	91	124	31.084772
54	91	161	37.358551
55	91	124	36.930851
56	91	161	20.021437
57	91	1809	9.114528
58	91	37	12.128817
59	91	37	17.769196
60	91	37	16.083748
61	91	1370	10.12475
62	91	121	11.032837
63	91	1822	15.765706
64	91	1823	16.426741
65	91	1824	10.322239
66	91	1596	6.228895
67	91	161	7.577797
68	91	1610	14.539238
69	91	1825	18.522772
70	91	1562	18.994438
71	91	1234	21.695024
72	91	25	26.346039
73	91	25	28.674759
74	91	24	27.711725
75	91	23	25.340851
76	91	25	21.812561
77	91	25	23.296938
78	91	12	27.832104
79	91	23	30.873493
80	91	24	28.155523
81	91	25	21.177612
82	91	12	13.663888
83	91	12	8.842233
84	91	23	4.727571
85	91	25	1.04709
86	91	123	0
87	91	124	0
88	91	161	0
89	91	161	0
90	91	161	0
91	91	260	0
92	91	142	0
93	91	124	0
94	91	535	0
95	91	122	1.288449
96	91	25	6.822724
97	91	25	14.829548
98	91	24	19.814085
99	91	12	16.493856
100	91	23	8.553489
101	91	25	1.449384
102	91	25	2.446372
103	91	25	21.017801
104	91	25	48.763416
105	91	24	64.207756
106	91	24	52.176067
107	91	24	27.652109
108	91	23	20.119316
109	91	156	28.219208
110	91	356	34.707092
111	91	493	30.381588
112	91	437	29.465059
113	91	981	27.981535
114	91	62	28.688112
115	91	738	28.298096
116	91	739	36.410351
117	91	320	49.687248
118	91	320	65.443542
119	91	570	62.401443
120	91	74	56.677105
121	91	12	48.470482
122	91	50	49.876415
123	91	51	40.537663
124	91	737	26.495655
125	91	570	12.874122
126	91	74	3.303015
127	91	508	0.017207
128	91	605	0
0	92	531	0
1	92	156	-20.61928
2	92	370	-15.029771
3	92	467	-11.144569
4	92	533	-16.522038
5	92	393	-30.129494
6	92	567	-53.322399
7	92	467	-69.457878
8	92	24	-71.576843
9	92	1233	-57.828384
10	92	1290	-44.151001
11	92	1360	-40.872162
12	92	1263	-52.077499
13	92	1385	-58.626904
14	92	1263	-21.458715
15	92	1318	-25.648651
16	92	1316	25.200422
17	92	1826	-8.807517
18	92	1827	-13.118443
19	92	384	-3.648453
20	92	24	-9.442511
21	92	24	-68.007927
22	92	156	-72.597397
23	92	356	-58.548592
24	92	118	-16.139959
25	92	25	-40.367649
26	92	1706	-44.549206
27	92	1738	-24.152344
28	92	261	9.338914
29	92	122	12.599143
30	92	25	11.878976
31	92	24	16.081318
32	92	23	15.940292
33	92	12	11.647309
34	92	23	2.765769
35	92	25	0.225535
36	92	12	0.066636
37	92	25	4.487568
38	92	121	13.912872
39	92	259	25.545031
40	92	535	32.027
41	92	261	27.591537
42	92	122	22.077976
43	92	25	22.007166
44	92	123	30.477682
45	92	161	37.104939
46	92	260	33.10611
47	92	142	21.13328
48	92	124	9.824173
49	92	535	6.266768
50	92	259	18.324703
51	92	161	29.903439
52	92	161	30.702372
53	92	124	36.356262
54	92	535	40.187679
55	92	259	40.082123
56	92	1809	25.245842
57	92	37	13.709959
58	92	1349	18.175762
59	92	1818	21.924238
60	92	1812	15.894507
61	92	1828	10.324236
62	92	99	15.255624
63	92	101	24.592146
64	92	1686	25.803436
65	92	1829	17.009579
66	92	1596	7.306943
67	92	161	5.047417
68	92	124	9.501431
69	92	1610	15.198301
70	92	1687	17.428455
71	92	1235	15.518761
72	92	1234	13.882115
73	92	12	12.114423
74	92	24	9.573414
75	92	25	5.742592
76	92	12	4.107826
77	92	12	10.502128
78	92	12	22.637291
79	92	12	36.69648
80	92	23	40.878567
81	92	12	35.075813
82	92	23	24.987593
83	92	12	17.671022
84	92	99	10.708608
85	92	142	4.111681
86	92	124	0.399193
87	92	124	0
88	92	161	0
89	92	124	0
90	92	161	0
91	92	161	0
92	92	124	0
93	92	260	0
94	92	100	0
95	92	24	0
96	92	24	3.428554
97	92	25	13.557586
98	92	24	23.822496
99	92	24	25.213144
100	92	23	15.937618
101	92	23	4.567442
102	92	12	3.03193
103	92	23	19.566475
104	92	23	46.256752
105	92	24	59.523708
106	92	24	44.41227
107	92	332	24.471636
108	92	116	26.855267
109	92	116	41.724445
110	92	1578	48.642246
111	92	739	36.071865
112	92	320	30.565022
113	92	416	35.894466
114	92	247	44.891216
115	92	763	48.313519
116	92	320	51.545052
117	92	320	55.224617
118	92	416	50.420731
119	92	247	36.951698
120	92	51	23.918915
121	92	737	23.401283
122	92	762	26.080961
123	92	604	26.621805
124	92	929	21.109352
125	92	116	10.732963
126	92	117	2.337606
127	92	606	0.294027
128	92	115	0
0	93	384	0
1	93	492	5.35217
2	93	507	5.789698
3	93	116	1.324391
4	93	604	-15.208021
5	93	509	-32.850555
6	93	118	-40.532635
7	93	25	-40.054707
8	93	1260	-40.625195
9	93	1385	-46.89579
10	93	1263	-57.612366
11	93	1261	-64.02404
12	93	1260	-61.737709
13	93	1318	-52.959042
14	93	1316	-43.555222
15	93	1318	-34.07515
16	93	1720	-47.512344
17	93	568	-58.161804
18	93	507	-44.356384
19	93	384	-30.729614
20	93	332	-14.276779
21	93	384	-79.359818
22	93	332	-88.466545
23	93	384	-17.717325
24	93	25	-28.000082
25	93	492	-20.257895
26	93	467	-44.769302
27	93	23	-5.859292
28	93	99	13.34186
29	93	101	18.348158
30	93	101	19.729769
31	93	100	31.110546
32	93	12	33.025177
33	93	23	32.648006
34	93	24	23.111334
35	93	12	12.083969
36	93	23	8.009027
37	93	23	12.309968
38	93	123	20.40386
39	93	125	26.265236
40	93	23	34.181919
41	93	1028	33.495602
42	93	1830	26.456923
43	93	142	20.197493
44	93	535	23.023842
45	93	261	30.263285
46	93	261	32.685905
47	93	261	24.742199
48	93	357	12.913803
49	93	142	7.479363
50	93	124	18.665024
51	93	535	28.65057
52	93	259	29.648739
53	93	125	31.784391
54	93	121	36.385864
55	93	1831	37.165478
56	93	37	24.702745
57	93	1832	16.215918
58	93	142	18.435738
59	93	260	22.270603
60	93	101	16.199963
61	93	334	12.666165
62	93	259	18.020264
63	93	161	29.247007
64	93	1610	29.369265
65	93	1829	20.287956
66	93	1833	8.10891
67	93	259	3.255462
68	93	535	5.268349
69	93	1639	10.06126
70	93	1407	12.60746
71	93	1261	11.648048
72	93	12	9.357718
73	93	25	6.482654
74	93	25	4.169485
75	93	25	2.004637
76	93	23	1.72716
77	93	12	5.371202
78	93	23	16.674644
79	93	23	30.006107
80	93	99	36.946972
81	93	101	34.734135
82	93	101	27.363127
83	93	142	19.685768
84	93	535	12.719144
85	93	261	5.083194
86	93	259	0.751171
87	93	161	0
88	93	124	0
89	93	124	0
90	93	124	0
91	93	161	0
92	93	161	0
93	93	260	0
94	93	100	0
95	93	12	0
96	93	24	2.043267
97	93	24	11.376526
98	93	24	23.742151
99	93	25	27.832973
100	93	24	20.814079
101	93	25	8.889193
102	93	25	5.058593
103	93	25	17.037153
104	93	23	36.226887
105	93	12	43.561863
106	93	156	31.248268
107	93	356	18.050396
108	93	356	24.006613
109	93	385	42.011703
110	93	604	44.065498
111	93	1580	31.012663
112	93	320	22.913391
113	93	274	34.155827
114	93	1580	49.755447
115	93	320	60.270111
116	93	320	63.137058
117	93	274	62.86937
118	93	1580	45.869991
119	93	416	23.132349
120	93	1561	7.08932
121	93	605	7.124468
122	93	530	15.943046
123	93	356	25.026571
124	93	356	26.920013
125	93	118	18.569946
126	93	23	5.955462
127	93	156	0.775724
128	93	118	0
0	94	156	0
1	94	370	13.495093
2	94	141	17.54845
3	94	356	11.816714
4	94	118	-1.032127
5	94	23	-9.930954
6	94	23	4.706592
7	94	1233	15.333745
8	94	1316	9.523952
9	94	1318	-9.425828
10	94	1234	-27.514297
11	94	1233	-33.851448
12	94	1290	-28.206379
13	94	1338	-21.225159
14	94	1290	-18.353653
15	94	1720	-29.651217
16	94	1425	-51.334206
17	94	1424	-69.167648
18	94	507	-75.709023
19	94	140	-57.73423
20	94	467	-47.549053
21	94	156	-107.833832
22	94	118	-77.975983
23	94	23	-17.356773
24	94	156	28.066187
25	94	385	16.091782
26	94	1834	-18.627064
27	94	142	9.786345
28	94	161	12.119325
29	94	124	7.202938
30	94	125	7.687739
31	94	24	27.838688
32	94	25	43.442211
33	94	23	47.796375
34	94	12	40.067379
35	94	24	28.509602
36	94	12	27.419712
37	94	123	33.251251
38	94	260	37.951275
39	94	101	33.699787
40	94	1835	32.524803
41	94	1836	35.771671
42	94	161	32.164993
43	94	1837	22.078602
44	94	1033	18.314394
45	94	25	23.112778
46	94	99	24.496218
47	94	142	18.284836
48	94	535	8.613034
49	94	259	3.671738
50	94	125	10.633077
51	94	123	16.821779
52	94	260	16.733633
53	94	101	18.684874
54	94	1838	22.615833
55	94	37	26.230112
56	94	1810	19.32966
57	94	1839	12.742214
58	94	124	14.554399
59	94	161	14.423606
60	94	260	10.22562
61	94	142	8.598354
62	94	161	13.937466
63	94	124	20.970936
64	94	1610	20.685068
65	94	1840	13.482314
66	94	123	6.047827
67	94	125	1.294535
68	94	121	0.975386
69	94	122	3.458979
70	94	12	5.059597
71	94	25	5.470857
72	94	23	4.169706
73	94	24	3.090344
74	94	24	1.864551
75	94	24	0
76	94	23	1.01006
77	94	23	3.398275
78	94	25	8.666734
79	94	123	18.706638
80	94	124	25.983885
81	94	161	24.292803
82	94	161	19.206181
83	94	125	12.031017
84	94	24	7.90339
85	94	121	3.055223
86	94	259	0.319851
87	94	124	0
88	94	124	0
89	94	161	0
90	94	124	0
91	94	161	0
92	94	535	0
93	94	122	0
94	94	25	0
95	94	23	0
96	94	25	0.25113
97	94	24	6.755316
98	94	12	17.794207
99	94	12	25.520077
100	94	12	22.493759
101	94	99	13.178589
102	94	100	6.353529
103	94	99	13.233234
104	94	100	24.592688
105	94	99	28.463642
106	94	101	18.25423
107	94	100	10.160546
108	94	492	19.08913
109	94	568	37.687489
110	94	1400	43.491982
111	94	368	29.883543
112	94	1314	20.627565
113	94	1400	32.882671
114	94	1580	49.1446
115	94	320	57.014332
116	94	437	61.474705
117	94	1380	62.770683
118	94	1580	43.469128
119	94	301	15.833061
120	94	1313	5.257854
121	94	74	10.806504
122	94	12	27.130562
123	94	23	40.206318
124	94	99	44.666065
125	94	101	31.432358
126	94	101	14.006417
127	94	100	3.080454
128	94	12	0
0	95	156	0
1	95	118	12.107362
2	95	99	19.324158
3	95	100	19.744736
4	95	25	14.253963
5	95	23	17.112247
6	95	1260	31.004335
7	95	1318	46.971859
8	95	1316	39.590363
9	95	1261	17.763674
10	95	1260	-3.117181
11	95	1317	-2.87927
12	95	1317	3.602063
13	95	1760	7.551682
14	95	1841	-1.533968
15	95	1842	-16.273712
16	95	1721	-31.494492
17	95	568	-55.984512
18	95	568	-79.441261
19	95	507	-84.386497
20	95	384	-81.016235
21	95	25	-75.762146
22	95	24	-100.598526
23	95	25	-6.290463
24	95	156	7.010015
25	95	1843	7.550869
26	95	161	-8.043076
27	95	161	11.738325
28	95	535	9.666476
29	95	122	-8.723354
30	95	25	-10.873992
31	95	24	0.29989
32	95	23	20.671082
33	95	12	40.34993
34	95	24	43.632908
35	95	99	35.679405
36	95	142	38.771793
37	95	124	49.578892
38	95	124	51.655067
39	95	1844	38.187004
40	95	1845	28.267075
41	95	161	27.279478
42	95	1846	28.880287
43	95	1847	21.960566
44	95	99	14.767966
45	95	142	12.144262
46	95	124	10.981902
47	95	260	7.1477
48	95	142	3.148104
49	95	125	1.16872
50	95	123	2.421854
51	95	124	3.231978
52	95	1794	3.234751
53	95	1801	4.672771
54	95	37	10.320851
55	95	1811	12.632421
56	95	1820	12.652282
57	95	161	11.359774
58	95	161	11.673163
59	95	161	9.556436
60	95	161	3.541299
61	95	535	2.080043
62	95	261	6.083403
63	95	261	8.935003
64	95	122	8.90506
65	95	123	5.190221
66	95	125	1.565909
67	95	1233	0.028229
68	95	1234	0
69	95	99	0.472714
70	95	101	1.03154
71	95	100	1.144836
72	95	24	1.095023
73	95	99	1.029761
74	95	101	0.331319
75	95	100	0
76	95	24	0.798849
77	95	12	3.018365
78	95	123	5.548023
79	95	161	11.162098
80	95	124	17.016521
81	95	161	18.875349
82	95	260	12.804528
83	95	100	4.069621
84	95	99	2.437555
85	95	142	0.538136
86	95	161	0
87	95	535	0
88	95	259	0
89	95	161	0
90	95	161	0
91	95	125	0
92	95	99	0
93	95	100	0
94	95	12	0
95	95	12	0
96	95	99	0.436285
97	95	101	4.360646
98	95	100	15.891567
99	95	99	28.682356
100	95	334	28.449852
101	95	122	19.307507
102	95	123	7.676982
103	95	125	9.42628
104	95	123	15.001732
105	95	124	16.486885
106	95	260	10.293847
107	95	1685	11.003166
108	95	1848	27.337183
109	95	1848	46.530922
110	95	1849	52.926476
111	95	1850	44.96143
112	95	530	39.386024
113	95	493	37.279144
114	95	469	44.979527
115	95	1851	49.24213
116	95	1314	57.16724
117	95	1852	61.248837
118	95	1853	45.5499
119	95	1854	19.655903
120	95	384	9.313385
121	95	23	19.837193
122	95	99	37.418465
123	95	142	50.608437
124	95	161	50.438301
125	95	124	36.236958
126	95	260	16.731106
127	95	100	4.623806
128	95	332	0
0	96	384	0
1	96	123	7.064818
2	96	125	14.637434
3	96	24	21.611406
4	96	1233	25.890278
5	96	1235	32.358295
6	96	1316	41.617176
7	96	1318	48.598583
8	96	1235	36.100536
9	96	1234	17.48469
10	96	1233	0.143835
11	96	1234	0.264313
12	96	1423	1.239567
13	96	1855	2.732996
14	96	1856	1.092449
15	96	883	-3.563245
16	96	1102	-10.444958
17	96	1102	-27.109276
18	96	1102	-52.923897
19	96	467	-80.75972
20	96	25	-95.621437
21	96	25	-81.675713
22	96	99	-81.76799
23	96	101	-40.011158
24	96	142	-7.821273
25	96	124	-3.449806
26	96	535	-11.41553
27	96	122	-15.325692
28	96	12	13.615908
29	96	25	-10.544761
30	96	24	-28.468418
31	96	24	-28.736015
32	96	25	-12.93897
33	96	99	12.735201
34	96	142	25.036398
35	96	161	27.155628
36	96	161	31.87805
37	96	161	40.269314
38	96	161	44.993587
39	96	161	30.421982
40	96	161	17.063156
41	96	535	14.927279
42	96	122	15.80978
43	96	123	13.173813
44	96	161	8.045163
45	96	124	4.862727
46	96	124	2.104683
47	96	535	0.398709
48	96	357	0
49	96	142	0
50	96	1794	0
51	96	1801	0
52	96	37	0
53	96	1811	0
54	96	1820	0.607163
55	96	124	3.823415
56	96	161	12.421722
57	96	161	17.925512
58	96	535	17.734892
59	96	259	10.52527
60	96	260	4.164407
61	96	101	0.735149
62	96	101	0
63	96	100	0.208692
64	96	123	0.14963
65	96	260	0
66	96	1857	0
67	96	1320	0
68	96	142	0
69	96	124	0.077124
70	96	260	1.331087
71	96	101	5.937319
72	96	142	10.195569
73	96	535	7.404016
74	96	122	1.079431
75	96	99	2.468486
76	96	101	7.585108
77	96	142	10.288084
78	96	124	8.718885
79	96	124	11.294961
80	96	161	28.29262
81	96	161	35.845001
82	96	260	25.787403
83	96	142	18.192982
84	96	161	18.421463
85	96	161	15.673477
86	96	125	5.926708
87	96	121	0.431709
88	96	259	0
89	96	161	0
90	96	1858	5.627232
91	96	1859	15.27667
92	96	1860	15.712396
93	96	101	4.893498
94	96	101	0.925611
95	96	142	2.089249
96	96	124	4.539918
97	96	260	9.158813
98	96	142	24.038979
99	96	1858	35.56366
100	96	76	36.728477
101	96	123	22.441298
102	96	125	8.993945
103	96	123	3.941179
104	96	124	7.20693
105	96	124	7.222219
106	96	124	10.405209
107	96	535	23.612059
108	96	259	42.645298
109	96	161	60.029018
110	96	855	64.592712
111	96	115	60.291927
112	96	1861	55.06543
113	96	470	52.5728
114	96	260	45.724072
115	96	1685	41.262115
116	96	1362	46.927044
117	96	161	53.345058
118	96	1529	41.963791
119	96	801	22.700066
120	96	99	15.472362
121	96	142	26.659649
122	96	161	36.605648
123	96	161	42.075546
124	96	161	37.981972
125	96	161	26.016687
126	96	125	12.811946
127	96	156	9.298538
128	96	385	0
0	97	1660	0
1	97	1862	1.343023
2	97	12	9.183862
3	97	1262	23.813229
4	97	1401	36.563225
5	97	1291	39.682968
6	97	1260	39.441418
7	97	1317	32.470737
8	97	1261	19.474848
9	97	1260	7.407466
10	97	1261	3.341709
11	97	1693	4.285344
12	97	1694	4.178448
13	97	121	3.193197
14	97	1753	2.092739
15	97	568	0.172868
16	97	1102	-1.893588
17	97	141	-12.744396
18	97	118	-32.162415
19	97	25	-58.197674
20	97	25	-80.317322
21	97	123	-76.090927
22	97	124	-46.717525
23	97	124	-45.672852
24	97	161	-23.585102
25	97	125	-14.428343
26	97	23	-15.733009
27	97	24	-15.022565
28	97	25	20.543297
29	97	23	-43.804211
30	97	12	8.912185
31	97	24	-41.929096
32	97	121	-32.878197
33	97	259	-4.38344
34	97	124	9.505493
35	97	124	10.927308
36	97	161	13.567247
37	97	124	21.881975
38	97	161	27.961079
39	97	535	19.46483
40	97	122	6.789578
41	97	99	3.701814
42	97	142	4.355401
43	97	161	3.914506
44	97	124	2.617511
45	97	161	1.102561
46	97	125	0
47	97	1863	0
48	97	1795	0
49	97	1801	0
50	97	1811	0
51	97	1864	0
52	97	1865	0
53	97	259	0
54	97	161	0
55	97	124	4.080405
56	97	161	14.547671
57	97	260	23.198843
58	97	142	26.014753
59	97	161	20.912344
60	97	124	13.560507
61	97	161	8.258651
62	97	260	4.911105
63	97	142	7.897468
64	97	161	10.193502
65	97	260	8.712218
66	97	142	4.631938
67	97	161	9.627053
68	97	124	17.653505
69	97	535	26.205708
70	97	259	33.299507
71	97	161	39.443657
72	97	260	36.95467
73	97	101	28.29879
74	97	142	18.650238
75	97	161	16.012362
76	97	535	25.723068
77	97	261	29.9627
78	97	259	25.384684
79	97	124	29.516472
80	97	124	44.042023
81	97	124	57.75312
82	97	124	51.937756
83	97	535	45.595234
84	97	261	42.968586
85	97	357	39.708294
86	97	101	23.171104
87	97	142	6.284116
88	97	1866	1.615827
89	97	1867	4.787063
90	97	1868	32.268959
91	97	1869	63.22015
92	97	124	68.276817
93	97	124	46.585789
94	97	1866	18.700602
95	97	1870	13.067374
96	97	161	13.604073
97	97	161	19.022192
98	97	1871	30.520567
99	97	1872	39.528954
100	97	1873	35.525021
101	97	1860	20.526369
102	97	334	7.262564
103	97	261	1.871719
104	97	259	2.386484
105	97	124	2.542025
106	97	260	13.252881
107	97	142	32.277538
108	97	535	53.030243
109	97	122	59.795692
110	97	156	60.723049
111	97	909	56.683105
112	97	259	59.532337
113	97	124	56.441875
114	97	535	41.343506
115	97	261	26.162979
116	97	259	25.93128
117	97	1515	33.514519
118	97	1874	29.659586
119	97	142	23.158669
120	97	161	25.944229
121	97	161	36.611656
122	97	161	35.051849
123	97	161	27.137014
124	97	161	18.248041
125	97	260	15.948355
126	97	100	21.710993
127	97	156	19.966036
128	97	356	0
0	98	118	0
1	98	24	6.12649
2	98	1262	14.394389
3	98	1360	28.664616
4	98	1291	42.760223
5	98	12	41.969082
6	98	23	27.911888
7	98	332	14.659827
8	98	116	3.271926
9	98	384	3.797295
10	98	1757	8.3727
11	98	385	11.9465
12	98	384	14.200562
13	98	156	12.131629
14	98	356	8.03122
15	98	370	2.721276
16	98	467	-0.400701
17	98	24	-8.70997
18	98	24	-24.717829
19	98	12	-51.006329
20	98	121	-75.303192
21	98	259	-74.556625
22	98	124	-53.933331
23	98	1515	-28.074377
24	98	1875	-47.314182
25	98	384	-34.929962
26	98	12	-49.164791
27	98	12	-34.929779
28	98	23	-33.173218
29	98	12	29.125046
30	98	23	0.960141
31	98	99	32.148891
32	98	142	-26.997704
33	98	124	-9.271088
34	98	124	1.499135
35	98	124	5.224392
36	98	161	9.467099
37	98	535	28.399155
38	98	122	51.681698
39	98	25	47.619247
40	98	123	21.563719
41	98	124	3.365003
42	98	161	0
43	98	124	0
44	98	535	0
45	98	1876	0
46	98	1348	0
47	98	37	0
48	98	1811	0
49	98	1820	0
50	98	124	0
51	98	260	0.199473
52	98	142	0.89412
53	98	124	3.58678
54	98	161	9.150158
55	98	161	17.068092
56	98	124	22.93582
57	98	124	31.241026
58	98	124	35.628582
59	98	161	40.564495
60	98	161	34.170952
61	98	124	30.681725
62	98	535	27.869251
63	98	259	28.312033
64	98	161	31.851866
65	98	124	28.883871
66	98	535	29.816757
67	98	261	36.736649
68	98	357	51.345554
69	98	334	64.63414
70	98	259	69.422493
71	98	161	71.656204
72	98	124	67.212051
73	98	124	48.77737
74	98	124	36.788536
75	98	260	34.802792
76	98	101	45.352928
77	98	334	52.477966
78	98	259	41.514759
79	98	161	42.398094
80	98	161	52.667656
81	98	161	64.320221
82	98	260	59.034332
83	98	101	57.43256
84	98	142	63.134857
85	98	1866	66.605827
86	98	1877	45.318241
87	98	1867	19.286848
88	98	1869	5.930378
89	98	161	18.334381
90	98	161	65.620209
91	98	161	115.227188
92	98	124	125.302803
93	98	1871	93.094933
94	98	1878	51.399021
95	98	1879	33.264545
96	98	1880	26.660486
97	98	1879	26.177708
98	98	122	27.784166
99	98	583	30.879337
100	98	1881	24.237116
101	98	1882	12.648097
102	98	12	5.836834
103	98	121	7.15463
104	98	259	9.670647
105	98	535	13.146407
106	98	1883	22.842819
107	98	1884	38.805244
108	98	99	46.800518
109	98	100	41.962856
110	98	99	38.506004
111	98	334	42.735229
112	98	261	52.91188
113	98	122	51.057697
114	98	23	33.282707
115	98	123	10.799009
116	98	1529	7.03572
117	98	1362	12.871493
118	98	535	15.309657
119	98	259	21.934368
120	98	124	34.569973
121	98	161	40.409836
122	98	161	32.991337
123	98	161	17.281641
124	98	161	15.29093
125	98	125	25.332609
126	98	25	36.774734
127	98	23	38.248375
128	98	23	0
0	99	23	0
1	99	1262	14.428754
2	99	1360	23.864359
3	99	1885	35.285511
4	99	100	40.556019
5	99	25	33.505089
6	99	1423	18.406561
7	99	1424	5.487238
8	99	467	0.184498
9	99	332	5.250853
10	99	140	10.88636
11	99	507	18.383472
12	99	116	20.245729
13	99	384	19.885757
14	99	156	12.273636
15	99	118	5.412994
16	99	25	0
17	99	24	-7.080308
18	99	99	-20.927813
19	99	101	-36.363216
20	99	334	-53.970371
21	99	261	-62.878826
22	99	1753	-59.354549
23	99	141	-54.108482
24	99	385	-42.091362
25	99	384	-71.583069
26	99	332	-50.407822
27	99	384	-27.276524
28	99	332	-49.066299
29	99	24	12.274996
30	99	123	-10.624527
31	99	161	-17.958439
32	99	124	49.546528
33	99	161	-8.202522
34	99	161	-1.324078
35	99	535	5.679713
36	99	122	22.403269
37	99	75	68.380264
38	99	1886	104.610565
39	99	142	101.282791
40	99	161	56.429996
41	99	124	10.66627
42	99	535	0.482072
43	99	1876	4.48699
44	99	1348	5.978545
45	99	1349	4.238355
46	99	1823	4.624291
47	99	1887	2.87113
48	99	261	4.758112
49	99	259	8.683431
50	99	124	12.310107
51	99	161	12.380471
52	99	124	14.770206
53	99	535	20.811201
54	99	261	33.267082
55	99	259	39.812962
56	99	535	36.125763
57	99	259	35.751019
58	99	535	42.975792
59	99	259	51.325096
60	99	124	55.69347
61	99	260	52.708443
62	99	142	49.58728
63	99	161	50.111137
64	99	161	50.511288
65	99	125	45.867706
66	99	99	47.16037
67	99	142	55.9767
68	99	260	72.295113
69	99	142	82.162239
70	99	535	79.972649
71	99	259	73.538651
72	99	124	61.703331
73	99	535	47.200607
74	99	259	38.482563
75	99	161	38.015266
76	99	260	47.900051
77	99	142	51.710083
78	99	161	43.542751
79	99	124	36.907711
80	99	535	40.711914
81	99	259	43.53006
82	99	124	39.105766
83	99	161	42.31562
84	99	1888	59.680912
85	99	255	71.610435
86	99	1881	58.786163
87	99	1870	33.977329
88	99	161	20.395578
89	99	124	31.043238
90	99	124	79.255486
91	99	124	126.020256
92	99	161	137.589996
93	99	1889	108.489677
94	99	120	67.429161
95	99	1350	44.963253
96	99	1890	33.890717
97	99	1891	27.312656
98	99	178	22.196318
99	99	285	16.721338
100	99	256	9.464381
101	99	76	5.352104
102	99	99	9.552491
103	99	142	21.046375
104	99	260	29.751854
105	99	1892	34.875786
106	99	1893	38.758888
107	99	1894	47.948952
108	99	122	47.11842
109	99	123	33.02335
110	99	125	21.079403
111	99	12	30.675539
112	99	24	43.268085
113	99	12	44.667679
114	99	123	27.131783
115	99	124	10.499039
116	99	161	0
117	99	125	1.421183
118	99	123	6.622272
119	99	161	21.009945
120	99	161	36.550705
121	99	124	39.389435
122	99	161	29.689644
123	99	535	15.216307
124	99	122	19.258381
125	99	25	33.291553
126	99	23	50.192913
127	99	12	44.636795
128	99	12	0
0	100	1262	0
1	100	1895	19.626793
2	100	1829	37.76432
3	100	1388	49.522869
4	100	99	44.47966
5	100	1736	24.856581
6	100	1841	7.812188
7	100	118	1.339985
8	100	492	2.858654
9	100	1102	5.313146
10	100	568	8.376247
11	100	568	14.05548
12	100	507	17.394455
13	100	384	16.956388
14	100	25	11.551172
15	100	23	6.064094
16	100	24	1.105211
17	100	121	-1.739465
18	100	261	-10.333104
19	100	122	-18.836859
20	100	12	-27.990292
21	100	492	-36.737022
22	100	467	-54.145386
23	100	492	-69.393211
24	100	507	-68.049126
25	100	117	-90.924522
26	100	118	-57.350849
27	100	492	-38.502823
28	100	1077	-39.329178
29	100	1896	-86.557281
30	100	161	-15.702168
31	100	161	-21.570597
32	100	535	40.515469
33	100	261	-25.603052
34	100	122	-16.636013
35	100	12	-4.623338
36	100	96	27.270437
37	100	1897	86.230034
38	100	124	134.99913
39	100	535	128.240051
40	100	259	76.404648
41	100	1787	30.777988
42	100	1348	34.914116
43	100	37	46.3367
44	100	1898	43.718922
45	100	1899	34.642796
46	100	24	22.7477
47	100	12	21.194105
48	100	121	20.470783
49	100	261	25.946848
50	100	259	32.286381
51	100	124	31.28034
52	100	260	31.009077
53	100	100	38.521187
54	100	123	50.784756
55	100	260	53.690777
56	100	142	46.979301
57	100	125	38.388206
58	100	123	40.98661
59	100	124	47.669624
60	100	161	53.030941
61	100	535	51.197418
62	100	261	50.358242
63	100	261	46.980061
64	100	357	44.291389
65	100	142	38.723206
66	100	161	39.54673
67	100	124	45.73185
68	100	124	52.435097
69	100	125	57.122292
70	100	123	47.732052
71	100	124	40.882504
72	100	260	32.703705
73	100	142	24.01685
74	100	124	21.040007
75	100	124	22.385792
76	100	124	27.693893
77	100	124	30.569387
78	100	535	25.032986
79	100	357	18.229803
80	100	142	17.281414
81	100	161	14.975746
82	100	161	12.040325
83	100	1888	15.918968
84	100	1900	41.785221
85	100	1868	59.428562
86	100	1869	57.806435
87	100	124	42.390503
88	100	124	31.90431
89	100	124	36.188469
90	100	124	63.554573
91	100	1866	92.065834
92	100	1882	94.643326
93	100	99	73.294937
94	100	1901	51.294285
95	100	1902	38.989197
96	100	1889	29.73237
97	100	119	21.854544
98	100	1903	14.503489
99	100	1904	8.233865
100	100	1905	2.982585
101	100	334	5.946961
102	100	259	19.760145
103	100	535	37.329029
104	100	261	50.802017
105	100	1906	55.370064
106	100	1907	61.236496
107	100	101	57.928505
108	100	334	50.892056
109	100	122	30.506479
110	100	24	17.942759
111	100	23	17.163881
112	100	24	26.157074
113	100	121	28.378139
114	100	261	19.500328
115	100	261	6.593606
116	100	122	0
117	100	121	0.16591
118	100	259	6.284755
119	100	535	20.198492
120	100	261	32.32465
121	100	261	33.156597
122	100	122	23.270126
123	100	25	14.344397
124	100	99	18.402317
125	100	100	31.956034
126	100	99	41.236015
127	100	100	34.437847
128	100	1260	0
0	101	1908	0
1	101	1909	19.738909
2	101	1825	44.174454
3	101	1625	58.141865
4	101	1910	48.310513
5	101	118	23.615147
6	101	24	4.406016
7	101	492	10.756473
8	101	568	20.726704
9	101	568	21.233591
10	101	568	12.704844
11	101	1102	5.402719
12	101	467	7.961832
13	101	12	8.044168
14	101	25	10.204586
15	101	25	9.133376
16	101	23	6.41358
17	101	12	2.409143
18	101	23	-0.686261
19	101	25	-2.433047
20	101	156	-6.100767
21	101	118	-14.065546
22	101	156	-27.81982
23	101	370	-51.353867
24	101	467	-61.479725
25	101	332	-47.379513
26	101	140	-62.982529
27	101	1911	-63.257305
28	101	1912	-82.909317
29	101	161	-74.787178
30	101	124	-47.391521
31	101	125	-19.743052
32	101	25	-22.323465
33	101	23	32.955112
34	101	24	44.39629
35	101	75	59.357925
36	101	1913	11.116376
37	101	124	71.568054
38	101	260	115.451363
39	101	1797	114.68074
40	101	1801	74.114716
41	101	1811	49.693951
42	101	1864	74.961868
43	101	1864	92.086288
44	101	1812	87.296379
45	101	23	65.086021
46	101	25	43.895523
47	101	24	34.728436
48	101	24	33.021324
49	101	1914	37.463089
50	101	1915	42.755829
51	101	259	41.479782
52	101	260	34.398586
53	101	142	36.627472
54	101	124	42.779114
55	101	124	46.390816
56	101	260	37.930218
57	101	334	32.991245
58	101	259	32.214256
59	101	161	29.308208
60	101	125	30.195143
61	101	24	29.329241
62	101	99	28.633368
63	101	142	25.106663
64	101	161	21.91452
65	101	124	18.106171
66	101	124	21.509401
67	101	161	23.813028
68	101	125	22.564564
69	101	123	18.519409
70	101	535	12.133471
71	101	261	6.230951
72	101	261	2.40852
73	101	261	3.691434
74	101	259	5.523932
75	101	124	7.638391
76	101	124	7.453856
77	101	260	6.229475
78	101	142	6.806415
79	101	161	5.126742
80	101	161	1.892609
81	101	124	0.770465
82	101	1871	0.403843
83	101	1869	5.829619
84	101	161	21.078743
85	101	161	35.588272
86	101	161	42.12051
87	101	1866	36.643845
88	101	1870	30.608423
89	101	161	33.748329
90	101	1871	37.241062
91	101	1916	40.545193
92	101	142	36.108974
93	101	124	29.14279
94	101	161	23.049833
95	101	260	20.1127
96	101	101	16.234009
97	101	142	13.335578
98	101	260	9.723491
99	101	142	4.319632
100	101	260	3.558742
101	101	142	9.893505
102	101	260	29.068893
103	101	101	48.683338
104	101	142	61.603642
105	101	124	61.028278
106	101	161	62.127789
107	101	260	59.845581
108	101	100	54.815731
109	101	99	35.185005
110	101	101	24.762829
111	101	100	18.07786
112	101	23	16.626925
113	101	12	14.04942
114	101	1917	8.257113
115	101	1918	1.957186
116	101	101	2.823024
117	101	142	6.085992
118	101	125	12.524485
119	101	25	20.046602
120	101	24	26.999647
121	101	12	25.544712
122	101	24	19.262901
123	101	123	14.946396
124	101	260	15.965337
125	101	334	26.428057
126	101	122	32.914303
127	101	25	24.621548
128	101	1262	0
0	102	1919	0
1	102	1387	15.216103
2	102	1909	35.321098
3	102	1840	51.919052
4	102	25	42.365585
5	102	332	20.453575
6	102	140	8.915708
7	102	568	24.497387
8	102	568	43.488331
9	102	568	42.263912
10	102	1102	25.233534
11	102	467	4.463819
12	102	332	0.67819
13	102	384	5.405741
14	102	99	13.633665
15	102	101	17.326548
16	102	100	13.685609
17	102	23	6.468664
18	102	12	0.326311
19	102	23	0.622849
20	102	12	2.158235
21	102	332	0.23004
22	102	117	-5.757995
23	102	118	-25.838337
24	102	492	-48.731609
25	102	1102	-48.955772
26	102	1912	-32.693199
27	102	161	-46.737343
28	102	124	-59.56303
29	102	124	-57.937935
30	102	125	-32.326088
31	102	24	-60.446831
32	102	23	-37.608784
33	102	99	11.983797
34	102	1920	16.932489
35	102	1869	45.124729
36	102	124	81.568642
37	102	1794	49.256802
38	102	1801	88.444756
39	102	37	92.412811
40	102	1921	66.914543
41	102	161	60.155239
42	102	535	89.042671
43	102	122	103.905502
44	102	24	91.8396
45	102	12	65.191292
46	102	23	40.870518
47	102	25	31.639095
48	102	25	27.467007
49	102	1922	27.351
50	102	1923	31.027023
51	102	124	26.628296
52	102	161	20.367804
53	102	161	18.154049
54	102	161	22.053614
55	102	535	29.894907
56	102	122	36.993187
57	102	121	46.333145
58	102	259	54.19101
59	102	260	46.077618
60	102	100	24.401855
61	102	123	14.170275
62	102	535	17.948997
63	102	259	15.055732
64	102	535	7.88229
65	102	259	17.683926
66	102	161	37.176769
67	102	1858	47.015373
68	102	1913	35.766327
69	102	260	15.520566
70	102	101	12.287201
71	102	100	20.411001
72	102	25	22.641916
73	102	121	15.46993
74	102	259	9.100113
75	102	124	11.599882
76	102	161	13.096174
77	102	124	7.710011
78	102	161	4.888203
79	102	124	15.933079
80	102	124	20.564762
81	102	161	15.721474
82	102	124	10.462467
83	102	124	13.453609
84	102	124	19.280031
85	102	124	21.736237
86	102	1871	21.812214
87	102	1869	19.250286
88	102	161	19.780735
89	102	161	20.768448
90	102	124	19.372814
91	102	161	15.494702
92	102	1924	8.471493
93	102	1925	7.007434
94	102	161	6.435076
95	102	161	5.541233
96	102	124	5.670743
97	102	161	5.769069
98	102	161	4.22423
99	102	161	2.041705
100	102	535	5.539832
101	102	261	16.43314
102	102	259	34.643177
103	102	161	51.730492
104	102	124	58.841846
105	102	161	54.754463
106	102	161	50.011288
107	102	260	49.251026
108	102	142	45.961994
109	102	161	40.858761
110	102	260	36.646614
111	102	100	31.304857
112	102	23	21.7409
113	102	1926	9.023973
114	102	1927	3.414337
115	102	124	4.474152
116	102	161	11.849945
117	102	260	18.266481
118	102	101	26.036777
119	102	100	28.325949
120	102	24	28.324711
121	102	23	23.339756
122	102	121	18.090179
123	102	261	15.775364
124	102	122	16.886784
125	102	12	26.788197
126	102	99	32.980972
127	102	1686	25.471241
128	102	1928	0
0	103	1401	0
1	103	1929	5.06443
2	103	1874	20.96199
3	103	1762	33.511627
4	103	140	32.092281
5	103	568	20.818056
6	103	1102	14.778099
7	103	1102	32.495644
8	103	568	49.945957
9	103	1102	53.13657
10	103	507	30.879194
11	103	140	7.718484
12	103	1339	1.588233
13	103	142	10.071827
14	103	124	20.802073
15	103	1930	26.297031
16	103	384	18.361277
17	103	332	8.803778
18	103	116	7.187359
19	103	116	9.988204
20	103	140	7.438646
21	103	467	6.437099
22	103	24	4.017501
23	103	492	-5.38192
24	103	568	-28.856194
25	103	259	-40.360447
26	103	161	-40.975163
27	103	124	-57.694893
28	103	161	-55.797153
29	103	260	-65.178192
30	103	100	-55.350849
31	103	99	-51.146042
32	103	142	-66.343903
33	103	161	-67.894875
34	103	161	3.047925
35	103	161	38.727749
36	103	1809	93.922752
37	103	37	61.23774
38	103	1811	86.251213
39	103	1820	88.113289
40	103	161	77.492302
41	103	260	60.783142
42	103	100	60.631271
43	103	99	64.198929
44	103	101	51.811932
45	103	101	38.451416
46	103	101	25.111958
47	103	101	20.623777
48	103	100	13.509303
49	103	1931	13.7218
50	103	261	14.59094
51	103	259	9.029459
52	103	124	4.740268
53	103	161	1.833198
54	103	260	9.035001
55	103	101	21.000357
56	103	101	42.76046
57	103	142	71.910065
58	103	124	88.63649
59	103	125	80.300735
60	103	123	56.628571
61	103	260	42.882858
62	103	1932	42.764473
63	103	1860	34.19698
64	103	142	26.666262
65	103	124	37.857353
66	103	1871	81.134346
67	103	1869	108.657761
68	103	535	99.696121
69	103	261	65.063072
70	103	122	48.35495
71	103	99	60.587467
72	103	101	79.895821
73	103	142	74.853584
74	103	124	54.992775
75	103	161	43.585041
76	103	124	52.225502
77	103	124	54.308105
78	103	161	66.840279
79	103	124	91.786804
80	103	161	98.917511
81	103	124	72.276604
82	103	124	46.097889
83	103	161	37.769508
84	103	124	40.007744
85	103	124	30.748608
86	103	124	18.278246
87	103	124	13.191834
88	103	161	16.929195
89	103	161	17.983408
90	103	161	13.919341
91	103	1933	6.423655
92	103	1902	2.529373
93	103	124	1.048819
94	103	124	1.91132
95	103	124	8.382434
96	103	124	12.307048
97	103	161	12.496909
98	103	1866	6.564016
99	103	1860	1.788904
100	103	101	9.520374
101	103	142	23.05925
102	103	161	39.718857
103	103	124	50.554195
104	103	124	50.613686
105	103	124	40.968243
106	103	124	34.793728
107	103	161	33.607094
108	103	161	34.807255
109	103	124	39.302891
110	103	260	40.570843
111	103	100	40.59948
112	103	12	25.074057
113	103	123	9.782881
114	103	161	1.553499
115	103	161	7.888395
116	103	161	18.79812
117	103	124	33.2593
118	103	260	37.622494
119	103	101	37.039604
120	103	101	29.876333
121	103	100	20.910568
122	103	12	15.531114
123	103	12	13.662012
124	103	24	20.563025
125	103	123	39.379612
126	103	1595	47.775608
127	103	1934	36.650051
128	103	1360	0
0	104	1720	0
1	104	1737	3.810961
2	104	1935	12.995614
3	104	568	27.183695
4	104	1102	37.851959
5	104	1102	38.466743
6	104	1102	30.837706
7	104	1102	34.353065
8	104	1102	38.792946
9	104	568	35.801281
10	104	141	21.34857
11	104	909	5.531525
12	104	259	5.196116
13	104	161	14.810794
14	104	1936	25.676924
15	104	507	24.363186
16	104	140	16.16601
17	104	568	18.62792
18	104	1102	35.823017
19	104	568	43.045391
20	104	507	27.136145
21	104	116	8.716928
22	104	140	5.700107
23	104	568	-0.153862
24	104	121	-13.144547
25	104	259	-28.67782
26	104	161	-42.339527
27	104	161	-80.072395
28	104	124	-45.634037
29	104	260	-32.486801
30	104	142	-59.224457
31	104	161	-21.578119
32	104	124	-44.031937
33	104	161	-65.763313
34	104	124	-4.051724
35	104	1809	37.120739
36	104	37	101.445694
37	104	1921	75.126892
38	104	161	93.93277
39	104	124	99.801964
40	104	161	94.103752
41	104	260	73.228806
42	104	142	42.035126
43	104	124	20.645964
44	104	161	11.71339
45	104	124	14.593804
46	104	161	24.946407
47	104	260	24.044306
48	104	100	23.77788
49	104	25	25.940386
50	104	123	23.492376
51	104	124	14.174177
52	104	161	6.19129
53	104	161	4.000247
54	104	124	9.384364
55	104	124	21.285143
56	104	124	42.635315
57	104	161	72.513588
58	104	260	94.655411
59	104	142	96.700668
60	104	161	77.581833
61	104	1871	70.5942
62	104	1869	75.30571
63	104	124	72.315201
64	104	124	53.655964
65	104	124	56.656399
66	104	124	101.414482
67	104	125	148.991287
68	104	12	143.279587
69	104	99	104.980507
70	104	142	79.409409
71	104	161	106.058212
72	104	161	144.89415
73	104	161	145.027283
74	104	124	113.667358
75	104	124	93.387543
76	104	124	104.5326
77	104	124	121.0634
78	104	124	153.864822
79	104	161	191.46492
80	104	161	188.821457
81	104	124	134.85762
82	104	161	75.383186
83	104	161	60.209332
84	104	161	59.402271
85	104	124	45.803467
86	104	161	26.784658
87	104	161	22.116207
88	104	161	30.764925
89	104	161	34.953815
90	104	124	28.241129
91	104	124	20.941185
92	104	124	12.373688
93	104	124	11.958837
94	104	124	21.127903
95	104	124	29.387028
96	104	124	39.229023
97	104	1871	37.829678
98	104	1869	24.361925
99	104	124	8.855274
100	104	161	12.126265
101	104	161	28.155117
102	104	124	43.774723
103	104	161	48.454792
104	104	124	42.574757
105	104	124	30.889252
106	104	124	23.585712
107	104	161	23.357962
108	104	124	25.021019
109	104	535	30.22538
110	104	357	33.932812
111	104	101	30.326378
112	104	142	18.91655
113	104	124	5.963407
114	104	124	0.317297
115	104	124	8.902469
116	104	161	24.026785
117	104	161	40.889126
118	104	161	45.674103
119	104	124	40.337708
120	104	125	29.929573
121	104	99	20.740047
122	104	100	15.227148
123	104	12	20.604843
124	104	121	37.896694
125	104	1639	58.048454
126	104	1928	61.515053
127	104	1895	40.52124
128	104	1937	0
0	105	1938	0
1	105	1424	10.729591
2	105	1102	19.017492
3	105	1102	32.933952
4	105	1102	51.820122
5	105	1102	58.148621
6	105	568	49.891541
7	105	568	27.329489
8	105	1102	19.992783
9	105	467	12.371518
10	105	25	6.784817
11	105	1706	1.450129
12	105	1661	8.006985
13	105	1935	16.159956
14	105	568	21.713236
15	105	1102	17.774736
16	105	1102	10.8719
17	105	568	39.168182
18	105	1102	80.313461
19	105	568	92.797691
20	105	1102	60.502129
21	105	568	20.322319
22	105	1425	22.9783
23	105	99	26.406483
24	105	142	8.009851
25	105	124	-11.47432
26	105	124	-30.565649
27	105	124	-37.338936
28	105	161	-46.262398
29	105	124	-8.685286
30	105	161	-24.365294
31	105	124	19.99217
32	105	535	-38.51516
33	105	261	-50.098095
34	105	1831	-67.980812
35	105	37	24.850454
36	105	1939	86.655838
37	105	261	55.8955
38	105	261	75.509079
39	105	259	91.069458
40	105	161	101.850105
41	105	161	82.957764
42	105	161	43.995724
43	105	161	12.680649
44	105	535	6.09873
45	105	259	25.079226
46	105	161	45.110313
47	105	260	51.916821
48	105	100	55.811966
49	105	121	53.411583
50	105	259	52.791988
51	105	161	42.410034
52	105	535	24.339876
53	105	259	17.855131
54	105	124	11.785027
55	105	124	12.835326
56	105	161	23.544243
57	105	161	54.284473
58	105	124	75.324097
59	105	124	74.617676
60	105	124	56.928055
61	105	1866	64.374695
62	105	1870	83.201576
63	105	161	91.587502
64	105	161	77.546227
65	105	124	70.929169
66	105	260	90.546768
67	105	101	125.722878
68	105	142	130.317657
69	105	535	106.876167
70	105	259	80.949791
71	105	124	108.197273
72	105	161	150.727066
73	105	161	170.297623
74	105	161	140.663239
75	105	124	123.66214
76	105	124	122.932762
77	105	161	157.735687
78	105	124	199.861847
79	105	161	245.563293
80	105	161	224.432892
81	105	161	147.655685
82	105	535	74.863716
83	105	259	60.236347
84	105	124	60.812653
85	105	124	52.665112
86	105	161	40.075127
87	105	124	44.211601
88	105	124	58.752411
89	105	161	63.596043
90	105	161	54.023048
91	105	124	48.121006
92	105	124	53.87553
93	105	124	61.027401
94	105	161	61.962986
95	105	124	72.731041
96	105	124	84.91571
97	105	161	72.082115
98	105	161	47.832729
99	105	161	19.413616
100	105	161	12.846861
101	105	124	26.171282
102	105	161	39.508221
103	105	161	41.840504
104	105	124	31.48451
105	105	161	21.181433
106	105	124	18.145058
107	105	161	20.619604
108	105	125	20.625597
109	105	123	20.544636
110	105	161	20.07118
111	105	124	16.811878
112	105	124	10.644516
113	105	124	2.611201
114	105	161	0.278216
115	105	124	7.89935
116	105	161	21.340797
117	105	161	36.26638
118	105	124	40.916958
119	105	260	35.457855
120	105	142	28.62623
121	105	260	21.192022
122	105	1891	25.162569
123	105	98	40.404087
124	105	1940	62.669922
125	105	1639	78.174606
126	105	1941	73.46946
127	105	122	43.110149
128	105	1262	0
0	106	1720	0
1	106	1102	15.205055
2	106	1102	21.752287
3	106	1102	32.391182
4	106	1102	44.457012
5	106	568	53.570972
6	106	568	46.632645
7	106	568	33.264023
8	106	507	20.439199
9	106	384	6.648582
10	106	156	0.900845
11	106	370	2.049954
12	106	1102	7.031228
13	106	1102	15.027826
14	106	1102	14.985432
15	106	1102	9.579906
16	106	1102	4.353598
17	106	568	49.714241
18	106	1102	98.212898
19	106	1102	115.824196
20	106	1102	73.808662
21	106	1942	43.081779
22	106	1943	46.904091
23	106	1944	58.063347
24	106	161	38.939659
25	106	124	7.660886
26	106	124	-13.821754
27	106	161	-26.178757
28	106	161	-68.798347
29	106	161	-13.053675
30	106	161	-6.431912
31	106	125	-40.477329
32	106	1945	-16.852343
33	106	1946	-34.395309
34	106	37	-69.304565
35	106	1370	-79.761421
36	106	24	57.576828
37	106	1945	97.473869
38	106	1808	102.503555
39	106	124	119.437225
40	106	161	142.268097
41	106	124	67.998222
42	106	535	40.67028
43	106	122	10.606423
44	106	1947	7.431005
45	106	1948	30.332952
46	106	124	57.214249
47	106	125	70.482086
48	106	25	76.892319
49	106	121	75.15667
50	106	261	72.020149
51	106	122	58.387199
52	106	123	52.330769
53	106	161	44.803547
54	106	161	30.736067
55	106	535	13.868094
56	106	259	20.576591
57	106	124	48.643055
58	106	124	68.939056
59	106	1866	58.190559
60	106	1867	32.081974
61	106	1869	34.778561
62	106	161	60.252491
63	106	161	87.428406
64	106	535	91.083313
65	106	259	72.70182
66	106	1866	63.906025
67	106	1870	69.135384
68	106	125	78.517601
69	106	123	75.785057
70	106	124	62.837185
71	106	124	77.039001
72	106	161	107.428947
73	106	124	129.414871
74	106	161	120.42337
75	106	161	114.036308
76	106	124	128.630173
77	106	161	151.074539
78	106	161	191.768311
79	106	161	229.080414
80	106	161	222.555695
81	106	125	163.089813
82	106	121	94.659515
83	106	259	84.297478
84	106	161	84.825188
85	106	161	75.34787
86	106	161	79.873413
87	106	124	95.445549
88	106	161	110.416779
89	106	124	100.633286
90	106	161	73.793159
91	106	124	70.760948
92	106	124	85.841919
93	106	161	96.66584
94	106	535	104.562607
95	106	261	112.538887
96	106	261	116.708847
97	106	259	109.986237
98	106	124	74.622459
99	106	124	35.964951
100	106	161	14.385208
101	106	124	16.942814
102	106	124	27.357153
103	106	161	28.323534
104	106	161	23.871805
105	106	535	22.0567
106	106	261	23.04756
107	106	357	29.421757
108	106	142	29.283386
109	106	161	22.654371
110	106	124	15.521565
111	106	124	15.86961
112	106	535	15.903822
113	106	259	12.179443
114	106	161	5.001311
115	106	124	4.963342
116	106	161	14.42931
117	106	124	24.615627
118	106	161	26.834867
119	106	124	25.733669
120	106	161	20.725813
121	106	1871	22.703255
122	106	1949	35.281963
123	106	179	57.430126
124	106	121	80.300415
125	106	122	87.793488
126	106	23	69.085052
127	106	1693	37.61414
128	106	1721	0
0	107	1102	0
1	107	568	11.740149
2	107	568	12.524101
3	107	1102	17.449053
4	107	568	22.678406
5	107	568	31.262367
6	107	1102	38.324516
7	107	1425	44.799026
8	107	1855	39.973866
9	107	332	26.509363
10	107	140	9.486438
11	107	568	1.381935
12	107	1425	4.964611
13	107	1424	7.750414
14	107	568	7.410984
15	107	1102	3.551718
16	107	1102	1.181196
17	107	568	35.168423
18	107	1102	75.131958
19	107	1102	87.723473
20	107	467	57.018414
21	107	1950	41.151543
22	107	1951	58.345379
23	107	1952	78.212509
24	107	1952	51.485291
25	107	1952	19.787373
26	107	1952	-0.154306
27	107	1952	-13.165967
28	107	1952	11.763991
29	107	1952	-37.370228
30	107	1953	-17.154402
31	107	1954	-28.133606
32	107	1955	-14.720628
33	107	37	-36.077347
34	107	1392	-74.569962
35	107	76	-98.075554
36	107	1956	-103.090454
37	107	1817	12.320671
38	107	161	1.678949
39	107	124	45.299221
40	107	1957	72.800072
41	107	1958	94.807693
42	107	1033	21.93326
43	107	982	26.125275
44	107	1959	29.634125
45	107	124	38.935547
46	107	260	52.639908
47	107	101	63.418186
48	107	100	74.3312
49	107	99	73.54998
50	107	100	69.532234
51	107	123	63.289196
52	107	124	66.156044
53	107	535	68.328377
54	107	357	51.187218
55	107	334	37.76757
56	107	259	58.121777
57	107	535	87.481018
58	107	1960	97.779007
59	107	1961	61.139893
60	107	1870	23.300821
61	107	535	6.650888
62	107	261	26.037865
63	107	1962	54.654137
64	107	1859	77.042313
65	107	1867	81.507294
66	107	1963	60.686737
67	107	122	41.040161
68	107	121	43.106293
69	107	261	57.646664
70	107	261	50.350079
71	107	261	38.336372
72	107	259	50.99799
73	107	161	69.498291
74	107	161	79.363106
75	107	124	97.410172
76	107	124	124.943207
77	107	161	157.192657
78	107	124	186.920288
79	107	124	212.920425
80	107	260	210.598328
81	107	101	187.705231
82	107	334	155.123795
83	107	259	140.416138
84	107	124	126.50605
85	107	535	107.243919
86	107	259	133.546387
87	107	161	172.527618
88	107	161	185.847
89	107	161	144.937683
90	107	124	103.333611
91	107	124	85.999115
92	107	124	92.037857
93	107	125	115.31414
94	107	24	135.107452
95	107	99	137.461075
96	107	142	140.415176
97	107	124	123.399826
98	107	161	90.945854
99	107	161	44.551678
100	107	124	17.108383
101	107	124	7.78232
102	107	124	13.667082
103	107	124	22.68622
104	107	125	28.41452
105	107	25	36.102867
106	107	123	46.082199
107	107	124	53.372208
108	107	161	47.5937
109	107	124	33.542679
110	107	161	26.300608
111	107	125	26.897757
112	107	123	29.088301
113	107	161	22.571196
114	107	124	11.167501
115	107	161	3.161333
116	107	124	7.629756
117	107	161	12.526681
118	107	124	13.848223
119	107	161	14.7783
120	107	161	18.27787
121	107	1871	23.375998
122	107	1872	37.061829
123	107	23	56.415073
124	107	25	71.691086
125	107	12	71.495193
126	107	156	52.431301
127	107	370	26.020771
128	107	568	0
0	108	1102	0
1	108	568	5.19114
2	108	568	4.83272
3	108	1102	2.33254
4	108	1102	2.45069
5	108	1425	10.533784
6	108	1964	28.665039
7	108	1965	52.285599
8	108	882	58.035255
9	108	1848	39.78373
10	108	1848	15.440188
11	108	1448	1.461751
12	108	1427	1.698252
13	108	883	3.252766
14	108	568	2.767312
15	108	1102	0.498426
16	108	568	0.243124
17	108	568	10.459224
18	108	568	31.455509
19	108	467	37.04409
20	108	1950	22.541458
21	108	989	19.905643
22	108	989	42.104141
23	108	989	52.066177
24	108	989	37.478264
25	108	989	11.480414
26	108	989	0
27	108	989	8.832169
28	108	989	35.825245
29	108	989	-21.739717
30	108	1966	-31.002474
31	108	37	-44.119461
32	108	1967	-21.933147
33	108	1968	-36.974297
34	108	1969	-71.236191
35	108	75	-98.760361
36	108	1940	-110.892815
37	108	261	-110.892815
38	108	261	-110.82859
39	108	1970	-56.522373
40	108	957	0.537694
41	108	1030	39.114765
42	108	1031	26.580591
43	108	1971	75.707504
44	108	161	82.253311
45	108	124	57.713715
46	108	124	40.793343
47	108	260	41.014183
48	108	334	52.732864
49	108	122	57.229237
50	108	123	52.571484
51	108	124	56.97707
52	108	125	69.701309
53	108	123	80.279282
54	108	260	69.513931
55	108	142	68.111603
56	108	125	87.295303
57	108	25	111.634911
58	108	96	104.137245
59	108	1972	65.070877
60	108	357	31.369123
61	108	101	13.418206
62	108	1973	9.413641
63	108	254	27.218229
64	108	1974	52.765282
65	108	260	70.474808
66	108	101	64.653114
67	108	100	47.638123
68	108	99	47.165096
69	108	101	57.423519
70	108	101	58.170696
71	108	334	38.811401
72	108	261	24.921432
73	108	259	29.585411
74	108	161	45.792984
75	108	124	89.681931
76	108	161	143.018906
77	108	161	187.079224
78	108	161	206.384644
79	108	161	223.63121
80	108	124	228.913147
81	108	260	226.564453
82	108	142	214.753754
83	108	124	190.167969
84	108	260	158.872833
85	108	334	139.884247
86	108	259	180.383499
87	108	535	237.6772
88	108	261	244.557724
89	108	259	193.550659
90	108	124	131.647141
91	108	161	121.012993
92	108	125	155.740417
93	108	99	188.735535
94	108	142	187.565308
95	108	124	161.616333
96	108	161	140.9086
97	108	124	121.606842
98	108	124	90.522316
99	108	124	46.801876
100	108	161	15.35689
101	108	124	4.360047
102	108	124	14.178976
103	108	125	27.947807
104	108	99	40.064804
105	108	142	50.256592
106	108	124	66.805466
107	108	124	74.319824
108	108	161	68.540176
109	108	535	48.704933
110	108	357	33.839798
111	108	142	31.406834
112	108	161	32.940628
113	108	124	24.422523
114	108	608	11.87018
115	108	609	0.80208
116	108	161	2.508802
117	108	124	6.863051
118	108	608	7.238317
119	108	609	10.486327
120	108	161	17.193644
121	108	125	20.873426
122	108	12	29.383476
123	108	12	38.281986
124	108	23	45.159004
125	108	25	40.677017
126	108	1423	24.69459
127	108	1424	13.052737
128	108	1102	0
0	109	1102	0
1	109	568	0.028015
2	109	1102	0
3	109	568	-26.544004
4	109	1975	-26.544004
5	109	1760	5.607278
6	109	1771	21.41783
7	109	1362	41.001686
8	109	124	46.087971
9	109	161	31.921541
10	109	1595	12.479322
11	109	1596	0.491591
12	109	1976	0
13	109	1424	0
14	109	568	0
15	109	568	2.442859
16	109	1102	18.780945
17	109	568	30.560566
18	109	507	28.097116
19	109	1950	10.082365
20	109	989	3.45648
21	109	989	4.702118
22	109	989	18.640335
23	109	989	23.088259
24	109	1977	12.395123
25	109	1978	1.603712
26	109	1978	3.506452
27	109	1978	8.871345
28	109	1978	41.279778
29	109	1979	65.624939
30	109	1322	-35.186558
31	109	1980	-65.64254
32	109	989	-41.488022
33	109	1981	-42.751953
34	109	1982	-62.832767
35	109	1969	-86.036423
36	109	25	-103.003441
37	109	25	-99.009895
38	109	982	-95.364334
39	109	1004	-97.448593
40	109	1078	-38.449265
41	109	1006	14.952522
42	109	121	35.539524
43	109	259	131.420456
44	109	124	144.29187
45	109	124	88.824974
46	109	535	27.054907
47	109	357	26.199392
48	109	101	41.763412
49	109	142	45.381008
50	109	124	42.422989
51	109	125	46.719383
52	109	123	62.657227
53	109	161	67.457832
54	109	161	68.062164
55	109	260	71.264404
56	109	101	86.584686
57	109	101	98.141907
58	109	100	78.699524
59	109	123	78.237198
60	109	124	86.399948
61	109	1888	86.133186
62	109	1900	50.777603
63	109	1869	15.134888
64	109	161	26.804958
65	109	124	48.905815
66	109	125	62.190029
67	109	123	61.745068
68	109	161	61.994839
69	109	124	66.51091
70	109	260	64.930023
71	109	101	49.692371
72	109	334	30.971773
73	109	261	28.591188
74	109	259	52.070053
75	109	124	95.781586
76	109	124	157.047134
77	109	161	201.463501
78	109	161	241.162399
79	109	161	242.47583
80	109	161	237.179626
81	109	124	230.660187
82	109	124	217.656052
83	109	161	195.148865
84	109	260	155.087097
85	109	334	151.87619
86	109	122	200.327988
87	109	23	266.34436
88	109	123	269.477112
89	109	124	208.562805
90	109	124	161.316757
91	109	125	172.432449
92	109	123	215.295227
93	109	161	255.54744
94	109	161	244.032883
95	109	124	204.271484
96	109	161	150.503815
97	109	124	113.671623
98	109	124	70.290672
99	109	161	38.229713
100	109	161	8.376285
101	109	535	8.027173
102	109	122	22.535114
103	109	123	40.016277
104	109	124	48.599617
105	109	124	54.233883
106	109	124	65.606956
107	109	535	75.569489
108	109	122	71.01001
109	109	123	53.343391
110	109	161	33.31657
111	109	161	27.981955
112	109	161	22.880703
113	109	691	16.550339
114	109	1983	6.759777
115	109	1870	2.074401
116	109	161	13.946046
117	109	1984	22.200006
118	109	1985	21.889618
119	109	609	17.430676
120	109	260	18.348871
121	109	100	18.011868
122	109	24	17.379066
123	109	24	20.285753
124	109	1233	22.282011
125	109	1290	16.910139
126	109	1720	10.107584
127	109	568	3.84439
128	109	568	0
0	110	568	0
1	110	568	-26.544004
2	110	568	-26.544004
3	110	467	-26.544004
4	110	156	-26.544004
5	110	1843	-26.544004
6	110	124	-19.471325
7	110	124	-8.570188
8	110	535	-5.548193
9	110	1639	-12.843213
10	110	1941	-23.410822
11	110	1986	-26.544004
12	110	1721	-26.544004
13	110	1102	-26.544004
14	110	1102	0.079619
15	110	1102	14.50172
16	110	141	45.857426
17	110	356	67.977928
18	110	1950	58.673515
19	110	989	33.123505
20	110	989	14.991299
21	110	989	23.929459
22	110	1977	23.744926
23	110	1092	14.520477
24	110	1093	6.593654
25	110	1093	7.198191
26	110	1093	11.063551
27	110	1093	10.139429
28	110	1093	19.674381
29	110	1093	32.301338
30	110	1987	-71.525856
31	110	1988	-78.612709
32	110	989	-45.389481
33	110	989	-28.805204
34	110	1989	-32.18058
35	110	12	-57.658798
36	110	25	-72.309929
37	110	538	-64.992531
38	110	1006	-63.979992
39	110	25	-67.418449
40	110	23	-73.727753
41	110	25	-73.365891
42	110	121	22.674883
43	110	261	138.410049
44	110	259	164.300064
45	110	125	99.040886
46	110	123	25.10454
47	110	535	21.865091
48	110	261	38.530827
49	110	261	39.725834
50	110	357	46.542984
51	110	142	59.947647
52	110	161	64.249451
53	110	535	53.140228
54	110	259	41.72258
55	110	124	49.014923
56	110	161	68.35688
57	110	125	63.944271
58	110	123	63.310886
59	110	124	99.425293
60	110	1871	168.723663
61	110	1869	181.378189
62	110	124	126.028046
63	110	161	56.298882
64	110	161	33.194889
65	110	260	37.764729
66	110	142	45.563721
67	110	124	60.441284
68	110	161	64.779015
69	110	124	64.282341
70	110	124	59.257046
71	110	125	52.328152
72	110	99	42.04221
73	110	142	53.027233
74	110	161	75.201469
75	110	535	107.35392
76	110	261	162.872574
77	110	259	212.742676
78	110	124	243.612671
79	110	161	241.656845
80	110	161	228.90387
81	110	161	212.709061
82	110	124	204.609497
83	110	161	184.13736
84	110	125	161.338181
85	110	25	160.445175
86	110	99	201.801041
87	110	142	247.34729
88	110	161	240.236435
89	110	161	204.874969
90	110	125	179.546982
91	110	123	205.283951
92	110	124	242.102463
93	110	124	274.396881
94	110	124	258.894806
95	110	161	215.847519
96	110	161	156.764191
97	110	124	102.465324
98	110	124	59.223743
99	110	124	19.117126
100	110	260	4.761124
101	110	100	17.130398
102	110	121	35.840923
103	110	259	49.532097
104	110	161	50.230854
105	110	161	44.384331
106	110	260	48.292408
107	110	100	57.874306
108	110	123	58.967636
109	110	161	47.564381
110	110	161	30.400997
111	110	161	20.315981
112	110	161	14.001747
113	110	1871	9.469523
114	110	1869	3.238832
115	110	161	11.691188
116	110	1984	31.846905
117	110	1990	45.586922
118	110	1991	40.19138
119	110	259	27.351088
120	110	125	16.666536
121	110	24	15.048657
122	110	25	12.273882
123	110	1262	12.648327
124	110	1826	16.240967
125	110	1721	13.731347
126	110	1102	6.999025
127	110	568	0.681992
128	110	568	0
0	111	1102	0
1	111	1102	-26.544004
2	111	507	-26.544004
3	111	1834	-26.544004
4	111	334	-26.544004
5	111	259	-26.544004
6	111	535	-26.544004
7	111	357	-26.367453
8	111	334	-26.292076
9	111	1992	-26.544004
10	111	140	-26.544004
11	111	568	-26.544004
12	111	141	-26.544004
13	111	356	-26.544004
14	111	370	-26.361357
15	111	467	-7.296821
16	111	23	56.529099
17	111	1956	90.149414
18	111	1993	76.399399
19	111	1994	50.108849
20	111	989	34.03479
21	111	1995	44.934151
22	111	1093	45.311817
23	111	1142	32.510963
24	111	1996	19.697437
25	111	1997	21.251471
26	111	1997	26.931231
27	111	1998	22.780193
28	111	1999	10.115969
29	111	1093	-0.152134
30	111	2000	-14.856124
31	111	989	-70.186897
32	111	989	-56.953026
33	111	1981	6.354231
34	111	2001	-2.991219
35	111	12	-29.733599
36	111	12	-39.981827
37	111	24	-23.519844
38	111	24	-18.490278
39	111	24	-35.491039
40	111	12	-57.452515
41	111	12	-63.22683
42	111	24	-11.369213
43	111	123	84.9049
44	111	125	140.069626
45	111	121	84.259819
46	111	357	33.357819
47	111	100	40.465282
48	111	12	56.21312
49	111	121	58.607281
50	111	259	80.829628
51	111	535	100.423103
52	111	122	94.931084
53	111	123	58.910866
54	111	124	26.005169
55	111	161	32.03455
56	111	125	49.058571
57	111	121	46.040108
58	111	259	51.40012
59	111	124	127.052719
60	111	124	218.031662
61	111	124	237.337646
62	111	161	176.16893
63	111	124	103.552231
64	111	124	64.527641
65	111	124	52.035595
66	111	161	41.915241
67	111	124	43.335751
68	111	161	52.468277
69	111	124	51.980164
70	111	125	47.938705
71	111	121	41.634975
72	111	261	37.895477
73	111	259	58.797417
74	111	125	93.73967
75	111	23	132.407349
76	111	123	159.540497
77	111	161	192.271301
78	111	124	224.481415
79	111	124	229.656616
80	111	161	228.067871
81	111	124	209.713043
82	111	124	203.926285
83	111	260	194.270279
84	111	100	183.451996
85	111	123	184.59758
86	111	535	194.78418
87	111	261	208.91069
88	111	259	195.759796
89	111	1858	176.292297
90	111	1859	170.667892
91	111	1877	180.007767
92	111	1870	183.456375
93	111	124	195.438309
94	111	124	210.960007
95	111	161	198.01149
96	111	161	164.260849
97	111	124	116.602158
98	111	124	61.399788
99	111	124	12.728976
100	111	260	9.94969
101	111	100	24.244545
102	111	123	42.757565
103	111	124	51.304565
104	111	124	46.736961
105	111	124	32.956127
106	111	260	34.12632
107	111	142	38.745632
108	111	124	43.643009
109	111	535	39.337925
110	111	259	31.668741
111	111	161	25.256241
112	111	124	16.397144
113	111	124	11.476339
114	111	161	8.514303
115	111	1984	17.924316
116	111	2002	38.455315
117	111	1905	53.655384
118	111	2003	43.87867
119	111	2004	27.020578
120	111	2005	15.219159
121	111	24	16.013084
122	111	1693	12.068383
123	111	1721	15.869549
124	111	1102	23.40448
125	111	141	23.29291
126	111	370	13.725142
127	111	1102	2.712336
128	111	1102	0
0	112	1102	0
1	112	568	-26.544004
2	112	1737	-26.544004
3	112	1862	-26.544004
4	112	121	-26.544004
5	112	122	-26.544004
6	112	123	48.455994
7	112	1930	48.455994
8	112	117	48.455994
9	112	356	48.455994
10	112	356	49.455994
11	112	118	48.455994
12	112	25	48.455994
13	112	156	-26.544004
14	112	118	-26.544004
15	112	23	-16.97389
16	112	2006	40.201462
17	112	2006	62.402828
18	112	2007	62.311398
19	112	989	47.873951
20	112	1995	39.181919
21	112	1093	49.307598
22	112	2008	51.855572
23	112	2009	38.081249
24	112	2010	29.054245
25	112	2010	36.345913
26	112	2011	43.735252
27	112	2012	33.739182
28	112	1093	13.908803
29	112	2013	-4.728634
30	112	2014	-18.578934
31	112	989	-26.959787
32	112	989	10.143976
33	112	1989	50.685249
34	112	23	37.801125
35	112	23	-1.26772
36	112	25	-16.282022
37	112	23	-6.90057
38	112	25	-6.004888
39	112	75	-17.142078
40	112	98	-48.021854
41	112	76	-65.624458
42	112	121	-26.01288
43	112	357	14.543861
44	112	101	79.125069
45	112	334	71.509369
46	112	357	47.596119
47	112	101	53.732422
48	112	100	68.632576
49	112	123	88.051331
50	112	260	119.135818
51	112	101	150.898758
52	112	142	133.463654
53	112	161	73.860405
54	112	535	32.624958
55	112	357	32.903378
56	112	100	43.392208
57	112	123	41.775097
58	112	124	47.169262
59	112	124	112.872498
60	112	124	195.863327
61	112	535	221.174667
62	112	261	172.090622
63	112	261	119.037186
64	112	259	95.205444
65	112	161	75.37838
66	112	124	54.090195
67	112	161	38.210316
68	112	124	34.730057
69	112	125	40.403076
70	112	23	49.108814
71	112	99	55.198376
72	112	334	47.101215
73	112	122	62.639946
74	112	99	88.343079
75	112	334	127.392876
76	112	259	147.072891
77	112	161	160.431259
78	112	124	180.831238
79	112	124	179.852737
80	112	124	186.136078
81	112	161	186.20285
82	112	124	187.821686
83	112	125	183.565002
84	112	121	183.864105
85	112	357	180.525711
86	112	100	171.651062
87	112	121	145.910492
88	112	2015	128.461136
89	112	1949	135.583191
90	112	1900	159.568039
91	112	1869	144.661255
92	112	161	122.12323
93	112	161	116.844543
94	112	161	139.36644
95	112	161	164.819458
96	112	161	162.042603
97	112	161	116.334686
98	112	124	59.823097
99	112	161	18.900984
100	112	260	13.387996
101	112	142	27.812294
102	112	535	43.191856
103	112	261	51.707687
104	112	259	47.00581
105	112	124	37.911591
106	112	161	29.88974
107	112	535	30.792995
108	112	122	32.043583
109	112	123	34.502411
110	112	161	35.104034
111	112	124	33.087425
112	112	161	25.643925
113	112	608	18.454025
114	112	2016	11.080685
115	112	2017	13.658675
116	112	2018	28.855745
117	112	2019	37.458183
118	112	2020	31.079962
119	112	412	21.026573
120	112	25	16.631315
121	112	156	20.802399
122	112	1424	20.794067
123	112	1425	24.661694
124	112	1855	33.217201
125	112	492	34.176342
126	112	568	22.574255
127	112	568	7.225096
128	112	1102	0
0	113	1102	0
1	113	1102	-26.544004
2	113	467	-26.544004
3	113	99	-26.544004
4	113	101	-26.544004
5	113	2021	-26.544004
6	113	930	36.663998
7	113	118	54.047882
8	113	24	59.967701
9	113	23	59.991901
10	113	12	56.193802
11	113	12	53.775963
12	113	25	48.455994
13	113	23	-40.464012
14	113	24	-26.544004
15	113	989	-26.544004
16	113	989	-15.471317
17	113	989	32.122631
18	113	989	40.546082
19	113	1995	39.093403
20	113	1093	39.30191
21	113	2022	37.038666
22	113	2023	34.613632
23	113	2024	27.449312
24	113	2025	32.567722
25	113	2026	50.390224
26	113	2027	62.157505
27	113	1093	46.376698
28	113	2028	16.753614
29	113	2029	-8.182612
30	113	989	-18.880985
31	113	989	-23.763084
32	113	2030	18.438499
33	113	195	-3.741513
34	113	195	53.61871
35	113	195	28.559246
36	113	177	-7.419364
37	113	75	-4.13314
38	113	958	-8.203841
39	113	349	-18.786053
40	113	256	-45.760441
41	113	76	-66.863152
42	113	123	-40.61684
43	113	124	-8.759493
44	113	260	1.316358
45	113	334	58.944519
46	113	259	59.369926
47	113	125	62.982174
48	113	123	64.503952
49	113	535	90.068398
50	113	259	128.551453
51	113	1866	161.094849
52	113	1877	136.587128
53	113	1882	87.184044
54	113	123	41.395103
55	113	260	48.392147
56	113	142	65.026619
57	113	535	63.205524
58	113	259	53.725506
59	113	124	99.706635
60	113	260	176.663467
61	113	100	202.609802
62	113	25	169.780853
63	113	121	126.352112
64	113	261	111.979218
65	113	259	91.569557
66	113	535	63.46175
67	113	261	40.309406
68	113	122	33.805141
69	113	99	43.923931
70	113	142	64.301926
71	113	260	77.704399
72	113	100	68.955254
73	113	123	69.527527
74	113	260	95.840523
75	113	142	131.207611
76	113	124	146.166153
77	113	124	135.314941
78	113	124	123.023109
79	113	161	116.540497
80	113	535	123.221909
81	113	261	134.306351
82	113	122	146.440399
83	113	99	141.709244
84	113	142	143.345505
85	113	260	140.083344
86	113	101	117.815842
87	113	142	91.525391
88	113	1871	77.510857
89	113	1869	105.213806
90	113	161	136.779022
91	113	161	138.559082
92	113	124	107.806549
93	113	124	96.053047
94	113	124	117.113884
95	113	161	142.709717
96	113	124	139.000839
97	113	124	100.726463
98	113	161	51.332047
99	113	124	22.339048
100	113	124	16.592527
101	113	260	28.841509
102	113	100	42.315441
103	113	123	54.068077
104	113	161	54.872395
105	113	161	49.255642
106	113	260	37.903168
107	113	100	32.295307
108	113	121	32.830864
109	113	259	33.62611
110	113	124	36.136654
111	113	161	37.318359
112	113	691	30.210318
113	113	2031	20.23897
114	113	100	9.577296
115	113	1926	6.152923
116	113	412	10.151893
117	113	25	15.431705
118	113	23	14.797175
119	113	25	16.092175
120	113	23	21.590712
121	113	1423	26.358105
122	113	2032	24.616276
123	113	1687	27.887106
124	113	1403	34.927498
125	113	1102	40.140533
126	113	568	27.33313
127	113	1102	11.325556
128	113	568	0
0	114	141	0
1	114	385	-33.300003
2	114	1660	-26.544004
3	114	1661	-26.544004
4	114	930	-26.544004
5	114	118	-26.544004
6	114	12	36.663998
7	114	23	49.847893
8	114	23	127.455994
9	114	25	127.455994
10	114	24	127.455994
11	114	12	48.855946
12	114	25	49.455994
13	114	24	-26.544004
14	114	2033	-26.544004
15	114	989	-26.544004
16	114	989	-24.745886
17	114	2034	15.004961
18	114	2035	36.825993
19	114	1093	48.790825
20	114	2036	41.119869
21	114	2037	23.456589
22	114	2038	17.808285
23	114	2039	22.429092
24	114	2040	39.374187
25	114	2041	60.770737
26	114	1093	68.348145
27	114	2042	49.947128
28	114	2007	19.739561
29	114	989	-2.495113
30	114	989	-19.346262
31	114	2043	-30.557077
32	114	2044	-17.152037
33	114	748	-22.733326
34	114	199	45.017395
35	114	200	38.378456
36	114	96	9.755032
37	114	97	-6.854657
38	114	958	-19.623589
39	114	119	-25.640423
40	114	120	-50.550293
41	114	121	-72.107918
42	114	259	-66.003799
43	114	161	-25.477505
44	114	260	-9.158076
45	114	334	-7.75065
46	114	357	76.265572
47	114	142	63.015587
48	114	260	50.727322
49	114	334	62.717201
50	114	2045	91.099632
51	114	1900	117.60025
52	114	1916	111.04142
53	114	142	78.265182
54	114	161	60.614174
55	114	535	72.496284
56	114	122	99.818176
57	114	123	104.280754
58	114	161	95.590759
59	114	535	121.487038
60	114	357	181.135864
61	114	101	209.469391
62	114	100	184.054565
63	114	25	138.865662
64	114	121	109.020485
65	114	357	87.940399
66	114	101	69.335342
67	114	101	39.354912
68	114	142	24.540447
69	114	161	36.611927
70	114	124	64.485199
71	114	125	80.972145
72	114	123	78.107574
73	114	161	80.600876
74	114	161	106.595253
75	114	124	144.573135
76	114	535	155.344116
77	114	261	136.689697
78	114	259	100.18219
79	114	125	70.247131
80	114	99	75.455772
81	114	101	86.026199
82	114	334	85.612831
83	114	259	78.023773
84	114	161	74.486244
85	114	161	82.564987
86	114	124	80.442757
87	114	161	63.79694
88	114	124	54.148876
89	114	124	74.753067
90	114	124	107.681152
91	114	161	116.353531
92	114	124	97.867416
93	114	161	93.407532
94	114	124	100.634621
95	114	124	110.939072
96	114	161	99.753746
97	114	535	71.834511
98	114	261	37.816502
99	114	1883	18.124004
100	114	2046	18.065517
101	114	1884	27.305155
102	114	2018	41.669556
103	114	2046	53.065186
104	114	2047	60.225018
105	114	261	55.697395
106	114	122	46.244606
107	114	25	38.124081
108	114	121	33.697601
109	114	261	30.467752
110	114	261	29.693274
111	114	261	30.574366
112	114	261	27.67741
113	114	122	20.136568
114	114	23	8.537004
115	114	25	5.529861
116	114	99	6.04258
117	114	101	9.002546
118	114	101	10.481203
119	114	101	17.769838
120	114	1686	21.415092
121	114	1340	22.617779
122	114	1610	19.972151
123	114	1937	19.803122
124	114	356	27.304188
125	114	370	31.445938
126	114	1102	24.948484
127	114	568	11.573432
128	114	1339	0
0	115	1685	0
1	115	1848	-33.300003
2	115	1848	-26.544004
3	115	801	-26.544004
4	115	23	-26.544004
5	115	23	-26.544004
6	115	24	36.663998
7	115	75	38.99992
8	115	98	127.455994
9	115	76	210.704132
10	115	25	127.455994
11	115	25	44.199913
12	115	12	50.455994
13	115	2048	-26.544004
14	115	1994	-26.544004
15	115	989	-26.544004
16	115	1981	-25.57143
17	115	2049	15.484575
18	115	1093	37.059719
19	115	2050	49.446342
20	115	2051	40.442013
21	115	2037	19.73464
22	115	2052	17.944702
23	115	2053	29.91312
24	115	2054	46.602867
25	115	1093	58.112377
26	115	2000	59.962921
27	115	989	42.784863
28	115	989	17.039297
29	115	989	0.313832
30	115	2055	-15.255292
31	115	2056	-38.346523
32	115	696	-51.018219
33	115	23	-26.595331
34	115	75	40.582035
35	115	98	59.689789
36	115	958	25.732267
37	115	120	-11.678919
38	115	25	-37.503166
39	115	23	-40.322144
40	115	23	-56.750423
41	115	123	-76.68042
42	115	161	-73.35643
43	115	124	-52.373512
44	115	260	-5.6257
45	115	142	19.902792
46	115	161	16.987768
47	115	535	81.791397
48	115	1962	52.566528
49	115	2057	44.243225
50	115	1878	63.323639
51	115	1870	67.864159
52	115	124	71.541321
53	115	161	77.307838
54	115	260	71.418297
55	115	101	95.594589
56	115	142	126.594025
57	115	161	142.842865
58	115	125	128.485596
59	115	123	135.865005
60	115	124	168.186218
61	115	260	191.655273
62	115	101	188.559143
63	115	101	154.766006
64	115	142	122.750618
65	115	124	93.253944
66	115	124	74.442772
67	115	1866	48.294857
68	115	1870	15.841743
69	115	161	17.467047
70	115	125	36.081005
71	115	123	48.307938
72	115	124	51.069443
73	115	161	66.658119
74	115	124	105.766113
75	115	260	143.737106
76	115	101	159.537308
77	115	142	133.382278
78	115	260	94.226456
79	115	142	65.647217
80	115	161	60.846146
81	115	125	64.054123
82	115	121	55.633873
83	115	259	38.245701
84	115	535	27.851624
85	115	259	30.139736
86	115	124	39.870045
87	115	161	43.896107
88	115	124	45.499279
89	115	124	56.258648
90	115	124	69.323753
91	115	161	75.150528
92	115	535	65.798012
93	115	1883	57.239639
94	115	2058	62.595592
95	115	535	64.420509
96	115	122	62.909264
97	115	23	43.312729
98	115	2059	21.977665
99	115	2	13.335001
100	115	2060	19.080818
101	115	1926	27.922705
102	115	2020	36.902977
103	115	412	46.412735
104	115	1917	54.705627
105	115	4	57.570881
106	115	4	57.796181
107	115	2005	51.210747
108	115	12	43.709167
109	115	24	33.136456
110	115	23	27.235222
111	115	25	20.918455
112	115	23	19.603127
113	115	1917	16.742756
114	115	4	15.119802
115	115	2061	18.780107
116	115	161	18.914358
117	115	124	19.566486
118	115	161	17.549152
119	115	124	17.411224
120	115	161	17.353952
121	115	161	14.212817
122	115	260	10.528932
123	115	1762	8.82599
124	115	140	16.573814
125	115	1102	22.798025
126	115	141	21.53153
127	115	1843	10.72203
128	115	124	0
0	116	161	0
1	116	124	-33.300003
2	116	260	-33.300003
3	116	1762	-26.544004
4	116	384	-26.544004
5	116	25	-26.544004
6	116	583	36.663998
7	116	285	44.35199
8	116	179	145.960037
9	116	25	147.831833
10	116	12	137.607925
11	116	23	44.679996
12	116	2062	49.455994
13	116	2063	-1.799991
14	116	1994	-26.544004
15	116	989	-26.544004
16	116	1995	-26.544004
17	116	1093	8.177914
18	116	2008	24.143562
19	116	2064	34.493832
20	116	2037	26.914371
21	116	2065	14.99571
22	116	2066	19.583839
23	116	2054	33.560974
24	116	1093	43.601875
25	116	2000	47.495598
26	116	989	43.301582
27	116	989	29.418304
28	116	989	12.068068
29	116	2034	-0.569305
30	116	2067	-7.690679
31	116	696	-36.41914
32	116	24	-44.691643
33	116	96	-19.796385
34	116	349	-45.085503
35	116	179	59.673962
36	116	23	30.6168
37	116	23	-31.675154
38	116	23	-63.251778
39	116	99	-56.653694
40	116	142	-51.615501
41	116	124	-60.010532
42	116	124	-65.588448
43	116	535	-46.069866
44	116	259	-5.173906
45	116	161	37.635445
46	116	260	50.859184
47	116	2068	105.092224
48	116	1897	78.8909
49	116	1871	63.295815
50	116	1869	74.366028
51	116	535	74.994293
52	116	261	80.451096
53	116	259	98.640015
54	116	161	93.568619
55	116	124	106.78582
56	116	161	125.087784
57	116	260	142.455917
58	116	142	120.103615
59	116	124	105.644615
60	116	161	113.841949
61	116	124	139.030151
62	116	124	169.725906
63	116	124	169.133957
64	116	124	140.815002
65	116	161	106.887726
66	116	1871	83.95443
67	116	1869	54.166531
68	116	124	18.452763
69	116	125	2.075053
70	116	123	6.531322
71	116	124	10.808012
72	116	161	19.318598
73	116	161	46.445065
74	116	161	87.888443
75	116	124	117.586029
76	116	161	119.003242
77	116	535	103.845024
78	116	261	81.37571
79	116	259	65.42466
80	116	260	60.608376
81	116	100	58.176212
82	116	1873	44.030197
83	116	2069	23.146709
84	116	2070	7.067189
85	116	161	10.128553
86	116	124	19.763149
87	116	124	25.605215
88	116	161	25.182442
89	116	535	26.982496
90	116	261	27.590485
91	116	122	24.367977
92	116	2071	20.972778
93	116	2072	16.469276
94	116	2073	24.907957
95	116	4	32.16396
96	116	4	35.879921
97	116	0	29.391397
98	116	1	18.176628
99	116	3	11.587692
100	116	2005	18.728895
101	116	1917	24.093456
102	116	4	27.684553
103	116	0	33.608269
104	116	2	42.116112
105	116	2	62.216667
106	116	3	73.019295
107	116	4	74.952194
108	116	2005	62.417313
109	116	23	45.448837
110	116	23	29.426542
111	116	1917	18.412384
112	116	0	11.539893
113	116	31	17.652056
114	116	2074	29.245073
115	116	259	37.594334
116	116	161	42.019642
117	116	124	34.265499
118	116	161	30.964643
119	116	161	21.211988
120	116	161	11.851043
121	116	161	6.896742
122	116	1936	3.292834
123	116	568	4.172038
124	116	1102	9.561484
125	116	1339	16.922857
126	116	142	20.523521
127	116	124	14.558742
128	116	124	0
0	117	124	0
1	117	1515	-33.300003
2	117	930	-33.300003
3	117	118	-26.544004
4	117	23	-26.544004
5	117	96	-26.544004
6	117	119	36.663998
7	117	120	42.472012
8	117	12	93.987999
9	117	12	97.59201
10	117	25	94.624039
11	117	2075	46.623997
12	117	2076	48.455994
13	117	2007	-26.544004
14	117	2034	-26.544004
15	117	2035	-26.544004
16	117	1093	-26.277601
17	117	2077	6.114419
18	117	2078	12.682069
19	117	2079	13.839528
20	117	2080	10.142479
21	117	1064	5.420205
22	117	2081	16.609692
23	117	1093	27.87414
24	117	2000	30.551439
25	117	989	35.757904
26	117	989	32.701534
27	117	989	26.932449
28	117	1981	10.728696
29	117	2082	0.21161
30	117	194	-8.268099
31	117	177	-19.116573
32	117	12	-22.226751
33	117	96	1.423527
34	117	120	44.879784
35	117	23	41.107807
36	117	24	7.214832
37	117	99	-48.147228
38	117	142	-63.089828
39	117	161	-46.810936
40	117	161	-31.174036
41	117	124	-21.208525
42	117	260	-29.474716
43	117	334	-32.707424
44	117	259	-18.561684
45	117	161	26.389074
46	117	260	44.552673
47	117	334	106.032036
48	117	261	89.821747
49	117	259	93.621078
50	117	125	106.403252
51	117	25	95.768318
52	117	121	99.693771
53	117	259	107.271477
54	117	124	103.370949
55	117	535	99.237373
56	117	261	105.813354
57	117	259	112.084267
58	117	124	86.892723
59	117	124	58.294262
60	117	161	54.431145
61	117	124	84.038147
62	117	124	139.6716
63	117	535	173.035065
64	117	259	156.719009
65	117	124	118.71302
66	117	535	89.957817
67	117	261	60.041389
68	117	357	23.096708
69	117	142	1.166874
70	117	161	0
71	117	161	0.375547
72	117	124	13.502006
73	117	161	37.727177
74	117	535	60.928764
75	117	259	74.435493
76	117	260	68.273117
77	117	101	55.1693
78	117	142	50.246716
79	117	124	46.940388
80	117	125	48.168255
81	117	2083	42.652134
82	117	2084	30.732252
83	117	2085	12.048067
84	117	124	2.439986
85	117	161	1.744288
86	117	124	4.956033
87	117	535	10.105475
88	117	122	10.574553
89	117	12	6.510349
90	117	23	2.13348
91	117	121	0
92	117	122	0.179772
93	117	2059	0.26074
94	117	1	2.037048
95	117	1	13.351398
96	117	2	29.135893
97	117	2	32.778362
98	117	2	27.865089
99	117	2060	19.366737
100	117	2059	17.682182
101	117	2	22.804333
102	117	31	23.605124
103	117	2020	26.668413
104	117	32	35.499363
105	117	1	70.788773
106	117	2	91.164635
107	117	3	93.546654
108	117	4	72.325798
109	117	2005	53.705326
110	117	2059	36.576748
111	117	2	20.915133
112	117	2060	12.31536
113	117	24	22.203747
114	117	123	37.150318
115	117	124	49.640053
116	117	124	51.719315
117	117	124	47.405651
118	117	161	44.883919
119	117	124	35.920181
120	117	2086	21.721004
121	117	2087	6.510387
122	117	1102	1.885436
123	117	1102	3.406241
124	117	1737	6.781108
125	117	1738	14.765419
126	117	261	19.957834
127	117	261	17.574574
128	117	259	0
0	118	2088	0
1	118	1692	-70.679901
2	118	76	-33.300003
3	118	12	-26.544004
4	118	75	-40.655964
5	118	98	-26.544004
6	118	98	48.455994
7	118	76	44.704037
8	118	23	44.775963
9	118	23	44.775963
10	118	2043	44.775963
11	118	2089	46.623997
12	118	989	48.455994
13	118	2030	-26.544004
14	118	2090	-26.544004
15	118	1341	-26.134197
16	118	1093	-17.581818
17	118	1093	16.149221
18	118	1093	17.132671
19	118	1093	10.745455
20	118	1093	2.677441
21	118	1093	6.165064
22	118	1142	16.909658
23	118	2091	25.940601
24	118	989	29.544807
25	118	989	28.317757
26	118	989	34.735641
27	118	989	30.125566
28	118	1981	17.061872
29	118	2082	21.66909
30	118	200	28.197319
31	118	24	22.239601
32	118	25	-1.182843
33	118	25	17.42568
34	118	176	27.819744
35	118	177	74.54213
36	118	121	-30.262314
37	118	259	-46.425652
38	118	161	-44.234406
39	118	161	-22.269751
40	118	161	6.472833
41	118	535	9.925273
42	118	122	-1.711544
43	118	121	-30.293995
44	118	259	-35.361698
45	118	124	-17.700138
46	118	125	-3.051278
47	118	99	66.528328
48	118	334	69.213654
49	118	357	94.956955
50	118	101	117.874466
51	118	101	105.266502
52	118	334	91.473587
53	118	259	94.363426
54	118	260	94.18882
55	118	101	90.870331
56	118	334	91.819183
57	118	259	90.998734
58	118	161	63.433632
59	118	124	58.49382
60	118	161	40.575417
61	118	124	75.779228
62	118	125	141.705597
63	118	123	175.535538
64	118	124	149.794052
65	118	260	115.78846
66	118	100	89.966393
67	118	123	68.144333
68	118	124	25.576874
69	118	161	4.121097
70	118	161	0
71	118	124	0.217075
72	118	124	10.969674
73	118	125	30.36537
74	118	123	47.37233
75	118	124	45.000122
76	118	124	35.120842
77	118	124	23.893465
78	118	124	22.439547
79	118	260	21.940239
80	118	142	24.857925
81	118	1871	22.48885
82	118	1869	13.851771
83	118	124	6.39079
84	118	124	5.168664
85	118	1866	12.036307
86	118	1882	16.13826
87	118	12	13.99961
88	118	23	6.921947
89	118	12	3.992414
90	118	25	8.313164
91	118	12	13.233296
92	118	1926	14.569311
93	118	32	13.305984
94	118	2	17.805889
95	118	1	33.038528
96	118	31	45.510525
97	118	2020	51.462196
98	118	2092	36.450737
99	118	0	24.160723
100	118	1	18.150944
101	118	3	21.976475
102	118	4	24.068119
103	118	0	25.142204
104	118	2	36.400166
105	118	2	67.509918
106	118	2	92.093819
107	118	31	89.140717
108	118	412	71.542549
109	118	1926	47.222881
110	118	2020	38.332668
111	118	2093	24.578434
112	118	100	15.775813
113	118	121	25.046797
114	118	259	34.418938
115	118	161	43.702263
116	118	161	43.218872
117	118	161	45.287006
118	118	535	49.014511
119	118	2094	45.37915
120	118	2095	29.403637
121	118	356	12.987277
122	118	356	5.201449
123	118	800	5.572894
124	118	801	6.916859
125	118	99	12.715078
126	118	101	20.138088
127	118	334	22.329216
128	118	122	0
0	119	96	0
1	119	97	-70.679901
2	119	1577	-33.300003
3	119	2096	-26.544004
4	119	1436	-26.544004
5	119	786	-26.544004
6	119	120	48.455994
7	119	25	48.455994
8	119	24	48.455994
9	119	2043	48.455994
10	119	2089	48.455994
11	119	989	48.455994
12	119	2055	48.455994
13	119	2097	-26.544004
14	119	2098	-24.316135
15	119	1165	-17.221872
16	119	2099	-1.332245
17	119	2099	34.296715
18	119	2100	30.405006
19	119	2101	16.386028
20	119	2100	7.950824
21	119	2102	26.875677
22	119	2103	47.837204
23	119	989	46.323776
24	119	989	31.865751
25	119	989	30.834255
26	119	989	37.202393
27	119	989	31.718006
28	119	2104	30.310225
29	119	76	53.535503
30	119	176	74.425514
31	119	177	64.488045
32	119	176	25.402674
33	119	2105	-9.730572
34	119	2106	-9.533683
35	119	100	29.647354
36	119	121	-66.467911
37	119	261	-51.352051
38	119	259	-30.397364
39	119	161	-6.94278
40	119	260	7.697602
41	119	100	5.456195
42	119	25	-14.312622
43	119	121	-29.114412
44	119	259	-32.409351
45	119	260	-22.310951
46	119	142	-12.960543
47	119	260	-18.51532
48	119	142	118.060623
49	119	535	62.824303
50	119	259	85.427284
51	119	260	74.780258
52	119	142	60.515785
53	119	535	54.37727
54	119	259	-34.91227
55	119	260	79.265236
56	119	142	85.840363
57	119	535	89.069
58	119	259	66.599174
59	119	161	80.384262
60	119	161	64.212616
61	119	260	95.889954
62	119	334	142.007202
63	119	261	150.93718
64	119	259	123.70005
65	119	260	102.34903
66	119	142	101.944046
67	119	124	85.256294
68	119	161	44.984585
69	119	124	6.36691
70	119	124	0.595024
71	119	161	0
72	119	260	5.516244
73	119	142	16.658152
74	119	124	26.196486
75	119	124	27.891363
76	119	124	19.370266
77	119	124	16.430651
78	119	1866	14.711723
79	119	1870	14.187556
80	119	124	10.62871
81	119	1866	6.310562
82	119	1879	1.99007
83	119	261	3.925229
84	119	2045	12.742949
85	119	179	29.130188
86	119	24	43.670616
87	119	23	43.42086
88	119	24	33.289886
89	119	24	28.415091
90	119	12	42.39777
91	119	1917	57.514179
92	119	0	59.718697
93	119	1	51.649879
94	119	2	48.781063
95	119	2060	56.550941
96	119	1917	61.328705
97	119	0	53.333324
98	119	2	34.549156
99	119	2	22.856485
100	119	31	19.28583
101	119	32	24.286161
102	119	2	27.265268
103	119	2	24.975388
104	119	2	31.636309
105	119	2	51.180923
106	119	2060	71.321297
107	119	12	67.170769
108	119	24	50.186134
109	119	25	32.791916
110	119	121	27.704939
111	119	122	21.374882
112	119	99	18.33573
113	119	142	20.528364
114	119	161	24.789375
115	119	124	23.067253
116	119	535	21.250635
117	119	122	25.028191
118	119	24	35.91074
119	119	25	39.485779
120	119	24	27.255219
121	119	332	16.691862
122	119	1660	15.727345
123	119	1862	19.75095
124	119	123	14.868484
125	119	535	12.031804
126	119	122	17.488625
127	119	25	21.549379
128	119	25	0
0	120	96	0
1	120	1733	-70.679901
2	120	1723	-59.843975
3	120	2107	-26.544004
4	120	97	-26.544004
5	120	76	-26.544004
6	120	25	-26.544004
7	120	23	-26.544004
8	120	2067	-26.544004
9	120	2108	-26.544004
10	120	2109	-26.544004
11	120	989	-26.544004
12	120	989	-26.544004
13	120	1981	-26.544004
14	120	2110	-20.568504
15	120	2111	-9.59842
16	120	2111	7.780532
17	120	2103	43.122246
18	120	2112	6.675957
19	120	2103	-8.000631
20	120	989	23.999107
21	120	989	60.135105
22	120	989	86.550644
23	120	2034	80.581024
24	120	1994	46.340427
25	120	989	27.508881
26	120	2034	25.167658
27	120	2113	23.483147
28	120	120	32.441154
29	120	193	66.894684
30	120	200	100.513832
31	120	719	74.639343
32	120	2114	27.125307
33	120	2115	-22.986092
34	120	2116	-35.802959
35	120	177	-76.475334
36	120	25	17.907766
37	120	123	-66.723495
38	120	124	-45.007004
39	120	535	-17.099709
40	120	122	-9.515414
41	120	12	-23.4408
42	120	99	-33.455986
43	120	142	-3.443628
44	120	124	23.755968
45	120	161	23.980354
46	120	124	4.877277
47	120	161	-0.102274
48	120	260	-6.587476
49	120	142	119.869324
50	120	124	53.782825
51	120	161	40.123802
52	120	125	20.890776
53	120	121	29.453516
54	120	259	-53.001068
55	120	535	-34.701553
56	120	122	-18.828457
57	120	123	84.796364
58	120	161	81.140877
59	120	161	70.85997
60	120	124	98.756973
61	120	260	127.701256
62	120	100	149.320404
63	120	121	125.518616
64	120	259	89.410347
65	120	124	87.109947
66	120	124	111.306625
67	120	124	108.41169
68	120	124	66.812828
69	120	124	18.786615
70	120	161	2.389907
71	120	161	1.046814
72	120	124	0.155457
73	120	161	4.773375
74	120	124	10.203753
75	120	124	12.671373
76	120	124	15.688376
77	120	1871	20.288643
78	120	1869	21.908873
79	120	124	17.823719
80	120	1871	10.150755
81	120	1872	3.000476
82	120	12	0.743208
83	120	96	5.145128
84	120	120	18.577877
85	120	23	42.727261
86	120	25	67.989914
87	120	25	77.318016
88	120	1917	67.715881
89	120	4	62.02425
90	120	0	86.766289
91	120	1	111.351105
92	120	31	112.271606
93	120	32	89.47982
94	120	3	76.506096
95	120	2117	70.706886
96	120	32	63.242558
97	120	2	43.394558
98	120	1	26.916922
99	120	3	20.811628
100	120	2117	24.020609
101	120	32	27.977703
102	120	31	29.342941
103	120	32	30.878086
104	120	31	28.561249
105	120	412	33.899876
106	120	24	44.425499
107	120	23	44.670048
108	120	25	31.754835
109	120	24	21.610687
110	120	12	16.492584
111	120	121	13.427395
112	120	261	11.688326
113	120	2118	11.600251
114	120	1387	11.616675
115	120	1388	9.327359
116	120	24	4.187328
117	120	23	10.333175
118	120	12	19.96302
119	120	25	21.110023
120	120	156	16.506367
121	120	800	16.790438
122	120	1849	26.427126
123	120	142	34.147594
124	120	260	26.294544
125	120	100	15.88079
126	120	25	13.241504
127	120	12	18.405033
128	120	23	0
0	121	156	0
1	121	2119	-70.679901
2	121	95	-59.843975
3	121	96	-26.544004
4	121	120	-26.544004
5	121	24	-23.908274
6	121	25	-21.5093
7	121	719	-22.737429
8	121	2044	-25.735138
9	121	2089	-26.544004
10	121	989	-26.544004
11	121	989	-26.544004
12	121	989	-26.544004
13	121	989	-26.544004
14	121	989	-20.101446
15	121	989	-9.816193
16	121	989	2.340752
17	121	989	6.278098
18	121	989	5.929619
19	121	989	4.56872
20	121	989	49.926624
21	121	989	87.078522
22	121	1981	115.300652
23	121	2007	95.123695
24	121	2034	53.270905
25	121	2120	16.957193
26	121	177	11.698324
27	121	23	11.122922
28	121	25	17.832634
29	121	176	49.500259
30	121	281	69.26297
31	121	2121	54.902302
32	121	2122	10.162567
33	121	2123	-30.693701
34	121	194	-39.448433
35	121	177	-83.17981
36	121	123	-1.327958
37	121	161	-83.959991
38	121	125	-50.241291
39	121	23	-18.073853
40	121	23	-9.2639
41	121	123	-30.733433
42	121	124	-19.182823
43	121	161	19.164915
44	121	161	67.693077
45	121	124	56.094379
46	121	161	32.52261
47	121	161	2.860505
48	121	124	8.061462
49	121	535	123.194374
50	121	259	48.532013
51	121	260	22.019051
52	121	101	90.216293
53	121	142	10.196506
54	121	260	-11.755416
55	121	101	-9.16955
56	121	142	-16.276005
57	121	161	-8.246852
58	121	161	-17.332594
59	121	161	80.016884
60	121	161	111.637703
61	121	260	150.962296
62	121	101	164.956223
63	121	142	140.799301
64	121	161	77.840393
65	121	124	78.389816
66	121	161	110.253708
67	121	161	122.281441
68	121	161	77.436722
69	121	124	30.002998
70	121	161	3.486137
71	121	124	1.86289
72	121	124	0.451999
73	121	124	0
74	121	124	1.539237
75	121	124	4.494681
76	121	161	14.544892
77	121	161	25.964592
78	121	161	32.923969
79	121	124	27.473997
80	121	125	14.509671
81	121	12	4.681213
82	121	12	1.103609
83	121	25	7.194013
84	121	25	18.579901
85	121	25	45.103889
86	121	12	76.688957
87	121	1926	92.483955
88	121	2020	85.274475
89	121	2020	82.826782
90	121	32	108.775711
91	121	3	135.306931
92	121	2117	135.527939
93	121	2020	106.946526
94	121	2092	82.743797
95	121	0	69.884575
96	121	1	52.831345
97	121	31	30.48753
98	121	32	19.901903
99	121	3	25.780916
100	121	2117	31.714123
101	121	412	35.320175
102	121	1926	35.007545
103	121	2092	35.391285
104	121	2005	32.806732
105	121	23	32.250488
106	121	25	35.766571
107	121	23	32.024414
108	121	24	23.849983
109	121	23	14.4922
110	121	24	8.874447
111	121	12	8.071232
112	121	1262	9.111691
113	121	1594	7.699436
114	121	1291	8.012718
115	121	23	8.699096
116	121	23	10.509153
117	121	12	11.783587
118	121	24	12.361604
119	121	99	10.831903
120	121	142	6.065016
121	121	124	12.787489
122	121	124	27.699669
123	121	124	36.87442
124	121	260	29.500864
125	121	1891	18.493874
126	121	76	13.057544
127	121	75	15.942047
128	121	98	0
0	122	1608	0
1	122	118	-70.679901
2	122	24	-26.544004
3	122	25	-26.544004
4	122	25	-22.900333
5	122	25	-13.964531
6	122	719	-10.364735
7	122	2124	-13.411518
8	122	2125	-17.994545
9	122	1994	-21.732244
10	122	989	-10.403233
11	122	989	-24.80559
12	122	989	-25.766706
13	122	989	-26.544004
14	122	989	-22.751812
15	122	989	-16.402052
16	122	989	-11.148993
17	122	989	-1.598487
18	122	989	7.580251
19	122	989	48.417122
20	122	989	70.149193
21	122	989	88.460754
22	122	2034	102.943611
23	122	2126	89.7808
24	122	193	53.218155
25	122	194	23.665117
26	122	177	10.778834
27	122	23	9.993026
28	122	719	6.381735
29	122	748	17.624552
30	122	199	27.267141
31	122	194	17.860317
32	122	195	-10.379784
33	122	2127	-31.437084
34	122	200	-44.142532
35	122	121	-50.71579
36	122	261	-10.965784
37	122	122	13.44754
38	122	23	-45.978729
39	122	99	1.636675
40	122	142	24.085552
41	122	161	4.091701
42	122	161	-8.429521
43	122	535	24.419233
44	122	261	53.032597
45	122	259	42.387676
46	122	124	16.914408
47	122	161	0.69133
48	122	260	1.408796
49	122	142	-8.320669
50	122	161	76.333046
51	122	161	48.248566
52	122	124	114.401268
53	122	124	29.717688
54	122	124	29.043045
55	122	161	37.044178
56	122	124	23.21228
57	122	535	3.201716
58	122	261	7.50042
59	122	261	120.65509
60	122	259	150.659485
61	122	124	187.352005
62	122	161	24.927015
63	122	161	22.535954
64	122	161	103.224091
65	122	124	81.543373
66	122	124	99.853897
67	122	161	113.393738
68	122	2128	76.199486
69	122	2129	27.589582
70	122	161	3.524194
71	122	161	1.839758
72	122	161	0.438018
73	122	161	0.546114
74	122	124	2.60251
75	122	161	6.535532
76	122	161	16.574389
77	122	124	30.150469
78	122	161	36.375103
79	122	260	30.508625
80	122	100	16.972506
81	122	25	6.408085
82	122	12	2.904058
83	122	25	8.872363
84	122	12	18.299156
85	122	25	36.607552
86	122	24	63.595798
87	122	24	80.057541
88	122	1917	74.329773
89	122	2117	70.48439
90	122	2020	90.32045
91	122	412	120.271507
92	122	25	119.744171
93	122	2059	94.220535
94	122	1	69.776268
95	122	1	58.54987
96	122	3	43.125404
97	122	0	24.990778
98	122	1	20.919098
99	122	2060	29.296215
100	122	12	34.607586
101	122	23	35.338879
102	122	1926	33.378674
103	122	2092	36.109489
104	122	2005	35.557159
105	122	1917	35.104061
106	122	2005	35.184055
107	122	24	30.739922
108	122	25	22.186041
109	122	24	13.51803
110	122	25	10.380848
111	122	1262	9.832455
112	122	1594	8.718871
113	122	1338	9.873327
114	122	1234	20.897593
115	122	25	27.442465
116	122	25	27.476583
117	122	24	25.231844
118	122	121	20.051102
119	122	259	12.901357
120	122	161	4.445315
121	122	161	6.485669
122	122	124	18.469635
123	122	1866	26.325842
124	122	2130	25.702221
125	122	179	19.647228
126	122	583	22.386106
127	122	283	27.893181
128	122	256	0
0	123	76	0
1	123	332	-70.679901
2	123	384	-26.544004
3	123	12	-25.928925
4	123	24	-15.0786
5	123	719	-2.177154
6	123	2044	4.347714
7	123	280	-1.379478
8	123	2131	-9.749202
9	123	1993	-14.023908
10	123	1994	-15.514468
11	123	2132	-16.160313
12	123	2133	-12.069084
13	123	1994	-10.98061
14	123	989	-10.605433
15	123	989	-12.941507
16	123	989	-14.340211
17	123	989	-1.998978
18	123	989	15.677302
19	123	2134	61.825089
20	123	2135	64.313309
21	123	2126	74.947395
22	123	23	84.036163
23	123	25	79.45784
24	123	193	60.696781
25	123	194	40.069542
26	123	177	31.281115
27	123	193	30.379185
28	123	194	30.691547
29	123	195	22.280195
30	123	281	12.793886
31	123	748	-3.048316
32	123	194	-17.798859
33	123	195	-37.496422
34	123	177	-47.462463
35	123	25	-53.725098
36	123	25	-89.288292
37	123	23	17.083498
38	123	123	-36.849072
39	123	124	26.415922
40	123	161	49.153477
41	123	124	19.399542
42	123	260	-7.479519
43	123	100	4.419125
44	123	121	9.701437
45	123	261	18.154579
46	123	259	1.474203
47	123	161	3.950874
48	123	124	9.26363
49	123	161	17.545099
50	123	124	32.921478
51	123	124	88.71714
52	123	124	49.390644
53	123	535	51.099823
54	123	261	64.348366
55	123	261	70.457672
56	123	122	54.754784
57	123	24	30.706993
58	123	99	23.058874
59	123	334	31.567562
60	123	261	52.814072
61	123	259	60.953659
62	123	161	57.066254
63	123	124	47.006554
64	123	124	115.551834
65	123	161	76.640053
66	123	161	81.894814
67	123	2136	84.57933
68	123	2137	55.701702
69	123	124	17.821619
70	123	124	2.949387
71	123	161	1.053948
72	123	124	0.927643
73	123	161	4.606014
74	123	124	9.961875
75	123	161	14.978509
76	123	161	23.150923
77	123	535	28.388683
78	123	261	30.530409
79	123	357	24.425171
80	123	100	13.127774
81	123	23	6.143177
82	123	12	6.947241
83	123	25	16.041296
84	123	24	24.85544
85	123	24	34.444881
86	123	25	45.565674
87	123	2059	52.432007
88	123	2060	46.694714
89	123	24	42.724903
90	123	23	55.084755
91	123	23	77.682449
92	123	2059	84.909752
93	123	1	73.502106
94	123	31	58.995281
95	123	2020	46.415073
96	123	32	34.742558
97	123	31	22.320736
98	123	2092	19.221542
99	123	4	23.490459
100	123	2005	27.308495
101	123	12	26.637697
102	123	1926	23.862835
103	123	412	25.613775
104	123	1926	28.823059
105	123	412	30.955223
106	123	25	30.155224
107	123	25	27.121393
108	123	25	19.807356
109	123	12	14.939229
110	123	1262	11.977708
111	123	1401	10.470847
112	123	1594	8.806113
113	123	1338	20.406723
114	123	1234	42.34132
115	123	12	52.564442
116	123	24	48.704498
117	123	24	32.271126
118	123	121	24.638834
119	123	261	15.728925
120	123	259	6.856516
121	123	535	2.701351
122	123	2045	8.707914
123	123	285	14.743821
124	123	179	18.723719
125	123	96	22.182299
126	123	119	34.639912
127	123	119	40.333084
128	123	120	0
0	124	156	0
1	124	118	-70.679901
2	124	332	-70.262634
3	124	384	-22.554939
4	124	193	-10.806342
5	124	310	4.761324
6	124	2121	8.734254
7	124	280	1.620231
8	124	177	-7.42612
9	124	1956	-4.314627
10	124	2113	11.231718
11	124	120	19.909504
12	124	1956	19.76968
13	124	2138	13.720473
14	124	2109	6.454616
15	124	989	25.227358
16	124	989	21.383402
17	124	2134	31.54884
18	124	2139	42.858986
19	124	194	50.010838
20	124	177	49.0868
21	124	176	55.85104
22	124	177	69.886856
23	124	12	72.95797
24	124	719	65.645561
25	124	280	54.262234
26	124	195	48.95163
27	124	281	53.460602
28	124	2124	55.638374
29	124	2121	45.415356
30	124	280	30.942207
31	124	2127	15.503865
32	124	199	1.855014
33	124	200	-22.367069
34	124	25	-29.458279
35	124	25	-33.885677
36	124	24	-75.818115
37	124	121	16.798388
38	124	261	67.81369
39	124	259	26.979849
40	124	124	65.340782
41	124	124	34.912952
42	124	125	-15.835101
43	124	24	-18.487858
44	124	12	-7.401844
45	124	123	5.468805
46	124	161	13.684879
47	124	124	22.009714
48	124	124	30.924105
49	124	535	41.965954
50	124	261	51.023388
51	124	261	128.700897
52	124	122	87.338982
53	124	23	84.593201
54	124	25	81.65641
55	124	23	76.457542
56	124	12	54.525532
57	124	121	35.40163
58	124	122	26.71203
59	124	24	39.379772
60	124	121	57.764748
61	124	259	48.623108
62	124	161	33.435329
63	124	124	12.988794
64	124	161	83.459953
65	124	161	55.379898
66	124	161	50.225471
67	124	161	51.069096
68	124	161	30.825846
69	124	161	8.279021
70	124	161	2.381424
71	124	161	1.44326
72	124	124	2.077776
73	124	535	8.627162
74	124	259	16.930605
75	124	124	25.703465
76	124	125	28.833519
77	124	12	27.153967
78	124	123	20.033855
79	124	260	13.182621
80	124	100	7.698597
81	124	12	5.685205
82	124	25	10.368382
83	124	25	21.256718
84	124	23	33.317375
85	124	1917	38.667995
86	124	0	38.569199
87	124	2060	31.417168
88	124	25	24.517185
89	124	24	18.15963
90	124	23	30.507145
91	124	1926	51.194572
92	124	2020	64.098297
93	124	412	57.191063
94	124	24	48.682137
95	124	1926	37.379662
96	124	412	27.017962
97	124	1926	17.106104
98	124	2020	11.063417
99	124	412	14.333138
100	124	25	15.632142
101	124	12	13.519734
102	124	25	13.794392
103	124	12	13.974268
104	124	23	15.701631
105	124	23	18.850088
106	124	23	19.555408
107	124	12	17.427614
108	124	23	13.730188
109	124	1260	10.520895
110	124	1317	8.782313
111	124	1385	6.593906
112	124	1401	5.80809
113	124	1338	24.82049
114	124	1234	51.930782
115	124	12	64.357521
116	124	23	51.68515
117	124	24	31.079283
118	124	23	19.076382
119	124	121	14.748947
120	124	122	8.143456
121	124	96	5.386592
122	124	119	5.185262
123	124	120	9.034806
124	124	12	14.975976
125	124	23	21.054518
126	124	24	31.693548
127	124	12	37.918209
128	124	23	0
0	125	12	0
1	125	156	-69.084358
2	125	118	-65.931252
3	125	25	-16.67511
4	125	193	-3.369292
5	125	199	9.720245
6	125	2140	9.204776
7	125	2141	-1.029994
8	125	177	-10.581746
9	125	12	9.392892
10	125	23	37.020977
11	125	176	52.105934
12	125	2127	49.346733
13	125	2142	31.404732
14	125	2143	12.561097
15	125	2143	29.142529
16	125	2144	24.716845
17	125	696	30.246555
18	125	193	31.831978
19	125	194	29.128092
20	125	2127	32.577381
21	125	200	51.127701
22	125	25	67.163628
23	125	193	69.7416
24	125	310	52.672798
25	125	2044	41.442471
26	125	2044	41.1493
27	125	720	51.405975
28	125	2044	56.578739
29	125	748	52.830116
30	125	200	49.246883
31	125	25	43.830856
32	125	12	37.868362
33	125	25	23.259163
34	125	24	8.889214
35	125	23	5.677948
36	125	23	-54.641994
37	125	23	22.145689
38	125	121	53.223152
39	125	259	89.962975
40	125	124	55.148777
41	125	125	35.167519
42	125	23	-11.885545
43	125	25	-22.703346
44	125	121	-3.147088
45	125	261	16.761812
46	125	259	18.76458
47	125	124	16.281939
48	125	260	25.238876
49	125	101	58.762302
50	125	101	70.032997
51	125	100	63.472073
52	125	24	132.260147
53	125	12	112.94709
54	125	25	86.779259
55	125	23	70.083839
56	125	24	53.415089
57	125	24	29.922943
58	125	24	14.250396
59	125	24	116.005699
60	125	123	111.956985
61	125	535	94.427834
62	125	259	70.518051
63	125	124	57.976887
64	125	124	39.949249
65	125	161	24.046143
66	125	161	25.973183
67	125	161	23.896181
68	125	124	12.196344
69	125	124	4.754993
70	125	535	2.912327
71	125	259	1.934818
72	125	260	2.311081
73	125	142	9.171041
74	125	161	18.402092
75	125	260	29.092554
76	125	2145	31.014568
77	125	2146	25.947803
78	125	261	12.450017
79	125	357	4.497417
80	125	101	2.597194
81	125	100	3.304086
82	125	23	9.663506
83	125	24	21.093361
84	125	1926	36.199203
85	125	2020	39.554001
86	125	412	34.035145
87	125	23	21.132408
88	125	25	9.775515
89	125	25	6.298132
90	125	23	16.138018
91	125	24	30.986305
92	125	24	44.294891
93	125	25	46.701984
94	125	25	37.392235
95	125	24	24.229969
96	125	12	17.1563
97	125	25	10.323292
98	125	24	6.862829
99	125	23	6.378216
100	125	23	7.329385
101	125	25	8.351847
102	125	25	7.624599
103	125	23	6.356961
104	125	24	7.023264
105	125	25	7.060207
106	125	24	5.840013
107	125	25	5.763457
108	125	12	5.872907
109	125	24	5.786566
110	125	1262	4.329931
111	125	1360	1.817625
112	125	1360	1.478356
113	125	1291	19.199711
114	125	23	39.926571
115	125	25	50.122704
116	125	12	35.46106
117	125	23	16.785542
118	125	24	9.179495
119	125	23	9.975459
120	125	25	8.441301
121	125	24	5.897919
122	125	23	4.683093
123	125	24	8.089349
124	125	23	11.690112
125	125	12	13.751159
126	125	24	20.325792
127	125	12	21.565937
128	125	12	0
0	126	24	0
1	126	23	-67.28994
2	126	24	-17.934902
3	126	25	-11.576307
4	126	24	0.356553
5	126	1956	8.114108
6	126	2147	5.085094
7	126	200	-9.205059
8	126	24	-10.841925
9	126	12	10.730704
10	126	193	44.758823
11	126	200	58.913387
12	126	193	45.629082
13	126	310	45.015694
14	126	2121	25.12344
15	126	2124	18.213451
16	126	696	17.197742
17	126	25	20.850094
18	126	193	17.449224
19	126	200	12.116122
20	126	12	21.580681
21	126	12	43.756886
22	126	176	57.866863
23	126	2127	46.285362
24	126	310	27.335934
25	126	2124	15.348804
26	126	748	18.968304
27	126	310	26.748903
28	126	280	32.639103
29	126	177	35.914936
30	126	24	44.867237
31	126	23	60.032227
32	126	25	64.307449
33	126	23	59.821503
34	126	24	42.657333
35	126	12	29.969122
36	126	24	-40.429642
37	126	25	16.517174
38	126	123	41.796936
39	126	161	107.765358
40	126	125	44.697346
41	126	23	24.695864
42	126	99	-7.852207
43	126	100	-11.909299
44	126	23	13.614536
45	126	121	23.387194
46	126	261	3.683287
47	126	261	-13.41595
48	126	261	-3.592594
49	126	261	24.480433
50	126	122	60.213867
51	126	12	63.854401
52	126	24	117.247192
53	126	24	67.236511
54	126	12	61.429249
55	126	23	50.939724
56	126	12	40.89444
57	126	25	27.882807
58	126	24	76.118233
59	126	121	61.913219
60	126	122	48.199322
61	126	123	31.877485
62	126	124	21.321424
63	126	124	23.618275
64	126	535	20.906521
65	126	261	16.855337
66	126	259	13.619824
67	126	124	11.392982
68	126	124	6.484041
69	126	260	3.858834
70	126	142	2.260724
71	126	535	1.87313
72	126	261	2.796321
73	126	261	6.116392
74	126	2148	13.55224
75	126	2149	24.018688
76	126	2150	32.480297
77	126	12	26.999126
78	126	121	15.307002
79	126	261	3.348119
80	126	122	0.429236
81	126	12	1.583028
82	126	23	4.26105
83	126	24	14.285016
84	126	23	26.816555
85	126	23	33.648361
86	126	23	26.559858
87	126	24	15.116152
88	126	12	4.673983
89	126	23	2.641469
90	126	23	8.412731
91	126	23	20.098946
92	126	24	29.371012
93	126	23	29.939436
94	126	23	23.410378
95	126	12	16.145512
96	126	12	10.011196
97	126	25	4.64887
98	126	23	4.129015
99	126	23	2.942812
100	126	12	4.216644
101	126	24	4.871969
102	126	25	4.553493
103	126	12	3.619987
104	126	23	3.215321
105	126	24	2.162736
106	126	23	0.843071
107	126	12	1.378929
108	126	24	1.896958
109	126	1260	2.007407
110	126	1317	1.212252
111	126	1317	0.021794
112	126	1261	0
113	126	25	7.960701
114	126	25	19.898401
115	126	23	23.497936
116	126	24	14.754034
117	126	24	2.514832
118	126	24	4.047534
119	126	25	5.905907
120	126	12	5.658766
121	126	23	4.643765
122	126	23	3.413383
123	126	12	6.038253
124	126	24	9.030677
125	126	23	10.005199
126	126	25	5.976191
127	126	23	6.038864
128	126	25	0
0	127	23	0
1	127	0	-67.281532
2	127	0	-17.939995
3	127	0	-12.457349
4	127	0	-4.946316
5	127	0	-0.003776
6	127	0	-3.615017
7	127	0	-13.640562
8	127	0	-17.091131
9	127	0	-2.911462
10	127	0	19.536146
11	127	0	26.222427
12	127	0	40.17511
13	127	0	19.195108
14	127	0	5.284595
15	127	0	2.455979
16	127	0	5.775914
17	127	0	9.274462
18	127	0	8.659595
19	127	0	4.145727
20	127	0	13.68239
21	127	0	28.04331
22	127	0	33.366604
23	127	0	22.304575
24	127	0	6.196467
25	127	0	1.483642
26	127	0	1.203967
27	127	0	2.288464
28	127	0	6.012274
29	127	0	10.831195
30	127	0	25.974895
31	127	0	43.750755
32	127	0	54.935917
33	127	0	52.629425
34	127	0	38.259945
35	127	0	20.664989
36	127	0	-1.871782
37	127	0	-70.596207
38	127	0	29.108435
39	127	0	83.900787
40	127	0	-5.710752
41	127	0	-4.882249
42	127	0	-25.959192
43	127	0	-17.894983
44	127	0	8.944592
45	127	0	14.538091
46	127	0	-14.270643
47	127	0	-51.704445
48	127	0	-50.619198
49	127	0	-25.712603
50	127	0	-3.75482
51	127	0	27.731483
52	127	0	90.816803
53	127	0	20.591478
54	127	0	12.364332
55	127	0	14.57566
56	127	0	10.761911
57	127	0	6.492036
58	127	0	53.504711
59	127	0	33.91045
60	127	0	15.989899
61	127	0	13.281642
62	127	0	14.609789
63	127	0	18.118401
64	127	0	16.698305
65	127	0	12.023973
66	127	0	8.690008
67	127	0	6.798741
68	127	0	4.629176
69	127	0	2.579173
70	127	0	0.992236
71	127	0	1.645845
72	127	0	2.798574
73	127	0	3.673573
74	127	0	6.042389
75	127	0	15.245816
76	127	0	24.456081
77	127	0	26.331789
78	127	0	15.7026
79	127	0	4.826701
80	127	0	0
81	127	0	0.20915
82	127	0	1.020042
83	127	0	3.021354
84	127	0	11.96038
85	127	0	16.039755
86	127	0	15.056174
87	127	0	8.014252
88	127	0	0.627197
89	127	0	0.425196
90	127	0	4.09075
91	127	0	9.54994
92	127	0	13.812037
93	127	0	14.374525
94	127	0	10.711426
95	127	0	7.636003
96	127	0	4.699086
97	127	0	3.988228
98	127	0	2.590845
99	127	0	2.236857
100	127	0	1.811722
101	127	0	1.721562
102	127	0	1.960221
103	127	0	1.849889
104	127	0	1.64836
105	127	0	0.730303
106	127	0	0
107	127	0	0
108	127	0	0.519364
109	127	0	0.584964
110	127	0	0.067624
111	127	0	0
112	127	0	0
113	127	0	0
114	127	0	2.810897
115	127	0	4.036549
116	127	0	0.808581
117	127	0	0
118	127	0	0.912133
119	127	0	1.876458
120	127	0	2.800929
121	127	0	3.516319
122	127	0	2.819326
123	127	0	4.156839
124	127	0	5.623304
125	127	0	5.577748
126	127	0	3.627051
127	127	0	1.116664
128	127	0	0
0	128	0	0
1	128	0	0
2	128	0	0
3	128	0	0
4	128	0	0
5	128	0	0
6	128	0	0
7	128	0	0
8	128	0	0
9	128	0	0
10	128	0	0
11	128	0	0
12	128	0	0
13	128	0	0
14	128	0	0
15	128	0	0
16	128	0	0
17	128	0	0
18	128	0	0
19	128	0	0
20	128	0	0
21	128	0	0
22	128	0	0
23	128	0	0
24	128	0	0
25	128	0	0
26	128	0	0
27	128	0	0
28	128	0	0
29	128	0	0
30	128	0	0
31	128	0	0
32	128	0	0
33	128	0	0
34	128	0	0
35	128	0	0
36	128	0	0
37	128	0	0
38	128	0	0
39	128	0	0
40	128	0	0
41	128	0	0
42	128	0	0
43	128	0	0
44	128	0	0
45	128	0	0
46	128	0	0
47	128	0	0
48	128	0	0
49	128	0	0
50	128	0	0
51	128	0	0
52	128	0	0
53	128	0	0
54	128	0	0
55	128	0	0
56	128	0	0
57	128	0	0
58	128	0	0
59	128	0	0
60	128	0	0
61	128	0	0
62	128	0	0
63	128	0	0
64	128	0	0
65	128	0	0
66	128	0	0
67	128	0	0
68	128	0	0
69	128	0	0
70	128	0	0
71	128	0	0
72	128	0	0
73	128	0	0
74	128	0	0
75	128	0	0
76	128	0	0
77	128	0	0
78	128	0	0
79	128	0	0
80	128	0	0
81	128	0	0
82	128	0	0
83	128	0	0
84	128	0	0
85	128	0	0
86	128	0	0
87	128	0	0
88	128	0	0
89	128	0	0
90	128	0	0
91	128	0	0
92	128	0	0
93	128	0	0
94	128	0	0
95	128	0	0
96	128	0	0
97	128	0	0
98	128	0	0
99	128	0	0
100	128	0	0
101	128	0	0
102	128	0	0
103	128	0	0
104	128	0	0
105	128	0	0
106	128	0	0
107	128	0	0
108	128	0	0
109	128	0	0
110	128	0	0
111	128	0	0
112	128	0	0
113	128	0	0
114	128	0	0
115	128	0	0
116	128	0	0
117	128	0	0
118	128	0	0
119	128	0	0
120	128	0	0
121	128	0	0
122	128	0	0
123	128	0	0
124	128	0	0
125	128	0	0
126	128	0	0
127	128	0	0
128	128	0	0
