x	y	texture	height
0	0	0	0
1	0	0	0
2	0	1	0
3	0	1	0
4	0	1	0
5	0	0	0
6	0	1	0
7	0	1	0
8	0	0	0
9	0	0	0
10	0	0	0
11	0	0	0
12	0	0	0
13	0	0	0
14	0	1	0
15	0	1	0
16	0	0	0
17	0	1	0
18	0	1	0
19	0	0	0
20	0	0	0
21	0	0	0
22	0	0	0
23	0	1	0
24	0	0	0
25	0	0	0
26	0	0	0
27	0	0	0
28	0	1	0
29	0	1	0
30	0	0	0
31	0	0	0
32	0	1	0
33	0	1	0
34	0	1	0
35	0	1	0
36	0	0	0
37	0	0	0
38	0	0	0
39	0	0	0
40	0	1	0
41	0	1	0
42	0	0	0
43	0	0	0
44	0	0	0
45	0	1	0
46	0	1	0
47	0	1	0
48	0	1	0
49	0	1	0
50	0	0	0
51	0	0	0
52	0	0	0
53	0	0	0
54	0	1	0
55	0	0	0
56	0	0	0
57	0	0	0
58	0	0	0
59	0	1	0
60	0	1	0
61	0	0	0
62	0	0	0
63	0	0	0
64	0	0	0
65	0	0	0
66	0	1	0
67	0	0	0
68	0	1	0
69	0	1	0
70	0	1	0
71	0	1	0
72	0	1	2.075999
73	0	0	0
74	0	1	0
75	0	1	0
76	0	0	0.72
77	0	1	0
78	0	1	0.642
79	0	1	0
80	0	1	0
81	0	1	0
82	0	1	0
83	0	1	0
84	0	0	0
85	0	0	0
86	0	1	0
87	0	1	0
88	0	0	0
89	0	0	0
90	0	1	0
91	0	1	0
92	0	1	0
93	0	0	0
94	0	1	0
95	0	0	0
96	0	0	0
97	0	1	0
98	0	0	0
99	0	1	0
100	0	1	0
101	0	0	0
102	0	1	0
103	0	1	0
104	0	1	0
105	0	1	0
106	0	0	0
107	0	1	0
108	0	0	0
109	0	0	0
110	0	1	0
111	0	1	0
112	0	0	0
113	0	1	0
114	0	0	0
115	0	1	0
116	0	0	0
117	0	1	0
118	0	1	0
119	0	1	0
120	0	0	0
121	0	1	0
122	0	1	0
123	0	1	0
124	0	1	0
125	0	0	0
126	0	0	0
127	0	1	0
128	0	0	0
0	1	1	0
1	1	0	100
2	1	0	100
3	1	1	100
4	1	0	100
5	1	0	100
6	1	1	100
7	1	1	100
8	1	0	100
9	1	0	100
10	1	0	100
11	1	0	100
12	1	0	100
13	1	1	100
14	1	0	100
15	1	0	100
16	1	0	100
17	1	0	100
18	1	1	100
19	1	1	100
20	1	1	100
21	1	0	100
22	1	1	100
23	1	1	100
24	1	1	100
25	1	1	100
26	1	1	100
27	1	0	100
28	1	1	100
29	1	0	100
30	1	1	100
31	1	0	100
32	1	1	100
33	1	0	100
34	1	0	100
35	1	1	100
36	1	0	100
37	1	0	100
38	1	0	100
39	1	1	100
40	1	0	100
41	1	1	100
42	1	0	100
43	1	0	100
44	1	0	100
45	1	0	100
46	1	0	100
47	1	1	100
48	1	0	100
49	1	0	100
50	1	0	100
51	1	1	100
52	1	1	100
53	1	1	100
54	1	0	100
55	1	1	100
56	1	0	100
57	1	1	100
58	1	0	100
59	1	1	100
60	1	0	100
61	1	0	100
62	1	1	100
63	1	1	100
64	1	0	100
65	1	1	100
66	1	1	100
67	1	1	100
68	1	1	100
69	1	1	100
70	1	2	100
71	1	2	100
72	1	3	100
73	1	2	100
74	1	4	100
75	1	5	100
76	1	5	100
77	1	2	100
78	1	4	100
79	1	5	100
80	1	3	100
81	1	4	100
82	1	3	100
83	1	5	100
84	1	2	100
85	1	6	100
86	1	7	100
87	1	7	100
88	1	8	100
89	1	3	100
90	1	2	100
91	1	3	100
92	1	4	100
93	1	4	100
94	1	5	100
95	1	6	100
96	1	7	100
97	1	7	100
98	1	7	100
99	1	7	100
100	1	8	100
101	1	4	100
102	1	5	100
103	1	4	100
104	1	2	100
105	1	3	100
106	1	0	100
107	1	0	100
108	1	1	100
109	1	0	100
110	1	1	100
111	1	0	100
112	1	1	100
113	1	0	100
114	1	0	100
115	1	0	100
116	1	0	100
117	1	1	100
118	1	1	100
119	1	0	100
120	1	0	100
121	1	1	100
122	1	0	100
123	1	0	100
124	1	0	100
125	1	1	100
126	1	1	100
127	1	0	100
128	1	1	0
0	2	0	0
1	2	0	100
2	2	1	100
3	2	1	100
4	2	1	100
5	2	0	100
6	2	0	100
7	2	0	100
8	2	1	100
9	2	1	100
10	2	0	100
11	2	1	100
12	2	0	100
13	2	0	100
14	2	1	100
15	2	0	100
16	2	1	100
17	2	0	100
18	2	1	100
19	2	0	100
20	2	1	100
21	2	0	100
22	2	0	100
23	2	0	100
24	2	1	100
25	2	0	100
26	2	1	100
27	2	0	100
28	2	1	100
29	2	1	100
30	2	1	100
31	2	1	100
32	2	0	100
33	2	0	100
34	2	0	100
35	2	0	100
36	2	0	100
37	2	0	100
38	2	0	100
39	2	1	100
40	2	0	100
41	2	0	100
42	2	0	100
43	2	0	100
44	2	0	100
45	2	0	100
46	2	1	100
47	2	0	100
48	2	0	100
49	2	0	100
50	2	0	100
51	2	1	100
52	2	0	100
53	2	0	100
54	2	0	100
55	2	1	100
56	2	1	100
57	2	0	100
58	2	1	100
59	2	1	100
60	2	0	100
61	2	1	100
62	2	1	100
63	2	1	100
64	2	1	100
65	2	1	100
66	2	0	100
67	2	0	100
68	2	0	100
69	2	4	100
70	2	9	100
71	2	9	100
72	2	9	-104
73	2	10	-104
74	2	10	-104
75	2	9	-104
76	2	9	-104
77	2	9	-104
78	2	9	-104
79	2	10	-104
80	2	9	-104
81	2	9	-104
82	2	10	-104
83	2	9	-104
84	2	9	-104
85	2	9	-104
86	2	9	-104
87	2	9	-104
88	2	9	-104
89	2	10	-104
90	2	9	-104
91	2	9	-104
92	2	10	-104
93	2	10	-104
94	2	10	-104
95	2	9	-104
96	2	9	-104
97	2	10	-104
98	2	9	-104
99	2	11	-104
100	2	12	-104
101	2	13	-104
102	2	12	-104
103	2	12	-104
104	2	5	-104
105	2	0	-104
106	2	0	-104
107	2	0	100
108	2	1	100
109	2	1	100
110	2	0	100
111	2	1	100
112	2	1	100
113	2	1	100
114	2	0	100
115	2	1	100
116	2	14	100
117	2	14	100
118	2	14	100
119	2	14	100
120	2	14	100
121	2	14	100
122	2	1	100
123	2	1	100
124	2	1	100
125	2	1	100
126	2	1	100
127	2	1	100
128	2	1	0
0	3	0	0
1	3	0	100
2	3	1	100
3	3	0	100
4	3	0	100
5	3	0	100
6	3	0	100
7	3	1	100
8	3	0	100
9	3	0	100
10	3	0	100
11	3	0	100
12	3	1	100
13	3	1	100
14	3	0	100
15	3	1	100
16	3	1	100
17	3	0	100
18	3	1	100
19	3	1	100
20	3	0	100
21	3	1	100
22	3	1	100
23	3	0	100
24	3	1	100
25	3	0	100
26	3	1	100
27	3	0	100
28	3	1	100
29	3	0	100
30	3	1	100
31	3	0	100
32	3	0	100
33	3	1	100
34	3	0	100
35	3	0	100
36	3	0	100
37	3	0	100
38	3	0	100
39	3	1	100
40	3	0	100
41	3	0	100
42	3	1	100
43	3	0	100
44	3	1	100
45	3	1	100
46	3	0	100
47	3	0	100
48	3	1	100
49	3	1	100
50	3	1	100
51	3	1	100
52	3	1	100
53	3	0	100
54	3	0	100
55	3	0	100
56	3	0	100
57	3	0	100
58	3	1	100
59	3	0	100
60	3	0	100
61	3	0	100
62	3	1	100
63	3	0	100
64	3	1	100
65	3	1	100
66	3	1	100
67	3	0	100
68	3	5	100
69	3	9	100
70	3	10	100
71	3	15	100
72	3	16	-104
73	3	16	-104
74	3	16	-104
75	3	16	-104
76	3	16	-104
77	3	17	-104
78	3	10	-104
79	3	9	-104
80	3	10	-104
81	3	9	-104
82	3	10	-104
83	3	10	-104
84	3	10	-104
85	3	9	-104
86	3	9	-104
87	3	10	-104
88	3	10	-104
89	3	9	-104
90	3	10	-104
91	3	9	-104
92	3	9	-104
93	3	10	-104
94	3	10	-104
95	3	10	-104
96	3	10	-104
97	3	10	-104
98	3	11	-104
99	3	12	-104
100	3	18	-104
101	3	13	-104
102	3	13	-104
103	3	5	-104
104	3	1	-104
105	3	1	-104
106	3	1	-104
107	3	0	100
108	3	1	100
109	3	0	100
110	3	0	100
111	3	1	100
112	3	1	100
113	3	0	100
114	3	0	100
115	3	14	100
116	3	19	100
117	3	19	100
118	3	19	100
119	3	19	-104
120	3	14	-104
121	3	1	-104
122	3	1	-104
123	3	0	-104
124	3	1	100
125	3	0	100
126	3	0	100
127	3	1	100
128	3	1	0
0	4	0	0
1	4	1	100
2	4	0	100
3	4	0	100
4	4	0	100
5	4	0	100
6	4	0	100
7	4	0	100
8	4	1	100
9	4	1	100
10	4	1	100
11	4	0	100
12	4	1	100
13	4	0	100
14	4	0	100
15	4	0	100
16	4	0	100
17	4	1	100
18	4	1	100
19	4	0	100
20	4	1	100
21	4	0	100
22	4	1	100
23	4	0	100
24	4	1	100
25	4	1	100
26	4	1	100
27	4	0	100
28	4	0	100
29	4	0	100
30	4	1	100
31	4	0	100
32	4	1	100
33	4	1	100
34	4	0	100
35	4	0	100
36	4	0	100
37	4	1	100
38	4	1	100
39	4	0	100
40	4	0	100
41	4	1	100
42	4	1	100
43	4	1	100
44	4	1	100
45	4	1	100
46	4	0	100
47	4	0	100
48	4	1	100
49	4	0	100
50	4	1	100
51	4	1	100
52	4	0	100
53	4	0	100
54	4	0	100
55	4	1	100
56	4	0	100
57	4	1	100
58	4	0	100
59	4	1	100
60	4	1	100
61	4	1	100
62	4	0	100
63	4	1	100
64	4	1	100
65	4	1	100
66	4	1	100
67	4	3	100
68	4	10	100
69	4	9	100
70	4	20	100
71	4	9	100
72	4	10	-104
73	4	10	-104
74	4	10	-104
75	4	10	-44
76	4	21	-44
77	4	9	-44
78	4	22	-44
79	4	23	-44
80	4	23	-44
81	4	23	-104
82	4	23	-104
83	4	24	-104
84	4	9	-104
85	4	10	-104
86	4	22	-104
87	4	24	-104
88	4	10	-104
89	4	22	-104
90	4	23	-104
91	4	23	-104
92	4	24	-104
93	4	9	-104
94	4	22	-104
95	4	23	-104
96	4	9	-104
97	4	25	-104
98	4	12	-44
99	4	18	-44
100	4	12	-104
101	4	12	-104
102	4	2	-104
103	4	1	-104
104	4	0	-104
105	4	0	-104
106	4	0	-104
107	4	0	100
108	4	0	100
109	4	0	100
110	4	0	100
111	4	0	100
112	4	1	100
113	4	1	100
114	4	14	100
115	4	19	100
116	4	19	100
117	4	19	100
118	4	19	100
119	4	14	-104
120	4	0	-104
121	4	1	-104
122	4	0	-104
123	4	1	-104
124	4	0	100
125	4	1	100
126	4	1	100
127	4	0	100
128	4	0	0
0	5	0	0
1	5	1	100
2	5	1	100
3	5	0	100
4	5	0	100
5	5	1	100
6	5	0	100
7	5	1	100
8	5	0	100
9	5	0	100
10	5	0	100
11	5	1	100
12	5	1	100
13	5	0	100
14	5	1	100
15	5	0	100
16	5	0	100
17	5	0	100
18	5	0	100
19	5	1	100
20	5	0	100
21	5	1	100
22	5	0	100
23	5	0	100
24	5	0	100
25	5	0	100
26	5	1	100
27	5	1	100
28	5	0	100
29	5	0	100
30	5	0	100
31	5	0	100
32	5	0	100
33	5	0	100
34	5	1	100
35	5	1	100
36	5	0	100
37	5	1	100
38	5	1	100
39	5	0	100
40	5	1	100
41	5	0	100
42	5	0	100
43	5	1	100
44	5	0	100
45	5	1	100
46	5	0	100
47	5	1	100
48	5	0	100
49	5	1	100
50	5	0	100
51	5	1	100
52	5	0	100
53	5	1	100
54	5	0	100
55	5	1	100
56	5	1	100
57	5	1	100
58	5	1	100
59	5	0	100
60	5	1	100
61	5	0	100
62	5	0	100
63	5	0	100
64	5	0	100
65	5	1	100
66	5	2	100
67	5	10	100
68	5	10	100
69	5	20	100
70	5	10	100
71	5	22	100
72	5	23	-104
73	5	23	-104
74	5	23	-104
75	5	24	-44
76	5	9	-44
77	5	26	-44
78	5	27	-44
79	5	28	-44
80	5	28	-44
81	5	28	-104
82	5	29	-104
83	5	30	-164
84	5	30	-164
85	5	31	-164
86	5	29	-164
87	5	30	-164
88	5	31	-164
89	5	28	-164
90	5	28	-164
91	5	20	-164
92	5	9	-164
93	5	26	-164
94	5	15	-164
95	5	9	-164
96	5	32	-164
97	5	33	-104
98	5	34	-44
99	5	13	-44
100	5	18	-104
101	5	2	-104
102	5	0	-104
103	5	0	-104
104	5	0	-104
105	5	0	-104
106	5	0	-104
107	5	0	100
108	5	1	100
109	5	1	100
110	5	1	100
111	5	1	100
112	5	1	100
113	5	14	100
114	5	19	100
115	5	19	100
116	5	19	100
117	5	19	100
118	5	14	100
119	5	0	-104
120	5	1	-104
121	5	1	-104
122	5	0	-104
123	5	1	-104
124	5	0	100
125	5	0	100
126	5	0	100
127	5	1	100
128	5	0	0
0	6	1	0
1	6	1	100
2	6	0	100
3	6	1	100
4	6	1	100
5	6	1	100
6	6	1	100
7	6	1	100
8	6	0	100
9	6	1	100
10	6	0	100
11	6	1	100
12	6	1	100
13	6	0	100
14	6	0	100
15	6	1	100
16	6	0	100
17	6	1	100
18	6	0	100
19	6	0	100
20	6	1	100
21	6	1	100
22	6	1	100
23	6	1	100
24	6	0	100
25	6	1	100
26	6	1	100
27	6	0	100
28	6	0	100
29	6	1	100
30	6	1	100
31	6	1	100
32	6	1	100
33	6	1	100
34	6	0	100
35	6	0	100
36	6	0	100
37	6	1	100
38	6	1	100
39	6	0	100
40	6	1	100
41	6	1	100
42	6	1	100
43	6	0	100
44	6	1	100
45	6	0	100
46	6	0	100
47	6	1	100
48	6	1	100
49	6	0	100
50	6	0	100
51	6	1	100
52	6	1	100
53	6	1	100
54	6	0	100
55	6	1	100
56	6	0	100
57	6	1	100
58	6	1	100
59	6	1	100
60	6	0	100
61	6	1	100
62	6	0	100
63	6	0	100
64	6	1	100
65	6	3	100
66	6	9	100
67	6	9	100
68	6	20	100
69	6	9	100
70	6	26	100
71	6	35	100
72	6	35	-104
73	6	35	-104
74	6	36	-104
75	6	23	-44
76	6	37	-44
77	6	28	-104
78	6	28	-104
79	6	28	-104
80	6	28	-104
81	6	28	-104
82	6	28	-104
83	6	28	-164
84	6	28	-164
85	6	28	-164
86	6	28	-164
87	6	28	-164
88	6	28	-164
89	6	28	-164
90	6	20	-164
91	6	10	-164
92	6	26	-164
93	6	20	-164
94	6	10	-164
95	6	10	-164
96	6	10	-164
97	6	11	-104
98	6	13	-44
99	6	38	-44
100	6	4	-104
101	6	1	-104
102	6	1	-104
103	6	1	-104
104	6	1	-104
105	6	0	-104
106	6	0	-104
107	6	0	100
108	6	0	100
109	6	0	100
110	6	1	100
111	6	0	100
112	6	14	100
113	6	19	100
114	6	19	100
115	6	19	100
116	6	19	100
117	6	14	100
118	6	1	100
119	6	1	-104
120	6	0	-104
121	6	1	-104
122	6	1	-104
123	6	0	-104
124	6	0	100
125	6	0	100
126	6	0	100
127	6	1	100
128	6	1	0
0	7	1	0
1	7	1	100
2	7	0	100
3	7	1	100
4	7	0	100
5	7	0	100
6	7	1	100
7	7	0	100
8	7	0	100
9	7	0	100
10	7	1	100
11	7	0	100
12	7	0	100
13	7	0	100
14	7	1	100
15	7	1	100
16	7	1	100
17	7	0	100
18	7	0	100
19	7	1	100
20	7	1	100
21	7	0	100
22	7	1	100
23	7	0	100
24	7	1	100
25	7	0	100
26	7	0	100
27	7	0	100
28	7	1	100
29	7	0	100
30	7	1	100
31	7	1	100
32	7	0	100
33	7	0	100
34	7	1	100
35	7	1	100
36	7	1	100
37	7	1	100
38	7	0	100
39	7	0	100
40	7	1	100
41	7	0	100
42	7	1	100
43	7	0	100
44	7	0	100
45	7	1	100
46	7	0	100
47	7	1	100
48	7	1	100
49	7	0	100
50	7	1	100
51	7	0	100
52	7	1	100
53	7	0	100
54	7	1	100
55	7	1	100
56	7	0	100
57	7	0	100
58	7	1	100
59	7	0	100
60	7	0	100
61	7	1	100
62	7	1	100
63	7	0	100
64	7	2	100
65	7	10	100
66	7	10	100
67	7	20	100
68	7	9	100
69	7	26	100
70	7	28	100
71	7	28	100
72	7	28	-104
73	7	28	-104
74	7	28	-104
75	7	28	-44
76	7	28	-44
77	7	28	-164
78	7	28	-164
79	7	28	-164
80	7	28	-164
81	7	28	-164
82	7	28	-164
83	7	28	-164
84	7	28	-164
85	7	28	-164
86	7	28	-164
87	7	28	-164
88	7	28	-164
89	7	20	-164
90	7	9	-164
91	7	21	-164
92	7	39	-164
93	7	10	-164
94	7	9	-164
95	7	40	-164
96	7	25	-164
97	7	12	-104
98	7	13	-44
99	7	5	-44
100	7	0	-104
101	7	1	-104
102	7	0	-104
103	7	0	-104
104	7	0	-104
105	7	1	-104
106	7	0	-104
107	7	1	100
108	7	1	100
109	7	0	100
110	7	1	100
111	7	14	100
112	7	19	100
113	7	19	100
114	7	19	100
115	7	19	100
116	7	14	100
117	7	1	100
118	7	1	100
119	7	1	-104
120	7	1	-104
121	7	1	-104
122	7	0	-104
123	7	0	-104
124	7	0	100
125	7	1	100
126	7	0	100
127	7	0	100
128	7	0	0
0	8	0	0
1	8	1	100
2	8	0	100
3	8	0	100
4	8	0	100
5	8	1	100
6	8	1	100
7	8	1	100
8	8	1	100
9	8	1	100
10	8	0	100
11	8	0	100
12	8	0	100
13	8	1	100
14	8	1	100
15	8	1	100
16	8	1	100
17	8	1	100
18	8	1	100
19	8	0	100
20	8	0	100
21	8	0	100
22	8	0	100
23	8	1	100
24	8	1	100
25	8	0	100
26	8	0	100
27	8	0	100
28	8	0	100
29	8	0	100
30	8	1	100
31	8	0	100
32	8	1	100
33	8	0	100
34	8	0	100
35	8	1	100
36	8	0	100
37	8	1	100
38	8	1	100
39	8	0	100
40	8	1	100
41	8	1	100
42	8	1	100
43	8	0	100
44	8	0	100
45	8	1	100
46	8	0	100
47	8	1	100
48	8	0	100
49	8	0	100
50	8	1	100
51	8	1	100
52	8	0	100
53	8	0	100
54	8	1	100
55	8	1	100
56	8	0	100
57	8	0	100
58	8	1	100
59	8	0	100
60	8	0	100
61	8	1	100
62	8	0	100
63	8	3	100
64	8	10	100
65	8	10	100
66	8	20	100
67	8	10	100
68	8	26	100
69	8	28	100
70	8	28	100
71	8	28	100
72	8	28	-104
73	8	28	-104
74	8	28	-104
75	8	28	-44
76	8	28	-44
77	8	28	-164
78	8	28	-164
79	8	28	-164
80	8	28	-164
81	8	28	-164
82	8	28	-164
83	8	28	-164
84	8	28	-164
85	8	28	-164
86	8	28	-164
87	8	41	-164
88	8	36	-164
89	8	9	-164
90	8	9	-164
91	8	9	-164
92	8	10	-164
93	8	9	-164
94	8	11	-164
95	8	13	-164
96	8	13	-164
97	8	18	-104
98	8	2	-44
99	8	0	-44
100	8	1	-104
101	8	0	-104
102	8	0	-104
103	8	1	-104
104	8	0	-104
105	8	1	-104
106	8	1	-104
107	8	0	100
108	8	0	100
109	8	0	100
110	8	1	100
111	8	14	100
112	8	19	100
113	8	19	100
114	8	14	100
115	8	1	100
116	8	1	100
117	8	0	100
118	8	0	100
119	8	0	100
120	8	0	-104
121	8	0	-104
122	8	1	-104
123	8	1	100
124	8	1	100
125	8	1	100
126	8	1	100
127	8	0	100
128	8	0	0
0	9	1	0
1	9	0	100
2	9	1	100
3	9	0	100
4	9	1	100
5	9	0	100
6	9	1	100
7	9	0	100
8	9	0	100
9	9	1	100
10	9	1	100
11	9	0	100
12	9	0	100
13	9	0	100
14	9	0	100
15	9	0	100
16	9	0	100
17	9	0	100
18	9	0	100
19	9	1	100
20	9	0	100
21	9	0	100
22	9	1	100
23	9	1	100
24	9	0	100
25	9	1	100
26	9	0	100
27	9	1	100
28	9	1	100
29	9	0	100
30	9	0	100
31	9	1	100
32	9	0	100
33	9	1	100
34	9	1	100
35	9	0	100
36	9	0	100
37	9	1	100
38	9	0	100
39	9	0	100
40	9	0	100
41	9	0	100
42	9	1	-104
43	9	0	-104
44	9	0	-104
45	9	0	-104
46	9	1	-104
47	9	1	-104
48	9	0	-104
49	9	1	-104
50	9	0	-104
51	9	1	-104
52	9	1	-104
53	9	1	-104
54	9	1	-104
55	9	0	-104
56	9	0	-104
57	9	1	-104
58	9	1	-104
59	9	0	-104
60	9	1	-104
61	9	0	-104
62	9	9	-104
63	9	10	-104
64	9	10	-104
65	9	36	-104
66	9	23	-104
67	9	37	-104
68	9	28	-104
69	9	28	-104
70	9	28	-104
71	9	28	-104
72	9	28	-104
73	9	28	-104
74	9	28	-104
75	9	28	-44
76	9	28	-44
77	9	28	-164
78	9	28	-164
79	9	28	-164
80	9	28	-164
81	9	28	-164
82	9	28	-164
83	9	28	-164
84	9	28	-164
85	9	28	-164
86	9	29	-164
87	9	35	-164
88	9	35	-164
89	9	35	-164
90	9	35	-164
91	9	35	-164
92	9	35	-164
93	9	25	-164
94	9	13	-164
95	9	12	-164
96	9	38	-164
97	9	2	-104
98	9	0	-104
99	9	1	-104
100	9	1	-104
101	9	0	-104
102	9	0	-104
103	9	0	-104
104	9	0	-104
105	9	0	-104
106	9	1	-104
107	9	1	100
108	9	1	100
109	9	1	100
110	9	14	100
111	9	19	100
112	9	19	100
113	9	14	100
114	9	0	100
115	9	1	100
116	9	0	100
117	9	1	100
118	9	1	100
119	9	0	100
120	9	0	-104
121	9	1	-104
122	9	1	-104
123	9	1	100
124	9	1	100
125	9	0	100
126	9	0	100
127	9	1	100
128	9	1	0
0	10	1	0
1	10	1	100
2	10	0	100
3	10	0	100
4	10	0	100
5	10	1	100
6	10	0	100
7	10	0	100
8	10	1	100
9	10	0	100
10	10	1	100
11	10	0	100
12	10	0	100
13	10	0	100
14	10	1	100
15	10	0	100
16	10	0	100
17	10	1	100
18	10	0	100
19	10	1	100
20	10	0	100
21	10	0	100
22	10	0	100
23	10	0	100
24	10	1	100
25	10	0	100
26	10	0	100
27	10	1	100
28	10	0	100
29	10	0	100
30	10	1	100
31	10	0	100
32	10	1	100
33	10	1	100
34	10	0	100
35	10	1	100
36	10	1	100
37	10	1	100
38	10	0	100
39	10	0	100
40	10	0	100
41	10	1	100
42	10	1	-104
43	10	1	-104
44	10	1	-104
45	10	0	-104
46	10	0	-104
47	10	0	-104
48	10	0	-104
49	10	0	-104
50	10	1	-104
51	10	0	-104
52	10	1	-104
53	10	1	-104
54	10	0	-104
55	10	0	-104
56	10	0	-104
57	10	0	-104
58	10	0	-104
59	10	0	-104
60	10	1	-104
61	10	10	-104
62	10	9	-104
63	10	10	-104
64	10	9	-104
65	10	9	-104
66	10	35	-104
67	10	28	-104
68	10	28	-104
69	10	28	-104
70	10	28	-104
71	10	28	-104
72	10	28	-104
73	10	28	-104
74	10	28	-104
75	10	28	-104
76	10	28	-104
77	10	28	-164
78	10	28	-164
79	10	28	-164
80	10	41	-164
81	10	42	-164
82	10	42	-164
83	10	43	-164
84	10	28	-164
85	10	28	-164
86	10	28	-164
87	10	28	-164
88	10	28	-164
89	10	28	-164
90	10	28	-164
91	10	35	-164
92	10	12	-164
93	10	38	-164
94	10	18	-164
95	10	13	-164
96	10	4	-164
97	10	0	-164
98	10	0	-164
99	10	1	-164
100	10	0	-164
101	10	0	-164
102	10	1	-104
103	10	0	-104
104	10	0	-104
105	10	1	-104
106	10	0	-104
107	10	0	100
108	10	1	100
109	10	14	100
110	10	19	100
111	10	19	100
112	10	14	100
113	10	1	100
114	10	0	100
115	10	1	100
116	10	0	100
117	10	0	100
118	10	1	100
119	10	1	100
120	10	0	-104
121	10	1	-104
122	10	1	-104
123	10	1	100
124	10	1	100
125	10	1	100
126	10	0	100
127	10	1	100
128	10	0	0
0	11	0	0
1	11	0	100
2	11	0	100
3	11	1	100
4	11	1	100
5	11	1	100
6	11	1	100
7	11	1	100
8	11	1	100
9	11	0	100
10	11	1	100
11	11	1	100
12	11	1	100
13	11	0	100
14	11	1	100
15	11	0	100
16	11	1	100
17	11	0	100
18	11	1	100
19	11	1	100
20	11	0	100
21	11	1	100
22	11	0	100
23	11	1	100
24	11	1	100
25	11	0	100
26	11	0	100
27	11	1	100
28	11	1	100
29	11	0	100
30	11	0	100
31	11	0	100
32	11	0	100
33	11	0	100
34	11	1	100
35	11	1	100
36	11	1	100
37	11	1	100
38	11	0	100
39	11	1	100
40	11	1	100
41	11	0	100
42	11	1	-104
43	11	1	-104
44	11	1	-104
45	11	1	-104
46	11	0	-104
47	11	0	-104
48	11	1	-104
49	11	0	-104
50	11	0	-104
51	11	0	-104
52	11	1	-104
53	11	1	-104
54	11	1	-104
55	11	0	-104
56	11	1	-104
57	11	1	-104
58	11	1	-104
59	11	0	-104
60	11	9	-104
61	11	10	-104
62	11	10	-104
63	11	10	-104
64	11	9	-104
65	11	35	-104
66	11	28	-104
67	11	28	-104
68	11	28	-104
69	11	28	-104
70	11	28	-104
71	11	15	-104
72	11	16	-104
73	11	16	-104
74	11	16	-104
75	11	16	-104
76	11	16	-104
77	11	16	-164
78	11	16	-164
79	11	39	-164
80	11	9	-164
81	11	9	-164
82	11	26	-164
83	11	35	-164
84	11	28	-164
85	11	28	-164
86	11	28	-164
87	11	28	-164
88	11	28	-164
89	11	28	-164
90	11	35	-164
91	11	18	-164
92	11	13	-164
93	11	13	-164
94	11	12	-164
95	11	3	-164
96	11	1	-164
97	11	0	-164
98	11	0	-164
99	11	0	-164
100	11	1	-164
101	11	0	-164
102	11	0	-104
103	11	1	-104
104	11	0	-104
105	11	1	-104
106	11	0	-104
107	11	1	100
108	11	14	100
109	11	19	100
110	11	19	100
111	11	14	100
112	11	1	100
113	11	0	100
114	11	1	100
115	11	1	100
116	11	0	100
117	11	0	100
118	11	1	100
119	11	1	100
120	11	0	-104
121	11	1	-104
122	11	0	-104
123	11	0	100
124	11	0	100
125	11	1	100
126	11	1	100
127	11	1	100
128	11	0	0
0	12	1	0
1	12	0	100
2	12	1	100
3	12	0	100
4	12	1	100
5	12	0	100
6	12	1	100
7	12	1	100
8	12	1	100
9	12	1	100
10	12	0	100
11	12	0	100
12	12	0	100
13	12	1	100
14	12	1	100
15	12	0	100
16	12	1	100
17	12	1	100
18	12	1	100
19	12	0	100
20	12	0	100
21	12	1	100
22	12	0	100
23	12	0	100
24	12	1	100
25	12	0	100
26	12	0	100
27	12	1	100
28	12	1	100
29	12	1	100
30	12	0	100
31	12	1	100
32	12	0	100
33	12	0	100
34	12	0	100
35	12	0	100
36	12	1	100
37	12	0	100
38	12	1	100
39	12	1	100
40	12	1	100
41	12	0	100
42	12	1	-104
43	12	0	-104
44	12	0	-104
45	12	0	-104
46	12	1	-104
47	12	0	-104
48	12	0	-104
49	12	1	-104
50	12	1	-104
51	12	0	-104
52	12	0	-104
53	12	0	-104
54	12	1	-104
55	12	0	-104
56	12	1	-104
57	12	1	-104
58	12	0	-104
59	12	9	-104
60	12	9	-104
61	12	10	-104
62	12	9	-104
63	12	9	-104
64	12	35	-104
65	12	28	-104
66	12	28	-104
67	12	28	-104
68	12	28	-104
69	12	28	-104
70	12	20	-104
71	12	10	-104
72	12	10	-104
73	12	9	-104
74	12	9	-104
75	12	9	-104
76	12	9	-104
77	12	10	-164
78	12	10	-164
79	12	9	-164
80	12	10	-164
81	12	11	-164
82	12	35	-164
83	12	28	-104
84	12	28	-104
85	12	28	-104
86	12	28	-104
87	12	28	-104
88	12	28	-104
89	12	35	-104
90	12	12	-104
91	12	13	-104
92	12	12	-104
93	12	12	-104
94	12	4	-104
95	12	0	-164
96	12	1	-164
97	12	1	-164
98	12	1	-164
99	12	0	-164
100	12	0	-164
101	12	1	-164
102	12	1	-104
103	12	1	-104
104	12	0	-104
105	12	1	-104
106	12	0	-104
107	12	14	100
108	12	19	100
109	12	19	100
110	12	14	100
111	12	0	100
112	12	0	100
113	12	1	100
114	12	1	100
115	12	1	100
116	12	1	100
117	12	0	100
118	12	0	100
119	12	1	100
120	12	1	-104
121	12	0	-104
122	12	0	-104
123	12	1	100
124	12	0	100
125	12	0	100
126	12	0	100
127	12	0	100
128	12	1	0
0	13	1	0
1	13	0	100
2	13	0	100
3	13	0	100
4	13	1	100
5	13	1	100
6	13	1	100
7	13	0	100
8	13	0	100
9	13	0	100
10	13	0	100
11	13	0	100
12	13	1	100
13	13	0	100
14	13	1	100
15	13	1	100
16	13	0	100
17	13	1	100
18	13	1	100
19	13	0	100
20	13	1	100
21	13	1	100
22	13	1	100
23	13	1	100
24	13	0	100
25	13	0	100
26	13	1	100
27	13	0	100
28	13	1	100
29	13	0	100
30	13	1	100
31	13	0	100
32	13	0	100
33	13	1	100
34	13	0	100
35	13	1	100
36	13	1	100
37	13	1	100
38	13	0	100
39	13	1	100
40	13	1	100
41	13	0	100
42	13	0	-104
43	13	1	-104
44	13	1	-104
45	13	1	-104
46	13	1	-104
47	13	0	-104
48	13	1	-104
49	13	1	-104
50	13	1	-104
51	13	0	-104
52	13	0	-104
53	13	1	-104
54	13	0	-104
55	13	0	-104
56	13	1	-104
57	13	1	-104
58	13	9	-104
59	13	10	-104
60	13	9	-104
61	13	9	-104
62	13	9	-104
63	13	35	-104
64	13	43	-104
65	13	28	-104
66	13	28	-104
67	13	28	-104
68	13	28	-104
69	13	36	-104
70	13	10	-104
71	13	9	-104
72	13	10	-104
73	13	22	-104
74	13	23	-104
75	13	23	-104
76	13	23	-104
77	13	23	-164
78	13	23	-164
79	13	23	-164
80	13	37	-164
81	13	35	-164
82	13	44	-164
83	13	28	-104
84	13	28	-104
85	13	28	-104
86	13	28	-104
87	13	41	-104
88	13	35	-104
89	13	18	-104
90	13	38	-104
91	13	18	-104
92	13	38	-104
93	13	4	-104
94	13	1	-104
95	13	0	-164
96	13	1	-164
97	13	0	-164
98	13	0	-164
99	13	0	-164
100	13	0	-164
101	13	1	-164
102	13	0	-104
103	13	0	-104
104	13	1	-104
105	13	1	-104
106	13	14	-104
107	13	19	100
108	13	19	100
109	13	14	100
110	13	1	100
111	13	0	100
112	13	0	100
113	13	1	100
114	13	1	100
115	13	1	100
116	13	1	100
117	13	0	100
118	13	1	100
119	13	1	100
120	13	1	-104
121	13	0	-104
122	13	0	-104
123	13	0	100
124	13	0	100
125	13	0	100
126	13	0	100
127	13	0	100
128	13	0	0
0	14	1	0
1	14	0	100
2	14	1	100
3	14	1	100
4	14	1	100
5	14	1	100
6	14	0	100
7	14	1	100
8	14	0	100
9	14	1	100
10	14	1	100
11	14	1	100
12	14	1	100
13	14	1	100
14	14	0	100
15	14	1	100
16	14	0	100
17	14	1	100
18	14	0	100
19	14	1	100
20	14	0	100
21	14	0	100
22	14	0	100
23	14	1	100
24	14	1	100
25	14	1	100
26	14	1	100
27	14	0	100
28	14	1	100
29	14	1	100
30	14	0	100
31	14	1	100
32	14	0	100
33	14	1	100
34	14	1	100
35	14	1	100
36	14	1	100
37	14	0	100
38	14	1	100
39	14	0	100
40	14	0	100
41	14	1	100
42	14	1	-104
43	14	1	-104
44	14	0	-104
45	14	0	-104
46	14	1	-104
47	14	1	-104
48	14	0	-104
49	14	1	-104
50	14	1	-104
51	14	0	-104
52	14	0	-104
53	14	1	-104
54	14	0	-104
55	14	1	-104
56	14	0	-104
57	14	9	-104
58	14	9	-104
59	14	9	-104
60	14	10	-104
61	14	10	-104
62	14	35	-104
63	14	35	-104
64	14	35	-104
65	14	35	-104
66	14	35	-104
67	14	35	-104
68	14	35	-104
69	14	9	-104
70	14	9	-104
71	14	9	-104
72	14	26	-104
73	14	35	-104
74	14	35	-104
75	14	35	-104
76	14	35	-104
77	14	35	-164
78	14	35	-164
79	14	35	-164
80	14	35	-164
81	14	45	-164
82	14	46	-164
83	14	46	-104
84	14	46	-104
85	14	46	-104
86	14	47	-104
87	14	35	-44
88	14	13	-44
89	14	18	-44
90	14	12	-44
91	14	38	-44
92	14	48	-44
93	14	1	-44
94	14	0	-104
95	14	0	-164
96	14	0	-164
97	14	1	-164
98	14	1	-164
99	14	1	-164
100	14	0	-164
101	14	1	-164
102	14	0	-104
103	14	1	-104
104	14	0	-104
105	14	14	-104
106	14	19	-104
107	14	19	100
108	14	14	100
109	14	0	100
110	14	1	100
111	14	0	100
112	14	0	100
113	14	0	100
114	14	0	100
115	14	1	100
116	14	1	100
117	14	0	100
118	14	0	100
119	14	0	100
120	14	1	-104
121	14	1	-104
122	14	1	-104
123	14	1	100
124	14	0	100
125	14	1	100
126	14	1	100
127	14	1	100
128	14	0	0
0	15	1	0
1	15	1	100
2	15	0	100
3	15	1	100
4	15	1	100
5	15	1	100
6	15	0	100
7	15	0	100
8	15	1	100
9	15	1	100
10	15	1	100
11	15	0	100
12	15	0	100
13	15	0	100
14	15	1	100
15	15	0	100
16	15	0	100
17	15	1	100
18	15	1	100
19	15	0	100
20	15	0	100
21	15	0	100
22	15	0	100
23	15	0	100
24	15	0	100
25	15	0	100
26	15	1	100
27	15	1	100
28	15	1	100
29	15	0	100
30	15	1	100
31	15	0	100
32	15	0	100
33	15	1	100
34	15	1	100
35	15	0	100
36	15	1	100
37	15	1	100
38	15	1	100
39	15	0	100
40	15	1	100
41	15	0	100
42	15	0	-104
43	15	0	-104
44	15	0	-104
45	15	1	-104
46	15	1	-104
47	15	1	-104
48	15	1	-104
49	15	0	-104
50	15	1	-104
51	15	0	-104
52	15	1	-104
53	15	0	-104
54	15	1	-104
55	15	1	-104
56	15	10	-104
57	15	10	-104
58	15	9	-104
59	15	10	-104
60	15	9	-104
61	15	10	-104
62	15	9	-104
63	15	9	-104
64	15	9	-104
65	15	9	-104
66	15	9	-104
67	15	9	-104
68	15	10	-104
69	15	10	-104
70	15	10	-104
71	15	21	-104
72	15	16	-104
73	15	16	-104
74	15	16	-104
75	15	16	-104
76	15	16	-104
77	15	16	-104
78	15	16	-104
79	15	49	-104
80	15	33	-104
81	15	33	-104
82	15	33	-104
83	15	33	-104
84	15	33	-104
85	15	34	-104
86	15	50	-104
87	15	51	-44
88	15	52	-44
89	15	13	-44
90	15	18	-44
91	15	53	-44
92	15	0	-44
93	15	0	-44
94	15	0	-104
95	15	0	-164
96	15	1	-164
97	15	1	-164
98	15	0	-164
99	15	1	-164
100	15	1	-164
101	15	0	-164
102	15	1	-104
103	15	0	-104
104	15	14	-104
105	15	19	-104
106	15	19	-104
107	15	14	100
108	15	1	100
109	15	0	100
110	15	0	100
111	15	0	100
112	15	0	100
113	15	1	100
114	15	0	100
115	15	1	100
116	15	0	100
117	15	1	100
118	15	0	100
119	15	0	100
120	15	1	-104
121	15	1	-104
122	15	0	-104
123	15	1	100
124	15	0	100
125	15	1	100
126	15	1	100
127	15	1	100
128	15	1	0
0	16	0	0
1	16	0	100
2	16	0	100
3	16	1	100
4	16	1	100
5	16	1	100
6	16	1	100
7	16	0	100
8	16	0	100
9	16	1	100
10	16	0	100
11	16	0	100
12	16	1	100
13	16	0	100
14	16	0	100
15	16	0	100
16	16	1	100
17	16	0	100
18	16	0	100
19	16	0	100
20	16	1	100
21	16	1	100
22	16	0	100
23	16	1	100
24	16	1	100
25	16	1	100
26	16	0	100
27	16	0	100
28	16	1	100
29	16	0	100
30	16	0	100
31	16	1	100
32	16	1	100
33	16	0	100
34	16	0	100
35	16	0	100
36	16	0	100
37	16	0	100
38	16	1	100
39	16	1	100
40	16	1	100
41	16	1	100
42	16	1	-104
43	16	1	-104
44	16	0	-104
45	16	1	-104
46	16	0	-104
47	16	0	-104
48	16	1	-104
49	16	0	-104
50	16	1	-104
51	16	1	-104
52	16	0	-104
53	16	0	-104
54	16	1	-104
55	16	54	-104
56	16	10	-104
57	16	9	-104
58	16	10	-104
59	16	10	-104
60	16	9	-104
61	16	9	-104
62	16	9	-104
63	16	10	-104
64	16	10	-104
65	16	9	-104
66	16	10	-104
67	16	10	-104
68	16	9	-104
69	16	9	-104
70	16	10	-104
71	16	9	-104
72	16	10	-104
73	16	10	-104
74	16	9	-104
75	16	9	-104
76	16	10	-104
77	16	10	-104
78	16	10	-104
79	16	9	-104
80	16	9	-104
81	16	10	-104
82	16	9	-104
83	16	9	-104
84	16	55	-104
85	16	56	-104
86	16	35	-104
87	16	51	-104
88	16	18	-104
89	16	13	-104
90	16	53	-104
91	16	1	-104
92	16	1	-104
93	16	0	-104
94	16	0	-104
95	16	0	-104
96	16	1	-104
97	16	1	-104
98	16	1	-104
99	16	1	-104
100	16	1	-104
101	16	0	-104
102	16	0	-44
103	16	14	-44
104	16	19	-104
105	16	19	-104
106	16	14	-104
107	16	0	100
108	16	0	100
109	16	1	100
110	16	1	100
111	16	0	100
112	16	0	100
113	16	0	100
114	16	0	100
115	16	0	100
116	16	0	100
117	16	1	100
118	16	0	100
119	16	0	100
120	16	1	-104
121	16	0	-104
122	16	0	-104
123	16	1	100
124	16	0	100
125	16	0	100
126	16	1	100
127	16	0	100
128	16	0	0
0	17	1	0
1	17	0	100
2	17	1	100
3	17	1	100
4	17	1	100
5	17	0	100
6	17	1	100
7	17	0	100
8	17	1	100
9	17	0	100
10	17	0	100
11	17	1	100
12	17	0	100
13	17	0	100
14	17	1	100
15	17	1	100
16	17	0	100
17	17	0	100
18	17	0	100
19	17	1	100
20	17	1	100
21	17	0	100
22	17	1	100
23	17	0	100
24	17	0	100
25	17	0	100
26	17	1	100
27	17	1	100
28	17	1	100
29	17	0	100
30	17	0	100
31	17	1	100
32	17	0	100
33	17	1	100
34	17	0	100
35	17	0	100
36	17	1	100
37	17	0	100
38	17	1	100
39	17	0	100
40	17	1	100
41	17	0	100
42	17	0	-104
43	17	1	-104
44	17	1	-104
45	17	0	-104
46	17	1	-104
47	17	1	-104
48	17	1	-104
49	17	0	100
50	17	0	100
51	17	1	100
52	17	0	100
53	17	57	100
54	17	58	100
55	17	9	100
56	17	10	100
57	17	59	100
58	17	60	100
59	17	61	100
60	17	23	100
61	17	23	100
62	17	23	100
63	17	24	100
64	17	9	100
65	17	10	100
66	17	10	100
67	17	9	100
68	17	10	100
69	17	10	100
70	17	10	100
71	17	10	100
72	17	10	-104
73	17	10	-104
74	17	9	-104
75	17	10	-104
76	17	10	-104
77	17	9	-104
78	17	10	-104
79	17	9	-104
80	17	9	-104
81	17	9	-104
82	17	10	-104
83	17	10	-104
84	17	26	-104
85	17	35	-104
86	17	35	-104
87	17	38	-104
88	17	12	-104
89	17	53	-104
90	17	1	-104
91	17	1	-104
92	17	1	-104
93	17	1	-104
94	17	0	-104
95	17	1	-104
96	17	1	-104
97	17	0	-104
98	17	0	-104
99	17	0	-104
100	17	0	-104
101	17	1	-104
102	17	14	-44
103	17	19	-44
104	17	19	-104
105	17	14	-104
106	17	1	-104
107	17	1	100
108	17	0	100
109	17	1	100
110	17	1	100
111	17	1	100
112	17	1	100
113	17	0	100
114	17	0	100
115	17	1	100
116	17	1	100
117	17	0	100
118	17	1	100
119	17	1	100
120	17	1	-104
121	17	0	-104
122	17	1	-104
123	17	0	100
124	17	1	100
125	17	1	100
126	17	0	100
127	17	1	100
128	17	0	0
0	18	1	0
1	18	1	100
2	18	0	100
3	18	1	100
4	18	1	100
5	18	0	100
6	18	1	100
7	18	0	100
8	18	1	100
9	18	0	100
10	18	0	100
11	18	0	100
12	18	0	100
13	18	0	100
14	18	1	100
15	18	0	100
16	18	1	100
17	18	1	100
18	18	0	100
19	18	1	100
20	18	0	100
21	18	1	100
22	18	0	100
23	18	1	100
24	18	0	100
25	18	1	100
26	18	0	100
27	18	0	100
28	18	1	100
29	18	0	100
30	18	1	100
31	18	0	100
32	18	1	100
33	18	0	100
34	18	1	100
35	18	0	100
36	18	1	100
37	18	0	100
38	18	0	100
39	18	1	100
40	18	0	100
41	18	1	100
42	18	1	-104
43	18	1	-104
44	18	0	-104
45	18	1	-104
46	18	0	-104
47	18	0	-104
48	18	1	-104
49	18	0	100
50	18	1	100
51	18	1	100
52	18	0	100
53	18	62	100
54	18	10	100
55	18	10	100
56	18	50	100
57	18	35	100
58	18	35	100
59	18	35	100
60	18	35	100
61	18	63	100
62	18	64	100
63	18	9	100
64	18	10	100
65	18	9	100
66	18	10	100
67	18	10	100
68	18	10	100
69	18	9	100
70	18	9	100
71	18	9	100
72	18	10	-104
73	18	10	-104
74	18	9	-104
75	18	40	-44
76	18	65	-44
77	18	10	-44
78	18	22	-44
79	18	23	-44
80	18	23	-44
81	18	23	-104
82	18	23	-104
83	18	37	-104
84	18	35	-104
85	18	63	-104
86	18	38	-104
87	18	13	-104
88	18	66	-104
89	18	0	-104
90	18	1	-104
91	18	1	-104
92	18	1	-104
93	18	0	-104
94	18	1	-104
95	18	0	-104
96	18	0	-104
97	18	1	-104
98	18	0	-104
99	18	0	-104
100	18	0	-104
101	18	14	-104
102	18	19	-44
103	18	19	-44
104	18	14	-104
105	18	1	-104
106	18	0	-104
107	18	1	100
108	18	0	100
109	18	0	100
110	18	1	100
111	18	0	100
112	18	1	100
113	18	1	100
114	18	0	100
115	18	1	100
116	18	1	100
117	18	0	100
118	18	0	100
119	18	1	100
120	18	0	-104
121	18	1	-104
122	18	1	-104
123	18	0	100
124	18	1	100
125	18	0	100
126	18	1	100
127	18	1	100
128	18	0	0
0	19	0	0
1	19	1	100
2	19	1	100
3	19	0	100
4	19	0	100
5	19	1	100
6	19	1	100
7	19	0	100
8	19	0	100
9	19	0	100
10	19	1	100
11	19	1	100
12	19	0	100
13	19	0	100
14	19	0	100
15	19	0	100
16	19	0	100
17	19	1	100
18	19	1	100
19	19	0	100
20	19	0	100
21	19	1	100
22	19	1	100
23	19	1	100
24	19	1	100
25	19	0	100
26	19	0	100
27	19	1	100
28	19	0	100
29	19	0	100
30	19	1	100
31	19	0	100
32	19	1	100
33	19	0	100
34	19	1	100
35	19	0	100
36	19	0	100
37	19	1	100
38	19	0	100
39	19	1	100
40	19	0	100
41	19	0	100
42	19	0	-104
43	19	1	-104
44	19	1	-104
45	19	0	-104
46	19	1	-104
47	19	0	-104
48	19	1	-104
49	19	0	100
50	19	0	100
51	19	1	100
52	19	58	100
53	19	9	100
54	19	9	100
55	19	67	100
56	19	68	100
57	19	16	100
58	19	16	100
59	19	16	100
60	19	49	100
61	19	69	100
62	19	9	100
63	19	10	100
64	19	10	100
65	19	9	100
66	19	9	100
67	19	10	100
68	19	10	100
69	19	10	100
70	19	10	100
71	19	9	100
72	19	10	-104
73	19	9	-104
74	19	55	-104
75	19	69	-44
76	19	9	-44
77	19	26	-44
78	19	35	-44
79	19	35	-44
80	19	35	-44
81	19	35	-104
82	19	35	-104
83	19	35	-104
84	19	70	-104
85	19	18	-104
86	19	18	-104
87	19	5	-104
88	19	0	-104
89	19	0	-104
90	19	0	-104
91	19	0	-104
92	19	0	-104
93	19	1	-104
94	19	1	-104
95	19	0	-104
96	19	0	-104
97	19	1	-44
98	19	1	-44
99	19	0	-44
100	19	14	-44
101	19	19	-44
102	19	19	-44
103	19	14	-44
104	19	1	-104
105	19	1	-104
106	19	0	-104
107	19	0	100
108	19	1	100
109	19	0	100
110	19	1	100
111	19	0	100
112	19	1	100
113	19	1	100
114	19	0	100
115	19	0	100
116	19	1	100
117	19	1	100
118	19	0	100
119	19	1	100
120	19	0	-104
121	19	0	-104
122	19	0	-104
123	19	1	100
124	19	1	100
125	19	0	100
126	19	0	100
127	19	0	100
128	19	0	0
0	20	0	0
1	20	1	100
2	20	1	100
3	20	0	100
4	20	0	100
5	20	1	100
6	20	1	100
7	20	1	100
8	20	0	100
9	20	1	100
10	20	1	100
11	20	0	100
12	20	0	100
13	20	0	100
14	20	1	100
15	20	1	100
16	20	0	100
17	20	1	100
18	20	0	100
19	20	1	100
20	20	0	100
21	20	0	100
22	20	0	100
23	20	0	100
24	20	0	100
25	20	1	100
26	20	0	100
27	20	0	100
28	20	1	100
29	20	1	100
30	20	1	100
31	20	0	100
32	20	0	100
33	20	0	100
34	20	1	100
35	20	0	100
36	20	0	100
37	20	1	100
38	20	1	100
39	20	1	100
40	20	1	100
41	20	1	100
42	20	0	-104
43	20	0	-104
44	20	1	-104
45	20	1	-104
46	20	0	-104
47	20	0	-104
48	20	1	-104
49	20	1	100
50	20	0	100
51	20	58	100
52	20	9	100
53	20	13	100
54	20	18	100
55	20	71	100
56	20	9	100
57	20	9	100
58	20	10	100
59	20	10	100
60	20	9	100
61	20	10	100
62	20	10	100
63	20	10	100
64	20	10	100
65	20	10	100
66	20	9	100
67	20	10	100
68	20	9	100
69	20	10	100
70	20	9	100
71	20	10	100
72	20	10	-104
73	20	9	-104
74	20	9	-104
75	20	9	-104
76	20	26	-104
77	20	35	-104
78	20	35	-104
79	20	35	-104
80	20	35	-104
81	20	35	-104
82	20	35	-104
83	20	51	-104
84	20	18	-104
85	20	12	-104
86	20	5	-104
87	20	0	-104
88	20	0	-104
89	20	1	-104
90	20	1	-104
91	20	0	-104
92	20	0	-104
93	20	0	-104
94	20	1	-104
95	20	0	-104
96	20	0	-104
97	20	0	-44
98	20	14	-44
99	20	14	-44
100	20	19	-44
101	20	19	-44
102	20	14	-44
103	20	14	-44
104	20	1	-104
105	20	0	-104
106	20	1	-104
107	20	0	100
108	20	0	100
109	20	1	100
110	20	0	100
111	20	0	100
112	20	1	100
113	20	1	100
114	20	0	100
115	20	0	100
116	20	0	100
117	20	0	100
118	20	0	100
119	20	1	100
120	20	0	-104
121	20	0	-104
122	20	1	-104
123	20	1	100
124	20	0	100
125	20	1	100
126	20	0	100
127	20	1	100
128	20	1	0
0	21	1	0
1	21	0	100
2	21	0	100
3	21	0	100
4	21	0	100
5	21	1	100
6	21	0	100
7	21	1	100
8	21	1	100
9	21	0	100
10	21	1	100
11	21	0	100
12	21	0	100
13	21	0	100
14	21	0	100
15	21	0	100
16	21	0	100
17	21	1	100
18	21	1	100
19	21	0	100
20	21	1	100
21	21	0	100
22	21	0	100
23	21	1	100
24	21	1	100
25	21	0	100
26	21	1	100
27	21	0	100
28	21	0	100
29	21	0	100
30	21	1	100
31	21	1	100
32	21	1	100
33	21	1	100
34	21	1	100
35	21	0	100
36	21	1	100
37	21	1	100
38	21	1	100
39	21	1	100
40	21	1	100
41	21	1	100
42	21	1	-104
43	21	1	-104
44	21	0	-104
45	21	1	-104
46	21	1	-104
47	21	0	-104
48	21	1	-104
49	21	0	100
50	21	62	100
51	21	10	100
52	21	18	100
53	21	18	100
54	21	72	100
55	21	73	100
56	21	73	100
57	21	65	100
58	21	10	100
59	21	10	100
60	21	10	100
61	21	9	100
62	21	40	100
63	21	65	100
64	21	9	100
65	21	9	100
66	21	10	100
67	21	10	100
68	21	9	100
69	21	10	100
70	21	10	100
71	21	9	100
72	21	10	-104
73	21	9	-104
74	21	40	-104
75	21	25	-104
76	21	13	-104
77	21	12	-104
78	21	12	-104
79	21	18	-104
80	21	13	-104
81	21	12	-104
82	21	38	-104
83	21	13	-104
84	21	38	-104
85	21	62	-104
86	21	1	-104
87	21	1	-104
88	21	1	-104
89	21	1	-104
90	21	1	-104
91	21	1	-104
92	21	1	-104
93	21	0	-104
94	21	1	-104
95	21	1	-104
96	21	0	-104
97	21	14	-104
98	21	19	-104
99	21	19	-104
100	21	19	-104
101	21	19	-104
102	21	14	-104
103	21	1	-104
104	21	0	-104
105	21	0	-104
106	21	0	-104
107	21	1	100
108	21	0	100
109	21	1	100
110	21	0	100
111	21	0	100
112	21	1	100
113	21	0	100
114	21	0	100
115	21	1	100
116	21	1	100
117	21	1	100
118	21	1	100
119	21	0	-104
120	21	0	-104
121	21	1	-104
122	21	1	-104
123	21	1	-104
124	21	0	100
125	21	0	100
126	21	0	100
127	21	0	100
128	21	0	0
0	22	1	0
1	22	1	100
2	22	0	100
3	22	0	100
4	22	1	100
5	22	1	100
6	22	0	100
7	22	0	100
8	22	1	100
9	22	0	100
10	22	1	100
11	22	1	100
12	22	0	100
13	22	0	100
14	22	1	100
15	22	1	100
16	22	0	100
17	22	0	100
18	22	0	100
19	22	0	100
20	22	1	100
21	22	1	100
22	22	0	100
23	22	1	100
24	22	0	100
25	22	1	100
26	22	1	100
27	22	1	100
28	22	1	100
29	22	0	100
30	22	0	100
31	22	0	100
32	22	1	100
33	22	1	100
34	22	0	100
35	22	0	100
36	22	0	100
37	22	1	100
38	22	0	100
39	22	0	100
40	22	1	100
41	22	1	100
42	22	1	-104
43	22	0	-104
44	22	0	-104
45	22	1	-104
46	22	0	-104
47	22	0	-104
48	22	1	-104
49	22	62	100
50	22	54	100
51	22	54	100
52	22	54	100
53	22	58	100
54	22	62	100
55	22	62	100
56	22	74	100
57	22	75	100
58	22	75	100
59	22	75	100
60	22	75	100
61	22	76	100
62	22	77	100
63	22	75	100
64	22	78	100
65	22	10	100
66	22	9	100
67	22	9	100
68	22	79	100
69	22	75	100
70	22	75	100
71	22	75	100
72	22	75	-104
73	22	80	-104
74	22	58	-104
75	22	54	-104
76	22	54	-104
77	22	62	-104
78	22	58	-104
79	22	54	-104
80	22	54	-104
81	22	54	-104
82	22	54	-104
83	22	58	-104
84	22	58	-104
85	22	1	-104
86	22	1	-104
87	22	1	-104
88	22	0	-104
89	22	1	-104
90	22	0	-104
91	22	1	-104
92	22	0	-104
93	22	1	-104
94	22	0	-104
95	22	1	-104
96	22	14	-104
97	22	19	-104
98	22	19	-104
99	22	19	-104
100	22	19	-104
101	22	14	-104
102	22	0	-104
103	22	1	-104
104	22	1	-104
105	22	0	-104
106	22	1	-104
107	22	0	100
108	22	1	100
109	22	1	100
110	22	1	100
111	22	0	100
112	22	1	100
113	22	1	100
114	22	0	100
115	22	1	100
116	22	0	100
117	22	0	100
118	22	1	100
119	22	0	-104
120	22	1	-104
121	22	1	-104
122	22	1	-104
123	22	0	-104
124	22	1	100
125	22	1	100
126	22	1	100
127	22	0	100
128	22	1	0
0	23	1	0
1	23	0	100
2	23	0	100
3	23	0	100
4	23	1	100
5	23	1	100
6	23	0	100
7	23	1	100
8	23	0	100
9	23	1	100
10	23	0	100
11	23	0	100
12	23	1	100
13	23	0	100
14	23	0	100
15	23	1	100
16	23	0	100
17	23	1	100
18	23	0	100
19	23	0	100
20	23	1	100
21	23	0	100
22	23	1	100
23	23	1	100
24	23	1	100
25	23	1	100
26	23	1	100
27	23	0	100
28	23	0	100
29	23	1	100
30	23	0	100
31	23	1	100
32	23	0	100
33	23	1	100
34	23	1	100
35	23	0	100
36	23	0	100
37	23	0	100
38	23	0	100
39	23	1	100
40	23	1	100
41	23	1	100
42	23	1	-104
43	23	1	-104
44	23	0	-104
45	23	1	-104
46	23	1	-104
47	23	0	-104
48	23	0	-104
49	23	0	100
50	23	0	100
51	23	1	100
52	23	0	100
53	23	0	100
54	23	1	100
55	23	1	100
56	23	1	100
57	23	0	100
58	23	1	100
59	23	1	100
60	23	0	100
61	23	1	100
62	23	1	100
63	23	81	100
64	23	73	100
65	23	73	100
66	23	82	100
67	23	83	100
68	23	0	100
69	23	0	100
70	23	0	100
71	23	0	100
72	23	0	100
73	23	0	100
74	23	1	100
75	23	0	100
76	23	0	100
77	23	1	100
78	23	1	100
79	23	1	100
80	23	1	100
81	23	1	100
82	23	1	100
83	23	0	-44
84	23	1	-44
85	23	0	-44
86	23	1	-44
87	23	0	-104
88	23	1	-104
89	23	1	-104
90	23	1	-44
91	23	0	-44
92	23	1	-44
93	23	1	-44
94	23	0	100
95	23	14	100
96	23	19	100
97	23	19	100
98	23	19	100
99	23	19	100
100	23	14	100
101	23	1	100
102	23	1	100
103	23	0	100
104	23	0	100
105	23	0	100
106	23	0	100
107	23	0	100
108	23	0	100
109	23	1	100
110	23	0	100
111	23	0	100
112	23	0	100
113	23	1	100
114	23	1	100
115	23	1	100
116	23	0	100
117	23	0	100
118	23	1	100
119	23	1	-104
120	23	1	-52
121	23	0	-52
122	23	1	-52
123	23	0	-104
124	23	0	100
125	23	1	100
126	23	0	100
127	23	0	100
128	23	0	0
0	24	0	0
1	24	0	100
2	24	1	100
3	24	1	100
4	24	1	100
5	24	1	100
6	24	0	100
7	24	0	100
8	24	1	100
9	24	0	100
10	24	0	100
11	24	0	100
12	24	1	100
13	24	0	100
14	24	0	100
15	24	0	100
16	24	0	100
17	24	1	100
18	24	1	100
19	24	0	100
20	24	0	100
21	24	1	100
22	24	0	100
23	24	1	100
24	24	0	100
25	24	0	100
26	24	1	100
27	24	1	100
28	24	0	100
29	24	0	100
30	24	0	100
31	24	1	100
32	24	1	100
33	24	0	100
34	24	1	100
35	24	1	100
36	24	1	100
37	24	0	100
38	24	1	100
39	24	0	100
40	24	1	100
41	24	0	100
42	24	1	-104
43	24	1	-104
44	24	1	-104
45	24	1	-104
46	24	1	-104
47	24	1	-104
48	24	0	-104
49	24	0	100
50	24	1	100
51	24	0	100
52	24	1	100
53	24	0	100
54	24	0	100
55	24	1	100
56	24	1	100
57	24	0	100
58	24	1	100
59	24	1	100
60	24	1	100
61	24	0	100
62	24	0	100
63	24	0	100
64	24	1	100
65	24	1	100
66	24	1	100
67	24	1	100
68	24	1	100
69	24	1	100
70	24	1	100
71	24	0	100
72	24	0	100
73	24	1	100
74	24	1	100
75	24	0	100
76	24	1	100
77	24	1	100
78	24	1	100
79	24	1	100
80	24	1	100
81	24	0	100
82	24	1	100
83	24	0	-44
84	24	0	-44
85	24	1	-44
86	24	0	-44
87	24	1	-104
88	24	1	-104
89	24	0	-104
90	24	1	-44
91	24	1	-44
92	24	1	-44
93	24	1	-44
94	24	14	100
95	24	19	100
96	24	19	100
97	24	19	100
98	24	19	100
99	24	14	100
100	24	0	100
101	24	0	100
102	24	1	100
103	24	0	100
104	24	1	100
105	24	0	100
106	24	0	100
107	24	1	100
108	24	0	100
109	24	0	100
110	24	1	100
111	24	0	100
112	24	1	100
113	24	1	100
114	24	0	100
115	24	1	100
116	24	0	100
117	24	0	100
118	24	1	100
119	24	0	-104
120	24	1	-52
121	24	0	-52
122	24	1	-52
123	24	1	-104
124	24	0	100
125	24	1	100
126	24	0	100
127	24	1	100
128	24	0	0
0	25	0	0
1	25	1	100
2	25	1	100
3	25	1	100
4	25	0	100
5	25	1	100
6	25	0	100
7	25	0	100
8	25	0	100
9	25	0	100
10	25	1	100
11	25	1	100
12	25	0	100
13	25	0	100
14	25	1	100
15	25	1	100
16	25	1	100
17	25	1	100
18	25	0	100
19	25	1	100
20	25	0	100
21	25	1	100
22	25	1	100
23	25	0	100
24	25	1	100
25	25	0	100
26	25	1	100
27	25	0	100
28	25	0	100
29	25	0	100
30	25	1	100
31	25	1	100
32	25	0	100
33	25	1	100
34	25	1	100
35	25	0	100
36	25	0	100
37	25	0	100
38	25	1	100
39	25	0	100
40	25	1	100
41	25	1	100
42	25	1	-104
43	25	0	-104
44	25	1	-104
45	25	1	-104
46	25	1	-104
47	25	0	-104
48	25	0	-104
49	25	0	100
50	25	0	100
51	25	1	100
52	25	1	100
53	25	0	100
54	25	1	100
55	25	0	100
56	25	1	100
57	25	1	100
58	25	0	100
59	25	0	100
60	25	0	100
61	25	1	100
62	25	1	100
63	25	0	100
64	25	0	100
65	25	1	100
66	25	0	100
67	25	0	100
68	25	0	100
69	25	1	100
70	25	0	100
71	25	0	100
72	25	1	100
73	25	0	100
74	25	1	100
75	25	0	100
76	25	1	100
77	25	0	100
78	25	1	100
79	25	1	100
80	25	0	100
81	25	1	100
82	25	0	100
83	25	0	-104
84	25	1	-104
85	25	0	-104
86	25	0	-104
87	25	0	-104
88	25	0	-104
89	25	1	-104
90	25	0	-104
91	25	0	-104
92	25	0	-104
93	25	14	-104
94	25	14	100
95	25	19	100
96	25	19	100
97	25	14	100
98	25	14	100
99	25	0	100
100	25	0	100
101	25	0	100
102	25	1	100
103	25	0	100
104	25	0	100
105	25	1	100
106	25	1	100
107	25	1	100
108	25	1	100
109	25	0	100
110	25	1	100
111	25	0	100
112	25	1	100
113	25	0	100
114	25	1	100
115	25	0	100
116	25	1	100
117	25	1	100
118	25	1	100
119	25	0	-104
120	25	0	-104
121	25	1	-104
122	25	0	-104
123	25	0	-104
124	25	1	100
125	25	1	100
126	25	1	100
127	25	0	100
128	25	0	0
0	26	1	0
1	26	0	100
2	26	1	100
3	26	0	100
4	26	1	100
5	26	0	100
6	26	0	100
7	26	0	100
8	26	0	100
9	26	1	100
10	26	0	100
11	26	1	100
12	26	1	100
13	26	0	100
14	26	0	100
15	26	0	100
16	26	0	100
17	26	0	100
18	26	1	100
19	26	1	100
20	26	0	100
21	26	0	100
22	26	0	100
23	26	0	100
24	26	0	100
25	26	1	100
26	26	1	100
27	26	1	100
28	26	0	100
29	26	1	100
30	26	0	100
31	26	1	100
32	26	0	100
33	26	0	100
34	26	0	100
35	26	0	100
36	26	0	100
37	26	1	100
38	26	0	100
39	26	0	100
40	26	0	100
41	26	0	100
42	26	1	-104
43	26	1	-104
44	26	1	-104
45	26	1	-104
46	26	0	-104
47	26	0	-104
48	26	0	-104
49	26	0	100
50	26	0	100
51	26	1	100
52	26	1	100
53	26	1	100
54	26	0	100
55	26	0	100
56	26	1	100
57	26	0	100
58	26	1	100
59	26	0	100
60	26	0	100
61	26	0	100
62	26	0	100
63	26	0	100
64	26	1	100
65	26	0	100
66	26	0	100
67	26	0	100
68	26	1	100
69	26	1	100
70	26	0	100
71	26	1	100
72	26	1	100
73	26	0	100
74	26	0	100
75	26	1	100
76	26	1	100
77	26	1	100
78	26	0	100
79	26	1	100
80	26	1	100
81	26	1	100
82	26	0	100
83	26	0	-104
84	26	0	-104
85	26	0	-104
86	26	0	-104
87	26	1	-104
88	26	0	-104
89	26	1	-104
90	26	1	-104
91	26	1	-104
92	26	1	-104
93	26	14	-104
94	26	19	100
95	26	19	100
96	26	14	100
97	26	0	100
98	26	0	100
99	26	1	100
100	26	0	100
101	26	1	100
102	26	0	100
103	26	1	100
104	26	0	100
105	26	0	100
106	26	0	100
107	26	1	100
108	26	0	100
109	26	0	100
110	26	1	100
111	26	0	100
112	26	0	100
113	26	1	100
114	26	1	100
115	26	1	100
116	26	1	100
117	26	0	100
118	26	0	100
119	26	1	100
120	26	1	-104
121	26	1	-104
122	26	1	-104
123	26	1	100
124	26	1	100
125	26	0	100
126	26	1	100
127	26	1	100
128	26	0	0
0	27	1	0
1	27	1	100
2	27	1	100
3	27	1	100
4	27	1	100
5	27	1	100
6	27	0	100
7	27	0	100
8	27	0	100
9	27	1	100
10	27	0	100
11	27	0	100
12	27	0	100
13	27	1	100
14	27	1	100
15	27	0	100
16	27	1	100
17	27	0	100
18	27	1	100
19	27	1	100
20	27	0	100
21	27	1	100
22	27	1	100
23	27	0	100
24	27	0	100
25	27	0	100
26	27	0	100
27	27	0	100
28	27	0	100
29	27	0	100
30	27	1	100
31	27	1	100
32	27	0	100
33	27	1	100
34	27	1	100
35	27	1	100
36	27	1	100
37	27	1	100
38	27	1	100
39	27	1	100
40	27	1	100
41	27	0	100
42	27	0	-104
43	27	0	-104
44	27	1	-104
45	27	0	-104
46	27	1	-104
47	27	0	-104
48	27	1	-104
49	27	1	100
50	27	1	100
51	27	0	100
52	27	0	100
53	27	0	100
54	27	0	100
55	27	1	100
56	27	1	100
57	27	1	100
58	27	0	100
59	27	0	100
60	27	1	100
61	27	0	100
62	27	0	100
63	27	1	100
64	27	0	100
65	27	1	100
66	27	1	100
67	27	0	100
68	27	0	100
69	27	0	100
70	27	0	100
71	27	1	100
72	27	1	100
73	27	0	100
74	27	0	100
75	27	1	100
76	27	1	100
77	27	1	100
78	27	1	100
79	27	1	100
80	27	0	100
81	27	0	100
82	27	1	100
83	27	0	-104
84	27	1	-104
85	27	1	-104
86	27	1	-104
87	27	0	-104
88	27	0	-104
89	27	0	-104
90	27	0	-104
91	27	1	-104
92	27	14	-104
93	27	19	-104
94	27	19	100
95	27	14	100
96	27	0	100
97	27	1	100
98	27	1	100
99	27	0	100
100	27	0	100
101	27	1	100
102	27	0	100
103	27	1	100
104	27	0	100
105	27	1	100
106	27	1	100
107	27	0	100
108	27	0	100
109	27	1	100
110	27	0	100
111	27	0	100
112	27	0	100
113	27	0	100
114	27	1	100
115	27	0	100
116	27	0	100
117	27	1	100
118	27	1	100
119	27	1	100
120	27	0	-104
121	27	1	-104
122	27	0	-104
123	27	1	100
124	27	1	100
125	27	1	100
126	27	1	100
127	27	0	100
128	27	1	0
0	28	1	0
1	28	1	100
2	28	0	100
3	28	0	100
4	28	1	100
5	28	1	100
6	28	0	100
7	28	1	100
8	28	0	100
9	28	1	100
10	28	0	100
11	28	0	100
12	28	1	100
13	28	0	100
14	28	1	100
15	28	0	100
16	28	1	100
17	28	1	100
18	28	1	100
19	28	1	100
20	28	0	100
21	28	1	100
22	28	0	100
23	28	1	100
24	28	0	100
25	28	0	100
26	28	1	100
27	28	0	100
28	28	1	100
29	28	1	100
30	28	0	100
31	28	1	100
32	28	1	100
33	28	0	100
34	28	1	100
35	28	0	100
36	28	1	100
37	28	0	100
38	28	0	100
39	28	1	100
40	28	0	100
41	28	0	100
42	28	0	-104
43	28	1	-104
44	28	1	-104
45	28	1	-104
46	28	0	-104
47	28	1	-104
48	28	0	-104
49	28	1	100
50	28	1	100
51	28	0	100
52	28	0	100
53	28	0	100
54	28	1	100
55	28	1	100
56	28	1	100
57	28	0	100
58	28	0	100
59	28	0	100
60	28	0	100
61	28	0	100
62	28	0	100
63	28	0	100
64	28	1	100
65	28	1	100
66	28	0	100
67	28	1	100
68	28	0	100
69	28	0	100
70	28	0	100
71	28	1	100
72	28	1	100
73	28	1	100
74	28	1	100
75	28	1	100
76	28	0	100
77	28	0	100
78	28	1	100
79	28	0	100
80	28	1	100
81	28	1	-104
82	28	0	-104
83	28	1	-104
84	28	1	-104
85	28	0	-104
86	28	1	-104
87	28	1	-104
88	28	1	-104
89	28	1	-104
90	28	0	-104
91	28	14	-104
92	28	19	-104
93	28	19	-104
94	28	14	-104
95	28	1	-104
96	28	1	100
97	28	0	100
98	28	1	100
99	28	1	100
100	28	0	100
101	28	0	100
102	28	0	100
103	28	0	100
104	28	0	100
105	28	1	100
106	28	1	100
107	28	0	100
108	28	1	100
109	28	1	100
110	28	0	100
111	28	1	100
112	28	1	100
113	28	1	100
114	28	0	100
115	28	0	100
116	28	1	100
117	28	1	100
118	28	0	100
119	28	0	100
120	28	0	-104
121	28	0	-104
122	28	1	-104
123	28	0	100
124	28	1	100
125	28	1	100
126	28	84	100
127	28	85	100
128	28	86	0
0	29	87	0
1	29	88	100
2	29	89	100
3	29	90	100
4	29	91	100
5	29	92	100
6	29	93	100
7	29	94	100
8	29	90	100
9	29	91	100
10	29	92	100
11	29	95	100
12	29	93	100
13	29	96	100
14	29	97	100
15	29	98	100
16	29	98	100
17	29	98	100
18	29	96	100
19	29	93	100
20	29	95	100
21	29	92	100
22	29	92	100
23	29	93	100
24	29	93	100
25	29	95	100
26	29	92	100
27	29	93	100
28	29	99	100
29	29	87	100
30	29	100	100
31	29	90	100
32	29	101	100
33	29	1	100
34	29	0	100
35	29	1	100
36	29	0	100
37	29	1	100
38	29	1	100
39	29	0	100
40	29	0	100
41	29	1	100
42	29	1	-104
43	29	0	-104
44	29	1	-104
45	29	0	-104
46	29	0	-104
47	29	0	-104
48	29	0	-104
49	29	0	100
50	29	0	100
51	29	0	100
52	29	1	100
53	29	1	100
54	29	1	100
55	29	0	100
56	29	0	100
57	29	0	100
58	29	0	100
59	29	0	100
60	29	0	100
61	29	0	100
62	29	0	100
63	29	0	100
64	29	1	100
65	29	0	100
66	29	1	100
67	29	1	100
68	29	0	100
69	29	1	100
70	29	1	100
71	29	0	100
72	29	1	100
73	29	1	100
74	29	1	100
75	29	1	100
76	29	0	100
77	29	1	100
78	29	0	100
79	29	0	100
80	29	1	100
81	29	0	-104
82	29	1	-104
83	29	1	-104
84	29	0	-104
85	29	1	-104
86	29	1	-104
87	29	1	-104
88	29	1	-104
89	29	1	-104
90	29	14	-104
91	29	19	-104
92	29	19	-104
93	29	14	-104
94	29	1	-104
95	29	0	-104
96	29	0	100
97	29	1	100
98	29	1	100
99	29	1	100
100	29	0	100
101	29	0	100
102	29	0	100
103	29	0	100
104	29	1	100
105	29	1	100
106	29	1	100
107	29	1	100
108	29	1	100
109	29	1	100
110	29	0	100
111	29	0	100
112	29	1	100
113	29	1	100
114	29	0	100
115	29	1	100
116	29	1	100
117	29	0	100
118	29	1	100
119	29	0	100
120	29	1	-104
121	29	1	-104
122	29	0	-104
123	29	0	100
124	29	0	100
125	29	101	100
126	29	102	100
127	29	103	100
128	29	104	0
0	30	105	0
1	30	106	100
2	30	107	100
3	30	108	100
4	30	96	100
5	30	96	100
6	30	109	100
7	30	110	100
8	30	108	100
9	30	97	100
10	30	98	100
11	30	96	100
12	30	97	100
13	30	96	100
14	30	96	100
15	30	97	100
16	30	98	100
17	30	98	100
18	30	98	100
19	30	97	100
20	30	97	100
21	30	98	100
22	30	97	100
23	30	97	100
24	30	97	100
25	30	98	100
26	30	111	100
27	30	112	-104
28	30	104	-104
29	30	113	-104
30	30	97	-104
31	30	92	-104
32	30	1	-104
33	30	1	-104
34	30	0	-104
35	30	0	-104
36	30	0	-104
37	30	0	-104
38	30	0	-104
39	30	0	-104
40	30	1	-104
41	30	0	-104
42	30	0	-104
43	30	0	-104
44	30	1	-104
45	30	0	-104
46	30	0	-104
47	30	1	-104
48	30	1	-104
49	30	1	-104
50	30	1	-104
51	30	0	-104
52	30	0	-104
53	30	0	-104
54	30	1	-104
55	30	1	-104
56	30	0	-104
57	30	1	-104
58	30	0	-104
59	30	1	-104
60	30	1	-104
61	30	1	-104
62	30	1	100
63	30	1	100
64	30	114	100
65	30	0	100
66	30	1	100
67	30	1	100
68	30	1	100
69	30	1	100
70	30	1	100
71	30	1	100
72	30	0	100
73	30	0	100
74	30	0	100
75	30	1	100
76	30	0	100
77	30	1	100
78	30	1	100
79	30	1	100
80	30	1	100
81	30	1	-104
82	30	1	-104
83	30	0	-104
84	30	0	-104
85	30	1	-104
86	30	0	-104
87	30	0	-104
88	30	1	-104
89	30	14	-104
90	30	19	-104
91	30	19	-104
92	30	14	-104
93	30	0	-104
94	30	1	-104
95	30	0	-104
96	30	1	100
97	30	1	100
98	30	1	100
99	30	1	100
100	30	1	100
101	30	0	100
102	30	1	100
103	30	0	100
104	30	1	100
105	30	1	100
106	30	1	100
107	30	1	100
108	30	0	100
109	30	1	100
110	30	1	100
111	30	0	100
112	30	0	100
113	30	1	100
114	30	0	100
115	30	0	100
116	30	0	100
117	30	0	100
118	30	0	100
119	30	0	100
120	30	1	-104
121	30	1	-104
122	30	0	-104
123	30	0	100
124	30	115	100
125	30	116	100
126	30	117	100
127	30	118	100
128	30	119	0
0	31	120	0
1	31	121	100
2	31	122	100
3	31	122	100
4	31	122	100
5	31	122	100
6	31	122	100
7	31	122	100
8	31	122	100
9	31	122	100
10	31	122	100
11	31	122	100
12	31	122	100
13	31	122	100
14	31	122	100
15	31	122	100
16	31	122	100
17	31	122	100
18	31	122	100
19	31	122	100
20	31	122	100
21	31	122	100
22	31	122	100
23	31	122	100
24	31	123	100
25	31	117	100
26	31	124	100
27	31	124	-104
28	31	113	-104
29	31	96	-44
30	31	101	-44
31	31	0	-104
32	31	1	-104
33	31	1	-104
34	31	1	-104
35	31	1	-104
36	31	0	-104
37	31	1	-104
38	31	0	-104
39	31	0	-104
40	31	1	-104
41	31	1	-104
42	31	1	-104
43	31	0	-104
44	31	1	-104
45	31	0	-104
46	31	1	-104
47	31	0	-104
48	31	1	-104
49	31	0	-104
50	31	1	-104
51	31	1	-104
52	31	1	-104
53	31	0	-104
54	31	1	-104
55	31	0	-104
56	31	1	-104
57	31	1	-104
58	31	0	-104
59	31	0	-104
60	31	0	-104
61	31	1	-104
62	31	0	100
63	31	1	100
64	31	0	100
65	31	0	100
66	31	0	100
67	31	0	100
68	31	1	100
69	31	0	100
70	31	1	100
71	31	0	100
72	31	1	100
73	31	0	100
74	31	0	100
75	31	0	100
76	31	0	100
77	31	0	100
78	31	1	100
79	31	1	100
80	31	1	100
81	31	1	100
82	31	1	100
83	31	1	-104
84	31	0	-104
85	31	0	-104
86	31	1	-104
87	31	0	-104
88	31	14	-104
89	31	19	-104
90	31	19	-104
91	31	14	-104
92	31	0	-104
93	31	0	-104
94	31	1	100
95	31	1	100
96	31	1	100
97	31	0	100
98	31	1	100
99	31	0	100
100	31	1	100
101	31	1	100
102	31	0	100
103	31	1	100
104	31	1	100
105	31	0	100
106	31	0	100
107	31	1	100
108	31	0	100
109	31	0	100
110	31	1	100
111	31	0	100
112	31	1	100
113	31	0	100
114	31	0	100
115	31	1	100
116	31	1	100
117	31	0	100
118	31	0	100
119	31	1	100
120	31	0	-104
121	31	0	-104
122	31	0	-104
123	31	95	100
124	31	125	100
125	31	126	100
126	31	126	100
127	31	127	100
128	31	120	0
0	32	120	0
1	32	128	100
2	32	129	100
3	32	129	100
4	32	130	100
5	32	130	100
6	32	128	100
7	32	129	100
8	32	129	100
9	32	130	100
10	32	130	100
11	32	128	100
12	32	129	100
13	32	130	100
14	32	129	100
15	32	129	100
16	32	129	100
17	32	129	100
18	32	120	100
19	32	120	100
20	32	130	100
21	32	128	100
22	32	128	100
23	32	131	100
24	32	132	100
25	32	118	100
26	32	133	100
27	32	134	-104
28	32	135	-104
29	32	136	-44
30	32	1	-44
31	32	1	-104
32	32	0	-104
33	32	0	-104
34	32	1	-104
35	32	1	-104
36	32	0	-104
37	32	1	-104
38	32	0	-104
39	32	1	-104
40	32	0	-104
41	32	0	-104
42	32	1	-104
43	32	1	-104
44	32	1	-104
45	32	1	-104
46	32	0	-104
47	32	1	-104
48	32	1	-104
49	32	1	-104
50	32	1	-104
51	32	1	-104
52	32	0	-104
53	32	1	-104
54	32	0	-104
55	32	0	-104
56	32	1	-104
57	32	1	-44
58	32	1	-44
59	32	0	-104
60	32	1	-104
61	32	1	-104
62	32	0	100
63	32	1	100
64	32	0	100
65	32	0	100
66	32	1	100
67	32	1	100
68	32	0	100
69	32	0	100
70	32	1	100
71	32	1	100
72	32	0	100
73	32	0	100
74	32	1	100
75	32	0	100
76	32	1	100
77	32	1	100
78	32	1	100
79	32	0	100
80	32	0	100
81	32	0	100
82	32	1	100
83	32	0	-104
84	32	0	-104
85	32	0	-104
86	32	0	-104
87	32	14	-104
88	32	19	-104
89	32	19	-104
90	32	14	-104
91	32	1	-104
92	32	0	-104
93	32	0	-104
94	32	0	100
95	32	1	100
96	32	0	100
97	32	0	100
98	32	0	100
99	32	1	100
100	32	1	100
101	32	1	100
102	32	0	100
103	32	0	100
104	32	0	100
105	32	1	100
106	32	1	100
107	32	0	100
108	32	1	100
109	32	1	100
110	32	1	100
111	32	1	100
112	32	1	100
113	32	0	100
114	32	0	100
115	32	0	100
116	32	1	100
117	32	1	100
118	32	1	100
119	32	1	100
120	32	1	-104
121	32	1	-104
122	32	84	-104
123	32	137	100
124	32	130	100
125	32	128	100
126	32	129	100
127	32	120	100
128	32	138	0
0	33	139	0
1	33	139	100
2	33	139	100
3	33	140	100
4	33	120	100
5	33	120	100
6	33	120	100
7	33	129	100
8	33	129	100
9	33	129	100
10	33	128	100
11	33	130	100
12	33	129	100
13	33	130	100
14	33	120	100
15	33	129	100
16	33	130	100
17	33	129	100
18	33	120	100
19	33	120	100
20	33	129	100
21	33	130	100
22	33	129	100
23	33	131	100
24	33	126	100
25	33	127	100
26	33	120	100
27	33	141	-104
28	33	95	-104
29	33	1	-104
30	33	1	-104
31	33	1	-104
32	33	0	-144
33	33	0	-144
34	33	1	-144
35	33	0	-144
36	33	1	-144
37	33	0	-144
38	33	0	-144
39	33	0	-144
40	33	1	-144
41	33	1	-144
42	33	1	-144
43	33	1	-144
44	33	1	-144
45	33	0	-144
46	33	1	-144
47	33	1	-144
48	33	0	-144
49	33	1	-144
50	33	0	-144
51	33	1	-144
52	33	0	-144
53	33	0	-144
54	33	1	-144
55	33	1	-144
56	33	0	-144
57	33	0	-44
58	33	0	-44
59	33	1	-104
60	33	1	-104
61	33	0	-104
62	33	1	100
63	33	0	100
64	33	0	100
65	33	1	100
66	33	0	100
67	33	1	100
68	33	0	100
69	33	1	100
70	33	1	100
71	33	0	100
72	33	1	100
73	33	0	100
74	33	0	100
75	33	1	100
76	33	1	100
77	33	0	100
78	33	0	100
79	33	0	100
80	33	1	100
81	33	1	100
82	33	1	100
83	33	0	-104
84	33	0	-104
85	33	0	-104
86	33	14	-104
87	33	19	-104
88	33	19	-104
89	33	14	-104
90	33	1	-104
91	33	0	-104
92	33	0	-104
93	33	1	-104
94	33	0	100
95	33	1	100
96	33	0	100
97	33	1	100
98	33	0	100
99	33	0	100
100	33	0	100
101	33	1	100
102	33	1	100
103	33	0	100
104	33	1	100
105	33	0	100
106	33	1	100
107	33	1	100
108	33	0	100
109	33	1	100
110	33	1	100
111	33	1	100
112	33	0	100
113	33	0	100
114	33	0	100
115	33	0	100
116	33	1	100
117	33	0	100
118	33	0	100
119	33	0	100
120	33	0	-104
121	33	136	-104
122	33	142	-104
123	33	143	100
124	33	144	100
125	33	129	100
126	33	129	100
127	33	145	100
128	33	146	0
0	34	147	0
1	34	148	100
2	34	149	100
3	34	150	100
4	34	151	100
5	34	120	100
6	34	128	100
7	34	120	100
8	34	138	100
9	34	139	100
10	34	139	100
11	34	139	100
12	34	140	100
13	34	130	100
14	34	130	100
15	34	120	100
16	34	130	100
17	34	130	100
18	34	120	100
19	34	128	100
20	34	128	100
21	34	129	100
22	34	128	100
23	34	120	100
24	34	120	100
25	34	128	100
26	34	141	100
27	34	95	-104
28	34	0	-104
29	34	1	-104
30	34	1	-104
31	34	1	-104
32	34	1	-144
33	34	1	-144
34	34	1	-144
35	34	0	-144
36	34	1	-144
37	34	0	-144
38	34	1	-144
39	34	0	-144
40	34	1	-144
41	34	0	-144
42	34	0	-144
43	34	1	-144
44	34	0	-144
45	34	1	-144
46	34	1	-144
47	34	1	-144
48	34	0	-144
49	34	1	-144
50	34	0	-144
51	34	1	-144
52	34	0	-144
53	34	0	-144
54	34	0	-144
55	34	1	-144
56	34	1	-144
57	34	1	-144
58	34	0	-144
59	34	1	-144
60	34	0	-104
61	34	0	-104
62	34	1	100
63	34	0	100
64	34	1	100
65	34	1	100
66	34	1	100
67	34	1	100
68	34	1	100
69	34	1	100
70	34	0	100
71	34	1	100
72	34	0	100
73	34	0	100
74	34	0	100
75	34	0	100
76	34	1	100
77	34	1	100
78	34	1	100
79	34	1	100
80	34	1	100
81	34	1	100
82	34	0	100
83	34	1	-104
84	34	0	-104
85	34	14	-104
86	34	19	-104
87	34	19	-104
88	34	14	-104
89	34	1	-104
90	34	0	-104
91	34	0	-104
92	34	1	-104
93	34	1	-104
94	34	0	100
95	34	1	100
96	34	1	100
97	34	0	100
98	34	0	100
99	34	0	100
100	34	0	100
101	34	1	100
102	34	1	100
103	34	0	100
104	34	1	100
105	34	0	100
106	34	1	100
107	34	1	100
108	34	0	100
109	34	0	100
110	34	1	100
111	34	1	100
112	34	0	100
113	34	1	100
114	34	1	100
115	34	0	100
116	34	0	100
117	34	0	100
118	34	0	100
119	34	0	100
120	34	101	-104
121	34	152	-104
122	34	97	-104
123	34	153	100
124	34	144	100
125	34	128	100
126	34	154	100
127	34	155	100
128	34	146	0
0	35	148	0
1	35	156	100
2	35	157	100
3	35	158	100
4	35	129	100
5	35	120	100
6	35	129	100
7	35	154	100
8	35	159	100
9	35	160	100
10	35	146	100
11	35	161	100
12	35	130	100
13	35	128	100
14	35	130	100
15	35	120	100
16	35	120	100
17	35	129	100
18	35	129	100
19	35	120	100
20	35	138	100
21	35	139	100
22	35	139	100
23	35	140	100
24	35	120	100
25	35	141	100
26	35	90	100
27	35	1	-104
28	35	0	-104
29	35	1	-104
30	35	1	-104
31	35	0	-104
32	35	0	-144
33	35	1	-144
34	35	1	-144
35	35	1	-144
36	35	1	-144
37	35	0	-144
38	35	0	-144
39	35	0	-144
40	35	1	-144
41	35	1	-144
42	35	0	-144
43	35	0	-144
44	35	1	-144
45	35	1	-144
46	35	1	-144
47	35	0	-144
48	35	1	-144
49	35	1	-144
50	35	0	-144
51	35	0	-144
52	35	0	-144
53	35	0	-144
54	35	1	-144
55	35	0	-144
56	35	1	-144
57	35	0	-144
58	35	0	-144
59	35	1	-144
60	35	1	-104
61	35	0	-104
62	35	1	100
63	35	0	100
64	35	1	100
65	35	1	100
66	35	1	100
67	35	1	100
68	35	1	100
69	35	0	100
70	35	1	100
71	35	1	100
72	35	1	100
73	35	0	100
74	35	1	100
75	35	0	100
76	35	1	100
77	35	1	100
78	35	0	100
79	35	1	100
80	35	1	100
81	35	0	100
82	35	1	100
83	35	1	-104
84	35	14	-104
85	35	19	-104
86	35	19	-104
87	35	14	-104
88	35	1	-104
89	35	1	-104
90	35	1	-104
91	35	0	-104
92	35	0	-104
93	35	0	-104
94	35	1	100
95	35	1	100
96	35	0	100
97	35	0	100
98	35	0	100
99	35	1	100
100	35	1	100
101	35	0	100
102	35	1	100
103	35	1	100
104	35	0	100
105	35	0	100
106	35	1	100
107	35	1	100
108	35	1	100
109	35	0	100
110	35	0	100
111	35	0	100
112	35	0	100
113	35	0	100
114	35	0	100
115	35	1	100
116	35	0	100
117	35	0	100
118	35	1	100
119	35	90	100
120	35	152	-104
121	35	97	-104
122	35	96	-104
123	35	162	100
124	35	130	100
125	35	128	100
126	35	163	100
127	35	164	100
128	35	164	0
0	36	165	0
1	36	166	100
2	36	167	100
3	36	150	100
4	36	151	100
5	36	120	100
6	36	130	100
7	36	168	100
8	36	169	100
9	36	147	100
10	36	161	100
11	36	120	100
12	36	130	100
13	36	120	100
14	36	129	100
15	36	130	100
16	36	128	100
17	36	170	100
18	36	171	100
19	36	172	100
20	36	173	100
21	36	173	100
22	36	174	100
23	36	120	100
24	36	141	100
25	36	136	100
26	36	0	100
27	36	1	-104
28	36	1	-104
29	36	1	-104
30	36	0	-104
31	36	0	-104
32	36	0	-144
33	36	1	-144
34	36	0	-144
35	36	1	-144
36	36	1	-144
37	36	1	-144
38	36	1	-144
39	36	0	-144
40	36	0	-144
41	36	0	-144
42	36	0	-144
43	36	1	-144
44	36	0	-144
45	36	0	-144
46	36	1	-144
47	36	1	-144
48	36	1	-144
49	36	1	-144
50	36	0	-144
51	36	0	-144
52	36	0	-144
53	36	1	-144
54	36	1	-144
55	36	1	-144
56	36	1	-144
57	36	1	-144
58	36	0	-144
59	36	0	-144
60	36	0	-104
61	36	1	-104
62	36	1	100
63	36	1	100
64	36	1	100
65	36	0	100
66	36	0	100
67	36	0	100
68	36	0	100
69	36	1	100
70	36	1	100
71	36	1	100
72	36	1	100
73	36	0	100
74	36	1	100
75	36	1	100
76	36	1	100
77	36	1	100
78	36	1	100
79	36	1	100
80	36	0	100
81	36	0	100
82	36	0	100
83	36	14	-104
84	36	19	-104
85	36	19	-104
86	36	14	-104
87	36	0	-104
88	36	1	-104
89	36	0	-104
90	36	0	-104
91	36	1	-104
92	36	1	-104
93	36	0	-104
94	36	1	100
95	36	1	100
96	36	0	100
97	36	0	100
98	36	1	100
99	36	0	100
100	36	1	100
101	36	0	100
102	36	1	100
103	36	0	100
104	36	0	100
105	36	1	100
106	36	0	100
107	36	0	100
108	36	0	100
109	36	0	100
110	36	0	100
111	36	1	100
112	36	0	100
113	36	1	100
114	36	1	100
115	36	0	100
116	36	0	100
117	36	0	100
118	36	101	100
119	36	152	100
120	36	97	-104
121	36	96	-104
122	36	162	-104
123	36	129	100
124	36	129	100
125	36	175	100
126	36	124	100
127	36	104	100
128	36	176	0
0	37	177	0
1	37	177	100
2	37	178	100
3	37	167	100
4	37	151	100
5	37	128	100
6	37	129	100
7	37	145	100
8	37	179	100
9	37	180	100
10	37	129	100
11	37	129	100
12	37	170	100
13	37	171	100
14	37	171	100
15	37	171	100
16	37	181	100
17	37	104	100
18	37	182	100
19	37	183	100
20	37	183	100
21	37	158	100
22	37	128	100
23	37	141	100
24	37	136	100
25	37	1	100
26	37	1	100
27	37	1	-104
28	37	1	-104
29	37	1	-104
30	37	1	-104
31	37	0	-104
32	37	1	-144
33	37	1	-144
34	37	0	-144
35	37	0	-144
36	37	0	-144
37	37	0	-144
38	37	1	-144
39	37	0	-144
40	37	0	-144
41	37	0	-144
42	37	0	-144
43	37	0	-144
44	37	0	-144
45	37	1	-144
46	37	0	-144
47	37	1	-144
48	37	0	-144
49	37	0	-144
50	37	0	-144
51	37	0	-144
52	37	0	-144
53	37	0	-144
54	37	1	-144
55	37	0	-144
56	37	1	-144
57	37	0	-144
58	37	0	-144
59	37	0	-144
60	37	1	-104
61	37	0	-104
62	37	0	100
63	37	1	100
64	37	0	100
65	37	1	100
66	37	0	100
67	37	0	100
68	37	0	100
69	37	0	100
70	37	0	100
71	37	1	100
72	37	0	100
73	37	1	100
74	37	1	100
75	37	0	100
76	37	1	100
77	37	0	100
78	37	0	100
79	37	0	100
80	37	0	100
81	37	0	100
82	37	14	100
83	37	19	-104
84	37	19	-104
85	37	14	-104
86	37	1	-104
87	37	0	-104
88	37	0	-104
89	37	1	-104
90	37	1	-104
91	37	0	-104
92	37	1	-104
93	37	0	-104
94	37	1	100
95	37	0	100
96	37	0	100
97	37	0	100
98	37	1	100
99	37	1	100
100	37	0	100
101	37	1	100
102	37	1	100
103	37	0	100
104	37	1	100
105	37	0	100
106	37	0	100
107	37	1	100
108	37	1	100
109	37	0	100
110	37	0	100
111	37	0	100
112	37	1	100
113	37	0	100
114	37	0	100
115	37	0	100
116	37	0	100
117	37	115	100
118	37	108	100
119	37	97	100
120	37	98	-104
121	37	162	-104
122	37	130	-104
123	37	128	100
124	37	131	100
125	37	126	100
126	37	132	100
127	37	104	100
128	37	104	0
0	38	104	0
1	38	182	100
2	38	184	100
3	38	185	100
4	38	130	100
5	38	128	100
6	38	154	100
7	38	180	100
8	38	130	100
9	38	129	100
10	38	129	100
11	38	131	100
12	38	126	100
13	38	126	100
14	38	126	100
15	38	126	100
16	38	126	100
17	38	186	100
18	38	187	100
19	38	188	100
20	38	189	100
21	38	120	100
22	38	141	100
23	38	93	100
24	38	1	100
25	38	1	100
26	38	0	100
27	38	0	-104
28	38	1	-104
29	38	1	-104
30	38	0	-104
31	38	0	-104
32	38	1	-144
33	38	0	-144
34	38	1	-44
35	38	0	-44
36	38	0	-44
37	38	1	-44
38	38	1	-44
39	38	0	-44
40	38	1	-144
41	38	1	-144
42	38	1	-144
43	38	1	-144
44	38	1	-144
45	38	1	-144
46	38	0	-144
47	38	0	-144
48	38	0	-144
49	38	1	-144
50	38	1	-44
51	38	0	-44
52	38	0	-44
53	38	1	-44
54	38	1	-44
55	38	0	-144
56	38	1	-144
57	38	0	-144
58	38	1	-144
59	38	1	-144
60	38	1	-104
61	38	1	-104
62	38	0	100
63	38	1	100
64	38	0	100
65	38	1	100
66	38	0	100
67	38	0	100
68	38	0	100
69	38	0	100
70	38	1	100
71	38	1	100
72	38	0	100
73	38	1	100
74	38	1	100
75	38	0	100
76	38	0	100
77	38	0	100
78	38	1	100
79	38	1	100
80	38	0	100
81	38	14	100
82	38	19	100
83	38	19	-104
84	38	14	-104
85	38	1	-104
86	38	1	-104
87	38	1	-104
88	38	1	-104
89	38	0	-104
90	38	1	-104
91	38	1	-104
92	38	0	-104
93	38	0	-104
94	38	1	100
95	38	1	100
96	38	0	100
97	38	0	100
98	38	1	100
99	38	1	100
100	38	1	100
101	38	0	100
102	38	0	100
103	38	1	100
104	38	1	100
105	38	0	100
106	38	1	100
107	38	1	100
108	38	1	100
109	38	0	100
110	38	0	100
111	38	0	100
112	38	0	100
113	38	1	100
114	38	1	100
115	38	0	100
116	38	95	100
117	38	98	100
118	38	97	100
119	38	96	100
120	38	162	-104
121	38	129	-104
122	38	130	-104
123	38	129	100
124	38	190	100
125	38	191	100
126	38	192	100
127	38	192	100
128	38	192	0
0	39	193	0
1	39	158	100
2	39	130	100
3	39	128	100
4	39	128	100
5	39	130	100
6	39	129	100
7	39	128	100
8	39	120	100
9	39	129	100
10	39	120	100
11	39	128	100
12	39	130	100
13	39	128	100
14	39	129	100
15	39	130	100
16	39	120	100
17	39	145	100
18	39	148	100
19	39	161	100
20	39	129	100
21	39	141	100
22	39	92	100
23	39	1	100
24	39	1	100
25	39	0	100
26	39	0	100
27	39	1	-104
28	39	1	-104
29	39	1	-104
30	39	0	-104
31	39	0	-104
32	39	0	-144
33	39	0	-144
34	39	1	-44
35	39	1	-44
36	39	1	-44
37	39	1	-44
38	39	0	-44
39	39	1	-44
40	39	0	-144
41	39	1	-144
42	39	1	-144
43	39	0	-144
44	39	0	-144
45	39	0	-144
46	39	0	-144
47	39	0	-144
48	39	1	-144
49	39	1	-144
50	39	0	-44
51	39	0	-44
52	39	1	-44
53	39	1	-44
54	39	0	-44
55	39	1	-144
56	39	0	-144
57	39	1	-144
58	39	0	-144
59	39	1	-144
60	39	1	-104
61	39	1	-104
62	39	1	100
63	39	1	100
64	39	0	100
65	39	1	100
66	39	0	100
67	39	0	100
68	39	0	100
69	39	1	100
70	39	0	100
71	39	0	100
72	39	0	100
73	39	1	100
74	39	0	100
75	39	0	100
76	39	0	100
77	39	1	100
78	39	0	100
79	39	0	100
80	39	14	100
81	39	19	100
82	39	19	100
83	39	14	-104
84	39	1	-104
85	39	0	-104
86	39	1	-104
87	39	0	-104
88	39	0	-104
89	39	1	-104
90	39	0	-104
91	39	0	-104
92	39	1	-104
93	39	0	-104
94	39	1	100
95	39	1	100
96	39	1	100
97	39	1	100
98	39	1	100
99	39	0	100
100	39	0	100
101	39	1	100
102	39	1	100
103	39	1	100
104	39	1	100
105	39	1	100
106	39	0	100
107	39	1	100
108	39	1	100
109	39	1	100
110	39	1	100
111	39	1	100
112	39	0	100
113	39	0	100
114	39	0	100
115	39	92	100
116	39	98	100
117	39	98	100
118	39	98	100
119	39	162	100
120	39	129	-104
121	39	120	-104
122	39	138	-104
123	39	194	100
124	39	157	100
125	39	166	100
126	39	166	100
127	39	157	100
128	39	184	0
0	40	185	0
1	40	129	100
2	40	120	100
3	40	170	100
4	40	171	100
5	40	171	100
6	40	195	100
7	40	129	100
8	40	120	100
9	40	190	100
10	40	196	100
11	40	139	100
12	40	140	100
13	40	129	100
14	40	129	100
15	40	138	100
16	40	197	100
17	40	147	100
18	40	161	100
19	40	129	100
20	40	198	100
21	40	84	100
22	40	0	100
23	40	0	100
24	40	0	100
25	40	1	100
26	40	0	100
27	40	1	-104
28	40	0	-104
29	40	1	-104
30	40	0	-104
31	40	1	-104
32	40	1	-144
33	40	0	-144
34	40	0	-144
35	40	0	-144
36	40	0	-144
37	40	0	-144
38	40	0	-144
39	40	0	-144
40	40	1	-144
41	40	1	-144
42	40	1	-144
43	40	0	-144
44	40	1	-144
45	40	1	-144
46	40	0	-144
47	40	1	-144
48	40	0	-144
49	40	1	-144
50	40	0	-144
51	40	1	-144
52	40	0	-144
53	40	0	-144
54	40	0	-144
55	40	1	-144
56	40	1	-144
57	40	1	-144
58	40	0	-144
59	40	1	-144
60	40	0	-104
61	40	0	-104
62	40	1	100
63	40	0	100
64	40	0	100
65	40	1	100
66	40	1	100
67	40	0	100
68	40	1	100
69	40	1	100
70	40	1	100
71	40	0	100
72	40	1	100
73	40	0	100
74	40	1	100
75	40	0	100
76	40	0	100
77	40	0	100
78	40	0	100
79	40	14	100
80	40	19	100
81	40	19	100
82	40	14	100
83	40	0	-104
84	40	0	-104
85	40	0	-104
86	40	1	-104
87	40	1	-104
88	40	1	-104
89	40	0	-104
90	40	0	-104
91	40	1	-104
92	40	1	-104
93	40	1	-104
94	40	0	100
95	40	0	100
96	40	0	100
97	40	1	100
98	40	0	100
99	40	0	100
100	40	1	100
101	40	1	100
102	40	1	100
103	40	0	100
104	40	0	100
105	40	1	100
106	40	1	100
107	40	1	100
108	40	1	100
109	40	0	100
110	40	0	100
111	40	0	100
112	40	1	100
113	40	1	100
114	40	84	100
115	40	199	100
116	40	97	100
117	40	97	100
118	40	162	100
119	40	120	100
120	40	128	-104
121	40	154	-104
122	40	200	-104
123	40	201	100
124	40	201	100
125	40	202	100
126	40	203	100
127	40	158	100
128	40	130	0
0	41	130	0
1	41	130	100
2	41	175	100
3	41	104	100
4	41	104	100
5	41	119	100
6	41	129	100
7	41	120	100
8	41	204	100
9	41	205	100
10	41	173	100
11	41	174	100
12	41	128	100
13	41	129	100
14	41	154	100
15	41	206	100
16	41	155	100
17	41	161	100
18	41	120	100
19	41	207	100
20	41	90	100
21	41	0	100
22	41	1	100
23	41	0	100
24	41	0	100
25	41	0	100
26	41	0	100
27	41	0	-104
28	41	0	-104
29	41	1	-104
30	41	1	-104
31	41	0	-104
32	41	0	-144
33	41	0	-144
34	41	0	-144
35	41	1	-144
36	41	1	-144
37	41	0	-144
38	41	1	-144
39	41	0	-144
40	41	0	-144
41	41	0	-144
42	41	1	-144
43	41	0	-144
44	41	1	-144
45	41	0	-144
46	41	0	-144
47	41	0	-144
48	41	0	-144
49	41	1	-144
50	41	0	-144
51	41	1	-144
52	41	1	-144
53	41	1	-144
54	41	1	-144
55	41	1	-144
56	41	0	-144
57	41	1	-144
58	41	0	-144
59	41	1	-144
60	41	0	-104
61	41	0	-104
62	41	0	100
63	41	1	100
64	41	0	100
65	41	0	100
66	41	1	100
67	41	1	100
68	41	0	100
69	41	0	100
70	41	1	100
71	41	1	100
72	41	0	100
73	41	1	100
74	41	1	100
75	41	0	100
76	41	0	100
77	41	0	100
78	41	14	100
79	41	19	100
80	41	19	100
81	41	14	100
82	41	0	100
83	41	1	-104
84	41	0	-104
85	41	0	-104
86	41	0	-104
87	41	0	-104
88	41	1	-104
89	41	1	-104
90	41	0	-104
91	41	1	-104
92	41	0	-104
93	41	0	-104
94	41	0	100
95	41	0	100
96	41	1	100
97	41	0	100
98	41	0	100
99	41	0	100
100	41	1	100
101	41	1	100
102	41	1	100
103	41	1	100
104	41	0	100
105	41	0	100
106	41	0	100
107	41	0	100
108	41	0	100
109	41	0	100
110	41	1	100
111	41	1	100
112	41	0	100
113	41	136	100
114	41	152	100
115	41	98	100
116	41	97	100
117	41	162	100
118	41	120	100
119	41	129	100
120	41	129	-104
121	41	130	-104
122	41	128	-104
123	41	130	100
124	41	208	100
125	41	209	100
126	41	185	100
127	41	128	100
128	41	128	0
0	42	130	0
1	42	131	100
2	42	132	100
3	42	118	100
4	42	119	100
5	42	129	100
6	42	130	100
7	42	204	100
8	42	166	100
9	42	166	100
10	42	167	100
11	42	150	100
12	42	151	100
13	42	129	100
14	42	130	100
15	42	145	100
16	42	161	100
17	42	130	100
18	42	207	100
19	42	101	100
20	42	1	100
21	42	0	100
22	42	1	100
23	42	1	100
24	42	1	100
25	42	0	100
26	42	0	100
27	42	1	-104
28	42	0	-104
29	42	0	-104
30	42	1	-104
31	42	1	-104
32	42	0	-144
33	42	0	-144
34	42	0	-144
35	42	1	-144
36	42	1	-144
37	42	0	-144
38	42	0	-144
39	42	0	-144
40	42	0	-144
41	42	1	-144
42	42	1	-144
43	42	1	-144
44	42	1	-44
45	42	0	-44
46	42	1	-44
47	42	1	-44
48	42	0	-144
49	42	0	-144
50	42	1	-144
51	42	0	-144
52	42	1	-144
53	42	0	-144
54	42	1	-144
55	42	1	-144
56	42	0	-144
57	42	1	-144
58	42	1	-144
59	42	1	-144
60	42	0	-104
61	42	0	-104
62	42	0	100
63	42	0	100
64	42	1	100
65	42	1	100
66	42	1	100
67	42	1	100
68	42	1	100
69	42	0	100
70	42	1	100
71	42	1	100
72	42	1	100
73	42	1	100
74	42	0	100
75	42	0	100
76	42	14	100
77	42	14	100
78	42	19	100
79	42	19	100
80	42	14	100
81	42	14	100
82	42	1	100
83	42	0	-104
84	42	1	-104
85	42	1	-104
86	42	0	-104
87	42	0	-104
88	42	0	-104
89	42	0	-104
90	42	0	-104
91	42	0	-104
92	42	1	-104
93	42	1	-104
94	42	1	100
95	42	0	100
96	42	1	100
97	42	0	100
98	42	1	100
99	42	1	100
100	42	1	100
101	42	0	100
102	42	0	100
103	42	1	100
104	42	0	100
105	42	1	100
106	42	1	100
107	42	0	100
108	42	0	100
109	42	1	100
110	42	0	100
111	42	0	100
112	42	90	100
113	42	152	100
114	42	97	100
115	42	96	100
116	42	162	100
117	42	128	100
118	42	190	100
119	42	150	100
120	42	150	-104
121	42	151	-104
122	42	128	-104
123	42	120	100
124	42	130	100
125	42	120	100
126	42	129	100
127	42	120	100
128	42	130	0
0	43	120	0
1	43	131	100
2	43	126	100
3	43	127	100
4	43	130	100
5	43	130	100
6	43	204	100
7	43	157	100
8	43	157	100
9	43	183	100
10	43	183	100
11	43	158	100
12	43	120	100
13	43	120	100
14	43	145	100
15	43	161	100
16	43	129	100
17	43	207	100
18	43	90	100
19	43	1	100
20	43	1	100
21	43	1	100
22	43	0	100
23	43	0	100
24	43	1	100
25	43	1	100
26	43	0	100
27	43	1	-104
28	43	1	-104
29	43	0	-104
30	43	0	-104
31	43	0	-104
32	43	1	-144
33	43	1	-144
34	43	0	-144
35	43	1	-144
36	43	1	-144
37	43	1	-144
38	43	0	-144
39	43	1	-144
40	43	1	-144
41	43	1	-144
42	43	0	-144
43	43	0	-144
44	43	1	-44
45	43	1	-44
46	43	0	-44
47	43	1	-44
48	43	0	-144
49	43	0	-144
50	43	1	-144
51	43	0	-144
52	43	0	-144
53	43	1	-144
54	43	0	-144
55	43	0	-144
56	43	0	-144
57	43	1	-144
58	43	0	-144
59	43	1	-144
60	43	1	-104
61	43	0	-104
62	43	1	100
63	43	0	100
64	43	1	100
65	43	1	100
66	43	1	100
67	43	0	100
68	43	1	100
69	43	0	100
70	43	1	100
71	43	0	100
72	43	0	100
73	43	1	100
74	43	1	100
75	43	14	100
76	43	19	100
77	43	19	100
78	43	19	100
79	43	19	100
80	43	14	100
81	43	1	100
82	43	1	100
83	43	0	-104
84	43	1	-104
85	43	1	-104
86	43	0	-104
87	43	1	-104
88	43	1	-104
89	43	0	-104
90	43	0	-104
91	43	1	-104
92	43	1	-104
93	43	0	-104
94	43	1	100
95	43	1	100
96	43	0	100
97	43	0	100
98	43	0	100
99	43	1	100
100	43	1	100
101	43	0	100
102	43	0	100
103	43	1	100
104	43	0	100
105	43	1	100
106	43	0	100
107	43	1	100
108	43	0	100
109	43	1	100
110	43	0	100
111	43	101	100
112	43	152	100
113	43	97	100
114	43	210	100
115	43	211	100
116	43	129	100
117	43	204	100
118	43	166	100
119	43	157	-104
120	43	158	-104
121	43	129	-104
122	43	130	-104
123	43	130	-104
124	43	120	100
125	43	129	100
126	43	130	100
127	43	120	100
128	43	130	0
0	44	120	0
1	44	130	100
2	44	128	100
3	44	129	100
4	44	120	100
5	44	204	100
6	44	183	100
7	44	183	100
8	44	157	100
9	44	157	100
10	44	167	100
11	44	150	100
12	44	196	100
13	44	197	100
14	44	161	100
15	44	129	100
16	44	212	100
17	44	115	100
18	44	1	100
19	44	0	100
20	44	0	100
21	44	0	100
22	44	1	100
23	44	0	100
24	44	1	100
25	44	0	100
26	44	1	100
27	44	1	-104
28	44	1	-104
29	44	0	-104
30	44	1	-104
31	44	0	-104
32	44	0	-144
33	44	1	-144
34	44	0	-144
35	44	0	-144
36	44	0	-144
37	44	1	-144
38	44	0	-144
39	44	0	-144
40	44	0	-144
41	44	0	-144
42	44	1	-144
43	44	0	-144
44	44	1	-144
45	44	1	-144
46	44	0	-144
47	44	1	-144
48	44	1	-144
49	44	0	-144
50	44	1	-144
51	44	1	-144
52	44	0	-144
53	44	0	-144
54	44	0	-144
55	44	0	-144
56	44	0	-144
57	44	1	-144
58	44	0	-144
59	44	0	-144
60	44	1	-104
61	44	0	-104
62	44	0	100
63	44	0	100
64	44	0	100
65	44	1	100
66	44	0	100
67	44	0	100
68	44	1	100
69	44	0	100
70	44	0	100
71	44	0	100
72	44	1	100
73	44	1	100
74	44	14	100
75	44	213	100
76	44	213	100
77	44	214	100
78	44	14	100
79	44	14	100
80	44	1	100
81	44	1	100
82	44	1	100
83	44	0	-104
84	44	0	-104
85	44	1	-104
86	44	0	-104
87	44	0	-104
88	44	0	-104
89	44	1	-104
90	44	1	-104
91	44	1	-104
92	44	0	-104
93	44	0	-104
94	44	1	100
95	44	1	100
96	44	0	100
97	44	0	100
98	44	0	100
99	44	0	100
100	44	0	100
101	44	0	100
102	44	0	100
103	44	1	100
104	44	0	100
105	44	0	100
106	44	0	100
107	44	0	100
108	44	1	100
109	44	1	100
110	44	86	100
111	44	215	100
112	44	216	100
113	44	217	100
114	44	129	100
115	44	128	100
116	44	204	100
117	44	183	100
118	44	184	100
119	44	185	-104
120	44	129	-104
121	44	130	-104
122	44	129	-104
123	44	129	-104
124	44	129	100
125	44	130	100
126	44	138	100
127	44	139	100
128	44	140	0
0	45	130	0
1	45	130	100
2	45	120	100
3	45	120	100
4	45	168	100
5	45	201	100
6	45	218	100
7	45	157	100
8	45	166	100
9	45	157	100
10	45	157	100
11	45	219	100
12	45	179	100
13	45	180	100
14	45	130	100
15	45	198	100
16	45	84	100
17	45	1	100
18	45	0	100
19	45	0	100
20	45	1	100
21	45	1	100
22	45	1	100
23	45	0	100
24	45	1	100
25	45	0	100
26	45	220	100
27	45	221	-104
28	45	220	-104
29	45	220	-104
30	45	221	-104
31	45	220	-104
32	45	222	-144
33	45	220	-144
34	45	222	-144
35	45	220	-144
36	45	220	-144
37	45	220	-144
38	45	223	-144
39	45	223	-144
40	45	224	-144
41	45	225	-144
42	45	225	-144
43	45	224	-144
44	45	224	-144
45	45	226	-144
46	45	225	-144
47	45	223	-144
48	45	222	-144
49	45	220	-144
50	45	222	-144
51	45	222	-144
52	45	220	-144
53	45	221	-144
54	45	220	-144
55	45	220	-144
56	45	221	-144
57	45	220	-144
58	45	221	-144
59	45	220	-144
60	45	220	-104
61	45	0	-104
62	45	1	100
63	45	1	100
64	45	0	100
65	45	1	100
66	45	1	100
67	45	0	100
68	45	0	100
69	45	0	100
70	45	0	100
71	45	0	100
72	45	1	100
73	45	14	100
74	45	14	100
75	45	214	100
76	45	227	100
77	45	227	100
78	45	14	100
79	45	1	100
80	45	0	100
81	45	0	100
82	45	1	100
83	45	1	-104
84	45	0	-104
85	45	1	-104
86	45	1	-104
87	45	1	-104
88	45	0	-104
89	45	0	-104
90	45	0	-104
91	45	0	-104
92	45	1	-104
93	45	1	-104
94	45	1	100
95	45	0	100
96	45	1	100
97	45	1	100
98	45	1	100
99	45	0	100
100	45	1	100
101	45	0	100
102	45	0	100
103	45	0	100
104	45	1	100
105	45	1	100
106	45	1	100
107	45	1	100
108	45	1	100
109	45	228	100
110	45	104	100
111	45	118	100
112	45	119	100
113	45	130	100
114	45	129	100
115	45	168	100
116	45	201	100
117	45	185	100
118	45	130	100
119	45	129	-104
120	45	130	-44
121	45	129	-44
122	45	130	-44
123	45	120	-104
124	45	170	100
125	45	229	100
126	45	206	100
127	45	180	100
128	45	120	0
0	46	120	0
1	46	130	100
2	46	129	100
3	46	120	100
4	46	129	100
5	46	168	100
6	46	201	100
7	46	201	100
8	46	187	100
9	46	230	100
10	46	231	100
11	46	180	100
12	46	129	100
13	46	120	100
14	46	207	100
15	46	90	100
16	46	1	100
17	46	0	100
18	46	0	100
19	46	0	100
20	46	1	100
21	46	0	100
22	46	0	100
23	46	0	100
24	46	0	100
25	46	220	100
26	46	223	100
27	46	224	-104
28	46	224	-104
29	46	226	-104
30	46	225	-104
31	46	226	-104
32	46	225	-144
33	46	225	-144
34	46	225	-144
35	46	223	-144
36	46	223	-144
37	46	224	-144
38	46	223	-144
39	46	223	-144
40	46	223	-144
41	46	226	-144
42	46	223	-144
43	46	226	-144
44	46	226	-144
45	46	224	-144
46	46	224	-144
47	46	224	-144
48	46	224	-144
49	46	226	-144
50	46	223	-144
51	46	223	-144
52	46	232	-144
53	46	233	-144
54	46	233	-144
55	46	233	-144
56	46	233	-144
57	46	233	-144
58	46	233	-144
59	46	220	-144
60	46	0	-104
61	46	0	-104
62	46	1	100
63	46	0	100
64	46	1	100
65	46	1	100
66	46	1	100
67	46	1	100
68	46	0	100
69	46	1	100
70	46	0	100
71	46	1	100
72	46	14	-104
73	46	14	-104
74	46	214	-104
75	46	227	-104
76	46	227	-104
77	46	14	-104
78	46	0	-104
79	46	0	-104
80	46	1	-104
81	46	0	-104
82	46	0	-104
83	46	0	-104
84	46	0	-104
85	46	1	-104
86	46	0	-104
87	46	0	-104
88	46	1	-104
89	46	0	-104
90	46	0	-104
91	46	0	-104
92	46	0	-104
93	46	1	-104
94	46	1	-104
95	46	1	-104
96	46	1	-104
97	46	1	-104
98	46	1	-104
99	46	0	-104
100	46	1	-104
101	46	0	-104
102	46	1	-104
103	46	1	-104
104	46	0	-104
105	46	1	-104
106	46	0	100
107	46	0	100
108	46	234	100
109	46	124	100
110	46	124	100
111	46	119	100
112	46	128	100
113	46	128	100
114	46	128	100
115	46	129	100
116	46	120	100
117	46	120	100
118	46	170	100
119	46	171	-104
120	46	171	-44
121	46	171	-44
122	46	171	-44
123	46	181	-104
124	46	119	100
125	46	130	100
126	46	120	100
127	46	129	100
128	46	129	0
0	47	138	0
1	47	139	100
2	47	140	100
3	47	130	100
4	47	128	100
5	47	129	100
6	47	138	100
7	47	197	100
8	47	161	100
9	47	128	100
10	47	129	100
11	47	129	100
12	47	130	100
13	47	212	100
14	47	115	100
15	47	1	100
16	47	1	100
17	47	1	100
18	47	0	100
19	47	0	100
20	47	0	100
21	47	1	100
22	47	1	100
23	47	0	100
24	47	220	100
25	47	224	100
26	47	226	100
27	47	223	-104
28	47	226	-44
29	47	224	-44
30	47	225	-104
31	47	225	-104
32	47	226	-144
33	47	225	-144
34	47	223	-144
35	47	223	-144
36	47	226	-144
37	47	226	-144
38	47	224	-144
39	47	224	-144
40	47	226	-144
41	47	224	-144
42	47	226	-144
43	47	226	-144
44	47	226	-144
45	47	223	-144
46	47	226	-144
47	47	223	-144
48	47	223	-144
49	47	223	-144
50	47	225	-144
51	47	235	-144
52	47	232	-144
53	47	233	-144
54	47	233	-144
55	47	233	-144
56	47	233	-144
57	47	233	-144
58	47	220	-144
59	47	0	-144
60	47	0	-104
61	47	1	-104
62	47	1	100
63	47	0	100
64	47	0	100
65	47	1	100
66	47	1	100
67	47	1	100
68	47	1	100
69	47	0	100
70	47	0	100
71	47	14	100
72	47	14	-104
73	47	19	-104
74	47	19	-104
75	47	14	-104
76	47	14	-104
77	47	0	-104
78	47	1	-104
79	47	1	-104
80	47	1	-104
81	47	0	-104
82	47	1	-104
83	47	0	-104
84	47	1	-104
85	47	0	-104
86	47	0	-104
87	47	1	-104
88	47	0	-104
89	47	0	-104
90	47	1	-104
91	47	0	-104
92	47	1	-104
93	47	1	-104
94	47	0	-104
95	47	1	-104
96	47	0	-104
97	47	0	-104
98	47	0	-104
99	47	1	-104
100	47	0	-104
101	47	1	-104
102	47	1	-104
103	47	0	-104
104	47	0	-104
105	47	0	-104
106	47	0	100
107	47	236	100
108	47	104	100
109	47	104	100
110	47	119	100
111	47	130	100
112	47	130	100
113	47	128	100
114	47	130	100
115	47	130	100
116	47	128	100
117	47	175	100
118	47	104	100
119	47	104	-104
120	47	124	-104
121	47	118	-104
122	47	124	-104
123	47	119	-104
124	47	120	100
125	47	128	100
126	47	130	100
127	47	128	100
128	47	154	0
0	48	206	0
1	48	180	100
2	48	130	100
3	48	120	100
4	48	120	100
5	48	154	100
6	48	206	100
7	48	237	100
8	48	171	100
9	48	171	100
10	48	171	100
11	48	238	100
12	48	239	100
13	48	84	100
14	48	1	100
15	48	0	100
16	48	1	100
17	48	0	100
18	48	1	100
19	48	1	100
20	48	0	100
21	48	0	100
22	48	1	100
23	48	220	100
24	48	223	100
25	48	226	100
26	48	224	100
27	48	226	-104
28	48	226	-43.358006
29	48	224	-44
30	48	225	-104
31	48	225	-104
32	48	226	-104
33	48	224	-104
34	48	224	-104
35	48	224	-104
36	48	223	-104
37	48	226	-104
38	48	224	-44
39	48	224	-44
40	48	226	-44
41	48	226	-44
42	48	226	-44
43	48	224	-144
44	48	225	-144
45	48	223	-144
46	48	226	-144
47	48	224	-144
48	48	223	-144
49	48	225	-144
50	48	223	-144
51	48	240	-144
52	48	233	-144
53	48	233	-144
54	48	233	-144
55	48	233	-144
56	48	233	-144
57	48	222	-104
58	48	1	-104
59	48	1	-104
60	48	0	-104
61	48	1	-104
62	48	0	100
63	48	1	100
64	48	0	100
65	48	0	100
66	48	0	100
67	48	1	100
68	48	1	100
69	48	0	100
70	48	0	100
71	48	14	100
72	48	19	-104
73	48	19	-104
74	48	14	-104
75	48	1	-104
76	48	0	-104
77	48	0	-104
78	48	1	-104
79	48	0	-104
80	48	1	-104
81	48	1	-104
82	48	1	-104
83	48	1	-104
84	48	1	-104
85	48	0	-104
86	48	0	-104
87	48	0	-104
88	48	1	-104
89	48	0	-104
90	48	1	-104
91	48	0	-104
92	48	1	-104
93	48	0	-104
94	48	1	-104
95	48	1	-104
96	48	1	-104
97	48	0	-104
98	48	1	-104
99	48	1	-104
100	48	1	-104
101	48	0	-104
102	48	1	-104
103	48	0	-104
104	48	1	-104
105	48	0	-104
106	48	241	100
107	48	118	100
108	48	104	100
109	48	119	100
110	48	129	100
111	48	130	100
112	48	128	100
113	48	128	100
114	48	120	100
115	48	130	100
116	48	131	100
117	48	126	100
118	48	126	100
119	48	126	100
120	48	126	-92
121	48	126	-104
122	48	127	-104
123	48	129	100
124	48	128	100
125	48	129	100
126	48	128	100
127	48	129	100
128	48	128	0
0	49	120	0
1	49	129	100
2	49	128	100
3	49	128	100
4	49	130	100
5	49	130	100
6	49	175	100
7	49	118	100
8	49	124	100
9	49	118	100
10	49	113	100
11	49	89	100
12	49	136	100
13	49	1	100
14	49	1	100
15	49	0	100
16	49	0	100
17	49	1	100
18	49	0	100
19	49	1	100
20	49	0	100
21	49	0	100
22	49	220	100
23	49	223	100
24	49	224	100
25	49	223	100
26	49	223	100
27	49	242	-104
28	49	242	-44
29	49	242	-44
30	49	242	-104
31	49	242	-104
32	49	242	-104
33	49	242	-104
34	49	242	-104
35	49	243	-104
36	49	225	-104
37	49	224	-104
38	49	225	-44
39	49	224	-44
40	49	226	-44
41	49	223	-44
42	49	224	-44
43	49	223	-144
44	49	223	-144
45	49	223	-144
46	49	244	-144
47	49	245	-144
48	49	245	-144
49	49	246	-144
50	49	240	-144
51	49	233	-144
52	49	233	-144
53	49	233	-144
54	49	233	-144
55	49	233	-144
56	49	220	-144
57	49	1	-44
58	49	0	-44
59	49	1	-104
60	49	1	-104
61	49	1	-104
62	49	1	100
63	49	1	100
64	49	1	100
65	49	0	100
66	49	0	100
67	49	1	100
68	49	0	100
69	49	1	100
70	49	14	100
71	49	19	100
72	49	19	-104
73	49	14	-104
74	49	1	-104
75	49	0	-104
76	49	1	-104
77	49	0	-104
78	49	0	-104
79	49	1	-104
80	49	1	-104
81	49	1	-104
82	49	0	-104
83	49	1	-104
84	49	1	-104
85	49	1	-104
86	49	1	-104
87	49	0	-104
88	49	1	-104
89	49	0	-104
90	49	0	-104
91	49	0	-104
92	49	1	-104
93	49	0	-104
94	49	1	-104
95	49	1	-104
96	49	1	-104
97	49	0	-104
98	49	0	-104
99	49	1	-104
100	49	0	-104
101	49	0	-104
102	49	0	-104
103	49	0	-104
104	49	1	-104
105	49	228	-104
106	49	124	100
107	49	104	100
108	49	247	100
109	49	171	100
110	49	171	100
111	49	171	100
112	49	171	100
113	49	195	100
114	49	130	100
115	49	129	100
116	49	129	100
117	49	130	100
118	49	128	100
119	49	129	100
120	49	130	-104
121	49	130	-104
122	49	129	-104
123	49	130	100
124	49	130	100
125	49	248	100
126	49	143	100
127	49	143	100
128	49	143	0
0	50	143	0
1	50	143	100
2	50	143	100
3	50	143	100
4	50	143	100
5	50	249	100
6	50	118	100
7	50	124	100
8	50	124	100
9	50	113	100
10	50	89	100
11	50	136	100
12	50	0	100
13	50	0	100
14	50	1	100
15	50	0	100
16	50	1	100
17	50	0	100
18	50	0	100
19	50	0	100
20	50	1	100
21	50	220	100
22	50	223	100
23	50	226	100
24	50	224	100
25	50	223	100
26	50	233	100
27	50	220	-104
28	50	220	-44
29	50	220	-44
30	50	250	-104
31	50	220	-104
32	50	220	-104
33	50	220	-104
34	50	251	-104
35	50	224	-104
36	50	223	-104
37	50	224	-104
38	50	252	-104
39	50	253	-104
40	50	253	-104
41	50	250	-104
42	50	254	-104
43	50	224	-104
44	50	244	-104
45	50	255	-104
46	50	256	-104
47	50	256	-104
48	50	257	-104
49	50	258	-104
50	50	233	-104
51	50	233	-104
52	50	233	-104
53	50	233	-104
54	50	233	-104
55	50	220	-104
56	50	0	-104
57	50	0	-44
58	50	1	-44
59	50	0	-104
60	50	0	-104
61	50	0	-104
62	50	0	100
63	50	1	100
64	50	0	100
65	50	1	100
66	50	1	100
67	50	0	100
68	50	0	100
69	50	14	100
70	50	19	100
71	50	19	100
72	50	14	-104
73	50	0	-104
74	50	1	-104
75	50	1	-104
76	50	0	-104
77	50	0	-104
78	50	0	-104
79	50	1	-104
80	50	1	-104
81	50	0	-104
82	50	0	-104
83	50	0	-104
84	50	1	-104
85	50	0	-104
86	50	0	-104
87	50	1	-104
88	50	0	-104
89	50	0	-104
90	50	1	-104
91	50	1	-104
92	50	1	-104
93	50	1	-104
94	50	1	-104
95	50	1	-104
96	50	0	-104
97	50	0	-104
98	50	1	-104
99	50	1	-104
100	50	0	-44
101	50	1	-44
102	50	1	-44
103	50	0	-44
104	50	234	-104
105	50	118	-104
106	50	124	100
107	50	124	100
108	50	104	100
109	50	104	100
110	50	124	100
111	50	104	100
112	50	119	100
113	50	129	100
114	50	248	100
115	50	143	100
116	50	143	100
117	50	143	100
118	50	143	100
119	50	143	100
120	50	143	-104
121	50	143	-104
122	50	143	-104
123	50	143	100
124	50	259	100
125	50	97	100
126	50	96	100
127	50	96	100
128	50	96	0
0	51	96	0
1	51	98	100
2	51	96	100
3	51	97	100
4	51	260	100
5	51	261	100
6	51	261	100
7	51	261	100
8	51	262	100
9	51	89	100
10	51	101	100
11	51	0	100
12	51	1	100
13	51	0	100
14	51	0	100
15	51	1	100
16	51	1	100
17	51	1	100
18	51	1	100
19	51	1	100
20	51	220	100
21	51	224	100
22	51	226	100
23	51	224	100
24	51	224	100
25	51	233	100
26	51	220	100
27	51	220	-104
28	51	220	-44
29	51	220	-44
30	51	220	-44
31	51	220	-44
32	51	220	-44
33	51	251	-44
34	51	224	-44
35	51	225	-104
36	51	225	-104
37	51	252	-104
38	51	253	-104
39	51	253	-104
40	51	253	-104
41	51	254	-104
42	51	223	-104
43	51	263	-104
44	51	256	-104
45	51	256	-104
46	51	264	-104
47	51	265	-104
48	51	232	-104
49	51	233	-104
50	51	233	-104
51	51	233	-104
52	51	233	-104
53	51	233	-104
54	51	220	-104
55	51	0	-104
56	51	0	-104
57	51	0	-104
58	51	1	-104
59	51	0	-104
60	51	1	-104
61	51	0	-104
62	51	0	100
63	51	0	100
64	51	0	100
65	51	0	100
66	51	1	100
67	51	1	100
68	51	14	100
69	51	19	100
70	51	19	100
71	51	14	100
72	51	0	-104
73	51	0	-104
74	51	0	-104
75	51	0	-104
76	51	1	-104
77	51	0	-104
78	51	0	-44
79	51	1	-44
80	51	0	-44
81	51	1	-44
82	51	0	-44
83	51	1	-44
84	51	0	-104
85	51	1	-104
86	51	1	-104
87	51	0	-104
88	51	1	-104
89	51	1	-44
90	51	0	-44
91	51	0	-44
92	51	0	-44
93	51	0	-104
94	51	1	-104
95	51	0	-104
96	51	1	-104
97	51	1	-104
98	51	0	-104
99	51	1	-104
100	51	1	-44
101	51	0	-44
102	51	0	-44
103	51	236	-44
104	51	104	-104
105	51	118	-104
106	51	104	100
107	51	104	100
108	51	104	100
109	51	124	100
110	51	118	100
111	51	247	100
112	51	238	100
113	51	259	100
114	51	98	100
115	51	98	100
116	51	97	100
117	51	96	100
118	51	96	100
119	51	97	100
120	51	98	-104
121	51	97	-104
122	51	97	-104
123	51	97	100
124	51	97	100
125	51	97	100
126	51	97	100
127	51	266	100
128	51	267	0
0	52	267	0
1	52	267	100
2	52	267	100
3	52	267	100
4	52	199	100
5	52	96	100
6	52	96	100
7	52	97	100
8	52	89	100
9	52	136	100
10	52	1	100
11	52	0	100
12	52	0	100
13	52	0	100
14	52	1	100
15	52	1	100
16	52	1	100
17	52	0	100
18	52	1	100
19	52	268	100
20	52	226	100
21	52	225	100
22	52	223	100
23	52	226	100
24	52	233	100
25	52	220	100
26	52	269	100
27	52	269	-104
28	52	269	-44
29	52	269	-44
30	52	269	-44
31	52	233	-44
32	52	251	-44
33	52	223	-44
34	52	226	-44
35	52	225	-104
36	52	270	-104
37	52	271	-104
38	52	271	-104
39	52	271	-104
40	52	272	-104
41	52	244	-104
42	52	255	-104
43	52	273	-104
44	52	264	-104
45	52	274	-104
46	52	226	-104
47	52	235	-104
48	52	275	-104
49	52	275	-104
50	52	275	-104
51	52	232	-104
52	52	233	-104
53	52	220	-104
54	52	0	-104
55	52	1	-104
56	52	0	-104
57	52	1	-104
58	52	0	-104
59	52	1	-104
60	52	1	-104
61	52	0	-104
62	52	1	100
63	52	0	100
64	52	0	100
65	52	0	100
66	52	1	100
67	52	14	100
68	52	19	100
69	52	19	100
70	52	14	100
71	52	0	100
72	52	0	-104
73	52	0	-104
74	52	1	-104
75	52	0	-104
76	52	1	-104
77	52	1	-104
78	52	1	-44
79	52	0	-44
80	52	0	-44
81	52	0	-44
82	52	0	-44
83	52	1	-44
84	52	0	-104
85	52	0	-104
86	52	1	-104
87	52	1	-104
88	52	1	-104
89	52	0	-44
90	52	1	-44
91	52	1	-44
92	52	1	-44
93	52	1	-104
94	52	1	-104
95	52	1	-104
96	52	0	-104
97	52	0	-104
98	52	1	-104
99	52	1	-104
100	52	0	-104
101	52	1	-104
102	52	236	-104
103	52	124	-104
104	52	104	-104
105	52	276	-104
106	52	277	100
107	52	278	100
108	52	279	100
109	52	280	100
110	52	277	100
111	52	281	100
112	52	92	100
113	52	95	100
114	52	92	100
115	52	130	100
116	52	129	100
117	52	120	100
118	52	130	100
119	52	130	100
120	52	130	-104
121	52	129	-104
122	52	128	-104
123	52	128	100
124	52	130	100
125	52	95	100
126	52	94	100
127	52	90	100
128	52	136	0
0	53	101	0
1	53	136	100
2	53	90	100
3	53	91	100
4	53	95	100
5	53	93	100
6	53	92	100
7	53	282	100
8	53	115	100
9	53	1	100
10	53	1	100
11	53	1	100
12	53	0	100
13	53	1	100
14	53	0	100
15	53	1	100
16	53	0	100
17	53	1	100
18	53	283	100
19	53	224	100
20	53	225	100
21	53	224	100
22	53	225	100
23	53	284	100
24	53	285	100
25	53	285	100
26	53	286	100
27	53	275	-104
28	53	275	-104
29	53	275	-104
30	53	275	-104
31	53	287	-104
32	53	224	-104
33	53	224	-104
34	53	223	-104
35	53	225	-104
36	53	224	-104
37	53	223	-104
38	53	226	-104
39	53	244	-104
40	53	255	-104
41	53	256	-104
42	53	288	-104
43	53	289	-104
44	53	223	-104
45	53	226	-104
46	53	223	-104
47	53	224	-104
48	53	224	-104
49	53	225	-104
50	53	224	-104
51	53	225	-104
52	53	221	-104
53	53	1	-104
54	53	1	-104
55	53	0	-104
56	53	0	-104
57	53	0	-104
58	53	0	-104
59	53	1	-104
60	53	0	-104
61	53	0	-104
62	53	1	100
63	53	1	100
64	53	0	100
65	53	0	100
66	53	14	100
67	53	19	100
68	53	19	100
69	53	14	100
70	53	0	100
71	53	1	100
72	53	1	-104
73	53	1	-104
74	53	1	-104
75	53	1	-104
76	53	0	-104
77	53	0	-104
78	53	0	-104
79	53	1	-104
80	53	1	-104
81	53	1	-104
82	53	0	-104
83	53	0	-104
84	53	0	-104
85	53	0	-104
86	53	1	-104
87	53	1	-104
88	53	0	-104
89	53	1	-104
90	53	0	-104
91	53	1	-104
92	53	0	-104
93	53	1	-104
94	53	0	-104
95	53	1	-104
96	53	1	-104
97	53	0	-104
98	53	1	-104
99	53	0	-104
100	53	1	-104
101	53	0	-104
102	53	0	-104
103	53	0	-104
104	53	1	-104
105	53	1	-104
106	53	0	100
107	53	1	100
108	53	1	100
109	53	0	100
110	53	0	100
111	53	0	100
112	53	1	100
113	53	1	100
114	53	0	100
115	53	1	100
116	53	1	100
117	53	0	100
118	53	1	100
119	53	0	100
120	53	0	-104
121	53	0	-104
122	53	1	-104
123	53	0	100
124	53	0	100
125	53	0	100
126	53	0	100
127	53	1	100
128	53	1	0
0	54	1	0
1	54	1	100
2	54	1	100
3	54	1	100
4	54	0	100
5	54	1	100
6	54	1	100
7	54	0	100
8	54	0	100
9	54	0	100
10	54	1	100
11	54	0	100
12	54	1	100
13	54	1	100
14	54	1	100
15	54	0	100
16	54	1	100
17	54	283	100
18	54	225	100
19	54	225	100
20	54	226	100
21	54	223	100
22	54	263	100
23	54	290	100
24	54	256	100
25	54	291	100
26	54	246	100
27	54	225	100
28	54	223	100
29	54	225	100
30	54	244	100
31	54	245	100
32	54	246	100
33	54	225	100
34	54	226	100
35	54	225	100
36	54	224	100
37	54	225	100
38	54	263	100
39	54	288	-104
40	54	256	-104
41	54	264	-104
42	54	274	-104
43	54	226	-104
44	54	225	-104
45	54	225	-104
46	54	225	-104
47	54	226	-104
48	54	224	-104
49	54	224	-104
50	54	224	100
51	54	222	100
52	54	1	100
53	54	0	100
54	54	0	100
55	54	1	100
56	54	1	100
57	54	0	100
58	54	0	100
59	54	1	100
60	54	1	100
61	54	0	100
62	54	1	100
63	54	0	100
64	54	1	100
65	54	14	100
66	54	19	100
67	54	19	100
68	54	14	100
69	54	0	100
70	54	0	100
71	54	1	100
72	54	0	-104
73	54	0	-104
74	54	1	-104
75	54	0	-104
76	54	1	-104
77	54	0	-104
78	54	1	-104
79	54	1	-104
80	54	1	-104
81	54	0	-104
82	54	1	-104
83	54	0	-104
84	54	0	-104
85	54	1	-104
86	54	0	-104
87	54	0	-104
88	54	1	-104
89	54	1	-104
90	54	1	-104
91	54	0	-104
92	54	0	-104
93	54	1	-104
94	54	0	-104
95	54	1	-104
96	54	1	-104
97	54	0	-104
98	54	0	-104
99	54	1	-104
100	54	1	-104
101	54	1	-104
102	54	0	-104
103	54	1	-104
104	54	1	-104
105	54	0	-104
106	54	1	100
107	54	1	100
108	54	0	100
109	54	0	100
110	54	1	100
111	54	1	100
112	54	1	100
113	54	0	100
114	54	0	100
115	54	1	100
116	54	0	100
117	54	1	100
118	54	0	100
119	54	1	100
120	54	0	-104
121	54	1	-104
122	54	1	-104
123	54	0	100
124	54	0	100
125	54	0	100
126	54	0	100
127	54	0	100
128	54	1	0
0	55	0	0
1	55	0	100
2	55	1	100
3	55	1	100
4	55	1	100
5	55	1	100
6	55	1	100
7	55	0	100
8	55	1	100
9	55	1	100
10	55	1	100
11	55	0	100
12	55	1	100
13	55	0	100
14	55	0	100
15	55	0	100
16	55	283	100
17	55	224	100
18	55	226	100
19	55	224	100
20	55	224	100
21	55	292	100
22	55	293	100
23	55	256	100
24	55	294	100
25	55	291	100
26	55	246	100
27	55	224	100
28	55	223	100
29	55	263	100
30	55	290	100
31	55	289	100
32	55	225	100
33	55	225	100
34	55	223	100
35	55	244	100
36	55	245	100
37	55	255	100
38	55	288	100
39	55	295	-104
40	55	296	-104
41	55	242	-104
42	55	242	-104
43	55	242	-104
44	55	242	-104
45	55	242	-104
46	55	243	-104
47	55	224	-104
48	55	224	-104
49	55	226	-104
50	55	222	100
51	55	1	100
52	55	1	100
53	55	0	100
54	55	0	100
55	55	0	100
56	55	0	100
57	55	0	100
58	55	0	100
59	55	1	100
60	55	1	100
61	55	1	100
62	55	0	100
63	55	0	100
64	55	14	100
65	55	19	100
66	55	19	100
67	55	14	100
68	55	1	100
69	55	1	100
70	55	1	100
71	55	1	100
72	55	0	-104
73	55	1	-104
74	55	1	-104
75	55	1	-104
76	55	0	-104
77	55	1	-104
78	55	0	-104
79	55	0	-104
80	55	0	-104
81	55	0	-104
82	55	1	-104
83	55	1	-104
84	55	1	-104
85	55	0	-104
86	55	0	-104
87	55	1	-104
88	55	1	-104
89	55	0	-104
90	55	0	-104
91	55	1	-104
92	55	0	-104
93	55	0	-104
94	55	0	-104
95	55	1	-104
96	55	1	-104
97	55	0	-104
98	55	0	-104
99	55	1	-104
100	55	0	-104
101	55	1	-104
102	55	0	-104
103	55	0	-104
104	55	0	-104
105	55	0	-104
106	55	1	100
107	55	0	100
108	55	0	100
109	55	0	100
110	55	0	100
111	55	1	100
112	55	1	100
113	55	1	100
114	55	1	100
115	55	1	100
116	55	0	100
117	55	1	100
118	55	1	100
119	55	0	100
120	55	0	-104
121	55	1	-104
122	55	1	-104
123	55	1	100
124	55	0	100
125	55	0	100
126	55	0	100
127	55	0	100
128	55	1	0
0	56	1	0
1	56	1	100
2	56	0	100
3	56	0	100
4	56	1	100
5	56	0	100
6	56	0	100
7	56	1	100
8	56	1	100
9	56	1	100
10	56	0	100
11	56	0	100
12	56	0	100
13	56	0	100
14	56	0	100
15	56	297	100
16	56	242	100
17	56	242	100
18	56	242	100
19	56	242	100
20	56	242	100
21	56	298	100
22	56	299	100
23	56	294	100
24	56	273	100
25	56	291	100
26	56	246	100
27	56	244	100
28	56	255	100
29	56	273	100
30	56	289	100
31	56	224	100
32	56	225	100
33	56	224	100
34	56	263	100
35	56	288	100
36	56	288	100
37	56	294	100
38	56	300	100
39	56	233	-104
40	56	250	-104
41	56	301	-104
42	56	301	-104
43	56	250	-104
44	56	233	-104
45	56	251	-104
46	56	225	-104
47	56	225	-104
48	56	225	-104
49	56	221	-104
50	56	1	100
51	56	1	100
52	56	1	100
53	56	1	100
54	56	1	100
55	56	1	100
56	56	1	100
57	56	1	100
58	56	1	100
59	56	0	100
60	56	0	100
61	56	1	100
62	56	0	100
63	56	14	100
64	56	19	100
65	56	19	100
66	56	14	100
67	56	0	100
68	56	1	100
69	56	1	100
70	56	0	100
71	56	0	100
72	56	1	-104
73	56	0	-104
74	56	0	-104
75	56	0	-104
76	56	1	-104
77	56	0	-104
78	56	0	-104
79	56	0	-104
80	56	0	-104
81	56	0	-104
82	56	0	-104
83	56	0	-104
84	56	0	-104
85	56	0	-104
86	56	0	-104
87	56	1	-104
88	56	0	-104
89	56	0	-104
90	56	0	-104
91	56	1	-104
92	56	0	-104
93	56	0	-104
94	56	1	-104
95	56	0	-104
96	56	0	-104
97	56	1	-104
98	56	1	-104
99	56	0	-104
100	56	0	-104
101	56	0	-104
102	56	0	-104
103	56	1	-104
104	56	1	-104
105	56	1	-104
106	56	1	100
107	56	1	100
108	56	0	100
109	56	1	100
110	56	1	100
111	56	0	100
112	56	0	100
113	56	0	100
114	56	1	100
115	56	1	100
116	56	0	100
117	56	0	100
118	56	0	100
119	56	1	100
120	56	0	-104
121	56	1	-104
122	56	0	-104
123	56	0	100
124	56	1	100
125	56	1	100
126	56	1	100
127	56	1	100
128	56	0	0
0	57	0	0
1	57	1	100
2	57	0	100
3	57	1	100
4	57	0	100
5	57	1	100
6	57	0	100
7	57	0	100
8	57	1	100
9	57	1	100
10	57	1	100
11	57	0	100
12	57	0	100
13	57	0	100
14	57	220	100
15	57	233	100
16	57	233	100
17	57	233	100
18	57	233	100
19	57	233	100
20	57	233	100
21	57	302	100
22	57	299	100
23	57	273	100
24	57	294	100
25	57	291	100
26	57	255	100
27	57	294	100
28	57	264	100
29	57	274	100
30	57	225	100
31	57	244	100
32	57	245	100
33	57	303	100
34	57	293	100
35	57	273	100
36	57	264	100
37	57	304	100
38	57	233	100
39	57	233	-104
40	57	233	-104
41	57	233	-104
42	57	233	-104
43	57	233	-104
44	57	251	-104
45	57	224	-104
46	57	224	-104
47	57	223	-104
48	57	222	-104
49	57	1	-104
50	57	0	100
51	57	0	100
52	57	0	100
53	57	1	100
54	57	1	100
55	57	1	100
56	57	0	100
57	57	0	100
58	57	1	100
59	57	1	100
60	57	0	100
61	57	0	100
62	57	14	100
63	57	19	100
64	57	19	100
65	57	14	100
66	57	0	100
67	57	1	100
68	57	0	100
69	57	1	100
70	57	1	100
71	57	0	100
72	57	0	-104
73	57	1	-104
74	57	0	-104
75	57	0	-104
76	57	0	-104
77	57	1	-104
78	57	0	-104
79	57	0	-104
80	57	1	-104
81	57	1	-104
82	57	0	-104
83	57	1	-104
84	57	1	-104
85	57	1	-104
86	57	1	-104
87	57	0	-104
88	57	1	-104
89	57	0	-104
90	57	1	-104
91	57	1	-104
92	57	1	-104
93	57	1	-104
94	57	1	-104
95	57	1	-104
96	57	0	-44
97	57	1	-44
98	57	1	-44
99	57	1	-44
100	57	1	-44
101	57	1	-104
102	57	0	-104
103	57	0	-104
104	57	1	-104
105	57	0	-104
106	57	1	100
107	57	0	100
108	57	0	100
109	57	1	100
110	57	0	100
111	57	1	100
112	57	1	100
113	57	0	100
114	57	1	100
115	57	1	100
116	57	0	100
117	57	1	100
118	57	0	100
119	57	0	100
120	57	0	-104
121	57	0	-104
122	57	0	-104
123	57	1	100
124	57	1	100
125	57	0	100
126	57	1	100
127	57	1	100
128	57	0	0
0	58	0	0
1	58	0	100
2	58	1	100
3	58	1	100
4	58	0	100
5	58	1	100
6	58	1	100
7	58	0	100
8	58	0	100
9	58	0	100
10	58	0	100
11	58	1	100
12	58	1	100
13	58	220	100
14	58	233	100
15	58	233	100
16	58	233	100
17	58	233	100
18	58	233	100
19	58	233	100
20	58	233	100
21	58	305	100
22	58	293	100
23	58	294	100
24	58	273	100
25	58	290	100
26	58	294	100
27	58	289	100
28	58	223	100
29	58	244	100
30	58	255	100
31	58	288	100
32	58	289	100
33	58	263	100
34	58	273	100
35	58	289	100
36	58	240	100
37	58	233	100
38	58	233	100
39	58	233	-104
40	58	233	-104
41	58	306	-104
42	58	275	-104
43	58	287	-104
44	58	225	-104
45	58	224	-104
46	58	224	-104
47	58	221	-104
48	58	0	-104
49	58	0	-104
50	58	1	100
51	58	0	100
52	58	1	100
53	58	1	100
54	58	0	100
55	58	1	100
56	58	1	100
57	58	0	100
58	58	1	100
59	58	0	100
60	58	1	100
61	58	14	100
62	58	19	100
63	58	19	100
64	58	14	100
65	58	1	100
66	58	0	100
67	58	0	100
68	58	0	100
69	58	1	100
70	58	0	100
71	58	0	100
72	58	1	-104
73	58	0	-104
74	58	0	-44
75	58	1	-44
76	58	0	-44
77	58	1	-44
78	58	1	-44
79	58	1	-104
80	58	0	-104
81	58	1	-104
82	58	0	-104
83	58	1	-104
84	58	1	-104
85	58	0	-104
86	58	1	-104
87	58	1	-104
88	58	0	-104
89	58	0	-104
90	58	1	-104
91	58	1	-104
92	58	1	-104
93	58	1	-104
94	58	1	-104
95	58	0	-104
96	58	0	-44
97	58	0	-44
98	58	0	-44
99	58	0	-44
100	58	1	-44
101	58	0	-104
102	58	1	-104
103	58	1	-104
104	58	0	-104
105	58	0	-104
106	58	0	100
107	58	0	100
108	58	1	100
109	58	0	100
110	58	0	100
111	58	1	100
112	58	1	100
113	58	0	100
114	58	1	100
115	58	1	100
116	58	1	100
117	58	0	100
118	58	0	100
119	58	0	100
120	58	0	-104
121	58	1	-104
122	58	1	-104
123	58	1	100
124	58	0	100
125	58	1	100
126	58	1	100
127	58	1	100
128	58	0	0
0	59	0	0
1	59	1	100
2	59	0	100
3	59	0	100
4	59	1	100
5	59	0	100
6	59	1	100
7	59	0	100
8	59	0	100
9	59	1	100
10	59	0	100
11	59	1	100
12	59	220	100
13	59	233	100
14	59	233	100
15	59	307	100
16	59	269	100
17	59	308	100
18	59	309	100
19	59	233	100
20	59	251	100
21	59	292	100
22	59	293	100
23	59	256	100
24	59	264	100
25	59	310	100
26	59	311	100
27	59	245	100
28	59	255	100
29	59	273	100
30	59	273	100
31	59	289	100
32	59	292	100
33	59	310	100
34	59	274	100
35	59	235	100
36	59	275	100
37	59	275	100
38	59	275	100
39	59	275	-104
40	59	287	-104
41	59	224	-104
42	59	225	-104
43	59	226	-104
44	59	226	-104
45	59	225	-104
46	59	221	-104
47	59	0	-104
48	59	0	-104
49	59	0	-104
50	59	1	100
51	59	0	100
52	59	1	100
53	59	1	100
54	59	1	100
55	59	0	100
56	59	1	100
57	59	1	100
58	59	1	100
59	59	0	100
60	59	14	100
61	59	19	100
62	59	19	100
63	59	14	100
64	59	1	100
65	59	0	100
66	59	0	100
67	59	0	100
68	59	0	100
69	59	1	100
70	59	0	100
71	59	1	100
72	59	0	-104
73	59	1	-104
74	59	1	-44
75	59	0	-44
76	59	1	-44
77	59	1	-44
78	59	1	-44
79	59	1	-104
80	59	1	-104
81	59	1	-104
82	59	0	-104
83	59	0	-104
84	59	1	-104
85	59	0	-104
86	59	1	-104
87	59	0	-104
88	59	1	-104
89	59	0	-104
90	59	0	-104
91	59	0	-104
92	59	1	-104
93	59	0	-104
94	59	0	-104
95	59	1	-104
96	59	1	-104
97	59	0	-104
98	59	1	-104
99	59	0	-104
100	59	0	-104
101	59	1	-104
102	59	0	-104
103	59	0	-104
104	59	1	-104
105	59	1	-104
106	59	0	100
107	59	1	100
108	59	1	100
109	59	0	100
110	59	0	100
111	59	1	100
112	59	1	100
113	59	1	100
114	59	0	100
115	59	1	100
116	59	1	100
117	59	0	100
118	59	1	100
119	59	1	100
120	59	0	-104
121	59	0	-104
122	59	1	-104
123	59	0	100
124	59	0	100
125	59	0	100
126	59	0	100
127	59	1	100
128	59	1	0
0	60	0	0
1	60	0	100
2	60	1	100
3	60	1	100
4	60	0	100
5	60	0	100
6	60	1	100
7	60	1	100
8	60	1	100
9	60	0	100
10	60	0	100
11	60	220	100
12	60	306	100
13	60	275	100
14	60	275	100
15	60	275	100
16	60	275	100
17	60	275	100
18	60	275	100
19	60	312	100
20	60	245	100
21	60	255	100
22	60	264	100
23	60	274	100
24	60	226	100
25	60	263	100
26	60	256	100
27	60	273	100
28	60	256	100
29	60	290	100
30	60	291	100
31	60	245	100
32	60	245	100
33	60	245	100
34	60	245	100
35	60	246	100
36	60	223	100
37	60	226	100
38	60	226	100
39	60	244	-104
40	60	245	-104
41	60	246	-104
42	60	224	-104
43	60	226	-104
44	60	223	-104
45	60	220	-104
46	60	1	-104
47	60	0	-104
48	60	0	-104
49	60	0	-104
50	60	1	100
51	60	1	100
52	60	0	100
53	60	1	100
54	60	0	100
55	60	0	100
56	60	14	100
57	60	14	100
58	60	14	100
59	60	14	100
60	60	19	100
61	60	19	100
62	60	14	100
63	60	1	100
64	60	0	100
65	60	0	100
66	60	0	100
67	60	0	100
68	60	0	100
69	60	1	100
70	60	1	100
71	60	0	100
72	60	1	-104
73	60	1	-104
74	60	0	-104
75	60	1	-104
76	60	1	-104
77	60	0	-104
78	60	0	-104
79	60	1	-104
80	60	0	-104
81	60	0	-104
82	60	1	-104
83	60	0	-104
84	60	1	-104
85	60	0	-104
86	60	1	-104
87	60	0	-104
88	60	0	-104
89	60	0	-104
90	60	0	-104
91	60	0	-104
92	60	0	-104
93	60	1	-104
94	60	0	-104
95	60	1	-104
96	60	1	-104
97	60	1	-104
98	60	0	-104
99	60	0	-104
100	60	1	-104
101	60	1	-104
102	60	1	-104
103	60	0	-104
104	60	0	-104
105	60	0	-104
106	60	0	100
107	60	1	100
108	60	0	100
109	60	0	100
110	60	1	100
111	60	0	100
112	60	1	100
113	60	1	100
114	60	1	100
115	60	1	100
116	60	0	100
117	60	1	100
118	60	0	100
119	60	0	100
120	60	1	-104
121	60	0	-104
122	60	0	-104
123	60	1	100
124	60	1	100
125	60	1	100
126	60	1	100
127	60	0	100
128	60	0	0
0	61	1	0
1	61	1	100
2	61	1	100
3	61	0	100
4	61	0	100
5	61	1	100
6	61	0	100
7	61	0	100
8	61	1	100
9	61	1	100
10	61	220	100
11	61	226	100
12	61	224	100
13	61	223	100
14	61	226	100
15	61	224	100
16	61	223	100
17	61	244	100
18	61	255	100
19	61	273	100
20	61	290	100
21	61	289	100
22	61	226	100
23	61	225	100
24	61	292	100
25	61	310	100
26	61	310	100
27	61	293	100
28	61	256	100
29	61	256	100
30	61	256	100
31	61	294	100
32	61	256	100
33	61	256	100
34	61	291	100
35	61	246	100
36	61	226	100
37	61	244	100
38	61	255	100
39	61	290	-104
40	61	289	-104
41	61	224	-104
42	61	225	-104
43	61	223	-104
44	61	222	-104
45	61	0	-104
46	61	0	-104
47	61	0	-104
48	61	0	-104
49	61	0	-104
50	61	0	100
51	61	0	100
52	61	0	100
53	61	0	100
54	61	0	100
55	61	14	100
56	61	19	100
57	61	19	100
58	61	19	100
59	61	19	100
60	61	19	100
61	61	14	100
62	61	0	100
63	61	0	100
64	61	0	100
65	61	0	100
66	61	1	100
67	61	1	100
68	61	0	100
69	61	0	100
70	61	0	100
71	61	1	100
72	61	1	-104
73	61	1	-104
74	61	0	-104
75	61	1	-104
76	61	1	-104
77	61	0	-104
78	61	0	-104
79	61	0	-104
80	61	0	-104
81	61	1	-104
82	61	0	-104
83	61	1	-104
84	61	1	-104
85	61	1	-104
86	61	1	-104
87	61	1	-104
88	61	0	-104
89	61	1	-104
90	61	0	-104
91	61	0	-104
92	61	1	-104
93	61	1	-104
94	61	0	-104
95	61	0	-104
96	61	1	-104
97	61	0	-104
98	61	0	-104
99	61	1	-104
100	61	0	-104
101	61	1	-104
102	61	0	-104
103	61	1	-104
104	61	0	-104
105	61	1	-104
106	61	1	100
107	61	1	100
108	61	0	100
109	61	1	100
110	61	0	100
111	61	0	100
112	61	1	100
113	61	1	100
114	61	0	100
115	61	0	100
116	61	0	100
117	61	0	-104
118	61	0	-104
119	61	1	-104
120	61	0	-104
121	61	0	-104
122	61	0	-104
123	61	1	100
124	61	1	100
125	61	0	100
126	61	1	100
127	61	1	100
128	61	1	0
0	62	1	0
1	62	1	100
2	62	0	100
3	62	1	100
4	62	1	100
5	62	0	100
6	62	0	100
7	62	1	100
8	62	0	100
9	62	220	100
10	62	226	100
11	62	224	100
12	62	226	100
13	62	223	100
14	62	225	100
15	62	244	100
16	62	255	100
17	62	273	100
18	62	288	100
19	62	264	100
20	62	274	100
21	62	226	100
22	62	224	100
23	62	224	100
24	62	226	100
25	62	223	100
26	62	292	100
27	62	310	100
28	62	293	100
29	62	288	100
30	62	288	100
31	62	256	100
32	62	288	100
33	62	288	100
34	62	289	100
35	62	244	100
36	62	255	100
37	62	294	100
38	62	290	100
39	62	289	-104
40	62	223	-104
41	62	225	-104
42	62	223	-104
43	62	220	-104
44	62	1	-104
45	62	0	-104
46	62	0	-104
47	62	0	-104
48	62	0	-104
49	62	1	-104
50	62	0	100
51	62	0	100
52	62	0	100
53	62	1	100
54	62	14	100
55	62	19	100
56	62	19	100
57	62	19	100
58	62	19	100
59	62	19	100
60	62	14	100
61	62	0	100
62	62	0	100
63	62	1	100
64	62	1	100
65	62	1	100
66	62	0	100
67	62	0	100
68	62	1	100
69	62	1	100
70	62	1	100
71	62	1	100
72	62	1	-104
73	62	1	-104
74	62	0	-104
75	62	0	-104
76	62	0	-104
77	62	0	-104
78	62	1	-104
79	62	1	-104
80	62	1	-104
81	62	1	-104
82	62	1	-104
83	62	1	-104
84	62	0	-104
85	62	0	-104
86	62	1	-104
87	62	1	-104
88	62	0	-104
89	62	0	-104
90	62	0	-104
91	62	0	-104
92	62	0	-104
93	62	0	-104
94	62	0	-104
95	62	0	-104
96	62	0	-104
97	62	0	-104
98	62	0	-104
99	62	0	-104
100	62	1	-104
101	62	0	-104
102	62	0	-104
103	62	1	-104
104	62	0	-104
105	62	1	-104
106	62	0	100
107	62	0	100
108	62	0	100
109	62	1	100
110	62	0	100
111	62	0	100
112	62	0	100
113	62	0	100
114	62	1	100
115	62	1	100
116	62	0	100
117	62	0	-104
118	62	1	-104
119	62	0	-104
120	62	1	-104
121	62	0	-104
122	62	1	-104
123	62	0	100
124	62	0	100
125	62	0	100
126	62	1	100
127	62	1	100
128	62	1	0
0	63	1	0
1	63	1	100
2	63	1	100
3	63	0	100
4	63	1	100
5	63	0	100
6	63	0	100
7	63	1	100
8	63	220	100
9	63	224	100
10	63	223	100
11	63	223	100
12	63	244	100
13	63	245	100
14	63	255	100
15	63	273	100
16	63	288	100
17	63	264	100
18	63	313	100
19	63	243	100
20	63	226	100
21	63	224	100
22	63	314	100
23	63	243	100
24	63	225	100
25	63	225	100
26	63	223	100
27	63	292	100
28	63	310	100
29	63	310	100
30	63	310	100
31	63	310	100
32	63	293	100
33	63	291	100
34	63	255	100
35	63	273	100
36	63	288	100
37	63	294	100
38	63	289	100
39	63	224	-104
40	63	223	-104
41	63	226	-104
42	63	221	-104
43	63	0	-104
44	63	1	-104
45	63	0	-104
46	63	0	-104
47	63	0	-104
48	63	0	-104
49	63	0	-104
50	63	0	100
51	63	0	100
52	63	0	100
53	63	14	100
54	63	19	100
55	63	19	100
56	63	19	100
57	63	19	100
58	63	19	100
59	63	14	100
60	63	14	100
61	63	14	100
62	63	14	100
63	63	0	100
64	63	1	100
65	63	0	100
66	63	0	100
67	63	1	100
68	63	1	100
69	63	0	100
70	63	1	100
71	63	1	100
72	63	0	-104
73	63	1	-104
74	63	0	-104
75	63	1	-104
76	63	0	-104
77	63	0	-104
78	63	0	-104
79	63	0	-104
80	63	0	-104
81	63	1	-104
82	63	1	-104
83	63	1	-104
84	63	1	-104
85	63	0	-104
86	63	1	-104
87	63	1	-104
88	63	0	-104
89	63	1	-104
90	63	1	-104
91	63	0	-104
92	63	1	-104
93	63	1	-104
94	63	1	-104
95	63	0	-104
96	63	0	-104
97	63	1	-104
98	63	0	-104
99	63	1	-104
100	63	1	-104
101	63	1	-104
102	63	1	-104
103	63	0	-104
104	63	0	-104
105	63	1	-104
106	63	0	100
107	63	1	100
108	63	1	100
109	63	1	100
110	63	0	100
111	63	1	100
112	63	0	100
113	63	1	100
114	63	1	100
115	63	0	100
116	63	1	100
117	63	0	-104
118	63	1	-104
119	63	0	-104
120	63	0	-104
121	63	1	-104
122	63	1	-104
123	63	0	100
124	63	1	100
125	63	1	100
126	63	0	100
127	63	1	100
128	63	1	0
0	64	1	0
1	64	0	100
2	64	0	100
3	64	0	100
4	64	1	100
5	64	0	100
6	64	1	100
7	64	220	100
8	64	226	100
9	64	223	100
10	64	223	100
11	64	263	100
12	64	294	100
13	64	273	100
14	64	288	100
15	64	290	100
16	64	257	100
17	64	315	100
18	64	316	100
19	64	317	100
20	64	318	100
21	64	319	100
22	64	251	100
23	64	225	100
24	64	223	100
25	64	320	100
26	64	321	100
27	64	321	100
28	64	321	100
29	64	322	100
30	64	244	100
31	64	255	100
32	64	290	100
33	64	256	100
34	64	256	100
35	64	256	100
36	64	290	100
37	64	289	100
38	64	224	100
39	64	223	-104
40	64	223	-104
41	64	220	-104
42	64	0	-104
43	64	1	-104
44	64	0	-104
45	64	1	-104
46	64	1	-104
47	64	1	-104
48	64	1	-104
49	64	0	-104
50	64	1	100
51	64	1	100
52	64	14	100
53	64	19	100
54	64	19	100
55	64	19	100
56	64	19	100
57	64	19	100
58	64	19	100
59	64	19	100
60	64	19	100
61	64	14	100
62	64	1	100
63	64	1	100
64	64	1	100
65	64	0	100
66	64	0	100
67	64	1	100
68	64	0	100
69	64	1	100
70	64	0	100
71	64	0	100
72	64	1	-104
73	64	0	-104
74	64	1	-104
75	64	1	-104
76	64	1	-104
77	64	1	-104
78	64	1	-104
79	64	1	-104
80	64	0	-104
81	64	1	-104
82	64	1	-104
83	64	1	-104
84	64	0	-104
85	64	1	-104
86	64	0	-104
87	64	0	-104
88	64	0	-104
89	64	1	-104
90	64	0	-104
91	64	1	-104
92	64	1	-104
93	64	0	-104
94	64	0	-104
95	64	1	-104
96	64	0	-104
97	64	1	-104
98	64	1	-104
99	64	0	-104
100	64	0	-104
101	64	1	-104
102	64	1	-104
103	64	0	-104
104	64	1	-104
105	64	1	-104
106	64	1	100
107	64	0	100
108	64	1	100
109	64	0	100
110	64	1	100
111	64	1	100
112	64	0	100
113	64	0	100
114	64	1	100
115	64	0	100
116	64	0	100
117	64	0	-104
118	64	0	-104
119	64	1	-104
120	64	1	-104
121	64	1	-104
122	64	0	-104
123	64	1	-104
124	64	0	-104
125	64	0	-104
126	64	1	100
127	64	0	100
128	64	0	0
0	65	0	0
1	65	1	100
2	65	0	100
3	65	1	100
4	65	0	100
5	65	1	100
6	65	221	100
7	65	223	100
8	65	224	100
9	65	226	100
10	65	292	100
11	65	310	100
12	65	310	100
13	65	293	100
14	65	256	100
15	65	300	100
16	65	220	100
17	65	323	100
18	65	250	100
19	65	323	100
20	65	221	100
21	65	251	100
22	65	224	100
23	65	226	100
24	65	324	100
25	65	325	100
26	65	325	100
27	65	325	100
28	65	326	100
29	65	263	100
30	65	256	-104
31	65	273	-104
32	65	273	-104
33	65	290	-104
34	65	294	-104
35	65	288	-104
36	65	289	-104
37	65	226	-104
38	65	225	-104
39	65	225	-104
40	65	220	-104
41	65	1	-104
42	65	0	-104
43	65	0	-104
44	65	1	-104
45	65	0	-104
46	65	0	-104
47	65	0	-104
48	65	0	-104
49	65	1	-104
50	65	1	-104
51	65	14	-104
52	65	19	-104
53	65	19	-104
54	65	19	-104
55	65	19	-104
56	65	19	-104
57	65	19	-104
58	65	19	-104
59	65	19	-104
60	65	14	100
61	65	0	100
62	65	1	100
63	65	1	100
64	65	1	100
65	65	0	100
66	65	0	100
67	65	1	100
68	65	0	100
69	65	0	100
70	65	1	100
71	65	1	100
72	65	1	-104
73	65	0	-104
74	65	0	-104
75	65	0	-104
76	65	1	-104
77	65	1	-104
78	65	0	-104
79	65	1	-104
80	65	0	-104
81	65	0	-104
82	65	0	-44
83	65	0	-44
84	65	0	-44
85	65	0	-44
86	65	1	-104
87	65	1	-104
88	65	1	-104
89	65	0	-104
90	65	1	-44
91	65	0	-44
92	65	1	-44
93	65	1	-44
94	65	0	-104
95	65	1	-104
96	65	1	-104
97	65	1	-104
98	65	0	-104
99	65	1	-104
100	65	0	-104
101	65	0	-104
102	65	0	-104
103	65	1	-104
104	65	0	-104
105	65	1	-104
106	65	0	100
107	65	0	100
108	65	0	100
109	65	0	100
110	65	0	100
111	65	1	100
112	65	0	100
113	65	0	100
114	65	1	100
115	65	0	100
116	65	1	100
117	65	1	-104
118	65	0	-104
119	65	1	-104
120	65	0	-104
121	65	0	-104
122	65	0	-104
123	65	1	-104
124	65	1	-104
125	65	0	-104
126	65	0	100
127	65	1	100
128	65	0	0
0	66	1	0
1	66	0	100
2	66	1	100
3	66	0	100
4	66	0	100
5	66	221	100
6	66	223	100
7	66	226	100
8	66	225	100
9	66	226	100
10	66	223	100
11	66	224	100
12	66	263	100
13	66	288	100
14	66	300	100
15	66	221	100
16	66	222	100
17	66	301	100
18	66	301	100
19	66	220	100
20	66	251	100
21	66	223	100
22	66	225	100
23	66	327	100
24	66	328	100
25	66	328	100
26	66	328	100
27	66	329	100
28	66	255	100
29	66	256	100
30	66	256	-104
31	66	264	-104
32	66	310	-104
33	66	310	-104
34	66	310	-104
35	66	274	-104
36	66	226	-104
37	66	226	-104
38	66	224	-104
39	66	220	-104
40	66	0	-104
41	66	1	-104
42	66	0	-104
43	66	0	-104
44	66	0	-104
45	66	1	-104
46	66	1	-104
47	66	0	-104
48	66	0	-104
49	66	1	-104
50	66	14	-104
51	66	19	-104
52	66	19	-104
53	66	19	-104
54	66	19	-104
55	66	19	-104
56	66	19	-104
57	66	19	-104
58	66	19	-104
59	66	14	-104
60	66	1	100
61	66	0	100
62	66	0	100
63	66	0	100
64	66	0	100
65	66	0	100
66	66	0	100
67	66	0	100
68	66	1	100
69	66	1	100
70	66	1	100
71	66	1	100
72	66	0	-104
73	66	0	-104
74	66	1	-104
75	66	1	-104
76	66	1	-104
77	66	0	-104
78	66	0	-104
79	66	0	-104
80	66	0	-104
81	66	1	-104
82	66	0	-44
83	66	1	-44
84	66	1	-44
85	66	1	-44
86	66	0	-104
87	66	0	-104
88	66	0	-104
89	66	1	-104
90	66	0	-44
91	66	0	-44
92	66	0	-44
93	66	0	-44
94	66	0	-104
95	66	1	-104
96	66	0	-104
97	66	1	-104
98	66	0	-104
99	66	1	-104
100	66	1	-104
101	66	0	-104
102	66	0	-104
103	66	1	-104
104	66	330	-104
105	66	331	-104
106	66	331	100
107	66	330	100
108	66	0	100
109	66	1	100
110	66	1	100
111	66	1	100
112	66	0	100
113	66	0	100
114	66	1	100
115	66	1	100
116	66	1	100
117	66	1	-104
118	66	0	-104
119	66	0	-104
120	66	0	-104
121	66	0	-104
122	66	0	-104
123	66	0	-104
124	66	0	-104
125	66	0	-104
126	66	0	100
127	66	1	100
128	66	1	0
0	67	0	0
1	67	1	100
2	67	1	100
3	67	1	100
4	67	220	100
5	67	226	100
6	67	332	100
7	67	333	100
8	67	333	100
9	67	333	100
10	67	334	100
11	67	292	100
12	67	293	100
13	67	335	100
14	67	285	100
15	67	285	100
16	67	286	100
17	67	284	100
18	67	285	100
19	67	336	100
20	67	245	100
21	67	245	100
22	67	245	100
23	67	245	100
24	67	245	100
25	67	245	100
26	67	255	100
27	67	256	100
28	67	273	100
29	67	264	100
30	67	274	-104
31	67	223	-104
32	67	226	-104
33	67	223	-104
34	67	226	-104
35	67	225	-104
36	67	226	-104
37	67	223	-104
38	67	222	-104
39	67	1	-104
40	67	0	-104
41	67	0	-104
42	67	0	-104
43	67	1	-104
44	67	1	-104
45	67	1	-104
46	67	1	-104
47	67	1	-104
48	67	1	-104
49	67	14	-104
50	67	19	-104
51	67	19	-104
52	67	19	-104
53	67	19	-104
54	67	19	-104
55	67	19	-104
56	67	19	-104
57	67	19	-104
58	67	14	-104
59	67	0	-104
60	67	1	100
61	67	0	100
62	67	0	100
63	67	1	100
64	67	1	100
65	67	0	100
66	67	1	100
67	67	0	100
68	67	0	100
69	67	0	100
70	67	1	100
71	67	0	100
72	67	0	-104
73	67	1	-104
74	67	1	-104
75	67	1	-104
76	67	0	-104
77	67	0	-104
78	67	1	-104
79	67	0	-104
80	67	0	-104
81	67	1	-104
82	67	1	-104
83	67	1	-104
84	67	0	-104
85	67	1	-104
86	67	0	-104
87	67	0	-104
88	67	0	-104
89	67	0	-104
90	67	0	-104
91	67	1	-104
92	67	0	-104
93	67	0	-104
94	67	0	-104
95	67	1	-104
96	67	0	-104
97	67	0	-104
98	67	1	-104
99	67	0	-104
100	67	0	-104
101	67	1	-104
102	67	0	-104
103	67	337	-104
104	67	338	-104
105	67	339	-104
106	67	337	100
107	67	1	100
108	67	1	100
109	67	1	100
110	67	1	100
111	67	1	100
112	67	0	100
113	67	1	100
114	67	0	100
115	67	1	100
116	67	1	100
117	67	1	-104
118	67	1	-104
119	67	0	-104
120	67	1	-104
121	67	1	-104
122	67	1	-104
123	67	1	-104
124	67	0	-104
125	67	0	-104
126	67	1	100
127	67	1	100
128	67	0	0
0	68	0	0
1	68	1	100
2	68	1	100
3	68	269	100
4	68	226	100
5	68	269	100
6	68	269	100
7	68	269	100
8	68	269	100
9	68	340	100
10	68	223	100
11	68	263	100
12	68	288	100
13	68	290	100
14	68	288	100
15	68	291	100
16	68	255	100
17	68	288	100
18	68	273	100
19	68	288	100
20	68	288	100
21	68	294	100
22	68	290	100
23	68	273	100
24	68	290	100
25	68	273	100
26	68	256	100
27	68	341	100
28	68	342	100
29	68	343	100
30	68	344	-104
31	68	345	-104
32	68	224	-104
33	68	223	-104
34	68	226	-104
35	68	226	-104
36	68	225	-104
37	68	220	-104
38	68	1	-104
39	68	1	-104
40	68	0	-104
41	68	0	-104
42	68	1	-104
43	68	1	-104
44	68	1	-104
45	68	0	-104
46	68	0	-104
47	68	0	-104
48	68	14	-104
49	68	19	-104
50	68	19	-104
51	68	19	-104
52	68	19	-104
53	68	19	-104
54	68	19	-104
55	68	19	-104
56	68	19	-104
57	68	14	-104
58	68	0	-104
59	68	0	-104
60	68	0	100
61	68	1	100
62	68	1	100
63	68	1	100
64	68	0	100
65	68	0	100
66	68	1	100
67	68	1	100
68	68	0	100
69	68	0	100
70	68	1	100
71	68	1	100
72	68	1	-104
73	68	1	-104
74	68	1	-44
75	68	1	-44
76	68	0	-44
77	68	1	-44
78	68	0	-104
79	68	1	-104
80	68	0	-104
81	68	0	-104
82	68	0	-104
83	68	0	-104
84	68	0	-104
85	68	1	-104
86	68	1	-104
87	68	1	-104
88	68	1	-104
89	68	0	-104
90	68	0	-104
91	68	1	-104
92	68	1	-104
93	68	1	-104
94	68	1	-104
95	68	0	-104
96	68	0	-104
97	68	1	-104
98	68	0	-104
99	68	1	-104
100	68	0	-104
101	68	0	-104
102	68	337	-104
103	68	346	-104
104	68	347	-104
105	68	337	-104
106	68	1	100
107	68	1	100
108	68	1	100
109	68	0	100
110	68	0	100
111	68	1	100
112	68	0	100
113	68	1	100
114	68	0	100
115	68	1	100
116	68	1	100
117	68	1	-104
118	68	0	-104
119	68	1	-104
120	68	0	-104
121	68	0	-104
122	68	0	-104
123	68	1	-104
124	68	1	-104
125	68	0	-104
126	68	1	100
127	68	0	100
128	68	1	0
0	69	0	0
1	69	1	100
2	69	220	100
3	69	226	100
4	69	224	100
5	69	348	100
6	69	348	100
7	69	348	100
8	69	349	100
9	69	226	100
10	69	292	100
11	69	310	100
12	69	293	100
13	69	256	100
14	69	273	100
15	69	264	100
16	69	310	100
17	69	310	100
18	69	293	100
19	69	273	100
20	69	290	100
21	69	264	100
22	69	310	100
23	69	310	100
24	69	310	100
25	69	310	100
26	69	350	100
27	69	344	100
28	69	344	100
29	69	344	100
30	69	345	-104
31	69	224	-104
32	69	225	-104
33	69	225	-104
34	69	226	-104
35	69	225	-104
36	69	222	-104
37	69	0	-104
38	69	0	-104
39	69	0	-104
40	69	0	-104
41	69	0	-104
42	69	1	-104
43	69	1	-104
44	69	0	-104
45	69	0	-104
46	69	1	-104
47	69	14	-104
48	69	19	-104
49	69	19	-104
50	69	19	-104
51	69	19	-104
52	69	19	-104
53	69	19	-104
54	69	19	-104
55	69	19	-104
56	69	14	-104
57	69	0	-104
58	69	1	-104
59	69	1	-104
60	69	1	100
61	69	1	100
62	69	0	100
63	69	0	100
64	69	0	100
65	69	0	100
66	69	0	100
67	69	0	100
68	69	1	100
69	69	1	100
70	69	1	100
71	69	1	100
72	69	0	-104
73	69	0	-104
74	69	1	-44
75	69	1	-44
76	69	0	-44
77	69	1	-44
78	69	0	-104
79	69	1	-104
80	69	0	-104
81	69	0	-104
82	69	0	-104
83	69	1	-104
84	69	0	-104
85	69	0	-104
86	69	0	-104
87	69	0	-104
88	69	1	-104
89	69	0	-104
90	69	1	-104
91	69	1	-104
92	69	1	-104
93	69	0	-104
94	69	0	-104
95	69	1	-104
96	69	1	-44
97	69	1	-44
98	69	1	-44
99	69	1	-44
100	69	0	-104
101	69	330	-104
102	69	351	-104
103	69	352	-104
104	69	330	-104
105	69	1	-104
106	69	0	100
107	69	1	100
108	69	1	100
109	69	1	100
110	69	0	100
111	69	0	100
112	69	1	100
113	69	1	100
114	69	0	100
115	69	1	100
116	69	0	100
117	69	0	-104
118	69	0	-104
119	69	1	-104
120	69	1	-104
121	69	0	-104
122	69	1	-104
123	69	1	-104
124	69	0	-104
125	69	0	-104
126	69	0	100
127	69	0	100
128	69	0	0
0	70	1	0
1	70	220	100
2	70	226	100
3	70	223	100
4	70	224	100
5	70	226	100
6	70	223	100
7	70	226	100
8	70	223	100
9	70	225	100
10	70	225	100
11	70	292	100
12	70	310	100
13	70	310	100
14	70	274	100
15	70	226	100
16	70	224	100
17	70	263	100
18	70	256	100
19	70	256	100
20	70	289	100
21	70	226	100
22	70	224	100
23	70	224	100
24	70	223	100
25	70	353	100
26	70	344	100
27	70	344	100
28	70	344	100
29	70	354	100
30	70	225	100
31	70	223	100
32	70	226	100
33	70	226	100
34	70	226	100
35	70	220	100
36	70	0	100
37	70	0	100
38	70	1	100
39	70	0	100
40	70	1	-104
41	70	1	-104
42	70	1	-104
43	70	0	-104
44	70	0	-104
45	70	1	-104
46	70	14	-104
47	70	19	-104
48	70	19	-104
49	70	19	-104
50	70	19	100
51	70	19	100
52	70	19	100
53	70	19	100
54	70	19	100
55	70	14	100
56	70	1	100
57	70	0	100
58	70	0	100
59	70	0	100
60	70	1	100
61	70	0	100
62	70	1	100
63	70	1	100
64	70	0	100
65	70	0	100
66	70	1	100
67	70	0	100
68	70	1	100
69	70	1	100
70	70	0	100
71	70	0	100
72	70	0	-104
73	70	0	-104
74	70	1	-104
75	70	0	-104
76	70	0	-104
77	70	1	-104
78	70	0	-104
79	70	0	-104
80	70	1	-104
81	70	0	-104
82	70	0	-104
83	70	1	-104
84	70	1	-104
85	70	1	-104
86	70	1	-104
87	70	1	-104
88	70	0	-104
89	70	0	-104
90	70	1	-104
91	70	0	-104
92	70	0	-104
93	70	0	-104
94	70	1	-104
95	70	0	-104
96	70	0	-44
97	70	1	-44
98	70	1	-44
99	70	0	-44
100	70	1	-104
101	70	0	-104
102	70	0	-104
103	70	0	-104
104	70	1	-104
105	70	0	-104
106	70	1	100
107	70	1	100
108	70	1	100
109	70	1	100
110	70	0	100
111	70	0	100
112	70	1	100
113	70	0	100
114	70	0	100
115	70	0	100
116	70	0	100
117	70	0	-104
118	70	0	-104
119	70	1	-104
120	70	1	-104
121	70	1	-104
122	70	0	-104
123	70	0	-104
124	70	0	-104
125	70	0	-104
126	70	0	100
127	70	1	100
128	70	1	0
0	71	220	0
1	71	226	100
2	71	223	100
3	71	223	100
4	71	224	100
5	71	223	100
6	71	225	100
7	71	226	100
8	71	225	100
9	71	223	100
10	71	224	100
11	71	224	100
12	71	226	100
13	71	224	100
14	71	224	100
15	71	225	100
16	71	292	100
17	71	310	100
18	71	310	100
19	71	274	100
20	71	223	100
21	71	226	100
22	71	226	100
23	71	226	100
24	71	225	100
25	71	226	100
26	71	225	100
27	71	223	100
28	71	224	100
29	71	226	100
30	71	224	100
31	71	223	100
32	71	226	100
33	71	224	100
34	71	220	100
35	71	0	100
36	71	1	100
37	71	1	100
38	71	1	100
39	71	1	100
40	71	0	-104
41	71	1	-104
42	71	0	-104
43	71	0	-104
44	71	1	-104
45	71	14	-104
46	71	19	-104
47	71	19	-104
48	71	19	-104
49	71	19	-104
50	71	19	100
51	71	19	100
52	71	19	100
53	71	19	100
54	71	14	100
55	71	0	100
56	71	1	100
57	71	1	100
58	71	1	100
59	71	0	100
60	71	1	100
61	71	0	100
62	71	1	100
63	71	0	100
64	71	0	100
65	71	1	100
66	71	1	100
67	71	0	100
68	71	1	100
69	71	1	100
70	71	1	100
71	71	0	100
72	71	0	-104
73	71	1	-104
74	71	1	-104
75	71	0	-104
76	71	0	-104
77	71	1	-104
78	71	1	-104
79	71	1	-104
80	71	1	-104
81	71	0	-104
82	71	1	-104
83	71	1	-104
84	71	1	-104
85	71	0	-104
86	71	0	-104
87	71	1	-104
88	71	1	-104
89	71	0	-104
90	71	0	-104
91	71	1	-104
92	71	0	-104
93	71	1	-104
94	71	1	-104
95	71	0	-104
96	71	0	-104
97	71	1	-104
98	71	1	-104
99	71	1	-104
100	71	1	-104
101	71	0	-104
102	71	0	-104
103	71	1	-104
104	71	1	-104
105	71	0	-104
106	71	0	100
107	71	1	100
108	71	0	100
109	71	0	100
110	71	1	100
111	71	1	100
112	71	1	100
113	71	0	100
114	71	1	100
115	71	0	100
116	71	1	100
117	71	1	-104
118	71	0	-104
119	71	1	-104
120	71	1	-104
121	71	0	-104
122	71	1	-104
123	71	1	-104
124	71	1	-104
125	71	1	-104
126	71	1	100
127	71	0	100
128	71	355	0
0	72	355	0
1	72	250	100
2	72	355	100
3	72	355	100
4	72	355	100
5	72	250	100
6	72	355	100
7	72	355	100
8	72	250	100
9	72	355	100
10	72	223	100
11	72	223	100
12	72	226	100
13	72	223	100
14	72	225	100
15	72	225	100
16	72	225	100
17	72	226	100
18	72	223	100
19	72	224	100
20	72	223	100
21	72	355	100
22	72	355	100
23	72	250	100
24	72	355	100
25	72	355	100
26	72	355	100
27	72	355	100
28	72	250	100
29	72	355	100
30	72	355	100
31	72	355	100
32	72	355	100
33	72	355	100
34	72	0	100
35	72	0	100
36	72	0	100
37	72	0	100
38	72	1	100
39	72	0	100
40	72	1	-104
41	72	0	-104
42	72	0	-104
43	72	0	-104
44	72	14	-104
45	72	19	-104
46	72	19	-104
47	72	19	-104
48	72	19	-104
49	72	19	-104
50	72	19	100
51	72	19	100
52	72	19	100
53	72	14	100
54	72	1	100
55	72	1	100
56	72	0	100
57	72	1	100
58	72	0	100
59	72	0	100
60	72	1	100
61	72	1	100
62	72	0	100
63	72	1	100
64	72	0	100
65	72	0	100
66	72	0	100
67	72	0	100
68	72	1	100
69	72	1	100
70	72	0	100
71	72	0	100
72	72	0	-104
73	72	0	-104
74	72	0	-104
75	72	0	-104
76	72	1	-104
77	72	0	-104
78	72	0	-104
79	72	0	-104
80	72	0	-104
81	72	0	-104
82	72	0	-104
83	72	1	-104
84	72	1	-104
85	72	1	-104
86	72	0	-104
87	72	0	-104
88	72	0	-104
89	72	1	-104
90	72	0	-104
91	72	1	-104
92	72	1	-104
93	72	1	-104
94	72	0	-104
95	72	0	-104
96	72	1	-104
97	72	0	-104
98	72	0	-104
99	72	1	-104
100	72	0	-104
101	72	1	-104
102	72	0	-104
103	72	0	-104
104	72	0	-104
105	72	0	-104
106	72	0	100
107	72	1	100
108	72	1	100
109	72	0	100
110	72	1	100
111	72	0	100
112	72	1	100
113	72	1	100
114	72	0	100
115	72	1	100
116	72	0	100
117	72	1	-104
118	72	1	-104
119	72	1	-104
120	72	0	-104
121	72	1	-104
122	72	0	-104
123	72	0	-104
124	72	0	-104
125	72	1	-104
126	72	0	100
127	72	0	100
128	72	0	0
0	73	0	0
1	73	1	100
2	73	1	100
3	73	1	100
4	73	1	100
5	73	0	100
6	73	0	100
7	73	0	100
8	73	1	100
9	73	1	100
10	73	1	100
11	73	0	100
12	73	0	100
13	73	1	100
14	73	1	100
15	73	1	100
16	73	1	100
17	73	0	100
18	73	1	100
19	73	0	100
20	73	1	100
21	73	1	100
22	73	1	100
23	73	1	100
24	73	1	100
25	73	0	100
26	73	1	100
27	73	0	100
28	73	1	100
29	73	1	100
30	73	0	100
31	73	0	100
32	73	0	100
33	73	1	100
34	73	1	100
35	73	1	100
36	73	1	100
37	73	0	100
38	73	0	100
39	73	0	100
40	73	0	-104
41	73	0	-104
42	73	0	-104
43	73	14	-104
44	73	19	-104
45	73	19	-104
46	73	19	-104
47	73	19	-104
48	73	19	-104
49	73	19	-104
50	73	19	100
51	73	19	100
52	73	14	100
53	73	0	100
54	73	0	100
55	73	0	100
56	73	0	100
57	73	1	100
58	73	0	100
59	73	1	100
60	73	0	100
61	73	0	100
62	73	1	100
63	73	1	100
64	73	0	100
65	73	1	100
66	73	1	100
67	73	1	100
68	73	0	100
69	73	0	100
70	73	0	100
71	73	1	100
72	73	0	100
73	73	0	100
74	73	0	100
75	73	0	100
76	73	1	100
77	73	1	100
78	73	0	100
79	73	0	100
80	73	1	100
81	73	0	100
82	73	0	-104
83	73	0	-104
84	73	1	-104
85	73	1	-104
86	73	1	-104
87	73	0	-104
88	73	1	-104
89	73	1	-104
90	73	1	-104
91	73	1	-104
92	73	1	-104
93	73	1	-104
94	73	1	100
95	73	1	100
96	73	0	100
97	73	0	100
98	73	1	100
99	73	1	100
100	73	0	100
101	73	1	100
102	73	1	100
103	73	0	100
104	73	0	100
105	73	0	100
106	73	1	100
107	73	1	100
108	73	0	100
109	73	0	100
110	73	1	100
111	73	1	100
112	73	0	100
113	73	1	100
114	73	0	100
115	73	1	100
116	73	1	100
117	73	0	-104
118	73	1	-104
119	73	1	-104
120	73	1	-104
121	73	0	-104
122	73	0	-104
123	73	1	-104
124	73	0	-104
125	73	0	-104
126	73	0	100
127	73	0	100
128	73	0	0
0	74	0	0
1	74	0	100
2	74	0	100
3	74	1	100
4	74	1	100
5	74	0	100
6	74	1	100
7	74	0	100
8	74	0	100
9	74	0	100
10	74	0	100
11	74	0	100
12	74	0	100
13	74	1	100
14	74	1	100
15	74	1	100
16	74	1	100
17	74	0	100
18	74	0	100
19	74	1	100
20	74	0	100
21	74	1	100
22	74	0	100
23	74	0	100
24	74	1	100
25	74	1	100
26	74	1	100
27	74	0	100
28	74	1	100
29	74	0	100
30	74	0	100
31	74	0	100
32	74	1	100
33	74	1	100
34	74	0	100
35	74	1	100
36	74	0	100
37	74	1	100
38	74	1	100
39	74	1	100
40	74	0	-104
41	74	14	-104
42	74	14	-104
43	74	19	-104
44	74	19	-104
45	74	19	-104
46	74	19	-104
47	74	19	-104
48	74	19	-104
49	74	19	-104
50	74	19	100
51	74	14	100
52	74	14	100
53	74	1	100
54	74	0	100
55	74	0	100
56	74	0	100
57	74	0	100
58	74	0	100
59	74	1	100
60	74	1	100
61	74	1	100
62	74	0	100
63	74	1	100
64	74	0	100
65	74	1	100
66	74	0	100
67	74	1	100
68	74	1	100
69	74	0	100
70	74	0	100
71	74	0	100
72	74	1	100
73	74	0	100
74	74	0	100
75	74	1	100
76	74	1	100
77	74	1	100
78	74	1	100
79	74	0	100
80	74	0	100
81	74	0	100
82	74	0	-104
83	74	0	-104
84	74	0	-104
85	74	1	-104
86	74	0	-104
87	74	1	-104
88	74	1	-104
89	74	1	-104
90	74	1	-104
91	74	1	-104
92	74	0	-104
93	74	1	-104
94	74	0	100
95	74	0	100
96	74	1	100
97	74	0	100
98	74	0	100
99	74	1	100
100	74	1	100
101	74	1	100
102	74	1	100
103	74	1	100
104	74	0	100
105	74	0	100
106	74	1	100
107	74	1	100
108	74	0	100
109	74	0	100
110	74	1	100
111	74	1	100
112	74	1	100
113	74	1	100
114	74	1	100
115	74	1	100
116	74	0	100
117	74	0	-104
118	74	0	-104
119	74	0	-104
120	74	1	-104
121	74	1	-104
122	74	0	-104
123	74	1	-104
124	74	0	-104
125	74	1	-104
126	74	0	100
127	74	0	100
128	74	1	0
0	75	0	0
1	75	1	100
2	75	0	100
3	75	1	100
4	75	0	100
5	75	1	100
6	75	1	100
7	75	1	100
8	75	0	100
9	75	0	100
10	75	0	100
11	75	0	100
12	75	0	100
13	75	1	100
14	75	0	100
15	75	1	100
16	75	1	100
17	75	0	100
18	75	0	100
19	75	0	100
20	75	1	100
21	75	1	100
22	75	0	100
23	75	1	100
24	75	0	100
25	75	1	100
26	75	1	100
27	75	0	100
28	75	1	100
29	75	0	100
30	75	0	100
31	75	1	100
32	75	1	100
33	75	1	100
34	75	0	100
35	75	0	100
36	75	1	100
37	75	0	100
38	75	1	100
39	75	0	100
40	75	14	-104
41	75	19	-104
42	75	19	-104
43	75	19	-104
44	75	19	-104
45	75	19	-104
46	75	19	-104
47	75	19	-104
48	75	19	-104
49	75	19	-104
50	75	19	100
51	75	14	100
52	75	0	100
53	75	1	100
54	75	0	100
55	75	1	100
56	75	0	100
57	75	1	100
58	75	0	100
59	75	0	100
60	75	0	100
61	75	1	100
62	75	1	100
63	75	0	100
64	75	0	100
65	75	0	100
66	75	1	100
67	75	0	100
68	75	1	100
69	75	1	100
70	75	1	100
71	75	1	100
72	75	0	100
73	75	1	100
74	75	1	100
75	75	1	100
76	75	1	100
77	75	0	100
78	75	0	100
79	75	1	100
80	75	0	100
81	75	0	100
82	75	1	-104
83	75	1	-104
84	75	1	-104
85	75	0	-104
86	75	0	-104
87	75	1	-104
88	75	1	-104
89	75	1	-104
90	75	0	-104
91	75	0	-104
92	75	0	-104
93	75	1	-104
94	75	0	100
95	75	1	100
96	75	0	100
97	75	0	100
98	75	1	100
99	75	0	100
100	75	1	100
101	75	0	100
102	75	0	100
103	75	0	100
104	75	0	100
105	75	0	100
106	75	1	100
107	75	1	100
108	75	0	100
109	75	1	100
110	75	1	100
111	75	0	100
112	75	1	100
113	75	0	100
114	75	1	100
115	75	0	100
116	75	0	-104
117	75	0	-104
118	75	0	-104
119	75	1	-104
120	75	0	-104
121	75	0	-104
122	75	1	-104
123	75	0	-104
124	75	1	-104
125	75	0	-104
126	75	1	-104
127	75	1	100
128	75	0	0
0	76	1	0
1	76	0	100
2	76	0	100
3	76	0	100
4	76	0	100
5	76	0	100
6	76	0	100
7	76	1	100
8	76	0	100
9	76	1	100
10	76	0	100
11	76	0	100
12	76	0	100
13	76	0	100
14	76	0	100
15	76	1	100
16	76	1	100
17	76	1	100
18	76	1	100
19	76	1	100
20	76	0	100
21	76	0	100
22	76	1	100
23	76	1	100
24	76	1	100
25	76	0	100
26	76	0	100
27	76	0	100
28	76	0	100
29	76	1	100
30	76	0	100
31	76	0	100
32	76	0	100
33	76	1	100
34	76	0	100
35	76	0	100
36	76	0	100
37	76	1	100
38	76	0	100
39	76	14	100
40	76	19	-104
41	76	19	-104
42	76	19	-104
43	76	19	-104
44	76	19	-104
45	76	19	-104
46	76	19	-104
47	76	19	-104
48	76	19	-104
49	76	19	-104
50	76	14	100
51	76	1	100
52	76	0	100
53	76	0	100
54	76	1	100
55	76	0	100
56	76	0	100
57	76	1	100
58	76	0	100
59	76	0	100
60	76	1	100
61	76	0	100
62	76	0	100
63	76	0	100
64	76	1	100
65	76	0	100
66	76	1	100
67	76	0	100
68	76	0	100
69	76	1	100
70	76	1	100
71	76	0	100
72	76	0	100
73	76	0	100
74	76	1	100
75	76	1	100
76	76	1	100
77	76	1	100
78	76	0	100
79	76	0	100
80	76	1	100
81	76	1	100
82	76	0	-104
83	76	0	-104
84	76	0	-104
85	76	0	-104
86	76	1	-104
87	76	1	-104
88	76	0	-104
89	76	0	-104
90	76	0	-104
91	76	0	-104
92	76	1	-104
93	76	0	-104
94	76	0	100
95	76	0	100
96	76	1	100
97	76	1	100
98	76	1	100
99	76	0	100
100	76	1	100
101	76	0	100
102	76	0	100
103	76	0	100
104	76	1	100
105	76	1	100
106	76	0	100
107	76	0	100
108	76	1	100
109	76	0	100
110	76	1	100
111	76	0	100
112	76	0	100
113	76	1	100
114	76	0	100
115	76	1	100
116	76	1	-104
117	76	0	-104
118	76	0	-104
119	76	0	-104
120	76	1	-104
121	76	0	-104
122	76	0	-104
123	76	1	-104
124	76	0	-104
125	76	0	-104
126	76	0	-104
127	76	1	100
128	76	1	0
0	77	1	0
1	77	0	100
2	77	0	100
3	77	1	100
4	77	0	100
5	77	0	100
6	77	0	100
7	77	0	100
8	77	1	100
9	77	0	100
10	77	0	100
11	77	1	100
12	77	1	100
13	77	1	100
14	77	1	100
15	77	1	100
16	77	1	100
17	77	1	100
18	77	1	100
19	77	1	100
20	77	1	100
21	77	0	100
22	77	1	100
23	77	1	100
24	77	0	100
25	77	0	100
26	77	0	100
27	77	0	100
28	77	0	100
29	77	0	100
30	77	1	100
31	77	0	100
32	77	0	100
33	77	0	100
34	77	1	100
35	77	0	100
36	77	1	100
37	77	0	100
38	77	14	100
39	77	213	100
40	77	213	-104
41	77	213	-104
42	77	19	-104
43	77	19	-104
44	77	19	-104
45	77	19	-104
46	77	213	-104
47	77	213	-104
48	77	19	-104
49	77	14	-104
50	77	1	100
51	77	0	100
52	77	1	100
53	77	0	100
54	77	0	100
55	77	0	100
56	77	1	100
57	77	0	100
58	77	1	100
59	77	1	100
60	77	0	100
61	77	0	100
62	77	1	100
63	77	1	100
64	77	0	100
65	77	0	100
66	77	0	100
67	77	0	100
68	77	0	100
69	77	0	100
70	77	0	100
71	77	0	100
72	77	0	100
73	77	0	100
74	77	1	100
75	77	0	100
76	77	1	100
77	77	0	100
78	77	1	100
79	77	1	100
80	77	0	100
81	77	1	100
82	77	0	-104
83	77	1	-104
84	77	0	-104
85	77	0	-104
86	77	0	-104
87	77	1	-104
88	77	1	-104
89	77	1	-104
90	77	0	-104
91	77	1	-104
92	77	0	-104
93	77	0	-104
94	77	1	100
95	77	0	100
96	77	1	100
97	77	1	100
98	77	1	100
99	77	0	100
100	77	1	100
101	77	1	100
102	77	0	100
103	77	1	100
104	77	1	100
105	77	0	100
106	77	1	100
107	77	0	100
108	77	1	100
109	77	0	100
110	77	0	100
111	77	0	100
112	77	1	100
113	77	1	100
114	77	0	100
115	77	1	100
116	77	1	-104
117	77	0	-104
118	77	0	-104
119	77	0	-104
120	77	0	-104
121	77	1	-104
122	77	0	-104
123	77	0	-104
124	77	0	-104
125	77	0	-104
126	77	0	-104
127	77	1	100
128	77	1	0
0	78	0	0
1	78	0	100
2	78	0	100
3	78	1	100
4	78	0	100
5	78	1	100
6	78	0	100
7	78	0	100
8	78	1	100
9	78	1	100
10	78	0	100
11	78	0	100
12	78	0	100
13	78	0	100
14	78	1	100
15	78	1	100
16	78	0	100
17	78	0	100
18	78	1	100
19	78	1	100
20	78	0	100
21	78	1	100
22	78	0	100
23	78	0	100
24	78	0	100
25	78	0	100
26	78	1	100
27	78	1	100
28	78	0	100
29	78	1	100
30	78	1	100
31	78	0	100
32	78	0	100
33	78	1	100
34	78	1	100
35	78	0	100
36	78	1	100
37	78	14	100
38	78	213	100
39	78	1	100
40	78	213	-104
41	78	19	-104
42	78	19	-104
43	78	19	-104
44	78	19	-104
45	78	213	-104
46	78	213	-104
47	78	213	-104
48	78	14	-104
49	78	1	-104
50	78	0	100
51	78	0	100
52	78	0	100
53	78	0	100
54	78	0	100
55	78	0	100
56	78	1	100
57	78	0	100
58	78	0	100
59	78	0	100
60	78	1	100
61	78	0	100
62	78	0	100
63	78	1	100
64	78	1	100
65	78	1	100
66	78	0	100
67	78	1	100
68	78	0	100
69	78	0	100
70	78	1	100
71	78	1	100
72	78	1	100
73	78	1	100
74	78	1	100
75	78	1	100
76	78	1	100
77	78	0	100
78	78	1	100
79	78	0	100
80	78	0	100
81	78	0	100
82	78	1	-104
83	78	0	-104
84	78	1	-104
85	78	0	-104
86	78	0	-104
87	78	0	-104
88	78	1	-104
89	78	1	-104
90	78	1	-104
91	78	1	-104
92	78	1	-104
93	78	1	-104
94	78	1	100
95	78	1	100
96	78	1	100
97	78	0	100
98	78	0	100
99	78	1	100
100	78	1	100
101	78	0	100
102	78	1	100
103	78	1	100
104	78	0	100
105	78	1	100
106	78	0	100
107	78	1	100
108	78	0	100
109	78	1	100
110	78	1	100
111	78	1	100
112	78	1	100
113	78	0	100
114	78	0	100
115	78	0	100
116	78	0	-104
117	78	1	-44
118	78	1	-44
119	78	0	-104
120	78	1	-104
121	78	0	-104
122	78	1	-104
123	78	0	-104
124	78	0	-44
125	78	1	-44
126	78	1	-104
127	78	0	100
128	78	1	0
0	79	0	0
1	79	0	100
2	79	0	100
3	79	0	100
4	79	1	100
5	79	0	100
6	79	0	100
7	79	0	100
8	79	0	100
9	79	1	100
10	79	1	100
11	79	0	100
12	79	0	100
13	79	1	100
14	79	1	100
15	79	1	100
16	79	1	100
17	79	1	100
18	79	0	100
19	79	1	100
20	79	1	100
21	79	1	100
22	79	0	100
23	79	1	100
24	79	0	100
25	79	0	100
26	79	0	100
27	79	0	100
28	79	0	100
29	79	1	100
30	79	0	100
31	79	1	100
32	79	1	100
33	79	0	100
34	79	1	100
35	79	1	100
36	79	14	100
37	79	213	100
38	79	213	100
39	79	213	100
40	79	19	-104
41	79	19	-104
42	79	19	-104
43	79	19	-104
44	79	213	-104
45	79	213	-104
46	79	213	-104
47	79	14	-104
48	79	1	-104
49	79	0	-104
50	79	0	100
51	79	1	100
52	79	0	100
53	79	0	100
54	79	0	100
55	79	0	100
56	79	0	100
57	79	0	100
58	79	0	100
59	79	1	100
60	79	0	100
61	79	1	100
62	79	0	100
63	79	1	100
64	79	0	100
65	79	0	100
66	79	1	100
67	79	1	100
68	79	1	100
69	79	1	100
70	79	0	100
71	79	0	100
72	79	1	100
73	79	0	100
74	79	1	100
75	79	0	100
76	79	0	100
77	79	1	100
78	79	0	100
79	79	1	100
80	79	1	100
81	79	0	100
82	79	1	-104
83	79	1	-104
84	79	0	-104
85	79	1	-104
86	79	1	-104
87	79	1	-104
88	79	0	-104
89	79	1	-104
90	79	1	-104
91	79	0	-104
92	79	0	-104
93	79	1	-104
94	79	0	100
95	79	1	100
96	79	1	100
97	79	0	100
98	79	1	100
99	79	0	100
100	79	1	100
101	79	1	100
102	79	0	100
103	79	1	100
104	79	1	100
105	79	0	100
106	79	0	100
107	79	1	100
108	79	1	100
109	79	1	100
110	79	0	100
111	79	1	100
112	79	1	100
113	79	1	100
114	79	0	100
115	79	0	100
116	79	1	-104
117	79	1	-44
118	79	0	-44
119	79	0	-104
120	79	1	-104
121	79	0	-104
122	79	1	-104
123	79	0	-104
124	79	1	-44
125	79	0	-44
126	79	1	-104
127	79	0	100
128	79	0	0
0	80	1	0
1	80	1	100
2	80	0	100
3	80	0	100
4	80	1	100
5	80	1	100
6	80	1	100
7	80	0	100
8	80	1	100
9	80	0	100
10	80	0	100
11	80	0	100
12	80	0	100
13	80	0	100
14	80	0	100
15	80	0	100
16	80	1	100
17	80	1	100
18	80	0	100
19	80	1	100
20	80	1	100
21	80	0	100
22	80	1	100
23	80	0	100
24	80	1	100
25	80	1	100
26	80	0	100
27	80	0	100
28	80	0	100
29	80	1	100
30	80	0	100
31	80	0	100
32	80	0	100
33	80	0	100
34	80	0	100
35	80	14	100
36	80	19	100
37	80	19	100
38	80	19	100
39	80	19	100
40	80	19	-104
41	80	19	-104
42	80	19	-104
43	80	19	-104
44	80	19	-104
45	80	19	-104
46	80	14	-104
47	80	0	-104
48	80	1	-104
49	80	0	-104
50	80	1	100
51	80	0	100
52	80	1	100
53	80	1	100
54	80	0	100
55	80	1	100
56	80	1	100
57	80	356	100
58	80	356	100
59	80	357	100
60	80	356	100
61	80	358	100
62	80	356	100
63	80	357	100
64	80	356	100
65	80	358	100
66	80	356	100
67	80	357	100
68	80	356	100
69	80	358	100
70	80	356	100
71	80	357	100
72	80	356	100
73	80	358	100
74	80	356	100
75	80	357	100
76	80	356	100
77	80	358	100
78	80	356	100
79	80	357	100
80	80	359	100
81	80	358	100
82	80	358	-104
83	80	359	-104
84	80	357	-104
85	80	360	-104
86	80	359	-104
87	80	1	-104
88	80	0	-104
89	80	1	-104
90	80	1	-104
91	80	1	-104
92	80	0	-104
93	80	1	-104
94	80	0	100
95	80	1	100
96	80	1	100
97	80	356	100
98	80	356	100
99	80	357	100
100	80	357	100
101	80	356	100
102	80	356	100
103	80	356	100
104	80	357	100
105	80	356	100
106	80	356	100
107	80	356	100
108	80	357	100
109	80	356	100
110	80	356	100
111	80	356	100
112	80	357	100
113	80	356	100
114	80	356	100
115	80	356	100
116	80	361	-104
117	80	1	-104
118	80	1	-104
119	80	1	-104
120	80	1	-104
121	80	1	-104
122	80	1	-104
123	80	1	-104
124	80	1	-104
125	80	0	-104
126	80	0	-104
127	80	0	100
128	80	0	0
0	81	1	0
1	81	1	100
2	81	1	100
3	81	1	100
4	81	1	100
5	81	1	100
6	81	0	100
7	81	0	100
8	81	0	100
9	81	0	100
10	81	0	100
11	81	1	100
12	81	1	100
13	81	1	100
14	81	0	100
15	81	0	100
16	81	1	100
17	81	1	100
18	81	0	100
19	81	1	100
20	81	1	100
21	81	1	100
22	81	1	100
23	81	1	100
24	81	0	100
25	81	1	100
26	81	0	100
27	81	0	100
28	81	1	100
29	81	1	100
30	81	0	100
31	81	1	100
32	81	0	100
33	81	0	100
34	81	14	100
35	81	19	100
36	81	19	100
37	81	19	100
38	81	19	100
39	81	19	100
40	81	19	-104
41	81	19	-104
42	81	19	-104
43	81	19	-104
44	81	19	-104
45	81	14	-104
46	81	1	-104
47	81	1	-104
48	81	0	-104
49	81	1	-104
50	81	1	100
51	81	1	100
52	81	1	100
53	81	0	100
54	81	1	100
55	81	0	100
56	81	361	100
57	81	362	100
58	81	362	100
59	81	362	100
60	81	362	100
61	81	362	100
62	81	362	100
63	81	362	100
64	81	362	100
65	81	362	100
66	81	362	100
67	81	362	100
68	81	362	100
69	81	362	100
70	81	362	100
71	81	362	100
72	81	362	100
73	81	362	100
74	81	362	100
75	81	362	100
76	81	362	100
77	81	362	100
78	81	362	100
79	81	362	100
80	81	362	100
81	81	362	100
82	81	362	-104
83	81	362	-104
84	81	362	-104
85	81	362	-104
86	81	362	-104
87	81	362	-104
88	81	362	-104
89	81	362	-104
90	81	362	-104
91	81	362	-104
92	81	362	-104
93	81	362	-104
94	81	362	100
95	81	362	100
96	81	362	100
97	81	362	100
98	81	362	100
99	81	362	100
100	81	362	100
101	81	362	100
102	81	362	100
103	81	362	100
104	81	362	100
105	81	362	100
106	81	362	100
107	81	362	100
108	81	362	100
109	81	362	100
110	81	362	100
111	81	362	100
112	81	362	100
113	81	362	100
114	81	362	100
115	81	361	100
116	81	1	-104
117	81	0	-104
118	81	1	-104
119	81	0	-104
120	81	1	-104
121	81	0	-104
122	81	0	-104
123	81	1	-104
124	81	1	-104
125	81	1	-104
126	81	0	-104
127	81	1	100
128	81	1	0
0	82	0	0
1	82	0	100
2	82	0	100
3	82	1	100
4	82	0	100
5	82	0	100
6	82	1	100
7	82	0	100
8	82	1	100
9	82	1	100
10	82	1	-104
11	82	1	-104
12	82	1	-104
13	82	0	-104
14	82	0	-104
15	82	0	-104
16	82	1	-104
17	82	1	-104
18	82	0	-104
19	82	1	-104
20	82	0	-104
21	82	1	-104
22	82	1	-104
23	82	0	-104
24	82	1	-104
25	82	0	-104
26	82	0	-104
27	82	0	-104
28	82	1	-104
29	82	1	-104
30	82	1	-104
31	82	0	-104
32	82	0	-104
33	82	14	-104
34	82	14	-104
35	82	14	-104
36	82	19	-104
37	82	19	-104
38	82	19	-104
39	82	19	-104
40	82	19	-104
41	82	19	-104
42	82	14	-104
43	82	14	-104
44	82	14	-104
45	82	1	-104
46	82	1	-104
47	82	1	-104
48	82	1	-104
49	82	0	-104
50	82	0	-104
51	82	1	-104
52	82	1	-104
53	82	1	-104
54	82	1	-104
55	82	361	-104
56	82	363	-104
57	82	363	-104
58	82	363	-104
59	82	363	-104
60	82	363	-104
61	82	363	-104
62	82	363	-104
63	82	363	-104
64	82	363	-104
65	82	363	-104
66	82	363	-104
67	82	363	-104
68	82	363	-104
69	82	363	100
70	82	363	100
71	82	363	100
72	82	363	100
73	82	363	100
74	82	363	100
75	82	363	100
76	82	363	100
77	82	363	100
78	82	363	100
79	82	363	100
80	82	363	100
81	82	363	100
82	82	363	-104
83	82	363	-104
84	82	363	-104
85	82	363	-104
86	82	363	-104
87	82	363	-104
88	82	363	-104
89	82	363	-104
90	82	363	-104
91	82	363	-104
92	82	363	-104
93	82	363	-104
94	82	363	100
95	82	363	100
96	82	363	100
97	82	363	100
98	82	363	100
99	82	363	100
100	82	363	100
101	82	363	100
102	82	363	100
103	82	363	100
104	82	363	100
105	82	363	100
106	82	363	100
107	82	363	100
108	82	363	100
109	82	363	100
110	82	363	100
111	82	363	100
112	82	363	100
113	82	363	100
114	82	361	100
115	82	0	100
116	82	0	-104
117	82	1	-104
118	82	0	-104
119	82	1	-104
120	82	0	-104
121	82	0	-104
122	82	0	-104
123	82	1	-104
124	82	1	-104
125	82	1	-104
126	82	0	-104
127	82	1	100
128	82	0	0
0	83	0	0
1	83	1	100
2	83	1	100
3	83	1	100
4	83	0	100
5	83	1	100
6	83	1	100
7	83	1	100
8	83	0	100
9	83	0	100
10	83	0	-104
11	83	1	-104
12	83	0	-104
13	83	1	-104
14	83	1	-104
15	83	1	-104
16	83	1	-104
17	83	1	-104
18	83	1	-104
19	83	0	-104
20	83	1	-104
21	83	1	-104
22	83	0	-104
23	83	1	-104
24	83	0	-104
25	83	0	-104
26	83	0	-104
27	83	1	-104
28	83	1	-104
29	83	0	-104
30	83	1	-104
31	83	1	-104
32	83	1	-104
33	83	1	-104
34	83	0	-104
35	83	1	-104
36	83	1	-104
37	83	1	-104
38	83	0	-104
39	83	1	-104
40	83	0	-104
41	83	1	-104
42	83	0	-104
43	83	0	-104
44	83	0	-104
45	83	0	-104
46	83	1	-104
47	83	0	-104
48	83	0	-104
49	83	0	-104
50	83	1	-104
51	83	1	-104
52	83	0	-104
53	83	1	-104
54	83	361	-104
55	83	359	-104
56	83	359	-104
57	83	359	-104
58	83	359	-104
59	83	359	-104
60	83	359	-104
61	83	359	-104
62	83	359	-104
63	83	359	-104
64	83	359	-104
65	83	359	-104
66	83	359	-104
67	83	359	-104
68	83	359	-104
69	83	359	100
70	83	359	100
71	83	359	100
72	83	359	100
73	83	359	100
74	83	359	100
75	83	359	100
76	83	359	100
77	83	359	100
78	83	359	100
79	83	359	100
80	83	359	100
81	83	359	100
82	83	359	-104
83	83	359	-104
84	83	359	-104
85	83	359	-104
86	83	359	-104
87	83	359	-104
88	83	359	-104
89	83	359	-104
90	83	359	-104
91	83	359	-104
92	83	359	-104
93	83	359	-104
94	83	359	100
95	83	359	100
96	83	359	100
97	83	359	100
98	83	359	100
99	83	359	100
100	83	359	100
101	83	359	100
102	83	359	100
103	83	359	100
104	83	359	100
105	83	359	100
106	83	359	100
107	83	359	100
108	83	359	100
109	83	359	100
110	83	359	100
111	83	359	100
112	83	359	100
113	83	361	100
114	83	1	100
115	83	0	100
116	83	1	100
117	83	1	100
118	83	0	-104
119	83	1	-104
120	83	1	-104
121	83	1	-104
122	83	0	-104
123	83	0	-104
124	83	0	-104
125	83	0	100
126	83	1	100
127	83	0	100
128	83	1	0
0	84	1	0
1	84	1	100
2	84	0	100
3	84	1	100
4	84	0	100
5	84	0	100
6	84	0	100
7	84	0	100
8	84	1	100
9	84	1	100
10	84	0	-104
11	84	1	-104
12	84	0	-104
13	84	0	-104
14	84	1	-104
15	84	0	-104
16	84	1	-104
17	84	1	-104
18	84	1	-104
19	84	0	-104
20	84	0	-104
21	84	1	-104
22	84	0	-104
23	84	1	-104
24	84	1	-104
25	84	0	-104
26	84	1	-104
27	84	0	-104
28	84	0	-104
29	84	1	-104
30	84	1	-104
31	84	0	-104
32	84	1	-104
33	84	1	-104
34	84	0	-104
35	84	1	-104
36	84	1	-104
37	84	1	-104
38	84	1	-104
39	84	0	-104
40	84	1	-104
41	84	1	-104
42	84	0	-104
43	84	0	-104
44	84	1	-104
45	84	0	-104
46	84	0	-104
47	84	0	-104
48	84	1	-104
49	84	0	-104
50	84	0	-104
51	84	0	-104
52	84	1	-104
53	84	361	-104
54	84	362	-104
55	84	362	-104
56	84	362	-104
57	84	362	-104
58	84	362	-104
59	84	362	-104
60	84	362	-104
61	84	362	-104
62	84	362	-104
63	84	362	-104
64	84	362	-104
65	84	362	-104
66	84	362	-104
67	84	362	-104
68	84	362	-104
69	84	362	100
70	84	362	100
71	84	362	100
72	84	362	100
73	84	362	100
74	84	362	100
75	84	362	100
76	84	362	100
77	84	362	100
78	84	362	100
79	84	362	100
80	84	362	100
81	84	362	100
82	84	362	-104
83	84	362	-104
84	84	362	-104
85	84	362	-104
86	84	362	-104
87	84	362	-104
88	84	362	-104
89	84	362	-104
90	84	362	-104
91	84	362	-104
92	84	362	-104
93	84	362	-104
94	84	362	100
95	84	362	100
96	84	362	100
97	84	362	100
98	84	362	100
99	84	362	100
100	84	362	100
101	84	362	100
102	84	362	100
103	84	362	100
104	84	362	100
105	84	362	100
106	84	362	100
107	84	362	100
108	84	362	100
109	84	362	100
110	84	362	100
111	84	362	100
112	84	356	100
113	84	0	100
114	84	1	100
115	84	1	100
116	84	1	100
117	84	1	100
118	84	0	-104
119	84	0	-104
120	84	1	-104
121	84	0	-104
122	84	1	-104
123	84	1	-104
124	84	1	-104
125	84	0	100
126	84	1	100
127	84	1	100
128	84	0	0
0	85	0	0
1	85	1	100
2	85	0	100
3	85	0	100
4	85	0	100
5	85	0	100
6	85	0	100
7	85	0	100
8	85	1	100
9	85	0	100
10	85	0	-104
11	85	0	-104
12	85	1	-104
13	85	0	-104
14	85	0	-104
15	85	0	-104
16	85	1	-104
17	85	1	-104
18	85	1	-104
19	85	0	-104
20	85	1	-104
21	85	1	-104
22	85	1	-104
23	85	0	-104
24	85	0	-104
25	85	0	-104
26	85	1	-104
27	85	0	-104
28	85	0	-104
29	85	1	-104
30	85	0	-104
31	85	0	-104
32	85	0	-104
33	85	1	-104
34	85	1	-104
35	85	1	-104
36	85	0	-104
37	85	0	-104
38	85	0	-104
39	85	0	-104
40	85	1	-104
41	85	0	-104
42	85	0	-104
43	85	0	-104
44	85	1	-104
45	85	0	-104
46	85	1	-104
47	85	0	-104
48	85	1	-104
49	85	1	-104
50	85	0	-104
51	85	1	-104
52	85	361	-104
53	85	361	-104
54	85	361	-104
55	85	361	-104
56	85	362	-104
57	85	362	-104
58	85	362	-104
59	85	362	-104
60	85	362	-104
61	85	362	-104
62	85	362	-104
63	85	362	-104
64	85	362	-104
65	85	362	-104
66	85	362	-104
67	85	362	-104
68	85	362	-104
69	85	362	100
70	85	362	100
71	85	362	100
72	85	362	100
73	85	362	100
74	85	362	100
75	85	362	100
76	85	362	100
77	85	362	100
78	85	362	100
79	85	362	100
80	85	362	100
81	85	362	100
82	85	364	-104
83	85	364	-104
84	85	364	-104
85	85	364	-104
86	85	364	-104
87	85	364	-104
88	85	364	-104
89	85	364	-104
90	85	364	-104
91	85	364	-104
92	85	364	-104
93	85	364	-104
94	85	362	100
95	85	362	100
96	85	362	100
97	85	362	100
98	85	362	100
99	85	362	100
100	85	362	100
101	85	362	100
102	85	362	100
103	85	362	100
104	85	362	100
105	85	362	100
106	85	362	100
107	85	362	100
108	85	362	100
109	85	361	100
110	85	361	100
111	85	361	100
112	85	0	100
113	85	0	100
114	85	1	100
115	85	0	100
116	85	1	100
117	85	0	100
118	85	1	-104
119	85	0	-104
120	85	0	-104
121	85	0	-104
122	85	1	-104
123	85	1	-104
124	85	0	-104
125	85	1	100
126	85	0	100
127	85	1	100
128	85	1	0
0	86	0	0
1	86	1	100
2	86	0	100
3	86	1	100
4	86	0	100
5	86	1	100
6	86	0	100
7	86	0	100
8	86	0	100
9	86	0	100
10	86	0	-104
11	86	1	-104
12	86	0	-104
13	86	0	-104
14	86	0	-104
15	86	1	-104
16	86	1	-104
17	86	1	-104
18	86	1	-104
19	86	0	-104
20	86	1	-104
21	86	1	-104
22	86	1	-104
23	86	1	-104
24	86	0	-104
25	86	0	-104
26	86	0	-104
27	86	0	-104
28	86	1	-104
29	86	0	-104
30	86	0	-104
31	86	0	-104
32	86	1	-104
33	86	0	-104
34	86	1	-104
35	86	1	-104
36	86	1	-104
37	86	0	-104
38	86	0	-104
39	86	1	-104
40	86	1	-104
41	86	0	-104
42	86	0	-104
43	86	1	-104
44	86	0	-104
45	86	1	-104
46	86	0	-104
47	86	0	-104
48	86	0	-103.912903
49	86	1	-103.888977
50	86	0	-104
51	86	361	-104
52	86	361	-104
53	86	361	-104
54	86	361	-104
55	86	362	-104
56	86	365	-104
57	86	366	-104
58	86	366	-104
59	86	367	-104
60	86	365	-104
61	86	367	-104
62	86	367	-104
63	86	366	-104
64	86	366	-104
65	86	366	-104
66	86	367	-104
67	86	366	-104
68	86	365	-104
69	86	366	100
70	86	365	100
71	86	365	100
72	86	367	100
73	86	365	100
74	86	367	100
75	86	365	100
76	86	366	100
77	86	365	100
78	86	366	100
79	86	366	100
80	86	366	100
81	86	367	100
82	86	365	-104
83	86	366	-104
84	86	365	-104
85	86	367	-104
86	86	367	-104
87	86	367	-104
88	86	367	-104
89	86	365	-104
90	86	365	-104
91	86	365	-104
92	86	367	-104
93	86	366	-104
94	86	367	100
95	86	366	100
96	86	365	100
97	86	365	100
98	86	366	100
99	86	365	100
100	86	365	100
101	86	366	100
102	86	367	100
103	86	367	100
104	86	365	100
105	86	366	100
106	86	365	100
107	86	362	100
108	86	361	100
109	86	361	100
110	86	361	100
111	86	1	100
112	86	0	100
113	86	1	100
114	86	0	100
115	86	0	100
116	86	1	100
117	86	0	100
118	86	0	-104
119	86	0	-104
120	86	0	-104
121	86	0	-104
122	86	1	-104
123	86	1	-104
124	86	1	-104
125	86	0	100
126	86	0	100
127	86	0	100
128	86	1	0
0	87	0	0
1	87	1	100
2	87	1	100
3	87	0	100
4	87	1	100
5	87	1	100
6	87	0	100
7	87	0	100
8	87	1	100
9	87	0	100
10	87	0	-104
11	87	1	-104
12	87	0	-104
13	87	0	-104
14	87	0	-164
15	87	0	-164
16	87	0	-164
17	87	0	-164
18	87	1	-164
19	87	0	-164
20	87	0	-164
21	87	0	-164
22	87	1	-164
23	87	1	-164
24	87	0	-164
25	87	0	-164
26	87	0	-164
27	87	0	-164
28	87	0	-164
29	87	1	-164
30	87	0	-164
31	87	1	-164
32	87	1	-164
33	87	0	-164
34	87	1	-164
35	87	0	-164
36	87	0	-164
37	87	0	-164
38	87	0	-164
39	87	0	-164
40	87	0	-164
41	87	1	-164
42	87	0	-164
43	87	1	-164
44	87	1	-164
45	87	1	-162.974091
46	87	1	-160.670044
47	87	1	-158.477005
48	87	0	-157.667542
49	87	1	-157.612671
50	87	361	-158.789017
51	87	361	-162.005478
52	87	361	-163.571854
53	87	361	-163.656097
54	87	362	-164
55	87	365	-164
56	87	366	-164
57	87	366	-164
58	87	366	-164
59	87	366	-164
60	87	366	-164
61	87	367	-164
62	87	366	-164
63	87	366	-164
64	87	365	-164
65	87	367	-164
66	87	368	-104
67	87	369	-104
68	87	367	-104
69	87	367	100
70	87	366	100
71	87	365	100
72	87	367	100
73	87	367	100
74	87	367	100
75	87	366	100
76	87	366	100
77	87	365	100
78	87	365	100
79	87	366	100
80	87	367	100
81	87	367	100
82	87	365	-104
83	87	367	-104
84	87	365	-104
85	87	366	-104
86	87	366	-104
87	87	366	-104
88	87	365	-104
89	87	365	-104
90	87	367	-104
91	87	367	-104
92	87	367	-104
93	87	370	-104
94	87	371	100
95	87	372	100
96	87	0	100
97	87	373	100
98	87	366	100
99	87	365	100
100	87	365	100
101	87	366	100
102	87	366	100
103	87	366	100
104	87	365	100
105	87	367	100
106	87	362	100
107	87	361	100
108	87	361	100
109	87	361	100
110	87	1	100
111	87	0	100
112	87	1	100
113	87	1	100
114	87	0	100
115	87	0	100
116	87	1	100
117	87	0	100
118	87	0	-104
119	87	0	-104
120	87	0	-104
121	87	1	-104
122	87	1	-104
123	87	0	-104
124	87	1	-104
125	87	1	100
126	87	1	100
127	87	1	100
128	87	0	0
0	88	0	0
1	88	0	100
2	88	1	100
3	88	0	100
4	88	1	100
5	88	0	100
6	88	0	100
7	88	0	100
8	88	0	100
9	88	0	100
10	88	0	-104
11	88	1	-104
12	88	1	-104
13	88	0	-104
14	88	1	-164
15	88	1	-164
16	88	0	-164
17	88	0	-164
18	88	1	-164
19	88	0	-162.938553
20	88	0	-160.066513
21	88	1	-158.736877
22	88	0	-160.178101
23	88	0	-162.376678
24	88	0	-163.76564
25	88	0	-164
26	88	0	-164
27	88	0	-164
28	88	0	-164
29	88	0	-164
30	88	1	-164
31	88	0	-164
32	88	0	-163.157593
33	88	1	-163.117538
34	88	0	-163.489349
35	88	0	-163.170731
36	88	0	-163.599731
37	88	1	-164
38	88	1	-164
39	88	1	-164
40	88	1	-164
41	88	0	-164
42	88	1	-164
43	88	1	-163.942978
44	88	1	-161.399185
45	88	0	-157.498642
46	88	0	-153.14978
47	88	1	-149.566452
48	88	1	-146.995163
49	88	361	-145.629868
50	88	361	-144.981461
51	88	361	-145.362
52	88	361	-148.799835
53	88	362	-153.391754
54	88	365	-157.666611
55	88	366	-163.577225
56	88	374	-164
57	88	375	-164
58	88	375	-164
59	88	375	-164
60	88	375	-164
61	88	375	-164
62	88	376	-164
63	88	366	-164
64	88	365	-164
65	88	377	-164
66	88	378	-104
67	88	379	-104
68	88	379	-104
69	88	379	100
70	88	379	100
71	88	379	100
72	88	379	100
73	88	379	100
74	88	379	100
75	88	369	100
76	88	365	100
77	88	367	100
78	88	367	100
79	88	374	100
80	88	376	100
81	88	367	100
82	88	367	-104
83	88	374	-104
84	88	376	-104
85	88	367	-104
86	88	367	-104
87	88	367	-104
88	88	374	-104
89	88	375	-104
90	88	376	-104
91	88	367	-104
92	88	365	-104
93	88	366	-104
94	88	370	100
95	88	371	100
96	88	380	100
97	88	365	100
98	88	366	100
99	88	365	100
100	88	365	100
101	88	367	100
102	88	367	100
103	88	367	100
104	88	381	100
105	88	362	100
106	88	361	100
107	88	361	100
108	88	361	100
109	88	0	100
110	88	1	100
111	88	0	100
112	88	0	100
113	88	1	100
114	88	1	100
115	88	0	100
116	88	0	100
117	88	1	100
118	88	0	-104
119	88	1	-104
120	88	1	-104
121	88	1	-104
122	88	0	-104
123	88	0	-104
124	88	0	-104
125	88	0	100
126	88	0	100
127	88	0	100
128	88	0	0
0	89	1	0
1	89	1	100
2	89	1	100
3	89	0	100
4	89	1	100
5	89	0	100
6	89	0	100
7	89	1	100
8	89	0	100
9	89	0	100
10	89	0	-104
11	89	1	-104
12	89	0	-104
13	89	1	-104
14	89	0	-164
15	89	1	-164
16	89	0	-164
17	89	0	-162.677231
18	89	1	-153.448288
19	89	1	-142.726242
20	89	1	-135.46875
21	89	0	-135.192261
22	89	1	-142.906509
23	89	1	-153.801437
24	89	0	-161.292191
25	89	1	-163.920135
26	89	1	-164
27	89	0	-164
28	89	0	-163.874435
29	89	0	-162.980362
30	89	0	-159.589691
31	89	0	-153.930832
32	89	1	-152.312897
33	89	1	-154.62442
34	89	1	-154.813263
35	89	1	-154.041565
36	89	0	-155.465912
37	89	0	-158.735062
38	89	1	-162.179108
39	89	1	-164
40	89	0	-164
41	89	0	-164
42	89	0	-163.792999
43	89	1	-159.682236
44	89	1	-154.570206
45	89	1	-150.611923
46	89	1	-146.721542
47	89	0	-143.650772
48	89	361	-141.248322
49	89	361	-136.260376
50	89	361	-130.941177
51	89	361	-128.244629
52	89	362	-128.874023
53	89	367	-133.301514
54	89	365	-140.378845
55	89	382	-150.929184
56	89	383	-161.759613
57	89	383	-164
58	89	383	-164
59	89	383	-164
60	89	384	-164
61	89	385	-164
62	89	366	-164
63	89	366	-164
64	89	386	-164
65	89	387	-164
66	89	388	-104
67	89	388	-104
68	89	388	-104
69	89	388	100
70	89	389	100
71	89	388	100
72	89	389	100
73	89	389	100
74	89	390	100
75	89	367	100
76	89	367	100
77	89	367	100
78	89	391	100
79	89	385	100
80	89	365	100
81	89	366	100
82	89	391	-104
83	89	392	-104
84	89	393	-104
85	89	379	-104
86	89	379	-104
87	89	394	-104
88	89	395	-104
89	89	396	-104
90	89	375	-104
91	89	376	-104
92	89	365	-104
93	89	365	-104
94	89	366	100
95	89	367	100
96	89	366	100
97	89	365	100
98	89	367	100
99	89	365	100
100	89	367	100
101	89	365	100
102	89	365	100
103	89	397	100
104	89	362	100
105	89	361	100
106	89	361	100
107	89	361	100
108	89	1	100
109	89	1	100
110	89	1	100
111	89	1	100
112	89	0	100
113	89	1	100
114	89	0	100
115	89	0	100
116	89	1	100
117	89	0	100
118	89	1	-104
119	89	0	-104
120	89	0	-104
121	89	0	-104
122	89	0	-104
123	89	0	-104
124	89	1	-104
125	89	0	100
126	89	1	100
127	89	0	100
128	89	1	0
0	90	1	0
1	90	0	100
2	90	1	100
3	90	0	100
4	90	0	100
5	90	0	100
6	90	0	100
7	90	0	100
8	90	0	100
9	90	0	100
10	90	1	-104
11	90	0	-104
12	90	0	-104
13	90	0	-104
14	90	1	-164
15	90	1	-164
16	90	0	-162.617386
17	90	0	-148.391205
18	90	1	-130.524597
19	90	1	-115.743065
20	90	1	-108.171532
21	90	1	-113.121185
22	90	1	-127.060265
23	90	1	-145.794052
24	90	0	-158.31369
25	90	1	-163.357986
26	90	0	-163.248642
27	90	0	-163.10527
28	90	1	-158.881454
29	90	1	-149.438156
30	90	0	-137.97522
31	90	0	-134.656113
32	90	0	-137.224426
33	90	0	-141.434036
34	90	0	-145.303619
35	90	1	-144.470734
36	90	1	-145.490707
37	90	1	-149.180817
38	90	0	-151.543777
39	90	0	-153.846848
40	90	1	-159.157471
41	90	0	-162.726105
42	90	1	-155.989426
43	90	1	-145.388229
44	90	1	-140.556076
45	90	1	-142.239716
46	90	1	-146.953461
47	90	361	-149.31636
48	90	361	-147.750992
49	90	361	-141.306808
50	90	361	-133.03331
51	90	362	-123.496902
52	90	365	-120.38604
53	90	367	-117.214241
54	90	382	-121.017044
55	90	383	-133.830719
56	90	383	-150.403519
57	90	383	-162.884338
58	90	384	-164
59	90	385	-164
60	90	365	-164
61	90	366	-164
62	90	366	-164
63	90	366	-164
64	90	386	-164
65	90	398	-164
66	90	387	-104
67	90	389	-104
68	90	399	-104
69	90	398	100
70	90	398	100
71	90	398	100
72	90	398	100
73	90	400	100
74	90	367	100
75	90	366	100
76	90	366	100
77	90	367	100
78	90	366	100
79	90	365	100
80	90	366	100
81	90	366	100
82	90	382	-104
83	90	401	-104
84	90	388	-104
85	90	388	-104
86	90	388	-104
87	90	402	-104
88	90	403	-104
89	90	403	-104
90	90	404	-104
91	90	375	-104
92	90	375	-104
93	90	376	-104
94	90	365	100
95	90	366	100
96	90	366	100
97	90	405	100
98	90	406	100
99	90	407	100
100	90	367	100
101	90	366	100
102	90	367	100
103	90	362	100
104	90	361	100
105	90	361	100
106	90	361	100
107	90	0	100
108	90	0	100
109	90	1	100
110	90	1	100
111	90	0	100
112	90	0	100
113	90	0	100
114	90	0	100
115	90	1	100
116	90	1	100
117	90	0	100
118	90	1	-104
119	90	1	-104
120	90	1	-104
121	90	0	-104
122	90	0	-104
123	90	0	-104
124	90	0	-104
125	90	0	100
126	90	1	100
127	90	0	100
128	90	1	0
0	91	0	0
1	91	0	100
2	91	0	100
3	91	1	100
4	91	1	100
5	91	1	100
6	91	1	100
7	91	0	100
8	91	1	100
9	91	1	100
10	91	1	-104
11	91	1	-104
12	91	0	-104
13	91	0	-104
14	91	0	-164
15	91	1	-164
16	91	0	-154.328415
17	91	1	-133.34285
18	91	1	-111.137985
19	91	1	-100.181267
20	91	1	-103.621574
21	91	0	-114.373741
22	91	1	-130.11734
23	91	1	-147.62764
24	91	0	-158.845459
25	91	1	-160.6026
26	91	1	-158.020279
27	91	1	-156.362076
28	91	1	-147.163239
29	91	0	-130.796692
30	91	0	-117.07032
31	91	0	-114.769524
32	91	0	-127.811684
33	91	1	-138.051651
34	91	0	-143.726242
35	91	0	-142.576294
36	91	0	-141.597
37	91	0	-140.671936
38	91	1	-138.925781
39	91	0	-141.208939
40	91	0	-149.139359
41	91	1	-153.852371
42	91	1	-144.284409
43	91	0	-131.047562
44	91	0	-128.201981
45	91	0	-139.325455
46	91	361	-150.969528
47	91	361	-158.39502
48	91	361	-159.472305
49	91	361	-154.334824
50	91	362	-147.406555
51	91	367	-140.18573
52	91	366	-133.314621
53	91	382	-121.637054
54	91	383	-111.834785
55	91	383	-118.634155
56	91	383	-140.377853
57	91	408	-158.895081
58	91	366	-164
59	91	365	-164
60	91	367	-164
61	91	367	-164
62	91	368	-164
63	91	379	-164
64	91	369	-164
65	91	386	-164
66	91	398	-104
67	91	400	-104
68	91	366	-104
69	91	365	100
70	91	365	100
71	91	366	100
72	91	365	100
73	91	365	100
74	91	367	100
75	91	367	100
76	91	366	100
77	91	365	100
78	91	366	100
79	91	374	100
80	91	375	100
81	91	409	100
82	91	401	-104
83	91	389	-104
84	91	388	-104
85	91	389	-104
86	91	388	-104
87	91	388	-104
88	91	388	-104
89	91	402	-104
90	91	395	-104
91	91	383	-104
92	91	408	-104
93	91	365	-104
94	91	365	100
95	91	366	100
96	91	410	100
97	91	362	100
98	91	411	100
99	91	365	100
100	91	366	100
101	91	365	100
102	91	362	100
103	91	361	100
104	91	361	100
105	91	361	100
106	91	1	100
107	91	1	100
108	91	0	100
109	91	1	100
110	91	0	100
111	91	0	100
112	91	1	100
113	91	0	100
114	91	0	100
115	91	1	100
116	91	1	100
117	91	1	100
118	91	0	-104
119	91	0	-104
120	91	1	-104
121	91	0	-104
122	91	0	-104
123	91	0	-104
124	91	1	-104
125	91	0	100
126	91	0	100
127	91	1	100
128	91	1	0
0	92	1	0
1	92	0	100
2	92	0	100
3	92	0	100
4	92	1	100
5	92	1	100
6	92	0	100
7	92	0	100
8	92	0	100
9	92	1	100
10	92	0	-104
11	92	0	-104
12	92	1	-104
13	92	0	-104
14	92	1	-164
15	92	0	-163.252945
16	92	0	-147.424652
17	92	0	-123.380295
18	92	0	-106.548004
19	92	0	-111.074066
20	92	1	-124.691765
21	92	1	-137.481323
22	92	0	-147.567184
23	92	0	-156.656387
24	92	1	-161.089722
25	92	1	-154.025345
26	92	0	-146.203979
27	92	1	-145.018631
28	92	1	-137.696564
29	92	1	-125.045006
30	92	0	-111.504623
31	92	0	-118.318398
32	92	0	-135.110321
33	92	1	-147.645737
34	92	1	-153.301239
35	92	1	-151.496475
36	92	1	-148.982864
37	92	0	-143.067169
38	92	1	-135.971802
39	92	0	-133.054947
40	92	1	-144.002197
41	92	0	-144.745728
42	92	1	-135.110367
43	92	1	-123.332382
44	92	1	-127.132881
45	92	361	-143.145065
46	92	361	-157.36467
47	92	361	-164
48	92	361	-164
49	92	362	-164
50	92	367	-160.676361
51	92	367	-158.530655
52	92	382	-154.30072
53	92	383	-134.785324
54	92	383	-117.585732
55	92	384	-115.316452
56	92	385	-135.102646
57	92	365	-156.671265
58	92	365	-164
59	92	367	-164
60	92	366	-70.856209
61	92	377	-70.856209
62	92	388	-164
63	92	390	-164
64	92	366	-164
65	92	366	-164
66	92	366	-104
67	92	367	-104
68	92	365	-104
69	92	365	100
70	92	367	100
71	92	365	100
72	92	365	100
73	92	366	100
74	92	365	100
75	92	366	100
76	92	367	100
77	92	365	100
78	92	382	100
79	92	383	100
80	92	412	100
81	92	413	100
82	92	389	-104
83	92	389	-104
84	92	389	-104
85	92	389	-104
86	92	389	-104
87	92	388	-104
88	92	389	-104
89	92	402	-104
90	92	395	-104
91	92	408	-104
92	92	367	-104
93	92	365	-104
94	92	366	100
95	92	410	100
96	92	362	100
97	92	411	100
98	92	366	100
99	92	365	100
100	92	367	100
101	92	362	100
102	92	361	100
103	92	361	100
104	92	361	100
105	92	0	100
106	92	0	100
107	92	0	100
108	92	0	100
109	92	1	100
110	92	1	100
111	92	0	100
112	92	0	100
113	92	1	100
114	92	414	100
115	92	415	100
116	92	414	100
117	92	414	100
118	92	1	-104
119	92	1	-104
120	92	0	-104
121	92	1	-104
122	92	1	-104
123	92	1	-104
124	92	1	-104
125	92	0	100
126	92	0	100
127	92	1	100
128	92	1	0
0	93	415	0
1	93	415	100
2	93	416	100
3	93	416	100
4	93	415	100
5	93	0	100
6	93	1	100
7	93	1	100
8	93	1	100
9	93	0	100
10	93	1	-104
11	93	0	-104
12	93	0	-104
13	93	1	-104
14	93	0	-164
15	93	1	-162.431992
16	93	1	-144.320282
17	93	0	-123.011818
18	93	0	-115.439331
19	93	417	-130.243225
20	93	418	-152.967987
21	93	418	-162.568695
22	93	417	-163.190475
23	93	418	-164
24	93	417	-160.374878
25	93	419	-144.907928
26	93	419	-131.933548
27	93	420	-133.572739
28	93	420	-135.188004
29	93	420	-136.664551
30	93	419	-130.610352
31	93	418	-136.061066
32	93	0	-150.450897
33	93	0	-161.879898
34	93	0	-163.524017
35	93	0	-161.952606
36	93	0	-160.007309
37	93	1	-153.491852
38	93	1	-145.524826
39	93	1	-142.966431
40	93	1	-145.393005
41	93	0	-140.376251
42	93	0	-132.113098
43	93	1	-127.266182
44	93	361	-137.280014
45	93	361	-152.961365
46	93	361	-162.286987
47	93	361	-164
48	93	362	-164
49	93	367	-164
50	93	367	-163.881271
51	93	382	-163.345078
52	93	383	-162.924164
53	93	383	-147.691101
54	93	408	-129.250076
55	93	367	-124.286827
56	93	365	-139.634033
57	93	365	-157.404099
58	93	366	-164
59	93	365	-164
60	93	377	-70.856209
61	93	388	-70.856209
62	93	378	-164
63	93	379	-164
64	93	369	-164
65	93	365	-164
66	93	366	-104
67	93	367	-104
68	93	366	-104
69	93	366	100
70	93	365	100
71	93	366	100
72	93	365	100
73	93	365	100
74	93	365	100
75	93	368	100
76	93	379	100
77	93	394	100
78	93	403	100
79	93	413	100
80	93	388	100
81	93	389	100
82	93	389	-104
83	93	421	-104
84	93	422	-104
85	93	388	-104
86	93	389	-104
87	93	389	-104
88	93	388	-104
89	93	423	-104
90	93	385	-104
91	93	366	-104
92	93	365	-104
93	93	366	-104
94	93	410	100
95	93	362	100
96	93	411	100
97	93	365	100
98	93	367	100
99	93	367	100
100	93	362	100
101	93	361	100
102	93	361	100
103	93	361	100
104	93	1	100
105	93	0	100
106	93	0	100
107	93	0	100
108	93	1	100
109	93	0	100
110	93	1	100
111	93	0	100
112	93	1	100
113	93	414	100
114	93	424	100
115	93	424	100
116	93	424	100
117	93	424	100
118	93	424	-104
119	93	424	-104
120	93	424	-104
121	93	424	-104
122	93	424	-104
123	93	424	-104
124	93	424	-104
125	93	424	100
126	93	424	100
127	93	424	100
128	93	424	0
0	94	424	0
1	94	424	100
2	94	424	100
3	94	415	100
4	94	1	100
5	94	0	100
6	94	0	100
7	94	0	100
8	94	1	100
9	94	1	100
10	94	1	-104
11	94	1	-104
12	94	1	-104
13	94	0	-104
14	94	1	-164
15	94	0	-161.599197
16	94	0	-145.587769
17	94	0	-126.845299
18	94	418	-124.710258
19	94	420	-142.104507
20	94	419	-161.880798
21	94	419	-164
22	94	420	-164
23	94	420	-164
24	94	419	-159.66124
25	94	419	-142.290314
26	94	420	-127.799339
27	94	420	-130.30072
28	94	419	-143.129593
29	94	420	-151.43103
30	94	418	-142.963013
31	94	0	-143.852356
32	94	1	-156.156448
33	94	0	-165.69313
34	94	1	-172.709274
35	94	1	-173.200012
36	94	0	-170.044937
37	94	0	-164.511276
38	94	1	-157.806137
39	94	1	-154.938034
40	94	0	-148.467041
41	94	0	-140.433533
42	94	1	-131.682251
43	94	361	-137.632416
44	94	361	-150.349014
45	94	361	-162.337494
46	94	361	-164
47	94	362	-162.78479
48	94	365	-162.223587
49	94	365	-162.245773
50	94	382	-157.988327
51	94	383	-154.873642
52	94	384	-154.022598
53	94	385	-146.635605
54	94	367	-138.832077
55	94	365	-138.400681
56	94	367	-149.327591
57	94	366	-160.682053
58	94	365	-164
59	94	386	-164
60	94	398	-70.856209
61	94	387	-70.856209
62	94	388	-164
63	94	390	-164
64	94	368	-164
65	94	379	-164
66	94	369	-104
67	94	368	-104
68	94	379	-104
69	94	379	100
70	94	379	100
71	94	369	100
72	94	374	100
73	94	375	100
74	94	425	100
75	94	389	100
76	94	388	100
77	94	389	100
78	94	388	100
79	94	421	-104
80	94	426	-104
81	94	426	-104
82	94	427	-104
83	94	428	-104
84	94	422	-104
85	94	388	-104
86	94	388	-104
87	94	399	-104
88	94	400	-104
89	94	365	-104
90	94	367	-104
91	94	367	-104
92	94	381	-104
93	94	429	-104
94	94	362	-104
95	94	411	-104
96	94	365	-104
97	94	367	-104
98	94	366	100
99	94	362	100
100	94	361	100
101	94	361	100
102	94	361	100
103	94	1	100
104	94	1	100
105	94	0	100
106	94	0	100
107	94	0	100
108	94	1	100
109	94	0	100
110	94	0	100
111	94	0	100
112	94	415	100
113	94	424	-104
114	94	0	-104
115	94	1	-104
116	94	1	-104
117	94	424	-104
118	94	424	-104
119	94	424	-104
120	94	424	-104
121	94	424	-104
122	94	424	-104
123	94	424	-104
124	94	424	-104
125	94	424	100
126	94	424	100
127	94	0	100
128	94	1	0
0	95	1	0
1	95	424	100
2	95	414	100
3	95	1	100
4	95	1	100
5	95	0	100
6	95	0	100
7	95	1	100
8	95	1	100
9	95	1	100
10	95	1	-104
11	95	0	-104
12	95	1	-104
13	95	1	-104
14	95	0	-164
15	95	1	-162.174835
16	95	0	-148.069214
17	95	418	-131.707306
18	95	420	-129.16333
19	95	420	-143.750092
20	95	419	-161.445221
21	95	419	-164
22	95	419	-164
23	95	419	-164
24	95	419	-161.69516
25	95	419	-148.62619
26	95	419	-136.802643
27	95	419	-138.738663
28	95	419	-151.136337
29	95	417	-153.138245
30	95	1	-140.048248
31	95	0	-134.841522
32	95	0	-148.791809
33	95	1	-173.218094
34	95	0	-188.388184
35	95	0	-189.890778
36	95	0	-185.440689
37	95	0	-176.902618
38	95	1	-168.364227
39	95	0	-162.366409
40	95	1	-152.589798
41	95	1	-141.220428
42	95	361	-138.12149
43	95	361	-146.198914
44	95	361	-157.503448
45	95	361	-160.487488
46	95	362	-156.494507
47	95	366	-153.001404
48	95	367	-152.347961
49	95	382	-147.203171
50	95	383	-143.411392
51	95	408	-140.515717
52	95	367	-141.686401
53	95	367	-144.574661
54	95	366	-144.200729
55	95	365	-149.001129
56	95	367	-157.226929
57	95	366	-163.620743
58	95	366	-164
59	95	366	-164
60	95	377	-70.856209
61	95	389	-70.856209
62	95	430	-164
63	95	425	-164
64	95	388	-164
65	95	378	-164
66	95	431	-104
67	95	388	-104
68	95	388	-104
69	95	388	100
70	95	378	100
71	95	432	100
72	95	383	100
73	95	401	100
74	95	388	100
75	95	389	100
76	95	389	100
77	95	389	100
78	95	433	100
79	95	383	-104
80	95	383	-104
81	95	412	-104
82	95	403	-104
83	95	413	-104
84	95	388	-104
85	95	399	-104
86	95	400	-104
87	95	367	-104
88	95	366	-104
89	95	365	-104
90	95	365	-104
91	95	397	-104
92	95	434	-104
93	95	362	-104
94	95	411	-104
95	95	365	-104
96	95	366	-104
97	95	365	-104
98	95	362	100
99	95	361	100
100	95	361	100
101	95	361	100
102	95	1	100
103	95	1	100
104	95	1	100
105	95	0	100
106	95	1	100
107	95	0	100
108	95	1	100
109	95	1	100
110	95	1	100
111	95	415	100
112	95	424	100
113	95	0	-104
114	95	1	-104
115	95	1	-104
116	95	424	-104
117	95	424	-104
118	95	424	-104
119	95	424	-104
120	95	424	-104
121	95	424	-104
122	95	424	-104
123	95	424	-104
124	95	424	-104
125	95	424	100
126	95	1	100
127	95	1	100
128	95	1	0
0	96	424	0
1	96	415	100
2	96	1	100
3	96	1	100
4	96	1	100
5	96	0	100
6	96	0	100
7	96	1	100
8	96	0	100
9	96	1	100
10	96	1	-104
11	96	1	-104
12	96	0	-104
13	96	0	-104
14	96	0	-164
15	96	1	-163.805557
16	96	417	-151.619202
17	96	419	-135.378052
18	96	419	-129.018967
19	96	435	-142.2565
20	96	436	-157.995651
21	96	437	-164
22	96	419	-164
23	96	420	-164
24	96	420	-163.532776
25	96	419	-156.037292
26	96	420	-148.90451
27	96	419	-150.210632
28	96	438	-157.344269
29	96	1	-150.339157
30	96	1	-130.602386
31	96	1	-124.857018
32	96	1	-149.829437
33	96	0	-183.209045
34	96	0	-205.733078
35	96	1	-209.983414
36	96	1	-205.537064
37	96	0	-193.863068
38	96	0	-181.143265
39	96	0	-170.187851
40	96	1	-161.234238
41	96	361	-151.410904
42	96	361	-149.601959
43	96	361	-152.735001
44	96	361	-156.164352
45	96	362	-150.433075
46	96	367	-144.345932
47	96	365	-141.338715
48	96	382	-139.185135
49	96	383	-135.986755
50	96	408	-132.362854
51	96	367	-132.508972
52	96	367	-137.010406
53	96	366	-144.309265
54	96	366	-150.796646
55	96	366	-157.055786
56	96	365	-162.261536
57	96	366	-164
58	96	368	-164
59	96	431	-164
60	96	421	-70.856209
61	96	427	-70.856209
62	96	401	-164
63	96	388	-164
64	96	388	-164
65	96	389	-164
66	96	389	-104
67	96	389	-104
68	96	388	-104
69	96	389	100
70	96	402	100
71	96	403	100
72	96	413	100
73	96	388	100
74	96	388	100
75	96	389	100
76	96	388	100
77	96	402	100
78	96	403	100
79	96	403	-104
80	96	413	-104
81	96	389	-44
82	96	388	-44
83	96	399	-104
84	96	400	-104
85	96	367	-104
86	96	367	-104
87	96	367	-104
88	96	366	-104
89	96	366	-104
90	96	365	-104
91	96	410	-104
92	96	362	-104
93	96	411	-104
94	96	367	-44
95	96	367	-44
96	96	366	-104
97	96	362	-104
98	96	361	100
99	96	361	100
100	96	361	100
101	96	1	100
102	96	0	100
103	96	1	100
104	96	0	100
105	96	0	100
106	96	0	100
107	96	1	100
108	96	0	100
109	96	1	100
110	96	416	100
111	96	424	100
112	96	1	100
113	96	0	-104
114	96	1	-104
115	96	424	-104
116	96	424	-104
117	96	424	-104
118	96	424	-104
119	96	424	-104
120	96	424	-104
121	96	424	-104
122	96	424	-104
123	96	424	-104
124	96	424	-104
125	96	0	100
126	96	1	100
127	96	1	100
128	96	424	0
0	97	415	0
1	97	1	100
2	97	0	100
3	97	1	100
4	97	1	100
5	97	1	100
6	97	0	100
7	97	1	100
8	97	0	100
9	97	0	100
10	97	0	-104
11	97	1	-104
12	97	1	-104
13	97	1	-104
14	97	1	-164
15	97	417	-163.993286
16	97	420	-154.542358
17	97	435	-137.278503
18	97	439	-127.4608
19	97	440	-138.101273
20	97	441	-154.766525
21	97	437	-164
22	97	420	-164
23	97	419	-164
24	97	419	-162.731552
25	97	419	-158.588562
26	97	419	-153.88092
27	97	438	-152.99614
28	97	1	-157.754547
29	97	0	-149.389252
30	97	0	-125.796837
31	97	0	-125.494446
32	97	0	-155.616608
33	97	0	-194.147644
34	97	1	-221.121841
35	97	0	-229.150116
36	97	0	-222.917053
37	97	1	-209.847473
38	97	1	-195.046738
39	97	1	-183.514572
40	97	361	-174.257797
41	97	361	-169.772217
42	97	361	-166.725204
43	97	361	-161.516296
44	97	362	-152.383362
45	97	366	-143.744904
46	97	366	-137.698685
47	97	382	-137.66748
48	97	383	-138.606781
49	97	396	-137.371887
50	97	376	-136.560944
51	97	365	-137.77739
52	97	366	-138.938385
53	97	366	-147.230072
54	97	366	-154.27533
55	97	366	-160.370163
56	97	365	-163.522049
57	97	377	-164
58	97	389	-164
59	97	433	-164
60	97	383	-70.856209
61	97	401	-70.856209
62	97	389	-164
63	97	389	-164
64	97	388	-164
65	97	388	-164
66	97	388	-104
67	97	389	-104
68	97	388	-104
69	97	388	100
70	97	389	100
71	97	388	100
72	97	388	100
73	97	388	100
74	97	389	100
75	97	389	100
76	97	399	100
77	97	398	100
78	97	398	100
79	97	398	-104
80	97	398	-104
81	97	398	-44
82	97	400	-44
83	97	365	-104
84	97	367	-104
85	97	366	-104
86	97	365	-104
87	97	365	-104
88	97	366	-104
89	97	367	-104
90	97	410	-104
91	97	362	-104
92	97	411	-104
93	97	366	-104
94	97	366	-44
95	97	365	-44
96	97	362	-104
97	97	361	-104
98	97	361	100
99	97	361	100
100	97	0	100
101	97	0	100
102	97	1	100
103	97	0	100
104	97	0	100
105	97	1	100
106	97	0	100
107	97	0	100
108	97	0	100
109	97	415	100
110	97	424	100
111	97	0	100
112	97	1	100
113	97	1	-104
114	97	424	-103.423073
115	97	424	-101.486305
116	97	424	-99.710945
117	97	424	-103.471382
118	97	424	-104
119	97	424	-104
120	97	424	-104
121	97	424	-104
122	97	424	-104
123	97	424	-104
124	97	0	-104
125	97	0	100
126	97	0	100
127	97	424	100
128	97	415	0
0	98	1	0
1	98	1	100
2	98	0	100
3	98	1	100
4	98	1	100
5	98	0	100
6	98	0	100
7	98	1	100
8	98	0	100
9	98	1	100
10	98	1	-104
11	98	1	-104
12	98	0	-104
13	98	1	-104
14	98	418	-164
15	98	419	-164
16	98	442	-156.188049
17	98	443	-137.031219
18	98	440	-124.993607
19	98	443	-134.691437
20	98	441	-152.767258
21	98	436	-164
22	98	436	-164
23	98	436	-164
24	98	437	-161.817596
25	98	420	-156.904999
26	98	417	-140.993713
27	98	0	-132.169113
28	98	0	-138.336395
29	98	1	-134.346069
30	98	1	-119.489899
31	98	1	-119.870224
32	98	1	-156.035583
33	98	0	-199.732803
34	98	1	-224.743973
35	98	1	-234.982208
36	98	1	-233.285767
37	98	1	-221.830841
38	98	0	-206.276855
39	98	361	-194.835495
40	98	361	-189.391983
41	98	361	-184.727219
42	98	361	-180.008911
43	98	362	-170.057343
44	98	367	-157.60791
45	98	366	-147.923569
46	98	382	-145.41568
47	98	383	-147.024887
48	98	383	-149.674561
49	98	408	-150.709763
50	98	366	-148.544281
51	98	366	-138.675919
52	98	366	-136.54277
53	98	365	-141.777328
54	98	367	-153.190948
55	98	368	-162.011414
56	98	444	-164
57	98	398	-164
58	98	445	-164
59	98	446	-164
60	98	447	-70.856209
61	98	388	-70.856209
62	98	388	-164
63	98	388	-164
64	98	388	-164
65	98	389	-164
66	98	389	-104
67	98	388	-104
68	98	389	-104
69	98	421	100
70	98	426	100
71	98	422	100
72	98	389	100
73	98	399	100
74	98	398	100
75	98	400	100
76	98	366	100
77	98	365	100
78	98	367	100
79	98	366	-104
80	98	365	-104
81	98	365	-44
82	98	365	-44
83	98	367	-104
84	98	366	-104
85	98	366	-104
86	98	365	-104
87	98	367	-104
88	98	367	-104
89	98	410	-104
90	98	362	-104
91	98	411	-104
92	98	365	-104
93	98	365	-104
94	98	365	-44
95	98	362	-44
96	98	361	-104
97	98	361	-104
98	98	361	100
99	98	0	100
100	98	0	100
101	98	0	100
102	98	1	100
103	98	0	100
104	98	1	100
105	98	1	100
106	98	0	100
107	98	1	100
108	98	414	100
109	98	424	100
110	98	424	100
111	98	448	100
112	98	449	100
113	98	450	-104
114	98	449	-103.287338
115	98	451	-67.045334
116	98	448	-81.069016
117	98	449	-100.460869
118	98	451	-103.926811
119	98	449	-104
120	98	450	-104
121	98	448	-104
122	98	450	-104
123	98	450	-104
124	98	451	-104
125	98	424	100
126	98	424	100
127	98	414	100
128	98	0	0
0	99	1	0
1	99	1	100
2	99	1	100
3	99	1	100
4	99	0	100
5	99	1	100
6	99	0	100
7	99	0	100
8	99	0	100
9	99	0	100
10	99	1	-104
11	99	1	-104
12	99	0	-104
13	99	417	-104
14	99	420	-164
15	99	442	-164
16	99	440	-155.348633
17	99	440	-136.935455
18	99	443	-125.893677
19	99	443	-135.42041
20	99	440	-152.355896
21	99	440	-164
22	99	443	-164
23	99	452	-163.695831
24	99	420	-159.649994
25	99	417	-148.038651
26	99	0	-124.414772
27	99	1	-108.088524
28	99	0	-112.919518
29	99	0	-110.929924
30	99	1	-100.73732
31	99	1	-104.895645
32	99	0	-146.353287
33	99	1	-192.284973
34	99	1	-217.623459
35	99	0	-229.280075
36	99	1	-231.116379
37	99	0	-223.25415
38	99	361	-209.388306
39	99	361	-202.733139
40	99	361	-197.196884
41	99	361	-192.41745
42	99	362	-187.513809
43	99	367	-177.723328
44	99	367	-166.831924
45	99	382	-158.91983
46	99	383	-156.533051
47	99	384	-160.112061
48	99	385	-161.877258
49	99	367	-157.656403
50	99	365	-144.515259
51	99	374	-130.298294
52	99	375	-124.253731
53	99	375	-132.924088
54	99	453	-148.567535
55	99	454	-161.49263
56	99	379	-164
57	99	455	-164
58	99	375	-164
59	99	425	-164
60	99	399	-70.856209
61	99	387	-70.856209
62	99	389	-164
63	99	389	-164
64	99	389	-164
65	99	388	-164
66	99	388	-104
67	99	388	-104
68	99	402	-104
69	99	403	100
70	99	456	100
71	99	422	100
72	99	378	100
73	99	369	100
74	99	366	100
75	99	367	100
76	99	365	100
77	99	367	100
78	99	366	100
79	99	367	-104
80	99	366	-104
81	99	367	-116
82	99	365	-116
83	99	365	-116
84	99	365	-116
85	99	366	-116
86	99	365	-116
87	99	367	-116
88	99	410	-116
89	99	362	-116
90	99	411	-116
91	99	367	-116
92	99	365	-116
93	99	365	-116
94	99	362	-116
95	99	361	-116
96	99	361	-104
97	99	361	-104
98	99	1	100
99	99	1	100
100	99	0	100
101	99	1	100
102	99	1	100
103	99	0	100
104	99	0	100
105	99	0	100
106	99	1	100
107	99	416	100
108	99	424	100
109	99	424	100
110	99	450	100
111	99	450	100
112	99	451	100
113	99	450	-104
114	99	449	-104
115	99	449	-85.772118
116	99	449	-67.885849
117	99	449	-86.930878
118	99	448	-102.314407
119	99	448	-103.696175
120	99	449	-103.326294
121	99	449	-103.970062
122	99	451	-94.15966
123	99	450	-102.567856
124	99	424	-104
125	99	424	100
126	99	415	100
127	99	0	100
128	99	0	0
0	100	1	0
1	100	1	100
2	100	0	100
3	100	0	100
4	100	0	100
5	100	1	100
6	100	1	100
7	100	1	100
8	100	0	100
9	100	1	100
10	100	0	-104
11	100	0	-104
12	100	417	-104
13	100	419	-104
14	100	457	-164
15	100	458	-161.876846
16	100	440	-150.6772
17	100	440	-136.245865
18	100	440	-129.439789
19	100	440	-140.975098
20	100	440	-155.711288
21	100	443	-164
22	100	441	-162.161697
23	100	437	-144.780365
24	100	438	-135.225159
25	100	1	-128.636429
26	100	1	-115.550949
27	100	1	-100.544022
28	100	0	-106.615456
29	100	1	-96.859871
30	100	0	-86.773521
31	100	1	-92.92952
32	100	1	-132.721466
33	100	0	-181.89859
34	100	0	-205.329193
35	100	0	-216.102158
36	100	0	-218.072113
37	100	361	-213.059814
38	100	361	-203.479584
39	100	361	-200.152878
40	100	361	-195.28241
41	100	362	-192.615799
42	100	366	-190.831787
43	100	365	-181.710098
44	100	382	-172.900925
45	100	384	-167.024658
46	100	385	-164.166275
47	100	366	-164
48	100	367	-161.491699
49	100	374	-152.176483
50	100	459	-136.835052
51	100	446	-122.880341
52	100	460	-120.595062
53	100	396	-135.169418
54	100	425	-151.223099
55	100	388	-163.175613
56	100	433	-164
57	100	383	-164
58	100	428	-164
59	100	461	-164
60	100	386	-70.856209
61	100	398	-70.856209
62	100	398	-164
63	100	387	-164
64	100	399	-164
65	100	462	-164
66	100	463	-104
67	100	464	-104
68	100	387	-104
69	100	402	100
70	100	413	100
71	100	399	100
72	100	400	100
73	100	465	100
74	100	466	100
75	100	467	100
76	100	365	100
77	100	366	100
78	100	366	100
79	100	367	-104
80	100	365	-104
81	100	367	-116
82	100	366	-116
83	100	366	-116
84	100	366	-116
85	100	365	-116
86	100	365	-116
87	100	468	-116
88	100	469	-116
89	100	470	-116
90	100	366	-116
91	100	365	-116
92	100	366	-116
93	100	362	-116
94	100	361	-116
95	100	361	-116
96	100	361	-104
97	100	1	-104
98	100	0	100
99	100	1	100
100	100	1	100
101	100	0	100
102	100	0	100
103	100	0	100
104	100	1	100
105	100	1	100
106	100	414	100
107	100	424	100
108	100	424	100
109	100	448	100
110	100	451	100
111	100	449	100
112	100	450	100
113	100	449	-104
114	100	451	-104
115	100	449	-103.226067
116	100	448	-87.057045
117	100	451	-68.206841
118	100	449	-72.391846
119	100	448	-76.94178
120	100	449	-81.840523
121	100	448	-82.02774
122	100	451	-93.772385
123	100	424	-101.530769
124	100	424	-104
125	100	414	100
126	100	1	100
127	100	0	100
128	100	0	0
0	101	1	0
1	101	0	100
2	101	1	100
3	101	1	100
4	101	1	100
5	101	0	100
6	101	0	100
7	101	1	100
8	101	1	100
9	101	1	100
10	101	0	-104
11	101	417	-104
12	101	419	-104
13	101	420	-104
14	101	457	-163.65657
15	101	471	-158.365921
16	101	471	-148.690414
17	101	458	-138.283386
18	101	443	-138.453308
19	101	472	-149.211456
20	101	458	-160.205704
21	101	443	-157.987396
22	101	452	-136.794006
23	101	418	-109.202766
24	101	0	-96.735725
25	101	1	-106.195908
26	101	0	-116.396126
27	101	0	-121.053551
28	101	1	-120.782364
29	101	1	-104.200821
30	101	0	-88.386482
31	101	0	-94.293869
32	101	1	-133.969589
33	101	1	-172.999741
34	101	0	-189.745361
35	101	1	-197.662506
36	101	361	-200.937103
37	101	361	-200.312775
38	101	361	-193.93782
39	101	361	-190.844452
40	101	362	-186.919907
41	101	367	-185.805603
42	101	365	-184.277893
43	101	391	-178.19899
44	101	385	-172.262436
45	101	366	-167.196182
46	101	366	-164.037476
47	101	374	-164
48	101	459	-160.725143
49	101	385	-150.856995
50	101	374	-138.287872
51	101	409	-129.96814
52	101	383	-134.767258
53	101	401	-147.629562
54	101	389	-159.858963
55	101	433	-164
56	101	383	-164
57	101	383	-164
58	101	396	-164
59	101	376	-164
60	101	368	-70.856209
61	101	369	-70.856209
62	101	386	-164
63	101	473	-164
64	101	474	-164
65	101	475	-164
66	101	476	-104
67	101	386	-104
68	101	398	-104
69	101	398	100
70	101	400	100
71	101	365	100
72	101	477	100
73	101	475	100
74	101	478	100
75	101	467	100
76	101	365	100
77	101	365	100
78	101	366	100
79	101	366	-104
80	101	365	-104
81	101	367	-116
82	101	367	-116
83	101	365	-116
84	101	368	-116
85	101	379	-116
86	101	379	-116
87	101	379	-116
88	101	369	-116
89	101	365	-116
90	101	367	-116
91	101	365	-116
92	101	362	-116
93	101	361	-116
94	101	361	-116
95	101	361	-116
96	101	0	-104
97	101	1	-104
98	101	0	100
99	101	0	100
100	101	0	100
101	101	0	100
102	101	0	100
103	101	1	100
104	101	0	100
105	101	414	100
106	101	424	100
107	101	424	100
108	101	448	100
109	101	448	100
110	101	451	100
111	101	450	100
112	101	450	100
113	101	451	-104
114	101	448	-104
115	101	449	-104
116	101	448	-103.305077
117	101	449	-94.266632
118	101	448	-81.581345
119	101	450	-73.723183
120	101	448	-72.697197
121	101	450	-73.595207
122	101	424	-90.789421
123	101	424	-103.963356
124	101	415	-104
125	101	1	100
126	101	1	100
127	101	1	100
128	101	0	0
0	102	0	0
1	102	1	100
2	102	1	100
3	102	1	100
4	102	1	100
5	102	1	100
6	102	1	100
7	102	1	100
8	102	0	100
9	102	0	100
10	102	418	-104
11	102	420	-104
12	102	420	-104
13	102	420	-104
14	102	419	-163.234589
15	102	420	-158.011047
16	102	457	-150.437302
17	102	471	-145.632309
18	102	479	-149.003845
19	102	457	-155.952713
20	102	471	-151.698715
21	102	479	-139.578781
22	102	438	-111.542572
23	102	0	-82.519897
24	102	0	-71.11554
25	102	0	-99.918419
26	102	1	-130.112
27	102	0	-148.538773
28	102	1	-144.286163
29	102	0	-128.003937
30	102	0	-107.611893
31	102	1	-114.639091
32	102	1	-143.140045
33	102	1	-171.375824
34	102	0	-179.582489
35	102	361	-185.72728
36	102	361	-188.290359
37	102	361	-186.237976
38	102	361	-182.850769
39	102	362	-182.743591
40	102	365	-182.72525
41	102	367	-182.57608
42	102	367	-179.900925
43	102	365	-174.192413
44	102	366	-169.146378
45	102	366	-165.251892
46	102	391	-164
47	102	385	-164
48	102	374	-162.787506
49	102	409	-155.976776
50	102	383	-149.560852
51	102	384	-148.615494
52	102	447	-153.261765
53	102	389	-161.973297
54	102	423	-164.056854
55	102	446	-164.543274
56	102	460	-165.043839
57	102	412	-165.159317
58	102	480	-164.394577
59	102	431	-164
60	102	378	-164
61	102	379	-164
62	102	481	-164
63	102	482	-164
64	102	483	-164
65	102	484	-164
66	102	379	-104
67	102	379	-104
68	102	369	-104
69	102	366	100
70	102	366	100
71	102	485	100
72	102	486	100
73	102	475	100
74	102	476	100
75	102	365	100
76	102	365	100
77	102	365	100
78	102	365	100
79	102	368	-104
80	102	369	-104
81	102	368	-116
82	102	379	-116
83	102	431	-116
84	102	399	-116
85	102	398	-116
86	102	398	-116
87	102	400	-116
88	102	367	-116
89	102	365	-116
90	102	365	-116
91	102	362	-116
92	102	361	-116
93	102	361	-116
94	102	361	-116
95	102	0	-116
96	102	1	-104
97	102	0	-104
98	102	0	100
99	102	0	100
100	102	1	100
101	102	0	100
102	102	1	100
103	102	0	100
104	102	416	100
105	102	424	100
106	102	424	100
107	102	450	100
108	102	450	100
109	102	451	100
110	102	450	100
111	102	451	100
112	102	448	100
113	102	450	-104
114	102	448	-104
115	102	448	-104
116	102	451	-104
117	102	448	-104
118	102	449	-104
119	102	451	-103.502914
120	102	448	-101.897247
121	102	424	-96.41304
122	102	424	-98.798592
123	102	414	-104
124	102	1	-104
125	102	0	100
126	102	0	100
127	102	0	100
128	102	0	0
0	103	1	0
1	103	0	100
2	103	1	100
3	103	1	100
4	103	0	100
5	103	0	100
6	103	1	100
7	103	0	100
8	103	0	100
9	103	418	100
10	103	419	-104
11	103	420	-104
12	103	419	-104
13	103	419	-104
14	103	419	-163.79686
15	103	419	-160.620667
16	103	419	-156.416779
17	103	420	-154.97377
18	103	420	-152.781876
19	103	420	-146.053696
20	103	420	-132.579636
21	103	418	-122.229958
22	103	1	-104.560089
23	103	0	-89.548088
24	103	1	-92.606834
25	103	0	-116.970657
26	103	1	-148.45549
27	103	0	-164.052383
28	103	0	-159.717636
29	103	0	-145.534851
30	103	1	-131.699036
31	103	0	-136.802353
32	103	0	-155.700119
33	103	0	-170.133194
34	103	361	-177.667252
35	103	361	-183.665146
36	103	361	-184.8116
37	103	361	-186.559967
38	103	362	-186.132034
39	103	367	-188.425476
40	103	367	-193.258865
41	103	366	-196.315201
42	103	367	-192.094604
43	103	374	-184.448959
44	103	375	-174.775665
45	103	375	-167.815536
46	103	375	-167.086456
47	103	459	-165.499207
48	103	446	-164
49	103	487	-162.974228
50	103	480	-160.010925
51	103	431	-159.245895
52	103	388	-163.42923
53	103	378	-164.596924
54	103	379	-165.017105
55	103	394	-167.564545
56	103	413	-169.751938
57	103	389	-170.13295
58	103	388	-168.551514
59	103	389	-166.101425
60	103	389	-163.284302
61	103	488	-163.054474
62	103	489	-163.901794
63	103	490	-164
64	103	389	-164
65	103	389	-164
66	103	388	-104
67	103	390	-104
68	103	366	-104
69	103	366	100
70	103	366	100
71	103	485	100
72	103	491	100
73	103	492	100
74	103	365	100
75	103	368	100
76	103	379	100
77	103	379	100
78	103	431	100
79	103	378	-104
80	103	431	-104
81	103	388	-116
82	103	399	-116
83	103	400	-116
84	103	374	-116
85	103	375	-116
86	103	376	-116
87	103	366	-116
88	103	366	-116
89	103	366	-116
90	103	362	-116
91	103	361	-116
92	103	361	-116
93	103	361	-116
94	103	1	-116
95	103	1	-116
96	103	1	-104
97	103	0	-104
98	103	1	100
99	103	1	100
100	103	1	100
101	103	1	100
102	103	0	100
103	103	415	100
104	103	424	100
105	103	424	100
106	103	450	100
107	103	451	100
108	103	449	100
109	103	450	100
110	103	449	100
111	103	451	100
112	103	450	100
113	103	450	-104
114	103	449	-104
115	103	450	-104
116	103	448	-104
117	103	451	-104
118	103	451	-104
119	103	448	-104
120	103	424	-104
121	103	424	-104
122	103	415	-104
123	103	1	-104
124	103	0	-104
125	103	0	100
126	103	0	100
127	103	0	100
128	103	1	0
0	104	0	0
1	104	1	100
2	104	1	100
3	104	1	100
4	104	0	100
5	104	1	100
6	104	0	100
7	104	1	100
8	104	417	100
9	104	420	100
10	104	420	-104
11	104	420	-104
12	104	420	-104
13	104	419	-104
14	104	419	-164
15	104	420	-163.568314
16	104	419	-162.004608
17	104	420	-158.901703
18	104	419	-147.568619
19	104	420	-130.343201
20	104	418	-117.770851
21	104	1	-117.703606
22	104	1	-123.031883
23	104	1	-123.954514
24	104	1	-132.467178
25	104	0	-149.953583
26	104	0	-169.942413
27	104	0	-174.151291
28	104	1	-172.242828
29	104	1	-164.671402
30	104	0	-157.456253
31	104	1	-156.829865
32	104	0	-165.417953
33	104	361	-174.903702
34	104	361	-181.232162
35	104	361	-186.721344
36	104	361	-190.31778
37	104	362	-194.125931
38	104	365	-196.686005
39	104	366	-204.50415
40	104	366	-211.938019
41	104	367	-214.615616
42	104	382	-209.753723
43	104	383	-198.427094
44	104	384	-190.42363
45	104	446	-181.101318
46	104	493	-176.329956
47	104	379	-173.007446
48	104	431	-168.623901
49	104	389	-164.698715
50	104	389	-160.488693
51	104	388	-157.064484
52	104	389	-157.002457
53	104	389	-160.788254
54	104	389	-166.185135
55	104	388	-171.481445
56	104	388	-172.351181
57	104	388	-166.294724
58	104	389	-157.058182
59	104	388	-148.782028
60	104	388	-147.748672
61	104	389	-153.929535
62	104	389	-160.180023
63	104	389	-163.818497
64	104	389	-164
65	104	388	-164
66	104	378	-104
67	104	379	-104
68	104	379	-104
69	104	379	100
70	104	379	100
71	104	379	100
72	104	379	100
73	104	379	100
74	104	431	100
75	104	389	100
76	104	399	100
77	104	398	100
78	104	387	100
79	104	389	-104
80	104	399	-104
81	104	494	-116
82	104	375	-116
83	104	409	-116
84	104	383	-116
85	104	396	-116
86	104	376	-116
87	104	365	-116
88	104	365	-116
89	104	362	-116
90	104	361	-116
91	104	361	-116
92	104	361	-116
93	104	1	-116
94	104	0	-116
95	104	0	-116
96	104	1	-104
97	104	1	-104
98	104	1	100
99	104	0	100
100	104	0	100
101	104	0	100
102	104	415	100
103	104	424	100
104	104	424	100
105	104	448	100
106	104	448	100
107	104	451	100
108	104	448	100
109	104	451	100
110	104	450	100
111	104	451	100
112	104	448	100
113	104	450	-104
114	104	451	-104
115	104	448	-104
116	104	450	-104
117	104	449	-103.698341
118	104	448	-104
119	104	424	-104
120	104	424	-104
121	104	1	-104
122	104	1	-104
123	104	1	-104
124	104	1	-104
125	104	0	100
126	104	1	100
127	104	1	100
128	104	0	0
0	105	0	0
1	105	0	100
2	105	0	100
3	105	1	100
4	105	1	100
5	105	0	100
6	105	1	100
7	105	420	100
8	105	419	100
9	105	419	100
10	105	420	-104
11	105	420	-104
12	105	419	-104
13	105	419	-104
14	105	420	-164
15	105	419	-164
16	105	420	-164
17	105	420	-157.74292
18	105	420	-135.533157
19	105	417	-114.039139
20	105	1	-112.129059
21	105	1	-126.693031
22	105	0	-144.692245
23	105	0	-156.330078
24	105	1	-168.007416
25	105	0	-178.871017
26	105	0	-187.104309
27	105	1	-190.535461
28	105	0	-187.979233
29	105	0	-180.654724
30	105	0	-174.588959
31	105	0	-175.199768
32	105	361	-179.772079
33	105	361	-186.084778
34	105	361	-190.791718
35	105	361	-193.961487
36	105	362	-194.885742
37	105	365	-199.309586
38	105	366	-205.165329
39	105	367	-218.747757
40	105	374	-229.023392
41	105	409	-233.145279
42	105	383	-228.312225
43	105	408	-214.313675
44	105	368	-204.571899
45	105	431	-194.273224
46	105	388	-186.719498
47	105	388	-181.144226
48	105	388	-176.814362
49	105	388	-170.001633
50	105	389	-159.695282
51	105	388	-151.685638
52	105	388	-149.543518
53	105	388	-151.187439
54	105	389	-158.926895
55	105	389	-165.995911
56	105	388	-164.962738
57	105	388	-149.716583
58	105	388	-130.830963
59	105	389	-122.463242
60	105	388	-126.982475
61	105	388	-139.522415
62	105	388	-154.730026
63	105	389	-162.531998
64	105	388	-164
65	105	388	-164
66	105	389	-104
67	105	389	-104
68	105	389	-104
69	105	388	100
70	105	388	100
71	105	389	100
72	105	389	100
73	105	389	100
74	105	388	100
75	105	378	100
76	105	369	100
77	105	386	100
78	105	387	100
79	105	390	-104
80	105	382	-104
81	105	383	-116
82	105	383	-116
83	105	383	-116
84	105	383	-116
85	105	408	-116
86	105	367	-116
87	105	367	-116
88	105	362	-116
89	105	361	-116
90	105	361	-116
91	105	361	-116
92	105	1	-116
93	105	1	-116
94	105	1	-116
95	105	0	-116
96	105	1	-104
97	105	0	-104
98	105	1	-104
99	105	0	-104
100	105	1	-104
101	105	415	-104
102	105	424	-104
103	105	424	-104
104	105	448	-104
105	105	448	-104
106	105	450	-104
107	105	451	-104
108	105	448	-104
109	105	448	-104
110	105	449	-104
111	105	451	-104
112	105	450	-104
113	105	450	-104
114	105	448	-104
115	105	448	-104
116	105	450	-102.033012
117	105	449	-98.535431
118	105	424	-104
119	105	424	-104
120	105	0	-104
121	105	1	-104
122	105	0	-104
123	105	1	-104
124	105	1	-104
125	105	1	100
126	105	0	100
127	105	1	100
128	105	0	0
0	106	0	0
1	106	1	100
2	106	1	100
3	106	1	100
4	106	0	100
5	106	1	100
6	106	420	100
7	106	419	100
8	106	419	100
9	106	420	100
10	106	420	-104
11	106	419	-104
12	106	420	-104
13	106	420	-104
14	106	419	-164
15	106	419	-164
16	106	420	-164
17	106	420	-153.211197
18	106	438	-123.617088
19	106	0	-103.004303
20	106	0	-113.172829
21	106	0	-139.341965
22	106	1	-163.362213
23	106	1	-170.466217
24	106	1	-180.837845
25	106	1	-192.446793
26	106	1	-203.730118
27	106	1	-209.514099
28	106	1	-207.284912
29	106	1	-198.642944
30	106	1	-192.546143
31	106	361	-190.547134
32	106	361	-195.530807
33	106	361	-201.206558
34	106	361	-203.81102
35	106	362	-198.035553
36	106	367	-192.713165
37	106	366	-194.414932
38	106	367	-202.92276
39	106	382	-217.297607
40	106	383	-227.958145
41	106	383	-233.094727
42	106	495	-230.384125
43	106	431	-218.935165
44	106	388	-209.688812
45	106	389	-201.023026
46	106	389	-195.077438
47	106	388	-187.743835
48	106	389	-183.896118
49	106	388	-177.922775
50	106	389	-168.694199
51	106	389	-162.589172
52	106	388	-156.750916
53	106	389	-151.521484
54	106	388	-153.340302
55	106	388	-156.065826
56	106	388	-151.041656
57	106	399	-135.177155
58	106	398	-113.003036
59	106	398	-104.791817
60	106	387	-117.815208
61	106	388	-135.21875
62	106	389	-153.375488
63	106	388	-162.514725
64	106	421	-164
65	106	426	-164
66	106	422	-104
67	106	389	-104
68	106	389	-104
69	106	388	100
70	106	388	100
71	106	389	100
72	106	388	100
73	106	388	100
74	106	388	100
75	106	378	100
76	106	379	100
77	106	431	100
78	106	430	100
79	106	409	-104
80	106	383	-104
81	106	383	-116
82	106	383	-116
83	106	383	-116
84	106	396	-116
85	106	376	-116
86	106	365	-116
87	106	362	-116
88	106	361	-116
89	106	361	-116
90	106	361	-116
91	106	0	-116
92	106	1	-116
93	106	1	-116
94	106	0	-116
95	106	1	-116
96	106	1	-104
97	106	1	-104
98	106	0	-104
99	106	0	-104
100	106	416	-104
101	106	424	-104
102	106	424	-104
103	106	448	-104
104	106	449	-104
105	106	451	-104
106	106	448	-104
107	106	450	-104
108	106	448	-104
109	106	449	-104
110	106	448	-104
111	106	450	-104
112	106	448	-104
113	106	451	-104
114	106	448	-104
115	106	448	-104
116	106	448	-95.470085
117	106	424	-100.574303
118	106	424	-104
119	106	1	-104
120	106	0	-104
121	106	0	-104
122	106	1	-104
123	106	0	-104
124	106	0	-104
125	106	1	100
126	106	0	100
127	106	0	100
128	106	0	0
0	107	0	0
1	107	1	100
2	107	1	100
3	107	1	100
4	107	1	100
5	107	419	100
6	107	419	100
7	107	419	100
8	107	420	100
9	107	420	100
10	107	420	-104
11	107	419	-104
12	107	420	-104
13	107	420	-104
14	107	420	-164
15	107	420	-164
16	107	419	-164
17	107	417	-144.948318
18	107	0	-111.243629
19	107	0	-91.196297
20	107	1	-111.915131
21	107	0	-148.906067
22	107	0	-171.943481
23	107	0	-180.147583
24	107	1	-191.685013
25	107	1	-204.75148
26	107	0	-218.198547
27	107	1	-226.009827
28	107	0	-221.962845
29	107	1	-214.060913
30	107	361	-208.83316
31	107	361	-205.981857
32	107	361	-208.897064
33	107	361	-212.966476
34	107	362	-207.808441
35	107	367	-190.145538
36	107	366	-174.951477
37	107	366	-175.78241
38	107	382	-186.90657
39	107	383	-200.409256
40	107	384	-211.341476
41	107	447	-215.544266
42	107	388	-210.32103
43	107	388	-201.798386
44	107	388	-198.379593
45	107	388	-194.771255
46	107	389	-194.366135
47	107	389	-189.630508
48	107	388	-188.271439
49	107	389	-190.642868
50	107	388	-188.166656
51	107	389	-186.433594
52	107	389	-180.116821
53	107	388	-170.630478
54	107	388	-160.546463
55	107	399	-152.046753
56	107	494	-144.891678
57	107	375	-127.121025
58	107	375	-107.64814
59	107	496	-94.279274
60	107	426	-112.844833
61	107	422	-137.11937
62	107	388	-155.404007
63	107	433	-163.17276
64	107	383	-164
65	107	401	-164
66	107	389	-104
67	107	389	-104
68	107	388	-104
69	107	388	100
70	107	388	100
71	107	388	100
72	107	389	100
73	107	388	100
74	107	389	100
75	107	389	100
76	107	388	100
77	107	433	100
78	107	383	100
79	107	384	-104
80	107	446	-104
81	107	446	-116
82	107	446	-116
83	107	446	-116
84	107	385	-116
85	107	367	-116
86	107	362	-116
87	107	361	-116
88	107	361	-116
89	107	361	-116
90	107	0	-116
91	107	1	-116
92	107	0	-116
93	107	1	-116
94	107	1	-116
95	107	1	-116
96	107	0	-104
97	107	0	-104
98	107	0	-104
99	107	416	-104
100	107	424	-104
101	107	424	-104
102	107	451	-104
103	107	449	-104
104	107	449	-104
105	107	449	-104
106	107	450	-104
107	107	451	-104
108	107	448	-104
109	107	451	-104
110	107	450	-104
111	107	449	-104
112	107	448	-104
113	107	449	-104
114	107	450	-104
115	107	448	-102.248337
116	107	424	-94.654747
117	107	424	-102.564064
118	107	1	-104
119	107	1	-104
120	107	0	-104
121	107	1	-104
122	107	0	-104
123	107	1	-104
124	107	1	-104
125	107	1	100
126	107	0	100
127	107	1	100
128	107	1	0
0	108	0	0
1	108	1	100
2	108	1	100
3	108	1	100
4	108	419	100
5	108	420	100
6	108	420	100
7	108	435	100
8	108	436	100
9	108	436	100
10	108	436	-104
11	108	437	-104
12	108	420	-104
13	108	419	-104
14	108	419	-164
15	108	419	-164
16	108	418	-164
17	108	1	-134.868408
18	108	0	-98.843742
19	108	1	-83.418701
20	108	0	-113.549622
21	108	1	-155.633789
22	108	1	-179.309708
23	108	1	-189.604507
24	108	0	-201.358337
25	108	0	-213.323639
26	108	1	-224.776901
27	108	1	-228.466049
28	108	1	-224.352295
29	108	361	-220.451675
30	108	361	-216.83345
31	108	361	-216.198105
32	108	361	-217.602615
33	108	362	-215.239609
34	108	366	-201.83963
35	108	366	-176.402328
36	108	366	-152.778931
37	108	382	-148.420746
38	108	383	-155.064224
39	108	408	-168.402481
40	108	377	-181.892563
41	108	388	-186.943314
42	108	389	-180.020233
43	108	388	-174.060547
44	108	388	-172.686523
45	108	389	-178.396347
46	108	389	-184.144547
47	108	388	-186.314392
48	108	388	-192.004135
49	108	389	-199.377884
50	108	389	-210.11644
51	108	388	-214.939529
52	108	389	-211.110489
53	108	399	-197.891617
54	108	494	-179.838257
55	108	459	-164.342285
56	108	460	-145.005554
57	108	383	-126.09874
58	108	383	-93.041992
59	108	383	-78.214546
60	108	401	-92.434395
61	108	388	-123.530769
62	108	433	-150.527817
63	108	384	-158.834427
64	108	497	-162.543732
65	108	498	-164
66	108	422	-104
67	108	389	-104
68	108	389	-104
69	108	388	100
70	108	389	100
71	108	388	100
72	108	389	100
73	108	389	100
74	108	389	100
75	108	389	100
76	108	433	100
77	108	383	100
78	108	408	100
79	108	367	-104
80	108	365	-104
81	108	365	-116
82	108	365	-116
83	108	366	-116
84	108	366	-116
85	108	362	-116
86	108	361	-116
87	108	361	-116
88	108	361	-116
89	108	1	-116
90	108	1	-116
91	108	1	-116
92	108	1	-116
93	108	1	-116
94	108	1	-116
95	108	0	-116
96	108	0	-104
97	108	0	-104
98	108	414	-104
99	108	424	-104
100	108	424	-104
101	108	449	-104
102	108	450	-104
103	108	449	-104
104	108	449	-104
105	108	449	-104
106	108	448	-104
107	108	450	-104
108	108	449	-104
109	108	449	-104
110	108	448	-104
111	108	448	-104
112	108	449	-104
113	108	449	-104
114	108	451	-104
115	108	424	-99.555473
116	108	424	-100.28447
117	108	1	-96.359016
118	108	1	-104
119	108	0	-104
120	108	0	-104
121	108	1	-104
122	108	0	-104
123	108	1	-104
124	108	1	-104
125	108	0	100
126	108	0	100
127	108	0	100
128	108	0	0
0	109	0	0
1	109	1	100
2	109	0	100
3	109	419	100
4	109	420	100
5	109	419	100
6	109	442	100
7	109	440	100
8	109	443	100
9	109	443	100
10	109	441	-104
11	109	436	-104
12	109	437	-104
13	109	419	-104
14	109	419	-164
15	109	438	-164
16	109	1	-161.079742
17	109	0	-131.770325
18	109	0	-97.409943
19	109	0	-88.660568
20	109	0	-122.607864
21	109	1	-166.258316
22	109	0	-185.879578
23	109	1	-197.709793
24	109	0	-209.073013
25	109	1	-220.033707
26	109	0	-227.49585
27	109	0	-225.58815
28	109	361	-220.446457
29	109	361	-219.296234
30	109	361	-215.677612
31	109	361	-216.75592
32	109	362	-215.401978
33	109	366	-204.290054
34	109	366	-186.359924
35	109	367	-159.74115
36	109	382	-131.889923
37	109	383	-111.818268
38	109	408	-103.598335
39	109	377	-110.537949
40	109	389	-125.10276
41	109	389	-143.626816
42	109	388	-149.386017
43	109	388	-140.558136
44	109	389	-139.999405
45	109	388	-150.264206
46	109	389	-165.643311
47	109	388	-180.109863
48	109	388	-191.069519
49	109	389	-201.935303
50	109	388	-218.0578
51	109	399	-228.628174
52	109	400	-228.739182
53	109	382	-220.325546
54	109	408	-198.936508
55	109	391	-175.39241
56	109	460	-152.023499
57	109	383	-122.966995
58	109	383	-82.105644
59	109	428	-57.70882
60	109	422	-68.877487
61	109	402	-109.631058
62	109	404	-142.290222
63	109	376	-155.747284
64	109	382	-161.372055
65	109	401	-164
66	109	388	-104
67	109	389	-104
68	109	388	-104
69	109	389	100
70	109	389	100
71	109	388	100
72	109	388	100
73	109	388	100
74	109	399	100
75	109	499	100
76	109	383	100
77	109	408	100
78	109	365	100
79	109	365	-104
80	109	367	-104
81	109	365	-116
82	109	365	-116
83	109	365	-116
84	109	362	-116
85	109	361	-116
86	109	361	-116
87	109	361	-116
88	109	0	-116
89	109	1	-116
90	109	1	-116
91	109	1	-116
92	109	1	-116
93	109	1	-116
94	109	1	-116
95	109	1	-116
96	109	1	-104
97	109	416	-104
98	109	424	-104
99	109	424	-104
100	109	448	-104
101	109	448	-104
102	109	450	-104
103	109	449	-104
104	109	451	-104
105	109	449	-104
106	109	448	-104
107	109	449	-104
108	109	451	-104
109	109	450	-104
110	109	448	-104
111	109	450	-104
112	109	449	-104
113	109	449	-104
114	109	424	-104
115	109	424	-104
116	109	415	-102.046074
117	109	0	-101.505959
118	109	0	-103.912704
119	109	1	-103.975441
120	109	1	-104
121	109	1	-104
122	109	0	-104
123	109	1	-104
124	109	0	-104
125	109	0	100
126	109	0	100
127	109	1	100
128	109	0	0
0	110	0	0
1	110	1	100
2	110	438	100
3	110	420	100
4	110	419	100
5	110	442	100
6	110	443	100
7	110	443	100
8	110	443	100
9	110	440	100
10	110	443	-104
11	110	441	-104
12	110	437	-104
13	110	420	-104
14	110	418	-164
15	110	0	-164
16	110	0	-160.191757
17	110	1	-134.348801
18	110	0	-103.570061
19	110	0	-100.276924
20	110	1	-132.830185
21	110	1	-174.956161
22	110	1	-189.679428
23	110	0	-205.870453
24	110	0	-215.653458
25	110	0	-223.528427
26	110	0	-225.97731
27	110	361	-219.900528
28	110	361	-212.002289
29	110	361	-209.692215
30	110	361	-209.843903
31	110	362	-212.325043
32	110	365	-202.675491
33	110	367	-185.015579
34	110	367	-167.661301
35	110	382	-146.143143
36	110	383	-119.906105
37	110	408	-95.268478
38	110	377	-72.097954
39	110	388	-74.16346
40	110	388	-93.894806
41	110	389	-123.560165
42	110	388	-134.675629
43	110	388	-127.567009
44	110	388	-120.922852
45	110	389	-129.647034
46	110	388	-150.115051
47	110	388	-170.634888
48	110	389	-188.060974
49	110	399	-204.423553
50	110	494	-221.264801
51	110	375	-227.467056
52	110	409	-227.426559
53	110	396	-220.365707
54	110	376	-201.01004
55	110	391	-176.553436
56	110	460	-155.272156
57	110	383	-130.536163
58	110	383	-95.902328
59	110	401	-74.676674
60	110	421	-83.069809
61	110	427	-116.592728
62	110	396	-148.004318
63	110	409	-157.179855
64	110	428	-161.650818
65	110	422	-164
66	110	388	-104
67	110	388	-104
68	110	389	-104
69	110	389	100
70	110	389	100
71	110	399	100
72	110	398	100
73	110	494	100
74	110	409	100
75	110	384	100
76	110	385	100
77	110	366	100
78	110	374	100
79	110	376	-104
80	110	367	-104
81	110	366	-116
82	110	366	-116
83	110	362	-116
84	110	361	-116
85	110	361	-116
86	110	361	-116
87	110	0	-116
88	110	0	-116
89	110	0	-116
90	110	0	-116
91	110	1	-116
92	110	1	-116
93	110	1	-116
94	110	1	-116
95	110	0	-116
96	110	414	-104
97	110	424	-104
98	110	424	-104
99	110	448	-104
100	110	448	-104
101	110	449	-104
102	110	448	-104
103	110	448	-104
104	110	450	-104
105	110	448	-104
106	110	448	-104
107	110	450	-104
108	110	451	-104
109	110	449	-104
110	110	449	-104
111	110	448	-104
112	110	448	-104
113	110	424	-104
114	110	424	-104
115	110	414	-104
116	110	0	-92.162842
117	110	0	-76.289246
118	110	1	-84.413078
119	110	0	-93.388245
120	110	0	-97.364067
121	110	0	-97.154861
122	110	1	-102.08165
123	110	0	-104
124	110	1	-104
125	110	1	100
126	110	0	100
127	110	1	100
128	110	1	0
0	111	1	0
1	111	418	100
2	111	420	100
3	111	419	100
4	111	442	100
5	111	443	100
6	111	440	100
7	111	443	100
8	111	440	100
9	111	443	100
10	111	443	-104
11	111	452	-104
12	111	420	-104
13	111	417	-104
14	111	1	-163.711517
15	111	1	-162.401138
16	111	0	-158.312515
17	111	0	-134.989258
18	111	1	-108.996223
19	111	1	-104.692322
20	111	0	-133.976044
21	111	1	-168.737854
22	111	1	-190.267761
23	111	0	-205.402222
24	111	0	-216.613831
25	111	0	-222.3806
26	111	361	-221.358093
27	111	361	-212.03595
28	111	361	-209.455109
29	111	361	-207.412292
30	111	362	-210.726837
31	111	366	-206.104553
32	111	365	-184.744934
33	111	366	-162.697906
34	111	382	-146.452286
35	111	383	-141.432968
36	111	396	-134.411682
37	111	453	-112.820786
38	111	387	-89.064964
39	111	389	-84.069565
40	111	389	-101.396721
41	111	388	-130.395813
42	111	389	-141.932053
43	111	389	-136.804626
44	111	389	-127.205124
45	111	500	-131.157486
46	111	501	-145.913376
47	111	501	-168.614517
48	111	502	-185.967087
49	111	409	-200.357666
50	111	383	-214.840805
51	111	383	-218.97084
52	111	383	-217.044113
53	111	396	-207.349548
54	111	375	-185.024689
55	111	409	-164.994949
56	111	412	-155.143707
57	111	403	-150.900757
58	111	456	-133.999756
59	111	427	-114.521477
60	111	383	-118.854576
61	111	383	-140.363556
62	111	383	-155.561188
63	111	412	-161.237335
64	111	413	-163.213791
65	111	389	-164
66	111	388	-104
67	111	389	-104
68	111	389	-104
69	111	388	100
70	111	390	100
71	111	374	100
72	111	409	100
73	111	383	100
74	111	408	100
75	111	374	100
76	111	376	100
77	111	391	100
78	111	385	100
79	111	366	-104
80	111	367	-104
81	111	365	-116
82	111	362	-116
83	111	361	-116
84	111	361	-116
85	111	361	-116
86	111	1	-116
87	111	0	-116
88	111	1	-116
89	111	1	-116
90	111	0	-116
91	111	0	-116
92	111	0	-116
93	111	1	-116
94	111	0	-116
95	111	414	-116
96	111	424	-104
97	111	424	-104
98	111	448	100
99	111	450	100
100	111	449	100
101	111	451	100
102	111	451	100
103	111	450	100
104	111	449	100
105	111	450	100
106	111	450	100
107	111	449	100
108	111	451	100
109	111	449	100
110	111	451	100
111	111	451	100
112	111	424	100
113	111	424	-104
114	111	415	-104
115	111	1	-103.849144
116	111	0	-80.370178
117	111	1	-78.210838
118	111	0	-84.936104
119	111	0	-87.995316
120	111	0	-78.922974
121	111	1	-92.905418
122	111	0	-95.71051
123	111	1	-100.407204
124	111	0	-104
125	111	0	100
126	111	0	100
127	111	1	100
128	111	1	0
0	112	438	0
1	112	420	100
2	112	420	100
3	112	457	100
4	112	471	100
5	112	458	100
6	112	440	100
7	112	443	100
8	112	440	100
9	112	440	100
10	112	452	-104
11	112	420	-104
12	112	418	-104
13	112	0	-104
14	112	0	-161.659195
15	112	0	-159.639252
16	112	0	-152.168488
17	112	0	-131.89505
18	112	0	-108.231125
19	112	1	-103.321236
20	112	1	-126.776855
21	112	0	-157.596481
22	112	0	-183.582581
23	112	1	-199.364761
24	112	0	-211.15065
25	112	361	-218.595016
26	112	361	-213.791626
27	112	361	-213.330582
28	112	361	-216.207993
29	112	362	-215.305328
30	112	367	-214.48674
31	112	367	-202.696259
32	112	367	-171.810364
33	112	382	-144.590698
34	112	383	-140.175507
35	112	383	-150.347626
36	112	408	-162.65564
37	112	377	-151.047012
38	112	389	-135.029205
39	112	388	-126.785263
40	112	388	-136.399216
41	112	389	-150.529907
42	112	389	-159.197327
43	112	500	-155.828751
44	112	503	-148.112976
45	112	504	-147.290283
46	112	504	-153.849976
47	112	505	-170.661667
48	112	383	-183.187943
49	112	383	-192.390076
50	112	383	-203.639511
51	112	383	-209.666107
52	112	383	-206.963165
53	112	412	-188.998489
54	112	506	-164.123138
55	112	447	-149.489075
56	112	388	-153.982773
57	112	402	-165.384201
58	112	403	-170.707565
59	112	403	-156.826157
60	112	403	-148.25061
61	112	403	-149.651459
62	112	413	-156.277451
63	112	388	-162.620941
64	112	389	-164
65	112	388	-164
66	112	389	-104
67	112	389	-104
68	112	389	-104
69	112	390	100
70	112	391	100
71	112	460	100
72	112	383	100
73	112	408	100
74	112	382	100
75	112	408	100
76	112	367	100
77	112	367	100
78	112	365	100
79	112	365	-104
80	112	365	-104
81	112	362	-116
82	112	361	-116
83	112	361	-116
84	112	361	-116
85	112	0	-116
86	112	0	-116
87	112	1	-116
88	112	0	-116
89	112	1	-116
90	112	1	-116
91	112	0	-116
92	112	1	-116
93	112	0	-116
94	112	416	-116
95	112	424	-116
96	112	424	-104
97	112	450	-104
98	112	448	100
99	112	449	100
100	112	448	100
101	112	451	100
102	112	450	100
103	112	451	100
104	112	449	100
105	112	451	100
106	112	448	100
107	112	449	100
108	112	450	100
109	112	449	100
110	112	448	100
111	112	424	100
112	112	424	100
113	112	414	-104
114	112	1	-104
115	112	1	-103.450653
116	112	1	-101.836563
117	112	0	-103.253746
118	112	0	-102.629448
119	112	1	-93.529846
120	112	0	-68.683228
121	112	0	-59.3451
122	112	1	-83.60881
123	112	1	-101.052765
124	112	1	-104
125	112	0	100
126	112	0	100
127	112	1	100
128	112	417	0
0	113	420	0
1	113	420	100
2	113	419	100
3	113	419	100
4	113	457	100
5	113	471	100
6	113	458	100
7	113	440	100
8	113	472	100
9	113	479	100
10	113	420	-104
11	113	438	-104
12	113	0	-104
13	113	0	-103.553505
14	113	0	-160.643051
15	113	0	-157.568329
16	113	0	-146.511612
17	113	0	-130.608765
18	113	0	-109.586899
19	113	0	-105.284737
20	113	1	-117.553604
21	113	1	-145.357254
22	113	1	-172.521881
23	113	0	-188.368912
24	113	361	-198.762543
25	113	361	-204.166748
26	113	361	-205.598831
27	113	361	-209.970932
28	113	362	-215.533691
29	113	366	-218.519455
30	113	367	-218.860336
31	113	367	-199.484558
32	113	382	-168.965195
33	113	383	-142.774063
34	113	383	-146.878479
35	113	396	-166.503433
36	113	453	-187.374481
37	113	398	-190.582169
38	113	398	-187.524872
39	113	398	-181.563614
40	113	387	-175.771576
41	113	388	-177.512482
42	113	507	-179.353531
43	113	508	-176.925323
44	113	504	-172.725128
45	113	509	-169.958572
46	113	510	-170.243866
47	113	383	-172.703796
48	113	384	-178.917511
49	113	460	-187.298386
50	113	383	-197.806671
51	113	412	-201.349991
52	113	413	-198.135422
53	113	378	-181.087479
54	113	431	-157.480896
55	113	389	-141.854828
56	113	389	-154.913452
57	113	389	-178.386612
58	113	389	-189.818359
59	113	389	-172.500351
60	113	389	-152.338608
61	113	389	-145.787735
62	113	389	-151.985519
63	113	511	-160.756287
64	113	512	-164
65	113	389	-164
66	113	388	-104
67	113	388	-104
68	113	390	-104
69	113	365	100
70	113	391	100
71	113	460	100
72	113	396	100
73	113	459	100
74	113	385	100
75	113	365	100
76	113	365	100
77	113	366	100
78	113	365	100
79	113	365	-104
80	113	362	-104
81	113	361	-116
82	113	361	-116
83	113	361	-116
84	113	0	-116
85	113	0	-116
86	113	1	-116
87	113	0	-116
88	113	1	-116
89	113	0	-116
90	113	0	-116
91	113	1	-116
92	113	0	-116
93	113	416	-116
94	113	424	-116
95	113	424	-116
96	113	448	-104
97	113	451	-104
98	113	449	100
99	113	450	100
100	113	448	100
101	113	449	100
102	113	450	100
103	113	448	100
104	113	450	100
105	113	450	100
106	113	450	100
107	113	448	100
108	113	449	100
109	113	450	100
110	113	424	100
111	113	424	100
112	113	416	100
113	113	1	-104
114	113	0	-104
115	113	0	-104
116	113	1	-104
117	113	1	-104
118	113	0	-104
119	113	1	-103.991425
120	113	1	-98.581688
121	113	0	-67.089317
122	113	1	-58.857594
123	113	1	-100.562286
124	113	0	-104
125	113	0	100
126	113	0	100
127	113	438	100
128	113	419	0
0	114	419	0
1	114	419	100
2	114	420	100
3	114	420	100
4	114	419	100
5	114	457	100
6	114	471	100
7	114	479	100
8	114	420	100
9	114	419	100
10	114	417	-104
11	114	1	-104
12	114	1	-104
13	114	1	-103.818855
14	114	0	-161.303375
15	114	0	-158.761505
16	114	1	-147.006027
17	114	0	-132.609436
18	114	0	-114.907494
19	114	1	-106.465546
20	114	0	-111.987228
21	114	0	-124.596169
22	114	1	-146.374969
23	114	361	-169.948761
24	114	361	-183.264282
25	114	361	-188.102722
26	114	361	-193.933716
27	114	362	-202.020691
28	114	367	-207.663925
29	114	366	-210.586899
30	114	367	-198.216904
31	114	391	-178.650513
32	114	460	-156.241028
33	114	383	-145.46257
34	114	383	-160.129471
35	114	396	-184.114136
36	114	375	-203.110489
37	114	375	-207.800232
38	114	376	-207.121262
39	114	386	-201.749802
40	114	398	-193.951294
41	114	400	-193.507584
42	114	513	-193.274078
43	114	514	-192.096024
44	114	510	-189.311432
45	114	383	-188.134354
46	114	383	-184.494034
47	114	396	-181.758804
48	114	409	-180.007278
49	114	412	-183.88147
50	114	413	-190.757767
51	114	389	-195.765564
52	114	389	-195.433121
53	114	388	-182.038147
54	114	388	-162.61377
55	114	389	-149.813721
56	114	389	-161.097382
57	114	389	-183.221268
58	114	389	-194.301422
59	114	388	-174.7621
60	114	388	-150.484055
61	114	388	-140.251877
62	114	515	-149.019012
63	114	516	-160.567978
64	114	463	-164
65	114	512	-164
66	114	389	-104
67	114	378	-104
68	114	369	-104
69	114	366	100
70	114	382	100
71	114	383	100
72	114	408	100
73	114	366	100
74	114	365	100
75	114	367	100
76	114	366	100
77	114	365	100
78	114	365	100
79	114	362	-104
80	114	361	-104
81	114	361	-116
82	114	361	-116
83	114	1	-116
84	114	1	-116
85	114	1	-116
86	114	0	-116
87	114	0	-116
88	114	0	-116
89	114	1	-116
90	114	1	-116
91	114	1	-116
92	114	414	-116
93	114	424	-116
94	114	1	-116
95	114	1	-116
96	114	0	-104
97	114	1	-104
98	114	424	100
99	114	424	100
100	114	424	100
101	114	424	100
102	114	424	100
103	114	424	100
104	114	424	100
105	114	424	100
106	114	0	100
107	114	1	100
108	114	1	100
109	114	0	100
110	114	424	100
111	114	414	100
112	114	0	100
113	114	0	-104
114	114	0	-104
115	114	0	-104
116	114	0	-104
117	114	1	-104
118	114	1	-104
119	114	0	-104
120	114	1	-102.975136
121	114	1	-102.533691
122	114	0	-98.687241
123	114	1	-102.133804
124	114	0	-104
125	114	1	100
126	114	417	100
127	114	420	100
128	114	420	0
0	115	419	0
1	115	419	100
2	115	419	100
3	115	419	100
4	115	420	100
5	115	419	100
6	115	420	100
7	115	419	100
8	115	419	100
9	115	418	100
10	115	0	-104
11	115	0	-104
12	115	0	-104
13	115	0	-104
14	115	0	-163.194397
15	115	0	-161.532898
16	115	1	-149.024033
17	115	1	-136.311981
18	115	1	-122.574875
19	115	0	-112.216164
20	115	0	-104.867264
21	115	0	-106.543434
22	115	361	-116.803658
23	115	361	-136.125397
24	115	361	-155.275284
25	115	361	-168.66629
26	115	362	-179.806717
27	115	366	-185.105042
28	115	365	-183.071899
29	115	366	-173.512314
30	115	365	-156.105133
31	115	391	-142.380295
32	115	460	-139.059616
33	115	383	-146.344208
34	115	383	-170.358551
35	115	383	-194.176575
36	115	384	-212.210403
37	115	385	-219.938858
38	115	366	-219.918854
39	115	367	-214.592361
40	115	366	-207.69664
41	115	382	-206.384262
42	115	383	-204.646591
43	115	383	-204.73439
44	115	383	-204.767487
45	115	383	-201.848312
46	115	383	-197.469788
47	115	412	-190.566986
48	115	413	-184.77861
49	115	389	-186.607971
50	115	388	-187.555771
51	115	389	-194.254654
52	115	388	-197.002243
53	115	389	-185.704468
54	115	388	-171.414154
55	115	388	-160.521591
56	115	389	-164.302063
57	115	389	-179.086639
58	115	389	-183.512543
59	115	389	-168.308685
60	115	399	-146.07338
61	115	517	-139.797775
62	115	482	-149.34259
63	115	518	-162.912857
64	115	519	-164
65	115	388	-164
66	115	388	-104
67	115	390	-104
68	115	367	-104
69	115	391	100
70	115	446	100
71	115	385	100
72	115	367	100
73	115	367	100
74	115	367	100
75	115	365	100
76	115	365	100
77	115	366	100
78	115	362	100
79	115	361	-104
80	115	361	-104
81	115	361	-116
82	115	1	-116
83	115	0	-116
84	115	0	-116
85	115	1	-116
86	115	1	-116
87	115	0	-116
88	115	1	-116
89	115	1	-116
90	115	1	-116
91	115	416	-116
92	115	424	-116
93	115	1	-116
94	115	0	-116
95	115	1	-116
96	115	0	-104
97	115	424	-104
98	115	424	100
99	115	424	100
100	115	424	100
101	115	424	100
102	115	424	100
103	115	424	100
104	115	424	100
105	115	1	100
106	115	0	100
107	115	0	100
108	115	0	100
109	115	424	100
110	115	414	100
111	115	1	100
112	115	0	100
113	115	0	-104
114	115	1	-104
115	115	1	-104
116	115	1	-104
117	115	1	-104
118	115	0	-104
119	115	1	-104
120	115	1	-104
121	115	1	-104
122	115	1	-104
123	115	1	-104
124	115	0	-104
125	115	417	100
126	115	420	100
127	115	419	100
128	115	419	0
0	116	420	0
1	116	419	100
2	116	419	100
3	116	419	100
4	116	419	100
5	116	419	100
6	116	419	100
7	116	419	100
8	116	417	100
9	116	0	100
10	116	1	-104
11	116	1	-104
12	116	1	-104
13	116	1	-104
14	116	0	-164
15	116	1	-163.395538
16	116	1	-152.221298
17	116	1	-138.699234
18	116	1	-128.837906
19	116	1	-124.392891
20	116	0	-112.580849
21	116	361	-101.272209
22	116	361	-99.347687
23	116	361	-111.477524
24	116	361	-127.548096
25	116	362	-145.862656
26	116	367	-160.60994
27	116	366	-165.014832
28	116	366	-154.19252
29	116	367	-134.153931
30	116	365	-119.136261
31	116	391	-117.615219
32	116	446	-131.282288
33	116	446	-147.104416
34	116	446	-174.3405
35	116	385	-192.951935
36	116	366	-208.119415
37	116	365	-217.430237
38	116	366	-219.322876
39	116	365	-214.852737
40	116	391	-208.525101
41	116	446	-208.804962
42	116	446	-206.780746
43	116	446	-207.682068
44	116	446	-208.69989
45	116	446	-207.695511
46	116	497	-206.732452
47	116	398	-197.558411
48	116	387	-186.608521
49	116	388	-185.693619
50	116	389	-184.13002
51	116	388	-187.848877
52	116	399	-189.654114
53	116	387	-184.201736
54	116	389	-175.283005
55	116	388	-166.548141
56	116	388	-159.722168
57	116	389	-162.306915
58	116	389	-163.983673
59	116	390	-158.792999
60	116	485	-146.887039
61	116	491	-145.516159
62	116	491	-154.572083
63	116	520	-164.109558
64	116	398	-164
65	116	398	-164
66	116	400	-104
67	116	365	-104
68	116	367	-104
69	116	367	100
70	116	367	100
71	116	365	100
72	116	367	100
73	116	365	100
74	116	366	100
75	116	367	100
76	116	367	100
77	116	362	100
78	116	361	100
79	116	361	-104
80	116	361	-104
81	116	0	-44
82	116	1	-44
83	116	1	-44
84	116	0	-104
85	116	0	-104
86	116	1	-104
87	116	0	-104
88	116	0	-104
89	116	0	-104
90	116	416	-104
91	116	424	-104
92	116	1	-104
93	116	0	-44
94	116	1	-44
95	116	0	-44
96	116	424	-104
97	116	424	-104
98	116	424	100
99	116	424	100
100	116	424	100
101	116	424	100
102	116	424	100
103	116	424	100
104	116	1	100
105	116	1	100
106	116	1	100
107	116	0	100
108	116	424	100
109	116	415	100
110	116	1	100
111	116	0	100
112	116	1	100
113	116	0	-104
114	116	1	-104
115	116	0	-104
116	116	1	-104
117	116	1	-104
118	116	1	-104
119	116	1	-104
120	116	0	-104
121	116	0	-104
122	116	1	-104
123	116	0	-104
124	116	417	-104
125	116	418	100
126	116	417	100
127	116	438	100
128	116	417	0
0	117	418	0
1	117	417	100
2	117	438	100
3	117	417	100
4	117	418	100
5	117	417	100
6	117	438	100
7	117	418	100
8	117	1	100
9	117	0	100
10	117	1	-104
11	117	0	-104
12	117	1	-104
13	117	1	-104
14	117	1	-164
15	117	1	-163.250854
16	117	1	-151.03717
17	117	0	-139.337463
18	117	0	-133.801361
19	117	1	-132.028183
20	117	361	-128.850494
21	117	361	-117.764496
22	117	361	-111.201469
23	117	361	-108.206596
24	117	362	-119.170761
25	117	366	-136.966064
26	117	365	-147.179443
27	117	366	-148.318542
28	117	366	-136.711624
29	117	366	-123.156937
30	117	366	-116.198219
31	117	365	-123.727875
32	117	365	-138.064407
33	117	365	-156.378174
34	117	366	-172.332947
35	117	365	-183.778702
36	117	365	-195.273132
37	117	366	-201.073868
38	117	365	-203.843445
39	117	367	-200.767075
40	117	367	-197.156464
41	117	366	-197.177689
42	117	367	-196.369247
43	117	366	-197.798233
44	117	366	-200.324539
45	117	365	-202.742661
46	117	365	-203.331863
47	117	386	-198.000397
48	117	398	-186.723541
49	117	398	-180.731079
50	117	398	-177.615952
51	117	400	-179.255905
52	117	386	-180.744507
53	117	398	-178.087936
54	117	398	-172.647476
55	117	398	-161.836838
56	117	398	-147.963623
57	117	398	-142.076004
58	117	400	-143.632263
59	117	367	-148.696045
60	117	367	-151.954803
61	117	367	-155.096252
62	117	366	-160.892105
63	117	367	-164
64	117	366	-164
65	117	367	-164
66	117	367	-104
67	117	365	-104
68	117	366	-104
69	117	365	100
70	117	366	100
71	117	366	100
72	117	367	100
73	117	366	100
74	117	367	100
75	117	365	100
76	117	362	100
77	117	361	100
78	117	361	100
79	117	361	-104
80	117	0	-104
81	117	1	-44
82	117	1	-44
83	117	0	-44
84	117	1	-104
85	117	0	-104
86	117	0	-104
87	117	0	-104
88	117	0	-104
89	117	416	-104
90	117	424	-104
91	117	424	-104
92	117	424	-104
93	117	424	-44
94	117	424	-44
95	117	424	-44
96	117	424	-104
97	117	424	-104
98	117	424	100
99	117	424	100
100	117	424	100
101	117	424	100
102	117	424	100
103	117	424	100
104	117	424	100
105	117	424	100
106	117	424	100
107	117	424	100
108	117	415	100
109	117	1	100
110	117	1	100
111	117	1	100
112	117	1	100
113	117	0	-104
114	117	0	-104
115	117	0	-104
116	117	1	-104
117	117	1	-104
118	117	1	-104
119	117	0	-104
120	117	1	-104
121	117	0	-104
122	117	1	-104
123	117	1	-104
124	117	0	-104
125	117	0	100
126	117	1	100
127	117	1	100
128	117	1	0
0	118	1	0
1	118	1	100
2	118	1	100
3	118	0	100
4	118	0	100
5	118	1	100
6	118	0	100
7	118	1	100
8	118	1	100
9	118	0	100
10	118	1	-104
11	118	1	-104
12	118	0	-104
13	118	1	-104
14	118	1	-164
15	118	0	-161.64827
16	118	1	-151.819916
17	118	1	-139.915558
18	118	1	-132.28566
19	118	361	-136.378113
20	118	361	-143.820541
21	118	361	-140.673798
22	118	361	-137.282715
23	118	362	-130.358353
24	118	367	-133.683517
25	118	365	-139.492081
26	118	367	-142.813446
27	118	367	-141.381088
28	118	365	-132.803558
29	118	367	-131.263184
30	118	366	-136.397919
31	118	367	-145.929993
32	118	367	-158.212341
33	118	365	-164
34	118	366	-165.83786
35	118	366	-172.062927
36	118	366	-179.505432
37	118	367	-183.412018
38	118	365	-184.158585
39	118	367	-183.008423
40	118	366	-181.845245
41	118	367	-181.497177
42	118	367	-182.164261
43	118	367	-182.194519
44	118	365	-186.733948
45	118	365	-190.128433
46	118	366	-190.913666
47	118	365	-188.232666
48	118	367	-182.021393
49	118	367	-173.655975
50	118	366	-170.102707
51	118	367	-171.536362
52	118	366	-172.542801
53	118	367	-170.737045
54	118	365	-166.838821
55	118	367	-156.90239
56	118	367	-141.938934
57	118	366	-127.748367
58	118	366	-133.230972
59	118	365	-147.009109
60	118	365	-157.973648
61	118	365	-161.87709
62	118	365	-163.937744
63	118	367	-164
64	118	365	-164
65	118	366	-164
66	118	367	-104
67	118	366	-104
68	118	365	-104
69	118	367	100
70	118	367	100
71	118	366	100
72	118	367	100
73	118	367	100
74	118	365	100
75	118	362	100
76	118	361	100
77	118	361	100
78	118	361	100
79	118	1	-104
80	118	0	-104
81	118	0	-104
82	118	1	-104
83	118	0	-104
84	118	0	-104
85	118	1	-104
86	118	0	-104
87	118	1	-104
88	118	416	-104
89	118	424	-104
90	118	424	-104
91	118	424	-104
92	118	424	-104
93	118	424	-104
94	118	424	-104
95	118	424	-104
96	118	424	-104
97	118	424	-104
98	118	424	100
99	118	424	100
100	118	424	100
101	118	424	100
102	118	424	100
103	118	424	100
104	118	424	100
105	118	424	100
106	118	424	100
107	118	416	100
108	118	1	100
109	118	1	100
110	118	1	100
111	118	1	100
112	118	0	100
113	118	0	100
114	118	0	100
115	118	0	100
116	118	1	100
117	118	1	100
118	118	1	100
119	118	0	100
120	118	0	100
121	118	1	100
122	118	0	100
123	118	1	100
124	118	0	100
125	118	0	100
126	118	1	100
127	118	0	100
128	118	1	0
0	119	0	0
1	119	1	100
2	119	1	100
3	119	0	100
4	119	1	100
5	119	0	100
6	119	0	100
7	119	1	100
8	119	0	100
9	119	1	100
10	119	0	-104
11	119	1	-104
12	119	1	-104
13	119	0	-104
14	119	0	-164
15	119	1	-162.551331
16	119	0	-154.47641
17	119	1	-145.502243
18	119	361	-137.28653
19	119	361	-135.816727
20	119	361	-144.199936
21	119	361	-152.661453
22	119	362	-158.072784
23	119	364	-153.992966
24	119	364	-151.873245
25	119	364	-151.112213
26	119	364	-147.504211
27	119	364	-142.494064
28	119	364	-143.625397
29	119	364	-149.473053
30	119	364	-157.756973
31	119	364	-162.378357
32	119	364	-164
33	119	364	-164
34	119	364	-164
35	119	364	-164.637604
36	119	364	-166.657944
37	119	364	-168.609512
38	119	364	-168.645355
39	119	364	-167.873611
40	119	364	-168.075607
41	119	364	-168.493393
42	119	364	-168.646088
43	119	364	-167.782166
44	119	364	-170.878906
45	119	364	-175.595032
46	119	364	-178.377045
47	119	364	-178.21788
48	119	364	-174.16806
49	119	364	-168.356613
50	119	364	-164.643555
51	119	364	-164.581818
52	119	364	-165.069687
53	119	364	-164.338821
54	119	364	-164
55	119	364	-158.893341
56	119	364	-147.243301
57	119	364	-138.073868
58	119	364	-140.364761
59	119	364	-151.343872
60	119	364	-161.814941
61	119	364	-164
62	119	364	-164
63	119	364	-164
64	119	364	-164
65	119	364	-164
66	119	364	-104
67	119	364	-104
68	119	364	-104
69	119	364	100
70	119	364	100
71	119	362	100
72	119	362	100
73	119	362	100
74	119	362	100
75	119	361	100
76	119	361	100
77	119	361	100
78	119	0	100
79	119	0	-104
80	119	0	-104
81	119	0	-104
82	119	0	-104
83	119	1	-104
84	119	0	-104
85	119	1	-104
86	119	0	-104
87	119	416	-104
88	119	416	-104
89	119	416	-104
90	119	415	-104
91	119	415	-104
92	119	415	-104
93	119	414	-104
94	119	415	-104
95	119	414	-104
96	119	416	-104
97	119	416	-104
98	119	415	100
99	119	414	100
100	119	416	100
101	119	415	100
102	119	414	100
103	119	416	100
104	119	416	100
105	119	416	100
106	119	414	100
107	119	0	100
108	119	1	100
109	119	1	100
110	119	0	100
111	119	1	100
112	119	0	100
113	119	0	100
114	119	1	100
115	119	0	100
116	119	0	100
117	119	1	100
118	119	1	100
119	119	0	100
120	119	1	100
121	119	1	100
122	119	0	100
123	119	1	100
124	119	1	100
125	119	0	100
126	119	1	100
127	119	0	100
128	119	0	0
0	120	0	0
1	120	0	100
2	120	1	100
3	120	0	100
4	120	0	100
5	120	0	100
6	120	0	100
7	120	0	100
8	120	1	100
9	120	1	100
10	120	0	-104
11	120	1	-104
12	120	0	-104
13	120	0	-104
14	120	0	-164
15	120	0	-164
16	120	0	-160.020172
17	120	361	-155.58638
18	120	361	-148.395493
19	120	361	-147.237747
20	120	361	-150.849091
21	120	361	-156.632462
22	120	361	-163.721268
23	120	361	-164
24	120	361	-163.054565
25	120	361	-160.423447
26	120	361	-155.63475
27	120	361	-151.490067
28	120	361	-153.151688
29	120	361	-159.197296
30	120	361	-164
31	120	361	-164
32	120	361	-164
33	120	361	-164
34	120	361	-164
35	120	361	-164
36	120	361	-164
37	120	361	-164
38	120	361	-164
39	120	361	-164
40	120	361	-164
41	120	361	-164
42	120	361	-164
43	120	361	-164
44	120	361	-164
45	120	361	-166.218643
46	120	361	-168.60498
47	120	361	-168.701416
48	120	361	-166.87088
49	120	361	-164.824127
50	120	361	-164
51	120	361	-164
52	120	361	-164
53	120	361	-164
54	120	361	-164
55	120	361	-163.774643
56	120	361	-158.325531
57	120	361	-153.270996
58	120	361	-154.489426
59	120	361	-161.647507
60	120	361	-164
61	120	361	-164
62	120	361	-164
63	120	361	-164
64	120	361	-164
65	120	361	-164
66	120	361	-104
67	120	361	-104
68	120	361	-104
69	120	361	100
70	120	361	100
71	120	361	100
72	120	361	100
73	120	361	100
74	120	361	100
75	120	361	100
76	120	361	100
77	120	1	100
78	120	0	100
79	120	0	-104
80	120	1	-104
81	120	1	-104
82	120	0	-104
83	120	0	-104
84	120	1	-104
85	120	0	-104
86	120	1	-104
87	120	0	-104
88	120	1	-104
89	120	0	-104
90	120	1	-104
91	120	1	-104
92	120	1	-104
93	120	0	-104
94	120	0	-104
95	120	1	-104
96	120	1	-104
97	120	1	-104
98	120	1	100
99	120	1	100
100	120	0	100
101	120	0	100
102	120	1	100
103	120	0	100
104	120	0	100
105	120	0	100
106	120	1	100
107	120	0	100
108	120	1	100
109	120	1	100
110	120	0	100
111	120	1	100
112	120	0	100
113	120	1	100
114	120	1	100
115	120	0	100
116	120	1	100
117	120	1	100
118	120	1	100
119	120	0	100
120	120	1	100
121	120	1	100
122	120	1	100
123	120	1	100
124	120	0	100
125	120	1	100
126	120	1	100
127	120	1	100
128	120	0	0
0	121	1	0
1	121	1	100
2	121	1	100
3	121	1	100
4	121	1	100
5	121	0	100
6	121	1	100
7	121	1	100
8	121	1	100
9	121	0	100
10	121	0	-104
11	121	1	-104
12	121	1	-104
13	121	0	-104
14	121	1	-104
15	121	1	-104
16	121	361	-104
17	121	521	-103.267235
18	121	522	-101.815025
19	121	523	-99.006279
20	121	524	-99.11631
21	121	525	-102.643044
22	121	526	-104
23	121	524	-104
24	121	525	-104
25	121	527	-103.520012
26	121	524	-101.262589
27	121	525	-99.878983
28	121	528	-101.232681
29	121	529	-103.912056
30	121	530	-104
31	121	531	-104
32	121	523	-104
33	121	521	-104
34	121	526	-104
35	121	524	-104
36	121	525	-104
37	121	527	-104
38	121	532	-104
39	121	532	-104
40	121	532	-104
41	121	532	-104
42	121	524	-104
43	121	525	-104
44	121	532	-104
45	121	532	-104
46	121	532	-104
47	121	532	-104.102386
48	121	529	-104
49	121	530	-104
50	121	531	-104
51	121	532	-104
52	121	532	-104
53	121	532	-104
54	121	532	-104
55	121	524	-104
56	121	525	-104
57	121	526	-104
58	121	524	-104
59	121	525	-104
60	121	521	-104
61	121	521	-104
62	121	521	-104
63	121	521	-104
64	121	527	-104
65	121	532	-104
66	121	521	-104
67	121	528	-104
68	121	529	-104
69	121	530	100
70	121	531	100
71	121	527	100
72	121	532	100
73	121	532	100
74	121	532	100
75	121	361	100
76	121	0	100
77	121	1	100
78	121	0	100
79	121	0	100
80	121	1	100
81	121	0	100
82	121	0	100
83	121	0	100
84	121	0	100
85	121	1	100
86	121	0	100
87	121	1	100
88	121	1	100
89	121	0	100
90	121	1	100
91	121	1	100
92	121	1	100
93	121	1	100
94	121	1	100
95	121	1	100
96	121	0	100
97	121	0	100
98	121	0	100
99	121	1	100
100	121	1	100
101	121	1	100
102	121	1	100
103	121	0	100
104	121	0	100
105	121	1	100
106	121	0	100
107	121	1	100
108	121	1	100
109	121	1	100
110	121	0	100
111	121	0	100
112	121	0	100
113	121	0	100
114	121	0	100
115	121	1	100
116	121	1	100
117	121	0	100
118	121	0	100
119	121	0	100
120	121	0	100
121	121	1	100
122	121	0	100
123	121	0	100
124	121	1	100
125	121	1	100
126	121	0	100
127	121	1	100
128	121	0	0
0	122	0	0
1	122	0	100
2	122	1	100
3	122	1	100
4	122	1	100
5	122	0	100
6	122	1	100
7	122	1	100
8	122	0	100
9	122	0	100
10	122	1	-104
11	122	0	-104
12	122	1	-104
13	122	0	-104
14	122	1	-104
15	122	1	-104
16	122	0	-104
17	122	0	-104
18	122	1	-104
19	122	1	-104
20	122	1	-104
21	122	0	-104
22	122	0	-104
23	122	1	-104
24	122	1	-104
25	122	0	-104
26	122	1	-103.998474
27	122	0	-103.806931
28	122	0	-104
29	122	1	-104
30	122	1	-104
31	122	0	-104
32	122	1	-104
33	122	0	-104
34	122	0	-104
35	122	0	-104
36	122	0	-104
37	122	1	-104
38	122	0	-104
39	122	0	-104
40	122	0	-104
41	122	1	-104
42	122	0	-104
43	122	1	-104
44	122	1	-104
45	122	0	-104
46	122	1	-104
47	122	0	-104
48	122	0	-104
49	122	0	-104
50	122	1	-104
51	122	0	-104
52	122	1	-104
53	122	1	-104
54	122	0	-104
55	122	1	-104
56	122	0	-104
57	122	1	-104
58	122	0	-104
59	122	1	-104
60	122	0	-104
61	122	1	-104
62	122	0	-104
63	122	1	-104
64	122	0	-104
65	122	1	-104
66	122	1	-104
67	122	1	-104
68	122	1	-104
69	122	0	100
70	122	1	100
71	122	0	100
72	122	0	100
73	122	1	100
74	122	1	100
75	122	0	100
76	122	0	100
77	122	1	100
78	122	0	100
79	122	0	100
80	122	1	100
81	122	1	100
82	122	1	100
83	122	1	100
84	122	1	100
85	122	1	100
86	122	1	100
87	122	1	100
88	122	1	100
89	122	0	100
90	122	1	100
91	122	0	100
92	122	0	100
93	122	1	100
94	122	0	100
95	122	0	100
96	122	0	100
97	122	0	100
98	122	1	100
99	122	1	100
100	122	1	100
101	122	0	100
102	122	1	100
103	122	0	100
104	122	0	100
105	122	0	100
106	122	1	100
107	122	1	100
108	122	0	100
109	122	1	100
110	122	1	100
111	122	0	100
112	122	0	100
113	122	1	100
114	122	1	100
115	122	0	100
116	122	1	100
117	122	1	100
118	122	1	100
119	122	1	100
120	122	0	100
121	122	1	100
122	122	1	100
123	122	1	100
124	122	1	100
125	122	1	100
126	122	0	100
127	122	1	100
128	122	1	0
0	123	1	0
1	123	1	100
2	123	0	100
3	123	1	100
4	123	1	100
5	123	0	100
6	123	0	100
7	123	1	100
8	123	0	100
9	123	1	100
10	123	1	100
11	123	1	100
12	123	1	100
13	123	1	100
14	123	0	100
15	123	1	100
16	123	0	100
17	123	0	100
18	123	1	100
19	123	0	100
20	123	0	100
21	123	1	100
22	123	0	100
23	123	1	100
24	123	0	100
25	123	1	100
26	123	0	100
27	123	1	100
28	123	0	100
29	123	0	100
30	123	0	100
31	123	1	100
32	123	0	100
33	123	1	100
34	123	1	100
35	123	1	100
36	123	1	100
37	123	0	100
38	123	1	100
39	123	1	100
40	123	0	100
41	123	0	100
42	123	0	100
43	123	0	100
44	123	1	100
45	123	0	100
46	123	0	100
47	123	1	100
48	123	1	100
49	123	1	100
50	123	0	100
51	123	0	100
52	123	0	100
53	123	0	100
54	123	0	100
55	123	0	100
56	123	1	100
57	123	0	100
58	123	0	100
59	123	1	100
60	123	0	100
61	123	1	100
62	123	1	100
63	123	1	100
64	123	1	100
65	123	0	100
66	123	1	100
67	123	1	100
68	123	1	100
69	123	0	100
70	123	1	100
71	123	0	100
72	123	0	100
73	123	1	100
74	123	0	100
75	123	0	100
76	123	1	100
77	123	0	100
78	123	0	100
79	123	0	100
80	123	1	100
81	123	0	100
82	123	1	100
83	123	1	100
84	123	0	100
85	123	1	100
86	123	0	100
87	123	0	100
88	123	1	100
89	123	0	100
90	123	0	100
91	123	0	100
92	123	1	100
93	123	1	100
94	123	1	100
95	123	1	100
96	123	1	100
97	123	1	100
98	123	1	100
99	123	1	100
100	123	0	100
101	123	0	100
102	123	0	100
103	123	1	100
104	123	1	100
105	123	1	100
106	123	1	100
107	123	0	100
108	123	0	100
109	123	0	100
110	123	0	100
111	123	1	100
112	123	0	100
113	123	1	100
114	123	1	100
115	123	0	100
116	123	1	100
117	123	0	100
118	123	1	100
119	123	0	100
120	123	0	100
121	123	1	100
122	123	0	100
123	123	1	100
124	123	1	100
125	123	1	100
126	123	0	100
127	123	0	100
128	123	0	0
0	124	1	0
1	124	1	100
2	124	0	100
3	124	1	100
4	124	0	100
5	124	1	100
6	124	1	100
7	124	0	100
8	124	0	100
9	124	0	100
10	124	0	100
11	124	0	100
12	124	0	100
13	124	1	100
14	124	0	100
15	124	0	100
16	124	0	100
17	124	0	100
18	124	1	100
19	124	0	100
20	124	1	100
21	124	1	100
22	124	0	100
23	124	1	100
24	124	1	100
25	124	1	100
26	124	1	100
27	124	1	100
28	124	1	100
29	124	1	100
30	124	0	100
31	124	0	100
32	124	1	100
33	124	1	100
34	124	1	100
35	124	0	100
36	124	1	100
37	124	0	100
38	124	1	100
39	124	1	100
40	124	1	100
41	124	1	100
42	124	0	100
43	124	1	100
44	124	0	100
45	124	0	100
46	124	0	100
47	124	1	100
48	124	0	100
49	124	0	100
50	124	1	100
51	124	0	100
52	124	1	100
53	124	1	100
54	124	0	100
55	124	1	100
56	124	0	100
57	124	1	100
58	124	0	100
59	124	1	100
60	124	0	100
61	124	0	100
62	124	1	100
63	124	1	100
64	124	1	100
65	124	0	100
66	124	1	100
67	124	0	100
68	124	1	100
69	124	1	100
70	124	1	100
71	124	1	100
72	124	0	100
73	124	1	100
74	124	1	100
75	124	1	100
76	124	0	100
77	124	0	100
78	124	0	100
79	124	1	100
80	124	0	100
81	124	0	100
82	124	0	100
83	124	1	100
84	124	0	100
85	124	1	100
86	124	0	100
87	124	0	100
88	124	0	100
89	124	1	100
90	124	0	100
91	124	0	100
92	124	1	100
93	124	1	100
94	124	0	100
95	124	1	100
96	124	1	100
97	124	1	100
98	124	0	100
99	124	0	100
100	124	0	100
101	124	0	100
102	124	1	100
103	124	0	100
104	124	0	100
105	124	0	100
106	124	0	100
107	124	0	100
108	124	0	100
109	124	1	100
110	124	0	100
111	124	1	100
112	124	1	100
113	124	1	100
114	124	0	100
115	124	1	100
116	124	1	100
117	124	0	100
118	124	1	100
119	124	0	100
120	124	0	100
121	124	0	100
122	124	1	100
123	124	1	100
124	124	1	100
125	124	1	100
126	124	1	100
127	124	0	100
128	124	0	0
0	125	1	0
1	125	0	100
2	125	1	100
3	125	0	100
4	125	0	100
5	125	0	100
6	125	1	100
7	125	0	100
8	125	0	100
9	125	1	100
10	125	1	100
11	125	0	100
12	125	0	100
13	125	0	100
14	125	0	100
15	125	1	100
16	125	1	100
17	125	0	100
18	125	1	100
19	125	0	100
20	125	0	100
21	125	1	100
22	125	1	100
23	125	1	100
24	125	0	100
25	125	1	100
26	125	1	100
27	125	1	100
28	125	0	100
29	125	1	100
30	125	1	100
31	125	0	100
32	125	0	100
33	125	1	100
34	125	1	100
35	125	0	100
36	125	0	100
37	125	0	100
38	125	0	100
39	125	0	100
40	125	1	100
41	125	1	100
42	125	0	100
43	125	0	100
44	125	1	100
45	125	0	100
46	125	0	100
47	125	1	100
48	125	1	100
49	125	0	100
50	125	1	100
51	125	0	100
52	125	0	100
53	125	0	100
54	125	1	100
55	125	1	100
56	125	1	100
57	125	1	100
58	125	0	100
59	125	0	100
60	125	0	100
61	125	1	100
62	125	0	100
63	125	1	100
64	125	1	100
65	125	1	100
66	125	1	100
67	125	0	100
68	125	0	100
69	125	0	100
70	125	0	100
71	125	0	100
72	125	1	100
73	125	0	100
74	125	1	100
75	125	1	100
76	125	0	100
77	125	0	100
78	125	0	100
79	125	0	100
80	125	0	100
81	125	0	100
82	125	0	100
83	125	1	100
84	125	1	100
85	125	1	100
86	125	0	100
87	125	1	100
88	125	1	100
89	125	1	100
90	125	0	100
91	125	1	100
92	125	1	100
93	125	0	100
94	125	0	100
95	125	0	100
96	125	1	100
97	125	1	100
98	125	0	100
99	125	1	100
100	125	0	100
101	125	0	100
102	125	1	100
103	125	0	100
104	125	0	100
105	125	1	100
106	125	0	100
107	125	1	100
108	125	0	100
109	125	1	100
110	125	1	100
111	125	0	100
112	125	1	100
113	125	1	100
114	125	1	100
115	125	1	100
116	125	1	100
117	125	0	100
118	125	0	100
119	125	0	100
120	125	1	100
121	125	0	100
122	125	1	100
123	125	0	100
124	125	1	100
125	125	0	100
126	125	0	100
127	125	0	100
128	125	1	0
0	126	1	0
1	126	0	100
2	126	0	100
3	126	0	100
4	126	1	100
5	126	1	100
6	126	0	100
7	126	1	100
8	126	0	100
9	126	0	100
10	126	0	100
11	126	0	100
12	126	1	100
13	126	1	100
14	126	0	100
15	126	0	100
16	126	1	100
17	126	1	100
18	126	0	100
19	126	0	100
20	126	1	100
21	126	1	100
22	126	1	100
23	126	1	100
24	126	1	100
25	126	0	100
26	126	0	100
27	126	0	100
28	126	0	100
29	126	0	100
30	126	1	100
31	126	1	100
32	126	0	100
33	126	0	100
34	126	0	100
35	126	0	100
36	126	0	100
37	126	0	100
38	126	1	100
39	126	1	100
40	126	1	100
41	126	1	100
42	126	0	100
43	126	1	100
44	126	1	100
45	126	1	100
46	126	1	100
47	126	0	100
48	126	0	100
49	126	0	100
50	126	1	100
51	126	1	100
52	126	0	100
53	126	1	100
54	126	0	100
55	126	0	100
56	126	1	100
57	126	1	100
58	126	1	100
59	126	0	100
60	126	0	100
61	126	0	100
62	126	0	100
63	126	0	100
64	126	0	100
65	126	1	100
66	126	1	100
67	126	1	100
68	126	1	100
69	126	0	100
70	126	0	100
71	126	1	100
72	126	0	100
73	126	1	100
74	126	0	100
75	126	1	100
76	126	0	100
77	126	1	100
78	126	1	100
79	126	0	100
80	126	1	100
81	126	1	100
82	126	1	100
83	126	0	100
84	126	0	100
85	126	1	100
86	126	1	100
87	126	1	100
88	126	1	100
89	126	0	100
90	126	0	100
91	126	0	100
92	126	1	100
93	126	1	100
94	126	1	100
95	126	0	100
96	126	1	100
97	126	0	100
98	126	0	100
99	126	1	100
100	126	0	100
101	126	0	100
102	126	0	100
103	126	1	100
104	126	0	100
105	126	0	100
106	126	0	100
107	126	1	100
108	126	0	100
109	126	0	100
110	126	1	100
111	126	1	100
112	126	0	100
113	126	1	100
114	126	1	100
115	126	1	100
116	126	1	100
117	126	0	100
118	126	0	100
119	126	0	100
120	126	1	100
121	126	1	100
122	126	1	100
123	126	1	100
124	126	1	100
125	126	0	100
126	126	1	100
127	126	1	100
128	126	1	0
0	127	1	0
1	127	0	100
2	127	0	100
3	127	0	100
4	127	0	100
5	127	0	100
6	127	0	100
7	127	0	100
8	127	0	100
9	127	0	100
10	127	0	100
11	127	0	100
12	127	0	100
13	127	0	100
14	127	0	100
15	127	0	100
16	127	0	100
17	127	0	100
18	127	0	100
19	127	0	100
20	127	0	100
21	127	0	100
22	127	0	100
23	127	0	100
24	127	0	100
25	127	0	100
26	127	0	100
27	127	0	100
28	127	0	100
29	127	0	100
30	127	0	100
31	127	0	100
32	127	0	100
33	127	0	100
34	127	0	100
35	127	0	100
36	127	0	100
37	127	0	100
38	127	0	100
39	127	0	100
40	127	0	100
41	127	0	100
42	127	0	100
43	127	0	100
44	127	0	100
45	127	0	100
46	127	0	100
47	127	0	100
48	127	0	100
49	127	0	100
50	127	0	100
51	127	0	100
52	127	0	100
53	127	0	100
54	127	0	100
55	127	0	100
56	127	0	100
57	127	0	100
58	127	0	100
59	127	0	100
60	127	0	100
61	127	0	100
62	127	0	100
63	127	0	100
64	127	0	100
65	127	0	100
66	127	0	100
67	127	0	100
68	127	0	100
69	127	0	100
70	127	0	100
71	127	0	100
72	127	0	100
73	127	0	100
74	127	0	100
75	127	0	100
76	127	0	100
77	127	0	100
78	127	0	100
79	127	0	100
80	127	0	100
81	127	0	100
82	127	0	100
83	127	0	100
84	127	0	100
85	127	0	100
86	127	0	100
87	127	0	100
88	127	0	100
89	127	0	100
90	127	0	100
91	127	0	100
92	127	0	100
93	127	0	100
94	127	0	100
95	127	0	100
96	127	0	100
97	127	0	100
98	127	0	100
99	127	0	100
100	127	0	100
101	127	0	100
102	127	0	100
103	127	0	100
104	127	0	100
105	127	0	100
106	127	0	100
107	127	0	100
108	127	0	100
109	127	0	100
110	127	0	100
111	127	0	100
112	127	0	100
113	127	0	100
114	127	0	100
115	127	0	100
116	127	0	100
117	127	0	100
118	127	0	100
119	127	0	100
120	127	0	100
121	127	0	100
122	127	0	100
123	127	0	100
124	127	0	100
125	127	0	100
126	127	0	100
127	127	0	100
128	127	0	0
0	128	0	0
1	128	0	0
2	128	0	0
3	128	0	0
4	128	0	0
5	128	0	0
6	128	0	0
7	128	0	0
8	128	0	0
9	128	0	0
10	128	0	0
11	128	0	0
12	128	0	0
13	128	0	0
14	128	0	0
15	128	0	0
16	128	0	0
17	128	0	0
18	128	0	0
19	128	0	0
20	128	0	0
21	128	0	0
22	128	0	0
23	128	0	0
24	128	0	0
25	128	0	0
26	128	0	0
27	128	0	0
28	128	0	0
29	128	0	0
30	128	0	0
31	128	0	0
32	128	0	0
33	128	0	0
34	128	0	0
35	128	0	0
36	128	0	0
37	128	0	0
38	128	0	0
39	128	0	0
40	128	0	0
41	128	0	0
42	128	0	0
43	128	0	0
44	128	0	0
45	128	0	0
46	128	0	0
47	128	0	0
48	128	0	0
49	128	0	0
50	128	0	0
51	128	0	0
52	128	0	0
53	128	0	0
54	128	0	0
55	128	0	0
56	128	0	0
57	128	0	0
58	128	0	0
59	128	0	0
60	128	0	0
61	128	0	0
62	128	0	0
63	128	0	0
64	128	0	0
65	128	0	0
66	128	0	0
67	128	0	0
68	128	0	0
69	128	0	0
70	128	0	0
71	128	0	0
72	128	0	0
73	128	0	0
74	128	0	0
75	128	0	0
76	128	0	0
77	128	0	0
78	128	0	0
79	128	0	0
80	128	0	0
81	128	0	0
82	128	0	0
83	128	0	0
84	128	0	0
85	128	0	0
86	128	0	0
87	128	0	0
88	128	0	0
89	128	0	0
90	128	0	0
91	128	0	0
92	128	0	0
93	128	0	0
94	128	0	0
95	128	0	0
96	128	0	0
97	128	0	0
98	128	0	0
99	128	0	0
100	128	0	0
101	128	0	0
102	128	0	0
103	128	0	0
104	128	0	0
105	128	0	0
106	128	0	0
107	128	0	0
108	128	0	0
109	128	0	0
110	128	0	0
111	128	0	0
112	128	0	0
113	128	0	0
114	128	0	0
115	128	0	0
116	128	0	0
117	128	0	0
118	128	0	0
119	128	0	0
120	128	0	0
121	128	0	0
122	128	0	0
123	128	0	0
124	128	0	0
125	128	0	0
126	128	0	0
127	128	0	0
128	128	0	0
