x	y	texture	height
0	0	0	0
1	0	0	0
2	0	1	0
3	0	0	0
4	0	0	0
5	0	1	0
6	0	0	0
7	0	1	0
8	0	0	0
9	0	1	0
10	0	0	0
11	0	1	0
12	0	1	0
13	0	1	0
14	0	0	0
15	0	2	0
16	0	2	0
17	0	2	0
18	0	1	0
19	0	2	0
20	0	2	0
21	0	0	0
22	0	2	0
23	0	1	0
24	0	1	0
25	0	1	0
26	0	0	0
27	0	1	0
28	0	2	0
29	0	1	0
30	0	0	0
31	0	2	0
32	0	2	0
33	0	2	0
34	0	1	0
35	0	1	0
36	0	2	0
37	0	2	0
38	0	2	0
39	0	1	0
40	0	0	0
41	0	0	0
42	0	1	0
43	0	2	0
44	0	3	0
45	0	4	0
46	0	5	0
47	0	4	0
48	0	5	0
49	0	5	0
50	0	5	0
51	0	4	0
52	0	5	0
53	0	4	0
54	0	4	0
55	0	4	0
56	0	4	0
57	0	5	0
58	0	6	0
59	0	7	0
60	0	4	0
61	0	5	0
62	0	8	0
63	0	9	0
64	0	10	0
65	0	10	0
66	0	10	0
67	0	10	0
68	0	11	0
69	0	12	0
70	0	13	0
71	0	14	0
72	0	15	0
73	0	16	0
74	0	17	0
75	0	18	0
76	0	4	0
77	0	5	0
78	0	5	0
79	0	19	0
80	0	14	0
81	0	20	0
82	0	21	0
83	0	14	0
84	0	14	0
85	0	14	0
86	0	22	0
87	0	23	0
88	0	14	0
89	0	20	0
90	0	1	0
91	0	1	0
92	0	2	0
93	0	1	0
94	0	1	0
95	0	2	0
96	0	2	0
97	0	0	0
98	0	1	0
99	0	1	0
100	0	2	0
101	0	0	0
102	0	2	0
103	0	0	0
104	0	2	0
105	0	1	0
106	0	0	0
107	0	2	0
108	0	1	0
109	0	0	0
110	0	2	0
111	0	0	0
112	0	2	0
113	0	2	0
114	0	24	0
115	0	25	0
116	0	26	0
117	0	16	0
118	0	16	0
119	0	16	0
120	0	16	0
121	0	16	0
122	0	16	0
123	0	16	0
124	0	16	0
125	0	16	0
126	0	16	0
127	0	27	0
128	0	2	0
0	1	1	0
1	1	2	0
2	1	1	0
3	1	2	0
4	1	1	0
5	1	0	0
6	1	24	0
7	1	28	0
8	1	2	0
9	1	1	0
10	1	0	0
11	1	0	0
12	1	1	0
13	1	2	0
14	1	0	0
15	1	1	0
16	1	0	0
17	1	1	-0.382051
18	1	0	-1.239893
19	1	0	-2.697855
20	1	0	-3.90037
21	1	0	-5.380238
22	1	0	-6.592604
23	1	1	-8.702962
24	1	0	-11.094682
25	1	2	-12.928927
26	1	0	-13.774743
27	1	2	-13.647985
28	1	1	-12.868206
29	1	0	-12.483746
30	1	1	-11.335864
31	1	2	-8.983338
32	1	0	-6.342009
33	1	2	-6.168537
34	1	1	-7.519975
35	1	1	-7.206077
36	1	2	-5.149096
37	1	0	-1.790012
38	1	0	0
39	1	2	0
40	1	1	0
41	1	2	0
42	1	2	0
43	1	29	0
44	1	30	0
45	1	7	0
46	1	4	0
47	1	4	0
48	1	5	0
49	1	4	0
50	1	6	0
51	1	7	0
52	1	5	0
53	1	4	-0.761207
54	1	5	-3.488446
55	1	5	-0.272118
56	1	4	8.892784
57	1	31	20.734358
58	1	32	30.278894
59	1	5	33.88092
60	1	4	36.097164
61	1	8	41.997875
62	1	9	51.565762
63	1	10	55.459965
64	1	10	101.717323
65	1	10	95.766373
66	1	10	92.350418
67	1	10	96.622986
68	1	11	101.633804
69	1	33	94.203362
70	1	0	28.783337
71	1	21	22.903013
72	1	15	18.47925
73	1	34	14.269384
74	1	35	9.339126
75	1	5	0.51411
76	1	4	0
77	1	4	0
78	1	31	0
79	1	36	0
80	1	2	0
81	1	2	0
82	1	1	0
83	1	1	0
84	1	0	0
85	1	1	0.230996
86	1	2	2.779122
87	1	1	6.534518
88	1	2	9.726668
89	1	0	11.826557
90	1	0	12.640456
91	1	0	12.083517
92	1	0	10.218634
93	1	2	7.225509
94	1	0	3.329681
95	1	1	0
96	1	2	0
97	1	1	0.146824
98	1	1	0.277639
99	1	24	0.148641
100	1	28	0
101	1	1	0
102	1	0	0.21637
103	1	0	1.220137
104	1	1	3.252758
105	1	2	4.779243
106	1	2	5.270195
107	1	2	4.478464
108	1	1	2.757694
109	1	1	1.341344
110	1	0	0.378668
111	1	2	0
112	1	0	0
113	1	21	0.165492
114	1	15	0.391832
115	1	16	0.236407
116	1	13	0
117	1	14	0
118	1	14	0
119	1	15	0
120	1	13	0
121	1	15	0
122	1	16	0
123	1	16	0
124	1	16	0
125	1	37	0
126	1	38	0
127	1	1	0
128	1	0	0
0	2	1	0
1	2	1	0
2	2	1	0
3	2	1	0
4	2	24	0
5	2	39	0
6	2	40	0
7	2	0	0
8	2	0	0
9	2	2	2.954715
10	2	0	4.457502
11	2	24	1.575234
12	2	41	-1.136289
13	2	41	-2.338436
14	2	41	-3.036472
15	2	41	-3.347489
16	2	28	-4.1825
17	2	1	-4.788502
18	2	24	-5.128757
19	2	41	-7.008521
20	2	41	-10.333761
21	2	28	-12.86651
22	2	1	-17.320023
23	2	2	-23.542719
24	2	1	-27.559137
25	2	0	-28.617374
26	2	2	-27.914057
27	2	1	-26.922211
28	2	0	-26.091883
29	2	1	-24.703539
30	2	0	-22.706964
31	2	2	-20.331247
32	2	42	-20.413418
33	2	43	-20.440874
34	2	44	-19.583923
35	2	1	-20.985777
36	2	0	-19.759827
37	2	1	-12.264246
38	2	1	-3.087496
39	2	1	0
40	2	24	0
41	2	28	0
42	2	0	0
43	2	45	0
44	2	32	0
45	2	5	0
46	2	4	0
47	2	6	0
48	2	46	-1.270015
49	2	47	-1.625201
50	2	48	0
51	2	5	0
52	2	5	-0.068
53	2	5	-1.818908
54	2	4	-2.590287
55	2	4	4.843064
56	2	4	18.15756
57	2	5	30.094486
58	2	49	34.487007
59	2	50	36.687908
60	2	51	43.477463
61	2	52	52.774876
62	2	53	67.962219
63	2	54	69.634232
64	2	10	113.014572
65	2	10	115.919563
66	2	10	112.973999
67	2	10	121.520714
68	2	55	118.498352
69	2	56	117.763039
70	2	56	44.240696
71	2	57	39.587387
72	2	58	39.750607
73	2	59	33.648144
74	2	46	25.710129
75	2	60	11.026475
76	2	35	0.705015
77	2	5	0
78	2	61	0
79	2	0	0
80	2	2	0
81	2	1	0
82	2	0	0
83	2	1	0
84	2	0	0
85	2	2	2.770385
86	2	0	7.664058
87	2	1	12.304785
88	2	0	16.06922
89	2	2	18.617456
90	2	0	19.621752
91	2	2	18.927475
92	2	0	16.652336
93	2	1	13.1046
94	2	1	8.624697
95	2	24	4.218652
96	2	41	2.185209
97	2	41	3.553546
98	2	39	4.104239
99	2	40	3.795616
100	2	1	2.652236
101	2	0	1.310646
102	2	1	3.82171
103	2	2	8.306684
104	2	1	11.903695
105	2	0	14.793652
106	2	2	16.884947
107	2	2	17.197977
108	2	0	15.181981
109	2	0	11.007478
110	2	1	5.606571
111	2	1	4.054431
112	2	2	3.255847
113	2	21	3.468199
114	2	14	3.889796
115	2	20	3.70748
116	2	1	2.937019
117	2	1	1.639176
118	2	21	0
119	2	20	0
120	2	62	0
121	2	63	0
122	2	16	0
123	2	16	0
124	2	16	0
125	2	64	0
126	2	0	0
127	2	2	0
128	2	2	0
0	3	1	0
1	3	24	0
2	3	65	0
3	3	66	0
4	3	13	0
5	3	20	0.217129
6	3	0	4.106264
7	3	1	4.135694
8	3	2	5.290493
9	3	1	14.500334
10	3	21	14.042488
11	3	14	3.20662
12	3	14	-5.592585
13	3	15	-5.254557
14	3	13	-4.085205
15	3	20	-7.006174
16	3	24	-11.640771
17	3	39	-11.263994
18	3	16	-8.773302
19	3	16	-12.434598
20	3	40	-18.868727
21	3	1	-27.004496
22	3	24	-35.910969
23	3	41	-42.177082
24	3	41	-45.739403
25	3	28	-48.034477
26	3	1	-47.921307
27	3	0	-45.641891
28	3	1	-41.995277
29	3	1	-38.30357
30	3	0	-36.048866
31	3	67	-34.286339
32	3	68	-36.397686
33	3	69	-36.428627
34	3	44	-36.050652
35	3	2	-37.932175
36	3	0	-36.435925
37	3	2	-25.67667
38	3	24	-10.835597
39	3	39	-0.861215
40	3	40	0
41	3	45	0
42	3	32	0
43	3	4	0
44	3	5	0
45	3	6	0
46	3	70	0
47	3	71	-3.285346
48	3	15	-10.536717
49	3	34	-11.409763
50	3	60	-5.246271
51	3	35	0
52	3	4	-0.178461
53	3	72	-2.426384
54	3	73	-0.719382
55	3	46	12.947076
56	3	74	28.966589
57	3	75	38.608273
58	3	76	41.787106
59	3	77	48.065994
60	3	10	61.912933
61	3	78	71.343643
62	3	79	85.172935
63	3	80	81.955032
64	3	54	120.068001
65	3	10	124.013657
66	3	10	120.600021
67	3	81	126.190926
68	3	82	122.111641
69	3	76	123.386902
70	3	76	60.40432
71	3	83	59.625099
72	3	84	51.362446
73	3	85	47.041801
74	3	86	43.245052
75	3	87	25.6499
76	3	88	7.276101
77	3	89	0.302613
78	3	1	1.933472
79	3	1	2.808684
80	3	0	1.949975
81	3	1	0.301851
82	3	1	0
83	3	1	0
84	3	2	1.293784
85	3	0	6.393851
86	3	0	12.223775
87	3	2	17.554312
88	3	24	22.072657
89	3	28	25.284008
90	3	2	26.591579
91	3	2	25.672812
92	3	2	22.782682
93	3	24	18.492685
94	3	39	14.913572
95	3	16	12.241445
96	3	13	8.887205
97	3	14	8.69518
98	3	20	9.351524
99	3	1	9.422587
100	3	2	9.412853
101	3	2	12.466495
102	3	0	15.904651
103	3	1	18.401491
104	3	1	22.917664
105	3	1	27.405754
106	3	1	30.347532
107	3	1	30.65206
108	3	2	28.23131
109	3	1	23.358305
110	3	0	18.244171
111	3	1	12.335654
112	3	1	10.676933
113	3	2	8.475073
114	3	0	7.386912
115	3	1	7.166538
116	3	1	6.245262
117	3	1	4.909255
118	3	0	5.657962
119	3	21	5.31922
120	3	90	5.597641
121	3	63	4.862068
122	3	16	2.782205
123	3	16	0.743252
124	3	64	0
125	3	2	0
126	3	2	0
127	3	1	0
128	3	42	0
0	4	91	0
1	4	92	0
2	4	93	0
3	4	20	0
4	4	2	0
5	4	1	6.120162
6	4	1	13.673458
7	4	2	14.2259
8	4	2	19.452236
9	4	0	22.668484
10	4	1	16.640739
11	4	1	-0.448216
12	4	94	-5.504275
13	4	40	1.090761
14	4	0	6.104044
15	4	21	9.984772
16	4	14	9.683522
17	4	15	6.331467
18	4	16	-4.716665
19	4	95	-17.59164
20	4	28	-33.58416
21	4	21	-48.157574
22	4	14	-60.246193
23	4	96	-68.320587
24	4	97	-72.239006
25	4	98	-71.106552
26	4	41	-67.96875
27	4	28	-71.428848
28	4	0	-71.136215
29	4	42	-68.72052
30	4	99	-62.254631
31	4	68	-61.663433
32	4	100	-56.501926
33	4	101	-53.33638
34	4	24	-52.569378
35	4	28	-52.77137
36	4	2	-46.456535
37	4	94	-32.796566
38	4	16	-16.282982
39	4	40	-4.054705
40	4	3	-0.037634
41	4	5	0
42	4	6	0
43	4	30	0
44	4	70	0
45	4	71	0
46	4	20	0
47	4	21	-8.744097
48	4	15	-19.75165
49	4	13	-20.726654
50	4	102	-9.377044
51	4	6	-0.020895
52	4	103	-0.091171
53	4	20	-1.962785
54	4	94	4.426372
55	4	104	22.986853
56	4	105	44.12936
57	4	106	52.839077
58	4	107	57.258137
59	4	10	66.872513
60	4	108	85.013908
61	4	109	89.621468
62	4	110	100.505348
63	4	111	96.186928
64	4	10	134.873184
65	4	10	135.282288
66	4	112	119.971107
67	4	113	131.83963
68	4	114	140.087906
69	4	115	128.621078
70	4	116	70.394379
71	4	117	68.783257
72	4	118	52.126122
73	4	119	51.281685
74	4	120	54.907543
75	4	121	38.539234
76	4	122	16.534945
77	4	122	5.257562
78	4	122	5.923448
79	4	122	7.32351
80	4	122	4.417252
81	4	122	1.141401
82	4	122	0
83	4	122	0
84	4	122	3.127956
85	4	36	9.498797
86	4	45	15.889219
87	4	123	21.963263
88	4	95	27.435238
89	4	28	31.675463
90	4	1	33.534733
91	4	24	32.190907
92	4	39	28.328089
93	4	16	24.610323
94	4	16	22.599871
95	4	40	19.774208
96	4	0	16.09622
97	4	1	13.804556
98	4	0	16.15069
99	4	1	18.779892
100	4	1	23.067184
101	4	0	29.800121
102	4	2	33.844917
103	4	1	36.521175
104	4	2	39.933273
105	4	2	43.269638
106	4	0	44.263664
107	4	24	43.815441
108	4	41	40.825203
109	4	28	36.632263
110	4	2	31.350258
111	4	0	24.102472
112	4	0	17.802494
113	4	2	15.421449
114	4	45	12.057697
115	4	36	10.604245
116	4	2	12.092962
117	4	0	15.097157
118	4	1	16.517242
119	4	124	16.245634
120	4	125	13.950463
121	4	16	12.642847
122	4	16	10.267432
123	4	64	6.947088
124	4	0	2.533584
125	4	0	0.20099
126	4	42	0
127	4	99	0
128	4	68	0
0	5	126	0
1	5	127	0
2	5	44	0
3	5	24	0
4	5	28	-0.14049
5	5	0	14.453155
6	5	2	33.655304
7	5	42	34.766911
8	5	43	22.032835
9	5	44	18.119339
10	5	1	8.230662
11	5	21	0.450094
12	5	20	0.874423
13	5	1	5.635042
14	5	0	10.717518
15	5	0	24.879486
16	5	21	33.891106
17	5	15	27.524609
18	5	16	14.465475
19	5	40	-4.689049
20	5	1	-34.832806
21	5	2	-67.538284
22	5	67	-83.866806
23	5	68	-94.311783
24	5	128	-101.13308
25	5	16	-101.078316
26	5	95	-94.944839
27	5	28	-98.906631
28	5	129	-106.888725
29	5	130	-97.748894
30	5	68	-87.715881
31	5	126	-85.122353
32	5	131	-81.281403
33	5	94	-72.851303
34	5	95	-64.783157
35	5	41	-60.77615
36	5	39	-46.418167
37	5	13	-31.602695
38	5	20	-17.317011
39	5	3	-6.276314
40	5	5	-0.805435
41	5	61	0
42	5	0	0
43	5	21	0
44	5	20	0
45	5	1	0
46	5	1	-3.568874
47	5	94	-13.840999
48	5	95	-21.748558
49	5	132	-17.207294
50	5	89	-0.031265
51	5	1	13.983013
52	5	24	8.618254
53	5	71	-0.583423
54	5	133	9.470337
55	5	134	34.059998
56	5	135	57.109596
57	5	136	68.659653
58	5	10	76.49794
59	5	10	87.718758
60	5	10	102.436249
61	5	10	109.116562
62	5	10	118.500969
63	5	10	118.006371
64	5	10	155.075455
65	5	112	137.030228
66	5	137	128.200684
67	5	138	142.536179
68	5	139	150.165543
69	5	140	132.265427
70	5	141	84.772827
71	5	142	83.949661
72	5	143	57.018509
73	5	144	58.27039
74	5	145	63.305485
75	5	5	46.953854
76	5	146	25.748678
77	5	147	11.32515
78	5	146	9.809724
79	5	148	9.572612
80	5	147	5.629137
81	5	5	1.034891
82	5	5	0
83	5	5	0.025945
84	5	31	4.2242
85	5	32	10.662158
86	5	149	17.138037
87	5	16	23.581394
88	5	95	30.056585
89	5	28	36.22641
90	5	94	39.699303
91	5	16	37.378403
92	5	16	32.660995
93	5	13	30.438318
94	5	20	28.408384
95	5	0	25.799593
96	5	2	22.355579
97	5	1	21.337671
98	5	0	26.94948
99	5	1	31.471655
100	5	1	39.318657
101	5	45	45.97588
102	5	122	50.851284
103	5	36	55.455685
104	5	2	58.938438
105	5	2	62.116901
106	5	94	61.391472
107	5	13	57.056667
108	5	20	52.910797
109	5	1	49.148575
110	5	2	42.86517
111	5	1	34.708763
112	5	0	25.168699
113	5	3	21.747744
114	5	61	18.010748
115	5	24	17.153357
116	5	41	21.822855
117	5	28	25.121435
118	5	1	25.600527
119	5	21	22.079542
120	5	14	16.830662
121	5	15	12.83237
122	5	150	10.403168
123	5	1	8.274878
124	5	1	5.925242
125	5	67	2.194449
126	5	151	0.011639
127	5	126	0
128	5	127	0
0	6	99	0
1	6	152	0.772087
2	6	39	3.74463
3	6	95	1.713487
4	6	28	-0.544765
5	6	1	27.457367
6	6	153	58.335735
7	6	154	50.202431
8	6	69	19.88022
9	6	43	0.864075
10	6	44	-7.381995
11	6	2	-2.570081
12	6	0	3.535468
13	6	2	-3.906576
14	6	2	-6.168488
15	6	24	1.559817
16	6	71	10.991159
17	6	14	16.976517
18	6	20	14.703441
19	6	1	1.057674
20	6	2	-33.837212
21	6	129	-77.245178
22	6	155	-107.804184
23	6	156	-117.313019
24	6	16	-124.896271
25	6	16	-125.595222
26	6	40	-119.02533
27	6	0	-122.686119
28	6	129	-125.8834
29	6	157	-114.80719
30	6	131	-99.873535
31	6	24	-101.613251
32	6	39	-98.52523
33	6	16	-88.598465
34	6	16	-73.567513
35	6	16	-59.169842
36	6	40	-42.814972
37	6	2	-28.367836
38	6	3	-17.169584
39	6	6	-6.744237
40	6	89	-1.644624
41	6	0	-0.098805
42	6	0	0
43	6	2	0
44	6	2	0
45	6	24	-0.352327
46	6	39	-9.431819
47	6	16	-18.332169
48	6	40	-18.73291
49	6	0	-5.99851
50	6	1	23.868885
51	6	21	37.570183
52	6	20	24.467972
53	6	1	4.987128
54	6	94	13.3113
55	6	104	41.15086
56	6	158	66.547638
57	6	10	82.360756
58	6	10	93.573425
59	6	10	109.184067
60	6	10	128.05484
61	6	10	135.009628
62	6	10	140.454285
63	6	10	138.788467
64	6	112	175.301849
65	6	159	160.993484
66	6	160	157.737625
67	6	161	157.766815
68	6	162	149.547302
69	6	163	142.284851
70	6	164	100.604301
71	6	165	93.935501
72	6	166	65.067223
73	6	145	68.114349
74	6	4	68.206429
75	6	167	56.685768
76	6	168	37.084305
77	6	169	19.433199
78	6	170	14.077549
79	6	171	13.943397
80	6	5	8.032753
81	6	5	1.302951
82	6	5	-0.643688
83	6	4	-1.758817
84	6	4	1.700717
85	6	19	6.887984
86	6	15	12.189679
87	6	16	17.949429
88	6	95	24.113194
89	6	39	30.448551
90	6	16	35.889339
91	6	16	33.53231
92	6	40	29.872419
93	6	0	29.33161
94	6	2	28.752289
95	6	0	27.527504
96	6	0	26.926563
97	6	45	31.353579
98	6	122	37.678036
99	6	122	41.449764
100	6	172	49.952801
101	6	7	56.368065
102	6	61	61.970943
103	6	0	68.512367
104	6	2	73.350166
105	6	94	76.643425
106	6	95	77.585075
107	6	28	71.357765
108	6	2	63.446545
109	6	1	57.749477
110	6	45	49.904785
111	6	122	41.2948
112	6	32	32.529854
113	6	173	27.145102
114	6	39	24.556633
115	6	16	26.669134
116	6	95	30.494673
117	6	28	31.042583
118	6	2	26.341873
119	6	2	20.103519
120	6	174	13.253629
121	6	175	7.095634
122	6	0	4.425909
123	6	0	2.977595
124	6	129	2.224988
125	6	157	1.496021
126	6	131	0.076142
127	6	67	0
128	6	176	0
0	7	156	0
1	7	177	8.278837
2	7	178	15.282544
3	7	40	10.36469
4	7	2	2.212162
5	7	21	34.187492
6	7	179	59.420368
7	7	157	37.693378
8	7	157	-3.892218
9	7	127	-29.172674
10	7	43	-34.278717
11	7	98	-19.607553
12	7	28	-13.317833
13	7	24	-15.354184
14	7	71	-19.043791
15	7	20	-25.59635
16	7	1	-28.307461
17	7	2	-30.964745
18	7	0	-24.674715
19	7	0	-33.401783
20	7	2	-58.866329
21	7	94	-96.084862
22	7	16	-128.229721
23	7	16	-136.213257
24	7	16	-140.675171
25	7	40	-140.671921
26	7	0	-135.877823
27	7	0	-136.308411
28	7	0	-136.098404
29	7	0	-126.379272
30	7	21	-121.285027
31	7	14	-115.890953
32	7	14	-113.063042
33	7	14	-98.189316
34	7	14	-78.923683
35	7	20	-58.981514
36	7	0	-42.403156
37	7	29	-26.74078
38	7	89	-15.035137
39	7	1	-6.483087
40	7	1	-2.560325
41	7	24	-0.506858
42	7	28	0
43	7	1	0
44	7	21	0
45	7	15	-0.891594
46	7	177	-9.98355
47	7	180	-15.395499
48	7	28	-8.587287
49	7	0	4.590198
50	7	45	31.93955
51	7	122	48.605465
52	7	122	32.614376
53	7	123	8.360723
54	7	181	13.380782
55	7	182	42.274998
56	7	183	72.173073
57	7	184	95.696266
58	7	184	113.912056
59	7	185	137.484024
60	7	10	160.15181
61	7	10	167.488998
62	7	186	170.595093
63	7	187	162.279205
64	7	159	199.883301
65	7	113	190.637619
66	7	114	192.364044
67	7	114	187.265793
68	7	188	172.67424
69	7	16	117.452354
70	7	16	119.205414
71	7	189	104.294807
72	7	190	77.90313
73	7	191	77.071121
74	7	5	72.184258
75	7	5	64.057266
76	7	169	49.227051
77	7	192	38.174026
78	7	193	28.235449
79	7	147	20.230703
80	7	5	10.99994
81	7	4	1.408988
82	7	5	-3.560726
83	7	4	-5.876529
84	7	61	-4.409938
85	7	94	-0.82143
86	7	16	3.035557
87	7	16	6.736044
88	7	16	10.388785
89	7	16	14.282205
90	7	16	17.079237
91	7	40	16.37817
92	7	2	17.163284
93	7	2	19.55415
94	7	2	21.259508
95	7	45	23.118301
96	7	32	27.255501
97	7	5	34.400681
98	7	4	42.522785
99	7	31	46.485134
100	7	32	54.282734
101	7	61	60.606354
102	7	1	66.746239
103	7	0	74.295349
104	7	94	79.812485
105	7	16	84.409134
106	7	40	85.578056
107	7	1	75.55072
108	7	45	67.327507
109	7	32	62.712154
110	7	5	54.113796
111	7	5	43.967728
112	7	149	34.055115
113	7	16	28.167475
114	7	16	32.333454
115	7	13	34.178181
116	7	20	33.250862
117	7	1	26.545284
118	7	2	18.815922
119	7	194	11.201786
120	7	195	4.146319
121	7	2	-3.012549
122	7	1	-6.03164
123	7	42	-6.742582
124	7	44	-6.125932
125	7	42	-4.140584
126	7	99	-2.949309
127	7	93	-0.582359
128	7	15	0
0	8	196	0
1	8	197	12.133297
2	8	180	22.180737
3	8	28	14.774084
4	8	0	13.783417
5	8	1	35.828598
6	8	2	37.700783
7	8	2	-1.124946
8	8	129	-44.429848
9	8	157	-66.761986
10	8	198	-69.026184
11	8	40	-55.398998
12	8	21	-42.728439
13	8	199	-32.464203
14	8	41	-27.72068
15	8	28	-39.957043
16	8	2	-67.256592
17	8	0	-81.603676
18	8	2	-84.151031
19	8	2	-89.941895
20	8	94	-107.20047
21	8	13	-125.795685
22	8	14	-144.029495
23	8	14	-152.637909
24	8	20	-153.704239
25	8	0	-153.97612
26	8	1	-152.77652
27	8	0	-150.839447
28	8	2	-149.757065
29	8	1	-146.802368
30	8	2	-145.112427
31	8	0	-136.507996
32	8	1	-119.532303
33	8	2	-101.581642
34	8	0	-79.313789
35	8	0	-56.519268
36	8	2	-39.209484
37	8	2	-23.700581
38	8	1	-12.506587
39	8	2	-6.76965
40	8	94	-3.320415
41	8	95	-0.862601
42	8	41	0
43	8	28	0
44	8	21	0
45	8	200	-0.265554
46	8	128	-1.968601
47	8	40	5.689253
48	8	45	13.10699
49	8	32	16.499651
50	8	4	22.901138
51	8	4	35.6064
52	8	149	29.964407
53	8	150	8.629828
54	8	201	10.091032
55	8	202	37.720364
56	8	203	71.724655
57	8	204	104.612259
58	8	205	129.707214
59	8	185	156.814484
60	8	10	182.216095
61	8	112	195.579941
62	8	137	200.184616
63	8	159	189.376816
64	8	137	225.713608
65	8	159	210.507919
66	8	137	206.293411
67	8	206	200.077057
68	8	207	201.548477
69	8	16	143.779663
70	8	208	128.91156
71	8	209	106.893677
72	8	210	90.564346
73	8	74	84.483101
74	8	211	73.835419
75	8	212	63.985573
76	8	213	57.074326
77	8	214	50.896725
78	8	215	39.476551
79	8	147	23.459126
80	8	4	9.459735
81	8	6	-1.326358
82	8	30	-7.30173
83	8	89	-11.39261
84	8	21	-13.132534
85	8	14	-11.223261
86	8	15	-9.643386
87	8	16	-8.740445
88	8	16	-7.672225
89	8	13	-5.953149
90	8	20	-4.401258
91	8	1	-2.07105
92	8	0	-0.288149
93	8	45	2.805555
94	8	32	6.450758
95	8	5	9.440457
96	8	5	16.827784
97	8	4	24.303576
98	8	4	35.785168
99	8	6	42.470146
100	8	89	51.817768
101	8	2	59.775558
102	8	2	65.337875
103	8	21	70.24147
104	8	15	70.872192
105	8	40	69.331352
106	8	1	67.736725
107	8	3	63.72541
108	8	5	60.64764
109	8	4	60.295807
110	8	5	55.411385
111	8	216	47.858315
112	8	217	37.18251
113	8	14	29.383047
114	8	20	30.026751
115	8	0	32.079414
116	8	0	22.773479
117	8	2	11.863715
118	8	21	2.746157
119	8	218	-4.405259
120	8	2	-11.366708
121	8	1	-18.82094
122	8	129	-21.106478
123	8	127	-21.092007
124	8	99	-17.751171
125	8	126	-12.815507
126	8	131	-8.481463
127	8	21	-3.459859
128	8	219	0
0	9	220	0
1	9	221	7.56255
2	9	20	11.789831
3	9	2	16.460466
4	9	2	25.988529
5	9	0	35.159828
6	9	0	13.10755
7	9	2	-33.449184
8	9	1	-72.582161
9	9	21	-89.559387
10	9	20	-95.382095
11	9	1	-83.937286
12	9	21	-63.720947
13	9	15	-55.799389
14	9	40	-66.16069
15	9	1	-87.250404
16	9	1	-110.828201
17	9	2	-128.614761
18	9	1	-133.240173
19	9	21	-139.419189
20	9	20	-146.02684
21	9	2	-149.544846
22	9	0	-156.368942
23	9	0	-164.845901
24	9	0	-167.995926
25	9	24	-168.367264
26	9	28	-165.897781
27	9	45	-165.33902
28	9	122	-164.229431
29	9	36	-162.984772
30	9	1	-158.377121
31	9	1	-146.302353
32	9	0	-125.553123
33	9	1	-100.562424
34	9	45	-75.376579
35	9	36	-51.899708
36	9	2	-31.670223
37	9	24	-9.086241
38	9	41	3.781575
39	9	39	4.40656
40	9	16	2.414258
41	9	13	0.864204
42	9	20	0.067053
43	9	1	0
44	9	67	0.490344
45	9	93	3.731675
46	9	20	8.767789
47	9	3	18.316053
48	9	4	29.757978
49	9	4	25.592894
50	9	72	23.395041
51	9	222	39.059208
52	9	16	36.277191
53	9	223	19.437914
54	9	224	10.950613
55	9	225	32.443085
56	9	226	65.049934
57	9	227	99.243164
58	9	228	133.230209
59	9	10	162.220886
60	9	112	187.307999
61	9	137	200.993668
62	9	159	212.825027
63	9	137	207.761124
64	9	159	245.817734
65	9	137	227.503418
66	9	137	220.855591
67	9	229	219.943695
68	9	16	223.64978
69	9	16	159.644028
70	9	16	141.404938
71	9	189	116.983406
72	9	230	101.751961
73	9	231	88.90799
74	9	41	69.240784
75	9	232	53.672459
76	9	233	47.067142
77	9	234	43.588024
78	9	235	32.54464
79	9	46	21.476852
80	9	47	11.048782
81	9	28	2.127044
82	9	0	-8.495325
83	9	2	-17.743704
84	9	1	-23.00769
85	9	94	-23.484858
86	9	16	-24.979837
87	9	16	-26.636665
88	9	95	-27.161087
89	9	28	-26.765467
90	9	2	-18.839397
91	9	0	-9.350266
92	9	3	-5.766474
93	9	5	-11.232289
94	9	5	-12.637051
95	9	5	-11.086511
96	9	4	-4.203923
97	9	5	7.516872
98	9	61	18.145914
99	9	2	26.105795
100	9	0	40.428932
101	9	1	50.100735
102	9	0	57.180431
103	9	94	53.103252
104	9	40	46.719933
105	9	0	40.195187
106	9	29	41.664101
107	9	7	41.630775
108	9	5	41.431641
109	9	5	41.403835
110	9	4	43.469498
111	9	31	38.289303
112	9	122	27.851942
113	9	36	17.187334
114	9	1	13.502535
115	9	0	8.892195
116	9	0	-2.295839
117	9	0	-11.729406
118	9	1	-19.181149
119	9	0	-24.284357
120	9	1	-28.729593
121	9	2	-39.606663
122	9	67	-41.67292
123	9	100	-37.211262
124	9	101	-31.532307
125	9	2	-23.805319
126	9	2	-15.74161
127	9	21	-7.995343
128	9	20	0
0	10	0	0
1	10	0	-0.25449
2	10	2	3.189399
3	10	2	11.639303
4	10	2	24.577478
5	10	0	24.126537
6	10	2	-4.859759
7	10	1	-49.886574
8	10	1	-80.700005
9	10	0	-96.750259
10	10	0	-105.111534
11	10	2	-96.120827
12	10	21	-79.972862
13	10	20	-82.484741
14	10	2	-107.800407
15	10	1	-138.949677
16	10	2	-156.125595
17	10	2	-163.050995
18	10	2	-159.923157
19	10	0	-157.451996
20	10	2	-164.863495
21	10	2	-167.507736
22	10	0	-168.449448
23	10	24	-173.012009
24	10	39	-176.424576
25	10	236	-179.874298
26	10	32	-176.934433
27	10	4	-174.52095
28	10	61	-174.801178
29	10	45	-172.052124
30	10	122	-165.57338
31	10	122	-151.805405
32	10	122	-130.20488
33	10	32	-103.755394
34	10	61	-75.564545
35	10	1	-51.038948
36	10	237	-16.915581
37	10	238	18.858381
38	10	178	37.077766
39	10	13	31.274305
40	10	239	18.803827
41	10	43	11.259547
42	10	98	11.246964
43	10	240	11.600296
44	10	101	13.666583
45	10	45	16.984863
46	10	32	15.060225
47	10	5	17.84304
48	10	5	19.353327
49	10	216	23.351358
50	10	241	34.576633
51	10	16	52.083916
52	10	223	50.79805
53	10	10	25.356178
54	10	224	12.267438
55	10	242	28.699335
56	10	243	57.23925
57	10	244	88.676331
58	10	245	122.216537
59	10	246	153.153519
60	10	247	178.182297
61	10	248	195.025833
62	10	137	201.900192
63	10	137	202.831863
64	10	249	259.212189
65	10	250	254.028458
66	10	251	248.100342
67	10	14	243.558807
68	10	15	247.740616
69	10	16	181.513596
70	10	64	159.024246
71	10	252	128.048431
72	10	26	106.815125
73	10	13	88.737244
74	10	253	71.674934
75	10	254	51.156872
76	10	255	39.514385
77	10	1	30.334545
78	10	85	25.302116
79	10	256	18.291292
80	10	95	16.122288
81	10	28	6.163668
82	10	2	-10.391916
83	10	1	-24.263111
84	10	94	-31.310322
85	10	13	-37.370235
86	10	14	-41.694145
87	10	15	-44.962021
88	10	95	-46.836998
89	10	28	-46.604416
90	10	2	-35.306629
91	10	3	-15.396044
92	10	5	-6.943453
93	10	4	-13.42635
94	10	5	-25.151686
95	10	6	-31.713491
96	10	30	-25.422571
97	10	89	-14.877117
98	10	2	-3.404702
99	10	2	5.651966
100	10	2	18.436943
101	10	24	30.457367
102	10	39	31.66044
103	10	40	25.479469
104	10	0	14.97888
105	10	1	11.424937
106	10	3	12.730342
107	10	4	14.252177
108	10	4	14.938257
109	10	5	17.123507
110	10	5	17.001293
111	10	4	12.500496
112	10	31	0.686463
113	10	36	-8.157074
114	10	1	-11.504705
115	10	0	-22.002531
116	10	0	-35.500221
117	10	0	-43.841518
118	10	2	-52.77224
119	10	1	-61.416451
120	10	2	-70.855049
121	10	129	-79.609123
122	10	157	-77.40876
123	10	257	-65.137589
124	10	28	-49.764156
125	10	0	-36.550369
126	10	0	-24.206999
127	10	1	-12.783087
128	10	1	0
0	11	0	0
1	11	1	-1.014059
2	11	2	-0.113736
3	11	0	6.143496
4	11	1	8.263168
5	11	2	4.061474
6	11	0	-18.468252
7	11	24	-50.230309
8	11	41	-81.505768
9	11	41	-103.325729
10	11	41	-115.101616
11	11	41	-109.680725
12	11	41	-100.241486
13	11	41	-107.504211
14	11	41	-139.100342
15	11	41	-168.101074
16	11	41	-176.147995
17	11	41	-177.439743
18	11	41	-173.574295
19	11	2	-171.413971
20	11	2	-174.764526
21	11	2	-176.605728
22	11	21	-179.605133
23	11	15	-182.426117
24	11	34	-185.30072
25	11	73	-188.120819
26	11	30	-188.184036
27	11	89	-185.532455
28	11	29	-182.42598
29	11	30	-177.742218
30	11	30	-168.919449
31	11	30	-154.218719
32	11	30	-130.958313
33	11	89	-100.49231
34	11	2	-72.811996
35	11	67	-53.214062
36	11	151	-14.360597
37	11	197	28.351553
38	11	258	46.261463
39	11	67	38.77644
40	11	176	24.403021
41	11	156	20.336922
42	11	259	24.432987
43	11	131	27.55315
44	11	3	31.286835
45	11	5	32.855881
46	11	5	25.208109
47	11	4	9.187965
48	11	4	7.18408
49	11	216	14.835849
50	11	241	29.365438
51	11	260	45.132515
52	11	261	37.59449
53	11	10	19.500443
54	11	78	11.813528
55	11	262	28.253389
56	11	111	51.343311
57	11	263	79.145088
58	11	5	109.156532
59	11	4	138.788849
60	11	264	162.340302
61	11	159	178.137253
62	11	159	191.113693
63	11	265	200.767395
64	11	2	211.938171
65	11	2	264.275421
66	11	0	257.03302
67	11	21	257.490234
68	11	14	257.194
69	11	14	190.374313
70	11	14	166.132919
71	11	14	134.78331
72	11	20	107.897789
73	11	2	88.034332
74	11	21	74.340675
75	11	20	61.487179
76	11	2	39.42326
77	11	118	26.116266
78	11	266	18.290686
79	11	256	16.074923
80	11	40	10.640118
81	11	1	-1.274294
82	11	24	-17.323193
83	11	71	-29.920961
84	11	20	-38.602959
85	11	1	-49.855125
86	11	94	-58.202103
87	11	16	-63.018257
88	11	95	-66.132004
89	11	28	-68.649345
90	11	29	-61.706299
91	11	30	-42.970516
92	11	30	-27.444773
93	11	30	-26.066069
94	11	89	-37.775455
95	11	0	-42.304691
96	11	24	-38.185402
97	11	28	-35.584507
98	11	24	-29.06819
99	11	41	-20.195097
100	11	39	-11.81539
101	11	16	-2.030597
102	11	40	-5.108032
103	11	1	-13.117833
104	11	1	-18.342604
105	11	29	-19.144163
106	11	30	-16.652168
107	11	7	-15.476419
108	11	5	-16.556271
109	11	4	-18.779436
110	11	4	-20.838165
111	11	5	-27.65172
112	11	61	-36.0457
113	11	0	-42.025696
114	11	2	-43.927589
115	11	0	-57.2005
116	11	0	-72.427696
117	11	2	-86.424263
118	11	2	-99.338524
119	11	0	-108.970352
120	11	42	-120.035812
121	11	43	-126.231445
122	11	66	-113.85936
123	11	95	-94.893677
124	11	41	-73.743752
125	11	41	-53.528027
126	11	41	-34.882862
127	11	28	-17.017426
128	11	0	0
0	12	0	0
1	12	24	-1.125443
2	12	41	-3.472612
3	12	28	-1.780177
4	12	2	-3.85761
5	12	24	-12.588892
6	12	39	-24.277529
7	12	16	-46.717716
8	12	16	-79.178391
9	12	16	-107.760391
10	12	16	-124.360664
11	12	16	-128.625854
12	12	16	-126.411476
13	12	16	-134.847366
14	12	16	-160.249298
15	12	16	-177.400864
16	12	16	-184.798325
17	12	16	-185.314896
18	12	95	-181.973068
19	12	28	-179.383255
20	12	42	-178.62439
21	12	43	-180.59201
22	12	91	-186.277664
23	12	238	-188.603363
24	12	97	-190.407776
25	12	44	-195.358017
26	12	42	-199.027985
27	12	43	-197.419052
28	12	43	-189.337128
29	12	43	-180.222488
30	12	43	-170.342819
31	12	44	-152.935547
32	12	42	-124.287758
33	12	43	-88.180992
34	12	267	-58.747398
35	12	268	-40.771732
36	12	268	-17.001656
37	12	269	7.87693
38	12	270	16.803555
39	12	221	13.243647
40	12	15	10.896955
41	12	95	13.583931
42	12	28	21.830465
43	12	29	27.174646
44	12	7	32.465237
45	12	4	43.030014
46	12	4	38.306641
47	12	5	21.915457
48	12	5	11.844106
49	12	149	15.338433
50	12	16	24.336037
51	12	223	29.108757
52	12	10	20.396236
53	12	108	6.923336
54	12	111	12.452735
55	12	10	27.802048
56	12	263	48.508949
57	12	5	72.244789
58	12	4	99.065742
59	12	271	127.336052
60	12	248	152.257202
61	12	249	172.468002
62	12	272	189.095535
63	12	24	206.401779
64	12	28	220.616257
65	12	2	277.911865
66	12	0	265.850006
67	12	0	261.154175
68	12	1	262.992126
69	12	1	199.016571
70	12	1	170.569763
71	12	2	140.415375
72	12	2	117.170662
73	12	0	96.51812
74	12	2	85.287773
75	12	273	67.396935
76	12	234	39.340229
77	12	274	18.038004
78	12	275	9.804696
79	12	199	3.009593
80	12	41	-3.2882
81	12	39	-13.516003
82	12	40	-25.451069
83	12	1	-34.414116
84	12	2	-45.105175
85	12	21	-58.657204
86	12	15	-71.119827
87	12	16	-79.990097
88	12	40	-84.593613
89	12	0	-89.892181
90	12	0	-93.427513
91	12	2	-83.99884
92	12	0	-72.814285
93	12	0	-64.243317
94	12	1	-57.496113
95	12	21	-47.689068
96	12	199	-39.946987
97	12	39	-46.70256
98	12	16	-53.449837
99	12	16	-48.378494
100	12	13	-42.31863
101	12	20	-42.053959
102	12	1	-44.478306
103	12	2	-51.999184
104	12	2	-53.570107
105	12	1	-51.320053
106	12	29	-51.329952
107	12	30	-54.857445
108	12	30	-59.943653
109	12	30	-62.5956
110	12	30	-66.437965
111	12	89	-72.141884
112	12	1	-77.883514
113	12	0	-82.313744
114	12	1	-86.980949
115	12	1	-96.046707
116	12	2	-116.184509
117	12	1	-128.371201
118	12	0	-138.725708
119	12	153	-147.347839
120	12	268	-152.500565
121	12	156	-155.485931
122	12	16	-138.731354
123	12	16	-117.818192
124	12	16	-94.393349
125	12	16	-71.832657
126	12	40	-47.104912
127	12	1	-20.922779
128	12	24	0
0	13	39	0
1	13	276	-0.872937
2	13	277	-6.618608
3	13	278	-4.9795
4	13	279	-6.628325
5	13	280	-15.529974
6	13	280	-32.224163
7	13	281	-54.947952
8	13	276	-83.155045
9	13	276	-107.005867
10	13	276	-124.606773
11	13	281	-136.937103
12	13	281	-145.866409
13	13	276	-157.903397
14	13	276	-169.47226
15	13	276	-181.248978
16	13	281	-188.0616
17	13	16	-188.238846
18	13	40	-186.338562
19	13	67	-182.596985
20	13	282	-181.962234
21	13	68	-187.847046
22	13	68	-194.057053
23	13	100	-196.367828
24	13	101	-198.139282
25	13	129	-204.436523
26	13	157	-207.401413
27	13	157	-205.681549
28	13	157	-197.311539
29	13	157	-184.119354
30	13	131	-172.199066
31	13	67	-152.402054
32	13	282	-119.192032
33	13	197	-76.03727
34	13	238	-40.979023
35	13	283	-25.098677
36	13	179	-9.965726
37	13	131	6.102614
38	13	0	3.006318
39	13	94	-6.277376
40	13	16	-0.141141
41	13	95	4.057353
42	13	41	11.485292
43	13	132	14.464203
44	13	7	22.681425
45	13	5	52.926662
46	13	5	65.356071
47	13	5	44.889343
48	13	149	21.120754
49	13	16	19.840837
50	13	223	23.857073
51	13	10	22.21693
52	13	10	6.824396
53	13	53	0.379397
54	13	54	11.165525
55	13	263	26.249588
56	13	5	44.848282
57	13	4	66.233437
58	13	284	91.282654
59	13	285	117.486359
60	13	265	143.125076
61	13	2	170.87706
62	13	94	194.351883
63	13	40	215.47084
64	13	0	232.825912
65	13	0	293.180878
66	13	0	288.446991
67	13	2	281.949432
68	13	24	274.258453
69	13	41	203.362823
70	13	41	177.125732
71	13	41	147.110962
72	13	41	123.932709
73	13	41	107.028984
74	13	142	96.603432
75	13	192	74.142975
76	13	0	31.201004
77	13	2	9.016496
78	13	21	-0.037552
79	13	15	-6.205361
80	13	16	-10.852799
81	13	40	-18.487982
82	13	2	-27.963125
83	13	2	-37.378059
84	13	2	-49.836391
85	13	94	-64.922119
86	13	16	-79.225319
87	13	95	-90.372437
88	13	41	-99.572044
89	13	41	-108.065666
90	13	41	-112.811424
91	13	41	-118.985878
92	13	41	-117.555389
93	13	28	-107.693161
94	13	2	-90.427994
95	13	21	-66.219406
96	13	14	-51.930363
97	13	14	-58.448185
98	13	14	-71.633064
99	13	20	-72.224785
100	13	0	-70.893936
101	13	0	-76.800591
102	13	2	-83.553543
103	13	1	-90.443161
104	13	1	-87.999977
105	13	2	-85.973282
106	13	2	-93.469826
107	13	1	-99.35128
108	13	0	-104.934746
109	13	1	-103.78437
110	13	1	-104.053093
111	13	2	-107.974464
112	13	2	-115.792847
113	13	0	-121.922455
114	13	0	-127.658966
115	13	2	-138.987274
116	13	24	-154.592468
117	13	41	-163.107819
118	13	39	-166.355331
119	13	16	-172.053955
120	13	16	-175.888458
121	13	16	-173.590118
122	13	16	-156.158401
123	13	16	-133.362457
124	13	16	-108.010506
125	13	40	-85.284164
126	13	1	-58.946285
127	13	94	-23.803877
128	13	16	0
0	14	276	0
1	14	276	-0.499423
2	14	280	-7.767357
3	14	281	-6.446811
4	14	280	-7.888247
5	14	280	-23.199034
6	14	276	-42.979053
7	14	276	76.664734
8	14	281	53.505703
9	14	281	33.176235
10	14	280	-129.262192
11	14	281	-142.871994
12	14	280	-152.603897
13	14	280	-165.713699
14	14	281	-181.424667
15	14	281	-131.151962
16	14	16	-135.296158
17	14	40	-135.353073
18	14	67	-133.487503
19	14	151	-130.049408
20	14	100	-133.178024
21	14	68	-138.634659
22	14	151	-145.013855
23	14	69	-147.359344
24	14	43	-150.807159
25	14	43	-155.906296
26	14	43	-158.646088
27	14	43	-156.182861
28	14	43	-147.590393
29	14	44	-135.138519
30	14	129	-173.873535
31	14	157	-152.853775
32	14	157	-120.161743
33	14	157	-72.622208
34	14	131	-36.770992
35	14	1	-16.499895
36	14	1	5.238386
37	14	24	34.840092
38	14	71	41.622349
39	14	14	35.545475
40	14	15	26.904446
41	14	16	25.489887
42	14	95	24.601933
43	14	132	21.657465
44	14	7	22.547703
45	14	5	53.047607
46	14	4	74.141426
47	14	149	50.877129
48	14	16	19.933514
49	14	223	11.896931
50	14	10	10.90658
51	14	10	4.64039
52	14	108	-6.316259
53	14	111	-5.841914
54	14	286	11.131337
55	14	287	27.607708
56	14	4	43.200592
57	14	264	64.401596
58	14	159	85.726746
59	14	265	104.629814
60	14	0	127.671265
61	14	21	160.032242
62	14	199	193.641159
63	14	28	219.019821
64	14	1	240.343445
65	14	0	309.24234
66	14	24	305.334076
67	14	39	298.751678
68	14	16	291.205566
69	14	16	221.883484
70	14	288	192.41095
71	14	289	159.809967
72	14	289	126.437019
73	14	290	112.718407
74	14	192	98.860588
75	14	24	71.690048
76	14	28	33.612495
77	14	2	10.51348
78	14	21	1.991257
79	14	15	-6.371086
80	14	40	-11.164501
81	14	24	-19.288303
82	14	28	-28.890772
83	14	0	-38.483852
84	14	94	-51.879917
85	14	16	-67.515419
86	14	16	-83.648026
87	14	16	-97.614609
88	14	16	-108.786331
89	14	16	-117.59684
90	14	16	-123.120094
91	14	16	-131.465576
92	14	40	-142.054764
93	14	2	-142.415741
94	14	2	-132.60231
95	14	0	-106.537262
96	14	0	-81.809334
97	14	0	-78.521645
98	14	1	-87.057899
99	14	24	-94.048454
100	14	41	-95.913589
101	14	41	-104.023537
102	14	28	-115.68541
103	14	0	-120.633141
104	14	0	-117.355827
105	14	1	-119.326218
106	14	291	-131.550964
107	14	278	-138.066788
108	14	292	-140.809402
109	14	0	-134.974197
110	14	2	-132.720123
111	14	2	-139.347839
112	14	0	-146.292038
113	14	1	-154.175934
114	14	2	-159.831757
115	14	21	-174.725586
116	14	15	-184.56987
117	14	16	-187.850967
118	14	13	-188.109894
119	14	15	-189.014313
120	14	16	-191.932571
121	14	16	-187.777786
122	14	16	-172.896637
123	14	16	-150.276566
124	14	40	-123.18737
125	14	1	-93.621437
126	14	94	-62.876991
127	14	16	-27.916275
128	14	280	0
0	15	280	0
1	15	280	-0.463136
2	15	281	-6.929932
3	15	281	-11.131389
4	15	280	-16.454922
5	15	281	-29.941454
6	15	280	-49.194988
7	15	280	75.743629
8	15	276	53.107048
9	15	280	30.517584
10	15	281	-133.297699
11	15	276	-146.652145
12	15	280	-157.063293
13	15	281	-169.195831
14	15	276	-185.193649
15	15	16	-135.776718
16	15	95	-138.564987
17	15	240	-137.459717
18	15	126	-136.101929
19	15	130	-133.303375
20	15	68	-136.032654
21	15	126	-139.783676
22	15	157	-143.626572
23	15	157	-147.589432
24	15	130	-152.013199
25	15	126	-155.714172
26	15	155	-158.57634
27	15	268	-155.34346
28	15	293	-147.840347
29	15	28	-136.076004
30	15	1	-172.865768
31	15	0	-154.029907
32	15	1	-125.254082
33	15	1	-85.628525
34	15	0	-46.401154
35	15	2	-16.803879
36	15	21	18.969046
37	15	20	51.453346
38	15	2	64.483902
39	15	21	63.802612
40	15	15	52.632374
41	15	13	44.875622
42	15	20	41.127506
43	15	3	33.174744
44	15	4	19.552866
45	15	4	31.292034
46	15	19	42.493801
47	15	15	28.567234
48	15	223	5.671015
49	15	10	-3.31243
50	15	10	-4.896372
51	15	10	-6.488577
52	15	10	-7.668222
53	15	10	4.854126
54	15	263	25.530499
55	15	4	40.080391
56	15	264	52.171692
57	15	137	73.428436
58	15	294	93.142471
59	15	295	100.562492
60	15	296	115.579971
61	15	94	144.951935
62	15	95	181.360413
63	15	41	212.559769
64	15	41	242.378983
65	15	39	311.243042
66	15	13	311.864136
67	15	14	310.204712
68	15	14	306.710632
69	15	253	240.064087
70	15	274	214.926239
71	15	274	176.207428
72	15	274	135.332596
73	15	213	109.765984
74	15	21	91.595863
75	15	20	67.097191
76	15	2	37.899853
77	15	1	20.425854
78	15	21	9.953585
79	15	199	-1.527734
80	15	39	-10.172672
81	15	40	-13.935235
82	15	0	-21.548552
83	15	94	-34.288822
84	15	16	-50.673355
85	15	16	-66.114662
86	15	16	-83.80571
87	15	16	-100.927605
88	15	16	-117.280487
89	15	16	-129.276016
90	15	13	-136.692993
91	15	20	-143.755814
92	15	0	-152.393799
93	15	291	-159.637955
94	15	278	-158.71669
95	15	292	-147.835052
96	15	0	-125.258224
97	15	2	-113.717041
98	15	94	-113.426476
99	15	16	-115.28167
100	15	16	-114.673691
101	15	95	-122.451286
102	15	41	-130.436905
103	15	28	-139.302048
104	15	0	-137.794403
105	15	297	-140.572571
106	15	281	-149.713562
107	15	298	-154.778549
108	15	0	-158.445709
109	15	2	-156.659348
110	15	0	-156.895584
111	15	1	-159.81012
112	15	2	-166.639313
113	15	0	-174.814041
114	15	2	-184.048538
115	15	21	-194.785172
116	15	14	-202.008484
117	15	20	-203.689529
118	15	94	-203.182343
119	15	16	-202.319092
120	15	16	-202.764679
121	15	16	-134.927383
122	15	16	-120.555511
123	15	40	-162.67868
124	15	0	-133.819763
125	15	94	-98.845993
126	15	16	-44.414715
127	15	281	-3.391812
128	15	281	0
0	16	280	0
1	16	276	-0.493867
2	16	280	-5.018376
3	16	281	-13.922795
4	16	280	-23.559053
5	16	281	-36.1427
6	16	276	-51.031387
7	16	280	76.269073
8	16	280	53.687569
9	16	281	29.878498
10	16	280	-135.900757
11	16	276	-150.361633
12	16	280	-161.905411
13	16	281	-172.857758
14	16	13	-181.252823
15	16	14	-136.103699
16	16	200	-139.903
17	16	69	-136.906082
18	16	270	-134.50502
19	16	299	-131.217834
20	16	300	-135.334366
21	16	24	-137.927155
22	16	65	-138.292053
23	16	99	-142.251846
24	16	152	-146.46373
25	16	39	-149.27832
26	16	16	-152.619644
27	16	16	-148.659897
28	16	95	-144.173828
29	16	41	-132.306351
30	16	28	-168.502075
31	16	0	-151.977188
32	16	2	-130.195877
33	16	2	-98.01046
34	16	1	-60.839355
35	16	0	-15.415434
36	16	0	21.464806
37	16	1	40.553413
38	16	2	41.258099
39	16	94	43.18943
40	16	40	40.71537
41	16	1	37.802032
42	16	3	30.789009
43	16	4	21.700451
44	16	4	9.027289
45	16	31	6.277858
46	16	301	10.419653
47	16	302	4.76458
48	16	10	-0.858144
49	16	53	-2.286504
50	16	303	-1.273877
51	16	54	4.387153
52	16	10	13.625696
53	16	304	28.932211
54	16	305	46.824627
55	16	306	55.532684
56	16	137	63.927502
57	16	159	84.144836
58	16	137	103.866997
59	16	265	107.334435
60	16	94	112.062836
61	16	16	136.661728
62	16	16	170.368454
63	16	16	200.17276
64	16	16	232.674423
65	16	40	309.318817
66	16	0	317.942383
67	16	1	314.642212
68	16	1	316.324982
69	16	0	250.709656
70	16	1	229.970612
71	16	0	193.318466
72	16	0	151.417633
73	16	1	116.210136
74	16	2	90.698837
75	16	2	66.984322
76	16	2	47.826286
77	16	1	32.348576
78	16	21	19.541027
79	16	14	6.617021
80	16	20	-2.419874
81	16	1	-4.976557
82	16	21	-10.689705
83	16	14	-24.868759
84	16	14	-39.44059
85	16	14	-52.162891
86	16	15	-71.8797
87	16	16	-92.883873
88	16	16	-115.487206
89	16	40	-135.093964
90	16	2	-149.537216
91	16	2	-157.7341
92	16	297	-160.691772
93	16	281	-165.808655
94	16	298	-165.476593
95	16	2	-158.751251
96	16	24	-152.644867
97	16	39	-148.919556
98	16	16	-141.93367
99	16	16	-133.41098
100	16	16	-126.058022
101	16	16	-128.699478
102	16	40	-136.286575
103	16	2	-145.389511
104	16	297	-148.629837
105	16	276	-150.769608
106	16	298	-154.272842
107	16	0	-159.348938
108	16	1	-164.149597
109	16	1	-102.856255
110	16	2	-106.102577
111	16	0	-168.414948
112	16	0	-173.605026
113	16	1	-182.000946
114	16	1	-193.345367
115	16	0	-201.003952
116	16	0	-207.519516
117	16	94	-209.503586
118	16	16	-213.430984
119	16	16	-211.960785
120	16	16	-207.595886
121	16	16	-140.897079
122	16	40	-123.806526
123	16	2	-166.336868
124	16	94	-134.833664
125	16	16	-100.51844
126	16	16	-45.615444
127	16	16	-9.970653
128	16	16	0
0	17	16	0
1	17	16	-0.232926
2	17	16	-3.54534
3	17	16	-11.486054
4	17	16	-23.142176
5	17	16	-35.920143
6	17	16	-50.073353
7	17	16	-67.162239
8	17	16	-87.22448
9	17	16	-110.577263
10	17	16	-131.992447
11	17	16	-148.556305
12	17	13	-160.367523
13	17	20	-170.762436
14	17	2	-178.965729
15	17	129	-185.141479
16	17	157	-185.889008
17	17	131	-182.065414
18	17	3	-179.910858
19	17	31	-176.175446
20	17	123	-180.253494
21	17	196	-183.543152
22	17	126	-184.052475
23	17	221	-186.828918
24	17	14	-188.707672
25	17	14	-191.13118
26	17	15	-192.495926
27	17	16	-189.601974
28	17	16	-185.558594
29	17	40	-175.537201
30	17	1	-158.447479
31	17	0	-143.308395
32	17	2	-124.979858
33	17	2	-100.90847
34	17	0	-70.598495
35	17	2	-22.199825
36	17	2	19.891506
37	17	0	22.280056
38	17	21	4.820227
39	17	199	4.515995
40	17	41	17.006849
41	17	132	26.179409
42	17	30	25.58526
43	17	30	12.239003
44	17	7	3.279666
45	17	61	1.031858
46	17	307	0
47	17	10	0.651202
48	17	308	4.235076
49	17	309	8.205006
50	17	111	14.723987
51	17	310	25.087547
52	17	311	37.628609
53	17	312	50.077587
54	17	313	60.569447
55	17	314	67.953751
56	17	315	75.599457
57	17	316	92.01474
58	17	317	111.067795
59	17	21	111.278397
60	17	14	116.042702
61	17	15	137.911865
62	17	13	167.4599
63	17	14	192.18335
64	17	20	215.735382
65	17	24	300.589935
66	17	28	316.498413
67	17	1	319.682526
68	17	1	265.016479
69	17	2	260.54599
70	17	0	242.915024
71	17	1	211.293716
72	17	24	170.979904
73	17	41	133.200714
74	17	28	104.021545
75	17	2	79.198181
76	17	1	60.67659
77	17	2	45.479382
78	17	1	32.147835
79	17	1	18.044127
80	17	1	9.188092
81	17	1	5.002492
82	17	0	-1.786633
83	17	0	-9.171159
84	17	1	-18.841993
85	17	21	-26.68014
86	17	14	-42.93819
87	17	15	-74.768059
88	17	95	-107.646957
89	17	28	-137.010132
90	17	0	-156.421295
91	17	297	-169.155869
92	17	280	-175.660309
93	17	298	-177.12822
94	17	2	-169.399658
95	17	21	-163.376999
96	17	14	-162.788055
97	17	14	-159.506439
98	17	15	-153.356735
99	17	16	-143.329132
100	17	13	-133.572205
101	17	20	-131.108215
102	17	0	-130.162735
103	17	297	-130.373703
104	17	276	-139.833649
105	17	298	-149.950165
106	17	1	-152.698715
107	17	2	-160.420135
108	17	1	-166.838715
109	17	1	-107.250671
110	17	1	-113.493721
111	17	0	-179.542206
112	17	0	-186.425323
113	17	1	-193.929077
114	17	1	-198.375778
115	17	0	-202.548111
116	17	21	-209.48317
117	17	14	-209.168106
118	17	14	-210.741898
119	17	14	-207.609695
120	17	14	-199.299438
121	17	20	-126.011909
122	17	24	-112.039963
123	17	39	-158.349991
124	17	16	-132.677216
125	17	16	-101.325386
126	17	16	-51.03133
127	17	16	-18.050821
128	17	16	0
0	18	16	0
1	18	16	0
2	18	16	-2.768025
3	18	16	-7.490618
4	18	16	-19.46637
5	18	16	-33.200603
6	18	16	-48.008011
7	18	16	-65.068741
8	18	16	-85.366829
9	18	16	-105.004379
10	18	16	-125.153549
11	18	40	-141.719879
12	18	0	-153.382355
13	18	0	-164.028641
14	18	1	-171.660294
15	18	0	-178.333023
16	18	0	-178.389221
17	18	29	-174.195251
18	18	30	-173.147156
19	18	318	-170.428848
20	18	196	-171.359467
21	18	101	-173.164459
22	18	1	-174.829803
23	18	0	-177.409943
24	18	2	-179.77272
25	18	21	-180.755585
26	18	15	-182.589035
27	18	16	-180.94043
28	18	40	-174.827927
29	18	2	-162.368332
30	18	2	-146.693619
31	18	0	-133.753937
32	18	2	-101.508888
33	18	0	-40.23584
34	18	2	-6.821236
35	18	0	5.742064
36	18	1	15.779995
37	18	2	17.980841
38	18	21	-3.749703
39	18	15	-8.415988
40	18	319	12.259229
41	18	43	34.375877
42	18	320	36.898769
43	18	32	21.087488
44	18	31	8.585063
45	18	321	4.864935
46	18	10	2.045645
47	18	322	3.275289
48	18	323	9.327782
49	18	10	18.13883
50	18	324	28.725258
51	18	1	40.527092
52	18	325	51.830357
53	18	326	62.564209
54	18	313	71.617989
55	18	327	76.854965
56	18	328	83.332436
57	18	329	96.468018
58	18	1	111.647057
59	18	1	115.15905
60	18	21	121.501678
61	18	20	141.544662
62	18	2	171.872864
63	18	24	191.815323
64	18	39	210.331161
65	18	95	292.971527
66	18	28	311.588074
67	18	24	320.875061
68	18	28	269.827759
69	18	1	268.780701
70	18	24	251.338745
71	18	39	223.316315
72	18	13	184.625656
73	18	20	150.241287
74	18	0	122.546539
75	18	24	99.076859
76	18	28	76.400536
77	18	2	59.445919
78	18	0	44.4916
79	18	2	35.024624
80	18	24	26.93741
81	18	28	23.085651
82	18	45	15.101054
83	18	36	1.60797
84	18	45	-4.31047
85	18	36	-11.315324
86	18	21	-32.186295
87	18	14	-65.144386
88	18	20	-100.245346
89	18	2	-130.76825
90	18	297	-155.125687
91	18	280	-174.930084
92	18	298	-184.422165
93	18	1	-189.829468
94	18	2	-186.665482
95	18	1	-181.286453
96	18	24	-175.927795
97	18	39	-168.629166
98	18	16	-158.637543
99	18	40	-145.654968
100	18	2	-129.944717
101	18	1	-119.512566
102	18	297	-108.294708
103	18	280	-83.274597
104	18	298	-99.852104
105	18	1	-134.137939
106	18	2	-151.332657
107	18	2	-163.224091
108	18	2	-168.210052
109	18	2	-111.371025
110	18	2	-112.656929
111	18	2	-184.23526
112	18	1	-194.812958
113	18	1	-205.632431
114	18	1	-211.460236
115	18	0	-211.343033
116	18	1	-204.242874
117	18	0	-204.130157
118	18	0	-204.45224
119	18	1	-200.741257
120	18	1	-189.166916
121	18	94	-115.973
122	18	330	-104.009933
123	18	280	-153.502945
124	18	276	-131.474442
125	18	280	-104.264526
126	18	280	-59.681446
127	18	281	-25.406576
128	18	276	0
0	19	281	0
1	19	280	0
2	19	281	-1.605226
3	19	281	-7.192411
4	19	281	-17.239378
5	19	281	-31.278355
6	19	276	-45.884579
7	19	281	-61.82605
8	19	281	-81.341644
9	19	281	-101.002129
10	19	277	-119.464394
11	19	331	-134.297714
12	19	24	-146.791977
13	19	65	-161.661499
14	19	44	-171.461472
15	19	42	-175.964615
16	19	43	-176.664047
17	19	98	-174.100327
18	19	71	-171.489868
19	19	200	-169.903503
20	19	101	-168.964417
21	19	2	-168.629669
22	19	0	-168.25531
23	19	2	-170.36824
24	19	2	-172.0672
25	19	94	-174.295441
26	19	16	-174.813477
27	19	40	-170.817184
28	19	0	-164.483261
29	19	1	-152.42485
30	19	2	-137.678619
31	19	1	-123.470345
32	19	0	-69.993896
33	19	2	24.748442
34	19	2	72.668381
35	19	1	51.007542
36	19	0	17.490395
37	19	2	11.238345
38	19	21	-4.634071
39	19	200	-9.003297
40	19	282	8.610891
41	19	332	30.921972
42	19	333	37.589085
43	19	5	24.62739
44	19	334	11.243149
45	19	10	8.474307
46	19	78	6.3005
47	19	335	6.500331
48	19	10	13.132477
49	19	324	23.545708
50	19	0	35.84692
51	19	325	49.7173
52	19	326	63.399265
53	19	336	75.412796
54	19	337	83.318474
55	19	328	87.987549
56	19	329	92.966423
57	19	1	99.933716
58	19	0	112.031837
59	19	2	118.081734
60	19	0	123.943169
61	19	24	141.035934
62	19	39	172.980804
63	19	13	197.786484
64	19	14	221.491516
65	19	20	302.31424
66	19	94	318.734741
67	19	95	328.751892
68	19	28	275.261383
69	19	94	268.070953
70	19	13	251.95723
71	19	20	224.992554
72	19	2	188.654694
73	19	24	158.389404
74	19	39	138.014359
75	19	95	116.825668
76	19	28	91.811874
77	19	1	70.526031
78	19	0	54.914909
79	19	94	48.977028
80	19	40	43.337292
81	19	3	35.79454
82	19	31	21.616999
83	19	32	2.964928
84	19	61	-5.105957
85	19	24	-22.901186
86	19	28	-44.036911
87	19	2	-72.236786
88	19	0	-96.823112
89	19	297	-122.645363
90	19	281	-147.358658
91	19	298	-167.946289
92	19	0	-185.154602
93	19	2	-197.995819
94	19	24	-206.808975
95	19	39	-206.753052
96	19	16	-200.942703
97	19	16	-188.194717
98	19	40	-167.790421
99	19	0	-141.828598
100	19	0	-107.826225
101	19	297	-90.20237
102	19	281	-59.416985
103	19	298	-35.925217
104	19	0	-49.37315
105	19	0	-110.304405
106	19	0	-153.479584
107	19	2	-166.390945
108	19	1	-170.098511
109	19	1	-109.30928
110	19	0	-106.027229
111	19	2	-180.545685
112	19	1	-198.210739
113	19	1	-211.198349
114	19	0	-219.526199
115	19	24	-212.575287
116	19	28	-200.877625
117	19	0	-193.913681
118	19	0	-198.117783
119	19	0	-193.812012
120	19	94	-187.433334
121	19	338	-116.78978
122	19	280	-106.087425
123	19	280	-152.613541
124	19	280	-130.537247
125	19	280	-107.671234
126	19	280	-64.844154
127	19	276	-30.90484
128	19	276	0
0	20	280	0
1	20	281	0
2	20	276	-2.022214
3	20	280	-12.351717
4	20	281	-23.688442
5	20	339	-35.355728
6	20	339	-48.212845
7	20	281	-60.799435
8	20	281	-77.446785
9	20	281	-97.170242
10	20	340	-117.375481
11	20	341	-134.796387
12	20	342	-149.558487
13	20	343	-115.048073
14	20	344	-124.424332
15	20	100	-130.666367
16	20	93	-132.788376
17	20	20	-131.414017
18	20	153	-125.956718
19	20	345	-123.017754
20	20	1	-120.158485
21	20	1	-119.052505
22	20	2	-118.257805
23	20	0	-118.267937
24	20	94	-118.343765
25	20	16	-119.619934
26	20	95	-118.7537
27	20	41	-115.401077
28	20	28	-107.178764
29	20	2	-96.319344
30	20	0	-132.877274
31	20	0	-117.89064
32	20	1	-69.404617
33	20	2	23.553732
34	20	2	87.655899
35	20	0	65.064926
36	20	2	21.462694
37	20	2	8.315238
38	20	129	-8.561112
39	20	130	-7.8646
40	20	282	1.12128
41	20	346	17.096985
42	20	4	25.488094
43	20	334	19.527723
44	20	10	11.441569
45	20	78	10.387791
46	20	335	10.632763
47	20	10	10.798257
48	20	324	15.521961
49	20	347	26.66028
50	20	348	40.154858
51	20	349	55.747272
52	20	350	71.645882
53	20	4	85.959969
54	20	351	95.693573
55	20	352	99.534157
56	20	1	104.64978
57	20	2	111.766525
58	20	2	121.358368
59	20	1	124.670883
60	20	94	127.198257
61	20	13	148.352798
62	20	20	175.567032
63	20	0	205.177094
64	20	2	229.917999
65	20	21	308.445129
66	20	15	326.961609
67	20	40	330.689758
68	20	21	273.655273
69	20	20	268.19809
70	20	0	252.562149
71	20	1	224.318787
72	20	21	191.478867
73	20	14	164.164841
74	20	14	148.867477
75	20	20	128.790497
76	20	0	103.556343
77	20	1	78.808014
78	20	21	62.487656
79	20	353	53.705063
80	20	354	53.171246
81	20	5	42.759068
82	20	5	26.936245
83	20	31	23.084637
84	20	123	12.139132
85	20	40	-7.892133
86	20	0	-34.951633
87	20	0	-66.0774
88	20	297	-89.557632
89	20	280	-113.001305
90	20	298	-134.916992
91	20	0	-158.558014
92	20	0	-176.997696
93	20	94	-192.483154
94	20	16	-206.654877
95	20	16	-215.282288
96	20	16	-211.345505
97	20	40	-195.639053
98	20	2	-173.039276
99	20	1	-137.999023
100	20	297	-88.58506
101	20	276	-57.45002
102	20	298	-43.677414
103	20	1	-30.072643
104	20	2	-41.443863
105	20	0	-95.965813
106	20	1	-144.416061
107	20	2	-162.758926
108	20	1	-169.708282
109	20	1	-108.052109
110	20	2	-111.240387
111	20	24	-185.56044
112	20	41	-202.443756
113	20	65	-211.974838
114	20	91	-218.414505
115	20	97	-208.792603
116	20	44	-193.306519
117	20	1	-189.727921
118	20	0	-186.029587
119	20	94	-181.527344
120	20	276	-181.719254
121	20	281	-116.858932
122	20	280	-106.316498
123	20	281	-149.95694
124	20	281	-125.784157
125	20	276	-105.765808
126	20	280	-64.742958
127	20	276	-22.303185
128	20	276	0
0	21	276	0
1	21	280	-0.866752
2	21	281	-9.793443
3	21	281	-22.081219
4	21	276	-34.472088
5	21	280	-46.671761
6	21	281	-57.635342
7	21	280	-67.040443
8	21	280	-78.962753
9	21	355	-96.276634
10	21	356	-117.76313
11	21	357	-138.773315
12	21	358	-156.361267
13	21	359	-127.071365
14	21	360	-138.302155
15	21	345	-137.000168
16	21	0	-139.628235
17	21	94	-137.499451
18	21	95	-132.846649
19	21	41	-127.534317
20	21	41	-121.411407
21	21	41	-120.063812
22	21	41	-117.922607
23	21	39	-115.802765
24	21	16	-114.511162
25	21	16	-114.528603
26	21	16	-113.4067
27	21	40	-110.8274
28	21	1	-103.574394
29	21	0	-92.625816
30	21	1	-131.128036
31	21	0	-116.558578
32	21	0	-95.612579
33	21	0	-19.819345
34	21	0	44.439423
35	21	0	42.526413
36	21	1	17.826048
37	21	1	2.267836
38	21	129	-5.103766
39	21	157	-6.311512
40	21	361	-1.468696
41	21	4	6.099069
42	21	334	13.948759
43	21	10	15.036737
44	21	78	10.631359
45	21	335	10.038506
46	21	310	13.396906
47	21	362	13.661584
48	21	124	17.479324
49	21	363	27.18384
50	21	312	40.907581
51	21	350	57.146523
52	21	4	74.146172
53	21	61	87.156792
54	21	2	97.489197
55	21	2	103.880188
56	21	1	112.12542
57	21	24	126.391304
58	21	41	140.286087
59	21	39	147.112381
60	21	40	152.825012
61	21	0	169.189178
62	21	1	193.357559
63	21	1	211.933258
64	21	1	233.75473
65	21	94	313.177673
66	21	40	332.040283
67	21	2	333.522675
68	21	24	268.648804
69	21	28	263.919769
70	21	0	253.21019
71	21	2	226.428696
72	21	24	197.138824
73	21	28	173.04509
74	21	1	155.273224
75	21	2	133.760208
76	21	2	107.666168
77	21	1	82.679649
78	21	364	66.806549
79	21	365	56.726563
80	21	366	56.300861
81	21	367	52.822639
82	21	35	47.449848
83	21	19	50.086395
84	21	20	47.492001
85	21	0	15.730339
86	21	2	-20.494001
87	21	297	-57.991703
88	21	276	-86.767059
89	21	298	-107.448578
90	21	1	-129.083984
91	21	24	-148.772476
92	21	39	-163.898727
93	21	16	-178.643646
94	21	16	-185.810623
95	21	16	-195.126343
96	21	40	-198.810562
97	21	1	-184.992249
98	21	0	-165.134476
99	21	297	-135.583679
100	21	280	-80.590515
101	21	298	-54.269226
102	21	1	-62.8923
103	21	2	-66.793274
104	21	1	-52.745663
105	21	1	-78.898949
106	21	0	-119.71299
107	21	0	-150.242844
108	21	0	-167.087051
109	21	1	-115.187157
110	21	237	-121.21138
111	21	238	-193.069321
112	21	92	-199.732895
113	21	151	-205.115067
114	21	176	-211.365616
115	21	345	-203.542908
116	21	0	-188.74382
117	21	0	-181.882309
118	21	94	-176.65892
119	21	281	-171.55928
120	21	276	-173.44812
121	21	280	-109.707253
122	21	280	-101.896301
123	21	280	-143.749298
124	21	281	-121.055275
125	21	281	-101.027328
126	21	276	-65.133453
127	21	281	-21.65439
128	21	280	0
0	22	280	0
1	22	281	-5.959627
2	22	276	-19.073332
3	22	276	-32.375256
4	22	280	-44.839161
5	22	280	-58.025574
6	22	281	-69.300972
7	22	276	-78.83139
8	22	13	-86.690681
9	22	368	-99.144562
10	22	369	-121.002357
11	22	3	-144.512177
12	22	5	-163.001877
13	22	370	-134.468597
14	22	371	-144.914474
15	22	1	-149.437012
16	22	94	-147.359467
17	22	16	-141.454269
18	22	16	-138.013702
19	22	177	-129.542358
20	22	238	-125.297318
21	22	238	-119.652061
22	22	238	-115.246994
23	22	238	-112.138817
24	22	178	-111.169838
25	22	16	-110.937943
26	22	40	-111.870674
27	22	0	-109.601532
28	22	2	-102.455475
29	22	1	-93.238884
30	22	2	-131.516449
31	22	2	-116.928467
32	22	1	-92.314156
33	22	2	-40.426514
34	22	2	9.934822
35	22	1	30.249516
36	22	0	17.200163
37	22	0	5.567331
38	22	2	3.353448
39	22	3	-2.545479
40	22	284	-5.074214
41	22	372	-7.148776
42	22	10	-3.659152
43	22	108	0.316393
44	22	111	1.004447
45	22	373	4.875517
46	22	374	13.855348
47	22	0	19.367317
48	22	2	21.143049
49	22	124	25.389404
50	22	375	37.664928
51	22	6	52.601086
52	22	89	67.546982
53	22	1	80.296387
54	22	0	91.232231
55	22	0	102.690308
56	22	94	120.037361
57	22	13	140.144455
58	22	14	156.597046
59	22	199	169.488068
60	22	41	186.39859
61	22	41	205.727722
62	22	232	221.26181
63	22	376	231.491455
64	22	39	241.694611
65	22	40	319.500763
66	22	0	332.948029
67	22	21	331.291473
68	22	199	262.012268
69	22	232	254.57312
70	22	376	247.461243
71	22	71	230.66188
72	22	199	205.165482
73	22	28	180.495804
74	22	0	159.100906
75	22	0	133.245499
76	22	0	105.284355
77	22	377	82.737228
78	22	378	68.034424
79	22	379	58.174004
80	22	380	65.543365
81	22	381	66.755692
82	22	31	63.484859
83	22	36	59.263412
84	22	2	42.999714
85	22	0	7.892476
86	22	297	-24.400105
87	22	276	-46.81081
88	22	298	-79.773125
89	22	2	-112.350365
90	22	94	-134.809677
91	22	16	-149.935806
92	22	16	-163.381348
93	22	16	-165.396194
94	22	16	-161.641495
95	22	40	-169.75914
96	22	2	-183.309357
97	22	2	-177.666763
98	22	297	-158.339737
99	22	280	-131.859222
100	22	298	-90.267723
101	22	1	-70.706238
102	22	0	-88.716515
103	22	2	-86.726448
104	22	0	-58.255871
105	22	2	-54.014484
106	22	1	-89.539795
107	22	1	-139.499619
108	22	42	-169.470688
109	22	99	-122.650047
110	22	100	-131.837509
111	22	100	-200.796448
112	22	68	-202.137039
113	22	93	-201.475784
114	22	20	-203.42514
115	22	0	-194.182236
116	22	1	-187.782532
117	22	94	-174.50386
118	22	281	-165.07016
119	22	280	-164.274567
120	22	281	-163.750748
121	22	281	-101.300339
122	22	13	-95.458778
123	22	14	-137.177124
124	22	14	-116.151573
125	22	14	-100.097961
126	22	14	-66.455467
127	22	14	-19.394037
128	22	14	0
0	23	14	0
1	23	14	-10.353269
2	23	14	-25.279741
3	23	14	-40.63847
4	23	14	-54.546383
5	23	14	-67.999458
6	23	14	-73.673279
7	23	20	-77.996895
8	23	2	-83.52446
9	23	2	-95.732803
10	23	3	-121.263397
11	23	4	-146.701706
12	23	61	-166.572113
13	23	0	-139.505081
14	23	24	-147.531723
15	23	39	-151.49205
16	23	177	-194.791748
17	23	238	-193.094162
18	23	92	-187.616104
19	23	176	-180.533661
20	23	268	-175.07164
21	23	268	-168.568649
22	23	268	-159.082047
23	23	156	-157.313309
24	23	13	-156.831543
25	23	20	-158.053741
26	23	1	-158.554169
27	23	45	-155.777451
28	23	36	-151.89386
29	23	2	-144.719528
30	23	2	-133.082932
31	23	1	-117.942863
32	23	1	-88.629997
33	23	1	-45.499916
34	23	0	4.696484
35	23	1	15.349286
36	23	2	10.938768
37	23	1	9.062583
38	23	382	8.733367
39	23	383	-2.32708
40	23	384	-13.808576
41	23	10	-17.148216
42	23	10	-14.92865
43	23	10	-11.527759
44	23	10	-8.317601
45	23	324	-0.527895
46	23	2	14.635609
47	23	1	26.739845
48	23	0	28.280294
49	23	3	27.516943
50	23	385	31.664396
51	23	386	43.574799
52	23	1	56.788944
53	23	1	69.861656
54	23	2	83.60405
55	23	94	100.231171
56	23	40	122.488129
57	23	0	147.25975
58	23	21	168.807968
59	23	15	187.603729
60	23	288	211.749496
61	23	290	237.865524
62	23	144	253.904434
63	23	16	255.767761
64	23	40	260.313416
65	23	1	330.338165
66	23	0	336.428436
67	23	21	329.748505
68	23	387	260.00647
69	23	266	248.85025
70	23	388	244.86908
71	23	21	233.015457
72	23	20	206.601089
73	23	2	179.01207
74	23	1	155.202087
75	23	347	127.705734
76	23	389	98.509766
77	23	390	77.403107
78	23	391	64.940361
79	23	392	60.471611
80	23	393	71.987495
81	23	4	76.450821
82	23	61	57.873756
83	23	0	33.780773
84	23	0	12.378494
85	23	297	-17.431379
86	23	276	-27.460484
87	23	298	-44.175209
88	23	1	-70.796722
89	23	94	-107.127884
90	23	16	-139.514893
91	23	16	-157.44455
92	23	16	-172.6082
93	23	16	-165.54538
94	23	40	-155.531586
95	23	2	-164.532059
96	23	2	-177.732025
97	23	297	-176.20871
98	23	280	-163.666214
99	23	298	-140.281662
100	23	1	-108.323448
101	23	1	-91.442451
102	23	0	-90.72065
103	23	1	-77.795525
104	23	0	-54.486847
105	23	0	-60.076443
106	23	0	-94.849785
107	23	67	-141.398956
108	23	68	-169.049454
109	23	100	-124.239098
110	23	68	-137.708481
111	23	151	-207.472885
112	23	101	-210.818939
113	23	1	-207.480545
114	23	2	-203.356155
115	23	1	-192.534271
116	23	94	-187.898926
117	23	276	-172.996246
118	23	276	-168.775986
119	23	280	-171.373001
120	23	276	-168.564789
121	23	40	-101.095573
122	23	1	-94.692085
123	23	0	-136.803894
124	23	0	-121.333687
125	23	0	-104.859489
126	23	0	-66.794403
127	23	0	-33.145241
128	23	1	0
0	24	0	0
1	24	1	-11.539708
2	24	0	-27.063944
3	24	2	-42.157692
4	24	1	-56.54644
5	24	0	-66.165894
6	24	42	-68.173889
7	24	43	-68.090683
8	24	43	-73.443848
9	24	394	-87.775932
10	24	7	-117.489868
11	24	61	-144.527771
12	24	2	-165.160751
13	24	94	-140.432922
14	24	177	-149.633545
15	24	92	-153.287033
16	24	176	-196.055847
17	24	268	-194.027802
18	24	156	-187.74321
19	24	16	-181.220184
20	24	16	-175.165939
21	24	16	-168.012314
22	24	16	-159.659683
23	24	40	-155.677383
24	24	1	-158.089569
25	24	2	-157.148865
26	24	3	-155.79364
27	24	31	-156.162476
28	24	36	-154.071991
29	24	1	-146.522446
30	24	0	-133.797104
31	24	0	-119.13623
32	24	1	-93.621025
33	24	2	-51.590668
34	24	1	-16.670965
35	24	1	-0.678493
36	24	2	-0.212587
37	24	395	7.796251
38	24	396	5.597853
39	24	397	-7.832324
40	24	398	-18.591658
41	24	399	-14.341152
42	24	399	-1.744834
43	24	400	5.326848
44	24	401	10.665837
45	24	402	8.738349
46	24	402	13.110335
47	24	402	25.240311
48	24	403	27.901426
49	24	404	24.626081
50	24	405	24.443382
51	24	386	32.519962
52	24	0	44.71706
53	24	1	58.542889
54	24	406	75.009956
55	24	407	93.231995
56	24	386	118.856041
57	24	2	147.263977
58	24	21	171.421082
59	24	253	194.450012
60	24	254	220.852859
61	24	408	253.931335
62	24	14	277.636597
63	24	199	278.507996
64	24	28	279.151581
65	24	1	343.330963
66	24	1	345.635681
67	24	409	338.416504
68	24	165	266.065155
69	24	410	251.040665
70	24	28	240.557007
71	24	2	223.541428
72	24	1	195.661621
73	24	1	168.329391
74	24	124	144.339859
75	24	411	117.240479
76	24	166	88.513924
77	24	391	67.646996
78	24	412	57.612537
79	24	413	54.459282
80	24	191	67.262779
81	24	61	72.02095
82	24	1	50.136345
83	24	2	22.573229
84	24	297	3.433155
85	24	280	-9.5198
86	24	298	-16.444765
87	24	0	-36.46484
88	24	94	-67.645805
89	24	16	-97.007607
90	24	13	-124.323349
91	24	14	-150.435623
92	24	14	-168.97937
93	24	20	-172.134796
94	24	1	-169.127991
95	24	1	-173.15683
96	24	297	-182.708862
97	24	281	-178.715103
98	24	298	-166.224594
99	24	1	-148.484634
100	24	1	-127.658791
101	24	1	-112.656769
102	24	2	-92.850319
103	24	2	-77.506813
104	24	1	-68.604553
105	24	2	-77.995201
106	24	67	-115.020149
107	24	68	-152.835724
108	24	151	-172.257172
109	24	151	-118.641075
110	24	68	-126.089653
111	24	152	-198.154694
112	24	28	-206.238297
113	24	1	-206.976379
114	24	0	-202.052094
115	24	94	-191.931015
116	24	280	-185.850937
117	24	281	-175.956619
118	24	281	-177.76236
119	24	276	-178.562546
120	24	40	-175.021698
121	24	1	-107.213211
122	24	1	-97.527908
123	24	42	-142.998322
124	24	43	-126.101295
125	24	44	-105.561722
126	24	0	-63.103119
127	24	0	-32.347961
128	24	1	0
0	25	0	0
1	25	1	-9.234103
2	25	0	-24.080664
3	25	1	-38.118568
4	25	0	-48.966591
5	25	67	-57.666477
6	25	100	-64.091599
7	25	126	-66.460541
8	25	414	-71.463615
9	25	32	-83.807945
10	25	61	-115.357948
11	25	2	-141.913223
12	25	94	-164.628067
13	25	196	-142.175644
14	25	176	-154.009308
15	25	156	-159.471771
16	25	16	-202.019531
17	25	16	-200.467773
18	25	16	-192.533524
19	25	16	-181.407593
20	25	13	-177.933029
21	25	14	-174.205246
22	25	20	-164.935211
23	25	2	-161.009613
24	25	2	-160.304642
25	25	3	-157.627548
26	25	4	-157.128189
27	25	61	-157.178711
28	25	1	-154.355301
29	25	2	-146.725464
30	25	2	-135.086182
31	25	2	-123.328125
32	25	2	-100.823181
33	25	2	-64.184044
34	25	0	-29.212826
35	25	1	-12.338411
36	25	3	-0.651815
37	25	5	4.470225
38	25	5	-4.984762
39	25	415	-14.697832
40	25	416	-15.003304
41	25	417	-1.747582
42	25	350	15.081281
43	25	418	29.608232
44	25	419	34.336285
45	25	419	28.011335
46	25	419	18.722185
47	25	420	16.34351
48	25	421	16.74733
49	25	422	14.033753
50	25	405	15.611254
51	25	402	21.42271
52	25	386	32.290348
53	25	423	46.496567
54	25	424	63.467548
55	25	405	81.567093
56	25	386	109.007416
57	25	2	139.520935
58	25	2	166.589905
59	25	21	194.063019
60	25	20	222.383224
61	25	1	256.217743
62	25	85	279.959442
63	25	425	286.000763
64	25	426	280.557404
65	25	0	273.401215
66	25	21	270.315521
67	25	14	265.961578
68	25	15	252.949585
69	25	95	235.401382
70	25	28	212.834763
71	25	1	193.958176
72	25	1	177.987839
73	25	273	156.289413
74	25	427	131.92984
75	25	16	103.972786
76	25	428	78.304459
77	25	429	56.163464
78	25	252	46.31086
79	25	430	40.77552
80	25	431	48.732361
81	25	24	52.585754
82	25	41	48.837811
83	25	432	35.733521
84	25	280	18.458773
85	25	298	11.124715
86	25	2	6.144564
87	25	94	-26.556421
88	25	16	-68.626549
89	25	40	-88.833061
90	25	2	-107.505867
91	25	0	-124.608856
92	25	2	-141.959824
93	25	2	-156.133041
94	25	0	-171.318954
95	25	297	-175.638916
96	25	276	-178.586853
97	25	298	-176.098495
98	25	2	-166.018051
99	25	0	-152.430237
100	25	2	-143.901489
101	25	1	-128.944504
102	25	2	-96.817055
103	25	42	-79.298271
104	25	44	-79.112587
105	25	67	-93.620377
106	25	68	-118.15049
107	25	100	-155.626694
108	25	151	-178.556061
109	25	126	-118.69223
110	25	221	-124.88298
111	25	20	-196.318741
112	25	1	-203.479904
113	25	0	-203.225586
114	25	94	-202.435303
115	25	280	-194.541458
116	25	280	-182.73378
117	25	280	-173.437744
118	25	276	-174.303055
119	25	40	-172.874619
120	25	0	-170.540207
121	25	42	-100.602898
122	25	99	-89.493172
123	25	100	-141.244293
124	25	69	-125.721016
125	25	44	-102.051971
126	25	0	-60.837421
127	25	0	-31.338995
128	25	1	0
0	26	2	0
1	26	0	-4.885355
2	26	0	-17.299747
3	26	0	-30.792143
4	26	129	-40.367149
5	26	157	-50.155739
6	26	414	-62.391479
7	26	32	-68.850426
8	26	4	-73.151505
9	26	433	-88.171745
10	26	233	-119.33503
11	26	434	-151.263336
12	26	219	-173.33046
13	26	156	-150.006592
14	26	16	-160.713318
15	26	16	-165.605164
16	26	16	-212.068268
17	26	16	-211.835388
18	26	16	-202.606049
19	26	40	-195.410461
20	26	1	-191.657303
21	26	1	-185.050903
22	26	1	-172.638992
23	26	45	-168.823654
24	26	32	-169.489197
25	26	4	-166.534607
26	26	31	-161.310226
27	26	36	-159.502502
28	26	0	-157.430832
29	26	1	-150.171875
30	26	0	-135.516968
31	26	2	-116.113449
32	26	1	-86.518997
33	26	45	-49.592739
34	26	122	-23.147861
35	26	435	-11.827864
36	26	436	3.804661
37	26	287	10.10344
38	26	328	-2.387644
39	26	326	-14.617824
40	26	437	-7.203737
41	26	438	3.270207
42	26	439	12.384388
43	26	130	22.119553
44	26	282	31.52984
45	26	68	33.836082
46	26	197	26.251516
47	26	440	17.313768
48	26	420	10.674589
49	26	421	5.416351
50	26	441	6.384323
51	26	405	11.666013
52	26	442	20.198542
53	26	424	33.494114
54	26	422	49.23584
55	26	443	66.503365
56	26	2	93.131088
57	26	0	127.736702
58	26	0	162.194214
59	26	1	192.839142
60	26	0	223.599686
61	26	118	251.739258
62	26	444	271.082672
63	26	192	277.453552
64	26	1	269.75293
65	26	2	251.711655
66	26	0	241.245911
67	26	21	233.729767
68	26	14	222.91481
69	26	20	208.386765
70	26	2	177.431152
71	26	2	157.632629
72	26	214	140.538559
73	26	275	126.915489
74	26	15	111.160378
75	26	445	91.693901
76	26	446	64.678856
77	26	16	43.206367
78	26	16	34.585617
79	26	95	29.273623
80	26	39	29.350857
81	26	16	33.447887
82	26	330	41.236629
83	26	276	47.19397
84	26	298	29.312397
85	26	0	27.552382
86	26	94	26.210896
87	26	16	-11.899206
88	26	40	-58.357319
89	26	0	-82.319122
90	26	291	-95.773666
91	26	278	-101.894913
92	26	278	-107.96582
93	26	278	-128.826721
94	26	279	-151.144043
95	26	276	-164.908173
96	26	298	-169.422577
97	26	1	-168.97522
98	26	0	-163.673416
99	26	0	-155.487274
100	26	0	-148.114807
101	26	2	-130.961868
102	26	67	-105.483116
103	26	69	-95.16938
104	26	270	-97.796112
105	26	130	-107.165924
106	26	68	-127.068039
107	26	126	-160.919312
108	26	131	-182.748657
109	26	42	-124.915421
110	26	98	-126.866203
111	26	28	-196.847137
112	26	0	-202.231354
113	26	94	-199.643677
114	26	276	-200.143478
115	26	276	-191.726456
116	26	281	-177.455643
117	26	276	-171.780609
118	26	40	-168.659637
119	26	42	-162.429932
120	26	99	-157.416489
121	26	100	-88.943855
122	26	282	-81.98185
123	26	100	-138.877289
124	26	101	-124.441772
125	26	2	-101.719147
126	26	0	-60.744545
127	26	0	-18.981007
128	26	1	0
0	27	0	0
1	27	2	-1.260619
2	27	0	-8.825381
3	27	42	-21.018229
4	27	43	-30.627848
5	27	447	-41.954273
6	27	72	-56.662544
7	27	448	-65.269035
8	27	449	-71.641457
9	27	450	-90.874382
10	27	192	-125.602768
11	27	21	-158.703247
12	27	15	-181.27919
13	27	16	-159.064255
14	27	16	-170.528625
15	27	16	-175.670959
16	27	16	-220.00853
17	27	16	-219.764206
18	27	40	-215.199509
19	27	42	-211.45726
20	27	44	-207.465927
21	27	2	-198.206024
22	27	29	-183.603638
23	27	30	-177.622665
24	27	7	-175.208984
25	27	4	-170.617065
26	27	31	-164.594513
27	27	36	-163.334717
28	27	0	-158.564499
29	27	1	-147.689575
30	27	1	-128.731415
31	27	45	-103.610771
32	27	32	-69.410324
33	27	5	-36.28735
34	27	334	-25.711678
35	27	10	-20.942186
36	27	451	0.014026
37	27	452	19.552538
38	27	453	12.709476
39	27	454	0.813918
40	27	10	-0.584405
41	27	455	0
42	27	456	0.014838
43	27	457	4.241195
44	27	458	12.951364
45	27	458	21.007242
46	27	459	26.215553
47	27	197	25.971991
48	27	440	17.432409
49	27	460	8.237573
50	27	461	2.436193
51	27	421	4.626959
52	27	422	10.72748
53	27	462	21.910444
54	27	463	34.363911
55	27	426	48.425953
56	27	0	75.575981
57	27	0	115.506416
58	27	0	157.209915
59	27	2	190.062897
60	27	118	220.13623
61	27	444	243.656586
62	27	192	259.931244
63	27	2	267.634888
64	27	1	265.391602
65	27	2	260.640076
66	27	1	255.007034
67	27	1	245.611389
68	27	0	233.593063
69	27	2	220.293503
70	27	1	191.155182
71	27	1	165.485809
72	27	2	134.088821
73	27	21	92.390114
74	27	15	66.515488
75	27	16	63.800064
76	27	16	49.373135
77	27	13	32.362286
78	27	14	23.968254
79	27	14	20.50337
80	27	14	20.248211
81	27	464	21.147196
82	27	465	30.842648
83	27	466	39.156662
84	27	2	32.222664
85	27	94	31.861292
86	27	13	33.357723
87	27	20	3.61883
88	27	2	-42.888733
89	27	467	-68.871155
90	27	468	-83.82666
91	27	276	-86.857796
92	27	276	-92.731941
93	27	280	-110.549622
94	27	276	-133.483414
95	27	298	-150.077911
96	27	1	-155.686325
97	27	0	-157.214142
98	27	1	-156.491425
99	27	2	-156.09938
100	27	2	-148.756744
101	27	129	-135.949158
102	27	157	-122.374214
103	27	131	-122.821205
104	27	129	-126.714104
105	27	157	-129.21727
106	27	131	-143.738647
107	27	42	-166.676346
108	27	267	-182.099854
109	27	469	-188.582504
110	27	20	-191.558426
111	27	2	-193.36554
112	27	94	-194.46933
113	27	280	-192.957184
114	27	280	-194.85051
115	27	276	-186.975937
116	27	276	-174.012115
117	27	40	-108.807335
118	27	67	-104.150589
119	27	100	-99.476616
120	27	151	-92.755264
121	27	68	-83.69799
122	27	282	-81.418381
123	27	101	-140.024658
124	27	0	-122.81633
125	27	2	-100.257347
126	27	1	-57.764721
127	27	0	-30.705965
128	27	42	0
0	28	44	0
1	28	42	0
2	28	99	-2.987776
3	28	100	-11.001801
4	28	332	-19.960512
5	28	470	-31.181158
6	28	92	-42.936775
7	28	152	-53.884319
8	28	471	-70.630043
9	28	255	-99.175827
10	28	0	-132.597839
11	28	94	-163.18512
12	28	13	-184.095764
13	28	14	-161.304947
14	28	15	-173.768875
15	28	16	-179.075378
16	28	16	-221.544403
17	28	95	-222.541245
18	28	472	-223.806137
19	28	131	-223.230011
20	28	0	-219.016266
21	28	0	-207.9711
22	28	1	-191.753143
23	28	29	-178.76265
24	28	30	-172.703918
25	28	30	-165.903976
26	28	89	-160.659714
27	28	2	-154.616516
28	28	0	-147.084793
29	28	45	-139.166245
30	28	32	-125.564308
31	28	5	-109.092621
32	28	4	-77.999519
33	28	334	-53.897125
34	28	10	-48.582191
35	28	473	-44.765125
36	28	474	-18.055538
37	28	475	10.802677
38	28	476	16.014454
39	28	10	6.037431
40	28	477	2.28591
41	28	478	0
42	28	479	0
43	28	480	0
44	28	481	0.058862
45	28	482	5.982047
46	28	458	15.462985
47	28	458	24.077728
48	28	483	33.037144
49	28	484	29.964497
50	28	440	14.411286
51	28	485	1.126323
52	28	486	6.592786
53	28	214	16.486353
54	28	487	28.699781
55	28	233	44.82634
56	28	426	69.230385
57	28	0	103.987946
58	28	2	142.798737
59	28	214	176.856506
60	28	450	208.225128
61	28	192	233.175156
62	28	1	250.39827
63	28	1	326.908142
64	28	2	326.185028
65	28	2	327.781189
66	28	2	321.590881
67	28	1	313.256592
68	28	1	236.897385
69	28	2	227.937439
70	28	1	209.285156
71	28	0	187.331497
72	28	2	154.54274
73	28	94	106.735649
74	28	16	62.561539
75	28	13	47.268639
76	28	20	35.744713
77	28	1	23.051218
78	28	1	15.586514
79	28	2	12.677441
80	28	0	13.213676
81	28	1	16.801271
82	28	0	21.468664
83	28	0	27.992384
84	28	21	33.620037
85	28	20	38.375462
86	28	2	33.257473
87	28	0	11.295931
88	28	0	-24.298002
89	28	467	-47.081055
90	28	465	-61.626694
91	28	465	-74.861938
92	28	465	-86.337936
93	28	465	-101.522423
94	28	466	-120.207016
95	28	1	-130.894379
96	28	1	-137.068604
97	28	1	-141.611465
98	28	2	-148.650421
99	28	1	-154.343872
100	28	2	-153.337708
101	28	2	-150.644394
102	28	0	-144.423264
103	28	1	-144.165482
104	28	2	-145.21077
105	28	2	-147.013412
106	28	67	-153.645813
107	28	93	-160.857971
108	28	20	-174.244446
109	28	2	-185.733307
110	28	2	-191.244125
111	28	94	-187.884155
112	28	281	-187.224945
113	28	276	-191.08577
114	28	281	-190.886459
115	28	488	-183.196777
116	28	40	-171.643051
117	28	67	-103.737091
118	28	68	-100.204865
119	28	151	-100.293091
120	28	151	-96.346184
121	28	282	-87.338661
122	28	69	-81.256195
123	28	44	-133.638077
124	28	2	-115.656029
125	28	1	-92.614677
126	28	42	-51.074154
127	28	99	-24.019745
128	28	101	0
0	29	129	0
1	29	157	0
2	29	155	-1.887241
3	29	154	-6.249781
4	29	126	-15.858553
5	29	157	-23.641907
6	29	221	-32.999817
7	29	96	-47.040619
8	29	180	-73.714859
9	29	41	-105.520691
10	29	39	-137.802353
11	29	40	-163.701385
12	29	0	-183.255264
13	29	21	-158.307037
14	29	14	-170.115662
15	29	14	-175.513367
16	29	15	-221.437225
17	29	40	-226.513794
18	29	1	-228.793304
19	29	2	-229.348068
20	29	0	-226.54277
21	29	0	-214.235474
22	29	1	-193.614044
23	29	0	-173.628372
24	29	1	-161.227768
25	29	0	-153.273956
26	29	2	-145.305573
27	29	2	-136.340363
28	29	29	-129.029541
29	29	7	-124.091034
30	29	4	-122.313484
31	29	5	-114.895309
32	29	334	-98.572578
33	29	10	-81.106796
34	29	11	-66.03257
35	29	489	-50.395149
36	29	490	-29.593353
37	29	491	-12.544035
38	29	492	-1.280072
39	29	10	0.278447
40	29	112	1.616244
41	29	493	0
42	29	417	3.651597
43	29	494	3.897604
44	29	495	1.505828
45	29	496	0.405249
46	29	496	3.52985
47	29	497	16.697863
48	29	498	43.260574
49	29	499	60.022339
50	29	131	42.172432
51	29	0	11.048158
52	29	1	4.268701
53	29	214	12.861335
54	29	274	24.854237
55	29	213	44.858444
56	29	0	69.73893
57	29	0	95.541687
58	29	0	127.142532
59	29	214	157.807404
60	29	213	189.119598
61	29	1	217.539627
62	29	2	236.139633
63	29	1	312.190857
64	29	1	312.147461
65	29	0	314.810577
66	29	0	307.820068
67	29	1	301.457672
68	29	1	300.033081
69	29	2	225.295639
70	29	0	212.458389
71	29	0	188.775284
72	29	94	152.548126
73	29	16	121.553711
74	29	95	86.470665
75	29	28	54.926094
76	29	1	33.649067
77	29	1	15.56153
78	29	0	8.080372
79	29	1	5.515269
80	29	24	18.887526
81	29	28	40.749325
82	29	0	44.300343
83	29	2	37.997059
84	29	0	52.057487
85	29	0	61.215092
86	29	2	53.094254
87	29	1	23.875505
88	29	1	-2.800951
89	29	2	-24.4527
90	29	0	-38.200573
91	29	2	-55.351402
92	29	2	-72.062721
93	29	0	-85.527748
94	29	0	-102.369423
95	29	2	-113.179245
96	29	1	-119.383308
97	29	0	-129.951553
98	29	0	-144.406799
99	29	1	-154.149796
100	29	2	-159.538483
101	29	0	-160.895126
102	29	0	-160.101379
103	29	1	-156.256409
104	29	0	-151.409042
105	29	129	-151.367416
106	29	131	-152.342651
107	29	2	-154.356491
108	29	1	-159.234085
109	29	2	-170.574173
110	29	21	-179.615051
111	29	468	-178.849762
112	29	276	-179.969345
113	29	276	-186.655548
114	29	500	-185.145813
115	29	40	-178.468475
116	29	67	-167.353134
117	29	151	-162.057098
118	29	68	-160.063705
119	29	68	-160.08902
120	29	100	-149.673477
121	29	68	-140.255676
122	29	101	-131.360016
123	29	0	-117.28569
124	29	0	-99.711899
125	29	129	-79.518364
126	29	157	-40.998123
127	29	257	-19.747389
128	29	28	0
0	30	1	0
1	30	21	0
2	30	179	-1.982361
3	30	131	-7.742361
4	30	1	-16.132847
5	30	1	-23.313133
6	30	153	-31.988087
7	30	156	-49.041969
8	30	16	-75.698357
9	30	16	-105.308586
10	30	40	-133.187531
11	30	273	-158.314651
12	30	233	-178.364883
13	30	233	-151.037811
14	30	426	-162.702042
15	30	21	-172.004639
16	30	20	-220.524261
17	30	0	-225.516556
18	30	0	-228.079468
19	30	0	-227.461502
20	30	0	-224.425674
21	30	2	-209.629227
22	30	0	-182.345505
23	30	0	-161.791901
24	30	0	-145.152527
25	30	2	-134.507202
26	30	2	-125.904594
27	30	1	-114.070183
28	30	3	-106.605202
29	30	4	-102.731194
30	30	4	-101.590019
31	30	334	-91.908775
32	30	10	-76.43454
33	30	10	-68.017456
34	30	10	-50.053749
35	30	10	-26.546967
36	30	501	-22.689548
37	30	454	-26.0278
38	30	10	-16.685719
39	30	502	-5.709444
40	30	248	-0.941801
41	30	493	8.378892
42	30	417	17.388824
43	30	503	18.71843
44	30	504	11.255209
45	30	1	3.758033
46	30	423	1.11427
47	30	505	6.282494
48	30	506	37.922153
49	30	43	67.198036
50	30	44	57.681061
51	30	2	23.323851
52	30	0	3.747979
53	30	0	8.318834
54	30	2	20.067751
55	30	1	42.030869
56	30	1	68.488281
57	30	0	93.399963
58	30	0	115.524628
59	30	2	139.56044
60	30	1	171.587936
61	30	0	200.276291
62	30	2	218.043304
63	30	1	296.33432
64	30	1	298.569244
65	30	2	302.015259
66	30	0	303.534698
67	30	2	298.45578
68	30	0	295.852936
69	30	1	221.237122
70	30	0	210.93573
71	30	21	187.444016
72	30	15	152.431503
73	30	16	119.260117
74	30	40	90.801361
75	30	1	60.298485
76	30	347	33.944912
77	30	504	11.240613
78	30	24	2.671983
79	30	39	2.81332
80	30	40	35.395519
81	30	2	78.062592
82	30	2	83.885269
83	30	2	66.825493
84	30	2	67.158264
85	30	1	82.689247
86	30	2	72.41423
87	30	0	49.029869
88	30	1	24.893778
89	30	0	5.943822
90	30	24	-12.970378
91	30	41	-30.63604
92	30	28	-47.444866
93	30	2	-61.813217
94	30	1	-81.556534
95	30	0	-96.892723
96	30	0	-108.454895
97	30	2	-124.203484
98	30	1	-140.225235
99	30	2	-153.506317
100	30	1	-162.697571
101	30	2	-168.103699
102	30	1	-166.370453
103	30	1	-156.724869
104	30	1	-151.134445
105	30	0	-151.58168
106	30	1	-147.806824
107	30	1	-146.994095
108	30	1	-152.429092
109	30	0	-158.950058
110	30	21	-164.755676
111	30	14	-166.389572
112	30	15	-171.692276
113	30	16	-179.629913
114	30	40	-179.065292
115	30	129	-173.406342
116	30	157	-165.062988
117	30	130	-157.102859
118	30	68	-153.279816
119	30	151	-147.840134
120	30	282	-134.912903
121	30	101	-123.549042
122	30	1	-111.120773
123	30	1	-98.663223
124	30	42	-81.765991
125	30	44	-64.322945
126	30	94	-30.948992
127	30	95	-17.289808
128	30	41	0
0	31	41	0
1	31	28	0
2	31	2	-2.289572
3	31	2	-9.925735
4	31	45	-17.843849
5	31	507	-25.058203
6	31	508	-36.033676
7	31	217	-54.091019
8	31	14	-78.244888
9	31	20	-102.494041
10	31	214	-127.961853
11	31	450	-151.00415
12	31	143	-170.551804
13	31	192	-187.440399
14	31	0	-197.817886
15	31	1	-209.127502
16	31	2	-216.247269
17	31	2	-220.659836
18	31	0	-221.041397
19	31	0	-217.01796
20	31	1	-209.11322
21	31	1	-186.052933
22	31	0	-156.499573
23	31	0	-137.356964
24	31	2	-122.385559
25	31	1	-111.783745
26	31	1	-99.333099
27	31	3	-90.108582
28	31	4	-83.478828
29	31	5	-79.534904
30	31	334	-72.084961
31	31	10	-53.062065
32	31	10	-31.136919
33	31	10	-29.648203
34	31	10	-27.037966
35	31	10	-13.057006
36	31	509	-5.55245
37	31	10	-9.848898
38	31	263	-1.818052
39	31	264	3.215648
40	31	159	7.231075
41	31	510	15.637136
42	31	511	31.201674
43	31	352	32.052094
44	31	512	18.871767
45	31	442	7.006366
46	31	441	2.198857
47	31	513	0.211415
48	31	151	17.749886
49	31	101	41.951897
50	31	2	44.895603
51	31	2	22.588343
52	31	2	5.669177
53	31	1	3.550694
54	31	2	13.942726
55	31	1	37.180794
56	31	2	63.087219
57	31	1	87.63504
58	31	0	110.026115
59	31	0	130.452179
60	31	0	162.616684
61	31	1	191.672043
62	31	2	205.285782
63	31	2	281.428864
64	31	0	284.962067
65	31	2	292.352173
66	31	1	301.63208
67	31	1	296.261414
68	31	0	293.176392
69	31	1	219.458221
70	31	0	209.160507
71	31	94	187.243835
72	31	16	152.68277
73	31	95	119.209511
74	31	28	91.876175
75	31	124	64.03215
76	31	352	35.592472
77	31	94	10.408199
78	31	16	3.318993
79	31	40	7.970406
80	31	1	41.844536
81	31	24	83.40863
82	31	41	94.623848
83	31	28	71.925003
84	31	1	67.579857
85	31	2	77.196396
86	31	1	75.646637
87	31	2	61.014942
88	31	24	48.013519
89	31	39	35.509777
90	31	13	18.03507
91	31	20	-1.807787
92	31	0	-22.288216
93	31	24	-39.304996
94	31	41	-60.883572
95	31	28	-81.926407
96	31	2	-101.263771
97	31	2	-119.260658
98	31	0	-136.330978
99	31	2	-147.923904
100	31	1	-155.935165
101	31	0	-160.050323
102	31	1	-158.166138
103	31	42	-147.045975
104	31	43	-142.373718
105	31	43	-143.570679
106	31	44	-140.313034
107	31	1	-138.11293
108	31	0	-142.506882
109	31	2	-152.032532
110	31	2	-159.469208
111	31	21	-162.361481
112	31	14	-168.599792
113	31	20	-174.904221
114	31	1	-171.905716
115	31	0	-168.337036
116	31	67	-157.266342
117	31	282	-149.339508
118	31	282	-142.061325
119	31	126	-130.080475
120	31	131	-115.169106
121	31	0	-102.319115
122	31	42	-90.099098
123	31	99	-79.384445
124	31	101	-63.963417
125	31	21	-48.140381
126	31	96	-33.97858
127	31	238	-21.328634
128	31	178	0
0	32	95	0
1	32	28	-0.022823
2	32	45	-2.897018
3	32	32	-11.166694
4	32	4	-16.106062
5	32	5	-23.09938
6	32	61	-34.314377
7	32	2	-52.613537
8	32	1	-74.543449
9	32	24	-96.879738
10	32	514	-120.909271
11	32	254	-143.196564
12	32	255	-161.939499
13	32	0	-178.522415
14	32	273	-190.404419
15	32	515	-202.191711
16	32	98	-209.44194
17	32	41	-210.477737
18	32	41	-206.30069
19	32	28	-197.299469
20	32	2	-182.14032
21	32	42	-153.002808
22	32	44	-122.394417
23	32	0	-105.198036
24	32	2	-88.953209
25	32	0	-66.224037
26	32	3	-55.509689
27	32	5	-55.221855
28	32	5	-58.814255
29	32	334	-58.218296
30	32	10	-54.104408
31	32	516	-34.531765
32	32	517	-9.772635
33	32	517	-1.296209
34	32	517	-1.763488
35	32	518	6.375001
36	32	10	15.248384
37	32	519	12.653172
38	32	285	18.003658
39	32	137	20.896433
40	32	510	19.546211
41	32	329	22.174606
42	32	1	33.490906
43	32	423	29.875206
44	32	422	15.17297
45	32	424	5.697392
46	32	513	0.74417
47	32	151	-1.158862
48	32	520	0.869561
49	32	402	11.988202
50	32	386	18.87044
51	32	0	16.132669
52	32	1	7.124115
53	32	0	1.534635
54	32	0	7.2291
55	32	1	29.320255
56	32	2	53.472866
57	32	1	77.014694
58	32	0	99.368332
59	32	2	122.263733
60	32	0	156.412201
61	32	1	184.847961
62	32	1	198.483719
63	32	1	275.56546
64	32	1	280.207886
65	32	1	291.794159
66	32	0	302.882111
67	32	0	297.669556
68	32	2	293.417847
69	32	1	218.607803
70	32	21	206.11557
71	32	15	182.886063
72	32	16	152.240051
73	32	95	120.046288
74	32	28	93.289948
75	32	24	64.884102
76	32	39	35.569378
77	32	13	12.517327
78	32	20	9.415317
79	32	0	17.926888
80	32	21	35.173313
81	32	15	64.778282
82	32	95	76.521393
83	32	28	68.01812
84	32	0	65.006592
85	32	2	66.446716
86	32	24	62.762882
87	32	39	56.813824
88	32	16	54.436131
89	32	40	52.07885
90	32	2	40.735416
91	32	24	25.250423
92	32	39	6.223406
93	32	13	-19.509066
94	32	20	-48.199371
95	32	1	-71.655777
96	32	0	-92.689217
97	32	1	-111.72715
98	32	2	-127.376671
99	32	0	-137.35173
100	32	2	-143.228745
101	32	1	-144.988556
102	32	67	-141.055878
103	32	100	-134.726669
104	32	68	-132.119232
105	32	69	-132.728622
106	32	43	-130.82048
107	32	44	-128.693954
108	32	1	-132.35675
109	32	2	-141.254745
110	32	2	-145.934097
111	32	1	-146.442871
112	32	0	-153.267166
113	32	1	-156.56308
114	32	1	-155.120804
115	32	129	-151.00592
116	32	157	-143.833633
117	32	157	-134.254486
118	32	131	-123.998825
119	32	1	-109.229576
120	32	42	-94.562988
121	32	99	-80.018127
122	32	126	-70.781517
123	32	131	-59.74316
124	32	2	-44.55743
125	32	129	-29.450638
126	32	130	-20.348351
127	32	128	-10.078919
128	32	16	0
0	33	40	0
1	33	29	-0.171712
2	33	30	-3.764235
3	33	30	-7.611588
4	33	30	-8.79261
5	33	89	-14.251602
6	33	2	-25.99308
7	33	2	-45.973446
8	33	94	-67.377968
9	33	95	-92.251595
10	33	39	-113.845482
11	33	319	-133.966171
12	33	98	-151.779785
13	33	471	-168.198013
14	33	521	-182.125931
15	33	156	-194.055527
16	33	16	-197.740967
17	33	13	-194.72316
18	33	20	-186.362061
19	33	0	-167.498581
20	33	67	-145.301254
21	33	69	-120.379723
22	33	44	-92.915886
23	33	2	-67.726677
24	33	1	-43.827499
25	33	29	-20.800529
26	33	7	-10.866015
27	33	4	-26.690662
28	33	334	-41.331135
29	33	10	-40.22987
30	33	522	-35.312225
31	33	522	-27.351492
32	33	523	-5.250122
33	33	524	5.929134
34	33	522	15.534836
35	33	10	27.454882
36	33	525	28.962103
37	33	250	23.370167
38	33	526	25.757921
39	33	510	29.287771
40	33	329	27.3097
41	33	512	28.038752
42	33	442	29.220543
43	33	422	22.250719
44	33	424	11.764251
45	33	513	2.797957
46	33	151	-4.323287
47	33	527	-6.727119
48	33	441	-4.169525
49	33	443	0.060095
50	33	1	7.863177
51	33	0	15.075418
52	33	0	12.819855
53	33	0	3.891229
54	33	1	3.465217
55	33	1	20.652502
56	33	0	43.079128
57	33	1	63.997784
58	33	0	84.287498
59	33	0	108.547928
60	33	24	140.263565
61	33	28	171.250412
62	33	2	188.686691
63	33	24	269.834351
64	33	41	277.455872
65	33	28	289.871826
66	33	2	298.231018
67	33	1	293.775879
68	33	0	289.78656
69	33	1	214.429688
70	33	21	200.806732
71	33	15	179.357254
72	33	16	151.469696
73	33	95	119.988106
74	33	39	92.402306
75	33	13	63.225971
76	33	20	36.167007
77	33	1	20.473581
78	33	2	16.306055
79	33	1	22.889906
80	33	94	37.009121
81	33	16	50.123466
82	33	95	63.635197
83	33	41	73.575844
84	33	28	76.538292
85	33	94	70.533142
86	33	16	58.889454
87	33	13	49.331661
88	33	199	48.695175
89	33	41	48.053032
90	33	39	41.759655
91	33	13	37.804947
92	33	20	26.583429
93	33	2	2.940018
94	33	1	-32.51096
95	33	0	-60.728344
96	33	1	-82.566551
97	33	24	-100.269066
98	33	28	-113.947296
99	33	1	-123.151718
100	33	1	-128.227264
101	33	129	-128.672363
102	33	157	-125.095673
103	33	130	-122.045372
104	33	100	-119.729919
105	33	282	-118.67189
106	33	101	-118.063683
107	33	1	-116.673401
108	33	0	-118.362846
109	33	0	-124.18351
110	33	1	-123.528923
111	33	1	-122.596947
112	33	1	-130.894882
113	33	2	-135.477325
114	33	1	-134.133606
115	33	24	-129.033508
116	33	28	-120.892982
117	33	0	-112.404961
118	33	42	-99.846329
119	33	99	-84.480972
120	33	126	-66.981445
121	33	131	-55.818371
122	33	0	-47.939426
123	33	1	-37.287144
124	33	1	-23.215433
125	33	129	-12.030501
126	33	221	-7.312661
127	33	14	-1.70518
128	33	20	0
0	34	1	0
1	34	2	-0.252276
2	34	1	-4.322278
3	34	1	-5.420736
4	34	2	-5.083302
5	34	2	-8.77709
6	34	2	-19.317577
7	34	21	-37.646816
8	34	14	-59.602222
9	34	14	-87.583611
10	34	200	-110.888649
11	34	128	-127.199661
12	34	177	-141.843124
13	34	238	-156.573624
14	34	238	-168.755447
15	34	283	-177.845001
16	34	528	-181.254807
17	34	426	-174.944061
18	34	24	-160.095047
19	34	240	-136.19516
20	34	151	-112.065056
21	34	101	-86.266563
22	34	2	-56.209354
23	34	2	-30.186005
24	34	1	-10.230791
25	34	3	9.317694
26	34	5	6.492497
27	34	334	-19.059313
28	34	10	-27.662018
29	34	523	-15.238719
30	34	339	-4.928762
31	34	522	-5.130685
32	34	529	9.625787
33	34	523	22.526445
34	34	10	31.249899
35	34	530	34.623692
36	34	28	30.911718
37	34	531	21.660315
38	34	532	24.389864
39	34	533	32.304543
40	34	442	35.087132
41	34	461	32.501255
42	34	534	27.927723
43	34	535	28.116072
44	34	536	17.330761
45	34	282	2.630896
46	34	527	-8.458701
47	34	422	-15.21021
48	34	405	-9.087358
49	34	386	-1.477
50	34	2	9.816375
51	34	2	29.301235
52	34	0	30.109283
53	34	1	12.453507
54	34	2	1.56574
55	34	2	19.360086
56	34	0	39.279915
57	34	0	55.963234
58	34	0	70.44558
59	34	94	91.804726
60	34	40	120.889877
61	34	2	151.728836
62	34	21	173.31633
63	34	15	258.59964
64	34	40	266.744934
65	34	24	276.665283
66	34	41	283.592773
67	34	41	280.883057
68	34	41	281.295959
69	34	41	207.194611
70	34	39	197.036697
71	34	16	178.117905
72	34	16	147.481339
73	34	16	116.783752
74	34	40	89.961433
75	34	1	62.79958
76	34	0	44.663136
77	34	2	33.267082
78	34	0	25.439537
79	34	21	26.205154
80	34	15	38.910069
81	34	16	53.126942
82	34	16	60.708866
83	34	95	68.91069
84	34	71	73.202263
85	34	15	70.181541
86	34	95	61.599804
87	34	39	51.691929
88	34	16	43.392349
89	34	13	38.532146
90	34	20	35.444813
91	34	1	37.901035
92	34	1	37.327312
93	34	2	17.621603
94	34	2	-11.152449
95	34	2	-42.558491
96	34	94	-65.719505
97	34	40	-85.826233
98	34	1	-99.348946
99	34	2	-107.420288
100	34	42	-111.424606
101	34	43	-111.46833
102	34	99	-108.770348
103	34	151	-107.647415
104	34	151	-105.43721
105	34	69	-102.705147
106	34	43	-100.934593
107	34	44	-97.542587
108	34	2	-98.991234
109	34	0	-99.358612
110	34	2	-97.23777
111	34	1	-97.829483
112	34	2	-107.079262
113	34	0	-113.065628
114	34	94	-113.266327
115	34	95	-103.889877
116	34	28	-92.259064
117	34	129	-82.198776
118	34	157	-71.334579
119	34	131	-56.082596
120	34	1	-44.23119
121	34	1	-34.100449
122	34	0	-25.527466
123	34	2	-14.815097
124	34	0	-3.963049
125	34	1	-0.888805
126	34	0	0.344156
127	34	2	0
128	34	1	0
0	35	2	0
1	35	24	-0.178917
2	35	65	-4.156864
3	35	44	-8.344051
4	35	45	-3.21043
5	35	122	-6.59416
6	35	122	-17.116613
7	35	36	-31.946901
8	35	1	-53.093124
9	35	129	-78.561409
10	35	198	-101.514107
11	35	196	-117.400085
12	35	100	-130.2659
13	35	151	-141.015228
14	35	101	-149.531906
15	35	118	-157.812134
16	35	537	-160.071625
17	35	434	-152.579163
18	35	200	-133.811386
19	35	100	-109.744812
20	35	101	-83.387718
21	35	1	-57.191196
22	35	1	-31.190847
23	35	2	-8.685841
24	35	3	13.592372
25	35	4	21.725451
26	35	538	6.249942
27	35	539	-17.137121
28	35	339	-15.313435
29	35	523	-1.807813
30	35	524	3.971544
31	35	529	17.26626
32	35	523	40.618649
33	35	10	51.237469
34	35	540	48.674526
35	35	40	40.880741
36	35	124	38.082642
37	35	363	33.826397
38	35	541	48.544746
39	35	441	61.031319
40	35	542	62.22897
41	35	16	55.201244
42	35	196	53.471523
43	35	282	45.091656
44	35	126	31.572336
45	35	543	8.982008
46	35	544	-10.723181
47	35	461	-21.522964
48	35	545	-12.900846
49	35	0	-1.467981
50	35	1	15.01323
51	35	0	38.418369
52	35	2	42.573647
53	35	1	20.229534
54	35	1	0.987567
55	35	0	16.060186
56	35	2	37.515362
57	35	1	53.375439
58	35	21	63.445683
59	35	20	81.353622
60	35	0	109.682198
61	35	1	139.698868
62	35	94	162.007339
63	35	95	246.600052
64	35	39	254.520035
65	35	16	259.531403
66	35	16	264.551117
67	35	16	264.432037
68	35	16	267.086334
69	35	16	195.856003
70	35	16	189.265396
71	35	16	170.921066
72	35	16	140.895187
73	35	40	113.663483
74	35	1	87.210197
75	35	1	62.075096
76	35	512	49.607304
77	35	402	42.817516
78	35	402	31.937092
79	35	546	35.353676
80	35	547	50.124916
81	35	547	62.356491
82	35	547	59.269291
83	35	407	56.829926
84	35	546	59.594158
85	35	548	58.881294
86	35	16	54.23225
87	35	16	50.282677
88	35	95	45.530624
89	35	41	38.546684
90	35	41	30.14407
91	35	41	30.238808
92	35	28	27.730034
93	35	1	16.082127
94	35	0	1.142394
95	35	94	-10.045169
96	35	40	-29.403515
97	35	0	-56.178051
98	35	1	-81.644829
99	35	129	-90.567123
100	35	157	-93.968323
101	35	130	-94.541069
102	35	282	-92.154167
103	35	68	-91.991371
104	35	282	-89.35907
105	35	68	-84.39901
106	35	69	-80.075447
107	35	98	-76.691956
108	35	28	-75.529686
109	35	0	-74.798622
110	35	1	-71.80265
111	35	2	-74.75621
112	35	0	-81.262276
113	35	21	-85.408897
114	35	15	-84.874023
115	35	95	-75.778717
116	35	28	-63.704788
117	35	2	-55.982361
118	35	0	-45.691776
119	35	1	-35.338985
120	35	24	-24.820114
121	35	41	-13.858082
122	35	41	-6.112306
123	35	41	-0.625871
124	35	28	3.138525
125	35	2	1.360979
126	35	2	0
127	35	2	0
128	35	24	0
0	36	341	0
1	36	92	-0.036971
2	36	101	-3.275106
3	36	3	-4.874069
4	36	5	-0.962928
5	36	6	-2.432107
6	36	89	-9.65654
7	36	1	-17.835518
8	36	0	-29.092825
9	36	21	-52.090816
10	36	200	-73.460167
11	36	151	-94.262268
12	36	282	-113.162613
13	36	69	-120.432884
14	36	549	-126.689293
15	36	170	-135.567764
16	36	213	-138.720215
17	36	67	-127.919693
18	36	151	-113.633774
19	36	69	-96.063087
20	36	44	-74.42144
21	36	1	-51.300274
22	36	0	-35.069538
23	36	3	-12.481643
24	36	4	12.532009
25	36	4	18.119598
26	36	334	3.920885
27	36	339	-11.499069
28	36	339	-9.725086
29	36	524	1.651734
30	36	522	14.276738
31	36	529	32.619209
32	36	10	57.961716
33	36	540	66.154594
34	36	40	58.581764
35	36	1	49.953766
36	36	0	47.974758
37	36	423	54.880913
38	36	424	69.991852
39	36	542	88.602226
40	36	16	91.640427
41	36	196	82.218269
42	36	100	76.447937
43	36	101	65.677719
44	36	2	41.552399
45	36	550	17.024727
46	36	551	-8.28734
47	36	95	-23.030979
48	36	28	-14.301867
49	36	0	-1.084593
50	36	0	9.89616
51	36	2	37.214458
52	36	0	45.501335
53	36	2	23.210421
54	36	2	3.679389
55	36	2	11.742117
56	36	24	30.32831
57	36	41	44.936771
58	36	41	55.936447
59	36	41	76.42057
60	36	41	104.678139
61	36	39	130.248505
62	36	16	151.31163
63	36	13	234.637817
64	36	14	240.02269
65	36	14	245.310486
66	36	14	247.300156
67	36	14	247.338623
68	36	14	249.373947
69	36	15	180.549545
70	36	16	174.537247
71	36	16	157.303162
72	36	40	130.667801
73	36	512	107.253891
74	36	402	82.690956
75	36	442	62.20602
76	36	422	51.993137
77	36	441	42.514481
78	36	422	31.145842
79	36	424	45.253555
80	36	424	69.509262
81	36	424	73.475296
82	36	424	60.029202
83	36	424	51.832066
84	36	552	51.438145
85	36	553	49.850506
86	36	14	48.231285
87	36	14	47.615009
88	36	14	45.524292
89	36	14	39.846226
90	36	14	32.893211
91	36	20	24.033169
92	36	0	16.766617
93	36	0	8.419578
94	36	237	5.66904
95	36	258	14.446423
96	36	0	6.572574
97	36	42	-25.932482
98	36	43	-59.97604
99	36	44	-74.814407
100	36	129	-77.735741
101	36	157	-77.966316
102	36	157	-76.099815
103	36	157	-73.140541
104	36	157	-68.923309
105	36	155	-62.15696
106	36	156	-55.999268
107	36	40	-54.389107
108	36	0	-52.44109
109	36	0	-51.356316
110	36	2	-52.487503
111	36	2	-55.231358
112	36	24	-58.005943
113	36	341	-60.199814
114	36	238	-58.706532
115	36	97	-52.238976
116	36	98	-46.45097
117	36	41	-40.876884
118	36	41	-33.27058
119	36	71	-25.019814
120	36	14	-16.398571
121	36	15	-8.953491
122	36	16	-4.33203
123	36	95	0.250174
124	36	28	2.184235
125	36	1	1.516449
126	36	2	0.768567
127	36	237	0.114377
128	36	92	0
0	37	100	0
1	37	152	0
2	37	554	-1.834816
3	37	73	-2.898627
4	37	89	1.872457
5	37	24	4.910435
6	37	28	1.357819
7	37	0	0.045564
8	37	1	-2.293729
9	37	67	-17.394426
10	37	151	-42.059715
11	37	282	-67.591263
12	37	126	-87.443314
13	37	555	-96.881783
14	37	213	-103.425842
15	37	0	-116.962357
16	37	129	-118.681084
17	37	130	-109.698387
18	37	68	-99.420761
19	37	101	-85.222168
20	37	1	-71.033562
21	37	1	-54.989326
22	37	3	-44.786884
23	37	5	-26.492271
24	37	4	-4.035011
25	37	334	6.735709
26	37	523	4.465676
27	37	524	0.337571
28	37	529	5.918755
29	37	523	13.781432
30	37	339	24.32243
31	37	10	43.104931
32	37	540	60.062302
33	37	40	64.822319
34	37	0	55.011581
35	37	1	42.986115
36	37	550	35.461376
37	37	544	36.35825
38	37	552	57.109699
39	37	556	68.465004
40	37	92	75.094894
41	37	557	66.533829
42	37	558	64.338043
43	37	1	55.499115
44	37	2	39.71994
45	37	94	19.179625
46	37	16	-3.306334
47	37	95	-20.434006
48	37	28	-14.940839
49	37	2	-3.597407
50	37	0	6.500379
51	37	1	33.241138
52	37	1	44.235672
53	37	0	29.686218
54	37	2	12.981317
55	37	21	12.391107
56	37	14	21.483576
57	37	15	36.478374
58	37	16	50.888611
59	37	16	70.324875
60	37	16	98.068718
61	37	16	120.126953
62	37	40	137.631882
63	37	0	218.63559
64	37	0	221.373779
65	37	2	229.324142
66	37	2	233.481598
67	37	0	234.270813
68	37	21	236.583374
69	37	14	166.707397
70	37	559	161.166351
71	37	407	145.371017
72	37	442	121.898643
73	37	422	99.774994
74	37	422	77.057442
75	37	422	61.084724
76	37	424	48.611385
77	37	560	35.17672
78	37	419	28.698513
79	37	485	58.339252
80	37	544	89.631828
81	37	424	82.269753
82	37	422	60.411167
83	37	424	54.708752
84	37	405	50.502983
85	37	386	43.409477
86	37	0	43.392883
87	37	0	42.509888
88	37	1	41.129467
89	37	512	39.266071
90	37	561	34.718681
91	37	0	28.353355
92	37	0	19.129341
93	37	67	9.75108
94	37	69	4.683794
95	37	43	14.587639
96	37	99	14.776846
97	37	100	-11.372607
98	37	101	-39.672596
99	37	0	-51.828915
100	37	1	-55.003113
101	37	1	-55.52763
102	37	2	-53.140835
103	37	2	-47.957848
104	37	94	-44.54517
105	37	16	-38.923161
106	37	40	-34.763565
107	37	1	-31.767496
108	37	2	-29.818245
109	37	0	-31.779058
110	37	1	-35.261478
111	37	21	-36.82449
112	37	179	-36.319294
113	37	155	-36.111217
114	37	220	-31.556856
115	37	221	-29.386341
116	37	15	-29.146364
117	37	16	-26.791925
118	37	40	-22.387869
119	37	24	-17.896736
120	37	39	-11.6674
121	37	16	-4.753925
122	37	16	1.281622
123	37	40	5.457114
124	37	1	6.965075
125	37	2	6.704177
126	37	129	5.53367
127	37	130	3.548775
128	37	126	0
0	38	562	0
1	38	508	0
2	38	563	-0.397626
3	38	65	-3.870027
4	38	66	7.067979
5	38	40	14.68645
6	38	0	12.391294
7	38	2	12.445799
8	38	67	17.601839
9	38	68	6.408096
10	38	151	-19.553329
11	38	69	-43.621845
12	38	43	-62.229141
13	38	44	-74.633858
14	38	2	-90.771492
15	38	1	-96.812965
16	38	67	-95.028732
17	38	100	-89.582733
18	38	101	-81.902412
19	38	2	-70.278107
20	38	0	-61.083313
21	38	3	-52.164852
22	38	5	-41.750721
23	38	4	-24.629992
24	38	334	-4.36061
25	38	10	5.8678
26	38	522	7.311923
27	38	523	14.131246
28	38	522	22.194283
29	38	522	28.285004
30	38	10	32.273991
31	38	540	39.744869
32	38	40	50.419807
33	38	1	55.394367
34	38	1	44.342735
35	38	1	31.857235
36	38	423	18.720205
37	38	424	19.696787
38	38	482	28.00778
39	38	459	38.80999
40	38	527	32.935726
41	38	443	26.613853
42	38	2	30.042683
43	38	24	31.820164
44	38	39	32.17593
45	38	16	24.112659
46	38	16	4.60626
47	38	95	-14.753586
48	38	28	-16.73284
49	38	1	-8.804512
50	38	24	5.852194
51	38	41	25.936012
52	38	28	37.261593
53	38	1	31.813854
54	38	2	21.177685
55	38	2	15.51601
56	38	21	18.96269
57	38	14	32.180489
58	38	14	45.700901
59	38	14	63.339947
60	38	15	89.145744
61	38	40	111.609894
62	38	1	125.705811
63	38	1	134.387604
64	38	2	209.713837
65	38	24	217.627609
66	38	41	225.068558
67	38	564	227.081955
68	38	402	225.715973
69	38	442	154.469757
70	38	441	149.883575
71	38	424	138.622635
72	38	462	117.625114
73	38	496	95.308899
74	38	565	71.81398
75	38	419	53.852238
76	38	536	38.214371
77	38	100	26.437555
78	38	69	31.316513
79	38	566	67.568222
80	38	419	99.091248
81	38	419	84.723137
82	38	485	56.993458
83	38	544	57.815792
84	38	405	48.517227
85	38	561	38.422199
86	38	28	37.313786
87	38	2	36.31015
88	38	423	35.963688
89	38	552	36.992165
90	38	1	37.447212
91	38	1	34.43071
92	38	129	27.712111
93	38	157	18.899858
94	38	157	10.021606
95	38	130	7.131773
96	38	282	6.690646
97	38	101	-4.596201
98	38	0	-21.562145
99	38	1	-27.345907
100	38	1	-30.663521
101	38	1	-31.571768
102	38	1	-29.681526
103	38	94	-25.313883
104	38	16	-20.443348
105	38	40	-19.109461
106	38	1	-16.995777
107	38	0	-14.451518
108	38	1	-14.641713
109	38	0	-16.807087
110	38	24	-19.846203
111	38	41	-15.46939
112	38	39	-6.6203
113	38	40	1.156694
114	38	2	2.615872
115	38	21	0.563875
116	38	14	-2.010558
117	38	20	-4.190687
118	38	21	-5.57716
119	38	15	-4.519657
120	38	16	0.397327
121	38	13	5.902211
122	38	20	11.117115
123	38	24	12.984715
124	38	41	12.73783
125	38	41	11.865833
126	38	567	10.46272
127	38	345	8.128846
128	38	568	0
0	39	35	0
1	39	569	0
2	39	92	0
3	39	197	3.122428
4	39	180	15.083781
5	39	28	24.542889
6	39	1	19.22324
7	39	129	19.91275
8	39	130	30.457396
9	39	151	25.031387
10	39	151	-2.332959
11	39	100	-24.22892
12	39	101	-38.941132
13	39	1	-57.94582
14	39	0	-75.907173
15	39	129	-78.033279
16	39	130	-70.204002
17	39	152	-66.079597
18	39	28	-61.602139
19	39	2	-55.820377
20	39	29	-53.449741
21	39	7	-41.141045
22	39	5	-24.757845
23	39	538	-9.510706
24	39	539	2.198553
25	39	509	14.216724
26	39	339	14.909946
27	39	529	14.337975
28	39	529	16.112484
29	39	10	21.251175
30	39	570	23.731262
31	39	20	27.331272
32	39	1	38.15744
33	39	1	44.351505
34	39	24	43.351036
35	39	571	37.956036
36	39	441	32.380871
37	39	422	21.232492
38	39	513	27.199705
39	39	527	36.518085
40	39	443	28.448145
41	39	24	9.553524
42	39	39	11.272192
43	39	16	24.302525
44	39	16	33.201462
45	39	16	29.728683
46	39	16	14.218172
47	39	95	-8.676449
48	39	41	-20.39353
49	39	39	-16.759157
50	39	13	-4.211414
51	39	20	12.337913
52	39	0	18.513361
53	39	1	22.945507
54	39	0	22.260305
55	39	1	18.709948
56	39	0	19.758436
57	39	0	32.705509
58	39	2	43.892162
59	39	94	57.774643
60	39	40	81.360565
61	39	2	104.614105
62	39	2	121.348389
63	39	24	129.275101
64	39	572	204.551682
65	39	547	213.043213
66	39	573	220.451691
67	39	441	223.013367
68	39	441	219.844147
69	39	462	148.009583
70	39	496	145.411224
71	39	574	134.604797
72	39	43	113.857491
73	39	99	90.867691
74	39	68	65.839615
75	39	151	42.541561
76	39	282	26.835226
77	39	68	18.252613
78	39	151	28.137583
79	39	151	67.404015
80	39	126	91.105476
81	39	575	75.214569
82	39	442	55.746212
83	39	441	53.087902
84	39	542	45.186714
85	39	95	33.653324
86	39	28	31.185289
87	39	423	31.14983
88	39	441	32.862518
89	39	1	35.555996
90	39	1	37.988602
91	39	0	38.679226
92	39	42	36.398212
93	39	44	30.97164
94	39	129	23.375122
95	39	130	15.058797
96	39	101	6.688197
97	39	2	-0.08701
98	39	42	-4.14752
99	39	43	-5.029482
100	39	44	-7.234403
101	39	1	-7.964323
102	39	94	-6.948749
103	39	16	-5.485233
104	39	40	-4.121815
105	39	0	-3.007248
106	39	24	-4.350614
107	39	41	-6.013289
108	39	41	-4.682686
109	39	39	4.220098
110	39	16	14.92115
111	39	177	25.426483
112	39	258	33.865883
113	39	0	37.754978
114	39	0	37.608616
115	39	2	34.409748
116	39	0	29.958302
117	39	42	26.159286
118	39	66	23.806812
119	39	16	24.023008
120	39	95	23.676357
121	39	28	22.116552
122	39	94	19.122252
123	39	16	19.378721
124	39	16	19.194838
125	39	16	17.45277
126	39	95	15.239509
127	39	71	12.433719
128	39	576	0
0	40	577	0
1	40	282	0
2	40	176	0
3	40	156	10.146003
4	40	40	23.189871
5	40	0	28.384584
6	40	0	23.71991
7	40	67	26.365688
8	40	68	37.082939
9	40	100	38.110706
10	40	151	33.549747
11	40	69	-3.810157
12	40	44	-16.741526
13	40	0	-39.586666
14	40	0	-60.448334
15	40	129	-58.038143
16	40	578	-49.943829
17	40	258	-44.416103
18	40	1	-42.564304
19	40	2	-44.366741
20	40	3	-44.133133
21	40	5	-30.547358
22	40	5	-12.269968
23	40	334	-7.898802
24	40	529	7.477487
25	40	522	30.147272
26	40	529	28.289633
27	40	339	7.809797
28	40	10	4.074063
29	40	324	8.640671
30	40	2	14.15468
31	40	1	22.511808
32	40	24	33.086372
33	40	572	40.085274
34	40	573	41.918293
35	40	441	45.082832
36	40	560	37.623646
37	40	579	21.332382
38	40	580	27.390736
39	40	581	40.083698
40	40	39	32.445007
41	40	16	11.259693
42	40	13	8.245625
43	40	14	20.397846
44	40	14	32.080284
45	40	14	32.874512
46	40	15	17.243391
47	40	16	-11.681053
48	40	16	-32.284126
49	40	40	-28.543407
50	40	45	-11.879173
51	40	122	0
52	40	36	2.654005
53	40	0	16.823343
54	40	0	25.925318
55	40	0	21.652691
56	40	24	22.462006
57	40	41	33.251457
58	40	71	42.588207
59	40	20	54.976067
60	40	1	76.848885
61	40	512	101.919693
62	40	546	121.365883
63	40	573	129.968658
64	40	422	206.601364
65	40	424	214.730087
66	40	462	222.299911
67	40	496	227.298447
68	40	574	225.758575
69	40	43	152.063843
70	40	99	146.080994
71	40	100	132.175659
72	40	68	111.122696
73	40	68	86.583885
74	40	151	59.930538
75	40	582	37.624004
76	40	583	21.884754
77	40	583	15.560475
78	40	583	25.810987
79	40	584	53.330242
80	40	442	70.776947
81	40	424	62.664253
82	40	424	53.251652
83	40	552	54.022217
84	40	547	48.603043
85	40	585	36.966434
86	40	423	28.991707
87	40	462	25.899408
88	40	0	29.360197
89	40	0	34.720123
90	40	42	40.147068
91	40	99	45.436378
92	40	69	43.348473
93	40	44	37.373661
94	40	129	30.232868
95	40	131	22.140593
96	40	42	13.55215
97	40	99	5.193485
98	40	68	-0.304155
99	40	101	0.722793
100	40	1	4.569472
101	40	94	7.541709
102	40	16	8.544301
103	40	319	7.865266
104	40	44	5.74272
105	40	94	3.236446
106	40	16	5.25353
107	40	177	15.633658
108	40	283	30.758595
109	40	14	47.557739
110	40	200	63.719978
111	40	101	76.13842
112	40	1	80.529221
113	40	0	79.571609
114	40	0	75.257027
115	40	0	71.21048
116	40	67	67.008636
117	40	197	62.298347
118	40	586	56.859718
119	40	587	52.019299
120	40	180	47.082954
121	40	71	41.805157
122	40	15	36.432434
123	40	16	31.00737
124	40	16	25.66646
125	40	16	23.431799
126	40	319	19.73592
127	40	267	16.284855
128	40	268	0
0	41	588	0
1	41	589	0
2	41	15	0.963523
3	41	95	11.108923
4	41	28	23.450048
5	41	2	28.132534
6	41	67	27.687828
7	41	68	32.736855
8	41	100	38.646404
9	41	151	34.645309
10	41	282	24.89636
11	41	101	15.521735
12	41	0	1.406952
13	41	2	-23.401924
14	41	2	-43.063614
15	41	67	-37.577366
16	41	69	-27.510138
17	41	44	-23.487118
18	41	45	-27.563604
19	41	32	-34.059769
20	41	4	-36.180016
21	41	590	-21.994696
22	41	591	-8.575464
23	41	523	-5.422451
24	41	523	17.140324
25	41	339	52.834583
26	41	592	52.867088
27	41	593	25.680313
28	41	594	4.789817
29	41	1	5.552236
30	41	2	6.649037
31	41	94	13.922399
32	41	595	22.193569
33	41	422	29.010771
34	41	424	37.300739
35	41	513	36.578247
36	41	527	26.123783
37	41	461	9.682832
38	41	596	14.420111
39	41	16	26.124102
40	41	16	25.293329
41	41	40	10.52067
42	41	0	10.114361
43	41	2	18.392757
44	41	24	27.597252
45	41	39	31.05917
46	41	16	17.934704
47	41	13	-15.483518
48	41	20	-38.483479
49	41	3	-34.551609
50	41	5	-15.477296
51	41	61	-0.214691
52	41	0	5.630514
53	41	2	19.795771
54	41	0	29.270958
55	41	94	24.699867
56	41	16	23.526752
57	41	40	33.096085
58	41	2	44.420998
59	41	2	61.492317
60	41	423	80.683372
61	41	441	101.936928
62	41	462	122.263733
63	41	496	131.600296
64	41	496	208.555405
65	41	486	220.255508
66	41	42	230.360886
67	41	99	234.101944
68	41	126	161.548996
69	41	157	157.286499
70	41	157	147.494431
71	41	157	131.781967
72	41	157	111.742271
73	41	157	87.364159
74	41	597	60.618629
75	41	598	35.147285
76	41	598	17.151695
77	41	598	11.47156
78	41	599	22.584101
79	41	422	40.826874
80	41	422	54.740025
81	41	462	58.63623
82	41	496	60.784752
83	41	544	57.905216
84	41	405	50.288067
85	41	442	38.961712
86	41	443	26.454784
87	41	2	21.032436
88	41	24	27.719505
89	41	567	35.927498
90	41	268	44.185974
91	41	154	49.690907
92	41	101	48.735912
93	41	2	43.473156
94	41	0	35.830967
95	41	129	26.662945
96	41	130	17.053587
97	41	126	7.491831
98	41	131	4.035616
99	41	42	10.722257
100	41	66	16.622662
101	41	13	20.382668
102	41	200	21.659361
103	41	101	20.302799
104	41	237	17.112734
105	41	238	19.207102
106	41	92	28.656933
107	41	101	44.442181
108	41	2	65.163956
109	41	129	87.424255
110	41	131	107.680305
111	41	1	121.827805
112	41	2	127.281876
113	41	2	123.74453
114	41	0	118.399345
115	41	129	112.476509
116	41	157	104.461708
117	41	600	93.991005
118	41	601	84.390808
119	41	197	76.538544
120	41	258	68.688438
121	41	94	60.585186
122	41	16	52.959274
123	41	16	46.011669
124	41	16	37.800468
125	41	196	29.375566
126	41	128	24.162273
127	41	13	19.362213
128	41	253	0
0	42	602	0
1	42	39	0
2	42	16	0.388745
3	42	40	7.140447
4	42	0	13.86321
5	42	67	22.971909
6	42	100	29.887171
7	42	282	32.748482
8	42	68	31.464088
9	42	176	34.932392
10	42	345	37.127239
11	42	2	32.420437
12	42	1	12.06873
13	42	1	-12.225827
14	42	67	-22.693506
15	42	100	-17.171797
16	42	69	-5.411925
17	42	447	-3.769999
18	42	4	-15.692849
19	42	5	-24.890255
20	42	603	-23.451859
21	42	604	-13.509634
22	42	339	-2.568804
23	42	529	2.103202
24	42	529	23.405756
25	42	10	50.630688
26	42	509	59.82996
27	42	605	37.98103
28	42	0	18.718647
29	42	24	12.99243
30	42	39	6.285673
31	42	606	6.911514
32	42	421	14.69633
33	42	424	23.146851
34	42	482	26.733431
35	42	483	24.962547
36	42	607	14.124396
37	42	16	6.81813
38	42	16	7.736383
39	42	13	14.179275
40	42	20	19.348221
41	42	2	17.97328
42	42	24	21.137394
43	42	39	25.017891
44	42	16	24.424824
45	42	13	30.303518
46	42	20	25.058422
47	42	2	-2.830183
48	42	3	-30.479406
49	42	4	-29.243889
50	42	31	-13.660261
51	42	36	0.595729
52	42	0	6.604597
53	42	1	18.134823
54	42	94	26.530474
55	42	16	27.368481
56	42	40	25.947063
57	42	2	32.314152
58	42	24	51.034397
59	42	571	73.782021
60	42	441	90.447433
61	42	443	104.564056
62	42	1	117.976036
63	42	2	127.749138
64	42	42	210.660721
65	42	99	224.32338
66	42	126	233.63826
67	42	131	237.964996
68	42	0	167.360779
69	42	0	164.09198
70	42	1	153.646698
71	42	2	135.364059
72	42	1	113.676231
73	42	550	89.367287
74	42	544	62.046062
75	42	424	34.144466
76	42	441	11.910765
77	42	422	6.769926
78	42	422	17.761412
79	42	441	35.435883
80	42	443	48.851551
81	42	0	57.482101
82	42	550	61.985413
83	42	544	51.280651
84	42	424	39.931938
85	42	443	35.122494
86	42	2	25.539562
87	42	94	21.05702
88	42	16	28.319246
89	42	16	38.309105
90	42	608	47.37833
91	42	293	52.9594
92	42	41	53.108624
93	42	28	48.452579
94	42	0	40.875965
95	42	129	31.492382
96	42	131	20.893049
97	42	24	13.321012
98	42	567	14.293592
99	42	609	22.518768
100	42	97	29.459448
101	42	99	34.014862
102	42	101	35.613571
103	42	67	34.332981
104	42	282	36.126629
105	42	126	44.077
106	42	131	56.73703
107	42	0	74.181122
108	42	2	96.91687
109	42	1	122.770691
110	42	24	146.609238
111	42	65	162.636703
112	42	44	168.838379
113	42	2	166.766495
114	42	2	160.892593
115	42	0	151.879745
116	42	129	138.552383
117	42	157	122.915474
118	42	155	109.402718
119	42	293	98.813751
120	42	341	88.136726
121	42	178	77.050003
122	42	16	66.986458
123	42	16	58.717384
124	42	196	50.405113
125	42	610	37.497978
126	42	611	27.160288
127	42	122	21.151417
128	42	301	0
0	43	15	0
1	43	16	0
2	43	40	0
3	43	1	1.061559
4	43	129	2.687944
5	43	612	8.247025
6	43	613	14.237267
7	43	151	20.007217
8	43	197	20.223938
9	43	258	33.533684
10	43	1	45.04797
11	43	0	37.604313
12	43	2	15.516234
13	43	67	-5.684728
14	43	282	-11.253644
15	43	614	-5.8065
16	43	615	5.398658
17	43	4	6.008441
18	43	590	-9.524446
19	43	616	-14.635127
20	43	617	-6.796381
21	43	524	-1.54324
22	43	529	4.383058
23	43	523	8.318826
24	43	10	8.09704
25	43	618	21.300467
26	43	619	31.745708
27	43	0	33.050282
28	43	21	32.189743
29	43	15	28.012035
30	43	16	22.746956
31	43	595	20.586567
32	43	422	16.320206
33	43	560	18.222
34	43	536	22.462648
35	43	620	17.255508
36	43	548	10.042869
37	43	16	8.801638
38	43	40	9.67394
39	43	2	14.352958
40	43	0	24.284718
41	43	21	37.719181
42	43	15	41.081867
43	43	16	33.233734
44	43	40	23.416086
45	43	0	27.986162
46	43	45	33.56324
47	43	32	12.325053
48	43	4	-20.244314
49	43	6	-25.098946
50	43	89	-10.157656
51	43	1	0.43221
52	43	2	8.396682
53	43	21	16.272797
54	43	14	28.648344
55	43	20	34.793766
56	43	24	33.581799
57	43	572	35.521778
58	43	573	57.46476
59	43	462	84.01442
60	43	486	96.442856
61	43	1	104.657364
62	43	42	116.765236
63	43	99	127.893532
64	43	126	215.484985
65	43	131	229.488541
66	43	1	235.76886
67	43	1	240.391403
68	43	45	171.724579
69	43	122	170.601913
70	43	36	159.724258
71	43	1	137.572495
72	43	2	112.558456
73	43	550	87.858078
74	43	544	60.884312
75	43	441	32.710735
76	43	441	7.872923
77	43	621	3.446285
78	43	480	15.270345
79	43	622	32.380367
80	43	2	41.47208
81	43	1	50.405983
82	43	423	55.660488
83	43	441	41.943989
84	43	443	30.214149
85	43	1	30.140158
86	43	94	26.634651
87	43	16	21.043941
88	43	16	28.959305
89	43	16	39.823551
90	43	16	49.121059
91	43	16	55.722763
92	43	95	56.398376
93	43	28	51.852039
94	43	42	44.692535
95	43	43	35.379372
96	43	66	24.977926
97	43	16	24.60453
98	43	608	25.984947
99	43	220	33.39571
100	43	130	41.696793
101	43	69	47.412159
102	43	99	49.538006
103	43	151	50.849667
104	43	101	56.803993
105	43	0	68.118195
106	43	2	83.505806
107	43	1	102.733597
108	43	2	126.196747
109	43	237	153.851334
110	43	623	180.941254
111	43	293	198.752899
112	43	28	205.411591
113	43	42	204.848007
114	43	43	199.456543
115	43	44	185.594635
116	43	1	166.784058
117	43	21	145.207214
118	43	15	128.724121
119	43	196	116.383049
120	43	197	103.580734
121	43	178	89.086609
122	43	16	76.440102
123	43	196	66.314613
124	43	332	56.682194
125	43	333	42.274784
126	43	4	28.345846
127	43	61	21.13575
128	43	94	0
0	44	16	0
1	44	95	0
2	44	28	0
3	44	0	0
4	44	214	0
5	44	624	0.000208
6	44	282	1.326782
7	44	100	0.85859
8	44	101	5.194074
9	44	2	16.199251
10	44	1	27.530518
11	44	0	26.289566
12	44	67	11.31631
13	44	614	-1.113319
14	44	615	-5.398669
15	44	5	0.447784
16	44	4	11.622514
17	44	625	9.77293
18	44	626	-2.308884
19	44	627	-2.321802
20	44	523	7.839989
21	44	524	5.142249
22	44	524	4.103643
23	44	10	6.629441
24	44	628	2.616626
25	44	629	-1.127027
26	44	0	11.962151
27	44	0	28.739027
28	44	21	35.140163
29	44	14	32.325287
30	44	630	36.38541
31	44	422	37.39225
32	44	513	31.593895
33	44	557	26.40276
34	44	580	21.823895
35	44	542	11.823716
36	44	16	10.891307
37	44	40	16.232222
38	44	2	15.896119
39	44	2	17.673058
40	44	0	34.93737
41	44	21	54.158352
42	44	15	55.750072
43	44	95	39.818218
44	44	28	21.379349
45	44	3	22.5459
46	44	6	34.314198
47	44	7	18.731089
48	44	61	-10.66006
49	44	0	-21.808714
50	44	0	-11.593462
51	44	24	-1.385972
52	44	28	6.81487
53	44	2	17.818424
54	44	0	36.256744
55	44	406	49.494274
56	44	573	44.355404
57	44	461	38.857376
58	44	545	59.315933
59	44	2	84.418655
60	44	1	95.733696
61	44	67	102.213646
62	44	151	115.697227
63	44	101	129.700958
64	44	1	220.238846
65	44	0	234.250229
66	44	45	238.795914
67	44	32	237.859009
68	44	5	168.328445
69	44	31	168.379913
70	44	36	157.548065
71	44	0	133.416
72	44	0	106.47258
73	44	423	82.177353
74	44	424	56.348122
75	44	621	30.101774
76	44	631	7.21483
77	44	632	1.572953
78	44	329	11.822912
79	44	0	27.767181
80	44	0	31.76523
81	44	423	40.917427
82	44	462	52.4874
83	44	486	44.820263
84	44	1	32.097794
85	44	21	30.164185
86	44	15	27.4611
87	44	16	20.997997
88	44	16	28.251429
89	44	16	39.014111
90	44	16	48.393364
91	44	16	55.814369
92	44	95	58.128197
93	44	567	55.317173
94	44	154	48.976124
95	44	197	39.878853
96	44	178	35.014011
97	44	16	36.003357
98	44	40	39.029648
99	44	67	43.656548
100	44	151	52.826519
101	44	282	60.278809
102	44	68	63.735821
103	44	101	67.598755
104	44	1	75.111031
105	44	1	87.453598
106	44	1	104.455856
107	44	24	125.506149
108	44	240	150.089401
109	44	128	178.81665
110	44	13	208.224792
111	44	20	226.974289
112	44	67	232.894821
113	44	68	230.960449
114	44	101	221.636292
115	44	1	201.429108
116	44	24	177.560684
117	44	39	155.20285
118	44	608	139.193512
119	44	268	126.788528
120	44	156	111.65403
121	44	16	95.006561
122	44	196	80.006927
123	44	100	67.591049
124	44	633	56.028927
125	44	7	41.559093
126	44	31	27.082384
127	44	301	19.330292
128	44	15	0
0	45	16	0
1	45	40	0
2	45	0	0
3	45	2	0
4	45	129	0
5	45	130	0
6	45	100	0
7	45	69	0
8	45	43	0
9	45	320	1.712324
10	45	122	8.202145
11	45	634	9.989091
12	45	615	6.71877
13	45	5	5.498445
14	45	4	3.598119
15	45	4	11.472783
16	45	4	20.355082
17	45	4	15.211853
18	45	334	2.214398
19	45	529	3.841311
20	45	522	10.552347
21	45	524	8.328672
22	45	10	2.140887
23	45	635	4.045311
24	45	636	2.695601
25	45	2	0.360078
26	45	1	15.46678
27	45	2	34.794411
28	45	2	32.920361
29	45	423	23.261698
30	45	424	34.446842
31	45	513	40.607883
32	45	527	38.867554
33	45	441	37.196114
34	45	542	30.303757
35	45	16	18.613422
36	45	95	15.385469
37	45	28	25.283678
38	45	0	24.973623
39	45	24	18.797262
40	45	28	32.87804
41	45	21	56.485455
42	45	14	55.962715
43	45	20	36.178249
44	45	3	19.159063
45	45	31	19.131742
46	45	32	29.2936
47	45	61	26.830559
48	45	24	9.30372
49	45	41	-0.918293
50	45	39	-3.031757
51	45	95	-1.762111
52	45	28	5.993871
53	45	512	22.49357
54	45	442	43.152382
55	45	441	55.116982
56	45	552	46.256363
57	45	637	44.867218
58	45	44	62.429878
59	45	2	81.635406
60	45	67	93.822807
61	45	68	104.477631
62	45	69	116.053093
63	45	44	128.848526
64	45	1	218.963593
65	45	3	232.801544
66	45	5	235.305191
67	45	5	231.711746
68	45	6	159.962173
69	45	89	161.44838
70	45	2	150.172867
71	45	0	123.627998
72	45	638	96.189659
73	45	481	73.492592
74	45	639	49.665676
75	45	640	26.055117
76	45	641	6.200235
77	45	642	0.367659
78	45	402	10.381829
79	45	402	27.163136
80	45	442	34.582386
81	45	443	40.533024
82	45	0	52.450699
83	45	0	47.659809
84	45	2	32.237888
85	45	94	24.212275
86	45	16	24.442423
87	45	16	20.268675
88	45	16	25.438951
89	45	16	35.872635
90	45	16	45.133961
91	45	16	53.619099
92	45	13	58.176296
93	45	219	57.260765
94	45	154	51.472054
95	45	197	43.192387
96	45	238	42.692059
97	45	258	47.68132
98	45	67	51.332825
99	45	100	56.403984
100	45	282	63.251385
101	45	151	71.719582
102	45	101	78.015755
103	45	0	82.147972
104	45	24	88.089508
105	45	41	99.625313
106	45	39	116.680809
107	45	196	138.752075
108	45	93	164.487
109	45	20	194.024139
110	45	0	223.558701
111	45	129	239.320862
112	45	157	238.14209
113	45	131	229.636963
114	45	24	216.823654
115	45	341	196.121262
116	45	283	172.408737
117	45	14	151.679352
118	45	14	137.8255
119	45	15	128.859818
120	45	16	112.499046
121	45	608	93.570457
122	45	268	77.492859
123	45	293	64.588272
124	45	48	52.174831
125	45	4	37.774899
126	45	61	23.608547
127	45	94	16.254911
128	45	16	0
0	46	95	0
1	46	28	0
2	46	273	0
3	46	426	0
4	46	153	0
5	46	154	0
6	46	100	0
7	46	176	0
8	46	643	0
9	46	35	0.412066
10	46	5	1.736908
11	46	4	4.83906
12	46	4	7.81503
13	46	5	10.918705
14	46	5	11.461144
15	46	5	18.800232
16	46	644	26.417139
17	46	645	18.067547
18	46	524	3.385609
19	46	529	4.126551
20	46	523	14.422527
21	46	10	16.116146
22	46	646	10.673715
23	46	647	4.726017
24	46	2	1.442188
25	46	0	1.03889
26	46	2	21.571894
27	46	1	44.956562
28	46	648	42.052864
29	46	649	35.202068
30	46	579	40.680485
31	46	580	38.817551
32	46	422	30.031492
33	46	542	35.639328
34	46	16	43.030861
35	46	16	38.461597
36	46	40	33.394409
37	46	42	32.3741
38	46	91	26.621632
39	46	258	20.203089
40	46	1	33.172298
41	46	1	48.514015
42	46	2	49.207001
43	46	3	39.093166
44	46	4	28.334988
45	46	5	18.502239
46	46	61	21.728575
47	46	21	32.164997
48	46	15	41.903538
49	46	16	40.280209
50	46	13	24.397024
51	46	199	9.069952
52	46	571	12.272031
53	46	650	27.109303
54	46	651	43.062691
55	46	441	50.174881
56	46	652	50.125572
57	46	653	53.947632
58	46	0	69.454712
59	46	129	82.797287
60	46	130	97.618011
61	46	282	111.542702
62	46	69	120.900948
63	46	44	128.998535
64	46	29	213.516159
65	46	30	224.39444
66	46	30	225.218231
67	46	89	221.400955
68	46	1	149.538147
69	46	2	148.562912
70	46	42	134.847092
71	46	654	109.711655
72	46	655	83.506668
73	46	460	62.800213
74	46	482	41.576443
75	46	458	21.457344
76	46	580	4.175585
77	46	424	1.311782
78	46	424	10.990078
79	46	441	28.616062
80	46	443	38.548527
81	46	0	39.823498
82	46	2	45.186653
83	46	24	42.067902
84	46	71	23.245083
85	46	15	16.375967
86	46	16	21.165222
87	46	16	20.328987
88	46	16	21.665546
89	46	16	30.630163
90	46	13	41.028633
91	46	20	50.434433
92	46	94	56.752449
93	46	608	57.935028
94	46	154	53.046474
95	46	100	47.666405
96	46	101	52.087505
97	46	129	58.037636
98	46	157	62.969501
99	46	130	68.966904
100	46	126	75.359665
101	46	131	82.36544
102	46	0	89.179764
103	46	21	89.663338
104	46	15	93.208199
105	46	16	102.740021
106	46	608	118.210487
107	46	345	138.892151
108	46	1	163.686676
109	46	1	190.384003
110	46	0	211.716568
111	46	1	221.042877
112	46	0	219.34938
113	46	94	211.717453
114	46	196	199.239624
115	46	101	179.112122
116	46	1	155.776566
117	46	0	135.978943
118	46	237	121.729172
119	46	238	111.134384
120	46	178	99.062828
121	46	16	83.319954
122	46	16	69.298546
123	46	145	57.719257
124	46	4	45.341377
125	46	61	31.351988
126	46	21	18.49968
127	46	14	12.411277
128	46	15	0
0	47	40	0
1	47	118	0
2	47	192	0
3	47	94	0
4	47	608	0
5	47	268	0
6	47	156	0.132675
7	47	16	0.929366
8	47	59	2.825913
9	47	7	4.659407
10	47	4	5.828179
11	47	4	6.923437
12	47	4	8.71448
13	47	4	10.027131
14	47	4	9.637689
15	47	656	20.821768
16	47	657	35.6161
17	47	529	25.456903
18	47	522	3.259603
19	47	524	4.759392
20	47	10	17.01409
21	47	324	23.874786
22	47	1	14.924323
23	47	1	3.639368
24	47	1	0
25	47	2	1.029842
26	47	1	19.808886
27	47	658	44.89994
28	47	659	49.163986
29	47	527	51.00013
30	47	560	57.001713
31	47	460	39.353626
32	47	542	21.693367
33	47	16	25.621101
34	47	16	42.862705
35	47	95	50.316338
36	47	472	43.294868
37	47	157	33.902508
38	47	414	30.378752
39	47	122	31.030827
40	47	36	37.404602
41	47	1	47.883255
42	47	3	47.504723
43	47	4	43.489056
44	47	5	35.347462
45	47	61	23.799284
46	47	1	12.95632
47	47	94	29.549343
48	47	13	57.155518
49	47	199	67.415558
50	47	39	49.130936
51	47	660	27.485815
52	47	661	26.225204
53	47	662	33.792469
54	47	544	44.452244
55	47	663	54.193607
56	47	664	58.977314
57	47	386	66.491508
58	47	1	73.750214
59	47	67	84.637947
60	47	68	100.663948
61	47	100	118.528008
62	47	69	127.764671
63	47	43	132.537476
64	47	43	210.614334
65	47	43	216.648697
66	47	43	217.96875
67	47	665	214.886154
68	47	666	138.764984
69	47	667	129.621552
70	47	668	115.797592
71	47	667	94.998123
72	47	669	73.328789
73	47	460	56.260796
74	47	462	37.656544
75	47	544	18.133923
76	47	424	5.796606
77	47	441	6.485243
78	47	441	13.848664
79	47	443	32.512489
80	47	1	42.138691
81	47	2	35.845119
82	47	94	36.736053
83	47	40	35.801994
84	47	21	20.041523
85	47	14	25.462898
86	47	14	33.517269
87	47	14	25.954895
88	47	14	19.126453
89	47	20	26.15983
90	47	1	36.450798
91	47	94	45.631508
92	47	16	53.102768
93	47	608	57.706944
94	47	220	55.789028
95	47	131	54.064491
96	47	42	59.343727
97	47	44	66.02626
98	47	153	72.389786
99	47	293	77.811356
100	47	41	84.157349
101	47	28	92.177856
102	47	24	93.975357
103	47	39	91.130714
104	47	16	93.71312
105	47	16	101.203987
106	47	95	112.06929
107	47	28	125.920486
108	47	0	143.564957
109	47	42	162.126373
110	47	43	182.846329
111	47	98	194.56897
112	47	341	194.294571
113	47	92	187.040771
114	47	101	175.431458
115	47	1	156.686722
116	47	1	134.257767
117	47	67	114.072731
118	47	100	98.418762
119	47	128	86.231865
120	47	16	76.596291
121	47	16	66.682533
122	47	59	57.164219
123	47	30	47.388184
124	47	70	35.761173
125	47	41	22.537228
126	47	28	12.75787
127	47	237	8.113497
128	47	97	0
0	48	670	0
1	48	213	0
2	48	94	0
3	48	16	0.48733
4	48	16	3.51176
5	48	16	5.823826
6	48	16	5.509729
7	48	40	5.787231
8	48	29	7.051923
9	48	30	8.922647
10	48	7	7.907491
11	48	5	6.066138
12	48	5	4.85139
13	48	5	3.948097
14	48	644	6.521091
15	48	671	27.425734
16	48	672	48.184147
17	48	523	38.742508
18	48	524	11.973601
19	48	10	3.259191
20	48	324	13.982614
21	48	0	19.895319
22	48	0	13.141749
23	48	0	1.522769
24	48	2	0
25	48	0	3.168878
26	48	423	15.946046
27	48	513	33.085354
28	48	673	37.731041
29	48	536	41.962215
30	48	527	45.70179
31	48	552	36.164989
32	48	547	17.240395
33	48	553	19.252836
34	48	14	37.719486
35	48	20	47.292809
36	48	0	38.154629
37	48	3	28.774879
38	48	4	34.282364
39	48	61	41.206123
40	48	2	45.294739
41	48	29	48.868378
42	48	30	47.715969
43	48	7	40.75359
44	48	31	33.453793
45	48	36	25.272644
46	48	94	13.852026
47	48	95	20.196301
48	48	39	46.265373
49	48	16	60.725475
50	48	145	50.487545
51	48	4	36.462482
52	48	31	38.273289
53	48	674	44.750126
54	48	651	51.38979
55	48	441	60.654152
56	48	443	69.107819
57	48	1	74.949471
58	48	129	81.754311
59	48	157	91.462372
60	48	612	108.577133
61	48	613	125.686043
62	48	675	135.942886
63	48	676	141.334076
64	48	676	216.546677
65	48	677	219.472076
66	48	678	217.667374
67	48	679	211.877182
68	48	680	131.873047
69	48	681	117.006691
70	48	682	99.767616
71	48	683	82.199097
72	48	580	65.580872
73	48	405	50.628471
74	48	442	33.70253
75	48	424	19.491262
76	48	462	12.291244
77	48	544	13.93439
78	48	443	19.139961
79	48	2	36.178051
80	48	0	43.764221
81	48	94	35.860729
82	48	95	39.456406
83	48	28	42.222103
84	48	1	31.91012
85	48	1	39.168316
86	48	0	47.656685
87	48	2	34.139217
88	48	2	17.568926
89	48	24	22.980711
90	48	39	32.675411
91	48	16	41.36578
92	48	16	49.375732
93	48	95	55.440285
94	48	28	57.457249
95	48	67	58.608036
96	48	101	63.232487
97	48	21	70.376831
98	48	15	76.978935
99	48	16	82.597084
100	48	95	88.967163
101	48	39	94.834244
102	48	16	93.832283
103	48	16	92.068481
104	48	16	90.639648
105	48	16	95.379005
106	48	40	102.394852
107	48	0	110.003014
108	48	67	117.184578
109	48	176	132.141434
110	48	156	151.719193
111	48	196	162.030579
112	48	100	162.833084
113	48	101	155.093597
114	48	1	144.117569
115	48	2	126.228844
116	48	129	106.891541
117	48	130	89.579247
118	48	128	74.474113
119	48	13	62.71962
120	48	15	54.233383
121	48	40	48.57029
122	48	42	42.864883
123	48	66	34.419682
124	48	16	23.882833
125	48	40	13.180326
126	48	129	6.464998
127	48	157	3.538908
128	48	131	0
0	49	1	0
1	49	21	0
2	49	15	0
3	49	16	3.264295
4	49	16	8.740002
5	49	177	12.653471
6	49	258	11.925761
7	49	1	8.783205
8	49	2	8.006938
9	49	3	7.405714
10	49	5	5.039302
11	49	4	2.301816
12	49	5	0.570702
13	49	684	6.255394
14	49	685	13.26239
15	49	686	32.61388
16	49	529	49.439495
17	49	522	41.148525
18	49	10	15.912753
19	49	324	1.607443
20	49	1	6.482725
21	49	1	11.163195
22	49	1	6.98666
23	49	0	2.15827
24	49	1	0.046124
25	49	550	3.837672
26	49	687	12.362358
27	49	68	22.734228
28	49	557	24.91448
29	49	580	20.131311
30	49	424	19.962923
31	49	560	19.444002
32	49	688	14.916049
33	49	122	19.865591
34	49	36	34.713783
35	49	24	45.733688
36	49	132	37.17477
37	49	30	25.750849
38	49	89	28.797689
39	49	0	39.219791
40	49	0	36.863419
41	49	1	34.562325
42	49	29	33.926567
43	49	7	28.325531
44	49	61	22.350475
45	49	94	19.74333
46	49	16	16.758144
47	49	16	19.046492
48	49	16	32.288788
49	49	145	46.098469
50	49	4	42.132439
51	49	4	34.442318
52	49	4	44.318859
53	49	662	51.12117
54	49	544	56.143425
55	49	405	64.872253
56	49	386	72.997597
57	49	0	83.603912
58	49	2	95.072693
59	49	214	107.629501
60	49	689	122.810699
61	49	690	138.545609
62	49	682	151.139435
63	49	682	156.597183
64	49	691	157.414642
65	49	349	225.028717
66	49	692	217.339981
67	49	682	209.553375
68	49	693	127.435081
69	49	598	109.710548
70	49	599	89.501167
71	49	441	70.931427
72	49	462	57.062782
73	49	544	44.289188
74	49	462	33.618801
75	49	486	22.589497
76	49	423	19.278265
77	49	581	18.741951
78	49	28	23.498735
79	49	2	40.205708
80	49	94	43.961197
81	49	16	37.554642
82	49	40	46.208569
83	49	2	51.342194
84	49	2	37.12011
85	49	24	36.284336
86	49	41	42.143299
87	49	41	27.383562
88	49	71	12.101326
89	49	14	18.440111
90	49	14	27.489574
91	49	15	35.399696
92	49	16	43.464378
93	49	40	50.758167
94	49	129	56.55817
95	49	131	60.405888
96	49	2	64.164413
97	49	21	71.21386
98	49	15	78.206833
99	49	16	83.909637
100	49	16	90.603714
101	49	16	95.113533
102	49	16	92.901749
103	49	16	89.445938
104	49	177	85.657166
105	49	97	84.511917
106	49	98	87.145248
107	49	567	89.615028
108	49	156	93.250244
109	49	13	105.722229
110	49	179	119.199341
111	49	130	127.892998
112	49	101	128.354782
113	49	2	120.056053
114	49	1	107.15126
115	49	0	91.688019
116	49	129	75.985916
117	49	221	63.125019
118	49	528	52.078289
119	49	427	43.319901
120	49	95	38.133656
121	49	472	33.53759
122	49	198	27.410717
123	49	16	19.665936
124	49	40	11.191469
125	49	2	4.204339
126	49	1	0.553726
127	49	273	0
128	49	233	0
0	50	233	0
1	50	427	0
2	50	16	0
3	50	16	3.530868
4	50	196	9.142648
5	50	101	12.120424
6	50	2	9.880121
7	50	1	5.596609
8	50	3	3.750175
9	50	4	2.678438
10	50	5	0.918105
11	50	5	0
12	50	167	0.810229
13	50	694	10.889933
14	50	695	19.728653
15	50	529	24.541889
16	50	523	29.392126
17	50	10	25.059715
18	50	324	11.237381
19	50	1	2.664587
20	50	2	2.58339
21	50	0	6.4767
22	50	1	7.817305
23	50	0	4.764998
24	50	512	0.786381
25	50	696	1.237018
26	50	458	7.622949
27	50	697	16.46063
28	50	651	18.263847
29	50	422	13.575137
30	50	513	20.364342
31	50	346	26.38657
32	50	5	18.820581
33	50	61	14.685205
34	50	21	32.973476
35	50	20	49.645481
36	50	0	40.653408
37	50	2	27.745787
38	50	1	33.581501
39	50	0	39.576305
40	50	2	35.777149
41	50	1	26.588057
42	50	29	18.271358
43	50	89	11.031178
44	50	94	9.212641
45	50	16	13.788265
46	50	16	16.977232
47	50	16	21.364481
48	50	34	35.926025
49	50	73	50.654579
50	50	7	52.270947
51	50	6	45.421459
52	50	89	44.888927
53	50	550	51.421154
54	50	544	56.403061
55	50	581	64.105682
56	50	41	76.688278
57	50	28	93.655052
58	50	0	111.217087
59	50	124	125.948944
60	50	363	138.697586
61	50	312	153.54657
62	50	698	165.92897
63	50	598	171.185684
64	50	598	168.226822
65	50	598	233.895798
66	50	598	224.194077
67	50	599	212.983826
68	50	422	127.863472
69	50	424	108.494415
70	50	424	87.949158
71	50	405	69.667976
72	50	699	54.248798
73	50	545	44.847755
74	50	0	35.185844
75	50	550	28.508745
76	50	551	25.915386
77	50	40	23.511324
78	50	1	32.703941
79	50	94	47.495487
80	50	16	45.305149
81	50	40	35.355877
82	50	2	46.268757
83	50	24	52.411362
84	50	39	28.349604
85	50	13	17.141312
86	50	14	18.920786
87	50	20	9.780828
88	50	0	6.153518
89	50	2	12.809074
90	50	94	20.624172
91	50	16	28.117262
92	50	40	36.110672
93	50	1	44.364384
94	50	1	52.517807
95	50	0	58.881149
96	50	1	62.836994
97	50	21	68.266899
98	50	14	75.985458
99	50	14	82.811806
100	50	14	90.111473
101	50	14	93.09127
102	50	15	90.638748
103	50	608	85.61058
104	50	268	79.123825
105	50	156	72.83934
106	50	16	69.463524
107	50	13	68.025352
108	50	20	71.942993
109	50	0	82.47168
110	50	67	89.19751
111	50	69	94.857834
112	50	44	94.941093
113	50	0	86.941422
114	50	1	70.401596
115	50	1	55.756855
116	50	273	47.134453
117	50	700	41.06192
118	50	701	37.677322
119	50	15	31.834663
120	50	319	26.081568
121	50	91	21.004063
122	50	238	15.951248
123	50	97	9.203238
124	50	43	3.332513
125	50	44	0.289533
126	50	214	0
127	50	450	0
128	50	170	0
0	51	702	0
1	51	177	0
2	51	238	0
3	51	703	1.227164
4	51	131	3.877651
5	51	45	4.911136
6	51	122	2.949038
7	51	32	0.928001
8	51	4	0.14178
9	51	4	0
10	51	5	0
11	51	704	0.282355
12	51	305	1.702942
13	51	705	8.999019
14	51	529	14.714231
15	51	523	11.129693
16	51	706	6.45356
17	51	324	7.819685
18	51	0	11.433387
19	51	1	11.015035
20	51	0	4.874819
21	51	512	4.714663
22	51	402	9.354706
23	51	442	9.082457
24	51	424	4.048173
25	51	441	0
26	51	707	0.850836
27	51	708	7.734118
28	51	651	13.101021
29	51	513	16.079105
30	51	346	27.922832
31	51	5	36.407104
32	51	61	21.352493
33	51	2	7.978559
34	51	0	22.34128
35	51	0	40.047241
36	51	2	38.620914
37	51	0	28.966545
38	51	0	34.054008
39	51	1	56.764343
40	51	1	63.611404
41	51	1	40.169281
42	51	2	12.640556
43	51	21	-4.064907
44	51	15	-5.677332
45	51	16	3.399755
46	51	16	12.4381
47	51	16	18.899462
48	51	40	37.480003
49	51	29	59.76405
50	51	89	63.882572
51	51	1	53.568493
52	51	0	46.826591
53	51	550	48.677029
54	51	551	55.322311
55	51	16	66.042328
56	51	95	82.542839
57	51	41	103.644928
58	51	28	124.223549
59	51	512	142.375015
60	51	709	157.677963
61	51	599	170.517685
62	51	441	179.631653
63	51	424	183.818268
64	51	424	180.471176
65	51	424	241.671753
66	51	422	230.358307
67	51	462	219.234695
68	51	544	134.865143
69	51	424	116.205139
70	51	461	96.342323
71	51	596	76.657669
72	51	40	58.803558
73	51	1	46.512775
74	51	0	39.761044
75	51	94	36.801697
76	51	40	33.394337
77	51	1	30.450497
78	51	94	43.001595
79	51	16	56.917877
80	51	95	46.687664
81	51	28	36.945362
82	51	21	55.656536
83	51	14	58.342224
84	51	20	28.067308
85	51	0	4.327539
86	51	2	2.678849
87	51	2	1.604426
88	51	2	3.442245
89	51	21	8.296606
90	51	15	14.909091
91	51	319	21.367151
92	51	98	29.159143
93	51	28	38.569611
94	51	1	47.229591
95	51	1	53.607849
96	51	2	57.553207
97	51	2	62.853886
98	51	2	70.862129
99	51	0	79.399658
100	51	0	85.827843
101	51	21	87.924171
102	51	14	86.088219
103	51	15	82.095123
104	51	16	72.662148
105	51	16	61.757248
106	51	95	52.517525
107	51	28	48.608223
108	51	0	55.142807
109	51	67	61.007835
110	51	100	63.603043
111	51	69	65.479538
112	51	44	65.514114
113	51	1	58.664913
114	51	1	47.722317
115	51	118	41.641472
116	51	710	36.58567
117	51	47	33.907528
118	51	39	29.187702
119	51	608	22.368658
120	51	154	15.241182
121	51	100	9.697021
122	51	68	5.440693
123	51	282	1.996026
124	51	69	0.143874
125	51	43	0
126	51	711	0
127	51	712	0
128	51	21	0
0	52	179	0
1	52	157	0
2	52	131	0
3	52	0	0
4	52	3	0
5	52	5	0
6	52	4	0
7	52	5	0
8	52	4	0
9	52	4	0.128617
10	52	713	0.630515
11	52	714	1.683036
12	52	715	2.761599
13	52	716	3.835362
14	52	717	4.753014
15	52	718	2.70326
16	52	719	0.992744
17	52	36	6.165606
18	52	1	18.602161
19	52	0	22.421515
20	52	550	14.180905
21	52	544	5.479399
22	52	441	10.058718
23	52	441	14.951231
24	52	422	9.173275
25	52	720	1.222048
26	52	721	0
27	52	722	2.379751
28	52	482	6.826287
29	52	723	11.440836
30	52	30	23.817968
31	52	89	30.032791
32	52	1	19.382059
33	52	1	5.534826
34	52	1	10.414124
35	52	0	21.176008
36	52	0	24.170801
37	52	1	25.517035
38	52	0	36.952213
39	52	1	68.414139
40	52	2	80.620476
41	52	1	52.805866
42	52	2	13.338224
43	52	21	-14.206964
44	52	15	-20.715513
45	52	16	-10.113642
46	52	16	4.700444
47	52	40	8.868813
48	52	0	22.188719
49	52	0	39.706223
50	52	2	49.012196
51	52	0	46.144524
52	52	2	41.891285
53	52	94	42.797695
54	52	16	54.802025
55	52	16	70.929634
56	52	16	88.120628
57	52	95	110.292389
58	52	571	132.646576
59	52	441	152.516998
60	52	462	172.462967
61	52	724	187.318253
62	52	725	195.730499
63	52	651	199.072006
64	52	424	194.793716
65	52	462	254.805099
66	52	486	241.974411
67	52	423	229.729828
68	52	461	144.071457
69	52	596	125.651878
70	52	13	105.356857
71	52	20	85.913361
72	52	1	67.340744
73	52	0	54.115429
74	52	94	48.496807
75	52	40	44.488014
76	52	2	40.48983
77	52	94	37.78931
78	52	16	53.337959
79	52	16	65.653297
80	52	40	51.739517
81	52	2	41.388668
82	52	0	60.423641
83	52	2	61.338367
84	52	2	31.145424
85	52	0	6.268774
86	52	1	3.909979
87	52	1	2.745665
88	52	1	2.136307
89	52	21	3.920603
90	52	200	9.44203
91	52	128	14.93896
92	52	95	22.268869
93	52	28	31.435881
94	52	0	39.675961
95	52	1	45.914375
96	52	0	49.873123
97	52	1	54.668911
98	52	2	63.551952
99	52	1	72.926521
100	52	2	77.045433
101	52	0	78.393715
102	52	94	78.360283
103	52	13	76.670639
104	52	15	67.828888
105	52	16	53.390408
106	52	40	41.445419
107	52	1	39.961582
108	52	129	42.173847
109	52	130	44.065174
110	52	126	43.759026
111	52	131	43.964035
112	52	0	46.602814
113	52	24	52.739132
114	52	471	52.772289
115	52	166	46.148746
116	52	16	37.558636
117	52	16	28.87487
118	52	16	20.221895
119	52	196	12.526464
120	52	100	5.314059
121	52	151	1.230867
122	52	68	0.114458
123	52	282	0
124	52	282	0
125	52	100	0
126	52	69	0
127	52	43	0
128	52	43	0
0	53	43	0
1	53	320	0
2	53	122	0
3	53	32	0
4	53	4	0
5	53	4	0
6	53	4	0
7	53	5	0.467422
8	53	5	1.252412
9	53	146	2.310432
10	53	726	2.672086
11	53	727	3.616114
12	53	728	3.74059
13	53	729	2.290807
14	53	730	0.73921
15	53	32	0
16	53	61	0
17	53	1	3.838568
18	53	1	16.934948
19	53	0	25.880051
20	53	423	16.397802
21	53	441	4.777553
22	53	422	10.773698
23	53	560	18.177952
24	53	460	13.853417
25	53	720	3.900809
26	53	404	0
27	53	422	0
28	53	405	2.460063
29	53	386	6.543948
30	53	2	17.18667
31	53	2	27.012047
32	53	0	24.101076
33	53	1	13.089403
34	53	1	11.703805
35	53	1	18.027571
36	53	0	27.844376
37	53	0	32.184525
38	53	1	39.52076
39	53	0	56.504532
40	53	0	59.675381
41	53	2	36.42062
42	53	1	7.061697
43	53	94	-15.86386
44	53	16	-24.17802
45	53	16	-14.067331
46	53	95	-1.008294
47	53	28	1.774481
48	53	0	4.338413
49	53	0	13.96245
50	53	1	24.869129
51	53	0	30.547935
52	53	94	34.043602
53	53	16	38.309124
54	53	16	55.787468
55	53	16	74.901031
56	53	16	94.01239
57	53	595	113.171524
58	53	424	135.93869
59	53	443	157.839539
60	53	3	179.263718
61	53	4	194.275909
62	53	722	204.188034
63	53	441	209.074844
64	53	443	207.590378
65	53	512	199.73941
66	53	699	187.883087
67	53	596	173.695114
68	53	13	156.263245
69	53	20	136.606262
70	53	1	117.144981
71	53	2	98.837273
72	53	24	79.627289
73	53	39	64.310364
74	53	40	56.413475
75	53	0	51.136707
76	53	94	46.581249
77	53	16	44.554775
78	53	13	57.094311
79	53	20	67.306999
80	53	0	50.669231
81	53	0	39.524632
82	53	0	49.962837
83	53	0	49.051941
84	53	2	27.60741
85	53	2	9.065574
86	53	2	7.173194
87	53	2	5.727652
88	53	0	4.480447
89	53	153	3.571695
90	53	156	5.730522
91	53	16	9.146875
92	53	95	14.474391
93	53	28	22.519606
94	53	2	30.215324
95	53	2	36.441521
96	53	1	41.04319
97	53	0	46.190315
98	53	0	54.402332
99	53	1	62.54237
100	53	0	65.738052
101	53	21	66.657158
102	53	20	68.157928
103	53	21	68.529991
104	53	15	63.583729
105	53	95	52.458004
106	53	28	42.434959
107	53	0	37.758507
108	53	731	36.588509
109	53	732	36.58482
110	53	36	36.573792
111	53	24	39.480972
112	53	39	46.011593
113	53	16	51.767132
114	53	16	51.036522
115	53	16	45.059631
116	53	16	36.999821
117	53	16	28.505611
118	53	196	19.887503
119	53	100	11.218071
120	53	151	3.880966
121	53	282	0.423378
122	53	151	0
123	53	100	0
124	53	100	0
125	53	100	0
126	53	68	0
127	53	100	0
128	53	100	0
0	54	332	0
1	54	333	0
2	54	4	0
3	54	5	0
4	54	4	0
5	54	5	0
6	54	5	2.223092
7	54	5	5.646543
8	54	167	6.092162
9	54	733	4.6974
10	54	32	4.428933
11	54	5	3.442683
12	54	31	2.38829
13	54	32	1.379404
14	54	4	0.019225
15	54	61	0
16	54	1	0
17	54	2	0.0726
18	54	0	8.001437
19	54	550	12.500715
20	54	544	8.648681
21	54	560	0.718473
22	54	536	7.75834
23	54	673	15.092299
24	54	460	11.362439
25	54	422	4.057851
26	54	422	0
27	54	422	-0.104346
28	54	443	0.05733
29	54	24	4.487302
30	54	41	14.548683
31	54	28	30.011362
32	54	2	35.444057
33	54	1	30.705364
34	54	1	23.613075
35	54	2	29.133917
36	54	0	38.525406
37	54	2	41.187191
38	54	2	35.670319
39	54	0	27.271687
40	54	1	24.203669
41	54	2	11.229154
42	54	21	-2.098456
43	54	15	-19.450092
44	54	16	-31.768381
45	54	16	-23.310928
46	54	40	-4.543528
47	54	2	0
48	54	0	1.156201
49	54	2	7.863447
50	54	0	16.233311
51	54	94	24.050116
52	54	13	30.247292
53	54	14	38.395176
54	54	15	56.646362
55	54	16	77.42952
56	54	606	97.695221
57	54	734	117.913956
58	54	486	140.550598
59	54	735	161.655304
60	54	736	182.281662
61	54	404	195.983093
62	54	462	206.1689
63	54	486	211.614227
64	54	423	211.809723
65	54	542	206.48111
66	54	16	196.32988
67	54	40	183.229523
68	54	1	166.119171
69	54	0	147.489792
70	54	24	128.987991
71	54	39	109.519302
72	54	13	89.425827
73	54	20	71.995682
74	54	0	63.216602
75	54	21	56.538761
76	54	14	51.408863
77	54	20	47.308262
78	54	0	54.003078
79	54	2	56.922005
80	54	0	45.15205
81	54	2	28.364637
82	54	2	30.877665
83	54	2	29.101143
84	54	2	17.488499
85	54	1	11.962883
86	54	24	10.316774
87	54	41	8.761604
88	54	39	7.384907
89	54	16	6.043584
90	54	16	4.944386
91	54	13	6.462864
92	54	20	9.189707
93	54	1	15.238558
94	54	0	21.617287
95	54	0	27.637848
96	54	1	32.84095
97	54	0	37.658108
98	54	2	44.419388
99	54	1	51.073238
100	54	2	54.49324
101	54	2	56.999332
102	54	0	59.118484
103	54	21	59.398476
104	54	15	56.998276
105	54	95	50.656387
106	54	28	41.150547
107	54	3	36.143963
108	54	4	34.237946
109	54	61	33.952339
110	54	21	33.677525
111	54	14	35.885529
112	54	14	40.533699
113	54	15	44.324413
114	54	16	43.968685
115	54	13	39.834709
116	54	14	33.876244
117	54	200	26.686378
118	54	151	18.759382
119	54	126	10.334072
120	54	157	3.357654
121	54	130	0.160337
122	54	100	0
123	54	68	0
124	54	151	0
125	54	100	0
126	54	68	0
127	54	151	0
128	54	68	0
0	55	346	0
1	55	4	0
2	55	4	0
3	55	4	0
4	55	6	0.156042
5	55	7	2.045783
6	55	5	7.250442
7	55	5	11.506844
8	55	5	10.013058
9	55	4	5.566808
10	55	4	2.941748
11	55	4	1.45153
12	55	6	0.247047
13	55	30	0
14	55	89	0.143071
15	55	0	2.83106
16	55	1	5.298552
17	55	2	2.150643
18	55	2	0
19	55	737	0.593099
20	55	738	0
21	55	151	0
22	55	68	2.95701
23	55	527	3.188768
24	55	441	-1.582463
25	55	461	-4.739129
26	55	534	-1.560619
27	55	739	-3.29001
28	55	39	-3.718818
29	55	13	-0.60894
30	55	20	8.476443
31	55	2	21.59128
32	55	1	33.252678
33	55	0	38.18335
34	55	0	42.673344
35	55	0	41.419128
36	55	0	36.913906
37	55	1	27.496964
38	55	0	17.550983
39	55	0	8.077952
40	55	1	2.595981
41	55	2	0
42	55	94	-5.142161
43	55	16	-22.875935
44	55	16	-39.748913
45	55	95	-33.132557
46	55	28	-13.36013
47	55	1	-1.641991
48	55	1	3.971553
49	55	24	9.4206
50	55	39	17.710047
51	55	40	27.573071
52	55	0	34.944653
53	55	21	43.412083
54	55	15	57.092426
55	55	16	78.01078
56	55	40	100.070679
57	55	1	124.52018
58	55	423	146.420502
59	55	424	165.667282
60	55	462	182.862183
61	55	486	194.339844
62	55	512	202.115295
63	55	699	205.944443
64	55	596	205.319321
65	55	13	199.90239
66	55	20	191.495834
67	55	2	182.221237
68	55	1	168.157822
69	55	94	150.235123
70	55	16	132.118927
71	55	40	113.160088
72	55	1	94.049049
73	55	1	77.687553
74	55	1	69.181046
75	55	0	62.067764
76	55	1	56.8232
77	55	1	51.320477
78	55	2	46.71793
79	55	2	44.946236
80	55	1	35.850067
81	55	1	26.277096
82	55	0	22.405649
83	55	0	19.185366
84	55	2	16.690968
85	55	94	14.758724
86	55	16	13.12331
87	55	16	11.558195
88	55	16	10.124169
89	55	13	8.68276
90	55	20	7.279756
91	55	42	6.230719
92	55	43	6.581192
93	55	44	10.104939
94	55	1	15.357263
95	55	2	19.971329
96	55	42	24.3724
97	55	44	27.617348
98	55	2	32.97654
99	55	1	39.215843
100	55	2	44.237812
101	55	1	48.045219
102	55	2	49.924271
103	55	94	49.560219
104	55	16	47.245777
105	55	95	42.433865
106	55	132	36.176079
107	55	30	31.174997
108	55	89	28.666571
109	55	24	27.985432
110	55	65	27.69849
111	55	43	29.659157
112	55	91	33.335369
113	55	283	36.093815
114	55	20	36.971954
115	55	1	34.839211
116	55	129	30.366709
117	55	157	24.310551
118	55	131	17.198414
119	55	1	9.388825
120	55	129	4.055079
121	55	130	1.9416
122	55	100	1.0261
123	55	126	0.106345
124	55	157	0
125	55	155	0
126	55	268	0
127	55	268	0
128	55	643	0
0	56	73	0
1	56	7	0
2	56	6	0.09199
3	56	740	0.782722
4	56	32	1.794957
5	56	5	3.61659
6	56	4	8.829304
7	56	4	11.682875
8	56	6	8.055028
9	56	30	2.905838
10	56	7	0.519213
11	56	61	0.260176
12	56	1	1.063779
13	56	1	2.499853
14	56	1	5.573787
15	56	1	16.855997
16	56	0	20.955112
17	56	2	12.507397
18	56	94	-2.69523
19	56	196	-6.931513
20	56	151	-4.217135
21	56	282	0
22	56	527	-0.669483
23	56	424	-6.754138
24	56	542	-15.729315
25	56	16	-13.938382
26	56	16	-8.268825
27	56	13	-9.837716
28	56	20	-11.886259
29	56	2	-5.457939
30	56	2	0.445554
31	56	2	7.251284
32	56	0	17.950401
33	56	2	34.265415
34	56	1	47.352348
35	56	2	43.864971
36	56	0	24.988045
37	56	2	8.928183
38	56	0	1.98199
39	56	2	0
40	56	1	0
41	56	21	0
42	56	15	-3.192408
43	56	16	-17.606783
44	56	16	-31.143385
45	56	95	-29.019487
46	56	28	-14.919306
47	56	2	-2.362534
48	56	94	6.190723
49	56	16	17.252565
50	56	40	29.272228
51	56	2	38.862152
52	56	1	44.314812
53	56	21	51.044861
54	56	15	64.890282
55	56	95	82.865051
56	56	41	108.664215
57	56	741	131.482712
58	56	421	150.673706
59	56	443	166.566132
60	56	512	178.267944
61	56	442	186.168488
62	56	542	191.334503
63	56	13	191.470596
64	56	20	188.810394
65	56	0	185.908615
66	56	2	179.171127
67	56	1	171.452072
68	56	94	160.415726
69	56	16	144.947952
70	56	40	127.874428
71	56	0	109.995277
72	56	0	92.044952
73	56	0	79.675514
74	56	2	73.739517
75	56	2	68.602539
76	56	2	64.295898
77	56	2	52.364605
78	56	2	36.074371
79	56	2	43.219227
80	56	1	35.88028
81	56	2	29.582127
82	56	2	24.176928
83	56	2	21.044436
84	56	21	18.782463
85	56	15	17.03561
86	56	16	15.561948
87	56	16	14.103782
88	56	40	12.69096
89	56	42	11.193754
90	56	99	9.671907
91	56	68	8.247669
92	56	101	6.627429
93	56	2	5.605536
94	56	2	8.992922
95	56	67	12.298697
96	56	69	15.204067
97	56	44	17.607389
98	56	0	21.005283
99	56	273	27.692289
100	56	233	33.366615
101	56	426	36.975414
102	56	94	38.466164
103	56	16	38.445484
104	56	16	36.786942
105	56	40	33.615341
106	56	1	29.487305
107	56	2	24.349747
108	56	94	20.936085
109	56	608	19.281261
110	56	154	19.931763
111	56	68	22.116873
112	56	69	25.890589
113	56	44	29.377592
114	56	2	30.454689
115	56	0	29.124935
116	56	2	25.717869
117	56	1	20.679785
118	56	0	14.40462
119	56	0	8.179727
120	56	129	4.931227
121	56	157	3.954755
122	56	131	2.930929
123	56	2	1.701626
124	56	94	0.364889
125	56	16	0
126	56	16	0
127	56	13	0
128	56	20	0
0	57	29	0
1	57	89	4.997638
2	57	29	3.846397
3	57	7	3.779197
4	57	5	3.47944
5	57	6	3.674559
6	57	30	5.377786
7	57	89	7.054217
8	57	2	6.091938
9	57	29	4.78925
10	57	89	4.782476
11	57	45	4.87241
12	57	122	6.120317
13	57	36	7.305413
14	57	1	12.306505
15	57	0	25.814747
16	57	24	32.9664
17	57	341	16.122608
18	57	92	-7.441037
19	57	282	-17.035486
20	57	742	-11.829541
21	57	743	-2.718264
22	57	424	-0.183559
23	57	542	-7.613922
24	57	16	-17.732124
25	57	16	-19.06424
26	57	40	-12.655746
27	57	1	-15.699316
28	57	0	-22.022057
29	57	2	-13.480917
30	57	0	-0.104309
31	57	1	0.675228
32	57	1	7.653311
33	57	1	22.593987
34	57	0	36.498363
35	57	0	33.547184
36	57	0	20.754044
37	57	0	7.691303
38	57	0	3.333708
39	57	2	0
40	57	0	0
41	57	94	0
42	57	16	0
43	57	16	-3.410245
44	57	16	-10.525268
45	57	40	-10.814515
46	57	1	-6.228719
47	57	94	0.045885
48	57	16	12.083902
49	57	40	27.360413
50	57	1	41.799194
51	57	2	53.413277
52	57	1	60.128288
53	57	21	65.406891
54	57	15	78.389809
55	57	16	95.148422
56	57	16	116.265327
57	57	606	135.190887
58	57	744	150.556488
59	57	442	160.2827
60	57	461	166.392517
61	57	596	172.002335
62	57	40	177.162933
63	57	1	176.993423
64	57	0	176.690628
65	57	2	172.995651
66	57	24	164.15506
67	57	39	158.233765
68	57	13	149.78421
69	57	20	136.446671
70	57	1	120.848442
71	57	1	103.948837
72	57	0	88.835365
73	57	2	81.978333
74	57	2	77.269249
75	57	0	73.571472
76	57	1	64.2453
77	57	0	36.508118
78	57	0	43.111721
79	57	2	49.559772
80	57	0	42.210384
81	57	1	35.214039
82	57	0	28.210936
83	57	0	22.428604
84	57	21	20.08836
85	57	14	18.765135
86	57	15	17.61693
87	57	40	16.396637
88	57	129	15.085363
89	57	130	13.562146
90	57	126	11.922956
91	57	131	10.330835
92	57	0	8.490368
93	57	2	6.44786
94	57	745	4.452013
95	57	613	6.34051
96	57	101	8.020134
97	57	1	10.191429
98	57	746	11.594436
99	57	747	15.925287
100	57	712	21.159262
101	57	21	24.438675
102	57	15	26.559429
103	57	16	27.187391
104	57	95	26.581207
105	57	28	24.967655
106	57	2	21.955276
107	57	21	17.287239
108	57	14	12.506974
109	57	219	10.091641
110	57	268	11.255288
111	57	268	14.302836
112	57	345	19.26582
113	57	0	22.482536
114	57	24	23.731518
115	57	41	22.984461
116	57	28	20.39493
117	57	2	16.213377
118	57	2	10.996741
119	57	1	7.777506
120	57	0	6.807769
121	57	0	5.915845
122	57	0	4.759673
123	57	21	3.394383
124	57	14	1.867185
125	57	15	0.294777
126	57	95	0
127	57	28	0
128	57	2	0
0	58	0	0
1	58	2	14.414444
2	58	29	11.895794
3	58	7	5.842733
4	58	61	3.828086
5	58	0	3.025059
6	58	45	4.245801
7	58	122	6.506215
8	58	122	8.845944
9	58	122	10.431122
10	58	32	9.889716
11	58	5	9.091614
12	58	61	9.094482
13	58	0	8.392478
14	58	0	9.998075
15	58	94	20.156679
16	58	196	23.432055
17	58	742	11.261993
18	58	748	-10.775983
19	58	749	-18.238302
20	58	750	-13.225538
21	58	461	-3.388906
22	58	596	0
23	58	16	-3.507466
24	58	13	-15.081917
25	58	20	-18.838804
26	58	1	-13.215742
27	58	0	-18.648363
28	58	0	-30.890366
29	58	0	-23.250153
30	58	2	-7.449558
31	58	2	0
32	58	1	1.949377
33	58	2	8.721168
34	58	1	18.01053
35	58	0	23.858673
36	58	1	23.447054
37	58	2	23.098011
38	58	2	14.319078
39	58	1	5.817023
40	58	21	0.923752
41	58	15	0
42	58	16	0
43	58	16	0
44	58	40	0
45	58	24	-1.195632
46	58	39	0.62448
47	58	13	6.36522
48	58	20	19.058615
49	58	0	35.414543
50	58	0	51.560757
51	58	1	63.577152
52	58	2	71.051491
53	58	21	75.747025
54	58	14	87.740166
55	58	15	105.061356
56	58	16	121.710037
57	58	606	133.766022
58	58	534	146.825516
59	58	596	154.900284
60	58	16	163.666107
61	58	95	168.875137
62	58	41	173.580917
63	58	41	175.795395
64	58	28	170.246567
65	58	94	164.885895
66	58	16	154.850891
67	58	40	147.784927
68	58	1	142.163956
69	58	1	133.142319
70	58	2	118.35894
71	58	1	101.731277
72	58	2	89.820198
73	58	1	84.211266
74	58	0	80.034615
75	58	0	77.439514
76	58	0	55.515713
77	58	2	50.708832
78	58	2	62.954903
79	58	0	55.307091
80	58	0	48.207577
81	58	2	40.867241
82	58	1	33.405014
83	58	2	26.422653
84	58	1	21.235058
85	58	21	19.928047
86	58	20	19.272429
87	58	2	18.441545
88	58	129	17.316607
89	58	131	15.787546
90	58	1	14.027174
91	58	2	12.195151
92	58	0	10.103705
93	58	409	7.854647
94	58	521	5.505934
95	58	345	3.109377
96	58	1	2.71609
97	58	745	3.656597
98	58	676	4.732367
99	58	653	4.969227
100	58	2	8.914692
101	58	94	12.719621
102	58	16	15.281384
103	58	16	16.789274
104	58	95	17.258755
105	58	28	16.475155
106	58	2	14.001341
107	58	45	10.073778
108	58	507	5.810801
109	58	217	3.175831
110	58	15	3.4103
111	58	95	7.737386
112	58	41	12.325586
113	58	39	15.410237
114	58	13	16.838667
115	58	20	16.56427
116	58	2	14.640336
117	58	1	11.48194
118	58	0	9.84812
119	58	0	9.523019
120	58	1	8.841251
121	58	0	7.799735
122	58	0	6.481394
123	58	1	4.958916
124	58	21	3.288059
125	58	14	1.509038
126	58	199	0.010718
127	58	41	0
128	58	41	0
0	59	751	0
1	59	122	18.634581
2	59	32	12.265264
3	59	61	4.572334
4	59	24	2.188933
5	59	554	1.941394
6	59	35	4.709496
7	59	5	7.989001
8	59	4	9.313891
9	59	4	9.022549
10	59	6	7.853738
11	59	89	6.392709
12	59	1	6.043495
13	59	24	9.176797
14	59	39	11.285374
15	59	196	12.202879
16	59	752	10.312484
17	59	753	3.727471
18	59	422	-4.780304
19	59	461	-8.822487
20	59	596	-6.197759
21	59	16	-1.196754
22	59	16	0
23	59	40	-1.768258
24	59	0	-9.681325
25	59	2	-15.131317
26	59	1	-9.213214
27	59	0	-15.136956
28	59	0	-28.893642
29	59	2	-27.805113
30	59	0	-11.885874
31	59	1	-0.612402
32	59	2	0
33	59	2	0.542565
34	59	0	5.197961
35	59	0	14.029463
36	59	0	26.651361
37	59	2	31.221563
38	59	2	25.829124
39	59	1	17.707338
40	59	21	13.040771
41	59	14	5.856699
42	59	15	0.140017
43	59	95	0
44	59	39	0
45	59	13	1.224831
46	59	20	6.108331
47	59	1	12.592432
48	59	1	25.073744
49	59	2	39.543327
50	59	1	57.171638
51	59	0	70.140999
52	59	1	78.00518
53	59	2	84.804375
54	59	21	95.059326
55	59	15	110.139236
56	59	16	122.360886
57	59	16	133.890381
58	59	13	151.75383
59	59	14	162.401016
60	59	14	170.690918
61	59	15	172.451843
62	59	16	174.86351
63	59	95	178.733017
64	59	39	173.602753
65	59	13	159.687576
66	59	20	149.27327
67	59	2	145.57901
68	59	0	145.267258
69	59	1	137.473282
70	59	1	124.263634
71	59	2	108.250076
72	59	0	94.07032
73	59	0	87.294296
74	59	2	84.362076
75	59	0	75.701988
76	59	0	65.470947
77	59	1	75.885437
78	59	0	69.312057
79	59	0	61.454887
80	59	2	54.148796
81	59	0	46.208557
82	59	0	38.260262
83	59	1	30.83787
84	59	2	24.271479
85	59	0	20.70487
86	59	1	20.487045
87	59	0	20.354925
88	59	0	21.530678
89	59	0	20.449543
90	59	1	22.409735
91	59	1	25.773712
92	59	21	22.506697
93	59	14	13.228054
94	59	20	6.43637
95	59	0	3.909513
96	59	214	1.419471
97	59	450	-1.149081
98	59	192	-1.2756
99	59	1	-0.77607
100	59	94	0.109358
101	59	16	2.552749
102	59	16	5.573053
103	59	16	7.770108
104	59	95	8.571375
105	59	28	7.903519
106	59	3	6.18482
107	59	5	3.992352
108	59	31	1.917102
109	59	301	1.89921
110	59	14	6.195702
111	59	14	11.876156
112	59	15	12.992281
113	59	40	8.607515
114	59	0	9.758436
115	59	0	9.974209
116	59	1	10.889079
117	59	0	11.690256
118	59	0	12.469988
119	59	2	12.077859
120	59	1	11.05622
121	59	0	9.564487
122	59	2	8.049684
123	59	1	6.351005
124	59	1	4.528982
125	59	94	2.622405
126	59	13	0.656277
127	59	15	0
128	59	145	0
0	60	6	0
1	60	30	9.567287
2	60	70	5.847144
3	60	39	0.568065
4	60	16	0
5	60	34	0.971656
6	60	73	3.191257
7	60	7	4.445881
8	60	5	4.289825
9	60	61	3.330099
10	60	1	2.701586
11	60	1	2.858335
12	60	94	5.575854
13	60	177	11.102526
14	60	92	14.934835
15	60	620	13.074642
16	60	573	6.806413
17	60	424	1.937796
18	60	542	0.041283
19	60	16	-0.358227
20	60	16	-0.437977
21	60	16	0
22	60	40	0
23	60	2	-0.087952
24	60	1	-4.443352
25	60	1	-6.883998
26	60	2	-4.348188
27	60	2	-6.084895
28	60	2	-16.727283
29	60	0	-18.782396
30	60	0	-9.114063
31	60	2	-0.796534
32	60	1	0
33	60	0	0
34	60	0	0.330279
35	60	0	1.852659
36	60	1	11.612161
37	60	2	22.490095
38	60	0	26.955778
39	60	1	30.735989
40	60	0	28.96841
41	60	21	17.735733
42	60	14	6.286134
43	60	14	1.349328
44	60	20	0.295041
45	60	0	3.49905
46	60	2	10.259707
47	60	0	18.329981
48	60	24	30.251255
49	60	41	44.325821
50	60	28	59.09539
51	60	1	71.97171
52	60	1	81.416138
53	60	2	88.848343
54	60	94	96.832993
55	60	13	107.217621
56	60	14	118.553116
57	60	20	139.575851
58	60	24	159.51709
59	60	28	175.805511
60	60	21	181.023453
61	60	15	182.710861
62	60	16	185.215439
63	60	16	180.964218
64	60	40	167.881104
65	60	1	154.654572
66	60	2	147.863571
67	60	2	145.454773
68	60	0	148.780243
69	60	2	148.947052
70	60	42	141.194855
71	60	43	122.46347
72	60	43	104.018356
73	60	43	92.386909
74	60	43	87.812088
75	60	44	65.885506
76	60	2	73.189186
77	60	1	83.120148
78	60	42	75.949196
79	60	43	67.893806
80	60	43	59.808044
81	60	43	51.225304
82	60	43	42.705441
83	60	44	34.711807
84	60	2	27.585567
85	60	2	24.155855
86	60	1	25.480742
87	60	2	30.29458
88	60	1	36.127914
89	60	0	38.316895
90	60	0	41.452583
91	60	2	39.158737
92	60	1	34.859985
93	60	1	21.863317
94	60	0	8.209328
95	60	0	3.543171
96	60	214	-1.908102
97	60	213	-5.809391
98	60	2	-6.673645
99	60	21	-5.892534
100	60	14	-3.868719
101	60	14	-1.512515
102	60	754	-0.000637
103	60	289	0.977351
104	60	388	1.610339
105	60	29	1.706048
106	60	7	3.416032
107	60	6	8.118721
108	60	89	10.149401
109	60	24	11.524055
110	60	41	20.036436
111	60	39	31.956461
112	60	40	33.223385
113	60	2	24.122524
114	60	2	14.364723
115	60	1	15.475337
116	60	1	15.053166
117	60	0	18.505867
118	60	0	25.677214
119	60	0	28.170261
120	60	1	22.043646
121	60	2	14.130701
122	60	0	9.396112
123	60	42	7.512761
124	60	91	5.543494
125	60	258	3.519103
126	60	21	1.457637
127	60	755	0
128	60	47	0
0	61	41	0
1	61	39	0.669361
2	61	16	0
3	61	16	0
4	61	13	0
5	61	20	0
6	61	3	0.689975
7	61	5	5.242582
8	61	31	7.145384
9	61	122	6.361857
10	61	756	3.223694
11	61	341	4.022538
12	61	92	6.326693
13	61	126	10.387403
14	61	543	11.648034
15	61	496	8.395528
16	61	757	3.046124
17	61	596	0.220223
18	61	16	0
19	61	758	0
20	61	547	0
21	61	585	0
22	61	1	0
23	61	1	0
24	61	0	0.363582
25	61	2	0.884336
26	61	2	-0.221475
27	61	0	-0.343819
28	61	1	-4.304503
29	61	0	-6.19596
30	61	0	-3.106675
31	61	2	-0.27078
32	61	2	0
33	61	2	-0.144764
34	61	2	-8.849077
35	61	1	-19.707411
36	61	0	-15.235015
37	61	2	3.817683
38	61	1	18.669069
39	61	1	28.39287
40	61	1	31.281498
41	61	0	21.984837
42	61	0	10.630283
43	61	2	5.708615
44	61	2	5.496713
45	61	2	10.461455
46	61	2	18.04244
47	61	21	27.321959
48	61	15	37.512756
49	61	95	49.668293
50	61	28	61.738449
51	61	1	73.011169
52	61	0	83.238716
53	61	94	90.546295
54	61	40	98.154602
55	61	24	104.677032
56	61	41	113.348061
57	61	759	133.633636
58	61	611	158.050247
59	61	36	169.955429
60	61	21	176.233841
61	61	14	181.212402
62	61	14	186.309708
63	61	20	188.702423
64	61	1	170.428864
65	61	2	160.2258
66	61	0	154.529526
67	61	0	158.702164
68	61	42	160.646652
69	61	99	156.222412
70	61	100	147.458115
71	61	100	132.497726
72	61	282	114.92057
73	61	68	104.320206
74	61	69	88.020317
75	61	43	78.257622
76	61	43	97.777092
77	61	99	93.838753
78	61	151	85.235344
79	61	68	75.394058
80	61	126	68.117836
81	61	157	59.771858
82	61	131	51.802498
83	61	1	43.843224
84	61	2	40.979263
85	61	1	42.456959
86	61	24	43.440487
87	61	41	49.187691
88	61	28	51.496593
89	61	1	53.832733
90	61	45	57.903152
91	61	122	58.995369
92	61	122	48.573616
93	61	36	29.727938
94	61	0	12.796972
95	61	1	2.549746
96	61	0	-5.427742
97	61	1	-11.418446
98	61	45	-12.923752
99	61	122	-11.378918
100	61	36	-8.059992
101	61	409	-4.092354
102	61	760	-0.986396
103	61	192	0
104	61	2	0
105	61	29	0.167632
106	61	89	8.922884
107	61	24	22.470722
108	61	39	31.041946
109	61	16	34.545784
110	61	16	41.300343
111	61	40	55.580219
112	61	2	60.804668
113	61	0	49.604462
114	61	1	36.78513
115	61	2	29.770678
116	61	1	31.359793
117	61	1	34.630169
118	61	2	43.074635
119	61	1	45.770485
120	61	2	36.728851
121	61	0	20.986073
122	61	67	10.981525
123	61	151	8.374825
124	61	69	6.281234
125	61	44	4.162271
126	61	94	2.0269
127	61	16	0.072442
128	61	16	0
0	62	16	0
1	62	16	0
2	62	13	0
3	62	20	0
4	62	0	0
5	62	29	0
6	62	30	1.703335
7	62	30	8.510485
8	62	7	14.271168
9	62	149	11.248384
10	62	259	6.187824
11	62	130	4.004299
12	62	152	4.059794
13	62	28	4.959796
14	62	0	4.185251
15	62	94	1.952508
16	62	16	0.696627
17	62	758	2.816052
18	62	573	4.369577
19	62	422	1.744287
20	62	405	0
21	62	386	0
22	62	1	1.668715
23	62	2	4.368186
24	62	2	12.176661
25	62	2	15.415985
26	62	0	10.189344
27	62	2	1.142531
28	62	2	-0.609153
29	62	2	-1.07251
30	62	0	-0.569613
31	62	1	2.767292
32	62	0	4.448284
33	62	2	2.839215
34	62	2	-15.382657
35	62	1	-39.114174
36	62	1	-34.554276
37	62	0	-9.312326
38	62	2	6.261007
39	62	0	13.513687
40	62	1	15.692956
41	62	2	12.415026
42	62	2	7.773294
43	62	0	8.044351
44	62	2	9.957048
45	62	2	15.917661
46	62	1	24.415752
47	62	21	34.560944
48	62	15	44.234894
49	62	95	53.598099
50	62	41	65.113876
51	62	41	77.202995
52	62	71	87.817558
53	62	20	96.479706
54	62	94	101.0793
55	62	288	104.039032
56	62	761	109.386681
57	62	148	124.342461
58	62	762	149.145599
59	62	41	163.776398
60	62	28	171.239304
61	62	1	173.30867
62	62	0	190.517105
63	62	2	192.638336
64	62	2	180.275604
65	62	0	167.442108
66	62	42	165.77037
67	62	99	168.68071
68	62	151	163.997238
69	62	282	154.819916
70	62	614	145.531723
71	62	763	134.686462
72	62	157	121.612625
73	62	130	111.985283
74	62	126	96.839226
75	62	130	107.95829
76	62	100	111.193367
77	62	68	104.627129
78	62	126	95.3825
79	62	131	88.623291
80	62	0	82.217529
81	62	0	76.667374
82	62	1	69.063484
83	62	2	58.662502
84	62	2	62.142933
85	62	94	64.954491
86	62	16	64.417908
87	62	40	70.206184
88	62	2	69.126717
89	62	3	66.879814
90	62	4	75.21537
91	62	5	73.870285
92	62	61	64.355141
93	62	2	45.554211
94	62	2	25.236067
95	62	1	10.636467
96	62	1	-4.169969
97	62	3	-15.082817
98	62	4	-18.753517
99	62	61	-17.558338
100	62	94	-12.485898
101	62	391	-6.807089
102	62	537	-2.145668
103	62	376	-0.014353
104	62	41	0.084207
105	62	41	1.987674
106	62	71	15.764916
107	62	15	41.217518
108	62	16	63.080273
109	62	16	67.119438
110	62	40	69.440788
111	62	0	76.951805
112	62	1	75.429718
113	62	0	66.726181
114	62	0	57.675663
115	62	2	64.470985
116	62	0	67.696762
117	62	0	63.862381
118	62	1	61.678665
119	62	1	56.761066
120	62	0	62.255913
121	62	67	23.512972
122	62	282	12.719099
123	62	151	8.867323
124	62	101	6.696084
125	62	21	4.52029
126	62	96	2.341616
127	62	283	0.231242
128	62	14	0
0	63	14	0
1	63	20	0
2	63	0	0
3	63	2	0
4	63	2	1.511922
5	63	0	3.72207
6	63	1	2.978028
7	63	29	8.875783
8	63	764	16.459749
9	63	765	13.518901
10	63	99	4.126462
11	63	197	5.860193
12	63	258	6.500937
13	63	1	6.146977
14	63	21	8.758973
15	63	14	12.895499
16	63	766	14.521322
17	63	544	16.994787
18	63	441	21.110191
19	63	424	16.988943
20	63	443	5.507543
21	63	2	7.496374
22	63	0	16.694447
23	63	1	20.058792
24	63	0	23.37826
25	63	0	28.123816
26	63	2	16.822763
27	63	0	4.389334
28	63	2	0
29	63	1	0
30	63	1	4.603715
31	63	1	11.76752
32	63	2	14.785736
33	63	0	10.932974
34	63	0	-12.404778
35	63	1	-41.035168
36	63	0	-41.696388
37	63	2	-19.603788
38	63	2	-3.473459
39	63	2	1.120226
40	63	0	0.938075
41	63	0	1.472944
42	63	2	3.168307
43	63	2	4.443754
44	63	2	8.274139
45	63	1	15.92987
46	63	1	25.596094
47	63	21	36.413734
48	63	15	46.546654
49	63	16	57.932392
50	63	13	70.603905
51	63	20	83.611168
52	63	24	94.670891
53	63	39	102.990219
54	63	391	108.29554
55	63	767	111.119705
56	63	165	111.818298
57	63	166	123.731964
58	63	13	142.429703
59	63	20	162.503464
60	63	1	170.794388
61	63	0	174.960373
62	63	2	188.268082
63	63	0	197.552231
64	63	1	186.603226
65	63	67	174.904251
66	63	100	170.959686
67	63	68	169.252502
68	63	126	160.188538
69	63	361	147.271744
70	63	61	139.706345
71	63	1	131.073746
72	63	129	124.729179
73	63	131	112.372192
74	63	129	102.324692
75	63	155	133.606644
76	63	268	134.407791
77	63	345	124.710144
78	63	1	108.91198
79	63	2	100.461716
80	63	1	93.883667
81	63	2	90.443649
82	63	1	82.628403
83	63	2	79.371185
84	63	21	85.115471
85	63	14	93.93383
86	63	20	97.440918
87	63	1	96.211586
88	63	768	90.619705
89	63	769	85.527153
90	63	769	80.497803
91	63	770	82.792427
92	63	44	74.304176
93	63	0	57.236012
94	63	2	39.375713
95	63	0	22.569759
96	63	29	4.337317
97	63	30	-12.187239
98	63	89	-22.502132
99	63	21	-20.836617
100	63	771	-15.430552
101	63	747	-8.055551
102	63	772	-1.23898
103	63	256	3.303961
104	63	16	6.414914
105	63	40	9.743184
106	63	21	25.19371
107	63	14	56.131397
108	63	14	85.021217
109	63	20	98.036758
110	63	1	95.855026
111	63	1	96.996017
112	63	0	87.053635
113	63	0	75.891609
114	63	1	76.243195
115	63	1	97.37056
116	63	2	100.582603
117	63	1	87.70031
118	63	1	73.088043
119	63	0	66.922829
120	63	67	53.395096
121	63	151	20.395195
122	63	614	11.447811
123	63	732	8.940886
124	63	122	6.757734
125	63	773	4.573339
126	63	101	2.388166
127	63	1	0.252978
128	63	1	0
0	64	2	0
1	64	1	0
2	64	0	0
3	64	2	1.082837
4	64	0	9.915599
5	64	1	14.536308
6	64	1	9.261336
7	64	768	11.249639
8	64	577	19.814596
9	64	151	14.828959
10	64	151	12.541702
11	64	101	14.646908
12	64	0	18.773798
13	64	2	21.469687
14	64	0	27.667545
15	64	24	40.855297
16	64	774	44.759876
17	64	496	45.986912
18	64	496	45.822842
19	64	486	37.606205
20	64	1	25.566294
21	64	1	26.174984
22	64	1	30.558371
23	64	0	26.915915
24	64	1	26.087397
25	64	0	23.695234
26	64	0	14.056043
27	64	2	2.394346
28	64	0	0
29	64	1	0.23126
30	64	1	6.945761
31	64	2	16.81315
32	64	1	18.571989
33	64	1	12.770856
34	64	2	-8.090778
35	64	0	-33.203098
36	64	2	-45.86076
37	64	1	-38.668213
38	64	0	-24.759811
39	64	1	-13.727693
40	64	2	-5.405798
41	64	1	-1.58286
42	64	24	-1.836713
43	64	41	-1.168685
44	64	28	5.897677
45	64	24	14.862588
46	64	28	27.091711
47	64	21	39.299416
48	64	15	52.001743
49	64	40	63.71117
50	64	2	76.089363
51	64	21	88.421043
52	64	15	100.395348
53	64	164	110.827232
54	64	166	116.705109
55	64	16	119.530563
56	64	16	120.480309
57	64	95	132.471542
58	64	28	154.163376
59	64	24	176.112045
60	64	28	179.395218
61	64	0	178.030411
62	64	2	186.601868
63	64	0	196.214966
64	64	129	192.48111
65	64	130	181.081314
66	64	282	176.379089
67	64	775	173.927185
68	64	32	165.420715
69	64	61	157.061722
70	64	45	149.821228
71	64	122	137.93103
72	64	36	127.821121
73	64	2	118.075188
74	64	94	121.632957
75	64	16	150.828445
76	64	319	155.734909
77	64	43	152.000183
78	64	43	134.648224
79	64	43	123.560471
80	64	43	110.841255
81	64	43	102.162537
82	64	43	98.210754
83	64	44	102.312965
84	64	0	104.537621
85	64	2	113.518517
86	64	42	120.134972
87	64	99	119.41114
88	64	100	103.490173
89	64	151	96.707092
90	64	151	87.030884
91	64	69	88.038315
92	64	43	83.492676
93	64	98	71.777725
94	64	28	52.45256
95	64	1	33.298431
96	64	2	13.610512
97	64	1	-3.680028
98	64	0	-14.637576
99	64	67	-16.009624
100	64	100	-10.113933
101	64	776	-2.341994
102	64	266	7.238046
103	64	777	13.970578
104	64	20	19.334946
105	64	42	24.964746
106	64	43	35.169163
107	64	98	63.762802
108	64	28	95.164108
109	64	0	109.327026
110	64	2	113.292137
111	64	0	107.795143
112	64	1	100.9935
113	64	1	91.211159
114	64	1	100.987846
115	64	1	115.433411
116	64	2	117.644257
117	64	2	86.802322
118	64	1	55.25071
119	64	129	33.483215
120	64	157	21.020575
121	64	361	12.392925
122	64	5	10.685246
123	64	778	8.587643
124	64	577	6.461478
125	64	101	4.318388
126	64	0	2.164488
127	64	2	0.112455
128	64	1	0
0	65	1	0
1	65	1	0
2	65	779	0
3	65	295	3.648963
4	65	296	17.480217
5	65	42	28.415573
6	65	99	20.128567
7	65	151	27.39138
8	65	100	33.056206
9	65	176	27.006783
10	65	345	26.347755
11	65	24	33.44878
12	65	41	35.632259
13	65	28	35.308235
14	65	94	44.826279
15	65	95	61.092548
16	65	28	64.682701
17	65	1	66.125198
18	65	0	57.905239
19	65	2	51.361023
20	65	1	42.238369
21	65	1	45.57576
22	65	1	41.874504
23	65	0	26.006943
24	65	2	18.353477
25	65	1	17.627251
26	65	2	9.769554
27	65	0	1.312195
28	65	779	0
29	65	780	0
30	65	781	3.99909
31	65	295	9.69506
32	65	295	10.368412
33	65	296	5.266184
34	65	1	-5.280284
35	65	2	-24.230013
36	65	2	-43.527843
37	65	1	-49.063705
38	65	0	-37.32077
39	65	1	-21.470886
40	65	45	-10.682234
41	65	301	-9.616297
42	65	15	-13.685651
43	65	95	-10.027523
44	65	39	3.480302
45	65	40	17.85058
46	65	1	31.948212
47	65	21	46.212654
48	65	20	59.202778
49	65	1	70.58577
50	65	0	81.833977
51	65	21	94.639557
52	65	14	108.171837
53	65	15	118.790268
54	65	13	124.937462
55	65	15	131.50885
56	65	16	139.366776
57	65	40	157.555267
58	65	21	182.342072
59	65	199	198.109665
60	65	41	200.103256
61	65	28	187.797913
62	65	2	194.493057
63	65	1	209.791199
64	65	129	206.599396
65	65	157	189.462891
66	65	361	178.801758
67	65	5	175.81308
68	65	31	174.350906
69	65	32	173.09343
70	65	4	166.492126
71	65	61	155.063202
72	65	1	141.881821
73	65	21	120.843811
74	65	96	137.50679
75	65	92	165.612579
76	65	282	175.898438
77	65	151	171.818726
78	65	100	162.686783
79	65	100	147.059799
80	65	126	128.959641
81	65	157	118.283325
82	65	131	122.84465
83	65	2	129.739059
84	65	42	135.460342
85	65	99	132.761719
86	65	126	134.196426
87	65	157	132.611618
88	65	157	119.900063
89	65	157	108.163033
90	65	157	97.90596
91	65	157	95.523079
92	65	578	91.192131
93	65	97	77.499031
94	65	44	59.917694
95	65	0	39.459911
96	65	1	19.263878
97	65	2	5.904518
98	65	129	0.39227
99	65	157	1.901471
100	65	555	7.601441
101	65	274	15.813527
102	65	213	25.882477
103	65	42	32.460651
104	65	99	38.488461
105	65	282	45.113686
106	65	128	53.900265
107	65	40	68.434097
108	65	1	88.581825
109	65	1	102.262756
110	65	1	112.041534
111	65	2	117.390991
112	65	2	121.183479
113	65	0	116.385765
114	65	1	116.19355
115	65	0	120.861183
116	65	2	114.448944
117	65	2	80.515251
118	65	2	44.955353
119	65	45	25.580101
120	65	32	18.853889
121	65	72	14.482121
122	65	782	10.874629
123	65	151	8.185998
124	65	101	6.047318
125	65	1	3.774871
126	65	0	1.680517
127	65	1	0
128	65	0	0
0	66	1	0
1	66	783	0
2	66	137	0
3	66	265	5.203699
4	66	67	27.225594
5	66	151	38.105801
6	66	68	44.391918
7	66	151	47.610905
8	66	128	52.207874
9	66	40	41.878799
10	66	94	40.44072
11	66	16	45.596794
12	66	40	43.160713
13	66	94	33.758121
14	66	16	36.780293
15	66	40	51.945385
16	66	0	63.230267
17	66	2	63.772449
18	66	0	64.415627
19	66	0	64.337708
20	66	2	57.871857
21	66	1	58.736843
22	66	2	47.160332
23	66	0	31.489292
24	66	2	26.007645
25	66	2	28.00606
26	66	347	17.32023
27	66	784	4.996299
28	66	532	0.447205
29	66	785	0
30	66	137	0.062538
31	66	159	1.44558
32	66	294	0.971748
33	66	295	0.205456
34	66	296	0.516995
35	66	1	-11.045902
36	66	45	-24.145527
37	66	122	-30.029972
38	66	122	-25.744049
39	66	32	-14.764937
40	66	31	-8.6512
41	66	507	-15.819037
42	66	241	-23.529713
43	66	13	-18.082777
44	66	20	0.46246
45	66	0	19.600004
46	66	0	35.810764
47	66	0	50.973358
48	66	2	64.302795
49	66	1	74.919395
50	66	2	86.375725
51	66	0	99.306465
52	66	21	113.902901
53	66	20	124.473206
54	66	21	138.03476
55	66	14	147.933151
56	66	20	164.624954
57	66	0	182.769501
58	66	21	209.8293
59	66	14	217.063721
60	66	20	202.388138
61	66	2	195.814331
62	66	1	206.822021
63	66	1	217.971466
64	66	45	211.029785
65	66	32	195.847382
66	66	6	183.512497
67	66	30	179.652283
68	66	30	178.727722
69	66	30	179.209244
70	66	89	178.217865
71	66	2	164.437698
72	66	1	149.831116
73	66	67	136.559692
74	66	282	166.260635
75	66	126	184.809723
76	66	157	186.992538
77	66	130	177.579407
78	66	100	171.363754
79	66	152	159.409805
80	66	28	146.340607
81	66	0	137.736023
82	66	42	143.541489
83	66	99	150.350403
84	66	100	152.466644
85	66	101	149.8983
86	66	2	149.558929
87	66	1	148.612854
88	66	0	141.362305
89	66	2	126.354103
90	66	2	111.802444
91	66	129	107.360245
92	66	157	100.433357
93	66	131	87.439384
94	66	2	69.190704
95	66	0	46.721264
96	66	1	27.631178
97	66	0	16.536011
98	66	0	16.809778
99	66	0	23.182526
100	66	0	33.758106
101	66	2	45.893974
102	66	129	53.453899
103	66	157	58.353634
104	66	155	64.849937
105	66	469	70.873184
106	66	20	76.84182
107	66	2	86.013466
108	66	0	95.886482
109	66	2	103.512794
110	66	1	112.426468
111	66	45	131.51857
112	66	786	144.141281
113	66	295	145.610703
114	66	295	137.804153
115	66	296	128.804718
116	66	2	117.687706
117	66	1	89.491173
118	66	3	68.910614
119	66	5	39.817635
120	66	149	36.717556
121	66	196	33.052116
122	66	282	27.714849
123	66	101	21.990988
124	66	1	15.454774
125	66	2	9.694945
126	66	1	4.184783
127	66	0	0.896818
128	66	1	0
0	67	787	0
1	67	250	12.177412
2	67	272	15.012344
3	67	67	22.619595
4	67	126	39.542015
5	67	130	54.573124
6	67	282	59.316933
7	67	93	66.616989
8	67	20	64.481766
9	67	94	59.11533
10	67	16	56.176193
11	67	40	50.198669
12	67	21	34.467361
13	67	15	34.411423
14	67	40	40.821701
15	67	0	52.3395
16	67	0	60.752541
17	67	2	71.384056
18	67	0	85.616295
19	67	1	91.150101
20	67	2	84.081062
21	67	0	66.784714
22	67	1	48.966087
23	67	1	44.824238
24	67	2	50.776493
25	67	325	54.258911
26	67	326	44.462517
27	67	788	29.465265
28	67	789	22.793472
29	67	159	15.135281
30	67	159	5.675529
31	67	159	0.754305
32	67	159	2.408064
33	67	294	5.357812
34	67	296	2.757615
35	67	3	-1.837382
36	67	4	-9.280669
37	67	4	-9.882254
38	67	4	-3.579872
39	67	4	0.285054
40	67	5	2.444472
41	67	216	-11.154253
42	67	790	-19.60743
43	67	2	-14.458656
44	67	2	3.474123
45	67	2	22.947039
46	67	1	39.767876
47	67	0	56.798367
48	67	2	70.742577
49	67	0	81.312065
50	67	0	91.924881
51	67	0	103.198242
52	67	1	116.173149
53	67	0	130.874817
54	67	0	145.636749
55	67	1	158.836578
56	67	1	181.192505
57	67	2	208.226898
58	67	0	227.507126
59	67	0	226.940552
60	67	0	215.132507
61	67	0	211.39473
62	67	0	221.401306
63	67	3	231.456589
64	67	4	228.468185
65	67	61	216.541168
66	67	779	208.977234
67	67	295	200.916931
68	67	295	193.419525
69	67	295	185.570511
70	67	295	181.683197
71	67	296	171.141357
72	67	67	159.50415
73	67	151	152.919312
74	67	69	186.628036
75	67	44	200.950134
76	67	129	199.174911
77	67	130	189.512482
78	67	197	179.959351
79	67	97	179.774307
80	67	98	167.134171
81	67	567	159.815247
82	67	268	164.03064
83	67	154	168.977478
84	67	69	175.650543
85	67	44	171.34053
86	67	1	174.838837
87	67	2	174.905121
88	67	0	163.85907
89	67	0	155.556107
90	67	0	141.739471
91	67	0	131.085968
92	67	1	120.679176
93	67	2	104.223625
94	67	0	77.419006
95	67	2	51.118168
96	67	0	31.983561
97	67	1	24.26243
98	67	2	29.799994
99	67	0	39.533352
100	67	1	54.425091
101	67	2	74.13929
102	67	1	81.986069
103	67	21	87.748116
104	67	20	93.950798
105	67	2	100.775742
106	67	24	106.719643
107	67	28	111.850075
108	67	2	117.189041
109	67	779	122.584274
110	67	791	129.193314
111	67	285	148.618011
112	67	159	165.571655
113	67	249	168.815994
114	67	272	158.108002
115	67	2	145.396439
116	67	24	138.568588
117	67	132	120.906586
118	67	7	96.280685
119	67	216	72.977127
120	67	792	61.215511
121	67	282	55.583832
122	67	101	49.952957
123	67	0	43.902454
124	67	1	37.298328
125	67	0	29.566324
126	67	2	21.125336
127	67	1	13.308428
128	67	2	0
0	68	1	0
1	68	2	32.35334
2	68	153	35.548862
3	68	345	41.376476
4	68	67	53.292343
5	68	68	55.811337
6	68	101	59.521332
7	68	2	67.159264
8	68	21	75.380684
9	68	14	67.46627
10	68	20	65.01136
11	68	2	51.301987
12	68	21	42.604115
13	68	199	44.402901
14	68	28	55.753582
15	68	2	69.792603
16	68	1	76.68959
17	68	0	80.602554
18	68	2	97.189316
19	68	2	107.494202
20	68	1	94.751732
21	68	0	78.564232
22	68	0	66.194855
23	68	1	60.179237
24	68	325	67.327637
25	68	788	73.669189
26	68	789	68.38736
27	68	137	57.697037
28	68	137	49.836201
29	68	159	40.316647
30	68	793	28.890751
31	68	314	18.635359
32	68	159	13.56662
33	68	294	11.239471
34	68	794	8.253427
35	68	7	2.346668
36	68	5	-2.470423
37	68	6	-0.805353
38	68	7	9.022262
39	68	4	16.532904
40	68	5	19.65494
41	68	31	12.091746
42	68	795	0.292151
43	68	43	1.298168
44	68	43	15.322368
45	68	44	28.511784
46	68	1	45.09494
47	68	0	61.836712
48	68	0	74.246239
49	68	1	85.727722
50	68	1	96.63781
51	68	2	108.623466
52	68	2	119.594009
53	68	1	134.359467
54	68	0	152.040512
55	68	1	172.352585
56	68	2	191.825623
57	68	0	214.689972
58	68	2	227.238693
59	68	1	225.813278
60	68	296	218.720932
61	68	2	227.019852
62	68	3	237.29985
63	68	284	248.322235
64	68	796	246.267044
65	68	797	242.148361
66	68	798	240.356018
67	68	799	229.055557
68	68	799	212.194229
69	68	800	200.048477
70	68	294	192.578461
71	68	801	190.187332
72	68	282	187.223999
73	68	68	166.023346
74	68	101	205.480804
75	68	45	223.859894
76	68	802	218.089127
77	68	157	203.26297
78	68	130	197.961166
79	68	197	200.867142
80	68	178	195.746063
81	68	13	184.66391
82	68	179	184.664963
83	68	155	186.758545
84	68	345	193.717285
85	68	2	201.66069
86	68	1	210.720703
87	68	1	214.268188
88	68	0	203.882278
89	68	2	190.322357
90	68	1	173.702408
91	68	2	160.563965
92	68	0	145.541977
93	68	0	119.775711
94	68	2	83.424881
95	68	2	49.56551
96	68	0	29.114809
97	68	1	28.9799
98	68	2	38.517521
99	68	1	53.14835
100	68	1	71.306648
101	68	0	93.112106
102	68	2	109.485947
103	68	0	116.491356
104	68	273	124.107857
105	68	427	130.676178
106	68	40	137.899261
107	68	0	143.270737
108	68	783	149.939117
109	68	137	157.044128
110	68	137	159.974731
111	68	249	170.463516
112	68	272	182.600418
113	68	1	184.866089
114	68	24	172.041763
115	68	71	163.219498
116	68	20	160.065552
117	68	29	152.818832
118	68	30	128.393341
119	68	803	102.316338
120	68	68	88.532722
121	68	101	83.230568
122	68	1	78.803864
123	68	1	72.643188
124	68	0	63.92696
125	68	1	53.734863
126	68	0	43.742432
127	68	0	33.656338
128	68	1	0
0	69	273	0
1	69	804	52.291534
2	69	180	55.943615
3	69	240	61.216045
4	69	151	64.416161
5	69	101	60.741364
6	69	1	61.391338
7	69	1	70.975563
8	69	0	79.516266
9	69	2	85.41954
10	69	1	80.915466
11	69	2	72.52021
12	69	21	64.516182
13	69	20	58.155785
14	69	1	70.586021
15	69	1	94.216148
16	69	0	110.000931
17	69	0	107.301407
18	69	0	106.598549
19	69	0	110.291183
20	69	1	107.331474
21	69	0	100.07608
22	69	779	95.91172
23	69	805	89.279922
24	69	313	85.56929
25	69	314	91.628693
26	69	159	90.211632
27	69	137	84.141365
28	69	159	76.76165
29	69	510	66.102295
30	69	313	55.568863
31	69	314	47.376564
32	69	159	38.556496
33	69	806	24.608595
34	69	172	20.2808
35	69	7	12.459566
36	69	31	10.166749
37	69	172	14.292952
38	69	7	23.006489
39	69	4	31.107014
40	69	4	31.472734
41	69	807	27.185158
42	69	808	23.493347
43	69	809	16.405777
44	69	810	16.415627
45	69	295	29.451775
46	69	296	47.852222
47	69	2	64.047943
48	69	0	78.593246
49	69	0	90.834633
50	69	1	103.052223
51	69	0	115.60006
52	69	0	130.014389
53	69	2	147.51326
54	69	2	164.836014
55	69	0	178.638611
56	69	1	201.895691
57	69	0	217.737366
58	69	779	222.869339
59	69	265	219.994568
60	69	2	219.217636
61	69	3	233.036697
62	69	264	245.619736
63	69	798	256.214325
64	69	799	260.301239
65	69	811	267.177887
66	69	100	263.722076
67	69	282	255.222809
68	69	812	238.652634
69	69	800	220.537933
70	69	813	210.051056
71	69	814	211.5634
72	69	151	215.956711
73	69	815	195.387192
74	69	816	225.933105
75	69	61	239.784927
76	69	1	238.848694
77	69	129	226.115738
78	69	157	227.763245
79	69	221	222.889816
80	69	20	223.503448
81	69	2	212.943344
82	69	21	204.800949
83	69	199	203.645813
84	69	28	210.867676
85	69	0	215.906342
86	69	0	224.722717
87	69	0	230.250244
88	69	1	222.679642
89	69	0	213.634506
90	69	2	199.934128
91	69	2	189.995148
92	69	0	170.768768
93	69	0	133.776581
94	69	0	89.885246
95	69	0	48.449356
96	69	779	32.441425
97	69	296	31.097235
98	69	0	43.464252
99	69	2	62.295734
100	69	0	86.158813
101	69	2	110.601311
102	69	273	130.312958
103	69	817	138.637543
104	69	144	145.983185
105	69	40	151.581467
106	69	1	157.630157
107	69	787	162.680084
108	69	250	169.342407
109	69	250	181.964478
110	69	272	190.786179
111	69	2	193.333755
112	69	0	195.710205
113	69	21	194.315689
114	69	818	184.108459
115	69	122	176.464706
116	69	122	174.809402
117	69	122	168.65654
118	69	634	151.104813
119	69	808	131.009598
120	69	300	118.989799
121	69	42	115.248962
122	69	320	108.643471
123	69	122	100.724998
124	69	36	90.444443
125	69	42	78.792343
126	69	43	67.258163
127	69	43	54.228256
128	69	711	0
0	70	601	0
1	70	128	71.879486
2	70	196	76.122032
3	70	126	82.684967
4	70	131	81.308098
5	70	2	70.497421
6	70	779	65.231148
7	70	295	69.562714
8	70	295	73.434242
9	70	295	78.839981
10	70	296	93.651642
11	70	0	93.283089
12	70	779	82.556892
13	70	295	75.951927
14	70	295	85.767891
15	70	295	105.001511
16	70	295	129.578201
17	70	295	132.054764
18	70	295	122.001205
19	70	296	116.275322
20	70	0	118.243629
21	70	531	118.495186
22	70	532	116.493484
23	70	788	114.980888
24	70	789	112.871536
25	70	137	110.860924
26	70	137	114.460991
27	70	137	110.818214
28	70	510	100.551743
29	70	349	89.639099
30	70	313	81.199951
31	70	314	72.518227
32	70	819	64.16198
33	70	31	50.581619
34	70	32	40.606384
35	70	284	35.201122
36	70	796	29.02767
37	70	820	26.415493
38	70	769	33.26001
39	70	821	38.865822
40	70	822	34.573486
41	70	823	36.248947
42	70	264	37.197079
43	70	137	31.548067
44	70	137	20.710232
45	70	294	29.155256
46	70	295	51.074402
47	70	296	70.225777
48	70	1	87.649994
49	70	1	98.996101
50	70	2	115.897377
51	70	0	133.049332
52	70	779	147.933762
53	70	295	163.787521
54	70	295	179.108002
55	70	296	197.486313
56	70	1	213.232025
57	70	783	222.611572
58	70	294	231.82457
59	70	296	225.540802
60	70	3	225.926712
61	70	264	239.080048
62	70	813	250.515549
63	70	824	256.715179
64	70	814	266.237305
65	70	151	272.882843
66	70	68	267.044128
67	70	825	258.057556
68	70	826	249.764328
69	70	137	235.573502
70	70	813	226.10585
71	70	824	219.621201
72	70	826	223.851456
73	70	819	215.279694
74	70	31	244.718811
75	70	122	256.391083
76	70	122	250.110138
77	70	36	246.860474
78	70	0	248.827057
79	70	42	240.996765
80	70	43	229.501434
81	70	98	223.020935
82	70	39	216.101746
83	70	95	212.19368
84	70	28	219.978836
85	70	2	225.963379
86	70	1	230.610764
87	70	1	234.463135
88	70	2	231.463303
89	70	0	224.81752
90	70	1	217.555435
91	70	2	209.447723
92	70	0	186.246109
93	70	1	144.625153
94	70	779	86.971832
95	70	797	44.640404
96	70	265	29.982605
97	70	0	31.538729
98	70	24	44.193287
99	70	41	76.341743
100	70	28	108.538704
101	70	214	139.63884
102	70	254	165.238953
103	70	166	174.502945
104	70	40	175.709839
105	70	1	176.1427
106	70	2	179.572128
107	70	2	182.326843
108	70	1	190.020172
109	70	0	207.568954
110	70	2	223.324722
111	70	779	228.004425
112	70	295	222.971054
113	70	816	213.128784
114	70	4	202.223526
115	70	4	192.236099
116	70	4	189.011047
117	70	6	184.528473
118	70	7	173.922699
119	70	31	161.258423
120	70	773	152.361282
121	70	346	145.408691
122	70	4	137.595947
123	70	433	127.723373
124	70	827	117.018097
125	70	808	104.27887
126	70	763	90.100906
127	70	157	74.739807
128	70	155	0
0	71	156	0
1	71	196	90.928459
2	71	69	95.987633
3	71	43	103.056534
4	71	43	98.917358
5	71	828	83.154312
6	71	800	67.739449
7	71	137	60.900169
8	71	159	58.282951
9	71	829	69.198326
10	71	43	98.683067
11	71	830	104.220367
12	71	137	100.718086
13	71	137	95.979401
14	71	159	105.193489
15	71	137	125.837692
16	71	159	147.407944
17	71	137	152.034836
18	71	294	147.278351
19	71	295	141.734818
20	71	805	136.487869
21	71	632	130.35022
22	71	785	128.12825
23	71	159	131.073715
24	71	137	137.435043
25	71	159	137.653427
26	71	137	140.781387
27	71	493	135.699356
28	71	417	124.202248
29	71	632	113.689278
30	71	313	105.254997
31	71	831	95.755592
32	71	822	88.439865
33	71	822	78.051598
34	71	285	65.560722
35	71	159	57.521564
36	71	832	48.790516
37	71	151	38.156685
38	71	833	38.640541
39	71	159	46.336021
40	71	819	43.853355
41	71	271	38.674267
42	71	247	50.539574
43	71	247	46.984436
44	71	248	35.801327
45	71	137	37.649765
46	71	294	56.685787
47	71	295	80.840775
48	71	296	102.87394
49	71	2	119.033478
50	71	779	134.83754
51	71	797	151.299088
52	71	159	166.972122
53	71	159	183.186264
54	71	294	198.466858
55	71	295	210.722015
56	71	797	229.166443
57	71	159	241.792053
58	71	265	241.758423
59	71	3	241.525635
60	71	264	245.894119
61	71	137	253.878693
62	71	159	261.662628
63	71	813	256.151428
64	71	824	261.516785
65	71	814	259.914642
66	71	833	260.194672
67	71	159	251.600861
68	71	159	255.471573
69	71	137	252.404449
70	71	159	246.776093
71	71	315	228.979797
72	71	834	230.972565
73	71	6	234.584122
74	71	7	246.698181
75	71	5	266.034241
76	71	31	264.64801
77	71	36	266.03537
78	71	129	261.973541
79	71	157	250.48024
80	71	221	238.580994
81	71	14	229.075577
82	71	14	225.651962
83	71	199	226.860443
84	71	28	231.90564
85	71	2	232.695343
86	71	1	236.016434
87	71	0	242.43187
88	71	0	247.573715
89	71	2	243.964111
90	71	2	242.981598
91	71	0	233.763855
92	71	779	206.084763
93	71	797	157.499603
94	71	137	89.046364
95	71	265	46.538216
96	71	1	33.526062
97	71	21	38.926353
98	71	15	49.34198
99	71	95	82.646988
100	71	28	127.569778
101	71	21	166.97287
102	71	14	195.652588
103	71	20	206.417435
104	71	1	207.548157
105	71	24	212.154984
106	71	41	207.748352
107	71	41	202.735519
108	71	28	205.062714
109	71	0	210.507935
110	71	835	219.414886
111	71	248	230.861435
112	71	836	235.091431
113	71	822	235.940918
114	71	822	227.157272
115	71	822	218.476746
116	71	796	210.737289
117	71	791	203.192291
118	71	822	198.25795
119	71	837	190.496643
120	71	346	181.606903
121	71	5	173.231949
122	71	167	165.041702
123	71	168	154.748184
124	71	5	142.890549
125	71	31	128.166794
126	71	756	111.727821
127	71	39	93.983665
128	71	838	0
0	72	839	0
1	72	824	109.107628
2	72	824	116.685318
3	72	814	125.753181
4	72	126	121.041405
5	72	840	103.69371
6	72	137	83.771484
7	72	137	71.5616
8	72	832	66.650963
9	72	100	81.865242
10	72	812	106.144608
11	72	800	116.695923
12	72	159	123.036339
13	72	137	119.995575
14	72	159	135.306595
15	72	159	161.771118
16	72	137	177.737854
17	72	159	179.883438
18	72	137	174.479355
19	72	510	169.783142
20	72	788	159.822571
21	72	789	145.693176
22	72	159	141.349014
23	72	159	148.111725
24	72	159	162.146484
25	72	159	168.729935
26	72	159	166.609131
27	72	510	160.268646
28	72	349	147.584808
29	72	326	136.474716
30	72	785	125.404701
31	72	137	118.779076
32	72	159	109.887306
33	72	159	99.576607
34	72	159	85.133095
35	72	813	71.405571
36	72	814	62.167233
37	72	833	49.817596
38	72	315	46.080475
39	72	834	56.954506
40	72	5	55.142616
41	72	5	50.17025
42	72	4	55.687702
43	72	264	63.099113
44	72	159	70.599869
45	72	137	75.2183
46	72	159	82.499489
47	72	294	96.807289
48	72	295	114.503494
49	72	797	127.21183
50	72	137	142.639435
51	72	159	159.715515
52	72	137	180.370453
53	72	159	189.975403
54	72	137	210.098724
55	72	159	226.307892
56	72	159	237.57402
57	72	265	243.388809
58	72	3	247.332748
59	72	271	246.182449
60	72	248	259.589722
61	72	137	268.025879
62	72	159	271.124573
63	72	159	262.997467
64	72	813	274.771088
65	72	826	273.27655
66	72	138	268.732574
67	72	841	263.278564
68	72	138	272.866943
69	72	841	281.353119
70	72	836	283.180908
71	72	842	265.469269
72	72	89	251.402039
73	72	568	244.292236
74	72	843	244.31543
75	72	50	262.818115
76	72	844	258.663879
77	72	122	266.74054
78	72	122	271.555206
79	72	36	269.962616
80	72	1	256.29364
81	72	2	248.582397
82	72	21	251.980942
83	72	20	258.92157
84	72	0	270.54837
85	72	0	280.748322
86	72	0	287.97287
87	72	2	293.461914
88	72	1	295.408752
89	72	1	289.106445
90	72	0	276.858582
91	72	783	257.737366
92	72	159	225.917999
93	72	137	170.839752
94	72	845	109.113548
95	72	846	62.852558
96	72	504	48.188084
97	72	21	43.31176
98	72	14	54.946831
99	72	20	86.594383
100	72	0	135.522705
101	72	0	180.610855
102	72	1	211.791519
103	72	0	235.771332
104	72	94	244.45845
105	72	177	244.193527
106	72	238	235.354355
107	72	180	219.683868
108	72	751	214.934235
109	72	32	211.555969
110	72	264	215.525284
111	72	159	221.790894
112	72	798	233.152252
113	72	799	245.247803
114	72	799	247.433548
115	72	799	236.811905
116	72	799	227.93959
117	72	800	221.044388
118	72	832	218.183334
119	72	847	215.964661
120	72	35	210.512695
121	72	5	204.614639
122	72	6	196.296448
123	72	30	182.244888
124	72	46	166.370834
125	72	222	149.657303
126	72	838	131.229523
127	72	848	111.051056
128	72	137	0
0	73	159	0
1	73	159	125.819221
2	73	813	136.663681
3	73	810	145.50441
4	73	797	144.350052
5	73	137	133.651276
6	73	137	122.215401
7	73	813	111.433266
8	73	824	102.085403
9	73	824	112.118233
10	73	826	135.368744
11	73	137	156.074219
12	73	159	155.822769
13	73	159	154.153534
14	73	137	173.15509
15	73	249	201.007019
16	73	526	219.451538
17	73	137	218.830551
18	73	510	215.354401
19	73	785	204.773941
20	73	159	189.896149
21	73	159	175.17421
22	73	137	172.696487
23	73	159	181.083557
24	73	137	194.374222
25	73	798	195.515762
26	73	849	186.446152
27	73	417	179.211411
28	73	788	169.365448
29	73	850	155.911682
30	73	248	145.716797
31	73	137	137.951447
32	73	159	127.055618
33	73	159	104.466301
34	73	137	89.930618
35	73	813	78.321899
36	73	826	64.508347
37	73	819	47.05463
38	73	4	48.01342
39	73	5	65.877472
40	73	5	67.297188
41	73	5	64.347862
42	73	264	70.290283
43	73	315	87.350533
44	73	247	106.346535
45	73	248	121.93367
46	73	159	116.424431
47	73	159	116.253029
48	73	159	127.844978
49	73	159	136.681702
50	73	137	149.289139
51	73	159	164.855331
52	73	137	188.282364
53	73	137	208.634277
54	73	137	216.306747
55	73	137	224.213058
56	73	265	238.25679
57	73	29	244.790848
58	73	7	245.529709
59	73	271	248.458237
60	73	248	263.420044
61	73	137	276.231567
62	73	159	277.29126
63	73	137	279.570862
64	73	159	291.843506
65	73	137	292.730591
66	73	138	291.165955
67	73	851	290.670013
68	73	852	298.37677
69	73	853	304.214386
70	73	854	299.329163
71	73	504	280.945343
72	73	94	264.381439
73	73	16	265.087341
74	73	208	264.466492
75	73	210	267.505096
76	73	843	278.26181
77	73	50	284.593292
78	73	855	289.377045
79	73	41	285.100983
80	73	28	279.540985
81	73	0	274.241241
82	73	0	274.844543
83	73	2	286.419708
84	73	1	306.869843
85	73	0	326.304138
86	73	1	333.642426
87	73	1	336.652924
88	73	1	334.197815
89	73	347	323.237061
90	73	784	306.943329
91	73	314	279.780457
92	73	159	240.91394
93	73	510	173.138901
94	73	349	119.350677
95	73	329	82.839363
96	73	0	56.489002
97	73	0	54.596157
98	73	2	60.531513
99	73	0	88.990044
100	73	1	137.613617
101	73	2	184.6436
102	73	2	218.481552
103	73	21	254.934708
104	73	219	271.5896
105	73	268	270.727631
106	73	156	260.242432
107	73	145	239.359253
108	73	5	226.015533
109	73	271	220.060379
110	73	247	217.228348
111	73	856	226.271072
112	73	808	234.459549
113	73	763	255.623047
114	73	857	257.577515
115	73	858	250.848541
116	73	859	238.012589
117	73	832	232.399582
118	73	610	236.38678
119	73	18	239.496918
120	73	6	237.161423
121	73	89	235.411331
122	73	2	227.395889
123	73	21	211.984833
124	73	860	191.601196
125	73	848	168.731567
126	73	137	147.55127
127	73	159	124.996254
128	73	137	0
0	74	137	0
1	74	137	140.073654
2	74	159	152.727356
3	74	159	158.154831
4	74	159	157.90918
5	74	137	153.098526
6	74	137	147.654938
7	74	137	140.92836
8	74	249	134.867386
9	74	526	146.629395
10	74	159	167.560837
11	74	249	192.927979
12	74	250	193.208939
13	74	250	193.46759
14	74	272	202.67337
15	74	787	223.346893
16	74	526	240.445404
17	74	510	246.698502
18	74	785	243.907257
19	74	159	235.562714
20	74	159	225.77916
21	74	159	215.314667
22	74	137	216.070313
23	74	137	221.940125
24	74	832	227.837738
25	74	833	228.384491
26	74	510	210.899475
27	74	861	196.630981
28	74	834	186.043503
29	74	862	173.911652
30	74	250	165.241486
31	74	526	154.485458
32	74	315	136.43309
33	74	247	112.988731
34	74	247	95.462738
35	74	247	80.07785
36	74	863	52.618816
37	74	30	40.549503
38	74	30	45.183895
39	74	7	71.74575
40	74	4	89.029152
41	74	271	92.299423
42	74	834	106.055519
43	74	4	116.666412
44	74	271	131.847015
45	74	248	144.69841
46	74	137	142.753052
47	74	137	137.35965
48	74	137	147.498093
49	74	159	153.60173
50	74	159	162.892136
51	74	137	174.194733
52	74	159	195.126389
53	74	159	210.823776
54	74	137	223.797745
55	74	265	225.649933
56	74	0	229.726822
57	74	3	235.52446
58	74	4	238.30014
59	74	264	240.562744
60	74	793	247.183121
61	74	314	255.501297
62	74	137	268.788635
63	74	159	268.85968
64	74	159	283.137726
65	74	159	297.315247
66	74	137	310.12677
67	74	137	314.313965
68	74	864	313.73764
69	74	865	310.057068
70	74	866	296.262146
71	74	867	285.702484
72	74	868	283.649109
73	74	868	292.534271
74	74	869	294.202057
75	74	870	291.850739
76	74	871	299.737152
77	74	872	311.680359
78	74	873	311.501129
79	74	20	306.21994
80	74	0	305.341705
81	74	1	305.746552
82	74	2	303.351898
83	74	0	312.161774
84	74	0	332.137299
85	74	2	348.988495
86	74	2	356.027985
87	74	0	361.370514
88	74	325	365.231262
89	74	326	356.410675
90	74	785	335.390869
91	74	137	303.661255
92	74	493	251.589691
93	74	417	182.119232
94	74	503	128.386398
95	74	504	90.993507
96	74	1	63.000191
97	74	0	52.171127
98	74	0	57.827126
99	74	42	83.687447
100	74	43	128.843903
101	74	320	178.62764
102	74	122	219.768402
103	74	507	264.877411
104	74	241	288.038116
105	74	16	290.509949
106	74	145	280.484985
107	74	5	261.606415
108	74	5	251.170181
109	74	4	238.986008
110	74	4	239.908218
111	74	5	237.213058
112	74	61	260.994904
113	74	787	276.536743
114	74	874	271.114227
115	74	271	262.415771
116	74	856	249.300095
117	74	615	243.228821
118	74	6	245.368637
119	74	89	252.207077
120	74	0	255.638763
121	74	1	257.630219
122	74	1	250.944839
123	74	783	234.895782
124	74	159	211.904831
125	74	159	186.689835
126	74	249	160.791122
127	74	250	134.960114
128	74	526	0
0	75	159	0
1	75	249	154.448059
2	75	526	164.496658
3	75	159	168.295181
4	75	159	167.596786
5	75	137	158.290863
6	75	249	159.421753
7	75	272	161.215759
8	75	787	158.255981
9	75	250	173.730667
10	75	272	196.078461
11	75	0	208.029968
12	75	1	204.154251
13	75	2	207.379547
14	75	0	215.933426
15	75	783	220.063004
16	75	510	233.404053
17	75	785	256.866028
18	75	137	253.263504
19	75	137	247.798279
20	75	137	242.751678
21	75	159	240.297684
22	75	159	244.257492
23	75	813	251.976028
24	75	826	252.289841
25	75	510	249.114349
26	75	875	235.01178
27	75	191	222.357773
28	75	876	206.98317
29	75	877	196.449844
30	75	878	192.802704
31	75	879	182.302963
32	75	880	152.41449
33	75	880	133.049866
34	75	880	101.655441
35	75	881	80.950935
36	75	877	49.128586
37	75	882	36.388695
38	75	883	47.307686
39	75	436	76.569336
40	75	436	104.671425
41	75	436	126.945656
42	75	436	145.276489
43	75	436	147.624512
44	75	884	150.722382
45	75	885	155.008621
46	75	886	157.680984
47	75	887	164.983444
48	75	526	180.962311
49	75	159	190.085297
50	75	137	198.350174
51	75	137	199.755783
52	75	137	208.217636
53	75	159	224.622223
54	75	265	235.657852
55	75	0	241.246719
56	75	29	251.4534
57	75	7	263.964691
58	75	862	264.285065
59	75	526	267.704346
60	75	159	274.799011
61	75	137	285.66684
62	75	137	276.881134
63	75	137	274.303314
64	75	159	292.329498
65	75	137	314.416168
66	75	159	320.755249
67	75	137	329.639709
68	75	137	321.871765
69	75	159	308.598022
70	75	137	301.722137
71	75	159	302.80249
72	75	159	312.435303
73	75	294	319.142639
74	75	794	319.119446
75	75	30	317.590515
76	75	89	322.604889
77	75	0	332.268036
78	75	0	331.737335
79	75	1	327.38858
80	75	1	331.079681
81	75	2	333.092926
82	75	2	333.306641
83	75	1	339.251678
84	75	1	353.834564
85	75	1	361.845337
86	75	1	369.554657
87	75	325	379.504486
88	75	632	386.221069
89	75	785	379.712555
90	75	137	357.257324
91	75	159	322.168915
92	75	510	266.122437
93	75	349	190.896667
94	75	888	132.761032
95	75	43	94.049477
96	75	44	69.208344
97	75	45	52.191589
98	75	889	50.491283
99	75	154	70.861092
100	75	633	116.172745
101	75	7	168.027618
102	75	4	217.976929
103	75	216	266.122467
104	75	508	294.466431
105	75	18	298.230835
106	75	5	292.136627
107	75	4	281.043243
108	75	5	266.905243
109	75	5	257.467773
110	75	6	265.941589
111	75	890	283.219788
112	75	295	292.125824
113	75	791	291.098907
114	75	842	284.70871
115	75	30	275.184174
116	75	30	261.134949
117	75	89	248.466736
118	75	1	247.286148
119	75	2	252.193619
120	75	0	258.93866
121	75	0	260.968964
122	75	787	254.42543
123	75	526	239.300781
124	75	249	221.203949
125	75	891	201.766891
126	75	877	175.758774
127	75	878	144.409241
128	75	892	0
0	76	893	0
1	76	878	161.607895
2	76	892	169.09314
3	76	894	167.588364
4	76	250	164.416824
5	76	272	160.865494
6	76	1	157.490891
7	76	0	162.14769
8	76	1	173.227844
9	76	2	174.003448
10	76	1	190.789063
11	76	0	199.085175
12	76	0	195.686462
13	76	2	199.677567
14	76	787	204.503006
15	76	895	205.992722
16	76	896	215.289337
17	76	137	223.919968
18	76	137	223.200439
19	76	137	227.074509
20	76	159	228.467896
21	76	159	227.790253
22	76	137	235.291367
23	76	159	247.216431
24	76	493	251.372177
25	76	417	251.041626
26	76	350	242.664078
27	76	897	236.856949
28	76	529	229.480713
29	76	524	219.105087
30	76	529	210.484146
31	76	529	203.821503
32	76	339	177.516357
33	76	529	145.748566
34	76	523	143.209641
35	76	523	102.833374
36	76	516	62.881824
37	76	517	48.22065
38	76	517	57.183907
39	76	517	84.260086
40	76	517	116.5364
41	76	517	152.169617
42	76	517	168.878311
43	76	898	178.060699
44	76	899	172.70462
45	76	900	170.691956
46	76	901	167.683212
47	76	902	180.976624
48	76	903	210.208893
49	76	903	225.328384
50	76	478	231.028961
51	76	159	225.105652
52	76	137	230.381302
53	76	265	244.212296
54	76	0	256.58902
55	76	2	269.173981
56	76	382	275.724731
57	76	904	288.889282
58	76	783	285.614563
59	76	159	282.221344
60	76	159	288.138519
61	76	137	293.547729
62	76	159	293.562683
63	76	137	300.2901
64	76	159	311.570007
65	76	159	323.209351
66	76	159	323.602997
67	76	137	330.442596
68	76	159	329.972137
69	76	137	329.265991
70	76	159	331.237183
71	76	137	330.905823
72	76	137	339.561035
73	76	265	344.374359
74	76	1	343.580597
75	76	2	338.697632
76	76	2	333.894989
77	76	0	341.471252
78	76	1	344.456482
79	76	0	341.809296
80	76	0	347.98111
81	76	2	351.268188
82	76	0	353.973511
83	76	1	359.246704
84	76	1	366.654785
85	76	0	370.763855
86	76	325	380.314514
87	76	632	392.046967
88	76	785	398.708008
89	76	159	393.215485
90	76	137	373.252655
91	76	493	337.542267
92	76	417	276.968414
93	76	905	196.771255
94	76	154	129.082626
95	76	101	93.247559
96	76	3	72.139305
97	76	216	56.050587
98	76	906	50.414845
99	76	732	68.228035
100	76	32	113.156586
101	76	4	164.727051
102	76	5	215.386932
103	76	4	260.423859
104	76	284	355.441132
105	76	823	358.974945
106	76	4	357.502747
107	76	5	354.032471
108	76	6	351.074493
109	76	89	348.898804
110	76	787	354.841217
111	76	250	362.380829
112	76	250	357.342499
113	76	891	292.615051
114	76	877	290.876801
115	76	877	280.806732
116	76	877	266.790863
117	76	877	249.863159
118	76	877	244.016006
119	76	877	245.584274
120	76	877	251.622513
121	76	877	252.28186
122	76	878	247.239899
123	76	893	238.316711
124	76	907	227.013565
125	76	529	211.907867
126	76	339	188.47731
127	76	523	156.674026
128	76	339	0
0	77	524	0
1	77	524	167.313339
2	77	908	174.354233
3	77	877	177.408737
4	77	877	175.884659
5	77	877	171.264618
6	77	877	168.824829
7	77	877	181.520813
8	77	877	172.128632
9	77	877	177.57486
10	77	877	195.856949
11	77	877	195.368958
12	77	877	199.107208
13	77	877	197.84523
14	77	909	200.981445
15	77	264	207.001389
16	77	137	209.620041
17	77	159	204.931183
18	77	159	201.973389
19	77	137	205.811981
20	77	159	205.606201
21	77	159	203.57222
22	77	159	212.266006
23	77	793	226.227661
24	77	532	234.447159
25	77	910	241.532455
26	77	911	243.740021
27	77	529	248.54631
28	77	522	246.115402
29	77	339	232.180298
30	77	529	221.908279
31	77	529	209.216415
32	77	339	194.641235
33	77	522	164.134659
34	77	524	156.774109
35	77	339	117.459114
36	77	522	79.361221
37	77	529	58.643406
38	77	522	61.599091
39	77	524	84.45472
40	77	529	123.555038
41	77	339	167.343948
42	77	339	169.561264
43	77	524	174.128342
44	77	339	193.110672
45	77	912	193.281387
46	77	913	194.843826
47	77	517	198.287155
48	77	517	228.00563
49	77	914	242.252548
50	77	159	250.71048
51	77	137	252.856979
52	77	265	250.622391
53	77	0	257.080597
54	77	0	266.554871
55	77	787	265.983856
56	77	915	277.499817
57	77	916	300.525421
58	77	917	297.686218
59	77	861	287.661194
60	77	248	288.494781
61	77	159	293.493958
62	77	159	294.67218
63	77	249	302.596039
64	77	250	310.620636
65	77	250	319.938782
66	77	918	329.77301
67	77	247	338.068115
68	77	247	341.915924
69	77	248	345.726868
70	77	137	351.270233
71	77	137	355.907593
72	77	294	357.589081
73	77	295	412.121246
74	77	296	408.901611
75	77	2	401.636169
76	77	779	396.979736
77	77	919	398.97052
78	77	0	403.224915
79	77	0	405.651855
80	77	2	356.501526
81	77	1	360.106354
82	77	0	363.199524
83	77	140	368.70694
84	77	920	370.706421
85	77	805	377.017975
86	77	349	386.470886
87	77	785	397.099426
88	77	159	402.956055
89	77	137	398.537811
90	77	793	382.229126
91	77	532	350.442139
92	77	921	281.734985
93	77	839	199.184875
94	77	810	126.846436
95	77	791	88.754097
96	77	823	69.738037
97	77	4	58.649239
98	77	5	61.772423
99	77	5	74.514885
100	77	4	114.590324
101	77	4	167.30513
102	77	4	213.771576
103	77	264	250.82814
104	77	819	341.356384
105	77	6	345.359924
106	77	30	346.124817
107	77	89	351.03183
108	77	0	356.657349
109	77	0	359.566742
110	77	922	359.240112
111	77	877	357.870758
112	77	907	351.442383
113	77	524	348.799957
114	77	522	354.882477
115	77	523	353.493103
116	77	522	345.547516
117	77	529	327.092682
118	77	523	314.788055
119	77	529	309.366852
120	77	339	311.403015
121	77	339	310.423096
122	77	339	308.093811
123	77	522	237.376373
124	77	339	228.438507
125	77	529	213.994217
126	77	524	191.188858
127	77	339	162.963516
128	77	339	0
0	78	339	0
1	78	522	181.213501
2	78	524	194.609451
3	78	522	202.862213
4	78	522	203.115707
5	78	524	195.676514
6	78	529	192.102524
7	78	339	199.497147
8	78	339	186.684296
9	78	523	185.595108
10	78	339	192.026169
11	78	523	204.126938
12	78	522	209.02536
13	78	923	212.730255
14	78	264	216.125565
15	78	137	219.412506
16	78	159	216.430054
17	78	137	207.575394
18	78	137	200.042099
19	78	159	199.720871
20	78	137	199.193451
21	78	249	198.880478
22	78	924	199.885834
23	78	326	206.031189
24	78	9	215.57251
25	78	509	227.001053
26	78	339	242.90358
27	78	524	252.284637
28	78	529	251.327499
29	78	523	238.799377
30	78	529	231.10437
31	78	339	214.119125
32	78	524	201.363815
33	78	522	173.096329
34	78	339	162.509933
35	78	524	123.381104
36	78	523	85.072975
37	78	523	54.616516
38	78	339	54.694874
39	78	339	84.581299
40	78	523	128.043243
41	78	523	172.482803
42	78	339	188.905655
43	78	339	183.979797
44	78	529	197.704697
45	78	524	203.83989
46	78	522	211.774567
47	78	522	226.304138
48	78	925	240.440994
49	78	159	248.285202
50	78	159	255.47998
51	78	265	264.020477
52	78	2	262.972595
53	78	2	262.235291
54	78	0	272.502289
55	78	3	283.902771
56	78	271	295.728882
57	78	247	305.050629
58	78	834	303.269043
59	78	926	295.272491
60	78	927	297.795135
61	78	247	299.390076
62	78	928	297.444885
63	78	122	359.3815
64	78	122	366.783112
65	78	32	376.8685
66	78	284	386.713501
67	78	823	398.993896
68	78	271	404.673187
69	78	247	407.532227
70	78	248	411.166809
71	78	137	412.658539
72	78	137	413.962158
73	78	294	408.274414
74	78	295	408.328217
75	78	797	406.770996
76	78	294	403.516327
77	78	296	403.675446
78	78	140	405.678711
79	78	56	406.826294
80	78	919	407.6698
81	78	2	410.297852
82	78	929	412.951508
83	78	930	419.189453
84	78	924	422.031616
85	78	632	431.967682
86	78	785	445.74234
87	78	798	453.895142
88	78	800	457.940491
89	78	510	456.820007
90	78	931	442.857178
91	78	932	415.703369
92	78	137	290.684998
93	78	137	202.266541
94	78	159	125.076118
95	78	836	82.781769
96	78	822	69.116661
97	78	823	64.028053
98	78	5	65.069855
99	78	4	82.471443
100	78	284	115.484879
101	78	823	169.005234
102	78	264	212.84346
103	78	933	247.901382
104	78	934	333.994659
105	78	935	341.943878
106	78	0	344.286133
107	78	922	347.385284
108	78	877	361.128479
109	78	907	371.928314
110	78	522	370.773132
111	78	529	363.258026
112	78	339	354.13385
113	78	529	348.474915
114	78	522	355.974091
115	78	529	358.004822
116	78	339	357.824219
117	78	529	340.360657
118	78	523	327.19104
119	78	523	318.536835
120	78	339	317.838043
121	78	524	320.065338
122	78	339	311.868652
123	78	524	299.640717
124	78	524	289.390869
125	78	529	275.763641
126	78	522	254.697067
127	78	524	229.985245
128	78	529	0
0	79	339	0
1	79	524	197.808868
2	79	529	220.641495
3	79	529	229.806168
4	79	529	231.162704
5	79	522	223.569717
6	79	524	213.374649
7	79	529	212.916489
8	79	524	205.974014
9	79	522	196.710541
10	79	524	211.482086
11	79	339	217.615891
12	79	936	217.851852
13	79	306	225.221588
14	79	793	228.235153
15	79	314	225.597717
16	79	137	218.64093
17	79	159	212.20784
18	79	159	205.344086
19	79	159	200.435806
20	79	294	198.20459
21	79	805	202.919357
22	79	632	202.543213
23	79	9	201.705139
24	79	509	203.455521
25	79	522	212.742767
26	79	529	230.222519
27	79	339	244.280502
28	79	524	244.252869
29	79	524	238.772232
30	79	522	237.339706
31	79	529	221.781998
32	79	529	208.761154
33	79	523	182.67041
34	79	522	167.814362
35	79	523	127.711487
36	79	529	89.508202
37	79	523	58.489807
38	79	524	54.432381
39	79	524	80.458549
40	79	529	125.559273
41	79	523	182.30397
42	79	524	220.367004
43	79	529	217.494461
44	79	937	211.108658
45	79	938	209.980606
46	79	524	223.115295
47	79	925	237.576355
48	79	159	248.96376
49	79	159	253.585114
50	79	939	261.289673
51	79	940	269.953857
52	79	941	279.78299
53	79	374	283.158295
54	79	29	287.418518
55	79	30	288.548981
56	79	30	294.314606
57	79	7	302.796509
58	79	6	373.613922
59	79	7	369.722015
60	79	4	370.889099
61	79	5	370.240631
62	79	6	373.395447
63	79	942	367.795044
64	79	822	373.775574
65	79	943	379.399628
66	79	944	385.610291
67	79	822	399.871216
68	79	822	411.128754
69	79	285	413.405518
70	79	137	409.740723
71	79	315	408.083649
72	79	248	411.293884
73	79	137	408.513062
74	79	159	412.882446
75	79	159	417.783325
76	79	294	414.654358
77	79	945	411.191437
78	79	851	411.400177
79	79	946	412.681763
80	79	1	411.26236
81	79	947	411.97052
82	79	117	414.310822
83	79	325	421.636505
84	79	788	425.136719
85	79	789	437.66153
86	79	832	454.863953
87	79	833	464.164124
88	79	510	467.036896
89	79	349	465.544128
90	79	785	455.039124
91	79	137	426.169342
92	79	159	358.408508
93	79	159	209.530945
94	79	159	121.4366
95	79	137	77.535995
96	79	836	71.732513
97	79	822	67.858932
98	79	822	64.072418
99	79	285	77.991783
100	79	836	118.502426
101	79	948	173.643661
102	79	949	218.210236
103	79	529	247.050201
104	79	908	333.922821
105	79	877	339.618713
106	79	907	340.794769
107	79	529	340.260925
108	79	529	354.158386
109	79	522	363.368652
110	79	524	360.945679
111	79	524	357.938538
112	79	339	355.830872
113	79	339	354.995056
114	79	523	361.006744
115	79	523	362.836395
116	79	339	359.262299
117	79	522	341.832611
118	79	523	327.479767
119	79	529	320.158264
120	79	529	325.444672
121	79	339	321.943115
122	79	523	313.698486
123	79	524	303.351776
124	79	523	286.012268
125	79	523	268.430695
126	79	524	249.666138
127	79	524	228.948242
128	79	524	0
0	80	529	0
1	80	523	215.247009
2	80	523	236.777939
3	80	522	246.164749
4	80	339	246.344788
5	80	522	241.852539
6	80	523	235.764099
7	80	523	229.909576
8	80	524	226.416595
9	80	524	222.854736
10	80	950	228.022293
11	80	951	232.548645
12	80	313	228.848724
13	80	952	228.240723
14	80	789	224.481705
15	80	137	223.873917
16	80	159	216.824799
17	80	159	210.371918
18	80	249	205.78093
19	80	250	200.182693
20	80	924	200.145599
21	80	349	205.41124
22	80	953	204.742325
23	80	954	198.64476
24	80	522	191.954315
25	80	522	198.645782
26	80	339	218.083649
27	80	523	228.550766
28	80	522	234.906006
29	80	522	235.361893
30	80	524	237.326645
31	80	529	232.07106
32	80	529	220.310272
33	80	529	203.3228
34	80	522	177.424271
35	80	339	140.597153
36	80	524	104.504997
37	80	524	68.374001
38	80	523	56.89502
39	80	955	83.525642
40	80	956	126.145988
41	80	672	179.04158
42	80	529	212.494339
43	80	339	216.150406
44	80	522	213.856415
45	80	523	215.085266
46	80	925	225.535126
47	80	137	242.194809
48	80	137	255.000534
49	80	957	262.812134
50	80	913	272.206146
51	80	517	275.366882
52	80	898	287.202545
53	80	877	296.657257
54	80	941	310.141693
55	80	941	341.010498
56	80	883	371.508636
57	80	934	376.955444
58	80	883	374.98056
59	80	436	371.477081
60	80	958	370.286957
61	80	89	368.725067
62	80	783	369.41864
63	80	159	376.849396
64	80	159	372.096222
65	80	137	376.483459
66	80	137	383.370544
67	80	137	397.987915
68	80	159	410.329376
69	80	159	412.298248
70	80	819	410.269287
71	80	264	407.844055
72	80	159	406.830048
73	80	137	403.780853
74	80	159	410.400146
75	80	137	418.824585
76	80	249	418.221588
77	80	250	415.328003
78	80	272	416.542358
79	80	1	417.636963
80	80	1	414.90741
81	80	2	412.04538
82	80	325	415.251678
83	80	785	421.189758
84	80	159	423.082031
85	80	813	435.365753
86	80	826	452.581604
87	80	510	462.308044
88	80	326	464.479584
89	80	959	462.097137
90	80	960	450.85202
91	80	961	419.232452
92	80	961	365.0047
93	80	961	220.601807
94	80	961	131.324692
95	80	962	78.22065
96	80	159	74.756012
97	80	137	66.891083
98	80	963	59.339233
99	80	903	68.366165
100	80	964	112.566292
101	80	518	162.600143
102	80	339	215.411758
103	80	529	248.391907
104	80	523	337.811646
105	80	524	347.56485
106	80	529	341.404633
107	80	339	335.867676
108	80	522	341.899811
109	80	523	346.741943
110	80	524	347.3591
111	80	524	356.83316
112	80	524	359.566223
113	80	339	362.645935
114	80	523	366.72171
115	80	522	364.358643
116	80	965	358.374054
117	80	966	335.515564
118	80	967	318.364624
119	80	967	318.445129
120	80	968	325.081573
121	80	522	322.639038
122	80	339	313.191193
123	80	524	302.627167
124	80	524	285.458649
125	80	529	262.588287
126	80	969	243.347107
127	80	967	226.458984
128	80	970	0
0	81	971	0
1	81	972	227.209473
2	81	475	249.179169
3	81	967	259.238556
4	81	967	258.270111
5	81	967	257.044281
6	81	967	258.849457
7	81	967	253.558823
8	81	973	251.904144
9	81	974	242.969589
10	81	975	237.007202
11	81	788	235.98703
12	81	789	236.829865
13	81	137	223.414673
14	81	159	218.429123
15	81	137	220.103119
16	81	159	217.818115
17	81	294	211.080917
18	81	780	208.837158
19	81	348	205.03476
20	81	349	204.805695
21	81	976	206.389084
22	81	977	207.378281
23	81	529	200.71611
24	81	529	190.387909
25	81	523	195.62822
26	81	529	209.434464
27	81	978	221.306747
28	81	979	231.914871
29	81	523	238.206406
30	81	522	236.994995
31	81	339	238.034958
32	81	339	232.000488
33	81	522	221.365646
34	81	523	192.072144
35	81	529	154.546417
36	81	628	113.099152
37	81	518	64.976646
38	81	980	52.172043
39	81	7	85.130165
40	81	981	132.451645
41	81	982	171.310547
42	81	983	202.935547
43	81	984	212.246277
44	81	985	215.711975
45	81	986	218.694016
46	81	137	229.040558
47	81	137	248.264618
48	81	529	260.837189
49	81	339	269.723053
50	81	339	276.613251
51	81	522	279.641693
52	81	524	286.764893
53	81	517	296.302521
54	81	339	340.089844
55	81	524	368.478119
56	81	529	372.96283
57	81	523	376.020111
58	81	522	375.383209
59	81	987	369.376617
60	81	877	366.203674
61	81	988	362.960175
62	81	903	362.452301
63	81	903	358.395599
64	81	903	366.276886
65	81	903	370.924072
66	81	903	374.845184
67	81	903	387.18457
68	81	989	397.649506
69	81	990	341.335602
70	81	991	338.637787
71	81	478	337.964386
72	81	137	338.420837
73	81	249	390.948822
74	81	250	397.737427
75	81	272	407.86322
76	81	1	411.228333
77	81	0	413.599304
78	81	2	418.069244
79	81	0	366.53244
80	81	2	362.199097
81	81	325	358.585724
82	81	785	357.849457
83	81	137	359.354218
84	81	137	363.283966
85	81	137	371.799133
86	81	510	384.656769
87	81	632	393.431793
88	81	992	393.769257
89	81	993	388.502136
90	81	994	377.978149
91	81	994	350.350555
92	81	994	295.63681
93	81	994	216.379623
94	81	995	133.366882
95	81	903	69.138931
96	81	996	59.956348
97	81	997	60.30743
98	81	522	52.443821
99	81	339	54.04578
100	81	339	92.000633
101	81	529	142.373581
102	81	339	197.45842
103	81	529	243.470627
104	81	529	342.175323
105	81	524	350.377625
106	81	937	347.474243
107	81	522	344.714996
108	81	339	343.678894
109	81	998	340.369324
110	81	999	346.734833
111	81	967	359.333618
112	81	967	364.038696
113	81	967	367.417755
114	81	967	364.889771
115	81	1000	362.922516
116	81	1001	352.621918
117	81	159	328.45047
118	81	159	309.494171
119	81	1002	249.455048
120	81	967	257.537231
121	81	1003	256.926788
122	81	1004	246.033524
123	81	1005	230.758224
124	81	1006	215.560287
125	81	1001	194.37822
126	81	315	174.583603
127	81	834	157.39415
128	81	264	0
0	82	159	0
1	82	137	311.054382
2	82	159	333.001862
3	82	159	343.666473
4	82	159	343.223907
5	82	159	335.492523
6	82	159	256.119141
7	82	493	259.906128
8	82	1007	265.159393
9	82	686	264.921448
10	82	785	261.545502
11	82	137	256.90152
12	82	137	243.54892
13	82	137	232.488052
14	82	159	230.354919
15	82	137	226.756546
16	82	159	219.364456
17	82	1008	216.067215
18	82	312	215.877884
19	82	632	217.015778
20	82	992	214.08548
21	82	1009	213.426468
22	82	522	209.587662
23	82	524	207.70668
24	82	978	203.911804
25	82	1010	206.412048
26	82	1011	217.236908
27	82	1012	227.553345
28	82	967	235.883026
29	82	967	243.05751
30	82	967	241.305679
31	82	967	236.82988
32	82	967	239.912323
33	82	967	238.98793
34	82	967	206.689026
35	82	1003	163.562332
36	82	1013	117.925018
37	82	369	67.84156
38	82	29	52.780487
39	82	89	89.645546
40	82	3	134.034119
41	82	31	164.612274
42	82	36	189.464706
43	82	21	208.185974
44	82	1014	217.148438
45	82	526	221.625641
46	82	159	234.084015
47	82	522	249.731781
48	82	523	260.902771
49	82	522	270.354034
50	82	522	276.406067
51	82	522	277.188629
52	82	524	276.544037
53	82	522	288.090637
54	82	523	357.693573
55	82	524	364.015808
56	82	523	372.8526
57	82	523	376.425476
58	82	339	373.252563
59	82	1015	363.087006
60	82	1016	356.243378
61	82	628	350.77829
62	82	517	276.906097
63	82	706	283.405121
64	82	339	294.824493
65	82	523	300.636139
66	82	524	301.37735
67	82	524	309.307068
68	82	524	319.595215
69	82	517	323.286926
70	82	1017	322.274048
71	82	1018	323.827026
72	82	1019	324.95401
73	82	941	324.093201
74	82	941	331.13559
75	82	877	339.523865
76	82	941	346.139954
77	82	941	351.515137
78	82	1020	359.703156
79	82	919	365.631927
80	82	1021	363.235657
81	82	789	359.337708
82	82	137	356.561127
83	82	137	352.896454
84	82	137	352.233673
85	82	510	354.896088
86	82	326	361.540588
87	82	1022	368.095917
88	82	339	369.215607
89	82	529	367.279053
90	82	524	358.130066
91	82	529	336.312286
92	82	524	272.509827
93	82	529	200.629929
94	82	517	128.516846
95	82	523	68.629738
96	82	522	44.506721
97	82	524	48.295895
98	82	524	43.722069
99	82	522	50.112396
100	82	522	79.489304
101	82	522	128.835297
102	82	522	183.502609
103	82	529	235.06839
104	82	1023	340.425964
105	82	523	353.087128
106	82	522	352.624054
107	82	1024	351.41272
108	82	1025	348.206818
109	82	797	276.327393
110	82	159	285.518097
111	82	137	297.417267
112	82	159	303.996277
113	82	159	302.854614
114	82	137	297.527557
115	82	159	294.233673
116	82	159	283.118103
117	82	159	260.348755
118	82	137	243.821762
119	82	159	248.229446
120	82	137	253.377716
121	82	137	250.673889
122	82	137	238.662781
123	82	159	221.472931
124	82	159	207.663391
125	82	819	190.644211
126	82	4	170.757919
127	82	264	158.606049
128	82	137	0
0	83	137	0
1	83	137	314.90274
2	83	159	336.505066
3	83	315	343.377167
4	83	247	334.369415
5	83	248	321.188873
6	83	137	314.612518
7	83	510	310.489105
8	83	349	310.120819
9	83	785	315.547485
10	83	137	327.910217
11	83	137	328.234222
12	83	1026	322.719635
13	83	1027	234.493057
14	83	137	228.779282
15	83	137	223.214706
16	83	294	222.897751
17	83	805	220.06601
18	83	632	215.916718
19	83	1028	212.694946
20	83	1029	213.662811
21	83	1030	208.168625
22	83	984	203.876938
23	83	362	209.039352
24	83	45	209.411819
25	83	32	214.516586
26	83	264	225.268478
27	83	159	235.548111
28	83	137	242.785797
29	83	137	242.545013
30	83	137	238.999557
31	83	159	233.039337
32	83	137	234.705582
33	83	159	235.396912
34	83	249	202.898605
35	83	272	163.276703
36	83	45	119.331261
37	83	122	75.107285
38	83	122	64.895775
39	83	32	91.812088
40	83	72	128.506897
41	83	1031	163.209625
42	83	846	266.852264
43	83	504	284.772858
44	83	783	293.148102
45	83	137	303.617188
46	83	522	314.46524
47	83	523	320.345215
48	83	529	255.174225
49	83	522	264.48056
50	83	339	270.848663
51	83	523	341.353882
52	83	529	342.149017
53	83	522	340.877838
54	83	523	351.338287
55	83	524	360.629486
56	83	522	367.267426
57	83	1032	370.094177
58	83	1033	364.617401
59	83	1032	352.773193
60	83	1033	342.033142
61	83	524	265.66629
62	83	1034	260.963226
63	83	1035	264.639862
64	83	518	275.793365
65	83	529	281.814117
66	83	524	283.044556
67	83	522	286.064514
68	83	529	295.712189
69	83	529	301.812073
70	83	524	304.639587
71	83	517	309.348083
72	83	529	313.775604
73	83	529	314.304199
74	83	339	320.608582
75	83	517	329.838928
76	83	524	336.041534
77	83	522	343.412811
78	83	1036	352.290253
79	83	797	358.321777
80	83	137	360.676331
81	83	137	357.774933
82	83	137	353.279907
83	83	159	346.380249
84	83	510	344.328339
85	83	349	342.60672
86	83	1022	341.806793
87	83	522	342.691956
88	83	529	346.520691
89	83	339	348.034607
90	83	339	338.779297
91	83	523	313.243896
92	83	522	258.336639
93	83	529	185.468002
94	83	522	122.302376
95	83	529	71.565247
96	83	523	38.604511
97	83	524	37.105801
98	83	529	36.238022
99	83	529	46.408379
100	83	524	77.218964
101	83	523	123.235924
102	83	339	178.389313
103	83	978	228.801483
104	83	1010	267.540283
105	83	999	285.782776
106	83	187	289.712891
107	83	137	288.411072
108	83	137	280.011536
109	83	137	275.690826
110	83	159	284.951477
111	83	137	292.382843
112	83	159	296.546021
113	83	137	290.005524
114	83	159	285.087952
115	83	137	284.755737
116	83	159	274.880524
117	83	137	259.379486
118	83	137	249.964111
119	83	137	252.28389
120	83	315	248.118835
121	83	247	239.354507
122	83	247	226.947357
123	83	247	208.934067
124	83	834	194.693054
125	83	4	185.649292
126	83	271	174.573776
127	83	248	166.677475
128	83	315	0
0	84	248	0
1	84	159	323.013367
2	84	819	333.240906
3	84	4	331.689026
4	84	264	318.897552
5	84	793	306.152252
6	84	532	298.132446
7	84	326	293.394012
8	84	313	286.937958
9	84	1037	293.050476
10	84	1037	300.417267
11	84	1038	307.373962
12	84	1039	310.812866
13	84	1040	307.065735
14	84	1027	295.35675
15	84	159	285.492584
16	84	510	280.988037
17	84	632	283.313049
18	84	326	278.602997
19	84	632	275.992523
20	84	503	274.98468
21	84	1041	265.042358
22	84	122	265.734772
23	84	32	265.029358
24	84	5	266.837616
25	84	271	276.300507
26	84	247	220.813477
27	84	248	230.253311
28	84	159	234.871002
29	84	159	234.80188
30	84	159	232.831375
31	84	159	227.380692
32	84	315	223.420151
33	84	928	213.664383
34	84	122	181.563461
35	84	32	143.269547
36	84	704	102.639038
37	84	1042	68.211029
38	84	60	62.948467
39	84	1043	85.435272
40	84	1044	118.655838
41	84	326	161.279755
42	84	329	271.136627
43	84	783	294.85025
44	84	137	304.967865
45	84	529	311.343109
46	84	339	318.024597
47	84	529	320.174988
48	84	339	320.809967
49	84	529	327.186462
50	84	523	333.724304
51	84	524	333.505005
52	84	522	329.854889
53	84	524	337.137878
54	84	523	347.832458
55	84	522	353.851318
56	84	529	357.183533
57	84	523	358.555054
58	84	523	353.41507
59	84	339	344.197784
60	84	339	262.082397
61	84	1032	256.304443
62	84	1033	254.26297
63	84	524	255.689453
64	84	529	262.784698
65	84	529	265.52774
66	84	524	265.34201
67	84	523	266.816162
68	84	524	275.568451
69	84	523	282.229645
70	84	522	288.134125
71	84	339	295.183502
72	84	524	302.389099
73	84	529	305.287872
74	84	522	310.198151
75	84	523	318.971954
76	84	522	326.226501
77	84	950	333.573822
78	84	313	341.861206
79	84	314	348.049072
80	84	249	350.729828
81	84	526	348.188263
82	84	137	342.833801
83	84	510	335.43161
84	84	632	331.744751
85	84	1022	325.122253
86	84	524	309.101654
87	84	339	300.520874
88	84	529	305.62674
89	84	524	320.620605
90	84	522	317.159302
91	84	524	288.406647
92	84	529	246.021332
93	84	339	176.768295
94	84	524	111.359047
95	84	523	69.502808
96	84	524	41.916843
97	84	524	30.333857
98	84	524	34.920338
99	84	339	51.763233
100	84	524	84.5429
101	84	978	122.214935
102	84	369	174.439667
103	84	779	220.532089
104	84	797	256.713257
105	84	159	276.844666
106	84	159	284.997711
107	84	137	283.630371
108	84	137	276.7388
109	84	793	277.0177
110	84	1037	280.583557
111	84	1037	282.009094
112	84	1037	282.726593
113	84	1045	275.889221
114	84	247	275.956299
115	84	316	273.857544
116	84	314	263.223419
117	84	159	255.154221
118	84	315	254.042267
119	84	834	257.118134
120	84	5	254.937088
121	84	5	239.500244
122	84	4	219.014664
123	84	5	192.166168
124	84	4	177.170059
125	84	4	175.828568
126	84	264	177.841843
127	84	836	165.839767
128	84	285	0
0	85	315	0
1	85	834	335.952515
2	85	4	336.382385
3	85	1046	325.906616
4	85	1047	310.58078
5	85	641	295.981812
6	85	1048	292.560791
7	85	632	289.988373
8	85	349	288.439941
9	85	788	289.81723
10	85	789	294.038269
11	85	1049	302.322144
12	85	1050	306.603973
13	85	1051	302.79776
14	85	1037	291.991577
15	85	532	281.532806
16	85	632	282.556488
17	85	632	284.976563
18	85	349	283.037323
19	85	632	271.358154
20	85	350	267.462433
21	85	5	265.106232
22	85	5	255.445145
23	85	6	259.604584
24	85	7	266.945984
25	85	5	278.653564
26	85	271	291.264221
27	85	247	300.675079
28	85	247	305.723083
29	85	247	305.625519
30	85	247	299.762238
31	85	834	290.568512
32	85	4	281.022461
33	85	5	264.386108
34	85	6	167.655777
35	85	1052	129.820084
36	85	931	91.137848
37	85	1053	61.902008
38	85	1054	60.617115
39	85	1055	78.211205
40	85	511	109.15007
41	85	352	156.857529
42	85	783	272.039856
43	85	159	305.64032
44	85	522	315.222107
45	85	524	318.277344
46	85	524	326.491394
47	85	522	330.483704
48	85	522	331.776459
49	85	523	334.840118
50	85	522	335.793182
51	85	523	333.054077
52	85	529	328.793579
53	85	523	339.778168
54	85	339	352.145477
55	85	339	356.248505
56	85	523	354.661774
57	85	529	354.303802
58	85	339	349.344757
59	85	523	272.644135
60	85	524	266.631287
61	85	339	262.337372
62	85	524	259.28772
63	85	529	256.790466
64	85	529	259.599854
65	85	524	263.208099
66	85	339	261.257904
67	85	529	262.65741
68	85	522	266.168121
69	85	339	270.561279
70	85	529	274.68045
71	85	339	280.337036
72	85	523	287.256592
73	85	339	292.245697
74	85	529	297.198303
75	85	524	304.639587
76	85	1056	313.856934
77	85	326	323.406586
78	85	785	329.319427
79	85	265	335.767853
80	85	783	338.012238
81	85	137	335.55368
82	85	510	329.346527
83	85	632	323.298462
84	85	1022	316.157043
85	85	524	299.734589
86	85	524	274.861267
87	85	339	257.845245
88	85	339	264.895691
89	85	529	287.06781
90	85	524	292.115326
91	85	524	268.482605
92	85	524	233.890793
93	85	529	176.647919
94	85	339	115.348457
95	85	339	73.067978
96	85	523	52.489262
97	85	978	37.277668
98	85	1010	38.507679
99	85	1010	63.119102
100	85	369	99.415535
101	85	779	129.177612
102	85	797	169.908157
103	85	159	206.926666
104	85	137	240.749802
105	85	793	259.434265
106	85	1037	269.886475
107	85	1037	273.971161
108	85	532	276.514771
109	85	632	281.117096
110	85	349	274.040405
111	85	632	265.442322
112	85	875	261.047485
113	85	305	260.438904
114	85	686	261.460999
115	85	313	254.513977
116	85	1037	248.732513
117	85	327	249.005463
118	85	284	252.474716
119	85	822	255.129028
120	85	823	253.977432
121	85	4	236.641418
122	85	284	207.464294
123	85	822	170.703415
124	85	842	149.882782
125	85	1057	152.865311
126	85	159	161.101685
127	85	159	153.643234
128	85	819	0
0	86	4	0
1	86	4	344.010712
2	86	1058	337.713867
3	86	299	321.2435
4	86	808	304.694153
5	86	1059	289.612
6	86	632	286.672821
7	86	349	289.790009
8	86	785	290.587341
9	86	793	293.125244
10	86	1060	294.737457
11	86	1061	302.706146
12	86	532	308.02832
13	86	632	302.590424
14	86	511	289.729004
15	86	363	284.946472
16	86	363	292.455872
17	86	312	293.855927
18	86	349	287.239105
19	86	875	277.040039
20	86	305	272.927582
21	86	305	274.82782
22	86	1062	268.493774
23	86	1063	274.375763
24	86	305	280.89447
25	86	191	289.93335
26	86	4	299.542511
27	86	4	305.542969
28	86	5	308.30835
29	86	5	306.095947
30	86	4	299.512482
31	86	5	291.211517
32	86	704	278.738556
33	86	1062	262.88382
34	86	348	159.138336
35	86	326	124.858856
36	86	1064	88.785072
37	86	1065	61.14262
38	86	1066	58.004005
39	86	352	76.659912
40	86	2	107.080048
41	86	783	150.28009
42	86	159	270.489014
43	86	339	305.883636
44	86	339	317.114899
45	86	523	323.264313
46	86	339	333.754364
47	86	524	340.05545
48	86	937	345.182892
49	86	1015	347.561462
50	86	522	343.951874
51	86	339	339.124481
52	86	523	334.776428
53	86	522	341.726959
54	86	523	351.674652
55	86	522	355.006775
56	86	523	353.234497
57	86	339	353.1492
58	86	522	280.446686
59	86	524	278.0289
60	86	339	273.144745
61	86	523	266.923553
62	86	339	260.52179
63	86	523	256.65976
64	86	529	255.269806
65	86	523	254.487686
66	86	1067	254.036713
67	86	1068	255.774368
68	86	523	256.256195
69	86	339	258.412506
70	86	339	262.267334
71	86	524	266.161011
72	86	339	270.680054
73	86	339	276.580139
74	86	522	281.832794
75	86	1056	291.330261
76	86	349	301.549561
77	86	785	309.412262
78	86	294	315.601868
79	86	797	319.365143
80	86	137	319.761719
81	86	510	317.915894
82	86	349	314.315491
83	86	1022	309.172974
84	86	339	299.41037
85	86	524	278.432648
86	86	522	249.960739
87	86	529	227.635391
88	86	524	230.946228
89	86	529	249.953262
90	86	339	257.224426
91	86	522	242.705994
92	86	524	221.613449
93	86	529	182.235504
94	86	523	134.270233
95	86	522	94.657959
96	86	605	63.812912
97	86	779	39.140797
98	86	295	37.904751
99	86	295	54.052773
100	86	797	87.091583
101	86	137	128.527023
102	86	137	163.698807
103	86	159	191.315979
104	86	510	216.359131
105	86	326	233.219574
106	86	1069	244.236649
107	86	1055	254.41272
108	86	349	263.74472
109	86	632	268.542511
110	86	349	263.046478
111	86	326	247.20015
112	86	349	240.706009
113	86	511	235.327469
114	86	363	240.437439
115	86	1070	243.145844
116	86	1071	240.415039
117	86	1072	240.941452
118	86	918	241.972885
119	86	834	246.492462
120	86	284	244.942749
121	86	285	226.859924
122	86	137	189.016708
123	86	294	147.675079
124	86	797	120.5411
125	86	249	127.449036
126	86	250	137.058716
127	86	1073	136.487183
128	86	7	0
0	87	4	0
1	87	31	338.243683
2	87	32	334.693634
3	87	704	324.772369
4	87	686	308.733002
5	87	632	293.640808
6	87	326	291.059784
7	87	785	294.861115
8	87	1074	295.826721
9	87	1075	298.396729
10	87	532	304.081329
11	87	1076	309.977997
12	87	1077	313.487854
13	87	352	306.560028
14	87	2	293.584564
15	87	1	292.815887
16	87	124	300.192841
17	87	312	299.65097
18	87	632	292.417389
19	87	632	286.705963
20	87	511	285.246674
21	87	312	289.771057
22	87	349	283.73587
23	87	632	289.087738
24	87	1078	291.349579
25	87	46	295.602295
26	87	73	304.469177
27	87	46	309.834106
28	87	73	309.300507
29	87	1079	304.544037
30	87	1080	298.174988
31	87	1081	291.114227
32	87	1082	284.177307
33	87	1055	268.320709
34	87	326	157.626617
35	87	1083	120.620232
36	87	1084	89.850586
37	87	1085	64.570045
38	87	0	59.170498
39	87	1	78.236008
40	87	783	107.757156
41	87	137	150.140381
42	87	523	271.490387
43	87	339	300.109985
44	87	339	312.195343
45	87	1023	322.782349
46	87	522	335.253784
47	87	523	343.815582
48	87	523	348.118408
49	87	522	346.800507
50	87	523	342.803589
51	87	1086	341.630829
52	87	522	339.956085
53	87	339	345.757141
54	87	524	352.978638
55	87	522	283.333008
56	87	523	295.122009
57	87	523	283.304138
58	87	523	280.998871
59	87	522	278.402191
60	87	529	273.320648
61	87	522	266.663452
62	87	523	257.397766
63	87	523	250.562317
64	87	524	245.777588
65	87	1087	238.784882
66	87	1088	237.603134
67	87	522	241.035858
68	87	524	241.646805
69	87	522	241.987701
70	87	523	243.403275
71	87	524	245.116394
72	87	529	247.770172
73	87	522	252.300476
74	87	1056	258.756012
75	87	326	269.153564
76	87	785	277.99762
77	87	159	285.810425
78	87	159	292.755493
79	87	137	295.672363
80	87	510	295.999329
81	87	632	296.254181
82	87	1022	294.542389
83	87	978	288.42691
84	87	1089	278.254425
85	87	1090	256.965637
86	87	1010	223.872299
87	87	1010	200.267746
88	87	1010	199.568283
89	87	1010	211.072968
90	87	1089	217.024277
91	87	1090	212.68837
92	87	1089	202.206879
93	87	956	181.584793
94	87	956	142.32309
95	87	1091	93.995903
96	87	783	58.525272
97	87	793	39.125282
98	87	1037	29.64415
99	87	1037	32.331051
100	87	1037	57.387054
101	87	314	101.735687
102	87	793	137.579193
103	87	1092	167.404724
104	87	1082	191.664948
105	87	1093	204.927963
106	87	1094	214.596176
107	87	975	223.355865
108	87	336	228.694183
109	87	975	234.274536
110	87	511	231.911835
111	87	363	215.732529
112	87	352	213.544342
113	87	2	223.016083
114	87	29	236.963074
115	87	89	240.914612
116	87	0	238.300674
117	87	29	227.241577
118	87	30	218.661606
119	87	1072	214.84346
120	87	250	209.52652
121	87	918	199.110107
122	87	247	168.451111
123	87	1095	129.450058
124	87	272	105.814934
125	87	1	110.913078
126	87	0	117.772697
127	87	29	117.773415
128	87	7	0
0	88	5	0
1	88	6	334.491302
2	88	1096	332.690826
3	88	363	327.737427
4	88	363	317.016937
5	88	363	300.840363
6	88	1097	296.625549
7	88	250	301.346619
8	88	1098	303.428589
9	88	1099	311.966827
10	88	1100	319.782837
11	88	257	319.824493
12	88	41	314.105499
13	88	41	306.965637
14	88	28	302.921021
15	88	1	299.646088
16	88	325	302.051025
17	88	349	302.126434
18	88	511	301.76709
19	88	352	298.487915
20	88	124	298.251648
21	88	312	298.763336
22	88	349	290.961151
23	88	503	293.319824
24	88	1101	293.567017
25	88	1102	296.181854
26	88	1103	302.815277
27	88	1104	307.917664
28	88	1065	306.210114
29	88	1105	300.920776
30	88	1106	295.589142
31	88	1107	291.949188
32	88	1108	284.629303
33	88	511	272.547272
34	88	352	164.385681
35	88	1109	120.48288
36	88	1110	88.898331
37	88	1	61.590981
38	88	2	55.791805
39	88	783	78.24157
40	88	159	113.938087
41	88	1111	156.610764
42	88	1086	276.308838
43	88	523	298.458649
44	88	529	311.097656
45	88	969	320.76355
46	88	967	332.224915
47	88	967	340.524139
48	88	967	343.929565
49	88	967	341.581818
50	88	967	338.660492
51	88	973	341.365509
52	88	400	341.47403
53	88	1112	349.081207
54	88	967	353.222656
55	88	1003	282.526855
56	88	1004	281.178192
57	88	1113	278.531158
58	88	967	275.045471
59	88	967	272.410614
60	88	968	266.795166
61	88	522	259.127258
62	88	529	248.162277
63	88	522	238.907379
64	88	524	227.838669
65	88	339	217.623123
66	88	529	210.98912
67	88	1067	211.305618
68	88	1114	214.420822
69	88	1114	216.673981
70	88	1114	215.490829
71	88	1114	213.48555
72	88	1068	212.899124
73	88	1056	217.577835
74	88	788	223.11499
75	88	789	230.510605
76	88	249	241.306213
77	88	526	249.396881
78	88	159	255.418274
79	88	510	260.339294
80	88	326	263.846161
81	88	1115	263.834198
82	88	1011	259.77417
83	88	32	252.32103
84	88	61	240.802994
85	88	0	223.220367
86	88	1	201.145279
87	88	0	179.296967
88	88	347	172.221802
89	88	1116	171.928345
90	88	89	177.513885
91	88	3	178.488449
92	88	4	175.424637
93	88	5	159.443298
94	88	31	124.439095
95	88	1117	84.836967
96	88	1118	51.580654
97	88	1119	27.333918
98	88	1119	16.862886
99	88	975	13.819879
100	88	313	36.337723
101	88	1120	71.979355
102	88	1121	108.779533
103	88	1106	144.667374
104	88	1122	172.701874
105	88	1123	188.161697
106	88	1124	195.634857
107	88	1125	199.374878
108	88	1096	200.270355
109	88	352	203.962204
110	88	42	202.293274
111	88	43	196.327637
112	88	43	195.557114
113	88	43	207.307098
114	88	43	220.357346
115	88	44	225.833405
116	88	2	227.697189
117	88	0	213.887222
118	88	2	191.814377
119	88	45	173.980865
120	88	32	166.434448
121	88	6	160.918747
122	88	89	146.292206
123	88	2	121.852798
124	88	1	106.320602
125	88	1126	103.761536
126	88	1127	102.588722
127	88	29	98.05529
128	88	30	0
0	89	89	0
1	89	2	331.665466
2	89	1	338.581879
3	89	0	337.402802
4	89	1	327.621185
5	89	1	314.185028
6	89	2	232.794006
7	89	1	234.628067
8	89	0	237.369507
9	89	2	243.660828
10	89	94	250.508636
11	89	13	239.294022
12	89	14	222.819992
13	89	20	217.841827
14	89	2	208.63266
15	89	124	202.94632
16	89	363	202.562393
17	89	352	205.42099
18	89	2	208.206924
19	89	0	212.905182
20	89	124	222.413239
21	89	312	291.387756
22	89	326	292.07486
23	89	349	292.581787
24	89	1069	292.825714
25	89	1128	294.475891
26	89	1065	297.42099
27	89	1129	299.906982
28	89	1107	299.424347
29	89	1130	297.340027
30	89	1108	293.475159
31	89	511	289.108948
32	89	352	281.853363
33	89	45	271.527985
34	89	36	172.074249
35	89	0	122.882195
36	89	2	90.651306
37	89	2	67.535309
38	89	787	63.121357
39	89	159	83.776886
40	89	1002	121.202698
41	89	967	171.314255
42	89	967	212.886581
43	89	967	227.902756
44	89	187	238.546234
45	89	159	245.753479
46	89	159	252.709183
47	89	137	258.544342
48	89	793	258.99057
49	89	1037	260.505096
50	89	532	262.408417
51	89	875	263.132477
52	89	306	266.451904
53	89	137	274.993317
54	89	159	277.883759
55	89	137	276.81601
56	89	159	273.603485
57	89	137	269.412964
58	89	137	264.370758
59	89	1131	259.423828
60	89	524	252.454819
61	89	529	242.062347
62	89	339	229.979019
63	89	524	218.828842
64	89	950	207.153793
65	89	1132	196.296066
66	89	1133	186.014832
67	89	1134	183.360947
68	89	1135	183.830048
69	89	1136	183.804749
70	89	1134	183.579483
71	89	1137	184.014435
72	89	1138	184.63443
73	89	785	187.473389
74	89	159	192.232193
75	89	265	196.288177
76	89	783	200.944672
77	89	137	210.416855
78	89	510	218.628448
79	89	511	224.096451
80	89	352	226.191833
81	89	3	224.915955
82	89	5	220.464188
83	89	31	212.929535
84	89	36	202.345383
85	89	347	188.77388
86	89	846	178.883987
87	89	348	169.693161
88	89	503	165.778305
89	89	846	165.871216
90	89	1063	167.987625
91	89	211	166.495285
92	89	30	156.127792
93	89	30	142.876511
94	89	30	114.572792
95	89	1139	75.117065
96	89	191	39.310284
97	89	4	9.631743
98	89	625	-4.846003
99	89	1140	1.257628
100	89	1141	17.875839
101	89	1142	45.242752
102	89	1143	74.568626
103	89	1144	114.29702
104	89	577	147.451523
105	89	126	164.431335
106	89	131	172.187714
107	89	1	176.640381
108	89	42	176.860153
109	89	99	175.650421
110	89	151	180.331207
111	89	151	177.092239
112	89	282	182.863281
113	89	282	189.262131
114	89	69	195.73967
115	89	44	200.810684
116	89	0	200.072815
117	89	2	186.777298
118	89	29	160.847885
119	89	30	137.074554
120	89	89	125.782082
121	89	1	126.696754
122	89	1	122.761917
123	89	1	110.585197
124	89	1109	101.044472
125	89	1110	92.323776
126	89	2	83.49939
127	89	1126	77.496643
128	89	1145	0
0	90	1127	0
1	90	0	247.350052
2	90	0	262.227905
3	90	2	270.042389
4	90	0	267.35321
5	90	0	255.887695
6	90	1	247.274475
7	90	24	245.214844
8	90	41	243.931595
9	90	71	246.626221
10	90	20	246.360413
11	90	0	233.587372
12	90	2	211.776199
13	90	0	197.650772
14	90	0	183.182343
15	90	1	179.350601
16	90	1	174.359436
17	90	0	177.183975
18	90	2	187.997528
19	90	2	199.64975
20	90	124	213.718445
21	90	312	291.072266
22	90	326	288.3284
23	90	1146	286.799408
24	90	1147	288.4104
25	90	1107	293.483734
26	90	1130	227.179398
27	90	1108	225.435562
28	90	336	225.216644
29	90	1119	223.570511
30	90	1148	220.971237
31	90	0	214.019852
32	90	29	207.665527
33	90	740	198.870377
34	90	122	172.871994
35	90	122	129.28035
36	90	122	92.311134
37	90	756	71.02919
38	90	137	68.992279
39	90	137	91.420242
40	90	137	132.307663
41	90	793	176.296097
42	90	1037	212.415283
43	90	1037	225.569336
44	90	1037	234.610825
45	90	1037	235.473053
46	90	1037	230.884964
47	90	532	226.097687
48	90	349	227.47937
49	90	632	233.649689
50	90	349	243.43985
51	90	313	243.160416
52	90	1045	246.448074
53	90	248	247.143005
54	90	159	250.273544
55	90	159	255.968689
56	90	315	260.667786
57	90	248	256.791107
58	90	1149	252.135178
59	90	1004	242.570755
60	90	1004	228.294632
61	90	1004	214.817398
62	90	1150	205.259781
63	90	951	193.92189
64	90	326	185.530334
65	90	632	176.064972
66	90	632	164.300522
67	90	875	157.143082
68	90	686	156.258438
69	90	336	158.091614
70	90	337	160.149597
71	90	328	164.491806
72	90	785	166.441086
73	90	137	168.774948
74	90	294	171.381653
75	90	797	170.133591
76	90	159	167.484848
77	90	1008	170.536636
78	90	352	177.418686
79	90	2	182.066452
80	90	29	183.67244
81	90	30	182.243057
82	90	30	177.878021
83	90	89	173.363388
84	90	124	168.554718
85	90	363	162.522308
86	90	363	159.482254
87	90	312	155.914169
88	90	632	156.211319
89	90	632	163.737869
90	90	888	163.873398
91	90	43	152.805756
92	90	98	133.601395
93	90	28	113.076233
94	90	395	89.312508
95	90	1151	54.4902
96	90	305	21.245134
97	90	191	3.670381
98	90	61	-4.330564
99	90	24	-2.628887
100	90	28	10.297338
101	90	153	29.840988
102	90	220	54.908733
103	90	157	89.183975
104	90	131	113.706635
105	90	2	133.449875
106	90	0	145.594528
107	90	67	147.605621
108	90	282	150.17569
109	90	68	153.279388
110	90	100	156.444656
111	90	176	160.363083
112	90	154	163.635162
113	90	126	163.049744
114	90	131	161.914322
115	90	1	159.917114
116	90	1	157.835938
117	90	2	151.749008
118	90	2	131.653671
119	90	2	113.033829
120	90	0	101.926605
121	90	0	97.356636
122	90	2	93.201996
123	90	2	88.452507
124	90	0	80.516685
125	90	2	68.574905
126	90	1109	61.78083
127	90	1152	56.844273
128	90	1110	0
0	91	1	0
1	91	0	227.761749
2	91	1	250.057373
3	91	2	264.782684
4	91	1	264.025818
5	91	0	252.152695
6	91	94	242.867676
7	91	16	237.123962
8	91	40	233.250977
9	91	2	233.997879
10	91	24	225.832901
11	91	28	208.980164
12	91	1	189.047073
13	91	0	179.222
14	91	1	172.978104
15	91	2	168.114319
16	91	0	164.962936
17	91	2	170.109268
18	91	0	183.398773
19	91	2	196.646347
20	91	124	209.020111
21	91	363	213.379044
22	91	312	211.233719
23	91	1146	210.988693
24	91	1108	214.661621
25	91	336	226.388397
26	91	1119	233.958252
27	91	337	229.756287
28	91	5	219.940262
29	91	61	212.590317
30	91	1	209.414459
31	91	2	202.228363
32	91	29	196.235886
33	91	30	189.843979
34	91	30	168.138321
35	91	7	128.254822
36	91	149	90.324669
37	91	137	68.427933
38	91	159	68.87104
39	91	137	95.062607
40	91	510	130.953934
41	91	632	168.286819
42	91	326	195.624756
43	91	632	209.391754
44	91	632	214.09462
45	91	788	216.395462
46	91	416	203.321579
47	91	416	190.942215
48	91	416	188.624405
49	91	416	201.670013
50	91	416	211.599045
51	91	1007	214.490265
52	91	1153	206.936798
53	91	1037	201.502533
54	91	1037	206.162231
55	91	1154	222.734726
56	91	1153	237.367279
57	91	1037	243.803879
58	91	314	236.795135
59	91	137	222.950424
60	91	793	206.8116
61	91	532	194.608078
62	91	326	184.217667
63	91	632	180.031891
64	91	632	175.470856
65	91	349	162.111542
66	91	326	145.981934
67	91	336	135.102753
68	91	337	137.84938
69	91	6	143.08876
70	91	1052	150.158005
71	91	313	153.444626
72	91	314	155.099747
73	91	249	152.536255
74	91	250	146.734756
75	91	250	141.781784
76	91	1155	135.731064
77	91	28	135.452469
78	91	0	138.306152
79	91	2	141.659225
80	91	2	144.094543
81	91	42	145.286896
82	91	44	146.619995
83	91	1	146.361481
84	91	2	145.696487
85	91	1	138.797577
86	91	124	136.193466
87	91	363	136.70842
88	91	363	138.805527
89	91	1156	142.109604
90	91	130	140.973083
91	91	93	129.629684
92	91	20	108.851105
93	91	3	85.583145
94	91	625	60.980934
95	91	1157	36.715214
96	91	1158	17.397457
97	91	47	8.329956
98	91	39	1.742504
99	91	40	-0.833332
100	91	21	6.908978
101	91	20	18.68293
102	91	0	37.72057
103	91	0	61.13026
104	91	0	83.55748
105	91	2	103.965927
106	91	129	118.990181
107	91	157	122.620102
108	91	157	125.593651
109	91	130	130.690598
110	91	197	129.976471
111	91	703	135.039139
112	91	131	139.551544
113	91	2	140.205643
114	91	1	136.52681
115	91	0	131.229935
116	91	2	126.303802
117	91	2	118.704628
118	91	0	109.758041
119	91	1	96.280563
120	91	1	82.183273
121	91	1	69.98848
122	91	1	64.300385
123	91	0	57.511734
124	91	2	49.284428
125	91	1	42.173191
126	91	2	39.596939
127	91	0	37.634586
128	91	0	0
0	92	1	0
1	92	1	197.116638
2	92	0	218.486603
3	92	0	232.311584
4	92	2	230.735855
5	92	94	220.952103
6	92	16	208.227371
7	92	95	199.041977
8	92	28	192.898148
9	92	21	188.492935
10	92	199	176.815002
11	92	41	164.156769
12	92	28	149.108734
13	92	2	156.947556
14	92	0	161.779282
15	92	1	165.819229
16	92	0	169.684906
17	92	1	175.865936
18	92	1	188.418427
19	92	1	194.48999
20	92	2	200.319504
21	92	124	202.867432
22	92	363	202.918579
23	92	363	202.777557
24	92	1141	209.962875
25	92	7	222.874146
26	92	6	232.979004
27	92	30	230.287552
28	92	89	219.434555
29	92	1	210.048538
30	92	0	200.214096
31	92	24	191.679871
32	92	41	185.4263
33	92	28	180.296021
34	92	29	160.469406
35	92	103	129.000961
36	92	159	96.967552
37	92	159	72.825264
38	92	159	67.242485
39	92	510	88.554756
40	92	632	119.268921
41	92	349	146.310608
42	92	632	169.432617
43	92	788	182.991516
44	92	789	184.30661
45	92	137	179.169144
46	92	137	167.467148
47	92	249	157.195663
48	92	250	157.995941
49	92	250	167.481827
50	92	1098	180.190857
51	92	1070	184.013824
52	92	1119	172.597504
53	92	1140	166.358459
54	92	363	169.614899
55	92	363	193.312393
56	92	312	213.237976
57	92	313	224.300766
58	92	1037	217.64975
59	92	532	202.4245
60	92	349	189.988388
61	92	336	179.368515
62	92	1119	169.580795
63	92	975	166.866913
64	92	349	168.690598
65	92	326	159.68782
66	92	350	136.607086
67	92	4	118.446182
68	92	31	121.631065
69	92	1159	130.865387
70	92	1140	136.987885
71	92	1097	141.490891
72	92	272	140.300217
73	92	1	133.095413
74	92	0	120.567856
75	92	21	110.855583
76	92	20	108.672638
77	92	24	110.133408
78	92	28	113.135986
79	92	1	118.301704
80	92	67	124.746277
81	92	69	127.902374
82	92	43	131.805466
83	92	98	132.685608
84	92	41	127.251747
85	92	28	118.037605
86	92	0	113.117134
87	92	2	113.001541
88	92	1	114.0298
89	92	129	114.196991
90	92	131	110.664513
91	92	45	102.116493
92	92	172	87.85759
93	92	30	64.001518
94	92	1160	37.898186
95	92	1161	20.080412
96	92	1162	13.109059
97	92	1163	8.595148
98	92	199	5.46082
99	92	28	5.524842
100	92	0	9.245639
101	92	45	9.943652
102	92	36	16.408163
103	92	0	34.054871
104	92	2	58.280396
105	92	1	78.355003
106	92	0	92.515701
107	92	2	100.317741
108	92	129	101.185059
109	92	157	103.253258
110	92	131	106.564201
111	92	1	107.09156
112	92	2	111.135468
113	92	1	114.238686
114	92	1	114.827446
115	92	2	112.197739
116	92	0	106.896133
117	92	1	98.605316
118	92	2	87.73391
119	92	2	77.174072
120	92	2	63.898109
121	92	0	49.086895
122	92	0	37.690445
123	92	2	27.525906
124	92	2	21.053946
125	92	0	19.562344
126	92	0	18.96035
127	92	1	19.294041
128	92	1	0
0	93	2	0
1	93	1164	157.90271
2	93	1165	175.307693
3	93	1166	184.636093
4	93	94	185.238953
5	93	16	174.055344
6	93	16	155.982635
7	93	40	143.27179
8	93	1	141.423447
9	93	1167	137.230988
10	93	1168	130.689667
11	93	95	123.675354
12	93	28	127.324272
13	93	2	145.781296
14	93	1	160.720535
15	93	0	166.116745
16	93	0	172.020569
17	93	2	178.523743
18	93	1	179.662613
19	93	2	182.815308
20	93	1	186.467209
21	93	1	186.503235
22	93	1	187.387726
23	93	2	191.714172
24	93	29	199.842255
25	93	89	213.139221
26	93	1	219.41861
27	93	0	217.766937
28	93	0	208.724243
29	93	0	203.29451
30	93	21	198.068863
31	93	15	192.073395
32	93	95	185.508438
33	93	28	180.819702
34	93	0	160.661453
35	93	159	129.674347
36	93	159	102.324669
37	93	793	79.709663
38	93	532	66.120972
39	93	349	73.271797
40	93	349	97.986893
41	93	788	124.082596
42	93	789	146.321259
43	93	159	151.486008
44	93	249	148.627151
45	93	250	139.078445
46	93	272	131.337036
47	93	0	124.921242
48	93	45	129.213257
49	93	122	137.644974
50	93	32	147.737686
51	93	6	148.582352
52	93	70	144.009384
53	93	41	141.583633
54	93	41	154.862381
55	93	1169	177.54007
56	93	1119	194.8927
57	93	975	201.212952
58	93	632	196.83548
59	93	336	184.202972
60	93	337	174.188919
61	93	5	166.60849
62	93	625	156.13504
63	93	1119	150.586548
64	93	1119	153.397141
65	93	337	147.023514
66	93	5	124.291817
67	93	4	100.891716
68	93	4	98.805092
69	93	61	103.938446
70	93	1	106.249008
71	93	24	108.149826
72	93	28	109.922142
73	93	2	106.829567
74	93	1	95.702652
75	93	0	88.858398
76	93	21	94.864891
77	93	20	102.695244
78	93	2	102.848022
79	93	67	101.115906
80	93	100	104.61042
81	93	282	107.07766
82	93	197	107.160271
83	93	178	104.661324
84	93	95	99.44635
85	93	28	95.977211
86	93	0	94.23201
87	93	2	91.451187
88	93	2	92.431061
89	93	1	91.57782
90	93	3	85.098557
91	93	61	78.227875
92	93	1	64.192543
93	93	67	45.427761
94	93	151	22.63409
95	93	1170	9.111627
96	93	1110	5.633385
97	93	21	4.358994
98	93	20	5.911377
99	93	45	10.420649
100	93	32	8.998708
101	93	61	4.637002
102	93	1	8.642074
103	93	1	22.7439
104	93	1	40.900822
105	93	2	59.061481
106	93	0	74.167618
107	93	0	81.784058
108	93	2	84.318275
109	93	0	83.595451
110	93	0	83.441856
111	93	2	85.449722
112	93	1	85.912979
113	93	0	87.609329
114	93	0	92.182861
115	93	2	94.56311
116	93	0	90.025475
117	93	42	82.124199
118	93	43	72.511429
119	93	43	63.184528
120	93	43	51.104202
121	93	98	39.811054
122	93	28	25.003468
123	93	2	12.082712
124	93	2	4.351372
125	93	2	3.174114
126	93	1	4.485423
127	93	24	4.539768
128	93	28	0
0	94	1171	0
1	94	1172	110.338692
2	94	1173	122.121872
3	94	39	130.937012
4	94	16	136.507111
5	94	16	126.567696
6	94	1174	114.350433
7	94	1165	105.344826
8	94	1175	107.088684
9	94	1176	114.790993
10	94	13	114.204025
11	94	20	116.013672
12	94	0	120.478333
13	94	0	132.614395
14	94	2	143.226059
15	94	1	149.523361
16	94	1	153.94455
17	94	1	151.134079
18	94	0	151.915009
19	94	0	158.743942
20	94	1	162.414505
21	94	2	166.62291
22	94	2	172.151581
23	94	1	179.78775
24	94	2	187.076538
25	94	1	194.313324
26	94	24	191.346252
27	94	41	186.009415
28	94	28	181.496658
29	94	2	183.67186
30	94	21	187.532928
31	94	14	182.936981
32	94	20	175.441147
33	94	2	168.842697
34	94	159	152.755112
35	94	137	121.164986
36	94	510	93.542473
37	94	788	69.636528
38	94	416	54.100616
39	94	416	56.925137
40	94	789	77.144501
41	94	249	102.705452
42	94	250	123.247528
43	94	272	128.754517
44	94	2	119.973709
45	94	2	108.645477
46	94	0	100.554359
47	94	29	102.757515
48	94	30	109.40522
49	94	30	113.78907
50	94	1177	115.776077
51	94	1178	114.074974
52	94	289	110.665871
53	94	256	111.502815
54	94	1179	125.100464
55	94	147	151.060043
56	94	625	175.112
57	94	1119	176.758926
58	94	337	172.282669
59	94	5	161.698639
60	94	5	155.823044
61	94	4	154.895264
62	94	4	144.143311
63	94	4	126.510147
64	94	5	119.532936
65	94	6	113.065262
66	94	30	91.048683
67	94	7	71.224251
68	94	31	64.943161
69	94	122	67.19175
70	94	301	65.577797
71	94	20	64.722672
72	94	24	71.715263
73	94	41	79.254822
74	94	28	77.883286
75	94	1	74.710999
76	94	0	82.133942
77	94	0	89.900749
78	94	129	87.461617
79	94	157	75.914345
80	94	157	76.189621
81	94	157	77.255325
82	94	221	69.597542
83	94	14	64.431053
84	94	20	69.828545
85	94	24	77.273109
86	94	65	78.613861
87	94	43	75.885735
88	94	44	70.951546
89	94	29	68.713501
90	94	89	66.175468
91	94	2	61.185333
92	94	129	44.412086
93	94	1180	23.351528
94	94	1181	9.528519
95	94	45	0.518578
96	94	122	0.775684
97	94	122	4.419291
98	94	32	8.936663
99	94	6	8.602107
100	94	89	1.645715
101	94	2	2.785726
102	94	0	8.574162
103	94	0	19.165493
104	94	2	31.544107
105	94	1	44.565018
106	94	1	57.276939
107	94	2	64.468063
108	94	1	68.305885
109	94	0	70.010262
110	94	0	71.411324
111	94	1	74.102257
112	94	1	74.843445
113	94	0	74.124802
114	94	1	71.925362
115	94	2	71.736649
116	94	67	72.46434
117	94	282	67.947151
118	94	126	59.495651
119	94	130	51.033474
120	94	197	42.405937
121	94	258	32.624062
122	94	0	22.662392
123	94	24	13.757384
124	94	28	7.191144
125	94	0	1.8345
126	94	94	0
127	94	40	0
128	94	1182	0
0	95	1183	0
1	95	16	68.840401
2	95	16	70.547615
3	95	16	76.054039
4	95	16	85.163322
5	95	1184	86.914429
6	95	1185	84.784447
7	95	1172	88.224335
8	95	1183	102.145775
9	95	40	122.38488
10	95	1	128.198639
11	95	0	127.68911
12	95	0	125.362854
13	95	1	123.659424
14	95	1	120.586655
15	95	0	122.18988
16	95	2	124.592842
17	95	1	121.943764
18	95	1	121.450294
19	95	1	127.98233
20	95	2	135.535355
21	95	2	141.461395
22	95	0	148.689362
23	95	24	155.164581
24	95	41	163.981171
25	95	39	166.350952
26	95	16	160.03981
27	95	95	151.870224
28	95	28	154.569061
29	95	2	162.060043
30	95	0	169.123657
31	95	0	165.059525
32	95	0	156.931808
33	95	526	149.317871
34	95	159	135.14357
35	95	493	104.817093
36	95	789	77.896126
37	95	159	56.26936
38	95	159	44.96505
39	95	315	48.97435
40	95	1186	66.199783
41	95	273	91.788521
42	95	426	111.262955
43	95	0	119.332497
44	95	0	116.0112
45	95	2	108.355446
46	95	24	102.448944
47	95	41	101.758789
48	95	232	103.784294
49	95	817	102.597305
50	95	1187	99.760574
51	95	767	92.917976
52	95	166	84.795418
53	95	1188	80.813171
54	95	168	91.173309
55	95	5	113.207863
56	95	5	136.744797
57	95	5	151.926071
58	95	5	151.76947
59	95	4	145.083374
60	95	4	142.613373
61	95	6	140.947021
62	95	30	124.548096
63	95	30	97.533905
64	95	89	76.658844
65	95	1	64.006447
66	95	29	48.141247
67	95	30	35.065067
68	95	46	37.438622
69	95	431	44.306725
70	95	1	45.231449
71	95	21	42.722252
72	95	15	43.476307
73	95	40	49.186356
74	95	2	49.208096
75	95	2	48.259995
76	95	1	50.882877
77	95	1	62.838791
78	95	0	63.175804
79	95	0	54.828892
80	95	0	50.954865
81	95	2	54.201847
82	95	1	47.671673
83	95	2	45.815548
84	95	94	53.859173
85	95	196	63.705643
86	95	282	64.498055
87	95	101	66.528221
88	95	2	63.38567
89	95	1	52.634926
90	95	0	50.521187
91	95	1	49.101807
92	95	1109	33.865246
93	95	1189	9.008983
94	95	32	-2.241009
95	95	4	57.084713
96	95	4	59.877964
97	95	5	2.95761
98	95	61	6.48758
99	95	1	5.819712
100	95	1	3.241613
101	95	1	5.794487
102	95	2	74.883148
103	95	2	84.170448
104	95	0	32.242157
105	95	2	42.569618
106	95	24	48.894192
107	95	41	53.581882
108	95	41	58.371017
109	95	28	65.354774
110	95	0	73.297104
111	95	42	80.932884
112	95	43	85.822311
113	95	43	83.919403
114	95	44	77.834099
115	95	129	73.896072
116	95	157	70.246384
117	95	131	64.507347
118	95	67	56.129055
119	95	68	48.606098
120	95	69	42.794853
121	95	44	36.431702
122	95	94	28.876503
123	95	40	21.013914
124	95	1	13.681681
125	95	94	7.046093
126	95	40	1.494861
127	95	94	0
128	95	16	0
0	96	13	0
1	96	15	46.755592
2	96	16	40.978775
3	96	16	45.054596
4	96	40	52.702297
5	96	1190	55.316345
6	96	1191	59.423405
7	96	13	77.980034
8	96	20	99.530434
9	96	24	117.141472
10	96	28	118.971428
11	96	1	116.115944
12	96	2	111.753075
13	96	1	105.325089
14	96	1	97.530067
15	96	1	98.954239
16	96	1	97.52977
17	96	1	96.38327
18	96	1	98.577515
19	96	2	104.187073
20	96	2	108.013237
21	96	1	108.892517
22	96	94	113.27739
23	96	13	122.744392
24	96	15	131.436417
25	96	16	137.120163
26	96	16	135.937454
27	96	95	132.644943
28	96	28	135.731689
29	96	2	141.287537
30	96	0	144.377487
31	96	1	140.679871
32	96	787	132.684372
33	96	1192	122.844696
34	96	961	102.14093
35	96	1193	79.115692
36	96	250	58.751244
37	96	250	42.836246
38	96	874	37.468777
39	96	433	45.170685
40	96	817	62.467777
41	96	192	82.675308
42	96	2	103.200783
43	96	1	114.646133
44	96	0	115.420471
45	96	21	114.937126
46	96	15	113.383347
47	96	164	115.70713
48	96	165	115.538918
49	96	165	110.463295
50	96	166	104.043785
51	96	17	96.535599
52	96	18	82.814606
53	96	4	69.042572
54	96	4	63.213524
55	96	4	72.530006
56	96	5	91.047852
57	96	4	111.057091
58	96	6	130.204117
59	96	30	134.90242
60	96	89	134.895981
61	96	1	127.207336
62	96	2	102.795723
63	96	2	67.909721
64	96	0	40.807667
65	96	2	22.948898
66	96	2	12.915594
67	96	94	13.852792
68	96	40	21.182991
69	96	2	28.618711
70	96	2	31.417728
71	96	21	28.860641
72	96	20	25.505901
73	96	1	22.80797
74	96	1	18.829702
75	96	2	13.927489
76	96	2	16.770617
77	96	0	32.002567
78	96	1	41.33316
79	96	1	36.930153
80	96	1	36.146576
81	96	0	38.93058
82	96	2	41.818047
83	96	21	44.459904
84	96	179	49.49847
85	96	157	45.373363
86	96	131	44.300404
87	96	42	53.801765
88	96	43	56.909142
89	96	44	41.870815
90	96	0	36.080135
91	96	45	38.39204
92	96	172	26.027845
93	96	30	8.923237
94	96	30	3.938146
95	96	7	66.833427
96	96	6	71.211845
97	96	89	12.683545
98	96	0	13.615027
99	96	0	12.964586
100	96	1	13.492597
101	96	1	16.906801
102	96	0	85.952744
103	96	2	94.878014
104	96	24	42.393215
105	96	39	48.683205
106	96	16	55.835987
107	96	16	62.544636
108	96	40	69.611771
109	96	0	76.169235
110	96	67	83.684761
111	96	68	91.594879
112	96	100	94.138397
113	96	69	89.929176
114	96	43	84.146889
115	96	44	79.225975
116	96	2	74.825653
117	96	67	69.315491
118	96	282	62.3605
119	96	68	56.04953
120	96	69	51.047592
121	96	91	44.951946
122	96	258	36.94109
123	96	2	28.223684
124	96	21	19.76757
125	96	20	12.12601
126	96	21	4.969202
127	96	14	0.474874
128	96	20	0
0	97	21	0
1	97	14	36.222874
2	97	14	28.275751
3	97	20	28.648539
4	97	2	35.837177
5	97	21	35.598869
6	97	199	37.886024
7	97	41	61.339291
8	97	39	78.123093
9	97	95	78.761452
10	97	28	75.222237
11	97	2	78.678581
12	97	2	84.826439
13	97	1	82.246002
14	97	1	75.973389
15	97	1	80.281624
16	97	0	83.564583
17	97	0	83.873863
18	97	1	85.46579
19	97	0	84.585236
20	97	0	82.445534
21	97	21	82.164291
22	97	20	85.189339
23	97	94	94.499763
24	97	16	104.388977
25	97	13	114.169891
26	97	14	118.070946
27	97	20	118.891525
28	97	2	120.219368
29	97	1	121.3022
30	97	24	118.389519
31	97	2	113.562553
32	97	94	104.844154
33	97	16	91.641861
34	97	95	72.1968
35	97	28	53.372513
36	97	45	39.873741
37	97	32	28.0856
38	97	169	26.803951
39	97	170	38.327511
40	97	213	55.752178
41	97	0	75.090645
42	97	2	91.135704
43	97	0	100.843979
44	97	2	105.83564
45	97	21	109.928032
46	97	14	110.651001
47	97	14	111.562813
48	97	14	110.342537
49	97	1194	107.084648
50	97	18	102.801888
51	97	4	99.2789
52	97	72	90.941978
53	97	35	76.371078
54	97	5	58.495747
55	97	6	42.196522
56	97	30	40.368626
57	97	89	54.827305
58	97	0	82.005913
59	97	1	109.0485
60	97	2	113.923149
61	97	0	100.458923
62	97	1	72.472107
63	97	0	43.117432
64	97	2	25.980631
65	97	24	14.881623
66	97	39	6.883885
67	97	40	6.439809
68	97	1	11.080352
69	97	1	18.365507
70	97	1	20.141384
71	97	1	17.972584
72	97	1	13.893329
73	97	0	10.310429
74	97	1	6.76764
75	97	0	3.816798
76	97	0	5.780944
77	97	2	18.331345
78	97	1	26.514154
79	97	0	24.089508
80	97	1	19.188591
81	97	1	23.013052
82	97	2	32.39262
83	97	0	43.168705
84	97	2	42.806259
85	97	1	31.593943
86	97	129	26.352411
87	97	130	34.379932
88	97	101	36.258209
89	97	2	21.440123
90	97	29	16.252827
91	97	89	18.701082
92	97	2	15.920831
93	97	0	9.725309
94	97	29	12.21301
95	97	89	16.682184
96	97	0	21.083384
97	97	1	23.925913
98	97	2	24.801657
99	97	2	26.212029
100	97	0	29.228493
101	97	1	33.551899
102	97	24	39.604057
103	97	39	46.888889
104	97	16	52.53619
105	97	16	56.135284
106	97	13	62.591202
107	97	20	70.521553
108	97	42	77.481979
109	97	99	83.148163
110	97	68	88.421638
111	97	282	92.76355
112	97	68	92.955399
113	97	282	89.537773
114	97	69	85.68631
115	97	43	81.392097
116	97	99	77.196899
117	97	126	71.916832
118	97	130	64.892181
119	97	151	61.584209
120	97	151	59.049557
121	97	101	53.545628
122	97	2	44.953396
123	97	2	35.798172
124	97	1	26.275623
125	97	0	17.193182
126	97	1	8.462758
127	97	2	2.124152
128	97	0	0
0	98	2	0
1	98	0	28.558819
2	98	2	24.256809
3	98	0	22.019621
4	98	1	25.689779
5	98	94	34.862335
6	98	16	45.137417
7	98	16	55.855236
8	98	16	57.651138
9	98	40	53.189659
10	98	2	49.405682
11	98	2	56.9464
12	98	2	65.046326
13	98	1	67.120964
14	98	2	66.316956
15	98	0	73.568657
16	98	0	83.547089
17	98	2	86.229073
18	98	2	83.251366
19	98	1	76.439636
20	98	1	68.524818
21	98	2	70.585434
22	98	94	75.10524
23	98	16	79.982765
24	98	95	86.728745
25	98	41	95.126228
26	98	41	101.018486
27	98	28	102.546623
28	98	0	104.558693
29	98	94	98.815216
30	98	2	90.500145
31	98	94	82.859398
32	98	16	74.956329
33	98	16	62.534801
34	98	40	46.264385
35	98	29	32.414059
36	98	30	22.509893
37	98	1195	16.603064
38	98	255	18.844204
39	98	1	34.067558
40	98	2	50.339439
41	98	0	65.496239
42	98	0	77.359756
43	98	1	82.993355
44	98	0	86.399002
45	98	0	86.574753
46	98	45	87.781441
47	98	122	89.070412
48	98	32	88.324104
49	98	4	84.952866
50	98	4	80.691833
51	98	149	79.262436
52	98	59	88.559799
53	98	30	87.886101
54	98	89	63.605064
55	98	1	33.313183
56	98	1	14.192778
57	98	1	11.91678
58	98	1	31.673122
59	98	1	60.59977
60	98	2	72.476746
61	98	2	59.556931
62	98	2	39.542233
63	98	24	23.375187
64	98	39	19.526085
65	98	16	13.237291
66	98	40	7.53229
67	98	1	3.74637
68	98	2	6.472523
69	98	0	10.888033
70	98	0	11.519582
71	98	0	10.236172
72	98	1	9.768831
73	98	0	9.133446
74	98	2	7.68439
75	98	0	6.156036
76	98	0	6.475648
77	98	2	8.549362
78	98	1	10.627007
79	98	1	7.319369
80	98	1	3.785921
81	98	24	9.069798
82	98	28	21.413597
83	98	0	30.761213
84	98	2	29.256075
85	98	0	19.63271
86	98	129	15.734921
87	98	131	18.712076
88	98	1	17.412258
89	98	2	9.041092
90	98	1	1.53772
91	98	2	5.750571
92	98	2	9.779997
93	98	0	14.091805
94	98	0	19.169367
95	98	2	24.024996
96	98	0	28.610447
97	98	2	32.742935
98	98	1	35.861698
99	98	0	37.633923
100	98	0	40.712273
101	98	94	44.639332
102	98	16	49.730701
103	98	16	54.752716
104	98	16	57.556202
105	98	40	59.605152
106	98	0	64.7267
107	98	67	72.350647
108	98	282	80.356514
109	98	126	84.926521
110	98	130	87.238663
111	98	176	88.762749
112	98	268	88.932587
113	98	268	86.263237
114	98	268	83.223396
115	98	154	79.551155
116	98	152	76.058685
117	98	472	71.904846
118	98	157	66.764633
119	98	155	65.624306
120	98	293	65.399055
121	98	28	59.901562
122	98	0	50.96944
123	98	1	41.369473
124	98	2	31.483948
125	98	1	21.788904
126	98	1	12.15834
127	98	1	3.700856
128	98	2	0
0	99	1	0
1	99	2	17.08753
2	99	2	19.914312
3	99	1	16.453327
4	99	21	22.194948
5	99	15	34.275688
6	99	16	43.985081
7	99	13	46.058914
8	99	20	43.246906
9	99	2	48.379753
10	99	1	45.758575
11	99	2	43.433304
12	99	0	42.527847
13	99	2	46.656921
14	99	2	47.002956
15	99	2	55.311707
16	99	779	69.425125
17	99	295	71.816406
18	99	295	69.467354
19	99	296	62.709671
20	99	2	59.231007
21	99	21	61.650082
22	99	14	66.115097
23	99	15	67.780869
24	99	16	72.493683
25	99	16	77.868561
26	99	40	80.657738
27	99	1	85.985229
28	99	94	86.301132
29	99	24	78.136948
30	99	39	67.362869
31	99	16	57.043621
32	99	16	49.506992
33	99	95	39.017681
34	99	28	27.086845
35	99	1	15.003785
36	99	21	8.971021
37	99	20	12.404261
38	99	0	22.107117
39	99	1	33.925476
40	99	2	46.387794
41	99	1	58.418953
42	99	1	66.854324
43	99	2	66.133507
44	99	0	63.43441
45	99	3	62.436516
46	99	5	64.869629
47	99	4	66.658493
48	99	5	65.901428
49	99	72	63.012512
50	99	222	58.81987
51	99	40	59.301155
52	99	1	67.187355
53	99	2	71.929535
54	99	1	59.448345
55	99	0	36.402039
56	99	0	22.087589
57	99	2	5.858802
58	99	1	7.204079
59	99	1	21.800365
60	99	2	32.561523
61	99	24	27.819353
62	99	39	16.184937
63	99	16	12.126808
64	99	13	9.714481
65	99	20	8.3944
66	99	24	5.641932
67	99	41	5.417529
68	99	41	8.78369
69	99	41	11.575703
70	99	41	13.472817
71	99	41	14.637547
72	99	41	14.83846
73	99	28	13.762882
74	99	1	11.721819
75	99	2	9.045511
76	99	1	7.128235
77	99	0	4.790555
78	99	24	2.547801
79	99	41	0.928293
80	99	39	4.130346
81	99	40	9.969967
82	99	24	17.542524
83	99	28	23.187277
84	99	1	23.746016
85	99	0	22.740309
86	99	2	20.333776
87	99	2	17.096842
88	99	2	12.770641
89	99	2	8.918747
90	99	2	8.028142
91	99	1	9.752234
92	99	0	15.304959
93	99	0	20.918835
94	99	0	26.360344
95	99	1	31.319883
96	99	1	35.797401
97	99	0	39.608128
98	99	0	42.73888
99	99	2	45.289383
100	99	94	47.433029
101	99	16	49.154507
102	99	16	51.524158
103	99	13	54.603519
104	99	20	56.964245
105	99	0	58.261597
106	99	129	62.017754
107	99	130	67.729691
108	99	101	74.629021
109	99	129	79.625137
110	99	221	81.238335
111	99	14	82.547623
112	99	14	82.329536
113	99	14	79.876793
114	99	179	77.012321
115	99	221	73.777733
116	99	199	71.092247
117	99	41	68.317581
118	99	71	65.097092
119	99	14	65.732422
120	99	20	66.382744
121	99	2	62.383324
122	99	1	54.276478
123	99	2	44.378937
124	99	2	34.51236
125	99	1	24.548231
126	99	1	14.642677
127	99	2	5.686526
128	99	0	0
0	100	2	0
1	100	1	3.311492
2	100	0	5.126161
3	100	0	6.412365
4	100	21	13.686863
5	100	14	22.780695
6	100	199	27.167667
7	100	41	22.77371
8	100	41	23.355337
9	100	41	33.071476
10	100	1196	39.409248
11	100	295	32.435867
12	100	295	21.977549
13	100	296	17.78438
14	100	779	13.200974
15	100	1197	21.618275
16	100	1037	29.678297
17	100	1037	37.543335
18	100	317	38.991283
19	100	1	38.855885
20	100	0	37.868664
21	100	0	42.199623
22	100	94	47.311497
23	100	16	51.076805
24	100	16	54.17078
25	100	40	57.699921
26	100	0	59.695515
27	100	94	64.182426
28	100	39	67.124992
29	100	13	66.031761
30	100	15	59.009296
31	100	16	48.989582
32	100	16	35.864124
33	100	95	26.042345
34	100	41	19.540916
35	100	28	10.843878
36	100	0	9.428575
37	100	0	14.203576
38	100	1	23.287592
39	100	0	33.581348
40	100	1	43.175823
41	100	0	49.227871
42	100	2	49.245434
43	100	0	46.050583
44	100	29	43.666504
45	100	30	44.338314
46	100	30	45.013664
47	100	30	44.728706
48	100	318	43.844131
49	100	16	41.601589
50	100	40	38.630035
51	100	2	39.596474
52	100	2	44.484776
53	100	1	43.483727
54	100	2	38.162491
55	100	2	39.445568
56	100	1	32.14518
57	100	0	16.507006
58	100	0	6.380558
59	100	24	10.84868
60	100	39	13.884567
61	100	16	10.802583
62	100	16	5.13265
63	100	40	0.980464
64	100	2	3.948359
65	100	21	5.361275
66	100	15	5.967441
67	100	16	10.655241
68	100	16	14.59539
69	100	16	17.624712
70	100	16	19.556316
71	100	16	20.393618
72	100	40	20.020836
73	100	2	18.56645
74	100	2	15.812038
75	100	0	12.496239
76	100	2	9.117952
77	100	94	5.832734
78	100	16	3.149645
79	100	16	3.189759
80	100	95	10.552847
81	100	39	18.490114
82	100	95	25.381014
83	100	28	30.593115
84	100	2	33.504845
85	100	0	33.615059
86	100	1	30.836479
87	100	1	25.410076
88	100	2	19.567358
89	100	2	17.003893
90	100	2	16.457504
91	100	0	17.153715
92	100	0	21.877089
93	100	2	27.88135
94	100	1	33.378304
95	100	2	38.166149
96	100	0	42.02832
97	100	1	44.838058
98	100	0	46.292259
99	100	21	46.259106
100	100	14	45.977234
101	100	14	45.832455
102	100	20	46.776417
103	100	1	48.842785
104	100	1	50.512421
105	100	0	51.407379
106	100	129	53.771397
107	100	131	58.511906
108	100	2	64.284615
109	100	1	68.45015
110	100	2	71.654648
111	100	1	73.667351
112	100	0	73.498367
113	100	1	70.870674
114	100	1	67.373665
115	100	21	64.301956
116	100	14	62.71431
117	100	199	60.377472
118	100	41	60.758617
119	100	41	61.524658
120	100	28	61.416481
121	100	0	59.772949
122	100	0	53.402264
123	100	1	44.80806
124	100	1	35.243839
125	100	2	25.253639
126	100	1	15.411393
127	100	0	6.889852
128	100	2	0
0	101	2	0
1	101	1	0
2	101	1	0
3	101	0	0
4	101	0	2.342802
5	101	21	8.761396
6	101	14	9.292411
7	101	14	4.3442
8	101	15	3.442458
9	101	1198	13.968463
10	101	137	22.497614
11	101	793	20.027472
12	101	1199	12.128805
13	101	784	3.931771
14	101	532	0.108826
15	101	788	1.535712
16	101	417	6.2525
17	101	329	8.622132
18	101	1	12.275108
19	101	0	13.864404
20	101	0	15.657867
21	101	21	20.944271
22	101	15	28.038391
23	101	16	34.86554
24	101	40	40.288857
25	101	1	43.42849
26	101	94	44.658871
27	101	16	44.158058
28	101	40	47.231857
29	101	21	52.553806
30	101	15	54.859062
31	101	16	44.612438
32	101	13	29.888411
33	101	14	20.198385
34	101	20	9.270051
35	101	1	4.210836
36	101	1	11.159462
37	101	0	20.911978
38	101	2	27.22661
39	101	1	35.717236
40	101	1	40.204987
41	101	0	39.10957
42	101	1	33.83123
43	101	1	31.278723
44	101	1	30.698767
45	101	2	29.554367
46	101	1	27.75379
47	101	21	25.833881
48	101	14	23.530636
49	101	20	22.947411
50	101	2	24.4793
51	101	0	23.78647
52	101	1	24.238209
53	101	0	25.30337
54	101	24	23.12443
55	101	41	26.32873
56	101	41	28.252184
57	101	41	16.88254
58	101	39	7.881403
59	101	16	5.083978
60	101	16	4.175967
61	101	16	0.59266
62	101	40	0.145814
63	101	1	1.942858
64	101	2	4.205339
65	101	21	6.890573
66	101	14	10.882365
67	101	15	15.905048
68	101	16	20.069582
69	101	16	23.245497
70	101	13	25.611286
71	101	20	27.592861
72	101	347	28.037449
73	101	846	26.236855
74	101	846	22.944935
75	101	846	18.623102
76	101	1101	14.066677
77	101	63	9.810611
78	101	16	6.784232
79	101	16	9.494071
80	101	16	18.746916
81	101	16	27.349577
82	101	95	35.024052
83	101	28	41.133266
84	101	0	45.066063
85	101	2	45.380814
86	101	2	41.415867
87	101	2	34.611286
88	101	2	29.211952
89	101	1	25.881201
90	101	2	24.945314
91	101	2	25.363335
92	101	2	28.490261
93	101	0	34.608883
94	101	1	39.83226
95	101	45	43.881805
96	101	122	46.457298
97	101	36	46.657234
98	101	1	45.208721
99	101	2	43.294605
100	101	0	41.624073
101	101	0	39.8027
102	101	2	38.983994
103	101	1	39.851597
104	101	24	41.129307
105	101	28	43.00449
106	101	1	46.306271
107	101	2	50.713108
108	101	2	54.840214
109	101	2	58.536186
110	101	2	62.06448
111	101	1	63.866669
112	101	0	62.629581
113	101	0	59.097324
114	101	0	54.094147
115	101	24	51.158329
116	101	39	50.681774
117	101	13	53.054195
118	101	14	54.173901
119	101	20	54.669106
120	101	2	55.428146
121	101	1	54.552765
122	101	0	49.93008
123	101	0	42.410076
124	101	2	33.531807
125	101	1	24.089233
126	101	1	14.575233
127	101	0	7.176707
128	101	2	0
0	102	1	0
1	102	1	0
2	102	0	0
3	102	2	0
4	102	0	0
5	102	2	0
6	102	2	0
7	102	21	0
8	102	1014	0
9	102	250	1.417887
10	102	1200	6.924723
11	102	417	10.449063
12	102	632	7.642481
13	102	632	2.643098
14	102	313	2.608617
15	102	532	2.634156
16	102	1201	2.492576
17	102	296	3.646704
18	102	2	3.384094
19	102	1	4.312315
20	102	2	6.757384
21	102	94	13.604982
22	102	13	21.185205
23	102	20	28.616909
24	102	0	33.122837
25	102	94	35.056084
26	102	16	34.410652
27	102	95	30.804276
28	102	28	29.923059
29	102	21	35.343102
30	102	15	42.678822
31	102	95	41.038338
32	102	41	33.385353
33	102	28	21.38649
34	102	0	7.139484
35	102	2	-0.851453
36	102	1	13.966271
37	102	1	30.553463
38	102	1	35.243896
39	102	0	38.245369
40	102	0	38.59145
41	102	0	33.801998
42	102	2	29.201979
43	102	1	26.5166
44	102	1	23.119871
45	102	0	19.295162
46	102	0	15.231404
47	102	2	11.142061
48	102	1	9.281142
49	102	0	11.820232
50	102	2	15.370414
51	102	1	20.178877
52	102	24	24.058302
53	102	39	25.98505
54	102	16	25.930744
55	102	16	23.81436
56	102	16	20.67362
57	102	16	14.24657
58	102	16	8.164922
59	102	16	4.309139
60	102	16	1.46926
61	102	1202	0.202634
62	102	376	1.999031
63	102	41	4.467095
64	102	28	7.396327
65	102	0	10.641968
66	102	21	15.275228
67	102	14	20.465761
68	102	14	24.916471
69	102	20	29.024244
70	102	0	33.396587
71	102	325	36.857159
72	102	632	38.293896
73	102	349	35.340813
74	102	326	30.453825
75	102	326	25.313732
76	102	931	19.897448
77	102	1134	14.847789
78	102	1053	10.909842
79	102	14	16.484423
80	102	14	25.702175
81	102	15	35.054359
82	102	40	43.363132
83	102	2	50.562393
84	102	1	55.722588
85	102	1	57.074028
86	102	2	51.155025
87	102	2	43.8722
88	102	0	38.928829
89	102	1	35.04311
90	102	0	32.844952
91	102	0	32.950108
92	102	0	34.863876
93	102	45	40.843235
94	102	32	45.301991
95	102	4	47.883579
96	102	31	47.355644
97	102	36	44.760574
98	102	0	41.398262
99	102	1	37.959934
100	102	0	35.047714
101	102	2	32.541019
102	102	0	29.729565
103	102	21	29.414656
104	102	20	33.373825
105	102	1	37.612282
106	102	0	42.342857
107	102	0	47.252708
108	102	2	50.65453
109	102	2	52.941803
110	102	1	54.366199
111	102	0	54.663563
112	102	0	53.188789
113	102	0	48.733719
114	102	94	42.905418
115	102	16	40.110382
116	102	40	43.948639
117	102	0	45.709564
118	102	0	46.534943
119	102	2	47.159241
120	102	2	48.159092
121	102	0	48.315384
122	102	0	44.703701
123	102	2	37.726185
124	102	2	29.685429
125	102	0	20.927725
126	102	1	12.493223
127	102	2	6.433794
128	102	2	0
0	103	0	0
1	103	2	0
2	103	2	0
3	103	2	0
4	103	2	0
5	103	0	0
6	103	1	0
7	103	2	0
8	103	0	0
9	103	787	0
10	103	924	1.030704
11	103	349	5.497439
12	103	349	6.797919
13	103	349	9.551927
14	103	326	11.186495
15	103	1203	11.737153
16	103	272	10.649709
17	103	1	10.623217
18	103	24	9.517467
19	103	41	7.459652
20	103	71	7.695709
21	103	20	12.359783
22	103	0	18.435966
23	103	1	24.807827
24	103	94	29.436054
25	103	16	30.552217
26	103	16	27.696577
27	103	40	28.061665
28	103	1	28.86977
29	103	21	33.271038
30	103	15	37.977673
31	103	13	39.976368
32	103	20	43.251591
33	103	0	37.300419
34	103	0	18.125534
35	103	0	8.927156
36	103	0	18.407936
37	103	2	42.633801
38	103	2	52.665176
39	103	0	49.428989
40	103	2	46.092064
41	103	2	40.830112
42	103	1	34.076679
43	103	2	29.181019
44	103	2	23.492662
45	103	0	17.442877
46	103	2	9.305334
47	103	2	3.324637
48	103	1	7.430169
49	103	1	15.748338
50	103	273	23.430952
51	103	1178	29.667316
52	103	289	34.095287
53	103	256	36.216942
54	103	16	35.62429
55	103	17	32.266022
56	103	508	26.779142
57	103	217	20.35026
58	103	15	13.496627
59	103	16	7.073224
60	103	391	2.76647
61	103	266	1.871617
62	103	777	4.242148
63	103	20	7.214322
64	103	1	10.565931
65	103	2	14.157018
66	103	2	19.042654
67	103	2	24.501444
68	103	2	29.701694
69	103	2	35.993114
70	103	325	41.422119
71	103	349	44.964935
72	103	632	45.821602
73	103	349	42.470631
74	103	632	36.773304
75	103	326	31.286678
76	103	511	25.148756
77	103	352	19.766563
78	103	0	16.821985
79	103	1	21.873867
80	103	94	31.103092
81	103	95	40.68499
82	103	41	49.702442
83	103	28	57.490944
84	103	2	63.447701
85	103	2	65.847694
86	103	1	57.599518
87	103	2	51.07085
88	103	0	46.496761
89	103	1	42.772995
90	103	2	39.865631
91	103	2	39.385376
92	103	3	40.76918
93	103	4	46.172989
94	103	5	49.16613
95	103	5	48.541439
96	103	61	45.23251
97	103	2	40.752621
98	103	0	35.821796
99	103	0	31.055937
100	103	24	26.933311
101	103	41	23.933308
102	103	28	21.797165
103	103	0	22.842741
104	103	0	26.799229
105	103	0	32.596195
106	103	1	38.586956
107	103	1	44.703888
108	103	2	48.971436
109	103	1	51.520237
110	103	2	53.126308
111	103	1	52.961426
112	103	24	51.029316
113	103	39	48.021606
114	103	16	43.567123
115	103	40	41.273979
116	103	24	42.714752
117	103	28	42.048374
118	103	0	40.047215
119	103	0	39.01907
120	103	0	39.939034
121	103	2	40.062485
122	103	0	37.035576
123	103	2	30.925859
124	103	779	23.949593
125	103	295	16.324905
126	103	296	10.421342
127	103	0	5.372565
128	103	2	0
0	104	273	0
1	104	515	0
2	104	44	0
3	104	2	0
4	104	1	0
5	104	1	0
6	104	1126	0
7	104	1127	0
8	104	0	0
9	104	325	1.570547
10	104	632	7.57027
11	104	326	13.196236
12	104	349	15.996015
13	104	349	18.189966
14	104	503	20.54389
15	104	504	19.514406
16	104	1	17.097816
17	104	21	15.820321
18	104	14	16.172586
19	104	20	14.187796
20	104	1	13.750477
21	104	2	18.045036
22	104	2	23.104137
23	104	94	27.585928
24	104	16	31.0123
25	104	16	23.969685
26	104	95	16.49617
27	104	28	20.937431
28	104	1	31.917831
29	104	21	39.122524
30	104	20	44.585617
31	104	2	51.25943
32	104	1	48.282402
33	104	2	45.132824
34	104	1	33.875576
35	104	2	20.730165
36	104	1	24.725683
37	104	1	40.086987
38	104	2	56.454185
39	104	2	59.373425
40	104	0	54.237686
41	104	0	47.690704
42	104	1	39.786819
43	104	2	33.852509
44	104	1	27.056095
45	104	1	18.340542
46	104	0	5.674922
47	104	1	1.925083
48	104	1	11.243394
49	104	214	23.182837
50	104	450	32.385727
51	104	143	39.431824
52	104	266	44.559361
53	104	256	47.006332
54	104	145	46.010204
55	104	4	41.096218
56	104	31	33.54327
57	104	301	25.267687
58	104	14	17.225748
59	104	1204	9.724208
60	104	1205	4.799108
61	104	1206	4.412942
62	104	28	7.066823
63	104	0	10.773464
64	104	1	14.69152
65	104	2	18.716743
66	104	0	23.376221
67	104	2	29.431894
68	104	1	37.752357
69	104	325	44.876736
70	104	326	49.753742
71	104	349	52.055607
72	104	326	51.394527
73	104	349	47.760319
74	104	511	41.590103
75	104	352	36.069233
76	104	2	29.683208
77	104	0	23.619593
78	104	0	21.389952
79	104	94	25.548145
80	104	16	34.372536
81	104	16	43.864685
82	104	40	53.003651
83	104	2	60.804543
84	104	0	65.887856
85	104	0	64.877495
86	104	0	59.496441
87	104	0	54.914856
88	104	0	51.292782
89	104	1	48.237179
90	104	1	45.548874
91	104	3	44.24509
92	104	5	45.82333
93	104	5	50.033096
94	104	4	49.8909
95	104	31	46.505466
96	104	36	41.465599
97	104	1	35.492653
98	104	1	29.279041
99	104	94	23.34738
100	104	16	18.250095
101	104	95	14.680203
102	104	28	15.955841
103	104	0	20.44733
104	104	0	18.952971
105	104	0	22.760406
106	104	1	34.531536
107	104	1	43.287315
108	104	2	49.248962
109	104	0	52.758698
110	104	0	55.855083
111	104	94	56.794983
112	104	16	55.06432
113	104	16	51.72625
114	104	40	47.238617
115	104	21	42.442841
116	104	199	39.408459
117	104	751	37.716312
118	104	36	35.426186
119	104	1	33.394646
120	104	2	31.339224
121	104	0	30.201761
122	104	347	26.879459
123	104	784	22.375011
124	104	1037	16.965054
125	104	1207	12.390463
126	104	1196	7.83927
127	104	780	4.018831
128	104	1208	0
0	105	1209	0
1	105	653	0
2	105	0	0
3	105	1	0
4	105	1126	0
5	105	1065	0
6	105	1210	0
7	105	780	0
8	105	348	0.461229
9	105	632	6.54877
10	105	326	15.050212
11	105	788	21.956898
12	105	417	23.503677
13	105	349	24.710102
14	105	1201	26.73786
15	105	296	25.900202
16	105	1	23.06209
17	105	2	23.071083
18	105	0	23.252205
19	105	1	22.556934
20	105	0	23.25354
21	105	2	26.972435
22	105	21	31.676996
23	105	16	35.546841
24	105	16	35.777737
25	105	13	24.259031
26	105	20	12.252274
27	105	45	15.299914
28	105	36	27.420277
29	105	1	42.996922
30	105	2	55.962208
31	105	0	59.052433
32	105	1	54.753143
33	105	2	52.572788
34	105	1	52.721043
35	105	1	45.231972
36	105	0	33.126747
37	105	2	38.890038
38	105	0	54.070534
39	105	0	63.294205
40	105	1	59.894192
41	105	2	51.332573
42	105	2	42.515369
43	105	0	36.450623
44	105	2	28.55258
45	105	2	15.394363
46	105	0	4.469316
47	105	0	4.206259
48	105	1	17.319996
49	105	214	31.7031
50	105	274	40.767986
51	105	274	48.479958
52	105	702	54.319935
53	105	34	57.392197
54	105	35	55.987724
55	105	5	48.697144
56	105	31	38.493782
57	105	122	28.705051
58	105	301	19.594578
59	105	179	12.064056
60	105	221	7.171085
61	105	20	7.198569
62	105	0	10.669873
63	105	0	15.395157
64	105	0	20.791201
65	105	0	27.184696
66	105	2	34.078571
67	105	2	43.687515
68	105	325	50.891129
69	105	349	54.9482
70	105	326	56.559933
71	105	326	57.349407
72	105	511	56.531162
73	105	1211	53.06115
74	105	122	46.778763
75	105	122	39.702019
76	105	36	32.819241
77	105	0	26.546307
78	105	94	24.015574
79	105	13	26.980221
80	105	14	34.985577
81	105	20	43.910461
82	105	0	52.474087
83	105	1	59.767643
84	105	24	63.589397
85	105	41	60.58987
86	105	28	57.911209
87	105	0	55.440777
88	105	2	53.240669
89	105	1	51.129898
90	105	29	48.921696
91	105	30	47.257698
92	105	7	49.629257
93	105	6	51.084034
94	105	7	48.274784
95	105	31	43.166962
96	105	36	36.697628
97	105	2	29.55875
98	105	21	22.40509
99	105	15	15.707542
100	105	16	9.115634
101	105	40	0.444307
102	105	2	1.307068
103	105	2	9.285832
104	105	2	9.808204
105	105	2	11.438406
106	105	1	25.804537
107	105	1	42.268112
108	105	1	50.997021
109	105	2	55.789616
110	105	94	60.035561
111	105	16	61.728714
112	105	16	60.36467
113	105	95	56.267574
114	105	41	51.617321
115	105	759	44.873882
116	105	18	39.554352
117	105	61	34.534691
118	105	2	31.183777
119	105	1	28.73205
120	105	347	26.086344
121	105	348	22.65251
122	105	632	19.103064
123	105	632	16.363342
124	105	1212	12.621524
125	105	1198	8.815088
126	105	510	5.515397
127	105	788	2.62896
128	105	1213	0
0	106	1214	0
1	106	846	0
2	106	846	0
3	106	1215	0
4	106	1105	0
5	106	1216	0
6	106	510	0
7	106	326	0.191102
8	106	349	3.269623
9	106	511	10.55061
10	106	1097	18.981493
11	106	1098	24.914015
12	106	363	29.483953
13	106	1217	32.371334
14	106	265	34.810852
15	106	1	34.732372
16	106	1	33.651299
17	106	0	33.871502
18	106	2	33.885265
19	106	2	34.046173
20	106	1	34.85202
21	106	1	37.69141
22	106	16	42.233517
23	106	16	45.968639
24	106	40	46.469036
25	106	0	42.05867
26	106	3	33.951691
27	106	61	35.202839
28	106	0	40.968048
29	106	2	50.008575
30	106	2	64.011894
31	106	2	71.133118
32	106	0	67.595657
33	106	2	67.679321
34	106	0	75.770241
35	106	0	79.690895
36	106	0	67.877014
37	106	2	59.492241
38	106	0	61.91893
39	106	0	68.982468
40	106	0	65.62381
41	106	0	55.522469
42	106	1	42.566608
43	106	24	34.269516
44	106	41	21.296562
45	106	28	8.4496
46	106	0	0.695752
47	106	1	9.375824
48	106	1	25.471273
49	106	0	39.585632
50	106	1	47.937962
51	106	94	56.052372
52	106	13	61.924091
53	106	102	64.871048
54	106	5	60.285118
55	106	4	51.016792
56	106	5	40.238407
57	106	31	29.803326
58	106	122	21.039303
59	106	36	14.711173
60	106	0	10.584486
61	106	0	11.430516
62	106	1	15.97397
63	106	347	22.543455
64	106	846	30.904119
65	106	846	38.710335
66	106	846	47.149223
67	106	348	55.716988
68	106	349	62.058212
69	106	326	64.896896
70	106	349	65.476913
71	106	1218	63.641113
72	106	32	60.463531
73	106	5	57.006401
74	106	4	50.563408
75	106	61	42.946026
76	106	2	34.249268
77	106	21	27.522398
78	106	20	24.58643
79	106	2	25.905733
80	106	0	32.44495
81	106	2	40.15646
82	106	24	47.425068
83	106	39	53.599419
84	106	17	56.258427
85	106	611	54.082127
86	106	122	53.673206
87	106	122	53.144699
88	106	122	52.554977
89	106	36	51.575016
90	106	0	50.039448
91	106	29	48.361217
92	106	89	51.780643
93	106	3	50.2953
94	106	6	45.631924
95	106	89	39.099617
96	106	1	31.439526
97	106	2	23.436817
98	106	21	15.644828
99	106	15	8.802021
100	106	40	-3.973841
101	106	1	-20.137672
102	106	0	-17.117447
103	106	0	-0.544103
104	106	2	4.963764
105	106	0	10.439342
106	106	0	27.320669
107	106	0	47.167316
108	106	24	56.947903
109	106	39	61.775394
110	106	16	65.153061
111	106	13	66.662872
112	106	1194	65.446724
113	106	217	61.290955
114	106	102	55.68185
115	106	6	48.300797
116	106	740	41.107128
117	106	1219	35.812752
118	106	846	31.529526
119	106	348	28.022732
120	106	349	24.157253
121	106	632	19.728308
122	106	1220	16.806616
123	106	1221	14.834785
124	106	1222	12.026628
125	106	532	8.278804
126	106	313	4.451072
127	106	532	1.354153
128	106	326	0
0	107	326	0
1	107	326	0
2	107	1146	0
3	107	1130	0
4	107	1223	0
5	107	532	0
6	107	788	0.108403
7	107	1224	2.02555
8	107	352	6.853441
9	107	1	13.902429
10	107	1	21.401272
11	107	0	30.528162
12	107	787	38.001255
13	107	915	44.792732
14	107	122	48.503929
15	107	36	48.114788
16	107	2	47.803482
17	107	2	47.446701
18	107	2	47.217232
19	107	0	47.005829
20	107	1	47.427734
21	107	16	53.810413
22	107	16	58.087364
23	107	40	57.251957
24	107	2	59.113541
25	107	29	69.353371
26	107	89	73.134819
27	107	0	73.229187
28	107	1	69.818222
29	107	0	64.639511
30	107	1	72.43689
31	107	2	81.663322
32	107	0	85.071548
33	107	2	89.002686
34	107	2	98.152519
35	107	2	106.761604
36	107	2	101.226456
37	107	2	91.605492
38	107	2	86.476906
39	107	0	81.918327
40	107	1	73.857773
41	107	2	61.420578
42	107	94	46.467663
43	107	16	30.324883
44	107	40	14.167839
45	107	2	0.546211
46	107	2	-0.906144
47	107	2	9.449012
48	107	1	28.395784
49	107	2	45.306465
50	107	94	56.309658
51	107	40	63.547253
52	107	3	66.807404
53	107	4	65.328827
54	107	5	58.910904
55	107	5	49.426067
56	107	4	39.680141
57	107	5	30.495739
58	107	31	23.209879
59	107	36	17.896322
60	107	2	14.559159
61	107	0	16.388399
62	107	325	22.981926
63	107	788	32.255936
64	107	417	40.651302
65	107	632	49.764614
66	107	1225	58.041241
67	107	1226	64.550659
68	107	632	69.929161
69	107	511	72.497353
70	107	375	71.904945
71	107	5	69.413536
72	107	5	64.788628
73	107	4	58.572044
74	107	61	51.499306
75	107	2	43.105656
76	107	1	33.519962
77	107	1	25.754417
78	107	2	23.379911
79	107	1	23.474384
80	107	0	26.528101
81	107	94	33.017239
82	107	17	39.06638
83	107	18	43.586731
84	107	5	45.039207
85	107	4	45.494106
86	107	4	47.333485
87	107	4	48.668709
88	107	31	49.661739
89	107	36	49.863068
90	107	0	49.18626
91	107	1	50.829437
92	107	29	52.224613
93	107	89	48.739437
94	107	0	42.558769
95	107	2	34.771111
96	107	0	26.131483
97	107	0	17.398262
98	107	21	8.315296
99	107	20	-2.034434
100	107	1	-17.153847
101	107	2	-32.638897
102	107	0	-34.068516
103	107	1	-12.48623
104	107	2	13.792593
105	107	2	24.440142
106	107	1	40.78738
107	107	94	55.715851
108	107	17	63.494259
109	107	508	66.391632
110	107	611	67.905716
111	107	32	69.289787
112	107	31	68.332977
113	107	32	64.634537
114	107	31	59.210316
115	107	32	52.26083
116	107	328	46.022938
117	107	349	39.609299
118	107	349	33.972115
119	107	326	29.233461
120	107	326	24.966618
121	107	1212	20.517038
122	107	1227	18.264839
123	107	1228	16.290453
124	107	336	13.591651
125	107	975	10.139061
126	107	349	6.307593
127	107	326	2.573597
128	107	326	0
0	108	349	0
1	108	326	0
2	108	632	0
3	108	326	0
4	108	511	0
5	108	1097	0
6	108	272	1.423039
7	108	2	4.802065
8	108	0	10.570176
9	108	1	19.524504
10	108	1	30.357882
11	108	45	42.170002
12	108	32	52.77211
13	108	5	61.218571
14	108	61	65.75544
15	108	0	65.070763
16	108	1	62.023937
17	108	1	59.783184
18	108	1	59.03244
19	108	2	58.600124
20	108	16	63.42202
21	108	16	72.951523
22	108	40	75.608337
23	108	45	75.397301
24	108	36	88.358917
25	108	0	102.118141
26	108	45	102.426971
27	108	122	109.191956
28	108	122	102.977875
29	108	122	91.905037
30	108	122	88.946297
31	108	36	96.704704
32	108	2	104.676224
33	108	1	111.216667
34	108	2	118.549744
35	108	2	122.02536
36	108	45	125.557571
37	108	122	122.63015
38	108	122	113.401604
39	108	122	98.296074
40	108	122	84.233284
41	108	123	69.007088
42	108	288	53.485123
43	108	1229	31.6679
44	108	41	10.741116
45	108	41	1.268411
46	108	41	2.738391
47	108	28	10.897117
48	108	42	27.616144
49	108	66	50.902817
50	108	95	66.564369
51	108	554	72.418549
52	108	60	71.785385
53	108	73	65.638824
54	108	7	55.626873
55	108	6	46.686813
56	108	7	38.334568
57	108	284	30.258677
58	108	796	24.361866
59	108	780	20.200424
60	108	781	18.165359
61	108	805	22.129622
62	108	313	31.198612
63	108	532	40.878212
64	108	1225	50.110989
65	108	1230	58.898361
66	108	1231	66.412819
67	108	326	72.230904
68	108	329	75.76136
69	108	3	77.13131
70	108	5	75.471825
71	108	5	72.045006
72	108	6	65.821152
73	108	89	56.513824
74	108	1	47.143814
75	108	1	38.823128
76	108	2	30.159481
77	108	1	23.230301
78	108	1	20.268333
79	108	1	19.473068
80	108	21	20.182804
81	108	102	23.747486
82	108	4	28.793516
83	108	5	32.191227
84	108	4	33.22588
85	108	4	35.980167
86	108	5	39.519634
87	108	5	42.489246
88	108	31	44.997459
89	108	36	46.445549
90	108	2	48.578106
91	108	1	52.960739
92	108	2	52.076256
93	108	2	46.982155
94	108	1	39.475746
95	108	0	30.514627
96	108	2	21.003283
97	108	2	11.811666
98	108	1	-2.308008
99	108	2	-17.69029
100	108	1	-25.132067
101	108	1	-38.252544
102	108	2	-42.684246
103	108	24	-15.201182
104	108	41	19.045078
105	108	41	37.882408
106	108	39	48.313396
107	108	145	57.964912
108	108	4	63.511978
109	108	5	67.619911
110	108	4	69.122147
111	108	5	69.159889
112	108	4	68.808907
113	108	4	66.53624
114	108	6	63.185547
115	108	1052	58.071369
116	108	349	51.797119
117	108	349	44.762501
118	108	326	37.940414
119	108	349	31.653164
120	108	1232	26.549137
121	108	1233	23.255032
122	108	1234	20.8048
123	108	350	18.747307
124	108	625	15.944571
125	108	1119	12.38101
126	108	975	8.51345
127	108	326	5.377011
128	108	326	0
0	109	632	0
1	109	788	0
2	109	1224	0
3	109	352	0
4	109	1	0
5	109	0	0.696126
6	109	1	3.314795
7	109	0	7.306308
8	109	0	15.615345
9	109	45	27.051388
10	109	32	41.390388
11	109	5	55.595066
12	109	5	67.885094
13	109	31	77.317543
14	109	122	81.123238
15	109	122	78.883026
16	109	122	75.516998
17	109	36	72.729233
18	109	0	71.059258
19	109	16	73.64209
20	109	16	88.870613
21	109	236	98.340691
22	109	32	92.010696
23	109	31	98.09333
24	109	122	126.030167
25	109	1235	140.098679
26	109	60	134.508179
27	109	60	137.960678
28	109	35	142.046219
29	109	5	118.591309
30	109	61	109.430885
31	109	45	115.072205
32	109	122	121.139229
33	109	122	125.265678
34	109	122	132.725113
35	109	32	138.13237
36	109	284	141.628036
37	109	823	138.890656
38	109	5	129.545639
39	109	5	114.160339
40	109	1236	97.437332
41	109	290	79.422821
42	109	1237	58.470718
43	109	238	34.872898
44	109	238	9.767385
45	109	283	2.593874
46	109	20	9.53073
47	109	67	19.289335
48	109	93	35.038101
49	109	14	57.204414
50	109	96	74.61544
51	109	283	77.553467
52	109	20	74.138222
53	109	29	66.165695
54	109	70	55.93391
55	109	554	44.187572
56	109	1238	35.463196
57	109	159	28.901026
58	109	510	24.493528
59	109	313	21.432913
60	109	532	22.415123
61	109	1220	28.050268
62	109	252	37.826431
63	109	1239	47.865646
64	109	1187	57.094101
65	109	1231	65.716553
66	109	632	72.831146
67	109	329	77.838097
68	109	3	80.420387
69	109	4	79.714821
70	109	4	76.338547
71	109	61	70.44722
72	109	0	61.549664
73	109	2	50.498508
74	109	2	39.995846
75	109	1	33.483555
76	109	1	27.100637
77	109	2	20.159294
78	109	0	15.780389
79	109	0	14.186254
80	109	3	14.379477
81	109	5	16.118963
82	109	5	18.165369
83	109	5	20.185251
84	109	4	21.590996
85	109	5	25.855522
86	109	4	30.666298
87	109	4	35.144783
88	109	31	39.315762
89	109	36	44.725201
90	109	1	50.288158
91	109	0	54.225739
92	109	2	51.732189
93	109	0	45.545906
94	109	0	36.915108
95	109	0	26.808344
96	109	1	16.406349
97	109	2	5.733977
98	109	0	-15.729461
99	109	1	-37.571632
100	109	2	-46.392532
101	109	24	-47.879086
102	109	39	-39.58989
103	109	13	-15.147247
104	109	15	14.252538
105	109	17	34.256828
106	109	18	43.673935
107	109	5	51.667366
108	109	4	57.724255
109	109	5	63.189201
110	109	4	66.762886
111	109	5	68.058868
112	109	4	67.396088
113	109	31	65.784096
114	109	1240	63.605247
115	109	349	60.795216
116	109	632	56.04533
117	109	1220	49.654728
118	109	1241	42.83535
119	109	1242	36.134922
120	109	1243	30.523481
121	109	691	25.856976
122	109	350	23.480124
123	109	4	21.345554
124	109	4	18.426016
125	109	328	15.049207
126	109	349	11.580402
127	109	511	8.115511
128	109	363	0
0	110	1097	0
1	110	272	0
2	110	2	0
3	110	2	0
4	110	2	0.122134
5	110	1	1.979159
6	110	0	5.060063
7	110	2	11.011947
8	110	29	21.018997
9	110	30	35.582123
10	110	30	52.476437
11	110	30	68.331894
12	110	7	81.319412
13	110	4	89.583359
14	110	4	92.059654
15	110	5	90.423012
16	110	31	89.060715
17	110	36	86.853516
18	110	16	83.573074
19	110	16	96.218925
20	110	34	115.53083
21	110	73	124.868614
22	110	7	111.916245
23	110	72	116.094284
24	110	222	144.526291
25	110	16	157.925461
26	110	16	156.12825
27	110	145	169.611115
28	110	5	163.187439
29	110	31	141.984879
30	110	32	130.213104
31	110	4	128.821411
32	110	4	131.3302
33	110	4	138.84697
34	110	284	148.601013
35	110	285	154.521591
36	110	819	152.60849
37	110	5	151.005814
38	110	5	145.643402
39	110	169	133.755295
40	110	767	115.822655
41	110	1244	94.48658
42	110	68	71.0382
43	110	176	41.853813
44	110	345	9.653642
45	110	1	1.031969
46	110	153	16.353079
47	110	345	30.320759
48	110	1	46.319462
49	110	153	68.191765
50	110	293	79.322662
51	110	41	79.783943
52	110	65	74.568748
53	110	66	65.841614
54	110	288	55.296879
55	110	1245	43.552593
56	110	1246	31.333742
57	110	1247	25.928892
58	110	1248	23.194536
59	110	326	22.65196
60	110	921	26.960047
61	110	1249	33.930923
62	110	290	42.862648
63	110	1187	51.796593
64	110	1231	61.096298
65	110	511	69.290726
66	110	1211	76.338181
67	110	32	81.076263
68	110	5	81.786263
69	110	4	79.032936
70	110	61	74.603424
71	110	2	65.647202
72	110	0	55.083035
73	110	2	44.69035
74	110	1	35.490242
75	110	1	28.996359
76	110	2	22.754177
77	110	2	16.125841
78	110	45	11.102015
79	110	32	8.487597
80	110	5	8.617052
81	110	5	9.891911
82	110	4	11.029611
83	110	72	11.505687
84	110	35	12.328546
85	110	5	17.200167
86	110	4	23.295336
87	110	5	30.189449
88	110	61	37.744446
89	110	1	45.025723
90	110	0	52.487423
91	110	0	55.118382
92	110	24	51.579227
93	110	28	44.563469
94	110	1	35.139973
95	110	2	24.167471
96	110	2	12.80291
97	110	0	-1.663412
98	110	1	-22.049906
99	110	1	-46.458439
100	110	94	-56.783531
101	110	13	-49.882835
102	110	20	-37.092857
103	110	1250	-11.609114
104	110	18	15.420203
105	110	72	28.581171
106	110	60	36.375088
107	110	35	43.176178
108	110	4	48.880299
109	110	5	54.853214
110	110	4	59.526947
111	110	5	62.369812
112	110	5	63.377892
113	110	328	61.869553
114	110	1076	60.421104
115	110	641	59.570362
116	110	1251	57.068523
117	110	1252	53.469738
118	110	1253	49.046291
119	110	1044	44.102562
120	110	336	38.269531
121	110	337	31.984129
122	110	4	27.133678
123	110	6	24.663807
124	110	1096	21.899971
125	110	363	18.34672
126	110	352	14.369394
127	110	0	10.414032
128	110	2	0
0	111	1	0
1	111	42	1.998557
2	111	43	2.046356
3	111	43	1.541757
4	111	43	1.309665
5	111	43	3.003716
6	111	43	6.591846
7	111	43	15.356019
8	111	320	26.808128
9	111	36	44.838299
10	111	2	64.179504
11	111	29	81.955986
12	111	7	94.534492
13	111	4	101.37693
14	111	5	103.132477
15	111	4	103.462273
16	111	61	101.977211
17	111	16	99.328201
18	111	1254	97.404327
19	111	63	116.603409
20	111	236	139.158661
21	111	32	145.339203
22	111	149	135.431351
23	111	16	140.578094
24	111	16	156.956863
25	111	17	161.388321
26	111	18	173.454422
27	111	5	185.447281
28	111	5	182.262543
29	111	4	156.917145
30	111	4	156.798752
31	111	4	155.333725
32	111	4	146.728958
33	111	264	155.162399
34	111	137	163.157608
35	111	819	161.43988
36	111	4	158.108887
37	111	146	159.619888
38	111	1255	152.059525
39	111	1256	137.282913
40	111	219	125.8162
41	111	268	113.219383
42	111	156	92.330872
43	111	95	59.98912
44	111	232	24.223339
45	111	434	10.172822
46	111	20	21.583118
47	111	2	38.564129
48	111	21	54.706127
49	111	14	73.594635
50	111	14	82.379059
51	111	200	80.163704
52	111	128	73.297768
53	111	1257	64.243805
54	111	1258	53.117722
55	111	1259	40.588654
56	111	16	28.356176
57	111	64	21.659147
58	111	1248	21.546066
59	111	313	26.203972
60	111	1260	31.09548
61	111	1187	38.057175
62	111	681	46.045841
63	111	691	53.184582
64	111	329	60.322147
65	111	3	67.361198
66	111	5	74.525375
67	111	5	79.307816
68	111	4	77.506042
69	111	61	72.141251
70	111	0	65.268822
71	111	2	56.497047
72	111	2	47.985371
73	111	1	38.530827
74	111	1	29.479202
75	111	0	23.160208
76	111	2	17.219496
77	111	3	10.938797
78	111	5	6.573431
79	111	4	3.797466
80	111	4	3.679239
81	111	72	4.455814
82	111	222	5.038558
83	111	59	5.380403
84	111	30	6.779158
85	111	30	12.208908
86	111	30	19.877609
87	111	89	28.362673
88	111	2	37.108624
89	111	2	46.730072
90	111	1	54.306793
91	111	94	56.027874
92	111	95	51.945065
93	111	28	44.426918
94	111	2	34.531761
95	111	2	23.134371
96	111	1	9.940778
97	111	2	-9.277091
98	111	0	-27.682056
99	111	21	-42.4375
100	111	20	-44.407532
101	111	2	-37.046799
102	111	3	-21.702221
103	111	72	-4.327475
104	111	222	12.87204
105	111	16	21.362495
106	111	34	27.828411
107	111	35	33.582428
108	111	5	38.615211
109	111	4	44.122059
110	111	5	49.194695
111	111	5	53.043922
112	111	328	57.104214
113	111	1261	61.06636
114	111	582	65.526276
115	111	583	69.508919
116	111	690	71.205276
117	111	691	70.593956
118	111	326	67.838997
119	111	350	62.425556
120	111	5	54.618164
121	111	5	44.73008
122	111	61	36.37188
123	111	347	29.777292
124	111	504	24.797264
125	111	2	20.7932
126	111	347	16.282129
127	111	846	11.932868
128	111	1262	0
0	112	99	0
1	112	68	8.01343
2	112	100	7.659317
3	112	282	6.114711
4	112	100	5.181556
5	112	282	5.824991
6	112	282	10.604729
7	112	346	22.793018
8	112	31	38.166973
9	112	36	56.528194
10	112	1	79.133499
11	112	29	98.200706
12	112	7	110.999367
13	112	4	117.001205
14	112	4	119.52243
15	112	61	119.079041
16	112	16	114.540207
17	112	64	109.27935
18	112	1263	113.432922
19	112	102	135.126373
20	112	5	152.901093
21	112	216	158.731247
22	112	508	157.625473
23	112	508	167.598343
24	112	18	174.758347
25	112	4	177.913712
26	112	4	188.051193
27	112	4	196.874039
28	112	4	184.518402
29	112	4	182.666702
30	112	4	191.3629
31	112	284	186.098312
32	112	285	172.249207
33	112	137	167.05278
34	112	819	164.924713
35	112	5	161.974503
36	112	169	164.223526
37	112	767	166.992325
38	112	410	154.78299
39	112	39	140.781921
40	112	16	137.468781
41	112	177	135.390274
42	112	283	117.549355
43	112	253	87.711395
44	112	213	54.057625
45	112	0	36.903984
46	112	0	38.149704
47	112	1	49.357113
48	112	2	62.955009
49	112	0	80.167953
50	112	129	85.36628
51	112	221	81.012787
52	112	20	72.078506
53	112	214	61.348183
54	112	275	48.943829
55	112	15	35.57346
56	112	16	23.919247
57	112	64	19.021235
58	112	1248	24.45718
59	112	692	29.557884
60	112	682	33.942039
61	112	691	39.520573
62	112	632	46.890285
63	112	503	53.021404
64	112	1264	57.658974
65	112	4	62.429569
66	112	5	66.113739
67	112	6	67.628372
68	112	89	65.804649
69	112	1	60.215851
70	112	2	53.610935
71	112	0	46.955013
72	112	2	39.190529
73	112	0	28.481968
74	112	0	19.421387
75	112	0	14.983054
76	112	3	10.897153
77	112	4	5.359657
78	112	5	2.102417
79	112	4	1.359737
80	112	149	0.874732
81	112	16	0.630004
82	112	40	0.877461
83	112	2	1.47567
84	112	1	4.165815
85	112	0	11.208867
86	112	0	20.041466
87	112	1	29.974901
88	112	1	40.164768
89	112	2	49.118458
90	112	94	55.641663
91	112	16	56.963989
92	112	40	52.798492
93	112	0	45.124043
94	112	1	34.997524
95	112	1	23.452806
96	112	2	7.501086
97	112	2	-13.18436
98	112	2	-27.624403
99	112	0	-32.911854
100	112	0	-27.066906
101	112	568	-16.979319
102	112	222	-4.365897
103	112	16	3.682628
104	112	16	7.785225
105	112	17	13.239363
106	112	18	18.468801
107	112	4	23.262299
108	112	4	27.618916
109	112	5	31.751644
110	112	4	37.403934
111	112	328	48.524811
112	112	1265	58.455414
113	112	678	69.299843
114	112	632	80.185143
115	112	336	87.869888
116	112	1119	92.43766
117	112	1119	93.536133
118	112	337	91.408058
119	112	4	84.147202
120	112	5	73.265228
121	112	31	62.383385
122	112	1266	50.429451
123	112	352	39.307899
124	112	347	29.873583
125	112	348	21.899796
126	112	1076	17.000614
127	112	1267	12.443947
128	112	282	0
0	113	282	0
1	113	100	14.978172
2	113	100	14.561404
3	113	68	12.745398
4	113	282	10.912642
5	113	282	12.836882
6	113	332	33.44104
7	113	333	56.552635
8	113	61	69.284912
9	113	0	79.960602
10	113	1	96.462601
11	113	29	117.120071
12	113	30	130.613297
13	113	7	135.7034
14	113	31	137.643036
15	113	16	133.280121
16	113	16	126.409546
17	113	236	121.859863
18	113	32	132.035629
19	113	5	155.534851
20	113	4	167.055115
21	113	5	167.318985
22	113	5	172.869095
23	113	4	191.470245
24	113	4	190.642181
25	113	4	188.628403
26	113	72	189.524231
27	113	448	192.606018
28	113	333	184.887329
29	113	284	197.400177
30	113	285	215.96489
31	113	159	216.794617
32	113	137	202.781982
33	113	836	187.466171
34	113	822	175.606033
35	113	1268	171.747009
36	113	1269	180.563843
37	113	17	183.460632
38	113	508	170.896469
39	113	241	157.592606
40	113	1270	158.913849
41	113	653	160.369476
42	113	0	145.653046
43	113	0	120.026505
44	113	2	93.019913
45	113	2	74.139694
46	113	0	70.573029
47	113	2	70.233589
48	113	1	79.607178
49	113	1	91.292542
50	113	0	92.008507
51	113	2	81.434738
52	113	0	70.364296
53	113	0	58.541534
54	113	21	45.847084
55	113	14	31.62961
56	113	15	21.372641
57	113	1271	21.094557
58	113	1070	26.305067
59	113	1119	30.560646
60	113	1119	34.238358
61	113	1119	38.80368
62	113	975	45.542572
63	113	875	51.501392
64	113	211	55.692661
65	113	30	58.7272
66	113	89	60.137814
67	113	1	58.565575
68	113	2	53.792759
69	113	1	47.735233
70	113	2	42.139172
71	113	24	35.368153
72	113	41	23.12903
73	113	28	11.283845
74	113	0	4.413091
75	113	3	4.097074
76	113	4	2.785983
77	113	5	0.396778
78	113	72	0.101356
79	113	222	0
80	113	16	-0.607702
81	113	40	-2.992212
82	113	1	-2.215379
83	113	1	1.962935
84	113	2	5.563414
85	113	2	13.357607
86	113	0	23.508976
87	113	0	34.326408
88	113	0	44.816116
89	113	21	54.067776
90	113	14	60.444691
91	113	20	59.979725
92	113	45	54.337521
93	113	795	46.61821
94	113	43	36.57782
95	113	44	24.978525
96	113	42	11.20789
97	113	44	-7.706375
98	113	24	-17.178518
99	113	41	-18.934137
100	113	39	-13.38949
101	113	16	-7.448998
102	113	16	-0.606589
103	113	16	1.347196
104	113	34	3.403702
105	113	60	5.671064
106	113	35	8.908515
107	113	5	12.610265
108	113	4	16.344017
109	113	5	26.078672
110	113	625	41.710819
111	113	1272	57.257137
112	113	252	73.175552
113	113	252	88.87072
114	113	430	101.892235
115	113	35	112.043686
116	113	5	117.552841
117	113	72	117.961853
118	113	35	113.32003
119	113	5	104.903549
120	113	5	92.229836
121	113	1273	78.173729
122	113	846	63.974396
123	113	348	48.80455
124	113	1076	35.338806
125	113	1267	23.801702
126	113	100	16.2108
127	113	68	11.877426
128	113	68	0
0	114	68	0
1	114	68	21.921843
2	114	151	21.417089
3	114	100	19.143717
4	114	100	17.765251
5	114	100	32.344807
6	114	633	66.235947
7	114	89	100.001862
8	114	0	114.43924
9	114	2	117.474693
10	114	2	129.808334
11	114	0	155.295441
12	114	3	167.500412
13	114	4	162.265457
14	114	16	154.047318
15	114	16	145.38295
16	114	59	137.204132
17	114	30	138.080338
18	114	7	150.86055
19	114	5	173.316055
20	114	72	180.843094
21	114	1274	175.771698
22	114	1275	187.133987
23	114	60	208.049606
24	114	448	208.278015
25	114	470	195.584259
26	114	92	185.064285
27	114	332	189.47673
28	114	1276	195.378525
29	114	1246	206.803711
30	114	962	223.406631
31	114	159	225.422684
32	114	137	225.5737
33	114	159	212.618439
34	114	137	201.724411
35	114	1277	194.326462
36	114	18	195.497192
37	114	5	203.118118
38	114	216	194.367645
39	114	1278	185.361496
40	114	1279	183.450073
41	114	1	183.874786
42	114	273	170.986191
43	114	233	152.420715
44	114	233	129.273727
45	114	426	111.18335
46	114	2	102.314453
47	114	2	97.558922
48	114	0	95.535042
49	114	2	96.558212
50	114	0	92.664108
51	114	1	76.957069
52	114	1	59.442898
53	114	1	45.642509
54	114	1	36.941677
55	114	21	24.779041
56	114	20	16.363594
57	114	3	19.366898
58	114	4	25.717562
59	114	5	29.782646
60	114	4	33.112576
61	114	328	37.59903
62	114	326	45.722649
63	114	503	52.127083
64	114	846	55.540577
65	114	846	55.97876
66	114	846	55.797043
67	114	504	52.63496
68	114	1	46.685123
69	114	2	38.530003
70	114	21	30.747469
71	114	754	20.960518
72	114	388	6.014227
73	114	1	-6.446286
74	114	3	-10.908275
75	114	4	-5.533493
76	114	72	-2.361657
77	114	222	-0.1222
78	114	16	-0.485016
79	114	16	-0.349898
80	114	95	-6.546686
81	114	41	-11.022211
82	114	28	-8.821871
83	114	2	-1.180559
84	114	0	8.426933
85	114	1	16.821203
86	114	2	27.437216
87	114	2	38.676399
88	114	0	49.819008
89	114	2	59.676514
90	114	45	66.796768
91	114	1280	68.016495
92	114	577	61.732292
93	114	68	52.638741
94	114	69	41.406418
95	114	99	28.701077
96	114	69	15.855652
97	114	66	3.871227
98	114	16	-2.316243
99	114	16	-1.853853
100	114	16	-1.136596
101	114	16	1.207723
102	114	16	1.070485
103	114	16	0
104	114	16	0.070672
105	114	34	1.248855
106	114	60	3.898299
107	114	60	11.014981
108	114	60	23.788818
109	114	35	40.670376
110	114	149	58.403633
111	114	16	74.562172
112	114	16	92.507881
113	114	16	109.706367
114	114	34	125.922859
115	114	60	138.79126
116	114	222	143.47908
117	114	1281	141.154755
118	114	305	135.1987
119	114	305	124.117592
120	114	686	110.124863
121	114	349	92.181702
122	114	1076	74.614494
123	114	1267	56.652237
124	114	68	39.271904
125	114	151	24.95307
126	114	68	14.956885
127	114	126	10.34756
128	114	157	0
0	115	157	0
1	115	157	28.817698
2	115	157	28.183437
3	115	130	25.687862
4	115	100	27.977308
5	115	69	46.826015
6	115	320	85.529228
7	115	36	117.497879
8	115	2	134.878113
9	115	2	145.447052
10	115	0	167.569901
11	115	3	198.14711
12	115	5	210.086227
13	115	16	196.841125
14	115	16	172.744949
15	115	40	156.53949
16	115	1	145.519318
17	115	568	150.249313
18	115	448	169.367065
19	115	470	184.828415
20	115	1282	186.02475
21	115	1283	179.289444
22	115	238	196.165573
23	115	92	220.20166
24	115	100	223.402313
25	115	126	210.958313
26	115	130	199.776108
27	115	176	198.5215
28	115	1284	208.555786
29	115	848	216.537582
30	115	137	218.836624
31	115	159	218.302689
32	115	1285	221.170288
33	115	962	222.467377
34	115	836	215.722824
35	115	823	203.214081
36	115	4	199.4021
37	115	5	206.419312
38	115	5	209.856445
39	115	31	208.821335
40	115	122	208.348907
41	115	1286	206.020508
42	115	165	194.550934
43	115	760	176.806168
44	115	192	158.616379
45	115	1	138.527451
46	115	0	121.923248
47	115	779	109.665039
48	115	295	101.260025
49	115	296	92.899712
50	115	0	86.109047
51	115	0	61.769081
52	115	0	35.724701
53	115	2	24.014984
54	115	2	21.880188
55	115	2	16.30098
56	115	29	7.087972
57	115	7	10.110941
58	115	6	21.688953
59	115	7	27.817825
60	115	328	32.901035
61	115	632	39.480026
62	115	632	45.687111
63	115	349	51.794994
64	115	349	54.425011
65	115	349	53.514244
66	115	329	51.430458
67	115	0	47.373119
68	115	1	40.671833
69	115	273	32.047146
70	115	234	22.23419
71	115	213	8.843429
72	115	1	-5.898092
73	115	3	-16.280945
74	115	5	-14.829086
75	115	149	-10.799257
76	115	16	-5.878406
77	115	16	-4.840526
78	115	16	-3.772604
79	115	16	-4.925388
80	115	16	-13.434511
81	115	95	-20.785196
82	115	28	-17.029882
83	115	2	-3.670915
84	115	0	9.852334
85	115	24	19.975712
86	115	751	31.156067
87	115	122	43.159645
88	115	122	54.874523
89	115	32	65.591866
90	115	1287	74.095398
91	115	151	77.651924
92	115	68	72.62085
93	115	151	62.74287
94	115	282	51.97789
95	115	151	40.126228
96	115	128	28.631094
97	115	16	19.50963
98	115	16	14.566718
99	115	16	15.682588
100	115	16	17.407349
101	115	13	18.295618
102	115	14	17.234947
103	115	14	14.080355
104	115	14	10.149036
105	115	14	11.094931
106	115	15	15.872253
107	115	16	26.401905
108	115	34	43.380913
109	115	222	63.66021
110	115	16	83.012901
111	115	16	100.255333
112	115	16	117.086197
113	115	16	132.968597
114	115	16	149.114243
115	115	16	161.957336
116	115	1288	166.686005
117	115	632	163.394073
118	115	326	155.462906
119	115	326	142.587372
120	115	1076	124.722939
121	115	1267	103.53437
122	115	68	81.897812
123	115	68	61.516113
124	115	100	41.723763
125	115	126	25.693096
126	115	131	14.201391
127	115	2	8.114451
128	115	0	0
0	116	2	0
1	116	1	35.564919
2	116	67	34.802948
3	116	282	34.280682
4	116	282	35.919285
5	116	633	52.962402
6	116	89	79.552467
7	116	1	114.399887
8	116	0	145.411392
9	116	1	165.87265
10	116	29	191.377289
11	116	7	223.683258
12	116	16	246.275543
13	116	13	233.740051
14	116	20	198.128433
15	116	24	168.713715
16	116	341	156.657181
17	116	92	158.250839
18	116	151	175.117615
19	116	282	183.812439
20	116	176	180.304077
21	116	154	182.460388
22	116	151	197.324036
23	116	126	218.059799
24	116	131	228.263901
25	116	67	220.913681
26	116	197	212.894058
27	116	1289	208.392563
28	116	159	217.61525
29	116	159	215.089966
30	116	1285	215.482193
31	116	1290	206.35701
32	116	1291	203.848206
33	116	962	203.332062
34	116	819	201.301025
35	116	5	191.712143
36	116	5	188.695755
37	116	5	201.067535
38	116	72	212.82785
39	116	35	220.130753
40	116	569	223.147858
41	116	283	222.213745
42	116	253	211.461502
43	116	213	195.574661
44	116	779	175.404037
45	116	296	152.331711
46	116	783	128.040405
47	116	137	110.745811
48	116	265	92.906883
49	116	1	75.992714
50	116	1	62.106483
51	116	2	38.286606
52	116	2	14.94026
53	116	1	7.453777
54	116	2	10.290755
55	116	0	9.215435
56	116	29	-2.101825
57	116	89	-0.611435
58	116	29	13.669129
59	116	1052	25.52914
60	116	326	34.613483
61	116	326	41.254932
62	116	349	46.087318
63	116	326	50.450611
64	116	1220	52.905052
65	116	1292	51.811283
66	116	426	48.581215
67	116	0	42.4884
68	116	214	35.089771
69	116	213	26.027311
70	116	2	14.903342
71	116	45	-0.552132
72	116	32	-11.241459
73	116	6	-15.143032
74	116	103	-13.735993
75	116	14	-11.369671
76	116	14	-10.958692
77	116	15	-11.072251
78	116	16	-11.403843
79	116	16	-16.824253
80	116	16	-27.407425
81	116	95	-27.922972
82	116	28	-18.655455
83	116	1	-3.133333
84	116	21	12.972826
85	116	102	22.687464
86	116	4	34.566166
87	116	5	47.330154
88	116	778	59.928204
89	116	577	71.611572
90	116	151	80.58667
91	116	68	85.428726
92	116	100	82.712799
93	116	100	73.7295
94	116	176	63.675655
95	116	156	53.48901
96	116	16	45.26437
97	116	16	38.964088
98	116	16	33.809772
99	116	13	33.640129
100	116	20	37.222584
101	116	1	38.699512
102	116	0	37.8452
103	116	0	35.372608
104	116	1	34.726353
105	116	94	35.175575
106	116	16	39.848228
107	116	16	51.875732
108	116	16	67.641159
109	116	16	87.688614
110	116	13	107.771759
111	116	14	126.332428
112	116	14	144.493927
113	116	14	160.120178
114	116	14	174.121048
115	116	218	183.155106
116	116	363	185.673935
117	116	312	181.530731
118	116	326	170.364288
119	116	1265	155.8452
120	116	1293	134.511703
121	116	68	109.692581
122	116	282	84.610397
123	116	126	62.60881
124	116	131	41.730591
125	116	2	24.680763
126	116	2	12.587304
127	116	2	5.655991
128	116	1	0
0	117	2	0
1	117	67	41.536411
2	117	282	42.466129
3	117	282	40.795879
4	117	775	45.444378
5	117	122	62.419289
6	117	36	84.547417
7	117	0	124.930367
8	117	2	169.496674
9	117	1	195.56131
10	117	3	204.742188
11	117	1294	227.658051
12	117	40	263.363922
13	117	2	271.604706
14	117	237	230.330566
15	117	92	179.017715
16	117	68	165.322113
17	117	176	161.134796
18	117	154	166.990036
19	117	93	170.677505
20	117	219	169.695816
21	117	588	183.674927
22	117	668	199.917984
23	117	426	212.984863
24	117	129	222.09494
25	117	130	221.700226
26	117	1295	212.09845
27	117	526	210.77475
28	117	1285	215.897141
29	117	1290	222.740448
30	117	16	222.785233
31	117	838	214.507553
32	117	848	200.984238
33	117	819	198.059555
34	117	5	189.688141
35	117	72	178.503357
36	117	60	179.506119
37	117	1296	191.855667
38	117	1297	204.25174
39	117	1287	216.801727
40	117	69	221.056458
41	117	44	218.314774
42	117	779	217.238937
43	117	797	204.077957
44	117	294	179.802948
45	117	797	153.251495
46	117	159	129.274017
47	117	265	105.100456
48	117	0	78.946037
49	117	1	54.227093
50	117	2	40.31728
51	117	2	25.929064
52	117	2	8.793373
53	117	1	0.679391
54	117	1	0.974313
55	117	1	2.658659
56	117	1	2.061871
57	117	347	2.756248
58	117	1298	14.977324
59	117	416	28.595804
60	117	417	38.016155
61	117	788	43.700459
62	117	1299	48.179893
63	117	1221	50.661991
64	117	1300	50.967014
65	117	1301	50.781189
66	117	44	47.0653
67	117	1	40.018669
68	117	1	31.328375
69	117	1	21.656284
70	117	29	8.788061
71	117	30	-3.746851
72	117	89	-11.615187
73	117	45	-9.776741
74	117	122	-9.788497
75	117	36	-13.658226
76	117	21	-19.381601
77	117	15	-17.835043
78	117	16	-20.782007
79	117	16	-29.631437
80	117	16	-38.053925
81	117	40	-32.400204
82	117	1	-15.143144
83	117	0	2.74355
84	117	29	16.243744
85	117	7	24.633808
86	117	5	37.359531
87	117	1287	51.129551
88	117	151	64.279076
89	117	151	75.968048
90	117	68	85.183578
91	117	151	90.841751
92	117	151	91.005112
93	117	128	83.778526
94	117	16	74.879242
95	117	16	67.41687
96	117	16	62.306122
97	117	13	57.766655
98	117	20	55.204338
99	117	1	54.897957
100	117	347	58.523933
101	117	846	60.552185
102	117	846	60.127724
103	117	1302	59.194115
104	117	39	60.475266
105	117	16	60.889435
106	117	16	65.887871
107	117	13	77.57235
108	117	14	92.954521
109	117	20	111.186203
110	117	1	129.898376
111	117	2	148.722031
112	117	1	166.695557
113	117	2	181.693604
114	117	0	192.962143
115	117	1	197.27034
116	117	124	194.076752
117	117	312	187.89299
118	117	349	174.634354
119	117	1265	156.642471
120	117	583	135.198532
121	117	1293	107.726898
122	117	69	81.50087
123	117	44	59.285255
124	117	1	38.495308
125	117	2	21.8741
126	117	2	10.203404
127	117	2	3.417106
128	117	42	0
0	118	99	0
1	118	151	43.548229
2	118	68	44.308292
3	118	346	44.966949
4	118	5	60.44635
5	118	31	87.73391
6	118	36	126.598312
7	118	1	169.992645
8	118	1	201.471649
9	118	3	217.874115
10	118	1303	220.111786
11	118	20	225.32103
12	118	2	268.589569
13	118	67	295.9216
14	118	151	258.127716
15	118	68	197.124451
16	118	197	171.25032
17	118	703	160.737534
18	118	131	157.663071
19	118	21	156.248108
20	118	1304	161.110382
21	118	1305	176.081329
22	118	1306	195.768066
23	118	43	208.486786
24	118	99	216.302597
25	118	101	219.082901
26	118	787	212.697327
27	118	1307	207.460739
28	118	868	209.265472
29	118	868	220.933853
30	118	1308	229.200409
31	118	248	220.805603
32	118	819	211.704315
33	118	4	211.878235
34	118	149	197.530212
35	118	16	179.623749
36	118	196	172.956223
37	118	332	182.25528
38	118	1309	188.085846
39	118	1310	198.536987
40	118	101	203.479401
41	118	783	209.858246
42	118	137	212.105225
43	118	159	199.654999
44	118	137	174.394028
45	118	137	146.620193
46	118	1311	124.775497
47	118	28	100.873306
48	118	0	71.055954
49	118	0	44.072952
50	118	0	34.731098
51	118	2	22.52598
52	118	0	9.161962
53	118	1	-4.239269
54	118	0	-10.301511
55	118	1	-0.330055
56	118	325	11.347702
57	118	313	16.211647
58	118	314	22.991583
59	118	510	34.515125
60	118	313	41.189594
61	118	1312	46.218555
62	118	290	49.914177
63	118	1313	52.651108
64	118	677	55.219021
65	118	1314	53.766506
66	118	504	47.916706
67	118	2	39.303391
68	118	0	30.094624
69	118	2	20.573669
70	118	2	7.340927
71	118	0	-5.210264
72	118	3	-13.02432
73	118	4	-9.476438
74	118	31	-11.573456
75	118	36	-18.386189
76	118	94	-21.769566
77	118	16	-19.652163
78	118	16	-26.220226
79	118	13	-38.877201
80	118	20	-42.696243
81	118	2	-27.452732
82	118	1	-6.217528
83	118	2	9.316168
84	118	3	18.028809
85	118	778	24.827389
86	118	577	37.841949
87	118	68	52.996754
88	118	100	66.136154
89	118	100	77.59095
90	118	100	87.086525
91	118	100	93.681641
92	118	128	96.10228
93	118	16	91.352531
94	118	16	84.265511
95	118	16	80.155884
96	118	40	76.951126
97	118	0	74.795006
98	118	347	75.385597
99	118	348	76.556404
100	118	349	79.8237
101	118	349	82.480164
102	118	931	82.188606
103	118	1134	82.886375
104	118	1134	84.009407
105	118	1053	84.503403
106	118	20	89.521431
107	118	2	99.595688
108	118	0	114.826492
109	118	0	131.748383
110	118	1	148.435791
111	118	0	164.734039
112	118	1	180.744507
113	118	2	192.018967
114	118	0	195.173508
115	118	2	191.422577
116	118	124	184.678009
117	118	312	175.83316
118	118	326	161.008255
119	118	349	141.801346
120	118	1265	119.355217
121	118	1293	95.684837
122	118	69	72.301682
123	118	43	51.911339
124	118	44	32.469547
125	118	0	17.516399
126	118	42	6.988187
127	118	99	1.341768
128	118	151	0
0	119	100	0
1	119	614	38.952316
2	119	615	44.802818
3	119	4	55.109352
4	119	6	76.925064
5	119	89	116.537735
6	119	2	167.802246
7	119	0	213.333008
8	119	3	237.295624
9	119	1315	246.265091
10	119	44	246.00087
11	119	0	239.797455
12	119	67	264.783203
13	119	100	297.380096
14	119	282	273.385406
15	119	68	215.065475
16	119	152	175.45195
17	119	28	162.824829
18	119	2	156.995255
19	119	124	152.215027
20	119	1316	156.258682
21	119	1317	168.644821
22	119	100	184.522675
23	119	282	196.996872
24	119	101	206.930496
25	119	2	212.242661
26	119	787	214.795044
27	119	526	207.563934
28	119	137	204.633286
29	119	819	211.417007
30	119	271	215.081497
31	119	834	209.588593
32	119	5	202.42334
33	119	216	208.116913
34	119	241	197.43486
35	119	608	178.791687
36	119	268	167.008682
37	119	1318	174.671326
38	119	807	176.939148
39	119	1319	180.485794
40	119	797	188.079178
41	119	137	200.416016
42	119	249	200.130219
43	119	918	188.717834
44	119	247	168.789886
45	119	1320	145.931595
46	119	95	121.242302
47	119	41	99.43718
48	119	28	66.352043
49	119	0	42.0811
50	119	1	35.070107
51	119	2	32.585014
52	119	1	12.043744
53	119	2	-7.642854
54	119	24	-14.235904
55	119	1321	-1.995844
56	119	632	19.322823
57	119	785	27.347523
58	119	510	31.415224
59	119	326	36.62841
60	119	679	42.646534
61	119	170	47.223289
62	119	1322	50.618275
63	119	691	53.957634
64	119	632	57.028439
65	119	329	57.988293
66	119	2	51.092564
67	119	0	41.214092
68	119	0	31.542217
69	119	0	20.271532
70	119	45	6.607074
71	119	32	-7.79437
72	119	5	-14.453905
73	119	4	-12.814923
74	119	61	-14.356042
75	119	94	-22.971773
76	119	16	-26.222155
77	119	13	-21.601576
78	119	20	-28.605423
79	119	2	-40.941212
80	119	1	-42.766109
81	119	2	-23.392445
82	119	0	-0.48094
83	119	29	12.035097
84	119	803	17.730587
85	119	282	23.866339
86	119	151	34.238583
87	119	100	49.133587
88	119	100	63.441299
89	119	68	75.465134
90	119	68	85.37207
91	119	197	92.888054
92	119	283	96.98851
93	119	14	95.289246
94	119	15	90.728813
95	119	95	88.966904
96	119	41	87.714333
97	119	1323	88.525444
98	119	1248	91.792595
99	119	326	95.377602
100	119	632	99.529556
101	119	326	102.64505
102	119	326	102.457024
103	119	349	103.548782
104	119	503	103.605286
105	119	504	103.287918
106	119	0	107.55529
107	119	0	116.363647
108	119	0	130.595398
109	119	0	145.808121
110	119	0	158.914841
111	119	1	170.833893
112	119	1	179.847519
113	119	0	180.719269
114	119	1	178.679123
115	119	0	172.498428
116	119	124	163.295212
117	119	312	153.055817
118	119	349	137.501404
119	119	349	118.674484
120	119	1265	98.77169
121	119	1293	78.575722
122	119	151	59.251553
123	119	69	41.307201
124	119	43	24.458246
125	119	99	12.091947
126	119	68	3.584101
127	119	68	0.055139
128	119	614	0
0	120	615	0
1	120	5	36.386143
2	120	6	49.752258
3	120	89	63.726093
4	120	2	84.672096
5	120	2	126.155182
6	120	0	180.759689
7	120	3	228.712463
8	120	1324	260.028381
9	120	101	272.115814
10	120	42	277.124817
11	120	99	252.743088
12	120	68	250.071228
13	120	282	281.941101
14	120	151	272.578674
15	120	197	221.015533
16	120	1325	178.700699
17	120	504	164.214508
18	120	1	158.211884
19	120	746	154.166931
20	120	601	157.923187
21	120	282	164.857361
22	120	126	172.999176
23	120	131	183.778198
24	120	1	194.611404
25	120	0	203.894379
26	120	787	207.764313
27	120	250	201.118973
28	120	1073	196.87056
29	120	7	199.094299
30	120	4	197.374893
31	120	5	189.834488
32	120	5	184.996231
33	120	216	188.435135
34	120	508	184.857025
35	120	508	172.527222
36	120	18	164.047043
37	120	4	166.874771
38	120	271	168.448776
39	120	247	169.693573
40	120	247	172.676086
41	120	928	183.573395
42	120	32	184.484955
43	120	4	177.771255
44	120	149	162.436417
45	120	16	143.102936
46	120	16	121.782547
47	120	95	102.769775
48	120	28	68.459679
49	120	0	39.601181
50	120	2	40.179958
51	120	1	31.13512
52	120	24	13.542373
53	120	39	1.429519
54	120	1326	1.205508
55	120	417	8.216916
56	120	313	21.527254
57	120	532	30.526329
58	120	349	33.927006
59	120	692	38.132656
60	120	1214	43.396023
61	120	348	47.692467
62	120	632	50.700176
63	120	632	52.924236
64	120	329	54.384396
65	120	1	53.827324
66	120	2	48.059662
67	120	2	39.436394
68	120	1	30.219448
69	120	3	17.370054
70	120	4	2.320919
71	120	5	-11.048107
72	120	6	-14.998061
73	120	89	-11.47793
74	120	94	-16.013645
75	120	13	-25.856817
76	120	20	-28.711956
77	120	2	-24.682014
78	120	1	-28.615181
79	120	0	-37.400692
80	120	2	-35.805866
81	120	1	-16.119295
82	120	0	2.950008
83	120	129	10.902864
84	120	157	15.916972
85	120	130	21.470375
86	120	68	28.585728
87	120	68	41.91
88	120	151	55.611454
89	120	282	67.910149
90	120	614	78.401054
91	120	300	86.817238
92	120	0	92.336845
93	120	94	93.871056
94	120	16	92.23291
95	120	16	92.104927
96	120	16	92.965065
97	120	64	96.455292
98	120	1248	102.037048
99	120	326	108.524719
100	120	326	115.073906
101	120	632	118.561279
102	120	326	117.818474
103	120	632	118.577286
104	120	329	117.249466
105	120	2	115.018684
106	120	1	117.478477
107	120	1	124.145607
108	120	2	137.081558
109	120	2	149.480637
110	120	2	155.16037
111	120	2	158.87236
112	120	1	159.515335
113	120	347	155.870514
114	120	846	150.299072
115	120	846	143.789917
116	120	1327	134.002045
117	120	312	123.510399
118	120	326	108.427071
119	120	632	91.572495
120	120	1265	75.152451
121	120	583	59.568378
122	120	1293	44.987755
123	120	151	29.75477
124	120	68	16.572704
125	120	282	7.035323
126	120	614	1.168454
127	120	615	0
128	120	6	0
0	121	30	0
1	121	89	36.436325
2	121	1	53.409508
3	121	24	70.357368
4	121	28	90.608917
5	121	0	123.350479
6	121	3	167.556335
7	121	151	209.095444
8	121	101	245.188858
9	121	67	280.985474
10	121	100	294.29422
11	121	282	263.948883
12	121	100	236.996414
13	121	176	248.772949
14	121	154	245.620056
15	121	1328	210.663071
16	121	1329	175.407974
17	121	1262	160.502548
18	121	99	155.948166
19	121	151	151.723145
20	121	151	155.799545
21	121	69	158.596786
22	121	44	159.306137
23	121	2	164.768005
24	121	0	176.214218
25	121	2	185.566925
26	121	0	189.450592
27	121	0	187.870209
28	121	29	186.627365
29	121	46	188.782211
30	121	35	189.342911
31	121	5	187.80368
32	121	4	184.535156
33	121	4	182.347961
34	121	5	180.475311
35	121	5	175.313797
36	121	4	164.410568
37	121	4	159.193512
38	121	4	158.117599
39	121	4	155.685089
40	121	4	160.266235
41	121	4	165.567993
42	121	4	166.355087
43	121	216	162.1996
44	121	508	151.043762
45	121	241	134.609802
46	121	16	120.251701
47	121	95	105.877182
48	121	28	76.470757
49	121	0	55.900539
50	121	24	46.871567
51	121	39	36.98558
52	121	16	20.453463
53	121	1330	23.532879
54	121	895	26.270226
55	121	1119	25.583124
56	121	1140	31.081661
57	121	1331	35.009338
58	121	417	36.190746
59	121	349	38.485352
60	121	349	42.622204
61	121	788	45.814735
62	121	1332	47.939686
63	121	1148	48.422657
64	121	2	47.706066
65	121	2	45.508457
66	121	2	40.959656
67	121	0	34.410145
68	121	29	26.410364
69	121	30	12.981941
70	121	30	-1.645997
71	121	89	-11.439937
72	121	2	-13.308887
73	121	21	-9.316258
74	121	20	-13.896033
75	121	0	-23.286533
76	121	0	-25.913837
77	121	0	-23.573122
78	121	0	-23.862108
79	121	2	-30.062731
80	121	1	-26.430292
81	121	2	-11.387301
82	121	0	2.089069
83	121	0	8.53626
84	121	731	12.910714
85	121	1310	17.763233
86	121	151	22.667542
87	121	151	33.259846
88	121	100	45.477859
89	121	346	56.840298
90	121	31	66.62606
91	121	36	74.658264
92	121	21	80.053375
93	121	14	83.036819
94	121	15	84.986717
95	121	16	87.508072
96	121	16	90.290001
97	121	64	95.447876
98	121	252	102.045364
99	121	252	109.326035
100	121	1248	117.203506
101	121	326	122.169418
102	121	326	122.782822
103	121	1333	124.420731
104	121	41	121.885857
105	121	41	117.567963
106	121	41	116.985519
107	121	41	119.855759
108	121	41	127.580009
109	121	1334	133.496292
110	121	846	135.565475
111	121	846	136.291031
112	121	348	132.742691
113	121	349	126.416405
114	121	326	117.43222
115	121	503	108.296547
116	121	1327	99.254662
117	121	312	89.621223
118	121	349	75.925117
119	121	349	62.493694
120	121	349	50.766529
121	121	1265	40.458538
122	121	583	29.397346
123	121	583	18.040003
124	121	583	9.254112
125	121	1335	2.849767
126	121	30	0.00325
127	121	89	0
128	121	2	0
0	122	2	0
1	122	24	35.506046
2	122	39	54.308918
3	122	40	73.419525
4	122	45	95.033012
5	122	32	123.551453
6	122	176	154.329437
7	122	345	183.07782
8	122	129	211.520874
9	122	130	255.84288
10	122	282	281.304413
11	122	176	258.95517
12	122	156	222.321274
13	122	196	211.637054
14	122	100	205.883118
15	122	1336	188.219193
16	122	1337	169.542999
17	122	176	155.681717
18	122	588	150.331009
19	122	613	146.21524
20	122	282	145.507431
21	122	69	145.376862
22	122	44	142.405807
23	122	2	145.483582
24	122	1	153.20784
25	122	24	159.889999
26	122	41	164.157806
27	122	41	168.076035
28	122	39	171.737335
29	122	145	175.696793
30	122	4	178.099091
31	122	4	181.740601
32	122	5	181.098618
33	122	4	186.02536
34	122	4	182.938736
35	122	5	174.718796
36	122	4	161.292831
37	122	4	149.204697
38	122	4	140.702621
39	122	5	142.519379
40	122	6	143.445786
41	122	30	144.381653
42	122	30	142.774918
43	122	7	141.379211
44	122	216	135.762894
45	122	241	124.384735
46	122	16	113.48703
47	122	95	101.113953
48	122	41	91.009903
49	122	39	81.06839
50	122	16	68.958382
51	122	16	48.592136
52	122	236	38.252567
53	122	32	42.764603
54	122	4	48.284039
55	122	31	42.789257
56	122	1117	40.154953
57	122	1118	39.413544
58	122	1119	37.664955
59	122	1119	36.811653
60	122	396	39.319557
61	122	834	41.128868
62	122	31	41.83094
63	122	122	41.083904
64	122	36	39.13237
65	122	2	36.44128
66	122	2	32.766136
67	122	1	27.52915
68	122	2	20.857145
69	122	2	9.373385
70	122	1	-3.069636
71	122	24	-10.370668
72	122	28	-8.179822
73	122	2	-5.084235
74	122	2	-8.439033
75	122	1	-16.373501
76	122	24	-18.444984
77	122	28	-15.900697
78	122	2	-19.973606
79	122	1	-24.464769
80	122	2	-21.342079
81	122	0	-11.497143
82	122	0	0.790145
83	122	29	5.39496
84	122	803	9.197569
85	122	100	13.256236
86	122	282	17.260605
87	122	68	24.07324
88	122	346	34.253929
89	122	4	44.041412
90	122	31	52.52512
91	122	36	59.43359
92	122	0	64.061455
93	122	94	67.381493
94	122	16	70.129105
95	122	16	74.603806
96	122	16	78.726639
97	122	16	84.623512
98	122	16	91.537346
99	122	64	98.487152
100	122	252	105.448906
101	122	252	110.420189
102	122	26	111.741318
103	122	13	112.55529
104	122	14	111.599075
105	122	90	107.708733
106	122	1134	103.788887
107	122	1134	103.73037
108	122	1044	106.75676
109	122	632	109.844254
110	122	349	109.294868
111	122	349	107.895302
112	122	349	103.274811
113	122	1338	94.44532
114	122	1339	83.467743
115	122	1340	71.355743
116	122	124	61.693783
117	122	312	53.226871
118	122	632	42.368748
119	122	326	33.696659
120	122	349	28.486923
121	122	632	22.178356
122	122	632	14.620626
123	122	326	8.189938
124	122	503	2.982508
125	122	504	0.153692
126	122	0	0
127	122	2	0
128	122	2	0
0	123	21	0
1	123	14	32.717434
2	123	20	51.746326
3	123	3	72.065918
4	123	4	94.583817
5	123	156	121.423721
6	123	40	150.376846
7	123	2	174.891891
8	123	129	189.444305
9	123	130	214.637604
10	123	128	239.307343
11	123	177	225.208542
12	123	92	192.538879
13	123	176	175.295059
14	123	609	168.761108
15	123	623	165.200638
16	123	156	160.147812
17	123	391	151.010773
18	123	1341	146.946762
19	123	268	141.014801
20	123	268	133.346497
21	123	293	129.655792
22	123	41	125.904518
23	123	41	125.442398
24	123	39	129.711838
25	123	16	133.936554
26	123	16	138.556519
27	123	16	144.893433
28	123	145	151.768631
29	123	4	159.562531
30	123	72	163.151642
31	123	60	165.806137
32	123	35	167.695831
33	123	4	174.3172
34	123	5	174.694016
35	123	5	165.179413
36	123	5	151.193588
37	123	4	140.369781
38	123	6	131.957336
39	123	89	128.178757
40	123	2	126.670631
41	123	2	124.720367
42	123	3	122.710014
43	123	4	122.055397
44	123	216	119.526878
45	123	508	111.936432
46	123	241	104.23233
47	123	16	96.72802
48	123	16	94.817772
49	123	16	91.341354
50	123	17	80.933037
51	123	18	64.032944
52	123	5	52.602337
53	123	4	53.665028
54	123	5	51.525703
55	123	5	45.233009
56	123	4	41.715546
57	123	4	39.508892
58	123	4	37.133179
59	123	4	33.684795
60	123	5	32.697388
61	123	5	33.664845
62	123	5	33.417274
63	123	31	32.068356
64	123	36	29.788439
65	123	0	27.069349
66	123	0	24.039007
67	123	2	20.056227
68	123	2	14.60969
69	123	24	6.200163
70	123	71	-1.668536
71	123	20	-5.95083
72	123	2	-4.003192
73	123	0	-1.412839
74	123	24	-4.609596
75	123	39	-7.59105
76	123	40	-8.921098
77	123	2	-10.910247
78	123	1	-14.267481
79	123	2	-21.507002
80	123	2	-21.146662
81	123	2	-13.42759
82	123	2	-5.359683
83	123	129	0.879134
84	123	130	5.169232
85	123	151	8.293254
86	123	614	11.434089
87	123	615	15.253692
88	123	4	22.778734
89	123	4	30.615828
90	123	31	37.588863
91	123	36	43.238422
92	123	21	47.947723
93	123	15	51.110107
94	123	16	53.318874
95	123	16	57.967167
96	123	16	62.54459
97	123	16	68.273308
98	123	16	75.127167
99	123	16	81.888763
100	123	16	88.222008
101	123	16	92.751022
102	123	95	93.607704
103	123	28	92.857201
104	123	194	92.257866
105	123	252	89.017532
106	123	1248	83.820793
107	123	632	81.148972
108	123	349	82.317818
109	123	1338	82.321304
110	123	1339	81.621147
111	123	1339	78.674873
112	123	1342	72.239281
113	123	1343	63.241844
114	123	1344	50.828648
115	123	846	36.78223
116	123	348	26.916025
117	123	632	17.689928
118	123	632	11.88063
119	123	632	12.013552
120	123	511	10.012726
121	123	363	7.16635
122	123	363	4.109195
123	123	363	1.381034
124	123	352	0.013441
125	123	0	0
126	123	1	0
127	123	1	0
128	123	1	0
0	124	2	0
1	124	2	27.619301
2	124	3	45.495358
3	124	4	66.052536
4	124	16	89.141342
5	124	40	117.294205
6	124	1	145.251678
7	124	2	164.134094
8	124	153	169.931244
9	124	156	174.121445
10	124	608	180.142822
11	124	268	171.34314
12	124	156	154.151154
13	124	608	147.210983
14	124	156	144.189743
15	124	16	143.269379
16	124	164	142.743408
17	124	166	142.244171
18	124	16	140.799622
19	124	1254	131.999771
20	124	63	122.087723
21	124	16	114.852676
22	124	16	109.770752
23	124	16	108.245613
24	124	16	110.271355
25	124	16	111.620735
26	124	16	114.833618
27	124	34	119.995087
28	124	60	128.173019
29	124	222	136.573822
30	124	16	142.208435
31	124	34	146.064697
32	124	35	152.082825
33	124	5	157.125748
34	124	4	158.227859
35	124	5	152.907028
36	124	5	140.97847
37	124	61	130.791519
38	124	0	120.315887
39	124	2	113.377457
40	124	1	110.013382
41	124	29	106.98349
42	124	30	105.44072
43	124	30	106.011436
44	124	7	106.69149
45	124	149	104.582397
46	124	16	99.254463
47	124	17	93.86618
48	124	508	91.652153
49	124	18	85.944717
50	124	4	75.957085
51	124	4	65.182625
52	124	5	56.557987
53	124	5	51.067684
54	124	4	45.508129
55	124	5	39.92522
56	124	4	36.359776
57	124	5	33.952923
58	124	5	31.802183
59	124	4	29.283758
60	124	4	25.655693
61	124	4	24.412722
62	124	5	23.73984
63	124	31	22.182518
64	124	122	19.915615
65	124	756	17.69945
66	124	41	15.353827
67	124	28	12.138535
68	124	21	8.115071
69	124	20	4.242706
70	124	0	-0.808358
71	124	24	-2.010397
72	124	41	-0.541092
73	124	39	-0.382238
74	124	16	-1.433496
75	124	95	-2.652657
76	124	41	-3.463764
77	124	28	-5.818537
78	124	2	-12.105526
79	124	1	-18.993612
80	124	2	-19.791451
81	124	0	-16.124853
82	124	1	-7.404872
83	124	129	-2.891974
84	124	299	1.101988
85	124	615	3.203711
86	124	5	5.509869
87	124	4	7.724574
88	124	5	11.694965
89	124	4	17.383524
90	124	31	23.275776
91	124	122	28.564304
92	124	507	32.878288
93	124	241	35.530289
94	124	16	37.184856
95	124	16	39.754509
96	124	16	44.16346
97	124	16	49.056732
98	124	16	55.487347
99	124	16	62.069759
100	124	16	68.292267
101	124	16	72.050079
102	124	95	72.63961
103	124	39	70.877533
104	124	1345	68.746071
105	124	1346	66.100365
106	124	1339	61.771767
107	124	1339	58.048244
108	124	1342	56.732956
109	124	1347	55.309879
110	124	1348	53.307892
111	124	1348	50.265213
112	124	1349	44.282356
113	124	124	35.026119
114	124	312	23.165117
115	124	349	12.301184
116	124	349	3.481122
117	124	511	0
118	124	363	0
119	124	352	0.176628
120	124	1	0.272079
121	124	2	0.073286
122	124	2	0
123	124	2	0
124	124	0	0
125	124	1	0
126	124	45	0
127	124	122	0
128	124	122	0
0	125	122	0
1	125	32	22.703012
2	125	4	39.603855
3	125	16	58.851566
4	125	95	80.335266
5	125	41	105.250977
6	125	28	124.406021
7	125	94	137.321045
8	125	16	143.091232
9	125	16	141.085297
10	125	16	136.024857
11	125	16	130.897705
12	125	16	124.264252
13	125	16	120.883835
14	125	16	118.235512
15	125	16	118.907806
16	125	16	122.572296
17	125	16	126.47142
18	125	16	127.08989
19	125	16	119.724289
20	125	16	109.953697
21	125	16	101.71505
22	125	16	95.10273
23	125	16	92.087593
24	125	16	92.533928
25	125	16	92.324707
26	125	16	94.574318
27	125	16	96.493256
28	125	177	103.078552
29	125	238	109.44516
30	125	238	115.725235
31	125	1297	124.432426
32	125	4	133.16272
33	125	4	137.6586
34	125	6	137.626205
35	125	30	132.798889
36	125	89	125.268921
37	125	2	113.174805
38	125	1	102.73703
39	125	2	95.751884
40	125	1	91.644135
41	125	0	88.492279
42	125	0	87.234077
43	125	29	90.297081
44	125	318	96.259338
45	125	17	98.568626
46	125	18	95.045853
47	125	4	89.589096
48	125	4	84.233315
49	125	4	76.380363
50	125	4	65.525719
51	125	5	54.736969
52	125	4	46.613007
53	125	5	41.552574
54	125	5	36.703594
55	125	4	32.224762
56	125	4	29.017424
57	125	4	27.192858
58	125	4	25.757856
59	125	5	23.70175
60	125	5	20.714651
61	125	5	17.127094
62	125	4	14.211509
63	125	4	12.096957
64	125	216	9.992519
65	125	508	8.623757
66	125	563	7.358262
67	125	41	5.283226
68	125	28	2.72446
69	125	24	0.443588
70	125	39	0
71	125	16	0
72	125	16	0
73	125	16	0
74	125	16	-0.154474
75	125	16	-0.458774
76	125	95	-0.685592
77	125	41	-1.672511
78	125	28	-5.850167
79	125	0	-10.638525
80	125	2	-13.033155
81	125	0	-11.158429
82	125	0	-6.339616
83	125	29	-2.464361
84	125	30	0
85	125	30	0
86	125	30	0.55517
87	125	30	1.797949
88	125	7	3.274297
89	125	4	6.977197
90	125	5	11.5196
91	125	5	15.728255
92	125	216	19.169027
93	125	241	21.467573
94	125	16	22.350155
95	125	16	22.938303
96	125	16	25.75729
97	125	16	29.669134
98	125	16	34.970467
99	125	16	41.373398
100	125	16	46.958786
101	125	16	50.118279
102	125	16	50.64566
103	125	445	48.553001
104	125	1348	45.071251
105	125	1348	41.777218
106	125	1348	39.37244
107	125	1348	37.438084
108	125	446	33.995132
109	125	13	30.522842
110	125	14	28.577225
111	125	20	24.722155
112	125	2	18.541727
113	125	124	10.509601
114	125	363	3.142484
115	125	363	0.034031
116	125	352	0
117	125	2	0
118	125	2	0
119	125	0	0
120	125	45	0
121	125	36	0
122	125	45	0
123	125	122	0
124	125	122	0
125	125	32	0
126	125	4	0
127	125	4	0
128	125	5	0
0	126	4	0
1	126	5	18.338854
2	126	16	33.493977
3	126	1350	50.613071
4	126	1351	66.967094
5	126	1352	84.662018
6	126	39	99.941246
7	126	16	108.670303
8	126	1254	110.742683
9	126	63	108.719772
10	126	16	102.44677
11	126	16	96.831596
12	126	16	92.212044
13	126	16	90.388268
14	126	16	93.504219
15	126	16	97.006065
16	126	16	100.127708
17	126	16	104.341049
18	126	16	105.55397
19	126	16	100.688713
20	126	16	92.806686
21	126	177	84.947701
22	126	238	78.382339
23	126	178	74.043022
24	126	16	70.891823
25	126	16	69.413673
26	126	16	71.364929
27	126	608	71.81115
28	126	268	73.589218
29	126	220	79.681534
30	126	361	88.885048
31	126	6	100.155197
32	126	30	108.638481
33	126	89	112.772339
34	126	1	112.064384
35	126	2	107.401237
36	126	2	101.368958
37	126	0	90.992752
38	126	1	80.405273
39	126	0	74.632042
40	126	2	72.103798
41	126	2	70.156738
42	126	1	69.447281
43	126	21	72.66391
44	126	1353	79.798599
45	126	30	85.302414
46	126	30	85.043579
47	126	30	80.284195
48	126	30	73.217369
49	126	30	64.213234
50	126	30	53.139568
51	126	30	42.689262
52	126	7	34.648403
53	126	5	30.145889
54	126	5	26.130129
55	126	5	23.116535
56	126	5	21.299007
57	126	4	20.038219
58	126	4	19.464367
59	126	4	17.939558
60	126	4	15.363447
61	126	5	11.995006
62	126	4	8.323387
63	126	5	4.88825
64	126	4	2.701337
65	126	19	1.939692
66	126	14	1.219555
67	126	20	0.209724
68	126	21	0
69	126	14	0
70	126	14	0
71	126	14	0
72	126	14	0
73	126	14	0
74	126	14	0
75	126	14	0
76	126	14	0
77	126	20	0
78	126	1	0
79	126	1	-1.417774
80	126	0	-3.380674
81	126	1	-4.485065
82	126	2	-3.207688
83	126	2	-0.773866
84	126	0	0
85	126	2	0
86	126	1	0
87	126	29	0
88	126	30	0.006523
89	126	30	0.579326
90	126	7	2.725866
91	126	5	5.511092
92	126	216	7.940042
93	126	508	9.575714
94	126	241	10.413247
95	126	16	10.374623
96	126	16	10.188184
97	126	16	12.185035
98	126	16	16.009176
99	126	16	20.939005
100	126	16	25.290159
101	126	16	28.069862
102	126	16	28.741034
103	126	16	27.321796
104	126	16	24.163015
105	126	16	21.102095
106	126	16	19.281771
107	126	16	17.857086
108	126	236	15.779469
109	126	122	13.76539
110	126	122	10.481718
111	126	122	6.197409
112	126	122	1.455866
113	126	122	0
114	126	122	0
115	126	122	0
116	126	122	0
117	126	122	0
118	126	122	0
119	126	32	0
120	126	31	0
121	126	32	0
122	126	5	0
123	126	5	0
124	126	4	0
125	126	4	0
126	126	4	0
127	126	4	0
128	126	4	0
0	127	4	0
1	127	0	12.575104
2	127	0	24.97229
3	127	0	39.45623
4	127	0	52.890465
5	127	0	63.963028
6	127	0	74.720009
7	127	0	81.931496
8	127	0	84.221504
9	127	0	81.759087
10	127	0	75.243607
11	127	0	68.351784
12	127	0	64.556297
13	127	0	65.186615
14	127	0	69.907875
15	127	0	74.097137
16	127	0	77.369095
17	127	0	80.491974
18	127	0	80.96714
19	127	0	77.492035
20	127	0	71.584015
21	127	0	65.285454
22	127	0	60.503139
23	127	0	54.701454
24	127	0	48.827126
25	127	0	49.766224
26	127	0	51.367928
27	127	0	51.350212
28	127	0	48.892082
29	127	0	52.009567
30	127	0	61.279228
31	127	0	72.265686
32	127	0	80.162468
33	127	0	83.824127
34	127	0	84.113785
35	127	0	81.605507
36	127	0	75.271904
37	127	0	66.515411
38	127	0	58.687073
39	127	0	54.488811
40	127	0	53.650761
41	127	0	53.511307
42	127	0	54.234306
43	127	0	56.94783
44	127	0	62.393536
45	127	0	66.972443
46	127	0	68.446999
47	127	0	65.574722
48	127	0	59.199276
49	127	0	50.004177
50	127	0	39.308495
51	127	0	29.633316
52	127	0	22.059399
53	127	0	17.763927
54	127	0	15.358951
55	127	0	13.942496
56	127	0	13.628042
57	127	0	13.597753
58	127	0	13.333093
59	127	0	12.111488
60	127	0	9.971013
61	127	0	7.165309
62	127	0	4.085399
63	127	0	1.477768
64	127	0	0.327132
65	127	0	0.01876
66	127	0	0
67	127	0	0
68	127	0	0
69	127	0	0
70	127	0	0
71	127	0	0
72	127	0	0
73	127	0	0
74	127	0	0
75	127	0	0
76	127	0	0
77	127	0	0
78	127	0	0
79	127	0	0
80	127	0	-0.420407
81	127	0	-0.961453
82	127	0	-0.341925
83	127	0	0
84	127	0	0
85	127	0	0
86	127	0	0
87	127	0	0
88	127	0	0
89	127	0	0
90	127	0	0
91	127	0	0
92	127	0	0.480367
93	127	0	1.375376
94	127	0	1.858646
95	127	0	2.013452
96	127	0	2.035595
97	127	0	1.925674
98	127	0	1.762933
99	127	0	3.192119
100	127	0	5.283118
101	127	0	7.621419
102	127	0	9.024125
103	127	0	9.137681
104	127	0	9.021855
105	127	0	7.738922
106	127	0	5.758035
107	127	0	4.125278
108	127	0	3.023079
109	127	0	1.505749
110	127	0	0.094937
111	127	0	0
112	127	0	0
113	127	0	0
114	127	0	0
115	127	0	0
116	127	0	0
117	127	0	0
118	127	0	0
119	127	0	0
120	127	0	0
121	127	0	0
122	127	0	0
123	127	0	0
124	127	0	0
125	127	0	0
126	127	0	0
127	127	0	0
128	127	0	0
0	128	0	0
1	128	0	0
2	128	0	0
3	128	0	0
4	128	0	0
5	128	0	0
6	128	0	0
7	128	0	0
8	128	0	0
9	128	0	0
10	128	0	0
11	128	0	0
12	128	0	0
13	128	0	0
14	128	0	0
15	128	0	0
16	128	0	0
17	128	0	0
18	128	0	0
19	128	0	0
20	128	0	0
21	128	0	0
22	128	0	0
23	128	0	0
24	128	0	0
25	128	0	0
26	128	0	0
27	128	0	0
28	128	0	0
29	128	0	0
30	128	0	0
31	128	0	0
32	128	0	0
33	128	0	0
34	128	0	0
35	128	0	0
36	128	0	0
37	128	0	0
38	128	0	0
39	128	0	0
40	128	0	0
41	128	0	0
42	128	0	0
43	128	0	0
44	128	0	0
45	128	0	0
46	128	0	0
47	128	0	0
48	128	0	0
49	128	0	0
50	128	0	0
51	128	0	0
52	128	0	0
53	128	0	0
54	128	0	0
55	128	0	0
56	128	0	0
57	128	0	0
58	128	0	0
59	128	0	0
60	128	0	0
61	128	0	0
62	128	0	0
63	128	0	0
64	128	0	0
65	128	0	0
66	128	0	0
67	128	0	0
68	128	0	0
69	128	0	0
70	128	0	0
71	128	0	0
72	128	0	0
73	128	0	0
74	128	0	0
75	128	0	0
76	128	0	0
77	128	0	0
78	128	0	0
79	128	0	0
80	128	0	0
81	128	0	0
82	128	0	0
83	128	0	0
84	128	0	0
85	128	0	0
86	128	0	0
87	128	0	0
88	128	0	0
89	128	0	0
90	128	0	0
91	128	0	0
92	128	0	0
93	128	0	0
94	128	0	0
95	128	0	0
96	128	0	0
97	128	0	0
98	128	0	0
99	128	0	0
100	128	0	0
101	128	0	0
102	128	0	0
103	128	0	0
104	128	0	0
105	128	0	0
106	128	0	0
107	128	0	0
108	128	0	0
109	128	0	0
110	128	0	0
111	128	0	0
112	128	0	0
113	128	0	0
114	128	0	0
115	128	0	0
116	128	0	0
117	128	0	0
118	128	0	0
119	128	0	0
120	128	0	0
121	128	0	0
122	128	0	0
123	128	0	0
124	128	0	0
125	128	0	0
126	128	0	0
127	128	0	0
128	128	0	0
