x	y	texture	height
0	0	0	0
1	0	1	0
2	0	2	0
3	0	2	0
4	0	2	0
5	0	2	0
6	0	2	0
7	0	2	0
8	0	2	0
9	0	2	0
10	0	2	0
11	0	2	0
12	0	3	0
13	0	4	0
14	0	5	0
15	0	6	0
16	0	7	0
17	0	4	0
18	0	8	0
19	0	9	0
20	0	9	0
21	0	9	0
22	0	9	0
23	0	10	0
24	0	11	0
25	0	11	0
26	0	12	0
27	0	10	0
28	0	11	0
29	0	11	0
30	0	12	0
31	0	9	0
32	0	9	0
33	0	9	0
34	0	9	0
35	0	9	0
36	0	9	0
37	0	13	0
38	0	1	0
39	0	2	0
40	0	2	0
41	0	2	0
42	0	2	0
43	0	2	0
44	0	2	0
45	0	6	0
46	0	1	0
47	0	2	0
48	0	2	0
49	0	2	0
50	0	2	0
51	0	2	0
52	0	6	0
53	0	14	0
54	0	15	0
55	0	15	0
56	0	15	0
57	0	15	0
58	0	15	0
59	0	15	0
60	0	15	0
61	0	15	0
62	0	16	0
63	0	17	0
64	0	18	0
65	0	0	0
66	0	0	0
67	0	0	0
68	0	0	0
69	0	0	0
70	0	0	0
71	0	0	0
72	0	14	0
73	0	15	0
74	0	19	0
75	0	20	0
76	0	20	0
77	0	20	0
78	0	21	0
79	0	15	0
80	0	15	0
81	0	16	0
82	0	17	0
83	0	17	0
84	0	17	0
85	0	17	0
86	0	17	0
87	0	17	0
88	0	17	0
89	0	17	0
90	0	18	0
91	0	14	0
92	0	16	0
93	0	17	0
94	0	17	0
95	0	17	0
96	0	17	0
97	0	17	0
98	0	22	0
99	0	15	0
100	0	19	0
101	0	23	0
102	0	24	0
103	0	24	0
104	0	24	0
105	0	24	0
106	0	24	0
107	0	24	0
108	0	24	0
109	0	24	0
110	0	24	0
111	0	24	0
112	0	24	0
113	0	24	0
114	0	24	0
115	0	24	0
116	0	25	0
117	0	17	0
118	0	26	0
119	0	6	0
120	0	0	0
121	0	0	0
122	0	0	0
123	0	0	0
124	0	0	0
125	0	0	0
126	0	0	0
127	0	0	0
128	0	1	0
0	1	27	0
1	1	28	0
2	1	29	0
3	1	11	0
4	1	11	0
5	1	11	0
6	1	11	0
7	1	12	3.032548
8	1	9	8.349291
9	1	9	9.851722
10	1	9	5.541034
11	1	30	1.390658
12	1	31	0
13	1	32	0
14	1	33	0
15	1	34	0
16	1	31	0
17	1	35	0
18	1	11	0
19	1	11	0
20	1	11	0
21	1	12	0
22	1	30	0
23	1	31	0
24	1	31	0
25	1	32	0
26	1	30	0
27	1	31	0
28	1	31	0
29	1	32	0
30	1	9	0
31	1	9	0.169599
32	1	9	1.047346
33	1	9	1.54924
34	1	9	0.986023
35	1	9	0.074013
36	1	33	0
37	1	36	1.059367
38	1	37	2.626677
39	1	38	3.12572
40	1	9	2.218987
41	1	9	0.624638
42	1	9	0
43	1	9	0
44	1	39	0.276928
45	1	40	1.340529
46	1	9	1.41406
47	1	9	0.58223
48	1	9	0
49	1	9	0
50	1	41	0
51	1	21	0
52	1	42	0
53	1	43	0
54	1	43	0
55	1	44	0
56	1	45	0
57	1	45	0
58	1	46	0
59	1	43	0
60	1	43	0.041974
61	1	47	3.867311
62	1	48	3.31207
63	1	49	0.784291
64	1	15	0
65	1	15	0
66	1	15	0
67	1	15	0
68	1	15	0
69	1	50	0
70	1	50	0
71	1	42	0
72	1	43	0
73	1	43	0
74	1	43	0
75	1	43	0
76	1	44	0
77	1	45	0
78	1	46	0
79	1	43	0
80	1	47	0
81	1	51	0
82	1	52	0
83	1	51	0
84	1	51	0
85	1	51	0
86	1	52	0
87	1	52	0
88	1	51	0
89	1	53	0
90	1	54	0
91	1	47	0
92	1	51	0
93	1	52	0
94	1	48	0
95	1	51	0
96	1	48	0
97	1	55	0
98	1	43	0
99	1	43	0
100	1	47	0
101	1	51	0
102	1	51	0
103	1	48	0
104	1	51	0
105	1	52	0
106	1	51	0
107	1	48	0
108	1	51	0
109	1	48	0
110	1	51	0
111	1	52	0
112	1	48	0
113	1	51	0
114	1	51	0
115	1	52	0
116	1	51	0
117	1	56	0
118	1	25	0
119	1	17	0
120	1	17	0
121	1	17	0
122	1	17	0
123	1	17	0
124	1	17	0
125	1	17	0
126	1	18	0
127	1	57	0
128	1	9	0
0	2	13	0
1	2	58	0
2	2	31	0
3	2	31	0
4	2	31	0
5	2	31	0
6	2	35	3.275243
7	2	11	11.499672
8	2	11	16.861666
9	2	12	13.163781
10	2	30	6.078878
11	2	31	1.036426
12	2	35	0
13	2	12	0
14	2	30	0
15	2	31	0
16	2	31	0
17	2	31	0
18	2	31	0
19	2	31	0
20	2	32	0
21	2	59	0
22	2	60	0
23	2	60	0
24	2	61	0
25	2	62	0
26	2	63	0
27	2	31	0
28	2	35	0
29	2	12	0
30	2	9	0.830341
31	2	9	4.566584
32	2	9	8.68454
33	2	9	10.694366
34	2	9	9.167473
35	2	9	4.883916
36	2	9	3.188279
37	2	64	7.759754
38	2	65	11.831736
39	2	38	12.72456
40	2	9	10.155766
41	2	9	5.536405
42	2	9	1.193886
43	2	66	3.096962
44	2	67	8.892023
45	2	41	11.635713
46	2	20	10.466507
47	2	20	6.743289
48	2	20	2.563703
49	2	68	0.091861
50	2	43	0
51	2	43	0
52	2	43	0
53	2	44	0
54	2	69	0
55	2	48	0
56	2	48	0
57	2	70	0
58	2	45	4.395177
59	2	46	15.417975
60	2	47	24.284624
61	2	52	23.544365
62	2	55	14.37702
63	2	43	4.612259
64	2	43	0.114445
65	2	43	0
66	2	43	0
67	2	43	0
68	2	43	0
69	2	43	0
70	2	43	0
71	2	43	0
72	2	44	0
73	2	45	0
74	2	45	0
75	2	69	0
76	2	48	0.073222
77	2	70	1.292257
78	2	46	3.982889
79	2	71	0.97735
80	2	72	5.515118
81	2	72	16.504316
82	2	72	53.79538
83	2	72	95.08448
84	2	72	84.369392
85	2	72	49.462482
86	2	73	45.461048
87	2	51	76.799835
88	2	51	86.000771
89	2	55	49.47324
90	2	71	10.115336
91	2	72	40.879204
92	2	72	72.847511
93	2	72	51.932327
94	2	72	18.875961
95	2	72	30.966919
96	2	74	62.275894
97	2	43	73.41021
98	2	43	46.905071
99	2	71	18.864628
100	2	72	20.279604
101	2	73	30.899614
102	2	48	52.578083
103	2	75	53.48317
104	2	72	62.075901
105	2	72	138.437668
106	2	72	153.976288
107	2	72	141.849838
108	2	72	118.600952
109	2	73	55.226212
110	2	51	85.736778
111	2	48	93.646812
112	2	51	62.49052
113	2	51	35.269688
114	2	48	42.961414
115	2	52	43.93367
116	2	51	48.462196
117	2	48	42.196007
118	2	51	15.417299
119	2	51	17.478289
120	2	51	8.925992
121	2	75	3.528769
122	2	73	9.761045
123	2	52	11.636279
124	2	52	5.543894
125	2	76	14.70523
126	2	27	25.000118
127	2	10	0
128	2	77	0
0	3	78	0
1	3	79	0
2	3	80	0
3	3	80	0
4	3	81	0
5	3	82	0.023845
6	3	31	11.549628
7	3	31	22.987925
8	3	32	21.851603
9	3	30	11.209216
10	3	31	2.681372
11	3	31	0
12	3	32	0
13	3	83	0
14	3	84	0
15	3	80	0
16	3	80	0
17	3	80	0
18	3	81	0
19	3	85	0
20	3	86	0
21	3	51	0
22	3	48	0
23	3	56	0.887774
24	3	87	9.313879
25	3	88	17.623627
26	3	31	13.952081
27	3	31	2.469262
28	3	32	0
29	3	9	0.243683
30	3	9	5.746335
31	3	9	15.257884
32	3	37	23.821487
33	3	89	27.723537
34	3	89	25.376188
35	3	38	18.942383
36	3	9	17.61224
37	3	64	21.11937
38	3	65	28.438118
39	3	38	29.543423
40	3	9	24.109047
41	3	9	14.868067
42	3	66	11.244324
43	3	90	19.510351
44	3	68	28.747511
45	3	43	32.202194
46	3	43	28.553091
47	3	43	19.437468
48	3	43	9.386658
49	3	43	2.320206
50	3	44	0
51	3	45	0
52	3	69	0
53	3	52	0
54	3	51	0
55	3	48	0
56	3	51	2.168738
57	3	52	21.704433
58	3	70	40.964211
59	3	91	53.912582
60	3	92	56.547077
61	3	93	44.519577
62	3	45	22.41757
63	3	94	6.553651
64	3	95	0.180092
65	3	95	0
66	3	96	0.184459
67	3	94	8.740953
68	3	96	16.356209
69	3	45	9.922834
70	3	94	0
71	3	97	1.629343
72	3	98	13.36414
73	3	48	24.662344
74	3	48	21.237316
75	3	51	10.149638
76	3	52	20.758873
77	3	70	56.097855
78	3	45	74.10289
79	3	45	64.664406
80	3	46	42.404392
81	3	43	43.412109
82	3	43	81.583801
83	3	44	132.544342
84	3	45	146.725769
85	3	69	116.840149
86	3	48	102.97139
87	3	48	149.050308
88	3	70	150.532974
89	3	45	107.71386
90	3	45	68.053185
91	3	45	116.203011
92	3	45	146.342926
93	3	45	126.544395
94	3	45	117.329536
95	3	94	134.131973
96	3	95	154.563354
97	3	99	139.445969
98	3	43	104.276382
99	3	43	80.163589
100	3	47	67.188736
101	3	51	81.502853
102	3	70	128.882278
103	3	45	139.088272
104	3	45	120.188446
105	3	46	184.106567
106	3	43	169.933685
107	3	43	151.237045
108	3	71	140.909271
109	3	72	66.394775
110	3	72	108.80732
111	3	73	129.756622
112	3	48	97.162758
113	3	75	80.370201
114	3	72	91.035446
115	3	72	113.274498
116	3	72	143.746719
117	3	72	136.117508
118	3	72	93.197052
119	3	72	46.622368
120	3	100	27.518633
121	3	69	14.536632
122	3	48	24.252872
123	3	51	35.524029
124	3	101	31.02947
125	3	9	49.322807
126	3	30	72.638382
127	3	31	0
128	3	31	0
0	4	102	0
1	4	103	0
2	4	104	0
3	4	105	0
4	4	106	0
5	4	80	3.805927
6	4	81	19.18891
7	4	107	29.951048
8	4	83	20.994761
9	4	108	5.833365
10	4	108	0
11	4	107	0
12	4	9	0
13	4	33	0
14	4	109	0
15	4	110	0
16	4	111	0
17	4	112	0
18	4	86	0
19	4	51	0
20	4	52	0
21	4	52	2.456869
22	4	52	9.244144
23	4	55	18.081779
24	4	113	32.971813
25	4	114	55.504295
26	4	108	57.266228
27	4	107	28.570332
28	4	9	2.024709
29	4	10	2.268344
30	4	11	14.252733
31	4	115	29.244461
32	4	116	41.244019
33	4	117	46.933819
34	4	67	43.322117
35	4	9	39.409607
36	4	9	41.908539
37	4	64	41.437416
38	4	65	48.306194
39	4	38	50.317822
40	4	41	41.824249
41	4	118	29.971369
42	4	119	32.684242
43	4	43	38.602272
44	4	43	49.353226
45	4	44	54.497955
46	4	45	49.595249
47	4	45	36.140045
48	4	94	19.247675
49	4	120	6.161473
50	4	51	0.241031
51	4	48	0
52	4	48	0
53	4	51	0
54	4	51	0.470335
55	4	52	28.691843
56	4	48	68.30574
57	4	52	86.732643
58	4	121	87.531639
59	4	122	76.29081
60	4	123	57.928455
61	4	48	35.664593
62	4	124	22.140074
63	4	125	36.41341
64	4	122	43.907063
65	4	123	31.586086
66	4	121	33.11618
67	4	123	49.261097
68	4	51	66.8787
69	4	121	75.711098
70	4	122	58.155193
71	4	126	45.881042
72	4	92	61.243958
73	4	98	85.904945
74	4	52	93.453499
75	4	52	74.828728
76	4	51	83.341499
77	4	52	137.362808
78	4	52	180.778778
79	4	70	158.9319
80	4	45	127.891525
81	4	45	88.008553
82	4	69	73.963463
83	4	127	124.376953
84	4	98	157.629257
85	4	51	149.229691
86	4	51	142.280777
87	4	127	176.72348
88	4	92	178.410812
89	4	92	156.844162
90	4	92	154.229248
91	4	92	205.625076
92	4	92	225.87648
93	4	92	214.370071
94	4	128	253.758194
95	4	122	277.862244
96	4	129	248.38443
97	4	95	170.122787
98	4	96	147.667511
99	4	91	161.557648
100	4	92	156.037903
101	4	98	139.191483
102	4	51	174.179031
103	4	52	185.26152
104	4	70	122.246216
105	4	46	146.057953
106	4	43	171.310638
107	4	43	196.877045
108	4	43	77.282494
109	4	43	67.791077
110	4	47	119.995201
111	4	48	139.44603
112	4	70	118.438782
113	4	45	106.834854
114	4	45	114.467628
115	4	45	139.784409
116	4	45	178.322601
117	4	45	184.563553
118	4	45	122.939926
119	4	69	60.470898
120	4	52	29.697023
121	4	48	15.75411
122	4	51	28.494757
123	4	130	50.40451
124	4	9	56.720257
125	4	30	84.928032
126	4	31	104.340858
127	4	131	0
128	4	132	0
0	5	58	0
1	5	31	0
2	5	133	0
3	5	134	0
4	5	135	0
5	5	136	5.960622
6	5	41	18.96632
7	5	20	25.216679
8	5	20	14.730224
9	5	20	0.520947
10	5	20	0
11	5	20	0
12	5	20	0
13	5	21	0
14	5	50	0
15	5	137	0
16	5	47	0
17	5	51	0
18	5	52	0
19	5	52	0
20	5	52	0.776723
21	5	48	9.2617
22	5	70	26.031525
23	5	46	39.232288
24	5	138	50.849213
25	5	139	80.579346
26	5	9	100.768272
27	5	9	63.815468
28	5	30	16.110903
29	5	31	5.207837
30	5	35	22.544462
31	5	11	40.053577
32	5	140	55.871006
33	5	141	67.724396
34	5	38	64.759834
35	5	9	67.810883
36	5	9	68.928383
37	5	64	64.144745
38	5	65	65.361656
39	5	142	69.393791
40	5	43	56.439568
41	5	43	49.509106
42	5	43	50.753632
43	5	43	54.065601
44	5	143	67.251465
45	5	92	75.577896
46	5	92	68.225723
47	5	128	49.356457
48	5	126	28.457121
49	5	92	9.660703
50	5	98	0.680124
51	5	48	1.238138
52	5	52	8.230945
53	5	48	19.563704
54	5	51	53.28841
55	5	48	101.410194
56	5	52	146.036148
57	5	124	147.399384
58	5	144	103.95771
59	5	145	63.092621
60	5	48	33.809086
61	5	51	18.883821
62	5	124	52.451794
63	5	144	107.922691
64	5	145	128.844284
65	5	124	113.858658
66	5	145	109.700523
67	5	51	116.953026
68	5	124	124.143066
69	5	144	135.264328
70	5	144	126.170425
71	5	144	116.270798
72	5	145	139.855728
73	5	48	169.573334
74	5	48	168.814468
75	5	51	156.255844
76	5	48	167.782013
77	5	48	224.984543
78	5	127	258.404694
79	5	92	238.849716
80	5	98	186.517029
81	5	48	128.939362
82	5	124	82.767479
83	5	145	117.044075
84	5	51	148.19838
85	5	48	159.829346
86	5	121	144.474396
87	5	122	171.748138
88	5	122	174.049164
89	5	122	176.408142
90	5	122	197.445145
91	5	122	241.533112
92	5	122	245.283264
93	5	122	248.551285
94	5	122	300.798615
95	5	122	327.129517
96	5	122	251.343628
97	5	123	158.304947
98	5	121	182.384644
99	5	122	242.031708
100	5	123	254.957199
101	5	48	223.993042
102	5	52	226.799911
103	5	51	219.852783
104	5	70	158.619293
105	5	45	107.085777
106	5	45	124.070175
107	5	45	125.825317
108	5	45	101.795433
109	5	69	103.260185
110	5	52	131.163071
111	5	51	153.997894
112	5	48	145.170868
113	5	51	129.665375
114	5	51	117.322784
115	5	48	116.53125
116	5	52	146.478317
117	5	52	150.412338
118	5	52	119.787025
119	5	52	79.164146
120	5	51	56.30373
121	5	52	46.368519
122	5	130	51.754372
123	5	9	53.082993
124	5	30	63.6772
125	5	31	86.705696
126	5	35	85.054604
127	5	146	0
128	5	147	0
0	6	148	0
1	6	149	0
2	6	150	0
3	6	104	0
4	6	151	0
5	6	152	4.314539
6	6	43	12.596901
7	6	43	16.627323
8	6	43	10.866714
9	6	43	2.056224
10	6	43	0
11	6	43	0
12	6	43	0
13	6	43	0
14	6	43	0
15	6	47	0
16	6	48	0
17	6	153	0
18	6	154	0
19	6	155	2.563502
20	6	48	8.947673
21	6	48	20.601618
22	6	55	39.783031
23	6	43	48.838326
24	6	138	40.978321
25	6	139	68.065765
26	6	9	105.250244
27	6	30	88.080994
28	6	31	31.705256
29	6	31	6.995396
30	6	31	25.923819
31	6	31	44.581043
32	6	156	65.321892
33	6	157	89.803612
34	6	9	90.865135
35	6	9	96.039032
36	6	9	96.303825
37	6	66	89.744858
38	6	158	83.006706
39	6	159	80.289543
40	6	43	68.068535
41	6	44	63.408649
42	6	45	63.823071
43	6	160	63.83802
44	6	122	78.461411
45	6	122	88.67131
46	6	122	75.087746
47	6	122	54.264153
48	6	161	38.956028
49	6	145	42.337337
50	6	51	46.365875
51	6	52	41.037975
52	6	48	45.128551
53	6	51	66.000465
54	6	52	107.787369
55	6	52	148.943283
56	6	51	155.794952
57	6	52	138.615417
58	6	52	103.061676
59	6	51	70.905258
60	6	162	57.287033
61	6	163	62.976757
62	6	164	101.847542
63	6	52	150.074295
64	6	48	155.583801
65	6	52	145.969223
66	6	51	141.074432
67	6	51	132.021332
68	6	51	109.219208
69	6	52	108.809616
70	6	165	123.08828
71	6	166	140.991013
72	6	166	171.838196
73	6	167	186.557495
74	6	52	177.301666
75	6	52	176.127991
76	6	52	210.207077
77	6	121	249.821075
78	6	122	264.22525
79	6	123	225.626862
80	6	52	185.345673
81	6	52	137.734451
82	6	48	110.907921
83	6	127	137.102386
84	6	92	170.231354
85	6	128	170.559296
86	6	161	173.656158
87	6	144	200.805222
88	6	144	200.417953
89	6	144	175.041367
90	6	144	183.544067
91	6	144	212.869568
92	6	144	210.853027
93	6	144	206.605484
94	6	144	256.577972
95	6	144	257.827423
96	6	145	205.601212
97	6	124	157.49588
98	6	144	184.653152
99	6	145	256.874176
100	6	52	307.141357
101	6	51	297.022797
102	6	51	289.748291
103	6	51	272.193726
104	6	48	225.297989
105	6	52	200.211868
106	6	51	215.162979
107	6	52	219.300751
108	6	48	184.349762
109	6	52	145.878586
110	6	51	145.398788
111	6	51	160.760468
112	6	51	169.085175
113	6	52	158.862335
114	6	52	140.241318
115	6	51	117.783821
116	6	52	114.517487
117	6	48	121.912895
118	6	51	117.291862
119	6	48	103.446609
120	6	48	97.455269
121	6	130	112.112137
122	6	9	95.995415
123	6	30	63.029701
124	6	31	51.997433
125	6	31	52.126389
126	6	168	40.229511
127	6	44	0
128	6	45	0
0	7	45	0
1	7	169	0
2	7	31	0
3	7	31	0
4	7	168	0.762483
5	7	43	3.200185
6	7	44	16.106459
7	7	45	31.088469
8	7	45	25.257093
9	7	45	9.425321
10	7	45	1.086851
11	7	45	0
12	7	45	0
13	7	45	0
14	7	69	4.781172
15	7	48	20.985455
16	7	76	32.371872
17	7	110	26.090614
18	7	170	11.906847
19	7	52	13.146847
20	7	51	31.679232
21	7	55	44.784828
22	7	43	51.698841
23	7	43	44.445076
24	7	138	23.87965
25	7	139	40.246521
26	7	83	97.606262
27	7	108	101.559074
28	7	82	41.237812
29	7	31	5.2579
30	7	31	23.678118
31	7	35	42.079357
32	7	12	70.556595
33	7	9	97.310768
34	7	10	104.759773
35	7	11	110.551819
36	7	115	110.487724
37	7	171	101.537498
38	7	68	96.666367
39	7	44	88.197823
40	7	69	76.091316
41	7	127	72.422089
42	7	128	70.420486
43	7	172	66.548256
44	7	173	78.230637
45	7	174	79.587738
46	7	144	67.801056
47	7	145	49.611919
48	7	51	60.602844
49	7	52	91.60125
50	7	48	184.621216
51	7	51	164.912567
52	7	48	143.539261
53	7	51	150.916992
54	7	52	173.339722
55	7	175	181.058105
56	7	176	167.707367
57	7	177	166.014893
58	7	178	177.824295
59	7	179	190.036148
60	7	180	185.027679
61	7	181	179.256302
62	7	164	178.48558
63	7	48	175.565796
64	7	48	156.326843
65	7	52	150.245224
66	7	182	161.808456
67	7	183	147.171768
68	7	183	110.9795
69	7	184	109.160034
70	7	185	134.867371
71	7	186	164.634888
72	7	187	198.80304
73	7	51	200.173996
74	7	48	195.377258
75	7	48	204.491226
76	7	124	243.08815
77	7	144	278.980774
78	7	145	269.265503
79	7	48	231.264771
80	7	48	198.556
81	7	51	180.424545
82	7	124	171.061798
83	7	144	192.661011
84	7	144	216.772018
85	7	145	235.864212
86	7	48	255.538361
87	7	48	237.226807
88	7	48	209.412262
89	7	52	197.44101
90	7	188	201.047638
91	7	189	212.173904
92	7	189	224.425827
93	7	190	235.489853
94	7	52	248.880569
95	7	51	244.661011
96	7	48	232.722855
97	7	51	228.774017
98	7	52	227.448929
99	7	52	258.158569
100	7	52	253.815765
101	7	52	279.715363
102	7	51	251.523087
103	7	52	238.53923
104	7	48	257.166687
105	7	52	247.513336
106	7	52	252.597656
107	7	48	261.313995
108	7	48	267.600159
109	7	52	230.802933
110	7	52	218.163666
111	7	48	231.145142
112	7	52	249.480057
113	7	51	150.604645
114	7	52	150.604645
115	7	52	206.29631
116	7	52	181.176147
117	7	48	174.664673
118	7	52	179.349243
119	7	48	161.85701
120	7	130	185.4086
121	7	9	231.486725
122	7	83	150.245468
123	7	191	75.369644
124	7	148	26.607901
125	7	149	21.442881
126	7	47	8.705022
127	7	51	0
128	7	51	0
0	8	192	0
1	8	63	0
2	8	31	0
3	8	193	0
4	8	45	1.169989
5	8	69	7.807293
6	8	48	44.142479
7	8	48	67.10981
8	8	51	49.729477
9	8	51	16.815405
10	8	52	1.390302
11	8	153	0
12	8	154	1.056742
13	8	155	23.606564
14	8	52	63.539471
15	8	76	98.841896
16	8	135	115.79763
17	8	170	101.921707
18	8	48	57.001301
19	8	52	37.883141
20	8	70	74.535599
21	8	46	85.640663
22	8	43	55.493248
23	8	43	29.546032
24	8	138	19.815229
25	8	139	41.390217
26	8	9	98.1063
27	8	83	119.076744
28	8	108	70.763794
29	8	82	15.879967
30	8	31	16.322441
31	8	35	35.051754
32	8	12	65.880058
33	8	30	90.622772
34	8	31	104.383202
35	8	32	113.941635
36	8	194	111.165878
37	8	43	100.065384
38	8	47	99.03141
39	8	51	93.951012
40	8	121	80.955521
41	8	122	77.639565
42	8	195	70.806404
43	8	196	65.069946
44	8	197	66.265877
45	8	198	60.426975
46	8	51	51.945084
47	8	52	37.659039
48	8	51	69.922569
49	8	51	124.347198
50	8	48	214.793091
51	8	52	167.630035
52	8	199	117.727875
53	8	178	112.470482
54	8	200	115.250893
55	8	201	108.363922
56	8	202	100.092987
57	8	203	122.792389
58	8	204	164.098984
59	8	205	179.631317
60	8	205	169.882599
61	8	206	156.615341
62	8	207	132.013062
63	8	208	104.918915
64	8	209	79.716927
65	8	210	78.424026
66	8	211	93.434853
67	8	212	94.605263
68	8	213	80.299667
69	8	214	80.918785
70	8	215	91.84214
71	8	216	106.205635
72	8	189	138.585999
73	8	189	151.780807
74	8	189	144.791275
75	8	189	156.261032
76	8	189	180.593613
77	8	190	198.284439
78	8	52	199.481033
79	8	51	163.122726
80	8	51	137.095917
81	8	52	131.369003
82	8	51	123.277466
83	8	51	127.157967
84	8	52	144.079819
85	8	51	170.290756
86	8	217	186.585266
87	8	218	195.842026
88	8	218	184.509918
89	8	219	165.091293
90	8	220	147.445969
91	8	220	153.794128
92	8	221	169.740417
93	8	189	187.029999
94	8	189	205.763611
95	8	189	204.766098
96	8	222	205.095734
97	8	218	199.211502
98	8	218	186.915176
99	8	218	183.086685
100	8	218	196.127045
101	8	223	216.339096
102	8	48	202.125977
103	8	52	201.573166
104	8	182	203.018738
105	8	224	197.527405
106	8	52	205.09845
107	8	48	225.20137
108	8	52	232.898056
109	8	51	225.516144
110	8	51	214.451813
111	8	48	219.705109
112	8	51	150.604645
113	8	51	150.604645
114	8	52	150.604645
115	8	51	199.827988
116	8	75	209.649033
117	8	73	201.48201
118	8	51	187.085342
119	8	130	168.362732
120	8	9	194.677719
121	8	9	255.17926
122	8	225	161.927872
123	8	45	68.958252
124	8	45	37.107471
125	8	69	10.69108
126	8	48	19.697111
127	8	51	0
128	8	70	0
0	9	226	0
1	9	60	0
2	9	227	0
3	9	48	0
4	9	52	0.856719
5	9	51	23.235363
6	9	51	69.0392
7	9	48	90.825005
8	9	51	54.73225
9	9	153	13.591255
10	9	228	0.014355
11	9	135	0
12	9	170	10.592554
13	9	48	60.468491
14	9	53	128.319427
15	9	229	166.220795
16	9	230	172.116226
17	9	48	149.547882
18	9	51	91.727806
19	9	51	84.422409
20	9	231	110.58506
21	9	159	115.931625
22	9	43	74.85421
23	9	43	51.073112
24	9	232	52.095406
25	9	9	68.015297
26	9	233	102.436722
27	9	24	142.211121
28	9	234	116.178131
29	9	235	51.387959
30	9	31	15.886168
31	9	32	24.089201
32	9	30	52.598186
33	9	31	76.257233
34	9	32	93.041801
35	9	194	107.395828
36	9	43	99.589638
37	9	47	90.264168
38	9	48	93.790054
39	9	121	90.520393
40	9	122	80.145142
41	9	122	77.66185
42	9	236	67.24205
43	9	203	60.243927
44	9	197	53.108452
45	9	178	41.104618
46	9	178	32.317547
47	9	178	23.039429
48	9	178	50.742027
49	9	198	109.769028
50	9	48	182.899902
51	9	237	124.204445
52	9	238	84.025383
53	9	239	73.250618
54	9	240	74.786255
55	9	241	72.504822
56	9	242	75.515343
57	9	243	91.184151
58	9	203	109.768288
59	9	203	114.440605
60	9	242	106.39357
61	9	244	97.439873
62	9	245	86.952827
63	9	246	76.08329
64	9	247	72.825623
65	9	248	73.644463
66	9	249	74.22506
67	9	249	75.474854
68	9	250	78.558563
69	9	251	83.134125
70	9	251	90.009674
71	9	252	100.686127
72	9	251	114.684746
73	9	252	126.66584
74	9	253	136.229874
75	9	254	146.20694
76	9	255	154.362579
77	9	218	157.522842
78	9	218	147.65834
79	9	218	128.294373
80	9	218	116.202881
81	9	218	107.22155
82	9	256	98.918503
83	9	257	93.288345
84	9	92	93.376358
85	9	258	98.856247
86	9	259	103.760994
87	9	260	102.309753
88	9	261	97.459442
89	9	262	100.696243
90	9	263	114.513695
91	9	264	130.833298
92	9	265	144.517944
93	9	266	163.437134
94	9	220	178.142456
95	9	267	186.48967
96	9	262	186.528885
97	9	262	177.063141
98	9	268	167.201553
99	9	263	165.180466
100	9	269	162.519485
101	9	270	145.223862
102	9	271	129.613129
103	9	210	130.148529
104	9	272	145.338211
105	9	224	158.478165
106	9	51	172.527588
107	9	48	197.32045
108	9	51	220.338211
109	9	48	223.916931
110	9	52	209.551865
111	9	52	195.154175
112	9	52	150.604645
113	9	52	150.604645
114	9	75	150.604645
115	9	74	198.416229
116	9	47	252.481064
117	9	51	275.782959
118	9	130	236.754333
119	9	273	195.463959
120	9	20	215.475357
121	9	274	237.148636
122	9	48	122.579475
123	9	52	89.493393
124	9	52	29.567766
125	9	52	20.461853
126	9	153	43.454529
127	9	154	0
128	9	155	0
0	10	52	0
1	10	51	0
2	10	52	0
3	10	52	2.229621
4	10	52	13.89425
5	10	275	52.495926
6	10	276	80.80722
7	10	154	79.207664
8	10	228	51.929691
9	10	135	16.416531
10	10	277	10.018892
11	10	230	3.803461
12	10	52	24.618729
13	10	51	101.758591
14	10	48	164.79245
15	10	51	170.157944
16	10	52	150.145004
17	10	48	127.877129
18	10	48	111.16346
19	10	56	116.813278
20	10	278	127.483528
21	10	46	130.619202
22	10	43	110.747345
23	10	232	121.411179
24	10	233	128.084442
25	10	86	116.173164
26	10	52	127.655457
27	10	51	160.773926
28	10	279	144.641327
29	10	108	89.760933
30	10	107	46.913548
31	10	30	31.946695
32	10	31	41.133675
33	10	280	54.832165
34	10	68	71.569595
35	10	44	82.521805
36	10	69	79.381584
37	10	48	78.803268
38	10	121	81.661819
39	10	122	79.021866
40	10	172	76.021072
41	10	281	77.248177
42	10	203	63.549187
43	10	203	52.55209
44	10	242	38.956203
45	10	242	21.752602
46	10	282	12.099401
47	10	283	5.665633
48	10	284	32.042427
49	10	178	79.481155
50	10	285	142.674301
51	10	286	95.068489
52	10	287	72.384041
53	10	243	72.384041
54	10	242	72.384041
55	10	203	72.384041
56	10	203	72.384041
57	10	203	72.384041
58	10	242	72.384041
59	10	243	72.384041
60	10	244	72.384041
61	10	288	72.384041
62	10	289	72.384041
63	10	245	73.129562
64	10	246	74.270699
65	10	290	75.217735
66	10	291	75.905388
67	10	292	78.28418
68	10	220	82.530807
69	10	220	89.323456
70	10	220	98.137627
71	10	293	109.391518
72	10	265	123.163338
73	10	265	136.468323
74	10	294	146.596863
75	10	268	152.458603
76	10	268	152.327835
77	10	262	146.376419
78	10	262	136.150955
79	10	295	126.56015
80	10	259	118.558517
81	10	296	111.444122
82	10	297	103.610985
83	10	122	94.905762
84	10	122	86.834328
85	10	122	81.274551
86	10	298	78.479401
87	10	299	76.443542
88	10	300	84.24263
89	10	301	99.265869
90	10	211	120.008026
91	10	212	146.269043
92	10	302	172.727463
93	10	303	193.814682
94	10	304	208.185379
95	10	305	215.946823
96	10	303	214.93309
97	10	303	206.117676
98	10	306	191.15831
99	10	307	174.59845
100	10	9	158.290543
101	10	308	144.721329
102	10	309	139.712112
103	10	310	146.779602
104	10	311	162.080902
105	10	52	177.626938
106	10	48	192.459946
107	10	48	211.375031
108	10	52	224.116699
109	10	48	213.971512
110	10	48	190.030045
111	10	51	169.022171
112	10	52	143.967117
113	10	55	115.433479
114	10	44	123.647041
115	10	69	166.675201
116	10	48	234.904648
117	10	130	265.478882
118	10	312	247.827744
119	10	43	214.856537
120	10	47	211.957123
121	10	48	200.173523
122	10	48	124.898476
123	10	51	54.43248
124	10	52	27.71616
125	10	76	21.004175
126	10	135	44.602245
127	10	313	0
128	10	154	0
0	11	155	0
1	11	51	0
2	11	51	0.877643
3	11	153	19.243586
4	11	314	65.468559
5	11	315	103.789993
6	11	110	106.35289
7	11	110	100.758301
8	11	316	100.076897
9	11	317	85.884506
10	11	52	47.799442
11	11	52	44.152546
12	11	165	95.32618
13	11	166	156.967148
14	11	166	197.935669
15	11	167	176.963425
16	11	51	130.140152
17	11	52	106.436691
18	11	52	110.27491
19	11	48	118.542778
20	11	70	104.899956
21	11	318	120.988289
22	11	319	149.813492
23	11	320	193.250519
24	11	52	182.431305
25	11	52	156.58902
26	11	52	143.409912
27	11	56	148.079208
28	11	321	127.168983
29	11	9	95.76963
30	11	30	83.973503
31	11	31	61.739845
32	11	168	42.422752
33	11	43	35.972881
34	11	47	53.120907
35	11	52	63.982761
36	11	52	65.921913
37	11	121	80.970818
38	11	161	84.785835
39	11	322	71.461914
40	11	323	71.010704
41	11	243	76.479332
42	11	282	63.074593
43	11	283	45.628624
44	11	324	27.048353
45	11	325	7.808519
46	11	326	0.640491
47	11	327	0.576246
48	11	328	38.215351
49	11	329	84.820984
50	11	330	148.533661
51	11	331	95.169678
52	11	242	72.384041
53	11	242	72.384041
54	11	203	72.384041
55	11	332	72.384041
56	11	238	72.384041
57	11	328	72.384041
58	11	243	72.384041
59	11	333	72.384041
60	11	334	72.384041
61	11	335	72.468124
62	11	336	73.430336
63	11	289	75.039108
64	11	337	76.2565
65	11	338	77.02597
66	11	338	77.917625
67	11	338	81.425026
68	11	338	87.312256
69	11	338	98.095474
70	11	339	111.41925
71	11	212	124.588631
72	11	211	138.378448
73	11	340	150.137604
74	11	341	156.987854
75	11	342	158.64122
76	11	342	208.319458
77	11	342	207.827759
78	11	343	217.950745
79	11	344	213.706665
80	11	344	208.992599
81	11	345	204.010132
82	11	122	121.638535
83	11	346	111.572647
84	11	347	99.655052
85	11	348	86.784225
86	11	349	86.654198
87	11	350	91.806702
88	11	351	104.49025
89	11	352	124.10183
90	11	353	151.853592
91	11	354	181.408768
92	11	9	206.8228
93	11	355	225.981354
94	11	356	240.41597
95	11	9	249.117111
96	11	9	247.465424
97	11	9	237.94046
98	11	9	220.834137
99	11	9	198.471527
100	11	9	177.747482
101	11	308	173.256729
102	11	357	177.122757
103	11	358	184.85762
104	11	176	197.154388
105	11	359	207.463516
106	11	183	214.089859
107	11	224	219.901413
108	11	52	217.020294
109	11	51	198.488266
110	11	51	177.16037
111	11	52	156.136063
112	11	55	135.035629
113	11	47	112.81263
114	11	52	92.673576
115	11	52	106.869331
116	11	130	148.454788
117	11	312	184.302429
118	11	43	205.295074
119	11	47	212.781464
120	11	52	216.466705
121	11	48	181.035812
122	11	51	110.195534
123	11	51	56.301453
124	11	53	27.45598
125	11	229	7.599506
126	11	360	25.676987
127	11	110	0
128	11	170	0
0	12	48	0
1	12	52	0
2	12	76	5.384109
3	12	110	44.556446
4	12	277	107.161407
5	12	229	148.257294
6	12	229	142.024796
7	12	361	160.789368
8	12	362	181.175674
9	12	165	152.965134
10	12	166	104.536453
11	12	363	121.819633
12	12	185	171.824707
13	12	364	200.787735
14	12	365	197.885147
15	12	366	184.827499
16	12	366	149.178085
17	12	367	123.281738
18	12	72	135.96637
19	12	72	137.309952
20	12	368	100.528114
21	12	233	107.937912
22	12	86	164.068054
23	12	48	196.006973
24	12	52	166.21814
25	12	48	142.903122
26	12	48	128.480194
27	12	369	101.833275
28	12	9	69.683144
29	12	62	71.141075
30	12	148	93.594521
31	12	149	80.912384
32	12	43	37.248085
33	12	71	24.970348
34	12	370	42.966053
35	12	92	66.072487
36	12	128	105.460342
37	12	123	137.33522
38	12	51	130.884918
39	12	371	98.460495
40	12	203	82.907059
41	12	372	82.819748
42	12	326	66.211914
43	12	373	43.16518
44	12	374	22.142317
45	12	326	3.858048
46	12	373	2.810188
47	12	287	9.806788
48	12	242	69.529793
49	12	203	126.284348
50	12	332	165.215134
51	12	238	102.99881
52	12	238	72.503342
53	12	238	72.384041
54	12	375	72.384041
55	12	376	72.384041
56	12	287	72.384041
57	12	377	72.384041
58	12	378	72.384041
59	12	379	72.384041
60	12	380	72.384041
61	12	381	75.766869
62	12	245	77.90786
63	12	382	79.3759
64	12	338	80.068626
65	12	383	80.375252
66	12	383	81.067581
67	12	384	86.922012
68	12	338	99.403923
69	12	385	114.179993
70	12	386	128.687683
71	12	387	142.794922
72	12	388	155.488022
73	12	389	164.67746
74	12	201	166.647964
75	12	201	216.635773
76	12	390	205.015518
77	12	201	302.503632
78	12	201	302.503632
79	12	390	302.503632
80	12	391	302.503632
81	12	347	209.658752
82	12	392	141.947418
83	12	393	133.073532
84	12	394	125.868141
85	12	395	99.617889
86	12	396	97.402939
87	12	9	129.776611
88	12	397	142.847992
89	12	201	163.96608
90	12	398	194.322372
91	12	9	224.001205
92	12	399	247.654099
93	12	400	256.132324
94	12	401	256.132324
95	12	401	256.132324
96	12	402	277.325531
97	12	403	266.081451
98	12	404	248.465576
99	12	405	235.160782
100	12	401	224.14386
101	12	406	222.770386
102	12	201	225.24791
103	12	390	233.243073
104	12	407	240.068832
105	12	212	239.521851
106	12	408	239.521851
107	12	51	235.860474
108	12	51	226.235123
109	12	52	210.702316
110	12	51	191.695572
111	12	70	168.851456
112	12	409	143.21759
113	12	72	117.17849
114	12	410	93.072945
115	12	411	78.904991
116	12	412	94.7015
117	12	413	125.174126
118	12	414	113.185287
119	12	48	199.346725
120	12	153	199.346725
121	12	154	199.346725
122	12	154	121.014641
123	12	154	59.88924
124	12	154	27.493937
125	12	415	38.650585
126	12	229	26.337204
127	12	230	0
128	12	51	0
0	13	52	0
1	13	76	0
2	13	277	10.489413
3	13	230	55.646969
4	13	51	115.751541
5	13	52	130.81456
6	13	52	129.075226
7	13	51	163.564819
8	13	416	180.631012
9	13	186	142.957413
10	13	364	127.891907
11	13	417	164.451248
12	13	418	184.719131
13	13	419	168.362839
14	13	420	151.990692
15	13	421	146.249344
16	13	422	143.930511
17	13	423	143.959595
18	13	424	171.606384
19	13	232	183.134369
20	13	320	141.84494
21	13	51	123.65963
22	13	51	145.261322
23	13	51	133.162704
24	13	48	104.116539
25	13	51	90.713081
26	13	369	86.661179
27	13	10	57.528099
28	13	425	26.431414
29	13	426	40.198635
30	13	43	72.792542
31	13	44	60.619423
32	13	45	30.392282
33	13	160	21.159353
34	13	122	42.7943
35	13	161	95.662399
36	13	427	164.494629
37	13	166	202.374741
38	13	428	184.533447
39	13	429	138.060898
40	13	430	104.719612
41	13	431	93.022652
42	13	432	74.261497
43	13	433	46.125912
44	13	434	26.262844
45	13	435	19.519054
46	13	331	39.459206
47	13	243	63.590572
48	13	242	123.675941
49	13	436	160.14389
50	13	286	177.608673
51	13	437	99.0802
52	13	438	72.384041
53	13	439	72.384041
54	13	440	72.384041
55	13	441	72.384041
56	13	442	72.384041
57	13	443	72.384041
58	13	288	72.384041
59	13	444	72.384041
60	13	445	72.384041
61	13	446	72.384041
62	13	447	72.384041
63	13	338	72.384041
64	13	384	86.278038
65	13	448	85.37159
66	13	448	88.197098
67	13	338	98.561234
68	13	449	112.791206
69	13	395	128.307724
70	13	450	145.350494
71	13	451	161.40538
72	13	452	174.134171
73	13	201	181.388824
74	13	453	180.938477
75	13	454	185.599365
76	13	455	205.015518
77	13	455	302.503632
78	13	455	302.503632
79	13	456	302.503632
80	13	395	302.503632
81	13	395	215.365402
82	13	395	166.646896
83	13	450	166.633118
84	13	457	167.346588
85	13	458	141.098633
86	13	459	136.143509
87	13	460	257.965179
88	13	461	274.828064
89	13	462	256.132324
90	13	401	256.132324
91	13	463	256.132324
92	13	464	256.132324
93	13	390	256.132324
94	13	201	256.132324
95	13	465	256.132324
96	13	466	256.132324
97	13	467	256.132324
98	13	468	256.132324
99	13	390	256.132324
100	13	390	256.132324
101	13	469	248.402924
102	13	470	248.402924
103	13	471	248.402924
104	13	472	240.068832
105	13	408	239.521851
106	13	52	239.521851
107	13	48	239.521851
108	13	48	239.521851
109	13	48	226.437302
110	13	51	205.987961
111	13	55	185.547043
112	13	43	163.271957
113	13	473	140.974533
114	13	474	118.460327
115	13	9	105.258728
116	13	9	95.559334
117	13	320	98.908844
118	13	52	113.185287
119	13	76	199.346725
120	13	110	199.346725
121	13	110	199.346725
122	13	110	138.372421
123	13	110	61.976559
124	13	170	29.422815
125	13	48	45.890594
126	13	52	37.940411
127	13	48	0
128	13	48	0
0	14	53	0
1	14	230	0
2	14	48	9.905679
3	14	51	62.143456
4	14	52	97.891983
5	14	51	84.763542
6	14	48	88.504128
7	14	416	121.423752
8	14	475	111.695671
9	14	476	94.031464
10	14	423	121.891541
11	14	419	155.811234
12	14	420	143.534973
13	14	420	125.061005
14	14	420	124.284462
15	14	420	137.494217
16	14	421	135.958267
17	14	477	169.831863
18	14	478	205.703156
19	14	86	207.959641
20	14	48	186.658646
21	14	52	145.852539
22	14	51	112.517975
23	14	51	68.233582
24	14	48	52.13747
25	14	369	52.452358
26	14	30	54.626759
27	14	31	39.633198
28	14	168	24.184513
29	14	44	29.36989
30	14	69	41.906811
31	14	51	40.305584
32	14	124	29.032728
33	14	144	36.207634
34	14	145	60.874203
35	14	416	119.903519
36	14	186	188.184601
37	14	186	202.711258
38	14	479	170.255859
39	14	243	126.63237
40	14	332	100.136421
41	14	238	89.314636
42	14	325	74.017776
43	14	480	53.710979
44	14	481	44.620235
45	14	283	69.005928
46	14	482	98.470238
47	14	203	123.050133
48	14	329	162.320007
49	14	330	182.893372
50	14	483	188.204727
51	14	180	107.781334
52	14	484	73.924911
53	14	485	72.384041
54	14	443	72.384041
55	14	336	72.384041
56	14	336	72.384041
57	14	245	72.384041
58	14	486	72.384041
59	14	487	72.384041
60	14	488	72.384041
61	14	489	72.384041
62	14	338	72.384041
63	14	338	72.384041
64	14	338	95.499657
65	14	338	95.612007
66	14	338	101.047493
67	14	490	112.376976
68	14	491	126.368446
69	14	491	142.964478
70	14	492	162.032516
71	14	493	179.310974
72	14	470	192.052734
73	14	494	198.444183
74	14	495	196.563965
75	14	457	185.599365
76	14	496	205.015518
77	14	496	302.503632
78	14	497	302.503632
79	14	498	302.503632
80	14	496	302.503632
81	14	497	212.953934
82	14	498	200.021896
83	14	497	210.277222
84	14	499	213.890472
85	14	393	185.534821
86	14	500	179.69136
87	14	501	256.132324
88	14	201	256.132324
89	14	390	256.132324
90	14	390	256.132324
91	14	502	256.132324
92	14	503	256.132324
93	14	503	256.132324
94	14	504	256.132324
95	14	505	256.132324
96	14	506	256.132324
97	14	507	256.132324
98	14	508	256.132324
99	14	503	256.132324
100	14	509	248.402924
101	14	510	248.402924
102	14	268	248.402924
103	14	511	248.402924
104	14	311	248.402924
105	14	52	320.929565
106	14	48	320.929565
107	14	51	320.929565
108	14	48	320.929565
109	14	48	320.929565
110	14	70	306.743774
111	14	45	289.678925
112	14	512	190.179138
113	14	513	170.876083
114	14	9	153.522873
115	14	9	139.746384
116	14	320	124.64576
117	14	48	109.379242
118	14	53	97.420525
119	14	229	111.1549
120	14	229	172.084274
121	14	360	225.87236
122	14	514	115.67952
123	14	170	39.208286
124	14	48	32.518105
125	14	51	41.613731
126	14	51	34.116852
127	14	52	0
128	14	52	0
0	15	51	0
1	15	48	0
2	15	51	16.350315
3	15	52	66.099899
4	15	48	92.126289
5	15	48	68.66256
6	15	416	75.70356
7	15	515	103.855614
8	15	421	80.886436
9	15	421	84.444046
10	15	420	139.707596
11	15	420	143.097092
12	15	421	111.569641
13	15	516	119.953751
14	15	517	157.903122
15	15	420	149.397049
16	15	518	145.112411
17	15	230	184.870285
18	15	51	207.398773
19	15	48	184.553436
20	15	48	180.951447
21	15	51	157.194626
22	15	52	93.469055
23	15	52	45.346092
24	15	519	41.684303
25	15	520	50.869591
26	15	31	48.238739
27	15	193	40.599346
28	15	91	36.821732
29	15	92	35.223698
30	15	98	34.920986
31	15	48	38.25993
32	15	48	43.60561
33	15	52	64.443985
34	15	416	102.019272
35	15	185	146.452042
36	15	521	181.61853
37	15	479	166.504807
38	15	203	113.105415
39	15	436	85.334991
40	15	286	77.610794
41	15	374	74.823647
42	15	434	64.258507
43	15	326	58.437347
44	15	326	77.194389
45	15	522	115.929245
46	15	203	153.066284
47	15	203	174.992279
48	15	242	202.346985
49	15	204	217.194458
50	15	205	236.687363
51	15	523	139.052216
52	15	245	80.042282
53	15	336	72.384041
54	15	524	72.384041
55	15	525	72.384041
56	15	525	72.384041
57	15	447	72.384041
58	15	526	72.384041
59	15	499	72.384041
60	15	495	72.384041
61	15	527	72.384041
62	15	525	72.384041
63	15	528	120.47509
64	15	390	118.812767
65	15	201	117.841782
66	15	529	120.72982
67	15	530	129.401474
68	15	531	142.095139
69	15	532	158.701096
70	15	533	177.091553
71	15	534	196.462952
72	15	535	212.74968
73	15	500	219.582825
74	15	338	214.71814
75	15	338	218.719742
76	15	338	218.719742
77	15	536	224.048264
78	15	537	224.048264
79	15	538	224.048264
80	15	536	224.048264
81	15	537	225.045105
82	15	536	246.316391
83	15	539	260.750183
84	15	540	266.547852
85	15	541	245.035599
86	15	542	238.528687
87	15	503	256.132324
88	15	503	256.132324
89	15	503	337.539581
90	15	543	337.539581
91	15	9	337.539581
92	15	9	337.539581
93	15	9	337.539581
94	15	9	337.539581
95	15	544	337.539581
96	15	545	337.539581
97	15	546	337.539581
98	15	9	337.539581
99	15	9	337.539581
100	15	547	329.810394
101	15	268	329.810394
102	15	268	329.810394
103	15	548	329.810394
104	15	52	329.810394
105	15	52	329.810394
106	15	48	320.929565
107	15	52	320.929565
108	15	48	320.929565
109	15	51	320.929565
110	15	48	320.929565
111	15	369	314.101318
112	15	513	218.331757
113	15	9	201.494553
114	15	9	190.644272
115	15	549	174.566605
116	15	550	154.139984
117	15	52	134.104004
118	15	52	115.254677
119	15	51	114.697769
120	15	53	182.626465
121	15	229	246.886414
122	15	230	142.635117
123	15	51	49.902851
124	15	48	35.477356
125	15	48	22.8927
126	15	48	56.98399
127	15	52	0
128	15	551	0
0	16	552	0
1	16	552	0
2	16	553	21.024107
3	16	51	62.992741
4	16	52	87.024582
5	16	416	69.373016
6	16	554	85.489807
7	16	555	115.697853
8	16	421	99.915268
9	16	421	109.031113
10	16	556	158.240799
11	16	557	146.433716
12	16	558	103.90976
13	16	559	139.135849
14	16	420	193.419952
15	16	560	173.350571
16	16	52	148.138367
17	16	48	187.703201
18	16	51	192.643326
19	16	51	158.046204
20	16	51	165.251312
21	16	48	160.18837
22	16	51	99.73629
23	16	55	46.497303
24	16	88	47.47979
25	16	31	59.984268
26	16	561	57.51088
27	16	562	50.797474
28	16	563	47.937313
29	16	564	43.701767
30	16	51	41.06348
31	16	51	53.168823
32	16	51	68.631325
33	16	565	116.457947
34	16	566	167.501633
35	16	186	188.443558
36	16	479	172.428802
37	16	242	149.195313
38	16	436	113.552696
39	16	286	87.802666
40	16	374	75.668472
41	16	480	65.52533
42	16	480	55.745464
43	16	480	63.541805
44	16	567	98.783989
45	16	568	146.79274
46	16	242	197.291443
47	16	203	226.826004
48	16	569	249.962677
49	16	570	255.270554
50	16	571	276.370605
51	16	572	168.806168
52	16	572	85.876274
53	16	573	72.480957
54	16	526	72.504837
55	16	526	72.384041
56	16	497	72.384041
57	16	496	72.384041
58	16	574	72.384041
59	16	575	72.384041
60	16	538	72.384041
61	16	538	72.384041
62	16	576	143.885208
63	16	577	147.018433
64	16	578	145.40596
65	16	579	143.354568
66	16	13	143.504227
67	16	135	151.180481
68	16	580	164.195114
69	16	581	183.319702
70	16	582	206.230392
71	16	583	226.013992
72	16	395	237.059845
73	16	584	237.522461
74	16	448	228.501923
75	16	338	226.958801
76	16	585	226.560364
77	16	157	224.503616
78	16	9	223.962158
79	16	64	228.128891
80	16	157	242.721481
81	16	64	256.132324
82	16	116	256.132324
83	16	116	256.132324
84	16	157	256.132324
85	16	9	256.132324
86	16	9	256.132324
87	16	9	256.132324
88	16	9	256.132324
89	16	9	337.539581
90	16	9	414.216888
91	16	9	414.216888
92	16	9	337.539581
93	16	9	337.539581
94	16	544	337.539581
95	16	545	337.539581
96	16	546	337.539581
97	16	9	337.539581
98	16	9	337.539581
99	16	547	337.539581
100	16	268	329.810394
101	16	262	329.810394
102	16	548	329.810394
103	16	52	329.810394
104	16	48	329.810394
105	16	48	329.810394
106	16	51	320.929565
107	16	48	320.929565
108	16	51	320.929565
109	16	51	320.929565
110	16	369	320.929565
111	16	513	315.013824
112	16	9	234.297668
113	16	9	235.132233
114	16	233	223.950195
115	16	86	205.945663
116	16	51	181.775497
117	16	52	157.212143
118	16	48	134.038147
119	16	51	125.119942
120	16	52	174.094223
121	16	48	227.672134
122	16	52	123.80452
123	16	165	50.176144
124	16	167	36.88604
125	16	52	47.929867
126	16	48	99.359055
127	16	586	0
128	16	587	0
0	17	588	0
1	17	589	0
2	17	48	10.355899
3	17	165	46.633282
4	17	363	71.939423
5	17	590	81.729034
6	17	515	102.014107
7	17	420	118.150589
8	17	420	103.785042
9	17	591	103.609749
10	17	592	136.243088
11	17	593	132.612915
12	17	594	99.068512
13	17	595	127.653336
14	17	596	187.872299
15	17	51	172.885803
16	17	51	134.579559
17	17	52	159.650909
18	17	52	184.340347
19	17	51	153.332413
20	17	75	154.511948
21	17	72	152.111862
22	17	597	91.187637
23	17	598	45.304333
24	17	79	45.00111
25	17	599	57.499817
26	17	600	62.103096
27	17	110	57.666798
28	17	313	56.184731
29	17	601	51.248131
30	17	92	48.155701
31	17	98	66.455917
32	17	48	94.243332
33	17	416	159.250519
34	17	186	221.774323
35	17	602	210.053055
36	17	568	161.656723
37	17	436	137.466919
38	17	286	126.939407
39	17	603	107.556915
40	17	604	91.468552
41	17	604	75.014519
42	17	604	59.754547
43	17	605	67.694984
44	17	606	101.20285
45	17	607	148.835083
46	17	607	204.742294
47	17	608	243.115219
48	17	609	256.856903
49	17	610	247.614227
50	17	611	264.259674
51	17	612	163.332214
52	17	613	86.489227
53	17	614	72.397209
54	17	615	74.391693
55	17	616	72.384041
56	17	617	72.384041
57	17	618	72.384041
58	17	619	72.384041
59	17	9	72.384041
60	17	9	144.719803
61	17	620	158.433838
62	17	621	168.509064
63	17	622	171.688019
64	17	623	169.268723
65	17	624	169.107559
66	17	625	173.460297
67	17	626	182.478058
68	17	627	197.454056
69	17	628	217.57016
70	17	526	240.675278
71	17	526	259.16153
72	17	629	263.802063
73	17	384	255.908417
74	17	338	247.317993
75	17	157	248.389771
76	17	9	247.780914
77	17	9	245.155624
78	17	9	246.808533
79	17	9	256.132324
80	17	9	256.132324
81	17	9	256.132324
82	17	37	256.132324
83	17	38	256.132324
84	17	9	256.132324
85	17	9	256.132324
86	17	9	256.132324
87	17	9	256.132324
88	17	9	256.132324
89	17	9	337.539581
90	17	9	414.216888
91	17	9	414.216888
92	17	9	337.539581
93	17	544	337.539581
94	17	630	337.539581
95	17	546	337.539581
96	17	9	337.539581
97	17	631	337.539581
98	17	632	337.539581
99	17	262	337.539581
100	17	633	329.810394
101	17	634	329.810394
102	17	51	329.810394
103	17	51	329.810394
104	17	51	329.810394
105	17	48	329.810394
106	17	52	329.810394
107	17	75	329.810394
108	17	72	320.929565
109	17	368	320.929565
110	17	513	320.929565
111	17	9	327.745026
112	17	9	239.316208
113	17	320	237.000992
114	17	52	235.643921
115	17	52	233.523392
116	17	153	205.189896
117	17	154	176.676392
118	17	155	149.471588
119	17	52	129.576492
120	17	52	159.413818
121	17	51	193.484314
122	17	565	97.219017
123	17	635	45.291847
124	17	52	53.131874
125	17	51	55.592266
126	17	636	110.152985
127	17	637	0
128	17	637	0
0	18	638	0
1	18	552	0
2	18	639	1.041381
3	18	475	5.094814
4	18	640	5.094814
5	18	641	5.094814
6	18	421	112.598869
7	18	420	112.864738
8	18	420	90.17614
9	18	642	63.604485
10	18	643	81.32045
11	18	644	94.873421
12	18	645	77.991287
13	18	646	85.687317
14	18	51	122.613235
15	18	51	117.167999
16	18	52	80.318588
17	18	48	100.355621
18	18	48	136.458298
19	18	55	136.112823
20	18	43	145.293884
21	18	647	141.352966
22	18	648	84.074524
23	18	102	39.09552
24	18	135	36.87418
25	18	135	49.963791
26	18	514	58.749043
27	18	135	60.298183
28	18	649	62.988026
29	18	122	58.868866
30	18	123	59.013367
31	18	51	75.702522
32	18	565	105.398216
33	18	650	180.434555
34	18	651	225.92305
35	18	606	189.342438
36	18	652	124.246468
37	18	653	102.822922
38	18	654	103.374443
39	18	288	96.698364
40	18	655	89.312836
41	18	245	75.961197
42	18	289	64.29184
43	18	288	66.618248
44	18	336	87.70179
45	18	245	124.305115
46	18	655	170.985245
47	18	245	197.835663
48	18	656	199.061234
49	18	657	181.645386
50	18	658	203.255188
51	18	659	130.326218
52	18	135	80.657722
53	18	136	72.473618
54	18	660	76.493759
55	18	661	72.384041
56	18	662	72.384041
57	18	136	72.384041
58	18	9	72.384041
59	18	663	143.384186
60	18	664	162.803909
61	18	622	179.330551
62	18	622	189.369217
63	18	665	191.091171
64	18	666	192.019867
65	18	666	196.102203
66	18	667	202.396011
67	18	489	212.531418
68	18	498	227.221497
69	18	668	245.360138
70	18	669	256.132324
71	18	670	256.132324
72	18	671	256.132324
73	18	672	274.02594
74	18	9	270.285309
75	18	9	268.2883
76	18	9	264.593597
77	18	9	260.838043
78	18	9	264.888214
79	18	9	256.132324
80	18	9	256.132324
81	18	66	256.132324
82	18	673	256.132324
83	18	38	256.132324
84	18	9	256.132324
85	18	9	256.132324
86	18	9	256.132324
87	18	9	256.132324
88	18	9	256.132324
89	18	9	337.539581
90	18	9	414.216888
91	18	9	414.216888
92	18	399	337.539581
93	18	395	337.539581
94	18	396	337.539581
95	18	9	337.539581
96	18	674	337.539581
97	18	675	337.539581
98	18	510	337.539581
99	18	676	337.539581
100	18	223	329.810394
101	18	48	329.810394
102	18	48	329.810394
103	18	52	329.810394
104	18	48	329.810394
105	18	52	329.810394
106	18	55	329.810394
107	18	43	329.810394
108	18	232	320.929565
109	18	513	320.929565
110	18	9	320.929565
111	18	9	288.994324
112	18	320	207.585876
113	18	52	207.585876
114	18	153	207.585876
115	18	228	238.054321
116	18	135	224.015701
117	18	170	190.144043
118	18	48	159.332047
119	18	51	134.993271
120	18	48	161.651199
121	18	52	202.613205
122	18	52	119.49263
123	18	51	70.498581
124	18	48	47.055214
125	18	48	51.123894
126	18	52	74.582191
127	18	51	0
128	18	586	0
0	19	677	0
1	19	678	0
2	19	679	7.561046
3	19	420	5.094814
4	19	421	5.094814
5	19	420	5.094814
6	19	420	5.094814
7	19	421	103.460388
8	19	680	82.740974
9	19	681	45.778095
10	19	682	42.546371
11	19	683	58.140675
12	19	646	51.711937
13	19	48	30.37081
14	19	52	37.895794
15	19	51	40.408215
16	19	52	21.95035
17	19	51	54.518112
18	19	55	99.684296
19	19	43	120.137863
20	19	684	141.540558
21	19	685	138.835114
22	19	132	76.210098
23	19	135	25.621065
24	19	514	26.52844
25	19	686	42.253437
26	19	687	55.697666
27	19	688	64.463684
28	19	122	70.63533
29	19	689	68.908707
30	19	690	74.20919
31	19	691	92.431465
32	19	692	127.976006
33	19	693	186.920868
34	19	693	221.458878
35	19	693	178.239761
36	19	693	110.218307
37	19	693	86.173065
38	19	693	78.160843
39	19	693	71.15052
40	19	693	64.764427
41	19	693	56.65974
42	19	693	49.390526
43	19	693	46.626987
44	19	693	54.951534
45	19	693	84.877098
46	19	693	119.493889
47	19	694	137.918427
48	19	695	132.240326
49	19	9	110.26622
50	19	696	142.068359
51	19	697	72.384041
52	19	698	72.384041
53	19	699	72.384041
54	19	700	72.384041
55	19	701	72.384041
56	19	698	72.384041
57	19	702	111.676491
58	19	703	130.53833
59	19	704	152.970367
60	19	622	175.935257
61	19	622	193.490479
62	19	622	200.792496
63	19	622	205.388977
64	19	705	211.031387
65	19	706	218.102921
66	19	495	226.793381
67	19	498	236.11763
68	19	499	249.765335
69	19	630	267.100311
70	19	545	256.132324
71	19	546	256.132324
72	19	9	256.132324
73	19	9	256.132324
74	19	9	256.132324
75	19	9	256.132324
76	19	9	256.132324
77	19	9	256.132324
78	19	9	264.888214
79	19	9	256.132324
80	19	64	256.132324
81	19	116	256.132324
82	19	157	256.132324
83	19	9	249.574112
84	19	9	249.574112
85	19	9	251.608566
86	19	37	251.608566
87	19	89	282.256134
88	19	38	282.256134
89	19	37	310.228638
90	19	38	307.468689
91	19	707	339.363312
92	19	496	337.539581
93	19	708	337.539581
94	19	9	337.539581
95	19	405	337.539581
96	19	401	337.539581
97	19	709	337.539581
98	19	262	337.539581
99	19	710	329.810394
100	19	189	329.810394
101	19	190	329.810394
102	19	48	329.810394
103	19	51	329.810394
104	19	52	329.810394
105	19	55	329.810394
106	19	43	329.810394
107	19	232	329.810394
108	19	513	320.929565
109	19	9	329.049011
110	19	9	329.049011
111	19	320	288.994324
112	19	52	207.585876
113	19	76	207.585876
114	19	135	207.585876
115	19	277	242.306824
116	19	230	227.45784
117	19	551	191.841873
118	19	552	159.260483
119	19	711	135.945892
120	19	270	177.990082
121	19	270	247.231873
122	19	270	172.747589
123	19	712	112.473946
124	19	713	53.436398
125	19	154	38.626354
126	19	155	34.217144
127	19	586	0
128	19	677	0
0	20	588	0
1	20	714	0
2	20	715	10.361293
3	20	715	50.834732
4	20	716	5.094814
5	20	421	5.094814
6	20	717	5.094814
7	20	718	5.094814
8	20	719	97.378822
9	20	421	68.884743
10	20	720	34.385708
11	20	646	25.292747
12	20	52	19.545515
13	20	51	4.744661
14	20	52	0.722018
15	20	51	0.933984
16	20	52	1.801288
17	20	55	36.473278
18	20	43	77.118362
19	20	721	108.043129
20	20	11	135.386856
21	20	722	134.712936
22	20	111	84.719727
23	20	50	26.325243
24	20	723	14.978257
25	20	724	33.290104
26	20	724	53.926117
27	20	725	70.247292
28	20	726	78.475853
29	20	622	77.973862
30	20	727	93.092857
31	20	728	113.544846
32	20	622	149.02626
33	20	622	199.64856
34	20	622	217.778732
35	20	622	180.107941
36	20	622	129.167358
37	20	622	98.739632
38	20	729	76.924431
39	20	730	61.20948
40	20	731	46.155045
41	20	622	32.375355
42	20	622	23.105091
43	20	622	14.553636
44	20	729	18.091049
45	20	730	35.886925
46	20	731	16.799994
47	20	732	16.799994
48	20	733	48.45602
49	20	734	48.45602
50	20	731	72.384041
51	20	622	72.384041
52	20	622	72.384041
53	20	622	72.384041
54	20	622	72.384041
55	20	622	72.384041
56	20	622	72.384041
57	20	622	72.384041
58	20	622	104.760246
59	20	622	100.080185
60	20	622	123.587517
61	20	622	123.587517
62	20	622	133.342667
63	20	735	146.564316
64	20	545	155.498154
65	20	500	170.714737
66	20	669	182.330017
67	20	736	197.656113
68	20	737	208.257019
69	20	738	222.328049
70	20	546	239.078522
71	20	9	256.132324
72	20	9	256.132324
73	20	9	256.132324
74	20	37	256.132324
75	20	89	256.132324
76	20	89	256.132324
77	20	89	256.132324
78	20	38	256.132324
79	20	9	256.132324
80	20	9	256.132324
81	20	9	256.132324
82	20	338	256.132324
83	20	338	249.574112
84	20	338	249.574112
85	20	338	251.608566
86	20	116	251.608566
87	20	157	282.256134
88	20	64	282.256134
89	20	157	310.228638
90	20	707	307.468689
91	20	496	339.363312
92	20	708	337.539581
93	20	9	337.539581
94	20	397	337.539581
95	20	390	337.539581
96	20	739	337.539581
97	20	262	337.539581
98	20	740	337.539581
99	20	251	329.810394
100	20	741	329.810394
101	20	52	329.810394
102	20	52	329.810394
103	20	52	329.810394
104	20	55	329.810394
105	20	43	329.810394
106	20	232	329.810394
107	20	742	329.810394
108	20	9	320.929565
109	20	9	329.049011
110	20	320	329.049011
111	20	48	288.994324
112	20	53	207.585876
113	20	229	207.585876
114	20	230	207.585876
115	20	52	247.858276
116	20	586	214.869797
117	20	587	181.488586
118	20	743	151.687622
119	20	9	127.507965
120	20	233	173.448059
121	20	24	253.13382
122	20	744	189.512085
123	20	18	112.039581
124	20	135	49.742744
125	20	313	25.790138
126	20	745	8.741783
127	20	637	0
128	20	637	0
0	21	746	0
1	21	51	0
2	21	48	2.676604
3	21	747	50.434528
4	21	748	31.933729
5	21	749	5.094814
6	21	750	5.094814
7	21	751	5.094814
8	21	595	5.094814
9	21	752	69.428665
10	21	646	28.267645
11	21	51	8.06939
12	21	51	2.401968
13	21	48	0
14	21	48	0
15	21	75	0
16	21	74	1.493226
17	21	43	22.457079
18	21	88	49.105854
19	21	31	76.40284
20	21	102	114.417343
21	21	753	148.201416
22	21	754	126.025032
23	21	754	58.556755
24	21	755	17.010624
25	21	43	27.107292
26	21	756	50.87035
27	21	731	71.874336
28	21	622	87.921844
29	21	622	92.532372
30	21	729	110.349335
31	21	730	123.128967
32	21	730	141.535248
33	21	730	175.282303
34	21	731	205.392868
35	21	622	179.815704
36	21	622	141.678284
37	21	757	113.204971
38	21	43	87.247864
39	21	758	69.492851
40	21	622	46.540386
41	21	622	23.013548
42	21	622	5.111444
43	21	757	0.893315
44	21	43	0.001966
45	21	758	0
46	21	622	16.799994
47	21	757	17.25074
48	21	43	48.553314
49	21	758	48.45602
50	21	622	72.384041
51	21	622	72.384041
52	21	622	72.384041
53	21	622	72.384041
54	21	622	72.384041
55	21	622	72.384041
56	21	622	72.384041
57	21	622	72.384041
58	21	622	104.760246
59	21	622	100.080185
60	21	622	123.587517
61	21	622	123.587517
62	21	735	133.342667
63	21	738	146.564316
64	21	394	155.498154
65	21	395	170.714737
66	21	395	182.330017
67	21	759	197.656113
68	21	630	208.257019
69	21	546	222.058365
70	21	9	239.078522
71	21	9	256.132324
72	21	9	256.132324
73	21	64	256.132324
74	21	116	256.132324
75	21	116	256.132324
76	21	117	256.132324
77	21	673	256.132324
78	21	89	256.132324
79	21	89	256.132324
80	21	89	256.132324
81	21	338	256.132324
82	21	383	256.132324
83	21	384	249.574112
84	21	338	249.574112
85	21	38	251.608566
86	21	37	251.608566
87	21	89	282.256134
88	21	89	282.256134
89	21	760	310.228638
90	21	526	307.468689
91	21	708	339.363312
92	21	9	337.539581
93	21	397	337.539581
94	21	390	337.539581
95	21	739	337.539581
96	21	262	337.539581
97	21	740	337.539581
98	21	253	329.810394
99	21	741	329.810394
100	21	48	329.810394
101	21	48	329.810394
102	21	75	329.810394
103	21	74	408.936371
104	21	43	408.936371
105	21	232	408.936371
106	21	761	329.810394
107	21	9	329.810394
108	21	9	320.929565
109	21	320	329.049011
110	21	52	329.049011
111	21	52	288.994324
112	21	48	207.585876
113	21	52	207.585876
114	21	52	207.585876
115	21	762	242.195099
116	21	763	206.085785
117	21	764	176.794922
118	21	765	149.03215
119	21	86	123.352654
120	21	165	143.529221
121	21	166	213.681366
122	21	766	145.392227
123	21	360	92.945236
124	21	514	50.339298
125	21	313	24.999622
126	21	155	1.726601
127	21	52	0
128	21	51	0
0	22	48	0
1	22	51	0
2	22	70	0
3	22	767	28.28413
4	22	768	92.580879
5	22	769	60.671879
6	22	770	5.094814
7	22	771	5.094814
8	22	771	5.094814
9	22	772	5.094814
10	22	51	14.406643
11	22	48	1.140584
12	22	52	1.085415
13	22	51	9.428712
14	22	55	12.203279
15	22	43	1.977688
16	22	43	0
17	22	88	5.514474
18	22	31	14.00716
19	22	773	34.446526
20	22	774	82.51535
21	22	110	158.112747
22	22	135	175.530029
23	22	312	104.910828
24	22	43	28.490372
25	22	43	23.554243
26	22	775	46.418427
27	22	776	67.66272
28	22	777	89.88549
29	22	757	105.34359
30	22	43	118.053719
31	22	43	126.754753
32	22	43	130.704544
33	22	758	157.986664
34	22	622	189.653748
35	22	622	178.809677
36	22	757	140.794739
37	22	43	117.619026
38	22	758	93.089973
39	22	622	73.644638
40	22	622	49.1931
41	22	622	22.152056
42	22	757	2.397639
43	22	43	0
44	22	756	0
45	22	731	1.051422
46	22	757	20.126816
47	22	43	20.214167
48	22	758	50.063808
49	22	622	48.630116
50	22	622	72.384041
51	22	622	72.384041
52	22	622	72.384041
53	22	622	72.384041
54	22	622	72.384041
55	22	622	72.384041
56	22	622	72.384041
57	22	622	72.384041
58	22	622	104.760246
59	22	622	100.080185
60	22	622	123.587517
61	22	778	123.587517
62	22	779	133.342667
63	22	780	146.564316
64	22	526	155.498154
65	22	457	170.714737
66	22	574	182.330017
67	22	781	197.656113
68	22	782	208.257019
69	22	783	222.058365
70	22	9	239.078522
71	22	9	256.132324
72	22	9	256.132324
73	22	9	256.132324
74	22	9	256.132324
75	22	66	256.132324
76	22	784	256.132324
77	22	785	256.132324
78	22	117	256.132324
79	22	785	256.132324
80	22	338	256.132324
81	22	384	256.132324
82	22	448	256.132324
83	22	338	249.574112
84	22	157	249.574112
85	22	64	251.608566
86	22	117	251.608566
87	22	785	282.256134
88	22	786	282.256134
89	22	498	310.228638
90	22	708	305.015656
91	22	9	336.910278
92	22	397	337.539581
93	22	390	337.539581
94	22	787	337.539581
95	22	788	337.539581
96	22	789	337.539581
97	22	253	329.810394
98	22	741	329.810394
99	22	51	329.810394
100	22	48	329.810394
101	22	55	329.810394
102	22	44	329.810394
103	22	45	408.936371
104	22	790	408.936371
105	22	791	408.936371
106	22	9	329.810394
107	22	9	329.810394
108	22	549	329.810394
109	22	550	320.929565
110	22	48	333.278839
111	22	52	288.994324
112	22	52	207.585876
113	22	51	207.585876
114	22	76	207.585876
115	22	110	224.522858
116	22	514	193.78035
117	22	170	170.697937
118	22	52	146.701721
119	22	416	120.860809
120	22	185	143.113556
121	22	792	192.690552
122	22	793	119.649452
123	22	514	80.786613
124	22	514	64.728828
125	22	170	43.215935
126	22	51	6.865273
127	22	48	0
128	22	52	0
0	23	52	0
1	23	51	0
2	23	76	0
3	23	110	3.433272
4	23	514	57.19558
5	23	794	69.49073
6	23	420	67.326889
7	23	420	5.094814
8	23	795	5.094814
9	23	73	5.094814
10	23	51	1.501852
11	23	52	0
12	23	52	10.929942
13	23	55	38.327869
14	23	43	57.901104
15	23	796	39.912521
16	23	797	3.657457
17	23	108	0
18	23	798	0
19	23	799	12.35927
20	23	135	56.773319
21	23	277	139.718811
22	23	800	172.302795
23	23	45	116.473877
24	23	45	34.122391
25	23	69	16.819761
26	23	48	37.748039
27	23	801	56.148258
28	23	802	78.792953
29	23	803	96.258316
30	23	43	108.349609
31	23	43	119.798119
32	23	758	127.12236
33	23	804	151.428848
34	23	805	181.167877
35	23	806	179.717697
36	23	807	148.829163
37	23	808	122.391563
38	23	805	94.598564
39	23	805	68.634857
40	23	805	44.505466
41	23	809	18.929293
42	23	43	0.291842
43	23	43	0
44	23	810	0.698113
45	23	806	4.031811
46	23	811	24.23781
47	23	812	24.09934
48	23	813	51.603619
49	23	814	49.078144
50	23	815	72.384041
51	23	816	72.384041
52	23	817	77.240822
53	23	622	72.384041
54	23	622	72.384041
55	23	622	72.384041
56	23	622	72.384041
57	23	622	72.384041
58	23	622	104.760246
59	23	622	100.080185
60	23	818	123.587517
61	23	819	123.587517
62	23	820	133.342667
63	23	617	146.564316
64	23	821	155.498154
65	23	457	170.714737
66	23	338	182.330017
67	23	448	197.656113
68	23	338	208.257019
69	23	9	222.058365
70	23	9	239.078522
71	23	37	256.132324
72	23	38	256.132324
73	23	9	256.132324
74	23	64	256.132324
75	23	116	256.132324
76	23	157	256.132324
77	23	64	256.132324
78	23	157	256.132324
79	23	338	256.132324
80	23	384	256.132324
81	23	384	256.132324
82	23	338	256.132324
83	23	9	256.132324
84	23	9	256.132324
85	23	64	256.132324
86	23	157	256.132324
87	23	822	256.132324
88	23	669	256.132324
89	23	823	337.539581
90	23	9	413.97168
91	23	397	413.97168
92	23	390	337.539581
93	23	407	337.539581
94	23	249	337.539581
95	23	250	337.539581
96	23	253	337.539581
97	23	741	329.810394
98	23	52	329.810394
99	23	48	329.810394
100	23	70	329.810394
101	23	69	329.810394
102	23	48	329.810394
103	23	824	408.936371
104	23	825	408.936371
105	23	10	408.936371
106	23	11	329.810394
107	23	12	329.810394
108	23	320	329.810394
109	23	51	333.278839
110	23	48	333.278839
111	23	52	288.994324
112	23	551	207.585876
113	23	826	207.585876
114	23	514	207.585876
115	23	135	207.942215
116	23	170	181.812546
117	23	48	163.878372
118	23	416	141.389313
119	23	521	118.613602
120	23	185	145.659348
121	23	827	191.080017
122	23	110	108.128578
123	23	277	81.079697
124	23	230	78.425545
125	23	551	61.300159
126	23	552	26.969374
127	23	553	0
128	23	51	0
0	24	51	0
1	24	49	0
2	24	134	0
3	24	135	0
4	24	828	16.213984
5	24	829	78.908234
6	24	420	85.384575
7	24	830	59.530285
8	24	47	5.094814
9	24	51	5.094814
10	24	51	0
11	24	75	0
12	24	74	22.907387
13	24	43	87.287399
14	24	831	130.608963
15	24	832	91.455704
16	24	9	29.667809
17	24	9	5.489624
18	24	13	19.652775
19	24	110	42.378304
20	24	313	78.943863
21	24	155	140.837051
22	24	51	180.583115
23	24	52	139.718948
24	24	52	53.796848
25	24	52	9.824224
26	24	56	23.364958
27	24	833	38.703655
28	24	834	59.895687
29	24	835	74.61496
30	24	836	87.482254
31	24	837	96.968376
32	24	838	103.908981
33	24	288	123.031311
34	24	336	170.436081
35	24	336	180.512451
36	24	336	147.65387
37	24	655	117.545509
38	24	336	83.644966
39	24	288	56.571552
40	24	839	35.29723
41	24	807	13.177897
42	24	807	0
43	24	840	0
44	24	245	2.106578
45	24	841	6.750633
46	24	842	71.179878
47	24	843	73.845467
48	24	13	53.229782
49	24	135	111.829651
50	24	844	157.115494
51	24	845	120.110428
52	24	846	88.871635
53	24	847	73.11721
54	24	848	72.384041
55	24	338	72.384041
56	24	338	72.384041
57	24	338	72.384041
58	24	338	104.760246
59	24	849	100.080185
60	24	850	123.587517
61	24	851	123.587517
62	24	852	133.342667
63	24	853	146.564316
64	24	457	172.196594
65	24	338	170.714737
66	24	383	182.330017
67	24	338	197.656113
68	24	9	223.150238
69	24	9	222.058365
70	24	66	256.132324
71	24	67	256.132324
72	24	9	256.132324
73	24	631	256.132324
74	24	459	256.132324
75	24	854	256.132324
76	24	9	256.132324
77	24	9	256.132324
78	24	338	256.132324
79	24	855	256.132324
80	24	672	256.132324
81	24	672	256.132324
82	24	28	256.132324
83	24	856	256.132324
84	24	9	256.132324
85	24	9	256.132324
86	24	544	256.132324
87	24	630	256.132324
88	24	546	256.132324
89	24	9	337.539581
90	24	397	413.97168
91	24	390	413.97168
92	24	857	337.539581
93	24	291	337.539581
94	24	292	337.539581
95	24	220	337.539581
96	24	858	337.539581
97	24	48	329.810394
98	24	48	329.810394
99	24	51	329.810394
100	24	48	329.810394
101	24	51	329.810394
102	24	55	329.810394
103	24	859	408.936371
104	24	860	408.936371
105	24	31	408.681061
106	24	32	329.555084
107	24	320	329.555084
108	24	52	329.555084
109	24	51	329.555084
110	24	48	329.555084
111	24	586	288.994324
112	24	861	207.585876
113	24	514	207.585876
114	24	862	207.585876
115	24	863	200.158997
116	24	52	174.787323
117	24	416	154.860306
118	24	185	134.88559
119	24	186	116.140167
120	24	827	139.261765
121	24	514	185.751465
122	24	170	103.551636
123	24	48	78.170204
124	24	586	76.844475
125	24	864	70.597496
126	24	589	43.772194
127	24	52	0
128	24	48	0
0	25	865	0
1	25	866	0
2	25	774	0
3	25	135	0
4	25	867	0
5	25	868	26.094967
6	25	869	81.513466
7	25	47	69.266891
8	25	165	90.222115
9	25	166	22.704695
10	25	870	0.773657
11	25	43	2.122838
12	25	43	30.439678
13	25	232	111.337601
14	25	9	159.005707
15	25	9	122.412895
16	25	9	48.586857
17	25	13	16.681017
18	25	514	43.089554
19	25	110	76.112373
20	25	313	105.984337
21	25	155	146.639679
22	25	48	181.037964
23	25	48	151.658707
24	25	48	78.867119
25	25	48	20.914255
26	25	871	9.70003
27	25	323	24.952866
28	25	372	44.412861
29	25	480	59.264374
30	25	872	68.240959
31	25	873	73.39473
32	25	874	75.940536
33	25	875	118.506172
34	25	655	166.08139
35	25	655	168.809952
36	25	336	127.125977
37	25	288	86.567986
38	25	336	58.58189
39	25	655	40.823261
40	25	876	25.288231
41	25	874	7.687171
42	25	875	0.545208
43	25	655	0.436315
44	25	877	19.255056
45	25	9	55.911907
46	25	9	98.236191
47	25	33	139.937759
48	25	878	191.561615
49	25	879	152.641815
50	25	852	199.551071
51	25	880	155.571671
52	25	881	108.418694
53	25	882	76.601936
54	25	338	72.384041
55	25	383	72.384041
56	25	448	72.384041
57	25	338	72.384041
58	25	883	72.384041
59	25	856	100.080185
60	25	884	109.688484
61	25	885	132.05127
62	25	886	159.771042
63	25	526	192.211517
64	25	338	222.464188
65	25	338	257.028992
66	25	338	255.86264
67	25	459	255.86264
68	25	459	255.86264
69	25	887	255.86264
70	25	888	256.132324
71	25	459	256.132324
72	25	889	256.132324
73	25	737	256.132324
74	25	890	256.132324
75	25	891	256.132324
76	25	892	256.132324
77	25	893	256.132324
78	25	894	256.132324
79	25	459	256.132324
80	25	459	335.571167
81	25	895	335.571167
82	25	896	335.571167
83	25	891	256.132324
84	25	892	256.132324
85	25	897	256.132324
86	25	898	256.132324
87	25	899	256.132324
88	25	9	256.132324
89	25	397	337.539581
90	25	390	413.97168
91	25	900	413.97168
92	25	252	337.539581
93	25	901	337.539581
94	25	268	337.539581
95	25	548	337.539581
96	25	52	329.810394
97	25	52	329.810394
98	25	48	329.810394
99	25	52	329.810394
100	25	51	329.810394
101	25	55	329.810394
102	25	47	329.810394
103	25	902	329.810394
104	25	31	330.347076
105	25	32	329.555084
106	25	320	329.555084
107	25	52	329.555084
108	25	48	329.555084
109	25	48	329.555084
110	25	586	329.555084
111	25	903	288.994324
112	25	904	207.585876
113	25	27	207.585876
114	25	549	207.585876
115	25	276	191.579422
116	25	905	168.114075
117	25	906	148.511398
118	25	907	136.86554
119	25	908	130.854309
120	25	514	156.727158
121	25	313	214.197433
122	25	155	145.4711
123	25	636	99.844788
124	25	637	68.960136
125	25	746	61.657661
126	25	52	46.647636
127	25	48	0
128	25	909	0
0	26	421	0
1	26	591	0
2	26	910	0
3	26	27	0
4	26	194	2.047466
5	26	43	9.649819
6	26	911	79.536057
7	26	363	74.693398
8	26	185	86.747681
9	26	912	23.044086
10	26	43	9.93548
11	26	913	11.26832
12	26	319	35.498287
13	26	9	82.235313
14	26	9	125.568878
15	26	28	107.65744
16	26	315	50.170963
17	26	514	23.178165
18	26	514	37.593483
19	26	514	55.805634
20	26	914	70.68129
21	26	98	90.378922
22	26	48	113.167259
23	26	51	133.589172
24	26	51	110.038773
25	26	48	52.699123
26	26	871	14.055731
27	26	915	18.691761
28	26	326	32.009964
29	26	916	46.589558
30	26	917	52.322628
31	26	434	58.592751
32	26	872	101.667938
33	26	918	149.805573
34	26	655	174.843018
35	26	336	142.414063
36	26	288	93.499313
37	26	919	57.885021
38	26	572	40.121426
39	26	920	32.166157
40	26	480	22.264893
41	26	921	11.047309
42	26	572	6.443895
43	26	922	4.076542
44	26	923	23.654491
45	26	923	66.27253
46	26	924	118.649261
47	26	925	163.911301
48	26	926	216.201553
49	26	927	235.600159
50	26	928	228.357513
51	26	854	178.074493
52	26	33	123.612541
53	26	338	84.530685
54	26	338	72.384041
55	26	338	72.384041
56	26	338	72.384041
57	26	110	72.384041
58	26	136	74.48394
59	26	9	72.384041
60	26	929	72.384041
61	26	930	119.252449
62	26	931	145.853836
63	26	457	178.871979
64	26	496	213.763565
65	26	499	248.776901
66	26	545	255.86264
67	26	393	255.86264
68	26	738	255.86264
69	26	630	255.86264
70	26	393	256.132324
71	26	545	256.132324
72	26	394	256.132324
73	26	395	256.132324
74	26	450	256.132324
75	26	457	256.132324
76	26	932	256.132324
77	26	933	256.132324
78	26	737	234.447067
79	26	737	258.687927
80	26	738	338.12677
81	26	393	335.571167
82	26	495	335.571167
83	26	934	256.132324
84	26	464	256.132324
85	26	390	256.132324
86	26	398	256.132324
87	26	9	256.132324
88	26	397	256.132324
89	26	390	337.539581
90	26	900	337.539581
91	26	251	337.539581
92	26	901	337.539581
93	26	262	337.539581
94	26	548	337.539581
95	26	52	337.539581
96	26	48	329.810394
97	26	51	329.810394
98	26	52	329.810394
99	26	51	329.810394
100	26	55	329.810394
101	26	935	290.014771
102	26	936	288.994324
103	26	31	288.994324
104	26	937	288.994324
105	26	86	288.994324
106	26	52	288.994324
107	26	51	288.994324
108	26	52	288.994324
109	26	636	288.994324
110	26	637	288.994324
111	26	938	288.994324
112	26	28	207.585876
113	26	883	207.585876
114	26	315	207.585876
115	26	514	190.646622
116	26	939	173.369736
117	26	635	158.424011
118	26	76	155.885727
119	26	110	158.757858
120	26	514	188.501053
121	26	170	245.33876
122	26	52	182.861053
123	26	48	120.008896
124	26	48	59.777794
125	26	48	50.674301
126	26	75	50.625275
127	26	940	0
128	26	941	0
0	27	420	0
1	27	942	0
2	27	943	0
3	27	68	6.275605
4	27	43	20.444893
5	27	944	39.715004
6	27	590	86.939156
7	27	364	116.760231
8	27	945	69.947403
9	27	43	13.833628
10	27	946	21.403481
11	27	883	28.604307
12	27	856	31.441042
13	27	28	42.056591
14	27	315	69.751633
15	27	135	74.632164
16	27	110	51.383801
17	27	111	24.237747
18	27	947	12.247418
19	27	688	16.786369
20	27	126	17.710432
21	27	98	32.922642
22	27	52	80.254044
23	27	52	140.450424
24	27	48	146.342453
25	27	51	81.837418
26	27	948	28.854856
27	27	431	19.903828
28	27	949	29.154209
29	27	372	39.147949
30	27	434	44.088585
31	27	950	65.645782
32	27	951	116.399399
33	27	918	161.693771
34	27	245	151.110336
35	27	289	106.336891
36	27	656	64.375801
37	27	545	53.574333
38	27	952	41.49033
39	27	953	27.888369
40	27	954	24.166925
41	27	393	20.219099
42	27	955	15.40521
43	27	434	10.447812
44	27	326	24.743921
45	27	956	70.229202
46	27	738	123.35807
47	27	737	167.180984
48	27	737	216.245712
49	27	393	234.707611
50	27	957	243.272873
51	27	958	283.811157
52	27	959	207.930542
53	27	960	90.402931
54	27	961	72.387947
55	27	962	72.384041
56	27	962	72.384041
57	27	963	72.384041
58	27	964	73.107964
59	27	965	72.384041
60	27	180	72.384041
61	27	966	72.384041
62	27	489	136.584152
63	27	457	167.214142
64	27	499	199.593689
65	27	393	231.866028
66	27	393	255.86264
67	27	545	255.86264
68	27	737	255.86264
69	27	394	255.86264
70	27	395	256.132324
71	27	450	256.132324
72	27	498	256.132324
73	27	668	278.138275
74	27	669	260.03421
75	27	507	246.337036
76	27	967	242.673874
77	27	898	230.243698
78	27	898	205.460983
79	27	898	261.435181
80	27	898	250.316086
81	27	968	250.743118
82	27	464	262.011108
83	27	390	256.132324
84	27	201	256.132324
85	27	398	256.132324
86	27	9	256.132324
87	27	969	256.132324
88	27	454	267.744476
89	27	970	261.663727
90	27	971	262.913605
91	27	972	267.461029
92	27	788	273.038208
93	27	973	283.788727
94	27	48	256.132324
95	27	52	256.132324
96	27	48	248.402924
97	27	48	248.402924
98	27	52	248.402924
99	27	70	248.402924
100	27	974	208.606339
101	27	83	208.606339
102	27	108	207.585876
103	27	975	207.585876
104	27	51	207.585876
105	27	48	207.585876
106	27	48	207.585876
107	27	51	207.585876
108	27	48	207.585876
109	27	51	207.585876
110	27	369	291.314575
111	27	13	269.231628
112	27	514	249.677597
113	27	514	228.633224
114	27	862	208.762833
115	27	863	192.181503
116	27	275	176.474792
117	27	976	162.781509
118	27	514	161.089584
119	27	135	163.422073
120	27	170	189.932907
121	27	48	241.49765
122	27	48	170.894455
123	27	51	105.049316
124	27	52	42.470947
125	27	865	50.69183
126	27	423	76.322922
127	27	419	0
128	27	421	0
0	28	421	0
1	28	477	0
2	28	755	0.00552
3	28	43	16.726658
4	28	977	46.077785
5	28	417	72.877342
6	28	945	110.48497
7	28	43	116.837952
8	28	43	60.709194
9	28	978	8.062549
10	28	135	28.095625
11	28	979	37.773399
12	28	315	25.529423
13	28	135	15.553449
14	28	135	34.581829
15	28	111	59.907314
16	28	137	56.046474
17	28	980	23.018671
18	28	981	1.080312
19	28	122	7.933437
20	28	126	26.678923
21	28	92	57.480576
22	28	98	101.690498
23	28	48	150.237518
24	28	48	145.800583
25	28	871	79.340546
26	28	323	26.056087
27	28	242	23.166731
28	28	430	33.39526
29	28	982	42.708942
30	28	480	40.952477
31	28	983	61.810841
32	28	984	98.621429
33	28	985	123.832085
34	28	986	114.250534
35	28	987	82.687363
36	28	737	65.311348
37	28	738	56.679684
38	28	737	44.647007
39	28	545	30.079464
40	28	737	31.813072
41	28	952	29.915325
42	28	953	23.091446
43	28	953	15.703124
44	28	954	26.326891
45	28	630	59.885849
46	28	738	108.423309
47	28	630	143.970337
48	28	630	182.980774
49	28	988	206.030731
50	28	989	275.632477
51	28	989	277.183044
52	28	989	209.71669
53	28	990	160.251938
54	28	738	126.017136
55	28	393	72.384041
56	28	630	72.384041
57	28	988	72.384041
58	28	989	72.92617
59	28	989	72.384041
60	28	990	72.384041
61	28	500	72.384041
62	28	489	72.384041
63	28	574	153.34903
64	28	395	179.593796
65	28	759	203.113586
66	28	738	226.740112
67	28	738	245.843185
68	28	495	260.08667
69	28	496	256.132324
70	28	526	256.132324
71	28	457	269.304657
72	28	574	257.187531
73	28	759	243.001282
74	28	393	230.368988
75	28	991	220.397568
76	28	201	218.884155
77	28	390	226.891129
78	28	201	201.079086
79	28	390	261.345825
80	28	390	248.092606
81	28	390	242.451706
82	28	201	248.549194
83	28	390	250.216751
84	28	462	256.132324
85	28	992	256.132324
86	28	993	256.132324
87	28	450	255.41214
88	28	668	249.269974
89	28	994	242.345444
90	28	211	240.941162
91	28	249	242.257874
92	28	408	246.084839
93	28	48	257.483795
94	28	51	269.094421
95	28	51	256.132324
96	28	52	248.402924
97	28	52	248.402924
98	28	52	237.233459
99	28	995	225.324173
100	28	996	208.606339
101	28	9	208.606339
102	28	320	207.585876
103	28	52	207.585876
104	28	48	207.585876
105	28	52	207.585876
106	28	551	207.585876
107	28	552	241.369537
108	28	553	246.835251
109	28	997	249.262527
110	28	998	243.377777
111	28	135	236.366501
112	28	514	224.677521
113	28	136	210.640091
114	28	549	197.037613
115	28	999	180.888306
116	28	33	164.927765
117	28	1000	151.066025
118	28	1000	143.193512
119	28	863	140.387817
120	28	153	166.074677
121	28	154	216.052948
122	28	154	146.160004
123	28	154	87.803978
124	28	1001	38.224091
125	28	420	64.020935
126	28	421	97.356995
127	28	420	0
128	28	420	0
0	29	591	0
1	29	1002	0
2	29	423	0
3	29	424	26.60885
4	29	43	65.332115
5	29	43	87.06572
6	29	43	117.86702
7	29	796	118.295227
8	29	1003	63.367527
9	29	110	8.013135
10	29	135	27.146807
11	29	514	36.749527
12	29	514	20.233225
13	29	862	5.517239
14	29	412	24.981838
15	29	159	56.78524
16	29	43	53.181557
17	29	1004	19.274921
18	29	144	0.992573
19	29	1005	9.943825
20	29	1006	31.311899
21	29	1007	59.74205
22	29	48	85.618553
23	29	52	98.635437
24	29	52	78.282661
25	29	1008	33.521397
26	29	1009	12.448283
27	29	243	22.269024
28	29	372	31.919046
29	29	480	39.602173
30	29	983	38.267796
31	29	1010	50.099384
32	29	1011	69.692429
33	29	1012	83.83429
34	29	545	84.538574
35	29	738	82.523346
36	29	630	67.356079
37	29	545	57.439087
38	29	630	46.790806
39	29	545	35.694836
40	29	393	41.404129
41	29	737	37.556725
42	29	737	27.925835
43	29	545	18.231585
44	29	630	21.073912
45	29	630	40.897865
46	29	630	76.870995
47	29	393	104.440575
48	29	738	133.283218
49	29	738	146.940552
50	29	630	237.317795
51	29	545	254.738251
52	29	393	199.909546
53	29	737	157.154404
54	29	630	128.523575
55	29	394	111.068314
56	29	395	93.601692
57	29	395	76.127472
58	29	395	72.551964
59	29	395	76.345108
60	29	395	72.384041
61	29	450	72.384041
62	29	497	72.384041
63	29	498	140.83844
64	29	499	162.905518
65	29	737	180.520538
66	29	545	194.072342
67	29	500	207.228989
68	29	489	216.72963
69	29	457	224.531326
70	29	457	227.738373
71	29	457	224.731979
72	29	1013	219.034668
73	29	1014	211.969589
74	29	1015	202.276047
75	29	1016	189.051743
76	29	201	170.645325
77	29	201	194.459244
78	29	201	207.734451
79	29	453	225.572678
80	29	1017	241.882187
81	29	1017	231.574066
82	29	1018	227.961624
83	29	390	234.26088
84	29	1019	233.526581
85	29	457	236.950089
86	29	497	238.091446
87	29	499	237.075867
88	29	1020	241.400711
89	29	386	229.18956
90	29	1021	222.349487
91	29	1022	220.008392
92	29	48	225.717133
93	29	75	245.776978
94	29	72	219.898102
95	29	73	200.272583
96	29	48	185.940399
97	29	52	176.032837
98	29	1023	167.50592
99	29	1024	158.405914
100	29	9	154.532349
101	29	320	151.816833
102	29	48	147.974884
103	29	48	148.949127
104	29	51	155.796082
105	29	586	166.375259
106	29	587	177.497574
107	29	1025	185.434113
108	29	1026	190.097565
109	29	1027	191.06105
110	29	514	194.734299
111	29	135	198.984772
112	29	979	198.70488
113	29	883	190.405472
114	29	1028	177.189011
115	29	1029	162.968796
116	29	1029	150.530914
117	29	1030	140.042999
118	29	320	139.205978
119	29	76	138.871368
120	29	135	165.659164
121	29	110	212.81665
122	29	514	139.760513
123	29	794	91.499771
124	29	421	49.454849
125	29	1031	65.557915
126	29	941	88.521568
127	29	421	0
128	29	421	0
0	30	420	0
1	30	420	0
2	30	422	1.75206
3	30	423	37.704941
4	30	1032	85.397652
5	30	1033	99.304352
6	30	1034	107.225304
7	30	1035	108.247627
8	30	104	58.407661
9	30	104	13.933954
10	30	1036	20.506697
11	30	514	26.710558
12	30	136	17.837646
13	30	9	4.287734
14	30	1037	27.81146
15	30	159	56.812733
16	30	47	46.002743
17	30	52	13.520578
18	30	909	0.552426
19	30	421	4.293911
20	30	1038	13.753403
21	30	166	30.846344
22	30	166	48.46442
23	30	1039	44.721889
24	30	1040	29.35651
25	30	1041	16.590673
26	30	1042	15.637526
27	30	1043	17.585152
28	30	434	25.204903
29	30	983	29.766415
30	30	1044	28.888906
31	30	1011	39.658749
32	30	1045	50.761059
33	30	1046	59.347511
34	30	1047	67.404549
35	30	545	68.113815
36	30	737	58.919449
37	30	630	51.698383
38	30	630	42.722565
39	30	630	34.639267
40	30	630	42.351097
41	30	737	37.409241
42	30	738	28.396851
43	30	737	18.265404
44	30	737	10.484002
45	30	737	15.261013
46	30	1048	43.170662
47	30	1049	66.856857
48	30	1050	89.307785
49	30	1048	95.979782
50	30	1049	183.178848
51	30	1050	223.548035
52	30	630	182.776917
53	30	738	148.813828
54	30	1051	128.118179
55	30	1052	110.718819
56	30	1053	93.294617
57	30	457	75.927742
58	30	526	72.384041
59	30	526	72.384041
60	30	457	72.384041
61	30	526	72.384041
62	30	668	72.384041
63	30	736	72.384041
64	30	393	142.988464
65	30	630	157.413696
66	30	393	165.820374
67	30	500	172.364227
68	30	1054	178.798004
69	30	1055	184.185516
70	30	1056	188.329132
71	30	1057	187.279633
72	30	262	183.681854
73	30	262	178.55658
74	30	1058	171.939682
75	30	470	162.571991
76	30	1059	149.066299
77	30	1017	163.853226
78	30	1060	174.374313
79	30	737	190.408493
80	30	738	208.436584
81	30	1061	224.329865
82	30	1062	233.504135
83	30	1063	233.808319
84	30	1064	226.533371
85	30	1064	228.067688
86	30	1065	234.945709
87	30	1066	240.624191
88	30	1067	243.944153
89	30	1068	241.041016
90	30	167	232.294556
91	30	48	216.913208
92	30	55	196.283279
93	30	44	175.861862
94	30	69	155.153229
95	30	52	136.120514
96	30	51	122.885414
97	30	76	115.744423
98	30	1069	112.506805
99	30	1070	110.49279
100	30	320	109.197952
101	30	51	107.383133
102	30	52	103.644783
103	30	51	103.235626
104	30	636	110.075516
105	30	637	120.526146
106	30	1071	132.54541
107	30	514	142.531586
108	30	110	128.509338
109	30	862	128.509338
110	30	1072	165.928635
111	30	104	169.751465
112	30	1036	170.441437
113	30	794	164.92807
114	30	420	155.134628
115	30	420	144.697678
116	30	942	134.500031
117	30	1073	137.144577
118	30	1074	153.743759
119	30	229	167.323151
120	30	229	201.476822
121	30	229	230.175781
122	30	1075	139.505646
123	30	715	86.485535
124	30	1076	49.259811
125	30	419	57.066231
126	30	420	63.162823
127	30	556	0
128	30	1077	0
0	31	1077	0
1	31	1077	0
2	31	1077	4.013867
3	31	1078	48.546635
4	31	31	102.123405
5	31	1079	109.198822
6	31	680	105.115669
7	31	31	88.8433
8	31	31	38.54195
9	31	1080	7.83438
10	31	1000	12.977133
11	31	27	25.727036
12	31	9	23.826958
13	31	9	13.137395
14	31	1037	29.096664
15	31	1081	50.034805
16	31	270	39.699734
17	31	1082	15.949485
18	31	421	10.815727
19	31	1083	7.594798
20	31	640	8.166214
21	31	1084	34.817204
22	31	1085	39.990734
23	31	1086	47.074898
24	31	1087	43.320908
25	31	1088	33.161774
26	31	326	43.507595
27	31	434	16.153433
28	31	983	16.338377
29	31	1089	19.417038
30	31	1090	18.780622
31	31	1091	22.45878
32	31	251	32.655735
33	31	1092	39.920677
34	31	1046	47.628128
35	31	1046	49.18362
36	31	1046	44.340847
37	31	1046	39.894489
38	31	1046	31.373344
39	31	1046	28.580532
40	31	1046	34.029018
41	31	1046	34.651775
42	31	1046	29.073318
43	31	1047	19.511974
44	31	738	7.927937
45	31	1093	2.934429
46	31	1094	14.655504
47	31	1095	53.302113
48	31	1096	73.030792
49	31	1094	64.193291
50	31	1095	138.797928
51	31	1049	169.797577
52	31	1049	163.858093
53	31	1096	141.565338
54	31	1094	124.831001
55	31	1097	107.887581
56	31	1098	90.809708
57	31	1098	74.423141
58	31	1098	72.384041
59	31	1098	72.384041
60	31	1098	72.384041
61	31	1099	72.384041
62	31	1100	72.384041
63	31	1100	72.384041
64	31	1100	72.384041
65	31	1100	132.704529
66	31	1101	139.714478
67	31	1102	141.498276
68	31	901	142.650375
69	31	268	144.020386
70	31	262	145.278915
71	31	262	145.917923
72	31	268	144.85556
73	31	262	143.154999
74	31	268	141.044601
75	31	1103	138.377808
76	31	1104	136.758499
77	31	1046	138.191803
78	31	1046	146.181015
79	31	1047	160.52034
80	31	393	175.115417
81	31	1105	188.69252
82	31	212	195.468628
83	31	212	195.778381
84	31	212	191.905533
85	31	1106	185.820389
86	31	1107	186.786865
87	31	416	191.735519
88	31	186	192.789658
89	31	187	189.971527
90	31	52	182.97052
91	31	70	170.844864
92	31	69	154.527863
93	31	51	135.150604
94	31	52	115.854485
95	31	75	101.832497
96	31	1108	93.438858
97	31	768	89.612663
98	31	57	87.266029
99	31	320	85.894135
100	31	48	82.707291
101	31	51	78.631447
102	31	52	77.089668
103	31	48	77.020065
104	31	48	81.967903
105	31	53	92.293625
106	31	360	105.375771
107	31	135	118.18644
108	31	979	128.509338
109	31	1109	72.384041
110	31	31	72.384041
111	31	1110	142.587265
112	31	1111	141.557831
113	31	421	137.891739
114	31	421	131.635925
115	31	421	124.191116
116	31	942	117.956856
117	31	1112	127.929611
118	31	551	152.188675
119	31	552	173.81308
120	31	1113	206.371201
121	31	166	230.600723
122	31	166	131.843735
123	31	1114	84.788429
124	31	421	50.425629
125	31	420	47.0849
126	31	1115	43.730255
127	31	1116	0
128	31	1117	0
0	32	774	0
1	32	110	0
2	32	1118	2.166126
3	32	108	41.0504
4	32	798	94.305099
5	32	1119	117.105751
6	32	31	111.853836
7	32	131	88.260353
8	32	107	36.990768
9	32	28	0.120963
10	32	883	13.938894
11	32	883	33.498783
12	32	856	36.671501
13	32	9	19.198097
14	32	9	21.277311
15	32	9	32.550579
16	32	1120	29.311384
17	32	421	22.369196
18	32	420	28.036379
19	32	516	31.17572
20	32	832	46.508511
21	32	9	76.022957
22	32	1121	82.28054
23	32	1087	89.131767
24	32	1088	93.018295
25	32	326	81.435394
26	32	1122	91.025169
27	32	1123	39.889301
28	32	1124	3.860707
29	32	1125	3.860707
30	32	1126	8.51113
31	32	251	5.933121
32	32	251	11.106327
33	32	1127	20.618525
34	32	252	30.310432
35	32	252	36.525593
36	32	1128	34.341919
37	32	1129	28.948616
38	32	1129	23.834923
39	32	1130	27.077593
40	32	251	32.66267
41	32	253	34.910473
42	32	1131	31.715818
43	32	1132	22.899906
44	32	1133	10.106846
45	32	1134	4.711224
46	32	1094	21.547323
47	32	1094	58.323608
48	32	1134	89.586334
49	32	1135	78.075676
50	32	1135	119.579735
51	32	1134	146.221817
52	32	1094	149.63092
53	32	1134	134.627289
54	32	1136	118.909065
55	32	1137	102.735359
56	32	1137	86.256905
57	32	1138	72.792336
58	32	251	72.384041
59	32	251	72.384041
60	32	1139	72.384041
61	32	249	72.384041
62	32	249	72.384041
63	32	211	72.384041
64	32	211	72.384041
65	32	250	72.384041
66	32	252	72.384041
67	32	901	114.126572
68	32	262	111.901581
69	32	268	107.872971
70	32	268	105.509613
71	32	268	106.193932
72	32	268	108.615723
73	32	268	112.670746
74	32	268	114.562508
75	32	740	113.666473
76	32	251	115.473259
77	32	252	120.980644
78	32	1092	128.407913
79	32	1046	137.599274
80	32	1140	148.531311
81	32	1141	158.848679
82	32	1142	165.980576
83	32	1142	167.953171
84	32	1143	165.387985
85	32	1107	159.862015
86	32	416	156.344025
87	32	185	156.618103
88	32	187	154.582138
89	32	48	151.105881
90	32	52	145.495972
91	32	48	136.456116
92	32	52	125.463791
93	32	51	110.362679
94	32	55	95.648567
95	32	1144	83.974113
96	32	1145	78.287399
97	32	27	75.019493
98	32	320	73.302422
99	32	48	72.384041
100	32	52	72.384041
101	32	52	72.384041
102	32	48	72.384041
103	32	51	72.384041
104	32	52	72.384041
105	32	76	76.013214
106	32	135	73.064522
107	32	514	72.384041
108	32	1146	72.384041
109	32	80	72.384041
110	32	1147	72.384041
111	32	1148	72.384041
112	32	517	72.384041
113	32	421	72.384041
114	32	421	107.712318
115	32	1031	103.318428
116	32	1149	98.908768
117	32	1150	108.30014
118	32	864	122.622398
119	32	1151	137.882629
120	32	521	177.771484
121	32	185	226.214127
122	32	554	150.008759
123	32	1152	88.093437
124	32	715	58.675575
125	32	1076	42.76997
126	32	419	32.928986
127	32	420	14.623683
128	32	591	0
0	33	1117	0
1	33	1153	0
2	33	9	0.086151
3	33	9	25.807135
4	33	30	73.118797
5	33	31	105.562973
6	33	32	115.350204
7	33	9	109.398033
8	33	13	68.652657
9	33	135	16.534708
10	33	110	13.955731
11	33	979	32.218353
12	33	856	31.083155
13	33	9	15.383744
14	33	9	9.996914
15	33	1120	15.113281
16	33	421	15.922464
17	33	421	18.428335
18	33	1154	33.585056
19	33	9	52.962376
20	33	9	73.066742
21	33	1121	87.894005
22	33	1087	110.868256
23	33	1155	124.817337
24	33	1156	141.606918
25	33	949	142.985504
26	33	372	112.454674
27	33	480	3.860707
28	33	434	3.860707
29	33	1157	3.860707
30	33	1125	0.625408
31	33	1158	0
32	33	1159	0.338269
33	33	1159	7.197713
34	33	1160	19.97868
35	33	1161	27.786749
36	33	1162	29.625387
37	33	1162	27.786362
38	33	1163	27.871443
39	33	1129	32.532135
40	33	1129	33.64719
41	33	1164	34.534401
42	33	1165	33.221455
43	33	1166	25.512909
44	33	1167	17.851957
45	33	1168	9.591045
46	33	1168	21.371494
47	33	1168	61.33149
48	33	1168	109.830132
49	33	1168	104.298531
50	33	1168	121.205177
51	33	1169	143.564743
52	33	1135	141.594254
53	33	1134	126.247169
54	33	1135	110.734581
55	33	1134	95.522675
56	33	1170	79.820351
57	33	1159	72.384041
58	33	1159	72.384041
59	33	1171	72.384041
60	33	1172	72.384041
61	33	1173	72.384041
62	33	211	72.384041
63	33	211	72.384041
64	33	1174	72.384041
65	33	1175	72.384041
66	33	267	72.384041
67	33	268	72.384041
68	33	262	83.792801
69	33	262	80.362885
70	33	268	79.139633
71	33	1176	83.686089
72	33	1177	90.232399
73	33	1177	95.029755
74	33	1178	97.695503
75	33	251	98.426041
76	33	251	100.976341
77	33	251	105.521889
78	33	251	111.627769
79	33	252	120.42305
80	33	901	130.012085
81	33	268	138.946945
82	33	262	145.378952
83	33	1179	146.959518
84	33	1180	146.93251
85	33	1181	145.174591
86	33	185	140.325302
87	33	187	133.268875
88	33	52	127.674873
89	33	48	123.632309
90	33	52	119.025208
91	33	51	113.009079
92	33	52	104.213318
93	33	55	94.18705
94	33	1182	84.24836
95	33	9	77.38166
96	33	9	73.839462
97	33	320	72.384041
98	33	48	72.384041
99	33	52	72.384041
100	33	52	72.384041
101	33	51	72.384041
102	33	165	72.384041
103	33	166	72.384041
104	33	766	73.566818
105	33	1183	74.062134
106	33	50	73.064522
107	33	134	72.384041
108	33	135	72.384041
109	33	58	72.384041
110	33	35	72.384041
111	33	1184	72.384041
112	33	517	72.384041
113	33	420	72.384041
114	33	830	85.151924
115	33	43	83.391769
116	33	1185	81.303452
117	33	1186	87.607666
118	33	1187	93.524315
119	33	1188	96.093452
120	33	1188	171.125412
121	33	1188	256.161438
122	33	635	174.591385
123	33	48	104.022591
124	33	909	48.511829
125	33	421	31.63649
126	33	420	21.829851
127	33	420	8.417099
128	33	421	0
0	34	1154	0
1	34	9	0
2	34	9	0
3	34	30	22.0401
4	34	31	70.374161
5	34	1189	95.681709
6	34	883	113.619423
7	34	315	129.708878
8	34	135	119.014008
9	34	110	60.12854
10	34	514	15.033612
11	34	1190	14.965568
12	34	20	13.081185
13	34	1191	9.585723
14	34	1192	11.548102
15	34	1193	15.522642
16	34	1194	12.246944
17	34	1195	18.322535
18	34	1196	30.17116
19	34	1197	45.331856
20	34	1198	60.392612
21	34	1087	60.563728
22	34	1044	49.021133
23	34	1199	54.200581
24	34	1009	64.569809
25	34	430	69.246513
26	34	1200	3.860707
27	34	1201	3.860707
28	34	326	3.860707
29	34	434	57.195595
30	34	983	22.570269
31	34	1011	7.894056
32	34	1010	6.976403
33	34	1202	9.770828
34	34	1203	19.606815
35	34	1204	32.704369
36	34	1205	44.698647
37	34	1206	47.772636
38	34	1207	45.251965
39	34	1207	42.943558
40	34	1207	37.646374
41	34	1207	34.663349
42	34	1207	36.794994
43	34	1208	32.644836
44	34	1137	23.801256
45	34	1137	14.057092
46	34	1137	8.429211
47	34	1138	36.038876
48	34	1209	81.942162
49	34	1210	87.738899
50	34	1211	135.43013
51	34	1212	142.21759
52	34	1213	142.849258
53	34	1213	121.784073
54	34	1213	101.113632
55	34	1214	86.554268
56	34	1215	73.942169
57	34	1215	72.384041
58	34	1215	72.384041
59	34	1215	72.384041
60	34	1216	72.384041
61	34	1217	72.384041
62	34	1218	72.384041
63	34	1219	72.384041
64	34	1220	72.384041
65	34	268	72.384041
66	34	262	72.384041
67	34	263	72.384041
68	34	788	72.384041
69	34	261	72.384041
70	34	1221	73.365219
71	34	1222	75.68486
72	34	253	79.486275
73	34	253	83.509773
74	34	252	85.760956
75	34	1209	85.98719
76	34	1210	86.32383
77	34	1210	88.925125
78	34	1223	94.547691
79	34	267	102.605019
80	34	262	112.744377
81	34	268	121.883316
82	34	1224	131.222687
83	34	1225	151.276443
84	34	1226	156.88707
85	34	1188	140.306564
86	34	635	123.969849
87	34	52	112.243118
88	34	48	103.615952
89	34	52	99.457474
90	34	48	96.357559
91	34	75	92.241051
92	34	74	86.658585
93	34	1227	80.940323
94	34	9	76.254417
95	34	233	73.011612
96	34	86	72.384041
97	34	51	73.346664
98	34	51	73.426804
99	34	51	72.57473
100	34	51	72.384041
101	34	416	72.384041
102	34	590	72.384041
103	34	187	75.056435
104	34	55	83.313339
105	34	43	83.939354
106	34	978	76.798737
107	34	110	72.384041
108	34	58	72.384041
109	34	31	72.384041
110	34	35	79.963326
111	34	1228	80.665764
112	34	1077	79.871338
113	34	1229	78.215805
114	34	43	75.886818
115	34	43	73.921669
116	34	71	72.612701
117	34	72	75.658569
118	34	72	79.42849
119	34	73	82.006668
120	34	52	173.018692
121	34	52	259.81842
122	34	51	168.497772
123	34	1230	76.723801
124	34	715	22.977428
125	34	715	12.704481
126	34	716	11.247995
127	34	420	3.555639
128	34	1154	0
0	35	9	0
1	35	9	0
2	35	30	0
3	35	31	22.949648
4	35	102	83.811005
5	35	514	113.47541
6	35	862	104.353676
7	35	1000	124.14045
8	35	109	155.959076
9	35	135	108.545586
10	35	312	49.677517
11	35	44	9.374339
12	35	160	10.531027
13	35	122	16.872992
14	35	123	28.037966
15	35	565	33.446053
16	35	1188	42.772797
17	35	1188	43.20158
18	35	1231	35.760628
19	35	1232	30.291872
20	35	1233	27.24402
21	35	1234	26.065714
22	35	1234	15.711818
23	35	1235	9.57403
24	35	1236	3.860707
25	35	1237	3.860707
26	35	1088	3.860707
27	35	326	3.860707
28	35	1238	3.860707
29	35	1239	95.951012
30	35	1011	67.90506
31	35	1011	49.834942
32	35	1044	32.736469
33	35	1044	25.789238
34	35	1240	28.578394
35	35	1205	48.751431
36	35	1241	65.220688
37	35	1135	69.710487
38	35	1135	64.326401
39	35	1094	57.802132
40	35	1135	49.046967
41	35	1135	41.735485
42	35	1134	44.128555
43	35	1134	36.329376
44	35	1094	25.837965
45	35	1135	15.558745
46	35	1136	5.38456
47	35	1242	10.787745
48	35	52	33.049778
49	35	52	173.501556
50	35	1243	188.998886
51	35	303	195.806488
52	35	510	172.343307
53	35	262	118.603394
54	35	268	90.284904
55	35	262	76.771507
56	35	262	72.384041
57	35	268	72.384041
58	35	262	72.384041
59	35	268	72.384041
60	35	1244	72.384041
61	35	1245	72.384041
62	35	1246	72.384041
63	35	1247	72.384041
64	35	261	72.384041
65	35	263	72.384041
66	35	1248	72.384041
67	35	249	72.384041
68	35	1249	72.384041
69	35	268	72.384041
70	35	1250	72.384041
71	35	1210	72.384041
72	35	1210	72.471619
73	35	1210	72.987724
74	35	1251	73.778481
75	35	48	74.269356
76	35	51	74.051796
77	35	1252	76.023125
78	35	262	81.216316
79	35	262	88.684296
80	35	633	96.855606
81	35	634	104.334908
82	35	51	124.71032
83	35	52	162.111328
84	35	51	183.039551
85	35	52	152.506989
86	35	48	102.301033
87	35	52	88.326256
88	35	52	79.997742
89	35	51	76.800507
90	35	55	76.301971
91	35	43	75.167595
92	35	1227	73.658524
93	35	9	73.197868
94	35	320	72.461235
95	35	51	74.101265
96	35	52	79.831116
97	35	51	81.432419
98	35	48	78.316956
99	35	52	74.846252
100	35	565	73.51664
101	35	1188	73.359367
102	35	635	72.384041
103	35	70	85.470795
104	35	46	103.132469
105	35	978	101.679901
106	35	514	83.209175
107	35	58	72.42691
108	35	31	72.384041
109	35	31	72.384041
110	35	102	73.698654
111	35	110	80.648781
112	35	753	90.034607
113	35	1253	92.510483
114	35	159	83.363762
115	35	43	74.229057
116	35	43	77.403854
117	35	43	93.176537
118	35	71	103.629173
119	35	73	101.590996
120	35	75	150.692337
121	35	72	212.910355
122	35	73	103.142197
123	35	52	24.671595
124	35	48	2.154516
125	35	747	4.278078
126	35	1254	3.652791
127	35	1255	0.689429
128	35	9	0
0	36	9	0
1	36	30	0
2	36	31	0
3	36	102	23.849409
4	36	135	91.606392
5	36	136	142.629669
6	36	9	137.40625
7	36	13	148.40535
8	36	110	177.944656
9	36	312	163.113708
10	36	71	96.010468
11	36	1256	41.888809
12	36	144	16.728338
13	36	145	25.281637
14	36	48	33.990387
15	36	48	45.50259
16	36	51	55.39249
17	36	52	59.466732
18	36	51	48.07616
19	36	51	29.261326
20	36	52	16.917156
21	36	52	16.729349
22	36	48	14.928569
23	36	1257	7.938037
24	36	1234	3.860707
25	36	1258	3.860707
26	36	1259	3.860707
27	36	1239	3.860707
28	36	1260	65.277405
29	36	1234	84.007118
30	36	1234	107.875641
31	36	1234	115.849663
32	36	1234	88.651711
33	36	1261	39.767223
34	36	1262	36.655388
35	36	1263	57.469475
36	36	1245	76.834183
37	36	1245	80.949364
38	36	1245	74.635521
39	36	1245	70.549507
40	36	1245	63.225063
41	36	1245	51.752331
42	36	1245	46.827049
43	36	1264	37.782856
44	36	1094	25.459347
45	36	1135	13.797383
46	36	1265	4.76281
47	36	48	11.285804
48	36	48	25.132921
49	36	56	151.675751
50	36	24	193.920181
51	36	1266	235.746536
52	36	1267	195.0578
53	36	1267	123.994392
54	36	1267	89.249916
55	36	1267	81.51313
56	36	1267	80.666679
57	36	1267	80.765594
58	36	1267	81.598381
59	36	634	82.438881
60	36	52	82.058823
61	36	1268	80.507767
62	36	249	77.25386
63	36	340	73.851837
64	36	1269	72.384041
65	36	249	72.384041
66	36	249	72.619408
67	36	340	72.384041
68	36	1267	72.384041
69	36	634	72.384041
70	36	51	72.384041
71	36	51	72.384041
72	36	48	72.384041
73	36	52	72.384041
74	36	52	72.384041
75	36	48	72.639534
76	36	1252	72.392998
77	36	268	72.469803
78	36	262	74.483681
79	36	548	78.250099
80	36	48	82.924248
81	36	52	87.767677
82	36	51	105.759506
83	36	48	156.687988
84	36	52	188.867859
85	36	51	154.963211
86	36	51	97.156815
87	36	48	75.325081
88	36	51	73.539909
89	36	55	72.617348
90	36	43	72.384041
91	36	1227	72.384041
92	36	9	77.119019
93	36	320	82.128403
94	36	48	77.806099
95	36	51	84.928497
96	36	51	99.493736
97	36	52	96.978149
98	36	51	83.457909
99	36	51	77.700386
100	36	52	78.46019
101	36	48	77.2304
102	36	551	73.952263
103	36	1270	100.933121
104	36	1271	127.179909
105	36	514	116.19381
106	36	1118	88.066673
107	36	108	80.679985
108	36	108	91.33799
109	36	132	105.04583
110	36	135	108.481171
111	36	135	109.187187
112	36	979	120.086525
113	36	1272	127.912354
114	36	1273	121.448677
115	36	1033	112.461983
116	36	426	125.298622
117	36	43	156.26413
118	36	47	171.495773
119	36	55	166.760605
120	36	43	186.821533
121	36	47	193.575516
122	36	52	71.800682
123	36	51	10.507169
124	36	55	0
125	36	43	0.551581
126	36	721	0.351153
127	36	11	0
128	36	1274	0
0	37	1275	0
1	37	31	0
2	37	102	0
3	37	862	21.699556
4	37	27	94.964226
5	37	9	156.538071
6	37	33	168.775009
7	37	1276	149.393753
8	37	137	168.285904
9	37	43	160.754074
10	37	47	132.105576
11	37	48	81.498337
12	37	51	28.312973
13	37	52	18.889669
14	37	52	25.203449
15	37	51	34.537571
16	37	48	46.224972
17	37	48	46.063286
18	37	52	41.463997
19	37	51	30.520821
20	37	52	25.463028
21	37	52	25.468231
22	37	51	20.93037
23	37	52	9.221121
24	37	52	6.334343
25	37	1257	20.496979
26	37	1234	32.88409
27	37	1277	19.374235
28	37	48	19.39208
29	37	48	46.214684
30	37	48	106.431282
31	37	52	150.491058
32	37	48	109.24192
33	37	52	48.979523
34	37	51	36.518143
35	37	48	56.870689
36	37	52	74.650726
37	37	48	82.584511
38	37	52	82.698547
39	37	52	78.020592
40	37	51	69.766052
41	37	51	57.293133
42	37	1278	48.619938
43	37	1245	39.509216
44	37	1245	24.966433
45	37	1279	10.825421
46	37	48	3.880671
47	37	51	23.863657
48	37	52	44.459141
49	37	51	150.255753
50	37	52	200.146576
51	37	48	237.862045
52	37	52	198.203964
53	37	52	148.926758
54	37	52	145.717239
55	37	52	142.626663
56	37	51	134.044571
57	37	52	127.022499
58	37	51	120.730843
59	37	51	117.888405
60	37	1280	119.043716
61	37	1281	109.153091
62	37	1022	102.13269
63	37	1280	102.564148
64	37	1281	98.220016
65	37	1281	93.368301
66	37	1282	92.041107
67	37	552	83.857864
68	37	1283	76.786789
69	37	1284	76.786789
70	37	552	76.786789
71	37	552	76.786789
72	37	553	95.956795
73	37	51	100.057724
74	37	52	106.539406
75	37	1285	114.97805
76	37	1267	110.350601
77	37	1267	92.689529
78	37	634	97.632149
79	37	48	112.884979
80	37	48	123.248192
81	37	51	126.745941
82	37	75	122.943054
83	37	72	158.587875
84	37	72	192.631134
85	37	73	164.870163
86	37	75	119.638428
87	37	73	109.986603
88	37	55	112.147346
89	37	43	103.653831
90	37	1286	97.647552
91	37	321	96.149994
92	37	320	115.295021
93	37	51	131.040955
94	37	52	121.115387
95	37	52	131.536667
96	37	48	161.075592
97	37	51	162.338196
98	37	48	127.73613
99	37	52	116.498703
100	37	48	129.921875
101	37	586	137.201797
102	37	588	122.780159
103	37	1287	141.274612
104	37	229	159.450699
105	37	1288	99.346863
106	37	9	80.717003
107	37	41	89.780045
108	37	21	150.683945
109	37	1289	170.445068
110	37	1000	182.092056
111	37	109	173.255707
112	37	753	183.417435
113	37	1290	200.944794
114	37	31	196.770432
115	37	168	183.140778
116	37	44	203.18042
117	37	69	235.55864
118	37	55	225.335968
119	37	43	196.611649
120	37	47	205.681717
121	37	51	200.775269
122	37	52	69.720284
123	37	70	15.924459
124	37	318	0
125	37	598	0
126	37	31	0
127	37	1291	0
128	37	1292	0
0	38	681	0
1	38	1293	0
2	38	1294	0
3	38	1030	19.191336
4	38	9	75.786911
5	38	9	129.062302
6	38	1037	145.147064
7	38	159	146.877426
8	38	43	132.60231
9	38	47	140.746033
10	38	51	152.437607
11	38	51	122.923027
12	38	51	56.256191
13	38	51	7.85531
14	38	52	12.793566
15	38	51	25.646885
16	38	52	35.223293
17	38	52	36.535656
18	38	52	31.447498
19	38	51	29.007597
20	38	48	25.62265
21	38	52	26.109779
22	38	52	20.484343
23	38	48	8.285707
24	38	52	1.309342
25	38	51	13.851799
26	38	48	21.414825
27	38	52	14.669968
28	38	51	11.148372
29	38	52	37.450253
30	38	48	99.709976
31	38	51	125.268227
32	38	51	82.817535
33	38	48	28.21162
34	38	51	28.574919
35	38	51	48.312737
36	38	51	64.655785
37	38	51	77.103073
38	38	48	78.90004
39	38	52	74.495247
40	38	52	66.819107
41	38	52	59.986797
42	38	48	49.198311
43	38	165	38.915237
44	38	166	23.764858
45	38	166	6.951934
46	38	166	4.098993
47	38	167	25.311684
48	38	51	46.704102
49	38	51	141.20105
50	38	52	187.570465
51	38	52	231.214005
52	38	52	211.653412
53	38	51	177.660095
54	38	52	198.197296
55	38	51	223.433792
56	38	48	209.98793
57	38	51	178.886963
58	38	48	156.757553
59	38	51	164.979828
60	38	52	186.614319
61	38	52	186.805038
62	38	52	181.782211
63	38	48	194.13768
64	38	48	194.991928
65	38	586	183.139771
66	38	587	172.123291
67	38	1295	140.00209
68	38	1296	76.786789
69	38	1297	76.786789
70	38	1297	76.786789
71	38	1298	76.786789
72	38	552	165.475906
73	38	552	173.030136
74	38	552	183.857574
75	38	552	205.522446
76	38	552	195.610245
77	38	553	172.646957
78	38	52	170.253586
79	38	52	185.366455
80	38	48	198.29126
81	38	55	206.058701
82	38	43	189.959839
83	38	43	212.995438
84	38	47	236.66481
85	38	70	232.421921
86	38	69	193.8022
87	38	55	187.666245
88	38	43	126.508293
89	38	47	116.201637
90	38	369	108.532738
91	38	549	188.799149
92	38	270	209.135132
93	38	550	211.331207
94	38	48	175.802917
95	38	48	183.561447
96	38	51	235.983047
97	38	51	253.788269
98	38	52	214.987
99	38	48	208.039169
100	38	586	214.174026
101	38	587	207.739273
102	38	589	198.757614
103	38	51	205.41098
104	38	56	209.419632
105	38	321	88.207672
106	38	194	79.772408
107	38	43	85.950569
108	38	138	188.02269
109	38	139	215.043121
110	38	13	240.797455
111	38	135	243.084274
112	38	58	235.149643
113	38	31	252.520691
114	38	1299	239.061371
115	38	1300	227.579529
116	38	1301	248.357819
117	38	70	254.794922
118	38	45	209.973175
119	38	69	152.438538
120	38	51	146.410706
121	38	52	146.359879
122	38	275	41.516571
123	38	1302	8.419339
124	38	1303	0
125	38	148	0
126	38	63	0
127	38	31	0
128	38	1079	0
0	39	421	0
1	39	420	0
2	39	942	0
3	39	1030	15.575644
4	39	9	60.187832
5	39	41	91.559891
6	39	68	110.088417
7	39	43	137.147552
8	39	71	144.43399
9	39	72	142.742325
10	39	72	174.350677
11	39	72	169.33432
12	39	72	93.157166
13	39	72	29.237055
14	39	73	5.303852
15	39	48	17.956837
16	39	51	31.937351
17	39	52	37.069378
18	39	52	31.871653
19	39	52	22.676813
20	39	48	17.633022
21	39	48	17.928101
22	39	48	18.681221
23	39	51	11.305852
24	39	51	6.193959
25	39	52	9.534238
26	39	51	14.70882
27	39	52	20.428501
28	39	51	37.080296
29	39	48	69.9496
30	39	48	93.850746
31	39	48	86.85347
32	39	51	41.508404
33	39	48	3.563517
34	39	52	17.803219
35	39	51	33.614201
36	39	51	46.371708
37	39	48	57.778522
38	39	51	63.501156
39	39	48	62.322788
40	39	51	61.502331
41	39	51	59.098747
42	39	416	47.77906
43	39	590	34.957687
44	39	521	19.969107
45	39	521	6.402146
46	39	792	1.764579
47	39	167	12.463119
48	39	48	24.95038
49	39	51	42.474476
50	39	51	92.662209
51	39	51	140.025436
52	39	48	122.855957
53	39	52	89.119545
54	39	48	132.091858
55	39	48	196.434357
56	39	48	208.128464
57	39	165	153.283188
58	39	1304	93.90052
59	39	552	101.449173
60	39	552	143.568924
61	39	553	165.029037
62	39	51	184.433075
63	39	52	201.781433
64	39	636	205.663437
65	39	1305	213.224731
66	39	1306	212.645584
67	39	1185	180.782867
68	39	1307	76.786789
69	39	587	76.786789
70	39	587	76.786789
71	39	677	76.786789
72	39	677	168.002319
73	39	677	185.262177
74	39	677	190.378418
75	39	1297	199.601196
76	39	589	201.432465
77	39	48	156.091263
78	39	48	128.257339
79	39	51	124.701721
80	39	70	129.795273
81	39	45	135.847473
82	39	46	127.907318
83	39	47	142.159531
84	39	52	182.674957
85	39	75	180.729675
86	39	74	161.877838
87	39	43	149.900558
88	39	47	140.408218
89	39	369	139.0522
90	39	9	146.396301
91	39	9	167.02681
92	39	320	178.437515
93	39	48	144.75589
94	39	51	98.801773
95	39	48	106.909782
96	39	48	171.458969
97	39	52	210.042023
98	39	48	185.92717
99	39	636	178.917816
100	39	1308	165.480652
101	39	1298	158.766983
102	39	553	151.715698
103	39	51	155.204163
104	39	56	141.311111
105	39	87	66.692314
106	39	43	58.397858
107	39	43	58.70285
108	39	232	84.562004
109	39	13	107.294571
110	39	135	144.787781
111	39	1146	146.651047
112	39	1147	142.819229
113	39	31	137.429977
114	39	31	117.425194
115	39	1309	113.276993
116	39	48	135.585037
117	39	51	128.560913
118	39	48	71.373337
119	39	48	18.573881
120	39	52	10.577341
121	39	56	15.015697
122	39	87	7.660942
123	39	43	0
124	39	43	0
125	39	88	0
126	39	31	0
127	39	1079	0
128	39	420	0
0	40	421	0
1	40	420	0
2	40	942	0
3	40	1029	15.767568
4	40	1310	58.413158
5	40	424	81.97332
6	40	43	98.647362
7	40	43	138.230743
8	40	43	170.797958
9	40	43	155.531982
10	40	43	176.645203
11	40	43	183.275757
12	40	43	137.905014
13	40	47	75.79689
14	40	48	22.718658
15	40	165	8.720835
16	40	166	21.56592
17	40	167	30.006155
18	40	52	28.122379
19	40	75	19.058594
20	40	72	11.855706
21	40	72	13.365123
22	40	73	16.047121
23	40	51	14.776217
24	40	48	10.105372
25	40	52	12.909922
26	40	52	29.713867
27	40	51	47.17382
28	40	48	65.87281
29	40	51	77.049515
30	40	48	88.764954
31	40	48	74.07299
32	40	52	34.277126
33	40	48	3.575699
34	40	48	7.411256
35	40	52	18.268642
36	40	52	26.711782
37	40	51	36.393841
38	40	52	45.130775
39	40	51	50.251671
40	40	52	53.444542
41	40	565	50.474239
42	40	1188	41.922031
43	40	566	30.435141
44	40	590	18.581057
45	40	186	6.522067
46	40	187	0
47	40	48	2.819057
48	40	51	4.920383
49	40	52	8.034221
50	40	48	47.759392
51	40	75	78.219078
52	40	72	63.37278
53	40	73	39.222233
54	40	48	89.751823
55	40	52	176.135269
56	40	416	201.195786
57	40	1311	147.08847
58	40	864	71.872452
59	40	1297	61.668392
60	40	589	93.938164
61	40	48	138.839111
62	40	52	181.367722
63	40	75	202.30217
64	40	74	205.298187
65	40	43	231.175354
66	40	43	262.331055
67	40	1185	186.725037
68	40	1312	76.786789
69	40	1312	76.786789
70	40	1312	76.786789
71	40	1312	76.786789
72	40	1312	212.050064
73	40	1312	232.065796
74	40	1312	229.068497
75	40	1313	208.223618
76	40	72	218.248703
77	40	72	159.920868
78	40	72	87.572327
79	40	72	61.937111
80	40	72	52.456078
81	40	74	58.610672
82	40	47	52.862831
83	40	75	67.054817
84	40	74	97.429947
85	40	43	117.462448
86	40	43	96.88192
87	40	1314	91.581627
88	40	999	77.92688
89	40	9	85.632881
90	40	9	99.85833
91	40	549	114.580292
92	40	550	97.495956
93	40	48	73.029495
94	40	48	36.370361
95	40	52	56.724148
96	40	51	112.212784
97	40	51	134.759277
98	40	51	132.34523
99	40	586	122.024689
100	40	677	119.397919
101	40	589	131.333405
102	40	165	128.318314
103	40	166	110.089973
104	40	1315	86.229561
105	40	1316	52.215199
106	40	1317	42.342155
107	40	319	28.159035
108	40	13	21.726837
109	40	514	41.274097
110	40	110	59.990986
111	40	58	66.528069
112	40	31	55.690231
113	40	31	50.853096
114	40	1318	31.001978
115	40	1301	32.986164
116	40	48	50.128227
117	40	48	55.699211
118	40	48	25.16814
119	40	48	0.283497
120	40	51	0
121	40	70	0
122	40	46	0
123	40	43	0
124	40	113	0
125	40	148	0
126	40	1319	0
127	40	421	0
128	40	642	0
0	41	1320	0
1	41	1254	0
2	41	1254	0
3	41	941	16.807016
4	41	1321	49.294888
5	41	46	63.236359
6	41	43	78.298164
7	41	43	123.097992
8	41	43	140.518356
9	41	43	154.137589
10	41	43	156.599777
11	41	43	156.064957
12	41	71	143.731094
13	41	72	110.455315
14	41	1322	73.344337
15	41	186	37.086117
16	41	1323	16.102665
17	41	72	18.827335
18	41	74	22.770689
19	41	43	20.146128
20	41	43	14.904242
21	41	47	11.830523
22	41	48	11.347678
23	41	52	15.718189
24	41	48	13.64928
25	41	48	18.104357
26	41	51	41.226635
27	41	52	61.73394
28	41	52	63.385696
29	41	75	71.048798
30	41	73	96.11084
31	41	51	103.130356
32	41	48	80.784088
33	41	51	36.651981
34	41	51	5.952362
35	41	75	7.021301
36	41	73	12.532385
37	41	52	19.813423
38	41	52	29.176645
39	41	52	35.444042
40	41	51	37.464939
41	41	51	38.399361
42	41	565	34.133083
43	41	1188	25.507444
44	41	1188	15.049785
45	41	635	3.808618
46	41	75	0
47	41	72	0
48	41	72	0.40391
49	41	72	0.084504
50	41	74	0.983527
51	41	43	16.238525
52	41	47	15.579831
53	41	51	9.257241
54	41	51	41.821728
55	41	565	98.195839
56	41	1324	114.926727
57	41	637	76.739693
58	41	637	38.539913
59	41	746	14.274925
60	41	48	31.093641
61	41	52	67.164513
62	41	55	112.041916
63	41	43	133.478531
64	41	43	136.926285
65	41	43	169.685898
66	41	43	207.139389
67	41	43	181.868469
68	41	43	76.786789
69	41	43	76.786789
70	41	43	76.786789
71	41	43	76.786789
72	41	43	213.100357
73	41	43	211.327408
74	41	43	186.59462
75	41	43	179.403854
76	41	43	206.865463
77	41	43	139.766434
78	41	43	50.168919
79	41	44	4.759351
80	41	45	3.94967
81	41	409	4.712835
82	41	74	3.040866
83	41	43	1.018868
84	41	43	14.98298
85	41	43	26.60956
86	41	1325	29.480688
87	41	9	17.249617
88	41	9	14.712914
89	41	9	18.664265
90	41	9	27.267572
91	41	1326	28.080921
92	41	1327	19.727016
93	41	48	5.464396
94	41	51	1.824123
95	41	52	25.878798
96	41	51	50.032196
97	41	48	50.358906
98	41	586	43.830616
99	41	587	49.406689
100	41	589	81.709709
101	41	416	70.928169
102	41	186	75.468552
103	41	186	71.364479
104	41	1328	23.721521
105	41	1329	12.471413
106	41	9	8.809966
107	41	33	4.256585
108	41	1000	0
109	41	1000	10.458741
110	41	1330	17.986858
111	41	82	8.092284
112	41	31	5.38884
113	41	31	0.756174
114	41	1309	0
115	41	52	0
116	41	51	0.953661
117	41	48	0
118	41	52	0
119	41	52	0
120	41	51	0
121	41	70	0
122	41	46	0
123	41	43	0
124	41	796	0
125	41	419	0
126	41	421	0
127	41	680	0
128	41	168	0
0	42	43	0
1	42	43	0
2	42	1331	0
3	42	1332	4.286198
4	42	1333	24.868671
5	42	95	34.387657
6	42	95	60.209156
7	42	99	97.573135
8	42	43	117.17955
9	42	43	138.506638
10	42	43	146.201706
11	42	43	125.916832
12	42	43	111.630165
13	42	977	117.414146
14	42	417	117.596764
15	42	945	86.037872
16	42	43	15.718591
17	42	43	15.718591
18	42	43	12.366201
19	42	43	17.084089
20	42	1334	21.216745
21	42	690	13.89551
22	42	691	13.180801
23	42	52	30.814724
24	42	52	35.116245
25	42	48	37.187214
26	42	48	67.988556
27	42	48	72.511353
28	42	55	59.592113
29	42	47	71.208138
30	42	48	107.690903
31	42	52	139.714539
32	42	48	122.277214
33	42	48	64.838593
34	42	70	27.346565
35	42	409	11.885782
36	42	72	4.319491
37	42	72	5.578397
38	42	72	11.725375
39	42	72	18.410177
40	42	72	24.143496
41	42	72	26.50869
42	42	72	24.209314
43	42	72	17.934656
44	42	72	9.174535
45	42	74	1.304831
46	42	913	11.829334
47	42	413	11.160075
48	42	413	2.369046
49	42	413	0
50	42	413	0
51	42	1081	0
52	42	1335	0
53	42	72	0
54	42	72	5.729757
55	42	73	15.918487
56	42	48	18.307217
57	42	51	14.849115
58	42	48	4.744574
59	42	51	0
60	42	75	0.235485
61	42	74	15.450092
62	42	43	47.169636
63	42	43	56.143635
64	42	43	69.151085
65	42	43	106.037178
66	42	43	125.645798
67	42	43	91.270996
68	42	43	86.058388
69	42	43	79.676392
70	42	43	76.786789
71	42	43	76.786789
72	42	44	146.67453
73	42	45	131.439636
74	42	45	122.153168
75	42	45	125.982391
76	42	45	159.548828
77	42	45	99.741478
78	42	69	24.260029
79	42	52	0
80	42	1336	0
81	42	1337	0
82	42	43	0
83	42	43	0
84	42	43	0
85	42	1182	0.997045
86	42	9	1.508762
87	42	9	0.766391
88	42	9	1.127615
89	42	9	1.828655
90	42	1338	3.49031
91	42	1339	1.689729
92	42	48	0
93	42	51	0
94	42	48	0
95	42	48	7.216321
96	42	51	19.340969
97	42	636	18.715252
98	42	637	10.242565
99	42	746	10.321037
100	42	565	0
101	42	1340	0
102	42	1341	0
103	42	1342	0
104	42	369	0
105	42	9	0
106	42	1343	0
107	42	1344	0
108	42	9	0
109	42	9	0
110	42	62	0
111	42	148	0
112	42	148	0
113	42	1345	0
114	42	75	0
115	42	72	0
116	42	72	9.80244
117	42	72	14.528695
118	42	73	3.507926
119	42	51	6.206159
120	42	52	11.869057
121	42	70	6.238397
122	42	318	0
123	42	1346	0
124	42	421	0
125	42	1031	0
126	42	1347	0
127	42	1348	0
128	42	1349	0
0	43	1350	0
1	43	1351	0
2	43	1352	0
3	43	122	0
4	43	122	1.309373
5	43	122	9.741697
6	43	129	50.488949
7	43	99	88.84082
8	43	43	111.971519
9	43	43	127.813774
10	43	43	158.629395
11	43	43	128.001907
12	43	43	90.963036
13	43	43	95.740326
14	43	43	110.971001
15	43	43	15.718591
16	43	43	15.718591
17	43	43	15.718591
18	43	43	1.468665
19	43	758	11.420033
20	43	622	19.336546
21	43	727	15.385021
22	43	690	32.286037
23	43	690	59.490833
24	43	690	64.505852
25	43	690	73.134964
26	43	690	85.507088
27	43	1353	78.130051
28	43	1354	51.460335
29	43	690	58.696888
30	43	690	91.379875
31	43	691	108.825233
32	43	52	94.775612
33	43	52	71.324577
34	43	55	76.623703
35	43	43	56.099339
36	43	43	18.637331
37	43	43	0.24863
38	43	43	3.036741
39	43	43	8.44902
40	43	43	13.789835
41	43	43	16.033052
42	43	43	14.548518
43	43	43	9.771679
44	43	913	6.957339
45	43	319	45.342945
46	43	9	69.147644
47	43	9	61.130291
48	43	9	32.770664
49	43	9	9.934114
50	43	9	0
51	43	194	0
52	43	43	0
53	43	43	0
54	43	71	0
55	43	72	0
56	43	72	0
57	43	72	0
58	43	72	0.028176
59	43	74	2.445161
60	43	43	4.651443
61	43	43	4.781401
62	43	44	3.387165
63	43	45	5.684895
64	43	45	16.999134
65	43	46	85.193565
66	43	43	100.088203
67	43	43	69.617615
68	43	1355	83.756447
69	43	1356	77.616074
70	43	1356	76.786789
71	43	1357	76.786789
72	43	552	53.979401
73	43	553	40.174561
74	43	48	29.460646
75	43	551	55.366478
76	43	552	68.676117
77	43	552	39.113819
78	43	552	0.572311
79	43	1358	0
80	43	1359	0
81	43	43	0
82	43	43	0
83	43	43	0
84	43	1227	0
85	43	9	0
86	43	9	0
87	43	9	0
88	43	9	0
89	43	320	0
90	43	48	0
91	43	48	0
92	43	52	0
93	43	51	0
94	43	48	0
95	43	51	0
96	43	52	3.668988
97	43	48	8.476805
98	43	48	8.711965
99	43	48	4.177199
100	43	586	0
101	43	677	0
102	43	589	0
103	43	56	0
104	43	321	0
105	43	1360	0
106	43	1361	0
107	43	9	0.001788
108	43	9	0.067769
109	43	1037	0
110	43	413	0
111	43	413	0
112	43	1081	0.649407
113	43	1362	20.182226
114	43	43	19.447258
115	43	43	29.320066
116	43	43	64.405403
117	43	1363	70.852562
118	43	1364	43.851357
119	43	166	32.057465
120	43	167	40.804276
121	43	1365	24.793884
122	43	1366	5.16921
123	43	715	5.218918
124	43	1367	2.717833
125	43	69	0
126	43	51	0
127	43	1368	0
128	43	1369	0
0	44	1370	0
1	44	1371	0
2	44	1372	0
3	44	122	0
4	44	122	0
5	44	122	7.816663
6	44	1373	50.610039
7	44	46	88.864876
8	44	43	94.976372
9	44	43	113.891716
10	44	43	150.998077
11	44	43	135.191696
12	44	913	89.950462
13	44	413	61.144005
14	44	413	15.718591
15	44	413	15.718591
16	44	413	15.718591
17	44	413	15.718591
18	44	1374	19.257914
19	44	622	5.851157
20	44	622	14.832224
21	44	622	13.87879
22	44	622	33.442921
23	44	622	64.835518
24	44	622	66.890289
25	44	622	64.347801
26	44	622	69.156334
27	44	622	52.896461
28	44	622	26.451185
29	44	622	28.47333
30	44	727	37.812317
31	44	690	33.31971
32	44	1375	34.775043
33	44	74	93.992081
34	44	43	136.146484
35	44	43	115.768257
36	44	43	42.932404
37	44	43	0.785467
38	44	43	0.954628
39	44	43	3.224199
40	44	913	5.694874
41	44	413	6.772541
42	44	413	5.954845
43	44	319	17.503336
44	44	9	60.425701
45	44	9	112.405052
46	44	9	151.097824
47	44	9	136.9422
48	44	9	90.134666
49	44	9	49.486179
50	44	225	18.87265
51	44	45	0
52	44	46	0
53	44	43	0
54	44	43	0
55	44	43	0
56	44	43	0
57	44	43	0.648224
58	44	43	5.518187
59	44	44	12.884939
60	44	45	18.340925
61	44	69	19.074059
62	44	51	15.008191
63	44	48	8.018407
64	44	55	18.596619
65	44	43	18.596619
66	44	43	45.955654
67	44	1296	45.955654
68	44	1297	83.459045
69	44	588	81.689957
70	44	587	81.689957
71	44	587	81.689957
72	44	589	52.895988
73	44	48	50.346901
74	44	586	24.466707
75	44	1297	23.546461
76	44	588	12.285652
77	44	677	0.370917
78	44	589	0
79	44	70	0.334336
80	44	46	1.592165
81	44	43	2.081043
82	44	43	1.76453
83	44	1227	1.016815
84	44	9	0.284081
85	44	9	0
86	44	9	0
87	44	233	0
88	44	86	0
89	44	48	0
90	44	51	0
91	44	51	0
92	44	48	0
93	44	52	0
94	44	52	0
95	44	51	0.812994
96	44	48	14.903605
97	44	52	30.688435
98	44	52	32.158756
99	44	586	4.177199
100	44	864	4.177199
101	44	589	4.177199
102	44	51	2.10477
103	44	56	2.10477
104	44	321	9.097926
105	44	9	10.861167
106	44	9	13.544133
107	44	9	36.052414
108	44	10	51.294357
109	44	11	18.736309
110	44	1376	20.695082
111	44	1377	22.347197
112	44	1378	68.047523
113	44	1379	91.971207
114	44	45	78.798866
115	44	45	90.521591
116	44	1380	124.506813
117	44	1381	121.54097
118	44	521	78.160988
119	44	187	57.44886
120	44	565	62.189426
121	44	635	54.234646
122	44	52	45.819946
123	44	1382	39.166256
124	44	1383	19.966139
125	44	1384	2.391051
126	44	1385	0
127	44	1386	0
128	44	1387	0
0	45	588	0
1	45	1388	0
2	45	144	0
3	45	144	0
4	45	144	0
5	45	145	5.170335
6	45	55	46.577126
7	45	43	87.83522
8	45	43	83.946228
9	45	43	80.854713
10	45	913	107.257278
11	45	319	96.223602
12	45	10	73.59581
13	45	11	45.354748
14	45	12	15.718591
15	45	9	15.718591
16	45	9	15.718591
17	45	1389	106.618088
18	45	622	51.708458
19	45	622	6.586603
20	45	622	11.844259
21	45	622	12.872876
22	45	622	22.661489
23	45	622	36.381531
24	45	622	32.878517
25	45	622	20.37837
26	45	622	22.86692
27	45	622	17.475037
28	45	622	1.755732
29	45	622	0
30	45	622	0
31	45	757	2.574209
32	45	913	2.170918
33	45	159	2.170918
34	45	43	2.170918
35	45	43	115.550682
36	45	913	38.288166
37	45	413	1.05533
38	45	413	1.05533
39	45	319	3.407103
40	45	9	4.364387
41	45	9	5.122548
42	45	9	13.139512
43	45	9	68.822731
44	45	9	124.545105
45	45	9	159.426804
46	45	9	177.999313
47	45	9	179.174591
48	45	41	147.082443
49	45	274	104.8545
50	45	51	63.93866
51	45	55	17.832729
52	45	43	0
53	45	43	0
54	45	43	2.661659
55	45	43	2.661659
56	45	44	4.519477
57	45	45	4.519477
58	45	69	7.459564
59	45	48	17.276482
60	45	52	18.596619
61	45	51	18.596619
62	45	48	18.596619
63	45	55	18.596619
64	45	43	18.596619
65	45	43	18.596619
66	45	1390	45.955654
67	45	637	45.955654
68	45	637	81.689957
69	45	637	81.689957
70	45	637	81.689957
71	45	746	81.689957
72	45	48	52.895988
73	45	636	52.895988
74	45	637	23.399982
75	45	1308	23.399982
76	45	864	0
77	45	589	1.244054
78	45	48	5.80649
79	45	70	9.132447
80	45	46	10.846942
81	45	43	10.811251
82	45	1227	9.01588
83	45	9	6.286102
84	45	9	3.561758
85	45	9	1.284704
86	45	320	0
87	45	48	0
88	45	51	0
89	45	52	0
90	45	551	0
91	45	552	0
92	45	711	0
93	45	270	0
94	45	270	0
95	45	1391	9.601421
96	45	1392	41.941284
97	45	550	66.113441
98	45	636	54.674461
99	45	1393	29.206623
100	45	1394	10.585927
101	45	166	6.450507
102	45	167	15.990887
103	45	369	31.826811
104	45	9	41.638554
105	45	9	42.800045
106	45	9	71.906898
107	45	30	101.829193
108	45	31	71.545326
109	45	1395	41.874287
110	45	1396	41.874287
111	45	1397	41.874287
112	45	1398	105.422623
113	45	51	116.044144
114	45	52	131.590439
115	45	48	133.489807
116	45	565	172.266678
117	45	1188	159.133102
118	45	635	101.780937
119	45	52	82.600601
120	45	51	92.825714
121	45	52	96.674294
122	45	1399	97.493752
123	45	1400	74.512459
124	45	1401	34.705196
125	45	1402	5.596876
126	45	1403	0
127	45	1404	0
128	45	637	0
0	46	746	0
1	46	52	0
2	46	551	0
3	46	552	0
4	46	552	0
5	46	1405	1.25414
6	46	1406	37.252838
7	46	413	81.398689
8	46	413	81.993446
9	46	319	62.985088
10	46	9	53.964199
11	46	30	61.129997
12	46	31	51.768665
13	46	32	39.457073
14	46	9	15.718591
15	46	9	15.718591
16	46	1407	15.718591
17	46	842	118.754059
18	46	1408	83.603439
19	46	776	30.874903
20	46	776	12.494357
21	46	776	23.072435
22	46	777	29.092314
23	46	622	21.467213
24	46	622	7.717172
25	46	1409	1.125809
26	46	776	1.729904
27	46	1410	0
28	46	842	0
29	46	842	0
30	46	1411	0
31	46	319	9.142118
32	46	1037	2.170918
33	46	413	2.170918
34	46	159	2.170918
35	46	138	2.170918
36	46	20	8.223016
37	46	20	1.05533
38	46	139	1.05533
39	46	9	7.12075
40	46	9	12.181119
41	46	9	7.61931
42	46	9	44.19899
43	46	9	112.954681
44	46	9	157.935699
45	46	41	142.224472
46	46	20	171.226196
47	46	68	217.088684
48	46	47	196.813065
49	46	52	159.770798
50	46	55	116.758499
51	46	43	52.902714
52	46	44	7.09569
53	46	45	7.408924
54	46	45	2.661659
55	46	69	2.661659
56	46	51	4.519477
57	46	51	4.519477
58	46	52	7.459564
59	46	48	17.276482
60	46	48	18.596619
61	46	52	18.596619
62	46	55	18.596619
63	46	43	18.596619
64	46	1412	18.596619
65	46	1413	20.65691
66	46	1414	45.955654
67	46	1415	45.955654
68	46	1415	81.689957
69	46	1416	81.689957
70	46	52	81.689957
71	46	48	81.689957
72	46	52	52.895988
73	46	52	52.895988
74	46	636	23.399982
75	46	637	23.44578
76	46	746	3.455739
77	46	51	9.812102
78	46	51	15.232228
79	46	55	19.136557
80	46	43	21.332453
81	46	1227	21.242527
82	46	9	19.042183
83	46	9	15.023699
84	46	9	9.711657
85	46	320	5.075304
86	46	51	2.632993
87	46	48	1.361052
88	46	48	1.204508
89	46	586	0.665053
90	46	1297	0.177119
91	46	743	0
92	46	9	0
93	46	9	0
94	46	64	0.269113
95	46	157	21.607506
96	46	549	60.095676
97	46	550	77.011772
98	46	416	66.836815
99	46	521	38.065392
100	46	590	41.518894
101	46	187	63.22834
102	46	369	80.329628
103	46	9	80.326744
104	46	9	94.293686
105	46	9	120.576721
106	46	83	135.724182
107	46	82	137.818192
108	46	1417	90.906372
109	46	1398	59.874321
110	46	51	59.874321
111	46	51	59.874321
112	46	52	106.509033
113	46	51	128.960785
114	46	51	102.407181
115	46	51	124.265823
116	46	48	169.055832
117	46	153	167.565186
118	46	154	144.477509
119	46	154	133.638412
120	46	155	125.524376
121	46	48	129.579178
122	46	1399	130.073578
123	46	1418	86.362045
124	46	1368	38.921467
125	46	1419	11.880895
126	46	1420	3.061559
127	46	552	0
128	46	553	0
0	47	48	0
1	47	586	0
2	47	587	0
3	47	587	0
4	47	1421	0
5	47	1422	0
6	47	10	25.085917
7	47	11	73.626427
8	47	11	92.011795
9	47	12	64.165009
10	47	83	41.167725
11	47	108	48.207558
12	47	107	53.690315
13	47	9	48.319874
14	47	9	15.718591
15	47	9	15.718591
16	47	9	55.862045
17	47	320	99.715462
18	47	52	107.860352
19	47	48	59.7841
20	47	51	17.515778
21	47	1423	30.866844
22	47	622	49.159149
23	47	622	43.778698
24	47	1424	19.258993
25	47	52	8.262568
26	47	369	9.937547
27	47	233	5.632359
28	47	24	0
29	47	24	6.279824
30	47	321	41.300606
31	47	233	66.754669
32	47	1425	64.944557
33	47	68	2.170918
34	47	43	2.170918
35	47	43	2.170918
36	47	43	1.634781
37	47	138	2.17956
38	47	20	2.17956
39	47	139	57.596352
40	47	9	80.101723
41	47	9	82.171097
42	47	9	93.239983
43	47	9	138.07666
44	47	194	169.626862
45	47	43	168.770599
46	47	43	216.586838
47	47	47	262.695313
48	47	52	220.991989
49	47	70	158.846588
50	47	45	126.602448
51	47	69	68.458519
52	47	51	17.336555
53	47	52	15.249102
54	47	51	21.666527
55	47	51	25.990677
56	47	48	28.872221
57	47	1414	36.759743
58	47	1415	45.299301
59	47	1415	53.808414
60	47	1416	64.296951
61	47	1426	66.622566
62	47	1427	53.704784
63	47	1428	37.252941
64	47	1429	20.183939
65	47	1430	5.191857
66	47	338	35.123981
67	47	338	62.448051
68	47	1429	105.545944
69	47	1415	105.545944
70	47	1416	105.545944
71	47	48	105.545944
72	47	52	36.311977
73	47	51	0
74	47	51	0.01584
75	47	52	4.640946
76	47	48	10.990674
77	47	75	18.382376
78	47	74	24.222075
79	47	43	28.906416
80	47	1227	31.448692
81	47	9	31.723627
82	47	9	30.241816
83	47	9	26.521656
84	47	549	21.708
85	47	550	15.77719
86	47	51	10.42133
87	47	52	6.688053
88	47	586	4.884793
89	47	1297	3.867758
90	47	743	2.523363
91	47	9	0.979123
92	47	37	0
93	47	38	0
94	47	37	0.16215
95	47	38	22.351192
96	47	549	53.905968
97	47	1431	69.836182
98	47	186	80.243622
99	47	907	91.2397
100	47	635	105.449486
101	47	56	116.987335
102	47	321	125.630104
103	47	9	101.49575
104	47	9	113.505402
105	47	9	146.780304
106	47	59	142.729065
107	47	227	106.09153
108	47	52	90.953918
109	47	48	59.874321
110	47	52	59.874321
111	47	51	59.874321
112	47	51	74.801544
113	47	52	46.669895
114	47	52	24.396441
115	47	153	69.989906
116	47	228	119.109032
117	47	135	142.656418
118	47	514	160.397415
119	47	170	145.519852
120	47	51	125.448212
121	47	52	116.755875
122	47	48	125.056923
123	47	1368	92.11734
124	47	1419	57.057011
125	47	1432	33.359879
126	47	588	12.292462
127	47	589	1.221685
128	47	52	0
0	48	586	0
1	48	588	0
2	48	587	0
3	48	589	0
4	48	369	0
5	48	30	0
6	48	31	11.530449
7	48	31	64.335632
8	48	32	99.281677
9	48	9	79.052681
10	48	9	48.894794
11	48	9	52.504799
12	48	9	55.382805
13	48	9	48.660877
14	48	9	34.253746
15	48	9	17.771822
16	48	320	22.667084
17	48	51	71.731331
18	48	52	118.259018
19	48	52	89.709587
20	48	1423	35.912762
21	48	622	23.230114
22	48	1409	45.89201
23	48	1433	44.088902
24	48	48	22.783487
25	48	56	13.844991
26	48	86	16.982983
27	48	51	9.54356
28	48	51	28.40626
29	48	56	70.281395
30	48	1434	126.026711
31	48	74	174.549973
32	48	43	149.740616
33	48	43	77.68869
34	48	43	25.614298
35	48	43	14.642403
36	48	43	19.761658
37	48	43	4.163301
38	48	232	4.163301
39	48	9	15.517467
40	48	9	152.840851
41	48	9	148.396759
42	48	41	132.33699
43	48	68	159.037521
44	48	43	188.750778
45	48	43	213.414017
46	48	71	251.754883
47	48	73	250.382751
48	48	51	162.260605
49	48	51	104.013145
50	48	48	81.009476
51	48	52	48.182831
52	48	51	15.939634
53	48	48	21.352257
54	48	51	34.965771
55	48	1414	44.360218
56	48	1430	47.501942
57	48	338	51.529194
58	48	338	55.878292
59	48	1435	59.230011
60	48	1436	64.376114
61	48	338	65.445168
62	48	338	53.74192
63	48	338	37.695904
64	48	338	20.872923
65	48	338	5.575938
66	48	338	35.33147
67	48	338	62.448051
68	48	338	105.545944
69	48	1435	105.545944
70	48	73	105.545944
71	48	48	105.545944
72	48	51	49.080029
73	48	51	0
74	48	52	1.65453
75	48	48	7.77833
76	48	55	16.687874
77	48	43	25.103317
78	48	43	33.379311
79	48	1227	41.683834
80	48	9	47.790844
81	48	9	50.570763
82	48	9	49.185448
83	48	9	45.035358
84	48	320	38.109577
85	48	48	29.506332
86	48	48	20.777811
87	48	636	15.539526
88	48	637	10.234627
89	48	938	7.882715
90	48	9	5.743073
91	48	66	3.64538
92	48	67	0
93	48	64	0
94	48	157	0
95	48	1437	0
96	48	1438	72.813789
97	48	185	93.211288
98	48	187	103.224976
99	48	51	140.48468
100	48	52	148.997543
101	48	369	123.691559
102	48	9	92.673058
103	48	233	61.501266
104	48	24	62.366474
105	48	86	92.477791
106	48	48	85.669426
107	48	51	52.620071
108	48	48	38.470558
109	48	51	59.874321
110	48	51	59.874321
111	48	48	59.874321
112	48	51	37.559986
113	48	52	37.559986
114	48	76	23.015995
115	48	514	28.987776
116	48	110	50.61861
117	48	277	81.730309
118	48	230	103.609184
119	48	52	95.730759
120	48	48	62.545834
121	48	127	68.637756
122	48	1439	93.187836
123	48	1440	103.492035
124	48	1441	83.085861
125	48	864	52.598465
126	48	589	21.458332
127	48	52	2.264989
128	48	1442	0
0	49	1443	0
1	49	637	0
2	49	746	0
3	49	369	0
4	49	83	0
5	49	82	0
6	49	31	4.158663
7	49	32	54.307938
8	49	9	98.648087
9	49	9	85.504097
10	49	9	55.858185
11	49	9	52.943611
12	49	9	51.787903
13	49	9	51.342049
14	49	9	40.694485
15	49	320	21.138611
16	49	51	17.25753
17	49	52	65.027229
18	49	48	124.578804
19	49	1423	121.837578
20	49	622	52.23497
21	49	1424	13.014972
22	49	51	20.615604
23	49	1444	20.887981
24	49	1445	11.081
25	49	1445	9.962463
26	49	1445	15.261039
27	49	1445	53.903114
28	49	1445	97.814041
29	49	1446	151.178497
30	49	43	197.990356
31	49	43	209.768799
32	49	43	175.696442
33	49	43	120.498482
34	49	43	95.780678
35	49	43	72.06971
36	49	913	61.39389
37	49	319	15.517467
38	49	9	15.517467
39	49	9	15.517467
40	49	41	124.808052
41	49	68	129.994827
42	49	43	129.21582
43	49	43	147.285019
44	49	43	171.419434
45	49	43	186.156219
46	49	71	197.449066
47	49	73	163.860291
48	49	52	119.691727
49	49	51	92.319633
50	49	51	64.651497
51	49	48	22.492218
52	49	75	14.697917
53	49	72	30.618876
54	49	1436	48.121483
55	49	338	60.796593
56	49	338	62.300755
57	49	338	59.877563
58	49	338	59.80756
59	49	338	56.961948
60	49	338	55.070145
61	49	338	52.638626
62	49	338	46.073311
63	49	338	33.960285
64	49	338	19.398027
65	49	338	7.774694
66	49	338	39.09761
67	49	1447	66.421616
68	49	1448	129.627335
69	49	71	129.627335
70	49	72	129.627335
71	49	72	129.627335
72	49	72	49.18095
73	49	72	0.179065
74	49	72	4.283523
75	49	74	12.767862
76	49	43	23.086155
77	49	43	34.701698
78	49	1227	46.597202
79	49	9	57.572372
80	49	9	66.499817
81	49	9	70.580605
82	49	9	69.693886
83	49	320	64.429329
84	49	52	55.758457
85	49	48	44.338787
86	49	551	32.446026
87	49	552	22.874607
88	49	1449	16.403002
89	49	1450	13.968466
90	49	64	13.674202
91	49	157	10.348355
92	49	9	0
93	49	9	0
94	49	1451	0
95	49	590	0
96	49	186	45.885479
97	49	187	77.679901
98	49	551	116.230309
99	49	552	120.705673
100	49	1452	122.194397
101	49	233	83.185417
102	49	86	26.891918
103	49	51	-1.66806
104	49	52	-1.66806
105	49	52	17.520008
106	49	1453	17.520008
107	49	1454	43.199928
108	49	1455	43.199928
109	49	51	59.874321
110	49	51	59.874321
111	49	551	59.874321
112	49	552	37.559986
113	49	1456	37.559986
114	49	1457	23.015995
115	49	1458	23.015995
116	49	230	14.535796
117	49	48	31.524742
118	49	51	43.363148
119	49	1459	35.057552
120	49	1460	13.858936
121	49	1006	26.128445
122	49	1007	63.482372
123	49	636	78.701431
124	49	637	69.541809
125	49	746	43.469143
126	49	48	17.411057
127	49	1461	2.3695
128	49	1462	0
0	50	167	0
1	50	51	0
2	50	369	0
3	50	9	0
4	50	83	0
5	50	108	0
6	50	107	0.490513
7	50	9	51.968235
8	50	9	97.019875
9	50	9	84.618034
10	50	9	53.467983
11	50	233	47.668324
12	50	24	54.853004
13	50	24	59.932884
14	50	86	52.124062
15	50	48	43.086948
16	50	51	39.400913
17	50	52	75.97361
18	50	1423	145.653336
19	50	622	161.699509
20	50	1424	100.739975
21	50	51	19.935938
22	50	192	4.227107
23	50	148	3.728501
24	50	63	1.902339
25	50	31	7.293971
26	50	31	56.773087
27	50	31	112.518394
28	50	168	158.14595
29	50	43	198.068771
30	50	43	195.654083
31	50	43	158.869186
32	50	43	122.201454
33	50	43	140.098724
34	50	43	153.749741
35	50	232	135.715073
36	50	9	83.148705
37	50	9	15.517467
38	50	41	15.517467
39	50	68	15.517467
40	50	43	54.210506
41	50	43	70.579002
42	50	43	90.989861
43	50	43	103.867813
44	50	43	102.752426
45	50	43	129.429962
46	50	71	115.445747
47	50	72	103.681137
48	50	72	137.262756
49	50	72	173.395935
50	50	72	111.748016
51	50	74	26.574749
52	50	43	16.627325
53	50	1463	34.584625
54	50	338	52.533394
55	50	338	64.542587
56	50	338	66.120369
57	50	338	60.63158
58	50	338	55.304489
59	50	338	48.840122
60	50	338	42.243298
61	50	338	39.442101
62	50	338	35.056808
63	50	338	26.860796
64	50	855	16.321814
65	50	672	11.482306
66	50	1464	39.09761
67	50	159	66.421616
68	50	43	129.627335
69	50	43	129.627335
70	50	43	129.627335
71	50	43	129.627335
72	50	43	57.116844
73	50	43	8.780789
74	50	43	14.739718
75	50	43	25.530228
76	50	1465	39.320347
77	50	1466	53.935577
78	50	9	68.210068
79	50	9	82.267891
80	50	9	93.365685
81	50	233	98.664757
82	50	86	96.339806
83	50	51	88.867302
84	50	51	77.05983
85	50	586	60.460835
86	50	864	43.997276
87	50	677	31.947241
88	50	743	23.884993
89	50	37	24.127512
90	50	38	25.788015
91	50	9	20.965872
92	50	9	0
93	50	1467	0
94	50	1468	0
95	50	521	0
96	50	187	0
97	50	586	54.247318
98	50	588	75.566963
99	50	743	57.228527
100	50	320	60.000523
101	50	48	37.673855
102	50	52	-1.66806
103	50	52	-1.66806
104	50	48	-1.66806
105	50	1469	17.520008
106	50	1470	17.520008
107	50	1471	43.199928
108	50	51	43.199928
109	50	51	59.874321
110	50	586	59.874321
111	50	864	68.043091
112	50	1151	37.559986
113	50	185	37.559986
114	50	1472	23.015995
115	50	1445	23.015995
116	50	1445	4.184677
117	50	1445	9.11753
118	50	1473	7.796269
119	50	420	0.090139
120	50	421	1.468396
121	50	560	14.375207
122	50	51	34.024372
123	50	51	38.64304
124	50	48	27.859442
125	50	165	16.438129
126	50	363	7.665561
127	50	521	1.225478
128	50	187	0
0	51	275	0
1	51	999	0
2	51	9	0
3	51	9	0
4	51	9	0
5	51	9	0
6	51	9	10.80457
7	51	9	60.958237
8	51	9	93.450516
9	51	233	76.078171
10	51	86	41.501415
11	51	48	39.973885
12	51	48	50.087189
13	51	52	57.598862
14	51	52	58.71603
15	51	52	59.397808
16	51	48	62.029575
17	51	1423	99.582497
18	51	622	174.605225
19	51	1424	227.863449
20	51	75	187.004318
21	51	74	93.093979
22	51	43	19.832455
23	51	88	0
24	51	31	9.167824
25	51	1474	54.996517
26	51	60	109.810287
27	51	1475	154.146835
28	51	1033	181.19371
29	51	1476	199.921234
30	51	45	178.607727
31	51	45	122.900261
32	51	45	84.058174
33	51	46	111.611176
34	51	138	148.507706
35	51	20	116.742668
36	51	20	59.175884
37	51	68	15.517467
38	51	43	15.517467
39	51	44	20.530418
40	51	45	33.172951
41	51	45	49.361473
42	51	46	60.382198
43	51	43	60.0495
44	51	43	77.646271
45	51	43	107.378777
46	51	43	117.175148
47	51	43	98.150047
48	51	43	147.519165
49	51	43	197.902451
50	51	43	136.034439
51	51	913	39.821526
52	51	1477	14.654309
53	51	1478	32.206993
54	51	338	49.026176
55	51	338	61.371525
56	51	855	65.483849
57	51	338	57.799789
58	51	338	45.02346
59	51	338	34.499428
60	51	338	28.29394
61	51	9	25.49572
62	51	9	23.992537
63	51	9	21.469101
64	51	9	19.543579
65	51	9	19.936928
66	51	1037	55.029968
67	51	1479	82.89341
68	51	45	158.433594
69	51	45	158.113388
70	51	318	158.113388
71	51	413	158.113388
72	51	413	72.723122
73	51	1480	28.777311
74	51	1481	37.644138
75	51	1466	50.518482
76	51	1482	66.200294
77	51	9	83.099953
78	51	9	100.489639
79	51	9	117.067566
80	51	320	129.612396
81	51	51	133.222656
82	51	51	129.557693
83	51	52	119.095222
84	51	586	104.092369
85	51	677	86.704666
86	51	1483	66.546806
87	51	1484	48.170616
88	51	66	40.719902
89	51	67	41.356915
90	51	9	41.177197
91	51	9	35.339687
92	51	9	36.361542
93	51	1485	0
94	51	1188	0
95	51	635	0
96	51	636	0
97	51	637	0
98	51	1486	0
99	51	86	0
100	51	48	0
101	51	52	0
102	51	48	-1.66806
103	51	48	-1.66806
104	51	51	-1.66806
105	51	51	17.520008
106	51	48	17.520008
107	51	51	43.199928
108	51	51	43.199928
109	51	636	67.447044
110	51	637	65.466057
111	51	1487	65.466057
112	51	1488	0
113	51	1489	0
114	51	31	0
115	51	31	0
116	51	31	0.023086
117	51	1079	0.326319
118	51	421	0
119	51	420	0
120	51	1490	0.793253
121	51	1491	7.289229
122	51	48	13.757262
123	51	52	10.370573
124	51	416	1.475472
125	51	590	2.324334
126	51	907	0.998451
127	51	635	0
128	51	369	0
0	52	9	0
1	52	9	0
2	52	9	0
3	52	10	0
4	52	11	0
5	52	12	14.690227
6	52	10	59.883221
7	52	11	96.676277
8	52	1492	93.436928
9	52	1301	53.944592
10	52	52	27.436085
11	52	51	33.694065
12	52	48	41.076286
13	52	52	48.203598
14	52	48	57.079662
15	52	52	66.767311
16	52	1423	78.313744
17	52	622	104.632912
18	52	727	174.493835
19	52	1493	236.262833
20	52	43	228.151367
21	52	43	132.709259
22	52	1494	38.649704
23	52	60	9.586993
24	52	227	54.377876
25	52	51	105.563301
26	52	1495	137.437759
27	52	60	137.673904
28	52	227	143.796356
29	52	1496	174.078705
30	52	1497	198.178345
31	52	176	152.509399
32	52	1498	77.665092
33	52	46	73.134048
34	52	43	72.111458
35	52	43	54.90929
36	52	43	20.426838
37	52	43	15.517467
38	52	47	15.517467
39	52	48	23.599024
40	52	48	35.967346
41	52	1499	45.167568
42	52	1500	46.134163
43	52	43	46.775654
44	52	43	88.819038
45	52	43	156.031845
46	52	43	142.922028
47	52	913	74.513519
48	52	413	85.279778
49	52	413	128.325424
50	52	319	90.712784
51	52	9	32.228001
52	52	9	13.293891
53	52	9	28.106846
54	52	9	42.524044
55	52	9	53.121655
56	52	338	55.003155
57	52	338	47.116489
58	52	338	34.202637
59	52	338	22.826324
60	52	9	19.677576
61	52	9	22.915861
62	52	9	28.179678
63	52	9	31.239256
64	52	9	33.608429
65	52	9	35.086601
66	52	549	72.520164
67	52	270	101.195724
68	52	270	158.433594
69	52	999	158.113388
70	52	28	158.113388
71	52	1501	158.113388
72	52	1502	124.459862
73	52	1503	54.086605
74	52	1504	63.960102
75	52	1482	76.922844
76	52	9	94.596237
77	52	9	113.2892
78	52	9	132.03244
79	52	549	149.789673
80	52	550	160.976654
81	52	52	163.408142
82	52	51	157.981018
83	52	636	146.59668
84	52	637	130.495773
85	52	1486	111.86631
86	52	321	92.490013
87	52	64	74.846474
88	52	157	61.394772
89	52	9	55.517643
90	52	9	54.854095
91	52	37	63.444103
92	52	1505	79.400955
93	52	52	45.275887
94	52	52	0
95	52	52	0
96	52	51	0
97	52	52	0
98	52	52	0
99	52	48	0
100	52	48	0
101	52	1506	0
102	52	1507	3.373833
103	52	52	-1.66806
104	52	51	-1.66806
105	52	51	0
106	52	51	0
107	52	48	0
108	52	275	0
109	52	270	65.466057
110	52	1082	65.466057
111	52	680	65.466057
112	52	31	0
113	52	31	0
114	52	31	0
115	52	681	0
116	52	1508	0
117	52	420	0
118	52	420	0
119	52	1509	0
120	52	1510	0
121	52	52	1.40254
122	52	48	2.811313
123	52	565	1.363902
124	52	1511	0
125	52	1512	0
126	52	1513	0
127	52	1452	0
128	52	9	0
0	53	9	0
1	53	9	0
2	53	30	0
3	53	31	0
4	53	35	0
5	53	1514	36.666515
6	53	31	101.113861
7	53	31	132.217072
8	53	1309	84.20105
9	53	52	26.95916
10	53	51	16.828072
11	53	51	27.744659
12	53	217	36.07502
13	53	218	41.762257
14	53	1515	54.85965
15	53	1516	70.353729
16	53	622	82.122353
17	53	622	92.788795
18	53	1517	121.359825
19	53	46	156.112442
20	53	43	151.986801
21	53	1518	94.688316
22	53	1519	30.667839
23	53	1519	43.984596
24	53	1519	97.873367
25	53	1519	150.26561
26	53	1519	133.79216
27	53	1519	98.668884
28	53	1520	96.063423
29	53	932	153.335266
30	53	390	179.923126
31	53	1521	145.413589
32	53	55	85.454025
33	53	43	36.971687
34	53	44	24.407412
35	53	45	25.599234
36	53	45	22.15131
37	53	69	22.404474
38	53	52	22.974192
39	53	551	25.672485
40	53	1522	32.508278
41	53	1523	38.310459
42	53	1524	38.053185
43	53	1525	58.997063
44	53	43	128.334351
45	53	1412	186.391586
46	53	1428	158.764755
47	53	338	72.52285
48	53	338	36.87505
49	53	338	52.020275
50	53	338	45.920292
51	53	338	23.447386
52	53	338	17.826551
53	53	338	27.287811
54	53	338	35.67231
55	53	338	39.795734
56	53	338	37.732483
57	53	338	33.137402
58	53	338	25.309235
59	53	338	24.68252
60	53	338	28.205311
61	53	338	38.498283
62	53	338	50.309502
63	53	338	59.471779
64	53	338	65.404587
65	53	338	69.579849
66	53	338	132.980408
67	53	338	132.683823
68	53	338	183.916946
69	53	338	183.916946
70	53	338	183.916946
71	53	338	183.916946
72	53	338	139.101303
73	53	1526	95.746727
74	53	1527	104.644096
75	53	9	118.149879
76	53	9	135.33609
77	53	9	150.067749
78	53	9	165.373688
79	53	320	181.450058
80	53	51	190.527527
81	53	51	190.994553
82	53	48	183.125229
83	53	51	169.465225
84	53	48	153.119736
85	53	56	133.975662
86	53	321	113.627678
87	53	9	96.550201
88	53	37	86.918152
89	53	89	91.82209
90	53	585	100.474411
91	53	1528	114.910706
92	53	270	131.173553
93	53	270	86.398209
94	53	550	44.112335
95	53	48	0
96	53	48	0
97	53	52	0
98	53	52	0.12816
99	53	48	0
100	53	1529	0
101	53	1530	0
102	53	51	0
103	53	51	0
104	53	48	0
105	53	52	0
106	53	48	0
107	53	369	0
108	53	9	0
109	53	1531	92.406364
110	53	1119	92.406364
111	53	31	92.406364
112	53	1532	0
113	53	1533	0
114	53	1534	0
115	53	420	0
116	53	421	0
117	53	1535	0
118	53	1536	0
119	53	1537	0
120	53	48	0
121	53	52	0
122	53	127	0
123	53	1538	0
124	53	9	0
125	53	1539	0
126	53	1484	0
127	53	9	0
128	53	9	0
0	54	9	0
1	54	30	0
2	54	31	0
3	54	31	0
4	54	31	0
5	54	31	32.433987
6	54	1474	94.507057
7	54	227	115.022415
8	54	52	64.760384
9	54	1496	6.163109
10	54	1519	8.928818
11	54	1540	19.367861
12	54	262	28.583519
13	54	1541	36.434612
14	54	1542	46.038731
15	54	622	61.012226
16	54	622	71.275864
17	54	1543	77.138481
18	54	1544	73.989456
19	54	1545	63.461933
20	54	1546	61.806019
21	54	498	36.867085
22	54	496	26.225023
23	54	498	65.274437
24	54	526	139.597794
25	54	526	183.961639
26	54	526	161.638321
27	54	526	102.439507
28	54	1547	87.350487
29	54	461	115.174767
30	54	1548	115.466316
31	54	1498	105.238144
32	54	45	64.200714
33	54	69	33.425209
34	54	51	32.41465
35	54	48	34.129238
36	54	48	32.864288
37	54	48	29.929874
38	54	586	28.277557
39	54	1297	29.235485
40	54	864	32.955112
41	54	1549	37.242672
42	54	1550	48.65765
43	54	1427	80.326538
44	54	1428	152.700272
45	54	338	197.366608
46	54	338	155.169601
47	54	338	75.377068
48	54	338	33.418743
49	54	338	31.808004
50	54	338	30.797148
51	54	338	23.945639
52	54	338	24.903664
53	54	338	29.95475
54	54	338	32.713997
55	54	338	30.985262
56	54	338	25.687252
57	54	338	27.683237
58	54	338	23.519028
59	54	338	31.989595
60	54	338	44.370377
61	54	338	62.18808
62	54	338	77.662392
63	54	338	93.251099
64	54	338	106.334015
65	54	338	116.909012
66	54	338	148.966919
67	54	338	162.056046
68	54	338	183.916946
69	54	338	183.916946
70	54	338	183.916946
71	54	338	183.916946
72	54	1551	141.817856
73	54	1504	146.348938
74	54	9	153.072998
75	54	9	164.564789
76	54	9	177.740005
77	54	9	190.229477
78	54	320	200.795975
79	54	51	209.808136
80	54	551	214.996567
81	54	552	213.560059
82	54	553	202.585251
83	54	52	184.968475
84	54	48	166.297058
85	54	369	145.944519
86	54	37	126.568016
87	54	1552	110.464012
88	54	784	119.868904
89	54	67	132.681961
90	54	9	141.776474
91	54	9	144.450653
92	54	233	145.997665
93	54	86	116.265373
94	54	51	59.175655
95	54	51	0
96	54	48	0
97	54	52	4.615027
98	54	52	0.797035
99	54	1553	37.799763
100	54	1554	82.847946
101	54	552	82.847946
102	54	553	82.847946
103	54	275	82.847946
104	54	270	82.847946
105	54	270	82.847946
106	54	999	82.847946
107	54	9	82.847946
108	54	9	82.847946
109	54	30	82.847946
110	54	31	82.847946
111	54	1555	82.847946
112	54	1556	82.847946
113	54	1557	82.847946
114	54	421	82.847946
115	54	1535	82.847946
116	54	1558	82.847946
117	54	51	82.847946
118	54	48	82.847946
119	54	48	82.847946
120	54	52	82.847946
121	54	1559	82.847946
122	54	1560	82.847946
123	54	9	82.847946
124	54	9	82.847946
125	54	10	0
126	54	11	0
127	54	11	0
128	54	11	0
0	55	1561	0
1	55	108	0
2	55	82	0
3	55	31	0
4	55	1474	0
5	55	227	10.39564
6	55	1496	55.200073
7	55	1519	82.25222
8	55	1520	45.680492
9	55	668	9.944458
10	55	1562	4.491865
11	55	1563	12.826535
12	55	1564	21.299604
13	55	1565	27.590841
14	55	705	31.314901
15	55	1566	41.091274
16	55	1567	50.169998
17	55	489	53.064083
18	55	496	49.089657
19	55	498	41.821217
20	55	668	30.13026
21	55	669	26.655851
22	55	669	47.477417
23	55	669	78.589722
24	55	669	142.769882
25	55	669	204.753372
26	55	669	185.343948
27	55	669	140.502075
28	55	501	87.735764
29	55	390	67.913864
30	55	1521	58.354904
31	55	52	52.206638
32	55	51	37.717083
33	55	51	41.865479
34	55	51	47.538193
35	55	52	47.880753
36	55	52	41.692463
37	55	586	36.622131
38	55	588	33.378864
39	55	1483	33.32991
40	55	1568	39.847481
41	55	1569	50.405033
42	55	338	64.363525
43	55	338	108.866974
44	55	338	172.140274
45	55	338	194.697556
46	55	338	140.779129
47	55	338	71.764618
48	55	338	41.682915
49	55	338	38.947979
50	55	338	37.494171
51	55	338	35.631905
52	55	338	35.006527
53	55	338	37.041962
54	55	338	33.553837
55	55	338	27.07877
56	55	338	20.910608
57	55	338	27.401718
58	55	338	23.829378
59	55	338	40.987755
60	55	338	63.085583
61	55	338	84.761696
62	55	338	106.152809
63	55	338	128.232849
64	55	338	149.970062
65	55	338	167.980667
66	55	338	179.469711
67	55	338	185.686874
68	55	338	206.423004
69	55	338	206.423004
70	55	338	206.423004
71	55	1504	206.423004
72	55	1503	193.695496
73	55	9	199.073532
74	55	9	203.122147
75	55	9	207.461105
76	55	9	207.461105
77	55	320	207.461105
78	55	48	207.461105
79	55	586	207.461105
80	55	677	207.461105
81	55	1298	207.461105
82	55	553	207.461105
83	55	51	194.459351
84	55	369	174.152725
85	55	64	152.918732
86	55	116	133.900726
87	55	116	121.765114
88	55	157	131.431946
89	55	9	146.940414
90	55	9	133.710587
91	55	320	123.486053
92	55	52	110.567268
93	55	52	84.162849
94	55	52	48.938511
95	55	551	26.909359
96	55	552	15.216363
97	55	553	6.702847
98	55	586	47.571022
99	55	864	82.847946
100	55	677	126.378082
101	55	1570	166.775238
102	55	999	166.775238
103	55	9	166.775238
104	55	9	166.775238
105	55	9	166.775238
106	55	9	166.775238
107	55	9	166.775238
108	55	30	166.775238
109	55	681	102.14225
110	55	1508	102.14225
111	55	420	102.14225
112	55	420	166.775238
113	55	420	166.775238
114	55	560	166.775238
115	55	48	166.775238
116	55	127	166.775238
117	55	98	166.775238
118	55	48	166.775238
119	55	48	166.775238
120	55	369	166.775238
121	55	9	166.775238
122	55	9	166.775238
123	55	9	166.775238
124	55	30	82.847946
125	55	31	44.279934
126	55	31	0
127	55	31	0
128	55	35	0
0	56	11	0
1	56	1514	0
2	56	31	0
3	56	1571	0
4	56	92	0
5	56	1572	0
6	56	498	35.929382
7	56	526	64.24839
8	56	499	47.463863
9	56	393	13.561875
10	56	1573	1.632647
11	56	1014	6.657511
12	56	1574	13.355628
13	56	735	17.963861
14	56	1573	19.295307
15	56	1014	20.45146
16	56	1575	24.149603
17	56	669	25.422255
18	56	489	23.97345
19	56	499	20.434256
20	56	630	27.716166
21	56	737	66.214485
22	56	545	110.289642
23	56	545	125.057426
24	56	545	129.277084
25	56	737	173.596909
26	56	393	186.315414
27	56	1576	130.531265
28	56	461	73.605606
29	56	1548	37.628647
30	56	1577	18.803015
31	56	1444	27.619959
32	56	1445	41.691124
33	56	1301	52.268253
34	56	275	58.311966
35	56	270	54.67244
36	56	1578	46.860298
37	56	1579	40.155392
38	56	1484	36.435352
39	56	9	37.748882
40	56	1343	51.269012
41	56	338	70.995522
42	56	338	88.811012
43	56	338	132.890289
44	56	338	189.146667
45	56	338	179.608093
46	56	338	117.059952
47	56	338	70.964371
48	56	338	51.197868
49	56	338	48.957214
50	56	338	48.962654
51	56	338	49.02861
52	56	338	48.86528
53	56	338	45.941971
54	56	338	35.770027
55	56	338	24.115221
56	56	338	17.357567
57	56	338	26.347788
58	56	338	29.251276
59	56	338	54.222404
60	56	338	79.592186
61	56	338	105.802399
62	56	338	134.23819
63	56	338	167.200943
64	56	338	196.759811
65	56	338	219.175949
66	56	338	207.461105
67	56	338	207.461105
68	56	338	206.423004
69	56	338	206.423004
70	56	1482	206.423004
71	56	1482	206.423004
72	56	9	207.461105
73	56	9	207.461105
74	56	9	207.461105
75	56	9	207.461105
76	56	320	207.461105
77	56	48	207.461105
78	56	586	207.461105
79	56	588	207.461105
80	56	587	207.461105
81	56	1580	207.461105
82	56	167	207.461105
83	56	369	207.461105
84	56	9	186.762421
85	56	9	161.36351
86	56	9	146.203995
87	56	37	130.901978
88	56	38	126.428802
89	56	233	125.766487
90	56	86	111.822876
91	56	51	86.410484
92	56	48	75.970871
93	56	48	57.918564
94	56	586	42.735695
95	56	588	28.900101
96	56	589	16.997501
97	56	636	7.708045
98	56	637	1.985299
99	56	637	82.847946
100	56	938	166.007141
101	56	9	283.270142
102	56	9	283.270142
103	56	9	283.270142
104	56	9	283.270142
105	56	9	218.950195
106	56	1581	218.950195
107	56	1275	218.950195
108	56	1079	218.950195
109	56	420	102.382118
110	56	421	102.382118
111	56	516	102.382118
112	56	1582	218.950195
113	56	1583	219.549484
114	56	48	219.549484
115	56	121	219.549484
116	56	123	219.549484
117	56	52	219.549484
118	56	48	219.549484
119	56	369	272.924561
120	56	9	272.924561
121	56	9	272.924561
122	56	9	272.924561
123	56	30	166.775238
124	56	31	82.847946
125	56	31	0
126	56	31	0
127	56	31	0
128	56	31	0
0	57	31	0
1	57	31	0
2	57	1584	0
3	57	122	0
4	57	1585	0
5	57	1586	5.442783
6	57	1056	36.672535
7	57	1587	60.070663
8	57	1573	41.286682
9	57	1588	10.230743
10	57	262	0
11	57	1589	1.488593
12	57	778	4.616284
13	57	1590	7.926211
14	57	1591	8.946657
15	57	1103	7.242479
16	57	338	4.321902
17	57	338	3.589062
18	57	1592	4.52622
19	57	781	4.607239
20	57	781	50.345177
21	57	781	130.70842
22	57	781	174.023895
23	57	781	149.730133
24	57	1593	124.422951
25	57	545	137.46196
26	57	495	142.031921
27	57	932	100.871452
28	57	390	48.143616
29	57	1521	21.54336
30	57	902	18.216478
31	57	31	34.366734
32	57	1309	50.370682
33	57	369	60.483101
34	57	9	61.295467
35	57	9	55.961651
36	57	9	47.757267
37	57	9	41.035484
38	57	9	38.027859
39	57	1360	40.377174
40	57	338	63.337002
41	57	338	93.741722
42	57	338	119.411125
43	57	338	157.693741
44	57	338	186.494644
45	57	384	163.104645
46	57	338	102.573296
47	57	338	69.07132
48	57	338	58.916889
49	57	338	57.370129
50	57	338	58.228928
51	57	338	58.733803
52	57	338	57.655075
53	57	338	47.964512
54	57	338	36.859505
55	57	338	23.810364
56	57	338	17.824152
57	57	338	16.120193
58	57	338	40.638721
59	57	338	72.10334
60	57	338	104.031952
61	57	338	136.486237
62	57	338	174.149445
63	57	383	215.143036
64	57	338	207.461105
65	57	338	207.461105
66	57	338	294.413513
67	57	338	294.413513
68	57	338	234.983124
69	57	1504	234.983124
70	57	1482	234.983124
71	57	9	234.983124
72	57	9	294.413513
73	57	9	294.413513
74	57	9	294.413513
75	57	549	294.413513
76	57	550	294.413513
77	57	636	294.413513
78	57	1308	294.413513
79	57	588	294.413513
80	57	1151	294.413513
81	57	792	294.413513
82	57	1594	294.413513
83	57	37	207.461105
84	57	89	204.483765
85	57	89	180.302521
86	57	1552	160.30423
87	57	673	142.68248
88	57	1505	126.652138
89	57	52	111.466965
90	57	52	94.098244
91	57	51	81.754303
92	57	51	69.184738
93	57	636	55.830662
94	57	637	42.306721
95	57	746	28.594931
96	57	51	16.756912
97	57	51	7.50175
98	57	275	48.798634
99	57	999	82.847946
100	57	1581	166.007141
101	57	1029	283.270142
102	57	1029	361.947174
103	57	1029	361.947174
104	57	1029	283.270142
105	57	1557	218.950195
106	57	1595	218.950195
107	57	1508	218.950195
108	57	642	218.950195
109	57	1596	132.598526
110	57	1597	132.598526
111	57	1029	132.598526
112	57	1598	218.950195
113	57	1599	219.549484
114	57	124	219.549484
115	57	145	219.549484
116	57	51	219.549484
117	57	52	219.549484
118	57	369	219.549484
119	57	9	272.924561
120	57	9	334.031555
121	57	9	334.031555
122	57	83	272.924561
123	57	108	166.775238
124	57	82	82.847946
125	57	31	44.279934
126	57	31	0
127	57	31	0
128	57	31	0
0	58	1600	0
1	58	1601	0
2	58	1602	0
3	58	1603	0
4	58	1604	0
5	58	268	13.012053
6	58	1179	36.949284
7	58	1605	48.995693
8	58	262	57.789772
9	58	262	39.259861
10	58	1589	8.52072
11	58	622	0
12	58	622	0.03798
13	58	1606	0.325281
14	58	268	0.153391
15	58	338	0
16	58	338	0
17	58	338	0
18	58	338	8.909534
19	58	338	31.507809
20	58	338	82.740776
21	58	338	136.701141
22	58	338	154.294418
23	58	1607	134.653137
24	58	737	117.594429
25	58	495	121.106911
26	58	932	104.105522
27	58	390	71.741486
28	58	1521	37.044716
29	58	902	20.251122
30	58	31	30.136164
31	58	1309	43.408958
32	58	369	57.031239
33	58	9	62.90691
34	58	9	59.770348
35	58	1608	53.5728
36	58	1609	50.004745
37	58	1450	45.284443
38	58	1581	43.264294
39	58	338	47.812824
40	58	338	72.780907
41	58	338	113.348389
42	58	338	155.10495
43	58	338	205.434723
44	58	338	225.22438
45	58	338	180.127853
46	58	338	115.147682
47	58	1610	77.355255
48	58	1610	66.329674
49	58	1610	63.501064
50	58	1610	63.745495
51	58	1610	62.622932
52	58	1610	59.318817
53	58	1610	47.612774
54	58	1610	35.195568
55	58	1610	21.915731
56	58	1610	19.484867
57	58	1610	27.936127
58	58	1610	61.145054
59	58	1610	98.647476
60	58	338	137.777802
61	58	338	178.652405
62	58	338	207.461105
63	58	338	207.461105
64	58	338	207.461105
65	58	338	207.461105
66	58	338	294.413513
67	58	338	294.413513
68	58	1527	234.983124
69	58	1527	234.983124
70	58	9	234.983124
71	58	9	234.983124
72	58	9	294.413513
73	58	37	294.413513
74	58	89	371.692139
75	58	1611	371.692139
76	58	1327	371.692139
77	58	586	371.692139
78	58	588	371.692139
79	58	1151	371.692139
80	58	186	371.692139
81	58	1612	374.283844
82	58	1552	294.413513
83	58	784	207.461105
84	58	784	207.461105
85	58	784	194.733749
86	58	1613	170.645264
87	58	1339	151.656418
88	58	52	133.046188
89	58	51	111.780922
90	58	48	91.926346
91	58	551	75.257278
92	58	552	62.509369
93	58	553	50.207912
94	58	48	38.151245
95	58	51	25.577047
96	58	275	14.533317
97	58	1614	6.105669
98	58	1029	1.088479
99	58	1557	82.847946
100	58	421	166.007141
101	58	421	283.270142
102	58	420	361.947174
103	58	420	361.947174
104	58	421	283.270142
105	58	420	166.775238
106	58	516	166.775238
107	58	1119	166.775238
108	58	1615	166.775238
109	58	1557	132.358658
110	58	421	132.358658
111	58	420	132.358658
112	58	560	166.775238
113	58	52	166.775238
114	58	52	166.775238
115	58	52	166.775238
116	58	275	166.775238
117	58	999	166.775238
118	58	9	166.775238
119	58	9	272.924561
120	58	10	334.031555
121	58	11	334.031555
122	58	12	272.924561
123	58	30	166.775238
124	58	31	82.847946
125	58	31	0
126	58	31	0
127	58	1600	0
128	58	1616	0
0	59	1585	0
1	59	496	0
2	59	496	0
3	59	1617	0
4	59	1563	1.939764
5	59	1618	14.503182
6	59	1605	29.592224
7	59	262	64.346825
8	59	1619	122.822891
9	59	1620	129.894196
10	59	1621	64.372894
11	59	1622	0.269991
12	59	1623	2.101858
13	59	262	3.214287
14	59	338	2.902654
15	59	338	1.535241
16	59	338	0.151107
17	59	338	0.011698
18	59	338	23.898926
19	59	338	73.170631
20	59	338	124.501839
21	59	338	130.970398
22	59	1592	107.662895
23	59	394	95.468384
24	59	450	106.84771
25	59	932	99.391312
26	59	201	77.381622
27	59	1521	47.761696
28	59	902	30.136372
29	59	31	34.089745
30	59	1309	41.988831
31	59	56	50.295639
32	59	321	57.459949
33	59	9	59.165646
34	59	1624	57.6931
35	59	677	57.636578
36	59	743	56.104717
37	59	1120	52.960197
38	59	338	56.826355
39	59	338	60.271427
40	59	338	76.100601
41	59	338	114.657341
42	59	338	165.307114
43	59	338	220.767578
44	59	338	250.028687
45	59	338	212.758194
46	59	1610	144.311737
47	59	1610	88.692406
48	59	1610	70.679909
49	59	1610	65.246925
50	59	1610	64.509857
51	59	1610	64.955193
52	59	1610	62.203644
53	59	1610	48.179768
54	59	1610	34.076824
55	59	1610	22.885593
56	59	1610	24.384022
57	59	1610	45.42334
58	59	1610	84.095184
59	59	338	127.57579
60	59	338	171.134262
61	59	338	217.054901
62	59	338	207.461105
63	59	338	207.461105
64	59	338	207.461105
65	59	338	207.461105
66	59	338	294.797791
67	59	1482	294.797791
68	59	1482	256.362091
69	59	9	256.362091
70	59	9	256.362091
71	59	9	256.362091
72	59	66	294.797791
73	59	785	294.797791
74	59	116	375.558136
75	59	1625	375.558136
76	59	636	375.558136
77	59	637	375.558136
78	59	1187	375.558136
79	59	1188	375.558136
80	59	1626	375.558136
81	59	1627	374.668121
82	59	1628	294.797791
83	59	1629	207.461105
84	59	784	207.461105
85	59	1630	203.127335
86	59	51	177.903259
87	59	51	156.51236
88	59	51	138.365433
89	59	51	116.160065
90	59	586	94.175262
91	59	587	75.155769
92	59	589	57.890305
93	59	48	42.862236
94	59	275	31.161327
95	59	1614	20.289579
96	59	1557	10.721556
97	59	421	3.663461
98	59	420	48.614914
99	59	420	82.847946
100	59	516	166.007141
101	59	1582	283.270142
102	59	517	283.270142
103	59	421	283.270142
104	59	642	283.270142
105	59	558	166.775238
106	59	1631	166.775238
107	59	1508	166.775238
108	59	421	166.775238
109	59	420	166.775238
110	59	420	166.775238
111	59	560	166.775238
112	59	52	166.775238
113	59	48	166.775238
114	59	52	166.775238
115	59	369	166.775238
116	59	9	166.775238
117	59	9	166.775238
118	59	9	166.775238
119	59	30	272.924561
120	59	31	272.924561
121	59	32	272.924561
122	59	30	272.924561
123	59	31	166.775238
124	59	1474	82.847946
125	59	1632	52.367977
126	59	1616	0
127	59	122	0
128	59	1585	0
0	60	1586	0
1	60	1056	0
2	60	1633	0
3	60	1634	0
4	60	545	2.441449
5	60	1605	8.803954
6	60	268	16.530558
7	60	1635	68.962852
8	60	338	166.760162
9	60	338	202.817902
10	60	1610	103.998329
11	60	1636	7.894882
12	60	268	10.175416
13	60	338	11.966266
14	60	338	10.722551
15	60	1637	7.186108
16	60	1638	2.991983
17	60	1638	0.209452
18	60	384	27.979574
19	60	338	85.602997
20	60	338	138.653046
21	60	338	132.936813
22	60	495	96.721336
23	60	457	86.073807
24	60	1547	98.385033
25	60	461	78.2976
26	60	1548	48.043144
27	60	1639	40.302864
28	60	31	44.442043
29	60	1309	49.158276
30	60	51	51.87389
31	60	369	54.70488
32	60	1581	56.492214
33	60	1640	55.635124
34	60	1641	57.949039
35	60	1484	60.168686
36	60	1120	60.603729
37	60	338	64.679977
38	60	338	72.647118
39	60	338	75.001343
40	60	338	79.481689
41	60	338	98.365929
42	60	338	132.633072
43	60	1610	166.385406
44	60	1610	199.800095
45	60	1610	191.42305
46	60	1610	128.578064
47	60	1610	87.628876
48	60	1610	69.356712
49	60	1610	64.732483
50	60	1610	65.43
51	60	1610	66.254639
52	60	1610	61.847721
53	60	1610	47.099403
54	60	1610	34.432938
55	60	1610	27.508528
56	60	1610	38.09687
57	60	1610	63.851738
58	60	1610	105.796654
59	60	1610	153.141312
60	60	1610	198.987732
61	60	1610	207.461105
62	60	338	207.461105
63	60	338	207.461105
64	60	338	207.461105
65	60	338	207.461105
66	60	1642	294.797791
67	60	1526	294.797791
68	60	9	256.362091
69	60	9	256.362091
70	60	9	256.362091
71	60	64	256.362091
72	60	157	294.797791
73	60	233	294.797791
74	60	86	375.558136
75	60	48	424.733612
76	60	48	424.733612
77	60	48	424.733612
78	60	48	468.803192
79	60	369	468.803192
80	60	1120	375.558136
81	60	1643	374.668121
82	60	1644	294.797791
83	60	1645	207.461105
84	60	1339	207.461105
85	60	51	207.461105
86	60	51	187.859909
87	60	52	163.984329
88	60	51	145.561737
89	60	636	124.257149
90	60	637	101.110977
91	60	746	79.090767
92	60	275	58.03083
93	60	999	39.115784
94	60	1120	22.380939
95	60	421	13.407683
96	60	420	6.05344
97	60	516	1.164593
98	60	1646	0
99	60	558	82.847946
100	60	1274	166.007141
101	60	1557	222.549728
102	60	421	222.549728
103	60	680	166.775238
104	60	31	166.775238
105	60	1079	166.775238
106	60	421	166.775238
107	60	420	166.775238
108	60	516	166.775238
109	60	1647	166.775238
110	60	1558	166.775238
111	60	51	166.775238
112	60	48	166.775238
113	60	52	166.775238
114	60	369	166.775238
115	60	9	166.775238
116	60	9	166.775238
117	60	9	166.775238
118	60	30	166.775238
119	60	31	166.775238
120	60	35	166.775238
121	60	1561	166.775238
122	60	82	166.775238
123	60	1318	166.775238
124	60	1648	82.847946
125	60	122	0
126	60	1649	0
127	60	1650	0
128	60	338	0
0	61	338	0
1	61	338	0
2	61	1103	0
3	61	1634	0
4	61	1605	0.496791
5	61	268	3.906312
6	61	1635	5.048714
7	61	338	37.117233
8	61	338	142.60141
9	61	1610	181.734619
10	61	1636	102.852592
11	61	262	18.332039
12	61	338	19.861303
13	61	338	22.396879
14	61	1651	20.71096
15	61	52	15.36906
16	61	52	8.079389
17	61	1652	2.949815
18	61	1653	20.928209
19	61	338	71.223755
20	61	1654	111.342461
21	61	500	99.012352
22	61	489	72.629143
23	61	496	65.309692
24	61	932	73.286217
25	61	390	62.721909
26	61	1655	48.488583
27	61	31	52.12233
28	61	1318	59.357384
29	61	1445	58.256187
30	61	1656	57.022301
31	61	1120	55.616886
32	61	516	53.538658
33	61	1597	50.957771
34	61	1029	55.555279
35	61	1557	61.499729
36	61	338	66.487068
37	61	338	78.366714
38	61	338	87.565392
39	61	338	87.679726
40	61	338	86.342957
41	61	338	89.418419
42	61	1610	98.96241
43	61	1610	135.179779
44	61	1610	184.821518
45	61	1610	182.975388
46	61	1610	130.702499
47	61	338	72.729156
48	61	338	63.581715
49	61	338	64.048965
50	61	338	67.535019
51	61	338	69.879097
52	61	338	64.139923
53	61	338	50.676136
54	61	338	41.899719
55	61	338	40.001205
56	61	338	53.980019
57	61	1610	79.209229
58	61	1610	123.443336
59	61	1610	173.389465
60	61	1610	207.461105
61	61	338	207.461105
62	61	338	207.461105
63	61	338	207.461105
64	61	338	207.461105
65	61	1657	207.461105
66	61	1551	294.797791
67	61	233	294.797791
68	61	24	352.193787
69	61	24	352.193787
70	61	24	294.797791
71	61	24	294.797791
72	61	86	294.797791
73	61	52	294.797791
74	61	48	375.558136
75	61	51	424.109772
76	61	51	424.109772
77	61	48	424.109772
78	61	369	471.665192
79	61	1120	471.665192
80	61	421	375.558136
81	61	1658	374.668121
82	61	86	294.797791
83	61	51	207.461105
84	61	48	207.461105
85	61	52	207.461105
86	61	51	196.729401
87	61	52	171.833771
88	61	52	152.511566
89	61	51	130.872009
90	61	275	106.94236
91	61	999	81.964134
92	61	9	58.571789
93	61	1659	38.133091
94	61	1660	19.690237
95	61	1660	7.311229
96	61	1661	1.663268
97	61	1275	0
98	61	31	48.455963
99	61	1079	82.847946
100	61	421	166.007141
101	61	420	222.549728
102	61	680	222.549728
103	61	31	166.775238
104	61	1291	166.775238
105	61	1662	166.775238
106	61	1596	166.775238
107	61	832	166.775238
108	61	1663	166.775238
109	61	166	166.775238
110	61	166	166.775238
111	61	166	166.775238
112	61	167	166.775238
113	61	369	166.775238
114	61	9	166.775238
115	61	9	166.775238
116	61	9	166.775238
117	61	83	166.775238
118	61	82	166.775238
119	61	31	166.775238
120	61	32	166.775238
121	61	30	166.775238
122	61	31	166.775238
123	61	1664	166.775238
124	61	1665	82.847946
125	61	1666	52.367977
126	61	1019	0
127	61	338	0
128	61	384	0
0	62	338	0
1	62	268	0
2	62	1179	0
3	62	1667	0
4	62	1668	0
5	62	1669	0.035882
6	62	338	0.193854
7	62	338	17.704529
8	62	1610	89.915565
9	62	1610	126.686966
10	62	1610	75.054558
11	62	338	29.142609
12	62	1610	28.59486
13	62	1429	32.684551
14	62	1416	30.072603
15	62	48	22.539478
16	62	48	13.440226
17	62	1652	13.152821
18	62	1638	36.016552
19	62	1670	69.281342
20	62	393	92.8964
21	62	1671	73.807854
22	62	1672	40.593891
23	62	464	34.675335
24	62	1673	49.504807
25	62	1674	55.283398
26	62	31	55.78434
27	62	31	59.411129
28	62	31	61.267876
29	62	1615	58.025551
30	62	1557	57.618488
31	62	942	50.991856
32	62	1557	43.681835
33	62	420	42.294498
34	62	420	47.67709
35	62	338	61.078747
36	62	338	73.012527
37	62	338	87.273811
38	62	338	94.818062
39	62	338	94.021484
40	62	338	90.233322
41	62	1610	94.613602
42	62	1610	118.366585
43	62	1610	178.578583
44	62	1610	237.784058
45	62	1610	226.615707
46	62	338	141.776581
47	62	338	74.994888
48	62	338	56.826927
49	62	338	61.651306
50	62	338	69.190544
51	62	338	75.631516
52	62	338	74.759155
53	62	338	66.271446
54	62	338	58.130878
55	62	338	55.55201
56	62	1610	70.917229
57	62	1610	92.051964
58	62	1610	136.079712
59	62	1610	186.824448
60	62	338	207.461105
61	62	338	282.029816
62	62	338	282.029816
63	62	338	207.461105
64	62	1675	207.461105
65	62	1526	207.461105
66	62	320	294.797791
67	62	48	294.797791
68	62	52	352.193787
69	62	51	352.193787
70	62	51	294.797791
71	62	52	294.797791
72	62	52	294.797791
73	62	48	294.797791
74	62	52	375.558136
75	62	48	375.558136
76	62	1676	375.558136
77	62	1677	375.558136
78	62	1120	375.558136
79	62	421	375.558136
80	62	560	375.558136
81	62	52	374.668121
82	62	51	294.797791
83	62	48	207.461105
84	62	551	207.461105
85	62	552	207.461105
86	62	552	199.748215
87	62	553	177.003098
88	62	52	156.206375
89	62	997	133.178818
90	62	38	107.555138
91	62	37	81.124596
92	62	1552	56.254917
93	62	784	35.601196
94	62	784	18.267439
95	62	1678	6.579076
96	62	1119	0.678455
97	62	31	0
98	62	1079	0
99	62	421	82.847946
100	62	421	166.007141
101	62	680	222.549728
102	62	31	222.549728
103	62	31	166.775238
104	62	31	166.775238
105	62	1615	166.775238
106	62	1029	166.775238
107	62	1679	166.775238
108	62	590	166.775238
109	62	185	256.55777
110	62	521	256.55777
111	62	187	254.746567
112	62	369	254.746567
113	62	9	254.746567
114	62	9	254.746567
115	62	9	254.746567
116	62	9	254.746567
117	62	83	254.746567
118	62	108	166.775238
119	62	107	166.775238
120	62	30	166.775238
121	62	31	166.775238
122	62	31	166.775238
123	62	1584	166.775238
124	62	1666	82.847946
125	62	1019	0
126	62	338	0
127	62	384	0
128	62	338	0
0	63	262	0
1	63	1179	0
2	63	738	0
3	63	1680	0
4	63	338	0
5	63	338	0
6	63	1681	0.007967
7	63	1610	21.019075
8	63	1610	79.310379
9	63	1610	104.047905
10	63	1610	68.586815
11	63	1610	30.002697
12	63	1610	34.607582
13	63	1682	41.182365
14	63	1683	36.274956
15	63	1683	26.511522
16	63	1416	22.004583
17	63	51	45.261036
18	63	1684	84.041344
19	63	545	104.030876
20	63	991	98.365547
21	63	390	67.762894
22	63	390	28.282928
23	63	1521	17.170074
24	63	902	36.687912
25	63	31	51.21928
26	63	31	56.637833
27	63	31	58.822525
28	63	1079	55.267017
29	63	717	57.036613
30	63	1685	58.418152
31	63	1686	49.378136
32	63	421	41.089512
33	63	1687	42.416267
34	63	338	47.045784
35	63	338	59.206894
36	63	338	70.089531
37	63	338	84.945412
38	63	338	92.120842
39	63	338	93.702415
40	63	1610	90.992432
41	63	1610	96.523109
42	63	1610	129.525696
43	63	1610	186.584793
44	63	1610	231.275146
45	63	338	203.962128
46	63	338	125.462898
47	63	338	63.695534
48	63	338	49.489727
49	63	338	59.247131
50	63	338	70.929947
51	63	338	81.773499
52	63	338	87.303009
53	63	338	78.702629
54	63	338	69.566475
55	63	1610	67.176331
56	63	1610	85.791695
57	63	1610	102.135666
58	63	1610	141.826111
59	63	338	193.808121
60	63	338	207.461105
61	63	338	282.029816
62	63	338	282.029816
63	63	1657	207.461105
64	63	1551	207.461105
65	63	549	207.461105
66	63	550	294.797791
67	63	52	352.4151
68	63	48	411.142883
69	63	52	411.0896
70	63	51	323.995209
71	63	51	323.995209
72	63	51	335.78833
73	63	51	335.78833
74	63	51	342.990143
75	63	1688	342.990143
76	63	1689	320.867493
77	63	1690	320.867493
78	63	1691	294.797791
79	63	1583	294.797791
80	63	51	374.692627
81	63	52	374.668121
82	63	48	294.797791
83	63	586	207.461105
84	63	677	207.461105
85	63	864	207.461105
86	63	589	197.646561
87	63	1692	174.498581
88	63	1693	154.129211
89	63	67	129.659073
90	63	66	102.43766
91	63	784	76.186134
92	63	784	52.712505
93	63	1694	34.068119
94	63	1695	19.807198
95	63	1696	10.556847
96	63	682	3.773809
97	63	1508	0.047736
98	63	421	48.455963
99	63	421	82.847946
100	63	1595	166.007141
101	63	1697	222.549728
102	63	108	222.549728
103	63	82	166.775238
104	63	1079	166.775238
105	63	1698	166.775238
106	63	1699	166.775238
107	63	907	166.775238
108	63	1188	166.775238
109	63	1188	256.55777
110	63	635	256.55777
111	63	369	254.746567
112	63	9	254.746567
113	63	9	254.746567
114	63	9	254.746567
115	63	9	254.746567
116	63	9	254.746567
117	63	9	254.746567
118	63	9	166.775238
119	63	59	166.775238
120	63	235	166.775238
121	63	31	166.775238
122	63	1664	166.775238
123	63	1700	166.775238
124	63	1701	82.847946
125	63	338	0
126	63	383	0
127	63	338	0
128	63	262	0
0	64	1702	0
1	64	1703	0
2	64	1704	0
3	64	338	0
4	64	338	0
5	64	338	0
6	64	1610	0
7	64	1610	22.139532
8	64	1610	68.451958
9	64	1610	87.146469
10	64	1610	55.565388
11	64	1610	25.977116
12	64	1610	34.755459
13	64	1610	40.264755
14	64	1610	34.761406
15	64	1705	25.773409
16	64	691	34.895794
17	64	1706	85.871696
18	64	1707	132.840637
19	64	991	122.827621
20	64	390	80.010468
21	64	1673	57.516285
22	64	1708	31.010225
23	64	1709	22.635429
24	64	31	36.53194
25	64	31	50.023956
26	64	1474	56.347202
27	64	1710	54.05772
28	64	591	51.531586
29	64	1711	52.290932
30	64	1712	52.998383
31	64	421	45.106102
32	64	1713	42.226032
33	64	338	43.15012
34	64	338	45.301983
35	64	338	53.040398
36	64	338	64.049416
37	64	338	77.854004
38	64	338	86.836578
39	64	1610	90.298912
40	64	1610	89.917862
41	64	1610	97.587669
42	64	1610	124.8983
43	64	1610	153.957855
44	64	338	153.25119
45	64	338	115.716507
46	64	338	72.560997
47	64	383	45.539562
48	64	383	43.296307
49	64	448	55.525509
50	64	338	70.738472
51	64	338	87.093948
52	64	338	96.397469
53	64	338	86.242363
54	64	1610	76.891098
55	64	1610	74.965622
56	64	1610	91.474434
57	64	1610	106.836891
58	64	338	141.934906
59	64	338	183.967133
60	64	338	207.461105
61	64	338	282.029816
62	64	1714	282.029816
63	64	1482	207.461105
64	64	9	207.461105
65	64	549	207.461105
66	64	270	294.797791
67	64	550	352.4151
68	64	48	411.142883
69	64	51	411.0896
70	64	48	323.995209
71	64	48	323.995209
72	64	52	335.78833
73	64	52	335.78833
74	64	997	342.990143
75	64	1715	342.990143
76	64	1716	320.654846
77	64	1695	320.654846
78	64	320	290.007355
79	64	51	290.007355
80	64	48	290.007355
81	64	48	290.007355
82	64	636	294.797791
83	64	637	207.461105
84	64	637	207.461105
85	64	1717	207.461105
86	64	1718	190.409805
87	64	784	168.280838
88	64	67	148.584534
89	64	64	125.926956
90	64	1627	100.557861
91	64	1716	76.733131
92	64	1719	55.469864
93	64	942	37.794739
94	64	1557	23.590244
95	64	516	14.097488
96	64	517	6.549851
97	64	1535	1.200284
98	64	715	0
99	64	715	82.847946
100	64	1720	166.007141
101	64	24	222.549728
102	64	860	222.549728
103	64	1079	166.775238
104	64	1721	166.775238
105	64	186	166.775238
106	64	187	166.775238
107	64	48	166.775238
108	64	165	166.775238
109	64	167	256.55777
110	64	369	256.55777
111	64	9	346.28363
112	64	9	346.28363
113	64	9	346.28363
114	64	9	347.812622
115	64	10	254.382126
116	64	11	254.382126
117	64	12	254.382126
118	64	320	166.775238
119	64	902	166.775238
120	64	31	166.775238
121	64	31	166.775238
122	64	31	166.775238
123	64	1722	166.775238
124	64	338	82.847946
125	64	338	49.614006
126	64	855	0
127	64	303	0
128	64	1723	0
0	65	9	0
1	65	1724	0
2	65	338	0
3	65	338	0
4	65	338	0
5	65	338	0
6	65	338	0.002046
7	65	338	22.51399
8	65	338	58.219505
9	65	338	65.591805
10	65	338	39.223312
11	65	338	22.042881
12	65	1725	28.049646
13	65	1726	31.065342
14	65	1727	27.836226
15	65	1424	20.915474
16	65	48	35.155224
17	65	1728	104.846336
18	65	1729	150.833664
19	65	201	109.930763
20	65	1521	43.851761
21	65	902	26.730015
22	65	31	28.389441
23	65	31	31.57774
24	65	31	44.567608
25	65	1309	54.774094
26	65	909	56.815498
27	65	420	51.771587
28	65	420	46.917831
29	65	421	44.307854
30	65	1730	44.213974
31	65	1731	46.789288
32	65	338	48.405617
33	65	338	46.537518
34	65	338	45.679043
35	65	338	49.218979
36	65	338	57.796589
37	65	338	69.816582
38	65	1610	80.13739
39	65	1610	85.374275
40	65	1610	86.789078
41	65	1610	99.58387
42	65	1610	126.674049
43	65	338	145.086197
44	65	338	132.501892
45	65	338	95.564056
46	65	384	52.125755
47	65	384	35.214134
48	65	448	35.855198
49	65	338	50.301987
50	65	338	71.085716
51	65	338	92.186638
52	65	338	100.959496
53	65	1610	89.312698
54	65	1610	79.453423
55	65	1610	74.971115
56	65	1610	86.270714
57	65	338	102.95459
58	65	338	135.582169
59	65	338	174.619766
60	65	338	207.461105
61	65	1732	282.029816
62	65	1526	282.029816
63	65	9	207.461105
64	65	9	207.461105
65	65	9	207.461105
66	65	549	294.797791
67	65	270	352.4151
68	65	1513	411.142883
69	65	552	411.0896
70	65	552	323.995209
71	65	553	323.995209
72	65	275	335.78833
73	65	1733	335.78833
74	65	1719	342.990143
75	65	420	342.990143
76	65	1658	320.654846
77	65	86	320.654846
78	65	52	290.007355
79	65	48	290.007355
80	65	52	290.007355
81	65	48	290.007355
82	65	48	290.007355
83	65	1692	207.461105
84	65	1734	207.461105
85	65	1552	199.605972
86	65	784	178.860916
87	65	1735	158.474426
88	65	11	136.82312
89	65	1736	116.179031
90	65	1737	96.286087
91	65	1535	75.456528
92	65	715	56.004349
93	65	716	38.63681
94	65	942	25.581642
95	65	1738	16.195559
96	65	1583	8.284653
97	65	51	2.366153
98	65	51	48.455963
99	65	52	82.847946
100	65	48	166.007141
101	65	1495	225.956451
102	65	1739	225.956451
103	65	1740	166.775238
104	65	1741	166.775238
105	65	635	166.775238
106	65	52	166.775238
107	65	416	166.775238
108	65	187	166.775238
109	65	369	256.55777
110	65	9	256.55777
111	65	9	346.28363
112	65	9	346.28363
113	65	10	346.28363
114	65	1514	347.812622
115	65	31	254.382126
116	65	32	254.382126
117	65	320	254.382126
118	65	1495	166.775238
119	65	235	166.775238
120	65	31	166.775238
121	65	31	166.775238
122	65	1742	166.775238
123	65	503	166.775238
124	65	1743	82.847946
125	65	1744	0
126	65	9	0
127	65	631	0
128	65	459	0
0	66	1745	0
1	66	338	0
2	66	338	0
3	66	338	0
4	66	338	0
5	66	338	0
6	66	338	10.640589
7	66	338	35.104984
8	66	338	54.30891
9	66	338	42.278221
10	66	338	21.021315
11	66	1746	13.360216
12	66	262	18.756157
13	66	1589	20.996998
14	66	727	18.852596
15	66	690	24.424768
16	66	1747	42.175114
17	66	932	91.680931
18	66	390	118.680779
19	66	1521	69.674797
20	66	902	18.014147
21	66	31	15.262899
22	66	31	25.284851
23	66	31	38.516804
24	66	1748	52.185909
25	66	1082	61.338318
26	66	421	56.835293
27	66	717	47.538376
28	66	1749	41.116486
29	66	1750	36.036438
30	66	1751	38.116852
31	66	338	48.106056
32	66	338	49.77478
33	66	338	50.782326
34	66	338	55.86956
35	66	338	58.086067
36	66	338	55.495232
37	66	1610	62.030571
38	66	1610	71.647308
39	66	1610	78.140465
40	66	1610	83.706741
41	66	1610	97.144676
42	66	338	124.040695
43	66	338	159.424179
44	66	338	176.934677
45	66	338	139.509399
46	66	338	74.201569
47	66	338	31.046789
48	66	338	35.093361
49	66	338	51.491451
50	66	338	71.248711
51	66	338	92.681503
52	66	1610	99.799805
53	66	1610	89.31881
54	66	1610	75.111481
55	66	1610	67.141457
56	66	338	74.056854
57	66	338	92.093384
58	66	338	123.455185
59	66	338	161.594879
60	66	1752	202.788315
61	66	1753	207.461105
62	66	9	207.461105
63	66	9	207.461105
64	66	9	207.461105
65	66	9	207.461105
66	66	9	294.797791
67	66	1624	349.565308
68	66	677	412.900909
69	66	588	413.030975
70	66	589	414.279572
71	66	1754	414.279572
72	66	1557	414.279572
73	66	421	414.279572
74	66	421	414.279572
75	66	560	414.279572
76	66	51	414.279572
77	66	51	370.7677
78	66	48	290.007355
79	66	51	268.023499
80	66	52	268.023499
81	66	52	268.023499
82	66	1755	268.023499
83	66	117	207.461105
84	66	1629	207.461105
85	66	784	186.768753
86	66	1756	166.437027
87	66	31	145.512573
88	66	31	121.008369
89	66	1079	98.390388
90	66	1757	84.648491
91	66	366	69.990196
92	66	1758	52.025883
93	66	715	36.63213
94	66	1720	25.693024
95	66	86	16.611992
96	66	48	8.832932
97	66	48	2.894737
98	66	48	0
99	66	48	82.847946
100	66	48	166.007141
101	66	902	225.956451
102	66	1759	225.956451
103	66	1418	166.775238
104	66	51	166.775238
105	66	51	166.775238
106	66	565	166.775238
107	66	635	166.775238
108	66	56	166.775238
109	66	321	256.55777
110	66	9	256.55777
111	66	9	348.818237
112	66	30	348.818237
113	66	31	348.818237
114	66	131	350.347015
115	66	107	256.9646
116	66	549	256.9646
117	66	550	256.9646
118	66	1495	166.775238
119	66	235	166.775238
120	66	31	166.775238
121	66	32	166.775238
122	66	9	166.775238
123	66	1760	166.775238
124	66	1723	82.847946
125	66	9	49.614006
126	66	544	0
127	66	737	0
128	66	1680	0
0	67	338	0
1	67	448	0
2	67	338	0
3	67	338	0
4	67	338	0
5	67	338	0.173758
6	67	338	27.407032
7	67	338	67.166168
8	67	338	68.598343
9	67	338	29.812126
10	67	1746	5.125223
11	67	262	7.369421
12	67	1589	12.514055
13	67	622	14.523677
14	67	622	15.605958
15	67	1761	41.615219
16	67	932	79.336716
17	67	201	105.219437
18	67	1521	89.624565
19	67	1495	49.817383
20	67	60	5.151248
21	67	235	11.410574
22	67	31	26.738342
23	67	32	41.951721
24	67	1762	56.025093
25	67	1763	61.818893
26	67	752	52.233574
27	67	1764	41.102509
28	67	1765	33.512543
29	67	1766	29.086887
30	67	338	33.800732
31	67	338	41.133083
32	67	338	45.072273
33	67	338	58.834133
34	67	338	80.619545
35	67	338	101.365555
36	67	1610	117.947334
37	67	1610	118.579803
38	67	1610	95.086601
39	67	1610	78.270844
40	67	1610	52.727291
41	67	338	52.727291
42	67	338	52.727291
43	67	338	52.727291
44	67	338	174.908249
45	67	338	159.728653
46	67	338	90.532173
47	67	338	36.648888
48	67	338	36.15844
49	67	338	51.449051
50	67	338	69.645737
51	67	1610	88.862877
52	67	1610	95.093513
53	67	1610	85.182343
54	67	1610	68.170731
55	67	338	56.0695
56	67	338	59.121124
57	67	338	76.841179
58	67	338	106.104218
59	67	768	141.283264
60	67	1753	178.901459
61	67	9	214.871353
62	67	9	207.461105
63	67	9	207.461105
64	67	9	207.461105
65	67	9	207.461105
66	67	1624	292.757935
67	67	587	347.525452
68	67	1767	483.892181
69	67	746	484.022217
70	67	909	412.647522
71	67	421	412.647522
72	67	420	412.647522
73	67	420	412.647522
74	67	560	412.647522
75	67	48	412.647522
76	67	48	412.647522
77	67	48	370.671875
78	67	51	289.91153
79	67	52	267.927673
80	67	48	267.927673
81	67	369	267.927673
82	67	66	267.927673
83	67	1694	202.670517
84	67	1716	196.405029
85	67	1768	176.119324
86	67	31	153.653305
87	67	681	128.426178
88	67	1508	102.942955
89	67	421	80.481499
90	67	420	66.937355
91	67	560	56.495819
92	67	52	43.509365
93	67	51	33.023518
94	67	48	23.620815
95	67	52	15.257745
96	67	51	8.135546
97	67	52	2.595993
98	67	48	45.85199
99	67	1444	82.847946
100	67	1769	166.007141
101	67	1770	225.956451
102	67	48	225.956451
103	67	48	166.775238
104	67	551	166.775238
105	67	552	166.775238
106	67	553	166.775238
107	67	551	166.775238
108	67	1452	166.775238
109	67	9	256.55777
110	67	9	256.55777
111	67	30	256.916595
112	67	31	256.916595
113	67	32	256.916595
114	67	9	256.916595
115	67	10	256.9646
116	67	1492	256.9646
117	67	1445	256.9646
118	67	1771	166.775238
119	67	1772	166.775238
120	67	1773	166.775238
121	67	11	166.775238
122	67	12	166.775238
123	67	9	166.775238
124	67	9	82.847946
125	67	544	0
126	67	630	0
127	67	1680	0
128	67	338	0
0	68	338	0
1	68	338	0
2	68	338	0
3	68	338	0
4	68	338	0
5	68	338	0.658729
6	68	338	48.239735
7	68	338	104.051315
8	68	338	91.278816
9	68	1774	33.21207
10	68	1775	3.640936
11	68	1776	9.481504
12	68	622	13.624784
13	68	622	14.445938
14	68	1761	17.053234
15	68	932	57.687214
16	68	390	109.85627
17	68	1521	127.009277
18	68	48	111.556084
19	68	48	61.128555
20	68	1495	18.356678
21	68	60	9.990501
22	68	61	23.875984
23	68	1777	38.059475
24	68	1778	50.124405
25	68	1779	51.828991
26	68	1780	43.707523
27	68	1781	32.88871
28	68	1781	24.953846
29	68	338	19.966534
30	68	338	33.473629
31	68	338	52.871052
32	68	338	63.799038
33	68	338	74.761513
34	68	338	93.421432
35	68	1610	138.269135
36	68	1610	190.697708
37	68	1610	201.307419
38	68	1610	152.239639
39	68	1610	52.727291
40	68	338	52.727291
41	68	338	52.727291
42	68	338	52.727291
43	68	338	52.727291
44	68	338	52.727291
45	68	338	52.727291
46	68	338	52.727291
47	68	338	36.504494
48	68	338	36.850018
49	68	338	48.434608
50	68	1610	64.768608
51	68	1610	81.829803
52	68	1610	85.938408
53	68	1610	78.324638
54	68	338	61.363739
55	68	338	43.076328
56	68	338	43.079769
57	68	338	57.724087
58	68	1782	83.647125
59	68	1551	115.428009
60	68	9	148.886322
61	68	9	180.904694
62	68	9	212.834122
63	68	9	207.461105
64	68	9	207.461105
65	68	1624	207.461105
66	68	1297	292.757935
67	68	589	347.525452
68	68	52	483.892181
69	68	1230	483.781433
70	68	716	412.694366
71	68	421	412.694366
72	68	421	412.694366
73	68	1757	412.694366
74	68	1599	412.694366
75	68	48	412.694366
76	68	51	412.694366
77	68	51	412.694366
78	68	51	289.91153
79	68	1692	254.559586
80	68	1783	254.559586
81	68	1784	254.559586
82	68	1719	254.559586
83	68	421	202.670517
84	68	1595	189.698593
85	68	682	165.239029
86	68	1785	137.756912
87	68	715	111.231056
88	68	715	86.59108
89	68	715	64.591965
90	68	1558	48.813637
91	68	51	40.638115
92	68	48	34.824917
93	68	51	27.402706
94	68	48	19.978401
95	68	48	12.716504
96	68	48	6.48405
97	68	51	1.877146
98	68	279	0
99	68	1786	82.847946
100	68	1787	166.007141
101	68	550	225.956451
102	68	52	225.956451
103	68	586	166.775238
104	68	587	166.775238
105	68	1298	166.775238
106	68	1522	166.775238
107	68	743	166.775238
108	68	9	166.775238
109	68	9	256.55777
110	68	83	256.55777
111	68	108	256.916595
112	68	107	256.916595
113	68	9	256.916595
114	68	30	256.916595
115	68	31	258.009155
116	68	31	258.009155
117	68	1664	258.009155
118	68	1788	166.775238
119	68	1789	166.775238
120	68	31	166.775238
121	68	35	166.775238
122	68	1790	166.775238
123	68	401	166.775238
124	68	1791	82.847946
125	68	393	0
126	68	1792	0
127	68	1793	0
128	68	1794	0
0	69	1794	0
1	69	1795	0
2	69	1654	0
3	69	1796	0
4	69	1796	0
5	69	1796	12.986873
6	69	1796	77.968155
7	69	1796	134.693909
8	69	1797	110.986893
9	69	1798	42.23333
10	69	622	11.177573
11	69	622	18.184383
12	69	622	22.398062
13	69	1799	22.481672
14	69	1800	18.691753
15	69	1801	48.807285
16	69	1802	82.84301
17	69	52	110.162857
18	69	51	105.133217
19	69	48	74.555428
20	69	1459	28.060049
21	69	1803	6.320745
22	69	1804	16.637474
23	69	1805	27.984831
24	69	1806	35.996311
25	69	1807	37.427143
26	69	720	32.134583
27	69	1808	22.611771
28	69	338	13.431712
29	69	338	15.962549
30	69	338	49.569435
31	69	338	85.240875
32	69	338	107.992516
33	69	338	115.650169
34	69	1610	118.128952
35	69	1610	136.173965
36	69	1610	200.433136
37	69	1610	237.417923
38	69	1610	192.154984
39	69	1610	52.727291
40	69	1610	52.727291
41	69	1610	52.727291
42	69	1610	138.649811
43	69	1610	52.727291
44	69	1610	52.727291
45	69	1610	52.727291
46	69	1610	52.727291
47	69	1610	33.228958
48	69	1610	35.253239
49	69	1610	44.823112
50	69	1610	58.708733
51	69	1610	71.887512
52	69	1610	72.675316
53	69	338	64.217896
54	69	338	50.308163
55	69	338	33.926376
56	69	338	27.885384
57	69	1642	35.70768
58	69	1526	57.622112
59	69	9	85.208275
60	69	9	115.130341
61	69	9	143.641922
62	69	9	170.210983
63	69	233	190.362289
64	69	1809	190.362289
65	69	637	203.182999
66	69	746	287.967468
67	69	48	342.734985
68	69	51	351.086731
69	69	1810	352.28653
70	69	1582	354.230591
71	69	517	354.230591
72	69	420	354.230591
73	69	560	354.230591
74	69	48	354.230591
75	69	52	354.230591
76	69	52	354.230591
77	69	52	354.230591
78	69	1811	289.91153
79	69	1812	254.559586
80	69	1557	254.559586
81	69	420	254.559586
82	69	420	254.559586
83	69	1535	202.670517
84	69	1813	190.143616
85	69	1814	159.88356
86	69	1815	129.107544
87	69	550	99.150223
88	69	51	70.80529
89	69	51	47.404285
90	69	48	36.197384
91	69	51	30.201698
92	69	52	26.155918
93	69	52	20.997675
94	69	551	14.846958
95	69	552	9.286178
96	69	552	4.350625
97	69	1452	0.831973
98	69	9	45.85199
99	69	9	82.847946
100	69	320	166.007141
101	69	51	225.956451
102	69	586	225.956451
103	69	864	166.775238
104	69	864	166.775238
105	69	1767	166.775238
106	69	938	166.775238
107	69	9	166.775238
108	69	9	166.775238
109	69	9	166.775238
110	69	9	166.775238
111	69	9	166.775238
112	69	9	166.775238
113	69	83	166.775238
114	69	108	166.775238
115	69	82	166.775238
116	69	31	166.775238
117	69	1318	166.775238
118	69	1709	166.775238
119	69	31	166.775238
120	69	131	166.775238
121	69	1816	166.775238
122	69	503	166.775238
123	69	1817	166.775238
124	69	545	82.847946
125	69	737	56.855942
126	69	991	0
127	69	201	0
128	69	201	0
0	70	933	0
1	70	393	0
2	70	1818	0
3	70	898	0
4	70	1819	0
5	70	737	26.917501
6	70	630	88.385536
7	70	630	133.112976
8	70	1820	100.120651
9	70	1821	38.854485
10	70	622	20.013666
11	70	622	28.759974
12	70	735	34.446602
13	70	1107	34.59832
14	70	51	27.278831
15	70	52	25.551201
16	70	52	35.159786
17	70	48	49.194263
18	70	52	61.345898
19	70	1810	49.068493
20	70	1582	18.299129
21	70	1582	2.344813
22	70	1822	8.519535
23	70	1823	15.565598
24	70	1824	20.920444
25	70	1825	22.064848
26	70	1826	18.363237
27	70	338	10.819383
28	70	338	2.042428
29	70	338	21.457386
30	70	338	56.27705
31	70	338	88.352959
32	70	338	120.886681
33	70	338	149.246124
34	70	338	148.574814
35	70	338	143.475128
36	70	338	174.608749
37	70	338	202.149841
38	70	1610	171.780167
39	70	1610	52.727291
40	70	1610	52.727291
41	70	1610	52.727291
42	70	1610	138.934189
43	70	1610	162.205399
44	70	1610	138.602829
45	70	338	85.514954
46	70	338	43.10313
47	70	338	30.969559
48	70	338	32.104515
49	70	338	38.64172
50	70	338	50.754173
51	70	338	60.102749
52	70	338	58.824387
53	70	338	51.194508
54	70	338	39.189983
55	70	338	26.971407
56	70	1827	21.498621
57	70	1714	23.292795
58	70	9	32.40646
59	70	9	52.783348
60	70	9	79.251144
61	70	9	107.120735
62	70	320	131.070862
63	70	48	190.362289
64	70	48	190.362289
65	70	52	215.255173
66	70	52	287.967468
67	70	48	287.967468
68	70	369	287.967468
69	70	9	287.967468
70	70	1531	289.91153
71	70	1582	289.91153
72	70	1828	289.91153
73	70	270	289.91153
74	70	270	288.432983
75	70	270	288.432983
76	70	1829	288.432983
77	70	1830	288.432983
78	70	421	288.432983
79	70	420	235.348114
80	70	1698	235.348114
81	70	1831	235.348114
82	70	1832	235.348114
83	70	56	202.670517
84	70	1833	192.67868
85	70	942	156.78334
86	70	1073	122.126717
87	70	550	89.988098
88	70	48	61.496971
89	70	48	41.334892
90	70	48	29.094694
91	70	52	21.03285
92	70	52	18.026743
93	70	586	14.034054
94	70	588	9.879452
95	70	1297	5.617421
96	70	743	1.99001
97	70	9	0.035872
98	70	9	0
99	70	320	82.847946
100	70	51	166.007141
101	70	636	225.956451
102	70	1308	225.956451
103	70	588	166.775238
104	70	589	166.775238
105	70	56	166.775238
106	70	321	166.775238
107	70	9	166.775238
108	70	9	166.775238
109	70	9	166.775238
110	70	9	166.775238
111	70	9	166.775238
112	70	9	166.775238
113	70	9	166.775238
114	70	59	166.775238
115	70	235	166.775238
116	70	31	166.775238
117	70	31	166.775238
118	70	31	166.775238
119	70	32	166.775238
120	70	9	166.775238
121	70	9	166.775238
122	70	1834	166.775238
123	70	1835	166.775238
124	70	898	82.847946
125	70	1836	0
126	70	201	0
127	70	201	0
128	70	1837	0
0	71	898	0
1	71	1836	0
2	71	201	0
3	71	1837	0
4	71	1838	0
5	71	1225	23.003626
6	71	1225	68.341789
7	71	1839	93.385757
8	71	1840	62.966568
9	71	622	25.404242
10	71	1841	26.57678
11	71	1842	36.998528
12	71	1843	44.309425
13	71	1577	43.925179
14	71	52	33.287247
15	71	52	21.182491
16	71	51	10.310689
17	71	52	7.025411
18	71	369	16.233692
19	71	9	16.386478
20	71	9	4.793044
21	71	9	0.038172
22	71	9	3.528561
23	71	1844	9.09338
24	71	1824	11.926671
25	71	1781	8.731069
26	71	338	5.507524
27	71	338	1.190191
28	71	338	3.994715
29	71	338	20.663717
30	71	338	41.08662
31	71	338	48.300194
32	71	338	80.971275
33	71	338	131.256653
34	71	338	182.515198
35	71	338	180.134476
36	71	338	151.511292
37	71	1610	134.244629
38	71	1610	117.278114
39	71	1610	52.727291
40	71	1610	52.727291
41	71	1610	52.727291
42	71	1610	118.870071
43	71	1610	166.570572
44	71	338	177.1483
45	71	338	128.090607
46	71	338	60.879234
47	71	338	30.387863
48	71	338	26.971552
49	71	338	30.81773
50	71	338	40.319111
51	71	338	46.087185
52	71	338	44.582848
53	71	338	38.432964
54	71	338	28.949879
55	71	1845	19.473886
56	71	1714	18.998547
57	71	9	21.215248
58	71	9	25.86368
59	71	9	33.946095
60	71	9	51.616364
61	71	320	77.006485
62	71	52	98.74762
63	71	51	116.132996
64	71	52	138.450104
65	71	52	198.648056
66	71	51	226.149185
67	71	369	237.159027
68	71	9	202.670517
69	71	9	202.670517
70	71	9	202.670517
71	71	9	202.670517
72	71	9	202.670517
73	71	9	201.191925
74	71	1581	201.191925
75	71	1557	201.191925
76	71	420	197.745972
77	71	421	197.745972
78	71	1535	197.745972
79	71	1846	235.348114
80	71	186	235.348114
81	71	187	235.348114
82	71	52	235.348114
83	71	1230	201.191925
84	71	715	191.851578
85	71	1847	156.053696
86	71	549	115.586052
87	71	550	82.355659
88	71	51	55.331028
89	71	48	36.250626
90	71	48	23.630278
91	71	551	13.415543
92	71	1522	11.948212
93	71	1483	10.798991
94	71	1579	7.745498
95	71	1848	2.89765
96	71	1849	0.389801
97	71	9	0
98	71	549	41.015995
99	71	1850	82.847946
100	71	166	166.007141
101	71	1851	225.999252
102	71	677	225.999252
103	71	1298	229.013306
104	71	711	229.013306
105	71	999	229.013306
106	71	9	229.013306
107	71	9	229.013306
108	71	9	166.775238
109	71	9	166.775238
110	71	9	166.775238
111	71	10	166.775238
112	71	11	166.775238
113	71	1852	166.775238
114	71	1853	166.775238
115	71	235	166.775238
116	71	31	222.790115
117	71	131	222.790115
118	71	107	222.790115
119	71	9	222.790115
120	71	10	222.790115
121	71	1514	222.790115
122	71	1854	222.959198
123	71	1855	166.775238
124	71	1856	82.847946
125	71	1857	56.855942
126	71	390	0
127	71	201	0
128	71	390	0
0	72	201	0
1	72	201	0
2	72	390	0
3	72	1521	0
4	72	48	0
5	72	51	9.241335
6	72	1423	42.992817
7	72	622	63.016117
8	72	622	45.788624
9	72	1858	22.75655
10	72	201	29.479548
11	72	201	40.663712
12	72	1521	47.789719
13	72	48	43.849224
14	72	51	33.665035
15	72	51	21.548868
16	72	51	15.800102
17	72	369	8.685004
18	72	9	3.315084
19	72	9	0.903686
20	72	9	0
21	72	9	0.322998
22	72	9	3.963818
23	72	1844	13.367803
24	72	1824	25.628469
25	72	338	22.212513
26	72	338	5.929188
27	72	338	0
28	72	338	3.411402
29	72	338	13.119472
30	72	338	19.4251
31	72	338	15.044021
32	72	338	25.121689
33	72	338	98.658638
34	72	338	168.662811
35	72	338	173.631821
36	72	1610	117.983536
37	72	1610	79.074883
38	72	1610	69.409363
39	72	1610	52.727291
40	72	1610	52.727291
41	72	1610	67.056168
42	72	338	82.949463
43	72	338	131.430206
44	72	338	178.716751
45	72	338	154.839554
46	72	338	78.57061
47	72	338	27.251366
48	72	338	20.573675
49	72	338	21.683176
50	72	338	29.591618
51	72	338	32.510593
52	72	338	31.667892
53	72	338	28.787056
54	72	1859	23.594749
55	72	1732	20.571871
56	72	9	22.107075
57	72	9	22.675663
58	72	9	25.659548
59	72	9	30.113304
60	72	549	38.514858
61	72	550	53.238857
62	72	48	70.92627
63	72	51	84.196976
64	72	165	101.74189
65	72	166	122.33889
66	72	1860	152.604156
67	72	321	181.1008
68	72	9	202.670517
69	72	9	202.670517
70	72	9	202.670517
71	72	9	202.670517
72	72	9	189.002258
73	72	1120	187.523666
74	72	421	187.523666
75	72	420	187.523666
76	72	1535	197.745972
77	72	1558	197.745972
78	72	416	197.745972
79	72	590	203.379593
80	72	187	203.379593
81	72	48	203.379593
82	72	48	203.379593
83	72	51	201.046265
84	72	56	180.530151
85	72	321	146.927673
86	72	1663	109.287613
87	72	166	73.398842
88	72	167	51.281826
89	72	48	34.788483
90	72	586	21.333035
91	72	588	9.909529
92	72	743	10.950151
93	72	10	14.807887
94	72	1861	13.173785
95	72	1862	6.689561
96	72	9	0.718854
97	72	9	0
98	72	1451	0
99	72	185	82.847946
100	72	1311	166.007141
101	72	1297	225.999252
102	72	588	225.999252
103	72	743	229.013306
104	72	9	229.013306
105	72	9	229.013306
106	72	10	229.013306
107	72	11	229.013306
108	72	12	166.775238
109	72	10	166.775238
110	72	1514	166.775238
111	72	31	166.775238
112	72	32	166.775238
113	72	549	166.775238
114	72	1863	166.775238
115	72	108	166.775238
116	72	107	222.790115
117	72	9	277.731018
118	72	9	277.731018
119	72	30	277.731018
120	72	31	277.731018
121	72	31	222.502289
122	72	1664	222.959198
123	72	1864	166.775238
124	72	1865	82.847946
125	72	1866	0
126	72	1801	0
127	72	1801	0
128	72	1801	0
0	73	1801	0
1	73	1801	0
2	73	1802	0
3	73	52	0
4	73	51	0
5	73	1423	1.775642
6	73	622	33.819313
7	73	622	72.059738
8	73	1858	68.629448
9	73	390	39.805779
10	73	1673	27.820164
11	73	1802	38.600506
12	73	48	42.485252
13	73	51	37.988487
14	73	51	30.023052
15	73	52	27.898254
16	73	369	29.298082
17	73	9	24.110874
18	73	9	11.933364
19	73	9	1.502204
20	73	9	0
21	73	9	0.161819
22	73	9	16.012928
23	73	1867	58.008095
24	73	338	94.303719
25	73	338	80.263763
26	73	338	35.520809
27	73	338	3.829214
28	73	338	0.737362
29	73	338	4.24121
30	73	384	11.088939
31	73	384	24.140425
32	73	338	61.017876
33	73	338	130.706284
34	73	338	175.876221
35	73	1610	143.98349
36	73	1610	82.389046
37	73	1610	45.640602
38	73	1610	49.602207
39	73	1610	55.744469
40	73	1610	59.98148
41	73	338	58.020763
42	73	338	53.498222
43	73	338	90.593895
44	73	338	156.935745
45	73	338	169.190781
46	73	338	93.638763
47	73	338	24.111605
48	73	338	14.474201
49	73	338	13.02774
50	73	338	17.409521
51	73	338	20.474056
52	73	338	23.182491
53	73	1752	24.083107
54	73	1868	25.16367
55	73	9	28.668455
56	73	9	31.465157
57	73	9	30.994162
58	73	9	28.600622
59	73	9	30.686628
60	73	320	34.039833
61	73	48	37.775055
62	73	52	46.287834
63	73	416	55.798298
64	73	186	69.826996
65	73	792	88.288223
66	73	1594	109.211166
67	73	9	137.029922
68	73	9	159.103683
69	73	37	176.676025
70	73	38	195.079453
71	73	37	189.00029
72	73	1869	182.555542
73	73	421	176.92424
74	73	421	169.561401
75	73	560	162.018066
76	73	48	115.177467
77	73	565	115.177467
78	73	1188	168.544144
79	73	635	205.491638
80	73	52	205.491638
81	73	48	205.491638
82	73	51	205.491638
83	73	52	177.621872
84	73	369	159.549286
85	73	1451	141.154297
86	73	590	119.025452
87	73	792	85.975998
88	73	167	49.676537
89	73	636	35.912594
90	73	637	21.913172
91	73	938	9.232286
92	73	83	14.553131
93	73	1870	21.40942
94	73	1871	19.6485
95	73	9	9.69767
96	73	1872	2.120484
97	73	1873	0
98	73	185	41.015995
99	73	1874	82.847946
100	73	1308	166.007141
101	73	677	225.999252
102	73	743	225.999252
103	73	9	319.448944
104	73	9	319.448944
105	73	30	319.448944
106	73	31	229.013306
107	73	32	229.013306
108	73	30	166.775238
109	73	31	166.775238
110	73	31	166.775238
111	73	32	166.775238
112	73	9	166.775238
113	73	9	166.775238
114	73	9	166.775238
115	73	9	178.162491
116	73	9	192.689972
117	73	9	204.544876
118	73	83	222.790115
119	73	82	222.790115
120	73	31	222.790115
121	73	31	222.599197
122	73	31	222.959198
123	73	1875	166.775238
124	73	145	82.847946
125	73	51	0
126	73	48	0
127	73	48	0
128	73	51	0
0	74	48	0
1	74	51	0
2	74	48	0
3	74	48	0
4	74	1423	0
5	74	622	0
6	74	622	27.813513
7	74	1876	77.518059
8	74	1801	96.385078
9	74	1802	62.102119
10	74	51	27.72867
11	74	48	30.353914
12	74	52	32.074856
13	74	51	28.445116
14	74	48	23.595661
15	74	369	26.156254
16	74	9	32.711163
17	74	9	31.248831
18	74	9	20.497902
19	74	9	7.572272
20	74	9	0.740809
21	74	9	3.843486
22	74	1877	37.556816
23	74	338	107.376328
24	74	338	148.173157
25	74	338	116.434982
26	74	338	51.328949
27	74	338	7.447761
28	74	338	0
29	74	448	1.711729
30	74	383	16.415298
31	74	338	50.166286
32	74	338	100.244965
33	74	338	154.041595
34	74	338	170.674103
35	74	338	119.234695
36	74	338	54.648716
37	74	338	37.221348
38	74	338	43.018002
39	74	338	47.202911
40	74	338	49.344906
41	74	338	48.343075
42	74	338	45.473564
43	74	338	66.86367
44	74	338	146.118027
45	74	338	177.889343
46	74	338	110.169289
47	74	338	30.818525
48	74	338	10.617264
49	74	338	9.068326
50	74	338	10.516013
51	74	338	13.511112
52	74	1752	18.54166
53	74	1868	23.535454
54	74	1878	31.321888
55	74	1879	39.488426
56	74	9	42.342979
57	74	9	41.739334
58	74	9	37.328632
59	74	320	32.462761
60	74	52	30.653154
61	74	48	28.534985
62	74	416	27.771938
63	74	590	32.954258
64	74	185	39.427696
65	74	1880	58.411118
66	74	1881	75.616486
67	74	38	96.988556
68	74	66	116.706406
69	74	67	138.684235
70	74	64	164.993179
71	74	1882	140.712616
72	74	517	130.646973
73	74	421	124.218147
74	74	560	115.754883
75	74	51	109.447906
76	74	48	115.177467
77	74	52	115.177467
78	74	51	115.177467
79	74	52	174.96312
80	74	275	174.96312
81	74	270	174.96312
82	74	270	174.96312
83	74	999	146.495346
84	74	1451	135.021866
85	74	521	140.655304
86	74	185	152.385468
87	74	187	118.461304
88	74	51	70.649475
89	74	48	43.757671
90	74	369	26.951857
91	74	1883	19.755653
92	74	1879	26.724611
93	74	9	28.924259
94	74	9	20.168098
95	74	1884	8.190289
96	74	1885	1.017127
97	74	1188	0
98	74	635	0
99	74	636	82.847946
100	74	637	166.007141
101	74	938	225.999252
102	74	9	225.999252
103	74	10	319.448944
104	74	1561	387.925751
105	74	108	319.448944
106	74	107	229.013306
107	74	83	229.013306
108	74	108	166.775238
109	74	108	166.775238
110	74	107	166.775238
111	74	9	166.775238
112	74	9	166.775238
113	74	10	166.775238
114	74	11	166.775238
115	74	12	178.162491
116	74	9	192.689972
117	74	9	204.544876
118	74	83	222.790115
119	74	1886	222.790115
120	74	235	222.790115
121	74	31	222.599197
122	74	1318	222.959198
123	74	1445	166.775238
124	74	1445	82.847946
125	74	1301	38.591991
126	74	52	0
127	74	51	0
128	74	52	0
0	75	48	0
1	75	51	0
2	75	48	0
3	75	1423	0
4	75	622	0
5	75	622	0
6	75	1424	14.399598
7	75	52	63.391731
8	75	48	98.972984
9	75	51	92.186211
10	75	48	60.458397
11	75	52	32.435966
12	75	51	19.543839
13	75	51	16.762194
14	75	56	12.307384
15	75	321	12.180772
16	75	9	22.857262
17	75	9	33.652046
18	75	9	37.081249
19	75	233	29.166229
20	75	24	11.757302
21	75	1887	6.892868
22	75	338	62.558296
23	75	338	119.339828
24	75	338	128.156693
25	75	338	81.96228
26	75	338	29.784096
27	75	338	2.721171
28	75	338	0
29	75	338	1.749248
30	75	338	15.93633
31	75	338	44.490376
32	75	338	81.923607
33	75	338	116.498077
34	75	338	129.450638
35	75	338	97.473465
36	75	338	50.059273
37	75	338	33.405773
38	75	338	36.506828
39	75	338	39.129612
40	75	338	39.707886
41	75	338	38.311703
42	75	338	35.737972
43	75	338	51.045193
44	75	384	112.537033
45	75	338	145.579819
46	75	338	94.066216
47	75	338	29.713652
48	75	338	12.192312
49	75	338	12.226939
50	75	338	12.517804
51	75	1752	15.905381
52	75	1868	20.643471
53	75	1888	26.163666
54	75	36	40.066673
55	75	9	50.591782
56	75	9	54.377888
57	75	9	54.775227
58	75	1889	46.881718
59	75	552	33.789688
60	75	552	27.469439
61	75	1890	21.241117
62	75	566	14.95868
63	75	521	18.842821
64	75	187	23.449268
65	75	1891	35.237095
66	75	67	50.470253
67	75	64	65.571342
68	75	1892	86.095306
69	75	1029	111.286636
70	75	1029	135.518982
71	75	1738	82.401756
72	75	1582	66.375023
73	75	1583	66.375023
74	75	52	66.756996
75	75	51	66.756996
76	75	48	115.177467
77	75	48	115.177467
78	75	51	115.177467
79	75	56	172.851074
80	75	321	172.851074
81	75	9	172.851074
82	75	9	172.851074
83	75	1485	109.95076
84	75	566	102.358971
85	75	521	132.753082
86	75	187	162.73584
87	75	51	148.785889
88	75	51	105.789322
89	75	369	66.624466
90	75	1893	43.814667
91	75	1894	35.916214
92	75	11	44.092274
93	75	11	38.352612
94	75	1895	22.473577
95	75	1896	9.018479
96	75	270	1.811236
97	75	270	0
98	75	270	40.175934
99	75	270	82.847946
100	75	999	166.007141
101	75	10	225.999252
102	75	1514	225.999252
103	75	35	316.24881
104	75	11	316.24881
105	75	11	316.24881
106	75	1897	225.813431
107	75	1898	225.813431
108	75	11	225.813431
109	75	11	225.813431
110	75	11	166.775238
111	75	12	137.928345
112	75	30	137.928345
113	75	31	137.928345
114	75	35	166.775238
115	75	11	223.630081
116	75	12	223.630081
117	75	9	285.068451
118	75	549	285.068451
119	75	1853	281.252197
120	75	60	281.415344
121	75	235	223.617966
122	75	31	223.630081
123	75	31	166.775238
124	75	1309	82.847946
125	75	338	0
126	75	338	0
127	75	338	0
128	75	51	0
0	76	52	0
1	76	48	0
2	76	1899	0
3	76	777	0
4	76	622	0
5	76	1424	0
6	76	52	4.861247
7	76	48	41.302216
8	76	52	95.399689
9	76	52	148.549896
10	76	51	129.255432
11	76	48	61.429821
12	76	51	10.804507
13	76	48	7.419498
14	76	56	4.735673
15	76	24	12.920884
16	76	321	24.427444
17	76	9	38.075832
18	76	320	51.221546
19	76	48	48.290752
20	76	369	21.369755
21	76	338	23.153423
22	76	338	72.103951
23	76	338	100.617287
24	76	338	72.759583
25	76	338	23.048132
26	76	338	7.233883
27	76	338	10.06548
28	76	338	5.824775
29	76	338	1.741619
30	76	338	6.420475
31	76	338	16.79244
32	76	338	29.985983
33	76	338	72.18705
34	76	338	108.358383
35	76	338	106.972336
36	76	338	72.762726
37	76	338	38.829094
38	76	338	30.27562
39	76	338	32.153465
40	76	338	32.293964
41	76	338	30.58453
42	76	338	27.566793
43	76	338	26.726288
44	76	338	53.202374
45	76	338	65.236893
46	76	338	45.950817
47	76	338	21.873396
48	76	338	18.237938
49	76	338	19.817711
50	76	1900	18.831787
51	76	1900	22.514242
52	76	1901	26.275442
53	76	9	30.744949
54	76	9	46.677914
55	76	9	58.135067
56	76	9	59.788979
57	76	1624	58.704601
58	76	587	51.0686
59	76	588	36.590057
60	76	589	28.865705
61	76	565	21.085865
62	76	1188	14.335009
63	76	635	15.276798
64	76	1891	18.104387
65	76	67	28.09726
66	76	37	40.529331
67	76	1869	52.34161
68	76	420	68.911415
69	76	420	85.217239
70	76	1154	101.914421
71	76	9	73.518349
72	76	320	66.375023
73	76	51	66.375023
74	76	52	66.756996
75	76	51	66.756996
76	76	275	108.110558
77	76	550	96.241905
78	76	51	89.985222
79	76	369	134.117218
80	76	233	134.117218
81	76	24	134.117218
82	76	86	134.117218
83	76	416	80.145164
84	76	590	78.745201
85	76	187	99.267929
86	76	48	127.556175
87	76	51	150.800079
88	76	369	144.348755
89	76	761	110.766357
90	76	1902	69.117638
91	76	1903	47.608616
92	76	1904	55.298611
93	76	32	47.724953
94	76	9	31.423981
95	76	9	19.713123
96	76	9	0.48343
97	76	9	0
98	76	10	0
99	76	11	82.847946
100	76	1514	166.007141
101	76	31	225.999252
102	76	31	225.999252
103	76	31	225.813431
104	76	31	225.813431
105	76	1905	225.813431
106	76	1906	225.813431
107	76	31	225.813431
108	76	31	225.813431
109	76	31	225.813431
110	76	32	166.775238
111	76	30	141.000351
112	76	31	141.000351
113	76	31	141.000351
114	76	31	166.775238
115	76	32	223.630081
116	76	9	223.630081
117	76	10	223.630081
118	76	1492	223.630081
119	76	1907	281.757996
120	76	1863	281.757996
121	76	108	225.754883
122	76	1886	223.630081
123	76	227	166.775238
124	76	338	82.847946
125	76	448	38.591991
126	76	338	0
127	76	48	0
128	76	48	0
0	77	52	0
1	77	52	0
2	77	1423	0
3	77	622	0
4	77	1424	0
5	77	51	0
6	77	52	11.850751
7	77	48	43.478661
8	77	52	124.054405
9	77	51	196.634705
10	77	52	191.223465
11	77	52	86.396484
12	77	51	9.081204
13	77	51	2.105267
14	77	48	3.584957
15	77	56	21.657131
16	77	321	36.789497
17	77	320	37.998123
18	77	48	50.680099
19	77	56	51.600296
20	77	338	36.218243
21	77	338	37.319366
22	77	338	66.356209
23	77	338	66.287384
24	77	338	33.870552
25	77	338	6.353993
26	77	338	20.996275
27	77	338	30.193396
28	77	338	19.631763
29	77	338	4.983658
30	77	338	7.688873
31	77	338	21.626244
32	77	338	47.598549
33	77	338	87.574028
34	77	338	133.103561
35	77	338	128.073929
36	77	338	83.922318
37	77	338	40.852882
38	77	338	26.142231
39	77	338	26.147291
40	77	338	25.497183
41	77	338	24.447302
42	77	338	27.144049
43	77	338	27.977196
44	77	338	25.552782
45	77	338	24.496717
46	77	338	23.257399
47	77	338	22.582752
48	77	338	25.657255
49	77	1908	28.860241
50	77	768	26.602165
51	77	57	28.602352
52	77	9	30.10848
53	77	9	32.3367
54	77	9	43.59325
55	77	9	54.238029
56	77	1909	55.406498
57	77	637	53.29306
58	77	637	48.914425
59	77	746	38.43737
60	77	48	33.494961
61	77	52	27.970575
62	77	52	24.316862
63	77	1755	25.938993
64	77	65	27.592308
65	77	585	31.93943
66	77	1910	44.687061
67	77	421	51.527336
68	77	516	55.087627
69	77	832	62.204094
70	77	28	71.547302
71	77	1911	66.551926
72	77	270	66.375023
73	77	270	135.543304
74	77	270	135.925293
75	77	999	66.756996
76	77	549	80.31118
77	77	270	70.881042
78	77	999	65.427284
79	77	320	134.117218
80	77	48	134.117218
81	77	52	134.117218
82	77	565	134.117218
83	77	1188	58.466434
84	77	635	57.315655
85	77	52	58.090385
86	77	51	78.62886
87	77	1912	125.724251
88	77	77	174.368561
89	77	104	161.242371
90	77	104	94.407524
91	77	1913	57.645237
92	77	1914	60.111256
93	77	9	54.276985
94	77	9	43.918388
95	77	9	18.643261
96	77	10	0.313016
97	77	1514	0
98	77	31	40.175934
99	77	31	82.847946
100	77	31	82.847946
101	77	31	82.847946
102	77	31	225.999252
103	77	31	225.435501
104	77	31	225.435501
105	77	31	225.435501
106	77	31	226.073334
107	77	31	224.201324
108	77	31	166.775238
109	77	32	166.775238
110	77	30	166.775238
111	77	31	125.880661
112	77	131	125.880661
113	77	108	125.880661
114	77	107	166.775238
115	77	9	166.775238
116	77	30	166.775238
117	77	31	166.775238
118	77	32	217.268753
119	77	10	217.268753
120	77	11	217.268753
121	77	1852	217.268753
122	77	270	217.268753
123	77	338	166.775238
124	77	338	82.847946
125	77	338	0
126	77	51	0
127	77	51	0
128	77	52	0
0	78	48	0
1	78	1423	0
2	78	622	0
3	78	1424	0
4	78	51	0
5	78	48	0
6	78	51	23.576326
7	78	51	68.477097
8	78	52	132.880966
9	78	52	202.073578
10	78	52	173.392014
11	78	48	75.796593
12	78	48	1.629392
13	78	52	0
14	78	52	7.517132
15	78	56	27.941412
16	78	86	36.918976
17	78	48	28.722414
18	78	48	32.653027
19	78	338	44.767864
20	78	338	38.488781
21	78	338	37.241974
22	78	338	39.861263
23	78	338	29.420473
24	78	338	5.727113
25	78	338	7.116514
26	78	338	27.018452
27	78	338	39.762894
28	78	338	25.297819
29	78	338	9.28432
30	78	338	20.060724
31	78	338	43.684753
32	78	338	76.137047
33	78	338	108.529633
34	78	338	120.507393
35	78	338	102.912453
36	78	338	57.242226
37	78	338	32.918049
38	78	338	22.860189
39	78	338	22.069481
40	78	338	21.58482
41	78	338	26.789871
42	78	338	31.873241
43	78	338	33.746956
44	78	338	32.667732
45	78	338	31.203129
46	78	338	31.843567
47	78	338	30.959274
48	78	1915	33.354813
49	78	1916	37.81776
50	78	27	33.908588
51	78	9	30.832586
52	78	9	30.156092
53	78	9	29.105696
54	78	9	33.086403
55	78	320	41.957001
56	78	48	43.223255
57	78	51	42.377163
58	78	52	40.994488
59	78	48	38.517979
60	78	52	39.620064
61	78	48	38.444214
62	78	369	38.435349
63	78	66	41.540249
64	78	67	43.813187
65	78	1120	42.646572
66	78	421	46.040447
67	78	1154	49.989552
68	78	9	50.111645
69	78	1877	48.797226
70	78	1917	51.794651
71	78	856	58.404148
72	78	9	66.375023
73	78	9	135.543304
74	78	9	135.925293
75	78	9	66.756996
76	78	9	59.921047
77	78	9	53.65609
78	78	549	48.156284
79	78	270	107.50531
80	78	270	107.50531
81	78	270	107.50531
82	78	270	107.50531
83	78	550	38.245701
84	78	51	38.246281
85	78	1444	38.275894
86	78	1709	47.448437
87	78	31	103.528191
88	78	31	176.682434
89	78	31	180.568268
90	78	1110	122.569359
91	78	151	80.981583
92	78	11	77.346764
93	78	12	66.688637
94	78	10	58.988022
95	78	1514	32.245136
96	78	31	2.199116
97	78	31	0
98	78	31	0
99	78	31	82.847946
100	78	31	82.847946
101	78	31	82.847946
102	78	31	82.847946
103	78	31	165.862793
104	78	31	165.862793
105	78	31	165.862793
106	78	31	165.862793
107	78	1474	115.3498
108	78	61	119.358086
109	78	30	119.358086
110	78	31	121.758385
111	78	32	127.728195
112	78	9	127.728195
113	78	9	127.728195
114	78	233	122.736084
115	78	234	122.736084
116	78	60	122.520477
117	78	61	119.910362
118	78	30	168.047348
119	78	31	168.047348
120	78	32	168.047348
121	78	10	168.047348
122	78	1492	168.047348
123	78	1301	123.768181
124	78	51	82.847946
125	78	51	0
126	78	51	0
127	78	1918	0
128	78	690	0
0	79	728	0
1	79	622	0
2	79	1424	0
3	79	52	0
4	79	51	0
5	79	52	0
6	79	48	22.65992
7	79	52	69.131752
8	79	51	125.195892
9	79	48	155.742325
10	79	52	121.713837
11	79	52	44.286579
12	79	48	2.819331
13	79	52	0.313805
14	79	52	9.529014
15	79	52	24.505884
16	79	52	28.987417
17	79	52	16.391701
18	79	338	24.059025
19	79	338	36.877033
20	79	338	30.461784
21	79	338	22.054243
22	79	338	19.622828
23	79	338	6.275305
24	79	338	0
25	79	338	3.117305
26	79	338	17.037081
27	79	338	25.114233
28	79	338	17.462057
29	79	338	9.528751
30	79	338	24.33297
31	79	338	53.378101
32	79	338	81.15416
33	79	338	92.321922
34	79	338	81.71981
35	79	338	55.16666
36	79	338	36.423157
37	79	338	22.89184
38	79	338	21.192509
39	79	338	19.593197
40	79	338	22.814049
41	79	338	30.373243
42	79	338	36.733833
43	79	338	40.657288
44	79	338	40.628986
45	79	338	39.768566
46	79	338	39.276283
47	79	1526	37.757061
48	79	1504	38.166477
49	79	9	39.957573
50	79	9	34.388233
51	79	9	27.904337
52	79	9	24.706451
53	79	37	21.534637
54	79	1505	20.843292
55	79	51	25.268318
56	79	48	26.469046
57	79	51	27.800848
58	79	48	31.195738
59	79	165	36.865936
60	79	166	44.027542
61	79	1594	48.217819
62	79	66	49.574188
63	79	67	51.672466
64	79	1531	52.066235
65	79	1582	49.567875
66	79	832	46.049736
67	79	9	43.819649
68	79	33	40.288757
69	79	1000	36.392441
70	79	27	42.623619
71	79	9	44.299603
72	79	9	48.058823
73	79	9	50.874722
74	79	9	51.438839
75	79	9	50.329327
76	79	9	46.897861
77	79	9	42.198002
78	79	9	37.319729
79	79	9	107.50531
80	79	9	107.50531
81	79	9	107.50531
82	79	549	107.50531
83	79	1919	23.1703
84	79	1709	23.688528
85	79	31	26.341379
86	79	31	31.885628
87	79	31	72.959526
88	79	31	134.175751
89	79	31	155.460052
90	79	31	129.414978
91	79	31	115.72068
92	79	35	108.343452
93	79	1514	87.181084
94	79	31	72.148048
95	79	31	43.71653
96	79	31	-0.576357
97	79	31	0
98	79	31	33.959938
99	79	1920	85.965195
100	79	1921	82.847946
101	79	31	82.847946
102	79	31	82.847946
103	79	31	82.847946
104	79	31	82.847946
105	79	31	65.256271
106	79	1922	74.687897
107	79	1923	86.651962
108	79	1924	102.606743
109	79	60	121.728668
110	79	1925	121.728668
111	79	24	121.728668
112	79	24	121.728668
113	79	86	121.728668
114	79	48	121.728668
115	79	48	121.728668
116	79	1926	121.151367
117	79	1927	82.847946
118	79	108	82.847946
119	79	107	82.847946
120	79	30	82.847946
121	79	31	82.847946
122	79	1928	82.847946
123	79	691	82.847946
124	79	51	34.967793
125	79	1918	0
126	79	728	0
127	79	622	0
128	79	622	0
0	80	622	0
1	80	727	0
2	80	690	0
3	80	690	0
4	80	690	0
5	80	690	0
6	80	690	9.820362
7	80	691	51.100201
8	80	52	95.883774
9	80	51	129.25592
10	80	48	117.489082
11	80	51	53.149418
12	80	52	4.540444
13	80	52	0
14	80	51	5.173563
15	80	48	14.328532
16	80	51	15.046682
17	80	1929	10.517576
18	80	1930	19.568773
19	80	1931	29.800598
20	80	1932	26.144451
21	80	338	28.031065
22	80	338	26.633152
23	80	338	10.790831
24	80	338	0
25	80	338	0.076386
26	80	338	3.989363
27	80	338	7.772342
28	80	338	7.438189
29	80	338	11.291582
30	80	338	28.208221
31	80	338	53.112392
32	80	338	70.2248
33	80	338	66.687042
34	80	338	49.077385
35	80	338	36.432983
36	80	338	26.332518
37	80	338	23.460714
38	80	338	21.490196
39	80	338	19.722439
40	80	338	23.82457
41	80	338	32.287605
42	80	338	40.110405
43	80	1781	46.974442
44	80	1808	48.802399
45	80	1781	45.176014
46	80	1933	41.512756
47	80	1934	38.938362
48	80	9	36.293419
49	80	9	33.886284
50	80	9	29.358562
51	80	9	22.49226
52	80	1338	16.555061
53	80	1339	10.690112
54	80	51	10.392081
55	80	52	11.205841
56	80	48	11.035376
57	80	52	13.908149
58	80	416	22.240171
59	80	185	33.492809
60	80	1880	44.573978
61	80	1935	53.399036
62	80	1936	54.71397
63	80	1937	54.012947
64	80	1938	51.429607
65	80	1939	45.947308
66	80	1879	40.073486
67	80	9	35.712635
68	80	9	28.25596
69	80	9	36.636154
70	80	9	35.652912
71	80	10	36.748486
72	80	11	39.323582
73	80	11	40.909966
74	80	11	40.530472
75	80	11	39.555817
76	80	11	37.006767
77	80	11	33.476658
78	80	11	27.359873
79	80	11	72.983994
80	80	11	72.983994
81	80	12	72.983994
82	80	30	72.983994
83	80	31	11.877502
84	80	131	12.248806
85	80	108	16.87726
86	80	108	23.88917
87	80	82	39.000957
88	80	31	78.830704
89	80	31	101.720322
90	80	31	116.869293
91	80	31	134.373428
92	80	31	130.882263
93	80	31	103.485336
94	80	31	82.450745
95	80	1940	29.531919
96	80	1941	0.122389
97	80	1942	0
98	80	1943	-0.096006
99	80	1944	0
100	80	1945	0
101	80	235	14.292005
102	80	31	24.575996
103	80	31	37.980015
104	80	31	50.879887
105	80	1946	53.561874
106	80	1947	60.665962
107	80	1948	74.375473
108	80	51	92.735649
109	80	48	121.415741
110	80	51	121.415741
111	80	51	121.415741
112	80	48	121.415741
113	80	51	121.415741
114	80	48	121.415741
115	80	121	121.415741
116	80	1949	121.415741
117	80	1950	84.887962
118	80	24	84.887962
119	80	860	50.045937
120	80	31	50.045937
121	80	1951	23.855988
122	80	1433	23.855988
123	80	48	0
124	80	1423	0
125	80	622	0
126	80	622	0
127	80	622	0
128	80	622	0
0	81	622	0
1	81	622	0
2	81	622	0
3	81	622	0
4	81	622	0
5	81	622	0
6	81	1952	0
7	81	270	23.47473
8	81	550	65.412369
9	81	52	134.28421
10	81	52	152.689774
11	81	51	84.138054
12	81	48	4.867705
13	81	52	0
14	81	275	0.191185
15	81	550	2.099182
16	81	51	1.864415
17	81	51	5.251571
18	81	1929	18.501432
19	81	1931	24.822178
20	81	338	30.429935
21	81	338	38.811028
22	81	338	38.886875
23	81	338	17.94524
24	81	338	0
25	81	338	0
26	81	338	0.746734
27	81	338	3.694484
28	81	338	7.488441
29	81	338	14.966474
30	81	338	29.535204
31	81	338	49.133339
32	81	338	58.310303
33	81	338	53.12051
34	81	338	42.178238
35	81	338	32.261642
36	81	338	29.470219
37	81	338	26.76235
38	81	338	23.089746
39	81	338	20.037544
40	81	338	23.755981
41	81	338	31.338797
42	81	750	39.429989
43	81	750	47.385384
44	81	750	48.084892
45	81	750	42.763664
46	81	1808	37.202793
47	81	9	32.758099
48	81	9	27.380083
49	81	9	24.143984
50	81	9	21.281775
51	81	320	15.40268
52	81	51	8.655887
53	81	48	2.565415
54	81	551	3.772286
55	81	552	3.938427
56	81	553	2.866565
57	81	416	5.179661
58	81	590	15.687283
59	81	187	28.384462
60	81	51	39.767307
61	81	1953	48.264248
62	81	1954	50.502018
63	81	1955	47.669067
64	81	750	43.563969
65	81	1956	39.333443
66	81	9	38.31044
67	81	9	39.240627
68	81	9	37.507015
69	81	10	34.380028
70	81	1514	33.508667
71	81	31	34.522949
72	81	31	36.896317
73	81	31	37.784191
74	81	31	36.812641
75	81	31	47.796234
76	81	31	44.237518
77	81	31	61.420963
78	81	31	55.234005
79	81	31	72.983994
80	81	32	72.983994
81	81	83	72.983994
82	81	1886	72.983994
83	81	1925	42.738964
84	81	24	43.544056
85	81	24	27.39592
86	81	1957	35.188946
87	81	1958	29.168871
88	81	1959	46.269787
89	81	31	64.577896
90	81	31	95.162361
91	81	1940	128.772247
92	81	1959	145.523956
93	81	31	124.354713
94	81	1960	92.496201
95	81	1961	35.118233
96	81	1962	1.816714
97	81	1963	0
98	81	737	0
99	81	1180	0
100	81	1964	0
101	81	1772	14.292005
102	81	1965	24.575996
103	81	60	37.980015
104	81	1966	50.890549
105	81	1967	55.199692
106	81	1968	60.154396
107	81	51	67.053398
108	81	51	126.365799
109	81	51	185.164047
110	81	51	183.443909
111	81	52	181.113556
112	81	48	180.550446
113	81	51	180.550446
114	81	124	180.550446
115	81	144	180.550446
116	81	145	121.415741
117	81	51	84.887962
118	81	1495	84.887962
119	81	60	50.045937
120	81	227	50.045937
121	81	48	23.855988
122	81	52	23.855988
123	81	1423	0
124	81	1969	0
125	81	1970	0
126	81	622	0
127	81	622	0
128	81	622	0
0	82	622	0
1	82	622	0
2	82	622	0
3	82	622	0
4	82	622	0
5	82	1971	0
6	82	9	0
7	82	320	1.500265
8	82	52	31.385763
9	82	52	113.674683
10	82	52	174.406296
11	82	48	122.367188
12	82	48	34.872288
13	82	56	5.939252
14	82	1972	0.188736
15	82	550	0
16	82	52	0
17	82	51	2.225651
18	82	130	9.518342
19	82	338	12.658383
20	82	338	17.472891
21	82	338	27.541691
22	82	338	27.624586
23	82	338	11.918903
24	82	338	0
25	82	338	0
26	82	338	1.077505
27	82	338	4.728724
28	82	338	9.514163
29	82	338	16.563898
30	82	338	28.053242
31	82	338	39.037697
32	82	338	44.55983
33	82	338	41.431515
34	82	338	38.146988
35	82	338	38.649387
36	82	338	35.491714
37	82	338	31.132505
38	82	338	25.904861
39	82	338	21.774546
40	82	338	22.360685
41	82	750	27.916325
42	82	750	33.302299
43	82	1808	37.556396
44	82	1808	37.433422
45	82	750	33.660576
46	82	9	28.003178
47	82	37	21.545137
48	82	38	15.406762
49	82	9	13.792006
50	82	320	11.87582
51	82	52	7.318964
52	82	551	1.681529
53	82	1522	0.308418
54	82	1297	0.763173
55	82	589	0.809179
56	82	565	0.438973
57	82	1188	0.151754
58	82	635	10.201737
59	82	52	21.711437
60	82	52	31.393326
61	82	1973	37.577168
62	82	1974	37.747017
63	82	1975	32.734783
64	82	1976	28.471882
65	82	321	30.436398
66	82	9	32.156208
67	82	37	34.439816
68	82	648	35.740643
69	82	31	35.787231
70	82	31	36.544758
71	82	31	37.874996
72	82	1474	39.960373
73	82	60	40.10231
74	82	60	38.408401
75	82	60	48.126602
76	82	60	42.049225
77	82	60	57.871197
78	82	60	50.660324
79	82	1925	72.983994
80	82	24	72.983994
81	82	86	72.983994
82	82	52	72.983994
83	82	51	39.241924
84	82	52	39.489147
85	82	56	21.023794
86	82	1977	28.711964
87	82	1978	23.834354
88	82	60	41.336815
89	82	1979	58.040649
90	82	1980	82.140427
91	82	1981	123.473907
92	82	1982	152.669235
93	82	1983	61.017273
94	82	1984	46.353188
95	82	1985	41.985264
96	82	1986	21.140821
97	82	1987	6.82971
98	82	1225	5.456992
99	82	1988	1.854599
100	82	144	0
101	82	145	14.292005
102	82	51	24.575996
103	82	52	38.655411
104	82	48	47.96653
105	82	52	57.417484
106	82	48	61.480228
107	82	48	61.68092
108	82	48	64.430374
109	82	51	139.711105
110	82	52	139.123917
111	82	52	136.14621
112	82	51	130.93338
113	82	52	126.55262
114	82	51	123.441345
115	82	52	121.69693
116	82	48	121.415741
117	82	48	84.887962
118	82	48	84.887962
119	82	51	50.045937
120	82	52	50.045937
121	82	1989	23.855988
122	82	1990	23.855988
123	82	1991	0
124	82	1992	0
125	82	776	0
126	82	776	0
127	82	776	0
128	82	776	0
0	83	777	0
1	83	1409	0
2	83	776	0
3	83	776	0
4	83	1993	0
5	83	1994	0
6	83	320	0
7	83	52	0
8	83	51	11.674171
9	83	48	107.457153
10	83	51	187.641037
11	83	52	161.323227
12	83	52	85.364502
13	83	369	45.5168
14	83	320	24.464417
15	83	48	0.598746
16	83	52	0
17	83	1929	0
18	83	1930	0.966454
19	83	1930	1.214768
20	83	1930	2.008097
21	83	1930	7.746106
22	83	1930	7.436587
23	83	1930	0.6638
24	83	1930	0
25	83	1995	0
26	83	1996	1.404992
27	83	1997	6.009953
28	83	1998	11.801723
29	83	1999	17.991228
30	83	2000	25.972805
31	83	2001	32.874435
32	83	421	36.871357
33	83	591	42.326103
34	83	774	48.342453
35	83	2002	45.25452
36	83	2003	45.21484
37	83	2004	48.006325
38	83	2005	45.993866
39	83	2006	38.788506
40	83	2007	25.520947
41	83	556	22.750874
42	83	749	25.612295
43	83	750	26.668144
44	83	750	25.716541
45	83	9	22.35832
46	83	64	16.877396
47	83	157	9.789763
48	83	9	5.149307
49	83	549	8.502959
50	83	1513	7.195025
51	83	1522	1.61718
52	83	588	0
53	83	864	0.294892
54	83	589	0
55	83	52	0
56	83	51	0
57	83	51	0
58	83	48	2.720313
59	83	52	12.506985
60	83	53	20.244434
61	83	2008	24.655218
62	83	2009	24.47006
63	83	51	19.359352
64	83	56	11.926437
65	83	2010	8.287442
66	83	2011	25.565493
67	83	2012	31.17403
68	83	2013	35.817802
69	83	2014	39.083347
70	83	2015	41.73016
71	83	1309	45.989918
72	83	51	46.733887
73	83	48	44.804543
74	83	52	41.981838
75	83	52	50.729668
76	83	48	44.006931
77	83	51	58.892982
78	83	48	52.296509
79	83	51	70.546669
80	83	52	63.862209
81	83	48	62.816139
82	83	48	62.816139
83	83	48	38.369797
84	83	48	38.807987
85	83	52	18.779987
86	83	52	24.083122
87	83	52	18.002661
88	83	1706	34.537563
89	83	2016	50.02462
90	83	1397	69.293495
91	83	2017	106.181801
92	83	2018	139.246124
93	83	2019	61.017273
94	83	2020	61.017273
95	83	1397	46.353188
96	83	1398	36.225189
97	83	48	30.468237
98	83	551	17.957321
99	83	552	9.82621
100	83	553	0
101	83	51	0
102	83	52	0
103	83	52	0
104	83	551	0
105	83	552	0
106	83	553	0
107	83	48	0
108	83	48	0
109	83	51	0
110	83	51	0
111	83	51	0
112	83	51	0
113	83	48	0
114	83	52	0
115	83	48	0
116	83	52	0
117	83	51	0
118	83	165	0
119	83	2021	0
120	83	2022	0
121	83	1510	0
122	83	51	0
123	83	51	0
124	83	48	0
125	83	52	0
126	83	1402	0
127	83	2023	0
128	83	2024	0
0	84	1433	0
1	84	48	0
2	84	51	0
3	84	124	0
4	84	2025	0
5	84	2026	0
6	84	550	0
7	84	52	21.064821
8	84	48	65.916016
9	84	51	138.032455
10	84	51	185.778473
11	84	51	168.876709
12	84	56	133.279053
13	84	1972	109.566322
14	84	550	70.49955
15	84	48	23.346554
16	84	48	1.658059
17	84	48	0
18	84	52	3.725386
19	84	48	8.161276
20	84	52	2.834827
21	84	48	4.667256
22	84	48	6.999647
23	84	52	2.208785
24	84	48	2.19101
25	84	48	3.153277
26	84	2027	2.307356
27	84	1996	9.447183
28	84	2028	9.447183
29	84	2029	34.315781
30	84	2030	29.913624
31	84	2031	36.483681
32	84	2032	47.239357
33	84	2032	82.777824
34	84	2033	105.760429
35	84	2034	89.340714
36	84	2035	86.273628
37	84	2036	122.991989
38	84	2037	138.308701
39	84	2038	100.612785
40	84	2039	59.889214
41	84	2040	23.978386
42	84	420	17.406601
43	84	720	16.489285
44	84	9	16.831442
45	84	9	17.449789
46	84	9	9.638415
47	84	9	1.410018
48	84	233	17.169954
49	84	2041	39.788258
50	84	677	36.939159
51	84	1767	22.394785
52	84	637	24.499016
53	84	746	29.212757
54	84	51	23.967648
55	84	51	17.122375
56	84	48	14.781397
57	84	51	3.977893
58	84	51	0.238815
59	84	52	5.859936
60	84	48	11.206217
61	84	51	19.739399
62	84	52	22.528139
63	84	52	20.175507
64	84	416	16.442734
65	84	185	8.145241
66	84	187	41.870571
67	84	416	51.799816
68	84	185	39.699303
69	84	2042	43.92651
70	84	227	64.152473
71	84	51	84.454544
72	84	52	84.371918
73	84	48	85.86657
74	84	51	76.985176
75	84	48	53.022404
76	84	48	51.238861
77	84	51	51.458012
78	84	52	59.276585
79	84	48	69.954384
80	84	52	62.816139
81	84	48	62.816139
82	84	48	62.816139
83	84	48	53.469536
84	84	48	9.926547
85	84	52	9.03215
86	84	551	8.534954
87	84	552	9.960883
88	84	552	24.931402
89	84	552	38.980988
90	84	553	51.278618
91	84	51	71.892525
92	84	48	55.339439
93	84	48	55.339439
94	84	52	61.017273
95	84	51	61.017273
96	84	52	46.353188
97	84	586	51.394859
98	84	588	41.185089
99	84	589	31.452311
100	84	52	0
101	84	48	0
102	84	48	0
103	84	586	0
104	84	864	0
105	84	589	0
106	84	48	0
107	84	52	0
108	84	51	0
109	84	51	0
110	84	52	0
111	84	48	0
112	84	51	0
113	84	48	0.645538
114	84	48	0.645538
115	84	51	0.645538
116	84	551	0.645538
117	84	2043	0
118	84	2044	0
119	84	2045	0
120	84	2046	0
121	84	52	0
122	84	48	0
123	84	48	0
124	84	51	0
125	84	1368	0
126	84	2047	0
127	84	2048	0
128	84	2049	0
0	85	167	0
1	85	51	0
2	85	48	0
3	85	124	0
4	85	2050	0
5	85	1972	0
6	85	270	9.734664
7	85	550	63.044319
8	85	48	120.583092
9	85	48	149.778992
10	85	52	152.652512
11	85	48	143.711853
12	85	56	151.375488
13	85	86	136.176788
14	85	51	113.87487
15	85	48	74.669876
16	85	275	37.871937
17	85	2051	14.148327
18	85	2052	30.708815
19	85	2053	44.351723
20	85	48	59.188126
21	85	48	61.387489
22	85	48	59.472153
23	85	51	47.42189
24	85	52	46.441875
25	85	48	48.777344
26	85	48	35.685123
27	85	48	9.447183
28	85	52	9.447183
29	85	1230	85.694038
30	85	1558	60.381302
31	85	51	43.421524
32	85	48	81.344246
33	85	48	151.249313
34	85	48	199.90155
35	85	48	173.424088
36	85	1953	170.599884
37	85	2034	223.221756
38	85	2054	238.243454
39	85	2055	186.499268
40	85	2056	101.149506
41	85	2057	57.319729
42	85	2058	41.915352
43	85	9	34.953766
44	85	9	40.543701
45	85	9	49.881283
46	85	9	48.3657
47	85	320	27.851709
48	85	586	39.35107
49	85	677	79.452248
50	85	589	90.779816
51	85	52	84.365898
52	85	52	91.487366
53	85	48	100.97332
54	85	52	102.247803
55	85	48	95.302643
56	85	52	75.491432
57	85	51	60.92955
58	85	51	53.400665
59	85	48	61.698608
60	85	51	59.30275
61	85	52	64.277702
62	85	51	61.478462
63	85	565	64.66011
64	85	1188	81.566963
65	85	635	92.590164
66	85	565	114.59848
67	85	1188	128.245468
68	85	635	104.634468
69	85	51	69.90654
70	85	48	104.722786
71	85	52	150.51535
72	85	48	166.358826
73	85	52	162.44426
74	85	51	148.472305
75	85	48	109.558304
76	85	48	112.040077
77	85	48	117.500832
78	85	48	73.96759
79	85	51	64.235741
80	85	48	62.816139
81	85	51	62.816139
82	85	52	62.816139
83	85	48	98.408104
84	85	48	59.669888
85	85	586	59.495258
86	85	587	48.854927
87	85	587	28.365358
88	85	1297	20.770458
89	85	589	27.551363
90	85	48	36.956253
91	85	52	45.014107
92	85	51	55.339439
93	85	52	55.339439
94	85	48	61.017273
95	85	51	141.700287
96	85	636	120.433052
97	85	637	77.568321
98	85	746	49.419716
99	85	48	37.858513
100	85	52	31.077297
101	85	51	26.087893
102	85	586	23.945227
103	85	864	25.281479
104	85	589	29.178408
105	85	52	38.743885
106	85	52	21.296717
107	85	51	17.145185
108	85	52	25.374157
109	85	52	27.35153
110	85	52	23.127666
111	85	48	13.596397
112	85	52	5.73755
113	85	52	0.645538
114	85	51	0.645538
115	85	586	0.645538
116	85	1297	0.645538
117	85	2059	0
118	85	2060	0
119	85	2061	7.034094
120	85	552	2.280784
121	85	553	0
122	85	48	0
123	85	48	0
124	85	1385	0
125	85	2062	0
126	85	2063	0
127	85	2064	0
128	85	2065	0
0	86	2066	0
1	86	1491	0
2	86	48	0
3	86	51	0
4	86	369	0
5	86	9	0
6	86	320	30.267603
7	86	52	95.156464
8	86	51	137.842514
9	86	48	117.560562
10	86	52	124.071419
11	86	52	148.953461
12	86	48	152.289612
13	86	51	139.420822
14	86	52	145.053146
15	86	56	150.625641
16	86	2067	101.694008
17	86	1930	65.028259
18	86	2068	82.452843
19	86	2053	119.93882
20	86	51	144.63649
21	86	52	153.914993
22	86	51	154.827057
23	86	51	135.739334
24	86	51	141.316925
25	86	52	147.007477
26	86	51	112.976334
27	86	48	9.447183
28	86	51	9.447183
29	86	51	151.910492
30	86	48	121.050072
31	86	48	87.754257
32	86	48	141.180023
33	86	52	221.389771
34	86	551	259.661438
35	86	552	226.315918
36	86	553	210.004959
37	86	2069	239.793243
38	86	2070	258.043701
39	86	2004	207.22374
40	86	1027	153.30336
41	86	2071	133.27092
42	86	9	130.584244
43	86	9	121.557022
44	86	9	122.318336
45	86	9	138.301865
46	86	320	137.858444
47	86	586	102.183502
48	86	588	90.48381
49	86	589	110.173325
50	86	52	142.451721
51	86	51	151.033432
52	86	52	151.174316
53	86	52	180.688873
54	86	48	186.93927
55	86	48	174.521317
56	86	48	150.906921
57	86	51	158.077942
58	86	51	172.864212
59	86	48	166.246201
60	86	52	150.215134
61	86	52	69.465103
62	86	48	73.965645
63	86	52	82.794655
64	86	51	163.477005
65	86	52	168.382111
66	86	52	192.949066
67	86	51	202.259552
68	86	52	162.560455
69	86	48	111.615829
70	86	48	138.896164
71	86	48	188.345078
72	86	48	206.985168
73	86	51	222.045929
74	86	48	206.148529
75	86	52	168.103439
76	86	51	167.292343
77	86	48	179.841324
78	86	52	132.4039
79	86	51	62.816139
80	86	48	62.816139
81	86	52	62.816139
82	86	48	62.816139
83	86	48	125.193558
84	86	636	126.92588
85	86	637	146.141937
86	86	637	146.023819
87	86	637	115.69931
88	86	746	75.096214
89	86	48	39.279545
90	86	51	23.820707
91	86	2072	29.838076
92	86	2073	39.405899
93	86	2074	71.548164
94	86	2074	123.782646
95	86	2075	111.445465
96	86	52	104.870796
97	86	51	46.863171
98	86	48	46.863171
99	86	52	46.863171
100	86	48	46.863171
101	86	636	58.852367
102	86	637	48.11974
103	86	746	42.81002
104	86	48	51.771271
105	86	52	60.808777
106	86	48	44.779156
107	86	51	60.82338
108	86	51	71.323151
109	86	48	67.272018
110	86	52	64.191429
111	86	48	54.410522
112	86	51	41.325447
113	86	52	29.686913
114	86	636	39.103718
115	86	637	32.120594
116	86	2076	26.767563
117	86	144	21.973261
118	86	2077	17.361258
119	86	864	25.950001
120	86	2078	19.82008
121	86	2079	12.361284
122	86	51	6.557436
123	86	52	2.625649
124	86	124	0.378478
125	86	144	0
126	86	2080	0
127	86	2081	0
128	86	2082	0
0	87	1510	0
1	87	51	0
2	87	48	0
3	87	56	0
4	87	321	0
5	87	549	1.204706
6	87	550	56.812805
7	87	51	123.458176
8	87	48	131.893021
9	87	51	98.507034
10	87	51	107.654648
11	87	51	161.818039
12	87	48	141.57309
13	87	52	106.801636
14	87	48	133.345947
15	87	51	156.363388
16	87	51	126.071983
17	87	1929	77.242447
18	87	2068	100.175659
19	87	2052	132.426895
20	87	2052	163.555634
21	87	2052	172.782013
22	87	2052	175.635056
23	87	2052	167.746597
24	87	2052	170.124237
25	87	2083	181.524689
26	87	2084	152.808823
27	87	2085	45.901737
28	87	2086	45.901737
29	87	2052	167.97348
30	87	2052	153.533203
31	87	2052	138.450882
32	87	2053	172.219864
33	87	586	219.046478
34	87	864	226.937592
35	87	589	195.617691
36	87	2027	161.292526
37	87	2087	166.86908
38	87	2088	172.644073
39	87	2089	165.306259
40	87	2090	157.254639
41	87	9	171.950073
42	87	9	182.667999
43	87	9	181.319427
44	87	9	177.185074
45	87	320	185.584763
46	87	636	184.424408
47	87	637	161.598373
48	87	746	125.28788
49	87	52	127.954521
50	87	52	149.409775
51	87	51	145.490845
52	87	48	139.768219
53	87	52	162.761002
54	87	48	171.436829
55	87	2091	157.371521
56	87	2074	148.655228
57	87	2075	182.123276
58	87	2091	217.815308
59	87	2074	197.585556
60	87	2075	153.259537
61	87	51	78.618744
62	87	48	92.500374
63	87	52	106.58606
64	87	48	117.405739
65	87	51	181.785431
66	87	48	177.825714
67	87	48	181.49115
68	87	48	161.101303
69	87	48	122.0839
70	87	48	134.837341
71	87	52	161.087967
72	87	52	170.910416
73	87	48	190.886795
74	87	2091	194.5802
75	87	2074	159.94751
76	87	2075	165.345352
77	87	52	179.187866
78	87	48	105.998451
79	87	51	62.816139
80	87	51	62.816139
81	87	51	62.816139
82	87	51	62.816139
83	87	51	125.605919
84	87	2091	150.690155
85	87	2092	183.715286
86	87	2093	203.260101
87	87	2093	198.629929
88	87	2093	148.22261
89	87	2093	61.855621
90	87	2094	13.492785
91	87	2095	15.874351
92	87	2096	23.515106
93	87	2096	39.754848
94	87	2097	79.230873
95	87	2074	122.042305
96	87	2074	46.863171
97	87	2075	46.863171
98	87	51	46.863171
99	87	52	46.863171
100	87	2098	46.863171
101	87	2099	97.039406
102	87	2099	85.279602
103	87	2100	94.019211
104	87	52	104.245255
105	87	48	100.67968
106	87	48	103.61335
107	87	52	113.607643
108	87	48	122.629173
109	87	52	124.894188
110	87	51	120.518547
111	87	52	111.483482
112	87	551	98.436905
113	87	552	83.606644
114	87	553	71.305214
115	87	51	64.581848
116	87	52	60.436646
117	87	586	56.7295
118	87	1297	52.578911
119	87	2101	47.478779
120	87	1968	41.110779
121	87	48	32.038151
122	87	52	22.460588
123	87	127	14.478651
124	87	92	8.34808
125	87	92	3.98628
126	87	2102	1.241251
127	87	2103	0
128	87	1537	0
0	88	48	0
1	88	48	0
2	88	48	0
3	88	56	0
4	88	321	1.661797
5	88	549	27.339119
6	88	270	88.441322
7	88	550	146.024078
8	88	52	140.501419
9	88	51	159.052353
10	88	52	150.639908
11	88	51	174.29007
12	88	48	145.897629
13	88	48	113.856682
14	88	51	135.147217
15	88	51	155.263931
16	88	52	131.450989
17	88	1929	110.476257
18	88	1931	117.435913
19	88	1527	136.844498
20	88	1482	153.794724
21	88	1527	158.799194
22	88	1527	161.419189
23	88	1504	160.816788
24	88	2104	161.153656
25	88	1868	166.100784
26	88	2105	159.015808
27	88	2106	70.501762
28	88	1504	70.501762
29	88	1503	177.594086
30	88	1527	189.388748
31	88	2107	188.909851
32	88	586	207.511169
33	88	587	215.88974
34	88	589	207.519669
35	88	48	187.594559
36	88	2108	171.671173
37	88	2109	152.812302
38	88	2110	160.470627
39	88	2111	172.806229
40	88	9	178.787003
41	88	9	189.936722
42	88	9	195.892319
43	88	233	200.024002
44	88	86	200.08345
45	88	52	196.054443
46	88	51	200.534744
47	88	52	195.381821
48	88	51	171.486008
49	88	48	164.041931
50	88	48	160.55896
51	88	2091	153.532089
52	88	2074	130.16452
53	88	2074	133.247742
54	88	2112	148.233643
55	88	2113	128.795029
56	88	2114	132.342224
57	88	2115	171.190994
58	88	2116	198.854675
59	88	2117	176.219208
60	88	2073	129.676224
61	88	2074	86.44342
62	88	2074	93.262794
63	88	2074	121.671928
64	88	2074	137.626541
65	88	2074	193.380173
66	88	2074	171.126862
67	88	2118	177.500305
68	88	2119	185.654419
69	88	2120	181.375885
70	88	2074	182.417831
71	88	2092	191.80661
72	88	2093	184.361038
73	88	2121	195.366852
74	88	2122	197.60173
75	88	2097	177.710022
76	88	2123	178.131302
77	88	2124	178.856812
78	88	2120	105.998451
79	88	2074	62.816139
80	88	2074	62.816139
81	88	2092	62.816139
82	88	2093	62.816139
83	88	2121	144.757019
84	88	2125	170.472427
85	88	2126	217.327637
86	88	2126	263.850067
87	88	2126	280.991516
88	88	2126	240.608871
89	88	2126	143.827316
90	88	2095	7.958195
91	88	2127	5.360545
92	88	2128	12.236309
93	88	2096	21.40465
94	88	2096	31.092592
95	88	2096	59.876606
96	88	2129	46.863171
97	88	2124	46.863171
98	88	2119	46.863171
99	88	2130	46.863171
100	88	2131	108.529045
101	88	2132	112.839905
102	88	2133	139.857956
103	88	51	146.598389
104	88	52	149.685425
105	88	52	146.657562
106	88	52	142.733292
107	88	48	145.548737
108	88	51	142.746002
109	88	51	137.988846
110	88	51	136.048019
111	88	586	129.423492
112	88	864	117.870895
113	88	589	102.818413
114	88	48	89.677437
115	88	2072	82.502518
116	88	2134	79.731628
117	88	2135	77.706421
118	88	746	74.293182
119	88	51	69.346634
120	88	51	62.613556
121	88	48	52.293488
122	88	121	39.478493
123	88	122	27.922348
124	88	122	18.449041
125	88	122	11.08698
126	88	123	5.666964
127	88	48	2.108166
128	88	52	0.309175
0	89	48	0
1	89	52	0
2	89	48	0
3	89	369	0
4	89	9	9.301247
5	89	9	60.899433
6	89	320	118.089355
7	89	48	164.562668
8	89	51	147.507965
9	89	48	149.311432
10	89	52	107.769272
11	89	52	97.86599
12	89	48	80.431801
13	89	52	69.776588
14	89	52	82.95031
15	89	48	83.353485
16	89	51	72.155243
17	89	1929	71.998337
18	89	1931	75.966385
19	89	1527	80.157104
20	89	1503	83.126442
21	89	1527	84.084641
22	89	1527	84.516449
23	89	2136	88.335083
24	89	2137	84.319725
25	89	2138	79.662521
26	89	2139	87.744003
27	89	1504	91.357796
28	89	1527	91.357796
29	89	1503	122.649162
30	89	2140	139.172485
31	89	2141	142.614578
32	89	2142	155.004837
33	89	746	160.044815
34	89	48	155.815567
35	89	2027	151.341858
36	89	2143	143.73143
37	89	1868	133.541977
38	89	2144	132.804871
39	89	9	134.467712
40	89	9	129.680038
41	89	9	126.670189
42	89	320	123.016914
43	89	51	123.818565
44	89	51	127.611511
45	89	52	123.837936
46	89	52	120.885635
47	89	51	125.235184
48	89	48	117.112434
49	89	2145	103.588936
50	89	2146	102.128464
51	89	2113	91.406616
52	89	2113	78.179008
53	89	2147	77.065521
54	89	2148	80.715103
55	89	2149	74.638084
56	89	2125	72.316269
57	89	2126	94.727432
58	89	2126	98.698555
59	89	2095	83.16201
60	89	2096	75.190414
61	89	2150	75.839699
62	89	2151	111.825912
63	89	2152	147.057434
64	89	2096	162.429855
65	89	2096	162.621948
66	89	2153	156.129532
67	89	2154	162.198578
68	89	2155	174.197342
69	89	2116	182.403351
70	89	2125	185.461182
71	89	2126	183.670013
72	89	2126	175.556931
73	89	2156	166.245148
74	89	2116	162.639023
75	89	2157	145.363495
76	89	2158	134.345459
77	89	2159	112.24366
78	89	2116	105.998451
79	89	2116	62.816139
80	89	2125	62.816139
81	89	2126	62.816139
82	89	2126	62.816139
83	89	2160	93.233681
84	89	2161	130.579575
85	89	2162	191.212509
86	89	2163	237.534607
87	89	2164	263.416138
88	89	2126	236.373672
89	89	2165	148.055084
90	89	2166	18.955511
91	89	2167	0.743102
92	89	2168	5.702445
93	89	2168	14.32055
94	89	2168	23.506989
95	89	2166	35.074356
96	89	2169	46.863171
97	89	2154	46.863171
98	89	2170	46.863171
99	89	2132	107.689079
100	89	2132	137.097519
101	89	2171	188.703018
102	89	2099	189.265213
103	89	2099	194.731628
104	89	2099	183.397202
105	89	2172	158.470596
106	89	2093	157.937988
107	89	2173	162.465271
108	89	51	150.704742
109	89	52	140.647018
110	89	2174	139.160355
111	89	2175	133.910278
112	89	2176	125.059357
113	89	2093	113.096512
114	89	2094	102.875916
115	89	2126	98.480125
116	89	2177	97.491364
117	89	189	97.030998
118	89	189	94.691528
119	89	2178	89.876335
120	89	2074	82.130013
121	89	2179	70.444328
122	89	161	55.48225
123	89	144	40.979706
124	89	144	28.658861
125	89	145	18.619913
126	89	51	10.961249
127	89	52	5.356325
128	89	52	1.879398
0	90	51	0
1	90	51	0
2	90	369	0
3	90	9	0
4	90	9	17.677462
5	90	549	73.820679
6	90	270	125.751549
7	90	550	153.287354
8	90	51	140.593918
9	90	48	142.149765
10	90	52	79.920807
11	90	51	65.9972
12	90	52	65.393982
13	90	48	65.393982
14	90	52	65.393982
15	90	51	65.393982
16	90	51	65.393982
17	90	1929	65.393982
18	90	1931	65.393982
19	90	2180	65.393982
20	90	2181	65.393982
21	90	2181	65.393982
22	90	2181	65.393982
23	90	2182	65.393982
24	90	2003	65.393982
25	90	2183	65.393982
26	90	2184	70.492592
27	90	2184	80.260612
28	90	2185	92.33712
29	90	1503	104.427414
30	90	1503	115.969223
31	90	2107	127.075218
32	90	51	137.593292
33	90	52	146.130096
34	90	52	151.231812
35	90	2108	149.595779
36	90	1781	142.710007
37	90	2186	138.09668
38	90	9	133.834824
39	90	9	128.985382
40	90	9	123.485764
41	90	320	116.980614
42	90	51	109.714645
43	90	52	105.218163
44	90	48	107.925812
45	90	51	103.664558
46	90	51	97.295502
47	90	52	96.457977
48	90	2187	91.219025
49	90	2188	81.950043
50	90	2148	76.802017
51	90	2148	72.343529
52	90	2148	69.025505
53	90	2148	66.615501
54	90	2189	65.393982
55	90	2126	65.393982
56	90	2126	65.393982
57	90	2190	65.400169
58	90	2191	65.393982
59	90	2192	66.448944
60	90	2193	72.008812
61	90	2194	81.688591
62	90	2195	98.014015
63	90	2168	127.273956
64	90	2168	150.119507
65	90	2196	158.877197
66	90	2154	164.009415
67	90	2197	124.086609
68	90	2126	124.086609
69	90	2126	124.086609
70	90	2126	198.255783
71	90	2126	195.447937
72	90	2126	186.657242
73	90	2126	172.760849
74	90	2126	155.951752
75	90	2126	139.44873
76	90	2126	123.772011
77	90	2190	109.505226
78	90	2198	83.693382
79	90	2126	62.816139
80	90	2190	62.816139
81	90	2163	62.816139
82	90	2199	62.816139
83	90	2131	76.653564
84	90	2200	121.735199
85	90	2201	185.534424
86	90	2202	220.681168
87	90	2160	228.189651
88	90	2203	220.869003
89	90	2204	173.87149
90	90	2204	44.117203
91	90	2205	1.760975
92	90	2206	2.701587
93	90	2204	9.839534
94	90	2204	19.619568
95	90	2158	32.667858
96	90	2207	46.863171
97	90	2208	46.863171
98	90	2206	93.462494
99	90	2204	117.857819
100	90	2204	141.47142
101	90	2205	166.370651
102	90	2132	195.271515
103	90	2209	222.838989
104	90	2210	216.973114
105	90	2126	192.299713
106	90	2211	168.329971
107	90	2093	148.586182
108	90	2093	142.067642
109	90	2094	136.938904
110	90	2126	135.420181
111	90	2126	130.597672
112	90	2126	123.407898
113	90	2126	114.697403
114	90	2126	108.778999
115	90	2212	109.265991
116	90	253	111.705734
117	90	252	112.989166
118	90	2213	112.075401
119	90	2096	107.005379
120	90	2214	98.529526
121	90	2215	85.544884
122	90	51	68.883324
123	90	51	52.316002
124	90	48	37.605476
125	90	48	25.37813
126	90	52	15.76768
127	90	48	8.694374
128	90	52	3.729485
0	91	48	0
1	91	369	0
2	91	9	0
3	91	9	0
4	91	9	19.60957
5	91	9	66.432137
6	91	549	97.610718
7	91	270	140.500473
8	91	270	144.369537
9	91	550	153.322357
10	91	52	74.234558
11	91	52	65.393982
12	91	48	65.393982
13	91	52	65.393982
14	91	52	65.393982
15	91	51	65.393982
16	91	52	65.393982
17	91	2216	65.393982
18	91	2217	65.393982
19	91	2218	65.393982
20	91	784	65.393982
21	91	1629	65.393982
22	91	2219	65.393982
23	91	2220	65.393982
24	91	2221	65.393982
25	91	2222	65.393982
26	91	752	71.145592
27	91	2186	81.57766
28	91	2223	93.091629
29	91	1930	105.285667
30	91	2224	117.72731
31	91	52	129.33432
32	91	52	139.617401
33	91	52	148.070587
34	91	53	153.124557
35	91	2225	151.300674
36	91	2226	146.138962
37	91	9	144.30304
38	91	9	142.003265
39	91	233	139.231277
40	91	86	135.66037
41	91	52	130.089615
42	91	48	123.958961
43	91	51	117.816269
44	91	48	116.113655
45	91	48	113.128548
46	91	52	107.67942
47	91	48	100.667236
48	91	2227	93.493271
49	91	2228	86.600746
50	91	2148	80.760895
51	91	2148	76.938553
52	91	2148	73.299591
53	91	2229	69.977348
54	91	2230	67.581123
55	91	2230	66.584755
56	91	2231	66.179398
57	91	2232	68.222809
58	91	2233	71.032387
59	91	1127	76.743805
60	91	253	85.448448
61	91	2234	96.437569
62	91	2235	109.457787
63	91	2132	124.000961
64	91	2236	124.086609
65	91	2237	124.086609
66	91	2238	124.086609
67	91	2239	124.086609
68	91	2126	123.345337
69	91	2126	124.086609
70	91	2126	124.086609
71	91	2126	124.086609
72	91	2126	124.086609
73	91	2126	124.086609
74	91	2126	124.086609
75	91	2126	124.086609
76	91	2240	124.086609
77	91	2241	109.484772
78	91	2126	82.883583
79	91	2242	62.816139
80	91	2243	62.816139
81	91	2244	62.816139
82	91	2244	62.816139
83	91	2245	75.277565
84	91	2126	109.965477
85	91	2126	158.56073
86	91	2246	195.130005
87	91	2202	203.674255
88	91	2190	206.592072
89	91	2230	194.926208
90	91	2247	70.478065
91	91	2202	16.070965
92	91	2126	0.802285
93	91	2126	6.017596
94	91	2126	16.31798
95	91	2246	30.157619
96	91	2204	45.067104
97	91	2202	59.418152
98	91	2126	71.491119
99	91	2126	79.640312
100	91	2248	92.665047
101	91	2249	113.477806
102	91	2250	146.813126
103	91	2251	191.776077
104	91	2252	236.476013
105	91	2252	240.35025
106	91	2252	200.205292
107	91	2253	148.100479
108	91	2126	125.584923
109	91	2126	127.938469
110	91	2126	125.691185
111	91	2126	120.709473
112	91	2254	114.23658
113	91	2255	107.477722
114	91	2256	106.055267
115	91	251	110.723244
116	91	253	117.790764
117	91	2213	122.169655
118	91	2096	122.994743
119	91	2096	118.801895
120	91	2257	109.909515
121	91	98	96.16407
122	91	52	78.450981
123	91	52	60.53944
124	91	48	44.286442
125	91	48	30.454451
126	91	48	19.590391
127	91	52	11.291244
128	91	51	5.472444
0	92	369	0
1	92	9	0
2	92	9	0
3	92	9	0
4	92	9	23.003504
5	92	9	58.785442
6	92	9	97.53138
7	92	9	161.220886
8	92	549	183.492142
9	92	550	167.422409
10	92	52	86.081673
11	92	48	65.393982
12	92	52	65.393982
13	92	48	65.393982
14	92	48	65.393982
15	92	48	65.393982
16	92	2258	65.393982
17	92	2259	65.508965
18	92	1932	65.954666
19	92	2220	66.210556
20	92	2220	66.267021
21	92	2259	66.121826
22	92	1504	65.780617
23	92	2180	65.393982
24	92	2182	65.393982
25	92	2260	65.393982
26	92	2261	71.534317
27	92	2262	81.928673
28	92	48	93.503754
29	92	51	105.75621
30	92	551	118.396523
31	92	552	133.69783
32	92	553	146.840851
33	92	51	156.611465
34	92	2263	161.610703
35	92	2264	158.332443
36	92	9	155.82782
37	92	9	155.053101
38	92	320	154.147522
39	92	48	152.832687
40	92	48	149.934448
41	92	52	146.700043
42	92	48	140.938065
43	92	52	134.937241
44	92	51	132.845596
45	92	52	128.587662
46	92	48	120.239182
47	92	48	110.53212
48	92	338	103.475693
49	92	338	99.465797
50	92	338	95.352928
51	92	338	90.879143
52	92	338	86.121788
53	92	338	81.502586
54	92	2154	77.396065
55	92	2232	76.005348
56	92	2154	77.249275
57	92	2233	78.434242
58	92	251	81.113686
59	92	252	88.868401
60	92	2265	99.543396
61	92	2243	111.710083
62	92	2244	124.086609
63	92	2244	124.086609
64	92	2266	124.086609
65	92	2267	121.860847
66	92	2268	120.036255
67	92	2126	117.313148
68	92	2126	115.830048
69	92	2126	119.221535
70	92	2190	120.486107
71	92	2198	122.191124
72	92	2126	120.99173
73	92	2126	122.771523
74	92	2126	124.086609
75	92	2126	124.086609
76	92	2190	124.086609
77	92	2230	111.004166
78	92	2231	84.527077
79	92	2232	62.816139
80	92	2232	62.816139
81	92	2154	62.816139
82	92	2197	62.816139
83	92	2126	72.422935
84	92	2126	88.381332
85	92	2126	117.480263
86	92	2126	164.786469
87	92	2242	195.319855
88	92	2154	215.966019
89	92	2197	214.648071
90	92	2126	125.230141
91	92	2126	61.181625
92	92	2126	14.163258
93	92	2126	1.836713
94	92	2126	11.445288
95	92	2126	25.861694
96	92	2126	41.414898
97	92	2254	56.264408
98	92	2252	68.891808
99	92	2269	78.6436
100	92	497	86.130646
101	92	496	87.36348
102	92	498	92.660522
103	92	496	127.669724
104	92	498	188.02533
105	92	498	234.686081
106	92	2251	224.017029
107	92	2252	170.955017
108	92	2252	123.136627
109	92	2252	109.905602
110	92	2252	108.829483
111	92	2269	103.562553
112	92	2270	97.808609
113	92	2271	95.247002
114	92	253	97.764107
115	92	252	104.72934
116	92	2272	113.160172
117	92	2273	120.404831
118	92	2096	124.139664
119	92	2274	121.547562
120	92	123	112.233208
121	92	48	99.709747
122	92	48	82.450371
123	92	48	69.96489
124	92	52	64.820747
125	92	52	47.066334
126	92	52	22.695322
127	92	52	12.665752
128	92	56	6.475602
0	93	321	0
1	93	9	0
2	93	9	0
3	93	9	0.021201
4	93	9	23.123278
5	93	9	61.689358
6	93	9	112.387093
7	93	9	181.188309
8	93	2275	190.850143
9	93	2053	176.771774
10	93	48	83.596687
11	93	52	65.393982
12	93	48	65.393982
13	93	51	65.393982
14	93	51	65.393982
15	93	1929	65.621635
16	93	1931	66.475685
17	93	1504	67.16481
18	93	1504	67.664154
19	93	1527	67.952553
20	93	1503	68.016365
21	93	1504	67.852402
22	93	1932	67.468719
23	93	2220	66.882729
24	93	2221	66.117691
25	93	2276	65.393982
26	93	2277	71.838463
27	93	1599	81.791168
28	93	52	94.043709
29	93	586	111.678642
30	93	1297	128.445831
31	93	589	128.445831
32	93	48	128.445831
33	93	130	128.445831
34	93	1503	128.445831
35	93	9	128.445831
36	93	233	128.445831
37	93	86	128.445831
38	93	52	128.445831
39	93	48	128.445831
40	93	48	128.445831
41	93	48	128.445831
42	93	48	128.445831
43	93	52	128.445831
44	93	48	128.445831
45	93	48	128.445831
46	93	52	128.445831
47	93	338	128.445831
48	93	383	123.623329
49	93	448	118.0047
50	93	383	112.804131
51	93	448	107.419037
52	93	338	101.679077
53	93	2278	96.512032
54	93	2278	94.433502
55	93	2279	95.099739
56	93	2280	94.610367
57	93	2281	93.798653
58	93	2281	97.103607
59	93	2282	105.108963
60	93	2232	116.313461
61	93	2232	124.086609
62	93	2154	123.252228
63	93	2154	123.603622
64	93	2283	117.071365
65	93	2284	102.643463
66	93	2252	89.997673
67	93	2285	182.745377
68	93	2286	190.748856
69	93	2287	121.374489
70	93	2288	126.53363
71	93	2126	122.157288
72	93	2126	122.018593
73	93	2126	115.529114
74	93	2126	132.768143
75	93	2289	124.0774
76	93	2290	124.086609
77	93	2291	112.354576
78	93	2292	85.897003
79	93	2293	62.816139
80	93	2294	62.816139
81	93	2295	62.816139
82	93	2296	62.816139
83	93	2252	66.711586
84	93	2252	72.472427
85	93	2252	90.275536
86	93	2297	140.977051
87	93	2292	189.407898
88	93	2284	209.623093
89	93	2252	229.551407
90	93	2253	149.72493
91	93	2126	89.345268
92	93	2126	29.469267
93	93	2126	0.99782
94	93	2254	5.183144
95	93	2252	19.703028
96	93	2269	35.599709
97	93	457	50.173035
98	93	498	62.854008
99	93	2298	74.549561
100	93	538	84.895508
101	93	2299	90.31134
102	93	496	91.160461
103	93	497	96.615204
104	93	2298	143.175385
105	93	538	201.594925
106	93	538	221.040802
107	93	538	183.945984
108	93	2299	136.227249
109	93	497	96.987282
110	93	2300	84.774529
111	93	2301	79.923225
112	93	2302	78.105118
113	93	253	80.293762
114	93	252	86.508339
115	93	252	95.76963
116	93	2213	106.017433
117	93	2096	114.65123
118	93	2274	120.183075
119	93	126	118.409065
120	93	98	109.040871
121	93	48	92.79837
122	93	48	78.675713
123	93	51	95.916161
124	93	48	117.085434
125	93	48	88.680962
126	93	52	38.89291
127	93	52	12.641713
128	93	369	6.550064
0	94	9	0
1	94	9	0
2	94	233	0
3	94	24	0
4	94	24	18.212772
5	94	321	66.753426
6	94	9	119.638779
7	94	513	159.927673
8	94	2107	154.224075
9	94	48	149.298737
10	94	52	76.795891
11	94	52	65.393982
12	94	52	65.393982
13	94	52	143.034332
14	94	551	143.034332
15	94	2303	143.034332
16	94	2304	143.034332
17	94	1527	143.034332
18	94	1504	69.361984
19	94	2223	69.692154
20	94	1930	69.765511
21	94	1930	69.577255
22	94	1930	69.139442
23	94	1931	68.477432
24	94	1504	67.623512
25	94	2305	66.667511
26	94	2306	71.625
27	94	552	83.841255
28	94	2307	102.400154
29	94	637	121.964256
30	94	746	121.964256
31	94	48	128.445831
32	94	130	128.445831
33	94	1503	128.445831
34	94	9	128.445831
35	94	320	128.445831
36	94	48	128.445831
37	94	51	128.445831
38	94	48	128.445831
39	94	52	128.445831
40	94	48	128.445831
41	94	48	128.445831
42	94	52	128.445831
43	94	51	128.445831
44	94	2308	128.445831
45	94	2309	128.445831
46	94	338	128.445831
47	94	384	128.445831
48	94	384	128.445831
49	94	448	128.445831
50	94	383	128.445831
51	94	338	124.866905
52	94	2148	124.086609
53	94	2148	124.086609
54	94	2310	124.086609
55	94	2279	124.086609
56	94	2311	124.086609
57	94	2194	124.086609
58	94	2312	124.086609
59	94	2232	122.450142
60	94	2232	121.697746
61	94	2154	116.109726
62	94	2232	113.377663
63	94	2313	112.065437
64	94	526	189.563934
65	94	457	192.649979
66	94	499	162.708206
67	94	738	150.739426
68	94	737	158.01532
69	94	2314	173.245667
70	94	2315	175.450943
71	94	2126	174.295929
72	94	2316	167.900543
73	94	2286	189.168121
74	94	2317	184.36171
75	94	738	168.941986
76	94	495	139.223068
77	94	496	113.22477
78	94	2318	95.972923
79	94	51	85.902405
80	94	51	78.378365
81	94	2319	71.480843
82	94	2320	68.137878
83	94	496	66.416992
84	94	668	65.393982
85	94	669	67.222565
86	94	669	108.388367
87	94	669	162.354874
88	94	669	203.547867
89	94	2321	229.862823
90	94	2322	150.749298
91	94	2323	91.622131
92	94	2324	35.103546
93	94	2269	4.966941
94	94	497	2.467248
95	94	497	12.565775
96	94	2298	27.135433
97	94	2299	41.104149
98	94	2325	53.809315
99	94	892	67.795219
100	94	2326	81.497597
101	94	538	91.411575
102	94	538	96.653488
103	94	2327	111.606148
104	94	9	141.083344
105	94	9	183.168869
106	94	2328	192.438034
107	94	2329	172.968323
108	94	498	138.638184
109	94	2330	98.66967
110	94	2096	69.170624
111	94	2331	62.295307
112	94	2332	61.480328
113	94	1127	64.981956
114	94	2333	74.344299
115	94	2334	86.112686
116	94	2096	98.220032
117	94	2096	108.457489
118	94	2335	114.440399
119	94	2336	112.683212
120	94	92	103.606552
121	94	98	87.581245
122	94	48	88.77874
123	94	551	142.522476
124	94	552	176.399002
125	94	552	131.868713
126	94	553	52.804939
127	94	56	11.356266
128	94	321	5.68299
0	95	9	0
1	95	320	0
2	95	51	0
3	95	51	0
4	95	56	23.718134
5	95	321	91.557907
6	95	513	143.025589
7	95	2107	154.55246
8	95	51	125.664474
9	95	51	135.941833
10	95	52	84.331772
11	95	51	65.393982
12	95	52	65.393982
13	95	586	143.034332
14	95	587	143.034332
15	95	2337	143.034332
16	95	2338	143.034332
17	95	1930	143.034332
18	95	2224	71.042435
19	95	52	71.428123
20	95	51	71.514359
21	95	52	71.293457
22	95	130	70.784584
23	95	2180	70.02636
24	95	2339	69.06469
25	95	586	68.06884
26	95	1297	75.450623
27	95	589	91.00219
28	95	52	111.198906
29	95	51	121.964256
30	95	52	121.964256
31	95	130	128.445831
32	95	1482	128.445831
33	95	9	128.445831
34	95	320	128.445831
35	95	48	128.445831
36	95	52	128.445831
37	95	52	128.445831
38	95	52	128.445831
39	95	48	128.445831
40	95	52	128.445831
41	95	51	128.445831
42	95	51	128.445831
43	95	2340	128.445831
44	95	2148	139.293533
45	95	338	139.293533
46	95	448	139.293533
47	95	383	128.445831
48	95	448	128.445831
49	95	384	128.445831
50	95	338	128.445831
51	95	2148	124.866905
52	95	2148	124.086609
53	95	2148	124.086609
54	95	2341	124.086609
55	95	2342	124.086609
56	95	252	124.086609
57	95	2265	122.069489
58	95	2154	111.621758
59	95	2154	107.031448
60	95	2154	105.689423
61	95	2283	92.989922
62	95	2343	167.507095
63	95	669	189.333496
64	95	489	200.95224
65	95	574	175.902176
66	95	759	157.455566
67	95	737	151.350983
68	95	393	165.73114
69	95	2314	171.866852
70	95	2286	181.950272
71	95	2317	179.904587
72	95	545	172.460358
73	95	394	178.965057
74	95	395	176.190048
75	95	450	166.080154
76	95	668	142.19072
77	95	2344	117.790756
78	95	2345	99.055847
79	95	2346	85.34977
80	95	48	75.816048
81	95	2347	70.061287
82	95	496	67.692047
83	95	499	66.020996
84	95	630	65.393982
85	95	545	65.493752
86	95	630	89.859924
87	95	737	136.777756
88	95	737	198.981171
89	95	2348	242.04567
90	95	2349	175.11235
91	95	2350	118.639
92	95	2351	55.428604
93	95	498	24.554626
94	95	457	6.400349
95	95	2325	10.28985
96	95	2329	21.589422
97	95	496	32.480701
98	95	457	45.274017
99	95	2325	70.375908
100	95	892	85.437057
101	95	892	95.675056
102	95	892	102.31102
103	95	2352	113.361137
104	95	2328	162.179016
105	95	2329	187.31871
106	95	497	173.140686
107	95	496	151.063492
108	95	2330	159.971664
109	95	2096	135.607498
110	95	2096	84.992485
111	95	2331	56.465309
112	95	2332	56.950851
113	95	2353	70.451698
114	95	2354	95.918541
115	95	2096	119.940247
116	95	2096	118.2099
117	95	2096	105.25309
118	95	2274	107.604164
119	95	122	105.674805
120	95	123	96.558975
121	95	51	90.814545
122	95	586	115.550087
123	95	1297	166.672485
124	95	587	181.399384
125	95	589	120.145828
126	95	51	41.253265
127	95	369	8.69977
128	95	9	4.326406
0	96	320	0
1	96	48	0
2	96	51	0
3	96	48	4.380864
4	96	369	36.061817
5	96	513	113.912102
6	96	2107	162.076248
7	96	48	171.43782
8	96	52	136.489014
9	96	52	137.158203
10	96	51	86.825775
11	96	52	65.393982
12	96	586	65.541321
13	96	588	143.034332
14	96	587	143.034332
15	96	589	143.034332
16	96	51	143.034332
17	96	48	143.034332
18	96	51	73.366165
19	96	51	73.366165
20	96	48	74.686966
21	96	1929	74.491447
22	96	2355	73.74704
23	96	1339	72.521637
24	96	586	70.895241
25	96	677	71.06926
26	96	589	81.711212
27	96	52	99.17569
28	96	51	118.431602
29	96	2356	138.334473
30	96	2357	158.95491
31	96	2184	178.070801
32	96	9	192.790039
33	96	320	202.390457
34	96	48	213.313675
35	96	52	227.067368
36	96	48	236.978668
37	96	51	243.289597
38	96	51	246.32486
39	96	275	235.275131
40	96	550	235.275131
41	96	52	237.860275
42	96	2340	231.157288
43	96	2148	225.323303
44	96	338	225.525528
45	96	448	222.588028
46	96	448	216.182709
47	96	448	206.754059
48	96	448	197.399384
49	96	338	190.594177
50	96	2358	185.9104
51	96	2359	184.282547
52	96	2359	189.717972
53	96	2360	199.746811
54	96	2361	210.657578
55	96	2362	210.657578
56	96	2363	219.455933
57	96	2312	208.073486
58	96	2154	186.264999
59	96	2283	177.028366
60	96	2343	175.205704
61	96	736	175.390732
62	96	545	184.373199
63	96	495	195.159012
64	96	457	179.316269
65	96	499	179.775345
66	96	545	177.451233
67	96	393	182.122559
68	96	545	176.649765
69	96	738	172.650848
70	96	630	167.163727
71	96	630	177.62323
72	96	495	163.137878
73	96	497	160.922974
74	96	497	166.915085
75	96	499	164.836685
76	96	738	146.849258
77	96	738	120.872894
78	96	1180	100.993469
79	96	2345	86.405777
80	96	2364	76.301048
81	96	669	69.625717
82	96	736	67.045235
83	96	394	65.441788
84	96	759	65.393982
85	96	393	65.393982
86	96	2365	70.790886
87	96	2366	127.778481
88	96	2367	210.037125
89	96	2368	280.790466
90	96	2349	225.698486
91	96	2369	179.91188
92	96	2370	100.757828
93	96	497	45.131939
94	96	457	8.985515
95	96	496	6.243062
96	96	497	17.425659
97	96	498	57.710293
98	96	496	124.213203
99	96	498	151.037567
100	96	496	124.778259
101	96	496	107.467041
102	96	2325	106.499329
103	96	2329	127.557007
104	96	496	196.255173
105	96	526	238.241959
106	96	496	190.156754
107	96	2371	167.280457
108	96	2372	213.174988
109	96	2096	149.600845
110	96	2096	143.506256
111	96	2331	77.658127
112	96	2373	77.658127
113	96	2096	86.85099
114	96	2096	120.075333
115	96	2096	123.273682
116	96	2096	165.948975
117	96	2374	125.491829
118	96	125	102.08049
119	96	123	97.474594
120	96	51	89.532303
121	96	636	103.674286
122	96	1308	132.920578
123	96	864	148.513458
124	96	589	119.1623
125	96	52	61.437492
126	96	369	17.693247
127	96	9	5.80966
128	96	320	2.63875
0	97	51	0
1	97	51	0
2	97	51	0
3	97	369	5.346179
4	97	513	54.652084
5	97	2107	121.887665
6	97	52	156.566742
7	97	48	162.108521
8	97	48	141.008911
9	97	48	139.245117
10	97	48	80.310127
11	97	636	65.393982
12	97	637	66.362602
13	97	637	143.034332
14	97	746	143.034332
15	97	48	143.034332
16	97	51	143.034332
17	97	48	143.034332
18	97	51	73.366165
19	97	48	73.366165
20	97	48	73.366165
21	97	51	78.120758
22	97	48	77.01812
23	97	636	75.586708
24	97	637	74.194565
25	97	746	76.73735
26	97	48	89.26741
27	97	2356	108.849586
28	97	2375	130.604828
29	97	1915	155.885376
30	97	1916	179.879761
31	97	9	200.625076
32	97	320	216.40538
33	97	48	226.762161
34	97	52	235.275131
35	97	48	235.275131
36	97	52	235.275131
37	97	48	235.275131
38	97	56	235.275131
39	97	86	235.275131
40	97	52	235.275131
41	97	2340	235.275131
42	97	2148	235.275131
43	97	338	235.275131
44	97	338	235.275131
45	97	338	235.275131
46	97	338	235.275131
47	97	338	239.531754
48	97	338	229.597183
49	97	2376	221.640274
50	97	393	217.418869
51	97	393	220.668106
52	97	630	229.652267
53	97	2377	229.652267
54	97	2378	210.657578
55	97	251	210.657578
56	97	2379	210.503433
57	97	2290	203.393661
58	97	2380	189.096573
59	97	736	185.387833
60	97	393	183.576813
61	97	737	229.26947
62	97	495	187.517365
63	97	496	181.088409
64	97	2381	180.675262
65	97	1703	186.473114
66	97	1703	198.421188
67	97	1703	202.812195
68	97	1703	192.571136
69	97	2382	175.203659
70	97	545	167.242615
71	97	350	170.607803
72	97	538	167.304428
73	97	2299	168.690521
74	97	574	177.972351
75	97	395	169.55777
76	97	395	148.231537
77	97	395	121.523903
78	97	759	101.288345
79	97	545	86.512222
80	97	545	76.04982
81	97	393	69.438538
82	97	495	66.223114
83	97	499	65.393982
84	97	630	65.393982
85	97	2383	65.393982
86	97	2384	78.503593
87	97	1503	141.386093
88	97	2385	227.500549
89	97	2349	288.467102
90	97	2386	248.473953
91	97	2387	211.674469
92	97	2299	134.193222
93	97	498	59.096394
94	97	498	14.953646
95	97	498	5.134163
96	97	526	21.424229
97	97	2298	99.118851
98	97	538	198.581421
99	97	2299	227.675476
100	97	498	168.630386
101	97	526	114.616425
102	97	496	108.971298
103	97	497	147.157608
104	97	497	234.810287
105	97	498	287.966888
106	97	2388	235.920334
107	97	2389	195.39679
108	97	2390	189.064835
109	97	2096	205.587082
110	97	2096	128.370911
111	97	2096	77.658127
112	97	2096	77.658127
113	97	2096	149.788208
114	97	2096	168.504242
115	97	2391	153.543884
116	97	2392	146.042191
117	97	121	133.246353
118	97	123	100.797005
119	97	51	90.683311
120	97	52	90.261009
121	97	586	119.213631
122	97	864	137.793945
123	97	589	109.670746
124	97	52	58.786068
125	97	369	18.529247
126	97	9	7.617089
127	97	320	3.090279
128	97	51	1.108375
0	98	51	0
1	98	48	0
2	98	369	0
3	98	513	10.581607
4	98	2107	72.340027
5	98	51	130.167618
6	98	51	144.887375
7	98	52	156.365555
8	98	52	167.174347
9	98	52	157.970932
10	98	51	79.164162
11	98	52	65.393982
12	98	51	67.016815
13	98	52	143.034332
14	98	51	143.034332
15	98	51	143.034332
16	98	51	143.034332
17	98	52	143.034332
18	98	48	73.366165
19	98	52	73.366165
20	98	48	73.366165
21	98	52	93.588676
22	98	48	88.671684
23	98	51	82.651436
24	98	48	82.805656
25	98	2356	88.786041
26	98	2375	104.413261
27	98	1503	124.731827
28	98	1527	148.892944
29	98	1482	175.188446
30	98	9	201.455246
31	98	320	224.10762
32	98	48	298.905579
33	98	48	298.905579
34	98	48	298.905579
35	98	48	298.905579
36	98	51	298.905579
37	98	52	298.905579
38	98	52	298.905579
39	98	52	298.905579
40	98	2340	301.731262
41	98	2148	301.731262
42	98	2148	301.731262
43	98	2393	301.731262
44	98	2394	301.731262
45	98	2395	301.731262
46	98	2126	301.731262
47	98	2396	301.731262
48	98	630	301.731262
49	98	393	301.731262
50	98	630	301.731262
51	98	737	301.731262
52	98	393	296.108521
53	98	2397	242.489594
54	98	2398	229.652267
55	98	2399	210.657578
56	98	737	210.657578
57	98	737	208.849487
58	98	738	203.742416
59	98	394	201.445557
60	98	395	207.099533
61	98	575	200.792068
62	98	538	214.150452
63	98	2400	201.324677
64	98	2401	201.419418
65	98	2401	209.532166
66	98	2401	217.978073
67	98	2402	220.592377
68	98	2403	216.091827
69	98	2404	202.330261
70	98	2405	198.542557
71	98	2402	202.273743
72	98	2406	200.176407
73	98	538	205.142685
74	98	538	198.030914
75	98	2407	176.661575
76	98	2408	145.665909
77	98	2409	119.453209
78	98	1703	99.692329
79	98	338	85.264648
80	98	338	74.934959
81	98	338	68.858757
82	98	2410	65.393982
83	98	737	65.393982
84	98	495	65.393982
85	98	2411	65.393982
86	98	1504	82.640015
87	98	2385	150.447861
88	98	2349	222.351135
89	98	2412	268.666077
90	98	2413	224.864838
91	98	2406	223.90152
92	98	538	142.10675
93	98	538	67.853127
94	98	538	22.436554
95	98	538	10.050512
96	98	2327	25.117056
97	98	9	93.209511
98	98	2406	175.749008
99	98	538	195.015152
100	98	538	148.093414
101	98	538	109.697701
102	98	2414	112.2481
103	98	2415	139.220047
104	98	2415	224.80545
105	98	2416	288.547211
106	98	51	252.794937
107	98	2417	206.256912
108	98	2096	161.636353
109	98	2391	182.447311
110	98	2418	196.359039
111	98	2418	77.658127
112	98	2418	77.658127
113	98	2418	148.79303
114	98	2392	156.985138
115	98	52	129.259308
116	98	124	158.985443
117	98	145	125.232307
118	98	51	99.014305
119	98	51	98.007584
120	98	586	125.800369
121	98	1297	158.503708
122	98	1298	145.975952
123	98	552	81.894325
124	98	1449	30.108446
125	98	1450	13.980561
126	98	549	6.644987
127	98	270	1.913323
128	98	270	0
0	99	270	0
1	99	999	0
2	99	513	1.312618
3	99	2140	20.808031
4	99	2053	83.672424
5	99	52	133.020615
6	99	51	139.199356
7	99	52	171.220795
8	99	51	149.599808
9	99	51	147.69516
10	99	52	95.825218
11	99	275	65.763901
12	99	1391	67.480377
13	99	1327	69.187325
14	99	48	71.752357
15	99	48	74.765831
16	99	52	73.366165
17	99	52	73.366165
18	99	48	73.366165
19	99	51	73.366165
20	99	48	73.366165
21	99	48	138.57399
22	99	48	124.339355
23	99	48	103.475029
24	99	130	99.979088
25	99	1504	107.321671
26	99	1482	123.8386
27	99	1527	145.683777
28	99	1482	243.870636
29	99	9	270.022858
30	99	320	296.55835
31	99	52	385.215851
32	99	51	355.262726
33	99	48	355.262726
34	99	48	355.262726
35	99	48	355.262726
36	99	48	355.262726
37	99	52	355.262726
38	99	48	356.053925
39	99	2419	356.053925
40	99	2420	356.053925
41	99	2421	356.053925
42	99	2422	356.053925
43	99	1127	356.053925
44	99	2423	356.053925
45	99	2424	349.891693
46	99	2425	349.891693
47	99	545	349.891693
48	99	545	344.269012
49	99	394	381.688019
50	99	759	379.695251
51	99	393	379.59317
52	99	545	379.59317
53	99	2397	309.404755
54	99	2376	229.652267
55	99	630	229.652267
56	99	545	210.657578
57	99	630	210.657578
58	99	495	210.657578
59	99	457	210.657578
60	99	2426	210.118576
61	99	2401	210.063736
62	99	2427	232.713531
63	99	1610	224.313644
64	99	1610	222.377914
65	99	1610	231.247238
66	99	2428	234.469925
67	99	2427	234.926254
68	99	1610	233.54744
69	99	1610	228.360229
70	99	2428	229.497055
71	99	2429	232.030823
72	99	958	231.730301
73	99	958	233.747101
74	99	2430	203.458542
75	99	2431	169.628815
76	99	2432	139.459473
77	99	2401	114.853676
78	99	338	96.56398
79	99	384	83.133224
80	99	338	73.782104
81	99	2433	67.749969
82	99	395	65.393982
83	99	450	65.393982
84	99	2411	65.393982
85	99	1504	65.393982
86	99	2385	81.35199
87	99	2349	143.045761
88	99	2434	203.71637
89	99	9	232.365433
90	99	9	208.618546
91	99	9	219.121918
92	99	9	156.974472
93	99	9	83.953423
94	99	9	32.87846
95	99	9	20.752455
96	99	9	29.829439
97	99	9	56.235718
98	99	37	97.399124
99	99	1937	104.991829
100	99	2435	79.400742
101	99	2436	95.187469
102	99	48	117.129242
103	99	51	130.4599
104	99	48	179.911362
105	99	48	238.947037
106	99	2437	241.096191
107	99	2418	198.015732
108	99	2392	184.772324
109	99	52	187.183228
110	99	52	163.037689
111	99	48	77.658127
112	99	52	77.658127
113	99	48	130.709152
114	99	52	138.571259
115	99	51	134.365265
116	99	51	189.948273
117	99	52	173.60759
118	99	52	138.80014
119	99	636	127.704445
120	99	637	176.20813
121	99	1308	198.968597
122	99	864	145.513824
123	99	588	67.045204
124	99	743	23.567484
125	99	9	13.61273
126	99	9	6.633314
127	99	9	2.282901
128	99	9	0.214986
0	100	9	0
1	100	513	0.03634
2	100	1527	7.509746
3	100	2140	36.800842
4	100	2052	73.892281
5	100	2053	73.892281
6	100	48	73.892281
7	100	48	73.892281
8	100	51	73.892281
9	100	52	73.892281
10	100	56	73.892281
11	100	2438	65.98912
12	100	2439	67.733864
13	100	1327	69.841034
14	100	52	73.092377
15	100	51	73.092377
16	100	52	73.366165
17	100	52	73.366165
18	100	52	73.366165
19	100	52	73.366165
20	100	51	73.366165
21	100	51	169.945755
22	100	2356	154.251938
23	100	2375	130.50856
24	100	1482	126.317307
25	100	1504	131.567871
26	100	1527	146.354355
27	100	1504	168.79509
28	100	9	193.18544
29	100	320	292.184692
30	100	51	350.97702
31	100	48	385.215851
32	100	48	385.215851
33	100	52	385.215851
34	100	51	385.215851
35	100	52	385.215851
36	100	51	385.215851
37	100	48	385.215851
38	100	2440	385.215851
39	100	2441	385.215851
40	100	2126	385.215851
41	100	2212	385.215851
42	100	253	385.215851
43	100	252	385.215851
44	100	2442	385.215851
45	100	2376	385.215851
46	100	545	385.215851
47	100	545	385.215851
48	100	500	379.59317
49	100	736	379.59317
50	100	393	448.929138
51	100	545	448.929138
52	100	630	379.59317
53	100	545	309.404755
54	100	2443	229.652267
55	100	2444	229.652267
56	100	759	229.652267
57	100	500	229.652267
58	100	489	229.652267
59	100	2445	210.657578
60	100	1610	210.657578
61	100	1610	235.275131
62	100	2446	235.275131
63	100	2447	235.275131
64	100	2447	235.275131
65	100	2448	235.275131
66	100	1610	235.275131
67	100	2446	235.275131
68	100	2448	235.275131
69	100	2449	235.275131
70	100	2450	235.275131
71	100	2451	235.275131
72	100	2431	235.275131
73	100	2452	222.292221
74	100	1610	186.317902
75	100	1610	156.590439
76	100	1610	130.05896
77	100	338	108.344444
78	100	384	92.146126
79	100	338	80.319283
80	100	2453	71.911896
81	100	668	67.37487
82	100	2454	65.393982
83	100	2455	65.393982
84	100	1527	65.393982
85	100	2385	65.393982
86	100	2349	79.967804
87	100	2456	133.265747
88	100	2457	182.118713
89	100	9	230.428116
90	100	9	192.105423
91	100	9	184.528503
92	100	9	137.075333
93	100	9	86.887306
94	100	9	48.903721
95	100	9	16.03985
96	100	9	25.259096
97	100	2458	21.997923
98	100	2459	56.30505
99	100	2460	63.613144
100	100	2097	70.974419
101	100	2074	90.086227
102	100	2074	112.820572
103	100	2074	134.355865
104	100	2074	148.480026
105	100	2074	188.574905
106	100	2074	204.835312
107	100	2074	191.963364
108	100	2074	171.785416
109	100	2074	161.490845
110	100	2074	148.830872
111	100	2074	77.658127
112	100	2075	77.658127
113	100	52	95.375191
114	100	48	139.78714
115	100	51	156.695313
116	100	48	172.670258
117	100	51	164.24472
118	100	52	187.877945
119	100	51	174.981735
120	100	586	196.756119
121	100	1297	188.877045
122	100	588	121.05452
123	100	2461	49.999168
124	100	2462	23.461529
125	100	2462	14.278168
126	100	2462	7.660646
127	100	2462	3.229658
128	100	2462	0.742309
0	101	2463	0
1	101	2464	0.02949
2	101	2464	21.57033
3	101	2464	64.609039
4	101	2465	73.892281
5	101	2466	73.892281
6	101	550	73.892281
7	101	51	73.892281
8	101	51	73.892281
9	101	51	73.892281
10	101	1953	73.892281
11	101	2467	66.017204
12	101	2468	67.765549
13	101	48	70.637489
14	101	51	73.092377
15	101	51	73.092377
16	101	52	73.366165
17	101	52	73.366165
18	101	48	115.989281
19	101	52	134.800034
20	101	48	161.774307
21	101	130	177.468475
22	101	1504	172.423477
23	101	1503	163.259445
24	101	1482	165.443634
25	101	1482	172.617706
26	101	1527	186.177582
27	101	9	203.805664
28	101	320	222.564133
29	101	48	316.451324
30	101	52	350.97702
31	101	52	385.215851
32	101	52	385.215851
33	101	52	385.215851
34	101	51	385.215851
35	101	52	385.215851
36	101	2072	385.215851
37	101	2094	385.215851
38	101	2126	385.215851
39	101	2469	385.215851
40	101	2256	385.215851
41	101	2470	385.215851
42	101	2471	385.215851
43	101	2376	385.215851
44	101	630	385.215851
45	101	738	385.215851
46	101	630	385.215851
47	101	545	385.215851
48	101	545	385.215851
49	101	630	379.59317
50	101	737	448.929138
51	101	2365	448.929138
52	101	1703	379.59317
53	101	2472	309.404755
54	101	2473	229.652267
55	101	499	229.652267
56	101	737	229.652267
57	101	350	229.652267
58	101	2474	229.652267
59	101	1610	229.652267
60	101	1610	235.275131
61	101	2475	235.275131
62	101	180	235.275131
63	101	180	235.275131
64	101	1681	235.275131
65	101	2476	235.275131
66	101	2477	235.275131
67	101	2478	235.275131
68	101	2479	235.275131
69	101	110	235.275131
70	101	2480	235.275131
71	101	1610	235.275131
72	101	1610	254.653564
73	101	1610	220.343445
74	101	2481	183.468857
75	101	2482	151.148438
76	101	338	122.964615
77	101	338	101.421638
78	101	338	87.146355
79	101	2483	77.517174
80	101	736	70.721191
81	101	2484	66.645508
82	101	2485	65.393982
83	101	2485	65.393982
84	101	2486	65.393982
85	101	2487	65.393982
86	101	2487	76.404381
87	101	2488	110.892921
88	101	702	169.609604
89	101	702	219.254959
90	101	702	168.320923
91	101	702	147.603806
92	101	702	112.227364
93	101	702	94.674873
94	101	702	59.388783
95	101	702	14.144285
96	101	2489	21.10618
97	101	2490	21.620544
98	101	2491	54.75251
99	101	2096	61.339752
100	101	2096	69.922722
101	101	2096	75.304985
102	101	2492	93.122986
103	101	2493	119.107544
104	101	2493	147.710815
105	101	2494	160.707306
106	101	2096	175.869781
107	101	2096	178.303757
108	101	2096	172.88707
109	101	2096	166.384979
110	101	2492	156.091782
111	101	2495	106.700623
112	101	690	101.07946
113	101	691	101.07946
114	101	52	164.720978
115	101	52	174.082687
116	101	51	193.982254
117	101	51	205.61676
118	101	52	198.317871
119	101	586	180.548157
120	101	1297	171.570175
121	101	677	136.86116
122	101	2496	73.254471
123	101	2096	35.064785
124	101	2096	22.907957
125	101	2096	14.348867
126	101	2096	8.018306
127	101	2096	3.613162
128	101	2096	1.013205
0	102	2096	0
1	102	2096	0.013902
2	102	2096	24.148186
3	102	2096	77.361488
4	102	2497	73.892281
5	102	86	73.892281
6	102	48	73.892281
7	102	48	73.892281
8	102	52	73.892281
9	102	51	73.892281
10	102	130	73.892281
11	102	2140	65.847099
12	102	2052	67.595673
13	102	2053	72.377556
14	102	51	73.092377
15	102	52	73.092377
16	102	51	102.515953
17	102	551	116.759338
18	102	552	133.538956
19	102	553	151.175125
20	102	130	170.483856
21	102	1504	185.339294
22	102	1527	193.824295
23	102	1504	199.167679
24	102	1527	205.525299
25	102	1504	214.001495
26	102	9	228.370087
27	102	320	244.454376
28	102	51	235.275131
29	102	52	308.449493
30	102	48	350.97702
31	102	275	385.215851
32	102	550	385.215851
33	102	51	385.215851
34	102	51	385.215851
35	102	2498	385.215851
36	102	2499	385.215851
37	102	2500	385.215851
38	102	2501	385.215851
39	102	2502	385.215851
40	102	2503	385.215851
41	102	499	385.215851
42	102	393	385.215851
43	102	737	385.215851
44	102	394	385.215851
45	102	2504	385.215851
46	102	1046	385.215851
47	102	1046	385.215851
48	102	1046	385.215851
49	102	2505	385.215851
50	102	2506	448.929138
51	102	9	448.929138
52	102	9	379.59317
53	102	707	309.404755
54	102	499	229.652267
55	102	738	229.652267
56	102	546	229.652267
57	102	2507	229.652267
58	102	1610	229.652267
59	102	1610	229.652267
60	102	2475	235.275131
61	102	2508	235.275131
62	102	850	235.275131
63	102	338	235.275131
64	102	448	235.275131
65	102	338	235.275131
66	102	2509	235.275131
67	102	2510	235.275131
68	102	2511	235.275131
69	102	2512	235.275131
70	102	2513	235.275131
71	102	2514	235.275131
72	102	2447	235.027252
73	102	2515	197.605362
74	102	2516	187.807388
75	102	889	155.9272
76	102	393	127.107063
77	102	630	104.160278
78	102	393	87.143898
79	102	738	75.492615
80	102	738	68.959
81	102	630	65.998184
82	102	738	65.393982
83	102	1798	65.393982
84	102	622	65.393982
85	102	622	65.393982
86	102	622	69.006058
87	102	622	86.364677
88	102	622	132.962845
89	102	622	186.863449
90	102	622	122.370491
91	102	622	95.006607
92	102	622	86.167
93	102	622	80.956802
94	102	622	57.625668
95	102	622	55.43615
96	102	622	11.492445
97	102	2517	18.507742
98	102	2493	29.415203
99	102	2493	36.520241
100	102	2493	44.308109
101	102	2518	46.746807
102	102	622	51.603489
103	102	622	86.292122
104	102	2517	126.807198
105	102	2493	148.124969
106	102	2493	163.560532
107	102	2493	170.350998
108	102	2493	189.416443
109	102	2518	205.275803
110	102	622	192.805786
111	102	622	135.82666
112	102	727	101.07946
113	102	690	101.07946
114	102	690	101.07946
115	102	690	127.714539
116	102	690	125.086281
117	102	690	148.246948
118	102	2519	169.311508
119	102	2520	173.534882
120	102	2520	141.981079
121	102	2521	90.318016
122	102	2494	45.977505
123	102	2096	29.400793
124	102	2096	20.454231
125	102	2492	13.064379
126	102	2494	7.386241
127	102	2096	3.398224
128	102	2492	1.008698
0	103	2493	0
1	103	2494	0
2	103	2096	11.719907
3	103	2522	51.24535
4	103	52	98.866249
5	103	51	144.296921
6	103	51	179.969345
7	103	52	206.725815
8	103	52	155.299835
9	103	1929	125.958328
10	103	1931	79.284508
11	103	1527	65.485146
12	103	2107	68.06192
13	103	51	75.353889
14	103	51	85.468147
15	103	48	97.802872
16	103	586	112.486137
17	103	1297	131.236069
18	103	589	153.012848
19	103	130	175.588867
20	103	1527	197.016129
21	103	1482	214.780945
22	103	1504	228.361252
23	103	1527	237.861877
24	103	1527	246.142517
25	103	9	246.142517
26	103	320	246.142517
27	103	48	235.275131
28	103	51	235.275131
29	103	52	308.449493
30	103	56	350.97702
31	103	86	385.215851
32	103	52	385.215851
33	103	51	385.215851
34	103	2523	385.215851
35	103	2524	385.215851
36	103	2148	385.215851
37	103	2189	385.215851
38	103	2525	473.007599
39	103	2526	473.007599
40	103	574	385.215851
41	103	759	385.215851
42	103	737	385.215851
43	103	500	385.215851
44	103	2527	385.215851
45	103	2528	385.215851
46	103	2528	385.215851
47	103	2529	385.215851
48	103	2530	385.215851
49	103	2531	385.215851
50	103	9	385.215851
51	103	9	379.59317
52	103	707	379.59317
53	103	499	309.404755
54	103	737	229.652267
55	103	546	229.652267
56	103	2532	235.275131
57	103	2533	235.275131
58	103	2448	235.275131
59	103	2534	235.275131
60	103	2535	235.275131
61	103	9	235.275131
62	103	338	235.275131
63	103	448	235.275131
64	103	338	235.275131
65	103	180	235.275131
66	103	180	235.275131
67	103	2536	218.050705
68	103	2537	218.050705
69	103	622	196.683212
70	103	2538	196.683212
71	103	2539	170.319275
72	103	2540	170.071396
73	103	2541	137.119217
74	103	393	137.119217
75	103	545	107.820709
76	103	393	110.178978
77	103	545	81.469528
78	103	545	84.739487
79	103	630	65.393982
80	103	545	65.393982
81	103	630	65.393982
82	103	1798	65.393982
83	103	622	65.393982
84	103	622	65.393982
85	103	622	65.393982
86	103	622	43.451973
87	103	622	43.451973
88	103	622	21.185848
89	103	622	21.185848
90	103	622	0
91	103	622	0
92	103	622	7.18889
93	103	622	3.02952
94	103	622	5.509478
95	103	622	10.161539
96	103	622	10.336434
97	103	622	17.146301
98	103	622	18.483458
99	103	622	14.846031
100	103	622	20.956667
101	103	622	17.356258
102	103	622	26.081423
103	103	622	52.191635
104	103	622	101.987839
105	103	622	131.313293
106	103	622	152.177902
107	103	622	168.882782
108	103	622	214.49469
109	103	622	264.222626
110	103	622	257.341095
111	103	622	204.632797
112	103	622	101.07946
113	103	622	101.07946
114	103	622	101.07946
115	103	622	101.07946
116	103	622	110.363762
117	103	622	128.977295
118	103	622	179.380051
119	103	622	185.163086
120	103	622	136.239868
121	103	2517	74.859039
122	103	2493	38.626755
123	103	2493	23.215153
124	103	2518	16.43218
125	103	2517	10.583607
126	103	2493	5.897811
127	103	2518	2.599883
128	103	622	0.729118
0	104	2517	0
1	104	2494	0
2	104	2522	0.615932
3	104	52	38.930233
4	104	52	100.477341
5	104	48	160.12381
6	104	48	217.056793
7	104	48	233.187485
8	104	48	164.41127
9	104	130	118.981758
10	104	1504	75.678818
11	104	2107	65.393982
12	104	51	69.17627
13	104	48	78.193672
14	104	48	90.005836
15	104	586	104.510231
16	104	587	122.378792
17	104	589	145.655441
18	104	130	172.74762
19	104	1482	200.601486
20	104	1527	227.363327
21	104	1527	249.370926
22	104	1504	264.994934
23	104	1503	254.249771
24	104	9	235.275131
25	104	320	235.275131
26	104	52	235.275131
27	104	51	235.275131
28	104	51	235.275131
29	104	51	308.449493
30	104	48	350.97702
31	104	52	385.215851
32	104	48	385.215851
33	104	51	385.215851
34	104	2340	385.215851
35	104	2148	385.215851
36	104	2189	385.215851
37	104	2126	385.215851
38	104	2542	472.605347
39	104	498	472.605347
40	104	499	385.215851
41	104	545	385.215851
42	104	393	385.215851
43	104	495	385.215851
44	104	497	385.215851
45	104	2543	385.215851
46	104	2544	385.215851
47	104	2459	385.215851
48	104	1956	385.215851
49	104	9	371.942902
50	104	9	361.430817
51	104	707	351.151489
52	104	499	327.823578
53	104	2365	304.736938
54	104	2545	279.5737
55	104	9	263.04306
56	104	929	249.675034
57	104	2478	235.275131
58	104	1610	235.275131
59	104	2546	235.275131
60	104	958	235.275131
61	104	338	235.275131
62	104	338	235.275131
63	104	338	235.275131
64	104	2547	235.275131
65	104	2548	235.275131
66	104	2549	235.275131
67	104	815	218.050705
68	104	815	218.050705
69	104	2550	196.683212
70	104	2551	196.683212
71	104	110	170.319275
72	104	2552	170.319275
73	104	2553	137.119217
74	104	630	137.119217
75	104	737	107.820709
76	104	545	110.178978
77	104	394	81.469528
78	104	395	84.739487
79	104	395	65.393982
80	104	395	65.393982
81	104	2554	65.393982
82	104	622	65.393982
83	104	622	65.393982
84	104	622	65.393982
85	104	622	65.393982
86	104	622	43.451973
87	104	622	43.451973
88	104	622	21.185848
89	104	622	21.185848
90	104	622	0
91	104	622	0
92	104	622	6.639245
93	104	622	3.921517
94	104	622	8.094253
95	104	622	13.50767
96	104	622	14.076279
97	104	622	7.299826
98	104	622	17.541145
99	104	622	4.6793
100	104	622	6.449907
101	104	622	22.438118
102	104	622	24.639994
103	104	622	45.701256
104	104	622	59.090008
105	104	622	70.259598
106	104	622	135.804947
107	104	622	150.293076
108	104	622	202.355576
109	104	622	262.147675
110	104	622	273.444672
111	104	622	224.38002
112	104	622	178.747925
113	104	622	101.07946
114	104	622	101.07946
115	104	622	101.07946
116	104	622	113.7565
117	104	622	144.510132
118	104	622	189.762817
119	104	622	197.072845
120	104	622	143.755493
121	104	622	75.949562
122	104	622	34.553585
123	104	622	16.727657
124	104	622	12.010657
125	104	622	7.789061
126	104	622	4.351575
127	104	2555	1.796819
128	104	2556	0.193992
0	105	2557	0
1	105	2097	0
2	105	2075	11.456021
3	105	48	57.086262
4	105	52	125.404564
5	105	51	187.18779
6	105	51	231.75386
7	105	52	243.445511
8	105	130	185.382538
9	105	1527	151.190094
10	105	2107	85.280144
11	105	52	65.732407
12	105	48	70.174774
13	105	52	80.398247
14	105	636	93.279915
15	105	637	109.499321
16	105	746	131.077438
17	105	1929	159.125351
18	105	1931	190.64241
19	105	1503	224.066711
20	105	1503	254.249771
21	105	1527	254.249771
22	105	1482	254.249771
23	105	9	254.249771
24	105	549	235.275131
25	105	550	235.275131
26	105	52	235.275131
27	105	51	235.275131
28	105	48	235.275131
29	105	48	327.422882
30	105	48	364.597717
31	105	48	385.215851
32	105	52	385.215851
33	105	2340	385.215851
34	105	2148	385.215851
35	105	2558	385.215851
36	105	2559	385.215851
37	105	2560	385.215851
38	105	498	470.729279
39	105	499	470.729279
40	105	545	385.215851
41	105	394	385.215851
42	105	450	385.215851
43	105	2561	385.215851
44	105	338	385.215851
45	105	338	385.215851
46	105	338	385.215851
47	105	338	385.215851
48	105	9	385.215851
49	105	9	371.942902
50	105	707	361.430817
51	105	574	349.981781
52	105	396	326.821869
53	105	9	304.736938
54	105	9	279.5737
55	105	929	263.04306
56	105	2478	249.675034
57	105	1610	235.275131
58	105	2534	235.275131
59	105	2431	235.275131
60	105	2562	235.275131
61	105	2563	235.275131
62	105	2564	235.275131
63	105	1389	235.275131
64	105	622	235.275131
65	105	2565	235.275131
66	105	514	235.275131
67	105	110	218.050705
68	105	110	218.050705
69	105	514	196.683212
70	105	514	196.683212
71	105	514	170.319275
72	105	2566	170.319275
73	105	738	137.119217
74	105	630	137.119217
75	105	393	107.820709
76	105	495	110.178978
77	105	496	81.469528
78	105	457	84.739487
79	105	497	65.393982
80	105	1542	65.393982
81	105	622	65.393982
82	105	622	65.393982
83	105	622	65.393982
84	105	622	65.393982
85	105	622	65.393982
86	105	622	43.451973
87	105	622	43.451973
88	105	622	21.185848
89	105	622	21.185848
90	105	622	0
91	105	622	0
92	105	622	4.026186
93	105	622	1.918384
94	105	622	6.288661
95	105	622	11.157526
96	105	2555	8.218837
97	105	2556	3.283448
98	105	2556	0.876737
99	105	2556	-6.945937
100	105	2556	10.461207
101	105	2567	17.20862
102	105	622	23.199425
103	105	622	58.218147
104	105	622	61.553154
105	105	622	60.685757
106	105	622	95.723442
107	105	622	99.288284
108	105	622	151.340897
109	105	622	191.057251
110	105	1409	204.517731
111	105	776	186.899887
112	105	2568	163.950882
113	105	2556	151.107025
114	105	2556	137.883392
115	105	2556	118.824936
116	105	2556	109.732979
117	105	2556	127.476242
118	105	2556	154.030838
119	105	2556	166.906738
120	105	2556	140.330399
121	105	2556	80.632782
122	105	2556	31.722755
123	105	2556	10.777931
124	105	2556	7.812461
125	105	2556	4.927359
126	105	2569	2.338835
127	105	2418	0.928462
128	105	2418	0
0	106	2418	0
1	106	2392	0
2	106	2356	18.075907
3	106	2052	59.465229
4	106	2570	143.435333
5	106	2571	188.477631
6	106	2572	210.794968
7	106	2375	208.458344
8	106	1504	168.001846
9	106	2140	173.743301
10	106	2053	103.885841
11	106	48	70.163612
12	106	48	70.889679
13	106	51	81.221992
14	106	51	95.332436
15	106	48	113.072395
16	106	51	137.343292
17	106	130	169.229919
18	106	1482	205.446518
19	106	1504	242.755676
20	106	1482	254.249771
21	106	1504	254.249771
22	106	9	254.249771
23	106	9	254.249771
24	106	320	254.249771
25	106	48	254.249771
26	106	48	254.249771
27	106	48	254.249771
28	106	52	254.249771
29	106	52	327.422882
30	106	51	364.597717
31	106	51	385.215851
32	106	2340	385.215851
33	106	2148	385.215851
34	106	2148	385.215851
35	106	2573	385.215851
36	106	2574	385.215851
37	106	526	385.215851
38	106	574	385.215851
39	106	395	385.215851
40	106	450	385.215851
41	106	497	385.215851
42	106	2575	385.215851
43	106	338	385.215851
44	106	448	385.215851
45	106	383	385.215851
46	106	338	385.215851
47	106	9	385.215851
48	106	9	385.215851
49	106	707	371.942902
50	106	526	361.430817
51	106	458	349.981781
52	106	459	327.757996
53	106	964	304.736938
54	106	965	279.5737
55	106	2509	263.04306
56	106	2576	249.675034
57	106	2577	235.275131
58	106	1610	235.275131
59	106	2534	235.275131
60	106	2431	235.275131
61	106	2432	235.275131
62	106	2578	235.275131
63	106	1622	235.275131
64	106	2579	235.275131
65	106	2580	235.275131
66	106	2581	235.275131
67	106	514	218.050705
68	106	2582	218.050705
69	106	2583	196.683212
70	106	2583	196.683212
71	106	2584	170.319275
72	106	338	170.319275
73	106	338	137.119217
74	106	2585	137.119217
75	106	495	107.820709
76	106	2298	110.178978
77	106	538	81.469528
78	106	538	84.739487
79	106	2586	65.393982
80	106	842	65.393982
81	106	842	65.393982
82	106	842	65.393982
83	106	842	65.393982
84	106	842	65.393982
85	106	842	65.393982
86	106	2587	43.451973
87	106	2588	43.451973
88	106	2589	21.185848
89	106	2590	21.185848
90	106	2591	0
91	106	842	0
92	106	842	0.018648
93	106	842	-3.215058
94	106	2587	0.381853
95	106	2592	4.03802
96	106	2096	5.419402
97	106	2096	3.870256
98	106	2096	4.137883
99	106	2096	-5.539658
100	106	2593	-2.678549
101	106	2594	27.142687
102	106	776	30.191561
103	106	776	58.584568
104	106	776	67.572586
105	106	2568	62.867508
106	106	2594	81.422165
107	106	776	86.351372
108	106	776	90.936356
109	106	1433	127.194427
110	106	48	135.448441
111	106	2417	139.991074
112	106	2096	139.908676
113	106	2096	140.53772
114	106	2096	136.739609
115	106	2096	120.496269
116	106	2096	104.15033
117	106	2096	105.780205
118	106	2096	123.297249
119	106	2096	140.205399
120	106	2096	136.384949
121	106	2595	100.421623
122	106	2596	38.972065
123	106	2597	10.801274
124	106	2418	6.283791
125	106	2392	3.197843
126	106	51	1.39498
127	106	51	0
128	106	52	0
0	107	52	0
1	107	130	0
2	107	2180	5.980611
3	107	2598	40.02076
4	107	2219	118.498131
5	107	2259	180.787888
6	107	1527	196.827484
7	107	1504	191.699432
8	107	1504	146.981262
9	107	2140	153.994766
10	107	2053	100.60347
11	107	52	74.138611
12	107	51	71.417374
13	107	51	80.871712
14	107	51	95.332527
15	107	48	114.206978
16	107	130	140.37616
17	107	1482	174.622177
18	107	1527	214.760147
19	107	1527	256.013824
20	107	1504	258.756378
21	107	9	258.756378
22	107	9	336.999176
23	107	320	336.999176
24	107	48	336.999176
25	107	52	258.756378
26	107	48	246.142517
27	107	51	246.142517
28	107	52	254.249771
29	107	51	327.422882
30	107	52	364.597717
31	107	2340	385.215851
32	107	2148	385.215851
33	107	2148	385.215851
34	107	2148	385.215851
35	107	2599	385.215851
36	107	497	385.215851
37	107	497	385.215851
38	107	668	385.215851
39	107	669	385.215851
40	107	489	385.215851
41	107	2575	385.215851
42	107	338	385.215851
43	107	448	385.215851
44	107	448	385.215851
45	107	338	385.215851
46	107	9	385.215851
47	107	9	385.215851
48	107	707	385.215851
49	107	526	385.215851
50	107	499	385.215851
51	107	737	385.215851
52	107	2600	385.215851
53	107	180	315.027496
54	107	180	235.275131
55	107	2601	224.002686
56	107	2507	228.226654
57	107	1610	235.275131
58	107	1610	235.275131
59	107	1610	235.275131
60	107	1610	235.275131
61	107	2481	235.275131
62	107	2577	235.275131
63	107	1610	235.275131
64	107	2475	235.275131
65	107	2602	235.275131
66	107	960	235.275131
67	107	2603	218.050705
68	107	1610	218.050705
69	107	1610	196.683212
70	107	338	196.683212
71	107	384	170.319275
72	107	338	170.319275
73	107	2604	137.119217
74	107	495	137.119217
75	107	708	107.820709
76	107	9	110.178978
77	107	9	81.469528
78	107	9	84.739487
79	107	9	65.393982
80	107	9	65.393982
81	107	9	65.393982
82	107	9	69.678856
83	107	9	66.224449
84	107	9	65.681007
85	107	707	71.138283
86	107	526	43.451973
87	107	2605	43.451973
88	107	2349	21.185848
89	107	2606	21.185848
90	107	2352	0
91	107	9	0
92	107	9	0
93	107	2607	8.528378
94	107	2389	3.877757
95	107	2418	7.143684
96	107	2418	13.522431
97	107	2418	10.711554
98	107	2390	7.130833
99	107	2096	-2.640224
100	107	2522	6.112269
101	107	2091	36.814812
102	107	2074	79.227516
103	107	2074	100.688835
104	107	2608	118.017029
105	107	2522	123.125916
106	107	52	115.27108
107	107	51	78.769836
108	107	51	88.290939
109	107	51	117.909515
110	107	2437	121.564636
111	107	2418	123.141502
112	107	2418	123.633766
113	107	2418	130.890579
114	107	2418	129.382034
115	107	2418	116.734131
116	107	2418	105.126785
117	107	2418	103.959709
118	107	2609	106.810677
119	107	2610	129.445938
120	107	2611	146.616486
121	107	1629	128.043564
122	107	1630	70.760063
123	107	52	22.347589
124	107	52	10.234719
125	107	48	4.566303
126	107	48	2.128643
127	107	51	0.813565
128	107	48	0
0	108	1929	0
1	108	2355	0
2	108	2034	0.120007
3	108	2612	32.491863
4	108	1930	103.584106
5	108	1931	176.583313
6	108	1482	219.663528
7	108	1482	202.931198
8	108	1482	152.003174
9	108	2140	129.020767
10	108	2053	84.595345
11	108	51	69.097267
12	108	551	71.345085
13	108	552	80.049576
14	108	552	93.46788
15	108	2613	112.417374
16	108	1482	139.125961
17	108	1504	175.009216
18	108	1504	217.065582
19	108	1503	259.919098
20	108	9	258.756378
21	108	9	258.756378
22	108	320	336.999176
23	108	52	336.999176
24	108	48	336.999176
25	108	48	246.142517
26	108	52	246.142517
27	108	48	246.142517
28	108	48	246.142517
29	108	52	327.422882
30	108	2340	364.597717
31	108	2148	385.215851
32	108	2148	385.215851
33	108	2148	385.215851
34	108	2614	385.215851
35	108	2615	385.215851
36	108	497	385.215851
37	108	499	385.215851
38	108	737	385.215851
39	108	500	385.215851
40	108	2616	385.215851
41	108	338	385.215851
42	108	338	385.215851
43	108	338	385.215851
44	108	338	385.215851
45	108	856	385.215851
46	108	9	385.215851
47	108	707	385.215851
48	108	497	385.215851
49	108	499	385.215851
50	108	737	449.298187
51	108	2617	449.298187
52	108	850	385.215851
53	108	850	315.027496
54	108	2618	235.275131
55	108	2532	235.275131
56	108	2577	229.990662
57	108	1610	227.422668
58	108	2449	230.692627
59	108	2619	209.880203
60	108	2620	209.880203
61	108	2507	209.880203
62	108	1610	209.880203
63	108	2621	209.880203
64	108	850	209.880203
65	108	2622	235.275131
66	108	2623	235.275131
67	108	2482	246.142517
68	108	2482	246.142517
69	108	338	246.142517
70	108	448	235.275131
71	108	338	235.275131
72	108	2624	235.275131
73	108	450	243.185852
74	108	708	221.477844
75	108	9	196.138809
76	108	9	168.536957
77	108	2625	141.891663
78	108	2626	119.757851
79	108	2626	102.069885
80	108	2626	88.23275
81	108	2626	77.963379
82	108	2457	70.968124
83	108	9	66.793533
84	108	707	70.33757
85	108	526	89.516129
86	108	2627	120.082657
87	108	2628	140.643311
88	108	2629	149.369522
89	108	2325	142.046677
90	108	892	0
91	108	892	0
92	108	2630	0
93	108	51	1.589165
94	108	52	15.779291
95	108	52	32.309708
96	108	51	17.133989
97	108	2437	23.924055
98	108	2418	33.159966
99	108	2392	13.726501
100	108	2417	19.609825
101	108	2096	52.816319
102	108	2096	80.123596
103	108	2096	113.961288
104	108	2522	139.334641
105	108	48	174.107803
106	108	51	183.126251
107	108	48	147.790466
108	108	51	115.473297
109	108	52	113.549301
110	108	51	117.944603
111	108	48	119.163933
112	108	51	121.087509
113	108	51	118.044518
114	108	52	114.512054
115	108	51	105.139305
116	108	48	96.429344
117	108	369	95.95475
118	108	9	98.987556
119	108	64	107.279739
120	108	117	123.652321
121	108	1630	126.203423
122	108	51	83.71965
123	108	48	36.981812
124	108	48	16.545515
125	108	52	8.70969
126	108	48	5.374187
127	108	52	2.660402
128	108	51	0.834398
0	109	52	0
1	109	52	0
2	109	51	2.242232
3	109	51	37.219738
4	109	1929	104.821548
5	109	1931	148.449997
6	109	2180	191.501038
7	109	2181	223.620789
8	109	2631	178.288162
9	109	2140	139.04715
10	109	2052	68.364944
11	109	2632	66.177917
12	109	677	70.476112
13	109	1297	77.916336
14	109	2337	90.758743
15	109	2304	108.519005
16	109	1503	133.321106
17	109	1482	169.92215
18	109	1482	211.930878
19	109	9	255.185699
20	109	9	258.756378
21	109	320	258.756378
22	109	48	336.999176
23	109	51	336.999176
24	109	48	336.999176
25	109	48	246.142517
26	109	48	246.142517
27	109	48	246.142517
28	109	51	246.142517
29	109	2340	319.316162
30	109	2148	356.490997
31	109	2148	385.215851
32	109	2633	385.215851
33	109	2634	385.215851
34	109	2635	385.215851
35	109	2636	385.215851
36	109	499	385.215851
37	109	545	385.215851
38	109	393	385.215851
39	109	2383	385.215851
40	109	2352	385.215851
41	109	9	385.215851
42	109	33	385.215851
43	109	1000	385.215851
44	109	27	385.215851
45	109	9	385.215851
46	109	707	385.215851
47	109	668	385.215851
48	109	736	385.215851
49	109	738	385.215851
50	109	2383	449.298187
51	109	892	449.298187
52	109	2637	385.215851
53	109	459	315.027496
54	109	459	235.275131
55	109	2638	235.275131
56	109	2639	235.275131
57	109	2640	235.275131
58	109	135	235.275131
59	109	136	209.880203
60	109	2532	209.880203
61	109	2482	209.880203
62	109	2641	209.880203
63	109	9	209.880203
64	109	929	209.880203
65	109	2601	228.447891
66	109	9	228.447891
67	109	9	228.447891
68	109	338	228.447891
69	109	338	228.447891
70	109	338	235.275131
71	109	707	235.275131
72	109	496	235.275131
73	109	708	246.994232
74	109	9	225.327927
75	109	9	198.999771
76	109	2642	170.191299
77	109	2349	143.417938
78	109	2349	121.196037
79	109	2349	103.418602
80	109	2349	89.416016
81	109	2434	78.925667
82	109	2328	71.631149
83	109	2329	67.240456
84	109	526	71.752319
85	109	497	96.181213
86	109	497	138.130539
87	109	496	171.30571
88	109	498	199.598145
89	109	526	211.985596
90	109	498	104.96521
91	109	2643	42.46207
92	109	1519	51.229462
93	109	2644	52.348385
94	109	51	28.046761
95	109	48	32.476784
96	109	52	37.22937
97	109	48	38.928078
98	109	48	42.204678
99	109	2417	30.808565
100	109	2096	34.717403
101	109	2096	56.069645
102	109	2096	96.882385
103	109	2522	135.540726
104	109	48	160.14386
105	109	52	228.995865
106	109	51	276.36142
107	109	51	236.358536
108	109	51	158.471115
109	109	52	120.668037
110	109	48	118.804222
111	109	52	132.781281
112	109	51	142.522141
113	109	48	127.591202
114	109	52	98.647247
115	109	48	86.908234
116	109	369	78.615379
117	109	9	78.017357
118	109	37	74.203339
119	109	1552	63.494427
120	109	1630	71.882324
121	109	51	84.070229
122	109	52	66.422707
123	109	51	39.455414
124	109	551	22.252506
125	109	552	15.088807
126	109	553	9.619282
127	109	51	5.201942
128	109	52	2.05347
0	110	51	0
1	110	51	0
2	110	551	1.319759
3	110	552	40.173267
4	110	2613	95.572655
5	110	2645	125.08403
6	110	2646	151.734299
7	110	2647	202.243439
8	110	2631	176.229935
9	110	1527	141.886063
10	110	2648	73.435371
11	110	1308	65.791977
12	110	588	69.184982
13	110	864	75.514214
14	110	2649	86.295395
15	110	1931	102.453979
16	110	1482	125.835548
17	110	1482	159.923187
18	110	9	201.745041
19	110	9	244.654556
20	110	320	258.756378
21	110	48	258.756378
22	110	52	258.756378
23	110	51	258.756378
24	110	48	258.756378
25	110	52	258.756378
26	110	52	246.142517
27	110	52	246.142517
28	110	2340	246.142517
29	110	2148	319.316162
30	110	2148	356.490997
31	110	2558	385.215851
32	110	2650	385.215851
33	110	2651	385.215851
34	110	2652	385.215851
35	110	736	385.215851
36	110	393	385.215851
37	110	394	385.215851
38	110	450	385.215851
39	110	2325	385.215851
40	110	2352	385.215851
41	110	9	385.215851
42	110	9	385.215851
43	110	9	385.215851
44	110	9	385.215851
45	110	707	385.215851
46	110	499	385.215851
47	110	545	385.215851
48	110	393	385.215851
49	110	495	385.215851
50	110	668	449.298187
51	110	736	449.298187
52	110	738	385.215851
53	110	545	315.027496
54	110	495	235.275131
55	110	498	235.275131
56	110	2653	235.275131
57	110	625	235.275131
58	110	2654	221.32518
59	110	958	209.880203
60	110	958	209.880203
61	110	2564	209.880203
62	110	9	209.880203
63	110	2655	228.447891
64	110	2656	228.447891
65	110	459	228.447891
66	110	459	228.447891
67	110	459	197.939056
68	110	964	197.939056
69	110	2657	197.939056
70	110	2329	235.275131
71	110	457	235.275131
72	110	708	249.097595
73	110	9	236.556488
74	110	9	217.944336
75	110	2642	193.583435
76	110	2349	165.540024
77	110	2349	140.305481
78	110	2349	119.387703
79	110	2349	102.333168
80	110	2606	88.860153
81	110	2329	78.729393
82	110	498	71.636894
83	110	496	67.283943
84	110	498	67.218414
85	110	498	80.023933
86	110	496	105.029579
87	110	526	123.921982
88	110	526	181.607651
89	110	457	249.932022
90	110	497	168.546432
91	110	526	135.012161
92	110	2643	148.980804
93	110	1519	154.247421
94	110	2644	109.791252
95	110	52	72.905083
96	110	2091	56.002861
97	110	2074	53.698627
98	110	2608	64.541214
99	110	2096	67.04422
100	110	2096	54.577961
101	110	2658	80.261192
102	110	2659	122.828011
103	110	92	153.186722
104	110	92	159.831131
105	110	98	230.353012
106	110	52	313.261475
107	110	51	309.444702
108	110	48	245.105682
109	110	51	179.05043
110	110	52	148.395706
111	110	551	160.851135
112	110	552	183.98288
113	110	553	160.916977
114	110	52	107.285477
115	110	369	70.242203
116	110	37	67.884613
117	110	1552	64.883293
118	110	785	60.12682
119	110	1528	53.213951
120	110	270	49.311802
121	110	270	62.767056
122	110	550	70.814621
123	110	586	54.18541
124	110	588	32.40337
125	110	589	22.34367
126	110	52	14.41152
127	110	52	8.010506
128	110	51	3.657725
0	111	52	0
1	111	586	0
2	111	677	7.138807
3	111	2337	45.934837
4	111	2660	92.878036
5	111	513	122.952354
6	111	1932	154.579269
7	111	2259	202.006958
8	111	2223	180.887222
9	111	2224	152.941254
10	111	636	72.871666
11	111	637	65.393982
12	111	637	67.507668
13	111	746	72.614532
14	111	130	81.108391
15	111	1503	93.919899
16	111	2661	115.155418
17	111	9	147.086197
18	111	9	187.699219
19	111	320	230.835785
20	111	51	258.756378
21	111	51	258.756378
22	111	52	258.756378
23	111	51	258.756378
24	111	48	258.756378
25	111	52	258.756378
26	111	52	258.756378
27	111	2340	258.756378
28	111	2148	246.142517
29	111	2148	319.316162
30	111	2148	356.490997
31	111	2189	385.215851
32	111	2396	385.215851
33	111	738	385.215851
34	111	393	385.215851
35	111	630	385.215851
36	111	500	385.215851
37	111	489	385.215851
38	111	496	385.215851
39	111	2325	385.215851
40	111	2352	385.215851
41	111	9	385.215851
42	111	9	385.215851
43	111	9	385.215851
44	111	707	385.215851
45	111	499	385.215851
46	111	545	385.215851
47	111	545	385.215851
48	111	500	385.215851
49	111	736	385.215851
50	111	393	385.215851
51	111	393	385.215851
52	111	545	385.215851
53	111	495	315.027496
54	111	498	235.275131
55	111	668	235.275131
56	111	669	235.275131
57	111	2662	235.275131
58	111	989	221.32518
59	111	989	209.880203
60	111	2656	209.880203
61	111	891	209.880203
62	111	993	228.447891
63	111	395	228.447891
64	111	759	228.447891
65	111	738	197.939056
66	111	394	197.939056
67	111	2663	197.939056
68	111	628	197.939056
69	111	457	197.939056
70	111	526	197.939056
71	111	708	235.275131
72	111	9	228.785446
73	111	9	217.746826
74	111	2664	201.101715
75	111	2665	179.484894
76	111	2665	155.201599
77	111	2666	133.201736
78	111	2628	114.472656
79	111	2629	99.039207
80	111	497	86.701874
81	111	526	77.380836
82	111	498	70.984344
83	111	498	66.922112
84	111	497	65.393982
85	111	497	65.393982
86	111	457	66.012077
87	111	457	72.270721
88	111	497	134.386002
89	111	496	249.132095
90	111	496	216.838425
91	111	526	210.090591
92	111	526	219.06012
93	111	2318	227.247482
94	111	48	171.61058
95	111	2417	115.827217
96	111	2096	95.037361
97	111	2096	96.087746
98	111	2096	118.53257
99	111	2096	112.240913
100	111	2331	87.450409
101	111	2667	96.169411
102	111	122	125.869461
103	111	122	142.625168
104	111	123	130.001724
105	111	51	168.278336
106	111	48	252.154739
107	111	48	298.712952
108	111	48	288.108307
109	111	48	256.346832
110	111	586	214.31012
111	111	864	196.616837
112	111	589	209.019806
113	111	48	188.807693
114	111	2668	122.371353
115	111	2669	69.244682
116	111	2004	57.524399
117	111	2670	58.435635
118	111	883	57.3423
119	111	883	54.168964
120	111	856	59.096767
121	111	549	88.24295
122	111	2671	118.03788
123	111	637	120.546471
124	111	746	75.219643
125	111	48	30.166286
126	111	48	18.902309
127	111	52	10.715645
128	111	48	4.98497
0	112	586	0
1	112	1297	0
2	112	588	14.562325
3	112	743	56.995754
4	112	513	94.948746
5	112	1482	137.138763
6	112	1482	174.286652
7	112	2107	231.721146
8	112	48	214.078232
9	112	51	179.577957
10	112	52	86.466286
11	112	51	65.393982
12	112	48	66.028709
13	112	130	69.459938
14	112	1503	75.852837
15	112	2672	85.883049
16	112	1879	102.983383
17	112	9	131.168411
18	112	320	170.203674
19	112	51	213.354965
20	112	48	258.756378
21	112	52	258.756378
22	112	52	246.142517
23	112	51	242.667542
24	112	52	242.667542
25	112	48	242.667542
26	112	2340	246.142517
27	112	2148	242.667542
28	112	2148	242.667542
29	112	2148	315.841431
30	112	2189	352.12207
31	112	2673	352.12207
32	112	2674	352.12207
33	112	2675	352.12207
34	112	630	351.859406
35	112	738	351.859406
36	112	500	351.859406
37	112	489	351.859406
38	112	457	351.859406
39	112	2325	351.859406
40	112	2352	351.859406
41	112	9	351.859406
42	112	9	355.050415
43	112	707	355.050415
44	112	574	355.050415
45	112	395	344.183746
46	112	759	344.183746
47	112	737	344.183746
48	112	737	344.183746
49	112	394	344.183746
50	112	395	344.183746
51	112	395	344.183746
52	112	450	343.829407
53	112	496	315.027496
54	112	499	235.275131
55	112	738	235.275131
56	112	737	235.275131
57	112	738	235.275131
58	112	545	235.275131
59	112	394	221.32518
60	112	450	209.880203
61	112	457	209.880203
62	112	457	202.678543
63	112	499	198.751404
64	112	393	197.386017
65	112	495	197.939056
66	112	526	197.939056
67	112	496	172.508438
68	112	668	172.508438
69	112	2676	172.508438
70	112	2327	172.508438
71	112	9	209.740768
72	112	631	205.07283
73	112	889	195.249115
74	112	545	180.438171
75	112	737	161.282028
76	112	500	141.442841
77	112	669	123.172928
78	112	669	107.293716
79	112	489	94.002579
80	112	496	83.381042
81	112	498	75.345268
82	112	497	69.702812
83	112	2677	66.441483
84	112	2678	65.393982
85	112	2301	65.393982
86	112	2301	65.558624
87	112	2679	66.101089
88	112	2636	123.869682
89	112	2300	265.467194
90	112	2301	258.43042
91	112	2301	237.887634
92	112	2680	245.548523
93	112	2074	234.941711
94	112	2608	179.545288
95	112	2096	138.480179
96	112	2096	112.48101
97	112	2096	111.369339
98	112	2096	127.956619
99	112	2096	123.423935
100	112	2214	93.746582
101	112	2681	88.844345
102	112	122	99.893555
103	112	123	111.291077
104	112	48	104.913109
105	112	1692	118.459343
106	112	1327	164.760956
107	112	52	210.339294
108	112	48	248.891663
109	112	586	275.167175
110	112	588	255.347397
111	112	589	222.93129
112	112	48	222.957214
113	112	2682	210.497299
114	112	2683	144.218979
115	112	1027	75.514015
116	112	514	49.597347
117	112	110	50.347801
118	112	2684	53.79821
119	112	2685	58.689236
120	112	38	71.130699
121	112	549	107.864182
122	112	270	171.380005
123	112	550	185.199432
124	112	52	125.944664
125	112	51	54.73732
126	112	52	22.252449
127	112	52	12.488349
128	112	636	5.853757
0	113	1308	0
1	113	1297	0
2	113	743	13.602065
3	113	513	47.71566
4	113	2686	93.301361
5	113	1526	132.260162
6	113	2107	172.26123
7	113	51	219.756744
8	113	52	211.288544
9	113	48	203.076141
10	113	52	112.1838
11	113	52	74.778015
12	113	130	65.393982
13	113	2686	66.824165
14	113	2687	70.545357
15	113	1901	78.312347
16	113	9	91.534599
17	113	320	115.013344
18	113	48	150.748718
19	113	52	192.578171
20	113	51	237.291763
21	113	48	258.756378
22	113	51	242.667542
23	113	51	242.667542
24	113	51	242.667542
25	113	2340	242.667542
26	113	2148	242.667542
27	113	2148	242.667542
28	113	2148	242.667542
29	113	2688	315.841431
30	113	2689	319.316162
31	113	2126	319.316162
32	113	2673	319.316162
33	113	2675	319.316162
34	113	738	319.316162
35	113	737	319.316162
36	113	495	319.316162
37	113	497	319.316162
38	113	497	319.316162
39	113	2325	319.316162
40	113	2352	319.316162
41	113	9	319.316162
42	113	707	319.316162
43	113	497	319.316162
44	113	2298	319.316162
45	113	2690	308.449493
46	113	1703	308.449493
47	113	1703	308.449493
48	113	2691	308.449493
49	113	538	308.449493
50	113	538	308.449493
51	113	538	298.110535
52	113	538	308.449493
53	113	2690	233.403275
54	113	1703	235.275131
55	113	1703	235.275131
56	113	1703	235.275131
57	113	1703	235.275131
58	113	2691	235.275131
59	113	538	216.960739
60	113	538	198.156693
61	113	538	183.120682
62	113	2690	173.197128
63	113	1703	167.405716
64	113	2692	164.449341
65	113	669	163.983673
66	113	669	166.810364
67	113	736	172.508438
68	113	546	172.508438
69	113	9	172.508438
70	113	2328	172.508438
71	113	2693	183.487579
72	113	393	179.450287
73	113	545	170.683884
74	113	737	157.49501
75	113	393	141.656662
76	113	630	126.063873
77	113	393	111.648216
78	113	2694	98.805626
79	113	2301	87.989052
80	113	2301	79.272835
81	113	2301	72.59243
82	113	2695	68.277992
83	113	2373	65.881256
84	113	2096	65.393982
85	113	2096	66.252289
86	113	2696	69.764458
87	113	2697	71.802383
88	113	2698	148.208008
89	113	2096	285.017883
90	113	2096	279.970001
91	113	2096	263.541473
92	113	2096	241.795975
93	113	2658	213.217163
94	113	2699	168.849014
95	113	2699	134.578033
96	113	2273	94.933594
97	113	2096	82.48349
98	113	2096	82.516602
99	113	2096	84.936913
100	113	2274	77.081581
101	113	122	75.297707
102	113	123	81.402931
103	113	52	90.666557
104	113	2069	98.862885
105	113	2700	111.402115
106	113	2701	122.436066
107	113	48	130.744492
108	113	586	173.263947
109	113	588	223.293091
110	113	589	243.594971
111	113	275	221.929764
112	113	999	227.171646
113	113	761	228.033112
114	113	1900	167.885803
115	113	1900	73.563499
116	113	1900	41.906364
117	113	2702	44.316822
118	113	2070	54.522778
119	113	2703	67.32206
120	113	2704	79.171677
121	113	38	103.721588
122	113	549	162.336182
123	113	550	190.021973
124	113	51	136.180847
125	113	52	65.228813
126	113	51	23.61067
127	113	51	12.953331
128	113	586	5.811884
0	114	1297	0
1	114	743	0
2	114	513	6.660124
3	114	2705	42.87804
4	114	2706	91.612442
5	114	2707	124.884613
6	114	48	151.003281
7	114	51	175.108017
8	114	51	176.651108
9	114	51	179.846695
10	114	2708	108.140175
11	114	2709	76.459213
12	114	2710	65.393982
13	114	1781	65.393982
14	114	1956	66.945412
15	114	9	71.606728
16	114	320	80.99929
17	114	48	100.326309
18	114	52	132.212219
19	114	48	171.174896
20	114	52	212.096176
21	114	48	253.53714
22	114	48	242.667542
23	114	48	242.667542
24	114	2340	242.667542
25	114	2148	242.667542
26	114	2148	242.667542
27	114	2148	242.667542
28	114	2573	246.142517
29	114	2711	246.142517
30	114	2126	246.142517
31	114	2126	246.142517
32	114	2712	246.142517
33	114	759	242.63736
34	114	393	246.142517
35	114	500	246.142517
36	114	489	246.142517
37	114	526	246.142517
38	114	497	246.142517
39	114	2325	246.142517
40	114	2352	246.142517
41	114	2406	246.142517
42	114	538	246.142517
43	114	2327	246.142517
44	114	9	246.142517
45	114	9	246.142517
46	114	9	246.142517
47	114	9	235.275131
48	114	9	235.275131
49	114	9	235.275131
50	114	9	235.275131
51	114	9	235.275131
52	114	9	235.275131
53	114	9	235.275131
54	114	9	235.275131
55	114	9	216.150879
56	114	9	216.150879
57	114	9	228.133804
58	114	9	210.892303
59	114	9	192.916031
60	114	9	174.590042
61	114	9	157.024323
62	114	9	143.959351
63	114	674	136.117264
64	114	1703	131.460739
65	114	2713	130.845367
66	114	395	134.68399
67	114	2714	110.151085
68	114	892	110.151085
69	114	2329	123.721344
70	114	499	123.721344
71	114	737	123.721344
72	114	738	152.679779
73	114	738	144.821701
74	114	738	133.849564
75	114	393	122.250359
76	114	2715	110.728294
77	114	2716	99.840805
78	114	2096	89.980255
79	114	2096	81.566963
80	114	2096	74.913391
81	114	2096	69.965698
82	114	2096	66.680901
83	114	2096	65.393982
84	114	2717	65.393982
85	114	2718	68.502647
86	114	2334	75.842583
87	114	2096	89.081429
88	114	2096	170.860886
89	114	2096	285.610504
90	114	2096	270.747955
91	114	2096	270.61557
92	114	2719	259.611115
93	114	2720	215.329666
94	114	2721	154.018539
95	114	2272	116.515152
96	114	2273	77.854317
97	114	2096	50.038525
98	114	2391	44.398201
99	114	2722	55.965603
100	114	144	68.94503
101	114	145	77.470703
102	114	48	83.820808
103	114	2027	91.813545
104	114	2723	101.569145
105	114	646	111.587624
106	114	52	120.421692
107	114	586	127.347855
108	114	864	132.673889
109	114	589	171.462204
110	114	997	202.109955
111	114	1937	204.372482
112	114	2724	233.447723
113	114	750	257.857239
114	114	1781	194.901794
115	114	1752	86.146454
116	114	1868	38.622887
117	114	2109	43.702145
118	114	2725	58.432549
119	114	2726	74.788582
120	114	2531	88.255112
121	114	9	95.303169
122	114	320	125.194908
123	114	48	138.909225
124	114	48	107.194458
125	114	52	55.958328
126	114	51	27.579102
127	114	586	12.582804
128	114	588	4.869383
0	115	2727	0
1	115	2067	0
2	115	2728	4.682963
3	115	744	33.960224
4	115	2009	75.161072
5	115	48	119.935341
6	115	48	144.460403
7	115	52	163.876724
8	115	51	159.854095
9	115	2108	169.740829
10	115	750	95.363113
11	115	1752	67.029953
12	115	0	65.393982
13	115	136	65.393982
14	115	9	65.393982
15	115	320	67.001892
16	115	52	73.799248
17	115	52	87.481819
18	115	52	114.346542
19	115	48	148.369354
20	115	52	185.370071
21	115	48	222.74205
22	115	2308	242.667542
23	115	2729	242.667542
24	115	2148	242.667542
25	115	2148	242.667542
26	115	2148	242.667542
27	115	2148	246.142517
28	115	2189	246.142517
29	115	2126	246.142517
30	115	2469	246.142517
31	115	2730	246.142517
32	115	2731	246.142517
33	115	545	246.142517
34	115	545	246.142517
35	115	500	246.142517
36	115	669	246.142517
37	115	669	246.142517
38	115	669	246.142517
39	115	2732	246.142517
40	115	2352	246.142517
41	115	9	246.142517
42	115	9	246.142517
43	115	9	246.142517
44	115	9	246.142517
45	115	9	235.275131
46	115	9	235.275131
47	115	9	235.275131
48	115	9	235.275131
49	115	9	235.275131
50	115	9	235.275131
51	115	9	235.275131
52	115	9	235.275131
53	115	9	235.275131
54	115	9	235.275131
55	115	2328	216.150879
56	115	892	216.150879
57	115	892	201.951035
58	115	2352	184.793106
59	115	9	166.95105
60	115	2328	149.534149
61	115	892	133.44368
62	115	2637	118.613937
63	115	459	107.802048
64	115	2733	101.466469
65	115	457	100.676674
66	115	496	103.682137
67	115	457	110.151085
68	115	498	110.151085
69	115	499	96.003593
70	115	738	96.003593
71	115	737	80.0858
72	115	393	80.0858
73	115	545	119.258141
74	115	2715	112.121338
75	115	2716	104.325058
76	115	2096	96.330704
77	115	2658	88.509682
78	115	2699	81.548859
79	115	2699	75.472313
80	115	2699	70.871574
81	115	2699	67.566544
82	115	2734	65.716225
83	115	2125	65.393982
84	115	2126	65.393982
85	115	2156	68.13031
86	115	2735	76.482986
87	115	2418	94.904892
88	115	2736	152.00853
89	115	2737	245.190201
90	115	2737	230.44133
91	115	2738	237.904129
92	115	2739	260.605591
93	115	2740	220.731033
94	115	1127	145.693024
95	115	2213	107.921852
96	115	2096	64.567932
97	115	2522	35.16531
98	115	52	47.411827
99	115	52	61.6898
100	115	51	74.941139
101	115	51	86.273994
102	115	48	91.868858
103	115	2027	96.035019
104	115	2009	101.5131
105	115	52	108.289726
106	115	586	115.454834
107	115	677	122.510017
108	115	589	126.847389
109	115	2069	144.236847
110	115	2459	170.931107
111	115	1752	179.879639
112	115	2741	239.860748
113	115	2742	285.883514
114	115	2743	221.476151
115	115	2744	98.728943
116	115	1868	47.72422
117	115	2105	45.999798
118	115	2745	60.553955
119	115	2746	78.082382
120	115	1878	91.24279
121	115	2747	123.421631
122	115	550	138.243042
123	115	52	118.366608
124	115	48	79.88533
125	115	52	51.900837
126	115	636	32.191048
127	115	637	14.336041
128	115	746	4.066126
0	116	48	0
1	116	48	0
2	116	48	2.071317
3	116	48	19.007072
4	116	48	56.514023
5	116	52	101.354858
6	116	52	142.195068
7	116	48	178.725357
8	116	2108	174.957428
9	116	1808	166.304443
10	116	1781	90.128548
11	116	750	65.393982
12	116	1956	65.393982
13	116	9	65.393982
14	116	320	65.393982
15	116	48	65.831436
16	116	52	70.25634
17	116	51	80.610062
18	116	51	101.059601
19	116	52	127.26841
20	116	48	157.547379
21	116	2340	190.737411
22	116	2148	223.913696
23	116	2148	242.667542
24	116	2148	228.054611
25	116	2148	228.054611
26	116	2148	228.054611
27	116	2189	228.054611
28	116	2469	242.667542
29	116	2256	246.142517
30	116	252	246.142517
31	116	1092	246.142517
32	116	1047	246.142517
33	116	393	246.142517
34	116	737	246.142517
35	116	737	246.142517
36	116	393	246.142517
37	116	545	246.142517
38	116	500	246.142517
39	116	2748	246.142517
40	116	854	246.142517
41	116	9	246.142517
42	116	9	246.142517
43	116	9	246.142517
44	116	9	246.142517
45	116	9	235.275131
46	116	9	235.275131
47	116	9	235.275131
48	116	9	235.275131
49	116	9	235.275131
50	116	9	235.275131
51	116	9	222.024658
52	116	9	222.024658
53	116	2328	235.275131
54	116	2329	220.234833
55	116	497	204.571579
56	116	498	189.965378
57	116	2325	175.6492
58	116	892	158.331863
59	116	2329	140.716614
60	116	668	124.594933
61	116	736	110.452248
62	116	630	98.542358
63	116	495	87.39151
64	116	526	77.780327
65	116	498	73.41906
66	116	457	75.611877
67	116	526	81.322777
68	116	2749	89.103264
69	116	1047	96.003593
70	116	738	96.003593
71	116	2715	80.0858
72	116	2750	80.0858
73	116	2751	68.387344
74	116	2116	68.387344
75	116	2752	88.785744
76	116	2753	83.79847
77	116	2754	78.799385
78	116	2755	74.222427
79	116	252	70.48806
80	116	1127	67.642937
81	116	2423	65.393982
82	116	2689	68.440575
83	116	2126	75.42334
84	116	2756	82.342453
85	116	2757	87.517975
86	116	2758	97.000122
87	116	2759	111.231354
88	116	2739	155.946793
89	116	2739	234.190155
90	116	2739	221.087631
91	116	2760	238.316742
92	116	2761	232.202499
93	116	2762	193.725494
94	116	2763	136.530014
95	116	2737	96.519493
96	116	2764	58.608322
97	116	52	36.033661
98	116	51	49.504013
99	116	52	64.749313
100	116	48	81.514969
101	116	51	95.34803
102	116	51	98.219849
103	116	52	98.651131
104	116	51	100.443199
105	116	636	104.306778
106	116	637	109.70948
107	116	2765	115.322388
108	116	2766	120.602837
109	116	1808	132.755814
110	116	1825	150.265457
111	116	2767	165.547546
112	116	1629	227.529648
113	116	2037	280.958282
114	116	2768	234.142426
115	116	768	128.74054
116	116	2138	65.514061
117	116	2769	56.421673
118	116	2088	61.216824
119	116	2742	78.33416
120	116	2770	102.35183
121	116	2747	145.159775
122	116	550	166.690659
123	116	52	132.258621
124	116	48	82.460403
125	116	51	53.582584
126	116	48	34.051243
127	116	48	15.806303
128	116	52	4.712336
0	117	48	0
1	117	52	0
2	117	48	0
3	117	52	3.342653
4	117	48	24.35817
5	117	52	81.290428
6	117	48	131.485977
7	117	2108	173.45285
8	117	1808	155.336823
9	117	750	160.846939
10	117	750	84.458008
11	117	1956	65.393982
12	117	9	65.393982
13	117	320	65.393982
14	117	52	65.393982
15	117	51	65.393982
16	117	52	69.990669
17	117	52	78.818443
18	117	48	96.247543
19	117	48	116.260338
20	117	2340	137.60257
21	117	2148	163.207321
22	117	2148	193.139053
23	117	2148	223.197968
24	117	2148	228.054611
25	117	2633	228.054611
26	117	2634	228.054611
27	117	2212	228.054611
28	117	2333	228.054611
29	117	2771	246.142517
30	117	2771	246.142517
31	117	2772	246.142517
32	117	2773	246.142517
33	117	2774	246.142517
34	117	1225	246.142517
35	117	1225	246.142517
36	117	2775	246.142517
37	117	759	244.713669
38	117	737	244.713669
39	117	890	244.713669
40	117	2776	244.713669
41	117	1879	244.713669
42	117	9	238.714752
43	117	9	238.714752
44	117	9	246.142517
45	117	9	235.275131
46	117	9	235.275131
47	117	9	235.275131
48	117	9	235.275131
49	117	9	235.275131
50	117	9	246.142517
51	117	9	222.024658
52	117	707	222.024658
53	117	497	205.962906
54	117	498	190.288528
55	117	496	176.134796
56	117	526	163.335587
57	117	498	149.019394
58	117	668	131.977982
59	117	736	115.438492
60	117	737	100.972725
61	117	393	89.177917
62	117	500	79.79586
63	117	669	71.199478
64	117	669	66.23877
65	117	1054	65.393982
66	117	1098	65.393982
67	117	2777	65.393982
68	117	1092	66.968002
69	117	2778	71.360054
70	117	2779	76.071213
71	117	2780	79.066978
72	117	2781	80.0858
73	117	2782	68.387344
74	117	2783	67.525711
75	117	2784	67.525711
76	117	2785	66.612785
77	117	2786	66.612785
78	117	2787	65.393982
79	117	2771	65.393982
80	117	2771	67.184517
81	117	2788	72.484909
82	117	2789	83.954124
83	117	2790	100.132584
84	117	2739	114.100288
85	117	2739	128.354584
86	117	2739	136.193665
87	117	2760	134.493515
88	117	2791	184.310867
89	117	2791	278.582733
90	117	2792	244.645111
91	117	122	216.820724
92	117	2793	175.019043
93	117	2739	132.040726
94	117	2794	82.491768
95	117	2795	60.747948
96	117	52	42.555981
97	117	51	33.03133
98	117	52	48.550747
99	117	52	68.544067
100	117	51	87.403419
101	117	48	101.892311
102	117	52	106.00795
103	117	51	98.11692
104	117	48	95.704201
105	117	1692	97.47081
106	117	1693	101.30645
107	117	2037	105.684593
108	117	2742	111.744476
109	117	2743	125.004707
110	117	2796	138.933014
111	117	2769	154.959793
112	117	2070	194.281586
113	117	2797	238.340714
114	117	2798	235.368408
115	117	2799	169.837204
116	117	2088	108.311501
117	117	2003	68.94915
118	117	2769	65.695053
119	117	2459	75.815544
120	117	2800	101.268433
121	117	2801	137.864426
122	117	52	150.045853
123	117	52	119.306526
124	117	48	73.132668
125	117	48	52.483727
126	117	551	33.041588
127	117	552	16.346075
128	117	711	6.338421
0	118	270	0
1	118	550	0
2	118	48	0
3	118	52	3.573736
4	118	51	22.212431
5	118	275	74.702316
6	118	2802	124.262093
7	118	2803	150.177307
8	118	1781	142.860565
9	118	750	136.963272
10	118	2800	74.595222
11	118	1878	66.069214
12	118	2801	67.86618
13	118	48	66.998329
14	118	51	65.393982
15	118	48	65.393982
16	118	48	69.006714
17	118	51	77.459892
18	118	51	93.459656
19	118	2340	111.585274
20	118	2148	130.139496
21	118	2148	148.391785
22	118	2148	166.719284
23	118	2148	188.822464
24	118	2189	212.81604
25	118	2126	228.054611
26	118	2212	228.054611
27	118	2804	228.054611
28	118	2126	228.054611
29	118	2126	242.667542
30	118	2525	242.667542
31	118	2526	242.667542
32	118	2318	246.142517
33	118	48	246.142517
34	118	48	246.142517
35	118	2319	246.142517
36	118	2805	246.142517
37	118	738	244.713669
38	118	393	238.714752
39	118	2806	238.714752
40	118	2800	238.714752
41	118	1878	238.714752
42	118	1878	238.714752
43	118	1878	209.740509
44	118	1879	209.740509
45	118	9	209.740509
46	118	9	209.740509
47	118	9	209.740509
48	118	9	235.275131
49	118	9	244.931198
50	118	9	228.054703
51	118	707	208.945648
52	118	497	190.752686
53	118	498	174.335281
54	118	498	158.768295
55	118	457	145.928452
56	118	498	135.211288
57	118	499	122.101715
58	118	737	106.5541
59	118	738	92.269539
60	118	738	81.018372
61	118	738	73.305496
62	118	737	66.700668
63	118	737	65.393982
64	118	2807	65.393982
65	118	252	65.393982
66	118	253	65.393982
67	118	252	65.393982
68	118	2808	65.393982
69	118	122	65.393982
70	118	122	65.393982
71	118	122	65.945801
72	118	122	67.780113
73	118	2809	68.708694
74	118	2148	67.525711
75	118	2148	67.525711
76	118	2148	66.612785
77	118	2189	66.612785
78	118	2126	65.393982
79	118	2756	66.900085
80	118	2790	75.598213
81	118	2739	89.592125
82	118	2760	107.000877
83	118	2791	120.94828
84	118	2791	134.424408
85	118	2791	152.062622
86	118	2792	169.549347
87	118	122	185.307571
88	118	122	223.087921
89	118	122	293.00293
90	118	122	236.219284
91	118	2793	213.455246
92	118	2739	163.733963
93	118	2810	99.717262
94	118	2811	34.441406
95	118	52	17.823553
96	118	51	16.032663
97	118	52	28.689278
98	118	52	50.504726
99	118	48	73.039436
100	118	51	92.363907
101	118	52	106.392784
102	118	48	111.640808
103	118	51	103.204102
104	118	2069	89.167931
105	118	2812	86.762283
106	118	2812	88.899773
107	118	2812	92.582787
108	118	2088	100.45105
109	118	2813	115.277328
110	118	2459	134.479218
111	118	2814	152.004471
112	118	2769	166.266342
113	118	2815	203.680191
114	118	2816	234.958145
115	118	1764	214.595856
116	118	1765	139.932831
117	118	2817	81.719658
118	118	1808	72.235435
119	118	2090	72.849815
120	118	2818	88.926598
121	118	51	108.283951
122	118	48	109.840073
123	118	48	88.359673
124	118	551	65.962135
125	118	1522	47.973248
126	118	1297	30.405312
127	118	743	17.500261
128	118	9	8.2087
0	119	549	0
1	119	270	0
2	119	270	0
3	119	270	11.467919
4	119	999	38.84927
5	119	9	83.408859
6	119	1877	111.985107
7	119	769	157.556091
8	119	1868	165.074005
9	119	1806	150.617142
10	119	1900	75.221573
11	119	2819	76.616028
12	119	2701	81.244598
13	119	52	74.775162
14	119	52	66.973717
15	119	51	65.393982
16	119	48	67.267433
17	119	48	75.508308
18	119	2227	89.118881
19	119	2228	105.88237
20	119	2148	122.893867
21	119	2148	139.453644
22	119	2148	155.500519
23	119	2558	170.10054
24	119	2500	185.543839
25	119	2820	203.664856
26	119	2821	228.054611
27	119	2500	228.054611
28	119	2500	228.054611
29	119	2500	242.667542
30	119	2822	242.667542
31	119	2823	242.667542
32	119	2644	243.688446
33	119	51	243.688446
34	119	48	243.688446
35	119	1684	243.688446
36	119	738	246.142517
37	119	737	246.142517
38	119	2824	238.714752
39	119	2825	238.714752
40	119	2825	238.714752
41	119	2825	238.714752
42	119	2826	238.714752
43	119	2827	204.116348
44	119	892	204.116348
45	119	892	204.116348
46	119	892	204.116348
47	119	892	209.740509
48	119	2637	228.242538
49	119	459	213.841736
50	119	2828	196.529373
51	119	669	176.808289
52	119	669	158.707764
53	119	489	142.64534
54	119	498	128.276428
55	119	526	117.844688
56	119	499	107.718849
57	119	737	94.960503
58	119	393	81.85984
59	119	545	72.019363
60	119	393	67.014305
61	119	2829	65.393982
62	119	2830	65.393982
63	119	2831	65.393982
64	119	2771	65.393982
65	119	2502	65.393982
66	119	251	65.393982
67	119	2832	65.393982
68	119	2833	65.393982
69	119	122	65.393982
70	119	122	65.393982
71	119	122	65.393982
72	119	2834	65.393982
73	119	2835	65.393982
74	119	2148	65.393982
75	119	2148	65.393982
76	119	2189	65.393982
77	119	2126	65.393982
78	119	2836	65.393982
79	119	2739	68.350365
80	119	2739	79.259003
81	119	2837	95.855927
82	119	122	108.619316
83	119	122	111.783058
84	119	122	115.993034
85	119	122	134.393509
86	119	122	175.592804
87	119	122	213.290253
88	119	122	256.325317
89	119	2838	293.998749
90	119	2839	218.872055
91	119	2739	202.92334
92	119	2794	177.777603
93	119	2795	97.933846
94	119	48	12.968205
95	119	52	0
96	119	48	8.329318
97	119	52	27.87435
98	119	52	52.803268
99	119	51	75.28463
100	119	51	94.09063
101	119	51	107.362206
102	119	52	112.359177
103	119	2108	106.711876
104	119	750	92.517418
105	119	750	78.102005
106	119	1752	75.752869
107	119	2840	79.05703
108	119	2459	89.014732
109	119	1781	105.883621
110	119	2109	127.37471
111	119	2459	146.257858
112	119	1825	154.038803
113	119	768	177.574646
114	119	0	217.783783
115	119	514	206.957047
116	119	2816	138.152756
117	119	1781	83.33448
118	119	2841	73.632652
119	119	2842	70.293274
120	119	553	73.71167
121	119	52	81.374733
122	119	551	81.866119
123	119	1522	72.956696
124	119	864	57.822548
125	119	1297	42.389599
126	119	743	30.262644
127	119	9	18.172211
128	119	9	8.894964
0	120	9	0
1	120	9	0
2	120	9	0
3	120	9	14.996964
4	120	9	45.028862
5	120	1867	71.464638
6	120	1781	96.30899
7	120	1781	177.706161
8	120	1806	215.570984
9	120	2843	193.481186
10	120	1752	103.858315
11	120	2844	106.493294
12	120	155	110.740112
13	120	48	88.782715
14	120	48	71.761108
15	120	51	65.943657
16	120	48	65.728279
17	120	52	72.596626
18	120	2227	83.747589
19	120	2228	98.500198
20	120	2148	113.908829
21	120	2148	129.026123
22	120	2148	142.869247
23	120	2148	154.87442
24	120	2148	164.35202
25	120	2148	173.091354
26	120	2148	191.265274
27	120	2148	211.442551
28	120	2148	228.088684
29	120	2148	242.667542
30	120	2845	242.667542
31	120	2846	242.667542
32	120	2309	243.688446
33	120	2847	243.688446
34	120	1684	243.688446
35	120	737	243.688446
36	120	394	243.688446
37	120	450	246.142517
38	120	457	238.714752
39	120	668	238.714752
40	120	669	244.713669
41	120	669	244.713669
42	120	669	268.238495
43	120	669	204.116348
44	120	669	204.116348
45	120	669	204.116348
46	120	489	204.116348
47	120	499	209.740509
48	120	393	196.423019
49	120	630	181.864899
50	120	738	163.881042
51	120	393	144.220276
52	120	495	127.583115
53	120	498	112.821358
54	120	2848	101.564812
55	120	2849	93.810295
56	120	2850	83.872818
57	120	2850	72.608383
58	120	2850	66.130905
59	120	2850	65.393982
60	120	2851	65.393982
61	120	2821	65.393982
62	120	2500	65.393982
63	120	2500	65.393982
64	120	2820	65.393982
65	120	2784	65.393982
66	120	2852	65.393982
67	120	2853	65.393982
68	120	2854	65.393982
69	120	2833	65.393982
70	120	122	65.393982
71	120	122	65.393982
72	120	2834	65.393982
73	120	2855	65.393982
74	120	2855	65.393982
75	120	2856	65.393982
76	120	2782	65.393982
77	120	2857	65.393982
78	120	2858	65.393982
79	120	2739	66.637177
80	120	2859	72.78125
81	120	125	81.600098
82	120	122	87.069244
83	120	122	82.643196
84	120	122	86.125542
85	120	122	127.068947
86	120	2838	174.644531
87	120	2860	217.656174
88	120	2861	258.801788
89	120	2739	301.408142
90	120	2739	195.349197
91	120	2862	147.674179
92	120	48	119.233429
93	120	51	60.606358
94	120	52	2.776683
95	120	48	0
96	120	48	4.753161
97	120	48	26.872791
98	120	52	51.526665
99	120	52	73.851234
100	120	51	92.553062
101	120	2708	105.917656
102	120	2863	111.709755
103	120	1781	107.847649
104	120	1808	94.139854
105	120	1825	76.743774
106	120	2816	66.881523
107	120	1808	68.544243
108	120	1808	78.472992
109	120	1781	95.780624
110	120	1781	116.327759
111	120	1825	135.82077
112	120	135	148.932724
113	120	514	163.292343
114	120	514	178.112946
115	120	2816	159.809265
116	120	1781	113.246895
117	120	1825	80.893135
118	120	2864	70.219131
119	120	589	63.81958
120	120	48	62.157635
121	120	586	64.873947
122	120	1297	65.27269
123	120	1297	59.697613
124	120	588	50.767384
125	120	743	39.748425
126	120	28	28.164982
127	120	883	16.81122
128	120	883	8.32536
0	121	856	0
1	121	9	0
2	121	9	0
3	121	9	5.447856
4	121	1867	26.706236
5	121	750	43.738152
6	121	1781	93.992554
7	121	1806	210.816254
8	121	2843	251.890808
9	121	1752	208.770157
10	121	2865	136.194473
11	121	2866	141.083954
12	121	52	136.878113
13	121	51	108.893066
14	121	48	84.63298
15	121	48	71.729637
16	121	48	65.410889
17	121	48	69.716736
18	121	2227	77.804398
19	121	2867	90.296707
20	121	2228	103.690376
21	121	2148	116.658806
22	121	2148	129.00499
23	121	2148	139.326355
24	121	2148	146.870422
25	121	2633	153.937271
26	121	2421	164.174988
27	121	2868	176.689316
28	121	2148	190.047302
29	121	2148	202.987915
30	121	2148	216.611008
31	121	2148	230.745071
32	121	2869	243.688446
33	121	2870	243.688446
34	121	2850	243.688446
35	121	2871	243.688446
36	121	2872	243.688446
37	121	2872	246.142517
38	121	2873	244.713669
39	121	545	244.713669
40	121	737	244.713669
41	121	393	244.713669
42	121	737	234.177185
43	121	738	220.318726
44	121	737	204.116348
45	121	2874	204.116348
46	121	2849	190.622467
47	121	2850	175.907974
48	121	2850	164.250778
49	121	2850	149.631989
50	121	2850	131.645447
51	121	2871	113.777832
52	121	2872	99.461243
53	121	2875	87.637871
54	121	2148	81.770546
55	121	2148	74.833397
56	121	2148	67.03772
57	121	2148	65.393982
58	121	2148	65.393982
59	121	2148	65.393982
60	121	2148	65.393982
61	121	2148	65.393982
62	121	2148	65.393982
63	121	2148	65.393982
64	121	2148	65.393982
65	121	2148	65.393982
66	121	2148	65.393982
67	121	2148	65.393982
68	121	2853	65.393982
69	121	2833	65.393982
70	121	122	65.393982
71	121	122	65.393982
72	121	122	65.393982
73	121	122	65.393982
74	121	122	65.393982
75	121	122	65.393982
76	121	2876	65.393982
77	121	2877	65.393982
78	121	2878	65.393982
79	121	2795	65.393982
80	121	124	66.039711
81	121	2879	68.721123
82	121	2880	86.564194
83	121	2860	95.284927
84	121	144	117.813118
85	121	2881	163.654892
86	121	2795	219.920639
87	121	2882	229.394958
88	121	2878	243.471924
89	121	2878	264.479614
90	121	2883	157.093414
91	121	2758	77.727554
92	121	2811	34.362679
93	121	51	13.828533
94	121	51	0
95	121	52	0
96	121	48	6.388801
97	121	48	25.4902
98	121	51	47.537678
99	121	2708	68.967049
100	121	2863	87.883408
101	121	750	102.164284
102	121	1808	109.653999
103	121	1752	107.683578
104	121	0	92.834778
105	121	2816	73.801582
106	121	1808	63.355095
107	121	750	61.008003
108	121	750	68.632797
109	121	1808	84.169441
110	121	1825	102.58252
111	121	110	121.615654
112	121	2884	134.901779
113	121	2885	144.891205
114	121	2816	140.033966
115	121	1808	119.465271
116	121	2886	91.112579
117	121	2887	76.228989
118	121	2888	64.2985
119	121	2889	55.919106
120	121	2890	51.635487
121	121	2891	51.349079
122	121	2892	52.35537
123	121	763	49.528893
124	121	764	42.917633
125	121	315	33.804276
126	121	135	23.431629
127	121	514	13.728277
128	121	136	6.545818
0	122	9	0
1	122	9	0
2	122	1883	0
3	122	2724	0
4	122	1781	4.870421
5	122	1808	26.815802
6	122	1781	102.236443
7	122	1806	215.764908
8	122	2744	208.442535
9	122	2865	169.17717
10	122	2819	137.862869
11	122	2701	159.232513
12	122	48	152.371323
13	122	52	124.91954
14	122	52	103.588966
15	122	52	79.221565
16	122	51	66.165306
17	122	48	70.252434
18	122	52	75.951942
19	122	2227	82.689812
20	122	2867	93.526176
21	122	2867	104.218826
22	122	2867	114.352379
23	122	2867	122.689301
24	122	2893	128.801743
25	122	2894	134.356003
26	122	2895	142.107803
27	122	2867	151.44931
28	122	2867	161.510895
29	122	2228	171.722794
30	122	2148	182.847229
31	122	2148	193.945358
32	122	2148	205.843323
33	122	2148	215.76535
34	122	2148	223.608154
35	122	2148	228.72699
36	122	2148	231.633026
37	122	2896	231.498108
38	122	2850	228.737228
39	122	2850	223.603271
40	122	2850	216.9897
41	122	2850	208.97084
42	122	2850	197.193192
43	122	2850	184.272537
44	122	2897	178.519104
45	122	2148	169.980148
46	122	2148	158.414047
47	122	2148	146.498474
48	122	2148	133.583191
49	122	2148	118.147766
50	122	2148	101.706078
51	122	2148	88.318268
52	122	2148	76.491936
53	122	2148	73.284454
54	122	2148	69.109123
55	122	2148	65.393982
56	122	2898	65.393982
57	122	2228	65.393982
58	122	2148	65.393982
59	122	2633	65.393982
60	122	2899	65.393982
61	122	2867	65.393982
62	122	2867	65.393982
63	122	2867	65.393982
64	122	2867	65.393982
65	122	2867	65.393982
66	122	2867	65.393982
67	122	2867	65.393982
68	122	2900	65.393982
69	122	144	65.393982
70	122	144	65.393982
71	122	2901	65.393982
72	122	2854	67.051125
73	122	2902	68.745872
74	122	144	65.749512
75	122	145	65.393982
76	122	52	65.393982
77	122	48	65.393982
78	122	48	65.393982
79	122	51	65.393982
80	122	2882	69.120781
81	122	2878	121.574837
82	122	2795	185.911804
83	122	52	211.506088
84	122	52	202.642441
85	122	52	251.371582
86	122	52	290.459747
87	122	48	245.108871
88	122	52	230.749466
89	122	2882	245.246628
90	122	2878	135.540741
91	122	2795	44.096573
92	122	51	2.128056
93	122	51	0
94	122	51	0
95	122	48	0.909224
96	122	48	8.928941
97	122	2708	24.572147
98	122	2863	43.960423
99	122	1808	63.582134
100	122	1808	81.813782
101	122	1752	96.700218
102	122	0	105.794426
103	122	2884	103.429237
104	122	2843	88.382538
105	122	750	69.8731
106	122	1808	56.503582
107	122	1808	54.800926
108	122	1808	60.11739
109	122	1806	71.719566
110	122	1900	87.282875
111	122	2843	104.740417
112	122	1825	117.339188
113	122	2816	122.935951
114	122	1752	118.18232
115	122	2840	99.78801
116	122	2815	81.626251
117	122	768	66.472183
118	122	2138	55.494144
119	122	2004	47.378399
120	122	2817	42.455883
121	122	1825	40.824455
122	122	514	40.901237
123	122	514	38.588783
124	122	135	33.307182
125	122	514	25.742601
126	122	2684	17.070005
127	122	2903	9.72334
128	122	37	4.414864
0	123	89	0
1	123	2904	0
2	123	1781	0
3	123	750	0
4	123	1781	0
5	123	1808	16.161205
6	123	1808	110.568413
7	123	750	200.907196
8	123	1752	171.221359
9	123	2865	149.220215
10	123	2866	138.976364
11	123	48	162.890015
12	123	51	154.599823
13	123	52	135.989029
14	123	52	114.711678
15	123	51	93.655037
16	123	51	93.321861
17	123	48	92.597305
18	123	52	85.259758
19	123	48	94.179291
20	123	52	103.649605
21	123	48	103.521362
22	123	48	101.159439
23	123	48	106.840607
24	123	51	111.825287
25	123	52	118.43911
26	123	51	124.438713
27	123	51	129.061478
28	123	2227	136.92363
29	123	2867	145.032684
30	123	2867	153.560379
31	123	2867	163.024796
32	123	2867	172.538757
33	123	2867	180.86647
34	123	2867	187.881042
35	123	2867	193.202194
36	123	2867	195.705444
37	123	2867	194.963898
38	123	2867	192.206833
39	123	2228	187.652634
40	123	2148	181.45575
41	123	2148	172.162033
42	123	2898	159.289505
43	123	2867	151.532761
44	123	2867	148.834671
45	123	2867	150.583466
46	123	2867	149.535217
47	123	2867	146.032913
48	123	2867	123.089127
49	123	2867	102.252861
50	123	2867	91.057861
51	123	2867	84.965607
52	123	2867	78.537376
53	123	2867	65.69886
54	123	2867	65.393982
55	123	2905	65.393982
56	123	2227	65.393982
57	123	2867	65.393982
58	123	2893	65.393982
59	123	2906	66.341148
60	123	52	68.307816
61	123	51	71.020386
62	123	48	72.18528
63	123	52	72.388687
64	123	51	70.793251
65	123	48	68.063705
66	123	51	66.172943
67	123	52	65.393982
68	123	52	65.393982
69	123	52	65.649124
70	123	2227	66.162674
71	123	2867	77.084702
72	123	2905	105.106529
73	123	52	108.014633
74	123	48	87.493347
75	123	52	79.080849
76	123	52	75.006348
77	123	48	66.914047
78	123	48	65.393982
79	123	52	65.393982
80	123	48	81.965553
81	123	52	165.042282
82	123	52	272.19989
83	123	52	304.923584
84	123	51	297.866852
85	123	51	302.615631
86	123	52	320.875641
87	123	52	262.704346
88	123	52	226.646042
89	123	51	220.582657
90	123	48	112.521469
91	123	48	36.312668
92	123	52	0
93	123	51	0
94	123	48	0
95	123	2708	1.95461
96	123	2863	10.091476
97	123	750	23.755484
98	123	750	40.516876
99	123	1808	58.148487
100	123	1825	75.291573
101	123	2884	90.105164
102	123	2843	98.527336
103	123	1781	92.973618
104	123	1808	79.990067
105	123	1781	64.051712
106	123	750	47.290909
107	123	1808	43.736549
108	123	750	48.631992
109	123	1808	57.749092
110	123	1808	71.792618
111	123	1806	86.999611
112	123	2843	97.763107
113	123	1825	102.454269
114	123	2816	99.186325
115	123	1806	85.545189
116	123	1900	66.811852
117	123	2726	52.33596
118	123	1027	42.63208
119	123	2816	35.726223
120	123	1806	31.22473
121	123	2885	29.357347
122	123	862	29.105274
123	123	2907	27.173822
124	123	2055	22.806271
125	123	2908	16.609278
126	123	673	10.624408
127	123	1552	5.682784
128	123	785	2.236154
0	124	2909	0
1	124	1781	0
2	124	1808	0
3	124	1781	0
4	124	750	0
5	124	750	10.25232
6	124	1808	81.706619
7	124	1781	162.168091
8	124	1808	148.669846
9	124	646	156.318512
10	124	52	149.398041
11	124	52	165.844711
12	124	51	163.170303
13	124	51	147.95372
14	124	52	130.621292
15	124	48	113.080894
16	124	48	126.8423
17	124	52	123.289505
18	124	48	112.319336
19	124	52	117.333015
20	124	48	137.298523
21	124	48	133.705429
22	124	48	108.721443
23	124	48	103.553665
24	124	48	128.01973
25	124	52	136.212189
26	124	51	129.653183
27	124	51	123.632362
28	124	51	118.472076
29	124	52	121.028221
30	124	51	136.579605
31	124	51	141.336319
32	124	52	146.418152
33	124	51	157.551758
34	124	48	162.813904
35	124	48	169.238998
36	124	52	172.357605
37	124	51	163.342545
38	124	2227	158.216446
39	124	2867	153.599533
40	124	2867	147.218506
41	124	2905	147.471161
42	124	51	134.527054
43	124	51	129.343246
44	124	51	146.423645
45	124	52	157.663162
46	124	51	163.631485
47	124	48	158.115677
48	124	52	151.375305
49	124	52	126.517532
50	124	51	118.66954
51	124	48	127.308151
52	124	51	115.487419
53	124	48	90.463783
54	124	51	65.393982
55	124	52	65.604881
56	124	48	66.436562
57	124	51	67.090271
58	124	51	67.626305
59	124	48	72.677597
60	124	51	87.357414
61	124	52	89.85778
62	124	52	91.821213
63	124	48	95.523529
64	124	52	92.120331
65	124	48	86.547104
66	124	51	82.010071
67	124	51	76.039993
68	124	52	75.243904
69	124	52	77.429283
70	124	48	88.635803
71	124	52	131.395523
72	124	48	170.749649
73	124	51	176.61763
74	124	51	185.968872
75	124	52	180.686188
76	124	48	145.868179
77	124	52	114.928329
78	124	48	107.06337
79	124	52	102.97876
80	124	48	106.333748
81	124	48	160.629059
82	124	48	239.202179
83	124	51	279.0466
84	124	52	283.967377
85	124	48	283.307892
86	124	2708	274.911987
87	124	713	241.992828
88	124	154	196.592194
89	124	154	171.672974
90	124	154	61.740875
91	124	2910	13.203119
92	124	713	0
93	124	2910	0
94	124	2911	0
95	124	769	2.209708
96	124	2912	9.616192
97	124	2913	21.580685
98	124	1808	36.514236
99	124	1806	51.744732
100	124	2843	66.789757
101	124	1752	80.097649
102	124	769	84.465919
103	124	769	79.537651
104	124	1868	69.288681
105	124	750	56.304874
106	124	1781	42.06258
107	124	1808	29.778673
108	124	1781	31.582815
109	124	1781	39.408302
110	124	750	53.674122
111	124	1808	66.754982
112	124	1825	75.574028
113	124	2816	78.934822
114	124	750	75.629662
115	124	750	65.886879
116	124	1806	51.955418
117	124	1900	37.302238
118	124	2843	27.376524
119	124	1808	21.994345
120	124	1806	18.578487
121	124	2914	17.186436
122	124	2915	17.14789
123	124	785	15.499169
124	124	116	12.289139
125	124	116	8.574768
126	124	117	5.149491
127	124	67	2.385134
128	124	1867	0.593641
0	125	2816	0
1	125	1806	0
2	125	2843	0
3	125	750	0
4	125	750	0
5	125	1781	3.169398
6	125	1808	31.527098
7	125	750	81.529495
8	125	2916	89.472046
9	125	2084	131.944321
10	125	2701	146.955261
11	125	51	175.710281
12	125	48	191.979706
13	125	52	177.285294
14	125	52	151.530731
15	125	48	130.172409
16	125	48	127.933517
17	125	51	134.31012
18	125	48	127.297485
19	125	51	145.069611
20	125	52	167.397614
21	125	52	168.670135
22	125	48	139.229919
23	125	52	145.061844
24	125	52	174.000519
25	125	52	200.043076
26	125	51	201.95636
27	125	51	175.348648
28	125	51	129.19223
29	125	48	135.057907
30	125	52	162.218353
31	125	51	170.024826
32	125	48	153.983627
33	125	48	151.643661
34	125	48	162.980209
35	125	52	197.39888
36	125	48	225.99231
37	125	51	201.641739
38	125	48	144.907578
39	125	48	134.523331
40	125	52	171.445557
41	125	48	191.87825
42	125	52	175.603333
43	125	51	159.559433
44	125	52	166.232468
45	125	52	173.688309
46	125	52	159.834442
47	125	52	176.56546
48	125	52	204.287796
49	125	52	190.180847
50	125	52	154.61438
51	125	52	158.063232
52	125	52	166.83876
53	125	48	133.804916
54	125	48	87.852158
55	125	51	79.93856
56	125	52	97.877106
57	125	52	108.593819
58	125	52	97.902878
59	125	51	110.264473
60	125	48	133.531082
61	125	51	141.313721
62	125	52	142.434372
63	125	51	163.842285
64	125	52	162.166794
65	125	48	148.512695
66	125	48	142.499634
67	125	48	135.387054
68	125	52	123.449455
69	125	52	129.154678
70	125	51	151.545761
71	125	48	188.101944
72	125	52	205.454224
73	125	51	214.74379
74	125	48	249.501938
75	125	48	271.19104
76	125	51	230.541885
77	125	48	181.888245
78	125	48	178.665588
79	125	48	167.753601
80	125	48	144.486969
81	125	51	133.624069
82	125	51	154.692749
83	125	51	177.877609
84	125	2708	202.056854
85	125	2911	216.934128
86	125	1868	208.40065
87	125	1806	175.111404
88	125	2744	148.465057
89	125	769	111.777992
90	125	2865	16.040436
91	125	2744	0
92	125	0	0
93	125	2884	0
94	125	2843	0
95	125	1808	1.742078
96	125	1806	7.868045
97	125	1900	17.742477
98	125	2843	30.630527
99	125	1781	43.9963
100	125	1808	56.047333
101	125	1825	65.208229
102	125	135	68.366058
103	125	768	65.084053
104	125	1868	57.559635
105	125	750	47.226429
106	125	750	35.094372
107	125	1808	21.839706
108	125	750	13.073081
109	125	1808	19.891258
110	125	1808	33.654488
111	125	1806	44.772526
112	125	2843	52.13562
113	125	750	55.087173
114	125	1781	53.134895
115	125	1781	46.840637
116	125	1781	37.502159
117	125	1752	26.873852
118	125	1868	16.803604
119	125	2105	8.524807
120	125	2089	5.604925
121	125	2109	5.199617
122	125	2917	6.012879
123	125	1878	5.649554
124	125	1879	4.46551
125	125	64	2.910524
126	125	157	1.420469
127	125	761	0.353966
128	125	2744	0
0	126	2885	0
1	126	2816	0
2	126	1752	0
3	126	1868	0
4	126	1808	0
5	126	1781	0
6	126	750	2.546874
7	126	1806	15.761173
8	126	2843	24.247023
9	126	2916	92.533409
10	126	713	122.377243
11	126	154	170.004349
12	126	2910	185.428406
13	126	713	178.082077
14	126	2910	145.472778
15	126	2084	116.592606
16	126	2084	101.419685
17	126	2084	109.098938
18	126	2084	119.719437
19	126	2084	131.156967
20	126	2084	152.129059
21	126	2084	156.900909
22	126	2084	144.819839
23	126	2084	154.897751
24	126	2084	190.267639
25	126	2084	219.964371
26	126	2084	236.28685
27	126	2084	210.046432
28	126	2084	147.381561
29	126	2084	142.495346
30	126	2084	184.767685
31	126	2084	186.495758
32	126	2084	160.27359
33	126	2084	141.226532
34	126	2084	94.247345
35	126	2084	157.718246
36	126	2084	209.589676
37	126	2084	233.457321
38	126	2084	147.50827
39	126	713	128.161697
40	126	2910	189.927979
41	126	2084	232.898743
42	126	2084	210.95224
43	126	2084	171.505646
44	126	2084	167.807556
45	126	2084	145.039734
46	126	2084	121.927437
47	126	2084	159.441849
48	126	713	212.402908
49	126	154	192.232086
50	126	154	136.263367
51	126	154	137.41716
52	126	2910	162.862976
53	126	2084	147.401932
54	126	713	103.552864
55	126	2910	93.27404
56	126	713	130.609314
57	126	154	145.745041
58	126	154	128.544937
59	126	154	139.093567
60	126	154	160.795288
61	126	154	166.580948
62	126	154	184.233765
63	126	154	206.940323
64	126	2910	211.944244
65	126	2084	202.452423
66	126	2084	226.751572
67	126	2084	214.254211
68	126	2084	169.617111
69	126	2084	159.75174
70	126	2084	174.437317
71	126	2084	183.637329
72	126	2084	154.882736
73	126	2084	159.336761
74	126	2084	192.454834
75	126	2084	226.783371
76	126	2084	201.32814
77	126	2084	173.986237
78	126	2084	184.03566
79	126	2084	174.184204
80	126	2084	143.515335
81	126	713	116.692337
82	126	154	105.416458
83	126	2918	110.073029
84	126	1806	138.405411
85	126	1900	145.993271
86	126	1900	133.995285
87	126	1900	119.64418
88	126	2744	93.815948
89	126	1868	70.381935
90	126	1781	0
91	126	1752	0
92	126	1868	0
93	126	1752	0
94	126	769	0
95	126	1868	0.942222
96	126	750	5.430434
97	126	1752	12.936493
98	126	769	22.656557
99	126	1868	33.824959
100	126	1806	43.736126
101	126	1900	50.602409
102	126	2885	53.103256
103	126	768	51.016464
104	126	1868	45.143234
105	126	1752	36.466228
106	126	1868	25.813557
107	126	1781	13.798568
108	126	1808	1.386339
109	126	1808	6.585007
110	126	1752	16.796095
111	126	1868	25.58589
112	126	1808	31.790638
113	126	1781	34.664017
114	126	1808	34.151985
115	126	1752	30.410643
116	126	2865	24.331738
117	126	2843	17.17638
118	126	2109	10.406321
119	126	2459	4.796339
120	126	1781	1.263838
121	126	750	0
122	126	1781	0.282725
123	126	2919	0.505015
124	126	883	0.463109
125	126	883	0.159813
126	126	2920	0
127	126	2744	0
128	126	0	0
0	127	768	0
1	127	0	0
2	127	0	0
3	127	0	0
4	127	0	0
5	127	0	0
6	127	0	0
7	127	0	0
8	127	0	0
9	127	0	0
10	127	0	0
11	127	0	0
12	127	0	0
13	127	0	0
14	127	0	0
15	127	0	0
16	127	0	0
17	127	0	0
18	127	0	0
19	127	0	0
20	127	0	0
21	127	0	0
22	127	0	0
23	127	0	0
24	127	0	0
25	127	0	0
26	127	0	0
27	127	0	0
28	127	0	0
29	127	0	0
30	127	0	0
31	127	0	0
32	127	0	0
33	127	0	0
34	127	0	0
35	127	0	0
36	127	0	0
37	127	0	0
38	127	0	0
39	127	0	0
40	127	0	0
41	127	0	0
42	127	0	0
43	127	0	0
44	127	0	0
45	127	0	0
46	127	0	0
47	127	0	0
48	127	0	0
49	127	0	0
50	127	0	0
51	127	0	0
52	127	0	0
53	127	0	0
54	127	0	0
55	127	0	0
56	127	0	0
57	127	0	0
58	127	0	0
59	127	0	0
60	127	0	0
61	127	0	0
62	127	0	0
63	127	0	0
64	127	0	0
65	127	0	0
66	127	0	0
67	127	0	0
68	127	0	0
69	127	0	0
70	127	0	0
71	127	0	0
72	127	0	0
73	127	0	0
74	127	0	0
75	127	0	0
76	127	0	0
77	127	0	0
78	127	0	0
79	127	0	0
80	127	0	0
81	127	0	0
82	127	0	0
83	127	0	0
84	127	0	0
85	127	0	30.413338
86	127	0	25.018145
87	127	0	13.408091
88	127	0	4.220446
89	127	0	0.17729
90	127	0	0
91	127	0	0
92	127	0	0
93	127	0	0
94	127	0	0
95	127	0	0.223762
96	127	0	2.928214
97	127	0	8.02558
98	127	0	14.986249
99	127	0	22.612644
100	127	0	30.051474
101	127	0	35.552597
102	127	0	37.642773
103	127	0	36.157913
104	127	0	31.460939
105	127	0	24.154179
106	127	0	14.844652
107	127	0	4.286562
108	127	0	0
109	127	0	0
110	127	0	5.207294
111	127	0	11.287275
112	127	0	16.141029
113	127	0	18.789639
114	127	0	18.95977
115	127	0	17.074656
116	127	0	13.553687
117	127	0	9.203511
118	127	0	5.0388
119	127	0	1.961633
120	127	0	0.054144
121	127	0	0
122	127	0	0
123	127	0	0
124	127	0	0
125	127	0	0
126	127	0	0
127	127	0	0
128	127	0	0
0	128	0	0
1	128	0	0
2	128	0	0
3	128	0	0
4	128	0	0
5	128	0	0
6	128	0	0
7	128	0	0
8	128	0	0
9	128	0	0
10	128	0	0
11	128	0	0
12	128	0	0
13	128	0	0
14	128	0	0
15	128	0	0
16	128	0	0
17	128	0	0
18	128	0	0
19	128	0	0
20	128	0	0
21	128	0	0
22	128	0	0
23	128	0	0
24	128	0	0
25	128	0	0
26	128	0	0
27	128	0	0
28	128	0	0
29	128	0	0
30	128	0	0
31	128	0	0
32	128	0	0
33	128	0	0
34	128	0	0
35	128	0	0
36	128	0	0
37	128	0	0
38	128	0	0
39	128	0	0
40	128	0	0
41	128	0	0
42	128	0	0
43	128	0	0
44	128	0	0
45	128	0	0
46	128	0	0
47	128	0	0
48	128	0	0
49	128	0	0
50	128	0	0
51	128	0	0
52	128	0	0
53	128	0	0
54	128	0	0
55	128	0	0
56	128	0	0
57	128	0	0
58	128	0	0
59	128	0	0
60	128	0	0
61	128	0	0
62	128	0	0
63	128	0	0
64	128	0	0
65	128	0	0
66	128	0	0
67	128	0	0
68	128	0	0
69	128	0	0
70	128	0	0
71	128	0	0
72	128	0	0
73	128	0	0
74	128	0	0
75	128	0	0
76	128	0	0
77	128	0	0
78	128	0	0
79	128	0	0
80	128	0	0
81	128	0	0
82	128	0	0
83	128	0	0
84	128	0	0
85	128	0	0
86	128	0	0
87	128	0	0
88	128	0	0
89	128	0	0
90	128	0	0
91	128	0	0
92	128	0	0
93	128	0	0
94	128	0	0
95	128	0	0
96	128	0	0.855959
97	128	0	3.976729
98	128	0	8.237189
99	128	0	13.148534
100	128	0	17.751976
101	128	0	21.069139
102	128	0	22.34873
103	128	0	21.027691
104	128	0	17.224762
105	128	0	11.343002
106	128	0	4.585923
107	128	0	0
108	128	0	0
109	128	0	0
110	128	0	0.009329
111	128	0	2.501951
112	128	0	5.545656
113	128	0	7.586946
114	128	0	8.217988
115	128	0	7.378023
116	128	0	5.67076
117	128	0	3.528924
118	128	0	1.560981
119	128	0	0.138115
120	128	0	0
121	128	0	0
122	128	0	0
123	128	0	0
124	128	0	0
125	128	0	0
126	128	0	0
127	128	0	0
128	128	0	0
