x	y	texture	height
0	0	0	0
1	0	1	0
2	0	0	0
3	0	2	0
4	0	3	0
5	0	4	0
6	0	5	0
7	0	6	0
8	0	7	0
9	0	8	0
10	0	9	0
11	0	10	0
12	0	11	0
13	0	12	0
14	0	13	0
15	0	5	0
16	0	14	0
17	0	15	0
18	0	16	0
19	0	17	0
20	0	18	0
21	0	19	0
22	0	20	0
23	0	21	0
24	0	22	0
25	0	23	0
26	0	24	0
27	0	10	0
28	0	25	0
29	0	25	0
30	0	11	0
31	0	26	0
32	0	27	0
33	0	5	0
34	0	14	0
35	0	14	0
36	0	14	0
37	0	14	0
38	0	28	0
39	0	29	0
40	0	30	0
41	0	31	0
42	0	13	0
43	0	22	0
44	0	32	0
45	0	33	0
46	0	34	0
47	0	35	0
48	0	13	0
49	0	36	0
50	0	37	0
51	0	38	0
52	0	39	0
53	0	40	0
54	0	40	0
55	0	40	0
56	0	34	0
57	0	33	0
58	0	40	0
59	0	24	0
60	0	40	0
61	0	24	0
62	0	41	0
63	0	40	0
64	0	40	0
65	0	42	0
66	0	39	0
67	0	40	0
68	0	40	0
69	0	43	0
70	0	44	0
71	0	45	0
72	0	30	0
73	0	46	0
74	0	18	0
75	0	30	0
76	0	39	0
77	0	43	0
78	0	47	0
79	0	48	0
80	0	40	0
81	0	49	0
82	0	50	0
83	0	51	0
84	0	52	0
85	0	53	0
86	0	54	0
87	0	55	0
88	0	56	0
89	0	57	0
90	0	58	0
91	0	59	0
92	0	60	0
93	0	61	0
94	0	62	0
95	0	58	0
96	0	58	0
97	0	58	0
98	0	63	0
99	0	64	0
100	0	65	0
101	0	66	0
102	0	67	0
103	0	68	0
104	0	69	0
105	0	70	0
106	0	65	0
107	0	71	0
108	0	72	0
109	0	73	0
110	0	74	0
111	0	50	0
112	0	75	0
113	0	76	0
114	0	77	0
115	0	78	0
116	0	79	0
117	0	80	0
118	0	81	0
119	0	82	0
120	0	63	0
121	0	83	0
122	0	69	0
123	0	84	0
124	0	85	0
125	0	63	0
126	0	86	0
127	0	46	0
128	0	19	0
0	1	87	0
1	1	6	0.167153
2	1	88	0.599289
3	1	89	1.034029
4	1	15	0.77204
5	1	90	1.629242
6	1	91	4.71319
7	1	92	6.000073
8	1	8	3.810783
9	1	36	0.288456
10	1	93	0.074368
11	1	10	0.044156
12	1	11	0
13	1	27	0.635935
14	1	94	2.13674
15	1	95	4.278775
16	1	90	4.73409
17	1	5	3.472357
18	1	14	1.599762
19	1	14	0.520382
20	1	14	0.061709
21	1	96	0.000054
22	1	27	0
23	1	9	0
24	1	97	0
25	1	93	0
26	1	41	0
27	1	97	0
28	1	26	0
29	1	27	2.043622
30	1	98	1.400535
31	1	90	5.282216
32	1	16	7.346369
33	1	99	3.496398
34	1	98	0
35	1	16	0
36	1	100	0
37	1	101	0
38	1	102	0
39	1	39	0
40	1	34	0
41	1	35	0
42	1	23	-0.878814
43	1	42	-1.943336
44	1	39	0
45	1	43	0
46	1	103	0
47	1	12	0
48	1	25	0
49	1	23	0.109645
50	1	34	0
51	1	33	0
52	1	40	1.063394
53	1	40	0.817062
54	1	34	0
55	1	102	-0.285429
56	1	39	-4.117053
57	1	40	-4.667698
58	1	40	-0.579326
59	1	24	0
60	1	24	0
61	1	41	0
62	1	24	0
63	1	41	0
64	1	40	0
65	1	41	0
66	1	24	0
67	1	34	-0.924077
68	1	45	-2.229977
69	1	30	-1.643322
70	1	46	-0.175145
71	1	44	0
72	1	45	0
73	1	18	-0.50781
74	1	44	-2.034831
75	1	33	-2.526426
76	1	42	-2.433177
77	1	39	-1.452338
78	1	41	-1.080289
79	1	24	-0.803363
80	1	104	0
81	1	105	0
82	1	106	-0.746782
83	1	107	-2.864603
84	1	108	-4.84562
85	1	109	-9.920814
86	1	110	-12.823761
87	1	51	-11.780318
88	1	111	-9.055736
89	1	112	-5.908216
90	1	113	-2.599995
91	1	114	0.69173
92	1	62	3.017582
93	1	115	2.060521
94	1	116	2.165603
95	1	117	8.425798
96	1	118	16.981297
97	1	113	21.517391
98	1	119	20.362816
99	1	120	14.470608
100	1	121	5.705318
101	1	122	0.543389
102	1	123	0.00969
103	1	124	-0.079284
104	1	125	-0.049902
105	1	126	-0.000108
106	1	114	0
107	1	112	0
108	1	127	0
109	1	128	0
110	1	129	-0.61125
111	1	130	-3.372542
112	1	131	-4.562212
113	1	50	-0.535517
114	1	123	0
115	1	132	-0.111659
116	1	41	-0.213364
117	1	133	-0.129295
118	1	134	-0.024624
119	1	135	-0.021468
120	1	136	-0.12188
121	1	71	-0.143461
122	1	137	-0.122882
123	1	115	-0.145476
124	1	138	-0.28167
125	1	139	-0.87005
126	1	42	-1.16093
127	1	18	-0.774627
128	1	140	0
0	2	141	0
1	2	142	0.963253
2	2	143	3.149187
3	2	144	5.509236
4	2	145	7.84967
5	2	90	11.463167
6	2	91	14.884186
7	2	146	16.517012
8	2	98	14.067581
9	2	36	8.024317
10	2	26	3.948702
11	2	147	2.721358
12	2	148	4.347878
13	2	149	8.754418
14	2	150	13.348594
15	2	94	16.469206
16	2	151	16.784536
17	2	99	13.108613
18	2	90	8.017093
19	2	98	3.839877
20	2	98	1.270457
21	2	90	0.126395
22	2	36	0
23	2	27	0
24	2	36	0
25	2	93	0
26	2	21	0
27	2	98	1.792998
28	2	16	8.46231
29	2	99	11.314954
30	2	90	10.248403
31	2	152	14.468539
32	2	4	18.901934
33	2	98	13.050843
34	2	152	4.839681
35	2	0	6.009189
36	2	153	4.193223
37	2	39	0.354243
38	2	40	-0.736484
39	2	42	-4.669483
40	2	154	-5.741182
41	2	33	-7.370305
42	2	34	-14.881375
43	2	155	-14.837736
44	2	156	-8.932023
45	2	28	-3.859906
46	2	23	-0.324992
47	2	40	0.254735
48	2	34	7.653708
49	2	45	9.1435
50	2	157	3.776958
51	2	97	5.594246
52	2	158	10.871363
53	2	45	9.070662
54	2	44	2.241328
55	2	159	-5.252102
56	2	33	-13.089409
57	2	41	-14.801743
58	2	40	-9.45768
59	2	24	-0.639045
60	2	41	0
61	2	41	0
62	2	40	0
63	2	34	0
64	2	33	0
65	2	24	0
66	2	42	-2.157089
67	2	38	-5.390359
68	2	154	-6.908621
69	2	45	-4.425036
70	2	30	-1.898464
71	2	38	-1.86028
72	2	46	-2.005868
73	2	30	-3.232962
74	2	39	-5.02382
75	2	41	-6.373969
76	2	40	-4.919644
77	2	41	-3.72164
78	2	49	-3.413715
79	2	160	-2.438082
80	2	161	-1.310868
81	2	162	-1.859996
82	2	38	-5.034898
83	2	163	-9.234107
84	2	164	-12.550611
85	2	165	-17.78039
86	2	111	-19.320988
87	2	166	-18.472694
88	2	167	-15.608974
89	2	168	-10.554117
90	2	169	-6.490622
91	2	170	-3.582947
92	2	171	-2.733059
93	2	172	-2.186118
94	2	173	2.25112
95	2	174	13.73278
96	2	112	28.588411
97	2	175	35.075291
98	2	176	32.840252
99	2	177	21.670683
100	2	178	10.588354
101	2	179	2.396591
102	2	180	-0.629736
103	2	181	-1.898929
104	2	182	-1.813271
105	2	183	-0.7625
106	2	184	0
107	2	185	-0.08376
108	2	186	-0.454521
109	2	187	-1.831874
110	2	188	-5.747691
111	2	176	-13.346114
112	2	177	-22.727861
113	2	105	-24.922947
114	2	48	-19.373577
115	2	49	-11.904616
116	2	189	-6.820196
117	2	190	-7.374816
118	2	124	-7.328081
119	2	138	-3.239626
120	2	191	-2.556102
121	2	192	-2.049604
122	2	193	-2.132358
123	2	194	-2.88556
124	2	195	-5.274052
125	2	33	-8.83478
126	2	196	-7.251823
127	2	197	-3.655841
128	2	198	0
0	3	199	0
1	3	200	3.391177
2	3	201	7.456517
3	3	202	13.180449
4	3	90	21.161779
5	3	90	28.256643
6	3	203	29.994524
7	3	204	30.061646
8	3	205	29.617058
9	3	206	24.99157
10	3	5	18.87163
11	3	207	15.573922
12	3	208	16.299866
13	3	209	19.679995
14	3	210	24.940289
15	3	211	30.888723
16	3	212	33.523628
17	3	90	28.767515
18	3	98	18.197538
19	3	16	10.08404
20	3	100	4.356289
21	3	100	0.808215
22	3	99	-0.037838
23	3	90	0
24	3	36	-0.249976
25	3	27	-0.271348
26	3	90	3.210635
27	3	5	9.441603
28	3	15	17.932093
29	3	98	19.797417
30	3	5	14.471699
31	3	15	18.279659
32	3	16	26.426281
33	3	87	25.373732
34	3	28	19.814079
35	3	23	18.298363
36	3	97	12.411021
37	3	26	3.646566
38	3	93	-6.655507
39	3	42	-11.731101
40	3	39	-14.448653
41	3	213	-18.156969
42	3	15	-21.350372
43	3	22	-21.666946
44	3	23	-18.228525
45	3	40	-13.635019
46	3	40	-7.792666
47	3	43	5.293517
48	3	30	15.955971
49	3	39	16.61758
50	3	10	10.183891
51	3	214	10.501427
52	3	38	19.618076
53	3	38	15.578211
54	3	46	5.161838
55	3	44	-6.83013
56	3	159	-17.081459
57	3	33	-19.999937
58	3	41	-15.446144
59	3	41	-5.238559
60	3	41	0.012017
61	3	40	0.318826
62	3	42	2.633222
63	3	39	2.311679
64	3	40	0.23108
65	3	24	-1.950127
66	3	41	-7.023703
67	3	42	-13.246993
68	3	38	-15.076777
69	3	39	-10.726913
70	3	40	-6.425438
71	3	42	-6.205004
72	3	39	-7.015713
73	3	40	-6.581165
74	3	40	-7.018416
75	3	24	-6.144718
76	3	40	-4.594043
77	3	104	-3.713846
78	3	215	-3.829089
79	3	216	-3.408868
80	3	161	-2.468506
81	3	217	-4.603008
82	3	160	-9.37504
83	3	218	-12.273203
84	3	219	-14.096224
85	3	166	-18.660278
86	3	18	-20.286337
87	3	220	-19.905346
88	3	215	-16.852083
89	3	49	-12.694262
90	3	221	-10.161287
91	3	222	-9.166636
92	3	45	-8.96536
93	3	18	-8.155827
94	3	223	-4.393574
95	3	224	6.507319
96	3	185	23.151535
97	3	225	33.797756
98	3	226	30.678251
99	3	227	20.992739
100	3	121	10.776737
101	3	228	1.642668
102	3	229	-3.963444
103	3	230	-6.937319
104	3	231	-7.641228
105	3	232	-6.070875
106	3	63	-1.892951
107	3	233	-2.965857
108	3	234	-3.302576
109	3	164	-4.775251
110	3	235	-9.485853
111	3	236	-19.258785
112	3	237	-34.375595
113	3	238	-40.042389
114	3	239	-37.584908
115	3	240	-30.632069
116	3	241	-24.976254
117	3	242	-23.078922
118	3	113	-19.975962
119	3	243	-13.597656
120	3	187	-8.6094
121	3	244	-6.891054
122	3	245	-7.129004
123	3	246	-9.491262
124	3	247	-14.856467
125	3	197	-18.632977
126	3	248	-15.212667
127	3	249	-8.315866
128	3	250	0
0	4	251	0
1	4	252	6.972813
2	4	253	12.475991
3	4	94	19.95335
4	4	254	33.670925
5	4	255	43.269093
6	4	256	41.604958
7	4	257	40.982166
8	4	258	44.970074
9	4	206	44.451252
10	4	259	40.832623
11	4	260	36.280281
12	4	261	31.505463
13	4	262	28.447659
14	4	263	30.092264
15	4	264	39.025497
16	4	265	52.015331
17	4	98	46.706135
18	4	5	29.360069
19	4	14	17.451538
20	4	14	8.504659
21	4	15	1.456895
22	4	98	-1.910601
23	4	90	-2.865304
24	4	98	-3.265808
25	4	98	-0.071878
26	4	90	4.341809
27	4	90	11.642909
28	4	98	15.932823
29	4	90	13.604092
30	4	90	9.699783
31	4	5	15.040157
32	4	28	26.980955
33	4	23	31.108723
34	4	34	29.662798
35	4	266	22.272335
36	4	90	9.881344
37	4	36	-1.081613
38	4	93	-10.711614
39	4	40	-14.895455
40	4	21	-16.379835
41	4	22	-17.360027
42	4	11	-18.034155
43	4	93	-18.427092
44	4	97	-19.213194
45	4	93	-19.59392
46	4	42	-16.905754
47	4	39	-5.32548
48	4	34	8.274342
49	4	33	4.022714
50	4	24	1.066187
51	4	41	4.466555
52	4	24	12.56501
53	4	42	11.047839
54	4	38	3.154221
55	4	38	-4.803024
56	4	39	-15.840491
57	4	40	-20.786247
58	4	41	-16.456932
59	4	41	-5.998282
60	4	40	6.645468
61	4	41	13.095415
62	4	41	14.53093
63	4	24	10.281069
64	4	24	3.108718
65	4	24	-5.982756
66	4	41	-14.205808
67	4	41	-19.419729
68	4	41	-21.652708
69	4	40	-18.164413
70	4	41	-14.250655
71	4	24	-12.980819
72	4	24	-12.349008
73	4	24	-10.916993
74	4	40	-8.151637
75	4	40	-5.131527
76	4	216	-3.110008
77	4	48	-3.1409
78	4	24	-3.219478
79	4	104	-3.697858
80	4	267	-4.329573
81	4	75	-7.029458
82	4	160	-9.600773
83	4	268	-9.29475
84	4	269	-7.994503
85	4	46	-12.226396
86	4	47	-16.206951
87	4	48	-15.666294
88	4	216	-12.381684
89	4	270	-8.505767
90	4	268	-7.41054
91	4	56	-7.773977
92	4	57	-7.071717
93	4	271	-8.681049
94	4	272	-8.721684
95	4	273	-2.985038
96	4	81	3.635126
97	4	49	9.997636
98	4	50	13.129385
99	4	274	9.572257
100	4	275	3.849626
101	4	276	-4.027568
102	4	277	-11.658571
103	4	278	-15.105904
104	4	279	-16.5721
105	4	135	-16.922762
106	4	280	-17.323997
107	4	281	-11.089294
108	4	282	-7.435789
109	4	283	-6.476433
110	4	284	-9.207201
111	4	285	-18.16995
112	4	286	-33.948261
113	4	81	-44.617359
114	4	287	-46.996391
115	4	288	-43.801594
116	4	289	-38.67326
117	4	72	-34.156792
118	4	290	-28.860321
119	4	244	-22.19339
120	4	105	-16.651997
121	4	291	-13.637116
122	4	292	-14.017263
123	4	293	-17.657576
124	4	294	-23.507998
125	4	142	-26.997288
126	4	145	-21.507786
127	4	295	-11.258547
128	4	296	0
0	5	297	0
1	5	264	8.335085
2	5	210	14.411474
3	5	298	19.840637
4	5	299	36.094906
5	5	300	42.306026
6	5	301	42.822842
7	5	302	45.473713
8	5	303	56.992065
9	5	95	57.984142
10	5	304	59.191673
11	5	305	59.89537
12	5	306	46.414673
13	5	100	32.779907
14	5	307	27.131596
15	5	308	30.402084
16	5	90	38.701294
17	5	98	34.75206
18	5	90	30.142965
19	5	16	23.964054
20	5	99	11.974241
21	5	90	0.386699
22	5	98	-5.834067
23	5	98	-6.700229
24	5	98	-6.532491
25	5	16	-3.975394
26	5	99	0.190684
27	5	98	0.08755
28	5	90	-2.467749
29	5	90	-4.555696
30	5	22	-2.862283
31	5	11	5.726508
32	5	26	14.890434
33	5	156	17.880213
34	5	28	19.649475
35	5	25	10.137025
36	5	13	-4.03351
37	5	36	-14.227421
38	5	93	-15.350172
39	5	10	-13.937696
40	5	23	-10.773488
41	5	21	-6.679445
42	5	36	-5.489388
43	5	27	-6.899181
44	5	9	-12.215268
45	5	34	-21.116493
46	5	155	-25.636625
47	5	37	-20.900183
48	5	39	-15.106741
49	5	41	-14.417174
50	5	41	-12.730021
51	5	24	-6.799989
52	5	41	2.32816
53	5	40	3.460149
54	5	40	-0.44605
55	5	40	-5.741277
56	5	40	-16.346081
57	5	41	-22.206429
58	5	40	-15.38133
59	5	24	0.489811
60	5	40	18.140961
61	5	41	23.722115
62	5	41	22.433369
63	5	24	14.801064
64	5	40	0.801444
65	5	24	-17.75495
66	5	40	-24.683807
67	5	24	-20.732307
68	5	41	-19.285786
69	5	24	-19.895554
70	5	41	-18.326904
71	5	41	-16.788593
72	5	40	-18.499287
73	5	40	-17.361105
74	5	40	-12.331635
75	5	24	-7.499586
76	5	41	-5.706863
77	5	41	-3.042535
78	5	216	-2.889794
79	5	270	-3.836445
80	5	270	-5.960716
81	5	48	-8.003495
82	5	216	-7.768069
83	5	48	-4.373655
84	5	43	-3.286692
85	5	157	-4.918436
86	5	40	-8.32177
87	5	40	-7.83273
88	5	133	-3.14683
89	5	309	1.878111
90	5	310	6.185384
91	5	282	9.871394
92	5	311	9.286178
93	5	217	3.180951
94	5	312	-0.578924
95	5	74	-3.254228
96	5	313	-3.834882
97	5	314	-3.335639
98	5	270	-4.550169
99	5	315	-7.296067
100	5	316	-12.326759
101	5	317	-17.949598
102	5	58	-23.220255
103	5	318	-24.435928
104	5	182	-25.198559
105	5	319	-28.579775
106	5	320	-26.549053
107	5	321	-21.583134
108	5	164	-12.768893
109	5	63	-6.782143
110	5	322	-5.213118
111	5	75	-9.726704
112	5	76	-25.107288
113	5	43	-42.186871
114	5	323	-51.191891
115	5	116	-49.791191
116	5	116	-43.236099
117	5	324	-36.651081
118	5	53	-31.470613
119	5	325	-27.607475
120	5	33	-24.180939
121	5	80	-22.024153
122	5	326	-22.181231
123	5	14	-26.552223
124	5	327	-32.05471
125	5	328	-33.051884
126	5	329	-25.092976
127	5	330	-11.321285
128	5	331	0
0	6	332	0
1	6	261	6.008189
2	6	333	12.214317
3	6	334	26.6653
4	6	335	39.481441
5	6	336	41.849987
6	6	252	39.439987
7	6	337	54.159801
8	6	338	64.851738
9	6	259	60.585953
10	6	339	63.332085
11	6	17	74.28598
12	6	18	57.510338
13	6	0	33.00713
14	6	15	19.594866
15	6	16	15.955961
16	6	99	15.64806
17	6	98	13.836929
18	6	5	13.967081
19	6	15	15.24392
20	6	98	7.53443
21	6	98	-2.970446
22	6	98	-8.373817
23	6	98	-11.034478
24	6	5	-11.207205
25	6	15	-11.312844
26	6	98	-12.583324
27	6	98	-14.875159
28	6	98	-19.660172
29	6	340	-19.891577
30	6	266	-12.489414
31	6	90	-4.922906
32	6	16	-2.722679
33	6	101	-3.09805
34	6	155	-1.590382
35	6	27	-1.131602
36	6	22	-10.259099
37	6	23	-18.336355
38	6	40	-20.329889
39	6	34	-11.357647
40	6	35	3.592016
41	6	13	11.758156
42	6	98	13.305535
43	6	9	9.823404
44	6	42	0.622274
45	6	341	-17.500504
46	6	20	-30.490641
47	6	97	-33.168056
48	6	93	-31.266697
49	6	24	-28.551289
50	6	24	-23.689734
51	6	24	-15.446511
52	6	41	-5.286453
53	6	24	-1.711599
54	6	40	-3.468405
55	6	40	-12.94758
56	6	40	-27.855932
57	6	40	-28.59878
58	6	41	-15.560408
59	6	24	7.318067
60	6	40	23.661268
61	6	40	23.17058
62	6	41	16.748354
63	6	24	8.780398
64	6	34	-10.275819
65	6	159	-29.565041
66	6	33	-31.921734
67	6	24	-18.357349
68	6	40	-10.431819
69	6	40	-13.572661
70	6	24	-15.068672
71	6	41	-15.598981
72	6	24	-20.054003
73	6	24	-22.747149
74	6	24	-18.927193
75	6	41	-13.071548
76	6	41	-8.163861
77	6	41	-3.939711
78	6	24	-2.041792
79	6	40	-3.0598
80	6	24	-5.05799
81	6	41	-5.976085
82	6	40	-4.498618
83	6	43	-3.264385
84	6	157	-3.463387
85	6	24	-4.917241
86	6	24	-5.531528
87	6	342	-2.637949
88	6	168	6.212846
89	6	343	14.519377
90	6	344	23.137159
91	6	310	32.135601
92	6	52	38.084339
93	6	345	34.973751
94	6	244	26.925533
95	6	346	16.520084
96	6	81	6.855879
97	6	133	-0.114847
98	6	347	-9.141118
99	6	112	-18.567467
100	6	72	-24.328985
101	6	61	-24.353422
102	6	348	-22.790586
103	6	349	-22.161263
104	6	241	-22.444645
105	6	177	-25.568233
106	6	350	-28.532362
107	6	351	-28.83333
108	6	352	-23.233774
109	6	122	-8.174713
110	6	353	-1.144274
111	6	354	-3.9619
112	6	355	-23.30279
113	6	356	-42.604259
114	6	116	-52.848316
115	6	357	-49.752888
116	6	276	-39.387783
117	6	268	-30.306496
118	6	358	-26.855246
119	6	359	-26.995775
120	6	360	-29.087835
121	6	361	-31.281261
122	6	90	-33.677505
123	6	90	-37.25856
124	6	91	-40.688305
125	6	362	-37.635574
126	6	363	-26.57247
127	6	364	-11.299629
128	6	365	0
0	7	301	0
1	7	262	4.492993
2	7	366	13.554282
3	7	330	32.779877
4	7	367	47.469349
5	7	368	44.663666
6	7	369	42.773293
7	7	370	60.531246
8	7	99	71.223404
9	7	5	59.64085
10	7	1	56.599449
11	7	0	65.603714
12	7	370	57.454399
13	7	100	29.692564
14	7	87	12.934998
15	7	371	7.638389
16	7	151	7.645304
17	7	99	2.637011
18	7	98	-1.685328
19	7	94	-2.674898
20	7	95	-5.546353
21	7	90	-8.56546
22	7	90	-8.599625
23	7	16	-12.263357
24	7	99	-16.394655
25	7	98	-20.178167
26	7	90	-20.828131
27	7	372	-21.535965
28	7	373	-22.587364
29	7	15	-22.514399
30	7	16	-18.555445
31	7	17	-14.327432
32	7	18	-14.595202
33	7	4	-15.677186
34	7	90	-12.49012
35	7	36	-4.597161
36	7	93	-5.568399
37	7	34	-17.018478
38	7	45	-21.230433
39	7	44	-11.731944
40	7	374	8.26503
41	7	100	18.772278
42	7	101	14.451596
43	7	159	6.653426
44	7	375	-1.115154
45	7	96	-14.207315
46	7	147	-32.421886
47	7	20	-38.028912
48	7	24	-36.573227
49	7	40	-33.000137
50	7	24	-26.961439
51	7	40	-19.35743
52	7	40	-14.690335
53	7	40	-13.018825
54	7	40	-8.817728
55	7	238	-24.809748
56	7	376	-41.724823
57	7	79	-36.387432
58	7	41	-18.371534
59	7	49	5.682272
60	7	217	14.190389
61	7	76	7.11968
62	7	40	-1.079208
63	7	42	-7.235133
64	7	38	-18.151075
65	7	154	-29.89624
66	7	33	-26.890938
67	7	40	-11.224843
68	7	40	-2.00046
69	7	41	-4.993231
70	7	24	-8.033539
71	7	40	-10.744843
72	7	41	-15.155295
73	7	24	-18.990648
74	7	24	-17.99238
75	7	24	-13.033397
76	7	24	-8.4114
77	7	34	-3.717967
78	7	33	-0.024682
79	7	40	-0.784803
80	7	41	-2.523453
81	7	24	-3.539567
82	7	42	-2.665333
83	7	39	-4.115916
84	7	41	-8.797675
85	7	24	-12.321188
86	7	216	-10.807525
87	7	48	-2.890548
88	7	80	10.424946
89	7	377	24.323545
90	7	378	35.927876
91	7	379	45.90448
92	7	129	52.375809
93	7	380	52.732079
94	7	315	48.853512
95	7	316	41.396275
96	7	381	29.112251
97	7	137	17.125248
98	7	115	5.400926
99	7	72	-8.798287
100	7	137	-18.002016
101	7	63	-15.383098
102	7	382	-7.540432
103	7	136	-2.680968
104	7	383	-2.645565
105	7	384	-10.007709
106	7	385	-22.807915
107	7	324	-31.34063
108	7	353	-31.19079
109	7	51	-20.431982
110	7	386	-7.268525
111	7	387	-6.648923
112	7	381	-27.989008
113	7	61	-48.054775
114	7	388	-55.326508
115	7	217	-47.029846
116	7	389	-30.978481
117	7	390	-20.912645
118	7	391	-17.705111
119	7	349	-21.212313
120	7	66	-27.927464
121	7	90	-34.975986
122	7	16	-41.537022
123	7	392	-45.900307
124	7	393	-46.802059
125	7	394	-41.936329
126	7	250	-27.891962
127	7	395	-12.783354
128	7	396	0
0	8	397	0
1	8	398	4.232135
2	8	399	15.664886
3	8	400	32.816792
4	8	401	40.699265
5	8	402	36.537739
6	8	5	34.210567
7	8	15	55.137562
8	8	98	65.021866
9	8	5	48.944225
10	8	15	38.374245
11	8	152	49.405354
12	8	0	47.124638
13	8	371	24.994663
14	8	403	6.970322
15	8	404	2.932904
16	8	212	2.051299
17	8	98	-2.758241
18	8	405	-11.562577
19	8	406	-15.962255
20	8	407	-14.855068
21	8	265	-11.00293
22	8	5	-10.212678
23	8	15	-13.435197
24	8	98	-19.24395
25	8	98	-21.872845
26	8	91	-16.807325
27	8	146	-14.663442
28	8	372	-17.73905
29	8	408	-16.427832
30	8	409	-15.757904
31	8	18	-15.37501
32	8	410	-14.782263
33	8	13	-16.015936
34	8	22	-17.160984
35	8	23	-8.152841
36	8	43	-6.438659
37	8	18	-18.767159
38	8	18	-23.026279
39	8	18	-13.503527
40	8	30	6.575556
41	8	46	16.899397
42	8	30	4.826688
43	8	31	-4.257586
44	8	25	-13.400312
45	8	29	-23.889833
46	8	157	-34.008839
47	8	41	-36.19128
48	8	41	-33.62957
49	8	40	-27.36154
50	8	40	-20.205908
51	8	40	-17.777412
52	8	40	-21.075283
53	8	40	-26.613901
54	8	80	-26.569893
55	8	326	-39.55735
56	8	139	-49.257221
57	8	40	-40.922825
58	8	104	-19.698734
59	8	105	-3.80892
60	8	161	-8.417691
61	8	76	-13.858777
62	8	40	-20.108141
63	8	40	-23.84507
64	8	42	-26.387171
65	8	39	-25.467066
66	8	34	-13.761806
67	8	159	-2.448395
68	8	33	-0.11377
69	8	40	-1.733053
70	8	41	-4.679706
71	8	40	-5.304669
72	8	40	-6.794888
73	8	40	-9.198129
74	8	40	-9.358626
75	8	41	-8.222932
76	8	42	-5.496045
77	8	39	-2.838849
78	8	41	-0.416163
79	8	40	-0.827202
80	8	41	-4.811458
81	8	40	-7.941309
82	8	40	-5.654481
83	8	24	-6.698603
84	8	40	-11.644767
85	8	40	-17.780325
86	8	40	-15.012446
87	8	40	-5.140114
88	8	411	10.33834
89	8	412	26.577429
90	8	413	40.175438
91	8	414	50.193504
92	8	415	58.100849
93	8	416	62.202545
94	8	116	61.853878
95	8	116	56.029819
96	8	61	44.306313
97	8	112	30.256994
98	8	61	18.183828
99	8	348	3.578983
100	8	135	-6.520425
101	8	289	3.859251
102	8	175	13.512943
103	8	231	16.571661
104	8	417	14.160672
105	8	418	5.973121
106	8	321	-13.171524
107	8	53	-35.629482
108	8	419	-40.163326
109	8	112	-32.417175
110	8	72	-18.471886
111	8	116	-17.15077
112	8	127	-36.116531
113	8	220	-54.380421
114	8	53	-58.125763
115	8	420	-44.930126
116	8	318	-24.61644
117	8	136	-13.671437
118	8	293	-10.443834
119	8	421	-14.000434
120	8	98	-23.187937
121	8	5	-32.813015
122	8	422	-41.285587
123	8	423	-47.918716
124	8	90	-49.868469
125	8	332	-43.338615
126	8	424	-27.129988
127	8	425	-10.199164
128	8	426	0
0	9	15	0
1	9	90	7.470983
2	9	427	20.148481
3	9	338	30.953928
4	9	90	26.792479
5	9	98	20.800802
6	9	90	28.327621
7	9	90	47.925446
8	9	90	50.061256
9	9	90	32.814854
10	9	5	22.880642
11	9	371	29.331635
12	9	403	32.851009
13	9	428	19.491682
14	9	429	6.748335
15	9	150	1.483306
16	9	203	-0.680121
17	9	430	-8.824867
18	9	431	-15.672159
19	9	432	-20.025681
20	9	402	-20.966509
21	9	94	-17.910082
22	9	95	-15.008567
23	9	98	-13.01606
24	9	90	-13.871873
25	9	372	-12.079049
26	9	145	0.163015
27	9	433	3.768798
28	9	434	-0.990623
29	9	3	-1.982491
30	9	0	3.039549
31	9	435	-4.252033
32	9	35	-10.200992
33	9	436	-10.370945
34	9	437	-13.837565
35	9	43	-14.705799
36	9	18	-13.868153
37	9	18	-23.460165
38	9	30	-25.45203
39	9	39	-15.950943
40	9	43	2.127293
41	9	157	9.377512
42	9	41	-2.164927
43	9	41	-11.582002
44	9	42	-20.134405
45	9	39	-26.443338
46	9	24	-28.492498
47	9	41	-27.576105
48	9	24	-22.495302
49	9	41	-14.467132
50	9	34	-7.734235
51	9	159	-6.669165
52	9	159	-13.591827
53	9	159	-27.776798
54	9	438	-41.15863
55	9	439	-49.080727
56	9	217	-51.006462
57	9	50	-42.121311
58	9	215	-24.363539
59	9	216	-20.957872
60	9	48	-23.040297
61	9	49	-25.476639
62	9	76	-29.983746
63	9	40	-35.68647
64	9	40	-36.338116
65	9	440	-28.311518
66	9	441	-12.750146
67	9	39	-0.273793
68	9	24	-1.547702
69	9	41	-4.212224
70	9	34	-5.232275
71	9	442	-3.113812
72	9	79	-1.293807
73	9	24	-2.194911
74	9	24	-2.719765
75	9	24	-2.282733
76	9	40	-2.467629
77	9	24	-3.05864
78	9	41	-2.554899
79	9	24	-3.467042
80	9	49	-11.538447
81	9	76	-17.606327
82	9	41	-13.42205
83	9	40	-8.251039
84	9	40	-10.260902
85	9	24	-14.756987
86	9	40	-13.973188
87	9	80	-6.827309
88	9	439	6.185454
89	9	50	22.105865
90	9	320	36.65847
91	9	232	47.999813
92	9	115	58.048859
93	9	72	65.435364
94	9	117	67.683899
95	9	183	61.067894
96	9	443	46.57832
97	9	444	31.948055
98	9	445	20.132988
99	9	446	8.270494
100	9	116	5.344296
101	9	127	23.629389
102	9	278	30.322527
103	9	447	28.528572
104	9	448	21.75318
105	9	267	9.909964
106	9	449	-10.792567
107	9	85	-37.143475
108	9	184	-48.753754
109	9	450	-46.143055
110	9	112	-35.787941
111	9	137	-37.638191
112	9	234	-47.36554
113	9	451	-59.719254
114	9	356	-59.094109
115	9	72	-44.568729
116	9	138	-24.467445
117	9	66	-12.692672
118	9	83	-8.573473
119	9	90	-11.720488
120	9	372	-20.199459
121	9	408	-29.804657
122	9	452	-38.897659
123	9	145	-47.050678
124	9	453	-50.829979
125	9	454	-44.01368
126	9	455	-27.231369
127	9	456	-8.686879
128	9	16	0
0	10	99	0
1	10	5	12.28788
2	10	370	24.994835
3	10	100	33.116058
4	10	99	17.652744
5	10	16	13.517853
6	10	99	33.383377
7	10	16	49.94352
8	10	99	46.522552
9	10	98	26.27511
10	10	405	16.897928
11	10	428	19.973854
12	10	457	21.201262
13	10	254	15.094134
14	10	265	6.716129
15	10	304	5.217808
16	10	458	0.467376
17	10	334	-9.896647
18	10	150	-18.911854
19	10	94	-23.707893
20	10	459	-25.173862
21	10	460	-25.063786
22	10	265	-13.981182
23	10	98	-1.399652
24	10	91	4.941834
25	10	146	15.620621
26	10	91	29.580893
27	10	92	31.919025
28	10	3	20.606266
29	10	140	25.670973
30	10	461	33.197723
31	10	462	17.10113
32	10	463	-1.565785
33	10	464	-0.712945
34	10	465	-4.207487
35	10	18	-8.700272
36	10	30	-13.69528
37	10	466	-21.329941
38	10	93	-24.910934
39	10	213	-17.523703
40	10	467	-0.062276
41	10	40	6.581249
42	10	40	-3.344144
43	10	24	-12.308774
44	10	24	-17.866335
45	10	40	-18.175936
46	10	34	-16.553493
47	10	33	-12.740526
48	10	34	-6.039673
49	10	102	2.590348
50	10	38	8.412098
51	10	38	9.984133
52	10	38	3.352952
53	10	154	-15.648625
54	10	468	-37.576874
55	10	270	-49.411934
56	10	270	-49.730305
57	10	469	-41.101044
58	10	376	-31.770987
59	10	470	-26.75773
60	10	50	-22.950216
61	10	215	-21.668135
62	10	40	-25.417208
63	10	40	-35.551296
64	10	411	-41.800018
65	10	139	-35.130394
66	10	40	-18.481956
67	10	41	-4.072413
68	10	34	-5.393754
69	10	45	-8.50822
70	10	471	-6.226259
71	10	81	-2.077438
72	10	40	-0.049268
73	10	41	0
74	10	41	0
75	10	41	0
76	10	41	-1.810495
77	10	49	-5.007249
78	10	76	-5.584028
79	10	104	-7.08249
80	10	75	-14.235847
81	10	76	-20.411816
82	10	34	-15.93121
83	10	74	-9.399285
84	10	76	-10.487627
85	10	49	-11.89731
86	10	472	-11.566895
87	10	473	-10.075709
88	10	474	-0.94133
89	10	310	12.128562
90	10	111	27.248392
91	10	450	41.212677
92	10	112	54.80864
93	10	175	64.815155
94	10	174	65.90403
95	10	173	57.423347
96	10	475	37.483288
97	10	476	18.334673
98	10	323	8.249566
99	10	116	7.449988
100	10	127	18.444706
101	10	18	38.705551
102	10	18	40.377377
103	10	278	32.523811
104	10	447	21.957291
105	10	420	7.721052
106	10	115	-12.463273
107	10	137	-35.51955
108	10	84	-51.059196
109	10	323	-56.790615
110	10	72	-56.123341
111	10	324	-52.043301
112	10	245	-54.209972
113	10	477	-59.649361
114	10	219	-59.118183
115	10	173	-47.965122
116	10	478	-31.787004
117	10	293	-20.461626
118	10	479	-14.737875
119	10	141	-16.09337
120	10	480	-21.947325
121	10	248	-29.87891
122	10	328	-38.299114
123	10	481	-47.012455
124	10	482	-53.759491
125	10	483	-49.25671
126	10	339	-33.36364
127	10	87	-16.427662
128	10	370	0
0	11	100	0
1	11	17	13.203234
2	11	18	21.487116
3	11	4	28.961163
4	11	5	14.368446
5	11	15	10.247015
6	11	152	32.413162
7	11	4	50.596645
8	11	203	41.854313
9	11	484	25.203934
10	11	150	17.492441
11	11	485	13.793671
12	11	298	11.197079
13	11	331	7.519812
14	11	259	5.430039
15	11	399	5.498989
16	11	366	2.16025
17	11	486	-10.265334
18	11	210	-18.590523
19	11	487	-22.996492
20	11	488	-24.556164
21	11	489	-18.52063
22	11	90	-4.496045
23	11	98	19.673428
24	11	16	38.566151
25	11	99	43.660946
26	11	490	63.189995
27	11	491	67.429955
28	11	492	52.064804
29	11	493	53.325134
30	11	494	83.691277
31	11	495	62.039974
32	11	496	17.006006
33	11	497	10.088335
34	11	38	9.311311
35	11	39	6.532483
36	11	10	-2.076293
37	11	23	-12.491963
38	11	10	-19.143347
39	11	23	-14.960142
40	11	34	-0.55834
41	11	159	7.728305
42	11	33	-0.309941
43	11	40	-8.650038
44	11	40	-9.970119
45	11	43	-7.471911
46	11	157	-2.701594
47	11	42	1.95855
48	11	39	7.176215
49	11	40	16.33102
50	11	41	20.720438
51	11	40	17.686819
52	11	43	13.995689
53	11	498	0.605392
54	11	470	-26.810417
55	11	472	-41.577885
56	11	361	-41.418198
57	11	412	-31.159985
58	11	226	-24.729147
59	11	499	-16.641766
60	11	215	-5.941794
61	11	238	-0.889847
62	11	376	-5.655104
63	11	500	-24.05821
64	11	195	-37.015285
65	11	33	-34.196991
66	11	40	-18.950857
67	11	43	-5.212751
68	11	223	-7.465784
69	11	247	-9.594382
70	11	79	-5.67678
71	11	34	-0.556984
72	11	159	0
73	11	33	0
74	11	41	0
75	11	41	0
76	11	216	-1.597073
77	11	161	-4.931513
78	11	50	-8.420156
79	11	353	-9.969077
80	11	215	-15.050697
81	11	43	-16.092123
82	11	278	-11.794784
83	11	501	-9.421844
84	11	473	-11.633632
85	11	502	-12.451218
86	11	413	-12.00546
87	11	503	-12.54782
88	11	504	-7.59529
89	11	505	3.728198
90	11	506	17.509644
91	11	60	31.88521
92	11	137	49.387634
93	11	84	61.305672
94	11	18	61.927246
95	11	507	47.446983
96	11	508	26.227272
97	11	115	11.065455
98	11	116	7.62335
99	11	127	15.006035
100	11	223	31.819164
101	11	476	45.307579
102	11	18	41.600376
103	11	18	31.63237
104	11	167	19.607613
105	11	219	5.218596
106	11	112	-12.543052
107	11	137	-31.576797
108	11	115	-45.75071
109	11	509	-52.821999
110	11	321	-51.403576
111	11	449	-48.347248
112	11	278	-49.868362
113	11	108	-54.469795
114	11	269	-58.365547
115	11	510	-52.936718
116	11	288	-43.417366
117	11	511	-33.298122
118	11	512	-25.472017
119	11	513	-23.448875
120	11	514	-26.806362
121	11	515	-33.083176
122	11	516	-41.205502
123	11	517	-50.509323
124	11	518	-60.133938
125	11	5	-56.456631
126	11	15	-42.66795
127	11	152	-24.124681
128	11	18	0
0	12	0	0
1	12	14	11.566794
2	12	519	17.248699
3	12	520	21.611177
4	12	486	10.548704
5	12	521	3.663609
6	12	15	15.129325
7	12	259	21.66132
8	12	522	17.824787
9	12	94	13.396142
10	12	523	14.726855
11	12	524	9.16575
12	12	402	4.550029
13	12	407	4.005866
14	12	265	6.691972
15	12	365	10.736329
16	12	525	4.16047
17	12	526	-8.691051
18	12	527	-16.300362
19	12	528	-22.097385
20	12	529	-13.651008
21	12	530	-0.75799
22	12	98	15.841121
23	12	531	49.82058
24	12	532	61.770992
25	12	5	61.141926
26	12	1	82.024986
27	12	4	81.768471
28	12	372	75.137016
29	12	141	86.738358
30	12	480	129.637833
31	12	533	111.21199
32	12	534	49.783619
33	12	93	19.484465
34	12	40	22.466097
35	12	535	22.028446
36	12	437	13.230627
37	12	40	-0.816535
38	12	40	-8.312448
39	12	42	-6.545722
40	12	38	-3.848317
41	12	154	4.426714
42	12	159	-0.73151
43	12	159	-7.721101
44	12	102	-9.148986
45	12	39	-7.222975
46	12	40	-4.41632
47	12	24	-2.185284
48	12	41	1.540267
49	12	40	8.718826
50	12	40	12.299478
51	12	42	10.319054
52	12	273	12.1166
53	12	226	6.293036
54	12	536	-17.165638
55	12	326	-32.673489
56	12	285	-25.316538
57	12	217	-12.481528
58	12	160	-7.880662
59	12	48	5.273084
60	12	80	16.612909
61	12	326	17.960781
62	12	537	7.78446
63	12	102	-9.823965
64	12	154	-24.639973
65	12	33	-28.383995
66	12	42	-19.79108
67	12	292	-9.610466
68	12	66	-5.239755
69	12	537	-5.853855
70	12	45	-3.136482
71	12	18	0
72	12	44	0
73	12	33	0
74	12	40	0
75	12	40	0.003335
76	12	216	0.040334
77	12	499	-2.353731
78	12	105	-5.938287
79	12	469	-10.562963
80	12	538	-13.392106
81	12	539	-11.787924
82	12	540	-8.957877
83	12	412	-10.765489
84	12	81	-14.563523
85	12	216	-11.472726
86	12	469	-9.043441
87	12	376	-10.081066
88	12	500	-7.927131
89	12	326	-2.112635
90	12	71	8.419387
91	12	72	22.412346
92	12	541	38.992794
93	12	69	50.946285
94	12	115	50.762581
95	12	72	35.219856
96	12	72	21.383543
97	12	61	15.716158
98	12	185	18.115084
99	12	186	26.400753
100	12	542	36.460629
101	12	85	40.179131
102	12	70	36.748451
103	12	543	27.410084
104	12	108	15.944674
105	12	109	3.469566
106	12	193	-10.713342
107	12	219	-25.177494
108	12	110	-36.689617
109	12	267	-42.276814
110	12	345	-39.117725
111	12	57	-38.164413
112	12	544	-41.268681
113	12	545	-47.560581
114	12	102	-55.057838
115	12	546	-54.957832
116	12	140	-50.853809
117	12	7	-44.7248
118	12	516	-37.025093
119	12	373	-32.717785
120	12	2	-34.393764
121	12	533	-40.149181
122	12	511	-48.243587
123	12	146	-60.332546
124	12	90	-67.241608
125	12	98	-61.518883
126	12	5	-45.051521
127	12	14	-19.639864
128	12	15	0
0	13	90	0
1	13	365	4.427851
2	13	547	13.876571
3	13	548	16.552687
4	13	549	10.150325
5	13	145	3.745997
6	13	98	1.422771
7	13	407	1.121154
8	13	550	3.15098
9	13	551	8.590659
10	13	552	11.283807
11	13	145	8.873453
12	13	295	6.642553
13	13	553	7.340523
14	13	554	18.28406
15	13	549	35.451385
16	13	555	37.891312
17	13	556	13.50278
18	13	557	-8.697646
19	13	558	6.327979
20	13	559	17.366877
21	13	98	28.869671
22	13	91	43.64016
23	13	146	67.243317
24	13	372	66.192154
25	13	373	66.44249
26	13	370	83.007301
27	13	515	87.542442
28	13	3	84.414101
29	13	560	90.953163
30	13	561	128.740356
31	13	452	121.334267
32	13	562	66.662857
33	13	535	29.658541
34	13	496	30.798271
35	13	563	27.113729
36	13	40	22.351587
37	13	24	6.205125
38	13	24	-1.455056
39	13	34	-3.846327
40	13	102	-3.241221
41	13	38	-2.667119
42	13	38	-8.524474
43	13	39	-14.020185
44	13	40	-15.600084
45	13	40	-15.223451
46	13	41	-13.770185
47	13	34	-12.086937
48	13	33	-9.745897
49	13	40	-6.172274
50	13	40	-2.814076
51	13	34	-1.654494
52	13	33	2.402599
53	13	238	3.163697
54	13	361	-13.158741
55	13	241	-25.691685
56	13	177	-17.083914
57	13	75	2.304416
58	13	217	10.139801
59	13	76	23.670166
60	13	80	31.596912
61	13	564	30.782814
62	13	222	19.767757
63	13	246	3.61744
64	13	247	-12.418755
65	13	79	-23.491163
66	13	80	-24.341743
67	13	565	-17.272589
68	13	566	-7.015759
69	13	30	-1.57394
70	13	38	-0.006075
71	13	46	0
72	13	157	0.324079
73	13	41	0.742442
74	13	41	0.269449
75	13	24	0.724931
76	13	216	2.46101
77	13	48	3.71039
78	13	80	1.941423
79	13	567	-3.729425
80	13	500	-10.33859
81	13	326	-12.794129
82	13	139	-13.642743
83	13	238	-19.228407
84	13	470	-21.404945
85	13	286	-14.964851
86	13	565	-5.599679
87	13	81	-3.600028
88	13	568	-4.52333
89	13	289	-4.044435
90	13	61	-0.182927
91	13	569	12.324911
92	13	289	26.93117
93	13	116	35.896114
94	13	72	33.604702
95	13	117	24.592678
96	13	570	19.39439
97	13	540	20.134689
98	13	233	26.937475
99	13	84	29.664991
100	13	571	34.26511
101	13	107	32.868366
102	13	572	28.723076
103	13	278	21.622086
104	13	108	11.83965
105	13	244	2.671824
106	13	345	-6.947542
107	13	573	-16.480696
108	13	310	-23.934425
109	13	52	-27.17914
110	13	275	-24.480345
111	13	574	-25.178659
112	13	77	-30.512644
113	13	575	-39.665451
114	13	576	-50.151241
115	13	197	-51.873131
116	13	434	-50.080036
117	13	577	-46.830982
118	13	516	-43.132183
119	13	7	-40.985023
120	13	3	-42.967236
121	13	140	-49.122112
122	13	145	-58.615704
123	13	98	-68.948944
124	13	98	-71.561195
125	13	98	-62.99651
126	13	98	-45.364704
127	13	90	-16.639265
128	13	90	0
0	14	578	0
1	14	579	1.78078
2	14	580	13.642955
3	14	434	18.477684
4	14	581	15.188587
5	14	582	7.125602
6	14	583	2.524579
7	14	584	1.645284
8	14	363	6.020935
9	14	585	10.379217
10	14	8	11.826682
11	14	372	11.494499
12	14	586	11.433022
13	14	587	16.722519
14	14	248	38.095379
15	14	588	68.481087
16	14	589	71.531921
17	14	590	41.253468
18	14	402	28.561075
19	14	16	51.219349
20	14	100	65.068703
21	14	99	70.135796
22	14	90	82.589119
23	14	433	90.184845
24	14	591	77.093071
25	14	17	72.878799
26	14	560	80.451981
27	14	561	88.575111
28	14	197	84.366882
29	14	434	84.247528
30	14	434	88.733902
31	14	495	86.739456
32	14	496	55.319962
33	14	592	34.872326
34	14	593	30.603348
35	14	34	25.543558
36	14	33	20.980711
37	14	34	9.119947
38	14	45	1.275674
39	14	157	-1.851903
40	14	40	-2.203919
41	14	24	-1.695985
42	14	41	-10.999806
43	14	41	-19.649828
44	14	24	-25.62948
45	14	24	-27.664768
46	14	42	-25.811487
47	14	39	-23.569283
48	14	41	-22.038351
49	14	24	-20.677633
50	14	77	-19.076521
51	14	222	-17.248064
52	14	438	-15.432858
53	14	326	-12.311077
54	14	67	-16.378626
55	14	594	-22.138403
56	14	270	-10.946035
57	14	270	4.895728
58	14	48	15.845227
59	14	40	26.809063
60	14	595	34.486778
61	14	596	35.096127
62	14	292	26.858944
63	14	66	13.409086
64	14	597	-1.226565
65	14	79	-18.348238
66	14	40	-27.05324
67	14	43	-24.906614
68	14	157	-16.005659
69	14	40	-3.841954
70	14	43	2.785476
71	14	44	7.064321
72	14	33	9.845877
73	14	40	10.390755
74	14	40	7.363981
75	14	41	5.754477
76	14	49	8.170093
77	14	76	12.682665
78	14	80	15.392059
79	14	567	9.088897
80	14	500	-4.094461
81	14	439	-13.723874
82	14	598	-15.369758
83	14	594	-20.006365
84	14	161	-24.151169
85	14	472	-17.186033
86	14	376	-5.67967
87	14	599	-1.310986
88	14	509	-5.549959
89	14	232	-10.483171
90	14	115	-8.960386
91	14	116	1.415098
92	14	116	13.446733
93	14	116	20.140017
94	14	138	19.608541
95	14	293	17.804468
96	14	66	20.82655
97	14	71	23.178732
98	14	127	30.598557
99	14	18	35.43766
100	14	18	36.620529
101	14	18	34.045094
102	14	18	27.002562
103	14	600	16.761366
104	14	384	9.283736
105	14	447	2.947777
106	14	385	-2.94963
107	14	116	-8.87431
108	14	601	-12.746625
109	14	602	-13.292441
110	14	74	-10.917587
111	14	389	-11.571091
112	14	279	-19.148294
113	14	603	-33.511757
114	14	533	-45.330032
115	14	294	-47.132656
116	14	480	-43.363243
117	14	533	-37.653889
118	14	294	-37.34251
119	14	604	-39.361607
120	14	513	-45.112175
121	14	146	-53.14254
122	14	90	-60.970535
123	14	90	-65.993683
124	14	16	-66.353691
125	14	605	-58.882252
126	14	486	-43.700314
127	14	265	-21.09766
128	14	295	0
0	15	606	0
1	15	2	2.745337
2	15	533	14.816302
3	15	607	19.576887
4	15	302	20.25326
5	15	547	11.09833
6	15	547	4.4446
7	15	547	4.143571
8	15	608	7.39083
9	15	609	11.29819
10	15	88	12.9037
11	15	610	17.600691
12	15	611	25.00029
13	15	612	37.859108
14	15	265	54.964516
15	15	91	66.35276
16	15	328	70.261429
17	15	145	46.199078
18	15	5	42.532093
19	15	14	65.214577
20	15	370	95.08255
21	15	99	114.917686
22	15	433	131.586227
23	15	561	130.595001
24	15	409	88.978424
25	15	560	77.969704
26	15	577	82.828033
27	15	434	89.645889
28	15	577	90.593147
29	15	577	79.530273
30	15	577	74.813599
31	15	434	64.094757
32	15	563	44.899441
33	15	40	31.569862
34	15	42	24.603716
35	15	39	21.067726
36	15	43	17.793013
37	15	18	9.747034
38	15	44	3.604361
39	15	33	0.121422
40	15	41	-0.985238
41	15	40	-0.086196
42	15	34	-3.916511
43	15	33	-18.831596
44	15	24	-31.575348
45	15	40	-38.307686
46	15	40	-34.944267
47	15	40	-32.294678
48	15	40	-31.720629
49	15	216	-33.289852
50	15	291	-29.436827
51	15	39	-25.648994
52	15	80	-23.826626
53	15	226	-22.953165
54	15	48	-24.498526
55	15	40	-28.560719
56	15	40	-21.149748
57	15	40	-9.153442
58	15	238	2.491269
59	15	538	14.24981
60	15	613	23.252403
61	15	361	27.467459
62	15	293	22.327145
63	15	293	16.931389
64	15	597	8.573134
65	15	79	-10.975305
66	15	42	-26.3221
67	15	39	-26.843086
68	15	40	-18.580992
69	15	42	-4.296352
70	15	38	11.408751
71	15	39	19.216146
72	15	40	24.048046
73	15	24	27.365294
74	15	40	23.719404
75	15	104	14.418719
76	15	215	12.402412
77	15	40	20.5212
78	15	614	26.879423
79	15	615	20.109776
80	15	160	1.957999
81	15	499	-9.860746
82	15	616	-5.798222
83	15	473	-5.214225
84	15	617	-10.420709
85	15	421	-10.560719
86	15	618	-3.345551
87	15	344	-1.83018
88	15	386	-7.543235
89	15	117	-14.049409
90	15	192	-11.891516
91	15	450	-2.557911
92	15	112	4.182523
93	15	175	7.972263
94	15	478	13.334033
95	15	293	16.843407
96	15	71	20.207232
97	15	137	28.206217
98	15	58	42.187408
99	15	84	48.385403
100	15	85	48.03479
101	15	84	39.661949
102	15	323	28.943941
103	15	137	16.456251
104	15	84	8.920839
105	15	323	3.538425
106	15	72	-0.82921
107	15	116	-4.900575
108	15	290	-7.004439
109	15	244	-6.033759
110	15	449	-3.789073
111	15	445	-3.857013
112	15	475	-10.439345
113	15	491	-30.741367
114	15	196	-41.842655
115	15	619	-42.54554
116	15	491	-36.153534
117	15	196	-22.081125
118	15	619	-15.738508
119	15	620	-24.897951
120	15	99	-35.463482
121	15	203	-46.884933
122	15	621	-50.901882
123	15	622	-50.236488
124	15	623	-55.060001
125	15	260	-51.286461
126	15	208	-38.96114
127	15	624	-20.184563
128	15	625	0
0	16	515	0
1	16	3	0.503038
2	16	626	9.242656
3	16	526	15.625986
4	16	333	15.57224
5	16	627	7.644732
6	16	336	2.259225
7	16	252	2.238719
8	16	628	5.667933
9	16	581	10.645057
10	16	629	21.393011
11	16	612	36.258545
12	16	630	54.537983
13	16	557	70.96199
14	16	265	69.387115
15	16	631	64.594788
16	16	632	54.229252
17	16	99	42.617455
18	16	90	45.83548
19	16	5	55.719852
20	16	370	83.851311
21	16	633	131.173828
22	16	634	154.798874
23	16	491	142.420547
24	16	635	91.202042
25	16	480	80.1763
26	16	577	87.840103
27	16	577	100.355751
28	16	577	103.343628
29	16	577	90.176994
30	16	592	77.522125
31	16	593	63.525288
32	16	24	43.684555
33	16	24	27.412046
34	16	24	20.377645
35	16	43	17.022903
36	16	30	14.738196
37	16	38	10.530852
38	16	154	5.677794
39	16	33	1.574165
40	16	40	0.437481
41	16	43	0.874919
42	16	44	0
43	16	33	-12.696332
44	16	40	-32.262196
45	16	49	-38.880924
46	16	217	-33.686947
47	16	217	-33.764839
48	16	217	-34.190632
49	16	76	-30.963438
50	16	49	-25.05484
51	16	217	-21.438324
52	16	76	-20.72789
53	16	40	-22.446863
54	16	40	-29.059959
55	16	34	-38.949272
56	16	442	-39.712048
57	16	361	-30.484499
58	16	597	-19.646215
59	16	636	-8.336102
60	16	637	1.720862
61	16	478	7.114937
62	16	293	7.643973
63	16	421	7.682451
64	16	638	0.071465
65	16	376	-12.773584
66	16	79	-23.786661
67	16	40	-24.426971
68	16	40	-15.273897
69	16	40	1.572603
70	16	40	17.690027
71	16	40	25.569145
72	16	49	30.380884
73	16	76	38.182938
74	16	216	35.969551
75	16	469	22.943449
76	16	470	10.362946
77	16	50	16.145
78	16	350	25.666721
79	16	75	21.630295
80	16	313	5.336113
81	16	502	-5.43995
82	16	326	1.818163
83	16	421	8.416358
84	16	475	2.539557
85	16	639	-2.451011
86	16	640	-0.315364
87	16	641	-0.321821
88	16	138	-4.543345
89	16	233	-7.941907
90	16	84	-6.908179
91	16	323	-1.357341
92	16	541	2.427201
93	16	540	3.64669
94	16	382	9.854426
95	16	182	15.569648
96	16	192	23.509796
97	16	112	35.994915
98	16	137	50.040752
99	16	184	57.388771
100	16	166	58.819221
101	16	571	47.183582
102	16	112	31.987169
103	16	127	17.301987
104	16	571	7.206044
105	16	112	2.929435
106	16	61	-1.991715
107	16	642	-6.100502
108	16	270	-7.630087
109	16	643	-6.578049
110	16	58	-3.429679
111	16	63	-4.218454
112	16	18	-10.427139
113	16	635	-28.446846
114	16	644	-39.664238
115	16	645	-38.770851
116	16	513	-29.696003
117	16	89	-16.488581
118	16	14	-7.585051
119	16	15	-10.701122
120	16	646	-19.218851
121	16	647	-32.392902
122	16	648	-38.646179
123	16	522	-42.70784
124	16	365	-46.982567
125	16	649	-44.29073
126	16	585	-32.128483
127	16	561	-15.214775
128	16	513	0
0	17	650	0
1	17	651	0
2	17	295	0.978627
3	17	652	5.198634
4	17	653	7.249393
5	17	584	4.308847
6	17	654	-1.25618
7	17	655	-2.683585
8	17	656	1.474465
9	17	657	9.033731
10	17	658	25.990013
11	17	489	54.895355
12	17	578	85.385033
13	17	659	105.189545
14	17	660	85.733742
15	17	661	61.904331
16	17	370	53.02705
17	17	100	50.731197
18	17	99	53.008095
19	17	5	61.844543
20	17	370	81.682129
21	17	17	126.010452
22	17	196	154.77002
23	17	409	116.834702
24	17	560	81.039917
25	17	577	86.226646
26	17	434	102.282227
27	17	533	110.299492
28	17	480	102.07679
29	17	495	98.067902
30	17	662	98.29789
31	17	437	81.836121
32	17	41	50.023033
33	17	40	26.79073
34	17	42	20.02416
35	17	154	17.516043
36	17	33	15.836559
37	17	42	11.363091
38	17	39	6.840098
39	17	34	2.612361
40	17	45	1.687109
41	17	30	1.379271
42	17	39	-0.063683
43	17	34	-15.804875
44	17	468	-34.233997
45	17	663	-34.582336
46	17	380	-25.591972
47	17	270	-24.692507
48	17	161	-21.86656
49	17	160	-14.405423
50	17	499	-7.500602
51	17	215	-4.812606
52	17	40	-6.409972
53	17	40	-11.225921
54	17	440	-23.766272
55	17	540	-40.38044
56	17	293	-45.351967
57	17	412	-40.479412
58	17	272	-33.417564
59	17	539	-27.28997
60	17	225	-20.386595
61	17	664	-13.328183
62	17	475	-8.067677
63	17	186	-11.047514
64	17	478	-17.067638
65	17	139	-24.269653
66	17	40	-28.455326
67	17	40	-25.248831
68	17	40	-12.464592
69	17	49	6.741992
70	17	76	22.762196
71	17	216	27.646776
72	17	48	29.639982
73	17	238	35.370506
74	17	665	34.905674
75	17	122	21.698597
76	17	353	5.047884
77	17	178	4.84356
78	17	177	12.720577
79	17	123	13.832911
80	17	132	2.686032
81	17	80	-2.269751
82	17	272	1.080773
83	17	273	3.690846
84	17	666	1.399647
85	17	52	-0.389436
86	17	667	-0.650363
87	17	349	-0.746912
88	17	71	-0.361828
89	17	127	-1.592044
90	17	668	-2.526432
91	17	349	-1.81578
92	17	293	-0.739118
93	17	191	2.00392
94	17	603	9.306787
95	17	542	16.406839
96	17	571	25.581972
97	17	112	37.180431
98	17	137	48.012089
99	17	58	53.068604
100	17	58	51.533482
101	17	443	42.936054
102	17	444	27.057671
103	17	85	11.984415
104	17	115	3.6964
105	17	137	-4.867853
106	17	669	-10.33778
107	17	670	-13.163061
108	17	671	-14.201746
109	17	348	-13.520323
110	17	349	-12.458285
111	17	0	-14.151179
112	17	14	-21.149813
113	17	370	-30.627714
114	17	633	-36.958405
115	17	146	-33.909061
116	17	22	-24.453165
117	17	13	-6.856294
118	17	90	-2.318542
119	17	5	-2.856324
120	17	15	-7.160151
121	17	16	-17.005405
122	17	100	-31.198122
123	17	672	-41.263809
124	17	673	-45.607395
125	17	674	-39.065434
126	17	248	-23.587177
127	17	328	-6.083103
128	17	675	0
0	18	659	0
1	18	209	0
2	18	676	0.28079
3	18	394	2.296801
4	18	677	7.164628
5	18	678	7.843766
6	18	679	5.472594
7	18	525	2.9122
8	18	680	2.988147
9	18	681	13.593692
10	18	682	27.223104
11	18	683	45.008446
12	18	527	84.093399
13	18	684	103.814224
14	18	685	85.263641
15	18	5	62.380501
16	18	1	56.894775
17	18	19	70.597374
18	18	99	76.532158
19	18	152	73.966446
20	18	196	83.186516
21	18	197	112.78817
22	18	561	123.301346
23	18	197	91.407959
24	18	577	76.770935
25	18	434	86.795113
26	18	3	95.168724
27	18	686	89.550171
28	18	687	88.652679
29	18	687	97.67662
30	18	688	115.798386
31	18	93	112.43557
32	18	24	67.46627
33	18	40	30.569242
34	18	42	21.499336
35	18	39	18.838026
36	18	41	15.932222
37	18	34	11.319777
38	18	45	7.09301
39	18	18	3.187058
40	18	44	2.7443
41	18	159	1.390672
42	18	45	-8.403778
43	18	157	-26.217003
44	18	42	-37.43409
45	18	154	-31.328571
46	18	159	-17.80768
47	18	689	-10.286819
48	18	690	-3.070526
49	18	160	2.368551
50	18	48	8.307627
51	18	40	8.556034
52	18	40	5.992009
53	18	80	-1.834389
54	18	664	-15.828065
55	18	637	-33.515759
56	18	638	-39.209602
57	18	79	-35.460114
58	18	80	-29.957424
59	18	567	-27.928452
60	18	691	-28.785896
61	18	692	-26.646936
62	18	693	-26.026434
63	18	445	-31.881878
64	18	638	-40.385159
65	18	79	-42.434624
66	18	41	-42.258385
67	18	40	-35.086861
68	18	216	-20.229227
69	18	161	3.211896
70	18	76	21.864761
71	18	40	28.817158
72	18	80	26.161764
73	18	226	25.52058
74	18	499	22.717762
75	18	353	13.059915
76	18	346	0.701562
77	18	694	1.247532
78	18	314	2.71997
79	18	48	0.845363
80	18	40	-1.698966
81	18	49	-3.588294
82	18	695	-3.24971
83	18	229	-3.122956
84	18	281	-3.386146
85	18	696	-2.34918
86	18	697	-2.662125
87	18	71	-2.412386
88	18	137	-1.46813
89	18	318	-1.728558
90	18	136	-2.935378
91	18	293	-3.221719
92	18	421	-1.178858
93	18	475	4.511493
94	18	506	10.410257
95	18	476	16.944601
96	18	571	25.012154
97	18	450	36.767731
98	18	112	46.668762
99	18	117	50.788544
100	18	349	47.739697
101	18	83	37.329266
102	18	60	20.204515
103	18	116	6.535645
104	18	509	-2.310362
105	18	168	-15.474988
106	18	698	-23.308144
107	18	699	-25.024824
108	18	540	-25.407856
109	18	66	-25.169853
110	18	15	-26.34374
111	18	90	-28.177128
112	18	5	-31.290075
113	18	15	-34.397507
114	18	90	-33.866993
115	18	9	-26.739346
116	18	21	-15.87682
117	18	90	-0.542963
118	18	90	-0.051042
119	18	90	0
120	18	152	-0.770283
121	18	0	-8.718422
122	18	700	-23.909075
123	18	701	-42.76086
124	18	434	-47.311939
125	18	8	-34.275955
126	18	631	-14.580188
127	18	702	-2.217594
128	18	627	0
0	19	703	0
1	19	704	-0.068719
2	19	407	-0.515264
3	19	149	1.062806
4	19	705	3.979261
5	19	706	12.473836
6	19	707	17.520262
7	19	708	13.801786
8	19	87	12.228784
9	19	709	20.005381
10	19	710	29.669624
11	19	653	43.530281
12	19	584	59.292084
13	19	711	76.222809
14	19	98	74.1567
15	19	5	61.686028
16	19	14	63.610813
17	19	370	91.807182
18	19	712	108.565994
19	19	619	97.862984
20	19	480	92.528328
21	19	434	101.78112
22	19	533	113.131393
23	19	480	86.77195
24	19	434	70.347168
25	19	561	66.295532
26	19	713	64.922859
27	19	159	59.307266
28	19	33	63.089321
29	19	714	78.503517
30	19	20	112.248138
31	19	40	114.596199
32	19	24	73.854378
33	19	41	37.692776
34	19	40	23.051394
35	19	24	19.190157
36	19	43	14.491526
37	19	30	10.248251
38	19	38	6.862083
39	19	38	4.024148
40	19	38	2.879442
41	19	38	-2.781972
42	19	154	-18.781462
43	19	159	-33.468414
44	19	45	-40.678535
45	19	18	-34.161053
46	19	18	-22.374552
47	19	278	-8.196861
48	19	325	1.754673
49	19	74	0.635248
50	19	217	-0.473601
51	19	76	0.089265
52	19	40	0.147251
53	19	42	-3.447721
54	19	38	-16.908522
55	19	510	-25.956846
56	19	715	-27.09576
57	19	159	-18.343189
58	19	716	-12.527631
59	19	475	-13.825405
60	19	540	-21.398167
61	19	86	-29.4638
62	19	38	-34.166771
63	19	292	-42.075821
64	19	139	-54.9743
65	19	41	-63.25354
66	19	40	-59.828098
67	19	49	-50.278172
68	19	160	-33.421021
69	19	48	-10.400855
70	19	34	11.842304
71	19	33	22.185902
72	19	40	20.753736
73	19	717	11.163674
74	19	179	7.56136
75	19	718	1.920947
76	19	719	0
77	19	139	-0.863112
78	19	238	-5.708633
79	19	79	-9.515939
80	19	104	-9.933603
81	19	275	-6.69698
82	19	698	-4.211495
83	19	320	-4.560107
84	19	321	-4.872949
85	19	123	-5.811054
86	19	720	-5.046287
87	19	378	-4.400159
88	19	192	-3.386652
89	19	173	0.675496
90	19	637	5.587325
91	19	542	7.304154
92	19	445	7.412456
93	19	637	10.282337
94	19	475	14.698465
95	19	476	19.905886
96	19	18	26.038286
97	19	571	37.947281
98	19	721	49.993633
99	19	382	53.805424
100	19	136	48.984032
101	19	722	35.83062
102	19	343	16.052464
103	19	723	4.660105
104	19	48	-5.300196
105	19	216	-18.007484
106	19	724	-32.891346
107	19	136	-37.036224
108	19	66	-37.931339
109	19	90	-37.139149
110	19	22	-37.207371
111	19	25	-37.760437
112	19	725	-38.314228
113	19	99	-37.727657
114	19	9	-31.181543
115	19	21	-20.680239
116	19	98	-8.443446
117	19	98	-0.74664
118	19	98	0
119	19	5	-0.038736
120	19	15	-1.86306
121	19	407	-8.751092
122	19	629	-21.031754
123	19	92	-42.654083
124	19	8	-45.588531
125	19	295	-33.252399
126	19	726	-15.950241
127	19	526	-3.401101
128	19	727	0
0	20	581	0
1	20	728	-0.119274
2	20	657	-0.001465
3	20	729	0.664788
4	20	730	3.226994
5	20	731	11.362632
6	20	732	17.97863
7	20	733	15.05757
8	20	734	10.278543
9	20	735	18.266069
10	20	736	28.744864
11	20	737	41.588921
12	20	522	56.335052
13	20	16	68.461967
14	20	100	68.916313
15	20	100	60.326374
16	20	712	68.909065
17	20	197	89.873917
18	20	3	109.955994
19	20	560	110.0354
20	20	248	93.397446
21	20	512	103.282654
22	20	197	123.07457
23	20	592	98.052444
24	20	738	61.116333
25	20	561	46.023727
26	20	739	47.029293
27	20	713	47.526119
28	20	45	48.997719
29	20	157	56.576187
30	20	97	75.716263
31	20	93	79.16893
32	20	24	57.909218
33	20	24	34.858898
34	20	41	22.520613
35	20	42	16.493818
36	20	39	10.742767
37	20	49	6.800324
38	20	76	3.866091
39	20	40	2.57139
40	20	40	-1.140927
41	20	43	-14.428236
42	20	18	-25.909166
43	20	30	-31.78195
44	20	46	-33.833248
45	20	30	-34.046696
46	20	46	-27.169479
47	20	18	-15.66502
48	20	278	-9.380829
49	20	380	-13.317855
50	20	48	-17.163654
51	20	34	-19.630569
52	20	33	-20.093672
53	20	40	-19.742483
54	20	42	-20.846811
55	20	539	-23.741182
56	20	441	-15.381761
57	20	38	-1.922947
58	20	510	5.717886
59	20	478	6.25952
60	20	139	-3.541068
61	20	24	-18.546299
62	20	80	-27.993261
63	20	81	-42.299473
64	20	41	-62.404755
65	20	24	-73.660126
66	20	104	-73.935822
67	20	215	-63.166821
68	20	40	-47.873447
69	20	43	-29.314499
70	20	157	-9.230106
71	20	238	5.118487
72	20	361	6.514631
73	20	412	3.146616
74	20	566	1.47565
75	20	692	0
76	20	597	0
77	20	361	-1.125282
78	20	139	-5.890177
79	20	216	-10.62579
80	20	48	-10.737764
81	20	104	-6.22332
82	20	350	-0.935901
83	20	51	-0.639029
84	20	310	-2.422517
85	20	740	-3.463593
86	20	243	-4.996598
87	20	187	-5.907605
88	20	358	-1.288869
89	20	18	7.743432
90	20	18	16.901501
91	20	18	21.716578
92	20	223	21.249691
93	20	186	21.047215
94	20	542	22.092142
95	20	223	26.405342
96	20	69	33.771214
97	20	318	45.992924
98	20	114	59.036751
99	20	721	63.28397
100	20	537	56.736073
101	20	438	38.264172
102	20	439	15.359271
103	20	472	3.796078
104	20	741	-2.779166
105	20	742	-13.547621
106	20	743	-31.924395
107	20	478	-38.322098
108	20	98	-39.979443
109	20	9	-39.992176
110	20	34	-39.77721
111	20	375	-39.654156
112	20	15	-39.227859
113	20	9	-36.968407
114	20	21	-27.79048
115	20	90	-14.719343
116	20	16	-2.342029
117	20	99	0
118	20	90	0
119	20	98	-0.063082
120	20	578	-2.759409
121	20	659	-13.256941
122	20	744	-30.773531
123	20	620	-45.381264
124	20	100	-43.787041
125	20	392	-31.469307
126	20	675	-16.769611
127	20	727	-4.103859
128	20	745	0
0	21	627	0
1	21	746	-0.963734
2	21	747	-1.050354
3	21	748	3.110333
4	21	749	6.821692
5	21	750	7.038455
6	21	751	5.50345
7	21	752	-0.168015
8	21	753	-2.531793
9	21	754	8.016707
10	21	755	27.844145
11	21	16	48.066883
12	21	712	77.801392
13	21	409	81.107918
14	21	196	71.139511
15	21	197	62.151852
16	21	533	62.396233
17	21	644	74.404968
18	21	327	93.696548
19	21	514	99.513123
20	21	756	95.156189
21	21	511	104.157196
22	21	757	122.456627
23	21	758	104.70182
24	21	687	60.283276
25	21	759	42.722202
26	21	491	44.80125
27	21	196	44.846092
28	21	713	44.977966
29	21	35	44.46526
30	21	23	46.580887
31	21	40	47.023899
32	21	40	38.106113
33	21	97	26.526051
34	21	93	18.462526
35	21	40	10.127501
36	21	216	2.01072
37	21	48	-5.33377
38	21	40	-10.535519
39	21	40	-10.618919
40	21	43	-12.417344
41	21	30	-21.873482
42	21	39	-25.86949
43	21	42	-21.905437
44	21	39	-19.092529
45	21	42	-25.723091
46	21	38	-28.897322
47	21	38	-23.938824
48	21	39	-24.225164
49	21	40	-28.563789
50	21	42	-31.995773
51	21	39	-31.658278
52	21	40	-28.646635
53	21	40	-26.937716
54	21	80	-24.504442
55	21	567	-18.721176
56	21	79	-7.60585
57	21	42	6.061173
58	21	273	15.621103
59	21	81	18.349714
60	21	41	13.248697
61	21	24	-3.970699
62	21	41	-15.540661
63	21	40	-33.42701
64	21	41	-59.563587
65	21	216	-74.961662
66	21	48	-78.669907
67	21	40	-70.29837
68	21	440	-59.509129
69	21	247	-48.389328
70	21	361	-37.3493
71	21	293	-25.576466
72	21	139	-11.999187
73	21	440	-0.013154
74	21	225	0
75	21	565	0
76	21	565	0
77	21	81	-0.420482
78	21	24	-2.141742
79	21	24	-4.619012
80	21	104	-4.39674
81	21	53	-0.058157
82	21	385	4.697815
83	21	116	6.103341
84	21	72	2.977793
85	21	127	-0.727781
86	21	278	-1.111601
87	21	108	-2.912491
88	21	358	2.783983
89	21	18	17.153866
90	21	18	29.7985
91	21	445	34.996437
92	21	542	33.83448
93	21	223	31.200861
94	21	540	29.923775
95	21	191	33.51828
96	21	118	41.7033
97	21	137	53.724384
98	21	271	67.616669
99	21	272	79.160172
100	21	760	69.591675
101	21	160	46.132378
102	21	536	22.165951
103	21	272	9.968955
104	21	39	4.613402
105	21	82	-0.131613
106	21	761	-7.092704
107	21	22	-25.088343
108	21	11	-35.21917
109	21	156	-37.82275
110	21	370	-38.724739
111	21	99	-31.88887
112	21	36	-30.176231
113	21	27	-31.970633
114	21	98	-23.92384
115	21	762	-9.806816
116	21	212	-0.774404
117	21	94	0
118	21	254	-0.052777
119	21	251	-2.487281
120	21	763	-10.874427
121	21	606	-27.757385
122	21	14	-42.46941
123	21	645	-47.302185
124	21	619	-41.236443
125	21	764	-28.392389
126	21	765	-14.438134
127	21	766	-2.859931
128	21	767	0
0	22	768	0
1	22	769	-2.576245
2	22	770	-1.868742
3	22	771	9.716439
4	22	772	13.341946
5	22	773	5.22122
6	22	774	-8.633353
7	22	5	-16.02063
8	22	327	-9.735169
9	22	146	5.533888
10	22	5	31.502287
11	22	327	78.688835
12	22	512	111.363235
13	22	197	101.687225
14	22	775	75.497635
15	22	776	62.717247
16	22	777	60.869652
17	22	372	64.692307
18	22	373	74.495399
19	22	14	87.849052
20	22	370	86.617538
21	22	87	95.346001
22	22	467	104.783417
23	22	40	85.769691
24	22	42	49.816307
25	22	38	34.236977
26	22	778	40.128624
27	22	604	42.361588
28	22	779	40.876892
29	22	437	37.630238
30	22	34	33.984352
31	22	159	29.863323
32	22	374	24.817671
33	22	20	18.270227
34	22	40	10.760547
35	22	40	-1.397438
36	22	40	-14.596553
37	22	40	-23.635197
38	22	40	-24.771154
39	22	43	-23.21418
40	22	780	-22.24062
41	22	217	-21.700558
42	22	76	-18.285286
43	22	34	-11.567786
44	22	33	-9.883957
45	22	40	-16.557432
46	22	40	-30.893854
47	22	40	-38.439747
48	22	49	-40.330738
49	22	76	-40.062038
50	22	40	-35.596226
51	22	40	-29.213852
52	22	40	-24.889778
53	22	238	-23.462761
54	22	500	-22.34807
55	22	567	-17.707293
56	22	79	-9.241568
57	22	40	0.021426
58	22	41	8.543283
59	22	41	12.443286
60	22	40	6.185274
61	22	24	-1.90186
62	22	41	-8.820189
63	22	24	-23.824514
64	22	40	-49.607735
65	22	40	-70.715958
66	22	40	-77.25222
67	22	80	-71.23288
68	22	565	-64.425415
69	22	565	-62.952423
70	22	326	-58.744709
71	22	597	-46.664871
72	22	361	-24.290474
73	22	597	-4.761603
74	22	79	-0.416831
75	22	24	-0.007491
76	22	24	0
77	22	40	0
78	22	24	0
79	22	595	-0.02072
80	22	108	0
81	22	418	3.645046
82	22	641	10.297797
83	22	116	14.164508
84	22	781	10.689414
85	22	46	3.507957
86	22	220	0.968425
87	22	449	1.169387
88	22	30	9.224227
89	22	782	26.128448
90	22	358	37.401791
91	22	18	42.400486
92	22	445	41.544052
93	22	478	35.993103
94	22	382	35.274437
95	22	289	39.334927
96	22	117	46.054562
97	22	783	55.902008
98	22	133	66.808708
99	22	784	73.757599
100	22	75	69.004875
101	22	76	48.240383
102	22	34	25.768826
103	22	442	15.077485
104	22	599	14.767294
105	22	541	16.611624
106	22	23	16.87207
107	22	714	2.103156
108	22	99	-20.722254
109	22	5	-30.237783
110	22	15	-28.391977
111	22	22	-16.76535
112	22	13	-15.155915
113	22	98	-23.211594
114	22	785	-19.651932
115	22	150	-4.396264
116	22	785	-0.01847
117	22	335	0
118	22	786	-0.743881
119	22	787	-7.311957
120	22	206	-19.702938
121	22	372	-40.425987
122	22	88	-51.381832
123	22	89	-50.355492
124	22	788	-40.047543
125	22	789	-25.104521
126	22	644	-10.409449
127	22	790	-1.148068
128	22	791	0
0	23	792	0
1	23	793	-2.497492
2	23	794	3.348185
3	23	259	15.191366
4	23	795	18.284653
5	23	796	1.098507
6	23	90	-15.45602
7	23	98	-19.658539
8	23	90	-8.808787
9	23	98	12.376307
10	23	90	40.416199
11	23	797	81.256668
12	23	798	115.220161
13	23	799	101.41124
14	23	800	71.907295
15	23	801	61.865711
16	23	633	63.530365
17	23	146	64.628708
18	23	90	68.509438
19	23	5	71.344612
20	23	15	71.362083
21	23	340	73.777718
22	23	159	76.784775
23	23	802	56.236099
24	23	437	32.004929
25	23	42	28.133209
26	23	803	30.278944
27	23	634	32.399597
28	23	804	31.596067
29	23	45	29.377367
30	23	18	25.926559
31	23	30	21.41979
32	23	39	15.999716
33	23	40	10.058663
34	23	40	1.667728
35	23	41	-13.144315
36	23	40	-27.676838
37	23	40	-32.333019
38	23	77	-29.908102
39	23	805	-25.927549
40	23	499	-21.327171
41	23	245	-14.874213
42	23	45	-6.872912
43	23	44	-2.789527
44	23	33	-5.505371
45	23	40	-15.087965
46	23	34	-34.554546
47	23	806	-47.530235
48	23	215	-48.506702
49	23	40	-42.106709
50	23	40	-27.458975
51	23	34	-14.566656
52	23	719	-11.543849
53	23	597	-11.692579
54	23	500	-11.614434
55	23	81	-11.454088
56	23	40	-11.031499
57	23	40	-11.609145
58	23	24	-13.73409
59	23	40	-15.609435
60	23	24	-13.658495
61	23	40	-9.993144
62	23	41	-3.038339
63	23	40	-17.921061
64	23	238	-47.004005
65	23	79	-65.44986
66	23	40	-72.234573
67	23	40	-67.286804
68	23	40	-68.760422
69	23	80	-71.446678
70	23	326	-69.324745
71	23	421	-54.0588
72	23	478	-36.050095
73	23	597	-14.70831
74	23	376	-3.587169
75	23	79	-0.105547
76	23	41	0
77	23	49	0
78	23	221	-1.606891
79	23	543	-2.57676
80	23	54	1.782164
81	23	282	11.260323
82	23	219	19.727304
83	23	807	24.929272
84	23	42	22.787455
85	23	163	13.664282
86	23	449	6.683202
87	23	780	4.917498
88	23	160	13.737088
89	23	277	28.55718
90	23	18	40.160309
91	23	18	44.492283
92	23	692	43.399307
93	23	191	38.840767
94	23	378	36.971741
95	23	135	41.755856
96	23	808	48.392544
97	23	742	56.517429
98	23	809	66.467964
99	23	810	72.846252
100	23	161	71.607719
101	23	162	59.577503
102	23	811	31.843699
103	23	289	15.104794
104	23	138	19.07093
105	23	97	20.21195
106	23	156	22.284464
107	23	15	16.335747
108	23	22	-5.251651
109	23	25	-16.16773
110	23	11	-14.680589
111	23	27	-11.575331
112	23	372	-15.097935
113	23	145	-19.146469
114	23	407	-9.019198
115	23	265	-0.29276
116	23	295	4.592904
117	23	812	4.324478
118	23	394	0.349075
119	23	250	-7.117815
120	23	813	-20.471165
121	23	814	-41.173935
122	23	265	-54.924732
123	23	490	-55.591503
124	23	644	-44.0173
125	23	815	-25.53595
126	23	816	-7.418784
127	23	817	-0.405635
128	23	818	0
0	24	819	0
1	24	145	-0.599227
2	24	90	7.491022
3	24	427	18.961935
4	24	338	12.343149
5	24	98	-5.575975
6	24	98	-17.927176
7	24	16	-15.725566
8	24	99	2.331333
9	24	98	27.16297
10	24	820	58.245159
11	24	821	84.696877
12	24	822	100.706299
13	24	823	102.502373
14	24	824	83.037933
15	24	15	67.152962
16	24	98	62.827744
17	24	90	61.436115
18	24	90	61.561901
19	24	98	58.515682
20	24	5	52.263268
21	24	14	50.780575
22	24	2	47.541267
23	24	825	34.243275
24	24	33	21.240122
25	24	21	20.333073
26	24	826	20.351885
27	24	38	21.281557
28	24	38	21.261921
29	24	38	19.534781
30	24	39	16.258802
31	24	40	12.318789
32	24	40	7.897498
33	24	24	5.558911
34	24	49	-6.389996
35	24	76	-24.458298
36	24	49	-32.693077
37	24	160	-31.008547
38	24	48	-26.851013
39	24	104	-20.943275
40	24	451	-13.251565
41	24	46	-2.47617
42	24	30	4.997546
43	24	154	5.399324
44	24	33	0.041616
45	24	43	-12.439365
46	24	278	-33.844193
47	24	827	-49.231361
48	24	40	-49.618103
49	24	40	-37.588673
50	24	43	-16.798046
51	24	471	4.01286
52	24	326	8.231159
53	24	139	6.862731
54	24	40	6.288928
55	24	40	4.979341
56	24	40	-1.801617
57	24	40	-8.008916
58	24	24	-11.845889
59	24	40	-15.56761
60	24	24	-12.871769
61	24	34	-4.503267
62	24	442	-1.280676
63	24	636	-11.484003
64	24	828	-37.241741
65	24	238	-57.854195
66	24	376	-67.894913
67	24	79	-69.94886
68	24	40	-73.240959
69	24	80	-76.100288
70	24	829	-67.017868
71	24	225	-56.635654
72	24	565	-44.146412
73	24	565	-21.589613
74	24	81	-5.184278
75	24	40	-0.32094
76	24	104	-0.83866
77	24	274	-6.487614
78	24	699	-12.373207
79	24	830	-11.3871
80	24	831	-1.821874
81	24	268	12.416124
82	24	832	23.753012
83	24	41	30.001661
84	24	104	31.26479
85	24	449	24.779287
86	24	220	14.658602
87	24	245	12.343153
88	24	102	20.804531
89	24	46	32.262188
90	24	85	40.066452
91	24	318	43.095531
92	24	136	42.081814
93	24	66	37.782223
94	24	833	38.513523
95	24	166	43.724667
96	24	44	49.744419
97	24	834	58.735268
98	24	835	69.228432
99	24	806	73.073746
100	24	245	66.697403
101	24	834	52.875278
102	24	112	33.661148
103	24	138	15.510412
104	24	27	16.451954
105	24	90	18.08749
106	24	90	14.619385
107	24	36	9.818913
108	24	93	5.642112
109	24	10	-1.353746
110	24	13	-2.731751
111	24	91	-11.843096
112	24	836	-18.394878
113	24	683	-11.499162
114	24	659	-0.598942
115	24	265	6.841857
116	24	407	9.154492
117	24	209	8.725865
118	24	630	5.86366
119	24	837	-1.689062
120	24	838	-13.801715
121	24	402	-30.399195
122	24	531	-48.033497
123	24	839	-55.841686
124	24	840	-50.604584
125	24	841	-32.936279
126	24	842	-7.678849
127	24	843	-0.017867
128	24	844	0
0	25	146	0
1	25	98	0.352027
2	25	845	9.8074
3	25	846	17.491776
4	25	847	7.526475
5	25	848	-11.421106
6	25	152	-14.442751
7	25	19	-7.597078
8	25	99	18.149012
9	25	90	56.492558
10	25	91	95.500832
11	25	849	100.055405
12	25	850	107.207161
13	25	146	117.926041
14	25	98	114.444542
15	25	98	92.991844
16	25	22	75.961586
17	25	13	60.086559
18	25	22	59.999115
19	25	25	54.333817
20	25	13	44.366356
21	25	851	38.074509
22	25	852	32.078472
23	25	39	23.837118
24	25	10	17.181021
25	25	23	13.874063
26	25	41	12.92625
27	25	24	12.536766
28	25	24	11.878145
29	25	24	10.626993
30	25	24	8.475689
31	25	40	5.493529
32	25	24	3.204471
33	25	216	2.425119
34	25	161	-14.388474
35	25	160	-30.126436
36	25	48	-34.609921
37	25	40	-25.060593
38	25	216	-16.659042
39	25	161	-11.985155
40	25	162	0.269105
41	25	154	11.391994
42	25	102	14.998687
43	25	154	12.645275
44	25	102	5.210025
45	25	46	-8.528038
46	25	157	-31.280777
47	25	40	-49.536465
48	25	40	-47.253452
49	25	42	-31.467245
50	25	39	-7.954119
51	25	80	17.752077
52	25	81	24.519867
53	25	40	21.766737
54	25	24	21.17528
55	25	41	16.713047
56	25	24	7.887908
57	25	40	-0.694494
58	25	40	-3.270023
59	25	34	-4.124767
60	25	45	-1.822391
61	25	445	0
62	25	853	0.764472
63	25	669	-1.71453
64	25	854	-21.231665
65	25	243	-42.408081
66	25	638	-60.018421
67	25	855	-70.389717
68	25	316	-75.444939
69	25	576	-74.453384
70	25	139	-68.181313
71	25	238	-57.335815
72	25	376	-43.692551
73	25	79	-19.212429
74	25	24	-2.990973
75	25	595	-0.373727
76	25	380	-3.617416
77	25	856	-12.316154
78	25	857	-21.889709
79	25	161	-18.923319
80	25	313	-9.311231
81	25	131	9.044415
82	25	76	22.752312
83	25	595	30.493671
84	25	596	34.158112
85	25	858	30.297852
86	25	268	20.300695
87	25	859	20.66637
88	25	162	29.018417
89	25	860	36.834068
90	25	504	41.668831
91	25	861	43.300579
92	25	664	41.885666
93	25	542	38.396545
94	25	85	37.822857
95	25	70	43.66444
96	25	57	50.286583
97	25	84	60.784657
98	25	47	72.454681
99	25	291	69.670631
100	25	862	53.308876
101	25	184	31.712982
102	25	173	22.508642
103	25	16	12.637833
104	25	99	15.688347
105	25	90	19.286709
106	25	22	15.876142
107	25	23	10.693895
108	25	97	5.297775
109	25	27	2.087514
110	25	90	2.121017
111	25	485	-1.156136
112	25	298	-5.495552
113	25	527	-1.804187
114	25	331	5.011469
115	25	295	9.381258
116	25	863	13.321002
117	25	549	12.407879
118	25	481	8.05915
119	25	264	3.479739
120	25	582	-1.983456
121	25	864	-12.870036
122	25	865	-31.65943
123	25	866	-52.215744
124	25	817	-56.426102
125	25	867	-41.077148
126	25	868	-13.797956
127	25	869	-0.626186
128	25	99	0
0	26	870	0
1	26	871	1.088727
2	26	793	9.20058
3	26	872	14.881558
4	26	873	5.757884
5	26	845	-6.965962
6	26	874	-9.565051
7	26	15	-2.629272
8	26	90	28.101744
9	26	875	80.185173
10	26	876	128.379211
11	26	877	121.406372
12	26	878	123.881996
13	26	98	132.892563
14	26	90	139.644608
15	26	36	127.268265
16	26	12	103.437592
17	26	23	89.124069
18	26	40	80.801788
19	26	879	65.204514
20	26	880	43.974506
21	26	93	35.706417
22	26	40	29.60586
23	26	40	22.637188
24	26	24	15.221283
25	26	40	10.349932
26	26	40	7.462469
27	26	40	6.537111
28	26	24	5.169871
29	26	40	3.235359
30	26	24	1.643472
31	26	40	0.935793
32	26	24	1.174256
33	26	216	1.155818
34	26	48	-14.139922
35	26	40	-30.417252
36	26	40	-36.295265
37	26	40	-32.062733
38	26	595	-24.076853
39	26	827	-11.821033
40	26	43	8.890262
41	26	157	19.947769
42	26	42	20.786737
43	26	39	16.431095
44	26	42	7.594255
45	26	39	-8.269104
46	26	40	-30.976898
47	26	49	-46.686493
48	26	76	-41.703445
49	26	40	-24.206047
50	26	24	-1.225976
51	26	41	22.104666
52	26	34	27.488565
53	26	33	17.943491
54	26	41	17.690393
55	26	40	14.569612
56	26	41	4.108272
57	26	40	0
58	26	43	0
59	26	18	0
60	26	85	0
61	26	115	1.498015
62	26	72	8.297419
63	26	116	12.717858
64	26	137	7.129346
65	26	318	-17.683014
66	26	289	-42.257359
67	26	72	-57.680355
68	26	138	-64.690979
69	26	139	-69.538574
70	26	80	-66.093208
71	26	326	-53.20982
72	26	537	-31.985302
73	26	159	-12.871693
74	26	102	-5.602921
75	26	881	-2.988815
76	26	317	-3.436176
77	26	882	-11.808393
78	26	473	-24.128183
79	26	617	-25.133999
80	26	241	-14.791032
81	26	131	2.008973
82	26	221	15.504437
83	26	859	24.212931
84	26	312	29.290701
85	26	806	26.510674
86	26	353	21.848614
87	26	354	27.448236
88	26	883	35.836037
89	26	49	42.160515
90	26	472	45.250893
91	26	538	45.574696
92	26	862	43.408905
93	26	115	39.554008
94	26	601	37.593796
95	26	884	42.110817
96	26	169	48.951954
97	26	154	59.580952
98	26	33	66.783066
99	26	885	59.353825
100	26	886	38.789692
101	26	84	25.110849
102	26	5	18.175758
103	26	15	20.126472
104	26	98	27.418953
105	26	36	33.541866
106	26	26	28.962736
107	26	12	19.16304
108	26	887	9.479761
109	26	145	5.809961
110	26	295	2.896992
111	26	888	1.000335
112	26	768	-3.432882
113	26	889	-2.645387
114	26	265	5.473965
115	26	890	10.406635
116	26	891	13.213936
117	26	609	11.815327
118	26	675	7.794719
119	26	786	3.313014
120	26	892	-1.439459
121	26	893	-11.936639
122	26	873	-30.096201
123	26	98	-52.411823
124	26	870	-59.851624
125	26	894	-48.87619
126	26	895	-30.023579
127	26	896	-9.53257
128	26	897	0
0	27	794	0
1	27	16	0.154143
2	27	898	5.986545
3	27	818	8.998579
4	27	899	3.324447
5	27	873	-4.311895
6	27	90	-5.372222
7	27	98	2.076414
8	27	900	33.105968
9	27	901	90.748772
10	27	902	142.172119
11	27	903	154.336166
12	27	98	146.961945
13	27	90	158.645081
14	27	98	161.531021
15	27	36	158.671173
16	27	93	153.181854
17	27	97	148.85553
18	27	494	127.860474
19	27	8	78.596451
20	27	340	47.109467
21	27	802	34.588993
22	27	437	29.333202
23	27	24	22.219086
24	27	40	14.652405
25	27	97	8.815258
26	27	93	4.996963
27	27	40	2.5896
28	27	41	1.410163
29	27	41	0.315544
30	27	24	0.184285
31	27	24	-0.077749
32	27	41	-0.104888
33	27	40	-1.007366
34	27	41	-10.059279
35	27	41	-25.341644
36	27	40	-33.635014
37	27	42	-34.041523
38	27	39	-26.048786
39	27	43	-11.784058
40	27	157	9.427288
41	27	40	22.360645
42	27	40	21.706478
43	27	34	15.687471
44	27	33	4.701602
45	27	40	-13.954981
46	27	104	-34.88549
47	27	904	-47.817413
48	27	93	-38.924824
49	27	40	-16.588394
50	27	41	2.921484
51	27	42	13.520749
52	27	39	12.143261
53	27	40	13.474625
54	27	40	16.534119
55	27	40	15.084704
56	27	40	6.03724
57	27	43	1.24225
58	27	18	0
59	27	323	0
60	27	116	0
61	27	116	3.367326
62	27	116	13.399694
63	27	116	24.014282
64	27	72	24.05518
65	27	116	10.267218
66	27	72	-11.739216
67	27	175	-32.997471
68	27	715	-53.810665
69	27	159	-65.119957
70	27	716	-59.168858
71	27	542	-40.835461
72	27	18	-22.47007
73	27	44	-17.656588
74	27	416	-14.317393
75	27	72	-8.847108
76	27	113	-5.335837
77	27	136	-13.306044
78	27	66	-30.426819
79	27	66	-34.875267
80	27	383	-27.657885
81	27	310	-16.685564
82	27	310	-4.88739
83	27	905	5.17194
84	27	128	10.349014
85	27	179	13.361245
86	27	906	20.451538
87	27	907	32.523701
88	27	908	42.207306
89	27	909	47.967388
90	27	638	50.085777
91	27	599	49.266064
92	27	116	45.852726
93	27	61	40.817669
94	27	388	35.85334
95	27	312	41.530048
96	27	910	47.134003
97	27	832	52.722794
98	27	41	57.630413
99	27	885	49.846817
100	27	886	32.784348
101	27	22	24.465767
102	27	25	22.689436
103	27	13	31.845276
104	27	22	56.034538
105	27	13	68.275818
106	27	36	57.056599
107	27	911	41.223949
108	27	612	26.032949
109	27	265	20.463604
110	27	785	20.451956
111	27	912	18.603987
112	27	913	11.354737
113	27	402	6.264536
114	27	914	10.864072
115	27	915	11.919185
116	27	916	11.909488
117	27	917	8.546447
118	27	918	5.263409
119	27	919	0.223325
120	27	920	-7.406881
121	27	869	-21.164362
122	27	921	-42.195225
123	27	871	-61.376659
124	27	922	-62.973076
125	27	923	-54.477997
126	27	924	-40.455635
127	27	99	-21.11492
128	27	90	0
0	28	5	0
1	28	15	0
2	28	925	1.26931
3	28	926	3.331685
4	28	927	0.663351
5	28	372	-2.911931
6	28	145	-1.700049
7	28	91	9.561189
8	28	634	39.720112
9	28	928	83.414078
10	28	929	138.106522
11	28	878	163.819412
12	28	90	169.500183
13	28	90	173.224411
14	28	22	186.366714
15	28	23	189.955963
16	28	10	175.586761
17	28	930	175.543121
18	28	931	135.231903
19	28	932	79.013634
20	28	619	43.392643
21	28	933	34.793423
22	28	662	30.3948
23	28	437	22.275955
24	28	10	14.081983
25	28	23	7.738647
26	28	41	3.903509
27	28	41	1.93886
28	28	40	0.157515
29	28	40	0.106535
30	28	40	-0.75017
31	28	24	-2.442353
32	28	24	-5.114421
33	28	40	-12.731395
34	28	41	-21.13868
35	28	41	-27.683697
36	28	24	-32.777832
37	28	40	-32.121819
38	28	43	-23.305338
39	28	157	-9.637732
40	28	40	6.785647
41	28	40	16.414471
42	28	42	16.483997
43	28	39	8.687546
44	28	40	-5.63374
45	28	216	-24.826717
46	28	934	-46.655876
47	28	23	-57.593815
48	28	24	-52.432167
49	28	24	-33.98262
50	28	40	-17.556168
51	28	40	-11.392296
52	28	41	-9.778816
53	28	41	1.772675
54	28	41	21.638981
55	28	40	21.883808
56	28	42	16.905174
57	28	38	12.978502
58	28	170	10.849462
59	28	450	5.590411
60	28	450	1.308533
61	28	112	1.638103
62	28	72	9.440895
63	28	116	18.112667
64	28	116	26.152456
65	28	116	23.400524
66	28	541	6.055538
67	28	476	-21.235037
68	28	18	-46.769054
69	28	18	-59.311157
70	28	18	-56.432533
71	28	18	-39.082214
72	28	18	-22.615223
73	28	323	-20.80267
74	28	72	-20.861128
75	28	72	-16.001989
76	28	138	-12.342237
77	28	293	-24.337168
78	28	382	-40.664417
79	28	289	-45.269661
80	28	72	-40.046703
81	28	72	-30.014063
82	28	541	-22.282061
83	28	540	-15.809728
84	28	66	-9.781726
85	28	293	1.248654
86	28	66	16.955664
87	28	693	34.646507
88	28	30	46.297543
89	28	510	52.583557
90	28	231	54.949944
91	28	935	52.916142
92	28	936	48.124161
93	28	858	40.980011
94	28	291	35.433788
95	28	858	40.511219
96	28	48	46.813454
97	28	49	46.107845
98	28	312	43.610786
99	28	477	40.611706
100	28	36	32.324062
101	28	26	28.982956
102	28	27	35.334412
103	28	36	55.264446
104	28	27	74.181725
105	28	16	82.392647
106	28	100	79.155945
107	28	937	71.959953
108	28	938	61.16209
109	28	95	53.582195
110	28	939	47.79155
111	28	940	40.629841
112	28	254	32.614063
113	28	941	24.809053
114	28	363	17.633345
115	28	763	11.638074
116	28	263	5.645861
117	28	942	-1.552655
118	28	943	-4.930676
119	28	898	-12.403205
120	28	867	-24.560829
121	28	817	-39.617397
122	28	794	-57.542454
123	28	16	-66.909889
124	28	392	-64.903183
125	28	373	-57.632164
126	28	15	-45.291531
127	28	90	-27.951117
128	28	98	0
0	29	98	0
1	29	925	0
2	29	944	0
3	29	945	2.437925
4	29	88	3.372307
5	29	146	1.407869
6	29	372	2.032749
7	29	946	12.972548
8	29	947	35.829071
9	29	948	65.728836
10	29	949	103.357307
11	29	145	135.044296
12	29	22	151.394577
13	29	11	179.22966
14	29	26	216.886734
15	29	950	208.067444
16	29	951	164.092819
17	29	952	126.176788
18	29	496	98.619263
19	29	561	54.467785
20	29	953	38.983227
21	29	954	35.315956
22	29	757	31.004875
23	29	33	23.318876
24	29	40	14.710314
25	29	97	8.523476
26	29	93	5.64793
27	29	41	3.785487
28	29	40	1.768564
29	29	34	0.064549
30	29	33	-2.288777
31	29	41	-6.94704
32	29	41	-14.207225
33	29	41	-23.121237
34	29	40	-28.08518
35	29	40	-31.934649
36	29	49	-35.369972
37	29	162	-33.658417
38	29	760	-21.554981
39	29	217	-3.833111
40	29	76	-0.886958
41	29	40	5.386905
42	29	40	1.548044
43	29	40	-11.385259
44	29	40	-27.817204
45	29	40	-44.281685
46	29	41	-59.414177
47	29	24	-64.40889
48	29	40	-62.857437
49	29	40	-56.026581
50	29	24	-44.944256
51	29	24	-38.192074
52	29	41	-29.151508
53	29	24	-11.711836
54	29	41	8.89891
55	29	40	17.202206
56	29	40	18.810495
57	29	82	24.246321
58	29	58	22.618256
59	29	955	14.254991
60	29	356	6.035071
61	29	72	0.501057
62	29	116	-1.521881
63	29	72	3.548795
64	29	116	18.219637
65	29	175	26.164047
66	29	542	13.781863
67	29	18	-21.513439
68	29	18	-44.735523
69	29	18	-59.139446
70	29	18	-58.998951
71	29	18	-47.167038
72	29	323	-32.632629
73	29	116	-32.051842
74	29	72	-33.394928
75	29	138	-26.348455
76	29	66	-23.480129
77	29	71	-35.494926
78	29	61	-46.776611
79	29	450	-48.378323
80	29	450	-40.215118
81	29	721	-27.221607
82	29	66	-20.853439
83	29	66	-20.238762
84	29	67	-15.685357
85	29	121	-4.55577
86	29	956	13.119571
87	29	760	33.10223
88	29	162	45.443874
89	29	858	50.523243
90	29	663	52.743694
91	29	827	52.444504
92	29	40	47.0401
93	29	34	38.247395
94	29	74	33.155994
95	29	217	35.586102
96	29	160	38.034409
97	29	268	39.915955
98	29	805	39.471569
99	29	90	37.00285
100	29	90	37.22591
101	29	16	43.537918
102	29	99	59.105068
103	29	90	77.265831
104	29	5	88.8153
105	29	14	89.532883
106	29	370	85.659325
107	29	957	80.96048
108	29	774	74.727127
109	29	98	65.598969
110	29	958	56.662991
111	29	750	46.39513
112	29	786	35.407845
113	29	959	25.04179
114	29	960	14.547241
115	29	95	4.501904
116	29	94	-8.561754
117	29	961	-15.837518
118	29	815	-20.390774
119	29	848	-29.285666
120	29	98	-38.477741
121	29	90	-47.083809
122	29	531	-56.582138
123	29	619	-61.840172
124	29	620	-61.439827
125	29	99	-57.151661
126	29	98	-47.365227
127	29	16	-27.409012
128	29	99	0
0	30	897	0
1	30	793	0
2	30	922	5.035645
3	30	962	12.955523
4	30	848	13.161673
5	30	91	7.055665
6	30	923	3.745529
7	30	867	11.231478
8	30	963	28.140194
9	30	964	52.340446
10	30	8	83.348526
11	30	9	113.569649
12	30	21	144.991501
13	30	22	187.256668
14	30	965	237.807053
15	30	142	213.192307
16	30	141	133.048386
17	30	480	83.548286
18	30	592	57.933331
19	30	593	41.728359
20	30	10	36.780434
21	30	966	32.691452
22	30	96	28.424606
23	30	93	21.113283
24	30	10	13.100417
25	30	11	8.048907
26	30	93	6.779671
27	30	97	5.443551
28	30	37	3.264693
29	30	466	0.694892
30	30	93	-4.303889
31	30	24	-12.318147
32	30	40	-20.621853
33	30	24	-25.65449
34	30	40	-25.261955
35	30	104	-28.357153
36	30	215	-33.286236
37	30	595	-34.698124
38	30	448	-28.300674
39	30	215	-17.279076
40	30	49	-13.003953
41	30	76	-7.467006
42	30	40	-27.311142
43	30	40	-34.16214
44	30	40	-47.72974
45	30	40	-57.838787
46	30	34	-62.19944
47	30	33	-60.381378
48	30	24	-61.612583
49	30	24	-59.740849
50	30	40	-57.860157
51	30	41	-51.977955
52	30	34	-40.360523
53	30	33	-23.447063
54	30	41	-8.184114
55	30	41	-1.891434
56	30	967	5.192838
57	30	116	15.226102
58	30	968	20.57061
59	30	967	15.692324
60	30	116	7.038495
61	30	72	0.196401
62	30	116	-4.217371
63	30	61	-4.588075
64	30	166	11.513489
65	30	30	25.29344
66	30	38	7.943643
67	30	38	-22.396521
68	30	38	-46.74789
69	30	862	-60.105457
70	30	59	-62.018917
71	30	60	-54.6847
72	30	117	-45.534496
73	30	378	-46.530544
74	30	349	-47.051357
75	30	66	-41.294765
76	30	71	-36.635948
77	30	127	-43.075775
78	30	223	-51.323315
79	30	476	-47.420704
80	30	692	-30.388697
81	30	412	-10.341903
82	30	565	-5.256728
83	30	969	-11.203751
84	30	448	-12.579024
85	30	75	-4.81802
86	30	50	10.334725
87	30	215	27.313162
88	30	133	37.150902
89	30	970	40.648075
90	30	359	41.947384
91	30	316	41.630196
92	30	317	40.913788
93	30	971	35.299171
94	30	380	31.661627
95	30	48	32.260517
96	30	595	34.754272
97	30	972	39.115223
98	30	22	47.144474
99	30	13	48.75457
100	30	5	51.506344
101	30	15	59.059895
102	30	16	79.474693
103	30	99	90.159065
104	30	98	95.138329
105	30	5	91.085648
106	30	327	86.247238
107	30	612	81.252228
108	30	209	74.071213
109	30	973	62.432884
110	30	974	55.036282
111	30	302	42.727131
112	30	547	26.974289
113	30	975	12.713886
114	30	976	3.60414
115	30	785	-5.47173
116	30	977	-17.824564
117	30	871	-21.520357
118	30	924	-24.089975
119	30	978	-28.988911
120	30	95	-32.387604
121	30	433	-34.570374
122	30	979	-35.172813
123	30	14	-38.011089
124	30	15	-48.803528
125	30	90	-53.685429
126	30	152	-46.157326
127	30	19	-26.366598
128	30	921	0
0	31	847	0
1	31	980	0.875666
2	31	981	11.669389
3	31	982	25.28467
4	31	372	25.280994
5	31	983	13.173544
6	31	848	5.126804
7	31	372	8.818522
8	31	141	20.567451
9	31	984	41.614773
10	31	11	72.555145
11	31	27	108.179619
12	31	340	139.68779
13	31	102	180.838745
14	31	985	220.924988
15	31	852	185.64566
16	31	985	108.951721
17	31	986	72.466225
18	31	155	49.048656
19	31	93	38.444481
20	31	714	33.277447
21	31	987	28.797976
22	31	11	23.823484
23	31	26	17.64518
24	31	12	9.777358
25	31	32	6.127135
26	31	374	5.610078
27	31	988	5.078342
28	31	12	4.121967
29	31	23	1.617275
30	31	34	-9.680468
31	31	33	-18.314451
32	31	24	-22.681061
33	31	40	-18.471659
34	31	216	-12.701947
35	31	161	-14.75602
36	31	162	-25.508251
37	31	163	-31.217972
38	31	245	-32.986774
39	31	468	-29.857269
40	31	161	-23.289894
41	31	217	-34.39275
42	31	76	-46.214947
43	31	40	-53.567703
44	31	40	-56.173313
45	31	43	-61.444824
46	31	44	-60.292164
47	31	33	-50.262859
48	31	40	-46.499527
49	31	24	-50.538132
50	31	34	-54.68288
51	31	102	-55.576385
52	31	39	-48.936939
53	31	41	-37.825939
54	31	41	-28.021009
55	31	967	-22.216059
56	31	72	-15.08167
57	31	968	-6.198328
58	31	885	3.516268
59	31	989	5.787206
60	31	116	0.542462
61	31	72	-3.194367
62	31	127	-4.903577
63	31	18	-6.302496
64	31	157	6.35376
65	31	40	19.257942
66	31	40	3.877945
67	31	40	-23.10001
68	31	990	-45.889072
69	31	721	-57.677341
70	31	191	-61.591747
71	31	349	-59.203995
72	31	421	-55.99287
73	31	478	-58.399464
74	31	293	-58.035362
75	31	191	-52.926834
76	31	570	-47.520527
77	31	991	-54.422146
78	31	508	-57.225292
79	31	63	-48.025658
80	31	537	-26.187799
81	31	74	-2.643631
82	31	162	0
83	31	163	-3.235634
84	31	350	-6.88073
85	31	51	-1.513271
86	31	992	8.872958
87	31	599	19.198519
88	31	541	22.091024
89	31	391	21.285212
90	31	118	22.98324
91	31	116	28.105816
92	31	137	34.276218
93	31	993	34.490623
94	31	41	34.725582
95	31	77	35.338066
96	31	994	39.530445
97	31	36	46.363747
98	31	12	54.164188
99	31	13	58.596626
100	31	98	61.382641
101	31	5	70.203308
102	31	15	82.721939
103	31	22	87.912231
104	31	13	89.187668
105	31	98	82.599487
106	31	295	79.21431
107	31	995	73.590538
108	31	556	60.630241
109	31	726	50.146229
110	31	526	46.898968
111	31	262	35.952194
112	31	888	10.858633
113	31	996	-4.1924
114	31	99	-7.62053
115	31	997	-11.943501
116	31	998	-13.555459
117	31	999	-8.739124
118	31	1000	-8.496035
119	31	150	-11.633102
120	31	490	-12.002894
121	31	423	-8.078626
122	31	98	3.275097
123	31	16	-0.300442
124	31	100	-32.661484
125	31	17	-47.243389
126	31	1001	-43.180943
127	31	1002	-25.847422
128	31	1003	0
0	32	1004	0
1	32	1005	1.255682
2	32	308	11.357215
3	32	433	24.812208
4	32	1006	27.401815
5	32	841	18.435911
6	32	1007	9.936992
7	32	1008	9.14382
8	32	96	16.883099
9	32	12	37.144741
10	32	25	66.457214
11	32	214	99.035805
12	32	154	123.835739
13	32	155	142.764954
14	32	93	164.863693
15	32	34	144.152466
16	32	45	99.436951
17	32	410	69.896255
18	32	23	47.5751
19	32	42	34.227974
20	32	466	29.534267
21	32	147	24.145258
22	32	99	18.959345
23	32	340	13.259512
24	32	45	6.257459
25	32	30	3.66431
26	32	1009	2.333439
27	32	9	-0.040275
28	32	24	-3.298122
29	32	43	-12.112889
30	32	157	-21.061785
31	32	40	-24.751955
32	32	40	-18.697895
33	32	40	-9.417467
34	32	216	-1.923156
35	32	48	-1.732824
36	32	104	-7.295504
37	32	345	-23.9844
38	32	859	-37.063004
39	32	160	-41.245743
40	32	270	-41.426136
41	32	48	-51.973057
42	32	97	-58.031372
43	32	93	-60.016724
44	32	43	-56.523823
45	32	30	-52.666393
46	32	39	-45.779369
47	32	40	-41.605587
48	32	40	-47.190792
49	32	42	-46.458481
50	32	39	-51.77948
51	32	34	-55.163559
52	32	159	-51.948151
53	32	33	-47.630924
54	32	885	-42.40213
55	32	504	-36.082657
56	32	574	-28.308157
57	32	34	-17.702513
58	32	416	-12.12171
59	32	72	-9.04551
60	32	72	-9.950128
61	32	127	-10.234322
62	32	18	-9.796562
63	32	157	-9.860855
64	32	40	-2.655595
65	32	40	9.145657
66	32	40	3.922004
67	32	82	-20.855484
68	32	318	-44.633888
69	32	136	-55.336849
70	32	382	-62.200775
71	32	508	-67.031349
72	32	318	-67.480774
73	32	136	-66.714294
74	32	421	-65.937408
75	32	478	-61.527149
76	32	191	-58.149628
77	32	118	-61.711472
78	32	175	-61.28931
79	32	542	-50.099953
80	32	47	-28.706102
81	32	48	-4.116018
82	32	216	0
83	32	1010	-0.433275
84	32	906	-2.415486
85	32	349	0.637708
86	32	191	7.030958
87	32	135	10.204961
88	32	1011	7.042782
89	32	1012	3.272959
90	32	989	8.681185
91	32	72	20.814854
92	32	968	31.296989
93	32	49	35.614182
94	32	1013	36.880653
95	32	602	40.802254
96	32	25	45.378799
97	32	23	50.275387
98	32	10	53.242664
99	32	13	53.70509
100	32	98	60.864769
101	32	98	69.725311
102	32	9	80.785553
103	32	21	81.121902
104	32	98	71.251572
105	32	407	67.053001
106	32	558	61.409492
107	32	559	59.234371
108	32	407	51.621078
109	32	728	43.599876
110	32	1014	36.816029
111	32	430	23.485977
112	32	369	0.475924
113	32	370	-14.33067
114	32	1015	-14.753828
115	32	1016	-9.244999
116	32	1017	2.556973
117	32	1018	14.487264
118	32	265	16.075918
119	32	5	15.023733
120	32	15	16.15099
121	32	90	21.099422
122	32	5	21.422356
123	32	1	9.693273
124	32	18	-22.167383
125	32	1019	-38.683723
126	32	1020	-36.717442
127	32	4	-23.861908
128	32	98	0
0	33	531	0
1	33	532	0
2	33	1021	5.15541
3	33	1008	12.432455
4	33	868	18.829641
5	33	1022	19.313139
6	33	924	15.293597
7	33	99	12.160528
8	33	340	15.059068
9	33	159	31.413372
10	33	155	55.370487
11	33	156	82.832726
12	33	15	96.069092
13	33	9	114.487907
14	33	43	135.586807
15	33	30	140.953918
16	33	466	114.541389
17	33	26	80.902626
18	33	1023	52.70747
19	33	1024	38.313797
20	33	1025	38.491467
21	33	15	42.985714
22	33	152	25.393948
23	33	30	7.925364
24	33	154	0.35865
25	33	266	-3.934418
26	33	36	-6.25591
27	33	26	-10.259628
28	33	37	-16.92627
29	33	39	-25.380039
30	33	97	-28.802334
31	33	26	-25.697439
32	33	93	-17.069599
33	33	49	-10.174977
34	33	217	-10.67417
35	33	50	-8.072455
36	33	105	-4.240576
37	33	270	-21.708881
38	33	48	-36.214706
39	33	34	-43.181896
40	33	155	-49.69286
41	33	12	-54.471745
42	33	23	-58.04657
43	33	42	-56.773502
44	33	39	-51.580116
45	33	41	-37.605335
46	33	40	-27.588655
47	33	24	-29.99737
48	33	40	-36.237518
49	33	40	-43.744167
50	33	43	-45.405201
51	33	85	-44.412415
52	33	669	-41.469326
53	33	883	-40.639862
54	33	133	-40.362282
55	33	883	-39.759792
56	33	42	-35.41547
57	33	170	-24.730289
58	33	112	-16.525726
59	33	116	-13.159989
60	33	137	-14.345861
61	33	84	-13.642549
62	33	44	-13.389949
63	33	442	-14.321157
64	33	741	-11.045349
65	33	159	-4.704951
66	33	416	-4.434465
67	33	72	-20.62673
68	33	138	-38.594704
69	33	71	-51.631039
70	33	116	-62.410751
71	33	72	-68.813835
72	33	113	-71.115891
73	33	508	-70.632591
74	33	318	-69.430954
75	33	136	-67.179115
76	33	71	-64.237984
77	33	781	-61.61787
78	33	38	-59.634914
79	33	39	-49.576954
80	33	40	-32.911613
81	33	133	-11.593649
82	33	576	-5.272425
83	33	382	-5.041207
84	33	136	-7.271043
85	33	293	-5.006591
86	33	71	-0.162385
87	33	72	2.152889
88	33	73	-2.949393
89	33	834	-7.864633
90	33	450	-0.879797
91	33	835	12.419803
92	33	806	24.150618
93	33	351	29.246218
94	33	127	32.1922
95	33	155	36.334332
96	33	26	40.70908
97	33	26	45.025574
98	33	27	46.527512
99	33	22	50.781479
100	33	13	58.387039
101	33	36	64.366142
102	33	12	69.181221
103	33	725	65.454506
104	33	937	64.517273
105	33	557	64.090546
106	33	209	57.722145
107	33	728	48.66214
108	33	262	42.696415
109	33	812	36.635464
110	33	399	28.304928
111	33	402	11.984933
112	33	5	-6.905725
113	33	1026	-12.641967
114	33	1027	-11.244126
115	33	527	0.158065
116	33	299	14.818186
117	33	1028	25.654202
118	33	145	29.130133
119	33	372	29.821472
120	33	479	38.059109
121	33	145	36.246254
122	33	152	32.467579
123	33	0	10.772044
124	33	1029	-18.97282
125	33	1030	-29.874594
126	33	4	-29.121124
127	33	372	-19.135536
128	33	1031	0
0	34	945	0
1	34	1032	0
2	34	873	0
3	34	1033	2.819031
4	34	841	9.959785
5	34	1034	14.610376
6	34	896	14.609039
7	34	5	11.928491
8	34	14	15.487494
9	34	15	29.886438
10	34	22	50.075336
11	34	725	69.022766
12	34	101	82.361259
13	34	1035	95.009674
14	34	1036	113.715645
15	34	1037	120.719505
16	34	1038	101.382912
17	34	1039	74.975586
18	34	1040	49.007404
19	34	559	45.867401
20	34	98	69.772415
21	34	826	85.212448
22	34	39	56.795971
23	34	42	3.136736
24	34	1009	-12.097843
25	34	22	-15.541943
26	34	13	-15.379632
27	34	9	-17.578451
28	34	41	-22.410315
29	34	10	-25.728235
30	34	25	-24.893797
31	34	11	-19.399126
32	34	1041	-11.570988
33	34	499	-13.260932
34	34	105	-17.490915
35	34	1042	-17.617035
36	34	93	-13.428957
37	34	97	-20.833298
38	34	156	-31.075878
39	34	15	-34.83469
40	34	36	-44.329388
41	34	26	-49.411697
42	34	93	-51.357082
43	34	40	-45.678326
44	34	40	-45.899204
45	34	24	-30.692678
46	34	40	-33.588802
47	34	40	-30.526091
48	34	40	-31.249983
49	34	42	-29.414522
50	34	356	-25.512533
51	34	116	-14.954717
52	34	968	-9.45393
53	34	967	-13.80783
54	34	968	-24.90884
55	34	34	-31.554871
56	34	45	-33.454914
57	34	323	-28.259026
58	34	116	-19.537252
59	34	72	-15.700791
60	34	127	-15.641853
61	34	18	-14.878264
62	34	445	-13.430603
63	34	542	-14.104927
64	34	18	-15.000505
65	34	571	-14.943172
66	34	348	-18.321655
67	34	135	-25.236034
68	34	182	-33.161289
69	34	118	-37.045506
70	34	72	-53.779022
71	34	72	-62.784607
72	34	116	-66.701111
73	34	72	-67.273407
74	34	138	-66.585197
75	34	191	-64.928871
76	34	1043	-60.962254
77	34	883	-54.981789
78	34	34	-50.318462
79	34	33	-45.466091
80	34	967	-36.911991
81	34	113	-28.842627
82	34	182	-21.402365
83	34	135	-16.277885
84	34	1011	-15.905829
85	34	289	-14.463384
86	34	116	-10.798369
87	34	127	-7.572527
88	34	18	-10.040345
89	34	30	-15.085588
90	34	38	-11.292157
91	34	1044	1.540806
92	34	1045	11.104878
93	34	169	16.827169
94	34	370	23.230137
95	34	99	27.99798
96	34	22	33.441254
97	34	13	42.014645
98	34	36	46.628078
99	34	12	52.122078
100	34	13	57.257599
101	34	36	58.660255
102	34	1046	51.42836
103	34	1047	51.150955
104	34	683	57.791847
105	34	627	59.323154
106	34	1048	54.645702
107	34	489	45.615871
108	34	90	36.669106
109	34	90	30.382301
110	34	90	23.311468
111	34	90	10.964938
112	34	405	-2.0017
113	34	1049	-5.440289
114	34	396	-3.592257
115	34	424	4.507163
116	34	1050	13.073775
117	34	142	22.028223
118	34	88	23.905716
119	34	1051	32.076427
120	34	146	40.957687
121	34	5	39.015095
122	34	1052	28.505608
123	34	728	4.332578
124	34	1053	-18.170109
125	34	1054	-25.139336
126	34	629	-23.603128
127	34	923	-15.818104
128	34	922	0
0	35	923	0
1	35	794	0
2	35	152	0
3	35	1055	0.241433
4	35	1056	3.534842
5	35	794	4.868814
6	35	90	4.799195
7	35	90	8.479796
8	35	98	14.486453
9	35	9	28.560511
10	35	213	50.043049
11	35	1	77.295364
12	35	1019	84.630508
13	35	1057	79.184662
14	35	1058	75.557503
15	35	1059	72.381531
16	35	1060	58.762199
17	35	522	46.130672
18	35	90	38.103924
19	35	22	44.918991
20	35	11	73.79071
21	35	93	84.416389
22	35	97	54.524742
23	35	12	-0.798731
24	35	23	-19.077192
25	35	10	-19.75518
26	35	23	-15.700191
27	35	24	-11.974864
28	35	41	-10.495445
29	35	41	-12.232086
30	35	10	-11.053228
31	35	1061	-7.37114
32	35	160	-3.485029
33	35	1042	-9.597201
34	35	12	-18.372211
35	35	32	-20.40547
36	35	374	-23.810272
37	35	99	-24.825108
38	35	98	-22.423397
39	35	90	-18.400797
40	35	22	-33.234272
41	35	23	-43.584621
42	35	97	-43.38422
43	35	93	-37.018555
44	35	34	-33.625595
45	35	159	-33.680046
46	35	33	-39.537659
47	35	41	-36.867317
48	35	41	-28.666962
49	35	967	-15.646842
50	35	357	1.570866
51	35	1062	21.358839
52	35	1063	30.311817
53	35	1064	15.540215
54	35	102	-0.296621
55	35	46	-11.329458
56	35	323	-20.733751
57	35	116	-23.18399
58	35	509	-21.319355
59	35	417	-18.723549
60	35	358	-16.5495
61	35	18	-12.482362
62	35	18	-6.919006
63	35	18	-7.864796
64	35	18	-11.883907
65	35	445	-16.119118
66	35	618	-19.775921
67	35	603	-22.334946
68	35	174	-23.219713
69	35	112	-22.495975
70	35	61	-38.186359
71	35	112	-53.77763
72	35	61	-57.860645
73	35	173	-57.483574
74	35	288	-56.201202
75	35	289	-54.799877
76	35	387	-52.779823
77	35	355	-45.474529
78	35	154	-40.16925
79	35	742	-41.094788
80	35	504	-39.634212
81	35	1065	-35.566574
82	35	71	-31.824787
83	35	116	-30.256662
84	35	116	-25.214518
85	35	116	-22.365166
86	35	137	-18.672995
87	35	58	-15.708228
88	35	993	-15.339331
89	35	24	-18.296045
90	35	77	-20.07959
91	35	832	-12.346997
92	35	40	-1.974898
93	35	152	7.538836
94	35	19	15.128283
95	35	988	23.380493
96	35	12	32.794682
97	35	13	40.575119
98	35	36	46.293354
99	35	27	50.955761
100	35	98	52.18187
101	35	826	47.064011
102	35	1066	43.757378
103	35	750	44.783066
104	35	527	48.981232
105	35	528	49.255444
106	35	589	47.22493
107	35	145	42.592106
108	35	1067	35.675446
109	35	1068	29.864634
110	35	145	21.889202
111	35	405	13.112501
112	35	1069	4.913634
113	35	1070	1.089565
114	35	1071	0.337643
115	35	1072	3.110837
116	35	197	6.346991
117	35	8	14.234878
118	35	98	21.095547
119	35	16	31.756838
120	35	99	36.774563
121	35	295	29.932322
122	35	526	11.658759
123	35	262	-6.16835
124	35	526	-18.564775
125	35	331	-21.655113
126	35	16	-19.845325
127	35	99	-13.609004
128	35	98	0
0	36	372	0
1	36	1073	0
2	36	560	0
3	36	516	0.142308
4	36	145	-2.005749
5	36	98	-9.149103
6	36	870	-9.204026
7	36	848	0.483997
8	36	9	12.094706
9	36	10	27.187366
10	36	966	53.930389
11	36	153	80.465691
12	36	46	77.898399
13	36	1074	65.222778
14	36	869	47.777962
15	36	605	42.955524
16	36	206	32.490452
17	36	22	24.332863
18	36	11	22.311373
19	36	27	28.305403
20	36	36	44.542664
21	36	12	51.796329
22	36	11	19.00326
23	36	93	-12.139052
24	36	40	-21.185148
25	36	40	-18.192604
26	36	24	-10.014896
27	36	40	-3.194078
28	36	41	0.069777
29	36	97	1.952489
30	36	1041	0.628069
31	36	48	-1.62408
32	36	10	-6.024079
33	36	23	-9.16584
34	36	213	-21.199217
35	36	14	-24.034307
36	36	15	-28.712158
37	36	22	-32.876045
38	36	13	-27.386805
39	36	36	-16.812046
40	36	93	-18.366667
41	36	10	-33.754189
42	36	23	-34.429653
43	36	43	-23.194469
44	36	18	-15.877899
45	36	44	-24.236958
46	36	33	-32.987644
47	36	40	-31.874489
48	36	885	-23.814491
49	36	574	-6.710676
50	36	885	11.358949
51	36	574	29.818171
52	36	42	31.667355
53	36	39	23.927931
54	36	42	21.370218
55	36	356	21.419733
56	36	116	5.218164
57	36	601	-10.316439
58	36	384	-15.653951
59	36	108	-14.480575
60	36	358	-9.697316
61	36	18	-0.489751
62	36	85	9.05098
63	36	84	7.190605
64	36	85	-3.504114
65	36	318	-7.423311
66	36	1075	-12.361235
67	36	69	-12.951303
68	36	115	-9.99007
69	36	127	-10.143821
70	36	571	-28.60956
71	36	166	-43.257229
72	36	18	-46.263371
73	36	323	-43.164955
74	36	357	-39.308163
75	36	504	-36.905449
76	36	1062	-41.961697
77	36	355	-40.396877
78	36	154	-34.041454
79	36	33	-34.322453
80	36	287	-32.343674
81	36	1076	-32.296822
82	36	504	-33.067989
83	36	989	-33.548904
84	36	116	-29.959898
85	36	357	-23.097403
86	36	504	-19.72123
87	36	574	-17.357235
88	36	34	-17.308584
89	36	468	-18.587729
90	36	545	-19.785536
91	36	159	-19.495485
92	36	1077	-13.294217
93	36	1078	-0.85385
94	36	15	13.982784
95	36	36	22.528143
96	36	147	28.66448
97	36	99	32.012684
98	36	98	38.316586
99	36	98	40.603989
100	36	340	47.740826
101	36	1079	45.700932
102	36	1080	40.711155
103	36	1081	45.042915
104	36	1082	40.172859
105	36	88	36.135132
106	36	146	34.460106
107	36	1083	36.409916
108	36	1084	38.050472
109	36	146	33.119949
110	36	785	22.748068
111	36	1085	14.392915
112	36	1086	6.254453
113	36	408	3.395634
114	36	197	2.287647
115	36	533	1.358114
116	36	423	7.064847
117	36	98	13.746893
118	36	826	20.450912
119	36	341	24.557787
120	36	99	22.737413
121	36	1087	13.028343
122	36	1088	0.895706
123	36	590	-8.576706
124	36	402	-13.731703
125	36	5	-16.214619
126	36	6	-15.537098
127	36	479	-10.377158
128	36	7	0
0	37	561	0
1	37	619	0
2	37	480	0
3	37	1089	0
4	37	847	-5.468561
5	37	871	-15.183683
6	37	1090	-15.514401
7	37	1091	-5.117989
8	37	1092	8.039076
9	37	21	22.482212
10	37	340	42.928509
11	37	45	70.207657
12	37	1019	63.945061
13	37	1020	40.311382
14	37	1093	25.467731
15	37	522	20.957018
16	37	9	17.52129
17	37	10	11.49387
18	37	13	6.980997
19	37	90	6.962137
20	37	340	11.007871
21	37	266	8.713784
22	37	340	-7.232953
23	37	159	-20.980957
24	37	155	-23.681646
25	37	26	-17.512251
26	37	26	-12.925354
27	37	93	-9.591805
28	37	10	-4.00455
29	37	11	-1.472544
30	37	26	-6.088151
31	37	93	-14.657044
32	37	40	-16.812057
33	37	10	-21.869772
34	37	25	-26.699394
35	37	13	-29.029486
36	37	9	-27.796965
37	37	10	-31.451088
38	37	25	-30.132992
39	37	23	-20.918095
40	37	40	-20.144848
41	37	40	-20.678232
42	37	42	-15.083349
43	37	46	-6.060042
44	37	18	-1.846254
45	37	157	-8.745396
46	37	40	-15.851336
47	37	24	-21.558664
48	37	41	-17.449671
49	37	133	-5.852508
50	37	316	3.865047
51	37	883	14.777476
52	37	49	21.154133
53	37	217	24.927101
54	37	1094	33.420029
55	37	116	41.409603
56	37	72	24.97957
57	37	290	5.402018
58	37	573	-3.676725
59	37	1095	1.591552
60	37	955	14.255692
61	37	356	25.967085
62	37	137	28.822325
63	37	184	20.833609
64	37	112	8.998689
65	37	113	3.205487
66	37	182	0.099912
67	37	118	-1.980743
68	37	127	-1.667169
69	37	18	-5.386933
70	37	18	-22.080669
71	37	18	-33.460339
72	37	571	-32.8209
73	37	807	-23.444954
74	37	133	-18.731058
75	37	1063	-23.916491
76	37	1064	-27.865665
77	37	45	-28.865505
78	37	44	-26.165817
79	37	102	-23.840519
80	37	881	-19.761198
81	37	316	-24.028883
82	37	134	-25.858807
83	37	118	-26.318787
84	37	387	-23.217781
85	37	316	-16.728666
86	37	316	-15.050858
87	37	317	-18.657991
88	37	993	-18.64426
89	37	43	-15.045588
90	37	30	-16.002979
91	37	39	-18.034338
92	37	10	-13.859938
93	37	25	-5.174234
94	37	13	8.272488
95	37	826	14.84444
96	37	341	20.718451
97	37	99	27.41893
98	37	16	30.439856
99	37	87	35.160984
100	37	1096	39.161301
101	37	1097	38.425732
102	37	1098	34.160698
103	37	1099	37.703484
104	37	146	32.340828
105	37	16	25.096537
106	37	99	22.65333
107	37	90	25.773151
108	37	98	29.899628
109	37	98	29.093077
110	37	785	19.350769
111	37	1100	10.526649
112	37	511	6.65066
113	37	1051	7.070059
114	37	89	5.341726
115	37	15	4.272622
116	37	90	10.545451
117	37	36	18.762056
118	37	156	16.490097
119	37	15	14.336089
120	37	152	10.643381
121	37	492	6.76901
122	37	146	1.597416
123	37	16	-3.590876
124	37	100	-5.067073
125	37	515	-5.262229
126	37	434	-7.754905
127	37	577	-4.044128
128	37	434	0
0	38	561	0
1	38	1101	0
2	38	1102	0
3	38	1103	0
4	38	1104	-6.426047
5	38	1105	-17.051188
6	38	1106	-17.564169
7	38	1107	-8.108479
8	38	12	4.231944
9	38	966	14.494385
10	38	1	23.491108
11	38	18	31.304804
12	38	1108	27.048517
13	38	1109	17.835138
14	38	98	9.415103
15	38	36	6.457329
16	38	93	7.285021
17	38	714	6.002483
18	38	987	-0.553269
19	38	214	-4.783578
20	38	31	-3.935995
21	38	214	-8.712169
22	38	38	-18.114044
23	38	341	-24.026949
24	38	987	-23.570257
25	38	25	-18.144184
26	38	23	-19.143848
27	38	97	-17.494602
28	38	27	-12.915598
29	38	16	-11.450998
30	38	988	-17.083015
31	38	93	-22.723192
32	38	40	-23.471674
33	38	40	-25.268484
34	38	10	-28.027832
35	38	23	-24.231842
36	38	97	-20.02931
37	38	93	-24.152918
38	38	97	-26.121584
39	38	93	-20.543873
40	38	41	-15.73514
41	38	40	-9.53396
42	38	42	-1.248954
43	38	38	4.96701
44	38	39	6.191109
45	38	24	4.800574
46	38	41	-0.845742
47	38	41	-8.673945
48	38	885	-7.225358
49	38	504	-5.46114
50	38	574	2.151281
51	38	216	11.038624
52	38	270	18.203756
53	38	218	27.774639
54	38	935	42.024021
55	38	935	53.649879
56	38	281	40.347816
57	38	386	22.6465
58	38	72	10.389502
59	38	968	16.90646
60	38	967	36.314846
61	38	72	46.566013
62	38	137	41.067844
63	38	184	27.629871
64	38	450	20.736025
65	38	569	16.48526
66	38	289	10.900606
67	38	137	5.769682
68	38	84	2.980618
69	38	18	-5.118244
70	38	30	-19.10796
71	38	862	-24.896185
72	38	669	-18.164145
73	38	1063	-6.609623
74	38	1062	-5.888961
75	38	355	-12.080336
76	38	38	-14.955611
77	38	46	-14.612166
78	38	157	-11.178704
79	38	967	-8.525353
80	38	72	-7.857838
81	38	113	-12.244218
82	38	114	-15.668205
83	38	450	-11.933009
84	38	112	-10.294632
85	38	116	-7.86601
86	38	116	-10.527127
87	38	387	-17.864206
88	38	355	-19.704882
89	38	154	-17.180582
90	38	97	-16.274944
91	38	93	-16.984331
92	38	97	-13.166574
93	38	12	-6.178921
94	38	11	1.925907
95	38	37	9.222754
96	38	1009	16.480156
97	38	5	25.012306
98	38	28	28.69805
99	38	13	29.978306
100	38	890	28.936689
101	38	1110	26.940119
102	38	1111	25.827948
103	38	392	28.720644
104	38	1073	25.95392
105	38	140	21.104805
106	38	143	16.238295
107	38	95	14.511507
108	38	90	14.559022
109	38	98	14.031176
110	38	5	10.259375
111	38	370	6.256456
112	38	99	9.581514
113	38	16	11.236331
114	38	99	9.918088
115	38	22	10.359173
116	38	13	15.240369
117	38	98	19.160345
118	38	90	16.736383
119	38	5	17.223318
120	38	370	18.66428
121	38	100	16.961067
122	38	712	10.885738
123	38	409	6.042628
124	38	560	6.722208
125	38	577	10.983187
126	38	577	4.567179
127	38	533	0.347616
128	38	1112	0
0	39	1113	0
1	39	1114	0
2	39	1115	0
3	39	1116	-0.441192
4	39	1117	-7.264534
5	39	1118	-18.390007
6	39	1119	-19.923172
7	39	1120	-9.667382
8	39	21	1.943714
9	39	5	7.673759
10	39	14	10.01722
11	39	1121	6.997067
12	39	1122	4.131763
13	39	878	2.252921
14	39	98	0.644253
15	39	340	0.084998
16	39	45	2.973789
17	39	157	5.616244
18	39	40	0.219946
19	39	97	-3.850035
20	39	26	-4.605256
21	39	158	-9.60407
22	39	102	-16.777763
23	39	466	-18.914083
24	39	158	-16.23485
25	39	33	-15.154123
26	39	21	-18.608801
27	39	98	-17.643639
28	39	152	-14.757924
29	39	4	-14.961015
30	39	36	-18.52774
31	39	26	-22.059881
32	39	26	-22.045685
33	39	26	-20.091213
34	39	26	-16.354954
35	39	12	-17.490875
36	39	11	-16.569014
37	39	147	-20.606667
38	39	20	-21.396221
39	39	40	-15.746346
40	39	97	-7.98713
41	39	93	2.131828
42	39	40	12.410095
43	39	40	14.199238
44	39	34	14.837294
45	39	33	21.561153
46	39	40	21.262661
47	39	41	10.492332
48	39	40	11.966334
49	39	49	13.268989
50	39	312	15.172276
51	39	33	19.28265
52	39	216	25.764299
53	39	499	35.604511
54	39	274	50.596657
55	39	275	61.86375
56	39	504	55.65683
57	39	989	41.488441
58	39	387	30.331303
59	39	381	30.102468
60	39	72	42.603218
61	39	61	53.025482
62	39	166	45.219074
63	39	18	39.434635
64	39	323	40.367378
65	39	117	37.371098
66	39	118	28.747656
67	39	137	19.320238
68	39	58	13.409752
69	39	415	-2.529705
70	39	416	-15.139646
71	39	357	-15.496313
72	39	574	-3.58941
73	39	967	2.890814
74	39	387	-0.677509
75	39	883	-4.026515
76	39	42	-5.788626
77	39	154	-4.550412
78	39	416	-1.032371
79	39	72	-0.035576
80	39	72	-1.778495
81	39	137	-5.530375
82	39	58	-5.396791
83	39	115	-1.942185
84	39	116	-2.916036
85	39	116	-12.211584
86	39	72	-19.01759
87	39	968	-20.774305
88	39	43	-18.025492
89	39	10	-15.383931
90	39	32	-16.387381
91	39	266	-14.806022
92	39	36	-8.539326
93	39	12	-2.676158
94	39	11	1.367471
95	39	12	8.599168
96	39	13	17.012424
97	39	36	23.9494
98	39	1123	25.850698
99	39	403	22.807537
100	39	1124	19.43976
101	39	404	20.43272
102	39	1125	24.723574
103	39	1126	27.554636
104	39	1127	25.716032
105	39	1128	20.439358
106	39	406	14.527378
107	39	90	8.479999
108	39	16	4.914048
109	39	99	3.724874
110	39	531	2.597992
111	39	532	5.677131
112	39	5	10.168401
113	39	28	14.028262
114	39	11	16.405294
115	39	12	18.28618
116	39	13	23.397148
117	39	16	26.000109
118	39	99	24.277475
119	39	531	33.496811
120	39	1129	40.468105
121	39	2	40.69281
122	39	561	31.865349
123	39	197	18.92
124	39	434	19.523415
125	39	248	16.705641
126	39	89	8.807603
127	39	790	2.081312
128	39	1130	0
0	40	1131	0
1	40	1132	0
2	40	98	0
3	40	1133	-0.817195
4	40	1134	-12.070464
5	40	1135	-22.505705
6	40	1136	-22.20956
7	40	1137	-9.465805
8	40	878	1.833587
9	40	1138	5.028538
10	40	1139	-0.719915
11	40	963	-8.140077
12	40	1140	-9.097269
13	40	90	-4.943839
14	40	152	-2.094728
15	40	0	1.604099
16	40	467	5.876761
17	40	34	7.648788
18	40	35	5.148796
19	40	13	0.075281
20	40	826	-2.622789
21	40	39	-3.060755
22	40	10	-7.770012
23	40	214	-6.427367
24	40	466	-1.3966
25	40	1141	-1.945955
26	40	206	-6.234937
27	40	1142	-7.136716
28	40	1143	-4.514787
29	40	90	-7.303837
30	40	16	-12.37667
31	40	99	-16.128187
32	40	90	-17.501448
33	40	90	-15.298039
34	40	340	-16.364082
35	40	374	-18.294291
36	40	87	-20.813595
37	40	467	-21.592554
38	40	97	-17.193232
39	40	12	-9.10015
40	40	23	0.533086
41	40	97	8.70276
42	40	93	17.870813
43	40	43	19.65699
44	40	44	21.669254
45	40	33	33.707329
46	40	40	35.41156
47	40	41	33.034973
48	40	216	32.741619
49	40	268	39.203144
50	40	859	36.952339
51	40	76	34.165363
52	40	1144	39.687126
53	40	310	52.20372
54	40	1145	63.305683
55	40	40	76.692436
56	40	990	73.045448
57	40	171	63.259689
58	40	989	54.039635
59	40	72	49.73867
60	40	137	53.058853
61	40	58	66.301956
62	40	58	70.062965
63	40	184	63.473663
64	40	569	61.809551
65	40	289	62.638573
66	40	116	54.318909
67	40	72	43.715244
68	40	127	29.223608
69	40	1146	9.502864
70	40	1062	-2.535179
71	40	883	1.7248
72	40	967	13.617008
73	40	72	9.618535
74	40	968	1.692686
75	40	24	0.191933
76	40	42	-0.903023
77	40	356	-0.589728
78	40	72	-0.021319
79	40	116	-0.057704
80	40	116	-0.045206
81	40	116	0.67394
82	40	72	7.135279
83	40	72	7.593537
84	40	72	1.608255
85	40	116	-12.365796
86	40	387	-23.009546
87	40	970	-21.826332
88	40	26	-14.27608
89	40	1046	-7.536502
90	40	4	-10.76381
91	40	16	-9.41074
92	40	1147	-4.553547
93	40	1148	-2.461493
94	40	11	2.291086
95	40	12	10.372757
96	40	25	17.589701
97	40	1149	22.665096
98	40	1150	23.815464
99	40	1151	20.638517
100	40	1124	17.506802
101	40	1124	18.731684
102	40	1124	23.934114
103	40	404	25.814865
104	40	1152	23.606651
105	40	1153	19.878345
106	40	95	14.338147
107	40	531	7.552102
108	40	532	1.669906
109	40	851	0.312859
110	40	1154	0.466393
111	40	13	4.178762
112	40	9	10.781985
113	40	21	19.701988
114	40	36	27.802828
115	40	27	30.492849
116	40	152	35.754814
117	40	19	40.887863
118	40	633	45.699856
119	40	328	54.204399
120	40	7	60.704166
121	40	533	61.755169
122	40	480	52.726074
123	40	434	35.925789
124	40	8	27.787781
125	40	98	19.44138
126	40	762	11.322754
127	40	1155	3.243621
128	40	1156	0
0	41	1157	0
1	41	90	0
2	41	1158	0
3	41	1159	-4.325163
4	41	1140	-20.176867
5	41	870	-31.744682
6	41	1160	-29.285578
7	41	1161	-9.267144
8	41	1162	-0.127661
9	41	1163	-2.857708
10	41	1164	-17.688162
11	41	878	-25.965483
12	41	90	-21.032772
13	41	1165	-11.857281
14	41	1109	-1.987039
15	41	340	3.187518
16	41	102	4.568614
17	41	466	4.337909
18	41	27	2.661132
19	41	9	-0.891052
20	41	34	-3.444575
21	41	33	-2.668739
22	41	40	2.064933
23	41	21	9.392509
24	41	304	15.280633
25	41	787	15.68578
26	41	1166	11.295344
27	41	522	8.866577
28	41	98	7.568982
29	41	5	5.271079
30	41	15	-1.377202
31	41	90	-10.090122
32	41	16	-16.119759
33	41	17	-20.055105
34	41	18	-21.764624
35	41	4	-22.128761
36	41	9	-19.989143
37	41	10	-16.361197
38	41	23	-9.949439
39	41	41	-1.428318
40	41	21	5.313533
41	41	36	11.32953
42	41	156	17.553682
43	41	1	21.300817
44	41	157	23.105751
45	41	40	34.792976
46	41	41	41.468922
47	41	34	41.44836
48	41	689	42.400394
49	41	380	51.159725
50	41	48	45.366867
51	41	885	44.1488
52	41	504	54.205986
53	41	574	65.46125
54	41	40	77.808777
55	41	42	88.630577
56	41	39	90.967506
57	41	885	84.580177
58	41	989	77.520805
59	41	116	72.393608
60	41	61	72.1045
61	41	112	84.816917
62	41	137	95.866074
63	41	115	82.861145
64	41	117	75.263039
65	41	1167	78.877831
66	41	989	80.786453
67	41	127	73.166832
68	41	157	51.228745
69	41	885	27.072134
70	41	1062	16.052683
71	41	381	19.080315
72	41	72	29.439547
73	41	387	18.527882
74	41	316	7.597428
75	41	1168	1.859747
76	41	416	0.686839
77	41	116	0.196969
78	41	116	0.064804
79	41	116	1.768791
80	41	72	8.297218
81	41	116	12.51543
82	41	116	19.84466
83	41	72	18.397999
84	41	116	8.596548
85	41	116	-4.850896
86	41	137	-16.806227
87	41	99	-19.442909
88	41	5	-9.160387
89	41	28	-1.548984
90	41	932	-2.747112
91	41	619	-1.381134
92	41	534	-1.963021
93	41	27	-4.738244
94	41	9	1.728112
95	41	40	10.086347
96	41	1169	16.864136
97	41	759	21.67798
98	41	1170	23.567507
99	41	1151	23.869274
100	41	1124	20.973944
101	41	1124	16.962135
102	41	1171	17.547241
103	41	1172	19.472248
104	41	1173	19.482695
105	41	1174	18.265659
106	41	633	14.700666
107	41	146	7.939741
108	41	9	2.187851
109	41	97	0.046471
110	41	12	0
111	41	32	1.647887
112	41	35	10.968541
113	41	13	23.784098
114	41	90	37.398102
115	41	5	48.975727
116	41	1	53.509949
117	41	4	53.877777
118	41	91	59.718102
119	41	92	67.710312
120	41	561	70.875999
121	41	197	69.371117
122	41	248	60.850903
123	41	146	43.062523
124	41	98	30.296101
125	41	785	23.556858
126	41	1175	15.750871
127	41	1135	5.709376
128	41	1117	0
0	42	848	0
1	42	90	0
2	42	90	-0.163125
3	42	98	-6.987901
4	42	897	-23.650322
5	42	794	-40.770821
6	42	1176	-36.88747
7	42	1177	-19.610136
8	42	1178	-9.005123
9	42	1179	-20.641493
10	42	1122	-35.688911
11	42	878	-38.660088
12	42	1176	-33.058922
13	42	1132	-21.346546
14	42	5	-12.036659
15	42	467	-4.08766
16	42	21	-0.892922
17	42	203	-0.048408
18	42	1180	-0.696947
19	42	1181	-2.354705
20	42	1182	-4.03423
21	42	159	-2.162437
22	42	1183	10.145242
23	42	1184	20.67449
24	42	1185	27.378473
25	42	522	26.445206
26	42	22	21.376459
27	42	13	18.022831
28	42	98	13.213909
29	42	16	7.157681
30	42	99	0.534482
31	42	152	-9.989912
32	42	18	-17.966213
33	42	18	-21.088139
34	42	19	-20.618965
35	42	20	-17.402315
36	42	1186	-13.100142
37	42	1187	-8.082946
38	42	1188	-2.888047
39	42	1189	2.533306
40	42	206	6.21593
41	42	22	8.406268
42	42	214	14.134581
43	42	154	18.892035
44	42	159	23.862879
45	42	33	30.938284
46	42	43	36.143494
47	42	18	39.49905
48	42	44	46.012871
49	42	159	48.632767
50	42	33	42.643723
51	42	40	43.704308
52	42	41	56.35981
53	42	41	70.680313
54	42	40	79.797867
55	42	40	91.225571
56	42	133	96.990677
57	42	381	95.877708
58	42	72	97.069122
59	42	137	91.238831
60	42	115	82.792351
61	42	116	95.944969
62	42	72	104.769905
63	42	113	97.414513
64	42	1190	95.514015
65	42	1063	100.51358
66	42	169	102.987938
67	42	881	99.326416
68	42	883	70.668701
69	42	885	47.485962
70	42	989	35.420109
71	42	116	38.850723
72	42	116	42.131252
73	42	116	31.016157
74	42	137	16.972536
75	42	115	8.199542
76	42	116	3.591434
77	42	72	3.623152
78	42	72	4.21785
79	42	357	8.847681
80	42	989	20.799267
81	42	357	28.932932
82	42	989	30.30538
83	42	357	30.192692
84	42	504	16.248438
85	42	989	2.083733
86	42	4	-10.211246
87	42	16	-15.494397
88	42	20	-5.455289
89	42	1191	0
90	42	491	0
91	42	19	-0.147555
92	42	987	-2.834223
93	42	11	-5.840311
94	42	93	0.085691
95	42	535	8.026351
96	42	1192	14.730029
97	42	197	19.518528
98	42	1193	22.343382
99	42	1194	24.53002
100	42	1124	20.178335
101	42	404	13.314543
102	42	1195	10.663151
103	42	515	13.619443
104	42	561	17.605701
105	42	1196	18.869896
106	42	13	15.613663
107	42	9	9.359441
108	42	21	2.777423
109	42	36	0
110	42	1046	0
111	42	103	1.012942
112	42	147	10.909966
113	42	99	25.992634
114	42	90	46.204037
115	42	826	60.142647
116	42	1009	64.629204
117	42	98	66.495934
118	42	490	66.041435
119	42	511	69.606117
120	42	634	69.467804
121	42	1197	62.102295
122	42	848	48.881912
123	42	1138	36.802017
124	42	878	29.738255
125	42	1176	26.676985
126	42	1132	19.549944
127	42	897	10.574911
128	42	794	0
0	43	98	0
1	43	98	0
2	43	98	-4.02425
3	43	90	-17.476748
4	43	98	-34.209373
5	43	897	-44.408478
6	43	1116	-43.157745
7	43	1159	-29.160589
8	43	1198	-21.066925
9	43	1199	-35.917049
10	43	1200	-46.402229
11	43	871	-48.253525
12	43	794	-42.984852
13	43	22	-32.424068
14	43	11	-22.332561
15	43	12	-12.757263
16	43	1201	-7.861856
17	43	1202	-5.166834
18	43	1203	-3.952042
19	43	1204	-3.616421
20	43	1205	-2.797899
21	43	1206	1.356892
22	43	1207	15.469264
23	43	1208	26.450699
24	43	1209	30.871717
25	43	11	29.979347
26	43	27	27.052898
27	43	98	20.930761
28	43	152	13.30864
29	43	4	2.291034
30	43	5	-4.839984
31	43	1	-10.288392
32	43	0	-14.924956
33	43	1	-15.415515
34	43	157	-12.915028
35	43	1210	-9.423364
36	43	1211	-5.730067
37	43	736	-2.513065
38	43	737	-0.341518
39	43	1212	1.442535
40	43	11	2.684458
41	43	93	6.515824
42	43	43	10.293561
43	43	18	15.843447
44	43	44	22.635096
45	43	102	30.204485
46	43	38	35.759396
47	43	38	40.37624
48	43	38	45.997166
49	43	39	44.981373
50	43	41	38.818039
51	43	41	43.658634
52	43	40	61.799496
53	43	41	79.589996
54	43	24	89.23497
55	43	967	95.377525
56	43	61	99.742706
57	43	450	101.419907
58	43	112	106.724045
59	43	116	99.570671
60	43	116	90.244095
61	43	72	106.27256
62	43	72	107.225639
63	43	357	102.467033
64	43	1062	114.127815
65	43	316	120.049759
66	43	1063	121.745041
67	43	574	110.270538
68	43	133	87.133087
69	43	381	63.852917
70	43	116	54.388947
71	43	61	52.956276
72	43	112	51.271381
73	43	72	38.672768
74	43	116	27.107738
75	43	72	15.416079
76	43	116	10.790521
77	43	116	9.122627
78	43	968	10.950273
79	43	967	20.00359
80	43	387	45.549034
81	43	1063	55.768536
82	43	574	43.16354
83	43	41	31.432981
84	43	990	23.398243
85	43	410	7.001382
86	43	214	-6.948529
87	43	39	-13.908935
88	43	43	-8.847088
89	43	18	-1.002497
90	43	30	0
91	43	39	-0.06065
92	43	10	-3.407961
93	43	23	-6.440633
94	43	1169	-2.22074
95	43	759	4.895156
96	43	294	10.937976
97	43	933	15.138876
98	43	1213	17.416111
99	43	1214	18.593031
100	43	1215	14.920956
101	43	1216	8.95522
102	43	619	7.51866
103	43	294	11.835701
104	43	534	18.718077
105	43	27	20.935772
106	43	9	16.469704
107	43	10	8.569349
108	43	13	1.688918
109	43	152	0
110	43	4	0
111	43	5	0.375822
112	43	15	7.671451
113	43	22	22.041971
114	43	11	41.127113
115	43	12	58.704781
116	43	13	69.447525
117	43	5	70.376015
118	43	15	67.191612
119	43	5	67.337616
120	43	817	64.146729
121	43	794	51.182072
122	43	1176	36.945946
123	43	1132	27.900227
124	43	897	26.909992
125	43	818	27.901197
126	43	847	22.466076
127	43	848	13.343317
128	43	90	0
0	44	98	0
1	44	98	0
2	44	90	-9.844387
3	44	98	-27.235298
4	44	90	-41.19698
5	44	90	-48.144218
6	44	98	-45.38995
7	44	1158	-35.496712
8	44	1217	-25.193083
9	44	872	-37.43874
10	44	873	-51.023373
11	44	98	-54.218483
12	44	36	-49.815521
13	44	12	-40.250328
14	44	1218	-31.93738
15	44	1219	-23.7358
16	44	1220	-17.156471
17	44	1221	-11.675757
18	44	1222	-7.888664
19	44	1223	-5.392968
20	44	1224	-2.294701
21	44	1225	4.433858
22	44	1226	17.152632
23	44	1227	27.301386
24	44	21	29.585054
25	44	22	26.971865
26	44	725	29.174412
27	44	87	18.761873
28	44	15	4.057199
29	44	16	-4.443184
30	44	17	-6.435506
31	44	410	-8.01756
32	44	214	-8.178313
33	44	39	-8.172102
34	44	1186	-5.831678
35	44	1228	-3.715997
36	44	1229	-1.760445
37	44	1230	-0.41736
38	44	1218	-0.000885
39	44	1231	0
40	44	23	2.095918
41	44	43	5.668623
42	44	0	12.368488
43	44	153	17.390232
44	44	39	26.099642
45	44	24	33.29723
46	44	41	38.111938
47	44	41	41.489666
48	44	40	44.920582
49	44	133	42.965275
50	44	883	37.56448
51	44	41	46.213013
52	44	40	66.289841
53	44	133	99.474014
54	44	1063	107.4328
55	44	886	104.65831
56	44	58	104.90284
57	44	1232	112.567528
58	44	989	112.1791
59	44	116	104.44352
60	44	72	122.088974
61	44	357	136.278015
62	44	574	125.967392
63	44	967	108.644379
64	44	116	115.224983
65	44	73	127.818161
66	44	33	124.514473
67	44	885	111.603836
68	44	504	96.067551
69	44	504	78.96727
70	44	1233	69.366028
71	44	1234	64.689125
72	44	72	55.446529
73	44	116	43.525169
74	44	509	34.377407
75	44	641	25.078526
76	44	72	22.140211
77	44	73	22.773693
78	44	477	30.062946
79	44	168	49.317265
80	44	574	88.76815
81	44	133	95.789925
82	44	883	66.242867
83	44	42	37.24543
84	44	467	23.959101
85	44	40	6.091998
86	44	40	-6.236811
87	44	42	-8.327188
88	44	1235	-2.78578
89	44	713	2.831298
90	44	33	0
91	44	40	-0.110358
92	44	535	-2.486569
93	44	662	-5.590196
94	44	1192	-3.619284
95	44	409	1.326002
96	44	560	5.931744
97	44	592	8.538533
98	44	986	10.433486
99	44	1236	11.467798
100	44	619	9.129436
101	44	491	5.556702
102	44	0	5.687103
103	44	15	11.121869
104	44	98	17.811365
105	44	36	19.791187
106	44	26	14.904285
107	44	27	4.339361
108	44	5	0.083749
109	44	370	0
110	44	99	0
111	44	98	0.662128
112	44	9	5.43589
113	44	21	15.862397
114	44	36	27.993328
115	44	27	43.654995
116	44	16	57.392879
117	44	99	61.921764
118	44	90	64.798889
119	44	90	62.447842
120	44	870	55.608253
121	44	871	41.593571
122	44	794	27.04546
123	44	98	21.85993
124	44	925	21.878656
125	44	1237	22.003891
126	44	1238	18.967514
127	44	1239	11.773757
128	44	1240	0
0	45	90	0
1	45	90	0
2	45	90	-7.072034
3	45	90	-22.184834
4	45	203	-38.932858
5	45	520	-46.336124
6	45	206	-45.201691
7	45	98	-37.108925
8	45	897	-25.95643
9	45	818	-30.41831
10	45	847	-49.528221
11	45	847	-56.101494
12	45	1241	-52.148472
13	45	1242	-45.130547
14	45	959	-40.530033
15	45	1243	-34.987679
16	45	1185	-28.047966
17	45	1212	-20.804033
18	45	25	-13.906075
19	45	1244	-8.781119
20	45	1245	-4.423209
21	45	1246	2.417046
22	45	1247	17.062363
23	45	1189	25.568815
24	45	1180	27.768604
25	45	156	25.167482
26	45	370	22.162064
27	45	100	8.14299
28	45	87	-4.222878
29	45	1	-7.328854
30	45	157	-6.527361
31	45	97	-4.950253
32	45	93	-4.571163
33	45	1210	-3.531934
34	45	1248	-1.961966
35	45	1227	-0.853209
36	45	40	-0.177263
37	45	1249	0.068562
38	45	1250	0.072035
39	45	159	0
40	45	45	2.086853
41	45	410	16.201696
42	45	23	30.817984
43	45	40	36.761566
44	45	24	38.595314
45	45	41	41.935417
46	45	40	44.608448
47	45	97	45.559093
48	45	1251	45.781124
49	45	1252	45.044334
50	45	24	39.872295
51	45	133	46.995483
52	45	1063	71.772179
53	45	1062	109.589996
54	45	1063	123.296822
55	45	504	114.55027
56	45	574	115.88604
57	45	885	121.250786
58	45	504	113.845657
59	45	504	107.163193
60	45	1062	135.271133
61	45	883	155.400604
62	45	885	138.277954
63	45	504	106.56575
64	45	169	105.251221
65	45	760	117.488991
66	45	695	108.916672
67	45	883	108.716377
68	45	133	102.90506
69	45	784	90.628792
70	45	1253	82.914726
71	45	450	75.27372
72	45	450	64.677895
73	45	110	53.60973
74	45	351	46.80624
75	45	72	39.768867
76	45	137	37.776852
77	45	234	41.548119
78	45	215	51.00238
79	45	133	71.561798
80	45	1063	102.270454
81	45	1064	109.417717
82	45	159	84.985237
83	45	9	51.394184
84	45	97	33.01606
85	45	93	8.661611
86	45	34	2.534606
87	45	758	7.126257
88	45	1254	15.316567
89	45	157	13.538966
90	45	535	2.072283
91	45	496	0
92	45	434	-1.140838
93	45	434	-2.910857
94	45	497	-2.229871
95	45	985	-0.378518
96	45	986	1.249933
97	45	102	3.701847
98	45	1255	5.795405
99	45	497	6.770016
100	45	1078	5.973547
101	45	370	4.23111
102	45	987	4.277383
103	45	725	8.374233
104	45	987	12.956758
105	45	725	14.136172
106	45	99	8.650549
107	45	98	0.107563
108	45	5	0
109	45	28	0
110	45	25	0.073813
111	45	11	1.471332
112	45	27	2.758409
113	45	16	9.663041
114	45	100	17.536417
115	45	87	25.860926
116	45	370	35.06757
117	45	99	44.868557
118	45	98	54.118111
119	45	925	57.32193
120	45	1256	57.274208
121	45	1240	45.006985
122	45	90	29.559851
123	45	925	18.914089
124	45	1257	15.630892
125	45	1258	14.572609
126	45	1259	12.150936
127	45	1260	6.666322
128	45	98	0
0	46	870	0
1	46	1261	0
2	46	520	-1.504448
3	46	1262	-10.41296
4	46	1263	-25.336578
5	46	787	-36.164078
6	46	206	-38.236778
7	46	870	-37.699432
8	46	871	-25.969221
9	46	793	-29.814192
10	46	793	-45.656776
11	46	1264	-52.116066
12	46	1265	-47.998871
13	46	1266	-43.164112
14	46	394	-42.028183
15	46	522	-39.649967
16	46	9	-37.174702
17	46	97	-31.941477
18	46	1267	-23.489044
19	46	1207	-15.8595
20	46	1268	-9.121237
21	46	1269	-0.870439
22	46	1263	14.821623
23	46	787	24.119244
24	46	206	22.915354
25	46	5	17.773438
26	46	1	9.025304
27	46	19	-2.176954
28	46	1077	-8.439875
29	46	39	-9.739924
30	46	21	-6.664293
31	46	9	-4.117663
32	46	40	-2.610165
33	46	34	-1.160602
34	46	33	-0.317752
35	46	40	0.254467
36	46	10	1.558269
37	46	214	2.258476
38	46	38	4.861904
39	46	38	6.119411
40	46	39	6.067201
41	46	97	30.629696
42	46	26	64.034424
43	46	93	67.835716
44	46	97	57.60334
45	46	93	55.418007
46	46	21	56.843716
47	46	22	57.122017
48	46	23	54.965816
49	46	41	60.002171
50	46	990	59.877396
51	46	807	56.407352
52	46	885	75.398651
53	46	574	111.986534
54	46	40	127.367874
55	46	40	120.152634
56	46	24	118.589912
57	46	133	118.26284
58	46	316	115.364159
59	46	1063	118.098701
60	46	574	135.913467
61	46	133	151.991684
62	46	883	134.935928
63	46	49	111.81649
64	46	160	111.644882
65	46	1270	101.841599
66	46	574	102.534386
67	46	342	113.215645
68	46	321	110.725098
69	46	345	103.376053
70	46	56	93.11071
71	46	56	79.252029
72	46	573	69.924408
73	46	386	68.137535
74	46	116	63.95726
75	46	72	58.483532
76	46	324	55.847378
77	46	75	58.066341
78	46	1271	65.116463
79	46	574	72.728065
80	46	42	85.781433
81	46	46	89.942123
82	46	9	83.987999
83	46	21	63.959644
84	46	36	40.747852
85	46	37	24.513361
86	46	39	22.096714
87	46	213	28.573103
88	46	467	27.641378
89	46	1191	19.359352
90	46	480	6.422411
91	46	434	3.311015
92	46	592	-1.403626
93	46	593	-4.608381
94	46	40	-3.861227
95	46	42	-0.850493
96	46	39	0.028554
97	46	1191	1.166439
98	46	1272	3.269086
99	46	21	5.320251
100	46	5	6.171382
101	46	467	4.60939
102	46	43	3.429784
103	46	157	4.287632
104	46	42	6.478994
105	46	31	6.096219
106	46	25	1.659148
107	46	25	0.038432
108	46	23	0
109	46	40	0
110	46	21	0.137205
111	46	16	1.570924
112	46	87	4.243227
113	46	14	6.958331
114	46	15	8.947332
115	46	845	12.045451
116	46	896	17.708649
117	46	98	25.06181
118	46	925	34.597538
119	46	1273	48.195995
120	46	1274	55.744038
121	46	1275	49.663158
122	46	1276	36.391472
123	46	1277	19.742163
124	46	1278	10.940265
125	46	1279	8.820994
126	46	1280	5.238197
127	46	870	0.622143
128	46	871	0
0	47	1281	0
1	47	1282	-0.008939
2	47	1283	-0.940249
3	47	1220	-4.836471
4	47	1185	-12.127661
5	47	522	-24.661976
6	47	1284	-32.560932
7	47	1285	-34.552525
8	47	90	-33.177391
9	47	1286	-38.216045
10	47	1287	-44.16618
11	47	1288	-43.798237
12	47	12	-36.134045
13	47	13	-30.820845
14	47	1289	-29.889246
15	47	1290	-37.013729
16	47	1291	-43.731133
17	47	11	-42.814453
18	47	1292	-35.982151
19	47	1293	-25.672188
20	47	1294	-13.999042
21	47	1295	-4.159045
22	47	736	9.763066
23	47	1296	18.795515
24	47	13	19.014906
25	47	5	11.182993
26	47	1	1.323378
27	47	44	-4.165577
28	47	155	-5.769031
29	47	12	-5.065979
30	47	23	-3.654317
31	47	40	-1.548666
32	47	43	-0.71351
33	47	44	-0.197797
34	47	33	0.219111
35	47	97	2.917736
36	47	93	8.121
37	47	97	14.786726
38	47	93	20.856943
39	47	97	27.940985
40	47	27	42.084736
41	47	16	56.64222
42	47	20	86.335411
43	47	21	93.746895
44	47	36	74.002258
45	47	12	72.637909
46	47	23	75.747894
47	47	24	77.493065
48	47	40	79.180687
49	47	43	95.071991
50	47	44	100.455276
51	47	33	89.69017
52	47	133	90.036186
53	47	316	125.451897
54	47	1168	141.289322
55	47	33	131.184784
56	47	885	116.35199
57	47	504	110.326942
58	47	1062	116.555748
59	47	883	130.979507
60	47	885	135.682632
61	47	1062	130.197784
62	47	309	123.514977
63	47	1145	132.744812
64	47	40	126.178413
65	47	49	108.188545
66	47	160	103.409729
67	47	270	122.416351
68	47	499	130.077362
69	47	274	116.815208
70	47	274	91.560898
71	47	351	78.838364
72	47	116	80.795296
73	47	72	83.678459
74	47	509	80.9076
75	47	281	77.102463
76	47	52	74.699821
77	47	245	74.283714
78	47	33	74.505951
79	47	34	71.975502
80	47	102	67.831146
81	47	36	73.541603
82	47	12	80.189812
83	47	13	69.513176
84	47	9	47.392216
85	47	97	32.224705
86	47	12	30.696362
87	47	436	32.098461
88	47	1192	28.515545
89	47	619	21.372374
90	47	480	14.025467
91	47	495	10.784515
92	47	437	0.92128
93	47	40	-7.322225
94	47	40	-6.916649
95	47	40	-2.582688
96	47	43	0.001804
97	47	1297	0.054042
98	47	1298	1.503142
99	47	145	4.113394
100	47	340	6.285404
101	47	102	6.056558
102	47	466	4.085496
103	47	93	2.299647
104	47	34	1.641634
105	47	155	0.861334
106	47	26	0.224201
107	47	93	0
108	47	34	0.724506
109	47	266	1.050744
110	47	5	0.695331
111	47	15	0.891925
112	47	98	3.712455
113	47	870	6.690123
114	47	871	8.217508
115	47	794	5.967838
116	47	90	7.639215
117	47	897	11.685248
118	47	1299	24.573721
119	47	1300	38.770153
120	47	1301	49.88052
121	47	1302	52.554764
122	47	1303	40.810883
123	47	1304	23.384584
124	47	1305	12.253003
125	47	1306	7.090069
126	47	1307	4.203808
127	47	1308	1.347285
128	47	206	0
0	48	1309	0
1	48	1310	-0.005172
2	48	1185	-0.323359
3	48	522	-1.702584
4	48	1311	-4.066847
5	48	1312	-8.032144
6	48	1313	-23.761608
7	48	848	-33.955853
8	48	1314	-42.615498
9	48	1315	-43.318317
10	48	1316	-41.140186
11	48	1317	-30.968851
12	48	1318	-14.265487
13	48	1319	-11.518498
14	48	1258	-15.126921
15	48	1320	-30.389179
16	48	1321	-47.288776
17	48	1322	-48.924431
18	48	1323	-40.882572
19	48	1221	-28.804947
20	48	1324	-15.479994
21	48	1325	-5.071264
22	48	1326	4.524899
23	48	714	13.622288
24	48	100	15.393833
25	48	17	8.971509
26	48	18	0.869335
27	48	4	1.811002
28	48	9	5.255832
29	48	40	7.579125
30	48	40	4.896226
31	48	42	-0.175808
32	48	46	-0.060497
33	48	44	-0.004579
34	48	35	0.831915
35	48	11	6.596971
36	48	27	17.668373
37	48	36	32.292305
38	48	27	50.16943
39	48	22	68.506065
40	48	214	82.157028
41	48	466	96.330307
42	48	147	114.319237
43	48	99	108.573105
44	48	9	95.269791
45	48	97	92.968803
46	48	93	103.549393
47	48	133	107.161545
48	48	355	109.095802
49	48	38	119.802551
50	48	39	124.389389
51	48	885	107.022614
52	48	504	110.397606
53	48	169	140.801224
54	48	39	153.087967
55	48	133	134.169205
56	48	316	116.585579
57	48	1063	114.281525
58	48	574	123.207787
59	48	34	139.504791
60	48	416	140.361908
61	48	116	134.66626
62	48	968	142.266312
63	48	24	161.008698
64	48	1144	160.142456
65	48	1145	132.262085
66	48	49	114.78508
67	48	50	138.131027
68	48	105	142.036728
69	48	270	123.272537
70	48	218	94.422272
71	48	935	87.041847
72	48	641	92.229843
73	48	1327	96.481689
74	48	218	95.434074
75	48	321	92.887642
76	48	451	90.254944
77	48	154	89.452545
78	48	102	83.276802
79	48	154	73.437927
80	48	22	68.814377
81	48	11	75.499359
82	48	27	77.111343
83	48	9	65.540253
84	48	10	49.810017
85	48	23	45.334797
86	48	1328	37.912537
87	48	533	31.284405
88	48	1329	26.643099
89	48	1255	22.0557
90	48	592	23.438906
91	48	464	19.334551
92	48	437	7.473731
93	48	40	-2.488522
94	48	34	-4.967309
95	48	1236	-1.849973
96	48	197	0.047495
97	48	592	0.000011
98	48	1330	0.724035
99	48	17	2.822348
100	48	44	5.162424
101	48	35	5.829015
102	48	23	5.483823
103	48	42	3.700728
104	48	31	1.916944
105	48	13	1.142479
106	48	9	0.338702
107	48	42	1.076544
108	48	341	2.189962
109	48	987	3.577405
110	48	13	3.290315
111	48	22	1.585862
112	48	1331	1.640109
113	48	794	4.121377
114	48	870	5.124344
115	48	1332	5.428535
116	48	1333	4.73649
117	48	1334	5.127297
118	48	1335	12.790451
119	48	1336	27.511421
120	48	872	41.611637
121	48	1337	46.41069
122	48	1338	36.92453
123	48	1339	24.531651
124	48	1340	14.732915
125	48	1341	11.789854
126	48	1342	7.198178
127	48	1343	2.455769
128	48	899	0
0	49	1344	0
1	49	522	0
2	49	1138	-0.038975
3	49	1345	-0.246042
4	49	1346	-1.245884
5	49	1347	-5.283112
6	49	1348	-17.338507
7	49	1349	-36.526398
8	49	1350	-46.05574
9	49	1351	-44.916485
10	49	1352	-37.474129
11	49	1353	-19.422731
12	49	1354	-2.505484
13	49	1355	-2.087447
14	49	737	-9.729034
15	49	1356	-29.389839
16	49	1357	-45.797157
17	49	1220	-46.226906
18	49	736	-37.274914
19	49	1358	-24.695103
20	49	1359	-12.044462
21	49	1180	-3.320684
22	49	156	3.976451
23	49	14	12.736941
24	49	14	15.034498
25	49	1	9.079131
26	49	19	4.629217
27	49	20	9.40663
28	49	40	16.391438
29	49	40	18.25543
30	49	34	7.956568
31	49	375	0
32	49	14	-0.000019
33	49	467	0
34	49	21	0.538229
35	49	22	9.491012
36	49	13	27.015955
37	49	16	52.636372
38	49	988	88.463409
39	49	26	117.408234
40	49	27	124.215904
41	49	152	130.659851
42	49	4	131.197403
43	49	9	133.782776
44	49	21	125.955055
45	49	36	124.503212
46	49	1360	137.034912
47	49	968	145.935608
48	49	40	131.679428
49	49	41	124.281189
50	49	24	120.684166
51	49	40	115.483757
52	49	24	124.558014
53	49	40	146.380951
54	49	885	147.738052
55	49	504	133.750061
56	49	574	122.569557
57	49	133	128.912018
58	49	970	137.286194
59	49	1146	147.771149
60	49	504	152.336411
61	49	1062	160.642319
62	49	316	177.332886
63	49	1063	191.192703
64	49	574	187.761612
65	49	216	163.333542
66	49	499	148.289963
67	49	75	161.699783
68	49	217	156.271774
69	49	50	135.895432
70	49	105	107.133957
71	49	1270	98.624718
72	49	574	100.998505
73	49	1144	105.629974
74	49	810	107.660179
75	49	48	105.571358
76	49	42	102.138863
77	49	39	95.596123
78	49	42	86.235992
79	49	20	76.791893
80	49	10	75.225563
81	49	25	83.211685
82	49	32	83.616119
83	49	155	70.147697
84	49	158	65.97641
85	49	1361	70.35009
86	49	561	53.735569
87	49	779	40.753696
88	49	496	33.737164
89	49	495	30.932745
90	49	463	31.989462
91	49	464	29.661762
92	49	662	20.089972
93	49	1192	9.356326
94	49	197	3.918579
95	49	533	2.295877
96	49	804	1.018344
97	49	45	0.088585
98	49	30	0.048871
99	49	38	1.068552
100	49	154	2.53714
101	49	155	4.599018
102	49	93	5.927373
103	49	40	5.2287
104	49	10	3.473212
105	49	23	-1.614885
106	49	40	-4.101972
107	49	43	-2.413475
108	49	44	0.929955
109	49	266	3.438864
110	49	36	3.716837
111	49	27	3.152864
112	49	98	1.528566
113	49	1307	1.287819
114	49	1362	2.19849
115	49	1363	3.481113
116	49	1364	4.799022
117	49	1365	6.476024
118	49	1366	9.773331
119	49	1367	20.527857
120	49	1368	31.3641
121	49	1348	36.05471
122	49	1369	29.859816
123	49	1370	18.082664
124	49	1371	9.901011
125	49	1372	10.578501
126	49	1373	7.889383
127	49	1022	2.936584
128	49	794	0
0	50	1138	0
1	50	1374	0
2	50	1132	0
3	50	203	-0.024232
4	50	1262	-0.562904
5	50	1375	-3.927592
6	50	1376	-12.627485
7	50	1377	-27.776463
8	50	1378	-41.183582
9	50	1379	-42.812752
10	50	1380	-33.704006
11	50	1309	-20.011435
12	50	1059	-11.034593
13	50	559	-6.457861
14	50	939	-5.243206
15	50	1381	-26.574438
16	50	1382	-40.327709
17	50	1383	-37.666992
18	50	1384	-26.0889
19	50	736	-14.11623
20	50	1385	-3.526018
21	50	206	7.322412
22	50	16	12.416109
23	50	99	17.295404
24	50	5	17.774971
25	50	14	9.399022
26	50	435	4.865133
27	50	155	9.254012
28	50	158	13.723096
29	50	45	12.528551
30	50	19	4.209207
31	50	99	0
32	50	36	0
33	50	27	0.039767
34	50	36	1.611658
35	50	12	10.525241
36	50	966	35.913139
37	50	28	76.367599
38	50	13	122.473167
39	50	90	128.805206
40	50	5	132.288635
41	50	370	133.371124
42	50	988	133.414703
43	50	27	148.732697
44	50	22	153.826843
45	50	1386	137.422424
46	50	574	142.853699
47	50	40	159.922897
48	50	133	152.754776
49	50	316	131.568909
50	50	316	122.96228
51	50	883	129.590088
52	50	24	140.451416
53	50	41	145.07196
54	50	41	139.094437
55	50	24	131.111008
56	50	885	140.360611
57	50	1387	158.396667
58	50	157	178.262802
59	50	40	185.111252
60	50	885	183.728546
61	50	172	192.845688
62	50	807	197.77951
63	50	34	195.857605
64	50	1388	189.691925
65	50	1389	176.993469
66	50	663	173.27179
67	50	380	184.800781
68	50	270	177.196152
69	50	48	147.131378
70	50	133	115.728683
71	50	316	107.304291
72	50	381	107.187378
73	50	387	111.028854
74	50	883	113.481079
75	50	40	115.729332
76	50	41	108.735062
77	50	34	99.672478
78	50	96	90.456833
79	50	158	85.424507
80	50	159	91.220589
81	50	375	100.346436
82	50	15	97.129509
83	50	152	83.850494
84	50	560	84.31514
85	50	533	90.183937
86	50	480	71.397575
87	50	577	55.699959
88	50	533	46.223686
89	50	804	43.404518
90	50	758	47.618587
91	50	759	48.265476
92	50	480	39.291637
93	50	533	26.832516
94	50	604	18.33226
95	50	409	11.992015
96	50	18	5.530068
97	50	44	0.925179
98	50	159	0.000615
99	50	102	0
100	50	341	0.481395
101	50	20	2.603107
102	50	40	4.54056
103	50	40	5.201102
104	50	34	0.908892
105	50	159	-6.18758
106	50	45	-10.362418
107	50	0	-8.813934
108	50	370	-2.900122
109	50	100	1.029048
110	50	921	2.627359
111	50	1261	2.889212
112	50	1166	2.581988
113	50	1390	0.540163
114	50	1220	0.14282
115	50	1391	1.857244
116	50	1392	4.197017
117	50	1393	6.014184
118	50	1394	7.441556
119	50	1395	14.728943
120	50	1396	23.994144
121	50	1397	27.943705
122	50	1398	20.249132
123	50	1399	12.059427
124	50	1400	7.956541
125	50	1401	7.736964
126	50	794	7.350082
127	50	1138	2.139152
128	50	1402	0
0	51	1403	0
1	51	1157	0
2	51	259	0
3	51	1390	-0.001678
4	51	1404	-0.2008
5	51	818	-1.46844
6	51	1349	-5.383789
7	51	1405	-13.134517
8	51	1379	-27.758698
9	51	1406	-37.460281
10	51	1407	-38.120518
11	51	1408	-35.844555
12	51	1409	-31.919533
13	51	1410	-26.368366
14	51	1411	-19.24
15	51	1412	-25.716328
16	51	1413	-31.590349
17	51	1414	-21.581747
18	51	1415	-7.579299
19	51	1416	-2.809186
20	51	1280	5.123878
21	51	5	15.111503
22	51	15	20.583998
23	51	870	21.681219
24	51	848	17.750671
25	51	5	8.26077
26	51	15	2.773805
27	51	5	4.395951
28	51	1	5.451718
29	51	0	2.985027
30	51	15	0
31	51	90	0
32	51	98	0.002445
33	51	98	0.29722
34	51	36	4.272318
35	51	27	20.609167
36	51	36	56.749008
37	51	27	101.427597
38	51	16	112.156883
39	51	987	107.758713
40	51	214	114.431908
41	51	1009	130.322449
42	51	22	133.708038
43	51	23	146.815811
44	51	34	147.5961
45	51	33	124.819542
46	51	40	128.670197
47	51	885	152.956284
48	51	989	153.955948
49	51	72	144.518295
50	51	73	141.54686
51	51	33	146.04364
52	51	40	154.303757
53	51	40	160.698776
54	51	41	162.08075
55	51	24	165.111923
56	51	42	175.598648
57	51	154	195.53302
58	51	159	232.058502
59	51	33	239.170441
60	51	43	222.234238
61	51	157	205.903
62	51	43	201.64769
63	51	323	201.163864
64	51	387	188.926392
65	51	970	183.103897
66	51	157	185.973663
67	51	40	186.416321
68	51	133	174.082718
69	51	1063	146.61731
70	51	989	122.005608
71	51	116	112.193169
72	51	61	111.792664
73	51	835	115.086861
74	51	33	118.68602
75	51	41	123.278687
76	51	42	116.156311
77	51	16	107.383301
78	51	87	100.95565
79	51	14	100.168976
80	51	370	109.056129
81	51	99	122.295547
82	51	531	122.215843
83	51	197	118.338829
84	51	561	115.327271
85	51	953	100.866341
86	51	759	87.394341
87	51	491	75.888313
88	51	30	63.150772
89	51	154	59.757568
90	51	1236	64.928093
91	51	197	72.073143
92	51	561	64.692665
93	51	197	50.050442
94	51	3	35.660782
95	51	18	25.065657
96	51	18	15.543598
97	51	18	7.082806
98	51	157	1.866615
99	51	42	0
100	51	39	0
101	51	40	0.860842
102	51	40	2.279298
103	51	42	2.469939
104	51	38	-1.552526
105	51	1078	-11.968641
106	51	28	-18.117134
107	51	966	-13.923756
108	51	14	-5.986898
109	51	817	-0.121041
110	51	1281	-0.470326
111	51	1417	-0.003318
112	51	1418	0.521107
113	51	959	0.137495
114	51	1419	0.208302
115	51	1420	0.996409
116	51	1060	2.434057
117	51	1421	4.07344
118	51	1422	5.752539
119	51	1395	11.981155
120	51	1396	16.555122
121	51	1423	19.270134
122	51	1408	16.475029
123	51	1203	12.024007
124	51	1424	8.578757
125	51	870	6.085709
126	51	1160	5.241961
127	51	1140	1.629766
128	51	1158	0
0	52	1140	0
1	52	1425	0
2	52	1426	0
3	52	1427	0
4	52	1307	-0.084214
5	52	1428	-0.965043
6	52	1429	-3.60683
7	52	1257	-10.45732
8	52	1430	-24.746883
9	52	1431	-35.754807
10	52	1432	-38.853714
11	52	1358	-39.548615
12	52	1220	-37.185627
13	52	1433	-32.524933
14	52	872	-25.686052
15	52	1434	-23.864773
16	52	1435	-21.286358
17	52	897	-11.69663
18	52	793	-1.425475
19	52	1436	-0.101656
20	52	1240	5.406857
21	52	870	12.160234
22	52	871	15.253154
23	52	818	14.918797
24	52	842	10.839149
25	52	921	5.222688
26	52	842	0.057432
27	52	1437	0.665667
28	52	896	0.574198
29	52	870	0.030808
30	52	848	0
31	52	22	0.000296
32	52	25	0.037402
33	52	13	0.857611
34	52	98	6.76431
35	52	22	26.789436
36	52	13	64.864433
37	52	152	91.353981
38	52	157	85.604019
39	52	40	78.556923
40	52	10	96.381828
41	52	1438	116.118385
42	52	1168	115.356514
43	52	1439	126.672768
44	52	993	125.25145
45	52	97	117.540077
46	52	93	123.895973
47	52	967	147.431702
48	52	357	152.613144
49	52	169	152.040787
50	52	154	151.95314
51	52	33	153.437988
52	52	41	162.415482
53	52	41	178.11322
54	52	34	191.586563
55	52	33	203.18576
56	52	42	209.468277
57	52	46	228.546906
58	52	359	256.632294
59	52	355	257.402496
60	52	39	230.922577
61	52	43	213.03891
62	52	323	212.852753
63	52	357	216.148041
64	52	169	201.997208
65	52	154	190.822708
66	52	159	182.180573
67	52	416	169.80098
68	52	387	153.220703
69	52	381	133.676086
70	52	116	117.7659
71	52	137	114.053154
72	52	58	115.897453
73	52	993	122.113968
74	52	40	131.839478
75	52	40	141.083649
76	52	373	132.883453
77	52	6	121.657501
78	52	145	119.610306
79	52	152	121.306595
80	52	140	128.891693
81	52	141	141.057144
82	52	480	142.983246
83	52	434	147.198303
84	52	495	140.902817
85	52	1440	125.042305
86	52	269	111.579109
87	52	760	90.177963
88	52	162	80.70018
89	52	778	77.696503
90	52	480	85.171974
91	52	434	89.826187
92	52	533	82.270485
93	52	1329	60.882698
94	52	38	42.841114
95	52	38	30.387671
96	52	1078	20.492496
97	52	96	12.766396
98	52	26	4.575096
99	52	26	0.190732
100	52	93	0
101	52	97	0
102	52	158	0.580269
103	52	33	1.220287
104	52	10	-5.636162
105	52	23	-16.40472
106	52	714	-20.470341
107	52	987	-13.366759
108	52	13	-3.734684
109	52	98	2.345761
110	52	1441	-0.301531
111	52	1442	-2.304113
112	52	1443	-0.742209
113	52	647	-0.005385
114	52	370	0.188165
115	52	99	-0.027811
116	52	1444	-0.368708
117	52	1445	0.23632
118	52	1446	2.416235
119	52	1282	9.856458
120	52	1396	15.04048
121	52	1447	17.438456
122	52	1221	16.220116
123	52	1448	13.199443
124	52	1449	10.07834
125	52	873	7.057255
126	52	90	3.766643
127	52	90	0.60533
128	52	90	0
0	53	1450	0
1	53	1451	0
2	53	1452	0
3	53	1453	-0.00027
4	53	1454	-0.087564
5	53	1455	-1.149937
6	53	1456	-4.848419
7	53	1457	-12.831038
8	53	1458	-25.123854
9	53	1459	-32.199162
10	53	1460	-32.574532
11	53	959	-33.360256
12	53	1461	-33.915009
13	53	1462	-29.732037
14	53	1463	-20.008114
15	53	1306	-16.221109
16	53	98	-14.10864
17	53	90	-10.991788
18	53	1464	-5.763484
19	53	1435	-0.301833
20	53	1033	1.019236
21	53	1465	4.14622
22	53	1284	3.870318
23	53	1466	2.49975
24	53	1467	3.107965
25	53	1468	1.222377
26	53	1469	0
27	53	873	0
28	53	897	0.734581
29	53	794	1.421616
30	53	9	0.366917
31	53	97	0.001065
32	53	27	0.070818
33	53	22	0.992862
34	53	23	5.733034
35	53	10	20.433332
36	53	966	47.63504
37	53	96	62.161076
38	53	26	56.22686
39	53	93	52.347961
40	53	967	70.467201
41	53	137	85.975136
42	53	115	83.841164
43	53	1470	90.859932
44	53	27	105.787292
45	53	9	125.721283
46	53	967	142.775879
47	53	968	156.035126
48	53	40	156.350494
49	53	43	159.763138
50	53	44	156.541138
51	53	33	155.597809
52	53	24	169.565292
53	53	82	192.046021
54	53	993	209.376205
55	53	24	218.913193
56	53	43	224.918045
57	53	323	234.131775
58	53	968	245.90358
59	53	24	236.341888
60	53	43	232.077545
61	53	571	229.596771
62	53	1471	245.287872
63	53	883	250.506424
64	53	42	235.929794
65	53	38	200.555084
66	53	860	168.947983
67	53	989	147.762115
68	53	116	132.482193
69	53	72	120.005928
70	53	116	109.707329
71	53	116	112.515358
72	53	968	117.190819
73	53	41	124.421677
74	53	41	135.067825
75	53	146	145.071625
76	53	433	149.231476
77	53	516	152.827255
78	53	1073	148.914749
79	53	560	145.778351
80	53	561	155.363739
81	53	197	160.496826
82	53	577	163.863663
83	53	592	160.658279
84	53	1472	163.540207
85	53	161	155.552887
86	53	50	131.733948
87	53	75	106.47686
88	53	221	96.060875
89	53	1473	99.220261
90	53	1474	95.198074
91	53	1475	85.315575
92	53	39	73.565704
93	53	49	60.939808
94	53	76	43.869019
95	53	10	27.2756
96	53	25	17.083401
97	53	13	9.950032
98	53	90	3.971718
99	53	340	0
100	53	266	-0.000785
101	53	5	0
102	53	467	-0.374515
103	53	34	-1.193792
104	53	155	-9.924153
105	53	1046	-19.888672
106	53	44	-20.681299
107	53	266	-10.821087
108	53	16	1.680378
109	53	1476	6.917784
110	53	1465	1.17736
111	53	5	-1.888508
112	53	15	-1.88687
113	53	845	-0.800209
114	53	896	-0.705445
115	53	16	-2.770531
116	53	1477	-6.432004
117	53	1478	-7.441758
118	53	1166	-3.54706
119	53	1339	3.991341
120	53	1479	10.958035
121	53	1395	11.987066
122	53	1040	13.752574
123	53	1480	13.669073
124	53	794	11.416957
125	53	870	7.917065
126	53	847	3.866641
127	53	1261	0.068444
128	53	206	0
0	54	203	0
1	54	1481	0
2	54	793	0
3	54	1482	0
4	54	1184	-0.098049
5	54	787	-0.995274
6	54	206	-4.137901
7	54	1483	-11.129499
8	54	1279	-21.593855
9	54	1412	-25.376638
10	54	1412	-22.836815
11	54	1336	-25.019928
12	54	1484	-28.821287
13	54	1485	-26.900133
14	54	1343	-18.225277
15	54	848	-11.574571
16	54	98	-12.066013
17	54	897	-17.147966
18	54	794	-18.281961
19	54	845	-10.36986
20	54	896	-1.466844
21	54	1464	0
22	54	1486	0
23	54	1487	0
24	54	1488	0
25	54	1489	0
26	54	1490	0
27	54	99	0.714375
28	54	22	3.633176
29	54	11	4.908404
30	54	27	3.045529
31	54	90	0.001129
32	54	36	0.049411
33	54	93	0.537311
34	54	97	2.655703
35	54	27	8.261004
36	54	22	20.587015
37	54	13	35.704857
38	54	1491	35.059074
39	54	347	38.057404
40	54	112	45.736668
41	54	1492	57.467705
42	54	1493	63.265759
43	54	25	78.124733
44	54	32	113.054993
45	54	416	145.48967
46	54	968	164.104294
47	54	40	170.135971
48	54	42	165.326416
49	54	38	160.689621
50	54	39	156.653748
51	54	41	161.374802
52	54	967	172.343292
53	54	968	186.643997
54	54	41	207.351944
55	54	42	225.184189
56	54	356	229.128799
57	54	387	231.084641
58	54	316	236.878052
59	54	317	241.989746
60	54	58	243.74794
61	54	1232	235.090118
62	54	574	243.19101
63	54	40	244.740982
64	54	40	234.52739
65	54	34	188.293991
66	54	742	154.847
67	54	504	128.606628
68	54	504	115.504379
69	54	989	107.201042
70	54	357	105.536346
71	54	574	108.306175
72	54	40	114.571289
73	54	34	123.279205
74	54	1494	133.919464
75	54	7	145.322266
76	54	533	149.114319
77	54	604	160.925705
78	54	197	172.121399
79	54	533	164.6371
80	54	480	168.994797
81	54	533	172.205399
82	54	804	170.700455
83	54	33	174.370102
84	54	216	174.202057
85	54	499	164.774643
86	54	105	148.515335
87	54	499	119.161819
88	54	215	108.310379
89	54	104	106.952187
90	54	75	97.562683
91	54	76	83.127029
92	54	216	75.313187
93	54	1042	71.946007
94	54	26	48.484455
95	54	93	26.868946
96	54	21	12.572568
97	54	22	5.173263
98	54	214	0.546424
99	54	31	0.109999
100	54	13	-0.25678
101	54	9	-2.276006
102	54	213	-5.337819
103	54	15	-10.702307
104	54	845	-18.121519
105	54	1495	-25.396442
106	54	1496	-23.669722
107	54	17	-13.057146
108	54	18	1.510561
109	54	4	9.21169
110	54	98	2.297453
111	54	90	-4.536832
112	54	925	-5.908692
113	54	1408	-4.565243
114	54	1497	-4.290632
115	54	1498	-6.747722
116	54	1499	-12.991799
117	54	1461	-17.690102
118	54	871	-10.462283
119	54	1500	-2.687783
120	54	1381	1.973543
121	54	711	2.424224
122	54	90	8.157361
123	54	870	10.316314
124	54	1118	9.241904
125	54	1501	7.007549
126	54	1502	4.5647
127	54	711	1.464531
128	54	259	0
0	55	522	0
1	55	98	0
2	55	1334	0
3	55	1263	-0.000187
4	55	736	-0.051443
5	55	1385	-0.481852
6	55	1503	-1.593029
7	55	1504	-5.243525
8	55	1505	-10.370235
9	55	793	-11.598834
10	55	818	-11.60975
11	55	1506	-18.33326
12	55	1507	-24.162663
13	55	1401	-24.46032
14	55	818	-19.617792
15	55	848	-11.407659
16	55	98	-12.163425
17	55	16	-21.326321
18	55	843	-26.089857
19	55	873	-21.162313
20	55	925	-12.580861
21	55	1508	-7.03529
22	55	1509	-2.236401
23	55	1510	0
24	55	1034	0.262916
25	55	874	2.886961
26	55	370	3.629773
27	55	988	2.983612
28	55	27	4.861213
29	55	90	7.416219
30	55	22	4.084694
31	55	13	0.596053
32	55	9	0.050551
33	55	10	0.368648
34	55	13	1.800564
35	55	36	5.815411
36	55	27	14.346094
37	55	1511	31.347321
38	55	62	43.700394
39	55	1232	47.27615
40	55	1512	47.879063
41	55	1513	52.385651
42	55	40	59.882118
43	55	42	88.777779
44	55	1514	131.119751
45	55	1252	165.587173
46	55	40	176.234314
47	55	40	170.650192
48	55	97	168.082932
49	55	93	161.596588
50	55	24	156.135101
51	55	885	155.44046
52	55	1064	158.923615
53	55	33	170.756973
54	55	24	204.021881
55	55	990	231.755264
56	55	450	238.863419
57	55	450	253.300613
58	55	112	253.925751
59	55	116	260.894348
60	55	968	269.952515
61	55	24	245.298676
62	55	40	230.268585
63	55	34	214.46553
64	55	45	198.178131
65	55	44	163.560226
66	55	159	134.944351
67	55	33	121.619614
68	55	885	113.940941
69	55	1062	107.302322
70	55	883	102.682991
71	55	41	104.926903
72	55	42	111.848488
73	55	1515	121.448784
74	55	294	134.018753
75	55	491	147.954193
76	55	560	154.202881
77	55	533	157.149612
78	55	644	164.738815
79	55	422	171.263443
80	55	604	167.693237
81	55	409	171.681961
82	55	44	183.13945
83	55	74	189.686935
84	55	160	189.303802
85	55	161	175.870255
86	55	50	157.082779
87	55	215	133.868378
88	55	104	122.673714
89	55	105	118.948349
90	55	161	109.927376
91	55	1516	93.976341
92	55	27	84.216148
93	55	22	78.217445
94	55	23	55.187492
95	55	21	31.899767
96	55	340	14.280087
97	55	33	5.903044
98	55	34	1.906664
99	55	35	0.417015
100	55	32	-1.428515
101	55	374	-6.394996
102	55	921	-12.956024
103	55	871	-20.226011
104	55	793	-27.144487
105	55	1517	-32.640408
106	55	874	-28.297487
107	55	1	-17.631968
108	55	19	-3.751279
109	55	99	4.558734
110	55	870	-1.155894
111	55	1276	-8.676017
112	55	1518	-12.095085
113	55	1519	-11.775491
114	55	1427	-10.690269
115	55	1309	-11.14557
116	55	1336	-15.610264
117	55	818	-19.106958
118	55	1261	-12.958148
119	55	1411	-9.176823
120	55	1280	-7.639504
121	55	1138	-6.611408
122	55	1520	-0.15995
123	55	1521	4.60966
124	55	1522	5.22785
125	55	1523	6.04902
126	55	1343	6.460807
127	55	1261	5.46944
128	55	1409	0
0	56	1524	0
1	56	1525	0
2	56	1526	0
3	56	1221	0
4	56	1527	-0.011061
5	56	1413	-0.093529
6	56	1528	-0.335498
7	56	1529	-1.833055
8	56	847	-4.597261
9	56	1462	-0.98279
10	56	1530	-0.751931
11	56	1531	-8.039308
12	56	1343	-13.975086
13	56	899	-15.919203
14	56	1337	-14.694901
15	56	848	-10.057546
16	56	1532	-8.671748
17	56	1533	-14.522049
18	56	1534	-20.865297
19	56	1535	-20.698528
20	56	1536	-19.93664
21	56	1537	-16.580046
22	56	1538	-9.657582
23	56	1368	-2.532556
24	56	1306	3.238806
25	56	152	10.475271
26	56	4	12.415634
27	56	90	6.560305
28	56	98	3.124774
29	56	36	4.047326
30	56	27	2.472797
31	56	36	0.157994
32	56	26	0.725661
33	56	27	2.082366
34	56	90	5.181754
35	56	22	10.052443
36	56	29	18.813152
37	56	1146	38.405621
38	56	574	64.41584
39	56	1539	78.376175
40	56	1540	81.999031
41	56	93	76.189362
42	56	97	78.502205
43	56	12	103.81884
44	56	23	139.962967
45	56	97	174.38501
46	56	93	186.797104
47	56	21	171.42865
48	56	9	167.878754
49	56	41	162.161972
50	56	24	157.632034
51	56	42	157.001251
52	56	39	154.648483
53	56	41	170.612381
54	56	42	201.727875
55	56	38	228.034775
56	56	46	250.632629
57	56	323	271.281891
58	56	1492	273.443756
59	56	1252	271.984772
60	56	24	282.364685
61	56	133	262.588684
62	56	970	234.997864
63	56	18	201.183228
64	56	18	180.208633
65	56	18	157.250153
66	56	44	137.728409
67	56	33	132.121277
68	56	885	120.329216
69	56	1062	112.852776
70	56	1168	108.259003
71	56	33	107.446373
72	56	1541	111.85125
73	56	18	119.179207
74	56	30	133.701996
75	56	778	149.529587
76	56	491	159.468338
77	56	19	157.199478
78	56	17	158.929749
79	56	560	164.337677
80	56	561	168.171768
81	56	409	175.840866
82	56	278	189.911377
83	56	325	196.96962
84	56	468	191.634094
85	56	499	174.823563
86	56	75	164.224594
87	56	50	148.108871
88	56	245	139.185944
89	56	806	136.958618
90	56	1542	129.470718
91	56	98	110.661079
92	56	9	91.881409
93	56	97	75.443878
94	56	12	57.479939
95	56	214	40.354599
96	56	39	25.105135
97	56	43	15.653232
98	56	44	6.600429
99	56	102	1.83239
100	56	38	-2.033741
101	56	1543	-8.219441
102	56	1544	-17.100142
103	56	847	-26.437195
104	56	871	-33.759613
105	56	924	-36.664108
106	56	17	-32.472164
107	56	1001	-21.834824
108	56	1496	-9.518027
109	56	843	-1.275602
110	56	1502	-3.642665
111	56	1283	-10.941314
112	56	1545	-17.089859
113	56	1546	-18.750193
114	56	897	-17.924252
115	56	794	-16.387268
116	56	1307	-16.032726
117	56	1447	-13.992357
118	56	1433	-12.188929
119	56	794	-12.006001
120	56	1547	-13.26166
121	56	1548	-13.155125
122	56	1549	-5.933762
123	56	1550	-1.189924
124	56	1551	2.30391
125	56	1552	6.447606
126	56	1553	9.42495
127	56	1554	9.028022
128	56	1555	0
0	57	1556	0
1	57	1557	0
2	57	1558	-0.009918
3	57	1559	-0.106029
4	57	1434	-0.254043
5	57	1560	-0.204359
6	57	871	-0.527354
7	57	1561	-1.57229
8	57	1562	-5.390272
9	57	1371	-4.156925
10	57	1563	-1.497434
11	57	1564	-0.63594
12	57	1103	-3.077826
13	57	1565	-9.410957
14	57	1566	-10.192294
15	57	1567	-7.055158
16	57	1568	-8.159126
17	57	1569	-11.053639
18	57	1570	-15.478785
19	57	1571	-19.404373
20	57	1572	-21.206707
21	57	1573	-22.048147
22	57	1412	-15.688368
23	57	1343	-5.619184
24	57	816	5.562903
25	57	519	11.00063
26	57	206	13.916679
27	57	22	10.020965
28	57	13	0.540774
29	57	98	0.557709
30	57	22	0.326089
31	57	25	1.908538
32	57	13	4.80541
33	57	22	8.470144
34	57	23	13.414611
35	57	213	19.697784
36	57	467	27.20953
37	57	97	42.555962
38	57	12	68.166138
39	57	1574	103.734772
40	57	1575	116.514877
41	57	21	103.477737
42	57	9	103.060783
43	57	40	116.980934
44	57	10	142.183334
45	57	11	172.659637
46	57	27	187.086548
47	57	9	177.01004
48	57	41	166.596527
49	57	40	158.617462
50	57	34	154.343094
51	57	155	153.108032
52	57	158	154.505966
53	57	33	160.163727
54	57	97	175.136734
55	57	37	208.231293
56	57	1514	246.367889
57	57	1493	283.406311
58	57	23	286.406219
59	57	34	290.265045
60	57	1576	279.061432
61	57	1577	246.603271
62	57	1	220.052094
63	57	18	197.109451
64	57	18	181.878525
65	57	85	165.374908
66	57	993	148.959518
67	57	34	140.695068
68	57	742	129.096237
69	57	169	120.426903
70	57	39	112.98188
71	57	451	111.635422
72	57	46	113.839043
73	57	157	112.846489
74	57	43	130.26712
75	57	18	152.479309
76	57	18	164.963074
77	57	18	165.088333
78	57	635	167.898865
79	57	1578	171.54599
80	57	1579	170.242325
81	57	56	178.0737
82	57	358	191.576309
83	57	780	191.018326
84	57	50	182.731598
85	57	353	178.357559
86	57	267	171.312485
87	57	449	154.604706
88	57	220	142.59256
89	57	1580	141.922897
90	57	1581	134.012634
91	57	1582	119.294243
92	57	35	98.424767
93	57	23	77.12394
94	57	40	62.583771
95	57	40	52.961094
96	57	43	43.495392
97	57	18	29.315685
98	57	157	13.176189
99	57	97	3.595369
100	57	93	-1.201566
101	57	1583	-7.213291
102	57	1584	-15.334971
103	57	794	-24.010958
104	57	5	-33.265778
105	57	1	-37.003922
106	57	1019	-33.159229
107	57	1585	-23.922346
108	57	1586	-12.129234
109	57	1302	-2.786691
110	57	1310	-1.933979
111	57	1433	-9.161074
112	57	818	-17.354465
113	57	847	-22.020922
114	57	847	-23.35051
115	57	1338	-22.420444
116	57	394	-20.096485
117	57	522	-15.325781
118	57	90	-12.636789
119	57	1309	-14.421622
120	57	1587	-16.603094
121	57	1588	-14.884871
122	57	1589	-8.499595
123	57	1447	-3.557199
124	57	1590	1.788171
125	57	1591	8.411457
126	57	1300	13.328418
127	57	1260	12.086791
128	57	304	0
0	58	1592	0
1	58	1593	0
2	58	1594	-0.114466
3	58	1595	-0.719645
4	58	1596	-1.810785
5	58	1597	-3.034029
6	58	1598	-4.848272
7	58	1599	-9.025747
8	58	1600	-13.466695
9	58	1601	-15.883264
10	58	1602	-14.400328
11	58	1602	-8.229647
12	58	1602	-2.753417
13	58	1603	-10.233708
14	58	1372	-10.932017
15	58	1508	-9.818692
16	58	1604	-17.504274
17	58	1605	-23.517792
18	58	1606	-24.066936
19	58	1607	-22.693577
20	58	1423	-24.306309
21	58	1608	-22.797922
22	58	1368	-15.344256
23	58	1308	-3.242844
24	58	1184	8.836907
25	58	787	12.832794
26	58	1180	14.09184
27	58	27	11.369864
28	58	98	4.422525
29	58	36	0.264193
30	58	93	2.289824
31	58	21	6.942985
32	58	1609	12.999766
33	58	1610	19.155624
34	58	1611	26.094973
35	58	11	34.494106
36	58	12	44.312138
37	58	1612	54.189983
38	58	1265	76.048248
39	58	1227	113.665451
40	58	714	130.929626
41	58	20	124.700874
42	58	97	123.560715
43	58	26	135.977753
44	58	27	158.65361
45	58	90	176.141251
46	58	36	185.163574
47	58	93	167.211777
48	58	40	162.359451
49	58	42	154.652542
50	58	31	153.744003
51	58	29	155.580811
52	58	157	154.84726
53	58	21	157.765091
54	58	9	168.150467
55	58	10	196.254211
56	58	32	257.083099
57	58	33	283.553192
58	58	213	300.011658
59	58	15	292.206238
60	58	90	262.802856
61	58	5	225.207047
62	58	1	216.378708
63	58	18	203.381882
64	58	571	189.853989
65	58	835	173.934723
66	58	45	156.029633
67	58	157	120
68	58	40	120
69	58	41	123
70	58	48	123
71	58	42	123
72	58	154	123
73	58	102	117.627228
74	58	46	124.124985
75	58	18	148.45166
76	58	18	168.949005
77	58	18	177.045074
78	58	220	183.107925
79	58	267	187.471985
80	58	353	185.656525
81	58	345	191.329407
82	58	244	199.852524
83	58	350	197.07428
84	58	350	190.746033
85	58	350	190.198257
86	58	345	182.357132
87	58	244	167.961243
88	58	215	152.759827
89	58	104	142.137466
90	58	345	134.627472
91	58	832	124.412697
92	58	40	106.586792
93	58	40	85.056908
94	58	40	69.76136
95	58	43	70.428391
96	58	30	63.094074
97	58	154	41.427654
98	58	374	17.336462
99	58	20	4.291336
100	58	97	0.325054
101	58	12	-3.718261
102	58	13	-10.405493
103	58	90	-19.29665
104	58	5	-27.651596
105	58	1613	-34.062069
106	58	1614	-33.266022
107	58	1615	-25.683462
108	58	1373	-13.022845
109	58	1302	-1.599271
110	58	1343	3.017849
111	58	871	-2.34798
112	58	793	-12.015637
113	58	872	-20.123766
114	58	873	-25.258005
115	58	90	-28.051594
116	58	870	-28.386885
117	58	848	-24.390358
118	58	1307	-19.235748
119	58	1616	-16.381496
120	58	1617	-16.604994
121	58	1618	-12.991582
122	58	1602	-5.480756
123	58	1602	-0.939241
124	58	1619	4.818358
125	58	1620	10.989928
126	58	787	15.76368
127	58	1184	13.922713
128	58	1383	0
0	59	1384	0
1	59	1621	0
2	59	1622	-0.270812
3	59	1623	-1.773425
4	59	1624	-4.641605
5	59	1625	-8.780188
6	59	1625	-14.544354
7	59	1625	-22.286068
8	59	1626	-29.521872
9	59	1602	-34.264938
10	59	1602	-35.558983
11	59	1602	-26.106531
12	59	1627	-17.846319
13	59	1628	-18.732466
14	59	1629	-19.225946
15	59	1630	-27.565554
16	59	1631	-42.226597
17	59	1630	-44.400196
18	59	1632	-39.434162
19	59	1615	-31.627363
20	59	1302	-25.182667
21	59	1412	-19.904602
22	59	1310	-10.320018
23	59	736	2.265567
24	59	1633	11.556377
25	59	1634	15.816117
26	59	90	16.344246
27	59	1289	15.368076
28	59	1635	11.206764
29	59	988	4.757813
30	59	12	6.777668
31	59	1636	16.310631
32	59	1637	25.90452
33	59	1638	34.63131
34	59	1231	42.863552
35	59	23	55.057384
36	59	1639	69.608292
37	59	1640	76.927391
38	59	40	89.513313
39	59	42	117.622215
40	59	39	137.538223
41	59	21	136.937637
42	59	90	139.306534
43	59	90	154.479218
44	59	90	175.77977
45	59	22	181.897339
46	59	11	186.029037
47	59	26	175.914017
48	59	26	169.423004
49	59	26	164.645691
50	59	37	162.726791
51	59	466	166.757309
52	59	27	166.469574
53	59	340	167.683411
54	59	33	169.562286
55	59	42	172.890594
56	59	39	254.066864
57	59	10	284.143402
58	59	25	294.021423
59	59	25	296.291626
60	59	25	256.24527
61	59	966	232.380524
62	59	1	226.204361
63	59	30	223.231781
64	59	46	221.81929
65	59	30	220.556442
66	59	154	220
67	59	33	220
68	59	34	220
69	59	76	220
70	59	34	220
71	59	910	220
72	59	1641	123
73	59	1046	119.78627
74	59	18	120.265587
75	59	18	149.955994
76	59	18	171.284775
77	59	220	187.60466
78	59	353	196.883652
79	59	267	201.893265
80	59	350	201.659515
81	59	267	206.486603
82	59	350	219.877747
83	59	105	218.436005
84	59	270	206.072342
85	59	499	194.363388
86	59	105	180.741287
87	59	161	170.805664
88	59	50	159.924332
89	59	105	147.51413
90	59	48	137.010803
91	59	49	131.665619
92	59	76	117.950348
93	59	49	90.62915
94	59	1642	69.812363
95	59	44	60.899055
96	59	45	53.918159
97	59	1001	36.814732
98	59	1643	14.707345
99	59	27	3.917491
100	59	36	2.342006
101	59	1644	0.522981
102	59	847	-4.60182
103	59	847	-12.85613
104	59	899	-25.317032
105	59	1022	-35.557301
106	59	872	-37.281635
107	59	1608	-31.48896
108	59	1401	-19.416153
109	59	793	-4.07126
110	59	818	6.337466
111	59	847	4.614733
112	59	871	-3.917563
113	59	794	-15.733905
114	59	870	-24.655598
115	59	1276	-30.743868
116	59	1645	-33.63744
117	59	1418	-32.094971
118	59	1185	-25.261066
119	59	1488	-19.56848
120	59	1646	-14.212638
121	59	1647	-6.65037
122	59	1647	1.214847
123	59	1648	3.415654
124	59	1649	7.689043
125	59	1650	12.008847
126	59	1243	14.358386
127	59	1221	11.245389
128	59	1651	0
0	60	1652	0
1	60	1653	0
2	60	1647	-0.297947
3	60	1647	-2.591793
4	60	1647	-7.599526
5	60	1647	-15.359363
6	60	1648	-26.017412
7	60	1648	-38.205486
8	60	1648	-48.057621
9	60	1648	-54.325294
10	60	1654	-55.882252
11	60	1655	-50.107414
12	60	1656	-38.49258
13	60	1372	-36.998997
14	60	1657	-44.241177
15	60	1658	-55.868755
16	60	1659	-60.74049
17	60	1660	-60.477161
18	60	1661	-52.407761
19	60	1608	-34.20517
20	60	1423	-19.459761
21	60	1302	-12.328583
22	60	1662	-0.985224
23	60	1663	7.93631
24	60	1664	14.0212
25	60	203	14.142024
26	60	1459	18.166969
27	60	1665	21.098602
28	60	1666	17.931952
29	60	20	10.790746
30	60	1210	15.293028
31	60	1667	28.552565
32	60	1668	41.052341
33	60	1227	52.376404
34	60	40	61.760975
35	60	97	73.756538
36	60	26	94.379059
37	60	93	103.585945
38	60	97	105.730186
39	60	26	120.81028
40	60	12	139.633957
41	60	13	143.252563
42	60	22	149.828629
43	60	13	168.77298
44	60	36	182.905731
45	60	27	190.116776
46	60	90	203.344757
47	60	98	205.081848
48	60	98	211.445389
49	60	36	183.825363
50	60	147	171.444809
51	60	99	169.766312
52	60	5	223.780029
53	60	467	223.780029
54	60	40	223.780029
55	60	40	223.743576
56	60	41	224.697983
57	60	34	264.130737
58	60	33	262.176575
59	60	24	247.174789
60	60	714	221.416611
61	60	1077	220
62	60	39	220
63	60	43	220
64	60	44	220
65	60	45	220
66	60	157	220
67	60	42	220
68	60	215	220
69	60	42	220
70	60	163	220
71	60	1580	220
72	60	966	123
73	60	645	126.769707
74	60	739	142.58873
75	60	1669	168.232758
76	60	858	190.591248
77	60	499	203.257614
78	60	105	211.53302
79	60	270	215.003876
80	60	499	212.969223
81	60	105	223.108917
82	60	161	243.876038
83	60	76	241.405991
84	60	216	209.788589
85	60	161	182.93718
86	60	50	168.409592
87	60	353	160.77269
88	60	215	159.133926
89	60	49	149.134964
90	60	50	138.338699
91	60	75	131.447388
92	60	50	113.856659
93	60	345	85.104767
94	60	269	60.103645
95	60	1078	44.781551
96	60	817	35.289631
97	60	794	23.583412
98	60	98	11.63778
99	60	870	5.924163
100	60	871	5.090829
101	60	872	4.541547
102	60	1022	-1.069968
103	60	872	-11.083793
104	60	1337	-26.425039
105	60	899	-40.464722
106	60	1344	-45.112358
107	60	522	-40.733295
108	60	1425	-29.540257
109	60	1670	-13.565207
110	60	1022	0.314966
111	60	794	2.728389
112	60	203	-3.60243
113	60	1671	-13.583724
114	60	1523	-22.701242
115	60	1672	-28.429243
116	60	1673	-31.353643
117	60	1674	-31.055195
118	60	1675	-27.327772
119	60	1676	-20.011574
120	60	1677	-9.078592
121	60	1647	-1.145613
122	60	1648	5.490338
123	60	1648	6.033367
124	60	1649	9.018826
125	60	1678	11.552491
126	60	1678	11.549838
127	60	1679	5.569313
128	60	1647	0
0	61	1647	0
1	61	1647	-0.001236
2	61	1647	-0.201985
3	61	1647	-2.49895
4	61	1647	-9.265455
5	61	1648	-20.631634
6	61	1647	-35.816788
7	61	1648	-51.306339
8	61	1647	-63.824238
9	61	1680	-68.613205
10	61	1681	-69.938141
11	61	1682	-65.897911
12	61	1683	-59.958984
13	61	1684	-58.223583
14	61	1685	-63.475945
15	61	1537	-69.285637
16	61	1686	-70.536591
17	61	1687	-68.434387
18	61	1688	-58.753143
19	61	1689	-35.650646
20	61	1690	-15.450566
21	61	1423	-3.656472
22	61	1408	3.508509
23	61	520	10.716818
24	61	1166	12.336101
25	61	394	8.616246
26	61	394	12.921708
27	61	1691	19.253988
28	61	44	18.629728
29	61	33	16.39748
30	61	40	23.908527
31	61	40	37.392456
32	61	40	51.157551
33	61	40	64.052704
34	61	10	73.894958
35	61	13	85.717308
36	61	9	104.296829
37	61	21	124.851326
38	61	22	124.816154
39	61	11	127.848335
40	61	27	137.34996
41	61	9	149.462433
42	61	10	161.388885
43	61	13	181.833328
44	61	22	191.090088
45	61	13	206.307373
46	61	1138	225.169052
47	61	878	245.467133
48	61	90	247.502243
49	61	5	226.941742
50	61	15	188.519043
51	61	22	175.032608
52	61	32	225.396362
53	61	155	223.780029
54	61	158	223.780029
55	61	33	220
56	61	42	220
57	61	154	220
58	61	33	223.382828
59	61	42	220
60	61	154	220
61	61	155	220
62	61	37	220
63	61	38	220
64	61	38	220
65	61	154	220
66	61	159	220
67	61	215	220
68	61	41	220
69	61	104	220
70	61	215	220
71	61	10	220
72	61	965	120.660896
73	61	480	137.671219
74	61	825	172.887161
75	61	33	196.597107
76	61	216	215.179169
77	61	545	223.936798
78	61	74	224.129745
79	61	160	225.297058
80	61	48	225.223984
81	61	104	235.387024
82	61	75	254.112991
83	61	217	249.061264
84	61	50	206.990051
85	61	350	165.999283
86	61	274	139.505081
87	61	75	137.783051
88	61	50	139.619705
89	61	105	133.69194
90	61	499	125.204193
91	61	274	116.777061
92	61	105	102.605888
93	61	161	79.746857
94	61	1692	56.36425
95	61	90	38.584423
96	61	98	27.684391
97	61	870	19.900707
98	61	871	13.576184
99	61	794	9.558955
100	61	925	6.880908
101	61	873	4.517506
102	61	925	-0.768777
103	61	1022	-11.819571
104	61	793	-29.521103
105	61	818	-45.779942
106	61	1693	-51.475571
107	61	1694	-49.243729
108	61	1695	-40.330299
109	61	1696	-25.317165
110	61	1510	-11.93215
111	61	1697	-6.615323
112	61	1698	-7.954948
113	61	1699	-13.769176
114	61	1373	-19.639767
115	61	1700	-21.296062
116	61	1572	-22.367357
117	61	1701	-24.029617
118	61	1702	-23.112862
119	61	1703	-16.198612
120	61	1677	-4.436723
121	61	1648	7.103164
122	61	1648	6.593729
123	61	1647	5.755603
124	61	1647	8.006465
125	61	1648	10.210202
126	61	1647	7.990691
127	61	1647	2.617419
128	61	1647	0
0	62	1648	0
1	62	1647	-0.003507
2	62	1648	-0.393727
3	62	1648	-2.582881
4	62	1647	-8.925184
5	62	1647	-22.233192
6	62	1648	-40.416122
7	62	1704	-58.755848
8	62	1705	-69.544327
9	62	1706	-71.930527
10	62	1707	-72.189774
11	62	1708	-72.157471
12	62	1709	-71.525803
13	62	1710	-71.427681
14	62	1711	-72.125565
15	62	1712	-72.466011
16	62	1713	-72.391571
17	62	1714	-70.879494
18	62	1715	-62.080429
19	62	1716	-40.765854
20	62	1551	-15.500956
21	62	1717	-2.631335
22	62	1718	3.886417
23	62	1719	11.549429
24	62	1720	12.641195
25	62	1721	5.232077
26	62	1077	5.954569
27	62	38	13.666869
28	62	154	14.178815
29	62	155	14.818376
30	62	93	23.569723
31	62	1247	35.042187
32	62	1722	49.684818
33	62	40	66.305824
34	62	21	77.79335
35	62	36	90.417648
36	62	27	108.423309
37	62	36	131.299377
38	62	12	138.802429
39	62	13	138.517563
40	62	36	147.48613
41	62	93	168.502594
42	62	21	184.886688
43	62	36	192.783752
44	62	1137	203.866516
45	62	1162	229.304581
46	62	1723	250.993042
47	62	90	263.864044
48	62	90	272.21286
49	62	16	257.437561
50	62	988	223.058823
51	62	156	212.383957
52	62	15	225.0103
53	62	826	220
54	62	466	220
55	62	26	220
56	62	37	220
57	62	39	220
58	62	24	220
59	62	213	220
60	62	28	220
61	62	23	220
62	62	97	220
63	62	93	220
64	62	42	220
65	62	46	220
66	62	215	220
67	62	49	220
68	62	160	220
69	62	545	220
70	62	33	220
71	62	42	220
72	62	778	189.073334
73	62	1329	194.967133
74	62	154	213.317261
75	62	74	225.430679
76	62	162	239.276917
77	62	858	240.374054
78	62	161	234.135132
79	62	76	242.805496
80	62	216	236.258499
81	62	270	234.396286
82	62	663	240.19516
83	62	448	231.283661
84	62	267	197.756012
85	62	267	161.31575
86	62	353	140.551178
87	62	105	124.142822
88	62	161	119.74202
89	62	50	112.028481
90	62	353	105.210663
91	62	75	100.095268
92	62	160	94.957932
93	62	1724	80.291847
94	62	1725	58.168877
95	62	1726	36.726852
96	62	871	24.445803
97	62	818	18.604679
98	62	847	14.931641
99	62	899	10.26536
100	62	1337	3.581192
101	62	871	-2.855816
102	62	794	-8.661581
103	62	870	-18.347897
104	62	899	-33.652962
105	62	1727	-46.453682
106	62	1460	-53.682083
107	62	1221	-53.828407
108	62	1728	-47.214722
109	62	1729	-35.284801
110	62	1502	-24.367594
111	62	1730	-16.917164
112	62	1731	-13.83355
113	62	1732	-14.705731
114	62	1501	-15.913369
115	62	1608	-11.329206
116	62	1733	-8.444124
117	62	1734	-13.786029
118	62	1245	-17.057913
119	62	1735	-9.218318
120	62	1736	2.104483
121	62	1647	10.605513
122	62	1648	6.269093
123	62	1647	4.10704
124	62	1648	6.213018
125	62	1648	8.07377
126	62	1647	4.890069
127	62	1648	1.410182
128	62	1648	0
0	63	1648	0
1	63	1648	-0.013634
2	63	1648	-0.369144
3	63	1648	-2.030928
4	63	1647	-6.282143
5	63	1648	-17.395769
6	63	1737	-39.508202
7	63	1738	-59.623741
8	63	1739	-70.930542
9	63	1740	-72.352814
10	63	1741	-72.454277
11	63	1742	-72.461189
12	63	1743	-72.466972
13	63	1744	-72.462143
14	63	1745	-72.45771
15	63	1746	-72.466972
16	63	1373	-72.454773
17	63	1373	-71.382889
18	63	1373	-64.131737
19	63	1747	-47.131367
20	63	1748	-22.980324
21	63	1556	-6.128801
22	63	1166	0.896832
23	63	1749	8.431146
24	63	1750	10.197292
25	63	96	1.854987
26	63	93	1.371398
27	63	43	8.44869
28	63	410	8.142533
29	63	1751	8.30365
30	63	1752	14.413528
31	63	1223	23.919508
32	63	26	38.165874
33	63	27	56.108589
34	63	90	74.866302
35	63	90	90.738556
36	63	90	109.393471
37	63	9	132.85881
38	63	21	143.802979
39	63	90	151.064621
40	63	36	167.385056
41	63	27	202.516403
42	63	98	219.992981
43	63	1158	208.827377
44	63	1159	216.716385
45	63	1161	250.900879
46	63	878	264.224426
47	63	98	266.758606
48	63	5	269.656494
49	63	370	273.272369
50	63	99	281.723358
51	63	90	284.05719
52	63	36	266.157135
53	63	12	220
54	63	25	220
55	63	23	220
56	63	41	220
57	63	97	220
58	63	27	220
59	63	36	220
60	63	26	220
61	63	12	220
62	63	11	220
63	63	158	220
64	63	45	220
65	63	161	220
66	63	50	220
67	63	75	220
68	63	162	220
69	63	39	220
70	63	40	220
71	63	43	230.089981
72	63	780	240.576004
73	63	162	248.007874
74	63	163	252.46817
75	63	75	246.119476
76	63	217	247.273666
77	63	50	246.56897
78	63	75	247.399673
79	63	217	252.356293
80	63	76	243.702179
81	63	42	232.322449
82	63	858	227.109604
83	63	1753	222.356689
84	63	1754	198.790237
85	63	1754	164.936951
86	63	1755	143.867447
87	63	50	124.122681
88	63	105	112.222206
89	63	499	102.360092
90	63	1756	89.122658
91	63	1757	88.016464
92	63	21	88.77491
93	63	1758	76.13414
94	63	1759	52.969322
95	63	794	29.644611
96	63	925	18.932457
97	63	1022	14.52718
98	63	872	9.813072
99	63	1022	1.91166
100	63	818	-8.222844
101	63	848	-16.175911
102	63	897	-20.763222
103	63	872	-26.604904
104	63	1502	-36.390026
105	63	1243	-46.123272
106	63	1760	-50.60516
107	63	1412	-53.159405
108	63	1551	-49.622391
109	63	1447	-41.971466
110	63	1761	-33.392193
111	63	1762	-25.70076
112	63	1521	-19.538242
113	63	1763	-15.929238
114	63	1531	-12.372553
115	63	1764	-3.580492
116	63	1553	0.395959
117	63	1558	-7.226161
118	63	1765	-10.611181
119	63	1766	-4.91454
120	63	1648	4.80039
121	63	1648	7.709229
122	63	1648	5.225851
123	63	1647	4.504365
124	63	1647	6.287811
125	63	1648	7.323262
126	63	1647	3.361878
127	63	1648	0.365404
128	63	1648	0
0	64	1647	0
1	64	1647	-0.005172
2	64	1648	-0.166225
3	64	1648	-0.897733
4	64	1767	-2.891191
5	64	1768	-8.356544
6	64	1769	-28.602192
7	64	1371	-57.612133
8	64	1770	-71.127289
9	64	1771	-72.465561
10	64	1585	-72.466034
11	64	1772	-72.456329
12	64	1773	-72.392311
13	64	1774	-71.921036
14	64	1775	-71.514351
15	64	1608	-71.68808
16	64	1776	-72.131256
17	64	1775	-71.048553
18	64	1777	-67.502571
19	64	1778	-56.017754
20	64	1557	-38.702328
21	64	1779	-20.092999
22	64	1240	-6.948246
23	64	16	1.959106
24	64	99	1.100038
25	64	36	-4.836146
26	64	37	-4.779061
27	64	1780	3.227536
28	64	1781	4.653637
29	64	1782	2.341904
30	64	725	5.99811
31	64	99	14.420054
32	64	22	27.133125
33	64	13	44.73872
34	64	90	67.265968
35	64	90	89.302536
36	64	36	111.963501
37	64	27	134.122192
38	64	22	148.927872
39	64	13	160.900406
40	64	90	183.996201
41	64	90	235.070404
42	64	1138	240.995605
43	64	878	217.036469
44	64	1158	223.858307
45	64	1140	253.181152
46	64	16	260.749237
47	64	99	257.927979
48	64	152	258.751648
49	64	4	274.991974
50	64	16	285.680847
51	64	99	301.850403
52	64	9	291.162964
53	64	97	274.636871
54	64	158	220
55	64	33	220
56	64	21	220
57	64	16	220
58	64	100	220
59	64	100	220
60	64	20	220
61	64	10	220
62	64	29	220
63	64	18	220
64	64	50	220
65	64	350	220
66	64	105	220
67	64	545	220
68	64	33	220
69	64	41	220
70	64	213	220
71	64	1783	265.646057
72	64	75	267.018372
73	64	1784	270.715637
74	64	1785	270.476318
75	64	499	260.620941
76	64	350	256.006897
77	64	267	255.654266
78	64	267	254.627686
79	64	215	254.030579
80	64	40	246.057495
81	64	40	237.70694
82	64	1169	232.659058
83	64	738	221.588882
84	64	1786	207.224762
85	64	1787	177.09227
86	64	267	137.403351
87	64	75	118.721176
88	64	1784	111.685669
89	64	1788	101.509781
90	64	1789	85.072571
91	64	27	77.239532
92	64	1725	75.727219
93	64	1790	57.336639
94	64	90	34.42223
95	64	925	18.952194
96	64	1337	10.905089
97	64	871	6.914186
98	64	794	-0.200379
99	64	897	-11.493311
100	64	1482	-21.923637
101	64	1038	-28.278303
102	64	1791	-28.84403
103	64	1792	-26.241924
104	64	1479	-28.056431
105	64	1793	-37.668346
106	64	1565	-43.771889
107	64	1794	-49.321358
108	64	1760	-49.552834
109	64	1615	-45.516052
110	64	1795	-39.327835
111	64	1796	-32.398098
112	64	1797	-24.959221
113	64	1507	-17.491337
114	64	1798	-7.556751
115	64	1371	3.929003
116	64	1371	6.121487
117	64	1799	-5.798663
118	64	1800	-10.812354
119	64	1648	-3.637079
120	64	1647	4.483241
121	64	1648	5.004547
122	64	1647	2.56216
123	64	1647	4.419847
124	64	1647	6.784734
125	64	1647	6.366349
126	64	1647	2.111787
127	64	1647	0
128	64	1647	0
0	65	1648	0
1	65	1647	0
2	65	1767	-0.021671
3	65	1801	-0.193115
4	65	1802	-0.788576
5	65	1803	-5.402874
6	65	1804	-24.118553
7	65	1805	-52.715946
8	65	1806	-69.283409
9	65	1807	-72.159546
10	65	1808	-72.217033
11	65	1074	-71.738487
12	65	1809	-70.118362
13	65	1019	-67.72998
14	65	1810	-64.601532
15	65	1808	-63.779133
16	65	1811	-63.752541
17	65	1812	-68.280746
18	65	1813	-71.261009
19	65	1814	-71.040588
20	65	1815	-59.833557
21	65	1816	-40.239456
22	65	1817	-19.686052
23	65	410	-10.302858
24	65	25	-9.798401
25	65	11	-13.927007
26	65	1818	-11.555206
27	65	394	-1.943115
28	65	1819	1.83314
29	65	42	0.941231
30	65	1009	3.389051
31	65	36	11.817751
32	65	12	24.195089
33	65	25	39.787739
34	65	13	63.731152
35	65	22	88.985474
36	65	13	116.289963
37	65	36	139.871338
38	65	27	154.18869
39	65	1138	166.101822
40	65	878	186.099594
41	65	1820	238.317078
42	65	1163	236.850082
43	65	100	214.993759
44	65	987	224.811066
45	65	966	257.607666
46	65	28	254.031464
47	65	966	247.660736
48	65	370	256.083832
49	65	87	255.872299
50	65	370	274.045624
51	65	20	292.927429
52	65	21	292.284454
53	65	152	279.840607
54	65	157	220
55	65	21	220
56	65	152	220
57	65	18	220
58	65	18	220
59	65	157	220
60	65	40	220
61	65	213	220
62	65	1	220
63	65	105	220
64	65	499	220
65	65	245	220
66	65	102	220
67	65	154	220
68	65	33	220
69	65	714	220
70	65	1821	253.592468
71	65	105	275.768036
72	65	1822	282.718048
73	65	1582	284.128845
74	65	806	276.195465
75	65	105	270.072327
76	65	270	266.333344
77	65	270	264.491638
78	65	1823	261.484131
79	65	1824	261.708313
80	65	40	254.245148
81	65	40	242.427795
82	65	1328	235.385101
83	65	1825	223.802628
84	65	1826	212.068863
85	65	1827	184.541992
86	65	1828	142.016891
87	65	1829	123.928932
88	65	1830	113.421608
89	65	1580	100.886116
90	65	1581	83.346161
91	65	1831	65.623184
92	65	1832	49.832027
93	65	847	33.865276
94	65	871	21.308559
95	65	872	12.180374
96	65	1337	6.340803
97	65	1261	0.815961
98	65	206	-8.380244
99	65	304	-20.368418
100	65	1040	-27.980852
101	65	559	-30.644276
102	65	897	-29.072807
103	65	1500	-23.225658
104	65	1833	-19.804028
105	65	1434	-24.199841
106	65	1834	-33.542496
107	65	1396	-42.583454
108	65	1835	-46.828976
109	65	1134	-46.105091
110	65	1836	-42.265224
111	65	1837	-36.550045
112	65	1838	-29.775423
113	65	1839	-20.833879
114	65	1799	-8.773254
115	65	1840	5.709532
116	65	1841	5.455688
117	65	1842	-5.802847
118	65	1648	-10.905976
119	65	1647	-4.043529
120	65	1648	3.943541
121	65	1647	2.421927
122	65	1647	0.235679
123	65	1647	3.06164
124	65	1648	6.443642
125	65	1647	5.451975
126	65	1647	1.591085
127	65	1647	0
128	65	1647	0
0	66	1648	0
1	66	1843	0
2	66	1844	0
3	66	1845	-0.072404
4	66	1846	-1.251811
5	66	1847	-7.815104
6	66	1848	-24.902481
7	66	1849	-49.45425
8	66	116	-66.101593
9	66	127	-70.502678
10	66	1019	-69.481339
11	66	1850	-66.033073
12	66	1851	-62.17765
13	66	1852	-57.047523
14	66	1853	-52.286747
15	66	1854	-42.39072
16	66	1855	-46.387802
17	66	1310	-62.293079
18	66	959	-78.958076
19	66	1856	-84.626785
20	66	1857	-80.168648
21	66	1858	-62.887222
22	66	96	-40.659817
23	66	26	-34.219032
24	66	27	-30.070181
25	66	22	-24.513832
26	66	13	-16.548857
27	66	36	-5.634539
28	66	93	-0.264981
29	66	10	0.636015
30	66	13	3.856977
31	66	9	12.170312
32	66	40	25.21261
33	66	21	42.758419
34	66	9	67.719872
35	66	21	91.444664
36	66	1138	114.365875
37	66	878	139.200195
38	66	1158	157.373779
39	66	1161	166.906448
40	66	1402	170.286514
41	66	1198	194.303223
42	66	1859	205.716019
43	66	1860	201.598572
44	66	1861	219.119995
45	66	1862	252.700882
46	66	1861	246.635162
47	66	5	245.386429
48	66	15	255.456909
49	66	5	239.597534
50	66	467	233.39949
51	66	10	244.241364
52	66	966	265.395935
53	66	435	248.811981
54	66	266	220
55	66	5	220
56	66	1	220
57	66	18	220
58	66	44	220
59	66	159	220
60	66	35	220
61	66	29	220
62	66	215	220
63	66	216	220
64	66	291	220
65	66	39	220
66	66	42	220
67	66	39	220
68	66	42	220
69	66	858	237.135269
70	66	161	279.192444
71	66	50	286.228027
72	66	345	290.555908
73	66	244	286.036072
74	66	75	279.152985
75	66	217	273.109222
76	66	1863	268.072632
77	66	1864	264.131287
78	66	1865	259.961914
79	66	49	253.096344
80	66	1866	247.031403
81	66	496	238.473801
82	66	1867	233.402222
83	66	1868	225.301483
84	66	1869	210.977646
85	66	1870	173.759399
86	66	1756	148.192276
87	66	1871	136.757446
88	66	215	121.076027
89	66	1872	98.483788
90	66	1873	77.500931
91	66	897	58.828053
92	66	793	36.497574
93	66	818	23.443653
94	66	871	17.992563
95	66	872	14.599777
96	66	1344	10.70732
97	66	1874	2.878463
98	66	1875	-7.072888
99	66	1719	-16.236198
100	66	1876	-21.784018
101	66	848	-25.729544
102	66	90	-25.697973
103	66	897	-21.974537
104	66	872	-15.335665
105	66	1502	-16.846519
106	66	1382	-22.472887
107	66	1730	-33.452717
108	66	1877	-40.403717
109	66	1878	-41.767204
110	66	1730	-38.940937
111	66	1796	-35.201309
112	66	1797	-29.990253
113	66	1879	-22.353678
114	66	1880	-11.818718
115	66	1842	-0.157907
116	66	1647	2.429949
117	66	1648	-7.748427
118	66	1647	-13.827263
119	66	1648	-6.689224
120	66	1647	2.509172
121	66	1647	3.64402
122	66	1648	3.456768
123	66	1648	6.637457
124	66	1647	7.347283
125	66	1647	4.957273
126	66	1647	1.118762
127	66	1648	0.010734
128	66	1648	0
0	67	1843	0
1	67	1881	0
2	67	1882	-0.008356
3	67	1883	-0.67
4	67	1884	-3.667762
5	67	1885	-11.565637
6	67	1886	-27.150459
7	67	1887	-48.654133
8	67	137	-63.435978
9	67	58	-65.940742
10	67	1888	-60.27359
11	67	1889	-52.713696
12	67	1615	-47.380959
13	67	1890	-41.998379
14	67	1891	-32.101841
15	67	1892	-28.114706
16	67	1302	-45.663044
17	67	1454	-66.691803
18	67	1719	-85.140709
19	67	1893	-94.075363
20	67	846	-91.714844
21	67	1693	-81.491798
22	67	1894	-67.779503
23	67	848	-56.110756
24	67	36	-45.430851
25	67	27	-32.40704
26	67	98	-17.430599
27	67	9	-4.906309
28	67	97	-0.169295
29	67	27	0.300129
30	67	36	3.63205
31	67	1895	12.408921
32	67	1861	26.326073
33	67	36	45.372646
34	67	27	68.84127
35	67	1158	83.275192
36	67	1161	100.170181
37	67	1896	124.423248
38	67	1402	150.633911
39	67	1161	162.861191
40	67	1402	152.376053
41	67	1897	164.508591
42	67	1135	177.820541
43	67	1140	191.044266
44	67	1158	215.022659
45	67	1140	246.807953
46	67	98	242.612045
47	67	90	234.832962
48	67	98	239.435379
49	67	36	228.735153
50	67	26	215.725113
51	67	27	220.454193
52	67	826	220
53	67	1009	220
54	67	16	220
55	67	17	220
56	67	18	220
57	67	18	220
58	67	18	220
59	67	157	220
60	67	43	220
61	67	75	220
62	67	217	220
63	67	76	220
64	67	41	220
65	67	40	220
66	67	40	220
67	67	40	220
68	67	40	220
69	67	595	248.826935
70	67	448	281.541199
71	67	353	289.067352
72	67	350	288.334167
73	67	1827	286.646362
74	67	1898	278.778076
75	67	1899	272.778595
76	67	1900	267.572144
77	67	49	262.272552
78	67	160	255.657425
79	67	1901	248.16684
80	67	738	239.892426
81	67	577	232.137115
82	67	1902	219.577316
83	67	1903	206.917892
84	67	1904	196.048172
85	67	1788	173.499588
86	67	1830	157.498489
87	67	75	146.920105
88	67	1692	130.705215
89	67	98	106.845444
90	67	98	80.830109
91	67	870	56.964996
92	67	871	34.038628
93	67	818	22.453461
94	67	899	19.580729
95	67	1337	19.514193
96	67	771	15.738775
97	67	559	6.149267
98	67	1309	-0.645626
99	67	1615	-9.153308
100	67	1337	-14.457349
101	67	1261	-19.401524
102	67	206	-24.064816
103	67	925	-24.781076
104	67	1302	-21.606569
105	67	1905	-19.593307
106	67	1906	-26.114454
107	67	1907	-30.51372
108	67	1908	-30.36908
109	67	1906	-27.482592
110	67	1909	-25.182306
111	67	1762	-24.773439
112	67	1910	-24.252197
113	67	1911	-19.981438
114	67	1648	-12.106346
115	67	1647	-2.017693
116	67	1648	1.849158
117	67	1648	-5.221524
118	67	1648	-13.043212
119	67	1647	-7.389174
120	67	1648	0.758883
121	67	1648	6.268494
122	67	1648	8.576945
123	67	1647	9.350779
124	67	1648	8.589421
125	67	1647	5.683262
126	67	1648	1.260272
127	67	1647	0.015495
128	67	1912	0
0	68	1913	0
1	68	1914	-0.000067
2	68	1915	-0.26647
3	68	1396	-2.15984
4	68	1916	-7.285194
5	68	1917	-17.435417
6	68	1918	-33.372913
7	68	1773	-50.906013
8	68	1919	-63.069992
9	68	166	-61.78376
10	68	1019	-48.312195
11	68	1775	-38.54493
12	68	1920	-29.642523
13	68	1921	-20.410667
14	68	1922	-15.270326
15	68	1423	-32.716228
16	68	1366	-58.007591
17	68	1039	-75.582169
18	68	1396	-86.247292
19	68	1368	-95.362366
20	68	1397	-98.296638
21	68	1923	-93.356033
22	68	1348	-82.134857
23	68	848	-66.559998
24	68	90	-50.918198
25	68	90	-32.541752
26	68	36	-14.068779
27	68	147	-3.797991
28	68	100	0
29	68	99	0.002553
30	68	1158	2.318009
31	68	1140	11.418399
32	68	16	26.296953
33	68	1164	46.495586
34	68	878	59.058174
35	68	1820	68.822258
36	68	1135	81.473328
37	68	1140	101.877907
38	68	1820	130.108124
39	68	1924	149.433044
40	68	1162	153.815094
41	68	1924	157.247803
42	68	878	171.049362
43	68	98	185.420959
44	68	98	207.204468
45	68	90	231.271576
46	68	98	228.570404
47	68	98	225.482346
48	68	98	223.710495
49	68	16	230.295929
50	68	99	215.524338
51	68	340	220
52	68	266	220
53	68	5	220
54	68	1	220
55	68	18	220
56	68	18	220
57	68	18	220
58	68	44	220
59	68	45	220
60	68	499	220
61	68	53	220
62	68	827	220
63	68	34	220
64	68	802	220
65	68	437	220
66	68	40	220
67	68	40	220
68	68	42	220
69	68	163	232.840256
70	68	274	281.797363
71	68	350	286.081573
72	68	1925	288.513855
73	68	1926	287.087555
74	68	1927	276.666931
75	68	1928	270.023956
76	68	216	265.673767
77	68	48	260.868561
78	68	535	253.818451
79	68	496	246.379181
80	68	434	243.170059
81	68	1929	237.728561
82	68	1828	215.283981
83	68	1542	195.885269
84	68	1930	194.718201
85	68	1756	191.221848
86	68	1931	172.664032
87	68	1873	153.79129
88	68	98	143.020462
89	68	98	122.093971
90	68	1033	93.386574
91	68	1465	62.06134
92	68	897	37.947666
93	68	793	24.912226
94	68	872	20.508572
95	68	873	19.41123
96	68	90	13.258338
97	68	925	5.338373
98	68	1373	-0.707794
99	68	1608	-5.693414
100	68	1932	-10.022439
101	68	1424	-16.390095
102	68	897	-22.877346
103	68	872	-24.8634
104	68	1933	-24.61087
105	68	1934	-25.680836
106	68	1177	-29.335655
107	68	1907	-30.969528
108	68	1907	-26.411625
109	68	1731	-16.275862
110	68	1933	-9.531235
111	68	1935	-11.785908
112	68	1936	-15.128324
113	68	1647	-14.74627
114	68	1647	-9.534375
115	68	1647	-1.787463
116	68	1647	3.072093
117	68	1648	-2.03985
118	68	1647	-7.753157
119	68	1648	-6.967007
120	68	1648	0.437891
121	68	1648	6.524143
122	68	1648	9.540637
123	68	1647	10.506981
124	68	1647	9.815245
125	68	1647	7.405592
126	68	1648	3.1566
127	68	1648	0.002035
128	68	1937	0
0	69	1814	0
1	69	1938	-0.020181
2	69	736	-0.715885
3	69	1395	-3.705624
4	69	1814	-10.492413
5	69	1939	-23.02939
6	69	1888	-42.232323
7	69	1020	-57.831512
8	69	1001	-64.534531
9	69	1495	-61.994209
10	69	1940	-50.161781
11	69	1523	-35.667835
12	69	1941	-20.851625
13	69	1942	-9.502838
14	69	1943	-10.358124
15	69	1944	-38.21928
16	69	1945	-61.941528
17	69	1395	-77.068443
18	69	1760	-86.18663
19	69	1946	-91.434578
20	69	1947	-95.704376
21	69	1948	-97.291161
22	69	1949	-84.450432
23	69	1289	-65.387192
24	69	1950	-43.281303
25	69	520	-24.80687
26	69	1951	-13.784521
27	69	14	-6.837192
28	69	15	-1.17776
29	69	16	0
30	69	99	0.872407
31	69	5	9.57789
32	69	1952	26.111885
33	69	1723	39.503639
34	69	1158	49.527264
35	69	1161	53.799282
36	69	1896	64.511955
37	69	1402	83.578949
38	69	1897	107.752037
39	69	1135	134.979111
40	69	1897	152.91217
41	69	1924	166.045761
42	69	878	174.200516
43	69	1138	184.245987
44	69	1896	198.941727
45	69	878	211.964249
46	69	98	215.099548
47	69	16	217.916702
48	69	17	222.59227
49	69	4	218.725952
50	69	5	216.615479
51	69	370	220.642792
52	69	99	220
53	69	152	220
54	69	18	220
55	69	18	220
56	69	18	220
57	69	18	220
58	69	18	220
59	69	216	220
60	69	291	220
61	69	39	220
62	69	1953	220
63	69	1954	220
64	69	1955	220
65	69	1956	220
66	69	33	220
67	69	40	220
68	69	1957	220
69	69	1958	223.942032
70	69	270	262.673798
71	69	1959	285.639771
72	69	1927	292.238983
73	69	1960	288.590454
74	69	827	270.147888
75	69	40	263.544739
76	69	40	261.224304
77	69	1328	258.090332
78	69	1902	251.687912
79	69	1961	245.97525
80	69	434	244.214828
81	69	1929	238.537094
82	69	1962	215.793655
83	69	1831	187.484619
84	69	1788	186.493164
85	69	1963	198.181686
86	69	1790	194.606705
87	69	90	174.142334
88	69	98	153.039764
89	69	5	143.761047
90	69	15	111.880554
91	69	98	75.21109
92	69	90	50.06813
93	69	897	32.000378
94	69	794	20.577555
95	69	870	14.786032
96	69	871	9.47919
97	69	793	4.909898
98	69	1281	1.633298
99	69	1964	-3.239228
100	69	559	-9.343048
101	69	870	-11.357717
102	69	899	-16.100437
103	69	1302	-19.886768
104	69	1615	-21.057304
105	69	1933	-24.467649
106	69	1965	-28.367077
107	69	1877	-28.989292
108	69	1731	-23.731756
109	69	1302	-12.892349
110	69	1966	-1.83755
111	69	1967	-0.377693
112	69	1968	-4.582935
113	69	1647	-7.782762
114	69	1647	-6.130075
115	69	1647	1.14224
116	69	1647	6.114155
117	69	1647	4.205307
118	69	1647	-1.913962
119	69	1648	-3.577566
120	69	1648	-0.891941
121	69	1647	2.996099
122	69	1648	7.406019
123	69	1648	9.976842
124	69	1648	10.905499
125	69	1648	9.770907
126	69	1647	6.078008
127	69	1649	1.180395
128	69	1969	0
0	70	1395	0
1	70	1221	-0.100542
2	70	1460	-1.312508
3	70	1243	-4.512362
4	70	1970	-11.460892
5	70	1971	-25.73139
6	70	58	-47.031006
7	70	1972	-62.054493
8	70	1776	-66.890488
9	70	1973	-65.404182
10	70	1948	-59.704033
11	70	1974	-48.600254
12	70	1975	-32.697895
13	70	1976	-19.167316
14	70	1796	-15.833965
15	70	1944	-34.564487
16	70	1416	-56.896378
17	70	1946	-73.640709
18	70	1977	-84.750671
19	70	1384	-89.434082
20	70	1040	-95.00396
21	70	1978	-94.822243
22	70	1979	-81.185593
23	70	1222	-60.713577
24	70	394	-39.0709
25	70	522	-27.641438
26	70	16	-19.518309
27	70	605	-14.526335
28	70	1951	-10.878325
29	70	370	-7.441124
30	70	1164	-5.257091
31	70	1402	1.072231
32	70	1140	13.444175
33	70	98	23.992228
34	70	1820	31.088821
35	70	1980	39.243912
36	70	1981	48.855064
37	70	1158	64.864937
38	70	1140	88.885941
39	70	1820	113.68293
40	70	1877	130.474304
41	70	1723	142.640884
42	70	1158	157.831528
43	70	1159	174.959702
44	70	1161	188.819717
45	70	878	200.767761
46	70	5	208.049713
47	70	14	218.821411
48	70	15	225.403824
49	70	98	219.074936
50	70	152	207.325394
51	70	4	221.852692
52	70	5	220
53	70	1	220
54	70	18	220
55	70	18	220
56	70	18	220
57	70	18	220
58	70	49	220
59	70	217	220
60	70	312	220
61	70	1982	220
62	70	1926	220
63	70	1983	220
64	70	497	220
65	70	39	220
66	70	49	220
67	70	1984	220
68	70	563	220
69	70	40	220
70	70	1985	253.003021
71	70	1986	278.493988
72	70	596	288.181
73	70	39	279.290314
74	70	49	262.523651
75	70	76	253.595551
76	70	1169	256.343079
77	70	1472	255.169083
78	70	1901	248.879547
79	70	1474	240.06102
80	70	1961	234.360199
81	70	1929	228.726196
82	70	1962	202.526718
83	70	1830	175.405579
84	70	353	174.203079
85	70	1829	185.515076
86	70	1790	197.15863
87	70	98	181.208298
88	70	98	161.161011
89	70	22	161.692749
90	70	13	132.844803
91	70	90	96.189095
92	70	16	70.013405
93	70	99	47.166203
94	70	897	28.583191
95	70	818	17.893845
96	70	848	11.793127
97	70	98	10.3253
98	70	90	9.161957
99	70	98	3.946184
100	70	897	-0.031623
101	70	793	0.099736
102	70	872	-2.940139
103	70	1608	-7.89653
104	70	1523	-12.491068
105	70	1987	-16.90052
106	70	1909	-22.021597
107	70	1988	-24.568989
108	70	1237	-21.605003
109	70	1989	-13.005765
110	70	1990	-2.400765
111	70	1991	4.359119
112	70	1968	1.013804
113	70	1648	-3.50876
114	70	1647	-5.663842
115	70	1648	1.468292
116	70	1648	8.875618
117	70	1648	7.72599
118	70	1647	2.940298
119	70	1648	-2.5429
120	70	1648	-2.963386
121	70	1648	-3.475192
122	70	1647	3.629735
123	70	1647	8.825458
124	70	1647	11.920011
125	70	1648	12.675731
126	70	1647	10.308779
127	70	1843	4.643322
128	70	1992	0
0	71	1558	0
1	71	1993	-0.538188
2	71	1633	-2.854975
3	71	1994	-6.090652
4	71	1881	-10.826043
5	71	1995	-24.046515
6	71	1996	-45.636013
7	71	1997	-60.585285
8	71	1998	-67.2752
9	71	1999	-69.795357
10	71	2000	-69.59861
11	71	2001	-65.83831
12	71	1795	-59.875149
13	71	1877	-55.23975
14	71	1731	-47.234119
15	71	1608	-42.13266
16	71	1428	-56.111839
17	71	2002	-68.72261
18	71	2003	-76.467216
19	71	1779	-82.650993
20	71	2004	-87.45649
21	71	1792	-87.709885
22	71	2005	-78.695946
23	71	1876	-64.105263
24	71	848	-48.950611
25	71	5	-35.391872
26	71	648	-23.885628
27	71	1719	-19.812307
28	71	1951	-18.338022
29	71	1952	-15.813605
30	71	1924	-13.989122
31	71	878	-7.842739
32	71	1138	0.820408
33	71	1162	8.386411
34	71	2006	11.42002
35	71	370	21.742659
36	71	99	33.878708
37	71	98	50.456455
38	71	1158	71.872292
39	71	1159	94.513138
40	71	1140	108.56588
41	71	90	121.417114
42	71	98	135.753937
43	71	1158	151.297989
44	71	2007	177.804749
45	71	99	199.994873
46	71	98	208.66449
47	71	90	217.597626
48	71	98	217.767151
49	71	5	209.876465
50	71	15	205.606689
51	71	16	226.803391
52	71	17	220
53	71	18	220
54	71	18	220
55	71	18	220
56	71	18	220
57	71	160	220
58	71	270	220
59	71	291	220
60	71	2008	220
61	71	2009	220
62	71	2010	220
63	71	1272	220
64	71	40	220
65	71	1957	220
66	71	2011	220
67	71	2012	220
68	71	312	220
69	71	1361	220
70	71	561	230.8367
71	71	2013	258.812531
72	71	40	253.926437
73	71	216	247.760651
74	71	161	252.182022
75	71	76	254.148926
76	71	40	252.016266
77	71	40	245.122482
78	71	104	239.811127
79	71	2014	228.468689
80	71	1903	218.196259
81	71	2015	211.067245
82	71	2016	189.675003
83	71	2017	171.290482
84	71	1756	170.110596
85	71	1788	174.344803
86	71	2018	184.945053
87	71	99	175.56015
88	71	9	170.119965
89	71	21	181.05986
90	71	90	169.570801
91	71	5	124.457581
92	71	815	94.015976
93	71	848	69.147514
94	71	925	46.994251
95	71	873	32.877041
96	71	870	26.52622
97	71	848	24.256187
98	71	203	19.9781
99	71	1038	17.204966
100	71	1950	16.214836
101	71	1407	16.023045
102	71	1302	11.702693
103	71	1615	4.287539
104	71	1795	-1.831869
105	71	1796	-4.101396
106	71	2019	-11.227342
107	71	1393	-17.504456
108	71	2020	-19.528915
109	71	2021	-14.95641
110	71	2022	-6.35462
111	71	2023	1.13111
112	71	1968	-0.026795
113	71	1648	-6.558228
114	71	1647	-10.31343
115	71	2024	-4.375958
116	71	2025	6.758811
117	71	2025	8.468884
118	71	2025	3.428519
119	71	2025	-1.465231
120	71	2026	-3.613608
121	71	1647	-5.183732
122	71	1648	1.093055
123	71	1647	8.193308
124	71	1647	13.09199
125	71	1648	15.648953
126	71	1912	14.8498
127	71	2027	6.898261
128	71	2028	0
0	72	2029	0
1	72	1663	-1.232477
2	72	2030	-5.277424
3	72	2000	-9.068014
4	72	736	-12.211459
5	72	2031	-24.272047
6	72	1429	-45.314228
7	72	2032	-57.773575
8	72	1740	-63.070301
9	72	2033	-67.371269
10	72	2034	-71.82589
11	72	1134	-73.829109
12	72	1907	-73.122246
13	72	1731	-70.876343
14	72	1302	-65.419357
15	72	1310	-56.163261
16	72	1243	-55.705368
17	72	1814	-59.875149
18	72	2035	-56.9263
19	72	2036	-56.804287
20	72	2037	-65.331406
21	72	2038	-73.118294
22	72	2039	-72.46463
23	72	1308	-63.325226
24	72	1720	-51.160767
25	72	2040	-37.47089
26	72	1203	-30.20071
27	72	1424	-25.913055
28	72	1158	-20.905331
29	72	1159	-14.708764
30	72	1161	-12.863354
31	72	1162	-9.968268
32	72	1135	-4.423745
33	72	1140	-1.44674
34	72	152	5.370799
35	72	2041	14.739367
36	72	1896	27.314697
37	72	1896	43.466618
38	72	878	62.527103
39	72	98	82.949654
40	72	1138	103.301224
41	72	1896	117.389771
42	72	1896	129.783157
43	72	1139	144.5439
44	72	370	168.138031
45	72	99	202.089737
46	72	16	212.373291
47	72	100	212.40683
48	72	99	207.466125
49	72	90	208.263092
50	72	5	223.358017
51	72	14	249.354355
52	72	1	239.301926
53	72	18	243.928024
54	72	18	220
55	72	18	220
56	72	215	220
57	72	49	220
58	72	1866	220
59	72	496	220
60	72	592	220
61	72	852	220
62	72	39	220
63	72	24	220
64	72	2042	220
65	72	1926	220
66	72	2043	220
67	72	2044	220
68	72	197	220
69	72	577	220
70	72	495	220
71	72	2045	220.448471
72	72	76	150.251221
73	72	216	211.233414
74	72	48	225.442596
75	72	40	246.963409
76	72	40	256.568939
77	72	104	251.867386
78	72	350	234.935226
79	72	267	209.186142
80	72	350	197.529221
81	72	2046	190.226303
82	72	2047	171.075317
83	72	2048	166.312958
84	72	2049	167.940491
85	72	2050	173.339127
86	72	410	175.553238
87	72	11	171.787643
88	72	27	184.744629
89	72	870	195.323639
90	72	848	184.621033
91	72	897	135.349808
92	72	794	108.979393
93	72	897	89.743721
94	72	794	67.379494
95	72	925	53.437416
96	72	873	50.735149
97	72	304	50.085476
98	72	1383	39.219673
99	72	1384	33.21777
100	72	1396	32.431606
101	72	1401	28.912407
102	72	872	22.707785
103	72	2051	13.212505
104	72	1177	6.024348
105	72	2052	1.365914
106	72	1945	-0.808307
107	72	2053	-11.161978
108	72	2054	-16.830488
109	72	2055	-14.724029
110	72	1593	-7.471038
111	72	2056	-1.390273
112	72	1736	-0.589917
113	72	2024	-7.764902
114	72	2057	-11.390914
115	72	18	-6.640109
116	72	18	3.639878
117	72	18	7.79757
118	72	18	5.441853
119	72	2058	0.693946
120	72	1648	-0.533336
121	72	1648	-3.335024
122	72	1647	0.922294
123	72	1648	8.115484
124	72	1648	14.198811
125	72	1648	17.988226
126	72	1627	16.434946
127	72	2059	7.989277
128	72	1022	0
0	73	818	0
1	73	2060	-1.458894
2	73	2061	-6.675309
3	73	2031	-12.149742
4	73	1527	-16.431744
5	73	1615	-28.549253
6	73	1434	-47.167236
7	73	1351	-53.618629
8	73	1628	-53.301937
9	73	2062	-53.373192
10	73	2063	-59.651398
11	73	2063	-66.84256
12	73	1731	-71.123634
13	73	1661	-68.461372
14	73	1302	-59.944122
15	73	1412	-48.889194
16	73	1412	-46.483688
17	73	1551	-41.927116
18	73	1447	-29.333876
19	73	1856	-24.14674
20	73	2064	-38.744312
21	73	1460	-54.131039
22	73	1185	-60.351646
23	73	2065	-55.125305
24	73	2066	-43.532665
25	73	2067	-37.025703
26	73	685	-35.292366
27	73	16	-31.998682
28	73	1164	-22.639551
29	73	2068	-7.244449
30	73	2069	-8.925489
31	73	1924	-10.197633
32	73	878	-7.567744
33	73	1165	-3.030876
34	73	2070	4.769335
35	73	1877	15.100971
36	73	1135	27.357317
37	73	1161	42.819122
38	73	1896	61.040676
39	73	2068	82.284058
40	73	2071	104.687614
41	73	1159	119.591667
42	73	1140	133.458725
43	73	5	152.905792
44	73	370	174.912186
45	73	87	191.091553
46	73	14	211.275787
47	73	15	217.365723
48	73	90	209.217499
49	73	90	215.942596
50	73	90	243.291199
51	73	5	278.158539
52	73	1	275.253998
53	73	18	260.967987
54	73	18	235.227997
55	73	545	220
56	73	689	220
57	73	2072	220
58	73	533	220
59	73	1272	220
60	73	24	220
61	73	34	223.541687
62	73	33	223.205154
63	73	2073	223.205154
64	73	2074	220
65	73	2075	220
66	73	1983	220
67	73	434	220
68	73	577	220
69	73	434	220
70	73	1870	220
71	73	75	220
72	73	76	119.507523
73	73	49	139.138031
74	73	217	175.294785
75	73	76	215.317474
76	73	216	243.308426
77	73	270	248.26088
78	73	270	220.693283
79	73	499	188.191742
80	73	353	179.793304
81	73	1756	173.602951
82	73	2076	162.074692
83	73	15	161.401627
84	73	826	168.337662
85	73	39	171.722824
86	73	21	172.607162
87	73	90	173.822922
88	73	897	179.795776
89	73	818	185.342682
90	73	848	168.474838
91	73	98	141.351181
92	73	870	134.966156
93	73	848	113.620995
94	73	897	87.234001
95	73	818	76.523979
96	73	1338	77.176361
97	73	2077	75.70327
98	73	1460	59.617172
99	73	1185	44.825214
100	73	1719	39.216553
101	73	1671	36.250443
102	73	1423	27.776287
103	73	2051	16.725027
104	73	1522	8.389724
105	73	1428	2.903216
106	73	1460	0.027029
107	73	1814	-5.76515
108	73	2054	-11.879952
109	73	1915	-11.17269
110	73	2078	-6.328032
111	73	2079	-2.213777
112	73	2080	-1.458475
113	73	2081	-4.840091
114	73	18	-6.568347
115	73	18	-0.210669
116	73	18	9.001846
117	73	18	12.142273
118	73	2082	8.006333
119	73	2083	1.792861
120	73	2084	-0.264558
121	73	2085	-1.668546
122	73	2086	1.34463
123	73	2087	8.242821
124	73	2086	14.087416
125	73	1602	16.992891
126	73	1627	14.186878
127	73	869	6.849613
128	73	843	0
0	74	1434	0
1	74	2088	-0.065582
2	74	1416	-5.456362
3	74	1551	-12.454204
4	74	1423	-22.369249
5	74	1565	-39.786728
6	74	1564	-48.079514
7	74	1434	-47.110489
8	74	2089	-37.655823
9	74	1907	-29.872564
10	74	1907	-33.964363
11	74	1796	-46.995079
12	74	2090	-58.500919
13	74	1368	-58.312233
14	74	1423	-47.337082
15	74	1373	-31.973509
16	74	1502	-26.290623
17	74	959	-20.410488
18	74	787	-12.858386
19	74	1557	-13.565987
20	74	1718	-17.050014
21	74	522	-33.253838
22	74	2091	-44.192333
23	74	2092	-41.347549
24	74	2093	-33.195618
25	74	2094	-35.200745
26	74	152	-36.040684
27	74	2095	-34.654068
28	74	2096	-23.591545
29	74	2097	-8.330345
30	74	1159	-9.749384
31	74	1161	-11.097193
32	74	1162	-7.615693
33	74	1135	-0.720858
34	74	1159	8.715711
35	74	1140	19.465919
36	74	1820	31.942106
37	74	1135	46.331951
38	74	2098	64.834541
39	74	2099	87.892426
40	74	878	104.433685
41	74	98	111.969856
42	74	16	131.416809
43	74	87	161.491959
44	74	15	172.616257
45	74	90	176.879639
46	74	98	199.559586
47	74	16	223.503647
48	74	99	218.667862
49	74	16	217.404907
50	74	100	243.262619
51	74	17	277.943939
52	74	18	304.020355
53	74	18	304.516785
54	74	42	246.034042
55	74	46	221.26973
56	74	635	221.564392
57	74	491	220
58	74	157	220
59	74	40	220
60	74	42	220.08815
61	74	154	223.205154
62	74	159	223.205154
63	74	33	223.205154
64	74	2073	220
65	74	2100	220
66	74	738	220
67	74	577	220
68	74	577	220
69	74	1870	220
70	74	105	220
71	74	161	220
72	74	50	115.104797
73	74	274	122.659645
74	74	904	149.677338
75	74	93	180.818237
76	74	40	210.506943
77	74	40	208.946533
78	74	104	192.457123
79	74	1756	173.517731
80	74	2101	168.313095
81	74	99	162.954453
82	74	22	161.544052
83	74	23	162.004333
84	74	97	166.810333
85	74	27	171.132797
86	74	16	170.371414
87	74	99	164.211166
88	74	925	144.166626
89	74	873	140.038284
90	74	98	131.77037
91	74	897	140.526489
92	74	818	143.926193
93	74	847	125.104584
94	74	899	98.539063
95	74	873	88.206535
96	74	259	83.729408
97	74	394	79.639168
98	74	522	69.071373
99	74	304	49.382725
100	74	959	39.423939
101	74	1396	35.514187
102	74	1423	28.218046
103	74	1502	17.165998
104	74	1382	9.051518
105	74	1382	4.308395
106	74	959	1.255274
107	74	1814	-0.16397
108	74	2102	-4.221448
109	74	2103	-5.596969
110	74	2104	-4.434831
111	74	2105	-2.939799
112	74	2106	-2.50818
113	74	2107	-3.114244
114	74	18	2.289162
115	74	18	10.966386
116	74	2108	15.911673
117	74	2109	15.019251
118	74	736	7.910212
119	74	2110	1.716116
120	74	2111	-1.835503
121	74	2086	-3.020751
122	74	1602	0.302077
123	74	1602	7.050872
124	74	1602	11.757519
125	74	2112	13.871495
126	74	1850	12.312956
127	74	2113	5.371664
128	74	1565	0
0	75	1463	0
1	75	1423	-0.13434
2	75	1302	-6.609638
3	75	1764	-20.806978
4	75	1562	-34.975872
5	75	2114	-45.514519
6	75	1156	-47.393677
7	75	1134	-38.690998
8	75	2063	-21.251558
9	75	1907	-9.043667
10	75	1877	-13.761749
11	75	2115	-25.779284
12	75	1310	-42.83503
13	75	2001	-47.034634
14	75	1732	-38.060699
15	75	1838	-21.273577
16	75	1310	-13.482616
17	75	959	-3.693269
18	75	1856	-5.049472
19	75	1664	-6.766887
20	75	16	-8.166226
21	75	2116	-12.84947
22	75	2117	-18.761017
23	75	2118	-20.980194
24	75	2007	-26.674126
25	75	2119	-26.449478
26	75	2120	-24.394283
27	75	963	-22.081436
28	75	1140	-21.288239
29	75	1138	-15.635903
30	75	1162	-14.758804
31	75	1907	-11.219433
32	75	1924	-4.372781
33	75	878	6.820088
34	75	1138	17.789968
35	75	1162	29.520695
36	75	1924	40.764843
37	75	878	52.950676
38	75	1820	68.515968
39	75	1924	87.852814
40	75	878	92.327492
41	75	152	97.0746
42	75	4	113.207611
43	75	16	139.813416
44	75	100	148.762024
45	75	99	160.188232
46	75	5	195.386017
47	75	370	229.868393
48	75	17	230.131729
49	75	18	223.805954
50	75	18	252.037323
51	75	1001	284.45343
52	75	1885	297.193817
53	75	33	301.075806
54	75	43	243.330017
55	75	18	230.522919
56	75	18	230.351273
57	75	44	225.555618
58	75	159	220
59	75	33	220
60	75	42	220
61	75	38	220.08815
62	75	39	223.205154
63	75	40	223.205154
64	75	40	225.69014
65	75	1328	220
66	75	1902	220
67	75	1903	220
68	75	2121	220
69	75	2122	220
70	75	595	220
71	75	380	220
72	75	270	113.627441
73	75	1724	113.570007
74	75	36	143.975128
75	75	26	184.742661
76	75	26	202.539246
77	75	1041	189.310181
78	75	934	178.892868
79	75	2123	175.756409
80	75	1496	175.077911
81	75	101	165.942444
82	75	159	164.248016
83	75	266	168.801788
84	75	98	170.575439
85	75	5	169.726578
86	75	15	159.651886
87	75	897	143.87944
88	75	818	128.5009
89	75	848	117.101646
90	75	22	113.633972
91	75	1331	124.203903
92	75	793	131.33931
93	75	793	115.13298
94	75	794	89.790787
95	75	90	80.185501
96	75	2124	73.542992
97	75	2125	67.173325
98	75	2126	59.234718
99	75	1395	43.458813
100	75	1243	33.34856
101	75	1396	29.400679
102	75	1447	23.27021
103	75	959	14.969927
104	75	1382	9.292339
105	75	959	5.697148
106	75	2127	3.143714
107	75	2128	3.440584
108	75	2129	3.378411
109	75	2130	-0.304175
110	75	2131	-2.814396
111	75	2132	-3.866976
112	75	2133	-3.95617
113	75	18	-1.019795
114	75	18	7.472399
115	75	2134	14.75857
116	75	1382	17.238106
117	75	1914	13.240523
118	75	1528	4.836404
119	75	2135	-0.04293
120	75	1661	-3.764037
121	75	1890	-6.768503
122	75	2136	-2.767687
123	75	1020	4.110264
124	75	18	8.938104
125	75	1019	11.268257
126	75	2137	10.795567
127	75	1797	6.637589
128	75	2138	0
0	76	1699	0
1	76	1732	-2.996005
2	76	1797	-15.934189
3	76	2139	-31.488237
4	76	2140	-43.063751
5	76	1907	-46.690872
6	76	1909	-40.38158
7	76	2141	-26.519644
8	76	2142	-7.672747
9	76	2143	-1.836691
10	76	2144	-2.765942
11	76	2145	-11.331537
12	76	2146	-30.637413
13	76	2147	-39.44828
14	76	2148	-33.477592
15	76	1344	-20.378222
16	76	1339	-11.031783
17	76	2149	-1.849366
18	76	2150	0.200002
19	76	2151	0.270475
20	76	2070	0.714783
21	76	1135	-1.50524
22	76	1140	-1.95977
23	76	1165	-5.134492
24	76	2097	-12.340357
25	76	1140	-11.576107
26	76	1138	-6.894986
27	76	878	-8.506533
28	76	1158	-16.681463
29	76	1897	-22.542362
30	76	2063	-18.067049
31	76	1135	-9.667854
32	76	2007	0.779314
33	76	2152	17.986654
34	76	2069	35.62986
35	76	2063	48.136192
36	76	1924	55.363693
37	76	1402	60.555077
38	76	1159	68.404617
39	76	1140	77.685837
40	76	5	83.640755
41	76	370	85.385338
42	76	87	98.7118
43	76	1	117.032677
44	76	19	133.230042
45	76	100	151.594788
46	76	17	189.23262
47	76	18	235.093124
48	76	18	247.015152
49	76	18	243.38681
50	76	1074	256.183105
51	76	1809	273.654541
52	76	713	285.174072
53	76	1236	294.370209
54	76	409	261.766083
55	76	18	241.297119
56	76	18	242.513168
57	76	18	236.551727
58	76	157	220
59	76	40	220
60	76	24	220
61	76	41	220
62	76	24	220
63	76	40	223.205154
64	76	2153	210.499237
65	76	2015	186.6194
66	76	1827	153.978027
67	76	2154	117.177124
68	76	593	114.823654
69	76	42	114.774628
70	76	39	113.238785
71	76	97	112.552193
72	76	27	112.140762
73	76	22	119.042
74	76	13	152.218994
75	76	22	196.438263
76	76	23	203.068222
77	76	40	192.494293
78	76	1583	174.905685
79	76	2155	171.07724
80	76	1	176.164627
81	76	0	170.57547
82	76	370	169.573044
83	76	99	177.427292
84	76	98	179.96051
85	76	90	173.214706
86	76	22	151.930435
87	76	2156	130.998642
88	76	2157	114.493645
89	76	1091	101.563469
90	76	2158	99.897049
91	76	90	95.157753
92	76	870	92.90007
93	76	848	83.127434
94	76	870	71.373604
95	76	2159	60.251205
96	76	2160	52.804409
97	76	1428	43.85173
98	76	1394	34.885345
99	76	1395	28.360418
100	76	1382	23.293142
101	76	959	22.264236
102	76	1243	17.908508
103	76	736	12.526548
104	76	2161	8.795922
105	76	2162	5.922508
106	76	2163	3.74586
107	76	2164	3.608451
108	76	2165	2.947052
109	76	2166	1.275079
110	76	2133	-1.892687
111	76	1001	-3.907111
112	76	1495	-3.30175
113	76	2167	1.663553
114	76	2168	7.854778
115	76	2164	13.972714
116	76	2169	13.088636
117	76	2170	8.027832
118	76	2004	0.473542
119	76	2171	-3.863025
120	76	1850	-6.971453
121	76	2172	-7.890497
122	76	2173	-5.725448
123	76	1001	1.258984
124	76	2172	6.263648
125	76	1199	9.182433
126	76	1988	9.540716
127	76	1795	5.892136
128	76	1796	0
0	77	2174	0
1	77	2175	-6.119555
2	77	1795	-21.288929
3	77	1909	-36.536327
4	77	1177	-44.757816
5	77	1731	-42.11615
6	77	1608	-29.373535
7	77	2176	-14.440151
8	77	2000	-4.149004
9	77	2001	-0.279799
10	77	2051	-0.157364
11	77	2177	-6.118477
12	77	1140	-28.014198
13	77	897	-35.881977
14	77	2178	-29.137447
15	77	1520	-13.106262
16	77	1521	-5.021229
17	77	1762	2.010642
18	77	2147	2.993452
19	77	1897	3.745349
20	77	1723	4.081851
21	77	1138	3.861026
22	77	1162	3.338734
23	77	1723	2.274973
24	77	90	0.244896
25	77	1820	0.159948
26	77	1924	0.015404
27	77	1896	-1.699057
28	77	1162	-12.503506
29	77	1135	-22.577156
30	77	1161	-20.100817
31	77	2179	-9.237162
32	77	1859	2.857631
33	77	2097	21.397165
34	77	1159	44.268795
35	77	1897	61.272923
36	77	1723	65.958084
37	77	1138	62.913399
38	77	1896	59.783295
39	77	878	67.076744
40	77	152	76.121178
41	77	19	79.734497
42	77	17	93.124664
43	77	18	109.051117
44	77	18	125.14724
45	77	18	149.037994
46	77	18	180.053253
47	77	18	222.364563
48	77	18	264.102661
49	77	1074	268.505829
50	77	1809	269.536041
51	77	2180	267.75882
52	77	619	270.822937
53	77	491	281.964508
54	77	18	260.60379
55	77	18	268.770874
56	77	30	274.63382
57	77	154	261.581085
58	77	159	225.925888
59	77	802	220
60	77	437	220
61	77	40	217.192001
62	77	40	217.192001
63	77	216	217.192001
64	77	499	205.242233
65	77	2014	158.943726
66	77	2181	132.545456
67	77	41	115.503044
68	77	40	110.55423
69	77	40	104.691338
70	77	10	103.265968
71	77	2182	106.136177
72	77	2183	109.705505
73	77	2184	122.040848
74	77	11	146.869781
75	77	93	178.11879
76	77	40	189.144791
77	77	40	177.442383
78	77	21	175.948044
79	77	152	180.020645
80	77	4	182.419083
81	77	152	176.75885
82	77	4	178.950516
83	77	22	188.353928
84	77	13	179.637436
85	77	36	167.04924
86	77	93	140.546082
87	77	40	117.207497
88	77	2185	100.482704
89	77	818	88.427452
90	77	847	82.063148
91	77	871	77.288818
92	77	794	69.65358
93	77	925	63.75219
94	77	1661	57.029003
95	77	1502	43.044102
96	77	1243	29.307983
97	77	1221	20.798605
98	77	1460	14.908793
99	77	1243	12.585115
100	77	2186	14.349619
101	77	2187	15.022984
102	77	1221	13.239419
103	77	2188	10.065159
104	77	2189	6.845701
105	77	1001	4.048529
106	77	1940	2.787757
107	77	1397	2.403141
108	77	2190	1.490833
109	77	2191	1.054195
110	77	1019	-0.287548
111	77	1775	-0.853054
112	77	2192	-0.254599
113	77	2193	1.582483
114	77	1940	5.107331
115	77	2194	7.346655
116	77	2195	7.004229
117	77	1435	3.026391
118	77	2196	-2.242518
119	77	2197	-4.31268
120	77	2198	-4.407474
121	77	2199	-5.247193
122	77	2200	-5.325972
123	77	2201	-2.249963
124	77	1763	3.868604
125	77	2202	7.516503
126	77	1521	8.005238
127	77	1177	4.108718
128	77	1178	0
0	78	2203	0
1	78	2204	-5.044102
2	78	1796	-20.009954
3	78	2205	-34.732407
4	78	2206	-42.152386
5	78	1932	-38.156963
6	78	2207	-25.902424
7	78	2208	-12.649446
8	78	1699	-3.525301
9	78	1103	-0.341552
10	78	1337	-0.091752
11	78	2209	-9.577376
12	78	878	-27.776342
13	78	1158	-34.020439
14	78	1159	-28.183445
15	78	1403	-9.379979
16	78	1134	-1.404313
17	78	1924	3.521413
18	78	1402	7.064273
19	78	1161	8.180082
20	78	1162	10.966679
21	78	1135	13.09598
22	78	1161	9.060937
23	78	878	5.424655
24	78	1158	3.702619
25	78	1897	2.023207
26	78	2063	0.776295
27	78	1135	0.174933
28	78	1140	-8.325788
29	78	1820	-18.287085
30	78	1135	-16.514174
31	78	1897	-7.298351
32	78	1723	8.249208
33	78	1138	23.047577
34	78	1162	40.677589
35	78	1723	57.587059
36	78	1820	62.565231
37	78	1907	58.256378
38	78	1723	56.829239
39	78	152	66.396507
40	78	18	80.642601
41	78	18	85.571281
42	78	18	95.821548
43	78	18	106.559929
44	78	1001	124.051308
45	78	1495	147.463852
46	78	1495	179.620102
47	78	1885	205.549973
48	78	1019	247.541153
49	78	1020	265.491058
50	78	1169	256.634216
51	78	852	250.25885
52	78	46	256.534088
53	78	18	259.080322
54	78	18	268.600891
55	78	157	278.433594
56	78	43	277.088837
57	78	196	238.777969
58	78	953	225.921127
59	78	593	220
60	78	40	217.192001
61	78	40	217.192001
62	78	40	217.192001
63	78	216	215.489304
64	78	270	193.538208
65	78	1823	169.326355
66	78	2210	143.507507
67	78	2210	130.819092
68	78	1824	122.469467
69	78	2211	116.262398
70	78	2212	113.182655
71	78	2213	114.200325
72	78	1865	117.267929
73	78	21	126.446495
74	78	9	140.720413
75	78	40	153.899109
76	78	40	163.141769
77	78	10	171.195618
78	78	214	182.818634
79	78	1009	197.785904
80	78	152	194.120728
81	78	4	186.587875
82	78	340	193.981552
83	78	266	187.124832
84	78	22	168.209579
85	78	23	148.31514
86	78	40	124.764809
87	78	21	103.684052
88	78	897	91.628044
89	78	872	80.759979
90	78	873	69.273186
91	78	870	61.902225
92	78	871	54.526905
93	78	793	49.860607
94	78	1792	41.407722
95	78	1479	28.087523
96	78	737	16.209101
97	78	2214	8.231618
98	78	737	5.95484
99	78	2215	7.030483
100	78	2216	8.671066
101	78	736	9.381289
102	78	1204	8.594385
103	78	1884	5.753029
104	78	2113	3.455081
105	78	1502	1.654122
106	78	1948	1.411197
107	78	2217	0.513722
108	78	2218	0.033061
109	78	18	0
110	78	2219	0
111	78	1368	0
112	78	1368	0
113	78	2220	0.076736
114	78	2221	1.50505
115	78	2222	2.630581
116	78	818	1.818926
117	78	2223	0
118	78	2224	-1.202577
119	78	2225	0.076345
120	78	1914	0.602358
121	78	1915	1.843813
122	78	2226	-0.867162
123	78	2227	-1.484132
124	78	2140	1.169654
125	78	1796	6.336832
126	78	1134	6.100216
127	78	1836	2.209673
128	78	2228	0
0	79	2229	0
1	79	2230	-1.076893
2	79	2231	-13.907363
3	79	2232	-31.022863
4	79	2233	-39.814262
5	79	2234	-37.761906
6	79	2235	-27.421667
7	79	1796	-14.459167
8	79	1501	-4.301361
9	79	1103	-0.516243
10	79	2236	-0.268314
11	79	1140	-9.780303
12	79	1138	-22.423645
13	79	2150	-27.099695
14	79	2237	-24.18972
15	79	1907	-13.50325
16	79	1907	-2.124231
17	79	1723	7.517274
18	79	1158	14.766607
19	79	1159	18.164532
20	79	1140	31.117067
21	79	1158	35.882256
22	79	1140	26.326139
23	79	90	12.127786
24	79	1158	7.857468
25	79	1897	5.559916
26	79	1924	4.305845
27	79	1896	2.892804
28	79	1162	-3.127289
29	79	1924	-9.985518
30	79	1162	-7.862429
31	79	1924	1.544613
32	79	1162	19.644588
33	79	1135	31.769234
34	79	1161	37.427963
35	79	1162	45.535194
36	79	2063	56.534531
37	79	1723	55.158787
38	79	152	54.300678
39	79	18	69.595192
40	79	18	86.954262
41	79	18	93.69442
42	79	18	99.748863
43	79	1074	110.195457
44	79	1103	123.935371
45	79	1103	147.542084
46	79	2238	173.717636
47	79	1885	195.180511
48	79	18	211.018082
49	79	41	214.11145
50	79	41	221.34166
51	79	43	240.208328
52	79	18	247.32341
53	79	30	253.36705
54	79	39	260.234619
55	79	42	260.682831
56	79	778	254.283951
57	79	1272	223.385544
58	79	41	219.98465
59	79	535	220
60	79	437	217.192001
61	79	40	217.192001
62	79	49	217.192001
63	79	76	216.900726
64	79	2073	196.619324
65	79	2075	179.745834
66	79	2213	176.86322
67	79	1865	158.892654
68	79	2073	141.489319
69	79	2074	131.34993
70	79	2239	127.2229
71	79	1824	134.912613
72	79	21	142.372086
73	79	9	137.67215
74	79	2211	141.013504
75	79	1824	152.087921
76	79	40	160.133575
77	79	40	171.61647
78	79	10	191.97406
79	79	966	203.663971
80	79	28	199.37822
81	79	29	183.325821
82	79	19	186.8965
83	79	988	163.05101
84	79	26	145.992767
85	79	26	131.86438
86	79	27	115.748871
87	79	98	99.348671
88	79	897	87.562004
89	79	2178	75.544662
90	79	1520	61.221821
91	79	2240	51.585533
92	79	848	44.650593
93	79	897	36.727142
94	79	1500	26.654921
95	79	2241	15.377336
96	79	1459	7.122278
97	79	685	2.844517
98	79	2242	2.736641
99	79	2243	2.989372
100	79	2031	3.255833
101	79	1460	3.495343
102	79	1396	3.354156
103	79	1368	2.075632
104	79	2244	0.589874
105	79	2077	0.204107
106	79	2188	0.049359
107	79	2245	0
108	79	2246	0
109	79	2109	0
110	79	959	0
111	79	2247	0
112	79	2248	0
113	79	2249	0
114	79	1280	0
115	79	1284	0
116	79	1629	0
117	79	2250	0
118	79	2251	0.351638
119	79	2252	2.133345
120	79	2253	2.908063
121	79	2254	3.672096
122	79	2255	3.214431
123	79	2063	4.200362
124	79	2063	6.694181
125	79	2063	7.993174
126	79	1908	4.720152
127	79	2256	1.368154
128	79	649	0
0	80	2257	0
1	80	2258	-1.917935
2	80	2259	-13.535276
3	80	2260	-27.783079
4	80	2261	-37.836891
5	80	2262	-34.968582
6	80	1934	-26.023901
7	80	1988	-14.629591
8	80	1732	-4.64475
9	80	1157	-0.405426
10	80	1138	-0.041431
11	80	1162	-4.14386
12	80	1796	-11.91428
13	80	2147	-14.544365
14	80	1159	-12.689897
15	80	1897	-6.015149
16	80	1723	8.734049
17	80	1138	21.229511
18	80	1896	26.909939
19	80	878	39.439056
20	80	1138	59.38369
21	80	1896	67.634865
22	80	878	46.655201
23	80	1138	23.847347
24	80	1162	14.02755
25	80	1877	13.472199
26	80	2063	15.564051
27	80	1907	14.631401
28	80	1877	10.633451
29	80	1907	2.733015
30	80	1135	4.515353
31	80	1159	13.815878
32	80	1161	30.203062
33	80	1162	31.867043
34	80	1135	30.703665
35	80	1159	36.618427
36	80	1140	52.896839
37	80	152	56.877693
38	80	18	57.412407
39	80	18	67.551559
40	80	18	83.178154
41	80	18	84.990463
42	80	1074	98.523956
43	80	1661	114.58564
44	80	1103	117.447571
45	80	1661	133.124374
46	80	2238	153.479889
47	80	1495	172.226364
48	80	24	181.101212
49	80	34	181.012589
50	80	45	197.852692
51	80	18	238.085983
52	80	157	258.60498
53	80	41	246.442566
54	80	24	238.762939
55	80	1953	231.38942
56	80	2013	213.040833
57	80	535	208.037872
58	80	496	211.879333
59	80	2263	217.192001
60	80	2210	217.192001
61	80	2264	217.192001
62	80	215	217.192001
63	80	24	216.053635
64	80	2073	197.355804
65	80	1865	170.509277
66	80	40	172.727936
67	80	40	176.183105
68	80	40	165.634354
69	80	2073	147.26265
70	80	2265	149.241287
71	80	12	166.149338
72	80	23	170.812851
73	80	2073	149.057968
74	80	2239	157.715118
75	80	1824	167.073578
76	80	40	167.385803
77	80	40	173.562134
78	80	10	186.141495
79	80	11	204.746796
80	80	156	190.539658
81	80	153	164.071823
82	80	31	151.047562
83	80	13	146.296005
84	80	870	145.496674
85	80	848	134.245956
86	80	1138	113.842216
87	80	1896	92.60247
88	80	1162	80.535309
89	80	2063	67.267662
90	80	1796	52.759399
91	80	1157	43.472263
92	80	870	35.09391
93	80	1261	24.960487
94	80	1411	15.582124
95	80	2266	7.304061
96	80	2267	2.232495
97	80	2268	0.186825
98	80	2269	0.27766
99	80	1394	0.11454
100	80	1395	0
101	80	1382	0.341184
102	80	736	0.672364
103	80	1424	0.392666
104	80	1309	0
105	80	2270	0
106	80	2271	0
107	80	1384	0
108	80	736	0
109	80	2161	0
110	80	2272	0
111	80	2273	0
112	80	2274	0
113	80	2275	0
114	80	2276	0
115	80	2277	0
116	80	2278	0
117	80	2279	0
118	80	2280	0.247301
119	80	2281	-0.659921
120	80	1117	-1.479905
121	80	2237	-1.220652
122	80	1909	3.441533
123	80	1177	9.284541
124	80	1877	12.641138
125	80	1877	10.826149
126	80	2282	5.127212
127	80	2283	0.492668
128	80	1906	0
0	81	2063	0
1	81	2063	-7.600774
2	81	1836	-19.340033
3	81	2284	-27.780598
4	81	2285	-28.673964
5	81	1793	-26.262241
6	81	1661	-18.843145
7	81	2051	-10.334672
8	81	1132	-3.075671
9	81	1820	-0.014345
10	81	1907	1.72303
11	81	1877	4.122005
12	81	1924	3.540718
13	81	878	3.280173
14	81	1158	4.571533
15	81	1161	11.14295
16	81	1162	30.239998
17	81	2063	43.679672
18	81	1723	48.059883
19	81	1820	58.370686
20	81	1980	76.235352
21	81	1122	76.264008
22	81	1402	56.649422
23	81	1897	31.553907
24	81	2063	22.951853
25	81	1877	27.204615
26	81	2063	34.320545
27	81	1907	34.73082
28	81	2063	27.432465
29	81	1924	24.112984
30	81	1896	25.432135
31	81	1162	32.357071
32	81	2063	33.22575
33	81	2286	28.028898
34	81	848	26.024342
35	81	16	34.631611
36	81	17	55.496128
37	81	18	62.085182
38	81	18	59.177128
39	81	1001	65.564026
40	81	1885	73.861977
41	81	1074	79.394272
42	81	1890	87.801727
43	81	1775	99.120117
44	81	1890	95.875641
45	81	1775	100.852592
46	81	1103	119.923157
47	81	24	138.694748
48	81	42	146.509995
49	81	46	147.540985
50	81	18	167.355606
51	81	157	204.966339
52	81	40	244.125381
53	81	41	242.206802
54	81	1191	220.489044
55	81	1272	197.960388
56	81	1328	189.174927
57	81	434	196.5298
58	81	2287	206.704819
59	81	2288	211.599716
60	81	2043	211.638763
61	81	2289	217.192001
62	81	40	216.967865
63	81	40	210.596207
64	81	40	189.023483
65	81	40	170.398148
66	81	40	169.770721
67	81	40	172.6306
68	81	40	166.859177
69	81	10	162.202377
70	81	11	169.658768
71	81	93	174.402344
72	81	40	170.038986
73	81	2290	160.668732
74	81	2291	176.484329
75	81	2211	178.918167
76	81	2210	173.762436
77	81	1824	174.21637
78	81	10	180.93515
79	81	13	189.436447
80	81	9	172.019638
81	81	97	153.805206
82	81	27	139.399857
83	81	897	143.545883
84	81	794	150.660995
85	81	1820	137.032135
86	81	2063	109.47438
87	81	1135	82.56311
88	81	1897	66.43618
89	81	1909	53.374229
90	81	2292	40.194187
91	81	1520	33.130836
92	81	1838	25.328863
93	81	1336	16.208242
94	81	2293	8.39377
95	81	2294	3.456448
96	81	818	0.371936
97	81	1338	0
98	81	1964	0
99	81	2295	0
100	81	1395	0
101	81	2296	0
102	81	2297	0
103	81	925	0
104	81	1103	0
105	81	1727	0
106	81	1460	0
107	81	2296	0
108	81	2298	0
109	81	1416	0
110	81	2149	0
111	81	2299	0
112	81	2252	0
113	81	2300	0
114	81	1159	0
115	81	2301	0
116	81	2302	0
117	81	2303	-0.151863
118	81	685	0.006526
119	81	1133	-3.389958
120	81	2147	-6.983826
121	81	1403	-4.629669
122	81	1134	3.425335
123	81	1909	11.203842
124	81	1177	14.598659
125	81	2063	10.59471
126	81	1907	3.913922
127	81	1877	0
128	81	1877	0
0	82	1877	0
1	82	1908	-10.754698
2	82	2256	-27.657448
3	82	2233	-30.102217
4	82	2304	-22.094492
5	82	1103	-12.845592
6	82	1732	-8.591841
7	82	2240	-4.095083
8	82	2237	-0.359745
9	82	2063	-1.407261
10	82	2063	1.623657
11	82	1877	16.515282
12	82	1924	29.689249
13	82	1896	27.883556
14	82	1162	25.642162
15	82	1907	31.952581
16	82	1877	50.029381
17	82	1924	59.736225
18	82	1162	67.880928
19	82	1178	76.015923
20	82	2070	78.693825
21	82	1924	70.353981
22	82	1162	52.437275
23	82	2063	36.275101
24	82	1907	30.268423
25	82	2063	38.17551
26	82	2063	47.99741
27	82	1877	51.849049
28	82	1877	40.649536
29	82	1907	39.488564
30	82	1877	48.106544
31	82	2063	46.761959
32	82	2305	32.659775
33	82	924	26.780518
34	82	17	28.463606
35	82	0	37.607101
36	82	14	52.698471
37	82	1613	58.206142
38	82	2113	57.365929
39	82	1809	64.74263
40	82	1019	76.16246
41	82	1020	75.893936
42	82	1074	79.315361
43	82	1809	76.719337
44	82	1019	73.547081
45	82	1775	72.56324
46	82	24	92.084923
47	82	34	110.585953
48	82	102	118.2743
49	82	38	120.551537
50	82	39	134.92659
51	82	49	159.016403
52	82	76	193.438446
53	82	42	211.961197
54	82	39	204.292587
55	82	1328	184.501617
56	82	533	189.236313
57	82	2306	205.534164
58	82	2307	201.220398
59	82	2074	211.638763
60	82	1865	209.674561
61	82	40	210.57666
62	82	40	212.136993
63	82	40	186.991913
64	82	40	175.432526
65	82	40	178.772156
66	82	40	182.328476
67	82	40	179.703522
68	82	40	178.499664
69	82	21	183.075699
70	82	36	199.108994
71	82	26	192.553986
72	82	12	174.308456
73	82	23	170.551392
74	82	2290	181.136612
75	82	2308	179.050034
76	82	2309	167.506058
77	82	26	163.473099
78	82	12	164.461685
79	82	11	157.060318
80	82	12	145.483017
81	82	13	141.795578
82	82	22	139.489868
83	82	13	143.178452
84	82	1158	143.981369
85	82	1159	128.871948
86	82	1140	101.908516
87	82	1820	71.760445
88	82	1796	50.989384
89	82	1134	35.86982
90	82	1909	26.607769
91	82	1762	22.16073
92	82	2240	16.173632
93	82	899	10.49175
94	82	873	5.701927
95	82	925	1.383242
96	82	1337	0
97	82	1261	0
98	82	2310	0
99	82	2311	0.058366
100	82	1615	0.027725
101	82	873	0.005229
102	82	897	0
103	82	2171	0
104	82	1889	0
105	82	1412	0
106	82	1615	0
107	82	1103	0
108	82	1732	0
109	82	1521	0
110	82	2141	0
111	82	2177	0
112	82	1140	0
113	82	98	0
114	82	2312	0.094743
115	82	2313	1.325865
116	82	2314	0.052813
117	82	2315	-1.628069
118	82	1402	-2.389341
119	82	1117	-4.912908
120	82	2316	-9.021032
121	82	2317	-5.514672
122	82	1796	3.597809
123	82	1134	11.447959
124	82	2063	12.726788
125	82	1907	8.253178
126	82	1907	3.309274
127	82	1907	0
128	82	1877	0
0	83	1909	0
1	83	2318	-13.845719
2	83	2319	-29.209475
3	83	1796	-31.330414
4	83	1501	-22.792419
5	83	2051	-7.656425
6	83	1762	-0.748069
7	83	1134	-0.141967
8	83	2063	-4.310992
9	83	1907	-9.100079
10	83	1877	-2.185117
11	83	1907	19.678457
12	83	1877	46.070663
13	83	1135	48.117748
14	83	1897	41.973747
15	83	1135	43.30901
16	83	1897	54.467022
17	83	1135	64.244934
18	83	1897	78.757927
19	83	2063	85.547226
20	83	1135	81.447624
21	83	1897	72.134056
22	83	2063	61.372383
23	83	2063	42.113205
24	83	2063	33.093033
25	83	1877	36.039978
26	83	1877	43.854324
27	83	1877	42.774776
28	83	1907	38.984699
29	83	1877	44.91407
30	83	1909	60.813461
31	83	2320	54.20713
32	83	1437	38.227161
33	83	1495	35.356094
34	83	846	39.025013
35	83	847	43.100693
36	83	899	54.005829
37	83	1373	58.472691
38	83	2238	58.720825
39	83	1885	62.614716
40	83	1001	64.682144
41	83	2113	60.192371
42	83	1809	57.536465
43	83	18	56.595734
44	83	1019	55.021801
45	83	41	60.943237
46	83	43	72.708115
47	83	157	88.328362
48	83	24	100.996727
49	83	24	108.942863
50	83	104	115.00885
51	83	215	136.865646
52	83	40	157.142685
53	83	24	174.152573
54	83	1328	179.582306
55	83	561	174.359222
56	83	197	173.358856
57	83	563	186.912537
58	83	40	181.52243
59	83	535	183.382233
60	83	437	193.031586
61	83	40	192.63504
62	83	2211	185.610077
63	83	1824	170.032227
64	83	40	165.970276
65	83	40	171.039169
66	83	40	171.480743
67	83	40	167.183807
68	83	21	179.550659
69	83	22	191.572952
70	83	887	199.862808
71	83	2321	190.978653
72	83	437	170.857407
73	83	10	170.966095
74	83	2322	171.470169
75	83	2323	166.351654
76	83	2324	161.08313
77	83	11	152.490036
78	83	12	143.476013
79	83	23	142.125076
80	83	10	134.333344
81	83	23	128.164032
82	83	10	125.485016
83	83	13	121.070496
84	83	98	115.794533
85	83	90	107.338768
86	83	1158	83.877609
87	83	2301	56.162083
88	83	1177	37.438381
89	83	1731	24.168159
90	83	1795	18.878328
91	83	1796	15.069751
92	83	1501	10.409752
93	83	873	6.008766
94	83	897	2.110986
95	83	793	0
96	83	1792	0
97	83	1987	0
98	83	1731	0.760837
99	83	1661	2.421967
100	83	869	2.592819
101	83	100	1.478191
102	83	2119	0.251631
103	83	2325	0
104	83	1775	0
105	83	1103	0
106	83	1661	0
107	83	2051	0
108	83	1762	0
109	83	1156	0
110	83	1157	0
111	83	98	0
112	83	1138	0
113	83	2326	0
114	83	2327	2.235173
115	83	2328	2.820665
116	83	2329	-0.571649
117	83	1200	-5.907839
118	83	1276	-6.1071
119	83	2330	-5.329247
120	83	2331	-4.933019
121	83	2141	-1.627544
122	83	1177	6.171222
123	83	2063	8.758905
124	83	1909	8.123893
125	83	1177	5.771438
126	83	1909	2.017457
127	83	1177	0.118758
128	83	1731	0
0	84	1732	0
1	84	1521	-11.343514
2	84	1177	-29.788076
3	84	1731	-32.738949
4	84	1732	-24.101568
5	84	1134	-6.356047
6	84	2063	0.136611
7	84	2063	-0.202592
8	84	1877	-9.806803
9	84	1877	-10.909138
10	84	1135	-2.60725
11	84	1897	14.650445
12	84	1924	32.630394
13	84	1162	41.128887
14	84	1924	43.440529
15	84	1162	47.649864
16	84	1723	60.53508
17	84	1820	76.802544
18	84	2063	87.139069
19	84	1723	88.191376
20	84	1820	82.843719
21	84	1877	77.147514
22	84	1877	71.907791
23	84	1907	53.61507
24	84	1877	32.613209
25	84	1907	26.786983
26	84	1907	26.112684
27	84	1907	26.272955
28	84	1907	32.235332
29	84	1796	43.938725
30	84	2332	57.481365
31	84	2113	58.715904
32	84	1373	53.871552
33	84	1373	57.52639
34	84	1103	58.415886
35	84	1373	62.462399
36	84	1022	65.803108
37	84	872	65.740761
38	84	2238	63.726212
39	84	1002	58.493
40	84	2136	50.781006
41	84	1020	46.465355
42	84	18	45.893536
43	84	18	49.944637
44	84	24	55.092274
45	84	42	55.530186
46	84	154	58.329605
47	84	33	70.332939
48	84	24	87.816681
49	84	216	101.921875
50	84	161	117.789078
51	84	76	131.145981
52	84	34	138.021729
53	84	2333	153.844376
54	84	480	165.060089
55	84	2334	173.470886
56	84	2335	173.104034
57	84	2336	179.841141
58	84	496	184.054718
59	84	495	177.340759
60	84	2337	170.200043
61	84	2212	173.359528
62	84	2338	176.203354
63	84	662	165.360626
64	84	437	162.341599
65	84	40	154.968719
66	84	535	149.255112
67	84	951	143.080673
68	84	9	163.505142
69	84	2339	180.919006
70	84	2340	188.615845
71	84	688	185.183121
72	84	93	162.868698
73	84	40	156.356003
74	84	2073	166.68718
75	84	2239	158.431992
76	84	2184	142.166428
77	84	23	132.75473
78	84	41	133.524048
79	84	97	131.1353
80	84	158	126.397705
81	84	159	109.769852
82	84	266	97.445068
83	84	16	89.994766
84	84	99	81.237373
85	84	870	73.732597
86	84	871	60.270802
87	84	1116	43.704185
88	84	1217	28.913849
89	84	1116	18.468596
90	84	1159	11.283788
91	84	1217	7.931582
92	84	794	4.224872
93	84	90	1.662418
94	84	870	0
95	84	899	0
96	84	1795	0.003249
97	84	1731	1.362527
98	84	1373	5.501624
99	84	2238	8.232515
100	84	1885	8.629324
101	84	2341	6.617838
102	84	2342	3.472836
103	84	2343	0.727494
104	84	1732	0.016332
105	84	1156	0
106	84	1501	0
107	84	2051	0
108	84	2141	0
109	84	1200	0
110	84	848	0
111	84	1820	0
112	84	1796	0
113	84	1838	0.520389
114	84	2344	3.418947
115	84	1762	4.026963
116	84	2090	-3.894085
117	84	2220	-8.109415
118	84	2345	-5.747011
119	84	2346	1.59375
120	84	1732	0.780607
121	84	1134	3.45778
122	84	2063	5.729098
123	84	1796	5.82959
124	84	1134	0.235485
125	84	1731	-3.705715
126	84	1795	-3.064975
127	84	1731	-0.221211
128	84	1795	0
0	85	1731	0
1	85	2051	-16.753344
2	85	1762	-30.180798
3	85	1134	-33.464436
4	85	1877	-26.073553
5	85	1877	-7.063762
6	85	1907	1.252122
7	85	1877	-3.298348
8	85	1877	-11.077357
9	85	1924	-8.84936
10	85	1162	1.851353
11	85	1907	14.054524
12	85	2063	25.687351
13	85	1135	37.361843
14	85	1159	48.599556
15	85	2347	62.07452
16	85	2348	79.871658
17	85	1159	93.652626
18	85	1140	97.403229
19	85	1820	87.551384
20	85	1135	78.362717
21	85	1897	74.343185
22	85	1877	74.008026
23	85	2063	56.241077
24	85	1907	34.556721
25	85	1877	21.672079
26	85	2063	17.1196
27	85	1909	18.353441
28	85	1177	27.654741
29	85	1731	43.685345
30	85	1373	58.178509
31	85	1732	71.167038
32	85	2349	81.702019
33	85	2136	88.549255
34	85	1775	88.330971
35	85	1337	84.458054
36	85	899	79.397713
37	85	1890	72.238853
38	85	1850	64.367493
39	85	1495	53.762352
40	85	1495	41.837627
41	85	1885	40.01025
42	85	18	46.129532
43	85	40	57.854649
44	85	24	59.708168
45	85	42	55.37981
46	85	154	56.279198
47	85	74	68.4646
48	85	217	82.192139
49	85	160	93.459984
50	85	545	105.632927
51	85	1236	119.439613
52	85	409	125.314255
53	85	2350	140.128616
54	85	1926	154.940659
55	85	2351	174.283188
56	85	2352	178.915741
57	85	592	181.435822
58	85	687	176.989975
59	85	2353	162.014236
60	85	2354	154.807556
61	85	1983	154.13147
62	85	592	156.529419
63	85	593	158.036682
64	85	97	158.885101
65	85	2355	145.037109
66	85	2356	140.007492
67	85	2321	131.705719
68	85	1148	136.944122
69	85	11	158.23465
70	85	12	169.621704
71	85	23	159.100693
72	85	40	141.427643
73	85	41	146.04509
74	85	2073	164.550156
75	85	1865	155.680084
76	85	41	132.228195
77	85	24	121.056549
78	85	10	116.292709
79	85	214	120.366386
80	85	38	112.013588
81	85	1009	85.123589
82	85	5	65.03093
83	85	15	54.503883
84	85	1133	45.960659
85	85	1157	42.884499
86	85	98	43.539444
87	85	1138	36.170048
88	85	878	21.940784
89	85	1138	9.478305
90	85	878	2.628992
91	85	870	1.785144
92	85	848	0.550023
93	85	897	0
94	85	793	0
95	85	1116	0.061797
96	85	1403	1.152252
97	85	1501	5.117238
98	85	1373	11.658514
99	85	2238	16.813177
100	85	2357	17.668488
101	85	1521	14.011146
102	85	2358	8.460333
103	85	2359	3.638728
104	85	2063	0.793566
105	85	1796	0.031256
106	85	1501	0
107	85	1661	0
108	85	1103	0
109	85	873	0
110	85	1176	0
111	85	1177	0
112	85	1731	0
113	85	1022	0.208566
114	85	1116	3.468318
115	85	2360	2.732682
116	85	2361	-5.191928
117	85	2362	-7.611291
118	85	1407	-0.726309
119	85	1795	7.584998
120	85	1909	7.859295
121	85	1177	5.244279
122	85	1907	6.589031
123	85	1909	3.766218
124	85	1988	-4.511378
125	85	2051	-10.376659
126	85	1988	-7.53444
127	85	2051	-2.559564
128	85	1988	0
0	86	1373	0
1	86	1795	-21.724695
2	86	1877	-31.965693
3	86	1907	-35.395126
4	86	2063	-29.188862
5	86	1980	-11.928117
6	86	2071	-4.128162
7	86	1897	-10.115603
8	86	1877	-13.226253
9	86	1907	-7.371937
10	86	1907	4.97085
11	86	1135	18.673094
12	86	1117	30.009516
13	86	2363	44.565113
14	86	2364	62.061085
15	86	2365	81.322098
16	86	98	93.289253
17	86	1138	103.576675
18	86	1402	101.658508
19	86	1161	88.895882
20	86	1162	75.987022
21	86	1877	71.917068
22	86	1877	67.238022
23	86	1877	50.693607
24	86	1907	33.180824
25	86	1907	20.859779
26	86	1731	16.287626
27	86	1795	18.049425
28	86	1731	27.743742
29	86	1732	45.329296
30	86	1521	66.166321
31	86	2342	83.868866
32	86	2173	101.14621
33	86	1074	106.016426
34	86	1661	104.138496
35	86	1890	98.349167
36	86	1020	89.593224
37	86	1074	77.239464
38	86	1022	62.443493
39	86	872	46.407391
40	86	1809	37.226883
41	86	18	39.247272
42	86	41	50.711559
43	86	41	65.959221
44	86	40	61.951828
45	86	77	54.64814
46	86	805	60.939152
47	86	270	73.850441
48	86	48	80.212006
49	86	1953	83.618134
50	86	513	90.583641
51	86	2366	98.670471
52	86	2367	104.73848
53	86	2368	121.069366
54	86	2369	147.899323
55	86	2370	170.869232
56	86	2371	170.474335
57	86	40	164.097473
58	86	1169	160.612701
59	86	2372	145.462875
60	86	2100	141.476318
61	86	593	135.333466
62	86	40	142.157364
63	86	10	138.714905
64	86	11	143.974854
65	86	494	138.603378
66	86	434	123.087112
67	86	2373	110.133026
68	86	27	109.615555
69	86	9	120.178841
70	86	40	129.409027
71	86	2211	128.541809
72	86	1824	126.443008
73	86	2211	132.404449
74	86	1824	138.870209
75	86	41	123.115929
76	86	40	103.962845
77	86	40	93.551323
78	86	97	87.050919
79	86	158	91.67971
80	86	266	81.603447
81	86	22	60.383976
82	86	25	43.505291
83	86	2374	31.379097
84	86	1122	26.004202
85	86	878	26.579535
86	86	1158	30.272635
87	86	1161	26.922453
88	86	1402	13.505905
89	86	1140	0.697488
90	86	897	-6.417037
91	86	794	-4.199125
92	86	870	-0.677653
93	86	848	-0.018183
94	86	870	0.001562
95	86	2375	0.242127
96	86	1837	2.709407
97	86	1501	9.332116
98	86	1732	19.063541
99	86	2174	28.689232
100	86	2376	30.737822
101	86	2377	23.994879
102	86	2070	15.510964
103	86	2378	8.514534
104	86	2379	3.472541
105	86	1796	0.579284
106	86	1501	0.006351
107	86	1661	0
108	86	873	0
109	86	925	0
110	86	2051	0
111	86	1762	0
112	86	1119	0
113	86	1896	0.857134
114	86	2380	3.439699
115	86	1792	2.256429
116	86	1905	-4.894222
117	86	2146	-5.871603
118	86	1521	2.747091
119	86	1762	12.041214
120	86	1134	9.022727
121	86	1877	4.540579
122	86	1796	5.816174
123	86	1501	6.944208
124	86	1661	-0.042698
125	86	1661	-5.828381
126	86	1732	-5.154032
127	86	1156	-1.612822
128	86	1156	0
0	87	1521	0
1	87	1177	-23.926302
2	87	1980	-34.838467
3	87	2381	-38.443123
4	87	2096	-33.75153
5	87	2382	-20.201035
6	87	1162	-15.131604
7	87	1907	-15.362503
8	87	1135	-14.109488
9	87	1897	-7.685748
10	87	1924	3.941962
11	87	2383	19.578747
12	87	2384	37.714485
13	87	2385	55.338207
14	87	2365	71.404747
15	87	1138	85.57312
16	87	1162	91.721397
17	87	1723	98.954018
18	87	1158	100.306091
19	87	1159	91.904533
20	87	2301	80.728012
21	87	1177	70.680061
22	87	2063	58.788948
23	87	1909	44.087326
24	87	2141	29.90288
25	87	1988	19.642252
26	87	2051	16.32255
27	87	1762	18.125326
28	87	1521	28.530306
29	87	1988	48.079163
30	87	2386	70.846291
31	87	2387	88.720688
32	87	1074	103.531334
33	87	1103	110.325676
34	87	866	109.715515
35	87	1613	104.901398
36	87	2113	96.036301
37	87	873	81.893333
38	87	925	62.694645
39	87	1809	45.036541
40	87	18	37.338654
41	87	40	40.84726
42	87	34	51.045345
43	87	159	58.360825
44	87	468	54.623257
45	87	161	55.180496
46	87	217	60.239574
47	87	76	68.752144
48	87	1191	71.833031
49	87	423	79.66449
50	87	2388	87.311371
51	87	2075	88.800583
52	87	2389	91.59288
53	87	2390	108.555428
54	87	2213	129.605835
55	87	1865	150.873306
56	87	40	152.156311
57	87	40	144.925446
58	87	40	132.867645
59	87	40	121.709976
60	87	40	115.736816
61	87	40	119.93988
62	87	40	124.074852
63	87	879	125.47699
64	87	2391	132.293182
65	87	738	120.958229
66	87	8	106.458267
67	87	22	100.131088
68	87	11	99.109047
69	87	93	98.465019
70	87	2073	108.784538
71	87	1865	107.996956
72	87	2392	111.955742
73	87	2393	113.271172
74	87	1824	113.678375
75	87	41	104.002014
76	87	97	79.61377
77	87	12	69.789726
78	87	966	70.762024
79	87	370	71.807503
80	87	101	60.38496
81	87	155	44.855171
82	87	1046	30.276892
83	87	2235	19.44595
84	87	1163	14.069504
85	87	99	15.110838
86	87	1158	21.332535
87	87	1161	20.299122
88	87	1896	8.279626
89	87	2150	-2.372656
90	87	2209	-9.034489
91	87	2394	-7.356641
92	87	1337	-1.870523
93	87	899	-0.11979
94	87	1502	0.001239
95	87	2395	0.385843
96	87	1837	3.616533
97	87	1521	12.943648
98	87	2396	28.970335
99	87	1001	41.081249
100	87	2397	43.573681
101	87	2398	37.278042
102	87	2399	25.215973
103	87	2400	14.969444
104	87	2401	7.403518
105	87	2402	2.183359
106	87	1501	0.019271
107	87	1337	0
108	87	899	0
109	87	1732	0
110	87	1134	0
111	87	2063	0
112	87	1877	0.292833
113	87	2286	1.690428
114	87	1118	3.321383
115	87	1134	0.483398
116	87	1877	-6.537596
117	87	1731	-5.771227
118	87	1795	3.433452
119	87	2063	11.123808
120	87	1877	7.445652
121	87	2063	0.484043
122	87	1731	2.374707
123	87	1661	8.22014
124	87	1732	7.975132
125	87	1521	4.597421
126	87	2141	2.414563
127	87	1177	1.238107
128	87	1796	0
0	88	2147	0
1	88	2403	-24.89057
2	88	1108	-37.339901
3	88	2070	-42.771118
4	88	1980	-39.158306
5	88	2069	-29.283243
6	88	1907	-23.990267
7	88	1924	-19.145615
8	88	1402	-13.535518
9	88	1159	-6.043783
10	88	2404	6.308178
11	88	2405	23.93479
12	88	2406	44.713787
13	88	2407	62.166744
14	88	2408	75.131371
15	88	2409	83.923386
16	88	1161	84.86235
17	88	2410	84.231171
18	88	2411	97.934395
19	88	1033	100.951759
20	88	2359	89.027824
21	88	1877	71.025917
22	88	1796	52.914604
23	88	1156	39.663677
24	88	1156	27.630455
25	88	2349	19.542747
26	88	2359	16.43059
27	88	1796	17.953377
28	88	1156	27.033964
29	88	2412	45.536922
30	88	2413	66.178757
31	88	2414	83.997826
32	88	2171	99.56514
33	88	1465	109.619972
34	88	925	112.71888
35	88	1661	109.116768
36	88	873	100.708633
37	88	925	85.493095
38	88	2238	63.881874
39	88	1885	45.464573
40	88	41	37.211292
41	88	42	38.115685
42	88	1235	45.739437
43	88	713	52.665459
44	88	468	64.080467
45	88	270	69.306046
46	88	545	66.774277
47	88	102	61.616108
48	88	31	63.795876
49	88	23	74.194443
50	88	1985	86.723015
51	88	2354	83.756271
52	88	2390	81.688042
53	88	1900	91.98407
54	88	97	112.838905
55	88	26	136.671494
56	88	93	143.066132
57	88	40	131.472488
58	88	40	116.090393
59	88	40	112.017883
60	88	40	115.255074
61	88	40	125.018188
62	88	1169	128.577667
63	88	593	130.431198
64	88	1328	133.116898
65	88	516	117.6343
66	88	880	107.261444
67	88	12	102.913643
68	88	23	93.677757
69	88	41	95.384499
70	88	40	105.423172
71	88	2290	103.441101
72	88	2415	96.663635
73	88	1865	92.969437
74	88	41	82.216644
75	88	10	74.859131
76	88	11	63.543152
77	88	1137	56.739544
78	88	1139	57.491688
79	88	14	62.516068
80	88	15	57.074432
81	88	5	42.656677
82	88	963	24.217646
83	88	2098	11.894184
84	88	15	4.971076
85	88	98	4.344935
86	88	1158	8.827106
87	88	1159	9.778538
88	88	1217	2.908863
89	88	2416	-5.855536
90	88	1796	-11.620125
91	88	1156	-9.091603
92	88	1156	-3.058804
93	88	2417	-0.500674
94	88	2418	-0.004519
95	88	2419	0.444525
96	88	1988	4.395202
97	88	2420	16.281467
98	88	2421	37.046661
99	88	1393	52.090015
100	88	2422	57.109261
101	88	2423	52.283756
102	88	2424	37.329395
103	88	1300	22.658409
104	88	2425	11.736989
105	88	1988	4.010036
106	88	1022	0.171249
107	88	872	0
108	88	1795	0
109	88	2063	0
110	88	1836	0
111	88	1965	0
112	88	1796	0.368787
113	88	1521	0.808088
114	88	1177	-0.195169
115	88	2063	-3.700729
116	88	1796	-9.080029
117	88	1134	-5.290226
118	88	2063	1.997642
119	88	1877	6.53954
120	88	1877	4.146335
121	88	1796	-2.202854
122	88	1156	-3.192454
123	88	1521	4.522949
124	88	1988	12.91013
125	88	1661	10.978165
126	88	2051	6.50614
127	88	2141	2.138735
128	88	1132	0
0	89	152	0
1	89	2095	-23.031149
2	89	2381	-39.548645
3	89	2096	-47.466011
4	89	2070	-45.551258
5	89	1877	-38.117504
6	89	1877	-31.81797
7	89	1723	-23.100454
8	89	1138	-12.296803
9	89	2426	-2.088148
10	89	2427	10.574845
11	89	2428	29.066647
12	89	2406	49.455753
13	89	2429	64.232384
14	89	2430	73.813972
15	89	1162	79.929901
16	89	2431	80.213074
17	89	2432	75.394104
18	89	87	89.607056
19	89	963	104.958801
20	89	2301	97.785088
21	89	1177	72.986359
22	89	2063	48.839474
23	89	2063	37.197193
24	89	2433	28.456915
25	89	2434	22.145687
26	89	1177	17.709402
27	89	1135	17.338982
28	89	1897	24.433985
29	89	1731	36.536404
30	89	1337	52.861023
31	89	2435	72.158195
32	89	2436	91.810089
33	89	871	105.406601
34	89	872	113.247978
35	89	1337	112.346252
36	89	840	101.653786
37	89	2136	84.746239
38	89	1020	62.765148
39	89	24	42.935467
40	89	535	37.762375
41	89	2437	36.060177
42	89	491	37.893848
43	89	44	51.947273
44	89	159	74.818115
45	89	102	82.024117
46	89	760	79.468948
47	89	217	65.45166
48	89	1516	61.047741
49	89	2355	67.40329
50	89	2353	75.638321
51	89	2009	68.414871
52	89	2438	63.96452
53	89	10	74.745987
54	89	25	88.745613
55	89	11	112.703018
56	89	93	130.002991
57	89	40	120.153214
58	89	40	111.886856
59	89	40	108.611664
60	89	40	126.021217
61	89	40	158.322006
62	89	40	155.025986
63	89	1169	142.883408
64	89	738	143.958115
65	89	2439	129.785187
66	89	23	106.0812
67	89	40	100.949158
68	89	97	90.313988
69	89	158	88.36026
70	89	35	89.231712
71	89	2440	80.54203
72	89	2441	67.604836
73	89	26	64.24012
74	89	26	55.487286
75	89	27	49.78347
76	89	1158	46.651035
77	89	2007	41.886627
78	89	99	48.578857
79	89	1138	58.60553
80	89	878	54.648281
81	89	90	43.41824
82	89	90	24.317942
83	89	16	9.01195
84	89	1164	-2.012747
85	89	878	-5.99558
86	89	1138	-3.023009
87	89	1896	-0.11735
88	89	1374	-3.06337
89	89	2141	-9.207044
90	89	1177	-12.263286
91	89	2063	-9.041616
92	89	1723	-3.852513
93	89	1820	-1.075475
94	89	1731	0.087923
95	89	1608	0.929909
96	89	2442	7.005092
97	89	2443	20.8449
98	89	2003	44.327831
99	89	2444	62.792107
100	89	1185	71.284264
101	89	2445	69.759109
102	89	2444	50.216721
103	89	1396	30.431894
104	89	1423	15.552308
105	89	873	5.294778
106	89	1133	0.436463
107	89	2205	0
108	89	2423	0
109	89	2231	0
110	89	2446	0
111	89	1907	0.042618
112	89	1731	0.403364
113	89	2051	-0.862614
114	89	1177	-3.721322
115	89	1909	-7.742564
116	89	2141	-10.730712
117	89	1177	-5.050256
118	89	2063	0.079356
119	89	1877	3.001282
120	89	1907	2.832554
121	89	1877	-2.832308
122	89	1796	-5.687376
123	89	1501	3.972333
124	89	1103	13.024416
125	89	1661	12.010097
126	89	1732	6.589422
127	89	1119	2.083321
128	89	2447	0
0	90	18	0
1	90	18	-18.598623
2	90	2095	-39.785034
3	90	2069	-51.563225
4	90	1877	-50.595825
5	90	2063	-47.761845
6	90	1723	-41.906017
7	90	1820	-32.546902
8	90	2448	-20.186611
9	90	2449	-5.312001
10	90	2450	10.27673
11	90	2451	28.82826
12	90	2452	47.091328
13	90	2453	60.013649
14	90	2454	67.120781
15	90	2069	72.705719
16	90	2006	71.647308
17	90	815	67.944664
18	90	842	76.938927
19	90	2455	94.839714
20	90	1134	96.897835
21	90	1909	73.816963
22	90	2141	52.021225
23	90	1762	39.640511
24	90	1156	31.47785
25	90	1521	25.03677
26	90	1132	20.153362
27	90	1176	18.013498
28	90	1762	21.536631
29	90	1115	26.98456
30	90	867	37.804337
31	90	2456	58.248913
32	90	1465	79.530769
33	90	925	96.449448
34	90	1661	107.176956
35	90	2238	107.011543
36	90	1495	95.950699
37	90	1885	77.827217
38	90	41	58.098156
39	90	1191	43.185875
40	90	1329	43.863384
41	90	46	42.90871
42	90	18	44.310772
43	90	30	54.960434
44	90	154	73.348923
45	90	468	87.699562
46	90	270	83.203316
47	90	1822	69.927376
48	90	1789	63.699589
49	90	911	64.523849
50	90	1051	58.350082
51	90	757	52.372124
52	90	33	53.504684
53	90	40	61.368965
54	90	10	73.430237
55	90	11	99.154236
56	90	26	120.016441
57	90	93	116.620293
58	90	40	113.218864
59	90	2211	124.967758
60	90	1824	150.302795
61	90	40	171.102509
62	90	40	166.097183
63	90	2339	156.58107
64	90	493	155.623474
65	90	26	146.79657
66	90	93	95.311005
67	90	21	81.261147
68	90	5	81.476494
69	90	96	94.025505
70	90	2457	88.987038
71	90	2458	78.466942
72	90	25	60.126949
73	90	13	44.46904
74	90	98	31.752518
75	90	16	29.383858
76	90	87	28.635468
77	90	370	28.663559
78	90	2116	39.787441
79	90	1163	49.743023
80	90	99	50.993187
81	90	90	43.96394
82	90	152	30.180902
83	90	2459	11.859006
84	90	1140	-3.08514
85	90	1820	-10.79853
86	90	1909	-10.315716
87	90	1988	-7.367042
88	90	1732	-7.328746
89	90	1134	-10.169629
90	90	1909	-11.533154
91	90	2292	-7.499148
92	90	1374	-3.562911
93	90	1522	-1.155751
94	90	1717	0.359177
95	90	2067	2.653916
96	90	1527	10.758575
97	90	2460	26.42174
98	90	2461	49.58794
99	90	2462	69.464653
100	90	2463	80.730377
101	90	1355	81.565437
102	90	1279	64.748711
103	90	1336	36.983414
104	90	818	18.267475
105	90	2464	5.925231
106	90	2302	0.376924
107	90	2465	0
108	90	2466	0
109	90	2467	0
110	90	1177	0.885937
111	90	1731	2.328975
112	90	1732	1.014347
113	90	1134	-2.129378
114	90	2468	-6.847025
115	90	2136	-12.052429
116	90	2469	-14.352088
117	90	2141	-6.301601
118	90	1177	-1.009897
119	90	1909	1.408942
120	90	1177	0.741558
121	90	1980	-4.383929
122	90	2175	-6.068419
123	90	1373	6.046616
124	90	1373	15.946733
125	90	1795	13.526406
126	90	2063	6.383034
127	90	2470	1.601131
128	90	18	0
0	91	18	0
1	91	18	-16.802931
2	91	2095	-36.860584
3	91	2381	-49.568573
4	91	2069	-51.506596
5	91	1924	-52.182404
6	91	1162	-48.253723
7	91	2471	-40.474461
8	91	2472	-28.074892
9	91	899	-13.59143
10	91	2473	3.009504
11	91	2474	20.629145
12	91	99	37.626778
13	91	1165	45.357693
14	91	2070	51.013569
15	91	1163	58.396236
16	91	1476	56.064842
17	91	1020	55.867779
18	91	2235	60.879883
19	91	2063	75.241722
20	91	1731	82.553505
21	91	1732	74.525826
22	91	1134	59.693024
23	91	1909	47.931404
24	91	1762	40.398949
25	91	1157	32.500027
26	91	925	25.556786
27	91	1795	21.615129
28	91	1924	21.616268
29	91	2150	21.701004
30	91	2151	27.205256
31	91	1109	44.729111
32	91	925	64.666481
33	91	1661	81.591202
34	91	1373	92.670044
35	91	1890	95.171272
36	91	1020	84.613541
37	91	40	67.315811
38	91	42	48.638615
39	91	39	41.299698
40	91	43	48.215588
41	91	18	55.034138
42	91	44	54.359573
43	91	45	58.576138
44	91	1297	73.464066
45	91	437	83.788818
46	91	216	76.5709
47	91	934	67.302757
48	91	25	64.197144
49	91	25	65.505013
50	91	214	59.285686
51	91	39	54.796848
52	91	97	56.979473
53	91	93	61.527027
54	91	21	71.670891
55	91	90	92.567284
56	91	9	102.406937
57	91	2211	107.28334
58	91	2212	117.186447
59	91	2393	130.867233
60	91	2210	149.525253
61	91	2441	142.639099
62	91	27	134.665024
63	91	98	136.601166
64	91	22	149.419876
65	91	23	133.174164
66	91	10	82.739014
67	91	725	64.654533
68	91	1164	74.292305
69	91	878	78.896042
70	91	9	73.858368
71	91	34	55.241146
72	91	266	34.957676
73	91	98	14.068241
74	91	1165	1.115889
75	91	2475	1.684089
76	91	2119	7.388958
77	91	1179	10.260737
78	91	2387	19.238037
79	91	2041	31.544569
80	91	1896	43.911858
81	91	1139	45.943851
82	91	370	37.214642
83	91	99	20.233559
84	91	2476	3.213802
85	91	2477	-7.56707
86	91	1501	-11.449527
87	91	2051	-10.742019
88	91	1177	-9.796351
89	91	1796	-10.41182
90	91	2147	-9.152976
91	91	2148	-5.465358
92	91	1502	-2.533655
93	91	1856	-0.746461
94	91	2478	0.535293
95	91	2479	3.477568
96	91	2480	12.216624
97	91	1280	27.314232
98	91	1464	49.116013
99	91	2481	69.12516
100	91	2482	81.192787
101	91	1833	83.815216
102	91	1337	71.227242
103	91	871	43.148102
104	91	872	20.149168
105	91	1795	6.193449
106	91	2117	0.483612
107	91	2483	0.02221
108	91	1156	0
109	91	1521	0.188442
110	91	1762	3.871299
111	91	1134	4.946789
112	91	1909	2.449311
113	91	2342	-2.495349
114	91	2413	-9.395122
115	91	2113	-18.054512
116	91	1732	-17.557941
117	91	1521	-6.159567
118	91	1988	-0.62398
119	91	2051	1.224687
120	91	2342	-0.602369
121	91	2325	-7.390104
122	91	1775	-3.995375
123	91	1732	9.110965
124	91	1134	18.670292
125	91	1980	15.946325
126	91	2096	6.162551
127	91	1859	1.133826
128	91	2173	0
0	92	18	0
1	92	18	-16.206364
2	92	1108	-29.775053
3	92	2070	-37.708076
4	92	1877	-41.380264
5	92	1135	-45.800938
6	92	2484	-47.650204
7	92	2450	-42.410793
8	92	1103	-29.268419
9	92	869	-16.031584
10	92	17	-3.035669
11	92	2041	11.103235
12	92	1162	26.601992
13	92	1877	37.025234
14	92	2433	37.626404
15	92	2172	42.314533
16	92	2485	45.211018
17	92	2486	46.344261
18	92	2177	51.882839
19	92	2487	63.156235
20	92	2488	75.090782
21	92	2141	79.554428
22	92	1988	74.537247
23	92	2051	68.825188
24	92	1132	61.21122
25	92	897	51.157406
26	92	2489	39.825771
27	92	1177	31.762163
28	92	1796	26.80555
29	92	1134	23.094624
30	92	1924	22.563158
31	92	2490	31.0991
32	92	1775	46.871216
33	92	1890	61.8251
34	92	1020	75.008698
35	92	1001	79.023407
36	92	41	71.207436
37	92	535	54.245609
38	92	437	37.364559
39	92	43	32.122559
40	92	18	40.505474
41	92	196	51.613018
42	92	1669	60.393776
43	92	1255	63.071781
44	92	2263	70.985703
45	92	2336	74.694901
46	92	437	68.701889
47	92	40	60.702667
48	92	49	58.028454
49	92	76	62.649746
50	92	97	61.170231
51	92	12	56.011436
52	92	11	51.600338
53	92	12	54.644783
54	92	2182	64.937492
55	92	2491	80.559647
56	92	2492	86.291435
57	92	2493	88.351456
58	92	2368	99.871391
59	92	2389	115.350159
60	92	2494	120.522964
61	92	2182	124.967484
62	92	2324	123.533401
63	92	11	117.866783
64	92	26	106.005791
65	92	158	90.743912
66	92	2495	66.186676
67	92	1179	51.323341
68	92	1981	45.381702
69	92	36	36.17746
70	92	156	33.14452
71	92	15	17.169193
72	92	16	4.001306
73	92	2116	-8.479955
74	92	1178	-18.780666
75	92	2070	-20.854012
76	92	1178	-16.752947
77	92	1859	-14.223742
78	92	2070	-7.011447
79	92	1907	7.539425
80	92	1163	22.804016
81	92	2119	35.781837
82	92	2382	38.65237
83	92	2179	32.481949
84	92	1179	21.003878
85	92	2477	1.132086
86	92	2349	-10.194201
87	92	2496	-12.210012
88	92	2069	-11.78104
89	92	1924	-11.250978
90	92	2380	-6.776059
91	92	1281	-3.664476
92	92	2497	-1.316581
93	92	1506	-0.184542
94	92	2088	0.334523
95	92	1923	3.073639
96	92	2498	10.851343
97	92	2380	23.49054
98	92	2499	41.28212
99	92	2297	61.258316
100	92	897	74.274017
101	92	872	77.547455
102	92	1337	69.832672
103	92	1118	46.463062
104	92	1134	21.609879
105	92	1877	6.870502
106	92	2063	2.00146
107	92	1907	3.257698
108	92	1731	5.200727
109	92	1795	5.366895
110	92	1909	7.681989
111	92	1762	8.604245
112	92	1134	5.170095
113	92	1796	-1.295824
114	92	2349	-10.890817
115	92	2359	-19.314936
116	92	1796	-13.63975
117	92	1501	-3.813545
118	92	1103	1.411569
119	92	1795	2.328892
120	92	1178	-1.428313
121	92	2500	-10.915518
122	92	1134	-3.918419
123	92	1907	11.853021
124	92	1178	19.944689
125	92	1179	15.904261
126	92	2381	5.672015
127	92	2096	0.017975
128	92	2173	0
0	93	1108	0
1	93	2070	-10.909091
2	93	1877	-19.020468
3	93	1980	-23.526804
4	93	2501	-27.348228
5	93	2209	-35.208023
6	93	2380	-44.567711
7	93	793	-42.353012
8	93	2502	-26.510141
9	93	1859	-9.736559
10	93	2070	-4.201502
11	93	1980	3.473739
12	93	2503	20.174139
13	93	1988	30.906012
14	93	2051	29.977848
15	93	2504	34.461388
16	93	2505	39.412651
17	93	2506	45.997677
18	93	2507	57.081181
19	93	2508	74.959824
20	93	2509	86.365173
21	93	1156	95.836464
22	93	2349	100.756607
23	93	841	102.511917
24	93	848	93.209129
25	93	897	74.996819
26	93	2489	60.402203
27	93	2141	48.984241
28	93	1177	38.623913
29	93	1877	27.892271
30	93	2433	21.259584
31	93	1002	19.218575
32	93	1020	26.138996
33	93	18	41.040817
34	93	1019	54.387211
35	93	40	61.450962
36	93	1169	57.161816
37	93	593	42.035561
38	93	42	30.927668
39	93	46	26.608828
40	93	560	27.101625
41	93	563	37.220596
42	93	2042	49.309555
43	93	1926	57.637081
44	93	1983	63.611435
45	93	825	66.399994
46	93	33	67.806511
47	93	216	61.709587
48	93	545	56.371307
49	93	35	51.320778
50	93	23	49.634911
51	93	10	44.80302
52	93	11	40.252232
53	93	2492	41.586388
54	93	2510	54.362888
55	93	2511	71.70993
56	93	2009	66.869095
57	93	2354	60.511368
58	93	2288	74.829269
59	93	2393	89.154663
60	93	2212	81.609535
61	93	2309	83.089157
62	93	27	93.710762
63	93	98	93.35997
64	93	826	74.456352
65	93	2512	60.540398
66	93	1198	54.777882
67	93	2382	38.85688
68	93	1896	26.486595
69	93	2513	10.655725
70	93	99	9.811075
71	93	5	4.470721
72	93	1952	-5.47616
73	93	1135	-13.309709
74	93	1159	-28.923031
75	93	1897	-33.930367
76	93	1980	-28.309587
77	93	2069	-23.193092
78	93	1980	-19.803936
79	93	2096	-15.735717
80	93	2070	-3.515247
81	93	1877	19.184925
82	93	1907	34.055824
83	93	2470	32.150311
84	93	2235	25.021788
85	93	2470	9.469362
86	93	1108	-8.250311
87	93	2097	-14.741001
88	93	1897	-14.507932
89	93	1924	-10.385253
90	93	2514	-5.610173
91	93	1671	-2.241524
92	93	1423	-0.521551
93	93	1732	0.025918
94	93	2417	0.872672
95	93	2515	3.146996
96	93	1140	7.946456
97	93	897	17.310162
98	93	818	30.041754
99	93	1693	46.631687
100	93	1367	62.308693
101	93	1423	68.175903
102	93	2516	63.202076
103	93	2379	44.33989
104	93	1909	23.170536
105	93	2141	10.776303
106	93	1177	7.366919
107	93	1796	12.404655
108	93	1134	16.490677
109	93	1796	15.198178
110	93	1134	13.30785
111	93	1877	12.51423
112	93	1907	9.563288
113	93	2470	1.986341
114	93	2095	-7.529375
115	93	2069	-9.615192
116	93	2468	-5.807981
117	93	2136	0.229727
118	93	2359	3.828581
119	93	1909	3.852266
120	93	1177	0.214318
121	93	1877	-5.822104
122	93	1980	-1.670543
123	93	2069	12.003978
124	93	1178	18.360897
125	93	2173	13.6772
126	93	2235	3.676268
127	93	2470	0.005242
128	93	2095	0
0	94	2381	0
1	94	2069	-2.899299
2	94	1178	-10.95695
3	94	2325	-16.117027
4	94	2469	-20.821705
5	94	1200	-28.859354
6	94	2209	-40.547405
7	94	1162	-42.062084
8	94	1877	-27.1777
9	94	1907	-2.173972
10	94	1178	2.598206
11	94	2343	2.070737
12	94	1732	14.977308
13	94	1501	22.665979
14	94	873	23.449427
15	94	2517	30.360073
16	94	2518	39.18594
17	94	2519	50.427635
18	94	2520	69.500664
19	94	1402	96.848915
20	94	1159	115.316864
21	94	1198	120.548386
22	94	2500	131.817993
23	94	1119	141.867249
24	94	878	129.090744
25	94	925	101.756798
26	94	1661	78.951454
27	94	2051	66.342171
28	94	2141	51.422222
29	94	1988	33.203419
30	94	2238	18.310867
31	94	1885	12.299547
32	94	18	15.28371
33	94	18	24.591957
34	94	93	35.616497
35	94	41	43.651527
36	94	34	44.275089
37	94	33	35.113365
38	94	42	28.202549
39	94	985	24.202969
40	94	464	25.712671
41	94	2521	27.91271
42	94	2009	34.250771
43	94	2522	49.156357
44	94	2523	58.045765
45	94	859	64.290451
46	94	76	73.754143
47	94	42	70.517288
48	94	39	56.72311
49	94	40	41.999752
50	94	40	34.940453
51	94	2524	28.385984
52	94	2525	22.944117
53	94	2351	26.19302
54	94	2352	40.721867
55	94	434	58.203682
56	94	2526	55.251301
57	94	2354	46.593884
58	94	2527	43.019936
59	94	2528	42.788227
60	94	2529	41.258743
61	94	22	44.680805
62	94	13	50.413269
63	94	9	41.506702
64	94	10	32.527424
65	94	2530	41.775211
66	94	1159	58.652004
67	94	1897	51.881607
68	94	1178	33.155308
69	94	2475	4.094726
70	94	99	-6.662198
71	94	1158	-8.242378
72	94	1161	-8.186436
73	94	1896	-18.013683
74	94	1162	-28.828072
75	94	1178	-36.148418
76	94	2070	-30.690954
77	94	2006	-24.326191
78	94	1952	-20.945293
79	94	1135	-25.857359
80	94	1897	-21.387539
81	94	1907	-3.932816
82	94	1178	20.823935
83	94	1179	24.865112
84	94	2096	16.362663
85	94	2070	3.594633
86	94	1924	-11.954404
87	94	2068	-17.102081
88	94	2069	-14.578106
89	94	1908	-9.304948
90	94	2531	-4.589983
91	94	2034	-1.40359
92	94	1134	-0.138977
93	94	2532	0
94	94	206	1.571496
95	94	90	3.870239
96	94	1138	7.131824
97	94	2380	13.384371
98	94	2533	21.330151
99	94	1527	32.463741
100	94	1764	48.390064
101	94	2534	56.107513
102	94	2535	53.539162
103	94	1796	40.967258
104	94	1501	27.474426
105	94	1795	18.814531
106	94	1909	17.512266
107	94	2141	24.045376
108	94	1177	30.64769
109	94	1907	29.085888
110	94	2063	24.830168
111	94	2063	22.012871
112	94	1178	18.605392
113	94	2173	10.255128
114	94	2095	1.728201
115	94	2387	-1.145332
116	94	18	0.593131
117	94	2095	3.688368
118	94	2376	6.115769
119	94	2359	6.06029
120	94	2063	3.886728
121	94	1178	0.930427
122	94	2070	1.727283
123	94	2063	10.806619
124	94	1178	13.530677
125	94	1179	8.615854
126	94	2387	1.719071
127	94	18	0.00035
128	94	1108	0
0	95	2070	0
1	95	1907	-2.636244
2	95	2470	-10.436254
3	95	1074	-16.324085
4	95	1103	-21.240437
5	95	2051	-28.641851
6	95	2536	-38.763287
7	95	2537	-40.277092
8	95	1980	-28.703712
9	95	2503	-4.530496
10	95	2358	5.229311
11	95	2496	4.526349
12	95	2477	11.154029
13	95	2240	13.372798
14	95	847	18.82552
15	95	2464	30.410549
16	95	2504	39.203075
17	95	2538	52.189274
18	95	2539	76.561043
19	95	2540	112.177536
20	95	1162	134.988388
21	95	1135	133.894608
22	95	1897	145.941757
23	95	1924	156.44136
24	95	2394	149.985962
25	95	1103	119.173912
26	95	1103	90.513878
27	95	1022	74.943596
28	95	793	57.183765
29	95	2509	37.027687
30	95	2412	19.854601
31	95	2173	10.915958
32	95	0	10.437973
33	95	23	15.094611
34	95	535	23.027029
35	95	465	31.116306
36	95	2541	36.023819
37	95	2542	32.610535
38	95	159	27.645096
39	95	1361	24.314772
40	95	434	23.131556
41	95	533	21.991215
42	95	2543	26.369068
43	95	2544	41.153759
44	95	53	56.588062
45	95	2545	66.954018
46	95	93	77.606743
47	95	49	78.277748
48	95	217	67.543251
49	95	1516	51.983349
50	95	2546	34.862679
51	95	2075	22.955927
52	95	2369	20.352324
53	95	2547	26.041531
54	95	434	39.0443
55	95	2334	51.509281
56	95	2548	53.3032
57	95	2549	47.190632
58	95	2550	37.095898
59	95	2551	27.681599
60	95	2183	23.219816
61	95	2552	23.92564
62	95	9	13.273999
63	95	2553	1.985623
64	95	1861	5.501194
65	95	90	25.313589
66	95	1820	47.385834
67	95	1980	44.212315
68	95	2096	25.631418
69	95	1109	-4.001071
70	95	1138	-29.852848
71	95	1162	-35.696651
72	95	1877	-29.426025
73	95	1907	-30.273176
74	95	1980	-33.345963
75	95	2069	-32.844112
76	95	1723	-20.662336
77	95	1158	-7.472265
78	95	2007	-12.222254
79	95	2152	-25.487978
80	95	2069	-28.918177
81	95	2063	-18.851034
82	95	1178	0.711669
83	95	1179	8.127074
84	95	2069	1.64513
85	95	2063	-13.121234
86	95	1178	-25.448433
87	95	2070	-24.303789
88	95	1877	-15.308445
89	95	1731	-8.483096
90	95	1795	-3.945651
91	95	1135	-1.132326
92	95	2554	-0.067366
93	95	2555	0
94	95	1896	1.473597
95	95	1402	3.722363
96	95	1161	7.361101
97	95	2556	14.456178
98	95	2557	22.742115
99	95	2278	29.573246
100	95	2253	40.689434
101	95	1906	47.972271
102	95	1909	49.494774
103	95	1762	46.147442
104	95	1521	39.227085
105	95	1988	29.563765
106	95	1103	30.064175
107	95	1795	36.300652
108	95	1907	41.513126
109	95	1877	41.325039
110	95	1907	44.048424
111	95	1877	40.905083
112	95	1178	36.703915
113	95	2173	27.269123
114	95	18	16.049055
115	95	18	5.885672
116	95	18	2.826766
117	95	1108	3.937874
118	95	2070	6.183146
119	95	1907	7.119999
120	95	2063	6.453716
121	95	1907	5.333455
122	95	1877	5.56379
123	95	1980	4.86903
124	95	2387	3.36081
125	95	1108	1.18945
126	95	2173	0.008759
127	95	2235	0
128	95	1877	0
0	96	1980	0
1	96	2387	-1.877206
2	96	1074	-6.684078
3	96	1890	-13.392948
4	96	2558	-21.534521
5	96	2428	-29.009033
6	96	2559	-38.273315
7	96	2560	-39.932934
8	96	2561	-31.347324
9	96	1020	-13.588672
10	96	1001	-2.221429
11	96	2434	1.377704
12	96	2358	9.456708
13	96	1775	15.410362
14	96	1661	22.116138
15	96	873	31.967093
16	96	2507	40.28244
17	96	2562	53.802258
18	96	2563	78.0616
19	96	2564	115.82972
20	96	1132	134.966492
21	96	2476	133.773163
22	96	2381	142.332626
23	96	2175	156.460648
24	96	1661	152.608307
25	96	1373	130.494385
26	96	1104	106.517151
27	96	1896	87.467407
28	96	1402	64.934914
29	96	1897	44.73016
30	96	2006	26.969883
31	96	370	14.257055
32	96	97	9.252082
33	96	911	12.149823
34	96	2366	17.55068
35	96	2367	26.444279
36	96	2565	35.153118
37	96	2566	35.815014
38	96	197	29.022245
39	96	533	26.698839
40	96	604	24.39113
41	96	2567	21.296238
42	96	1821	21.91571
43	96	2568	26.110767
44	96	2567	40.274284
45	96	988	53.990143
46	96	2569	69.224388
47	96	105	76.62841
48	96	1822	74.885124
49	96	2570	64.773697
50	96	1985	46.567295
51	96	2354	28.242363
52	96	1983	25.99658
53	96	2334	33.082859
54	96	1926	44.707363
55	96	2510	54.322399
56	96	2525	55.83535
57	96	2510	51.498901
58	96	2525	41.012997
59	96	2288	30.104116
60	96	2510	23.20542
61	96	2571	14.752748
62	96	2572	-11.229642
63	96	1924	-18.223732
64	96	1896	-16.180285
65	96	1402	4.613551
66	96	2098	14.50688
67	96	963	12.707592
68	96	1140	-1.84604
69	96	1158	-23.978283
70	96	1897	-47.020794
71	96	2063	-52.418423
72	96	1980	-48.77285
73	96	2096	-41.822365
74	96	2070	-35.411686
75	96	1163	-26.142651
76	96	99	-8.903116
77	96	5	4.421761
78	96	14	2.137703
79	96	1952	-16.995426
80	96	1877	-28.759197
81	96	1877	-27.002281
82	96	1178	-17.12845
83	96	1179	-12.020635
84	96	2069	-19.235409
85	96	1907	-31.571144
86	96	1877	-37.507557
87	96	1877	-29.100218
88	96	1796	-16.099184
89	96	1134	-7.706601
90	96	1723	-3.037595
91	96	1138	-0.647337
92	96	1402	0.027355
93	96	1897	0.104376
94	96	1723	0.706801
95	96	1176	2.488009
96	96	2320	6.88562
97	96	2573	17.638689
98	96	1159	28.491678
99	96	1897	36.610424
100	96	2063	41.382492
101	96	1796	47.317322
102	96	1134	52.193428
103	96	1796	56.568581
104	96	1156	53.975071
105	96	2349	45.768635
106	96	2469	39.945133
107	96	1177	39.269115
108	96	2063	41.922268
109	96	2063	47.663567
110	96	2063	57.130531
111	96	1877	60.015373
112	96	2470	58.735821
113	96	18	49.448933
114	96	1108	36.942955
115	96	1859	22.504299
116	96	2070	12.946338
117	96	1877	7.82469
118	96	1877	5.423998
119	96	1907	5.208953
120	96	2063	5.926236
121	96	2063	5.392578
122	96	1178	2.727939
123	96	1859	-1.966752
124	96	1179	-6.442906
125	96	2096	-6.430676
126	96	2070	-2.716342
127	96	1907	0
128	96	1178	0
0	97	2173	0
1	97	1019	0.060981
2	97	1850	1.019767
3	97	2574	0.023307
4	97	2575	-7.455927
5	97	2428	-21.54237
6	97	2406	-35.308815
7	97	2576	-38.59053
8	97	18	-32.824432
9	97	1019	-18.494421
10	97	2136	-6.490081
11	97	1020	2.144956
12	97	1019	17.979939
13	97	2136	25.081041
14	97	841	30.215004
15	97	1160	38.039104
16	97	2404	46.157623
17	97	2577	58.958607
18	97	2427	81.530022
19	97	2578	112.968025
20	97	2579	127.848145
21	97	874	128.363113
22	97	817	140.376877
23	97	872	158.664764
24	97	1022	162.638824
25	97	2489	147.988144
26	97	2141	131.316849
27	97	1200	114.100288
28	97	1160	88.98291
29	97	1140	61.904854
30	97	152	40.171562
31	97	10	23.989904
32	97	725	14.205524
33	97	2580	13.022612
34	97	2581	18.102657
35	97	2389	30.613848
36	97	2369	41.427887
37	97	2547	41.245071
38	97	561	34.523289
39	97	619	30.487766
40	97	2582	29.517036
41	97	244	26.541658
42	97	2583	24.064821
43	97	491	23.137379
44	97	4	26.897985
45	97	1930	41.858315
46	97	75	54.493095
47	97	1784	67.449989
48	97	2584	73.989571
49	97	494	70.492783
50	97	2287	57.268703
51	97	2585	36.635574
52	97	2586	32.183136
53	97	2368	40.662376
54	97	2493	51.641376
55	97	2527	58.116497
56	97	2308	59.982971
57	97	2389	56.205322
58	97	2390	47.144218
59	97	2288	36.569317
60	97	2587	25.223179
61	97	1175	7.76686
62	97	1135	-21.408098
63	97	2454	-36.218567
64	97	2588	-34.541412
65	97	99	-20.897842
66	97	98	-15.817604
67	97	1138	-20.337849
68	97	2513	-34.466682
69	97	2116	-47.998371
70	97	1877	-58.814865
71	97	2470	-60.987087
72	97	2095	-54.0686
73	97	2381	-40.456577
74	97	2589	-29.614954
75	97	370	-19.721769
76	97	99	-6.391331
77	97	98	6.638559
78	97	1820	4.883042
79	97	1877	-9.78649
80	97	2063	-24.6651
81	97	1980	-28.264856
82	97	2096	-25.800825
83	97	2070	-25.193937
84	97	1877	-34.266613
85	97	2063	-40.4319
86	97	2063	-40.922867
87	97	1907	-28.920012
88	97	1877	-15.126411
89	97	1924	-5.920959
90	97	1162	-1.388101
91	97	1723	0.218772
92	97	1820	0.336469
93	97	1924	0.87974
94	97	2490	1.456261
95	97	1850	2.650131
96	97	846	9.343542
97	97	848	20.881323
98	97	1820	31.909813
99	97	1909	40.303391
100	97	1177	42.895855
101	97	1907	46.679756
102	97	2063	56.014652
103	97	2063	65.605354
104	97	1178	67.98526
105	97	2325	57.470776
106	97	2359	43.269115
107	97	2063	33.933239
108	97	1907	34.587708
109	97	1909	42.199471
110	97	2141	55.977951
111	97	2396	68.446831
112	97	18	75.154716
113	97	2341	72.887344
114	97	2141	59.750759
115	97	1177	40.970829
116	97	1909	25.30661
117	97	1177	14.068105
118	97	1907	7.150883
119	97	1135	3.78913
120	97	1159	2.318191
121	97	1897	1.760386
122	97	1877	-0.868779
123	97	1178	-6.862477
124	97	2070	-11.539953
125	97	1907	-10.446506
126	97	2063	-4.335037
127	97	1980	-0.121155
128	97	2387	0
0	98	18	0
1	98	1019	1.009464
2	98	1020	6.912174
3	98	2590	14.884175
4	98	2591	15.124564
5	98	2592	-4.316689
6	98	2593	-25.56811
7	98	1001	-34.769047
8	98	1885	-29.952021
9	98	18	-15.643551
10	98	18	-3.166378
11	98	18	12.52834
12	98	18	26.948391
13	98	2594	31.582279
14	98	2240	37.082382
15	98	2595	45.823242
16	98	2596	53.996643
17	98	2597	64.725838
18	98	2598	82.182274
19	98	2599	105.339905
20	98	794	112.105286
21	98	870	122.253914
22	98	871	142.548508
23	98	818	170.969879
24	98	899	187.055679
25	98	1022	174.510773
26	98	793	152.185669
27	98	818	134.301147
28	98	847	108.949409
29	98	2435	80.777084
30	98	40	54.997353
31	98	213	33.044212
32	98	14	20.085117
33	98	2600	16.723534
34	98	2354	22.362036
35	98	2601	35.587067
36	98	2602	45.872639
37	98	434	43.590729
38	98	561	36.236588
39	98	2603	34.338726
40	98	1754	34.563023
41	98	2604	33.921074
42	98	2605	31.402052
43	98	2606	28.137238
44	98	2607	31.944149
45	98	2608	38.847973
46	98	1962	46.516933
47	98	1494	57.221455
48	98	88	69.352524
49	98	2609	70.890572
50	98	2610	59.346626
51	98	2525	38.812996
52	98	2288	30.259565
53	98	2389	35.807812
54	98	2510	43.751919
55	98	2525	58.136589
56	98	2288	59.523678
57	98	2389	56.952805
58	98	2611	46.632416
59	98	2612	33.192257
60	98	2613	13.913177
61	98	1140	-15.650493
62	98	1165	-36.989178
63	98	2173	-38.163284
64	98	19	-31.371042
65	98	1164	-29.42417
66	98	1402	-34.97736
67	98	1198	-43.964035
68	98	2070	-51.844536
69	98	2063	-56.616817
70	98	1178	-60.989845
71	98	2173	-52.726097
72	98	18	-35.250622
73	98	19	-21.344147
74	98	17	-15.73727
75	98	19	-17.113407
76	98	1164	-15.1843
77	98	1162	-14.035418
78	98	1907	-16.721546
79	98	2063	-18.472761
80	98	2470	-22.650282
81	98	2235	-25.641239
82	98	1907	-29.467556
83	98	1907	-35.561813
84	98	2063	-40.447418
85	98	1907	-40.923809
86	98	2063	-36.279465
87	98	1877	-23.069353
88	98	2063	-10.933818
89	98	2063	-2.02475
90	98	1924	1.756089
91	98	1162	1.499364
92	98	2063	2.691994
93	98	1178	4.628179
94	98	2500	6.465398
95	98	1156	9.557995
96	98	1119	15.094147
97	98	1162	23.565571
98	98	1796	31.793047
99	98	1134	34.399967
100	98	2063	33.798569
101	98	2063	43.935909
102	98	1907	56.971909
103	98	1909	69.759499
104	98	2342	71.645584
105	98	2070	55.579033
106	98	1909	37.212318
107	98	2141	26.919004
108	98	1988	25.361517
109	98	1661	32.162823
110	98	2614	47.296513
111	98	2173	66.504967
112	98	1019	83.548058
113	98	2137	89.191849
114	98	1521	79.627007
115	98	1988	61.482548
116	98	2236	38.29837
117	98	1159	21.390455
118	98	1140	11.256804
119	98	90	5.54709
120	98	1820	2.235419
121	98	1877	0.214106
122	98	1135	-0.654738
123	98	1159	-5.864405
124	98	1897	-11.09896
125	98	1980	-10.389236
126	98	2387	-4.785449
127	98	18	-0.494767
128	98	18	0
0	99	18	0
1	99	18	1.650426
2	99	18	10.1502
3	99	18	21.491072
4	99	1001	26.06551
5	99	1495	11.651731
6	99	1002	-15.272727
7	99	1020	-24.94854
8	99	18	-23.391815
9	99	18	-12.20233
10	99	18	2.403325
11	99	1001	18.137985
12	99	2434	27.51589
13	99	1762	28.260338
14	99	2240	34.840347
15	99	2615	50.126579
16	99	2616	58.456478
17	99	866	65.985344
18	99	15	76.442337
19	99	16	87.958733
20	99	1476	96.179283
21	99	1490	113.148628
22	99	898	140.399307
23	99	872	179.528534
24	99	873	208.560028
25	99	870	196.211319
26	99	899	165.920288
27	99	1373	136.520264
28	99	2238	110.717781
29	99	33	91.25267
30	99	10	63.489002
31	99	13	37.526054
32	99	490	23.919682
33	99	2306	21.349112
34	99	2617	27.707039
35	99	197	36.926392
36	99	434	42.452347
37	99	434	40.103405
38	99	577	36.182194
39	99	577	37.876183
40	99	248	39.414097
41	99	2618	40.094433
42	99	2583	39.175163
43	99	423	37.455017
44	99	91	38.397549
45	99	2619	42.987328
46	99	2620	47.806156
47	99	516	54.122547
48	99	7	63.106525
49	99	2621	66.38353
50	99	2308	54.864239
51	99	2493	35.484509
52	99	2389	25.457424
53	99	2368	24.693396
54	99	2389	29.761089
55	99	2493	43.163631
56	99	2288	47.38829
57	99	2622	42.945969
58	99	2623	33.645142
59	99	2624	19.098213
60	99	1138	-4.91908
61	99	2625	-32.51088
62	99	2626	-45.514259
63	99	1859	-38.692879
64	99	2097	-25.573204
65	99	1140	-25.815155
66	99	1158	-38.249428
67	99	1159	-48.2952
68	99	1897	-53.370144
69	99	1980	-52.254852
70	99	2387	-42.041679
71	99	18	-26.475142
72	99	1108	-5.341027
73	99	2173	3.334943
74	99	1108	-0.362545
75	99	2070	-18.028276
76	99	2063	-33.092957
77	99	1877	-42.018303
78	99	2063	-39.535713
79	99	1178	-34.547276
80	99	2070	-27.209198
81	99	1877	-30.953775
82	99	1907	-34.20879
83	99	1877	-40.952999
84	99	1135	-41.50098
85	99	1897	-37.014099
86	99	1907	-27.254311
87	99	1907	-12.64089
88	99	2063	-1.068125
89	99	1980	8.376192
90	99	2381	10.872297
91	99	2069	10.222519
92	99	1980	10.981418
93	99	2069	12.916506
94	99	2063	16.10029
95	99	1135	20.719854
96	99	1897	26.505613
97	99	2063	30.852564
98	99	1877	27.99328
99	99	1907	25.128967
100	99	2063	23.1854
101	99	2063	32.640263
102	99	1731	45.593456
103	99	2051	61.519642
104	99	1177	66.044403
105	99	1796	49.770248
106	99	1501	32.64534
107	99	1732	22.203741
108	99	1501	20.113306
109	99	1795	26.205044
110	99	1178	40.39135
111	99	2413	62.335861
112	99	2434	86.753639
113	99	1762	97.438553
114	99	1156	90.469467
115	99	1119	73.272652
116	99	878	49.309025
117	99	2627	33.000385
118	99	2540	18.518717
119	99	1402	11.21961
120	99	1159	5.669975
121	99	2007	1.974929
122	99	100	-0.000429
123	99	2152	-4.072423
124	99	2628	-9.08901
125	99	2172	-9.245191
126	99	2413	-5.054814
127	99	2172	-0.481322
128	99	2485	0
0	100	2629	0
1	100	1	0.917509
2	100	18	9.052469
3	100	2594	18.596064
4	100	1115	22.281128
5	100	2630	8.92412
6	100	2631	-11.007835
7	100	18	-19.611685
8	100	1001	-20.890762
9	100	1885	-12.26561
10	100	1074	1.465513
11	100	1373	16.250227
12	100	1795	23.124506
13	100	1731	25.594122
14	100	2451	32.936436
15	100	2427	48.595573
16	100	2506	58.126167
17	100	870	61.201252
18	100	2435	64.515549
19	100	18	70.358597
20	100	18	81.115356
21	100	19	99.063484
22	100	843	128.347672
23	100	873	169.96759
24	100	925	195.06575
25	100	1022	196.275742
26	100	872	173.49704
27	100	1103	134.807343
28	100	462	104.232689
29	100	662	93.507454
30	100	951	69.763145
31	100	5	40.674931
32	100	2	27.851494
33	100	577	28.569384
34	100	248	36.01886
35	100	92	43.105438
36	100	577	40.901817
37	100	434	38.033611
38	100	577	39.62849
39	100	516	42.123627
40	100	2607	44.132374
41	100	2632	46.12574
42	100	452	47.48098
43	100	145	48.140823
44	100	98	48.794098
45	100	2633	47.798306
46	100	2634	50.25602
47	100	1051	55.474037
48	100	146	65.464951
49	100	2635	66.010902
50	100	2636	53.971638
51	100	2308	34.32954
52	100	2527	20.162504
53	100	2308	14.710269
54	100	2288	14.359769
55	100	2611	20.652266
56	100	2637	22.316952
57	100	2351	22.510084
58	100	2638	24.59096
59	100	1158	9.94829
60	100	2639	-13.906251
61	100	2640	-36.388466
62	100	1159	-51.953682
63	100	1140	-48.641876
64	100	90	-38.82177
65	100	90	-32.393787
66	100	372	-36.998734
67	100	2641	-42.597183
68	100	2098	-44.047092
69	100	1	-38.248795
70	100	1108	-19.500927
71	100	2070	0.243984
72	100	1178	13.928076
73	100	1179	15.891725
74	100	2071	6.148089
75	100	2454	-24.449831
76	100	2381	-39.260521
77	100	2069	-48.127911
78	100	1907	-49.026928
79	100	2063	-45.647076
80	100	1877	-38.578148
81	100	2063	-40.755486
82	100	1907	-43.742302
83	100	1924	-45.073055
84	100	1402	-40.536064
85	100	1897	-29.032084
86	100	1877	-14.397369
87	100	2063	3.300012
88	100	1178	17.517117
89	100	2173	27.406982
90	100	2095	29.966743
91	100	2096	28.094225
92	100	2070	25.37081
93	100	1907	25.625961
94	100	1924	29.659164
95	100	1162	36.706951
96	100	1877	43.318279
97	100	1907	42.490372
98	100	1980	32.232643
99	100	2069	20.485003
100	100	1907	18.891504
101	100	1731	26.964579
102	100	1103	46.170628
103	100	1795	57.313
104	100	1909	57.26543
105	100	1762	47.671139
106	100	1521	33.055481
107	100	1762	22.684626
108	100	1134	20.260626
109	100	1877	25.897564
110	100	1796	41.180569
111	100	1156	59.668102
112	100	1134	82.502525
113	100	1135	96.393188
114	100	2642	94.44519
115	100	2643	81.556328
116	100	2644	60.663254
117	100	2563	49.307777
118	100	2539	33.744873
119	100	2645	25.224401
120	100	2646	13.042127
121	100	18	5.616265
122	100	1108	0.730656
123	100	2500	-2.482989
124	100	1521	-6.855636
125	100	1988	-8.628181
126	100	2236	-4.557297
127	100	2404	-0.642332
128	100	2407	0
0	101	2647	0
1	101	2629	0.278341
2	101	2648	4.230171
3	101	2539	11.238231
4	101	2364	13.424584
5	101	2576	6.584081
6	101	1001	-4.526872
7	101	2113	-15.869529
8	101	2649	-19.480721
9	101	2561	-13.498913
10	101	1775	-2.106456
11	101	1795	11.377876
12	101	2305	20.635294
13	101	2650	26.030308
14	101	2597	33.579304
15	101	2651	47.486534
16	101	2615	53.235531
17	101	2652	53.671627
18	101	1	50.99984
19	101	18	54.884808
20	101	0	66.029053
21	101	817	83.08461
22	101	794	106.561234
23	101	897	136.451981
24	101	818	158.450577
25	101	899	167.223206
26	101	1373	160.567612
27	101	2339	131.415817
28	101	2340	101.865471
29	101	1154	87.277763
30	101	13	67.222343
31	101	91	42.747208
32	101	1051	33.713696
33	101	146	36.033886
34	101	433	44.931133
35	101	577	48.975441
36	101	533	45.852539
37	101	294	43.382744
38	101	480	44.4538
39	101	8	46.2556
40	101	91	48.858608
41	101	1051	52.070564
42	101	146	57.375492
43	101	90	64.943977
44	101	1758	64.674995
45	101	2101	59.70985
46	101	392	54.399418
47	101	145	57.263123
48	101	91	66.501549
49	101	328	66.713425
50	101	2653	52.513233
51	101	2549	31.866894
52	101	2525	15.315365
53	101	2389	8.489101
54	101	2622	4.919608
55	101	2623	5.548357
56	101	2654	-1.814702
57	101	2655	6.835252
58	101	90	11.951054
59	101	1820	7.289812
60	101	2656	-8.673381
61	101	2550	-34.82132
62	101	90	-56.684711
63	101	98	-63.641972
64	101	2551	-54.823326
65	101	2657	-42.293079
66	101	146	-38.319851
67	101	90	-37.566166
68	101	5	-30.747948
69	101	1952	-23.894386
70	101	2063	-10.997863
71	101	2063	-1.427146
72	101	1178	12.266819
73	101	1109	9.68619
74	101	152	-3.703371
75	101	0	-26.486721
76	101	1952	-36.696178
77	101	1877	-44.905365
78	101	1877	-47.039757
79	101	1877	-45.07122
80	101	2063	-44.751171
81	101	1877	-47.272858
82	101	1907	-48.257751
83	101	1924	-46.460354
84	101	1402	-35.771099
85	101	1897	-17.588577
86	101	1907	1.604416
87	101	1980	22.08013
88	101	2387	41.91354
89	101	18	59.583427
90	101	2095	60.227478
91	101	2069	52.341564
92	101	1877	44.080647
93	101	1877	41.519398
94	101	1877	45.995697
95	101	1980	56.49799
96	101	2381	59.335945
97	101	2589	54.839516
98	101	1952	39.423317
99	101	1135	29.244278
100	101	1403	30.258747
101	101	2349	35.076744
102	101	2359	49.019211
103	101	1731	57.242123
104	101	2051	63.695648
105	101	1762	61.573441
106	101	1134	47.07169
107	101	1980	33.458069
108	101	2069	26.246586
109	101	1877	30.868523
110	101	1877	45.285351
111	101	1877	63.077122
112	101	1723	82.602257
113	101	2658	91.304619
114	101	2427	92.758751
115	101	2384	86.756607
116	101	2659	71.994263
117	101	2660	63.366608
118	101	2562	54.292145
119	101	2661	43.272232
120	101	1859	25.892729
121	101	2070	12.290497
122	101	1877	3.406162
123	101	1731	-0.443927
124	101	1732	-4.55776
125	101	1157	-7.936409
126	101	2658	-6.040227
127	101	2662	-1.311732
128	101	2429	0
0	102	2430	0
1	102	2663	0.077734
2	102	2664	2.078732
3	102	2452	7.604927
4	102	2665	12.731489
5	102	2666	13.536619
6	102	2667	4.497373
7	102	2650	-9.472391
8	102	2668	-17.999376
9	102	2669	-16.749548
10	102	2051	-8.061343
11	102	1200	3.618974
12	102	871	15.857159
13	102	2670	25.549477
14	102	2671	33.897781
15	102	2428	43.188629
16	102	2672	46.012157
17	102	152	45.128941
18	102	0	43.312889
19	102	15	45.011829
20	102	98	54.127457
21	102	90	67.929588
22	102	90	83.739288
23	102	925	103.537743
24	102	1103	120.789169
25	102	1661	133.257858
26	102	35	144.850464
27	102	32	134.092697
28	102	33	100.473999
29	102	879	72.773239
30	102	145	53.322033
31	102	98	42.33131
32	102	372	39.161739
33	102	7	43.811775
34	102	533	52.121719
35	102	491	52.862717
36	102	196	51.063034
37	102	197	50.888996
38	102	8	50.801228
39	102	90	50.298187
40	102	90	52.160206
41	102	90	57.490788
42	102	90	70.404938
43	102	90	80.464539
44	102	5	78.667549
45	102	327	71.133392
46	102	146	60.622253
47	102	90	57.072968
48	102	433	60.106945
49	102	8	60.537384
50	102	2673	45.978065
51	102	2493	26.782148
52	102	2389	14.920755
53	102	2611	11.16407
54	102	2674	6.765863
55	102	2675	2.392107
56	102	877	-10.85598
57	102	878	-5.957255
58	102	1820	-1.895068
59	102	2676	3.470743
60	102	2549	-8.831036
61	102	2677	-33.096176
62	102	2678	-55.239758
63	102	2525	-73.172005
64	102	2624	-63.579536
65	102	98	-55.332581
66	102	1138	-46.015213
67	102	1896	-39.742004
68	102	1162	-33.88792
69	102	1907	-32.641048
70	102	1877	-26.043955
71	102	1980	-25.077187
72	102	1981	-13.643982
73	102	152	-14.229369
74	102	4	-16.019379
75	102	1158	-20.561605
76	102	1159	-26.315523
77	102	1897	-33.388634
78	102	1877	-36.797916
79	102	2063	-41.462406
80	102	2063	-42.123741
81	102	1135	-43.941975
82	102	1159	-42.255783
83	102	1140	-39.697327
84	102	1820	-23.997803
85	102	1907	-7.382998
86	102	2470	12.084534
87	102	1108	35.001244
88	102	2173	65.383774
89	102	1108	89.638725
90	102	1179	93.569695
91	102	2069	82.345955
92	102	1877	64.337143
93	102	1135	57.770267
94	102	2403	60.823044
95	102	0	69.82341
96	102	2099	69.809776
97	102	1162	62.038712
98	102	1723	49.923794
99	102	1820	43.255791
100	102	1178	49.961521
101	102	2070	57.650654
102	102	1796	61.424049
103	102	1156	72.305672
104	102	1134	88.050491
105	102	2063	91.957306
106	102	1178	81.37558
107	102	2070	60.714298
108	102	1877	42.33392
109	102	2063	37.455807
110	102	1907	45.43792
111	102	2679	61.721912
112	102	2680	75.906792
113	102	2406	87.797585
114	102	2385	93.441505
115	102	2681	92.960121
116	102	2642	86.730782
117	102	2682	79.170403
118	102	2683	69.905396
119	102	1877	51.122734
120	102	1877	32.544922
121	102	2063	17.60351
122	102	1796	6.967591
123	102	1521	1.104316
124	102	2684	-4.091469
125	102	2364	-9.133462
126	102	2405	-8.415364
127	102	2685	-3.253211
128	102	2683	0
0	103	2679	0
1	103	2680	0.012182
2	103	2686	1.615893
3	103	2364	8.037906
4	103	2687	15.870714
5	103	2407	19.295368
6	103	2688	10.620869
7	103	2428	-5.999341
8	103	2689	-17.888935
9	103	2690	-21.061911
10	103	2671	-15.777944
11	103	2472	-6.121541
12	103	2644	5.655694
13	103	2452	18.081938
14	103	2450	27.73772
15	103	1337	34.116432
16	103	816	34.071274
17	103	15	38.452415
18	103	98	40.002602
19	103	98	38.657333
20	103	16	40.907875
21	103	921	48.0583
22	103	871	62.067097
23	103	872	78.747398
24	103	1890	92.902863
25	103	435	107.934586
26	103	375	132.056259
27	103	467	126.960167
28	103	1169	86.401932
29	103	2691	57.236179
30	103	16	44.694874
31	103	2692	42.009007
32	103	2370	46.837112
33	103	2693	55.190575
34	103	409	60.634594
35	103	560	59.494057
36	103	434	58.65823
37	103	591	58.957031
38	103	392	57.754032
39	103	145	56.460777
40	103	98	56.507744
41	103	372	63.474926
42	103	145	78.026917
43	103	16	90.62606
44	103	1164	87.867371
45	103	1896	78.595459
46	103	878	65.463333
47	103	2694	56.173019
48	103	2655	48.598778
49	103	2695	40.940765
50	103	2696	29.545792
51	103	2527	19.63299
52	103	2697	9.364771
53	103	2698	4.865594
54	103	2699	-0.091727
55	103	849	-3.728215
56	103	2656	-18.51689
57	103	2613	-20.953272
58	103	2700	-16.412838
59	103	2525	-10.713149
60	103	2701	-17.723337
61	103	2702	-40.638012
62	103	2493	-62.531902
63	103	2510	-75.309647
64	103	2703	-66.928711
65	103	2704	-63.809185
66	103	2705	-55.368935
67	103	2063	-49.500652
68	103	1907	-51.27346
69	103	2706	-55.598633
70	103	2707	-55.409935
71	103	2708	-51.786701
72	103	5	-41.969933
73	103	370	-33.851734
74	103	1164	-26.835587
75	103	878	-27.234182
76	103	1158	-24.191395
77	103	1897	-20.960585
78	103	1907	-24.992558
79	103	1135	-34.081177
80	103	1161	-37.975784
81	103	1896	-39.248947
82	103	1896	-38.427158
83	103	1402	-28.984232
84	103	1897	-14.365039
85	103	2470	0.568915
86	103	2235	15.129445
87	103	1178	37.568516
88	103	2097	71.745781
89	103	2098	98.201256
90	103	1952	104.843216
91	103	1135	95.064026
92	103	1161	74.256462
93	103	2179	67.469482
94	103	2382	70.714798
95	103	1402	76.027534
96	103	1897	71.79818
97	103	1924	62.111172
98	103	1162	52.190609
99	103	1877	62.141872
100	103	1907	76.846519
101	103	1877	85.520027
102	103	1907	84.134193
103	103	1980	92.611099
104	103	2069	109.668839
105	103	1980	121.664772
106	103	2069	116.067131
107	103	1980	92.186958
108	103	2069	62.389076
109	103	2063	45.098949
110	103	2709	42.734032
111	103	2710	53.335571
112	103	2650	67.470276
113	103	2449	84.824326
114	103	2711	97.510345
115	103	2517	103.73304
116	103	2453	100.334076
117	103	1159	87.967682
118	103	1897	70.761971
119	103	1877	49.636936
120	103	1135	32.620613
121	103	1159	17.731819
122	103	2487	8.709072
123	103	2428	2.23446
124	103	2406	-4.360039
125	103	2712	-11.4116
126	103	1134	-12.691751
127	103	2063	-6.691002
128	103	2448	0
0	104	2713	0
1	104	2650	0.070735
2	104	2449	2.198651
3	104	2714	9.747716
4	104	2664	17.97558
5	104	2659	21.614258
6	104	2715	12.146659
7	104	2716	-4.201193
8	104	2384	-17.847916
9	104	2405	-24.398643
10	104	2689	-23.208456
11	104	2451	-16.41375
12	104	2407	-5.688764
13	104	2717	7.045347
14	104	1661	19.154989
15	104	873	25.853136
16	104	90	24.331829
17	104	98	27.986631
18	104	870	31.953842
19	104	2435	31.206587
20	104	1019	28.893213
21	104	1465	32.9701
22	104	897	42.657562
23	104	1517	57.051762
24	104	826	72.168869
25	104	1009	87.917412
26	104	9	99.097939
27	104	24	86.799484
28	104	714	62.558834
29	104	2718	45.8894
30	104	2367	42.986298
31	104	2389	47.605377
32	104	1983	58.627148
33	104	3	70.500046
34	104	560	71.449059
35	104	248	68.883537
36	104	89	70.345367
37	104	327	74.135063
38	104	514	74.012428
39	104	100	67.80513
40	104	633	67.284264
41	104	328	72.451279
42	104	408	83.756699
43	104	2719	95.831085
44	104	2720	93.195656
45	104	877	81.11058
46	104	1402	66.257042
47	104	1140	53.605888
48	104	1158	39.862598
49	104	2721	26.620495
50	104	2529	15.692776
51	104	1158	3.174043
52	104	1161	-6.532459
53	104	1896	-10.615731
54	104	1162	-14.627541
55	104	2676	-21.038265
56	104	2722	-31.74198
57	104	2723	-35.741367
58	104	2527	-35.945717
59	104	2308	-29.551626
60	104	2389	-31.240807
61	104	2389	-49.836113
62	104	2390	-70.746567
63	104	2493	-79.489296
64	104	2724	-78.546783
65	104	2725	-71.945206
66	104	1877	-61.685154
67	104	2706	-59.554173
68	104	2702	-65.038757
69	104	2527	-74.333481
70	104	2722	-80.667015
71	104	2513	-73.531021
72	104	17	-69.236671
73	104	2459	-57.333164
74	104	1161	-46.111057
75	104	1896	-36.568581
76	104	1162	-30.343777
77	104	1135	-22.832195
78	104	1140	-18.882669
79	104	1820	-28.386786
80	104	1135	-36.999901
81	104	1897	-39.924561
82	104	1924	-33.058712
83	104	1402	-19.151756
84	104	1198	-3.443708
85	104	2070	4.052904
86	104	1135	10.16781
87	104	1140	27.359577
88	104	90	54.77425
89	104	1158	79.312691
90	104	1140	88.672523
91	104	1820	81.293564
92	104	1877	70.66291
93	104	2063	67.51622
94	104	1924	70.486603
95	104	2068	71.942894
96	104	2381	65.208397
97	104	2069	59.362064
98	104	2063	55.354404
99	104	1907	80.353355
100	104	1907	101.190605
101	104	2063	106.991959
102	104	1178	100.817642
103	104	1179	105.927315
104	104	2387	118.612572
105	104	2095	139.528336
106	104	2096	137.992493
107	104	2070	112.567429
108	104	1907	77.123055
109	104	1723	50.44376
110	104	90	42.071194
111	104	897	46.232285
112	104	794	59.620884
113	104	98	83.363342
114	104	16	105.687004
115	104	99	118.040329
116	104	90	110.121971
117	104	1820	90.210526
118	104	1877	64.644539
119	104	1723	43.619591
120	104	98	26.919493
121	104	2517	15.57307
122	104	2505	7.974895
123	104	2428	1.877052
124	104	2726	-5.914874
125	104	2141	-13.397662
126	104	1177	-15.587794
127	104	2468	-11.133822
128	104	2727	0
0	105	1520	0
1	105	1157	0.187708
2	105	2627	3.028834
3	105	2728	11.283697
4	105	2729	20.662218
5	105	1177	24.190126
6	105	2448	17.022612
7	105	2406	1.893175
8	105	2730	-12.449399
9	105	1732	-22.638103
10	105	2731	-27.023376
11	105	2406	-23.664663
12	105	2730	-15.35591
13	105	1022	-2.559781
14	105	794	11.641811
15	105	870	20.450535
16	105	847	20.833853
17	105	899	21.185106
18	105	2238	26.131645
19	105	1885	29.32189
20	105	19	29.130003
21	105	99	27.348551
22	105	1033	30.482113
23	105	9	37.19817
24	105	21	45.581455
25	105	9	53.435345
26	105	97	56.908123
27	105	1046	52.411755
28	105	2732	43.906818
29	105	2308	39.964363
30	105	2389	47.192097
31	105	2733	56.367649
32	105	604	69.568726
33	105	197	84.05854
34	105	8	81.454437
35	105	372	80.266678
36	105	145	86.146996
37	105	5	96.070465
38	105	645	103.351135
39	105	532	94.126053
40	105	490	84.135056
41	105	480	84.817947
42	105	561	93.771362
43	105	619	101.782097
44	105	2734	94.603722
45	105	2735	78.437614
46	105	90	62.554302
47	105	98	48.352665
48	105	90	33.855595
49	105	1138	12.084537
50	105	1896	-5.707627
51	105	1162	-18.118036
52	105	1877	-27.210196
53	105	1877	-31.28816
54	105	1924	-35.273117
55	105	2736	-40.767368
56	105	2737	-47.304485
57	105	2529	-48.02969
58	105	2738	-44.627289
59	105	2308	-40.446033
60	105	2390	-48.342857
61	105	2389	-64.419769
62	105	2493	-74.171967
63	105	2739	-78.312737
64	105	1877	-75.641396
65	105	1135	-69.479553
66	105	2740	-69.980026
67	105	2390	-74.369118
68	105	2510	-79.035828
69	105	2613	-84.126404
70	105	1198	-86.198784
71	105	1859	-80.55603
72	105	2475	-79.771225
73	105	2573	-68.242287
74	105	1159	-60.092808
75	105	1159	-50.057602
76	105	1140	-37.473663
77	105	1138	-23.644842
78	105	1402	-19.117237
79	105	1140	-30.498375
80	105	1158	-43.038647
81	105	1897	-44.790432
82	105	1924	-34.730511
83	105	1162	-18.412708
84	105	2063	-6.068964
85	105	1924	0.985947
86	105	1896	3.891747
87	105	2513	13.257448
88	105	99	29.934866
89	105	16	43.027023
90	105	2152	52.276764
91	105	2381	53.870567
92	105	2069	55.480049
93	105	1907	57.347904
94	105	1178	65.018135
95	105	1859	66.825432
96	105	2070	58.331097
97	105	2063	54.258507
98	105	1907	64.008507
99	105	1907	90.618156
100	105	1907	114.37191
101	105	1980	122.982529
102	105	2387	113.502846
103	105	18	110.107368
104	105	18	120.258751
105	105	2095	139.969284
106	105	2381	140.685669
107	105	2069	121.46283
108	105	1924	86.193352
109	105	878	54.904102
110	105	90	44.41785
111	105	1138	45.362026
112	105	878	57.683559
113	105	152	85.005951
114	105	19	115.060623
115	105	99	129.596298
116	105	1176	122.000084
117	105	1177	99.122559
118	105	1924	71.409599
119	105	878	51.840084
120	105	98	35.802422
121	105	2517	20.999685
122	105	2450	8.825523
123	105	1661	1.442215
124	105	1103	-6.39112
125	105	1795	-14.272043
126	105	1178	-17.033337
127	105	2070	-12.555779
128	105	1135	0
0	106	1117	0
1	106	2741	2.303699
2	106	2672	9.322013
3	106	897	15.744731
4	106	2742	23.832209
5	106	2477	30.479057
6	106	2743	29.287783
7	106	2450	15.467747
8	106	1795	-3.014186
9	106	1796	-19.588293
10	106	2731	-26.803209
11	106	2689	-26.446268
12	106	1104	-19.702652
13	106	2410	-6.762151
14	106	2717	6.341165
15	106	2690	14.959632
16	106	2616	15.358974
17	106	1661	15.922281
18	106	1809	23.97694
19	106	18	33.669807
20	106	2436	36.568047
21	106	2435	31.162941
22	106	20	25.231956
23	106	21	22.890562
24	106	36	21.790924
25	106	27	24.990444
26	106	5	29.036467
27	106	15	31.044638
28	106	2673	31.901081
29	106	2527	38.155247
30	106	2744	53.099564
31	106	197	62.727959
32	106	533	76.462273
33	106	142	93.66423
34	106	88	92.383377
35	106	146	92.266914
36	106	16	100.466003
37	106	515	114.592529
38	106	8	132.599731
39	106	5	121.057106
40	106	2	102.459305
41	106	2745	97.32016
42	106	2746	103.493408
43	106	2747	102.767296
44	106	2655	85.813881
45	106	1138	61.66637
46	106	1896	38.705383
47	106	1896	24.117424
48	106	1402	5.638594
49	106	1897	-13.659465
50	106	1907	-23.726925
51	106	1135	-32.231464
52	106	1897	-41.199852
53	106	2706	-45.325188
54	106	2702	-47.690346
55	106	2510	-51.51099
56	106	2550	-54.280941
57	106	2551	-51.694008
58	106	2525	-46.072315
59	106	2389	-48.108261
60	106	2389	-53.810307
61	106	2724	-57.600563
62	106	2748	-61.724693
63	106	2749	-61.934158
64	106	2750	-60.030205
65	106	2738	-61.252407
66	106	2308	-68.931244
67	106	2724	-79.393219
68	106	2751	-84.354454
69	106	1162	-86.730911
70	106	1907	-85.878571
71	106	1178	-82.194359
72	106	2382	-83.716759
73	106	1896	-77.57914
74	106	1896	-74.263336
75	106	1896	-61.719593
76	106	1162	-42.42049
77	106	1924	-24.947445
78	106	878	-21.684149
79	106	1138	-35.2966
80	106	1402	-47.90414
81	106	1897	-50.369736
82	106	1980	-41.75869
83	106	2381	-28.363705
84	106	2069	-15.041097
85	106	1877	-6.392694
86	106	1178	0.282948
87	106	1109	1.161135
88	106	1165	8.742259
89	106	2173	17.221092
90	106	1108	23.652596
91	106	1179	29.440098
92	106	2071	36.928257
93	106	1897	48.847343
94	106	1135	55.570351
95	106	1897	57.990124
96	106	1135	51.712875
97	106	1897	52.445778
98	106	1877	64.645325
99	106	1907	91.961006
100	106	1178	116.38652
101	106	2173	123.04554
102	106	18	116.359383
103	106	1108	109.173515
104	106	2173	111.959846
105	106	1108	125.185547
106	106	2070	124.940712
107	106	1907	107.077728
108	106	1924	84.239395
109	106	1896	62.752789
110	106	1402	49.232292
111	106	1161	47.258389
112	106	2752	57.009762
113	106	874	84.609116
114	106	15	118.855362
115	106	897	134.436005
116	106	2416	136.501022
117	106	1135	115.88916
118	106	1140	95.777779
119	106	16	76.399635
120	106	100	57.419113
121	106	1476	35.926296
122	106	2137	14.895816
123	106	2349	3.309393
124	106	2359	-4.939879
125	106	1907	-13.986007
126	106	1907	-16.894636
127	106	1723	-10.637954
128	106	897	0
0	107	793	0
1	107	794	10.288789
2	107	870	20.707371
3	107	816	22.533199
4	107	963	23.772577
5	107	2347	38.357471
6	107	2688	39.738342
7	107	2753	26.485073
8	107	2537	-0.26111
9	107	1796	-17.643753
10	107	1501	-26.122648
11	107	2236	-25.794992
12	107	2404	-19.584091
13	107	2427	-6.494245
14	107	2428	5.598625
15	107	2713	12.223825
16	107	872	14.312644
17	107	866	15.144179
18	107	1613	21.838173
19	107	2414	30.655226
20	107	2754	34.040993
21	107	157	27.915358
22	107	10	16.994591
23	107	13	9.971882
24	107	22	5.988653
25	107	13	5.951025
26	107	2551	11.107132
27	107	2755	16.69223
28	107	2529	23.341516
29	107	433	35.621479
30	107	434	52.676464
31	107	561	62.657463
32	107	197	82.944275
33	107	8	102.084877
34	107	98	102.291908
35	107	5	102.442589
36	107	422	109.251457
37	107	620	125.515503
38	107	99	143.080582
39	107	91	127.551987
40	107	2756	111.000175
41	107	877	102.932381
42	107	1162	100.250076
43	107	1723	86.533066
44	107	1820	60.674351
45	107	2063	27.895842
46	107	1135	0.384375
47	107	1161	-16.69562
48	107	1162	-27.262957
49	107	2063	-31.814796
50	107	1723	-31.441309
51	107	1158	-30.139893
52	107	2740	-34.983398
53	107	2389	-39.33419
54	107	2527	-44.705406
55	107	2549	-50.694447
56	107	2755	-52.731907
57	107	2308	-52.144245
58	107	2288	-46.388569
59	107	2351	-44.144241
60	107	2757	-44.726006
61	107	1723	-44.391926
62	107	2673	-43.683563
63	107	2510	-39.267254
64	107	2677	-35.251511
65	107	2758	-41.319534
66	107	2759	-54.784302
67	107	1877	-68.572075
68	107	1135	-77.084801
69	107	1897	-77.80249
70	107	1907	-76.66349
71	107	2063	-75.844391
72	107	1877	-75.203117
73	107	1877	-80.181732
74	107	1980	-79.410362
75	107	2381	-65.203102
76	107	2071	-46.260548
77	107	1161	-26.861385
78	107	1402	-24.46674
79	107	1161	-38.343544
80	107	1402	-49.980961
81	107	2403	-54.622307
82	107	0	-47.880756
83	107	1952	-38.325264
84	107	1877	-24.654541
85	107	1907	-11.051789
86	107	1924	-0.701929
87	107	1162	0
88	107	1178	0
89	107	2070	0.420811
90	107	1178	5.812148
91	107	1109	13.350843
92	107	1158	23.934536
93	107	1140	36.75602
94	107	1158	45.587906
95	107	1161	48.975163
96	107	1402	48.35339
97	107	1897	53.058189
98	107	1907	61.888401
99	107	1980	86.750351
100	107	2096	109.534058
101	107	1859	116.064911
102	107	2070	113.069458
103	107	1178	105.244736
104	107	2070	103.617798
105	107	2063	107.259117
106	107	1909	106.864731
107	107	2141	92.613464
108	107	1177	83.455353
109	107	1924	70.681221
110	107	1162	54.943592
111	107	2305	49.214813
112	107	2178	54.74411
113	107	1896	80.30719
114	107	878	111.083916
115	107	1820	129.714844
116	107	1723	136.069885
117	107	1138	122.745804
118	107	2447	116.378151
119	107	1108	97.814865
120	107	2120	78.450462
121	107	1952	48.854881
122	107	1178	22.19702
123	107	2070	6.102617
124	107	1909	-4.009402
125	107	2141	-11.145318
126	107	1132	-13.123012
127	107	16	-6.463633
128	107	100	0
0	108	921	0
1	108	899	11.215434
2	108	869	23.058683
3	108	99	22.092804
4	108	2658	31.915392
5	108	2405	43.339458
6	108	2685	42.654415
7	108	2760	23.84853
8	108	1177	-2.543747
9	108	1731	-19.123806
10	108	873	-24.9811
11	108	2761	-24.795235
12	108	2597	-14.954825
13	108	2713	-0.195834
14	108	818	10.102488
15	108	871	13.918314
16	108	794	13.825959
17	108	897	15.089532
18	108	794	12.651443
19	108	5	14.563082
20	108	466	14.758424
21	108	26	9.444937
22	108	12	0.892574
23	108	23	-5.659888
24	108	21	-6.798999
25	108	2738	-3.765967
26	108	2529	2.960977
27	108	372	10.384614
28	108	7	18.841604
29	108	434	32.613735
30	108	434	46.603706
31	108	434	62.480858
32	108	591	82.990768
33	108	99	100.045967
34	108	90	108.745552
35	108	5	108.803696
36	108	14	111.533615
37	108	15	124.208199
38	108	1138	131.615036
39	108	2762	113.147926
40	108	2763	93.335037
41	108	1135	77.801888
42	108	1140	66.293633
43	108	1158	49.528267
44	108	1159	25.361895
45	108	1161	-3.965289
46	108	1162	-27.787754
47	108	1907	-39.886326
48	108	1877	-42.903206
49	108	1924	-38.109501
50	108	1896	-27.251253
51	108	2764	-19.323774
52	108	2696	-14.735968
53	108	2510	-16.97743
54	108	2525	-27.028049
55	108	2510	-38.589024
56	108	2525	-48.890362
57	108	2389	-52.634876
58	108	2369	-46.73093
59	108	2765	-39.564701
60	108	1140	-33.897945
61	108	2738	-25.3339
62	108	2766	-18.75761
63	108	2757	-8.04284
64	108	1723	-0.723173
65	108	1158	-9.077281
66	108	2454	-26.962614
67	108	1122	-42.221039
68	108	1162	-51.280727
69	108	2063	-54.919006
70	108	1877	-56.93251
71	108	1907	-60.306347
72	108	1877	-69.83149
73	108	1178	-78.175385
74	108	1859	-78.046478
75	108	2382	-64.472504
76	108	1162	-45.203636
77	108	1723	-26.518032
78	108	1820	-23.861614
79	108	1163	-34.581844
80	108	17	-47.399227
81	108	4	-50.95594
82	108	1820	-47.924229
83	108	1907	-39.435566
84	108	1877	-25.423817
85	108	1907	-10.568064
86	108	1877	-0.231403
87	108	2063	0
88	108	1877	0
89	108	1877	0
90	108	1924	1.375471
91	108	878	7.845409
92	108	1138	14.887675
93	108	878	23.036673
94	108	1158	33.572437
95	108	1140	39.470127
96	108	1820	41.416256
97	108	1877	46.367947
98	108	1178	54.505039
99	108	1179	71.104637
100	108	2069	92.741386
101	108	2063	104.25518
102	108	2063	105.489212
103	108	1907	101.209358
104	108	1909	107.99855
105	108	1988	100.870972
106	108	1732	90.253754
107	108	1134	80.923584
108	108	2063	75.72641
109	108	1135	71.610397
110	108	1161	56.694241
111	108	1402	47.239841
112	108	1897	50.238152
113	108	1924	69.653877
114	108	1162	96.011688
115	108	1924	111.421104
116	108	1402	115.427826
117	108	2098	109.913994
118	108	963	111.584625
119	108	1161	98.44928
120	108	1162	83.209709
121	108	1909	51.584465
122	108	1177	25.649294
123	108	1796	8.537724
124	108	1501	-1.786106
125	108	1104	-7.277055
126	108	1139	-7.953778
127	108	1	-3.612924
128	108	1019	0
0	109	2136	0
1	109	1020	5.03345
2	109	19	11.173429
3	109	2767	18.841848
4	109	2710	31.548115
5	109	2768	42.579666
6	109	2769	32.732105
7	109	1521	14.152269
8	109	2358	-9.677466
9	109	1465	-19.15436
10	109	925	-23.239613
11	109	1022	-22.898941
12	109	794	-10.397931
13	109	1033	4.755999
14	109	841	14.144723
15	109	848	11.780917
16	109	90	7.003404
17	109	870	4.695483
18	109	842	1.148544
19	109	27	-2.972532
20	109	98	-5.597478
21	109	36	-9.614401
22	109	26	-14.221854
23	109	27	-16.963036
24	109	16	-16.70089
25	109	392	-9.149086
26	109	7	2.135651
27	109	248	11.9945
28	109	634	18.776447
29	109	480	30.801174
30	109	577	44.056541
31	109	3	57.012085
32	109	19	72.476402
33	109	392	84.5457
34	109	145	99.380058
35	109	90	103.564201
36	109	98	105.423965
37	109	1158	113.686905
38	109	2639	117.226898
39	109	2770	95.343529
40	109	1723	72.196999
41	109	90	53.434872
42	109	98	36.603596
43	109	1138	18.700329
44	109	1402	0.116757
45	109	1897	-19.221752
46	109	1135	-38.320736
47	109	1897	-48.575344
48	109	2063	-49.187893
49	109	1135	-41.944435
50	109	1159	-27.046801
51	109	2771	-13.453989
52	109	2696	-3.935861
53	109	2493	0.245277
54	109	2527	-6.086741
55	109	2772	-23.858101
56	109	2773	-40.962494
57	109	2528	-50.118973
58	109	2549	-47.419094
59	109	2774	-36.239639
60	109	2775	-16.086937
61	109	2776	1.537681
62	109	2770	16.689144
63	109	1723	30.754959
64	109	1138	35.93993
65	109	2447	23.723604
66	109	2235	7.598147
67	109	2063	-6.461244
68	109	1135	-16.047825
69	109	1897	-23.345308
70	109	2063	-24.57444
71	109	1877	-37.178391
72	109	2063	-56.309357
73	109	1877	-67.500687
74	109	1907	-69.374557
75	109	2063	-58.087208
76	109	1723	-37.627041
77	109	1820	-25.992804
78	109	2470	-24.817883
79	109	0	-29.74073
80	109	2099	-38.471249
81	109	1162	-41.884014
82	109	2063	-42.70142
83	109	1877	-32.335609
84	109	1877	-18.828094
85	109	1877	-4.058129
86	109	1877	0
87	109	1877	0
88	109	1877	0
89	109	1877	0.006174
90	109	1163	0.206969
91	109	2116	1.89532
92	109	1924	6.246593
93	109	1896	14.196004
94	109	1896	23.677286
95	109	1162	31.321756
96	109	1877	39.139603
97	109	1877	43.367996
98	109	1178	49.873047
99	109	1199	67.463387
100	109	1177	87.493698
101	109	2063	97.415077
102	109	1907	100.52755
103	109	1731	108.788185
104	109	1732	112.387291
105	109	1134	104.425194
106	109	2063	88.990906
107	109	2063	75.312027
108	109	2286	66.0112
109	109	2464	61.745754
110	109	1200	50.232624
111	109	2237	40.771587
112	109	1907	40.626808
113	109	2063	55.945564
114	109	1909	77.098953
115	109	1200	90.76136
116	109	847	93.573273
117	109	848	92.057976
118	109	1176	88.255409
119	109	1177	80.847115
120	109	1796	69.161377
121	109	2174	47.953087
122	109	2069	28.640911
123	109	1796	11.760815
124	109	1134	3.427653
125	109	1723	-0.640264
126	109	1165	-2.108688
127	109	2413	-0.097155
128	109	874	0
0	110	1	0
1	110	18	0.018054
2	110	2436	3.057724
3	110	848	16.589552
4	110	2761	32.930363
5	110	2777	29.279503
6	110	2148	15.784839
7	110	2238	-2.557404
8	110	846	-16.134598
9	110	840	-20.720514
10	110	841	-22.685371
11	110	847	-22.165346
12	110	816	-14.055381
13	110	2456	-5.282727
14	110	841	-3.570201
15	110	848	-8.09718
16	110	897	-12.356222
17	110	2754	-12.411942
18	110	98	-11.341245
19	110	90	-12.308775
20	110	98	-14.617209
21	110	90	-18.832487
22	110	98	-21.44758
23	110	5	-23.080616
24	110	2	-20.355116
25	110	577	-9.99826
26	110	591	2.561457
27	110	712	13.015346
28	110	197	21.171165
29	110	533	29.073502
30	110	604	40.065502
31	110	409	50.529213
32	110	635	60.696877
33	110	142	68.978195
34	110	625	80.741768
35	110	392	90.368713
36	110	625	90.046791
37	110	2116	92.184708
38	110	1907	99.596909
39	110	1924	83.543221
40	110	878	61.546364
41	110	90	40.227608
42	110	1158	22.175926
43	110	1161	6.856112
44	110	1162	-6.063577
45	110	1924	-20.971529
46	110	1402	-38.715889
47	110	1897	-49.376125
48	110	1924	-52.106342
49	110	1896	-47.529118
50	110	1162	-34.660416
51	110	2676	-19.799053
52	110	2772	-7.900043
53	110	2778	-0.671323
54	110	1158	-1.555364
55	110	1161	-9.875761
56	110	1896	-33.143208
57	110	2764	-45.837669
58	110	2779	-44.873169
59	110	2640	-34.487766
60	110	1897	-12.179496
61	110	2063	11.613369
62	110	1924	32.699402
63	110	2068	47.165783
64	110	2589	56.300301
65	110	963	39.335476
66	110	1897	26.835516
67	110	1723	17.04023
68	110	1158	12.960361
69	110	1897	9.931746
70	110	1907	0.931746
71	110	2063	-19.845966
72	110	1877	-44.433651
73	110	2063	-57.841103
74	110	1135	-60.652168
75	110	1161	-51.764187
76	110	1402	-33.68932
77	110	2098	-27.820442
78	110	370	-28.18071
79	110	2573	-30.192741
80	110	1897	-37.810204
81	110	1877	-41.017204
82	110	1907	-37.270576
83	110	1907	-24.15979
84	110	1877	-8.355918
85	110	1907	-0.602903
86	110	1907	-0.193502
87	110	1877	-0.331547
88	110	1907	-0.639075
89	110	1178	-0.685783
90	110	2070	-0.277456
91	110	2063	1.219307
92	110	1877	4.202883
93	110	2063	11.214192
94	110	2063	22.935081
95	110	1907	32.192249
96	110	1877	37.500324
97	110	1877	39.361061
98	110	1731	48.589001
99	110	1795	69.111221
100	110	1877	93.042282
101	110	2063	98.918449
102	110	1796	100.615822
103	110	1521	108.168114
104	110	2141	109.749962
105	110	2141	103.982277
106	110	2141	86.744217
107	110	1762	75.553619
108	110	1501	65.67263
109	110	1373	58.383419
110	110	1795	46.887638
111	110	1877	37.717216
112	110	1909	36.733074
113	110	2780	47.124554
114	110	2670	64.488441
115	110	2667	81.048805
116	110	2781	89.393166
117	110	2717	84.339653
118	110	2051	78.707878
119	110	1177	70.195724
120	110	2433	56.188766
121	110	2782	42.816666
122	110	1877	33.202724
123	110	1909	21.79248
124	110	1132	11.597195
125	110	2783	3.925251
126	110	2784	0.175523
127	110	2472	0
128	110	816	0
0	111	1613	0
1	111	2357	0
2	111	1157	8.831778
3	111	2785	25.559669
4	111	2472	31.968678
5	111	871	15.088654
6	111	2670	-3.497835
7	111	2616	-15.178275
8	111	2238	-22.412138
9	111	2113	-24.714581
10	111	1890	-24.057913
11	111	1490	-24.447477
12	111	1437	-23.758419
13	111	1002	-22.734087
14	111	1490	-24.974546
15	111	100	-29.228802
16	111	17	-29.171368
17	111	90	-25.647171
18	111	16	-19.381927
19	111	100	-16.108185
20	111	99	-18.594561
21	111	16	-21.502838
22	111	392	-23.61425
23	111	88	-23.340204
24	111	634	-16.905483
25	111	604	-6.452859
26	111	197	4.326218
27	111	533	14.213515
28	111	604	22.658657
29	111	619	28.793215
30	111	491	37.959785
31	111	196	45.550179
32	111	197	52.072899
33	111	561	56.602119
34	111	197	65.880234
35	111	561	75.896973
36	111	2719	76.930389
37	111	2381	77.453377
38	111	2071	83.27449
39	111	1161	82.819786
40	111	878	63.064575
41	111	1138	38.963821
42	111	1162	21.525318
43	111	1907	9.846406
44	111	1877	1.899657
45	111	1924	-9.297813
46	111	1402	-29.228992
47	111	1897	-43.402016
48	111	1135	-50.423286
49	111	1159	-51.812054
50	111	1140	-45.872932
51	111	1158	-36.448391
52	111	2007	-25.351339
53	111	99	-16.183483
54	111	1158	-10.138906
55	111	1159	-10.148399
56	111	1159	-23.696772
57	111	1159	-35.653698
58	111	1140	-35.246902
59	111	1820	-27.863855
60	111	2063	-12.011283
61	111	1907	12.594096
62	111	2470	36.29533
63	111	19	51.922562
64	111	1164	57.311214
65	111	1402	48.296711
66	111	1140	32.737946
67	111	90	32.964184
68	111	1820	29.48662
69	111	2063	26.542849
70	111	1907	9.06674
71	111	1877	-8.980629
72	111	1877	-26.375809
73	111	1924	-43.866055
74	111	2068	-49.488056
75	111	1122	-42.078987
76	111	1896	-35.289341
77	111	2179	-30.395355
78	111	2382	-34.659508
79	111	1162	-38.712372
80	111	1877	-41.734119
81	111	2063	-43.154655
82	111	2063	-37.437317
83	111	1135	-20.053432
84	111	1897	-2.538353
85	111	1907	-0.204624
86	111	1877	-0.917093
87	111	1907	-2.271905
88	111	1877	-3.341419
89	111	1907	-3.621683
90	111	1877	-2.757361
91	111	1907	0.012612
92	111	1877	5.042747
93	111	1877	12.717834
94	111	1877	23.579401
95	111	1877	31.482607
96	111	2063	34.818394
97	111	1731	40.331734
98	111	2051	58.004246
99	111	1177	82.972969
100	111	1907	104.999657
101	111	1909	111.814156
102	111	1988	104.183922
103	111	1661	102.35247
104	111	1103	103.733818
105	111	1373	105.378609
106	111	2051	96.480804
107	111	1988	90.81321
108	111	1661	79.25399
109	111	2236	70.275978
110	111	1897	56.974224
111	111	2305	42.427586
112	111	794	38.101402
113	111	2658	46.782951
114	111	2407	63.259987
115	111	2364	84.695023
116	111	2786	98.042252
117	111	793	99.7267
118	111	1116	87.129784
119	111	1403	72.05864
120	111	1134	57.40675
121	111	1909	46.437164
122	111	1762	37.589684
123	111	2787	30.625383
124	111	2364	18.016243
125	111	2405	7.634822
126	111	2713	1.02502
127	111	794	0
128	111	1133	0
0	112	2147	0
1	112	2347	0.643308
2	112	2728	10.352605
3	112	2788	26.911276
4	112	2240	25.281332
5	112	2595	3.067827
6	112	2505	-11.283539
7	112	2667	-16.583248
8	112	2171	-21.883366
9	112	1020	-26.050217
10	112	18	-26.021574
11	112	1019	-22.437843
12	112	1020	-24.505239
13	112	18	-32.433002
14	112	18	-38.722885
15	112	18	-40.672729
16	112	878	-38.856476
17	112	152	-32.96452
18	112	0	-25.370188
19	112	15	-19.835043
20	112	531	-19.389227
21	112	513	-19.537951
22	112	146	-20.706388
23	112	5	-18.487226
24	112	2	-10.47084
25	112	434	-1.148175
26	112	2789	7.874163
27	112	2790	16.633545
28	112	2693	22.280958
29	112	739	28.236942
30	112	619	33.779484
31	112	480	39.234509
32	112	577	44.223595
33	112	434	48.018867
34	112	434	54.520237
35	112	561	63.123672
36	112	739	65.271858
37	112	2791	60.46928
38	112	1402	67.634621
39	112	1140	74.519241
40	112	1820	65.582893
41	112	2063	42.667896
42	112	2063	27.351568
43	112	2063	19.434721
44	112	1907	11.68369
45	112	1924	1.80025
46	112	1162	-14.810895
47	112	1723	-38.416138
48	112	1138	-46.285778
49	112	878	-52.369057
50	112	1138	-53.240307
51	112	2179	-50.633785
52	112	1109	-43.305939
53	112	1138	-31.475054
54	112	878	-19.00135
55	112	1138	-10.215479
56	112	878	-9.758159
57	112	1138	-16.234621
58	112	1162	-18.3925
59	112	1907	-15.934134
60	112	1980	-6.329072
61	112	2096	12.660745
62	112	1859	36.572708
63	112	2070	56.208294
64	112	1723	60.917236
65	112	1138	50.937969
66	112	1896	35.592285
67	112	1402	30.523258
68	112	1159	28.299612
69	112	1897	28.359797
70	112	2063	19.285858
71	112	1877	4.849986
72	112	1980	-11.994149
73	112	2387	-24.595465
74	112	2459	-30.304192
75	112	1897	-27.475466
76	112	2063	-28.467676
77	112	1877	-33.730572
78	112	2063	-40.79599
79	112	1877	-40.627575
80	112	1907	-44.586208
81	112	1907	-46.114761
82	112	1924	-37.580109
83	112	1162	-19.115862
84	112	1907	-1.136737
85	112	1877	-0.988925
86	112	2063	-3.311112
87	112	2063	-6.057972
88	112	2063	-8.350395
89	112	1877	-9.322993
90	112	1907	-8.114361
91	112	1877	-3.876217
92	112	2063	3.713468
93	112	2063	12.140494
94	112	1980	20.590298
95	112	2069	25.687222
96	112	1796	32.555199
97	112	1501	46.133327
98	112	2051	71.406776
99	112	1177	97.872467
100	112	1731	114.628799
101	112	1373	112.930748
102	112	1373	103.724411
103	112	1103	98.897156
104	112	1373	100.549355
105	112	1373	110.089813
106	112	1661	111.972198
107	112	1022	110.737106
108	112	794	105.284286
109	112	1158	96.734863
110	112	1140	74.161537
111	112	870	54.97963
112	112	2595	47.798286
113	112	2664	54.362766
114	112	2429	74.222816
115	112	2792	94.558815
116	112	99	111.717384
117	112	870	117.06163
118	112	2464	103.930565
119	112	1177	80.449585
120	112	1796	60.820763
121	112	1521	49.751625
122	112	2793	40.669014
123	112	2562	34.078979
124	112	2427	19.219423
125	112	2472	8.69742
126	112	848	1.586527
127	112	1158	0
128	112	1161	0
0	113	2794	0
1	113	2795	0.204412
2	113	2796	5.586046
3	113	2471	13.994572
4	113	2578	8.868267
5	113	2728	-4.789335
6	113	2711	-10.263418
7	113	5	-10.400774
8	113	1613	-16.754362
9	113	1495	-19.90115
10	113	1885	-17.415684
11	113	18	-10.547933
12	113	18	-14.493716
13	113	1001	-31.316395
14	113	1885	-44.381355
15	113	1924	-48.692825
16	113	1139	-45.786411
17	113	15	-38.013813
18	113	372	-29.020828
19	113	141	-20.803154
20	113	620	-16.751135
21	113	99	-15.120952
22	113	98	-12.731291
23	113	490	-6.957322
24	113	480	3.381281
25	113	2287	10.400558
26	113	2351	18.66449
27	113	2010	23.269346
28	113	480	22.790266
29	113	3	23.579416
30	113	560	28.476307
31	113	577	31.012503
32	113	533	35.941467
33	113	480	42.553482
34	113	533	45.735138
35	113	480	50.390404
36	113	2763	50.54726
37	113	1723	45.670963
38	113	1138	46.751663
39	113	1162	52.945206
40	113	1877	47.733845
41	113	2063	31.86533
42	113	1877	24.063581
43	113	1135	19.318182
44	113	1897	8.70805
45	113	2063	-6.047364
46	113	1924	-19.132965
47	113	1162	-33.176376
48	113	1723	-44.667183
49	113	1158	-50.078125
50	113	1159	-52.537624
51	113	1140	-53.165867
52	113	1820	-47.765579
53	113	1924	-35.668365
54	113	1402	-18.999594
55	113	1140	-0.069647
56	113	1820	16.808861
57	113	2063	15.690991
58	113	1877	7.772729
59	113	1178	3.351472
60	113	2070	5.867136
61	113	1135	20.260963
62	113	1897	42.082989
63	113	1924	58.337051
64	113	2068	60.814934
65	113	2069	46.194988
66	113	1924	33.282677
67	113	878	25.870607
68	113	1820	26.358339
69	113	1907	24.733023
70	113	2063	21.080961
71	113	1178	9.406577
72	113	2173	-2.036177
73	113	2041	-8.240593
74	113	1162	-16.214231
75	113	1907	-20.87677
76	113	1907	-29.451708
77	113	2063	-38.033573
78	113	1907	-37.794018
79	113	1907	-40.284534
80	113	1135	-43.687084
81	113	1159	-45.684753
82	113	1159	-39.622982
83	113	2454	-27.460272
84	113	2069	-12.689069
85	113	1907	-6.832355
86	113	2063	-8.067742
87	113	1877	-11.737474
88	113	1877	-16.080854
89	113	1877	-19.409954
90	113	1877	-18.042068
91	113	1980	-11.371259
92	113	2069	-1.621952
93	113	1178	8.632667
94	113	2070	14.046951
95	113	1909	20.120872
96	113	2358	31.011761
97	113	1775	53.073612
98	113	2051	81.291557
99	113	2358	102.618202
100	113	1775	118.394386
101	113	1373	111.735146
102	113	1890	98.19471
103	113	1775	93.625931
104	113	1661	98.921257
105	113	1022	110.384285
106	113	818	120.573311
107	113	847	127.851578
108	113	848	129.435181
109	113	90	118.029243
110	113	2785	89.468315
111	113	2578	69.822716
112	113	2364	58.402889
113	113	2385	63.795071
114	113	2797	81.565399
115	113	2798	99.888527
116	113	1033	116.956757
117	113	2137	121.139297
118	113	1521	111.394226
119	113	2536	83.203407
120	113	2784	58.717854
121	113	2753	47.522564
122	113	2799	38.936768
123	113	2596	31.590708
124	113	2689	17.476782
125	113	869	6.878788
126	113	921	1.375569
127	113	2237	0
128	113	1135	0
0	114	2800	0
1	114	2760	0
2	114	2801	0.721265
3	114	2449	1.786729
4	114	2711	-3.97486
5	114	98	-8.338243
6	114	90	-9.969833
7	114	897	-12.097756
8	114	2171	-13.783278
9	114	1850	-13.515762
10	114	1495	-4.924432
11	114	874	-0.264957
12	114	817	-9.395822
13	114	1517	-32.381996
14	114	1897	-48.244724
15	114	1924	-53.078835
16	114	878	-49.34853
17	114	91	-40.649483
18	114	512	-30.298891
19	114	1129	-20.57383
20	114	15	-13.364907
21	114	16	-9.628979
22	114	17	-3.37586
23	114	635	7.467232
24	114	2306	18.274195
25	114	2352	26.313587
26	114	3	33.715244
27	114	635	33.945568
28	114	604	23.400784
29	114	197	18.432552
30	114	434	21.331652
31	114	561	25.639977
32	114	619	30.424908
33	114	644	36.776527
34	114	422	38.955139
35	114	2802	39.84111
36	114	1140	38.533016
37	114	1820	35.270733
38	114	2063	34.941097
39	114	1907	33.633961
40	114	1907	25.659864
41	114	1907	14.236226
42	114	1723	8.123672
43	114	1820	1.165557
44	114	1135	-11.505966
45	114	1159	-22.668352
46	114	1897	-29.448921
47	114	1924	-35.157803
48	114	1896	-41.443455
49	114	878	-39.417099
50	114	1138	-41.175724
51	114	1162	-45.366745
52	114	1135	-42.291389
53	114	1161	-31.033159
54	114	1896	-12.19445
55	114	1402	16.598728
56	114	1897	34.4263
57	114	1877	32.164719
58	114	2063	29.867966
59	114	1135	24.887245
60	114	1161	25.198292
61	114	1162	30.687597
62	114	1877	45.089603
63	114	1178	57.034428
64	114	2070	50.424976
65	114	1907	40.006203
66	114	1924	32.988708
67	114	1162	25.783998
68	114	1877	20.383268
69	114	1907	15.536721
70	114	2063	15.677009
71	114	1178	14.359336
72	114	2070	8.300422
73	114	1980	2.719217
74	114	2069	-7.648366
75	114	1877	-22.555096
76	114	1907	-34.211632
77	114	1980	-39.090824
78	114	2381	-41.469547
79	114	1981	-40.618595
80	114	1138	-44.575127
81	114	1896	-45.27655
82	114	2447	-41.804169
83	114	2235	-35.709705
84	114	1135	-28.550329
85	114	1897	-20.896626
86	114	1877	-15.957773
87	114	2063	-18.584021
88	114	2063	-29.3857
89	114	1980	-35.842438
90	114	2096	-33.070023
91	114	1179	-19.342262
92	114	2069	-6.090378
93	114	1907	3.263238
94	114	1731	7.898419
95	114	2614	13.476052
96	114	2325	27.885391
97	114	2136	52.042713
98	114	1850	80.514465
99	114	1002	94.139725
100	114	2136	102.672256
101	114	1850	97.383888
102	114	2113	92.719704
103	114	1661	90.039635
104	114	873	97.546715
105	114	1133	105.499344
106	114	1156	111.104118
107	114	1119	124.054558
108	114	878	121.106461
109	114	2507	113.207458
110	114	2803	90.239594
111	114	2406	77.512741
112	114	2662	68.699272
113	114	2577	73.785339
114	114	2365	82.66185
115	114	845	95.049568
116	114	2804	110.554649
117	114	2175	111.073395
118	114	2805	96.754257
119	114	2406	72.011955
120	114	2662	56.379219
121	114	2407	47.902748
122	114	2717	40.738316
123	114	1890	32.466557
124	114	1850	19.057177
125	114	2113	7.268855
126	114	1795	0.699337
127	114	1924	0.004226
128	114	1162	0
0	115	1731	0
1	115	2690	0
2	115	2806	0.000674
3	115	878	-1.196335
4	115	1138	-4.415461
5	115	1896	-6.249196
6	115	2513	-6.737689
7	115	17	-11.377228
8	115	1019	-15.544872
9	115	2136	-9.036391
10	115	1490	-3.042262
11	115	100	-1.284634
12	115	898	-17.217051
13	115	1402	-39.415546
14	115	1159	-50.916664
15	115	2807	-53.551716
16	115	145	-49.839767
17	115	433	-41.468102
18	115	591	-31.899197
19	115	99	-21.448948
20	115	531	-12.4282
21	115	409	-6.782059
22	115	18	0.386511
23	115	492	10.1696
24	115	92	21.601927
25	115	979	30.55727
26	115	645	37.637619
27	115	619	32.916279
28	115	480	21.227913
29	115	577	13.247766
30	115	434	15.658798
31	115	979	21.851824
32	115	370	27.166368
33	115	17	31.348969
34	115	4	32.965023
35	115	1138	31.847595
36	115	1402	29.251024
37	115	1159	26.016064
38	115	1897	23.119267
39	115	1135	18.980833
40	115	1897	12.769352
41	115	1723	3.115745
42	115	1158	-5.036526
43	115	1161	-11.99103
44	115	1896	-24.833845
45	115	1162	-38.742088
46	115	1135	-46.883282
47	115	1159	-49.816772
48	115	1140	-46.643013
49	115	1820	-36.714661
50	115	1907	-31.713701
51	115	1924	-33.251366
52	115	1162	-31.824648
53	115	1980	-21.252214
54	115	1122	-2.853373
55	115	1162	20.720249
56	115	1877	32.866238
57	115	1877	33.442806
58	115	1924	30.690121
59	115	1162	32.295658
60	115	2063	32.358109
61	115	1907	29.320288
62	115	1877	31.846756
63	115	1907	38.652248
64	115	1135	38.879539
65	115	1897	32.39259
66	115	2063	24.288145
67	115	1877	21.225256
68	115	2063	12.632348
69	115	1877	12.11437
70	115	1907	9.34831
71	115	1877	13.303138
72	115	1178	19.318443
73	115	1179	13.658511
74	115	2381	-2.590226
75	115	2381	-20.391615
76	115	2387	-37.192268
77	115	1108	-40.847992
78	115	2475	-41.189716
79	115	2116	-42.789883
80	115	1980	-42.701077
81	115	2589	-41.304958
82	115	1121	-39.856556
83	115	1122	-38.429527
84	115	1162	-36.880947
85	115	1980	-33.550945
86	115	2069	-31.150238
87	115	1907	-32.544048
88	115	2470	-36.242195
89	115	2095	-42.3078
90	115	2096	-36.379787
91	115	2070	-18.794081
92	115	2063	-7.17439
93	115	1796	0.461823
94	115	1134	3.606645
95	115	1178	7.428861
96	115	2413	21.336582
97	115	1002	40.878994
98	115	1020	64.713799
99	115	1001	77.003586
100	115	2113	83.572273
101	115	1373	84.390022
102	115	1022	86.309883
103	115	818	85.852486
104	115	2237	87.163902
105	115	1909	90.770096
106	115	1177	90.014351
107	115	1924	98.277527
108	115	1162	98.103203
109	115	1731	88.299217
110	115	2473	74.573959
111	115	2714	69.981178
112	115	2596	70.329277
113	115	2672	78.951218
114	115	925	82.309784
115	115	2614	87.540298
116	115	2343	95.29319
117	115	1022	97.350967
118	115	2808	87.151222
119	115	2809	68.904945
120	115	2810	57.848663
121	115	2591	50.380943
122	115	1020	47.13081
123	115	1074	38.081863
124	115	1373	22.353086
125	115	2051	9.480178
126	115	2141	1.58286
127	115	1177	0.016486
128	115	1796	0
0	116	2811	0
1	116	2812	0
2	116	1140	-0.07942
3	116	1820	-1.272639
4	116	1909	-2.563163
5	116	2813	-0.692894
6	116	1495	6.644776
7	116	1885	1.7952
8	116	18	-7.041467
9	116	18	-7.086303
10	116	0	-4.614388
11	116	370	-12.714201
12	116	1140	-29.609867
13	116	372	-43.991215
14	116	7	-50.002728
15	116	591	-51.854939
16	116	633	-47.036091
17	116	2814	-40.000248
18	116	4	-31.247259
19	116	490	-22.13912
20	116	644	-13.985
21	116	14	-7.183446
22	116	6	-1.802796
23	116	7	4.550591
24	116	516	12.45463
25	116	88	20.24535
26	116	89	24.076664
27	116	327	22.138945
28	116	634	13.459757
29	116	294	7.363271
30	116	423	8.691785
31	116	5	12.778837
32	116	1	18.647173
33	116	2041	21.022142
34	116	1162	22.725334
35	116	949	19.972355
36	116	625	15.394933
37	116	2152	11.832191
38	116	1981	6.501336
39	116	1820	0.496012
40	116	1924	-8.006197
41	116	1896	-19.209042
42	116	1162	-26.599894
43	116	1877	-32.6567
44	116	2063	-44.959919
45	116	1924	-54.748066
46	116	1896	-58.130936
47	116	1896	-55.567928
48	116	1162	-48.945721
49	116	1980	-36.392075
50	116	2381	-27.691631
51	116	2069	-26.229433
52	116	1178	-21.659538
53	116	2070	-10.683366
54	116	1877	3.088406
55	116	1907	12.643949
56	116	2063	20.030642
57	116	1135	24.590591
58	116	1897	17.487734
59	116	2063	18.572628
60	116	1877	17.622131
61	116	1877	16.170061
62	116	2063	12.930287
63	116	1723	13.374957
64	116	1820	15.423024
65	116	1135	11.590893
66	116	2454	9.716905
67	116	2381	3.752601
68	116	2069	1.608337
69	116	2063	-1.182768
70	116	1877	-5.125445
71	116	1877	5.818247
72	116	2470	21.635229
73	116	18	16.278902
74	116	1108	0.407741
75	116	1859	-16.366381
76	116	1179	-30.899139
77	116	2387	-37.464092
78	116	2095	-36.914417
79	116	2387	-34.996952
80	116	19	-33.264034
81	116	2119	-30.394745
82	116	1179	-29.320719
83	116	2069	-30.066359
84	116	1178	-31.213257
85	116	2070	-30.950676
86	116	1980	-31.312084
87	116	2387	-31.739073
88	116	18	-31.916025
89	116	2095	-30.536253
90	116	2069	-21.834562
91	116	1907	-13.32881
92	116	2063	-5.827608
93	116	1909	-1.41159
94	116	2141	1.319235
95	116	1762	2.458386
96	116	2332	13.287563
97	116	1495	26.190836
98	116	2113	37.980129
99	116	1103	48.366135
100	116	1890	57.434139
101	116	841	68.8479
102	116	1118	77.043671
103	116	1521	78.761841
104	116	1988	73.208015
105	116	1795	65.01091
106	116	1135	65.023552
107	116	1897	67.725243
108	116	2468	66.724396
109	116	1490	62.719093
110	116	100	58.995872
111	116	2455	59.917072
112	116	1119	72.258278
113	116	2394	84.168694
114	116	2051	85.22403
115	116	2780	86.249611
116	116	794	83.329185
117	116	870	85.46357
118	116	2435	83.659325
119	116	18	70.686775
120	116	18	61.742893
121	116	1001	57.10133
122	116	2357	51.640724
123	116	2716	38.833843
124	116	2616	23.361862
125	116	1373	10.556047
126	116	2236	2.272518
127	116	1897	0.059078
128	116	1877	0
0	117	1723	0
1	117	870	0
2	117	1160	-0.041726
3	117	2487	-1.610642
4	117	2667	-1.225337
5	117	872	4.601285
6	117	2238	10.116276
7	117	874	3.151314
8	117	1613	-8.949849
9	117	896	-14.246915
10	117	5	-17.221565
11	117	90	-26.394575
12	117	91	-40.124329
13	117	92	-43.814953
14	117	561	-46.116268
15	117	532	-45.890438
16	117	152	-41.129715
17	117	4	-34.777775
18	117	152	-28.263231
19	117	4	-21.685154
20	117	16	-16.484116
21	117	515	-11.701651
22	117	533	-6.353412
23	117	511	-1.081354
24	117	146	2.762264
25	117	1138	8.049274
26	117	878	10.775166
27	117	5	10.665822
28	117	14	7.11531
29	117	370	2.306013
30	117	100	0.779182
31	117	87	2.831146
32	117	1952	5.002552
33	117	1980	8.254084
34	117	2815	9.977624
35	117	2816	6.842636
36	117	18	2.524998
37	117	19	-5.028343
38	117	2116	-13.552863
39	117	1907	-23.759117
40	117	1877	-33.618145
41	117	1907	-39.842625
42	117	1907	-41.87085
43	117	2063	-48.159904
44	117	1135	-57.407192
45	117	1897	-62.411079
46	117	1135	-60.531593
47	117	2454	-54.248909
48	117	2387	-43.545311
49	117	18	-28.043297
50	117	2235	-18.844547
51	117	1907	-16.60832
52	117	2063	-13.781104
53	117	1907	-9.013942
54	117	1877	-0.071987
55	117	1877	-2.637256
56	117	1924	-1.533144
57	117	1162	-0.363441
58	117	1907	0.263231
59	117	1980	-1.66381
60	117	2381	3.561061
61	117	2069	2.151443
62	117	1924	-4.654126
63	117	1402	-4.871407
64	117	1161	-1.132329
65	117	1139	0.927464
66	117	2817	-2.438212
67	117	2070	-11.543733
68	117	1907	-18.696604
69	117	1907	-23.862926
70	117	1877	-22.13555
71	117	1178	-13.473476
72	117	2173	4.191691
73	117	2095	7.040401
74	117	2381	-0.983135
75	117	2387	-15.5688
76	117	18	-26.277596
77	117	18	-29.285938
78	117	18	-25.84288
79	117	18	-21.689249
80	117	2095	-17.796108
81	117	2096	-13.852633
82	117	1179	-12.196662
83	117	2069	-13.400224
84	117	1980	-18.635738
85	117	2387	-21.60129
86	117	1108	-24.140886
87	117	2173	-23.618952
88	117	1108	-20.538523
89	117	1179	-17.201647
90	117	2381	-13.019225
91	117	2069	-7.575081
92	117	1796	-3.602343
93	117	1156	-1.263788
94	117	1521	0.108364
95	117	1762	0.467
96	117	1156	4.132248
97	117	1501	11.062395
98	117	1661	18.312225
99	117	1809	28.955603
100	117	1019	40.843216
101	117	2359	56.909359
102	117	2305	67.071739
103	117	2509	67.136467
104	117	1521	58.873055
105	117	2320	48.672165
106	117	2152	46.377323
107	117	2387	48.177189
108	117	18	50.140266
109	117	18	50.14156
110	117	2095	48.791496
111	117	2503	56.120983
112	117	1988	75.319565
113	117	1022	91.569115
114	117	794	92.693024
115	117	870	85.676872
116	117	840	80.448212
117	117	1020	84.315941
118	117	18	84.931679
119	117	1001	77.366287
120	117	2113	68.753265
121	117	2818	58.49268
122	117	2819	47.52129
123	117	2730	33.929726
124	117	2690	20.120455
125	117	2806	8.649319
126	117	1402	1.678006
127	117	1159	0.032878
128	117	1161	0
0	118	2380	0
1	118	794	0
2	118	2517	-0.001108
3	118	2820	-1.736507
4	118	2717	-0.179077
5	118	1022	3.255834
6	118	818	1.915195
7	118	871	-8.44303
8	118	818	-20.230665
9	118	847	-29.915125
10	118	372	-34.669956
11	118	145	-41.781807
12	118	91	-44.463921
13	118	92	-41.612511
14	118	516	-37.650402
15	118	1073	-36.981491
16	118	19	-31.985462
17	118	17	-27.874527
18	118	4	-24.081369
19	118	5	-19.080883
20	118	422	-17.850086
21	118	644	-18.528673
22	118	6	-16.068705
23	118	145	-11.758979
24	118	1158	-6.880841
25	118	2807	-1.257733
26	118	145	2.387113
27	118	98	4.27584
28	118	152	3.810593
29	118	0	-2.173725
30	118	15	-7.115364
31	118	2476	-8.552545
32	118	2096	-7.663598
33	118	2070	-3.747699
34	118	2821	-1.533516
35	118	2822	-0.510418
36	118	2173	-6.153908
37	118	2235	-17.141642
38	118	2063	-28.058609
39	118	1877	-38.136154
40	118	2063	-44.789486
41	118	1877	-48.70742
42	118	1907	-48.225075
43	118	1924	-51.983631
44	118	1162	-58.636787
45	118	1924	-61.415619
46	118	1139	-56.338593
47	118	1	-45.057117
48	118	1108	-31.817148
49	118	2097	-20.185755
50	118	1159	-16.122269
51	118	1897	-19.157389
52	118	1135	-12.717697
53	118	1897	-3.221789
54	118	2063	-5.584394
55	118	2063	-12.242477
56	118	1907	-18.479076
57	118	2063	-22.913311
58	118	2470	-20.04035
59	118	18	-8.082818
60	118	2235	0.30999
61	118	1907	-2.852992
62	118	1924	-10.160587
63	118	1162	-12.431654
64	118	1163	-7.235949
65	118	2116	-6.283519
66	118	1135	-10.25788
67	118	1897	-23.151634
68	118	2063	-38.021839
69	118	1907	-46.594147
70	118	1980	-47.612709
71	118	2096	-32.646999
72	118	2173	-14.441024
73	118	18	-7.100518
74	118	18	-12.852655
75	118	18	-17.244997
76	118	18	-21.162176
77	118	1108	-18.558273
78	118	2173	-14.499662
79	118	1108	-10.847761
80	118	1179	-7.2889
81	118	2387	-3.980611
82	118	2095	-3.545285
83	118	2096	-4.823943
84	118	1859	-7.321906
85	118	2070	-10.912337
86	118	1178	-12.607091
87	118	1179	-11.932592
88	118	2096	-10.892184
89	118	1859	-8.795525
90	118	2070	-6.108069
91	118	1877	-2.8671
92	118	1909	-0.501222
93	118	1762	-0.433263
94	118	1134	-0.059139
95	118	1907	0.029119
96	118	1796	0.384665
97	118	1501	1.922411
98	118	2614	4.38407
99	118	1859	12.575734
100	118	2070	27.447557
101	118	1924	47.318108
102	118	1374	59.338573
103	118	2780	56.189877
104	118	2754	46.943119
105	118	18	40.117592
106	118	1001	38.099377
107	118	1495	43.529057
108	118	1495	47.353062
109	118	1885	45.23494
110	118	2594	44.367538
111	118	1501	56.378788
112	118	873	75.926826
113	118	870	95.610382
114	118	840	93.502686
115	118	1020	83.804741
116	118	18	77.228226
117	118	1001	78.589737
118	118	2113	80.991478
119	118	1732	80.073387
120	118	2731	70.534248
121	118	2406	54.170013
122	118	2730	38.940327
123	118	2451	25.368719
124	118	2823	13.324228
125	118	1132	4.352776
126	118	90	0.452181
127	118	1820	0
128	118	1924	0
0	119	2410	0
1	119	2645	0
2	119	2728	1.413422
3	119	2450	1.371068
4	119	1337	1.479998
5	119	1118	1.632465
6	119	1157	-1.492186
7	119	897	-12.592904
8	119	872	-29.260265
9	119	91	-41.096729
10	119	2824	-49.083939
11	119	2703	-49.464226
12	119	2825	-44.389534
13	119	248	-37.572132
14	119	89	-30.365688
15	119	2826	-24.222792
16	119	2827	-19.53508
17	119	2828	-19.072922
18	119	100	-15.159886
19	119	87	-11.529112
20	119	15	-13.574577
21	119	2694	-19.244349
22	119	2655	-22.707607
23	119	2551	-20.782265
24	119	2829	-16.452126
25	119	2830	-9.482088
26	119	2703	-3.18681
27	119	2831	-0.978333
28	119	2099	-1.652953
29	119	878	-6.64653
30	119	5	-12.172598
31	119	1952	-14.658681
32	119	1877	-12.858124
33	119	2832	-6.371359
34	119	2833	-2.518264
35	119	2387	-0.113925
36	119	2095	-7.397776
37	119	2381	-19.05826
38	119	2069	-32.336891
39	119	2063	-43.419525
40	119	1877	-46.706085
41	119	1135	-46.202293
42	119	1897	-42.444336
43	119	2063	-44.470791
44	119	1877	-52.101635
45	119	1163	-54.216377
46	119	87	-45.740391
47	119	963	-29.386705
48	119	1140	-19.14065
49	119	1138	-23.447697
50	119	1162	-33.83564
51	119	1924	-32.105961
52	119	1162	-20.407509
53	119	2063	-4.215835
54	119	2063	-8.020635
55	119	1135	-19.473156
56	119	1897	-29.91448
57	119	2470	-35.191448
58	119	18	-33.526531
59	119	2095	-21.924597
60	119	2069	-13.90881
61	119	1907	-11.733754
62	119	2063	-15.927303
63	119	2470	-19.874668
64	119	2235	-17.704325
65	119	1924	-17.123087
66	119	1162	-21.779964
67	119	1907	-34.868015
68	119	1980	-53.222038
69	119	2387	-63.572941
70	119	2095	-63.33213
71	119	2387	-53.794468
72	119	18	-40.900303
73	119	18	-30.872522
74	119	18	-29.443663
75	119	18	-28.237129
76	119	2235	-23.286661
77	119	1178	-16.185202
78	119	2070	-11.762153
79	119	1178	-7.572306
80	119	1859	-3.342175
81	119	1859	-1.387296
82	119	2070	-1.683515
83	119	1877	-1.830998
84	119	1877	-2.443074
85	119	1909	-4.329824
86	119	2342	-4.940152
87	119	2070	-3.307939
88	119	1909	-3.512735
89	119	1177	-2.582536
90	119	1909	-0.916463
91	119	1988	0
92	119	2051	0
93	119	1177	0
94	119	2063	0
95	119	2063	0.000065
96	119	1796	0.017654
97	119	1134	0.082523
98	119	1909	0.20302
99	119	2141	4.589653
100	119	2141	18.307234
101	119	1988	34.284168
102	119	1104	44.475029
103	119	1139	47.034473
104	119	1613	36.982815
105	119	2113	34.93103
106	119	1732	34.756294
107	119	1501	42.476925
108	119	2614	46.804413
109	119	1179	46.561283
110	119	2477	44.247711
111	119	1157	56.559589
112	119	925	75.138275
113	119	1809	90.208984
114	119	18	86.523506
115	119	18	74.800301
116	119	1074	67.113174
117	119	1022	68.198395
118	119	1116	71.88134
119	119	2148	72.912399
120	119	2805	63.561523
121	119	2834	46.941589
122	119	2428	29.484213
123	119	2689	15.486961
124	119	873	5.749467
125	119	98	0.264901
126	119	1158	0
127	119	2301	0
128	119	2801	0
0	120	2406	0
1	120	2835	4.648048
2	120	899	12.603561
3	120	1732	13.501875
4	120	1134	8.173769
5	120	1924	5.708037
6	120	1896	6.075778
7	120	1520	-3.191917
8	120	145	-24.108809
9	120	2738	-43.314129
10	120	2308	-52.148689
11	120	2585	-49.121475
12	120	146	-41.897461
13	120	2551	-31.605473
14	120	2525	-16.619621
15	120	2368	-3.051994
16	120	2836	-0.611682
17	120	18	-4.805639
18	120	4	-0.556868
19	120	2551	0.557041
20	120	2613	-7.351119
21	120	1140	-17.44643
22	120	2673	-24.231161
23	120	2368	-24.914698
24	120	2389	-22.268772
25	120	2389	-15.631427
26	120	2624	-7.859468
27	120	2476	-3.596889
28	120	1981	-2.889545
29	120	90	-5.90393
30	120	1820	-8.926711
31	120	1877	-10.066533
32	120	1907	-7.408097
33	120	1178	-1.905185
34	120	1859	2.178169
35	120	2173	3.465621
36	120	18	-5.257378
37	120	2235	-17.316401
38	120	1877	-33.006878
39	120	2063	-39.679752
40	120	1924	-38.674625
41	120	1162	-31.83054
42	120	1877	-24.731529
43	120	1980	-29.383804
44	120	2387	-38.1432
45	120	19	-42.095364
46	120	1164	-33.362133
47	120	1896	-20.459589
48	120	1162	-19.344267
49	120	1135	-41.255928
50	120	1897	-50.258736
51	120	2063	-48.957077
52	120	1907	-38.721588
53	120	1135	-21.879942
54	120	1161	-14.648983
55	120	2068	-25.479649
56	120	2096	-38.182568
57	120	2173	-48.910091
58	120	18	-50.761879
59	120	2095	-44.022282
60	120	2069	-39.792534
61	120	1877	-42.587635
62	120	1178	-45.333832
63	120	2097	-43.864483
64	120	1897	-37.823006
65	120	1877	-34.849678
66	120	1980	-36.397285
67	120	2387	-47.052464
68	120	18	-64.58287
69	120	18	-73.568657
70	120	18	-73.618004
71	120	18	-66.389648
72	120	1108	-57.94595
73	120	2173	-52.14397
74	120	1108	-49.157772
75	120	2070	-40.872265
76	120	1135	-31.45656
77	120	1159	-22.578442
78	120	1897	-14.902596
79	120	2063	-9.167007
80	120	2063	-3.487298
81	120	1980	-1.383795
82	120	2069	-1.106569
83	120	1907	-0.582454
84	120	1796	-0.28788
85	120	1521	-0.916375
86	120	1177	-0.910016
87	120	1796	-0.190916
88	120	1521	0
89	120	1762	0
90	120	1156	0
91	120	1156	0
92	120	1134	0
93	120	1877	0
94	120	1907	0
95	120	1907	0
96	120	1909	0
97	120	1988	0.00061
98	120	1732	0
99	120	1156	0.628543
100	120	1156	8.352615
101	120	1134	24.419771
102	120	1924	35.901569
103	120	2394	38.113659
104	120	1890	35.350403
105	120	2496	35.906521
106	120	2376	35.214539
107	120	2837	41.752438
108	120	2403	45.837887
109	120	2838	46.920578
110	120	2643	41.551929
111	120	1118	49.237907
112	120	2839	63.434074
113	120	2817	71.481979
114	120	1859	68.469749
115	120	2343	56.85759
116	120	873	50.263435
117	120	870	53.594887
118	120	871	58.942825
119	120	872	61.755188
120	120	2805	52.935295
121	120	2689	36.935459
122	120	1103	21.024649
123	120	1104	8.356459
124	120	878	2.536493
125	120	98	0.146749
126	120	897	0
127	120	2509	0
128	120	2731	0
0	121	2840	0
1	121	1156	9.661229
2	121	2147	25.572363
3	121	1897	28.226513
4	121	1909	18.215054
5	121	2141	11.786531
6	121	1177	22.661207
7	121	591	22.586687
8	121	392	-11.150084
9	121	2653	-35.614155
10	121	2529	-44.862595
11	121	1138	-43.477844
12	121	2764	-35.79948
13	121	2696	-23.697645
14	121	2351	-3.373745
15	121	2841	15.777361
16	121	2120	18.073521
17	121	2099	15.171989
18	121	2723	15.106857
19	121	2510	9.975294
20	121	2550	-3.880509
21	121	2673	-15.845057
22	121	2389	-23.344748
23	121	2368	-25.218428
24	121	2390	-22.57029
25	121	2624	-17.448376
26	121	5	-10.050465
27	121	2099	-4.792027
28	121	1896	-2.827803
29	121	1162	-0.493818
30	121	2842	-1.932271
31	121	2843	-2.919653
32	121	2069	-0.428502
33	121	1877	3.699407
34	121	1178	8.160206
35	121	1859	6.066627
36	121	2070	-2.169127
37	121	1877	-16.077761
38	121	1907	-25.838764
39	121	1907	-27.564405
40	121	2063	-24.080709
41	121	1980	-15.641204
42	121	2387	-5.726284
43	121	1108	-14.173335
44	121	1859	-27.466709
45	121	2070	-31.745291
46	121	1907	-28.941343
47	121	1135	-24.030571
48	121	1140	-30.693878
49	121	1820	-53.413609
50	121	1980	-62.354637
51	121	2069	-62.756004
52	121	1723	-56.353024
53	121	2476	-43.492435
54	121	2096	-27.572884
55	121	2070	-33.955036
56	121	1178	-45.338261
57	121	1859	-59.778095
58	121	2173	-65.901817
59	121	2095	-68.947708
60	121	2069	-69.849838
61	121	2063	-70.570282
62	121	1924	-70.396355
63	121	1162	-67.242462
64	121	2063	-61.504467
65	121	2470	-56.402851
66	121	18	-54.584206
67	121	18	-59.593597
68	121	18	-71.597633
69	121	18	-77.993958
70	121	1108	-77.830193
71	121	1179	-72.040283
72	121	2096	-66.143677
73	121	2070	-63.023281
74	121	2063	-59.761848
75	121	1924	-48.088806
76	121	878	-36.463154
77	121	1820	-27.038361
78	121	2063	-21.773577
79	121	1135	-17.183121
80	121	1198	-10.975574
81	121	2070	-3.928612
82	121	1909	-0.784816
83	121	1177	-0.057425
84	121	1731	0
85	121	2051	0
86	121	2844	0
87	121	2376	0
88	121	2496	0
89	121	2503	0
90	121	1177	0
91	121	1909	0
92	121	1177	0
93	121	1907	0
94	121	2063	0
95	121	1796	0
96	121	1156	0
97	121	1134	0
98	121	1907	0
99	121	1980	0.011068
100	121	2503	7.675922
101	121	1177	20.400486
102	121	1796	30.704014
103	121	2412	41.203827
104	121	2120	44.540745
105	121	14	41.926086
106	121	370	38.284451
107	121	2845	40.744606
108	121	2846	38.687744
109	121	2712	38.695385
110	121	2847	35.995018
111	121	2643	36.401661
112	121	1160	44.268337
113	121	1159	48.39006
114	121	1217	45.271637
115	121	818	35.289783
116	121	899	29.707588
117	121	873	36.527134
118	121	1133	42.791157
119	121	1156	45.359512
120	121	1156	38.533054
121	121	1115	26.450106
122	121	1116	13.933736
123	121	1140	4.884106
124	121	90	1.181542
125	121	98	0.089211
126	121	1158	0
127	121	1403	0
128	121	1521	0
0	122	1177	0
1	122	1924	7.116875
2	122	1162	23.333563
3	122	1731	32.433411
4	122	1732	22.527296
5	122	1521	13.475777
6	122	561	25.424387
7	122	197	23.261889
8	122	8	-4.252361
9	122	98	-25.762371
10	122	1820	-34.417099
11	122	1877	-33.667049
12	122	2848	-26.165241
13	122	2779	-13.366904
14	122	2770	7.67358
15	122	949	25.31842
16	122	2849	35.145756
17	122	2676	35.757256
18	122	2308	28.136757
19	122	2510	13.690871
20	122	2525	-2.059491
21	122	2390	-14.068835
22	122	2390	-19.929346
23	122	2368	-20.92309
24	122	2510	-18.917881
25	122	2677	-14.729431
26	122	1162	-9.027577
27	122	2063	-2.872382
28	122	2842	5.03114
29	122	2850	13.894615
30	122	491	13.817461
31	122	2235	8.198909
32	122	1907	4.430456
33	122	2063	5.618651
34	122	1907	7.142168
35	122	1907	5.573809
36	122	1877	-1.508391
37	122	1907	-12.461797
38	122	1877	-19.106449
39	122	2063	-18.447138
40	122	1178	-13.734884
41	122	1859	-8.475827
42	122	2070	-3.653256
43	122	2063	-10.083131
44	122	1877	-23.477633
45	122	1135	-32.780529
46	122	1140	-34.1931
47	122	1138	-33.88834
48	122	1402	-41.480892
49	122	2403	-57.606964
50	122	2459	-66.390678
51	122	1161	-68.008842
52	122	1139	-65.352509
53	122	1952	-57.88612
54	122	2063	-50.252907
55	122	1907	-52.294861
56	122	1907	-57.342854
57	122	1178	-67.102509
58	122	1859	-77.10067
59	122	2070	-84.73111
60	122	2063	-87.224426
61	122	1877	-87.579491
62	122	1135	-86.387451
63	122	1897	-83.168495
64	122	1178	-79.173737
65	122	1859	-75.586456
66	122	1859	-72.618866
67	122	2173	-68.694115
68	122	1108	-70.997467
69	122	2070	-74.648697
70	122	1178	-73.495834
71	122	2070	-70.890839
72	122	2063	-67.189293
73	122	1877	-63.114559
74	122	2063	-55.789322
75	122	1723	-43.569126
76	122	1158	-34.572113
77	122	1159	-30.111576
78	122	1140	-26.385849
79	122	1820	-20.762943
80	122	1907	-13.887067
81	122	1796	-6.55013
82	122	1521	-0.74068
83	122	1762	-0.005359
84	122	1156	0
85	122	2332	0
86	122	1885	0
87	122	18	0
88	122	1074	0
89	122	2051	0
90	122	1762	0
91	122	1521	0
92	122	2141	0
93	122	2141	0
94	122	1177	0
95	122	1909	0
96	122	1177	0
97	122	2063	0
98	122	1178	0
99	122	2500	1.941386
100	122	1134	10.982462
101	122	1877	21.678783
102	122	1907	35.061329
103	122	2286	45.258015
104	122	847	48.337215
105	122	2151	47.228714
106	122	2851	41.273521
107	122	2562	33.695309
108	122	2852	27.245565
109	122	2431	24.294594
110	122	2853	23.271461
111	122	1337	24.806601
112	122	842	26.780914
113	122	921	27.615442
114	122	871	25.87682
115	122	793	20.358936
116	122	794	16.959383
117	122	1158	20.515184
118	122	1897	26.22541
119	122	1907	27.291985
120	122	1723	23.321304
121	122	1138	15.73955
122	122	1896	7.199306
123	122	1896	1.566684
124	122	2150	0.27131
125	122	848	0.019085
126	122	1820	0
127	122	1796	0
128	122	1134	0
0	123	2063	0
1	123	1907	0.539774
2	123	1731	12.044226
3	123	2051	23.507652
4	123	1988	22.528927
5	123	2854	15.933397
6	123	2855	18.199873
7	123	2655	15.863937
8	123	1138	-3.424885
9	123	1162	-17.742741
10	123	2063	-23.848503
11	123	2842	-22.047302
12	123	2856	-13.073368
13	123	1877	-0.395675
14	123	2832	16.42618
15	123	2640	32.388889
16	123	2700	45.332191
17	123	2525	54.017723
18	123	2389	39.697021
19	123	2493	18.63661
20	123	2288	0.092981
21	123	2724	-10.315054
22	123	2857	-14.105207
23	123	2858	-14.939933
24	123	2859	-13.537256
25	123	2705	-10.366255
26	123	1980	-0.473537
27	123	2860	8.49768
28	123	3	18.460266
29	123	18	29.463303
30	123	2235	31.98127
31	123	1980	23.421787
32	123	2069	11.990616
33	123	1907	7.243451
34	123	2063	5.223479
35	123	1907	4.350564
36	123	1907	-0.340433
37	123	1877	-5.599204
38	123	1907	-10.575219
39	123	2063	-10.472559
40	123	1907	-8.141562
41	123	1877	-4.870394
42	123	1877	-3.352122
43	123	1877	-9.08109
44	123	1924	-23.489973
45	123	1896	-34.818489
46	123	1162	-38.195232
47	123	1163	-38.050644
48	123	17	-40.258297
49	123	19	-50.362221
50	123	2573	-57.711308
51	123	1161	-61.692738
52	123	1402	-62.838928
53	123	1897	-61.016403
54	123	1135	-57.822929
55	123	1897	-57.776085
56	123	1135	-60.59161
57	123	1897	-67.002434
58	123	2063	-77.963593
59	123	1907	-84.7286
60	123	1877	-89.83683
61	123	1723	-91.466743
62	123	1820	-90.367348
63	123	1135	-87.127396
64	123	1897	-83.023727
65	123	2063	-79.094826
66	123	1178	-74.029388
67	123	2070	-66.244057
68	123	2063	-60.955376
69	123	2063	-58.673355
70	123	2063	-59.470097
71	123	2063	-60.957569
72	123	2063	-58.559917
73	123	1135	-51.998032
74	123	1140	-42.158737
75	123	1138	-30.576994
76	123	878	-24.868748
77	123	1138	-23.769226
78	123	1162	-22.840286
79	123	1877	-18.901217
80	123	2063	-12.73585
81	123	1796	-5.933698
82	123	1134	-0.589634
83	123	1877	-0.001456
84	123	1796	0
85	123	2861	0
86	123	1108	0
87	123	2500	0
88	123	1156	0
89	123	1521	0
90	123	1762	0
91	123	1501	0
92	123	1732	0
93	123	1134	0
94	123	1796	0
95	123	1134	0
96	123	2063	0
97	123	1877	0
98	123	1980	0
99	123	2069	2.44945
100	123	2063	11.703919
101	123	1135	22.500383
102	123	1403	38.075901
103	123	1156	44.616882
104	123	2174	46.736351
105	123	2069	45.456764
106	123	2862	37.446896
107	123	2863	24.474415
108	123	2864	14.639176
109	123	2865	10.168395
110	123	1022	11.765632
111	123	867	14.763061
112	123	817	16.390434
113	123	794	17.936049
114	123	98	15.902402
115	123	90	12.179938
116	123	90	9.273076
117	123	1176	8.46298
118	123	1177	11.264828
119	123	2286	12.507885
120	123	2237	10.643959
121	123	1909	6.491526
122	123	1177	1.807694
123	123	1731	0.264626
124	123	873	0.016346
125	123	1820	0
126	123	1907	0
127	123	1907	0
128	123	2063	0
0	124	1877	0
1	124	1731	1.15314
2	124	1732	7.376316
3	124	1156	15.238225
4	124	2095	22.608353
5	124	2071	20.217766
6	124	1161	16.03599
7	124	2625	9.819449
8	124	2856	-2.559366
9	124	1877	-11.912743
10	124	2832	-14.529233
11	124	2770	-10.209764
12	124	1877	1.309048
13	124	2706	17.12566
14	124	2750	34.783962
15	124	2695	45.579605
16	124	2696	58.974541
17	124	2493	64.234612
18	124	2390	45.835125
19	124	2368	20.638914
20	124	2701	1.064128
21	124	2866	-6.903729
22	124	2770	-8.837922
23	124	2848	-9.25515
24	124	2725	-8.085945
25	124	1178	-2.593126
26	124	2867	8.859012
27	124	561	16.425629
28	124	2822	22.439146
29	124	1179	28.933716
30	124	2096	40.108604
31	124	2070	39.601322
32	124	2063	28.016518
33	124	2063	16.627132
34	124	2063	9.563382
35	124	1980	4.099398
36	124	2069	2.358966
37	124	1877	0.300725
38	124	1877	-0.961129
39	124	1907	-2.492475
40	124	1907	-2.078628
41	124	2063	-1.514727
42	124	1907	-2.2582
43	124	1877	-7.52003
44	124	1980	-20.369299
45	124	2381	-31.800121
46	124	2096	-35.939568
47	124	2173	-34.169174
48	124	18	-30.716042
49	124	19	-30.814383
50	124	2573	-34.876957
51	124	2007	-42.127178
52	124	2573	-47.658833
53	124	1140	-49.692387
54	124	1820	-47.723362
55	124	1924	-47.72073
56	124	1402	-47.850952
57	124	1159	-51.649429
58	124	1159	-58.60429
59	124	1159	-70.518852
60	124	1140	-77.003082
61	124	1158	-79.47422
62	124	1140	-79.085663
63	124	1820	-76.415657
64	124	2063	-72.228165
65	124	1877	-67.700104
66	124	1907	-61.157433
67	124	1877	-51.325405
68	124	2063	-42.808258
69	124	1907	-39.172901
70	124	1907	-36.132488
71	124	2063	-42.646294
72	124	1924	-41.336987
73	124	1896	-34.350487
74	124	1402	-24.158787
75	124	1140	-13.553277
76	124	1820	-11.259001
77	124	1907	-12.050691
78	124	2063	-13.674998
79	124	1907	-12.58194
80	124	1909	-8.127316
81	124	2141	-2.39333
82	124	1177	-0.06588
83	124	1907	0
84	124	1178	0
85	124	1199	0
86	124	1177	0
87	124	2063	0
88	124	1731	0
89	124	2051	0
90	124	1988	0
91	124	2386	0
92	124	2069	0
93	124	1909	0
94	124	2141	0
95	124	1177	0
96	124	1909	0
97	124	2813	0
98	124	2434	0
99	124	2141	0.367277
100	124	2292	8.423411
101	124	1162	17.822273
102	124	1877	28.75672
103	124	1178	37.701916
104	124	2070	39.91592
105	124	2433	35.951504
106	124	2868	27.058075
107	124	2803	16.158337
108	124	2689	5.980294
109	124	1104	1.27237
110	124	1896	3.220725
111	124	1896	5.902202
112	124	1896	10.05719
113	124	878	11.992282
114	124	870	10.313299
115	124	848	6.551977
116	124	925	3.926044
117	124	1795	2.496338
118	124	1796	2.091512
119	124	1134	2.346623
120	124	1731	2.29979
121	124	1795	1.13474
122	124	1796	0.278209
123	124	1157	0.01701
124	124	1176	0
125	124	1177	0
126	124	1909	0
127	124	1177	0
128	124	1907	0
0	125	1796	0
1	125	1521	1.483696
2	125	2141	4.816964
3	125	18	8.977776
4	125	2041	12.707526
5	125	1162	12.484195
6	125	2869	9.052691
7	125	2870	2.054694
8	125	1907	-3.887793
9	125	1877	-7.853014
10	125	1877	-7.913094
11	125	1907	-2.277675
12	125	2848	9.103731
13	125	2751	26.574951
14	125	1402	50.358707
15	125	2771	59.582352
16	125	2857	62.88784
17	125	2009	60.892628
18	125	2354	40.038891
19	125	2724	15.93667
20	125	2725	-0.964087
21	125	2842	-4.007448
22	125	2856	-4.581411
23	125	1907	-4.388774
24	125	1907	-3.366455
25	125	2832	2.097669
26	125	2871	9.449005
27	125	2870	13.778103
28	125	1178	15.278369
29	125	1179	18.667168
30	125	2069	26.023926
31	125	2063	32.964874
32	125	1907	32.727371
33	125	1877	23.23476
34	125	1178	12.220886
35	125	2070	4.494976
36	125	2063	0.974703
37	125	2063	0.292658
38	125	1907	-0.002933
39	125	2063	0
40	125	1907	-0.084827
41	125	2063	-0.206447
42	125	1980	-0.860657
43	125	2387	-3.977631
44	125	18	-12.692097
45	125	2235	-22.855803
46	125	2470	-27.529142
47	125	18	-24.786137
48	125	0	-17.822033
49	125	15	-9.111991
50	125	152	-7.562266
51	125	19	-13.511523
52	125	100	-18.226772
53	125	2116	-21.458359
54	125	1877	-24.026175
55	125	1924	-24.088665
56	125	878	-22.339079
57	125	1138	-25.157879
58	125	1896	-33.052738
59	125	878	-38.893017
60	125	1138	-48.52346
61	125	878	-54.653633
62	125	1158	-55.397762
63	125	1159	-51.262951
64	125	1159	-48.036861
65	125	1897	-42.257984
66	125	1907	-34.008358
67	125	1877	-26.867561
68	125	2063	-22.807032
69	125	1135	-17.365168
70	125	1897	-16.627972
71	125	2063	-18.006227
72	125	1907	-19.231861
73	125	1924	-15.005752
74	125	878	-7.990824
75	125	1820	-2.443971
76	125	1877	-1.676327
77	125	1909	-1.324442
78	125	2141	-1.604087
79	125	1988	-1.599182
80	125	1732	-0.270693
81	125	1134	0
82	125	1980	0
83	125	2381	0
84	125	2175	0
85	125	2051	0
86	125	2141	0
87	125	1762	0
88	125	1156	0
89	125	1156	0
90	125	2412	0
91	125	1179	0
92	125	2175	0
93	125	1732	0
94	125	1134	0
95	125	1796	0
96	125	1501	0
97	125	1103	0
98	125	1732	0
99	125	1134	0
100	125	1877	2.438732
101	125	2063	9.30982
102	125	2063	16.17197
103	125	1877	22.857977
104	125	1796	25.125311
105	125	1134	21.973576
106	125	1796	15.912827
107	125	1156	8.504261
108	125	1134	2.523127
109	125	1877	0.361899
110	125	1877	0.244586
111	125	1909	1.646546
112	125	1200	4.092143
113	125	871	5.439869
114	125	794	4.368529
115	125	1133	2.598213
116	125	1521	0.95847
117	125	2177	0.310384
118	125	1897	0.110552
119	125	2305	0.095775
120	125	2416	0.070444
121	125	2063	0.030064
122	125	2286	0.005512
123	125	899	0
124	125	1795	0
125	125	1796	0
126	125	1134	0
127	125	1909	0
128	125	2141	0
0	126	1988	0
1	126	1103	0.852821
2	126	1108	2.435638
3	126	1179	3.932719
4	126	2720	4.936152
5	126	2626	5.175054
6	126	1179	3.323399
7	126	2069	-0.179468
8	126	1980	-3.983734
9	126	2069	-5.355665
10	126	1877	-4.605257
11	126	2063	0.259234
12	126	1877	8.823239
13	126	1163	21.661999
14	126	2116	38.954468
15	126	2869	50.171532
16	126	2854	42.99902
17	126	2872	31.990593
18	126	2873	19.258753
19	126	1980	1.257194
20	126	2874	0
21	126	2870	-0.656209
22	126	1877	-1.091733
23	126	2063	-0.718965
24	126	1907	-0.004573
25	126	2470	0.668355
26	126	2235	4.777807
27	126	1877	6.567833
28	126	1178	7.113548
29	126	1179	9.188435
30	126	2381	13.720096
31	126	2069	17.352831
32	126	2063	17.641022
33	126	1907	13.306394
34	126	1877	8.059733
35	126	1907	3.27723
36	126	1907	0.85268
37	126	1877	0.101014
38	126	1907	0.002017
39	126	1877	0
40	126	1907	0
41	126	2470	-0.001523
42	126	18	-0.108543
43	126	18	-0.935248
44	126	2235	-3.383619
45	126	2470	-9.623633
46	126	18	-13.688391
47	126	4	-11.505936
48	126	16	-1.546516
49	126	2119	3.318801
50	126	2173	3.679731
51	126	1108	4.322331
52	126	1179	1.359012
53	126	2069	-1.56595
54	126	1877	-1.442993
55	126	1723	-2.322739
56	126	1820	-4.107391
57	126	2063	-3.981606
58	126	1723	-6.24725
59	126	1820	-10.73264
60	126	1924	-17.157072
61	126	878	-24.725029
62	126	1138	-27.930115
63	126	1896	-21.717211
64	126	1162	-16.499161
65	126	1907	-13.572609
66	126	1877	-11.959991
67	126	1877	-8.850098
68	126	1723	-6.279
69	126	1820	-6.296042
70	126	1907	-4.133747
71	126	1877	-3.102428
72	126	1907	-3.232517
73	126	1924	-2.984774
74	126	1162	-1.323319
75	126	1877	-0.063197
76	126	1731	0
77	126	1732	0
78	126	1156	0
79	126	1134	0
80	126	1907	0
81	126	2470	0
82	126	18	0
83	126	1019	0
84	126	1775	0
85	126	1103	0
86	126	2051	0
87	126	2844	0
88	126	2381	0
89	126	2069	0
90	126	2470	0
91	126	2594	0
92	126	1134	0
93	126	1909	0
94	126	2141	0
95	126	1988	0
96	126	1890	0
97	126	2359	0
98	126	1877	0
99	126	1907	0
100	126	1907	0
101	126	2063	0.487367
102	126	2063	3.288889
103	126	1877	5.780505
104	126	1907	8.188382
105	126	1909	8.125795
106	126	2141	5.373567
107	126	1177	2.443996
108	126	1909	0.789196
109	126	2844	0.068385
110	126	2477	0.00283
111	126	2349	0
112	126	1490	0
113	126	921	0.632931
114	126	2237	0.689819
115	126	1796	0.102126
116	126	1119	0.07283
117	126	1162	0.015296
118	126	1924	0
119	126	1374	0
120	126	2141	0
121	126	1762	0
122	126	1501	0
123	126	1795	0
124	126	1909	0
125	126	2141	0
126	126	1988	0
127	126	1661	0
128	126	1373	0
0	127	1103	0
1	127	0	0.207141
2	127	0	0.660783
3	127	0	0.824391
4	127	0	0.876254
5	127	0	1.315049
6	127	0	0.772613
7	127	0	-0.358901
8	127	0	-1.235708
9	127	0	-1.956193
10	127	0	-2.18087
11	127	0	-0.291878
12	127	0	4.362816
13	127	0	9.369215
14	127	0	14.752616
15	127	0	18.853189
16	127	0	13.36195
17	127	0	6.493595
18	127	0	1.699272
19	127	0	0
20	127	0	0
21	127	0	0
22	127	0	0
23	127	0	0
24	127	0	0
25	127	0	0
26	127	0	0.282444
27	127	0	0.772314
28	127	0	1.439618
29	127	0	2.660015
30	127	0	4.860213
31	127	0	6.39791
32	127	0	6.109484
33	127	0	5.05255
34	127	0	3.186707
35	127	0	1.486255
36	127	0	0.459646
37	127	0	0.052701
38	127	0	0.000235
39	127	0	0
40	127	0	0
41	127	0	0
42	127	0	0
43	127	0	-0.020364
44	127	0	-0.251814
45	127	0	-0.679777
46	127	0	-0.969579
47	127	0	-0.382372
48	127	0	0
49	127	0	0.429912
50	127	0	1.195412
51	127	0	1.36742
52	127	0	0.720168
53	127	0	0
54	127	0	0
55	127	0	0
56	127	0	0
57	127	0	0
58	127	0	0
59	127	0	0
60	127	0	0
61	127	0	-2.093476
62	127	0	-5.07361
63	127	0	-4.610342
64	127	0	-2.125393
65	127	0	-2.062172
66	127	0	-1.777826
67	127	0	-1.559169
68	127	0	-1.27713
69	127	0	-0.077901
70	127	0	0
71	127	0	0
72	127	0	-0.089793
73	127	0	-0.134218
74	127	0	-0.024687
75	127	0	0
76	127	0	0
77	127	0	0
78	127	0	0
79	127	0	0
80	127	0	0
81	127	0	0
82	127	0	0
83	127	0	0
84	127	0	0
85	127	0	0
86	127	0	0
87	127	0	0
88	127	0	0
89	127	0	0
90	127	0	0
91	127	0	0
92	127	0	0
93	127	0	0
94	127	0	0
95	127	0	0
96	127	0	0
97	127	0	0
98	127	0	0
99	127	0	0
100	127	0	0
101	127	0	0
102	127	0	0.082826
103	127	0	0.868293
104	127	0	1.085066
105	127	0	0.277181
106	127	0	0.171032
107	127	0	0.22498
108	127	0	0.05934
109	127	0	0.004214
110	127	0	0
111	127	0	0
112	127	0	0
113	127	0	0
114	127	0	0
115	127	0	0.002011
116	127	0	0.000702
117	127	0	0.000059
118	127	0	0
119	127	0	0
120	127	0	0
121	127	0	0
122	127	0	0
123	127	0	0
124	127	0	0
125	127	0	0
126	127	0	0
127	127	0	0
128	127	0	0
0	128	0	0
1	128	0	0
2	128	0	0
3	128	0	0
4	128	0	0
5	128	0	0
6	128	0	0
7	128	0	0
8	128	0	0
9	128	0	0
10	128	0	0
11	128	0	0
12	128	0	0
13	128	0	0
14	128	0	0
15	128	0	0
16	128	0	0
17	128	0	0
18	128	0	0
19	128	0	0
20	128	0	0
21	128	0	0
22	128	0	0
23	128	0	0
24	128	0	0
25	128	0	0
26	128	0	0
27	128	0	0
28	128	0	0
29	128	0	0
30	128	0	0
31	128	0	0
32	128	0	0
33	128	0	0
34	128	0	0
35	128	0	0
36	128	0	0
37	128	0	0
38	128	0	0
39	128	0	0
40	128	0	0
41	128	0	0
42	128	0	0
43	128	0	0
44	128	0	0
45	128	0	0
46	128	0	0
47	128	0	0
48	128	0	0
49	128	0	0
50	128	0	0
51	128	0	0
52	128	0	0
53	128	0	0
54	128	0	0
55	128	0	0
56	128	0	0
57	128	0	0
58	128	0	0
59	128	0	0
60	128	0	0
61	128	0	0
62	128	0	0
63	128	0	0
64	128	0	0
65	128	0	0
66	128	0	0
67	128	0	0
68	128	0	0
69	128	0	0
70	128	0	0
71	128	0	0
72	128	0	0
73	128	0	0
74	128	0	0
75	128	0	0
76	128	0	0
77	128	0	0
78	128	0	0
79	128	0	0
80	128	0	0
81	128	0	0
82	128	0	0
83	128	0	0
84	128	0	0
85	128	0	0
86	128	0	0
87	128	0	0
88	128	0	0
89	128	0	0
90	128	0	0
91	128	0	0
92	128	0	0
93	128	0	0
94	128	0	0
95	128	0	0
96	128	0	0
97	128	0	0
98	128	0	0
99	128	0	0
100	128	0	0
101	128	0	0
102	128	0	0
103	128	0	0
104	128	0	0
105	128	0	0
106	128	0	0
107	128	0	0
108	128	0	0
109	128	0	0
110	128	0	0
111	128	0	0
112	128	0	0
113	128	0	0
114	128	0	0
115	128	0	0
116	128	0	0
117	128	0	0
118	128	0	0
119	128	0	0
120	128	0	0
121	128	0	0
122	128	0	0
123	128	0	0
124	128	0	0
125	128	0	0
126	128	0	0
127	128	0	0
128	128	0	0
