x	y	texture	height
0	0	0	0
1	0	0	0
2	0	1	0
3	0	0	0
4	0	0	0
5	0	0	0
6	0	2	0
7	0	2	0
8	0	2	0
9	0	3	0
10	0	3	0
11	0	0	0
12	0	3	0
13	0	0	0
14	0	2	0
15	0	4	0
16	0	5	0
17	0	6	0
18	0	7	0
19	0	6	0
20	0	6	0
21	0	6	0
22	0	7	0
23	0	7	0
24	0	5	0
25	0	7	0
26	0	5	0
27	0	5	0
28	0	7	0
29	0	7	0
30	0	6	0
31	0	5	0
32	0	5	0
33	0	7	0
34	0	7	0
35	0	7	0
36	0	7	0
37	0	5	0
38	0	7	0
39	0	6	0
40	0	5	0
41	0	8	0
42	0	9	0
43	0	9	0
44	0	9	0
45	0	9	0
46	0	9	0
47	0	10	0
48	0	7	0
49	0	6	0
50	0	5	0
51	0	5	0
52	0	7	0
53	0	5	0
54	0	5	0
55	0	5	0
56	0	7	0
57	0	7	0
58	0	5	0
59	0	7	0
60	0	7	0
61	0	5	0
62	0	6	0
63	0	5	0
64	0	6	0
65	0	6	0
66	0	7	0
67	0	6	0
68	0	7	0
69	0	7	0
70	0	5	0
71	0	6	0
72	0	7	0
73	0	6	0
74	0	7	0
75	0	7	0
76	0	6	0
77	0	7	0
78	0	11	0
79	0	12	0
80	0	12	0
81	0	12	0
82	0	12	0
83	0	12	0
84	0	12	0
85	0	13	0
86	0	14	0
87	0	13	0
88	0	15	0
89	0	16	0
90	0	5	0
91	0	6	0
92	0	7	0
93	0	6	0
94	0	11	0
95	0	17	0
96	0	11	0
97	0	18	0
98	0	19	0
99	0	20	0
100	0	12	0
101	0	17	0
102	0	5	0
103	0	5	0
104	0	11	0
105	0	12	0
106	0	17	0
107	0	5	0
108	0	7	0
109	0	11	0
110	0	12	0
111	0	12	0
112	0	18	0
113	0	21	0
114	0	6	0
115	0	6	0
116	0	6	0
117	0	6	0
118	0	22	0
119	0	23	0
120	0	20	0
121	0	12	0
122	0	12	0
123	0	12	0
124	0	12	0
125	0	17	0
126	0	6	0
127	0	7	0
128	0	5	0
0	1	0	0
1	1	24	29.650316
2	1	25	35.245525
3	1	25	27.444851
4	1	25	16.259993
5	1	25	14.66431
6	1	26	23.784946
7	1	1	23.949135
8	1	0	18.150759
9	1	1	12.88352
10	1	0	18.14411
11	1	3	32.517319
12	1	24	58.139355
13	1	25	75.125801
14	1	27	73.518623
15	1	6	54.800938
16	1	7	36.983902
17	1	7	33.520679
18	1	7	38.620659
19	1	5	44.241043
20	1	5	51.591934
21	1	7	62.323647
22	1	7	62.232407
23	1	5	49.601372
24	1	5	27.018978
25	1	7	12.01928
26	1	7	19.110697
27	1	5	38.277603
28	1	5	47.360786
29	1	5	39.06794
30	1	6	27.846563
31	1	7	22.220486
32	1	7	24.680004
33	1	5	31.71253
34	1	5	34.912945
35	1	5	28.302679
36	1	5	15.801632
37	1	6	5.182527
38	1	6	3.651462
39	1	7	4.118865
40	1	5	6.02688
41	1	6	7.786741
42	1	6	6.337248
43	1	6	4.589526
44	1	7	12.255852
45	1	5	16.553514
46	1	7	10.733861
47	1	7	3.418143
48	1	6	5.894023
49	1	7	15.044636
50	1	5	19.328043
51	1	6	14.440052
52	1	7	4.477074
53	1	7	2.540637
54	1	6	6.842064
55	1	5	20.361052
56	1	6	30.862909
57	1	5	32.85812
58	1	7	26.874264
59	1	5	17.357845
60	1	7	14.575745
61	1	5	10.271787
62	1	5	8.244699
63	1	5	6.640883
64	1	7	3.880052
65	1	7	0.485399
66	1	5	0
67	1	11	0
68	1	12	0
69	1	12	0
70	1	12	0
71	1	12	0
72	1	12	0
73	1	12	0
74	1	12	0
75	1	12	0
76	1	12	0
77	1	18	0
78	1	19	0
79	1	19	0
80	1	19	0
81	1	28	0
82	1	15	0
83	1	15	0
84	1	16	0
85	1	29	0
86	1	20	0
87	1	12	0
88	1	12	0
89	1	17	0
90	1	7	0
91	1	5	0
92	1	7	0
93	1	29	0
94	1	21	0
95	1	29	0
96	1	28	0
97	1	15	0
98	1	15	0
99	1	15	0
100	1	14	0
101	1	12	0
102	1	12	0
103	1	18	0
104	1	19	0
105	1	20	0
106	1	12	0
107	1	12	0
108	1	18	0
109	1	19	0
110	1	28	0
111	1	23	0
112	1	20	0
113	1	12	0
114	1	12	0
115	1	12	0
116	1	17	0
117	1	11	0
118	1	13	0
119	1	15	0
120	1	15	0
121	1	23	0
122	1	19	0
123	1	19	0
124	1	21	0
125	1	7	0
126	1	7	0
127	1	5	0
128	1	25	0
0	2	27	0
1	2	6	28.134819
2	2	7	40.391251
3	2	6	36.513447
4	2	30	27.699631
5	2	31	30.964809
6	2	1	41.601574
7	2	0	44.026451
8	2	3	37.311169
9	2	24	33.60907
10	2	25	36.541405
11	2	27	46.941669
12	2	6	59.602409
13	2	5	81.351585
14	2	7	91.968971
15	2	5	82.705292
16	2	6	63.41666
17	2	6	51.898796
18	2	7	54.119045
19	2	7	59.964478
20	2	6	71.464653
21	2	5	82.909004
22	2	7	86.348381
23	2	5	68.903206
24	2	6	40.282955
25	2	5	20.51082
26	2	6	29.834465
27	2	7	43.071312
28	2	7	52.812279
29	2	6	51.023594
30	2	7	48.575111
31	2	7	43.291451
32	2	6	40.790413
33	2	5	48.912315
34	2	7	54.095234
35	2	5	46.149288
36	2	7	30.600956
37	2	5	21.405863
38	2	7	16.4014
39	2	6	16.480316
40	2	7	17.157352
41	2	6	17.770649
42	2	5	11.839025
43	2	5	17.450865
44	2	6	32.835896
45	2	6	40.521732
46	2	6	31.068937
47	2	6	12.889528
48	2	5	15.177698
49	2	7	31.005594
50	2	5	39.808628
51	2	5	29.711025
52	2	6	13.776218
53	2	6	9.11078
54	2	5	19.200493
55	2	6	37.542973
56	2	5	52.721596
57	2	7	46.48967
58	2	6	29.538416
59	2	5	13.498988
60	2	5	10.380322
61	2	6	9.518871
62	2	11	11.244128
63	2	12	11.505471
64	2	12	6.851692
65	2	12	1.519562
66	2	13	0
67	2	15	0
68	2	15	0
69	2	15	0
70	2	15	0
71	2	23	0
72	2	19	0
73	2	19	0
74	2	19	0
75	2	28	0
76	2	23	0
77	2	28	0
78	2	15	0
79	2	15	0
80	2	14	0
81	2	17	0
82	2	6	0
83	2	6	-0.216421
84	2	22	-5.501982
85	2	23	-7.78366
86	2	19	-0.936675
87	2	19	0
88	2	21	0
89	2	11	0
90	2	12	0
91	2	17	0
92	2	22	0
93	2	16	0
94	2	22	0
95	2	16	0
96	2	11	0
97	2	17	0
98	2	5	0
99	2	29	0
100	2	19	0
101	2	19	0
102	2	28	0
103	2	15	0
104	2	15	0
105	2	15	0
106	2	15	0
107	2	15	0
108	2	23	0
109	2	21	0
110	2	22	0
111	2	15	0
112	2	15	-0.195809
113	2	15	-1.007481
114	2	15	-1.832339
115	2	16	-1.614438
116	2	22	-1.844447
117	2	16	-2.082687
118	2	7	-2.923358
119	2	6	-1.801222
120	2	29	0
121	2	28	0
122	2	15	0
123	2	16	0
124	2	5	0
125	2	7	0
126	2	7	0
127	2	32	0
128	2	33	0
0	3	30	0
1	3	32	17.341774
2	3	32	27.431997
3	3	31	30.501638
4	3	0	31.26079
5	3	0	38.844349
6	3	2	50.220219
7	3	24	53.997055
8	3	27	47.374279
9	3	7	52.179672
10	3	5	57.099823
11	3	5	56.190617
12	3	7	52.886269
13	3	6	70.079376
14	3	6	88.422653
15	3	7	88.671608
16	3	6	69.574272
17	3	7	53.719551
18	3	5	50.587364
19	3	5	54.038239
20	3	7	66.460052
21	3	6	76.701042
22	3	7	80.578957
23	3	6	64.52565
24	3	7	41.067417
25	3	7	27.61051
26	3	6	35.898621
27	3	7	48.088348
28	3	6	51.750393
29	3	5	64.845573
30	3	6	68.989273
31	3	6	70.377701
32	3	6	58.279476
33	3	6	53.495468
34	3	7	58.911205
35	3	7	51.406281
36	3	6	43.122028
37	3	7	35.21003
38	3	5	36.922451
39	3	5	39.47295
40	3	5	38.812553
41	3	5	30.248259
42	3	5	21.137142
43	3	5	26.275175
44	3	6	47.738426
45	3	6	63.02383
46	3	6	46.242447
47	3	5	23.21586
48	3	5	23.204807
49	3	7	43.451393
50	3	6	54.649353
51	3	7	39.322433
52	3	6	26.162621
53	3	5	27.171034
54	3	7	38.970905
55	3	6	54.689255
56	3	6	58.719318
57	3	7	48.895489
58	3	5	26.413918
59	3	5	9.505506
60	3	11	8.030981
61	3	18	11.170184
62	3	28	12.904222
63	3	15	13.442961
64	3	23	8.157585
65	3	20	2.053426
66	3	12	0
67	3	12	0
68	3	12	0
69	3	12	0
70	3	13	0
71	3	23	0
72	3	28	0
73	3	15	0
74	3	16	0
75	3	22	-0.468481
76	3	16	-1.595454
77	3	11	-1.997366
78	3	12	-0.380794
79	3	13	0
80	3	34	0
81	3	35	-4.378309
82	3	6	-9.640965
83	3	6	-14.331869
84	3	29	-19.822691
85	3	19	-27.363268
86	3	19	-27.345821
87	3	20	-3.372243
88	3	18	0
89	3	28	0
90	3	14	0
91	3	12	0
92	3	17	0
93	3	11	0
94	3	12	0
95	3	18	0
96	3	21	0
97	3	6	0
98	3	29	0
99	3	28	0
100	3	23	0
101	3	20	0
102	3	12	0
103	3	12	0
104	3	12	0
105	3	17	0
106	3	6	0
107	3	22	0
108	3	16	0
109	3	5	0
110	3	6	-0.331124
111	3	5	-5.093289
112	3	6	-8.697002
113	3	7	-21.405493
114	3	6	-30.73774
115	3	7	-28.657667
116	3	5	-16.49337
117	3	5	-13.792152
118	3	11	-15.846394
119	3	18	-15.23027
120	3	20	-9.219765
121	3	17	-0.4826
122	3	11	-0.429624
123	3	17	-0.008642
124	3	6	0
125	3	6	0
126	3	25	0
127	3	27	0
128	3	36	0
0	4	2	0
1	4	3	5.174438
2	4	1	14.560602
3	4	1	21.570713
4	4	3	27.291824
5	4	3	34.571644
6	4	4	47.69754
7	4	7	49.260929
8	4	6	50.641548
9	4	7	54.640606
10	4	5	59.975857
11	4	5	55.305496
12	4	7	41.938759
13	4	6	49.57069
14	4	6	71.182327
15	4	6	81.617249
16	4	5	69.219841
17	4	6	52.694771
18	4	7	49.956459
19	4	7	48.192535
20	4	6	51.838322
21	4	6	58.361954
22	4	5	64.195381
23	4	6	56.237938
24	4	5	41.509621
25	4	7	44.389763
26	4	6	52.894661
27	4	7	52.964638
28	4	7	59.08839
29	4	5	78.886185
30	4	6	94.462791
31	4	5	85.945564
32	4	5	69.530701
33	4	7	57.787727
34	4	6	60.881039
35	4	7	52.244804
36	4	5	46.043854
37	4	5	47.00695
38	4	6	56.392929
39	4	6	59.529491
40	4	37	59.529613
41	4	38	48.317329
42	4	39	31.251352
43	4	6	28.584414
44	4	5	43.333126
45	4	37	54.604782
46	4	38	44.369251
47	4	38	25.544472
48	4	39	29.560616
49	4	7	62.897099
50	4	5	80.71624
51	4	5	63.957695
52	4	7	44.284
53	4	6	52.702133
54	4	6	63.397106
55	4	5	63.538445
56	4	5	56.414482
57	4	5	41.930347
58	4	7	26.664312
59	4	22	20.337408
60	4	23	22.615122
61	4	20	18.524061
62	4	12	14.557505
63	4	18	11.534251
64	4	19	6.494858
65	4	19	1.51066
66	4	19	0
67	4	19	0
68	4	19	0
69	4	20	0
70	4	13	0
71	4	16	0
72	4	5	-0.684467
73	4	5	-2.680299
74	4	6	-3.785578
75	4	6	-7.463568
76	4	29	-18.172981
77	4	19	-19.945272
78	4	40	-12.328195
79	4	41	-2.074085
80	4	42	-2.580262
81	4	35	-17.06637
82	4	6	-33.351742
83	4	22	-43.650764
84	4	23	-43.847778
85	4	28	-44.173023
86	4	15	-43.5397
87	4	23	-27.864708
88	4	20	0
89	4	18	0
90	4	28	0
91	4	16	0
92	4	29	0
93	4	19	0
94	4	19	0
95	4	20	0
96	4	17	0
97	4	22	0
98	4	16	0
99	4	22	0
100	4	15	0
101	4	15	0
102	4	15	0
103	4	15	0
104	4	16	0
105	4	5	0
106	4	5	0
107	4	6	0
108	4	5	0
109	4	5	0
110	4	6	-4.448205
111	4	5	-12.29049
112	4	5	-32.411659
113	4	7	-68.121635
114	4	6	-84.334068
115	4	7	-68.849815
116	4	6	-52.970821
117	4	22	-52.629681
118	4	15	-61.086224
119	4	23	-51.761665
120	4	21	-39.677559
121	4	29	-33.0961
122	4	21	-22.176819
123	4	6	-12.627906
124	4	5	-3.590862
125	4	7	-0.626949
126	4	30	0
127	4	31	0
128	4	3	0
0	5	3	0
1	5	1	0
2	5	2	4.473737
3	5	1	12.786704
4	5	1	24.330318
5	5	4	36.475227
6	5	5	45.848747
7	5	5	49.797569
8	5	6	45.77306
9	5	5	47.909908
10	5	7	48.651943
11	5	6	38.574501
12	5	7	32.395763
13	5	7	38.045052
14	5	6	60.889328
15	5	5	72.602325
16	5	7	72.513618
17	5	5	66.505554
18	5	7	70.349319
19	5	7	61.51931
20	5	6	49.38623
21	5	5	51.379601
22	5	5	51.131889
23	5	5	49.868359
24	5	5	57.209774
25	5	5	69.181564
26	5	5	76.267448
27	5	7	65.348915
28	5	6	66.617455
29	5	5	83.537666
30	5	6	91.504616
31	5	5	88.159882
32	5	7	74.761353
33	5	7	69.47229
34	5	6	67.338539
35	5	5	54.118031
36	5	6	50.51263
37	5	5	51.761925
38	5	6	61.285599
39	5	43	68.395531
40	5	44	66.212204
41	5	45	54.403996
42	5	6	36.971176
43	5	6	23.274954
44	5	46	30.033184
45	5	47	36.966148
46	5	48	30.873667
47	5	49	20.889923
48	5	6	41.410427
49	5	6	87.839157
50	5	5	113.725777
51	5	7	96.459251
52	5	6	79.415306
53	5	5	72.607498
54	5	7	77.746902
55	5	6	66.109741
56	5	5	48.655689
57	5	7	37.369576
58	5	7	33.239677
59	5	29	34.818981
60	5	19	38.710495
61	5	28	28.639927
62	5	15	15.119866
63	5	23	7.931831
64	5	19	3.870116
65	5	28	0.306998
66	5	23	0
67	5	28	0
68	5	15	0
69	5	14	0
70	5	17	0
71	5	11	-1.739052
72	5	12	-5.442498
73	5	12	-12.083652
74	5	17	-22.583183
75	5	29	-36.250278
76	5	19	-46.839611
77	5	50	-45.904228
78	5	51	-28.583023
79	5	52	-9.560205
80	5	53	-4.827748
81	5	5	-31.754881
82	5	5	-63.803974
83	5	22	-73.118134
84	5	16	-56.995052
85	5	11	-54.655476
86	5	18	-53.698906
87	5	28	-44.081551
88	5	15	-11.518338
89	5	16	0
90	5	5	0
91	5	22	0
92	5	15	0
93	5	15	0
94	5	15	-0.252451
95	5	16	0
96	5	5	-2.073584
97	5	7	-5.536207
98	5	7	-2.899482
99	5	6	0
100	5	6	0
101	5	5	0
102	5	5	0
103	5	5	-4.264
104	5	5	-6.831672
105	5	11	-1.690635
106	5	17	0
107	5	5	0
108	5	6	0
109	5	5	-1.353271
110	5	7	-8.49535
111	5	6	-15.750643
112	5	5	-64.527077
113	5	6	-113.000137
114	5	7	-136.061951
115	5	6	-109.916031
116	5	5	-98.731476
117	5	7	-105.191963
118	5	29	-116.156792
119	5	21	-106.892387
120	5	29	-91.250435
121	5	21	-82.308418
122	5	7	-64.478691
123	5	6	-42.207756
124	5	5	-19.398594
125	5	54	-5.324702
126	5	25	-0.974313
127	5	26	0
128	5	2	0
0	6	3	0
1	6	2	0
2	6	3	4.421845
3	6	24	12.361377
4	6	27	23.387165
5	6	5	34.679684
6	6	5	43.204784
7	6	7	50.14629
8	6	7	46.331917
9	6	5	38.218033
10	6	7	28.008488
11	6	7	23.452662
12	6	6	26.717796
13	6	6	37.049519
14	6	6	54.332806
15	6	5	67.538239
16	6	5	78.860222
17	6	6	92.318451
18	6	5	99.248695
19	6	6	90.482086
20	6	6	59.940826
21	6	6	51.839176
22	6	5	59.132488
23	6	5	63.486217
24	6	7	66.253159
25	6	7	81.271667
26	6	6	84.887825
27	6	5	75.97477
28	6	5	66.07148
29	6	6	78.665512
30	6	6	79.321724
31	6	5	74.738434
32	6	6	69.423882
33	6	7	87.6978
34	6	6	83.840065
35	6	7	65.770393
36	6	6	55.188713
37	6	6	55.402824
38	6	46	60.903332
39	6	45	59.269215
40	6	7	58.690853
41	6	5	47.816723
42	6	37	33.337112
43	6	38	21.047264
44	6	39	18.496899
45	6	43	20.281609
46	6	55	19.577837
47	6	38	22.477329
48	6	39	51.631119
49	6	6	101.970673
50	6	7	136.779907
51	6	6	118.688721
52	6	5	95.216347
53	6	6	89.987175
54	6	7	85.479561
55	6	6	67.939888
56	6	7	45.440193
57	6	7	39.618782
58	6	22	43.860249
59	6	23	51.165424
60	6	21	48.948029
61	6	7	31.907206
62	6	29	13.56636
63	6	19	6.410706
64	6	21	3.757116
65	6	22	1.362494
66	6	16	0.027081
67	6	11	0
68	6	18	0
69	6	20	-0.582029
70	6	13	-2.774096
71	6	15	-5.632372
72	6	15	-16.595152
73	6	16	-33.853302
74	6	29	-48.522648
75	6	19	-63.060989
76	6	50	-73.994415
77	6	51	-68.520767
78	6	56	-39.172997
79	6	6	-12.206244
80	6	7	-2.038971
81	6	6	-35.667004
82	6	6	-80.648254
83	6	11	-96.785072
84	6	13	-87.274628
85	6	15	-69.348228
86	6	16	-68.090935
87	6	5	-62.658234
88	6	7	-34.821915
89	6	5	-4.893125
90	6	7	-0.742417
91	6	57	-2.890758
92	6	35	-1.064662
93	6	6	-8.984788
94	6	5	-16.911489
95	6	5	-16.961941
96	6	5	-21.593637
97	6	6	-31.592918
98	6	5	-29.78644
99	6	7	-12.030977
100	6	11	0
101	6	12	0
102	6	12	-11.133684
103	6	12	-30.788311
104	6	13	-36.664749
105	6	34	-24.424856
106	6	58	-4.871014
107	6	35	-12.651173
108	6	7	-17.700794
109	6	6	-14.784738
110	6	6	-26.644409
111	6	57	-47.340733
112	6	58	-92.017975
113	6	58	-144.506073
114	6	35	-155.204895
115	6	57	-135.738312
116	6	58	-132.462646
117	6	59	-159.31723
118	6	60	-175.240906
119	6	29	-155.831528
120	6	20	-129.723038
121	6	17	-118.611839
122	6	7	-109.200607
123	6	32	-77.701797
124	6	32	-40.915619
125	6	32	-14.127474
126	6	31	-3.607801
127	6	2	-0.091907
128	6	1	0
0	7	3	0
1	7	24	3.936037
2	7	27	11.260517
3	7	5	22.597162
4	7	6	29.407795
5	7	7	29.611624
6	7	7	30.418945
7	7	6	35.883205
8	7	5	36.930435
9	7	7	31.262257
10	7	7	18.160257
11	7	7	14.147135
12	7	7	27.629055
13	7	5	45.362988
14	7	37	57.762466
15	7	39	67.596001
16	7	5	78.656418
17	7	6	102.394264
18	7	6	116.900337
19	7	5	108.035225
20	7	7	81.714691
21	7	7	86.101151
22	7	7	114.972328
23	7	5	122.478966
24	7	7	102.976913
25	7	5	75.241928
26	7	7	79.594833
27	7	6	76.227127
28	7	5	69.635551
29	7	6	71.249062
30	7	5	60.399105
31	7	6	55.953773
32	7	7	73.200691
33	7	6	96.986862
34	7	5	98.860344
35	7	7	86.724213
36	7	5	66.063896
37	7	5	61.573635
38	7	5	57.828766
39	7	7	52.182102
40	7	6	45.914909
41	7	46	35.981411
42	7	48	24.444967
43	7	55	19.497335
44	7	61	17.502928
45	7	47	20.37089
46	7	48	19.323507
47	7	55	26.377388
48	7	39	49.21122
49	7	6	94.124855
50	7	6	116.426666
51	7	6	106.123932
52	7	6	107.189491
53	7	6	114.313416
54	7	7	112.135727
55	7	7	85.966949
56	7	5	58.167099
57	7	6	53.166508
58	7	29	58.124676
59	7	20	62.007858
60	7	12	57.166714
61	7	18	32.534718
62	7	19	15.067354
63	7	20	16.380058
64	7	12	15.8297
65	7	12	10.165978
66	7	18	2.381139
67	7	19	0
68	7	28	-4.567001
69	7	16	-10.144283
70	7	7	-14.594342
71	7	7	-18.779581
72	7	5	-32.298332
73	7	29	-49.210342
74	7	28	-70.347496
75	7	62	-89.783997
76	7	63	-92.489029
77	7	56	-72.023491
78	7	57	-42.911297
79	7	35	-22.625952
80	7	57	-9.350107
81	7	35	-22.895115
82	7	64	-78.39299
83	7	65	-115.205551
84	7	35	-107.407646
85	7	5	-96.520325
86	7	5	-86.152725
87	7	5	-78.795349
88	7	5	-65.665207
89	7	57	-42.852173
90	7	41	-38.210079
91	7	42	-29.651136
92	7	35	-31.229893
93	7	7	-40.803825
94	7	6	-54.43961
95	7	5	-58.215279
96	7	7	-60.177906
97	7	5	-73.454704
98	7	11	-75.638634
99	7	18	-49.054867
100	7	28	-10.141861
101	7	15	0
102	7	15	-28.18079
103	7	16	-67.917839
104	7	66	-88.542328
105	7	52	-61.897186
106	7	67	-46.308998
107	7	35	-47.859642
108	7	7	-59.739243
109	7	7	-67.694435
110	7	68	-79.52961
111	7	63	-114.183632
112	7	51	-137.527603
113	7	42	-147.22319
114	7	41	-147.924973
115	7	52	-147.327362
116	7	63	-153.640503
117	7	42	-185.024307
118	7	69	-192.130554
119	7	23	-182.202438
120	7	21	-149.129776
121	7	7	-128.570938
122	7	26	-115.973694
123	7	0	-97.944748
124	7	1	-65.887558
125	7	1	-33.724892
126	7	1	-9.944875
127	7	0	-1.87444
128	7	24	0
0	8	27	0
1	8	5	10.559695
2	8	5	24.56641
3	8	5	33.398891
4	8	6	34.730217
5	8	5	29.890053
6	8	7	26.976868
7	8	7	28.473263
8	8	5	33.980865
9	8	6	34.007656
10	8	5	28.204411
11	8	6	34.29493
12	8	7	43.441067
13	8	43	55.241699
14	8	49	65.635216
15	8	37	72.084106
16	8	39	90.443321
17	8	7	112.047691
18	8	5	130.849747
19	8	5	126.419205
20	8	7	112.226242
21	8	7	138.706345
22	8	6	183.486801
23	8	5	192.744705
24	8	5	139.994537
25	8	5	85.576683
26	8	5	71.855392
27	8	7	74.242882
28	8	5	73.27256
29	8	7	66.966743
30	8	6	60.397854
31	8	5	53.081375
32	8	5	72.097321
33	8	7	94.304245
34	8	5	106.420937
35	8	6	98.33342
36	8	7	78.043655
37	8	6	64.747795
38	8	7	59.097694
39	8	7	49.964252
40	8	5	39.625763
41	8	46	29.228365
42	8	48	22.745214
43	8	55	24.91116
44	8	39	32.760338
45	8	46	34.725777
46	8	48	28.56484
47	8	49	33.821667
48	8	6	45.976448
49	8	5	68.957825
50	8	5	81.10215
51	8	7	86.61898
52	8	6	111.260895
53	8	5	139.378098
54	8	5	139.21727
55	8	6	102.944115
56	8	7	69.892532
57	8	22	63.113735
58	8	15	71.468056
59	8	15	81.900932
60	8	23	67.869156
61	8	19	37.672951
62	8	28	24.528269
63	8	23	28.511724
64	8	19	30.514982
65	8	19	20.485224
66	8	19	7.519786
67	8	21	-9.496371
68	8	6	-24.556871
69	8	11	-38.646214
70	8	17	-44.882175
71	8	5	-41.453812
72	8	22	-44.137947
73	8	16	-57.18679
74	8	57	-82.666916
75	8	41	-98.408333
76	8	70	-94.470528
77	8	71	-73.597618
78	8	42	-52.36261
79	8	72	-47.70042
80	8	67	-41.089954
81	8	41	-31.536304
82	8	51	-53.714283
83	8	56	-107.323128
84	8	57	-120.475418
85	8	58	-117.644028
86	8	58	-104.952042
87	8	35	-105.578964
88	8	66	-88.885971
89	8	51	-86.963936
90	8	51	-89.505241
91	8	56	-79.941895
92	8	5	-76.554115
93	8	5	-99.071625
94	8	5	-107.455292
95	8	6	-100.486809
96	8	6	-95.984154
97	8	22	-103.589287
98	8	15	-116.209145
99	8	16	-86.924553
100	8	5	-39.516201
101	8	5	-24.574041
102	8	7	-65.421982
103	8	66	-114.480606
104	8	42	-148.396667
105	8	72	-125.827827
106	8	53	-109.846649
107	8	7	-123.245255
108	8	57	-130.533615
109	8	35	-134.596573
110	8	66	-153.427155
111	8	51	-177.341873
112	8	51	-172.764587
113	8	52	-145.56601
114	8	67	-141.349533
115	8	41	-160.736206
116	8	51	-178.758881
117	8	56	-188.928482
118	8	29	-194.598923
119	8	21	-182.083557
120	8	6	-153.515213
121	8	54	-131.197495
122	8	26	-111.007385
123	8	0	-106.280449
124	8	3	-87.81562
125	8	3	-61.834854
126	8	0	-26.105017
127	8	4	-8.997728
128	8	7	0
0	9	6	0
1	9	6	12.529521
2	9	7	29.575659
3	9	6	43.163338
4	9	6	48.318764
5	9	7	46.090294
6	9	6	39.086269
7	9	6	32.181961
8	9	37	38.743813
9	9	39	51.436146
10	9	6	59.674313
11	9	5	68.94384
12	9	43	69.338036
13	9	55	69.519035
14	9	73	75.785316
15	9	49	89.110008
16	9	7	111.201782
17	9	7	133.938919
18	9	5	146.384079
19	9	5	146.834427
20	9	7	135.828766
21	9	7	172.512894
22	9	6	215.000336
23	9	6	220.975922
24	9	7	162.336273
25	9	7	90.631844
26	9	7	68.283279
27	9	5	68.930664
28	9	5	64.235771
29	9	7	49.964542
30	9	6	43.976822
31	9	5	47.796806
32	9	7	63.889771
33	9	7	79.975563
34	9	5	89.418259
35	9	7	93.285912
36	9	6	75.498802
37	9	6	65.982826
38	9	7	60.933453
39	9	7	57.444462
40	9	7	47.477295
41	9	46	32.597942
42	9	48	38.299168
43	9	55	53.220306
44	9	39	67.603485
45	9	43	62.460758
46	9	55	52.207249
47	9	38	47.524387
48	9	38	53.929527
49	9	39	59.2001
50	9	5	62.672245
51	9	5	75.574783
52	9	5	110.142555
53	9	6	143.508621
54	9	7	139.122101
55	9	7	109.489647
56	9	6	72.368103
57	9	11	67.250214
58	9	12	83.974098
59	9	18	94.465897
60	9	28	82.756813
61	9	14	48.921307
62	9	18	30.175592
63	9	19	34.064056
64	9	28	35.59174
65	9	15	23.283337
66	9	16	4.491537
67	9	6	-26.189585
68	9	29	-50.230728
69	9	40	-78.288857
70	9	35	-86.084465
71	9	5	-79.738281
72	9	57	-67.328255
73	9	41	-69.607872
74	9	51	-87.882736
75	9	74	-94.522972
76	9	75	-79.99176
77	9	51	-59.291443
78	9	42	-60.676235
79	9	41	-84.174316
80	9	76	-84.286743
81	9	77	-59.847832
82	9	78	-47.336441
83	9	68	-80.552467
84	9	79	-109.870422
85	9	63	-126.531792
86	9	56	-119.914871
87	9	68	-109.549965
88	9	79	-114.060211
89	9	79	-122.978256
90	9	53	-131.696503
91	9	57	-131.572449
92	9	58	-114.856819
93	9	58	-138.392288
94	9	58	-142.596771
95	9	35	-122.600174
96	9	5	-111.626167
97	9	57	-114.871048
98	9	58	-135.817047
99	9	35	-121.111664
100	9	6	-96.461967
101	9	57	-92.752335
102	9	41	-127.302162
103	9	51	-172.468216
104	9	42	-190.699951
105	9	58	-177.475113
106	9	58	-169.376251
107	9	41	-175.118042
108	9	42	-181.76561
109	9	72	-165.080902
110	9	63	-175.643539
111	9	51	-180.573074
112	9	56	-176.52652
113	9	66	-136.549515
114	9	51	-145.956024
115	9	51	-171.684937
116	9	70	-186.982071
117	9	18	-173.254471
118	9	21	-169.06012
119	9	5	-178.222672
120	9	32	-163.821762
121	9	31	-127.346207
122	9	1	-112.734489
123	9	3	-108.636978
124	9	1	-98.526573
125	9	0	-78.375702
126	9	4	-38.881493
127	9	6	-14.042417
128	9	5	0
0	10	6	0
1	10	7	7.738331
2	10	6	26.107355
3	10	7	46.027855
4	10	7	53.635796
5	10	7	54.47493
6	10	37	48.617081
7	10	73	40.251026
8	10	49	42.011517
9	10	6	57.038971
10	10	7	78.508369
11	10	46	95.314812
12	10	47	96.16346
13	10	47	95.88472
14	10	45	98.779602
15	10	6	114.592995
16	10	7	133.998886
17	10	5	150.183731
18	10	5	172.568863
19	10	5	186.28476
20	10	5	165.167725
21	10	7	157.966293
22	10	5	177.15387
23	10	7	187.063171
24	10	5	154.862991
25	10	7	102.198921
26	10	7	83.569962
27	10	5	87.182014
28	10	6	76.983788
29	10	6	65.137985
30	10	7	58.433563
31	10	5	56.720516
32	10	6	55.8535
33	10	6	66.932518
34	10	6	77.823578
35	10	5	79.893494
36	10	6	68.511238
37	10	7	65.69281
38	10	6	67.383118
39	10	6	64.615501
40	10	5	50.261204
41	10	43	39.78038
42	10	80	53.513611
43	10	55	76.533653
44	10	73	94.643837
45	10	80	84.116341
46	10	80	73.528267
47	10	44	67.322845
48	10	45	66.061005
49	10	7	68.056496
50	10	5	67.04953
51	10	6	76.169724
52	10	7	97.487488
53	10	6	113.787498
54	10	7	120.237511
55	10	11	104.715965
56	10	18	84.951233
57	10	19	75.759865
58	10	19	86.785629
59	10	20	104.969818
60	10	81	92.533112
61	10	82	57.983974
62	10	15	30.117886
63	10	16	26.544888
64	10	6	24.48035
65	10	11	13.644567
66	10	12	-19.914228
67	10	13	-52.115322
68	10	62	-76.549896
69	10	53	-92.808838
70	10	7	-108.869392
71	10	68	-102.090042
72	10	63	-91.774734
73	10	51	-82.303413
74	10	52	-86.604263
75	10	63	-86.638947
76	10	51	-77.464714
77	10	51	-66.331184
78	10	76	-69.644257
79	10	83	-94.211861
80	10	84	-107.724434
81	10	60	-93.483055
82	10	57	-67.294189
83	10	58	-76.454323
84	10	41	-102.949646
85	10	56	-121.33519
86	10	57	-125.036766
87	10	35	-113.845764
88	10	57	-123.932785
89	10	58	-143.721497
90	10	72	-171.946594
91	10	79	-166.33226
92	10	79	-138.764465
93	10	63	-137.011795
94	10	42	-139.130859
95	10	35	-120.51815
96	10	66	-95.211952
97	10	51	-108.479736
98	10	42	-146.440277
99	10	58	-155.224915
100	10	41	-170.137589
101	10	51	-173.008179
102	10	51	-196.905136
103	10	51	-211.857803
104	10	52	-213.580887
105	10	79	-190.235413
106	10	79	-193.353546
107	10	63	-216.297501
108	10	56	-198.844589
109	10	66	-165.511169
110	10	52	-165.90976
111	10	67	-179.85173
112	10	41	-167.856567
113	10	51	-126.374001
114	10	51	-139.676086
115	10	85	-178.075943
116	10	28	-165.346725
117	10	16	-159.740036
118	10	5	-158.262375
119	10	26	-168.499954
120	10	2	-164.248734
121	10	0	-154.365967
122	10	3	-139.900909
123	10	24	-121.757294
124	10	25	-95.460358
125	10	27	-68.479713
126	10	6	-42.405952
127	10	7	-10.912029
128	10	6	0
0	11	5	0
1	11	5	12.867808
2	11	5	37.342625
3	11	6	55.851868
4	11	5	56.462437
5	11	43	51.100285
6	11	44	43.787899
7	11	86	38.655281
8	11	39	42.307087
9	11	7	55.677063
10	11	6	81.491783
11	11	6	106.840828
12	11	5	121.955574
13	11	7	133.876328
14	11	5	137.69931
15	11	6	141.179413
16	11	37	142.70578
17	11	38	151.384598
18	11	39	181.672897
19	11	7	203.612061
20	11	7	176.107651
21	11	7	139.181732
22	11	5	123.112038
23	11	7	127.035179
24	11	5	128.649338
25	11	5	119.837151
26	11	6	115.762436
27	11	5	117.300888
28	11	7	124.037529
29	11	6	115.08062
30	11	6	105.925758
31	11	6	85.787926
32	11	7	71.024887
33	11	5	64.252563
34	11	7	69.30088
35	11	7	68.156647
36	11	5	67.717125
37	11	6	67.774002
38	11	7	77.296661
39	11	5	74.18631
40	11	46	57.708981
41	11	48	44.456947
42	11	80	58.201405
43	11	44	81.803986
44	11	47	89.761612
45	11	48	82.576149
46	11	55	87.313263
47	11	39	90.814224
48	11	6	89.044975
49	11	7	79.696571
50	11	7	74.441399
51	11	5	75.965462
52	11	5	76.188194
53	11	5	81.779518
54	11	29	94.282394
55	11	19	107.784393
56	11	28	111.822823
57	11	23	97.1782
58	11	19	82.901024
59	11	87	93.307144
60	11	88	85.639435
61	11	12	59.372528
62	11	12	29.56332
63	11	12	15.411631
64	11	18	7.968542
65	11	19	-11.797335
66	11	20	-42.856972
67	11	17	-70.804726
68	11	6	-82.549492
69	11	57	-90.879639
70	11	35	-95.872757
71	11	66	-116.17099
72	11	52	-121.532722
73	11	67	-103.672096
74	11	41	-86.369339
75	11	51	-76.654556
76	11	52	-68.293884
77	11	89	-60.573807
78	11	75	-71.405502
79	11	52	-85.136673
80	11	53	-96.98423
81	11	66	-94.067444
82	11	51	-84.857559
83	11	51	-81.344231
84	11	42	-86.052666
85	11	72	-106.107925
86	11	53	-115.682213
87	11	68	-114.975113
88	11	79	-135.751114
89	11	53	-178.455963
90	11	6	-200.5914
91	11	6	-196.142685
92	11	68	-150.994446
93	11	63	-121.484901
94	11	42	-122.043777
95	11	72	-114.872818
96	11	63	-94.593452
97	11	51	-110.965286
98	11	51	-151.669022
99	11	51	-179.898849
100	11	52	-209.846085
101	11	63	-214.958069
102	11	52	-225.408096
103	11	53	-227.268585
104	11	7	-214.096298
105	11	5	-205.294754
106	11	66	-195.527054
107	11	42	-213.472153
108	11	41	-208.910324
109	11	56	-171.876511
110	11	68	-160.814651
111	11	63	-177.268723
112	11	51	-166.763
113	11	52	-134.211716
114	11	90	-132.022842
115	11	21	-150.805389
116	11	5	-156.505585
117	11	6	-158.449829
118	11	31	-155.991959
119	11	3	-164.328339
120	11	2	-158.494476
121	11	24	-159.11203
122	11	27	-157.531372
123	11	6	-132.253052
124	11	5	-94.605408
125	11	7	-62.233055
126	11	7	-37.171284
127	11	7	-8.682515
128	11	7	0
0	12	7	0
1	12	6	25.589682
2	12	7	51.137077
3	12	5	64.574898
4	12	46	56.807419
5	12	45	38.974602
6	12	46	34.456104
7	12	45	47.853134
8	12	6	72.392662
9	12	6	93.648674
10	12	7	103.691246
11	12	7	115.699081
12	12	5	135.96817
13	12	6	167.511978
14	12	5	165.24028
15	12	46	145.285095
16	12	48	137.531418
17	12	49	135.997192
18	12	6	164.022919
19	12	5	187.697449
20	12	7	182.195282
21	12	7	144.878754
22	12	7	122.855156
23	12	5	112.492188
24	12	6	120.444855
25	12	7	127.23188
26	12	37	139.377655
27	12	39	150.140625
28	12	5	171.276321
29	12	7	171.584641
30	12	5	146.610825
31	12	7	113.594147
32	12	5	91.481979
33	12	7	77.108521
34	12	6	71.017487
35	12	5	65.170029
36	12	7	69.080856
37	12	7	72.290894
38	12	5	84.448189
39	12	7	78.012421
40	12	43	59.792557
41	12	80	50.92836
42	12	49	56.762386
43	12	7	75.188507
44	12	43	82.021667
45	12	80	85.876335
46	12	49	97.507233
47	12	5	110.086189
48	12	5	98.71756
49	12	7	84.324707
50	12	7	75.304161
51	12	6	81.994019
52	12	5	79.569557
53	12	22	73.159317
54	12	15	92.932503
55	12	16	122.159454
56	12	29	131.610245
57	12	19	111.860535
58	12	19	89.383606
59	12	28	80.154724
60	12	15	72.318787
61	12	15	49.926113
62	12	23	28.606977
63	12	28	5.318573
64	12	23	-8.031183
65	12	19	-30.298548
66	12	21	-54.988487
67	12	7	-75.064537
68	12	68	-71.041168
69	12	67	-67.276543
70	12	41	-81.936943
71	12	56	-115.082001
72	12	68	-131.997177
73	12	91	-120.09404
74	12	92	-90.884857
75	12	42	-72.012459
76	12	41	-78.352005
77	12	51	-85.117523
78	12	42	-71.63942
79	12	35	-59.93531
80	12	68	-68.200783
81	12	63	-83.592247
82	12	51	-84.596664
83	12	51	-85.607803
84	12	42	-86.288719
85	12	58	-89.027847
86	12	35	-107.564178
87	12	5	-124.322441
88	12	6	-156.400909
89	12	7	-217.852829
90	12	5	-244.494247
91	12	7	-228.721481
92	12	68	-184.259338
93	12	63	-152.303055
94	12	42	-139.427017
95	12	72	-127.039345
96	12	63	-115.442047
97	12	51	-119.354309
98	12	52	-141.973663
99	12	53	-183.227676
100	12	68	-218.499588
101	12	53	-226.073593
102	12	7	-212.821732
103	12	6	-216.604202
104	12	7	-204.148193
105	12	68	-199.12384
106	12	63	-192.629272
107	12	51	-208.762497
108	12	56	-217.19487
109	12	5	-200.390335
110	12	66	-192.859497
111	12	52	-180.325806
112	12	53	-167.380447
113	12	29	-141.155533
114	12	21	-132.216095
115	12	7	-140.700165
116	12	6	-147.078857
117	12	1	-156.43161
118	12	0	-167.827591
119	12	3	-155.883789
120	12	4	-138.926315
121	12	5	-152.718674
122	12	6	-158.065262
123	12	5	-136.052795
124	12	6	-87.159943
125	12	37	-54.27219
126	12	38	-30.184431
127	12	39	-12.159966
128	12	37	0
0	13	38	0
1	13	39	29.737366
2	13	6	54.285389
3	13	7	65.67157
4	13	6	52.67897
5	13	7	31.123327
6	13	93	28.842999
7	13	94	65.906143
8	13	5	123.588562
9	13	7	151.965347
10	13	5	146.501328
11	13	7	146.960037
12	13	5	180.569763
13	13	6	218.9198
14	13	5	209.220718
15	13	46	163.15773
16	13	45	133.577271
17	13	7	123.991058
18	13	5	137.286835
19	13	7	142.134995
20	13	5	148.20166
21	13	5	140.242294
22	13	7	131.782043
23	13	6	129.896622
24	13	37	132.326004
25	13	73	141.267075
26	13	49	159.784958
27	13	5	169.949432
28	13	7	173.052917
29	13	5	167.093903
30	13	5	142.749146
31	13	7	114.705032
32	13	5	98.769508
33	13	7	92.574188
34	13	5	78.337631
35	13	6	70.681335
36	13	7	70.232788
37	13	6	74.658775
38	13	5	77.214745
39	13	46	79.712555
40	13	48	69.778358
41	13	55	56.80928
42	13	38	60.975601
43	13	73	71.196304
44	13	44	81.007484
45	13	45	85.591026
46	13	6	100.868546
47	13	5	106.983665
48	13	7	88.923882
49	13	5	76.741821
50	13	6	76.500504
51	13	5	92.709396
52	13	6	92.674866
53	13	7	78.395119
54	13	11	87.03804
55	13	18	106.388626
56	13	19	124.93988
57	13	19	110.817238
58	13	20	85.937172
59	13	12	67.412415
60	13	17	54.084839
61	13	22	38.422924
62	13	16	22.519487
63	13	22	0.078372
64	13	23	-17.344776
65	13	21	-31.088242
66	13	7	-46.474922
67	13	6	-53.883671
68	13	68	-57.382404
69	13	91	-60.440666
70	13	78	-83.04567
71	13	57	-112.98407
72	13	95	-134.281662
73	13	96	-115.315491
74	13	63	-88.517746
75	13	52	-82.027657
76	13	63	-90.002304
77	13	51	-95.938866
78	13	42	-70.851357
79	13	35	-49.872665
80	13	66	-54.131798
81	13	51	-73.257126
82	13	51	-83.423401
83	13	51	-84.319229
84	13	51	-96.614334
85	13	56	-100.7873
86	13	5	-110.688911
87	13	11	-126.743866
88	13	12	-166.030548
89	13	17	-222.534103
90	13	6	-244.891998
91	13	6	-235.258453
92	13	68	-218.122604
93	13	63	-186.666855
94	13	56	-178.018356
95	13	68	-160.061325
96	13	79	-146.346481
97	13	53	-128.317429
98	13	7	-147.012451
99	13	5	-180.924088
100	13	5	-213.751007
101	13	5	-209.306122
102	13	6	-204.184464
103	13	6	-211.524002
104	13	5	-223.969345
105	13	68	-219.011093
106	13	79	-194.712265
107	13	67	-201.915161
108	13	58	-226.513947
109	13	72	-226.307327
110	13	53	-211.52861
111	13	11	-192.028656
112	13	18	-162.328049
113	13	21	-144.802628
114	13	7	-150.132751
115	13	7	-155.104019
116	13	1	-150.332703
117	13	2	-155.899368
118	13	3	-174.220581
119	13	4	-172.192825
120	13	6	-144.529449
121	13	7	-140.383667
122	13	7	-130.035355
123	13	5	-112.656502
124	13	43	-71.8479
125	13	80	-40.639965
126	13	55	-23.844419
127	13	61	-9.316453
128	13	48	0
0	14	49	0
1	14	7	31.289213
2	14	5	56.924686
3	14	7	67.274742
4	14	7	52.309341
5	14	97	29.214024
6	14	98	36.551682
7	14	94	77.072952
8	14	5	144.191345
9	14	6	195.590805
10	14	7	197.489685
11	14	7	209.383743
12	14	7	237.859634
13	14	7	262.731232
14	14	5	246.309082
15	14	6	195.144165
16	14	6	157.272125
17	14	5	141.664276
18	14	7	124.00515
19	14	6	122.934425
20	14	5	126.147728
21	14	7	136.393616
22	14	37	144.338684
23	14	73	138.705963
24	14	80	137.993179
25	14	55	154.139175
26	14	39	181.586319
27	14	5	177.14119
28	14	7	157.882339
29	14	7	135.296432
30	14	7	115.895142
31	14	7	110.046043
32	14	6	104.778488
33	14	7	102.84874
34	14	6	85.722641
35	14	5	74.352859
36	14	7	72.187714
37	14	7	71.563438
38	14	5	73.018311
39	14	46	74.411842
40	14	48	67.473312
41	14	80	61.567196
42	14	44	69.706673
43	14	45	86.674576
44	14	5	97.144196
45	14	6	87.538788
46	14	6	91.654984
47	14	7	84.89019
48	14	5	71.485031
49	14	5	61.561024
50	14	5	75.064514
51	14	6	96.223145
52	14	7	103.188713
53	14	22	85.069374
54	14	15	74.541885
55	14	15	83.856422
56	14	15	91.65226
57	14	23	91.989151
58	14	28	78.378128
59	14	14	59.526157
60	14	17	44.716381
61	14	5	28.087364
62	14	6	17.040567
63	14	22	0.973393
64	14	16	-13.280071
65	14	5	-18.780029
66	14	5	-26.776979
67	14	5	-35.485535
68	14	22	-58.067131
69	14	16	-74.719063
70	14	68	-96.335587
71	14	99	-104.040932
72	14	34	-113.31588
73	14	41	-107.654198
74	14	42	-91.294617
75	14	41	-87.887344
76	14	51	-96.707253
77	14	51	-84.535355
78	14	42	-55.942448
79	14	72	-43.703297
80	14	63	-56.880394
81	14	51	-74.299667
82	14	51	-83.136276
83	14	51	-87.434998
84	14	70	-109.797554
85	14	17	-130.688705
86	14	22	-144.104111
87	14	23	-145.540894
88	14	21	-171.80423
89	14	6	-191.955643
90	14	6	-227.909485
91	14	6	-241.606003
92	14	66	-240.200821
93	14	42	-210.446884
94	14	35	-186.483307
95	14	5	-171.697678
96	14	6	-169.843964
97	14	6	-145.758865
98	14	6	-138.074066
99	14	5	-166.708054
100	14	6	-208.918533
101	14	5	-223.206573
102	14	6	-209.685532
103	14	7	-212.821823
104	14	5	-226.903107
105	14	7	-223.033447
106	14	68	-198.366974
107	14	63	-187.485657
108	14	56	-209.800278
109	14	7	-218.119919
110	14	29	-210.134933
111	14	19	-175.386429
112	14	20	-148.554626
113	14	17	-150.058502
114	14	6	-170.842972
115	14	3	-181.355927
116	14	2	-162.327026
117	14	0	-146.339111
118	14	4	-168.801849
119	14	5	-188.661957
120	14	5	-175.979462
121	14	6	-155.029556
122	14	5	-117.571129
123	14	43	-76.501732
124	14	44	-49.032192
125	14	48	-19.512445
126	14	55	-10.823303
127	14	73	-2.677705
128	14	49	0
0	15	6	0
1	15	7	38.547527
2	15	93	61.608997
3	15	100	66.424965
4	15	101	55.328773
5	15	102	41.422611
6	15	98	43.563675
7	15	100	72.105408
8	15	94	136.098114
9	15	5	186.722382
10	15	6	219.827454
11	15	7	244.863678
12	15	37	269.543213
13	15	39	289.690491
14	15	7	260.776062
15	15	5	223.444824
16	15	5	194.729248
17	15	7	168.753357
18	15	7	150.635834
19	15	5	126.331566
20	15	5	128.349365
21	15	43	139.27507
22	15	80	155.696472
23	15	44	158.184418
24	15	48	147.459488
25	15	49	166.998764
26	15	6	190.951813
27	15	6	186.773071
28	15	7	156.203323
29	15	6	123.531746
30	15	5	112.465652
31	15	5	115.491173
32	15	5	116.285706
33	15	6	105.263397
34	15	5	86.681831
35	15	7	80.544128
36	15	5	80.260635
37	15	6	74.804398
38	15	5	68.817223
39	15	46	69.298775
40	15	47	67.307617
41	15	45	63.519619
42	15	5	76.113167
43	15	6	94.744812
44	15	6	99.715813
45	15	5	89.681328
46	15	5	73.16777
47	15	6	68.897942
48	15	6	56.721642
49	15	5	57.604683
50	15	7	83.232773
51	15	5	105.016846
52	15	7	106.299461
53	15	7	93.855659
54	15	6	75.069771
55	15	5	68.553375
56	15	29	73.1343
57	15	20	73.13475
58	15	13	67.92054
59	15	16	59.476231
60	15	7	46.617992
61	15	7	31.776068
62	15	7	23.768368
63	15	5	9.280357
64	15	7	-0.600974
65	15	11	-8.988442
66	15	17	-16.734924
67	15	7	-33.242752
68	15	7	-78.706856
69	15	6	-105.112999
70	15	6	-110.54377
71	15	66	-101.948395
72	15	52	-103.343346
73	15	63	-93.937798
74	15	51	-86.463364
75	15	51	-88.985077
76	15	51	-84.260635
77	15	51	-63.745754
78	15	56	-53.225632
79	15	68	-56.20142
80	15	79	-83.890839
81	15	79	-87.692894
82	15	91	-89.845963
83	15	103	-101.987656
84	15	21	-123.126221
85	15	7	-149.599731
86	15	22	-159.989746
87	15	16	-160.565338
88	15	5	-165.908508
89	15	5	-179.310165
90	15	57	-205.220078
91	15	41	-218.677994
92	15	52	-226.720596
93	15	53	-201.354477
94	15	7	-172.80191
95	15	6	-163.309036
96	15	5	-172.973297
97	15	6	-166.275757
98	15	7	-148.384094
99	15	5	-165.248535
100	15	57	-200.233017
101	15	35	-224.71637
102	15	5	-210.654282
103	15	6	-201.384933
104	15	57	-202.850143
105	15	58	-210.541351
106	15	41	-194.709488
107	15	56	-183.039215
108	15	11	-190.237579
109	15	18	-205.258728
110	15	19	-196.651901
111	15	28	-172.39975
112	15	16	-147.57518
113	15	5	-148.179443
114	15	24	-178.827576
115	15	25	-184.732758
116	15	26	-167.617233
117	15	104	-135.327545
118	15	32	-151.554306
119	15	33	-185.577332
120	15	5	-192.391556
121	15	5	-173.946564
122	15	43	-129.660339
123	15	49	-82.516617
124	15	46	-33.081234
125	15	48	-4.952614
126	15	44	-0.387277
127	15	45	0
128	15	7	0
0	16	93	0
1	16	101	50.185547
2	16	102	74.124542
3	16	102	78.052383
4	16	102	61.387177
5	16	102	47.613724
6	16	102	50.602024
7	16	105	61.998455
8	16	5	92.235077
9	16	6	146.810898
10	16	37	209.015823
11	16	61	242.203873
12	16	45	264.575226
13	16	5	253.210678
14	16	7	240.13176
15	16	7	183.198898
16	16	7	162.944153
17	16	6	162.877228
18	16	7	164.886871
19	16	7	149.329742
20	16	43	150.436569
21	16	80	155.197403
22	16	55	169.401596
23	16	73	169.396866
24	16	49	162.690094
25	16	6	173.662094
26	16	6	190.636047
27	16	5	189.62088
28	16	5	170.534149
29	16	6	136.705566
30	16	6	130.328491
31	16	7	131.759598
32	16	6	121.839592
33	16	5	95.298401
34	16	7	76.283363
35	16	7	71.689728
36	16	7	78.969749
37	16	5	79.871872
38	16	6	77.880493
39	16	7	82.470032
40	16	7	75.060516
41	16	5	69.604202
42	16	5	75.016983
43	16	6	90.317436
44	16	7	90.39502
45	16	6	78.925278
46	16	7	69.382706
47	16	5	67.48938
48	16	6	65.967392
49	16	5	67.012909
50	16	5	72.791847
51	16	5	96.527023
52	16	11	103.2146
53	16	17	98.200401
54	16	5	84.397156
55	16	29	67.815567
56	16	19	67.458366
57	16	20	63.425343
58	16	17	63.854256
59	16	7	65.962318
60	16	6	58.846245
61	16	6	45.028969
62	16	5	31.98917
63	16	6	20.239819
64	16	22	12.100744
65	16	16	1.923606
66	16	7	-16.662092
67	16	5	-51.022621
68	16	7	-95.488266
69	16	7	-123.985336
70	16	68	-116.745003
71	16	53	-104.712967
72	16	66	-92.959969
73	16	51	-98.417747
74	16	51	-90.40361
75	16	51	-82.708771
76	16	51	-65.69902
77	16	56	-52.238583
78	16	7	-53.460743
79	16	6	-81.786293
80	16	5	-99.019089
81	16	22	-107.724014
82	16	23	-99.723457
83	16	21	-107.406578
84	16	5	-116.834221
85	16	7	-144.161697
86	16	57	-168.680161
87	16	58	-182.785995
88	16	35	-185.570236
89	16	68	-177.306183
90	16	79	-187.507599
91	16	67	-214.698441
92	16	58	-208.266266
93	16	58	-197.120575
94	16	35	-162.427246
95	16	5	-164.010025
96	16	7	-175.095642
97	16	5	-173.29718
98	16	57	-163.629242
99	16	41	-163.189362
100	16	56	-185.237381
101	16	5	-197.82077
102	16	57	-189.88414
103	16	72	-176.283386
104	16	79	-171.788239
105	16	63	-174.8116
106	16	56	-173.259766
107	16	29	-160.360794
108	16	19	-156.181839
109	16	19	-174.218307
110	16	21	-186.793945
111	16	6	-181.556763
112	16	7	-168.723236
113	16	104	-156.480637
114	16	33	-171.962967
115	16	54	-183.669952
116	16	26	-175.196991
117	16	1	-140.989853
118	16	104	-143.262741
119	16	33	-165.137665
120	16	7	-169.829163
121	16	46	-161.291321
122	16	86	-140.679321
123	16	39	-100.631599
124	16	46	-42.050747
125	16	45	-13.13735
126	16	93	0
127	16	100	0
128	16	101	0
0	17	102	0
1	17	106	49.299339
2	17	107	72.447128
3	17	107	73.2173
4	17	108	54.488155
5	17	102	41.115059
6	17	105	41.999298
7	17	7	57.783665
8	17	5	78.120987
9	17	46	131.865021
10	17	45	197.633575
11	17	5	228.088684
12	17	5	229.349152
13	17	6	216.248322
14	17	7	200.761063
15	17	5	163.968506
16	17	7	162.877228
17	17	6	154.409409
18	17	7	154.409409
19	17	43	154.409409
20	17	80	160.55928
21	17	80	166.315903
22	17	80	162.877228
23	17	49	162.877228
24	17	7	185.651978
25	17	6	181.588181
26	17	7	192.765335
27	17	6	188.124924
28	17	6	164.154007
29	17	5	135.851547
30	17	5	138.375549
31	17	7	127.248505
32	17	6	106.484421
33	17	7	83.935104
34	17	6	64.953575
35	17	6	64.711342
36	17	5	77.962868
37	17	7	87.142349
38	17	5	108.342667
39	17	5	121.305275
40	17	37	105.198524
41	17	39	75.353874
42	17	37	63.093197
43	17	38	68.715225
44	17	39	77.450607
45	17	5	74.70359
46	17	5	72.215805
47	17	5	73.094398
48	17	7	73.32299
49	17	7	72.613113
50	17	5	65.390816
51	17	22	81.008614
52	17	16	97.48764
53	17	11	98.79306
54	17	13	88.332092
55	17	15	79.535851
56	17	15	76.098221
57	17	14	66.434273
58	17	12	67.99823
59	17	17	79.471169
60	17	11	77.820847
61	17	12	61.77911
62	17	17	37.633804
63	17	11	21.286081
64	17	17	14.363447
65	17	57	6.029119
66	17	58	-13.92159
67	17	58	-45.307858
68	17	35	-84.159241
69	17	57	-105.533066
70	17	58	-107.287842
71	17	72	-104.686432
72	17	63	-106.720291
73	17	51	-99.192963
74	17	51	-91.468063
75	17	51	-72.170959
76	17	56	-53.67458
77	17	57	-53.731121
78	17	35	-74.828804
79	17	5	-105.207054
80	17	6	-107.184059
81	17	29	-102.528923
82	17	21	-107.288811
83	17	7	-117.198318
84	17	57	-120.012375
85	17	41	-142.007767
86	17	52	-167.594498
87	17	53	-197.089264
88	17	7	-189.48732
89	17	5	-172.621414
90	17	66	-165.832565
91	17	52	-195.610062
92	17	63	-199.753082
93	17	56	-191.385452
94	17	7	-167.536331
95	17	5	-163.999863
96	17	57	-175.198959
97	17	41	-183.093307
98	17	51	-176.734772
99	17	42	-173.561096
100	17	35	-171.012741
101	17	68	-165.601669
102	17	53	-166.593613
103	17	5	-163.092072
104	17	68	-150.250656
105	17	53	-146.860504
106	17	29	-151.664337
107	17	19	-141.392838
108	17	19	-140.909225
109	17	21	-150.186386
110	17	6	-182.298553
111	17	5	-201.658127
112	17	1	-200.870819
113	17	104	-185.79007
114	17	33	-180.678085
115	17	54	-184.41217
116	17	26	-169.505676
117	17	3	-162.512726
118	17	4	-144.959961
119	17	5	-151.392319
120	17	5	-144.728043
121	17	46	-137.990158
122	17	45	-131.778793
123	17	5	-104.278702
124	17	6	-53.494709
125	17	97	-19.847689
126	17	102	0.310561
127	17	102	1.803289
128	17	109	0
0	18	110	0
1	18	111	36.533287
2	18	112	60.857529
3	18	113	68.856171
4	18	114	53.085709
5	18	98	39.508327
6	18	94	40.338696
7	18	6	62.365173
8	18	7	88.449959
9	18	7	132.083862
10	18	5	195.805252
11	18	5	214.35434
12	18	6	201.683182
13	18	5	184.238876
14	18	5	188.24707
15	18	6	162.877228
16	18	5	162.877228
17	18	6	154.409409
18	18	43	154.409409
19	18	80	154.409409
20	18	44	154.409409
21	18	48	154.409409
22	18	49	154.409409
23	18	5	154.409409
24	18	7	154.409409
25	18	7	194.070007
26	18	5	202.718292
27	18	6	192.925537
28	18	7	167.006882
29	18	6	140.78949
30	18	7	138.595398
31	18	7	122.525078
32	18	5	100.140961
33	18	6	77.625061
34	18	7	63.620934
35	18	7	65.366898
36	18	5	73.568581
37	18	6	91.037338
38	18	37	126.739655
39	18	73	145.050522
40	18	49	125.015053
41	18	46	87.285423
42	18	48	52.814579
43	18	49	53.156994
44	18	5	70.528534
45	18	5	89.551079
46	18	5	95.517632
47	18	7	92.737976
48	18	6	80.37178
49	18	7	78.703087
50	18	11	68.158646
51	18	12	77.447121
52	18	13	85.371559
53	18	16	81.850304
54	18	6	82.190979
55	18	5	83.7817
56	18	29	84.449196
57	18	19	78.614479
58	18	20	84.211594
59	18	13	106.674232
60	18	23	105.573013
61	18	21	74.260551
62	18	22	45.215565
63	18	16	28.426977
64	18	66	20.69969
65	18	51	10.273814
66	18	51	-3.536595
67	18	42	-24.471725
68	18	41	-59.920429
69	18	51	-86.905159
70	18	56	-102.90937
71	18	68	-99.317856
72	18	63	-98.884262
73	18	51	-93.55426
74	18	51	-86.485756
75	18	42	-75.429916
76	18	41	-60.2407
77	18	56	-56.659634
78	18	7	-74.57946
79	18	7	-100.650673
80	18	29	-106.988464
81	18	20	-107.208565
82	18	17	-114.879547
83	18	66	-129.454529
84	18	51	-129.095352
85	18	56	-132.789627
86	18	7	-159.12912
87	18	6	-189.508926
88	18	6	-185.336975
89	18	66	-161.388916
90	18	42	-146.901962
91	18	41	-172.222305
92	18	56	-184.275177
93	18	5	-174.928436
94	18	57	-163.866333
95	18	41	-149.278961
96	18	51	-161.955215
97	18	51	-174.228806
98	18	51	-190.021179
99	18	42	-188.570496
100	18	35	-163.900757
101	18	7	-140.509293
102	18	7	-142.09169
103	18	11	-150.431381
104	18	12	-149.947556
105	18	18	-144.551163
106	18	19	-136.079956
107	18	28	-138.226852
108	18	16	-139.601135
109	18	7	-155.792953
110	18	6	-173.706284
111	18	24	-197.380539
112	18	25	-226.320084
113	18	27	-216.183456
114	18	5	-196.934265
115	18	54	-182.815063
116	18	26	-177.136887
117	18	4	-176.81926
118	18	5	-166.754089
119	18	5	-144.680801
120	18	7	-122.316803
121	18	7	-95.709984
122	18	7	-86.545418
123	18	6	-70.597733
124	18	97	-41.092098
125	18	102	-9.257281
126	18	106	13.463079
127	18	115	14.071327
128	18	116	0
0	19	117	0
1	19	118	33.166821
2	19	119	58.708462
3	19	120	70.011566
4	19	114	66.285431
5	19	105	55.558754
6	19	6	49.241272
7	19	6	69.195274
8	19	7	106.195267
9	19	5	145.382599
10	19	6	184.885559
11	19	7	190.330948
12	19	6	168.047363
13	19	5	160.59935
14	19	7	173.595856
15	19	5	162.877228
16	19	5	154.409409
17	19	46	154.409409
18	19	48	219.497131
19	19	55	219.497131
20	19	73	219.497131
21	19	49	154.841599
22	19	6	154.409409
23	19	5	154.409409
24	19	7	154.409409
25	19	7	184.563797
26	19	7	197.505615
27	19	5	187.132782
28	19	6	166.285141
29	19	5	151.869537
30	19	6	146.469818
31	19	5	129.261871
32	19	7	109.978798
33	19	6	89.639984
34	19	7	71.707382
35	19	5	64.532616
36	19	5	68.708618
37	19	43	85.227745
38	19	80	112.662956
39	19	49	134.133255
40	19	6	119.767151
41	19	43	90.790184
42	19	49	58.182629
43	19	6	59.857826
44	19	6	77.474602
45	19	7	106.061584
46	19	5	102.746796
47	19	6	78.41835
48	19	5	74.992462
49	19	29	66.751877
50	19	19	70.198631
51	19	21	70.666908
52	19	7	78.118965
53	19	6	77.255539
54	19	11	81.533424
55	19	13	88.811897
56	19	23	86.175056
57	19	19	85.48497
58	19	20	102.767433
59	19	18	125.718628
60	19	21	123.646729
61	19	7	93.381836
62	19	6	61.160721
63	19	66	50.158195
64	19	51	37.742908
65	19	51	21.678629
66	19	52	5.19526
67	19	79	-10.553055
68	19	63	-40.914017
69	19	56	-75.68589
70	19	5	-99.242706
71	19	68	-114.527145
72	19	63	-100.958199
73	19	51	-84.160431
74	19	51	-79.385262
75	19	52	-80.46875
76	19	53	-70.506615
77	19	7	-60.766331
78	19	7	-66.481346
79	19	29	-86.578278
80	19	19	-102.598541
81	19	21	-109.013969
82	19	68	-119.749367
83	19	63	-143.061584
84	19	56	-153.072754
85	19	6	-145.502029
86	19	6	-157.505646
87	19	57	-170.680618
88	19	41	-178.906006
89	19	51	-154.025452
90	19	51	-135.803665
91	19	42	-146.320831
92	19	35	-157.892639
93	19	66	-162.775345
94	19	51	-156.362991
95	19	52	-141.219421
96	19	79	-152.469467
97	19	79	-158.467453
98	19	79	-188.300598
99	19	53	-194.825714
100	19	7	-178.209351
101	19	11	-142.513214
102	19	18	-134.930893
103	19	19	-146.539597
104	19	28	-146.445343
105	19	15	-133.006561
106	19	16	-126.412865
107	19	5	-147.02327
108	19	5	-164.177521
109	19	5	-179.030411
110	19	104	-171.361435
111	19	32	-190.239395
112	19	32	-213.636688
113	19	32	-224.676605
114	19	32	-194.348511
115	19	31	-163.337128
116	19	4	-161.833527
117	19	7	-155.386658
118	19	5	-156.646484
119	19	5	-120.523392
120	19	5	-88.266907
121	19	6	-47.772572
122	19	6	-39.796581
123	19	97	-28.930454
124	19	102	-13.705855
125	19	121	12.270539
126	19	122	27.232382
127	19	123	28.889339
128	19	124	0
0	20	125	0
1	20	119	32.842804
2	20	93	55.59824
3	20	101	75.915062
4	20	105	78.955559
5	20	5	71.090477
6	20	7	59.855278
7	20	7	68.999855
8	20	6	91.683617
9	20	37	124.507164
10	20	39	147.97435
11	20	7	147.738556
12	20	6	119.221382
13	20	7	131.430298
14	20	5	164.961349
15	20	7	162.877228
16	20	6	154.409409
17	20	46	154.409409
18	20	47	219.497131
19	20	47	219.497131
20	20	45	219.497131
21	20	6	154.841599
22	20	5	154.409409
23	20	5	154.409409
24	20	7	154.409409
25	20	7	165.879349
26	20	5	167.690292
27	20	6	168.120178
28	20	7	168.128906
29	20	37	172.206314
30	20	38	167.626587
31	20	39	149.544434
32	20	6	116.796104
33	20	7	98.751663
34	20	5	74.706406
35	20	37	65.388596
36	20	73	64.794563
37	20	44	72.672417
38	20	45	82.106255
39	20	37	83.897621
40	20	73	86.599724
41	20	49	79.948792
42	20	6	70.935738
43	20	5	75.154533
44	20	6	88.884773
45	20	6	104.952614
46	20	6	96.97554
47	20	6	76.225609
48	20	22	77.24855
49	20	15	67.249359
50	20	16	72.692459
51	20	6	77.528168
52	20	11	75.790207
53	20	18	81.2938
54	20	20	93.035423
55	20	18	94.903198
56	20	19	91.559212
57	20	19	90.789536
58	20	19	114.567535
59	20	21	138.444641
60	20	7	125.325867
61	20	6	98.41024
62	20	68	75.146584
63	20	63	71.17659
64	20	52	51.838024
65	20	53	29.195763
66	20	5	9.520585
67	20	68	-11.592699
68	20	53	-43.129566
69	20	57	-82.850098
70	20	58	-114.159798
71	20	72	-115.518211
72	20	79	-101.019989
73	20	79	-82.98304
74	20	67	-78.624245
75	20	58	-85.089546
76	20	58	-81.917526
77	20	35	-70.816071
78	20	64	-70.609032
79	20	126	-87.181435
80	20	40	-114.788811
81	20	58	-131.289688
82	20	41	-136.631332
83	20	56	-148.332443
84	20	7	-162.797928
85	20	7	-161.432709
86	20	68	-159.403748
87	20	63	-154.86261
88	20	51	-151.050659
89	20	51	-141.86972
90	20	52	-119.022644
91	20	67	-119.06604
92	20	41	-125.194099
93	20	52	-135.053848
94	20	53	-146.312561
95	20	5	-144.259048
96	20	6	-154.584076
97	20	7	-159.415695
98	20	6	-173.36261
99	20	11	-200.480011
100	20	18	-187.323639
101	20	28	-163.945328
102	20	23	-141.243973
103	20	21	-141.336441
104	20	6	-125.902
105	20	6	-115.377892
106	20	6	-110.260269
107	20	6	-147.281265
108	20	7	-183.543304
109	20	3	-193.772125
110	20	0	-174.4776
111	20	3	-164.432861
112	20	0	-181.389816
113	20	2	-193.555573
114	20	24	-159.69133
115	20	27	-131.273056
116	20	7	-130.203705
117	20	6	-130.636658
118	20	6	-113.756058
119	20	6	-74.967064
120	20	6	-39.683613
121	20	6	-14.091199
122	20	97	-2.985472
123	20	102	-0.702995
124	20	127	3.832298
125	20	128	20.998611
126	20	129	36.08812
127	20	125	35.11153
128	20	123	0
0	21	130	0
1	21	97	36.18663
2	21	109	54.756741
3	21	131	68.900726
4	21	6	71.447922
5	21	7	71.384117
6	21	6	62.79958
7	21	37	53.399395
8	21	73	64.123001
9	21	55	85.919624
10	21	39	109.673012
11	21	5	110.969147
12	21	6	104.756706
13	21	5	117.393402
14	21	7	156.520508
15	21	6	162.877228
16	21	7	154.409409
17	21	5	154.409409
18	21	7	219.497131
19	21	7	219.497131
20	21	7	219.497131
21	21	6	154.841599
22	21	7	154.409409
23	21	6	154.409409
24	21	6	154.409409
25	21	7	154.518188
26	21	5	158.158554
27	21	5	160.004898
28	21	43	163.389465
29	21	80	176.502579
30	21	55	174.742523
31	21	39	150.336029
32	21	7	120.320068
33	21	6	95.183975
34	21	43	68.148354
35	21	80	61.538132
36	21	49	70.077301
37	21	6	75.413826
38	21	43	62.16914
39	21	80	52.421375
40	21	49	59.337303
41	21	6	64.50013
42	21	5	74.671371
43	21	6	82.4925
44	21	5	88.230957
45	21	6	96.564453
46	21	5	93.116936
47	21	6	90.429207
48	21	6	93.48481
49	21	5	91.088501
50	21	7	97.615456
51	21	29	98.213226
52	21	19	91.171776
53	21	19	89.964592
54	21	28	96.891342
55	21	15	92.74836
56	21	15	91.722099
57	21	15	103.101067
58	21	16	130.914703
59	21	5	142.571732
60	21	6	118.458992
61	21	7	85.979256
62	21	68	72.568474
63	21	53	66.022659
64	21	5	49.314552
65	21	6	27.978191
66	21	6	7.181231
67	21	57	-10.190484
68	21	72	-45.528233
69	21	79	-86.063637
70	21	53	-119.414452
71	21	5	-126.880081
72	21	7	-116.899872
73	21	66	-98.035286
74	21	51	-86.485008
75	21	51	-94.274673
76	21	42	-99.94326
77	21	72	-93.124458
78	21	90	-79.785034
79	21	50	-88.789398
80	21	52	-121.0896
81	21	63	-152.591187
82	21	56	-164.632416
83	21	7	-160.647675
84	21	5	-159.232117
85	21	5	-171.420761
86	21	68	-149.930603
87	21	79	-142.625046
88	21	63	-138.946472
89	21	56	-139.689316
90	21	68	-128.042053
91	21	79	-127.379669
92	21	53	-132.945313
93	21	6	-142.919357
94	21	5	-159.515518
95	21	5	-167.53801
96	21	5	-168.112091
97	21	5	-159.418686
98	21	29	-164.277054
99	21	28	-180.143738
100	21	14	-191.566788
101	21	13	-178.218536
102	21	16	-143.015457
103	21	7	-126.791206
104	21	7	-116.512123
105	21	7	-106.730171
106	21	5	-101.628525
107	21	7	-124.115875
108	21	0	-161.004807
109	21	2	-179.007538
110	21	1	-158.354935
111	21	2	-150.129166
112	21	0	-155.803528
113	21	4	-156.224609
114	21	7	-128.651169
115	21	5	-109.015724
116	21	6	-119.283119
117	21	6	-114.793175
118	21	7	-82.245079
119	21	7	-38.632698
120	21	7	-7.830967
121	21	97	-0.784161
122	21	102	0
123	21	102	0.154356
124	21	127	6.457409
125	21	132	23.696299
126	21	132	35.876179
127	21	133	31.379719
128	21	6	0
0	22	97	0
1	22	105	34.268337
2	22	6	49.737671
3	22	6	60.434956
4	22	6	59.639336
5	22	6	62.295055
6	22	46	59.111729
7	22	48	47.964108
8	22	80	46.483562
9	22	49	54.249516
10	22	5	77.577248
11	22	7	85.966385
12	22	6	92.099823
13	22	7	105.013603
14	22	6	152.513748
15	22	7	162.877228
16	22	6	154.409409
17	22	7	154.409409
18	22	6	154.409409
19	22	6	154.409409
20	22	5	154.409409
21	22	7	154.409409
22	22	7	154.409409
23	22	7	154.409409
24	22	7	154.409409
25	22	7	154.487137
26	22	7	157.472214
27	22	43	150.323837
28	22	44	154.230057
29	22	48	175.604645
30	22	49	175.338531
31	22	5	156.298737
32	22	5	124.983025
33	22	43	95.023651
34	22	80	61.973751
35	22	49	60.493813
36	22	37	76.015839
37	22	73	84.871895
38	22	80	70.577965
39	22	49	48.393303
40	22	5	52.67767
41	22	7	61.767235
42	22	5	64.180496
43	22	7	69.498779
44	22	6	79.059319
45	22	6	97.074883
46	22	6	107.112572
47	22	5	101.451599
48	22	5	105.279831
49	22	11	113.33123
50	22	13	124.523979
51	22	15	120.380211
52	22	15	105.977814
53	22	16	97.568398
54	22	5	98.065163
55	22	5	89.479233
56	22	7	93.612167
57	22	6	113.302032
58	22	5	137.763885
59	22	57	136.930832
60	22	35	108.723846
61	22	5	77.094894
62	22	5	66.339981
63	22	5	55.635662
64	22	57	38.959602
65	22	58	20.136953
66	22	41	9.27264
67	22	56	-7.334765
68	22	57	-36.482555
69	22	58	-81.591301
70	22	58	-117.379097
71	22	35	-127.127701
72	22	68	-129.105377
73	22	79	-114.070198
74	22	63	-103.557915
75	22	52	-101.431252
76	22	67	-109.445663
77	22	69	-107.38295
78	22	134	-95.54425
79	22	42	-98.48259
80	22	41	-133.721909
81	22	42	-178.928268
82	22	35	-195.295029
83	22	7	-176.760544
84	22	7	-156.00145
85	22	57	-157.969406
86	22	35	-158.589798
87	22	66	-132.396957
88	22	42	-128.013275
89	22	35	-143.966461
90	22	57	-161.70311
91	22	58	-153.198715
92	22	58	-154.408432
93	22	58	-150.608322
94	22	35	-154.181641
95	22	5	-169.977722
96	22	11	-180.538483
97	22	18	-179.680511
98	22	20	-162.376434
99	22	18	-153.699677
100	22	21	-164.284241
101	22	5	-151.300369
102	22	7	-139.186661
103	22	7	-120.899773
104	22	7	-122.736557
105	22	5	-109.488556
106	22	6	-97.14093
107	22	2	-106.651604
108	22	2	-126.759789
109	22	1	-139.769165
110	22	3	-133.78244
111	22	24	-136.793686
112	22	27	-155.743561
113	22	7	-162.40596
114	22	7	-144.949097
115	22	5	-119.71608
116	22	7	-109.595512
117	22	7	-93.246231
118	22	5	-57.020493
119	22	5	-24.418108
120	22	97	-3.859192
121	22	102	0
122	22	102	0
123	22	102	0.562994
124	22	102	11.402797
125	22	109	26.009674
126	22	135	34.001362
127	22	100	23.66254
128	22	136	0
0	23	131	0
1	23	5	37.521702
2	23	5	54.799313
3	23	5	62.048405
4	23	5	58.730843
5	23	6	55.854767
6	23	46	58.549278
7	23	48	51.494457
8	23	55	44.822708
9	23	39	42.184349
10	23	5	53.744324
11	23	7	60.371113
12	23	6	73.246864
13	23	7	103.973862
14	23	6	148.983261
15	23	6	165.575806
16	23	5	154.409409
17	23	5	154.409409
18	23	6	154.409409
19	23	6	154.409409
20	23	7	154.409409
21	23	5	154.409409
22	23	6	154.409409
23	23	6	154.409409
24	23	5	154.409409
25	23	6	171.096008
26	23	43	158.425873
27	23	55	147.118652
28	23	73	155.233734
29	23	49	171.393036
30	23	5	172.648193
31	23	5	159.786255
32	23	43	136.154083
33	23	80	102.097008
34	23	55	63.865665
35	23	73	52.805466
36	23	80	69.805466
37	23	44	80.415291
38	23	45	72.553604
39	23	6	58.885967
40	23	6	53.612984
41	23	5	53.247871
42	23	5	49.968441
43	23	7	52.697823
44	23	7	64.746788
45	23	7	82.333069
46	23	5	102.56591
47	23	7	104.575455
48	23	29	110.9907
49	23	20	120.725945
50	23	12	136.56778
51	23	12	136.459061
52	23	12	120.403908
53	23	17	107.283592
54	23	6	99.954796
55	23	7	89.874779
56	23	6	87.712105
57	23	6	103.317085
58	23	66	117.275566
59	23	56	115.281837
60	23	57	96.48391
61	23	58	78.88945
62	23	58	64.616615
63	23	72	48.656239
64	23	63	30.732248
65	23	51	19.670439
66	23	42	13.899219
67	23	72	0.423828
68	23	63	-28.95582
69	23	52	-66.965172
70	23	53	-99.368195
71	23	6	-114.139748
72	23	6	-125.578972
73	23	68	-118.828262
74	23	67	-103.261963
75	23	41	-90.523804
76	23	42	-94.423981
77	23	41	-107.303284
78	23	51	-103.750221
79	23	51	-101.182121
80	23	51	-139.461777
81	23	56	-179.454651
82	23	7	-184.851303
83	23	57	-172.028809
84	23	41	-149.374146
85	23	42	-148.857605
86	23	72	-166.641418
87	23	63	-149.440994
88	23	56	-138.165741
89	23	66	-152.811874
90	23	51	-169.415176
91	23	51	-169.526031
92	23	52	-157.731857
93	23	53	-140.129318
94	23	11	-125.347374
95	23	18	-141.520859
96	23	19	-166.48114
97	23	28	-176.001434
98	23	15	-158.694351
99	23	16	-132.699219
100	23	5	-137.469772
101	23	5	-141.736603
102	23	5	-131.485123
103	23	5	-129.263153
104	23	6	-127.411926
105	23	6	-122.40802
106	23	2	-110.132019
107	23	1	-115.830399
108	23	24	-115.785309
109	23	25	-118.369026
110	23	27	-115.949196
111	23	5	-139.917038
112	23	7	-166.840866
113	23	6	-170.710434
114	23	5	-156.015915
115	23	6	-147.565155
116	23	5	-121.352036
117	23	7	-81.439606
118	23	7	-35.213074
119	23	120	-8.123727
120	23	137	3.101769
121	23	114	1.564981
122	23	102	0.936633
123	23	102	4.413938
124	23	98	21.52943
125	23	136	38.022346
126	23	137	39.782219
127	23	131	23.180422
128	23	7	0
0	24	6	0
1	24	6	35.6735
2	24	7	65.178902
3	24	7	70.594452
4	24	5	63.197632
5	24	7	52.167004
6	24	46	54.494785
7	24	47	48.667564
8	24	45	36.756622
9	24	7	33.524708
10	24	6	38.959446
11	24	5	39.744236
12	24	6	57.864475
13	24	7	105.612862
14	24	5	151.627197
15	24	5	169.247696
16	24	5	154.409409
17	24	6	154.409409
18	24	5	154.409409
19	24	5	154.409409
20	24	6	154.409409
21	24	7	154.409409
22	24	7	152.538589
23	24	7	150.769531
24	24	6	152.102783
25	24	43	181.105545
26	24	80	164.954849
27	24	44	148.487564
28	24	45	145.788666
29	24	7	154.25148
30	24	5	162.106781
31	24	46	158.531067
32	24	47	149.419525
33	24	48	110.515602
34	24	44	67.043442
35	24	47	45.968597
36	24	45	53.661427
37	24	6	67.756203
38	24	6	72.270607
39	24	5	65.69545
40	24	7	59.398335
41	24	7	53.964596
42	24	6	46.957829
43	24	7	44.933773
44	24	6	55.37672
45	24	7	77.616135
46	24	5	102.549782
47	24	29	108.526657
48	24	19	106.760017
49	24	19	119.708687
50	24	19	137.417648
51	24	19	143.075195
52	24	21	133.201019
53	24	6	116.460266
54	24	7	103.555107
55	24	5	93.047096
56	24	7	83.216248
57	24	66	86.175209
58	24	56	89.334419
59	24	68	94.820869
60	24	79	91.945061
61	24	63	84.206245
62	24	42	76.864212
63	24	41	63.306049
64	24	51	42.669846
65	24	51	24.092995
66	24	42	15.772854
67	24	72	7.209017
68	24	53	-15.271431
69	24	5	-49.503899
70	24	6	-74.655685
71	24	6	-83.707878
72	24	5	-101.516884
73	24	66	-111.382477
74	24	51	-106.238327
75	24	51	-86.062149
76	24	51	-86.796402
77	24	52	-103.52787
78	24	79	-110.159813
79	24	63	-114.244926
80	24	56	-137.690353
81	24	5	-156.385559
82	24	68	-162.266449
83	24	79	-163.938156
84	24	63	-142.525284
85	24	42	-140.615189
86	24	41	-162.468292
87	24	42	-155.290359
88	24	72	-138.35202
89	24	79	-140.604523
90	24	79	-154.674637
91	24	53	-152.171661
92	24	11	-146.483414
93	24	18	-132.896622
94	24	19	-120.789215
95	24	28	-121.503418
96	24	16	-146.584549
97	24	7	-159.462112
98	24	5	-148.9431
99	24	5	-129.443283
100	24	5	-133.004181
101	24	6	-148.432343
102	24	7	-133.937439
103	24	5	-130.635223
104	24	6	-120.991158
105	24	25	-111.435478
106	24	25	-112.011467
107	24	27	-119.593483
108	24	7	-127.091469
109	24	7	-104.137489
110	24	6	-109.690926
111	24	6	-129.59552
112	24	7	-156.430344
113	24	6	-142.059235
114	24	7	-138.583466
115	24	6	-127.874878
116	24	6	-106.200104
117	24	6	-56.464375
118	24	6	-4.818281
119	24	6	19.211826
120	24	120	17.928881
121	24	137	10.358762
122	24	114	8.695022
123	24	102	26.434984
124	24	105	56.616158
125	24	7	70.888123
126	24	5	53.127178
127	24	6	25.464308
128	24	6	0
0	25	6	0
1	25	7	30.490541
2	25	5	54.093063
3	25	7	63.478523
4	25	5	53.360584
5	25	7	40.621269
6	25	5	38.980587
7	25	7	36.471439
8	25	7	27.280989
9	25	5	23.394926
10	25	5	29.020224
11	25	6	28.627995
12	25	5	49.261658
13	25	7	95.928421
14	25	5	141.291122
15	25	7	168.938644
16	25	5	175.39386
17	25	7	182.238052
18	25	5	180.275162
19	25	5	180.275162
20	25	7	154.293457
21	25	7	150.789734
22	25	6	146.064499
23	25	7	143.49231
24	25	43	166.198303
25	25	80	189.446503
26	25	49	175.32341
27	25	6	173.337234
28	25	6	164.988815
29	25	7	150.437347
30	25	5	150.144928
31	25	5	163.620239
32	25	46	148.309845
33	25	45	110.316872
34	25	6	64.830734
35	25	6	38.917759
36	25	5	46.545166
37	25	6	61.703697
38	25	5	70.968086
39	25	6	70.538177
40	25	6	66.091988
41	25	5	61.769249
42	25	6	53.470264
43	25	6	52.303413
44	25	6	56.612118
45	25	11	90.871063
46	25	18	114.539787
47	25	19	122.8759
48	25	19	117.899139
49	25	28	115.945816
50	25	15	127.850685
51	25	16	132.16127
52	25	11	127.158485
53	25	138	115.839676
54	25	58	98.274574
55	25	58	88.1007
56	25	41	83.478439
57	25	42	77.313683
58	25	58	85.165276
59	25	58	89.322853
60	25	41	93.996201
61	25	51	93.532219
62	25	51	83.49147
63	25	52	74.658905
64	25	63	54.889324
65	25	52	32.57962
66	25	53	16.426378
67	25	57	7.912659
68	25	35	-4.466766
69	25	6	-31.892962
70	25	7	-55.635281
71	25	57	-68.323082
72	25	41	-89.076836
73	25	51	-110.809639
74	25	51	-106.261948
75	25	51	-87.696045
76	25	56	-81.660782
77	25	5	-100.586014
78	25	66	-111.353806
79	25	42	-120.17794
80	25	35	-125.104813
81	25	7	-154.175873
82	25	5	-149.519363
83	25	68	-147.22522
84	25	63	-133.943649
85	25	52	-140.376022
86	25	79	-150.835312
87	25	53	-143.028259
88	25	7	-134.256927
89	25	6	-131.653976
90	25	11	-128.592545
91	25	18	-125.159203
92	25	19	-133.790466
93	25	28	-128.556534
94	25	16	-113.927605
95	25	5	-104.192261
96	25	6	-117.048973
97	25	5	-130.569122
98	25	5	-136.267944
99	25	5	-139.678116
100	25	5	-149.469681
101	25	5	-155.605591
102	25	5	-146.065063
103	25	5	-115.32991
104	25	7	-103.253639
105	25	7	-98.328629
106	25	6	-116.013496
107	25	6	-126.892876
108	25	6	-126.896133
109	25	7	-109.021004
110	25	5	-113.67334
111	25	6	-119.889168
112	25	7	-124.380058
113	25	6	-102.532219
114	25	5	-83.845032
115	25	6	-85.066055
116	25	7	-73.021553
117	25	7	-25.697268
118	25	5	12.356421
119	25	7	33.359379
120	25	6	29.576662
121	25	120	23.661848
122	25	137	29.40357
123	25	135	61.183334
124	25	100	93.085983
125	25	94	96.526123
126	25	7	66.324211
127	25	7	22.847208
128	25	5	0
0	26	6	0
1	26	7	20.521181
2	26	7	38.355579
3	26	6	46.002029
4	26	5	29.844643
5	26	7	24.158909
6	26	5	20.233078
7	26	5	25.361349
8	26	7	27.389715
9	26	7	31.126272
10	26	7	34.847713
11	26	5	26.668936
12	26	6	34.445488
13	26	5	73.640388
14	26	5	118.288055
15	26	5	143.797531
16	26	7	164.228729
17	26	6	179.762024
18	26	7	196.399063
19	26	5	179.54187
20	26	5	174.484924
21	26	5	167.012985
22	26	6	161.296661
23	26	46	184.682312
24	26	47	192.190857
25	26	45	187.422791
26	26	6	189.853271
27	26	5	197.780136
28	26	5	184.712738
29	26	6	162.798035
30	26	7	163.14299
31	26	5	174.669418
32	26	5	157.023148
33	26	7	101.856712
34	26	5	55.632675
35	26	6	39.555729
36	26	7	49.611519
37	26	7	65.692627
38	26	7	82.228775
39	26	6	79.562271
40	26	6	73.670357
41	26	6	67.607269
42	26	6	66.643066
43	26	11	63.652466
44	26	18	74.311058
45	26	19	82.35714
46	26	28	102.34436
47	26	23	133.621765
48	26	21	126.153008
49	26	7	118.497276
50	26	5	121.203529
51	26	22	120.888115
52	26	134	117.565697
53	26	52	106.545547
54	26	79	92.224197
55	26	79	83.530083
56	26	79	81.838089
57	26	63	85.007561
58	26	51	96.141655
59	26	51	98.910324
60	26	52	102.422173
61	26	63	88.709572
62	26	42	77.870461
63	26	41	78.767921
64	26	56	66.964638
65	26	57	41.229782
66	26	41	17.830189
67	26	42	10.502921
68	26	35	-2.442898
69	26	7	-32.419151
70	26	66	-64.027924
71	26	51	-82.901917
72	26	51	-97.394974
73	26	52	-116.534142
74	26	63	-116.145905
75	26	56	-96.256744
76	26	7	-84.905563
77	26	68	-93.773659
78	26	79	-105.602646
79	26	67	-120.377113
80	26	58	-123.465988
81	26	58	-122.938492
82	26	58	-131.286026
83	26	72	-131.216339
84	26	67	-138.361099
85	26	58	-136.721039
86	26	58	-136.411896
87	26	35	-130.255646
88	26	7	-141.031113
89	26	29	-143.985733
90	26	19	-128.658569
91	26	28	-123.321304
92	26	16	-133.058334
93	26	5	-141.728607
94	26	7	-125.253357
95	26	6	-108.985054
96	26	6	-108.267265
97	26	6	-123.360451
98	26	5	-129.448334
99	26	6	-145.287369
100	26	6	-156.713562
101	26	7	-155.400467
102	26	6	-134.057587
103	26	6	-106.021965
104	26	5	-90.495628
105	26	6	-92.296463
106	26	5	-112.51342
107	26	6	-130.924667
108	26	7	-134.119568
109	26	7	-133.777206
110	26	7	-129.511978
111	26	5	-136.402237
112	26	7	-104.046021
113	26	5	-81.029869
114	26	5	-72.379623
115	26	7	-68.187859
116	26	6	-47.040924
117	26	5	-13.457624
118	26	5	19.993013
119	26	7	30.601965
120	26	6	31.446651
121	26	7	31.964092
122	26	120	47.187656
123	26	114	79.283081
124	26	105	111.735764
125	26	7	100.392303
126	26	7	59.923351
127	26	6	16.000433
128	26	6	0
0	27	7	0
1	27	37	23.436413
2	27	38	37.553356
3	27	39	36.673061
4	27	6	26.171438
5	27	5	18.108433
6	27	6	27.164953
7	27	6	37.593834
8	27	5	42.270496
9	27	7	41.23946
10	27	7	36.735287
11	27	5	23.318708
12	27	7	16.451975
13	27	6	41.534039
14	27	5	81.41098
15	27	6	128.536697
16	27	6	159.301056
17	27	7	172.728714
18	27	6	178.092117
19	27	7	172.820206
20	27	5	178.24295
21	27	5	170.355682
22	27	7	167.460602
23	27	5	168.558487
24	27	6	171.736206
25	27	7	171.371445
26	27	6	194.593292
27	27	5	205.488007
28	27	5	191.070251
29	27	7	175.607468
30	27	7	183.60083
31	27	6	192.329575
32	27	37	155.286484
33	27	38	90.801132
34	27	38	47.067047
35	27	39	44.44165
36	27	7	58.096897
37	27	5	77.652443
38	27	7	89.675827
39	27	7	84.468277
40	27	5	77.68531
41	27	7	71.777046
42	27	22	70.018318
43	27	15	75.785583
44	27	15	93.854317
45	27	16	107.733925
46	27	22	96.200294
47	27	14	108.951538
48	27	12	132.297745
49	27	12	116.424683
50	27	12	109.634979
51	27	139	113.004959
52	27	140	117.486351
53	27	17	109.426079
54	27	7	102.328636
55	27	57	92.689079
56	27	72	86.172173
57	27	63	87.639412
58	27	51	95.50605
59	27	42	106.825363
60	27	41	109.247452
61	27	51	96.626106
62	27	51	85.57692
63	27	42	83.570007
64	27	72	76.841171
65	27	79	47.756588
66	27	63	20.74194
67	27	42	13.436893
68	27	35	-1.918769
69	27	68	-40.241707
70	27	63	-85.34697
71	27	51	-103.708633
72	27	42	-108.362335
73	27	41	-100.980309
74	27	42	-108.35173
75	27	35	-92.570221
76	27	6	-78.289482
77	27	57	-81.139
78	27	41	-98.297462
79	27	51	-115.904625
80	27	51	-126.52002
81	27	51	-115.046555
82	27	42	-114.717468
83	27	41	-128.877289
84	27	51	-134.541229
85	27	52	-132.45578
86	27	53	-131.604507
87	27	7	-133.165787
88	27	29	-159.579559
89	27	28	-162.027298
90	27	16	-128.65625
91	27	6	-126.358109
92	27	6	-134.440231
93	27	5	-145.124619
94	27	7	-136.038086
95	27	7	-116.216743
96	27	7	-107.606232
97	27	6	-110.522003
98	27	6	-130.493347
99	27	6	-154.230713
100	27	7	-151.271225
101	27	7	-140.29216
102	27	5	-119.044708
103	27	7	-94.009415
104	27	6	-90.464653
105	27	7	-101.046814
106	27	6	-107.041443
107	27	7	-118.359894
108	27	7	-130.129715
109	27	5	-152.056747
110	27	5	-167.333557
111	27	7	-145.943954
112	27	6	-109.206367
113	27	5	-93.903763
114	27	6	-94.940552
115	27	6	-80.14856
116	27	6	-43.109867
117	27	37	-2.506425
118	27	39	11.260549
119	27	7	19.797842
120	27	5	25.819664
121	27	6	32.500633
122	27	97	47.324432
123	27	105	71.899536
124	27	7	82.887238
125	27	7	67.783279
126	27	6	36.804218
127	27	5	5.086403
128	27	6	0
0	28	43	0
1	28	80	35.486664
2	28	55	50.900845
3	28	39	50.334103
4	28	6	35.838806
5	28	6	31.969435
6	28	7	40.017555
7	28	7	49.600479
8	28	7	54.661194
9	28	7	48.216461
10	28	6	32.255219
11	28	5	14.924174
12	28	7	3.972034
13	28	5	25.247322
14	28	7	62.280445
15	28	7	119.590065
16	28	6	167.28331
17	28	7	183.960541
18	28	5	174.743179
19	28	5	161.018784
20	28	7	162.545959
21	28	6	168.63385
22	28	7	166.115921
23	28	7	152.651276
24	28	7	146.860596
25	28	6	168.11322
26	28	6	204.918793
27	28	7	217.237549
28	28	5	195.078369
29	28	5	183.944901
30	28	5	200.781738
31	28	43	192.108612
32	28	44	131.181198
33	28	48	76.677017
34	28	55	45.018803
35	28	39	58.073776
36	28	7	73.769379
37	28	5	88.356552
38	28	5	86.032776
39	28	6	81.325867
40	28	7	75.248962
41	28	6	78.037216
42	28	5	80.305405
43	28	6	88.898972
44	28	11	113.745911
45	28	17	131.02861
46	28	29	123.677628
47	28	19	117.934029
48	28	19	125.884056
49	28	28	115.182938
50	28	16	105.49054
51	28	22	110.194633
52	28	14	119.688911
53	28	17	122.860603
54	28	66	117.722748
55	28	42	101.135696
56	28	41	92.159187
57	28	52	89.798271
58	28	63	91.767365
59	28	51	114.215981
60	28	51	126.640007
61	28	51	118.028725
62	28	52	107.876427
63	28	67	89.758583
64	28	58	73.420166
65	28	41	48.36459
66	28	52	22.354927
67	28	53	13.726818
68	28	6	1.280793
69	28	66	-39.72818
70	28	51	-86.935722
71	28	52	-102.467819
72	28	63	-90.755257
73	28	51	-79.26606
74	28	56	-83.351349
75	28	7	-80.461067
76	28	68	-68.826424
77	28	79	-67.706841
78	28	63	-87.08168
79	28	52	-114.485268
80	28	79	-121.219009
81	28	63	-114.333427
82	28	51	-118.488792
83	28	51	-130.424377
84	28	42	-147.519241
85	28	141	-139.127014
86	28	12	-133.721573
87	28	13	-153.879562
88	28	16	-163.529343
89	28	7	-156.770554
90	28	5	-124.361771
91	28	7	-117.502953
92	28	6	-139.420883
93	28	6	-151.807877
94	28	7	-138.635025
95	28	6	-109.135216
96	28	7	-105.224564
97	28	6	-119.003769
98	28	7	-139.745621
99	28	5	-152.483063
100	28	7	-162.346115
101	28	5	-137.666306
102	28	5	-113.152946
103	28	7	-100.771011
104	28	5	-97.973885
105	28	7	-93.813416
106	28	6	-85.419106
107	28	7	-90.24366
108	28	7	-115.574402
109	28	5	-142.070038
110	28	5	-161.917068
111	28	6	-151.843994
112	28	5	-122.401924
113	28	5	-108.596176
114	28	6	-112.380104
115	28	6	-90.108749
116	28	46	-49.037285
117	28	45	-9.314083
118	28	5	2.713116
119	28	7	8.083235
120	28	6	16.422869
121	28	120	29.96435
122	28	131	42.570576
123	28	5	50.160908
124	28	7	51.3946
125	28	5	35.089046
126	28	37	11.533445
127	28	38	1.615521
128	28	73	0
0	29	44	0
1	29	48	48.700119
2	29	49	60.391605
3	29	6	54.111679
4	29	6	40.740017
5	29	6	39.587563
6	29	6	43.965637
7	29	7	45.685623
8	29	6	44.956093
9	29	6	34.502659
10	29	7	20.012892
11	29	7	9.040692
12	29	7	0.571124
13	29	5	15.848746
14	29	6	50.558453
15	29	6	108.707176
16	29	7	156.194733
17	29	6	181.009018
18	29	5	177.23674
19	29	5	169.671783
20	29	5	169.03923
21	29	7	172.132935
22	29	7	173.558685
23	29	7	167.054672
24	29	7	169.942673
25	29	6	182.829376
26	29	7	208.230484
27	29	5	214.462326
28	29	5	197.58284
29	29	37	213.408264
30	29	73	227.372223
31	29	55	203.982529
32	29	61	123.280708
33	29	48	58.218472
34	29	55	59.496017
35	29	39	79.611328
36	29	6	93.975822
37	29	6	95.463287
38	29	7	86.646133
39	29	7	77.603226
40	29	6	84.329697
41	29	5	86.840851
42	29	7	92.660591
43	29	22	118.913445
44	29	16	121.010719
45	29	29	132.862793
46	29	19	118.139595
47	29	19	143.587006
48	29	21	131.687241
49	29	11	117.046745
50	29	12	114.407509
51	29	18	117.6539
52	29	21	120.881279
53	29	68	113.823868
54	29	63	105.402985
55	29	52	96.452286
56	29	53	91.801567
57	29	68	93.301514
58	29	63	99.520279
59	29	51	117.636337
60	29	51	140.367203
61	29	56	143.828949
62	29	66	129.884201
63	29	51	104.889481
64	29	51	78.077408
65	29	56	51.714176
66	29	5	23.298918
67	29	5	14.353013
68	29	68	8.743569
69	29	63	-27.708265
70	29	56	-62.037819
71	29	66	-76.567192
72	29	51	-63.106312
73	29	56	-54.054844
74	29	7	-65.088989
75	29	6	-68.546913
76	29	7	-62.938293
77	29	68	-62.195061
78	29	53	-75.429375
79	29	7	-98.151108
80	29	68	-109.266968
81	29	79	-113.711967
82	29	79	-119.349289
83	29	79	-131.826599
84	29	90	-144.73616
85	29	19	-146.620102
86	29	21	-144.272903
87	29	6	-144.736862
88	29	7	-153.321564
89	29	5	-137.355621
90	29	6	-106.915833
91	29	5	-111.307266
92	29	6	-140.366486
93	29	6	-150.447784
94	29	5	-127.630028
95	29	5	-113.114899
96	29	6	-105.81839
97	29	5	-123.250282
98	29	7	-142.961685
99	29	5	-164.410217
100	29	5	-165.247482
101	29	5	-138.652252
102	29	5	-112.292397
103	29	7	-107.897415
104	29	6	-102.129814
105	29	6	-88.46804
106	29	7	-77.041725
107	29	5	-68.886055
108	29	6	-84.813347
109	29	7	-121.483704
110	29	7	-150.098236
111	29	5	-149.168808
112	29	5	-124.541611
113	29	7	-114.213318
114	29	7	-97.683708
115	29	7	-78.86866
116	29	5	-43.1511
117	29	5	-11.772752
118	29	5	1.896022
119	29	5	5.700145
120	29	7	17.27519
121	29	7	30.527538
122	29	6	39.216728
123	29	6	46.494915
124	29	37	44.761246
125	29	61	32.894382
126	29	47	18.303566
127	29	48	5.737016
128	29	55	0
0	30	61	0
1	30	45	51.848343
2	30	5	62.501743
3	30	7	58.786228
4	30	7	42.229652
5	30	7	43.742432
6	30	6	43.096901
7	30	6	35.72694
8	30	7	26.135357
9	30	5	15.51792
10	30	6	14.34476
11	30	5	10.190201
12	30	5	5.666243
13	30	7	7.821529
14	30	5	29.721857
15	30	5	74.111816
16	30	7	117.975906
17	30	5	151.666611
18	30	7	167.253677
19	30	7	167.571625
20	30	6	170.542877
21	30	5	170.717377
22	30	7	176.36293
23	30	5	183.712769
24	30	5	175.736359
25	30	7	184.291641
26	30	5	204.22757
27	30	6	225.020935
28	30	43	226.745056
29	30	80	251.646606
30	30	80	252.013718
31	30	55	205.006638
32	30	61	123.914658
33	30	47	62.478779
34	30	45	76.603569
35	30	5	93.409485
36	30	5	102.119995
37	30	6	94.39489
38	30	5	86.767349
39	30	5	76.241287
40	30	7	81.65815
41	30	6	90.236786
42	30	7	98.12677
43	30	11	120.354897
44	30	18	143.050644
45	30	19	160.528641
46	30	28	157.86351
47	30	16	139.626648
48	30	29	128.147415
49	30	19	119.953087
50	30	28	123.573914
51	30	16	127.989838
52	30	6	117.003479
53	30	68	99.600067
54	30	53	91.596809
55	30	5	91.549751
56	30	7	93.805191
57	30	68	98.929443
58	30	79	101.297157
59	30	79	118.578636
60	30	53	134.901154
61	30	68	139.794846
62	30	63	142.327408
63	30	51	125.781174
64	30	56	99.598793
65	30	5	64.889084
66	30	7	30.874561
67	30	57	17.121229
68	30	41	11.261674
69	30	42	-8.00374
70	30	41	-32.584492
71	30	51	-39.351002
72	30	56	-40.527229
73	30	5	-40.153111
74	30	5	-53.28743
75	30	5	-60.650215
76	30	57	-66.65155
77	30	58	-70.312515
78	30	35	-81.841934
79	30	7	-84.892082
80	30	6	-90.46096
81	30	11	-100.945274
82	30	12	-111.099068
83	30	18	-125.723846
84	30	28	-141.591904
85	30	16	-142.613739
86	30	7	-132.820419
87	30	5	-130.784119
88	30	6	-126.656647
89	30	6	-117.638443
90	30	6	-108.43528
91	30	5	-114.713867
92	30	6	-133.741028
93	30	5	-132.913101
94	30	7	-118.225479
95	30	6	-114.031715
96	30	5	-114.818489
97	30	7	-118.31871
98	30	7	-126.013023
99	30	7	-148.589066
100	30	5	-166.043777
101	30	7	-155.051529
102	30	7	-115.529617
103	30	5	-96.862907
104	30	7	-88.239998
105	30	7	-88.655693
106	30	5	-89.276093
107	30	7	-88.53051
108	30	6	-98.1008
109	30	6	-101.5308
110	30	6	-122.608459
111	30	7	-137.156876
112	30	7	-118.477264
113	30	5	-92.064957
114	30	6	-65.043388
115	30	6	-43.680424
116	30	6	-24.29248
117	30	5	-9.111973
118	30	6	0.789648
119	30	6	9.66866
120	30	6	24.803411
121	30	5	41.347385
122	30	37	50.852299
123	30	73	56.396172
124	30	55	60.490643
125	30	38	52.24369
126	30	73	31.618082
127	30	44	12.133655
128	30	45	0
0	31	7	0
1	31	6	46.295067
2	31	7	54.086807
3	31	5	49.682129
4	31	7	45.329357
5	31	7	49.091351
6	31	5	44.778175
7	31	7	36.646275
8	31	7	23.288748
9	31	7	21.79987
10	31	6	24.637341
11	31	7	23.158394
12	31	7	14.21953
13	31	7	5.354295
14	31	6	13.942779
15	31	5	37.976913
16	31	6	69.336754
17	31	5	111.805832
18	31	7	150.961334
19	31	7	173.722748
20	31	6	167.542816
21	31	5	158.932205
22	31	6	161.847137
23	31	7	169.690475
24	31	7	163.715866
25	31	6	161.439407
26	31	7	188.212051
27	31	46	213.446243
28	31	47	220.990585
29	31	47	234.228088
30	31	47	222.892059
31	31	45	179.817093
32	31	5	106.257599
33	31	5	60.613995
34	31	5	71.318481
35	31	5	89.779251
36	31	7	101.871841
37	31	6	96.491234
38	31	7	86.319038
39	31	6	76.263344
40	31	5	82.414452
41	31	11	88.056091
42	31	18	92.707283
43	31	19	103.902679
44	31	19	118.652229
45	31	21	138.361557
46	31	7	139.552536
47	31	29	132.714462
48	31	28	117.01387
49	31	14	115.530495
50	31	12	125.946701
51	31	17	126.03923
52	31	7	115.072304
53	31	7	96.755997
54	31	6	90.307747
55	31	7	98.278358
56	31	6	99.366676
57	31	5	102.512604
58	31	7	109.853249
59	31	57	116.130569
60	31	58	121.086845
61	31	41	125.286903
62	31	52	135.277924
63	31	67	141.662643
64	31	58	124.328468
65	31	58	81.678696
66	31	41	40.269592
67	31	51	18.793095
68	31	51	10.786298
69	31	51	2.943332
70	31	51	-13.714155
71	31	56	-22.960701
72	31	57	-31.552338
73	31	35	-42.883644
74	31	57	-59.953465
75	31	41	-66.997673
76	31	76	-72.791512
77	31	142	-89.834541
78	31	12	-93.165039
79	31	12	-94.443573
80	31	18	-93.709076
81	31	19	-90.055283
82	31	28	-98.174873
83	31	16	-101.033554
84	31	6	-122.48877
85	31	6	-130.42778
86	31	7	-116.665283
87	31	6	-113.839493
88	31	6	-113.125061
89	31	6	-132.742432
90	31	5	-138.623215
91	31	7	-137.644943
92	31	5	-133.745148
93	31	6	-120.189514
94	31	7	-130.257278
95	31	7	-133.34465
96	31	5	-123.378654
97	31	7	-108.889854
98	31	5	-103.166862
99	31	5	-125.103233
100	31	5	-150.393005
101	31	6	-148.622406
102	31	7	-114.766869
103	31	7	-84.17807
104	31	7	-82.384377
105	31	5	-106.242271
106	31	5	-119.650314
107	31	6	-118.029022
108	31	6	-113.834763
109	31	5	-99.039047
110	31	6	-100.785934
111	31	7	-101.434456
112	31	6	-80.456444
113	31	7	-51.490376
114	31	7	-30.117464
115	31	37	-14.716787
116	31	38	-9.462674
117	31	39	0.847508
118	31	7	4.18052
119	31	6	19.670492
120	31	5	41.37344
121	31	46	59.45702
122	31	48	67.951935
123	31	44	70.86364
124	31	48	73.141792
125	31	80	60.28651
126	31	49	38.304253
127	31	7	14.947272
128	31	5	0
0	32	5	0
1	32	6	37.574039
2	32	7	46.126179
3	32	6	41.632309
4	32	6	42.918781
5	32	7	48.769417
6	32	7	50.841881
7	32	5	43.904442
8	32	6	35.211365
9	32	5	33.018875
10	32	5	35.681774
11	32	5	33.384628
12	32	7	18.62138
13	32	7	6.397356
14	32	5	2.678769
15	32	6	16.089844
16	32	6	36.253674
17	32	6	72.722069
18	32	5	123.009949
19	32	6	167.954468
20	32	5	177.545959
21	32	5	155.075867
22	32	5	141.967606
23	32	5	140.718582
24	32	6	144.807648
25	32	6	157.094803
26	32	5	202.944717
27	32	5	235.830063
28	32	7	213.461075
29	32	6	174.72583
30	32	5	153.246063
31	32	6	125.74279
32	32	7	85.40786
33	32	7	53.010704
34	32	5	58.542416
35	32	5	75.590942
36	32	7	88.363731
37	32	5	91.25058
38	32	7	90.412682
39	32	11	91.09343
40	32	18	83.819206
41	32	19	79.406158
42	32	19	84.194237
43	32	19	91.005066
44	32	20	91.164108
45	32	17	109.777527
46	32	22	122.76181
47	32	16	122.03421
48	32	22	114.695236
49	32	15	107.516388
50	32	14	117.292526
51	32	12	122.906403
52	32	17	116.959496
53	32	7	106.514091
54	32	7	104.819595
55	32	57	111.974129
56	32	58	106.97641
57	32	58	114.098892
58	32	41	129.656555
59	32	51	137.668015
60	32	51	122.533051
61	32	42	112.831543
62	32	41	128.38681
63	32	51	138.175156
64	32	51	119.758438
65	32	51	79.634171
66	32	51	39.428112
67	32	51	18.287176
68	32	51	10.796085
69	32	52	4.42823
70	32	53	-4.805273
71	32	66	-13.431567
72	32	56	-31.832302
73	32	68	-57.101627
74	32	63	-74.914688
75	32	143	-80.559578
76	32	23	-81.763023
77	32	28	-96.254814
78	32	15	-102.851265
79	32	15	-103.321808
80	32	15	-104.867844
81	32	16	-94.513954
82	32	5	-80.290764
83	32	5	-78.48053
84	32	7	-92.719147
85	32	6	-102.757706
86	32	5	-98.557007
87	32	5	-92.252144
88	32	6	-107.112083
89	32	7	-130.980377
90	32	7	-144.966095
91	32	6	-143.630356
92	32	6	-120.838242
93	32	6	-135.365158
94	32	6	-150.080246
95	32	6	-154.356354
96	32	5	-140.733124
97	32	7	-114.940781
98	32	7	-100.749481
99	32	7	-112.494995
100	32	5	-140.482071
101	32	7	-145.499695
102	32	6	-105.385361
103	32	5	-80.180878
104	32	7	-74.651321
105	32	5	-109.067017
106	32	5	-124.137779
107	32	6	-119.219986
108	32	5	-97.280792
109	32	6	-64.282158
110	32	5	-49.271854
111	32	6	-44.506851
112	32	7	-26.491903
113	32	6	-16.964775
114	32	46	-2.916232
115	32	47	1.035818
116	32	45	4.162865
117	32	7	5.578158
118	32	6	9.04138
119	32	6	25.813475
120	32	6	48.470421
121	32	43	64.937157
122	32	55	69.408974
123	32	73	69.314148
124	32	44	66.602081
125	32	45	54.060219
126	32	7	30.459021
127	32	6	11.245654
128	32	5	0
0	33	5	0
1	33	5	34.209404
2	33	6	40.590256
3	33	5	33.165276
4	33	6	33.322498
5	33	7	38.218929
6	33	7	37.011986
7	33	6	35.354248
8	33	7	29.608442
9	33	7	31.615274
10	33	7	33.555866
11	33	7	28.346378
12	33	5	16.777136
13	33	5	8.455249
14	33	6	5.615083
15	33	6	5.201136
16	33	7	13.735986
17	33	7	38.890289
18	33	7	95.852898
19	33	7	157.330902
20	33	5	183.088974
21	33	7	166.985107
22	33	7	141.447922
23	33	7	134.037811
24	33	7	151.162018
25	33	7	186.297195
26	33	5	243.149185
27	33	5	269.321136
28	33	7	215.544205
29	33	7	139.300598
30	33	7	103.842049
31	33	7	98.5933
32	33	6	77.637314
33	33	5	60.101696
34	33	5	52.818935
35	33	6	62.43882
36	33	5	78.500496
37	33	6	88.38842
38	33	29	89.283592
39	33	19	92.488831
40	33	19	86.600876
41	33	19	80.598564
42	33	28	82.50087
43	33	15	84.438316
44	33	16	80.516403
45	33	6	90.787445
46	33	7	110.277885
47	33	11	115.497566
48	33	12	106.882057
49	33	18	99.571548
50	33	19	106.291634
51	33	20	115.848732
52	33	17	116.932198
53	33	7	119.316528
54	33	68	115.019508
55	33	79	108.485229
56	33	79	107.266548
57	33	79	115.766411
58	33	79	135.940491
59	33	63	148.43605
60	33	51	128.973007
61	33	51	116.040985
62	33	51	115.714981
63	33	51	116.575874
64	33	51	99.633957
65	33	51	64.746605
66	33	51	40.481995
67	33	52	24.75588
68	33	53	12.689157
69	33	7	7.151618
70	33	144	-0.272478
71	33	142	-9.585758
72	33	12	-30.537624
73	33	139	-67.754478
74	33	53	-95.736671
75	33	22	-98.73111
76	33	16	-84.83371
77	33	7	-75.671104
78	33	6	-78.036438
79	33	5	-92.927879
80	33	5	-100.666451
81	33	5	-88.757301
82	33	6	-70.882278
83	33	5	-60.687618
84	33	5	-75.597404
85	33	6	-82.925041
86	33	6	-78.585442
87	33	5	-77.727348
88	33	5	-92.958778
89	33	5	-114.195335
90	33	5	-122.847389
91	33	5	-110.213943
92	33	7	-105.266029
93	33	6	-119.411179
94	33	7	-143.706238
95	33	6	-156.950653
96	33	7	-143.785004
97	33	5	-123.924561
98	33	7	-123.247726
99	33	5	-129.39183
100	33	6	-141.43782
101	33	6	-134.900421
102	33	6	-99.86618
103	33	5	-71.216019
104	33	6	-63.277752
105	33	6	-89.325645
106	33	5	-98.576172
107	33	6	-80.338821
108	33	7	-48.811604
109	33	5	-28.916529
110	33	6	-16.742748
111	33	7	-4.509742
112	33	7	0.972092
113	33	6	1.075283
114	33	7	3.677816
115	33	37	10.316009
116	33	39	12.657
117	33	7	10.327243
118	33	37	10.672992
119	33	38	21.81126
120	33	73	38.449505
121	33	80	46.651657
122	33	80	51.089027
123	33	49	51.288246
124	33	5	49.145111
125	33	6	35.716572
126	33	6	16.965376
127	33	6	4.893085
128	33	5	0
0	34	5	0
1	34	5	38.661991
2	34	7	38.733253
3	34	5	31.681894
4	34	6	22.82785
5	34	6	22.2001
6	34	7	22.645323
7	34	6	20.14897
8	34	7	18.9648
9	34	7	20.958281
10	34	5	23.197546
11	34	5	20.440655
12	34	7	15.904377
13	34	7	15.549724
14	34	5	15.865145
15	34	6	12.857526
16	34	7	11.405553
17	34	6	21.020987
18	34	7	63.775005
19	34	5	125.831963
20	34	7	166.647156
21	34	6	169.699692
22	34	6	166.834869
23	34	7	152.857361
24	34	5	160.100967
25	34	7	188.941986
26	34	6	243.857681
27	34	5	263.174988
28	34	6	204.312256
29	34	6	128.17424
30	34	7	89.141716
31	34	7	98.09568
32	34	6	92.942566
33	34	7	67.131828
34	34	5	53.415699
35	34	6	61.693333
36	34	7	72.951538
37	34	29	87.575722
38	34	28	87.117188
39	34	15	80.307045
40	34	15	76.817871
41	34	16	84.867905
42	34	7	89.296211
43	34	7	89.096588
44	34	5	83.267487
45	34	6	92.273842
46	34	22	102.290298
47	34	15	106.529442
48	34	15	104.137314
49	34	15	98.661224
50	34	15	104.591156
51	34	16	110.842316
52	34	7	127.64431
53	34	5	131.346359
54	34	6	121.835068
55	34	7	111.426323
56	34	6	103.507378
57	34	6	109.044037
58	34	68	127.952797
59	34	79	142.673279
60	34	79	132.574219
61	34	79	116.685501
62	34	63	109.30809
63	34	51	100.126648
64	34	52	81.304085
65	34	79	64.783714
66	34	53	54.354057
67	34	6	40.646492
68	34	7	22.428967
69	34	22	11.254189
70	34	15	4.944573
71	34	15	-9.325797
72	34	16	-30.394691
73	34	6	-67.510849
74	34	5	-92.763702
75	34	5	-93.093521
76	34	6	-70.934639
77	34	6	-50.059448
78	34	5	-55.697979
79	34	6	-79.491104
80	34	7	-93.111816
81	34	7	-86.370461
82	34	7	-61.121716
83	34	7	-53.006046
84	34	6	-57.372684
85	34	7	-61.393547
86	34	6	-54.54903
87	34	7	-55.861755
88	34	7	-62.466774
89	34	7	-72.079437
90	34	7	-77.705597
91	34	6	-71.462868
92	34	6	-75.244171
93	34	7	-94.043488
94	34	6	-123.942421
95	34	7	-134.498901
96	34	6	-134.968079
97	34	5	-132.351715
98	34	6	-133.700714
99	34	6	-122.634293
100	34	7	-118.207947
101	34	7	-109.659653
102	34	5	-71.170525
103	34	7	-45.456867
104	34	7	-37.47126
105	34	6	-46.87558
106	34	5	-50.288204
107	34	5	-32.213638
108	34	5	-15.889012
109	34	7	6.86082
110	34	6	7.763021
111	34	7	5.765062
112	34	5	5.088244
113	34	5	6.617792
114	34	46	22.173954
115	34	86	37.351017
116	34	38	39.234806
117	34	73	28.376923
118	34	44	17.723827
119	34	47	16.786648
120	34	47	20.665865
121	34	47	23.316574
122	34	45	29.313381
123	34	6	34.412075
124	34	7	33.485588
125	34	7	20.538322
126	34	7	8.219094
127	34	5	0.534137
128	34	6	0
0	35	6	0
1	35	7	44.391357
2	35	6	49.824223
3	35	6	41.423634
4	35	6	26.847742
5	35	6	23.275513
6	35	7	20.853045
7	35	7	16.732132
8	35	7	15.806898
9	35	5	19.919178
10	35	5	23.168646
11	35	5	20.209618
12	35	6	20.227997
13	35	5	23.62899
14	35	5	25.847702
15	35	6	23.195187
16	35	7	19.690645
17	35	6	18.484068
18	35	6	40.138638
19	35	5	77.470383
20	35	6	120.701752
21	35	6	151.88591
22	35	5	171.244598
23	35	7	164.926285
24	35	5	147.856857
25	35	37	129.501816
26	35	38	157.948257
27	35	38	164.657318
28	35	38	127.802032
29	35	39	85.990829
30	35	7	76.540535
31	35	6	87.859802
32	35	5	83.356499
33	35	7	60.309399
34	35	6	53.519096
35	35	7	64.967377
36	35	22	78.397903
37	35	16	85.50341
38	35	7	83.27317
39	35	6	78.69593
40	35	6	78.839478
41	35	6	85.307335
42	35	6	85.953636
43	35	5	91.363731
44	35	5	89.224098
45	35	6	92.442238
46	35	6	98.174507
47	35	5	97.917419
48	35	5	100.717445
49	35	7	103.125031
50	35	7	106.841164
51	35	5	122.113716
52	35	7	139.352585
53	35	7	147.917099
54	35	7	133.739044
55	35	6	110.774857
56	35	7	107.974838
57	35	6	106.79464
58	35	5	115.496979
59	35	5	126.259476
60	35	7	124.81797
61	35	66	120.004776
62	35	52	106.537086
63	35	53	100.056664
64	35	6	91.596008
65	35	6	83.31691
66	35	5	71.508987
67	35	6	53.037792
68	35	7	29.038759
69	35	5	14.548837
70	35	5	3.222336
71	35	6	-10.838285
72	35	6	-27.585949
73	35	6	-50.992481
74	35	6	-71.058189
75	35	7	-72.158669
76	35	6	-53.427013
77	35	5	-38.316643
78	35	7	-53.036221
79	35	6	-76.748795
80	35	5	-89.657028
81	35	6	-78.231117
82	35	6	-53.481731
83	35	6	-43.391865
84	35	7	-43.907227
85	35	6	-41.726444
86	35	5	-34.826824
87	35	6	-29.998684
88	35	5	-24.174137
89	35	5	-27.012104
90	35	5	-38.126484
91	35	7	-40.784229
92	35	5	-45.417416
93	35	7	-64.760269
94	35	6	-75.877243
95	35	5	-99.346596
96	35	7	-111.191505
97	35	6	-125.165733
98	35	6	-112.708405
99	35	5	-79.929283
100	35	7	-71.362526
101	35	37	-59.212502
102	35	38	-38.498226
103	35	39	-15.68613
104	35	7	-7.995615
105	35	6	-10.251896
106	35	6	-3.940835
107	35	5	1.280926
108	35	5	23.331917
109	35	7	34.117771
110	35	5	33.098446
111	35	7	22.144747
112	35	6	17.405352
113	35	6	26.145859
114	35	46	53.844173
115	35	47	74.440559
116	35	47	71.78492
117	35	45	51.102341
118	35	6	27.832855
119	35	7	21.79088
120	35	7	18.212309
121	35	5	19.632736
122	35	7	24.303213
123	35	5	31.226738
124	35	6	31.143148
125	35	6	18.822479
126	35	5	5.470494
127	35	5	0
128	35	6	0
0	36	5	0
1	36	6	40.505539
2	36	6	53.534199
3	36	6	46.176697
4	36	145	36.370392
5	36	146	29.545551
6	36	5	28.164827
7	36	5	30.34412
8	36	5	32.08667
9	36	5	32.853474
10	36	6	30.593191
11	36	5	27.972513
12	36	5	31.402882
13	36	5	34.637829
14	36	7	35.518723
15	36	7	31.18988
16	36	5	26.688591
17	36	5	21.045631
18	36	7	22.375185
19	36	5	42.189556
20	36	7	70.614342
21	36	5	106.812134
22	36	5	138.764008
23	36	37	137.886063
24	36	73	107.409966
25	36	44	66.415009
26	36	48	55.284206
27	36	80	69.553574
28	36	49	56.489288
29	36	5	40.775108
30	36	7	42.289993
31	36	7	58.974068
32	36	5	58.984463
33	36	6	55.44725
34	36	7	59.14658
35	36	6	71.787407
36	36	6	89.448425
37	36	5	93.368233
38	36	7	88.960205
39	36	6	83.647804
40	36	7	84.724464
41	36	6	90.457695
42	36	6	92.010727
43	36	7	87.608032
44	36	5	90.23542
45	36	7	96.974968
46	36	7	99.665169
47	36	5	90.256203
48	36	6	98.210724
49	36	5	106.506493
50	36	6	113.550186
51	36	6	125.756866
52	36	6	146.121567
53	36	6	145.00119
54	36	7	131.205231
55	36	7	108.2798
56	36	6	105.144226
57	36	6	96.737976
58	36	5	101.812027
59	36	7	118.413933
60	36	68	140.869797
61	36	53	142.827332
62	36	6	131.721466
63	36	6	114.981178
64	36	7	104.579582
65	36	7	97.14164
66	36	6	75.985344
67	36	6	51.129028
68	36	7	30.67996
69	36	5	16.377575
70	36	5	5.548421
71	36	7	-9.012791
72	36	6	-20.201054
73	36	7	-30.557453
74	36	6	-36.405907
75	36	6	-36.461876
76	36	6	-31.943287
77	36	6	-30.748055
78	36	5	-51.485603
79	36	7	-76.57003
80	36	7	-85.227753
81	36	5	-68.364403
82	36	5	-41.198666
83	36	6	-29.51627
84	36	6	-26.472467
85	36	7	-21.628304
86	36	5	-15.361012
87	36	6	7.067169
88	36	7	21.939119
89	36	5	19.241953
90	36	6	3.134608
91	36	6	-18.233297
92	36	7	-24.085186
93	36	6	-31.481274
94	36	7	-37.222862
95	36	6	-66.58783
96	36	7	-95.990517
97	36	5	-102.424934
98	36	5	-69.662125
99	36	6	-34.112202
100	36	43	-27.991488
101	36	80	-21.201433
102	36	55	-7.651959
103	36	38	0
104	36	39	0.110364
105	36	5	3.90618
106	36	5	12.360336
107	36	5	32.186882
108	36	7	55.858612
109	36	7	69.303558
110	36	7	61.22686
111	36	6	40.237621
112	36	7	30.121155
113	36	5	40.745415
114	36	7	71.627823
115	36	5	93.860962
116	36	5	91.897606
117	36	6	66.655251
118	36	6	40.044003
119	36	5	30.805614
120	36	7	33.724651
121	36	6	41.383461
122	36	7	51.168961
123	36	5	58.467136
124	36	7	48.575172
125	36	7	31.236366
126	36	6	10.748927
127	36	6	2.65429
128	36	7	0
0	37	5	0
1	37	5	33.676216
2	37	6	51.637959
3	37	147	48.068813
4	37	148	37.248367
5	37	146	29.234249
6	37	7	37.542053
7	37	5	48.89893
8	37	6	57.059845
9	37	6	57.991978
10	37	6	53.659615
11	37	6	47.351563
12	37	7	43.520329
13	37	5	41.923138
14	37	6	43.69492
15	37	7	39.207882
16	37	7	27.799421
17	37	6	20.600758
18	37	5	13.363667
19	37	6	14.267852
20	37	7	28.201399
21	37	7	53.84483
22	37	43	87.292702
23	37	80	97.15062
24	37	49	71.892616
25	37	43	32.957897
26	37	80	16.64204
27	37	49	16.375143
28	37	5	18.263823
29	37	7	27.81031
30	37	7	38.713882
31	37	5	47.148285
32	37	5	45.352436
33	37	5	54.350647
34	37	7	66.608101
35	37	7	82.469482
36	37	5	90.615707
37	37	5	94.821228
38	37	7	93.393829
39	37	6	92.401535
40	37	7	95.105659
41	37	7	97.787071
42	37	7	102.425003
43	37	7	99.472046
44	37	6	97.461578
45	37	5	94.578423
46	37	7	95.44207
47	37	7	84.011948
48	37	6	92.566032
49	37	7	103.062332
50	37	5	112.514946
51	37	5	120.473648
52	37	5	130.012787
53	37	6	136.491669
54	37	6	126.466606
55	37	7	110.838875
56	37	5	101.149071
57	37	7	92.470192
58	37	5	94.763412
59	37	5	119.441628
60	37	5	162.37439
61	37	7	167.191818
62	37	7	153.507614
63	37	5	132.262955
64	37	7	121.981758
65	37	7	99.51226
66	37	5	71.25975
67	37	6	41.297451
68	37	6	29.717686
69	37	5	20.02717
70	37	6	12.143848
71	37	7	8.424664
72	37	6	5.80826
73	37	5	1.606192
74	37	7	-8.367852
75	37	6	-11.171374
76	37	5	-10.70009
77	37	7	-16.455238
78	37	7	-38.365154
79	37	6	-62.436646
80	37	7	-67.248489
81	37	6	-43.581524
82	37	7	-6.769861
83	37	5	14.181341
84	37	7	16.586962
85	37	7	9.538208
86	37	7	11.795174
87	37	6	37.818497
88	37	5	58.73423
89	37	6	57.725227
90	37	7	30.013824
91	37	5	4.523287
92	37	5	-9.317001
93	37	5	-13.45704
94	37	5	-15.597374
95	37	5	-39.386345
96	37	6	-64.738365
97	37	37	-65.919876
98	37	39	-36.331455
99	37	43	-6.225389
100	37	44	1.252719
101	37	48	0.140318
102	37	80	0
103	37	49	0
104	37	6	1.700504
105	37	7	11.398277
106	37	5	26.698885
107	37	7	50.710564
108	37	7	73.038399
109	37	5	84.009033
110	37	7	68.777748
111	37	6	44.230099
112	37	7	30.26713
113	37	7	36.527195
114	37	5	59.106052
115	37	5	77.220482
116	37	5	78.2612
117	37	5	61.054249
118	37	7	41.783794
119	37	6	38.955879
120	37	5	45.186832
121	37	5	61.091965
122	37	5	73.584923
123	37	6	80.799042
124	37	7	69.593369
125	37	5	46.521111
126	37	7	19.543716
127	37	7	5.281107
128	37	5	0
0	38	5	0
1	38	5	28.468403
2	38	7	44.018154
3	38	149	44.459045
4	38	150	35.810455
5	38	6	32.881367
6	38	5	50.406181
7	38	7	68.989243
8	38	5	82.482643
9	38	7	89.164261
10	38	7	86.714661
11	38	7	75.701416
12	38	6	58.216496
13	38	6	47.802868
14	38	5	45.338989
15	38	5	40.061077
16	38	5	28.206966
17	38	6	22.937605
18	38	7	15.060243
19	38	6	14.290734
20	38	5	13.123474
21	38	46	21.746458
22	38	47	41.181686
23	38	86	56.37149
24	38	73	52.799244
25	38	80	34.180702
26	38	49	27.123747
27	38	7	30.024502
28	38	7	38.158657
29	38	6	40.06868
30	38	5	40.809418
31	38	6	47.011101
32	38	5	49.472084
33	38	7	55.548904
34	38	6	63.366905
35	38	5	73.545593
36	38	6	76.469185
37	38	5	86.543755
38	38	7	92.790573
39	38	5	99.233856
40	38	7	103.381294
41	38	6	112.287949
42	38	5	113.024506
43	38	5	102.604073
44	38	6	90.487167
45	38	5	83.735451
46	38	5	79.944656
47	38	7	79.973389
48	38	5	83.677071
49	38	7	98.53524
50	38	5	107.410728
51	38	5	112.235565
52	38	5	117.780502
53	38	6	123.28463
54	38	5	122.172218
55	38	5	118.871712
56	38	7	109.395966
57	38	7	88.901543
58	38	7	82.704094
59	38	6	110.217178
60	38	6	150.862518
61	38	5	164.901245
62	38	7	152.197311
63	38	6	131.433914
64	38	5	115.53289
65	38	5	93.619141
66	38	5	61.540833
67	38	5	50.933102
68	38	5	52.327358
69	38	7	48.384712
70	38	6	40.362011
71	38	5	41.635727
72	38	6	45.14431
73	38	5	40.415115
74	38	7	18.890676
75	38	6	1.151388
76	38	7	-1.351528
77	38	6	-6.683245
78	38	7	-18.777174
79	38	5	-33.390953
80	38	7	-37.362694
81	38	7	-9.46257
82	38	7	25.07538
83	38	5	51.930031
84	38	6	50.323833
85	38	5	37.269726
86	38	7	35.253784
87	38	7	50.504341
88	38	7	56.918297
89	38	5	50.058586
90	38	6	31.828167
91	38	7	9.312074
92	38	6	3.227863
93	38	7	-1.107953
94	38	7	0.3907
95	38	37	-9.287432
96	38	73	-26.697922
97	38	55	-26.689632
98	38	73	-8.650385
99	38	55	12.151033
100	38	73	10.576053
101	38	80	3.953359
102	38	49	1.534383
103	38	5	0.074987
104	38	5	7.1174
105	38	7	22.880138
106	38	6	38.916859
107	38	6	50.690552
108	38	5	60.701283
109	38	6	59.370197
110	38	6	45.491859
111	38	5	25.644272
112	38	6	16.05094
113	38	6	19.505472
114	38	5	27.21348
115	38	7	41.446964
116	38	7	49.02206
117	38	5	47.315922
118	38	7	39.665577
119	38	6	34.237644
120	38	5	43.995472
121	38	7	56.213554
122	38	7	70.479866
123	38	6	76.754196
124	38	7	65.519691
125	38	6	45.018017
126	38	7	19.218645
127	38	6	4.822293
128	38	7	0
0	39	7	0
1	39	6	19.837065
2	39	149	34.374687
3	39	151	34.597191
4	39	152	32.418751
5	39	152	34.522446
6	39	152	51.022381
7	39	152	69.281105
8	39	146	86.429108
9	39	6	103.389923
10	39	5	113.847137
11	39	6	102.417358
12	39	6	75.539215
13	39	6	46.630276
14	39	5	42.97525
15	39	7	39.486851
16	39	6	29.370136
17	39	5	26.038719
18	39	5	28.621241
19	39	6	27.784435
20	39	6	18.165802
21	39	7	17.00769
22	39	46	29.992298
23	39	47	47.824608
24	39	48	47.828247
25	39	55	36.801296
26	39	39	34.413193
27	39	5	38.939011
28	39	6	49.296387
29	39	5	50.082134
30	39	6	47.427959
31	39	7	50.468323
32	39	7	56.510883
33	39	7	57.123295
34	39	7	61.435402
35	39	6	71.284973
36	39	7	80.465309
37	39	7	85.83522
38	39	5	91.635811
39	39	6	103.531418
40	39	7	113.961777
41	39	5	117.445419
42	39	7	113.114861
43	39	5	98.862251
44	39	6	73.081429
45	39	6	63.939453
46	39	5	66.771446
47	39	6	77.745987
48	39	6	83.689644
49	39	5	93.897827
50	39	6	99.806366
51	39	5	101.592651
52	39	6	107.171227
53	39	6	114.469231
54	39	5	122.555702
55	39	6	125.287415
56	39	6	110.201691
57	39	6	91.280296
58	39	37	83.682159
59	39	38	96.353409
60	39	38	119.196335
61	39	39	126.387321
62	39	7	113.303215
63	39	6	101.074997
64	39	5	95.62822
65	39	5	83.709602
66	39	6	69.390419
67	39	5	75.176834
68	39	5	90.096558
69	39	7	85.059288
70	39	7	76.74485
71	39	7	77.549843
72	39	5	92.523369
73	39	6	78.914215
74	39	5	48.950222
75	39	5	15.298592
76	39	6	5.290811
77	39	5	2.469555
78	39	7	-3.164757
79	39	5	-6.117427
80	39	5	-5.529211
81	39	7	12.261519
82	39	6	44.219162
83	39	7	62.358273
84	39	6	59.260738
85	39	5	63.950733
86	39	6	64.56839
87	39	5	58.921471
88	39	7	46.729965
89	39	7	40.394859
90	39	7	30.79026
91	39	7	17.736618
92	39	6	10.047364
93	39	6	10.77164
94	39	46	19.204
95	39	48	21.672846
96	39	80	11.747438
97	39	44	6.207752
98	39	47	22.655729
99	39	48	32.508686
100	39	80	28.78068
101	39	49	17.864439
102	39	5	5.835243
103	39	5	4.239411
104	39	5	13.669546
105	39	5	28.174461
106	39	7	39.521317
107	39	6	37.461586
108	39	5	29.862225
109	39	7	22.55909
110	39	6	13.963309
111	39	7	6.526861
112	39	5	3.649888
113	39	7	4.322262
114	39	7	7.306914
115	39	7	16.344902
116	39	7	30.396193
117	39	7	36.511398
118	39	6	32.798737
119	39	5	27.284227
120	39	7	36.232723
121	39	145	47.170319
122	39	146	47.961666
123	39	6	46.470657
124	39	6	42.302013
125	39	6	27.661697
126	39	6	10.49729
127	39	5	1.492379
128	39	6	0
0	40	5	0
1	40	147	13.528886
2	40	153	21.51166
3	40	153	24.904882
4	40	153	26.788935
5	40	153	30.370285
6	40	153	38.870995
7	40	154	51.993851
8	40	5	64.892876
9	40	7	86.75499
10	40	5	106.058403
11	40	7	100.930382
12	40	5	71.285927
13	40	7	41.714668
14	40	5	39.143051
15	40	6	38.092411
16	40	5	38.867889
17	40	6	38.084854
18	40	6	43.140713
19	40	7	39.694386
20	40	7	28.651981
21	40	7	24.381338
22	40	37	34.393894
23	40	73	48.297405
24	40	80	49.96841
25	40	49	39.194099
26	40	6	35.67429
27	40	7	44.681351
28	40	5	55.204071
29	40	5	56.516766
30	40	5	49.531418
31	40	5	47.237457
32	40	6	56.63401
33	40	6	56.393703
34	40	6	66.746597
35	40	7	79.61602
36	40	6	93.933434
37	40	5	101.79467
38	40	6	103.820129
39	40	5	108.140747
40	40	37	107.831093
41	40	38	107.973145
42	40	39	105.514221
43	40	7	86.871429
44	40	6	61.494976
45	40	7	51.576382
46	40	6	60.797482
47	40	5	75.394005
48	40	7	83.481995
49	40	5	91.411858
50	40	7	92.512627
51	40	6	95.772781
52	40	5	94.393555
53	40	5	109.508499
54	40	7	121.241096
55	40	7	125.187073
56	40	37	110.725525
57	40	73	96.84124
58	40	80	88.94075
59	40	80	87.805893
60	40	55	90.824135
61	40	39	93.073196
62	40	6	82.770782
63	40	7	79.393753
64	40	37	87.180183
65	40	39	87.544708
66	40	7	91.48761
67	40	5	92.897186
68	40	5	110.675331
69	40	5	104.689995
70	40	5	93.569923
71	40	7	95.372749
72	40	7	113.608276
73	40	5	104.810509
74	40	6	69.907478
75	40	6	40.120953
76	40	5	27.797476
77	40	5	22.451235
78	40	7	25.420002
79	40	6	28.291893
80	40	5	29.515373
81	40	6	39.417698
82	40	6	57.415924
83	40	5	59.465321
84	40	5	63.202293
85	40	7	73.259071
86	40	5	90.354057
87	40	5	73.788742
88	40	5	50.501724
89	40	5	43.757923
90	40	5	44.236549
91	40	6	34.81406
92	40	6	22.868635
93	40	5	31.592968
94	40	46	50.667011
95	40	48	57.767899
96	40	49	42.630821
97	40	37	25.48399
98	40	73	40.135117
99	40	44	61.050224
100	40	45	59.06321
101	40	7	36.758148
102	40	7	15.310004
103	40	5	10.22548
104	40	6	16.105946
105	40	6	27.484474
106	40	7	29.977934
107	40	6	21.101465
108	40	6	7.693036
109	40	7	2.322595
110	40	5	16.867151
111	40	7	31.834597
112	40	6	32.157787
113	40	5	21.902117
114	40	6	14.211008
115	40	6	18.202105
116	40	5	23.46073
117	40	7	29.002867
118	40	5	20.849133
119	40	5	26.551857
120	40	147	37.596581
121	40	154	45.214836
122	40	5	39.636318
123	40	7	23.474293
124	40	6	14.064346
125	40	6	8.820828
126	40	7	2.983484
127	40	5	0
128	40	5	0
0	41	6	0
1	41	6	6.996483
2	41	6	13.184106
3	41	7	16.678659
4	41	7	18.432993
5	41	6	26.468983
6	41	5	33.890202
7	41	5	39.055176
8	41	5	42.978481
9	41	6	60.41497
10	41	7	78.656784
11	41	5	76.508644
12	41	7	50.561237
13	41	7	39.568821
14	41	5	44.613892
15	41	6	52.628391
16	41	7	47.471256
17	41	5	47.330742
18	41	5	47.293213
19	41	7	43.305038
20	41	37	39.797245
21	41	73	36.641872
22	41	44	46.273926
23	41	48	53.909492
24	41	49	56.93047
25	41	5	54.28997
26	41	5	55.768227
27	41	7	54.804302
28	41	5	55.893677
29	41	7	52.109314
30	41	7	49.88768
31	41	7	51.447044
32	41	6	50.354069
33	41	5	54.195004
34	41	5	64.781319
35	41	6	85.689423
36	41	7	104.866013
37	41	37	108.348656
38	41	38	116.57914
39	41	73	120.413986
40	41	44	116.353951
41	41	45	89.371559
42	41	6	81.012955
43	41	6	74.823853
44	41	6	59.180569
45	41	6	54.942513
46	41	5	61.262333
47	41	7	71.020523
48	41	7	79.81179
49	41	5	80.963554
50	41	7	81.206177
51	41	6	80.776276
52	41	6	87.591812
53	41	7	97.030434
54	41	7	110.886505
55	41	43	110.957222
56	41	80	101.284454
57	41	44	93.277252
58	41	47	92.124428
59	41	48	91.910812
60	41	55	89.358238
61	41	38	83.38295
62	41	39	81.107399
63	41	46	93.580696
64	41	45	110.47998
65	41	5	120.152977
66	41	6	109.569077
67	41	6	101.382263
68	41	6	97.349037
69	41	6	91.040016
70	41	7	77.932816
71	41	7	92.126656
72	41	5	108.6203
73	41	6	103.039902
74	41	7	76.473877
75	41	5	64.217003
76	41	6	57.846287
77	41	6	54.669624
78	41	6	55.497627
79	41	6	67.184059
80	41	5	92.656311
81	41	5	96.67131
82	41	7	79.133911
83	41	7	56.245098
84	41	5	53.876484
85	41	7	71.245079
86	41	5	92.0065
87	41	6	84.428795
88	41	7	77.802673
89	41	7	72.742577
90	41	5	75.341606
91	41	7	52.651608
92	41	6	36.579681
93	41	5	55.023457
94	41	43	82.731194
95	41	55	91.531921
96	41	61	61.392532
97	41	47	39.355881
98	41	45	54.469616
99	41	6	83.946236
100	41	7	94.225143
101	41	6	75.791718
102	41	6	41.986557
103	41	6	19.541183
104	41	5	15.106626
105	41	5	17.489285
106	41	5	16.988817
107	41	7	9.472733
108	41	5	0.69383
109	41	6	20.25629
110	41	7	72.597778
111	41	5	133.66449
112	41	5	145.833603
113	41	7	105.955498
114	41	7	53.047699
115	41	6	33.643566
116	41	7	30.136311
117	41	7	25.646584
118	41	7	20.642853
119	41	7	27.356737
120	41	7	47.520275
121	41	5	65.989235
122	41	5	62.388531
123	41	6	50.797935
124	41	6	34.257778
125	41	6	16.143835
126	41	6	2.921103
127	41	7	0
128	41	6	0
0	42	5	0
1	42	6	4.846759
2	42	5	9.697221
3	42	5	14.637859
4	42	6	17.278408
5	42	5	24.549932
6	42	5	35.06179
7	42	5	44.513119
8	42	6	47.483303
9	42	7	46.225296
10	42	5	48.918682
11	42	7	43.385754
12	42	6	36.327759
13	42	7	40.69915
14	42	6	51.598286
15	42	7	58.667797
16	42	7	52.644524
17	42	37	44.212234
18	42	38	38.103264
19	42	73	41.253323
20	42	80	46.350803
21	42	49	49.684296
22	42	46	53.546169
23	42	45	62.380386
24	42	5	73.297226
25	42	5	74.058006
26	42	5	69.600174
27	42	6	61.622822
28	42	6	55.659855
29	42	5	48.927822
30	42	6	51.734852
31	42	7	58.071972
32	42	6	60.609013
33	42	6	55.472656
34	42	7	57.553352
35	42	6	78.128433
36	42	43	93.32637
37	42	44	105.392555
38	42	47	120.047806
39	42	86	128.224487
40	42	38	116.724045
41	42	39	93.410149
42	42	7	75.388336
43	42	6	73.210686
44	42	6	68.636597
45	42	7	56.217136
46	42	5	53.37785
47	42	7	59.673191
48	42	5	69.646088
49	42	6	74.127647
50	42	5	69.6306
51	42	6	67.822075
52	42	7	73.754562
53	42	5	88.630867
54	42	43	99.445518
55	42	80	92.009056
56	42	55	90.078819
57	42	39	94.842819
58	42	46	101.566826
59	42	48	96.41111
60	42	80	84.543907
61	42	55	82.722969
62	42	38	88.891518
63	42	39	105.423141
64	42	6	125.91655
65	42	7	134.422516
66	42	5	115.758377
67	42	6	89.48848
68	42	5	71.740654
69	42	7	67.647743
70	42	37	68.408684
71	42	38	78.347885
72	42	39	86.544151
73	42	7	80.257652
74	42	5	71.870934
75	42	7	75.180252
76	42	6	81.348694
77	42	5	76.385048
78	42	5	73.080673
79	42	5	112.06102
80	42	7	150.550568
81	42	5	161.595932
82	42	5	127.822273
83	42	6	73.610878
84	42	6	55.306896
85	42	5	63.768124
86	42	5	79.6409
87	42	5	82.428116
88	42	7	82.979691
89	42	6	92.287811
90	42	7	87.438416
91	42	5	65.789238
92	42	7	52.08197
93	42	46	72.555618
94	42	47	97.369446
95	42	45	97.347969
96	42	6	62.228436
97	42	7	40.808331
98	42	7	58.135429
99	42	6	93.129082
100	42	6	118.839279
101	42	5	111.59951
102	42	6	77.679924
103	42	6	42.613407
104	42	5	15.397236
105	42	5	10.124312
106	42	6	7.531291
107	42	6	1.19587
108	42	6	4.056237
109	42	7	42.821953
110	42	5	135.151016
111	42	5	230.496536
112	42	7	255.245361
113	42	7	199.264954
114	42	6	117.122902
115	42	6	69.498566
116	42	5	59.140503
117	42	6	46.430618
118	42	5	26.74786
119	42	7	25.73007
120	42	6	44.488571
121	42	6	70.331558
122	42	6	84.885536
123	42	7	80.27668
124	42	6	63.658798
125	42	7	37.164978
126	42	7	12.549514
127	42	5	0.104401
128	42	7	0
0	43	7	0
1	43	6	5.217232
2	43	7	12.653347
3	43	7	18.821455
4	43	7	21.644772
5	43	7	27.649233
6	43	6	42.562832
7	43	5	52.960827
8	43	5	53.555912
9	43	6	45.769848
10	43	5	37.803928
11	43	7	29.289175
12	43	5	29.94652
13	43	7	37.530128
14	43	6	50.900208
15	43	37	50.01479
16	43	73	41.386665
17	43	80	28.417435
18	43	80	26.299067
19	43	80	35.582699
20	43	49	47.642933
21	43	5	54.608322
22	43	5	57.083157
23	43	6	63.057156
24	43	6	74.39492
25	43	7	77.464211
26	43	5	68.31723
27	43	6	48.440224
28	43	7	40.069908
29	43	7	38.100323
30	43	5	54.087753
31	43	5	67.273483
32	43	7	67.090248
33	43	6	58.59444
34	43	6	53.729912
35	43	43	69.74379
36	43	55	83.147308
37	43	38	93.68354
38	43	61	108.236618
39	43	48	122.741364
40	43	49	111.509659
41	43	5	83.302284
42	43	7	70.231606
43	43	7	68.272217
44	43	5	60.675999
45	43	7	49.813595
46	43	5	44.099716
47	43	6	46.65403
48	43	5	56.591194
49	43	7	65.871948
50	43	5	63.500946
51	43	6	63.090981
52	43	7	66.137253
53	43	43	76.663948
54	43	80	78.820953
55	43	80	74.710716
56	43	55	79.522308
57	43	39	93.496307
58	43	46	106.899925
59	43	48	95.269524
60	43	80	78.853905
61	43	80	67.544083
62	43	49	76.330101
63	43	7	91.034073
64	43	7	111.461517
65	43	5	114.513718
66	43	5	99.303467
67	43	6	80.844185
68	43	37	76.832855
69	43	73	72.201416
70	43	80	78.458725
71	43	49	81.389229
72	43	5	81.382927
73	43	5	67.082443
74	43	5	65.286079
75	43	7	76.306725
76	43	7	85.098396
77	43	155	83.115532
78	43	156	85.603081
79	43	6	124.478058
80	43	7	172.046967
81	43	5	185.725204
82	43	7	147.513077
83	43	5	87.156456
84	43	6	53.851017
85	43	5	57.914078
86	43	6	65.608162
87	43	7	72.184013
88	43	6	81.758965
89	43	6	89.821724
90	43	5	77.004875
91	43	5	59.57766
92	43	7	56.995064
93	43	6	71.151695
94	43	6	89.295319
95	43	6	82.792259
96	43	6	53.20417
97	43	6	32.308662
98	43	6	53.054821
99	43	7	82.326408
100	43	5	114.737305
101	43	6	127.16864
102	43	5	107.727608
103	43	6	75.453262
104	43	5	38.338829
105	43	5	20.22628
106	43	7	6.90378
107	43	6	0.669469
108	43	7	5.352425
109	43	6	47.474525
110	43	6	141.968628
111	43	7	251.662674
112	43	7	299.400513
113	43	7	250.470398
114	43	6	177.02948
115	43	5	142.315109
116	43	5	138.35463
117	43	5	115.892349
118	43	6	70.399872
119	43	6	31.846018
120	43	7	26.700653
121	43	7	48.531326
122	43	6	70.607834
123	43	7	83.132721
124	43	5	75.544975
125	43	6	45.077213
126	43	6	16.084511
127	43	6	0.437051
128	43	6	0
0	44	7	0
1	44	7	9.826322
2	44	7	18.231237
3	44	7	22.422462
4	44	5	22.938435
5	44	6	29.858835
6	44	6	43.929695
7	44	7	52.859814
8	44	7	52.574905
9	44	7	43.546368
10	44	7	37.71616
11	44	6	31.48415
12	44	5	29.157446
13	44	5	31.372066
14	44	43	31.915405
15	44	80	29.7754
16	44	80	22.514727
17	44	80	15.846307
18	44	80	15.41589
19	44	55	25.603216
20	44	39	42.554688
21	44	6	51.326168
22	44	5	51.908329
23	44	7	51.900513
24	44	5	59.79166
25	44	7	57.140743
26	44	6	44.340736
27	44	7	28.836607
28	44	5	22.721661
29	44	5	25.720928
30	44	6	47.652515
31	44	7	68.805077
32	44	5	73.151405
33	44	5	67.642166
34	44	46	66.144661
35	44	47	83.695549
36	44	47	87.890427
37	44	45	83.830681
38	44	43	93.409775
39	44	55	98.949753
40	44	38	84.704353
41	44	39	72.290192
42	44	7	68.069756
43	44	5	71.317421
44	44	5	60.5993
45	44	7	43.203381
46	44	7	36.432892
47	44	7	38.772823
48	44	5	46.169861
49	44	7	53.90052
50	44	7	57.036137
51	44	6	58.99934
52	44	46	63.535294
53	44	47	68.216637
54	44	47	63.663105
55	44	48	52.949715
56	44	55	63.348286
57	44	39	84.448364
58	44	46	100.220963
59	44	48	87.561165
60	44	80	63.729237
61	44	49	48.528687
62	44	7	53.30888
63	44	5	64.290802
64	44	6	80.926079
65	44	7	83.237366
66	44	5	78.332954
67	44	43	86.376602
68	44	80	98.914673
69	44	80	102.002113
70	44	49	93.590553
71	44	5	87.918571
72	44	5	81.467651
73	44	6	76.509811
74	44	7	79.468941
75	44	5	85.492149
76	44	157	91.748703
77	44	158	83.667488
78	44	159	78.251236
79	44	159	112.993263
80	44	159	141.484344
81	44	156	144.264938
82	44	7	125.502739
83	44	5	76.168549
84	44	7	55.579899
85	44	7	53.968201
86	44	5	56.284756
87	44	5	67.618614
88	44	7	79.664734
89	44	5	76.454948
90	44	6	58.618301
91	44	6	40.01519
92	44	7	46.892681
93	44	5	57.855877
94	44	6	74.129089
95	44	6	69.51989
96	44	6	47.988827
97	44	7	39.545368
98	44	5	45.249252
99	44	5	59.879959
100	44	6	85.449707
101	44	5	111.34993
102	44	5	120.598595
103	44	6	105.439941
104	44	7	67.311523
105	44	6	37.903309
106	44	5	17.892696
107	44	6	6.401858
108	44	7	18.071384
109	44	6	44.890877
110	44	5	110.22229
111	44	5	207.630112
112	44	5	259.977753
113	44	6	246.432892
114	44	5	215.629135
115	44	7	206.880554
116	44	5	223.036102
117	44	5	199.468521
118	44	6	134.926682
119	44	7	65.33403
120	44	6	24.376003
121	44	7	22.469233
122	44	6	36.069206
123	44	7	50.709717
124	44	6	47.756275
125	44	5	29.731718
126	44	7	10.091699
127	44	6	0
128	44	6	0
0	45	5	0
1	45	5	16.813765
2	45	5	24.917276
3	45	6	27.116877
4	45	5	25.57914
5	45	5	28.778767
6	45	7	40.179474
7	45	5	44.04575
8	45	145	37.938503
9	45	152	31.484053
10	45	152	31.832733
11	45	146	29.024546
12	45	6	22.618017
13	45	43	25.02326
14	45	80	32.229683
15	45	44	29.567467
16	45	47	18.23711
17	45	47	7.278965
18	45	47	7.113866
19	45	45	15.32846
20	45	6	35.106045
21	45	7	46.310429
22	45	5	46.038513
23	45	7	42.727638
24	45	7	34.219048
25	45	5	26.5765
26	45	5	18.563597
27	45	6	13.477561
28	45	6	23.648645
29	45	6	41.016483
30	45	6	58.186649
31	45	7	71.014221
32	45	7	72.060699
33	45	7	67.875565
34	45	7	75.638855
35	45	7	89.734299
36	45	5	92.485962
37	45	46	75.808228
38	45	47	62.149952
39	45	47	53.689449
40	45	45	42.906483
41	45	5	43.304817
42	45	6	68.17038
43	45	5	81.480247
44	45	7	71.97731
45	45	5	51.067234
46	45	6	41.170128
47	45	6	36.516949
48	45	6	39.047958
49	45	5	44.267128
50	45	7	48.265312
51	45	7	52.483219
52	45	5	58.359547
53	45	6	59.734207
54	45	43	55.868637
55	45	80	47.603703
56	45	49	50.879753
57	45	6	64.665001
58	45	43	71.501717
59	45	80	64.936523
60	45	49	51.808403
61	45	5	46.731087
62	45	7	45.14539
63	45	5	56.631294
64	45	6	63.353283
65	45	37	65.959114
66	45	73	73.922424
67	45	44	90.437904
68	45	47	110.68084
69	45	45	110.094177
70	45	6	89.009804
71	45	6	79.393318
72	45	6	81.577171
73	45	5	87.323975
74	45	5	92.332565
75	45	160	93.322983
76	45	161	87.432007
77	45	162	84.411797
78	45	163	81.37767
79	45	161	81.344696
80	45	164	86.858955
81	45	6	93.045349
82	45	7	86.893036
83	45	7	74.311844
84	45	6	62.862087
85	45	6	57.812519
86	45	7	60.60318
87	45	6	67.436783
88	45	7	76.842499
89	45	5	67.647942
90	45	5	44.636169
91	45	5	29.254528
92	45	5	31.464695
93	45	7	49.238743
94	45	6	67.175385
95	45	6	69.882973
96	45	5	57.667477
97	45	6	53.55278
98	45	7	50.863598
99	45	6	47.885143
100	45	5	59.493301
101	45	6	93.91555
102	45	6	122.448357
103	45	7	121.889412
104	45	7	95.149239
105	45	5	52.764557
106	45	5	26.20274
107	45	6	20.532696
108	45	7	41.503902
109	45	7	64.468025
110	45	5	103.824577
111	45	7	161.683075
112	45	5	215.773132
113	45	5	224.233795
114	45	5	225.613693
115	45	6	233.1353
116	45	6	261.320343
117	45	7	241.453659
118	45	6	181.064743
119	45	5	97.673126
120	45	5	46.092503
121	45	37	26.692017
122	45	38	17.110525
123	45	38	16.101444
124	45	39	15.250111
125	45	5	8.513902
126	45	6	0.679894
127	45	5	0
128	45	7	0
0	46	6	0
1	46	7	21.593122
2	46	7	26.33968
3	46	7	27.654587
4	46	7	26.190382
5	46	5	30.660736
6	46	145	35.567501
7	46	165	34.545742
8	46	166	27.017729
9	46	167	20.256704
10	46	150	28.892744
11	46	5	33.956444
12	46	46	26.183044
13	46	48	25.329947
14	46	49	33.175819
15	46	6	38.582481
16	46	7	27.43009
17	46	5	10.9733
18	46	5	4.057877
19	46	6	8.134011
20	46	7	25.320396
21	46	7	39.224178
22	46	5	41.575901
23	46	7	31.974339
24	46	6	19.356419
25	46	7	10.772704
26	46	5	7.378855
27	46	6	16.790636
28	46	5	40.492741
29	46	5	62.6544
30	46	6	76.242355
31	46	7	75.691833
32	46	7	69.285896
33	46	6	66.460152
34	46	6	77.522171
35	46	5	80.165199
36	46	6	70.61348
37	46	5	53.001652
38	46	7	39.551929
39	46	7	23.726316
40	46	6	0.616614
41	46	7	3.772511
42	46	5	46.554909
43	46	5	80.702499
44	46	6	82.80275
45	46	5	69.131927
46	46	6	58.117035
47	46	6	48.235756
48	46	6	37.766598
49	46	7	39.384613
50	46	5	43.670773
51	46	5	45.745262
52	46	6	48.360111
53	46	43	50.581108
54	46	80	49.781483
55	46	49	44.893177
56	46	5	38.658848
57	46	43	39.887428
58	46	80	45.520897
59	46	49	50.287682
60	46	7	55.666363
61	46	5	58.865807
62	46	5	54.909336
63	46	7	57.106464
64	46	43	64.440826
65	46	80	71.356773
66	46	49	80.835464
67	46	7	89.252777
68	46	7	92.183144
69	46	7	81.036148
70	46	5	67.414238
71	46	6	67.589531
72	46	6	79.712677
73	46	6	97.967064
74	46	5	101.765678
75	46	155	88.31694
76	46	168	74.891037
77	46	169	78.870171
78	46	6	81.520561
79	46	6	74.523468
80	46	7	60.402225
81	46	7	61.464764
82	46	7	72.309258
83	46	6	75.857384
84	46	5	71.566452
85	46	5	67.066071
86	46	5	67.646118
87	46	7	79.36689
88	46	5	84.889061
89	46	6	71.819839
90	46	5	48.581432
91	46	5	32.528545
92	46	5	33.307922
93	46	7	45.7113
94	46	6	60.096802
95	46	5	62.160496
96	46	6	61.967949
97	46	5	63.03257
98	46	5	61.688789
99	46	6	52.681477
100	46	7	53.033154
101	46	7	87.830528
102	46	5	125.524506
103	46	5	128.607666
104	46	7	95.4048
105	46	5	49.075951
106	46	5	27.920774
107	46	7	34.054489
108	46	6	63.241856
109	46	7	102.799812
110	46	5	148.609619
111	46	6	184.785889
112	46	5	219.016785
113	46	6	230.347672
114	46	6	230.099716
115	46	7	232.037308
116	46	5	250.246399
117	46	7	235.147675
118	46	7	188.720856
119	46	37	122.410896
120	46	73	74.130882
121	46	80	50.680073
122	46	80	30.665236
123	46	55	23.120296
124	46	39	20.334036
125	46	6	12.259021
126	46	7	0.643217
127	46	6	0
128	46	5	0
0	47	7	0
1	47	5	16.701738
2	47	5	21.137396
3	47	6	24.037424
4	47	5	25.201288
5	47	149	29.570013
6	47	167	30.523624
7	47	166	25.475801
8	47	167	13.781016
9	47	151	13.305576
10	47	152	27.421185
11	47	146	37.752594
12	47	46	31.186741
13	47	45	30.319502
14	47	5	35.548477
15	47	6	38.921513
16	47	6	25.818834
17	47	6	9.130553
18	47	6	1.259509
19	47	6	3.560304
20	47	6	16.295822
21	47	7	28.673183
22	47	7	30.035246
23	47	6	21.476521
24	47	5	7.063924
25	47	7	3.964355
26	47	6	4.939548
27	47	5	18.012232
28	47	5	42.974792
29	47	6	72.580803
30	47	5	76.713921
31	47	5	70.991592
32	47	6	56.454586
33	47	7	58.831745
34	47	6	65.136368
35	47	6	70.209976
36	47	6	46.37809
37	47	6	25.359562
38	47	5	9.516138
39	47	5	-7.642503
40	47	6	-35.903736
41	47	6	-36.721516
42	47	5	8.296363
43	47	7	56.491562
44	47	7	75.468132
45	47	5	81.162842
46	47	5	80.554199
47	47	6	69.796928
48	47	7	52.281326
49	47	5	38.283211
50	47	6	39.964195
51	47	5	41.820145
52	47	46	41.901295
53	47	48	42.218922
54	47	55	42.797585
55	47	38	40.650955
56	47	73	35.055267
57	47	80	30.189253
58	47	55	35.883415
59	47	39	49.53363
60	47	6	65.440536
61	47	5	69.605003
62	47	37	57.788837
63	47	73	52.19355
64	47	80	58.436409
65	47	49	71.946251
66	47	5	80.134796
67	47	7	81.30706
68	47	7	76.136452
69	47	7	60.498703
70	47	6	55.224751
71	47	5	61.20763
72	47	6	81.026207
73	47	7	99.304581
74	47	157	102.655678
75	47	163	84.836288
76	47	164	76.187386
77	47	6	75.355118
78	47	7	86.869057
79	47	6	79.825882
80	47	7	69.839996
81	47	5	76.597778
82	47	5	86.114517
83	47	7	85.406845
84	47	6	76.422546
85	47	7	72.222725
86	47	6	85.868477
87	47	5	96.946983
88	47	7	101.287209
89	47	7	85.370956
90	47	6	61.140385
91	47	6	45.89983
92	47	7	45.771553
93	47	5	48.473644
94	47	6	54.297729
95	47	6	46.995674
96	47	5	47.958725
97	47	6	54.962669
98	47	7	60.762177
99	47	7	51.735584
100	47	5	51.835773
101	47	5	85.159386
102	47	7	115.724785
103	47	6	109.908096
104	47	6	74.555489
105	47	5	33.591324
106	47	5	21.315722
107	47	6	36.768906
108	47	7	70.169312
109	47	6	132.38765
110	47	5	182.056274
111	47	6	215.067047
112	47	7	218.944702
113	47	6	225.695358
114	47	7	231.816849
115	47	6	236.180023
116	47	7	236.126373
117	47	5	231.625107
118	47	43	191.976898
119	47	80	150.182739
120	47	80	110.571922
121	47	80	77.928276
122	47	80	60.57616
123	47	49	63.058578
124	47	6	69.634476
125	47	6	60.106026
126	47	5	25.653219
127	47	7	0.066905
128	47	5	0
0	48	5	0
1	48	7	7.996398
2	48	7	12.693933
3	48	6	19.286011
4	48	149	30.477839
5	48	167	35.520844
6	48	167	28.773481
7	48	167	20.542562
8	48	167	12.501741
9	48	167	16.392197
10	48	151	32.884018
11	48	146	46.417789
12	48	7	38.440102
13	48	7	26.861904
14	48	6	21.530479
15	48	6	22.142191
16	48	7	15.257133
17	48	7	3.27176
18	48	7	1.160478
19	48	7	0
20	48	5	5.821297
21	48	6	13.946177
22	48	7	24.302349
23	48	5	24.75218
24	48	5	17.538643
25	48	5	11.30154
26	48	7	9.633165
27	48	6	15.436625
28	48	5	33.316135
29	48	6	48.896091
30	48	5	54.71072
31	48	6	48.072964
32	48	6	39.021145
33	48	5	44.179058
34	48	7	58.95372
35	48	5	63.221027
36	48	5	36.752911
37	48	7	0.104955
38	48	7	-23.765774
39	48	6	-48.648735
40	48	6	-66.900375
41	48	6	-71.726479
42	48	5	-29.719072
43	48	6	16.555141
44	48	7	56.362793
45	48	6	75.363258
46	48	7	92.718864
47	48	7	91.997475
48	48	5	77.792778
49	48	5	56.344177
50	48	5	40.504704
51	48	6	37.337524
52	48	43	36.346191
53	48	80	36.215092
54	48	80	36.203846
55	48	80	34.228836
56	48	44	29.648933
57	48	47	26.11619
58	48	45	32.410736
59	48	7	45.126453
60	48	6	57.671749
61	48	43	57.740932
62	48	80	44.312313
63	48	80	35.082909
64	48	55	39.709694
65	48	38	56.690655
66	48	39	69.256424
67	48	5	70.891647
68	48	37	66.271706
69	48	38	58.102928
70	48	39	57.438587
71	48	6	61.107643
72	48	5	74.424461
73	48	157	91.933563
74	48	158	102.979919
75	48	156	90.054581
76	48	5	85.329163
77	48	7	84.427864
78	48	5	88.869308
79	48	6	79.147034
80	48	7	76.579376
81	48	5	89.989563
82	48	6	97.965675
83	48	7	98.761253
84	48	7	83.407921
85	48	6	84.929451
86	48	5	100.197189
87	48	5	108.8106
88	48	6	106.748314
89	48	6	86.047897
90	48	7	65.264191
91	48	5	55.954144
92	48	6	54.289669
93	48	7	51.845242
94	48	7	44.466534
95	48	6	29.811691
96	48	7	28.988853
97	48	7	43.372055
98	48	6	53.776386
99	48	7	47.509968
100	48	7	49.018562
101	48	7	73.15271
102	48	6	93.757607
103	48	7	82.617287
104	48	5	45.836937
105	48	5	18.109697
106	48	5	13.721081
107	48	6	24.795376
108	48	5	58.491947
109	48	7	126.561798
110	48	7	184.425659
111	48	7	213.136505
112	48	7	211.777618
113	48	5	213.67189
114	48	7	232.059952
115	48	6	252.316055
116	48	37	252.006485
117	48	73	241.891541
118	48	80	211.590714
119	48	44	175.41011
120	48	48	138.476715
121	48	80	93.477943
122	48	55	74.198677
123	48	39	92.635071
124	48	7	120.582901
125	48	5	104.465149
126	48	5	56.952312
127	48	6	11.493764
128	48	6	0
0	49	7	0
1	49	5	0.971217
2	49	6	9.801547
3	49	149	31.888472
4	49	166	50.184841
5	49	166	52.069923
6	49	167	38.513084
7	49	166	27.211466
8	49	167	22.725012
9	49	166	31.331102
10	49	151	47.202469
11	49	152	52.780342
12	49	146	40.858826
13	49	7	19.45961
14	49	5	5.91445
15	49	5	10.725015
16	49	5	17.427872
17	49	7	19.446987
18	49	6	11.744064
19	49	7	7.346222
20	49	7	2.390506
21	49	6	7.464769
22	49	7	23.251431
23	49	6	34.427456
24	49	6	34.796997
25	49	6	29.589964
26	49	6	23.896912
27	49	6	21.710169
28	49	6	23.143543
29	49	6	27.992683
30	49	6	31.972315
31	49	7	31.537724
32	49	7	36.473934
33	49	7	43.187717
34	49	7	58.167446
35	49	6	57.514603
36	49	7	32.496723
37	49	7	-14.725937
38	49	6	-42.03191
39	49	7	-65.434464
40	49	7	-79.969475
41	49	7	-82.524879
42	49	7	-55.516273
43	49	7	-14.322656
44	49	6	31.110098
45	49	6	63.361111
46	49	5	85.998634
47	49	7	103.274246
48	49	7	100.987137
49	49	6	81.192551
50	49	37	56.94112
51	49	73	34.504601
52	49	80	33.056351
53	49	80	31.608343
54	49	80	32.045254
55	49	49	31.55135
56	49	6	39.741516
57	49	5	47.001343
58	49	7	46.796429
59	49	5	41.974693
60	49	46	50.124069
61	49	48	55.679775
62	49	80	43.039406
63	49	80	23.224451
64	49	44	23.477718
65	49	45	38.17371
66	49	6	51.485329
67	49	43	60.337532
68	49	80	63.13171
69	49	55	58.499317
70	49	39	53.305767
71	49	5	47.301697
72	49	157	51.17025
73	49	170	70.506477
74	49	158	86.897034
75	49	156	93.237381
76	49	6	98.486771
77	49	7	98.522125
78	49	6	84.508888
79	49	5	70.526222
80	49	5	66.577896
81	49	7	86.625755
82	49	6	108.013504
83	49	6	107.07299
84	49	7	95.895432
85	49	7	91.944931
86	49	6	103.193283
87	49	6	109.153076
88	49	6	98.131866
89	49	5	77.779968
90	49	7	59.62973
91	49	6	57.023289
92	49	7	56.531734
93	49	5	57.411842
94	49	6	51.220001
95	49	6	38.586338
96	49	5	33.628407
97	49	6	42.338463
98	49	6	47.792843
99	49	5	47.467785
100	49	6	56.396286
101	49	5	71.982353
102	49	6	74.891357
103	49	5	53.360542
104	49	5	26.667818
105	49	6	9.691919
106	49	5	6.508937
107	49	6	12.630494
108	49	5	35.294029
109	49	7	95.729752
110	49	5	154.857727
111	49	7	183.723328
112	49	5	199.687164
113	49	6	195.468048
114	49	5	211.350082
115	49	46	225.20108
116	49	48	233.952957
117	49	44	232.793198
118	49	45	214.682831
119	49	46	181.975266
120	49	48	139.442627
121	49	80	87.886124
122	49	49	61.164005
123	49	7	79.174187
124	49	5	112.499405
125	49	7	112.569763
126	49	6	61.677486
127	49	5	16.548742
128	49	6	0
0	50	5	0
1	50	7	2.692615
2	50	149	15.554282
3	50	167	40.792755
4	50	167	60.412495
5	50	166	61.986881
6	50	167	44.068813
7	50	167	32.752182
8	50	167	36.789127
9	50	166	52.942894
10	50	167	62.545475
11	50	151	59.494656
12	50	152	39.268356
13	50	152	17.364765
14	50	152	7.034186
15	50	152	20.523026
16	50	152	40.187244
17	50	152	58.246471
18	50	152	68.994537
19	50	152	53.228245
20	50	146	28.238417
21	50	6	18.095776
22	50	5	26.475994
23	50	5	40.834885
24	50	6	40.987484
25	50	7	38.953823
26	50	5	38.512047
27	50	6	40.264709
28	50	5	34.497288
29	50	7	25.368155
30	50	6	27.457598
31	50	7	37.779251
32	50	7	48.470501
33	50	5	54.765671
34	50	6	57.940578
35	50	7	47.95612
36	50	6	18.190901
37	50	6	-22.868471
38	50	6	-46.30228
39	50	5	-44.651432
40	50	5	-67.435333
41	50	6	-78.372086
42	50	6	-68.440262
43	50	6	-25.944366
44	50	6	16.944014
45	50	6	49.465633
46	50	7	69.351067
47	50	7	91.064674
48	50	5	106.784294
49	50	43	94.375435
50	50	80	68.095634
51	50	80	40.859066
52	50	80	31.112019
53	50	80	36.748138
54	50	49	40.22065
55	50	6	48.914864
56	50	6	63.15646
57	50	7	71.971741
58	50	5	65.064896
59	50	6	54.969486
60	50	43	56.427094
61	50	80	65.073425
62	50	44	59.164787
63	50	45	43.528347
64	50	37	30.736704
65	50	39	31.347639
66	50	43	37.091518
67	50	80	38.518787
68	50	80	41.080292
69	50	49	39.041782
70	50	7	32.705006
71	50	157	24.772923
72	50	170	21.802492
73	50	170	37.35593
74	50	158	64.013153
75	50	156	85.955139
76	50	7	97.821236
77	50	5	97.774117
78	50	7	81.116486
79	50	5	56.436569
80	50	5	67.145882
81	50	6	98.380066
82	50	7	113.291924
83	50	6	110.85643
84	50	5	102.909378
85	50	5	93.364983
86	50	7	91.019737
87	50	5	87.22789
88	50	7	79.676445
89	50	6	66.895065
90	50	7	61.007275
91	50	6	63.875664
92	50	6	64.473648
93	50	7	69.044739
94	50	7	67.859909
95	50	6	58.893238
96	50	37	49.119156
97	50	38	47.30933
98	50	38	44.998882
99	50	39	48.839378
100	50	6	63.864319
101	50	7	83.376495
102	50	5	78.168762
103	50	7	43.447346
104	50	6	17.983589
105	50	6	6.616414
106	50	7	4.576214
107	50	5	8.875246
108	50	7	25.957693
109	50	6	70.659386
110	50	6	123.936882
111	50	7	167.99408
112	50	7	197.450607
113	50	5	200.816315
114	50	7	196.221176
115	50	46	189.855179
116	50	86	199.251587
117	50	38	206.413925
118	50	38	192.826279
119	50	73	164.644592
120	50	44	123.653946
121	50	45	71.526718
122	50	7	33.317806
123	50	5	40.228584
124	50	5	66.480392
125	50	5	66.587952
126	50	6	36.65559
127	50	7	11.369766
128	50	145	0
0	51	152	0
1	51	165	4.395521
2	51	167	15.502811
3	51	166	37.271919
4	51	167	51.841644
5	51	166	50.471531
6	51	166	36.182827
7	51	166	29.358154
8	51	166	42.714115
9	51	167	62.606934
10	51	166	74.09333
11	51	166	63.433826
12	51	167	41.139961
13	51	167	19.253716
14	51	166	15.385944
15	51	166	37.57098
16	51	167	72.626007
17	51	167	117.509621
18	51	166	147.197159
19	51	151	134.064804
20	51	152	94.156807
21	51	152	52.911308
22	51	146	41.920319
23	51	7	32.858852
24	51	6	27.867382
25	51	5	33.334721
26	51	7	43.239567
27	51	37	55.994541
28	51	38	49.055172
29	51	39	36.43322
30	51	7	32.059498
31	51	5	39.938145
32	51	6	55.493752
33	51	5	60.203178
34	51	7	55.974403
35	51	5	27.784313
36	51	7	0.927069
37	51	7	-19.360254
38	51	5	-32.731117
39	51	6	-29.238016
40	51	5	-37.832794
41	51	7	-58.69471
42	51	6	-1.48873
43	51	6	-25.48999
44	51	5	21.089436
45	51	5	43.801765
46	51	6	47.941677
47	51	7	68.947235
48	51	43	82.580963
49	51	80	86.04528
50	51	44	73.879318
51	51	47	55.630535
52	51	48	50.714195
53	51	49	52.262814
54	51	7	58.579723
55	51	6	64.684677
56	51	7	72.301231
57	51	6	84.308182
58	51	5	73.62542
59	51	43	60.385208
60	51	80	61.810848
61	51	49	77.938477
62	51	5	73.064774
63	51	43	56.144642
64	51	55	41.892952
65	51	73	36.525509
66	51	80	29.691839
67	51	44	22.702776
68	51	45	17.269131
69	51	7	15.706524
70	51	157	13.393186
71	51	170	11.361135
72	51	163	9.38365
73	51	161	19.912121
74	51	164	40.930607
75	51	6	66.949768
76	51	6	85.827736
77	51	7	85.511253
78	51	5	73.467476
79	51	7	68.994202
80	51	5	89.215149
81	51	5	115.847046
82	51	7	127.344658
83	51	6	116.765488
84	51	7	103.397545
85	51	7	92.734894
86	51	5	81.932487
87	51	7	73.764374
88	51	7	67.681099
89	51	5	66.829613
90	51	6	72.0616
91	51	6	74.596512
92	51	7	72.864769
93	51	7	72.16507
94	51	37	69.315216
95	51	61	66.753021
96	51	47	59.061752
97	51	48	49.534603
98	51	55	44.065067
99	51	38	48.188267
100	51	39	74.94799
101	51	5	103.67244
102	51	5	98.460899
103	51	7	68.334213
104	51	5	25.983891
105	51	7	7.900354
106	51	6	3.289637
107	51	6	13.528507
108	51	7	35.968082
109	51	6	71.787018
110	51	7	134.110718
111	51	6	180.708405
112	51	6	215.011765
113	51	37	213.041534
114	51	38	191.868729
115	51	73	174.821182
116	51	80	184.519119
117	51	80	189.231216
118	51	80	173.210083
119	51	55	135.166321
120	51	39	98.793739
121	51	5	56.668476
122	51	5	21.305683
123	51	6	8.761749
124	51	6	19.994778
125	51	6	29.094641
126	51	145	21.018551
127	51	165	5.553014
128	51	166	0
0	52	166	0
1	52	167	5.662688
2	52	167	12.309057
3	52	166	22.334747
4	52	167	28.75543
5	52	167	29.811209
6	52	166	24.024191
7	52	166	20.588753
8	52	166	38.428688
9	52	166	57.661964
10	52	167	69.429108
11	52	166	63.064896
12	52	167	45.873711
13	52	167	34.56329
14	52	167	39.120491
15	52	166	71.791374
16	52	167	113.412056
17	52	171	166.758347
18	52	172	209.681595
19	52	167	208.489441
20	52	167	182.502869
21	52	150	148.498322
22	52	6	124.983803
23	52	6	82.761093
24	52	37	27.614925
25	52	38	18.783186
26	52	73	41.212421
27	52	80	56.154114
28	52	55	53.692547
29	52	39	38.213421
30	52	6	26.285339
31	52	6	29.984419
32	52	7	44.211433
33	52	5	51.733852
34	52	5	44.755421
35	52	5	12.972818
36	52	6	-4.307156
37	52	5	-10.201407
38	52	5	-10.437852
39	52	7	-9.379725
40	52	7	-23.490181
41	52	5	-41.736423
42	52	5	13.484519
43	52	6	-15.759824
44	52	6	22.204353
45	52	6	38.105965
46	52	7	41.015732
47	52	43	49.317078
48	52	80	63.272198
49	52	49	73.186981
50	52	5	75.348427
51	52	43	72.043381
52	52	49	70.152336
53	52	6	70.983788
54	52	7	66.688202
55	52	7	62.591801
56	52	7	59.196232
57	52	37	58.825047
58	52	73	51.819244
59	52	80	39.200741
60	52	55	44.047295
61	52	38	54.667393
62	52	73	55.180195
63	52	80	44.869438
64	52	80	37.478008
65	52	80	34.23296
66	52	49	25.32852
67	52	7	14.137809
68	52	7	8.067767
69	52	157	7.306709
70	52	170	7.299673
71	52	169	7.36862
72	52	7	7.80976
73	52	7	18.242249
74	52	7	37.243324
75	52	5	56.958042
76	52	6	64.860146
77	52	7	73.776253
78	52	6	79.767677
79	52	6	102.543671
80	52	7	123.631454
81	52	7	138.086166
82	52	6	127.832054
83	52	7	109.271683
84	52	7	99.072731
85	52	5	93.767136
86	52	7	83.869194
87	52	5	81.016113
88	52	5	82.321213
89	52	5	88.751472
90	52	7	87.550354
91	52	5	81.606316
92	52	7	71.364861
93	52	43	65.475471
94	52	55	59.649967
95	52	38	61.021061
96	52	73	57.606533
97	52	80	50.184551
98	52	80	40.877541
99	52	49	44.171185
100	52	7	78.494286
101	52	6	117.521202
102	52	6	139.857513
103	52	6	110.808609
104	52	6	63.070976
105	52	6	24.577566
106	52	7	5.513925
107	52	7	18.249622
108	52	6	47.858173
109	52	6	108.779533
110	52	6	168.222397
111	52	7	211.885773
112	52	43	216.333664
113	52	80	198.211639
114	52	44	191.555542
115	52	48	187.742111
116	52	80	187.824722
117	52	80	178.622437
118	52	80	151.975937
119	52	49	127.241028
120	52	6	97.125381
121	52	7	58.668629
122	52	6	28.931042
123	52	7	29.301479
124	52	145	46.717133
125	52	165	54.068138
126	52	167	38.528202
127	52	166	20.512814
128	52	167	0
0	53	167	0
1	53	167	6.613619
2	53	173	9.3057
3	53	174	9.255466
4	53	175	11.274
5	53	176	18.647303
6	53	167	22.49898
7	53	167	21.098993
8	53	167	25.635157
9	53	167	39.622498
10	53	167	54.631924
11	53	167	60.036953
12	53	167	54.205898
13	53	166	51.49448
14	53	177	67.93586
15	53	178	107.718552
16	53	179	153.447113
17	53	180	194.069473
18	53	172	224.762985
19	53	166	235.440109
20	53	150	247.142639
21	53	5	246.367279
22	53	37	224.668976
23	53	73	146.279205
24	53	44	59.098656
25	53	47	17.459888
26	53	47	33.913807
27	53	48	45.388836
28	53	49	41.517334
29	53	7	26.933035
30	53	5	13.975118
31	53	5	17.065128
32	53	5	31.690163
33	53	7	38.479977
34	53	5	35.175468
35	53	5	20.597736
36	53	7	7.779062
37	53	7	3.02159
38	53	7	-11.506767
39	53	7	-17.259092
40	53	6	-33.274448
41	53	6	-41.719349
42	53	7	-33.561512
43	53	6	-8.914998
44	53	5	19.285126
45	53	7	34.21751
46	53	46	42.389687
47	53	48	47.578651
48	53	55	51.514763
49	53	38	61.170212
50	53	73	69.441269
51	53	55	76.265488
52	53	39	70.673141
53	53	7	67.311852
54	53	7	59.980244
55	53	6	45.528248
56	53	43	31.114159
57	53	80	27.410147
58	53	44	23.442749
59	53	47	13.784949
60	53	47	15.217172
61	53	48	24.468069
62	53	44	23.953516
63	53	48	20.777491
64	53	80	21.287796
65	53	49	20.618746
66	53	7	15.685591
67	53	155	8.425938
68	53	168	5.622597
69	53	170	5.147566
70	53	169	4.953323
71	53	6	5.297485
72	53	6	10.861326
73	53	5	27.757662
74	53	6	41.808308
75	53	6	52.135269
76	53	5	64.09539
77	53	5	84.160889
78	53	6	118.683601
79	53	5	144.36618
80	53	5	144.690659
81	53	155	133.686996
82	53	159	105.901718
83	53	159	84.033035
84	53	159	79.282822
85	53	156	88.398521
86	53	6	91.378799
87	53	6	96.877098
88	53	5	107.28756
89	53	7	111.410667
90	53	37	97.833
91	53	38	77.8619
92	53	73	66.019798
93	53	80	58.625778
94	53	80	55.750599
95	53	80	60.121658
96	53	44	65.153397
97	53	48	62.920036
98	53	49	50.921421
99	53	6	37.921886
100	53	6	65.151451
101	53	6	114.202789
102	53	5	149.516876
103	53	6	139.772583
104	53	6	91.023315
105	53	5	39.717636
106	53	7	10.909545
107	53	7	16.219711
108	53	5	48.631016
109	53	5	116.796104
110	53	6	185.688354
111	53	43	218.040955
112	53	44	208.988037
113	53	45	189.724503
114	53	43	192.730347
115	53	44	219.470703
116	53	48	212.131332
117	53	80	178.986938
118	53	55	143.880661
119	53	39	122.495567
120	53	145	98.699402
121	53	152	65.47509
122	53	152	42.103168
123	53	165	54.616886
124	53	166	85.899666
125	53	167	96.622131
126	53	167	80.063004
127	53	166	43.957932
128	53	166	0
0	54	181	0
1	54	182	6.622966
2	54	183	10.454043
3	54	184	9.385959
4	54	185	15.043655
5	54	176	25.742855
6	54	166	32.463444
7	54	166	24.741928
8	54	166	16.992069
9	54	177	23.131632
10	54	186	43.43679
11	54	171	57.598976
12	54	187	61.304291
13	54	188	63.449356
14	54	189	81.846046
15	54	190	135.442032
16	54	191	174.569138
17	54	192	202.378845
18	54	186	216.784409
19	54	193	229.530563
20	54	38	253.221405
21	54	73	279.607056
22	54	80	271.870331
23	54	49	179.076614
24	54	6	75.182205
25	54	37	26.562651
26	54	73	35.483177
27	54	49	37.787266
28	54	7	24.812525
29	54	6	13.257989
30	54	6	6.303969
31	54	5	15.80896
32	54	5	31.002289
33	54	7	37.121162
34	54	5	37.759438
35	54	7	34.933857
36	54	7	21.957289
37	54	7	-7.421772
38	54	5	-25.305681
39	54	5	-31.40663
40	54	5	-46.574638
41	54	7	-53.119827
42	54	6	-39.427296
43	54	7	-12.924357
44	54	5	14.433463
45	54	6	29.519577
46	54	43	46.027012
47	54	80	56.561871
48	54	80	57.637669
49	54	80	58.65168
50	54	80	57.084023
51	54	49	53.573238
52	54	6	50.139301
53	54	5	42.824615
54	54	6	35.550945
55	54	43	26.664104
56	54	80	14.969852
57	54	55	11.539904
58	54	38	9.691923
59	54	39	7.712096
60	54	46	5.879279
61	54	45	5.081925
62	54	43	5.013237
63	54	80	5.023448
64	54	49	6.102747
65	54	6	6.957913
66	54	157	5.104849
67	54	170	3.684677
68	54	170	3.419523
69	54	158	3.046623
70	54	156	2.846241
71	54	5	3.29825
72	54	5	10.890991
73	54	7	29.117699
74	54	7	49.453724
75	54	7	55.450863
76	54	6	74.781059
77	54	6	112.524872
78	54	5	158.868423
79	54	7	172.55777
80	54	157	151.248199
81	54	170	112.392937
82	54	170	79.967194
83	54	170	62.619854
84	54	169	76.61982
85	54	7	92.208969
86	54	5	98.742775
87	54	7	110.797508
88	54	7	130.55304
89	54	43	129.643173
90	54	80	102.924561
91	54	44	70.75383
92	54	48	60.218445
93	54	80	66.424767
94	54	44	71.623047
95	54	45	75.754425
96	54	43	84.431503
97	54	49	82.869812
98	54	6	63.467228
99	54	7	43.289444
100	54	5	48.202049
101	54	6	90.027237
102	54	5	127.172623
103	54	7	125.810326
104	54	7	81.126152
105	54	7	36.432518
106	54	7	8.371855
107	54	7	9.947283
108	54	7	28.670542
109	54	7	87.275642
110	54	43	160.55542
111	54	49	194.725082
112	54	37	200.770981
113	54	61	188.475998
114	54	86	211.762421
115	54	73	240.089294
116	54	80	236.778183
117	54	80	194.355988
118	54	49	150.288696
119	54	149	125.839569
120	54	166	101.481361
121	54	167	63.490517
122	54	166	39.150257
123	54	166	57.718407
124	54	167	96.362
125	54	167	107.310394
126	54	173	88.834724
127	54	174	54.962337
128	54	194	0
0	55	195	0
1	55	196	6.250084
2	55	183	13.108997
3	55	183	17.454639
4	55	197	28.597557
5	55	167	38.664177
6	55	166	37.806995
7	55	198	25.041403
8	55	199	13.908195
9	55	200	20.986925
10	55	201	42.242039
11	55	191	62.566673
12	55	202	69.10405
13	55	203	64.608124
14	55	204	93.889893
15	55	204	160.905212
16	55	205	214.618988
17	55	206	231.353745
18	55	207	211.939896
19	55	208	207.332367
20	55	80	223.766052
21	55	80	259.509125
22	55	49	243.513031
23	55	5	166.314499
24	55	46	80.902542
25	55	48	39.21587
26	55	49	45.650738
27	55	7	38.625378
28	55	7	20.631529
29	55	7	4.49361
30	55	7	7.368462
31	55	7	21.910866
32	55	6	37.339462
33	55	5	40.527946
34	55	7	40.359226
35	55	6	30.844172
36	55	6	9.535878
37	55	7	-17.897968
38	55	7	-30.704332
39	55	5	-27.455713
40	55	7	-32.545757
41	55	7	-48.0303
42	55	7	-52.090012
43	55	6	-12.151859
44	55	7	19.526814
45	55	43	40.211205
46	55	44	46.977539
47	55	47	62.341167
48	55	48	66.826416
49	55	80	54.840374
50	55	49	40.38205
51	55	7	29.494684
52	55	7	22.421591
53	55	5	20.609177
54	55	46	17.951117
55	55	48	13.689615
56	55	80	10.657002
57	55	80	9.078285
58	55	55	7.341166
59	55	39	5.597461
60	55	7	4.778099
61	55	43	4.044914
62	55	80	3.270004
63	55	49	2.506254
64	55	5	2.374197
65	55	157	2.191866
66	55	170	1.83302
67	55	170	1.491448
68	55	163	1.477692
69	55	164	1.31446
70	55	6	0.990869
71	55	5	1.192832
72	55	5	5.510008
73	55	7	20.476837
74	55	5	40.781944
75	55	6	57.785221
76	55	7	87.849594
77	55	5	130.505676
78	55	155	170.074997
79	55	209	172.865845
80	55	162	139.155869
81	55	163	100.079102
82	55	161	72.37365
83	55	164	72.676315
84	55	5	90.165665
85	55	5	106.063942
86	55	6	107.287003
87	55	37	113.898697
88	55	73	124.398842
89	55	44	124.12397
90	55	45	99.910828
91	55	43	75.1241
92	55	80	69.273468
93	55	55	79.85759
94	55	39	84.420715
95	55	43	85.481285
96	55	55	87.566322
97	55	39	85.758698
98	55	6	67.041267
99	55	5	42.203976
100	55	6	34.105007
101	55	5	60.31921
102	55	6	85.618996
103	55	6	91.266441
104	55	6	62.727901
105	55	7	20.785074
106	55	5	2.115926
107	55	7	4.434551
108	55	7	9.159519
109	55	43	37.363361
110	55	49	97.898972
111	55	43	157.341751
112	55	55	191.397018
113	55	61	208.42778
114	55	48	238.92012
115	55	80	259.737793
116	55	44	248.052353
117	55	45	208.325058
118	55	147	160.94664
119	55	210	125.6231
120	55	166	85.227348
121	55	167	45.089931
122	55	167	18.578356
123	55	167	39.609444
124	55	167	69.206116
125	55	211	85.527618
126	55	212	71.780724
127	55	213	46.047646
128	55	214	0
0	56	215	0
1	56	216	6.6163
2	56	217	15.728953
3	56	218	30.002787
4	56	219	43.251545
5	56	220	52.77536
6	56	221	46.142502
7	56	222	27.734921
8	56	223	17.222698
9	56	224	25.68136
10	56	191	54.071457
11	56	225	78.168343
12	56	226	81.878952
13	56	227	77.857704
14	56	228	118.810303
15	56	229	201.84079
16	56	230	267.545807
17	56	167	265.579865
18	56	231	240.973358
19	56	80	213.70224
20	56	80	215.788864
21	56	49	209.34668
22	56	5	211.456146
23	56	5	166.588409
24	56	43	100.923141
25	56	49	53.793346
26	56	7	52.064323
27	56	5	37.576046
28	56	6	18.653667
29	56	6	2.635036
30	56	5	7.012024
31	56	7	20.406471
32	56	7	33.764496
33	56	7	41.140301
34	56	5	39.400219
35	56	5	25.587574
36	56	6	-1.559597
37	56	7	-41.344246
38	56	5	-36.817139
39	56	7	-18.432425
40	56	5	-13.581085
41	56	7	-39.607113
42	56	5	-43.765953
43	56	7	-13.003078
44	56	43	21.780844
45	56	49	39.043072
46	56	5	54.146069
47	56	43	72.894966
48	56	80	81.779228
49	56	49	64.07386
50	56	6	34.21666
51	56	7	15.346407
52	56	6	12.226291
53	56	5	11.250959
54	56	43	10.383038
55	56	80	9.290567
56	56	80	7.995741
57	56	80	6.520753
58	56	55	5.075637
59	56	38	4.353416
60	56	73	3.688207
61	56	80	2.980795
62	56	49	2.357193
63	56	6	1.76642
64	56	160	1.152696
65	56	162	0.609895
66	56	170	0.132019
67	56	169	0
68	56	7	68.111938
69	56	7	68.111938
70	56	7	68.111938
71	56	6	68.261589
72	56	7	1.021473
73	56	5	8.056946
74	56	7	27.700939
75	56	7	48.298061
76	56	5	74.241745
77	56	160	113.113846
78	56	232	140.838226
79	56	168	148.345795
80	56	169	132.055023
81	56	5	108.843941
82	56	5	90.408051
83	56	5	89.694901
84	56	6	102.049515
85	56	7	110.685875
86	56	46	103.472183
87	56	48	98.678444
88	56	49	102.243065
89	56	6	106.124657
90	56	43	95.069153
91	56	80	81.593246
92	56	80	79.183952
93	56	55	83.283791
94	56	73	84.010452
95	56	80	75.919731
96	56	49	80.286232
97	56	6	79.037338
98	56	7	64.457718
99	56	37	42.09322
100	56	38	28.224577
101	56	38	46.44593
102	56	38	69.248138
103	56	39	72.794205
104	56	6	47.524265
105	56	5	17.767347
106	56	7	2.940191
107	56	6	0.761278
108	56	43	1.717509
109	56	55	7.561618
110	56	61	67.485085
111	56	47	135.086823
112	56	45	182.627335
113	56	43	206.033585
114	56	80	228.420197
115	56	49	248.375397
116	56	6	230.287308
117	56	7	196.953003
118	56	147	146.88176
119	56	153	108.080269
120	56	210	59.487297
121	56	166	21.81469
122	56	166	2.090497
123	56	166	23.503698
124	56	233	55.062611
125	56	234	67.252899
126	56	235	47.143761
127	56	236	30.992249
128	56	237	0
0	57	236	0
1	57	238	4.924305
2	57	239	15.748707
3	57	239	33.95232
4	57	240	52.505909
5	57	241	63.530449
6	57	237	59.558826
7	57	242	45.895935
8	57	243	34.923561
9	57	204	41.496605
10	57	244	68.665207
11	57	245	90.38459
12	57	239	96.104691
13	57	246	98.899803
14	57	247	152.478317
15	57	230	240.342499
16	57	166	287.29187
17	57	231	288.417603
18	57	80	255.505981
19	57	80	237.019424
20	57	55	218.468048
21	57	39	213.564941
22	57	5	231.109283
23	57	43	215.941742
24	57	55	162.780502
25	57	39	92.50528
26	57	5	45.000069
27	57	6	27.027987
28	57	5	14.89223
29	57	7	7.581744
30	57	5	8.449695
31	57	6	12.457137
32	57	7	26.285498
33	57	5	42.490814
34	57	5	45.653931
35	57	5	30.500441
36	57	7	4.833457
37	57	6	-32.260166
38	57	5	-38.784809
39	57	5	-25.245449
40	57	5	-22.761223
41	57	7	-43.029274
42	57	37	-43.662445
43	57	73	-13.20404
44	57	49	20.032877
45	57	6	36.657719
46	57	43	59.498024
47	57	80	78.465919
48	57	49	92.023911
49	57	5	68.048157
50	57	7	31.481171
51	57	6	10.992374
52	57	5	9.035897
53	57	46	8.362266
54	57	47	7.506986
55	57	48	142.892807
56	57	80	141.697296
57	57	80	83.104935
58	57	80	82.553635
59	57	80	81.96241
60	57	80	81.408417
61	57	49	80.942848
62	57	6	80.495567
63	57	155	80.043945
64	57	168	79.585907
65	57	170	79.122185
66	57	158	0
67	57	156	0
68	57	7	68.111938
69	57	5	68.111938
70	57	5	68.111938
71	57	7	68.111938
72	57	5	0.382143
73	57	6	2.952822
74	57	5	19.129318
75	57	155	38.193287
76	57	159	61.171036
77	57	168	86.304138
78	57	170	104.697319
79	57	158	121.974701
80	57	159	123.153656
81	57	156	113.996452
82	57	6	99.656273
83	57	7	92.291191
84	57	37	98.501961
85	57	38	103.828827
86	57	61	90.971024
87	57	86	80.507759
88	57	38	85.313484
89	57	73	90.427246
90	57	80	87.546486
91	57	80	80.868217
92	57	44	73.471649
93	57	47	70.064636
94	57	48	73.269753
95	57	49	72.979431
96	57	6	72.053658
97	57	7	73.225685
98	57	43	66.506432
99	57	44	51.848656
100	57	47	47.295734
101	57	48	60.637924
102	57	55	76.06691
103	57	39	79.678009
104	57	6	59.125996
105	57	7	23.620638
106	57	5	5.554204
107	57	46	0
108	57	48	1.492606
109	57	55	48.312325
110	57	39	119.523964
111	57	7	193.423645
112	57	43	214.016525
113	57	80	202.368561
114	57	49	200.099167
115	57	6	217.758728
116	57	7	212.834442
117	57	5	176.895691
118	57	6	133.722
119	57	149	98.128899
120	57	166	58.104111
121	57	166	24.086563
122	57	167	5.353585
123	57	248	29.681515
124	57	249	60.060822
125	57	250	69.567787
126	57	214	50.122906
127	57	239	19.708176
128	57	238	0
0	58	239	0
1	58	228	5.053004
2	58	238	20.716192
3	58	251	40.358337
4	58	252	55.245518
5	58	253	64.490715
6	58	237	67.929062
7	58	236	65.063217
8	58	238	60.367737
9	58	254	60.745872
10	58	245	80.647003
11	58	238	99.186234
12	58	254	103.202896
13	58	255	126.613396
14	58	230	178.685989
15	58	166	253.996277
16	58	207	266.039429
17	58	208	259.117615
18	58	80	244.345306
19	58	80	240.267639
20	58	49	218.327881
21	58	7	224.694931
22	58	43	253.555084
23	58	44	275.950165
24	58	45	202.480484
25	58	7	116.901039
26	58	7	43.368862
27	58	7	20.946468
28	58	7	23.796368
29	58	7	35.558681
30	58	5	41.705391
31	58	5	31.097786
32	58	6	26.005747
33	58	5	37.425037
34	58	5	50.99511
35	58	7	44.529533
36	58	7	21.96031
37	58	7	-12.381972
38	58	5	-39.279961
39	58	5	-48.254711
40	58	5	-49.254604
41	58	43	-55.394001
42	58	80	-41.373032
43	58	49	-9.215
44	58	7	27.334324
45	58	43	43.499557
46	58	80	56.903809
47	58	49	73.798058
48	58	6	77.028603
49	58	6	54.931885
50	58	5	23.422043
51	58	37	11.349016
52	58	38	7.615029
53	58	39	5.883628
54	58	43	5.155997
55	58	80	140.936813
56	58	80	140.468246
57	58	44	82.329216
58	58	48	81.87941
59	58	80	81.479187
60	58	55	81.067017
61	58	39	80.644379
62	58	157	80.212532
63	58	170	79.772552
64	58	170	79.325378
65	58	163	78.871841
66	58	164	0
67	58	7	0
68	58	6	68.111938
69	58	7	68.111938
70	58	5	68.111938
71	58	5	68.111938
72	58	6	0.753625
73	58	155	7.560938
74	58	168	15.659645
75	58	170	30.092087
76	58	170	51.742958
77	58	170	71.800568
78	58	170	95.016083
79	58	163	112.477257
80	58	164	118.930847
81	58	5	105.175476
82	58	37	91.512985
83	58	73	85.271935
84	58	80	97.350288
85	58	49	101.822029
86	58	43	89.542747
87	58	80	80.419945
88	58	80	77.240868
89	58	44	82.410172
90	58	47	79.517929
91	58	45	71.299103
92	58	7	60.399006
93	58	43	57.072281
94	58	49	62.969051
95	58	7	68.338371
96	58	5	73.741791
97	58	43	75.543816
98	58	49	73.532211
99	58	5	72.619347
100	58	46	72.089211
101	58	48	81.218719
102	58	55	96.913437
103	58	39	91.957886
104	58	5	64.064705
105	58	5	26.308989
106	58	6	5.868244
107	58	43	0.005242
108	58	80	18.78721
109	58	55	87.389969
110	58	38	195.374481
111	58	73	271.213989
112	58	44	257.873047
113	58	45	193.491684
114	58	5	175.037689
115	58	7	193.710846
116	58	7	200.650818
117	58	6	171.610916
118	58	149	138.518417
119	58	166	116.375359
120	58	167	84.103516
121	58	167	45.976601
122	58	233	20.311682
123	58	256	29.438673
124	58	257	59.588665
125	58	245	67.675858
126	58	228	43.86322
127	58	239	10.681514
128	58	227	0
0	59	228	0
1	59	228	13.824922
2	59	258	32.254105
3	59	259	54.069214
4	59	260	64.523018
5	59	261	64.820717
6	59	228	65.997261
7	59	238	72.418221
8	59	254	84.017487
9	59	245	88.465797
10	59	239	94.41114
11	59	254	100.010002
12	59	255	119.634697
13	59	230	167.576019
14	59	167	223.595337
15	59	166	254.396744
16	59	231	237.371399
17	59	80	208.770737
18	59	80	224.714127
19	59	49	234.901627
20	59	7	227.782104
21	59	43	227.647278
22	59	55	252.703735
23	59	39	256.902313
24	59	5	201.350784
25	59	6	108.103798
26	59	6	38.251957
27	59	6	24.47587
28	59	6	44.346928
29	59	6	76.31781
30	59	7	87.927795
31	59	5	67.049721
32	59	6	42.244999
33	59	7	34.282703
34	59	5	42.411068
35	59	6	48.696682
36	59	6	40.120476
37	59	7	6.833551
38	59	5	-32.370758
39	59	7	-64.004089
40	59	43	-67.150909
41	59	80	-60.303268
42	59	49	-44.645718
43	59	7	-8.453572
44	59	43	36.793205
45	59	80	52.05793
46	59	55	52.50285
47	59	38	59.709606
48	59	39	61.442188
49	59	7	53.740597
50	59	43	33.344318
51	59	80	25.527933
52	59	55	16.678341
53	59	73	7.167015
54	59	44	4.206535
55	59	47	82.591988
56	59	45	82.249542
57	59	46	28.662851
58	59	47	28.291807
59	59	47	27.906391
60	59	45	25.564253
61	59	160	23.600876
62	59	162	24.735514
63	59	170	23.809298
64	59	158	5.031115
65	59	156	1.04995
66	59	6	1.04995
67	59	5	1.04995
68	59	7	71.729874
69	59	7	68.111938
70	59	5	68.111938
71	59	6	68.111938
72	59	157	8.93213
73	59	170	4.328677
74	59	170	10.737981
75	59	170	18.902229
76	59	170	39.724121
77	59	170	65.580925
78	59	169	95.941147
79	59	6	116.801186
80	59	37	111.592972
81	59	73	93.508804
82	59	80	78.414909
83	59	80	84.405197
84	59	49	100.663597
85	59	43	108.83326
86	59	80	104.262718
87	59	80	95.855438
88	59	49	87.538971
89	59	6	80.912071
90	59	6	70.719421
91	59	6	61.021938
92	59	43	51.797951
93	59	49	50.723469
94	59	6	62.454693
95	59	5	69.19899
96	59	43	67.29084
97	59	55	64.124031
98	59	38	66.220535
99	59	39	73.699173
100	59	43	84.135017
101	59	80	97.602348
102	59	49	101.382729
103	59	5	95.422203
104	59	7	66.943893
105	59	7	26.547613
106	59	46	3.709076
107	59	48	0
108	59	80	20.982746
109	59	80	86.403595
110	59	44	202.97316
111	59	45	274.59082
112	59	6	262.494171
113	59	5	182.106277
114	59	7	163.424774
115	59	6	176.479736
116	59	6	190.374237
117	59	149	174.982727
118	59	167	154.683823
119	59	167	138.46315
120	59	167	109.132568
121	59	262	64.433235
122	59	191	25.127119
123	59	257	21.173439
124	59	245	39.958618
125	59	238	51.466606
126	59	228	36.318726
127	59	227	11.040234
128	59	238	0
0	60	263	0
1	60	264	19.342104
2	60	265	45.890873
3	60	266	68.569702
4	60	267	75.604591
5	60	214	68.516716
6	60	239	62.172535
7	60	237	74.336075
8	60	236	90.153152
9	60	239	96.267868
10	60	237	106.226318
11	60	268	119.965698
12	60	230	161.042221
13	60	166	222.214691
14	60	166	274.659119
15	60	269	275.934143
16	60	48	227.197067
17	60	80	190.990921
18	60	49	209.344589
19	60	5	228.057175
20	60	43	226.077316
21	60	80	218.721863
22	60	49	234.931915
23	60	5	235.819244
24	60	5	174.089447
25	60	5	82.770767
26	60	6	34.242699
27	60	7	29.565174
28	60	6	57.432838
29	60	7	95.830727
30	60	7	110.532509
31	60	6	100.290047
32	60	5	59.978825
33	60	7	33.0257
34	60	37	29.850067
35	60	38	45.149227
36	60	39	48.541672
37	60	37	29.943609
38	60	38	-22.849237
39	60	73	-58.480682
40	60	80	-69.778976
41	60	55	-51.738182
42	60	39	-25.279541
43	60	43	6.098813
44	60	80	44.229004
45	60	80	53.356346
46	60	80	49.814701
47	60	49	52.309814
48	60	7	56.164639
49	60	46	60.688293
50	60	48	58.183887
51	60	80	42.969994
52	60	80	24.579548
53	60	49	10.647746
54	60	6	3.97976
55	60	5	82.168594
56	60	7	81.847946
57	60	5	28.27667
58	60	6	27.920555
59	60	6	25.173483
60	60	5	27.165087
61	60	157	24.824764
62	60	170	24.417816
63	60	170	24.649357
64	60	169	6.202028
65	60	6	1.04995
66	60	7	4.962002
67	60	7	71.801918
68	60	7	74.369934
69	60	6	70.751953
70	60	5	70.751953
71	60	160	70.751953
72	60	161	-1.059033
73	60	162	-1.399511
74	60	170	5.85021
75	60	163	10.607308
76	60	161	22.945925
77	60	164	53.248425
78	60	5	91.099525
79	60	43	112.894753
80	60	44	108.918839
81	60	48	90.334366
82	60	80	71.547295
83	60	55	75.769226
84	60	73	86.724541
85	60	80	98.18589
86	60	44	108.019188
87	60	86	115.813423
88	60	38	107.029129
89	60	38	90.695091
90	60	38	68.709793
91	60	73	52.353142
92	60	49	46.62265
93	60	5	49.197983
94	60	5	54.300007
95	60	43	52.514523
96	60	80	45.994835
97	60	80	45.641346
98	60	49	53.478725
99	60	43	69.445351
100	60	80	79.69883
101	60	49	89.722763
102	60	5	94.802216
103	60	6	92.380386
104	60	5	70.090935
105	60	5	34.752907
106	60	46	5.480372
107	60	47	0.366306
108	60	47	8.210754
109	60	45	45.209526
110	60	7	133.518875
111	60	5	210.31279
112	60	7	219.40979
113	60	6	176.691528
114	60	5	162.972168
115	60	5	171.038132
116	60	149	179.239777
117	60	167	160.565674
118	60	166	146.651459
119	60	167	133.213394
120	60	270	101.439705
121	60	271	58.823093
122	60	257	22.736937
123	60	245	11.827031
124	60	251	36.857216
125	60	253	53.390945
126	60	227	45.733852
127	60	263	21.201797
128	60	264	0
0	61	272	0
1	61	273	15.377619
2	61	274	38.812492
3	61	275	61.768532
4	61	236	73.881996
5	61	246	68.129387
6	61	276	60.441269
7	61	276	67.63752
8	61	214	82.79081
9	61	227	98.999481
10	61	229	116.83255
11	61	180	144.741318
12	61	172	200.95488
13	61	167	263.737488
14	61	150	286.805023
15	61	43	271.727264
16	61	80	226.15033
17	61	49	200.931381
18	61	5	207.645218
19	61	46	212.891022
20	61	48	220.060699
21	61	49	222.586044
22	61	6	224.993958
23	61	5	199.008987
24	61	7	133.042435
25	61	5	71.132751
26	61	5	29.109457
27	61	7	26.9622
28	61	5	46.038311
29	61	6	74.00631
30	61	7	103.082054
31	61	7	102.629944
32	61	5	72.612701
33	61	43	38.290997
34	61	80	25.006985
35	61	49	38.322227
36	61	43	53.243908
37	61	44	41.475227
38	61	47	-7.872336
39	61	48	-37.467968
40	61	80	-45.342167
41	61	49	-25.634874
42	61	46	0.748228
43	61	48	25.300871
44	61	80	51.564945
45	61	44	60.922264
46	61	45	54.496593
47	61	6	50.560925
48	61	7	59.408501
49	61	46	68.249214
50	61	48	61.28997
51	61	80	43.029633
52	61	49	23.210835
53	61	7	9.775848
54	61	5	3.562667
55	61	6	81.73996
56	61	37	81.434067
57	61	39	27.877356
58	61	5	27.53548
59	61	155	27.178236
60	61	168	24.965094
61	61	170	24.479616
62	61	163	24.732901
63	61	164	20.086065
64	61	5	19.973986
65	61	5	68.273666
66	61	5	71.801918
67	61	5	71.801918
68	61	6	71.627907
69	61	6	70.751953
70	61	5	70.751953
71	61	7	70.751953
72	61	157	-0.407986
73	61	170	-3.122156
74	61	158	1.77566
75	61	156	3.498768
76	61	5	10.906543
77	61	7	31.217634
78	61	46	69.911827
79	61	45	102.76313
80	61	43	106.459686
81	61	80	86.73526
82	61	80	76.526108
83	61	80	80.158165
84	61	80	81.843727
85	61	49	83.723831
86	61	46	101.399101
87	61	48	125.334068
88	61	80	128.531601
89	61	80	104.28923
90	61	44	75.73555
91	61	45	58.971119
92	61	5	52.13448
93	61	5	43.519897
94	61	46	38.119667
95	61	48	35.233276
96	61	80	29.605064
97	61	55	36.27269
98	61	73	51.845093
99	61	80	66.061737
100	61	49	73.657043
101	61	7	71.818321
102	61	6	75.605072
103	61	6	81.261848
104	61	5	78.111649
105	61	6	48.131363
106	61	5	18.304726
107	61	5	12.671202
108	61	6	14.06814
109	61	5	18.589344
110	61	7	60.818802
111	61	6	126.027672
112	61	5	159.974655
113	61	6	172.662857
114	61	5	168.989792
115	61	149	174.317932
116	61	166	166.460312
117	61	166	142.304138
118	61	166	132.38031
119	61	277	119.52272
120	61	278	82.587494
121	61	257	39.432686
122	61	245	12.95501
123	61	279	12.581564
124	61	280	40.080212
125	61	281	63.39043
126	61	264	60.38237
127	61	272	33.764832
128	61	272	0
0	62	282	0
1	62	283	5.80113
2	62	236	18.235695
3	62	246	33.2187
4	62	284	47.30864
5	62	285	57.70586
6	62	286	59.563366
7	62	287	60.978832
8	62	252	69.197922
9	62	288	83.167557
10	62	259	110.036667
11	62	289	155.488556
12	62	172	215.558594
13	62	151	253.923111
14	62	290	253.697845
15	62	80	234.759262
16	62	49	205.867203
17	62	37	198.292496
18	62	38	203.472458
19	62	61	202.178207
20	62	45	210.016129
21	62	5	217.354218
22	62	7	226.871719
23	62	6	199.147552
24	62	6	139.972183
25	62	5	75.842812
26	62	7	33.023521
27	62	6	17.806679
28	62	5	25.605148
29	62	37	46.162315
30	62	39	84.046379
31	62	5	98.527412
32	62	43	84.089569
33	62	44	47.593365
34	62	45	30.121773
35	62	43	33.564224
36	62	49	48.266048
37	62	6	44.461151
38	62	43	13.708311
39	62	80	-7.382497
40	62	49	-9.682198
41	62	6	11.935358
42	62	43	41.916649
43	62	44	64.400635
44	62	45	70.587654
45	62	6	65.20723
46	62	5	51.498131
47	62	7	49.849991
48	62	6	49.767265
49	62	43	50.21125
50	62	80	41.899059
51	62	55	24.31008
52	62	39	12.904476
53	62	7	5.140131
54	62	37	2.829023
55	62	73	81.301582
56	62	49	81.00946
57	62	5	27.466465
58	62	160	27.138124
59	62	162	26.794115
60	62	170	26.435894
61	62	169	24.768797
62	62	6	23.80401
63	62	7	19.973986
64	62	7	69.918007
65	62	5	67.085945
66	62	7	70.751953
67	62	5	70.751953
68	62	5	70.751953
69	62	7	70.751953
70	62	6	70.499916
71	62	157	70.499916
72	62	163	-0.660023
73	62	161	-4.116041
74	62	164	-0.252041
75	62	6	0
76	62	7	4.511209
77	62	6	16.213928
78	62	6	49.433903
79	62	43	87.142258
80	62	44	99.415787
81	62	47	91.076042
82	62	48	86.819252
83	62	80	92.697098
84	62	49	85.384384
85	62	37	81.766975
86	62	73	91.772461
87	62	44	124.722237
88	62	48	129.372467
89	62	49	112.148994
90	62	5	86.569122
91	62	5	67.478111
92	62	7	58.909992
93	62	7	49.426243
94	62	46	35.453815
95	62	48	28.534565
96	62	80	28.437904
97	62	80	36.076496
98	62	44	48.633629
99	62	45	60.045403
100	62	7	60.504215
101	62	6	54.661667
102	62	5	60.807209
103	62	6	74.827232
104	62	5	79.129295
105	62	7	57.039421
106	62	5	34.624596
107	62	6	27.74893
108	62	5	28.981749
109	62	5	25.263327
110	62	6	40.062222
111	62	5	90.527596
112	62	5	141.919571
113	62	5	177.914108
114	62	149	182.057373
115	62	167	175.114639
116	62	166	160.363083
117	62	166	142.259476
118	62	291	144.763504
119	62	292	127.391411
120	62	293	81.398621
121	62	294	34.549232
122	62	295	4.167898
123	62	296	15.561899
124	62	297	42.194088
125	62	272	63.798359
126	62	272	59.128716
127	62	272	32.903809
128	62	273	0
0	63	298	0
1	63	299	0.260388
2	63	300	6.83659
3	63	245	15.541451
4	63	239	29.722237
5	63	258	48.508148
6	63	259	59.234264
7	63	259	58.152153
8	63	301	66.967949
9	63	302	77.777336
10	63	303	94.056595
11	63	180	143.804306
12	63	172	200.084198
13	63	231	236.378723
14	63	80	217.289398
15	63	49	195.231796
16	63	46	190.645981
17	63	48	196.665955
18	63	49	196.116165
19	63	7	195.643341
20	63	7	210.626968
21	63	5	233.063736
22	63	5	237.951035
23	63	5	203.582886
24	63	5	149.75853
25	63	6	93.334267
26	63	6	43.930939
27	63	37	22.538685
28	63	61	20.991714
29	63	45	40.870773
30	63	5	69.628456
31	63	46	85.752388
32	63	45	74.615799
33	63	5	48.060474
34	63	43	31.646482
35	63	49	33.988842
36	63	7	40.901382
37	63	43	43.717854
38	63	44	40.902943
39	63	45	32.941917
40	63	37	38.732819
41	63	73	55.80711
42	63	49	81.327141
43	63	7	93.394592
44	63	5	88.411385
45	63	5	64.241165
46	63	7	44.200676
47	63	6	38.188751
48	63	43	36.652683
49	63	44	37.447475
50	63	48	28.043579
51	63	49	15.746605
52	63	5	7.543661
53	63	46	2.606128
54	63	48	2.369608
55	63	55	80.854767
56	63	39	80.57547
57	63	5	27.04537
58	63	157	26.729843
59	63	170	26.398464
60	63	158	24.756601
61	63	156	24.397535
62	63	6	24.216011
63	63	7	24.216011
64	63	7	138.732162
65	63	5	141.576096
66	63	5	18.762177
67	63	6	20.544006
68	63	6	20.544006
69	63	6	20.544006
70	63	157	20.291965
71	63	158	20.291965
72	63	159	-0.252041
73	63	159	-0.252041
74	63	156	-0.252041
75	63	6	0
76	63	6	1.183132
77	63	37	12.762488
78	63	73	48.257381
79	63	49	84.471985
80	63	5	99.308014
81	63	43	90.827042
82	63	80	96.962448
83	63	55	107.002075
84	63	73	97.652237
85	63	80	88.158981
86	63	55	88.505669
87	63	61	112.343102
88	63	45	117.411026
89	63	5	104.106949
90	63	5	85.896645
91	63	5	78.812164
92	63	7	69.091171
93	63	5	63.151955
94	63	46	53.647118
95	63	48	42.613968
96	63	44	35.771492
97	63	45	32.030952
98	63	6	33.095024
99	63	6	45.429642
100	63	7	50.349518
101	63	6	52.588379
102	63	6	62.050907
103	63	6	84.300117
104	63	5	84.343124
105	63	7	55.496887
106	63	5	35.441833
107	63	7	34.101933
108	63	5	37.03043
109	63	6	25.229259
110	63	7	33.689793
111	63	6	78.748734
112	63	7	137.3517
113	63	147	175.703262
114	63	153	184.220642
115	63	153	177.510818
116	63	153	169.556641
117	63	304	171.605881
118	63	305	170.566162
119	63	306	149.693146
120	63	307	95.112846
121	63	308	39.512356
122	63	309	6.560096
123	63	310	10.830709
124	63	311	30.710611
125	63	312	48.004482
126	63	272	47.849079
127	63	282	26.528154
128	63	313	0
0	64	314	0
1	64	315	7.434603
2	64	287	17.407825
3	64	316	26.127356
4	64	264	42.206486
5	64	272	56.703598
6	64	265	65.022774
7	64	317	74.97718
8	64	318	83.267265
9	64	224	89.963646
10	64	319	87.253304
11	64	320	116.187363
12	64	231	167.706726
13	64	80	204.873749
14	64	49	204.094177
15	64	37	195.861115
16	64	61	195.984772
17	64	45	201.299637
18	64	5	194.914581
19	64	6	201.801285
20	64	7	236.63147
21	64	5	269.025421
22	64	5	260.07959
23	64	7	210.751968
24	64	37	147.271759
25	64	38	102.553001
26	64	73	54.938229
27	64	49	30.645199
28	64	7	21.831905
29	64	5	37.051571
30	64	5	54.4282
31	64	7	59.182804
32	64	6	51.440041
33	64	46	35.047367
34	64	45	29.711241
35	64	6	43.247154
36	64	43	50.831383
37	64	49	50.795021
38	64	5	61.732002
39	64	43	61.861599
40	64	80	70.291901
41	64	49	79.762856
42	64	5	90.987724
43	64	7	89.478867
44	64	6	74.993851
45	64	6	56.182541
46	64	6	42.687023
47	64	46	36.289433
48	64	45	36.734146
49	64	43	45.823654
50	64	49	44.541641
51	64	7	29.294531
52	64	7	14.250764
53	64	43	4.948754
54	64	80	1.903797
55	64	49	80.400604
56	64	7	80.133255
57	64	157	26.615248
58	64	170	26.311834
59	64	170	24.696465
60	64	169	24.362448
61	64	5	24.216011
62	64	5	24.216011
63	64	5	24.216011
64	64	6	141.576096
65	64	5	141.576096
66	64	6	21.168018
67	64	5	24.216011
68	64	155	20.544006
69	64	168	20.544006
70	64	170	20.291965
71	64	170	20.291965
72	64	170	-0.99002
73	64	169	-0.99002
74	64	6	-0.252041
75	64	7	0
76	64	43	1.557439
77	64	44	16.831087
78	64	45	49.873329
79	64	6	83.272804
80	64	46	96.876442
81	64	48	87.331657
82	64	80	91.527473
83	64	44	99.374092
84	64	47	93.707893
85	64	48	85.240486
86	64	55	90.024361
87	64	38	105.868065
88	64	38	106.502235
89	64	39	100.587349
90	64	5	98.224953
91	64	5	95.296654
92	64	7	84.871613
93	64	37	74.084442
94	64	61	62.323318
95	64	45	50.214458
96	64	7	36.98455
97	64	7	27.064501
98	64	5	25.100008
99	64	5	28.735142
100	64	7	33.866188
101	64	5	46.434189
102	64	5	72.92057
103	64	5	92.721954
104	64	6	84.412277
105	64	6	47.981354
106	64	6	26.379816
107	64	7	27.703083
108	64	5	30.240343
109	64	5	20.455452
110	64	6	21.259693
111	64	7	70.721931
112	64	7	139.759033
113	64	7	185.715607
114	64	37	193.31369
115	64	39	189.930588
116	64	321	189.385071
117	64	322	184.086411
118	64	306	176.838745
119	64	307	159.493668
120	64	229	104.973045
121	64	323	49.039082
122	64	324	12.535956
123	64	325	14.148597
124	64	326	22.388338
125	64	327	33.328564
126	64	328	34.139828
127	64	329	24.787222
128	64	330	0
0	65	259	0
1	65	259	19.199791
2	65	331	35.374626
3	65	272	53.990593
4	65	272	70.249901
5	65	273	78.464447
6	65	332	79.713554
7	65	237	83.83493
8	65	268	102.826607
9	65	230	107.896095
10	65	167	94.177917
11	65	231	102.109314
12	65	80	153.121826
13	65	55	213.741684
14	65	61	230.509232
15	65	45	215.139557
16	65	7	206.185364
17	65	5	203.042465
18	65	5	195.074295
19	65	7	217.67363
20	65	7	255.618271
21	65	6	282.953308
22	65	7	264.371552
23	65	43	209.060364
24	65	80	141.825363
25	65	80	96.397377
26	65	55	61.497711
27	65	39	39.794476
28	65	7	27.163361
29	65	6	33.162624
30	65	5	32.958763
31	65	6	30.269697
32	65	7	30.278793
33	65	7	32.726437
34	65	6	47.376366
35	65	43	60.104664
36	65	55	67.677856
37	65	38	64.68856
38	65	73	64.855156
39	65	44	67.014679
40	65	45	73.576149
41	65	6	73.723175
42	65	6	74.182541
43	65	37	70.176987
44	65	38	61.955212
45	65	38	52.814713
46	65	39	41.253597
47	65	37	39.406143
48	65	73	44.261375
49	65	55	57.442974
50	65	39	57.821293
51	65	7	39.326908
52	65	43	17.471949
53	65	80	5.889145
54	65	49	1.432434
55	65	5	79.940018
56	65	157	79.683792
57	65	170	26.177128
58	65	170	24.589134
59	65	169	24.281185
60	65	5	24.216011
61	65	5	24.216011
62	65	6	24.216011
63	65	5	24.216011
64	65	7	24.216011
65	65	7	24.216011
66	65	5	24.216011
67	65	157	24.216011
68	65	170	15.635978
69	65	170	15.635978
70	65	170	20.544006
71	65	170	20.544006
72	65	169	60.125969
73	65	7	60.125969
74	65	6	0
75	65	43	0.009977
76	65	49	1.811809
77	65	6	16.148518
78	65	5	41.837532
79	65	5	67.162315
80	65	46	80.329651
81	65	48	76.913696
82	65	55	73.013329
83	65	38	78.095215
84	65	73	77.580696
85	65	80	82.305168
86	65	80	100.812416
87	65	44	113.022957
88	65	45	108.39991
89	65	6	111.998634
90	65	5	117.694229
91	65	5	117.303154
92	65	46	95.97831
93	65	45	69.874153
94	65	6	58.287624
95	65	37	49.501518
96	65	38	35.137867
97	65	39	21.925982
98	65	7	19.470888
99	65	5	20.769363
100	65	5	24.195581
101	65	7	44.092781
102	65	7	77.37764
103	65	7	97.426353
104	65	5	81.55426
105	65	7	45.262978
106	65	5	22.192528
107	65	7	21.572729
108	65	6	29.284636
109	65	6	49.044922
110	65	7	65.201782
111	65	37	108.810898
112	65	38	155.502274
113	65	73	192.219177
114	65	49	204.220337
115	65	333	199.142502
116	65	334	195.350464
117	65	225	180.73317
118	65	335	166.315292
119	65	247	147.597839
120	65	336	104.379845
121	65	337	54.494125
122	65	338	29.641891
123	65	339	28.574455
124	65	228	31.172771
125	65	263	31.951725
126	65	281	29.293306
127	65	264	23.524212
128	65	272	0
0	66	340	0
1	66	327	25.956608
2	66	312	44.302776
3	66	265	63.540844
4	66	341	81.011154
5	66	342	83.889915
6	66	246	76.284294
7	66	247	78.980682
8	66	343	99.332878
9	66	344	108.115822
10	66	207	94.417824
11	66	208	97.038605
12	66	80	153.969254
13	66	49	216.070404
14	66	5	246.864227
15	66	6	250.105057
16	66	5	242.767746
17	66	7	235.427643
18	66	5	217.315887
19	66	5	220.082031
20	66	5	246.149765
21	66	37	256.181671
22	66	73	236.795288
23	66	44	187.667374
24	66	47	129.528137
25	66	48	88.95932
26	66	49	54.01469
27	66	5	36.58334
28	66	6	27.51619
29	66	6	22.326838
30	66	5	14.958524
31	66	6	13.556112
32	66	7	24.937288
33	66	5	39.288872
34	66	46	55.325054
35	66	48	67.322922
36	66	80	71.397087
37	66	44	66.764046
38	66	45	61.264622
39	66	6	60.250992
40	66	7	60.427887
41	66	7	56.675262
42	66	43	54.893215
43	66	44	53.97892
44	66	47	54.91946
45	66	86	54.942471
46	66	73	52.055401
47	66	80	46.375679
48	66	80	49.050694
49	66	49	55.950348
50	66	5	52.040848
51	66	43	36.845451
52	66	80	13.942838
53	66	49	3.415992
54	66	6	0.956231
55	66	157	79.473801
56	66	170	79.227936
57	66	170	27.195902
58	66	169	26.976015
59	66	7	24.216011
60	66	7	24.216011
61	66	6	24.216011
62	66	5	24.216011
63	66	7	24.216011
64	66	7	24.216011
65	66	155	24.216011
66	66	209	24.216011
67	66	162	24.216011
68	66	170	15.635978
69	66	170	15.635978
70	66	170	15.635978
71	66	169	21.444021
72	66	5	60.125969
73	66	37	60.125969
74	66	73	0
75	66	55	0
76	66	39	1.366154
77	66	7	9.843535
78	66	7	23.932549
79	66	6	41.585087
80	66	43	57.31823
81	66	44	60.88829
82	66	47	60.276581
83	66	47	56.322407
84	66	48	59.653217
85	66	44	79.21212
86	66	45	102.693771
87	66	7	109.824905
88	66	7	105.514763
89	66	7	114.316467
90	66	37	133.136612
91	66	38	136.497696
92	66	38	103.568298
93	66	38	67.748131
94	66	73	50.663773
95	66	80	52.002464
96	66	55	45.284931
97	66	39	32.216515
98	66	7	22.924124
99	66	6	20.002054
100	66	6	21.518238
101	66	6	35.736156
102	66	5	64.445084
103	66	7	79.131279
104	66	5	79.71447
105	66	5	60.378174
106	66	7	40.883499
107	66	5	31.85887
108	66	5	54.88583
109	66	37	93.842987
110	66	73	132.058823
111	66	80	154.699051
112	66	80	186.080933
113	66	49	203.631622
114	66	149	213.588211
115	66	345	201.847946
116	66	346	190.762955
117	66	347	169.143463
118	66	348	153.397415
119	66	331	127.509354
120	66	272	100.414627
121	66	349	64.289375
122	66	281	45.003567
123	66	350	41.871246
124	66	351	39.660015
125	66	302	29.837769
126	66	302	19.206993
127	66	352	13.609013
128	66	353	0
0	67	227	0
1	67	354	23.384537
2	67	355	35.589912
3	67	356	51.217186
4	67	357	62.123524
5	67	254	69.958008
6	67	255	62.811001
7	67	358	62.95929
8	67	197	74.563446
9	67	167	82.221764
10	67	231	70.649696
11	67	44	80.422569
12	67	45	139.566208
13	67	7	212.73288
14	67	7	259.306122
15	67	6	271.287811
16	67	5	265.640961
17	67	6	260.097351
18	67	7	238.624863
19	67	5	221.209106
20	67	43	226.383301
21	67	80	237.587616
22	67	55	229.074554
23	67	38	200.923645
24	67	73	154.347717
25	67	49	105.099915
26	67	7	55.775616
27	67	7	28.456091
28	67	6	20.289087
29	67	5	16.569162
30	67	6	9.591054
31	67	7	11.101035
32	67	6	23.500685
33	67	5	37.714527
34	67	43	54.383896
35	67	80	64.666397
36	67	49	65.090683
37	67	5	58.899841
38	67	37	51.577003
39	67	38	49.119755
40	67	39	46.801575
41	67	43	45.974125
42	67	55	55.348824
43	67	39	59.072308
44	67	43	64.069656
45	67	80	62.647266
46	67	44	54.692791
47	67	47	46.786934
48	67	86	44.016319
49	67	38	49.745487
50	67	73	47.621742
51	67	80	31.694191
52	67	49	15.658775
53	67	7	2.389652
54	67	157	0.475787
55	67	170	79.002617
56	67	170	78.772751
57	67	169	26.976015
58	67	5	26.976015
59	67	6	26.976015
60	67	7	24.216011
61	67	5	24.216011
62	67	7	24.216011
63	67	7	24.216011
64	67	157	24.216011
65	67	158	24.216011
66	67	168	24.216011
67	67	170	23.256033
68	67	170	22.104023
69	67	170	20.85601
70	67	158	24.216011
71	67	156	21.32399
72	67	46	60.863941
73	67	48	60.863941
74	67	80	0
75	67	55	0
76	67	39	1.130939
77	67	5	3.200532
78	67	6	11.005435
79	67	43	23.726208
80	67	55	38.870964
81	67	38	53.714874
82	67	38	50.584766
83	67	61	41.053978
84	67	45	42.743015
85	67	5	60.448891
86	67	37	81.601906
87	67	39	87.835007
88	67	37	84.717148
89	67	73	98.015167
90	67	80	122.755615
91	67	80	131.762451
92	67	80	99.803886
93	67	80	63.399929
94	67	80	56.95969
95	67	44	61.499161
96	67	45	55.254189
97	67	7	40.14938
98	67	7	28.424971
99	67	6	24.503393
100	67	6	24.457029
101	67	7	27.287066
102	67	5	39.711582
103	67	7	56.093723
104	67	7	70.908775
105	67	5	70.062477
106	67	7	61.459976
107	67	37	45.054661
108	67	73	68.958908
109	67	44	120.894104
110	67	48	173.434006
111	67	80	180.864563
112	67	49	195.456451
113	67	149	200.051437
114	67	151	216.208908
115	67	152	201.367264
116	67	165	180.454468
117	67	359	190.611557
118	67	302	175.934158
119	67	302	161.976074
120	67	302	106.98848
121	67	302	68.183647
122	67	360	53.922939
123	67	361	52.000919
124	67	362	54.421116
125	67	363	41.214504
126	67	364	20.756788
127	67	238	4.01654
128	67	239	0
0	68	263	0
1	68	264	17.449509
2	68	365	23.179832
3	68	366	33.060612
4	68	284	43.18034
5	68	268	50.458431
6	68	367	57.603115
7	68	368	70.094505
8	68	167	80.488731
9	68	269	66.810135
10	68	45	45.079689
11	68	6	53.827854
12	68	5	112.269745
13	68	7	182.512848
14	68	6	227.42691
15	68	6	248.97934
16	68	5	255.736923
17	68	7	264.265381
18	68	7	263.118469
19	68	46	246.430206
20	68	47	237.15947
21	68	48	244.872955
22	68	80	251.99826
23	68	44	244.748474
24	68	45	195.113632
25	68	5	129.886581
26	68	7	69.857803
27	68	6	30.943005
28	68	7	17.350954
29	68	7	26.70529
30	68	6	21.923513
31	68	5	13.200864
32	68	7	13.015742
33	68	46	28.41584
34	68	48	47.390404
35	68	55	73.168594
36	68	38	72.947296
37	68	73	58.096748
38	68	44	48.552742
39	68	45	50.239025
40	68	46	46.669697
41	68	48	44.801281
42	68	49	51.746914
43	68	46	61.969898
44	68	48	67.028999
45	68	55	62.623871
46	68	38	52.998322
47	68	73	42.218925
48	68	80	54.188126
49	68	44	64.242958
50	68	48	58.699322
51	68	49	39.036888
52	68	6	17.865421
53	68	160	4.787339
54	68	161	0.012671
55	68	161	-9.455971
56	68	164	29.736036
57	68	6	26.976015
58	68	6	26.976015
59	68	6	26.976015
60	68	5	26.976015
61	68	6	24.216011
62	68	155	24.216011
63	68	168	24.216011
64	68	170	24.216011
65	68	170	24.216011
66	68	170	24.216011
67	68	170	24.216011
68	68	163	24.216011
69	68	161	24.216011
70	68	164	21.32399
71	68	6	21.32399
72	68	46	60.863941
73	68	48	60.863941
74	68	80	0
75	68	49	0
76	68	7	0.723771
77	68	6	2.736511
78	68	46	6.237389
79	68	48	16.140636
80	68	80	33.7575
81	68	44	45.091682
82	68	45	43.811913
83	68	37	33.455055
84	68	38	34.476936
85	68	61	49.084141
86	68	45	57.539738
87	68	43	68.911636
88	68	44	80.270607
89	68	47	90.069038
90	68	47	100.09938
91	68	48	96.284157
92	68	80	85.121231
93	68	44	62.630062
94	68	45	60.269798
95	68	6	58.512363
96	68	7	51.028633
97	68	7	35.486492
98	68	7	29.880404
99	68	7	26.890368
100	68	7	24.621956
101	68	6	22.280136
102	68	6	25.265268
103	68	7	37.482998
104	68	37	58.99049
105	68	38	77.104393
106	68	73	73.691589
107	68	44	63.082767
108	68	45	69.806015
109	68	43	122.790199
110	68	80	152.465973
111	68	49	161.024246
112	68	149	174.071976
113	68	167	198.411224
114	68	166	215.998734
115	68	166	211.468979
116	68	262	204.139359
117	68	369	221.6875
118	68	362	222.386322
119	68	204	185.644592
120	68	318	129.469925
121	68	370	78.722946
122	68	275	71.821327
123	68	236	75.194878
124	68	229	73.565178
125	68	371	69.322289
126	68	372	41.737106
127	68	228	15.121202
128	68	373	0
0	69	374	0
1	69	375	13.33971
2	69	376	20.748348
3	69	245	26.71703
4	69	229	35.75034
5	69	180	42.758369
6	69	172	65.812943
7	69	166	94.094719
8	69	150	104.639542
9	69	6	76.369324
10	69	6	43.154037
11	69	5	30.49
12	69	5	70.445938
13	69	5	129.714417
14	69	7	180.049332
15	69	7	201.678238
16	69	7	242.200607
17	69	7	269.031342
18	69	7	280.281006
19	69	6	264.565094
20	69	46	244.695419
21	69	47	254.140625
22	69	45	267.527374
23	69	7	259.663544
24	69	5	223.510162
25	69	5	157.192245
26	69	5	88.103699
27	69	6	37.191494
28	69	7	36.583897
29	69	5	55.349857
30	69	6	52.859249
31	69	6	29.162739
32	69	7	8.532047
33	69	46	20.603668
34	69	48	71.361687
35	69	80	110.67202
36	69	44	107.355629
37	69	45	77.874542
38	69	7	58.570843
39	69	37	61.249226
40	69	73	56.530262
41	69	55	49.641811
42	69	39	47.384373
43	69	46	57.319942
44	69	48	63.93515
45	69	80	63.075443
46	69	80	53.435951
47	69	80	54.029202
48	69	55	69.624008
49	69	73	86.651131
50	69	49	71.716705
51	69	5	43.523102
52	69	5	16.766321
53	69	5	3.464776
54	69	6	0
55	69	5	0
56	69	7	26.256004
57	69	7	26.976015
58	69	5	24.288006
59	69	7	26.976015
60	69	6	26.976015
61	69	157	26.976015
62	69	170	24.216011
63	69	170	138.383881
64	69	170	138.383881
65	69	170	24.216011
66	69	170	24.216011
67	69	158	24.216011
68	69	156	24.216011
69	69	7	21.32399
70	69	7	21.32399
71	69	6	21.32399
72	69	43	60.863941
73	69	80	60.863941
74	69	55	0
75	69	38	0
76	69	39	0.221235
77	69	37	2.080625
78	69	73	4.027234
79	69	80	12.411362
80	69	49	26.440662
81	69	6	37.521683
82	69	43	35.513756
83	69	80	37.3405
84	69	49	47.831276
85	69	7	60.779453
86	69	43	62.193882
87	69	49	65.843094
88	69	6	82.573891
89	69	37	90.972534
90	69	73	86.713486
91	69	80	74.608887
92	69	55	69.632629
93	69	39	59.452057
94	69	7	49.096176
95	69	6	42.987873
96	69	5	33.576321
97	69	7	27.22963
98	69	6	29.824341
99	69	5	30.475731
100	69	7	23.287766
101	69	5	19.513054
102	69	5	20.572609
103	69	43	30.979332
104	69	80	59.903187
105	69	80	83.06308
106	69	55	91.475647
107	69	39	86.946144
108	69	43	80.029411
109	69	80	107.636406
110	69	377	124.056961
111	69	165	129.007675
112	69	167	143.916656
113	69	167	174.467941
114	69	167	208.042252
115	69	262	210.627106
116	69	257	215.444626
117	69	245	228.947006
118	69	238	218.695053
119	69	237	173.966446
120	69	285	119.093346
121	69	236	83.379509
122	69	228	81.187965
123	69	229	83.770874
124	69	336	86.317749
125	69	349	91.343033
126	69	281	59.400673
127	69	378	25.996367
128	69	379	0
0	70	380	0
1	70	381	12.704308
2	70	236	22.560539
3	70	229	32.248886
4	70	319	41.821602
5	70	320	45.746162
6	70	167	68.403877
7	70	150	98.768143
8	70	7	117.745247
9	70	6	85.726662
10	70	6	43.920643
11	70	5	20.032198
12	70	5	43.474819
13	70	7	97.77755
14	70	7	149.563339
15	70	6	183.458557
16	70	7	226.744644
17	70	7	268.979706
18	70	5	282.808563
19	70	5	264.425323
20	70	6	230.703003
21	70	6	228.262741
22	70	6	227.701553
23	70	7	237.431717
24	70	5	223.57811
25	70	7	182.352676
26	70	7	114.155228
27	70	6	56.813541
28	70	5	51.814373
29	70	5	76.52272
30	70	7	75.265572
31	70	7	50.150383
32	70	7	25.852669
33	70	43	41.864075
34	70	80	98.781296
35	70	55	131.12114
36	70	38	124.536613
37	70	38	87.233841
38	70	73	77.247147
39	70	80	79.23259
40	70	44	71.924911
41	70	86	59.838444
42	70	38	48.882206
43	70	73	51.286514
44	70	80	64.131355
45	70	80	71.041069
46	70	80	72.890167
47	70	80	78.548073
48	70	44	85.918655
49	70	45	95.374443
50	70	7	71.964806
51	70	5	32.926498
52	70	7	8.951475
53	70	6	0.688414
54	70	5	0
55	70	6	0
56	70	6	0
57	70	6	0
58	70	5	84.671982
59	70	5	84.671982
60	70	157	84.671982
61	70	170	84.671982
62	70	170	79.344017
63	70	170	140.999969
64	70	170	138.383881
65	70	170	24.216011
66	70	170	24.216011
67	70	169	24.216011
68	70	5	21.32399
69	70	5	21.32399
70	70	6	21.32399
71	70	43	21.32399
72	70	80	60.863941
73	70	80	60.863941
74	70	80	0
75	70	55	0
76	70	73	0
77	70	80	1.249482
78	70	80	2.752244
79	70	49	6.667964
80	70	5	18.561415
81	70	43	26.510588
82	70	80	20.821959
83	70	55	34.230667
84	70	39	58.443707
85	70	46	78.179771
86	70	86	73.84613
87	70	38	74.943008
88	70	73	86.307724
89	70	80	94.163986
90	70	44	69.3423
91	70	48	59.913448
92	70	55	60.118793
93	70	38	54.455391
94	70	39	39.774323
95	70	7	32.098446
96	70	7	27.478191
97	70	5	31.583181
98	70	6	37.444363
99	70	5	39.95295
100	70	7	25.313236
101	70	37	15.217654
102	70	73	18.911791
103	70	80	36.156631
104	70	80	60.212299
105	70	80	91.915901
106	70	55	101.235222
107	70	73	97.633842
108	70	80	92.263611
109	70	382	105.97525
110	70	167	120.254295
111	70	166	133.135254
112	70	167	147.96907
113	70	171	161.815262
114	70	201	201.323578
115	70	257	216.269485
116	70	245	221.542816
117	70	238	211.895111
118	70	239	174.333862
119	70	238	128.923843
120	70	228	89.084183
121	70	227	71.49733
122	70	258	67.693115
123	70	383	65.00235
124	70	384	70.317535
125	70	340	72.897514
126	70	327	53.519833
127	70	353	23.42017
128	70	385	0
0	71	261	0
1	71	239	9.830252
2	71	229	19.717127
3	71	230	33.628857
4	71	167	45.404068
5	71	166	45.976963
6	71	150	53.60461
7	71	7	72.822716
8	71	6	83.857864
9	71	6	70.382324
10	71	7	35.528297
11	71	5	15.956738
12	71	5	26.523113
13	71	5	75.803375
14	71	6	129.955154
15	71	5	173.864365
16	71	7	216.250595
17	71	5	252.539017
18	71	7	260.480286
19	71	6	244.187683
20	71	6	204.599976
21	71	6	198.4935
22	71	5	191.50708
23	71	6	214.876526
24	71	5	232.282593
25	71	5	214.02002
26	71	5	142.826584
27	71	5	68.922234
28	71	6	49.772568
29	71	5	66.069206
30	71	6	68.585144
31	71	6	52.982643
32	71	46	35.538708
33	71	48	63.34502
34	71	80	101.633163
35	71	80	122.060196
36	71	80	93.907616
37	71	80	75.063057
38	71	80	76.491364
39	71	49	90.022675
40	71	46	77.600922
41	71	47	63.911354
42	71	48	52.493305
43	71	80	47.461361
44	71	80	61.697449
45	71	44	91.111549
46	71	48	110.028526
47	71	49	112.536934
48	71	7	114.93808
49	71	5	96.540459
50	71	7	62.496075
51	71	5	18.522051
52	71	6	0.944539
53	71	6	0
54	71	6	0
55	71	6	0
56	71	7	0
57	71	7	0
58	71	5	84.671982
59	71	157	84.671982
60	71	163	84.671982
61	71	162	84.671982
62	71	170	76.967934
63	71	170	80.963966
64	71	170	74.255943
65	71	170	24.216011
66	71	169	24.216011
67	71	6	21.32399
68	71	6	21.32399
69	71	5	21.32399
70	71	43	21.32399
71	71	80	21.32399
72	71	80	60.863941
73	71	80	60.863941
74	71	80	0
75	71	44	0
76	71	48	0
77	71	80	0.272193
78	71	49	-1.176541
79	71	5	6.478144
80	71	43	14.649716
81	71	80	16.233257
82	71	80	2.779692
83	71	49	14.362714
84	71	37	46.083889
85	71	73	74.907494
86	71	80	71.427597
87	71	80	68.531723
88	71	80	72.415764
89	71	49	72.142609
90	71	46	53.867744
91	71	48	45.184898
92	71	80	53.57196
93	71	49	50.190277
94	71	5	36.894188
95	71	6	29.518108
96	71	6	32.588993
97	71	7	44.033527
98	71	6	52.290688
99	71	7	47.436317
100	71	43	25.606544
101	71	80	10.334098
102	71	44	21.380386
103	71	47	40.092285
104	71	48	66.21553
105	71	80	85.219009
106	71	80	93.824722
107	71	80	91.410851
108	71	382	80.749542
109	71	167	105.049866
110	71	167	140.01825
111	71	166	160.217667
112	71	262	162.902557
113	71	191	165.392868
114	71	293	175.105865
115	71	386	213.012848
116	71	387	241.008652
117	71	227	241.540619
118	71	246	187.307281
119	71	214	117.3722
120	71	239	74.594009
121	71	373	64.712212
122	71	341	51.878841
123	71	388	42.606377
124	71	389	41.955769
125	71	253	43.9916
126	71	227	32.204552
127	71	195	13.830359
128	71	390	0
0	72	238	0
1	72	229	6.263017
2	72	230	12.277368
3	72	167	24.768404
4	72	391	37.521111
5	72	154	41.914684
6	72	6	31.110052
7	72	7	34.346416
8	72	5	38.950905
9	72	6	33.797886
10	72	6	25.42202
11	72	6	23.546167
12	72	5	33.338249
13	72	7	65.164825
14	72	5	115.104797
15	72	7	154.920319
16	72	5	186.323669
17	72	5	202.918106
18	72	5	214.792191
19	72	7	217.745987
20	72	5	200.343842
21	72	6	190.129425
22	72	7	188.040176
23	72	6	215.837341
24	72	7	247.524078
25	72	6	220.094238
26	72	7	148.607834
27	72	5	67.691032
28	72	5	37.513203
29	72	7	45.737011
30	72	5	48.078239
31	72	6	39.895683
32	72	46	38.36013
33	72	48	70.974319
34	72	80	93.284943
35	72	80	94.462708
36	72	44	76.347717
37	72	48	65.82943
38	72	55	69.335716
39	72	38	79.164734
40	72	39	65.395088
41	72	43	59.7733
42	72	80	56.932125
43	72	80	51.452927
44	72	55	64.284439
45	72	73	102.018959
46	72	55	135.474258
47	72	39	149.424728
48	72	7	130.497086
49	72	6	97.149811
50	72	6	53.798931
51	72	7	10.767093
52	72	5	0.098599
53	72	5	0
54	72	6	0
55	72	7	0
56	72	5	0
57	72	5	0
58	72	160	84.671982
59	72	232	84.671982
60	72	168	84.671982
61	72	170	84.671982
62	72	170	79.344017
63	72	170	20.969999
64	72	163	20.969999
65	72	164	24.216011
66	72	5	21.32399
67	72	6	21.32399
68	72	6	21.32399
69	72	43	21.32399
70	72	80	21.32399
71	72	80	21.32399
72	72	80	60.863941
73	72	44	60.863941
74	72	45	0
75	72	43	0
76	72	80	0
77	72	55	0
78	72	39	-2.489599
79	72	43	5.147609
80	72	80	10.389866
81	72	44	8.544536
82	72	86	-14.404441
83	72	73	-11.397147
84	72	44	19.209824
85	72	48	48.391182
86	72	80	54.739975
87	72	80	46.776928
88	72	49	54.415207
89	72	7	52.639744
90	72	46	38.156734
91	72	48	36.590111
92	72	55	47.020489
93	72	39	46.967297
94	72	5	35.246422
95	72	6	30.323582
96	72	5	32.837177
97	72	6	45.394516
98	72	6	53.768337
99	72	46	45.904945
100	72	48	22.095016
101	72	49	8.1043
102	72	7	25.888544
103	72	43	45.803581
104	72	80	63.224892
105	72	80	76.07283
106	72	80	80.434998
107	72	382	72.332146
108	72	166	71.436958
109	72	166	110.084641
110	72	166	155.956772
111	72	262	179.69632
112	72	392	181.01535
113	72	393	175.953308
114	72	394	189.952347
115	72	339	201.572617
116	72	228	263.740173
117	72	254	280.795593
118	72	395	239.384186
119	72	316	168.407318
120	72	396	103.507523
121	72	203	75.608002
122	72	204	56.41288
123	72	204	37.560177
124	72	357	29.941322
125	72	246	23.508682
126	72	214	16.696091
127	72	228	10.45998
128	72	246	0
0	73	247	0
1	73	230	6.294924
2	73	166	10.598082
3	73	150	16.542885
4	73	7	22.949213
5	73	6	25.192108
6	73	5	20.605965
7	73	5	11.267078
8	73	5	12.10881
9	73	6	17.061708
10	73	5	26.174583
11	73	6	36.039051
12	73	7	46.341721
13	73	7	74.495598
14	73	5	108.820061
15	73	5	137.14415
16	73	7	158.288254
17	73	7	169.081955
18	73	5	186.1306
19	73	6	211.98912
20	73	6	214.656189
21	73	7	203.858276
22	73	6	185.39093
23	73	5	207.375885
24	73	5	229.288177
25	73	5	199.179184
26	73	7	121.787552
27	73	7	63.857063
28	73	7	58.787628
29	73	6	62.595139
30	73	7	47.875977
31	73	6	34.283028
32	73	46	48.559792
33	73	47	78.703331
34	73	47	99.956444
35	73	45	88.174995
36	73	46	74.055519
37	73	48	69.496178
38	73	80	75.408653
39	73	55	61.416073
40	73	73	46.898552
41	73	80	47.574368
42	73	80	54.66832
43	73	80	47.756565
44	73	80	54.769493
45	73	44	100.851387
46	73	45	137.305115
47	73	7	148.231415
48	73	7	128.116714
49	73	5	89.451965
50	73	6	46.427917
51	73	6	12.080862
52	73	7	0.047871
53	73	6	0
54	73	7	0
55	73	5	0
56	73	6	0
57	73	7	-0.191978
58	73	160	82.607979
59	73	162	82.607979
60	73	170	82.607979
61	73	170	82.607979
62	73	170	82.607979
63	73	158	20.969999
64	73	156	20.969999
65	73	5	20.969999
66	73	5	21.32399
67	73	7	21.32399
68	73	43	21.32399
69	73	80	21.32399
70	73	80	21.32399
71	73	80	21.32399
72	73	55	60.863941
73	73	38	60.863941
74	73	73	0
75	73	80	0
76	73	44	0
77	73	45	0
78	73	43	-1.84709
79	73	80	5.066663
80	73	49	10.715217
81	73	43	3.773047
82	73	44	-15.138097
83	73	45	-28.14057
84	73	46	-7.445339
85	73	48	15.230518
86	73	44	32.074566
87	73	86	33.518211
88	73	38	42.633636
89	73	38	46.222046
90	73	73	39.928406
91	73	44	35.125202
92	73	45	43.078018
93	73	5	42.46405
94	73	5	33.949471
95	73	6	24.902746
96	73	7	23.960899
97	73	5	33.513355
98	73	7	40.993198
99	73	43	31.69273
100	73	49	13.317153
101	73	6	7.498867
102	73	43	25.3979
103	73	80	43.420231
104	73	80	53.313065
105	73	80	55.38316
106	73	382	60.063675
107	73	167	63.739399
108	73	167	72.793655
109	73	166	110.436836
110	73	397	138.524872
111	73	398	162.498978
112	73	399	192.846329
113	73	307	204.791321
114	73	239	213.176529
115	73	246	211.894287
116	73	300	252.610718
117	73	255	286.553925
118	73	400	268.816559
119	73	401	183.912811
120	73	335	119.760521
121	73	276	83.932343
122	73	214	64.413971
123	73	239	46.722115
124	73	254	31.8041
125	73	402	23.559359
126	73	276	16.894306
127	73	403	11.429515
128	73	404	0
0	74	405	0
1	74	167	12.120014
2	74	150	22.527817
3	74	6	29.912237
4	74	6	32.417347
5	74	5	26.607243
6	74	6	17.820915
7	74	5	11.811153
8	74	6	9.895988
9	74	37	16.331007
10	74	38	28.876177
11	74	39	40.306072
12	74	6	52.672115
13	74	7	70.978279
14	74	5	102.868057
15	74	7	135.070251
16	74	7	157.331192
17	74	6	187.592392
18	74	6	217.220367
19	74	7	239.676865
20	74	7	227.362061
21	74	7	199.181747
22	74	6	181.05748
23	74	6	190.942703
24	74	6	203.337906
25	74	5	157.828705
26	74	5	87.850899
27	74	7	72.2425
28	74	6	94.247887
29	74	6	99.436241
30	74	6	73.591049
31	74	7	38.441135
32	74	6	62.982574
33	74	5	87.330673
34	74	5	101.815636
35	74	7	94.868851
36	74	46	85.577255
37	74	47	82.34166
38	74	48	75.772827
39	74	80	52.778389
40	74	80	43.831432
41	74	44	43.673912
42	74	47	42.834503
43	74	47	40.129688
44	74	45	51.514023
45	74	6	91.247841
46	74	5	132.089676
47	74	5	141.339127
48	74	7	124.182617
49	74	7	96.418251
50	74	6	49.135002
51	74	6	7.843558
52	74	6	0
53	74	6	0
54	74	7	0
55	74	6	0
56	74	6	0
57	74	6	-3.024004
58	74	160	79.77597
59	74	162	79.77597
60	74	170	79.77597
61	74	170	79.77597
62	74	170	79.77597
63	74	158	20.969999
64	74	156	20.969999
65	74	7	60.863941
66	74	5	60.863941
67	74	46	60.863941
68	74	48	60.863941
69	74	80	60.863941
70	74	80	60.863941
71	74	44	60.863941
72	74	47	123.912033
73	74	48	123.912033
74	74	44	0
75	74	86	0
76	74	39	0
77	74	46	0
78	74	48	0
79	74	49	1.388734
80	74	43	5.703489
81	74	49	-7.585471
82	74	7	-30.335352
83	74	37	-43.840878
84	74	73	-30.490652
85	74	49	-15.866399
86	74	46	-4.204309
87	74	48	17.780447
88	74	80	39.243774
89	74	80	47.295959
90	74	49	44.000011
91	74	5	49.054714
92	74	7	48.040009
93	74	7	43.108158
94	74	6	31.675615
95	74	7	23.554085
96	74	7	18.211174
97	74	7	17.928642
98	74	43	19.633421
99	74	49	14.467264
100	74	6	5.300255
101	74	46	4.574857
102	74	47	19.051323
103	74	48	31.948147
104	74	80	36.551445
105	74	382	36.128139
106	74	167	41.195045
107	74	166	53.146557
108	74	167	64.932213
109	74	167	82.200363
110	74	166	93.106209
111	74	150	107.805771
112	74	307	148.863678
113	74	239	202.607651
114	74	406	205.806976
115	74	407	190.683182
116	74	348	182.32309
117	74	408	209.753906
118	74	237	192.697662
119	74	285	137.02446
120	74	409	77.544098
121	74	410	54.593723
122	74	411	51.693439
123	74	237	37.716305
124	74	412	28.700937
125	74	413	25.806892
126	74	414	23.81138
127	74	415	16.542328
128	74	197	0
0	75	167	0
1	75	150	15.978334
2	75	6	35.565742
3	75	5	51.341988
4	75	5	53.894409
5	75	7	48.231583
6	75	6	42.548813
7	75	6	43.926071
8	75	43	43.369072
9	75	80	39.311638
10	75	55	36.033611
11	75	39	36.262444
12	75	7	39.360443
13	75	6	48.745441
14	75	7	82.065483
15	75	6	123.802376
16	75	7	170.75766
17	75	7	224.410812
18	75	37	257.741028
19	75	38	260.277374
20	75	39	223.307816
21	75	6	176.784927
22	75	5	157.108093
23	75	7	178.82547
24	75	5	187.635468
25	75	6	136.864044
26	75	6	78.913048
27	75	6	69.363358
28	75	6	111.517113
29	75	6	114.239296
30	75	7	83.392548
31	75	5	67.276184
32	75	5	92.818176
33	75	7	103.557594
34	75	5	88.30246
35	75	7	68.640221
36	75	7	63.341297
37	75	46	68.330818
38	75	47	62.158733
39	75	47	50.860519
40	75	45	39.856659
41	75	6	31.789991
42	75	5	31.683985
43	75	6	33.785034
44	75	5	55.271004
45	75	6	96.894615
46	75	7	130.243744
47	75	5	141.991684
48	75	5	134.260345
49	75	6	114.075531
50	75	6	67.187347
51	75	7	15.682175
52	75	6	0
53	75	5	0
54	75	7	0
55	75	6	0
56	75	5	0
57	75	155	4.703964
58	75	168	87.503944
59	75	170	87.503944
60	75	170	87.503944
61	75	170	87.503944
62	75	170	0
63	75	169	0
64	75	6	0
65	75	7	60.863941
66	75	5	60.863941
67	75	43	60.863941
68	75	80	60.863941
69	75	80	60.863941
70	75	55	60.863941
71	75	39	60.863941
72	75	43	123.912033
73	75	55	123.912033
74	75	73	0
75	75	49	0
76	75	37	0
77	75	73	0
78	75	49	-1.282655
79	75	43	-1.839037
80	75	55	-6.675807
81	75	38	-27.722599
82	75	73	-54.599728
83	75	80	-72.5159
84	75	49	-70.850807
85	75	7	-55.769829
86	75	43	-38.562374
87	75	80	-6.74325
88	75	44	24.962246
89	75	45	43.626308
90	75	5	41.986916
91	75	5	49.066906
92	75	6	53.333931
93	75	6	51.510834
94	75	6	38.92025
95	75	6	31.084995
96	75	5	18.782982
97	75	43	11.70083
98	75	49	10.594887
99	75	7	14.345339
100	75	5	17.716393
101	75	6	14.137721
102	75	43	10.238466
103	75	80	14.064262
104	75	416	14.188067
105	75	210	12.036167
106	75	167	15.83573
107	75	166	25.446634
108	75	166	32.486935
109	75	171	40.19268
110	75	417	40.639286
111	75	335	46.228741
112	75	276	88.581299
113	75	418	137.007721
114	75	419	152.655945
115	75	420	119.929367
116	75	421	91.326859
117	75	422	110.515999
118	75	423	103.285332
119	75	424	66.245468
120	75	425	38.919792
121	75	426	41.440208
122	75	427	43.001225
123	75	428	37.714252
124	75	429	33.15258
125	75	430	28.990343
126	75	431	28.682423
127	75	368	20.082275
128	75	166	0
0	76	150	0
1	76	6	18.252243
2	76	6	40.696709
3	76	6	58.297779
4	76	37	65.710182
5	76	39	70.110321
6	76	37	79.225288
7	76	61	90.331383
8	76	47	94.908386
9	76	48	84.469559
10	76	55	60.423115
11	76	39	36.759823
12	76	5	26.349312
13	76	5	30.459272
14	76	7	60.658894
15	76	5	104.737213
16	76	37	174.608994
17	76	61	244.261688
18	76	48	293.94812
19	76	55	285.726471
20	76	39	246.054428
21	76	7	188.151566
22	76	7	166.734238
23	76	5	172.466766
24	76	5	184.014908
25	76	6	144.852814
26	76	6	75.606758
27	76	5	53.739227
28	76	5	83.090111
29	76	5	92.793732
30	76	37	73.557411
31	76	38	90.921623
32	76	38	117.62233
33	76	38	121.857292
34	76	39	67.789856
35	76	5	30.16511
36	76	5	30.753777
37	76	7	41.839542
38	76	7	40.414906
39	76	5	38.585423
40	76	7	29.344734
41	76	5	21.768017
42	76	6	24.201542
43	76	7	33.490711
44	76	6	61.328312
45	76	5	99.576569
46	76	6	131.936401
47	76	5	144.325439
48	76	6	138.581482
49	76	5	127.717751
50	76	6	76.447357
51	76	7	27.608805
52	76	5	0
53	76	7	0
54	76	6	0
55	76	7	0
56	76	157	0
57	76	170	4.703964
58	76	170	87.503944
59	76	170	87.503944
60	76	170	87.503944
61	76	170	87.503944
62	76	158	0
63	76	156	0
64	76	6	0
65	76	7	0
66	76	46	0
67	76	48	0
68	76	80	0
69	76	80	0
70	76	55	0
71	76	73	0
72	76	80	0.036175
73	76	80	0.837262
74	76	55	3.820122
75	76	73	6.168352
76	76	80	3.959353
77	76	49	-3.961391
78	76	46	-9.878471
79	76	47	-11.427104
80	76	47	-14.706785
81	76	47	-45.147789
82	76	48	-77.904106
83	76	49	-94.944496
84	76	7	-104.567574
85	76	43	-86.287933
86	76	80	-65.608917
87	76	49	-31.320517
88	76	5	6.049969
89	76	6	22.429312
90	76	7	25.210442
91	76	5	37.08009
92	76	7	47.002472
93	76	7	59.98402
94	76	6	66.077278
95	76	6	62.307255
96	76	43	46.209118
97	76	49	27.125984
98	76	6	24.122288
99	76	7	32.514267
100	76	37	38.721813
101	76	73	31.33256
102	76	80	21.112423
103	76	49	11.386433
104	76	147	6.140297
105	76	210	0
106	76	167	1.433238
107	76	166	11.250314
108	76	262	17.057673
109	76	432	22.539913
110	76	433	28.507122
111	76	407	26.924913
112	76	434	40.186337
113	76	435	59.261066
114	76	436	67.010429
115	76	437	48.850071
116	76	166	44.06171
117	76	438	55.65432
118	76	439	57.486801
119	76	439	48.266033
120	76	440	38.156399
121	76	441	48.776901
122	76	167	58.060768
123	76	166	54.493748
124	76	442	42.438869
125	76	443	31.316114
126	76	153	25.795731
127	76	153	17.507534
128	76	148	0
0	77	146	0
1	77	7	18.935089
2	77	7	38.088024
3	77	46	56.012997
4	77	86	59.29155
5	77	61	64.610893
6	77	45	87.777802
7	77	37	115.145882
8	77	73	131.639023
9	77	80	113.802963
10	77	49	80.293571
11	77	6	43.335663
12	77	7	27.198242
13	77	6	25.758802
14	77	5	46.052757
15	77	43	85.862816
16	77	49	160.221771
17	77	46	242.898895
18	77	48	288.548248
19	77	49	282.352905
20	77	5	258.446106
21	77	7	209.180679
22	77	6	170.008789
23	77	6	171.917938
24	77	7	186.102692
25	77	6	158.292145
26	77	7	87.875603
27	77	5	36.318188
28	77	37	43.2342
29	77	73	52.628361
30	77	44	57.342918
31	77	48	96.536278
32	77	80	136.163376
33	77	55	136.152985
34	77	39	77.495041
35	77	5	20.931131
36	77	6	18.250032
37	77	6	25.989735
38	77	7	32.920998
39	77	7	32.970146
40	77	6	28.737587
41	77	5	23.870691
42	77	6	33.924545
43	77	6	44.83725
44	77	6	64.125427
45	77	5	97.114906
46	77	7	125.912895
47	77	5	133.39151
48	77	37	123.157814
49	77	38	105.491913
50	77	38	67.402916
51	77	7	22.449293
52	77	6	0
53	77	7	0
54	77	6	0
55	77	160	0
56	77	161	0
57	77	161	4.703964
58	77	162	87.503944
59	77	170	87.503944
60	77	170	87.503944
61	77	170	87.503944
62	77	169	0
63	77	6	0
64	77	7	0
65	77	6	0
66	77	43	0
67	77	80	0
68	77	44	0
69	77	47	0
70	77	47	0
71	77	48	0.002803
72	77	80	0.982909
73	77	44	5.871927
74	77	47	14.559311
75	77	47	20.924707
76	77	45	17.197809
77	77	5	-0.175261
78	77	6	-19.412767
79	77	6	-22.724932
80	77	7	-29.89016
81	77	43	-57.198921
82	77	55	-83.785576
83	77	39	-110.723274
84	77	43	-119.359833
85	77	80	-104.332588
86	77	49	-79.209663
87	77	5	-47.484612
88	77	7	-10.881086
89	77	5	6.68958
90	77	7	13.63838
91	77	5	22.83202
92	77	6	42.994106
93	77	5	75.065948
94	77	6	92.954483
95	77	43	93.942642
96	77	55	73.687675
97	77	39	49.985447
98	77	6	42.746147
99	77	43	51.036983
100	77	80	52.21246
101	77	80	51.004608
102	77	49	45.782059
103	77	6	36.935856
104	77	149	24.08868
105	77	167	7.882661
106	77	167	16.982056
107	77	397	33.062237
108	77	444	48.724239
109	77	445	50.383801
110	77	172	47.687332
111	77	397	45.673508
112	77	320	41.061481
113	77	446	31.75827
114	77	447	19.031818
115	77	167	14.486686
116	77	391	23.017635
117	77	210	34.271427
118	77	166	47.071995
119	77	438	41.666855
120	77	448	49.311111
121	77	166	62.409313
122	77	391	72.608841
123	77	154	63.389057
124	77	7	45.746906
125	77	6	26.401815
126	77	7	13.911298
127	77	147	9.615546
128	77	154	0
0	78	5	0
1	78	7	21.205332
2	78	6	53.376945
3	78	43	71.281105
4	78	55	79.670204
5	78	38	82.127739
6	78	61	91.71991
7	78	48	114.106766
8	78	80	122.129074
9	78	49	105.785522
10	78	5	72.110237
11	78	7	39.805138
12	78	6	26.88982
13	78	6	29.145365
14	78	43	41.29533
15	78	55	81.304535
16	78	38	147.691986
17	78	73	219.790649
18	78	49	257.33902
19	78	5	258.984253
20	78	5	242.802887
21	78	7	220.925705
22	78	6	164.954102
23	78	6	162.304062
24	78	5	174.807495
25	78	5	165.123657
26	78	7	95.521469
27	78	43	29.994892
28	78	80	14.787779
29	78	55	24.899694
30	78	73	38.238079
31	78	80	75.613266
32	78	80	121.817825
33	78	55	128.204834
34	78	38	86.56691
35	78	39	35.653503
36	78	7	22.55887
37	78	5	28.481977
38	78	5	35.412384
39	78	7	39.947464
40	78	5	40.339149
41	78	6	37.557758
42	78	37	47.816292
43	78	38	58.671127
44	78	38	67.136452
45	78	38	99.127335
46	78	38	121.921494
47	78	73	128.642822
48	78	80	118.904419
49	78	80	86.048088
50	78	5	48.853527
51	78	7	10.267235
52	78	6	0
53	78	5	0
54	78	7	0
55	78	7	0
56	78	6	0
57	78	157	0
58	78	170	0
59	78	170	0
60	78	163	0
61	78	164	0
62	78	5	0
63	78	6	0
64	78	6	0
65	78	43	0
66	78	80	0
67	78	49	0
68	78	7	0
69	78	5	0
70	78	43	0
71	78	80	-0.665231
72	78	49	-0.517471
73	78	6	7.406504
74	78	7	23.894901
75	78	6	38.651432
76	78	7	29.987339
77	78	5	4.13446
78	78	5	-19.800657
79	78	6	-30.518152
80	78	46	-44.628525
81	78	47	-64.813271
82	78	86	-95.107185
83	78	73	-111.818474
84	78	80	-113.705032
85	78	49	-108.630936
86	78	5	-96.740356
87	78	6	-71.662842
88	78	6	-18.513397
89	78	6	-1.800082
90	78	5	13.347825
91	78	5	25.624012
92	78	7	45.656425
93	78	6	79.66098
94	78	46	103.350906
95	78	48	101.331329
96	78	49	75.847641
97	78	5	54.029884
98	78	43	46.135593
99	78	80	50.102306
100	78	80	47.588821
101	78	49	55.713642
102	78	7	62.217655
103	78	149	65.988884
104	78	167	49.38121
105	78	167	33.058918
106	78	166	42.803661
107	78	449	69.231369
108	78	450	84.162529
109	78	320	78.469978
110	78	166	65.815849
111	78	167	62.088264
112	78	451	58.542786
113	78	452	47.125622
114	78	167	31.148956
115	78	150	20.938984
116	78	147	23.848511
117	78	153	31.242256
118	78	210	36.17532
119	78	391	37.713608
120	78	153	43.720657
121	78	154	52.804165
122	78	6	62.795059
123	78	5	57.863617
124	78	6	38.548573
125	78	145	16.882088
126	78	152	6.617507
127	78	146	2.554756
128	78	6	0
0	79	5	0
1	79	7	32.500137
2	79	43	75.333519
3	79	44	111.986313
4	79	47	126.5009
5	79	45	124.049522
6	79	43	114.509514
7	79	80	113.150986
8	79	49	100.236259
9	79	5	76.774483
10	79	5	49.255222
11	79	5	35.109329
12	79	5	27.334917
13	79	46	20.038397
14	79	47	28.083284
15	79	48	70.093605
16	79	44	137.788071
17	79	45	204.42749
18	79	5	221.562897
19	79	5	231.591156
20	79	5	237.615921
21	79	6	213.800049
22	79	7	152.403488
23	79	7	140.064163
24	79	7	154.324829
25	79	7	144.363556
26	79	46	83.454369
27	79	48	21.921721
28	79	80	8.308205
29	79	44	16.54048
30	79	47	27.506926
31	79	47	48.780972
32	79	47	83.947762
33	79	47	105.509941
34	79	45	79.435028
35	79	5	48.117615
36	79	6	27.935587
37	79	5	40.814278
38	79	7	50.877609
39	79	37	55.072399
40	79	38	53.05904
41	79	61	50.80685
42	79	48	60.556286
43	79	80	69.996582
44	79	80	77.556847
45	79	80	104.319466
46	79	80	134.270706
47	79	80	155.357605
48	79	44	131.369568
49	79	5	90.918503
50	79	6	43.392471
51	79	6	8.347768
52	79	7	0
53	79	6	0
54	79	6	0
55	79	6	0
56	79	157	0
57	79	170	-5.31003
58	79	170	0
59	79	158	0
60	79	156	0
61	79	5	0
62	79	6	0
63	79	5	0
64	79	43	0
65	79	80	0
66	79	49	0
67	79	7	0
68	79	5	0
69	79	43	3.263361
70	79	80	6.12272
71	79	49	1.148074
72	79	7	-1.52215
73	79	7	8.026362
74	79	7	26.513163
75	79	5	37.677441
76	79	7	35.207478
77	79	5	9.777596
78	79	6	-15.129483
79	79	6	-26.752005
80	79	6	-45.437519
81	79	46	-68.131035
82	79	47	-101.63855
83	79	47	-108.902069
84	79	45	-101.744186
85	79	7	-98.516472
86	79	6	-117.363785
87	79	5	-91.931374
88	79	5	-38.813175
89	79	5	0.304193
90	79	5	18.476175
91	79	5	36.312531
92	79	7	51.4879
93	79	6	73.453911
94	79	43	88.357948
95	79	55	80.189384
96	79	38	60.562801
97	79	73	41.065758
98	79	80	38.257042
99	79	80	34.367378
100	79	49	30.934328
101	79	7	42.379993
102	79	147	61.231789
103	79	210	76.384521
104	79	166	64.455795
105	79	166	46.647903
106	79	166	55.513859
107	79	166	83.262039
108	79	167	89.31855
109	79	167	85.917976
110	79	167	70.895523
111	79	167	65.734421
112	79	167	61.322502
113	79	167	58.137314
114	79	150	41.010715
115	79	7	31.458656
116	79	6	25.343794
117	79	147	27.726963
118	79	154	34.446602
119	79	7	39.916866
120	79	6	39.493263
121	79	7	41.407368
122	79	5	46.54628
123	79	6	42.365242
124	79	147	30.821369
125	79	153	15.335277
126	79	154	3.829146
127	79	7	0
128	79	7	0
0	80	37	0
1	80	73	31.493122
2	80	49	76.546684
3	80	7	121.639008
4	80	6	146.534973
5	80	46	155.218781
6	80	48	142.708023
7	80	49	123.112633
8	80	5	97.526344
9	80	6	69.656563
10	80	5	61.729744
11	80	5	52.758194
12	80	7	47.550179
13	80	6	30.991781
14	80	46	16.326534
15	80	45	54.930161
16	80	5	127.659767
17	80	7	190.972229
18	80	7	209.007385
19	80	6	234.552643
20	80	6	234.272385
21	80	7	206.885559
22	80	6	139.424149
23	80	5	124.646599
24	80	5	124.679169
25	80	7	116.65271
26	80	46	84.792618
27	80	47	40.730953
28	80	45	29.163929
29	80	7	40.299408
30	80	6	58.045387
31	80	6	56.914661
32	80	5	62.430283
33	80	6	69.014145
34	80	6	65.352531
35	80	6	47.946884
36	80	5	35.053486
37	80	37	44.252026
38	80	61	50.220261
39	80	47	57.694775
40	80	45	58.77747
41	80	43	56.14843
42	80	80	66.700531
43	80	80	78.286743
44	80	80	80.552345
45	80	80	100.633217
46	80	80	124.818092
47	80	49	148.88829
48	80	6	138.963272
49	80	5	93.69915
50	80	5	48.004116
51	80	5	8.786899
52	80	7	0
53	80	6	0
54	80	5	0
55	80	157	0
56	80	170	0
57	80	163	3.630362
58	80	161	7.934807
59	80	164	7.545252
60	80	5	3.611551
61	80	5	2.929696
62	80	7	2.555794
63	80	46	0.956261
64	80	48	0
65	80	49	0
66	80	7	0
67	80	7	0
68	80	43	5.465577
69	80	80	21.621489
70	80	49	30.82296
71	80	7	23.955854
72	80	6	13.875036
73	80	5	19.884098
74	80	6	29.540483
75	80	6	35.539032
76	80	5	26.183792
77	80	7	9.154199
78	80	5	-6.071241
79	80	7	-16.036406
80	80	5	-31.840225
81	80	5	-64.744225
82	80	5	-98.315102
83	80	7	-91.347961
84	80	5	-71.228653
85	80	5	-84.05883
86	80	6	-122.108139
87	80	7	-111.086708
88	80	5	-54.665134
89	80	5	-0.276272
90	80	6	22.26675
91	80	7	41.131626
92	80	6	49.314362
93	80	46	61.498589
94	80	47	70.281181
95	80	47	65.187645
96	80	47	44.203686
97	80	48	31.819084
98	80	80	28.137486
99	80	49	24.716805
100	80	6	17.383463
101	80	7	23.813477
102	80	147	46.903156
103	80	153	64.803795
104	80	153	57.70731
105	80	210	40.660526
106	80	166	43.759579
107	80	391	62.953552
108	80	153	70.351227
109	80	153	74.63047
110	80	153	67.701057
111	80	153	60.461601
112	80	153	57.835812
113	80	154	52.379997
114	80	7	43.63102
115	80	7	38.777065
116	80	6	36.499168
117	80	5	33.088184
118	80	5	40.929371
119	80	5	55.678646
120	80	6	58.516659
121	80	37	55.98748
122	80	38	47.964436
123	80	38	41.033276
124	80	39	30.608932
125	80	5	18.461435
126	80	7	4.368874
127	80	6	0
128	80	43	0
0	81	80	0
1	81	55	22.470537
2	81	38	54.030235
3	81	38	89.780289
4	81	38	119.686279
5	81	73	131.545563
6	81	49	130.054077
7	81	7	116.197998
8	81	6	99.171738
9	81	5	79.28125
10	81	7	82.227402
11	81	6	86.208771
12	81	5	74.864861
13	81	7	46.453506
14	81	6	22.87742
15	81	7	48.426952
16	81	7	118.125008
17	81	7	177.748001
18	81	7	227.706955
19	81	6	262.514771
20	81	7	261.812714
21	81	5	225.86142
22	81	7	165.790207
23	81	5	121.009155
24	81	5	108.535599
25	81	5	101.52951
26	81	5	93.500031
27	81	5	77.813721
28	81	7	67.953308
29	81	6	81.554054
30	81	5	96.817123
31	81	5	96.730865
32	81	6	73.286736
33	81	5	62.229034
34	81	6	55.829319
35	81	6	48.023098
36	81	43	47.916096
37	81	49	51.11911
38	81	5	50.499912
39	81	7	59.525616
40	81	43	61.005054
41	81	80	61.624405
42	81	80	73.787888
43	81	80	81.197525
44	81	80	83.588936
45	81	44	87.219765
46	81	45	101.307175
47	81	7	114.439728
48	81	6	105.912521
49	81	5	75.472298
50	81	6	34.611835
51	81	6	4.829111
52	81	7	0
53	81	7	0
54	81	160	0
55	81	162	0.021007
56	81	169	2.443139
57	81	7	13.145258
58	81	7	21.942924
59	81	5	26.707996
60	81	5	27.375053
61	81	7	25.03664
62	81	7	20.351851
63	81	43	10.121669
64	81	55	2.841226
65	81	39	0.326418
66	81	6	0
67	81	43	0
68	81	80	14.358598
69	81	49	37.743229
70	81	6	55.430706
71	81	7	48.9519
72	81	6	41.308685
73	81	5	35.797024
74	81	7	39.902493
75	81	5	27.282642
76	81	5	12.935006
77	81	6	5.384511
78	81	6	-0.398572
79	81	6	-11.606668
80	81	5	-25.321117
81	81	7	-58.392426
82	81	7	-91.531639
83	81	7	-101.052963
84	81	7	-90.896614
85	81	7	-101.134125
86	81	5	-123.472908
87	81	6	-104.533997
88	81	5	-51.443222
89	81	7	-0.297172
90	81	5	41.762707
91	81	5	54.666138
92	81	7	53.526489
93	81	5	54.229382
94	81	6	59.689579
95	81	7	63.261093
96	81	46	54.283634
97	81	47	38.553787
98	81	45	27.417263
99	81	5	18.978163
100	81	6	9.562297
101	81	7	11.977099
102	81	7	31.177572
103	81	7	44.109367
104	81	147	39.357288
105	81	153	25.636221
106	81	154	24.172583
107	81	5	33.788658
108	81	7	47.742027
109	81	6	60.586624
110	81	6	59.247719
111	81	6	45.663456
112	81	5	42.396454
113	81	7	42.652283
114	81	5	38.026192
115	81	6	41.463512
116	81	7	43.826584
117	81	7	51.193111
118	81	5	65.169678
119	81	6	84.651436
120	81	43	80.112907
121	81	44	71.634796
122	81	48	59.340618
123	81	49	46.109116
124	81	6	33.298069
125	81	5	21.760595
126	81	7	7.560643
127	81	46	0.076633
128	81	48	0
0	82	80	0
1	82	44	15.292531
2	82	48	30.391739
3	82	80	53.427643
4	82	80	73.113197
5	82	49	83.269615
6	82	7	84.029755
7	82	7	77.517944
8	82	7	73.786224
9	82	6	74.265678
10	82	7	82.438828
11	82	7	84.268791
12	82	6	76.147438
13	82	7	55.648678
14	82	7	32.998817
15	82	6	48.364338
16	82	7	99.087517
17	82	7	165.12973
18	82	7	231.039185
19	82	6	280.439178
20	82	6	282.934967
21	82	5	238.57309
22	82	6	183.139954
23	82	5	134.624832
24	82	6	107.008194
25	82	5	96.902512
26	82	5	97.729134
27	82	7	105.570343
28	82	7	95.29686
29	82	7	100.673325
30	82	7	112.5812
31	82	6	111.623871
32	82	7	84.661263
33	82	5	61.013309
34	82	6	55.013012
35	82	43	58.726105
36	82	49	57.553673
37	82	7	56.075237
38	82	37	60.146511
39	82	73	69.103394
40	82	80	75.414139
41	82	44	70.730606
42	82	48	76.460648
43	82	44	80.903061
44	82	45	83.482124
45	82	7	78.130157
46	82	5	75.68457
47	82	7	79.535309
48	82	6	74.205643
49	82	7	53.343018
50	82	6	29.238031
51	82	5	13.739072
52	82	7	14.314471
53	82	5	11.093442
54	82	160	4.431201
55	82	164	6.170275
56	82	6	14.726209
57	82	5	28.95705
58	82	5	41.331535
59	82	5	50.82328
60	82	6	54.754623
61	82	5	49.792938
62	82	46	41.250534
63	82	48	21.813654
64	82	55	8.304648
65	82	38	1.279163
66	82	61	0.056613
67	82	47	0
68	82	45	14.128119
69	82	6	37.886787
70	82	6	59.978294
71	82	6	59.023682
72	82	7	60.237095
73	82	6	50.988934
74	82	6	49.161461
75	82	7	30.093048
76	82	7	8.743688
77	82	6	0
78	82	7	-3.317362
79	82	6	-10.287676
80	82	5	-25.451113
81	82	6	-60.219425
82	82	5	-94.97184
83	82	6	-110.990967
84	82	5	-112.443832
85	82	6	-125.188156
86	82	6	-137.875473
87	82	6	-104.311974
88	82	5	-49.300724
89	82	5	9.854272
90	82	6	52.176655
91	82	7	65.571129
92	82	7	59.864506
93	82	5	46.569534
94	82	7	54.853882
95	82	6	60.1754
96	82	7	54.970905
97	82	7	39.772224
98	82	6	25.717924
99	82	6	12.848056
100	82	6	4.421754
101	82	7	10.392531
102	82	5	26.180664
103	82	7	33.607231
104	82	7	25.822165
105	82	7	14.795443
106	82	5	18.48579
107	82	7	33.144432
108	82	6	48.254734
109	82	5	52.452774
110	82	7	47.95528
111	82	5	45.015144
112	82	7	41.733585
113	82	7	43.123405
114	82	5	38.975643
115	82	7	43.092381
116	82	37	43.535057
117	82	38	56.232754
118	82	38	79.714874
119	82	73	97.470299
120	82	49	93.783653
121	82	46	76.224403
122	82	45	63.395458
123	82	6	47.907616
124	82	6	34.625591
125	82	5	22.399073
126	82	7	9.063957
127	82	46	0.754754
128	82	48	0
0	83	55	0
1	83	73	12.447681
2	83	80	25.343168
3	83	44	39.302822
4	83	45	53.248547
5	83	7	54.859261
6	83	7	49.290394
7	83	7	47.432724
8	83	5	57.954224
9	83	6	72.549446
10	83	6	77.907478
11	83	6	71.536163
12	83	6	52.291904
13	83	5	39.810188
14	83	7	34.116035
15	83	5	44.082188
16	83	6	76.121719
17	83	7	133.018295
18	83	5	201.975677
19	83	7	246.790771
20	83	6	234.917603
21	83	7	198.508942
22	83	6	153.803528
23	83	7	121.724457
24	83	7	89.820549
25	83	5	74.316475
26	83	7	80.878548
27	83	6	95.90551
28	83	5	92.56868
29	83	6	94.167397
30	83	7	93.516777
31	83	6	89.366158
32	83	7	76.641228
33	83	7	57.917328
34	83	43	56.877289
35	83	55	55.297531
36	83	38	51.63517
37	83	73	51.890503
38	83	44	64.383064
39	83	47	81.129967
40	83	45	83.782372
41	83	46	77.487213
42	83	45	73.083824
43	83	7	81.367119
44	83	6	82.856384
45	83	6	72.492355
46	83	6	69.280502
47	83	7	68.941383
48	83	6	63.716347
49	83	6	54.163738
50	83	7	44.380543
51	83	7	39.828022
52	83	6	45.92429
53	83	6	35.957664
54	83	5	24.780655
55	83	6	18.68223
56	83	7	25.925762
57	83	5	38.618511
58	83	7	47.005356
59	83	6	54.367294
60	83	7	61.847313
61	83	5	57.197773
62	83	46	45.953609
63	83	47	26.530977
64	83	48	13.698597
65	83	49	8.672721
66	83	5	5.531685
67	83	5	1.604062
68	83	6	3.830601
69	83	7	23.767038
70	83	7	41.790535
71	83	6	55.223614
72	83	6	58.482361
73	83	5	60.815697
74	83	6	60.214401
75	83	6	37.968452
76	83	6	11.843742
77	83	6	0.297849
78	83	37	-4.382152
79	83	38	-14.019623
80	83	38	-32.730381
81	83	39	-58.768925
82	83	5	-92.320244
83	83	7	-103.715096
84	83	6	-127.045097
85	83	5	-136.210709
86	83	7	-137.760361
87	83	5	-85.344398
88	83	7	-35.769417
89	83	5	21.779984
90	83	5	59.018047
91	83	7	63.55954
92	83	6	51.732384
93	83	7	38.171345
94	83	6	42.10479
95	83	6	47.197353
96	83	6	43.842743
97	83	6	32.788593
98	83	5	19.921286
99	83	7	6.947734
100	83	5	2.671905
101	83	5	12.292942
102	83	7	25.528193
103	83	7	30.158449
104	83	7	19.731396
105	83	6	13.076041
106	83	7	25.116234
107	83	7	45.094063
108	83	6	50.59259
109	83	6	44.181541
110	83	7	34.20459
111	83	7	38.435581
112	83	6	46.07534
113	83	5	46.013836
114	83	5	39.450039
115	83	46	37.709248
116	83	48	37.552425
117	83	80	50.649059
118	83	44	77.579941
119	83	45	92.90226
120	83	37	90.587883
121	83	39	79.541786
122	83	7	67.07058
123	83	7	49.681934
124	83	6	35.871799
125	83	7	20.083727
126	83	6	8.358182
127	83	46	0.777775
128	83	47	0
0	84	47	0
1	84	47	13.836912
2	84	45	22.807377
3	84	5	34.541756
4	84	6	44.391838
5	84	6	47.85144
6	84	7	50.378555
7	84	7	50.576366
8	84	6	64.990082
9	84	5	81.787743
10	84	7	81.806114
11	84	6	55.638332
12	84	7	35.926243
13	84	6	25.031471
14	84	6	26.016457
15	84	7	26.846783
16	84	7	42.688629
17	84	6	83.168015
18	84	6	131.09993
19	84	6	163.755356
20	84	7	152.655624
21	84	7	117.467224
22	84	6	91.785614
23	84	7	79.064713
24	84	5	67.124962
25	84	7	58.053116
26	84	5	69.315155
27	84	6	90.464874
28	84	5	95.996742
29	84	37	82.449532
30	84	38	75.007195
31	84	38	65.739754
32	84	39	66.283417
33	84	46	59.706673
34	84	47	56.164455
35	84	47	58.28334
36	84	47	48.37796
37	84	45	46.402729
38	84	6	60.978863
39	84	5	86.694511
40	84	7	88.868759
41	84	6	82.934875
42	84	7	82.237091
43	84	6	87.145645
44	84	5	78.924644
45	84	7	74.829605
46	84	6	67.662338
47	84	5	73.950493
48	84	5	72.734749
49	84	5	72.880486
50	84	7	70.194893
51	84	5	66.099464
52	84	7	69.372383
53	84	7	57.187977
54	84	6	42.030281
55	84	5	41.038544
56	84	6	44.58511
57	84	7	47.842224
58	84	6	44.381527
59	84	5	45.077934
60	84	7	49.833229
61	84	7	54.295731
62	84	6	43.613792
63	84	46	25.290098
64	84	45	19.274887
65	84	5	19.575377
66	84	7	17.396452
67	84	6	10.287826
68	84	6	-0.451838
69	84	5	6.339911
70	84	6	21.346067
71	84	7	34.43512
72	84	7	50.226715
73	84	5	72.878433
74	84	5	80.335335
75	84	7	62.734898
76	84	37	31.776344
77	84	61	7.26156
78	84	48	-1.960395
79	84	80	-14.573323
80	84	55	-29.828573
81	84	38	-55.268669
82	84	38	-67.030495
83	84	39	-84.131691
84	84	7	-91.755615
85	84	5	-102.145935
86	84	6	-87.592278
87	84	7	-49.874958
88	84	6	-11.397079
89	84	6	32.063786
90	84	6	48.759502
91	84	6	40.757641
92	84	5	33.733269
93	84	5	27.10568
94	84	5	28.603439
95	84	37	31.429171
96	84	38	27.299816
97	84	38	30.436724
98	84	38	24.923145
99	84	39	12.701925
100	84	6	6.737538
101	84	7	22.950813
102	84	7	35.946712
103	84	6	33.688812
104	84	7	19.132769
105	84	5	11.926742
106	84	7	25.789379
107	84	6	43.29565
108	84	6	46.700699
109	84	6	32.746891
110	84	5	24.792156
111	84	5	31.009806
112	84	6	44.065025
113	84	5	43.165768
114	84	5	38.514404
115	84	46	31.697578
116	84	48	32.771927
117	84	49	43.773178
118	84	37	60.421585
119	84	73	72.946587
120	84	49	83.486931
121	84	6	82.630058
122	84	7	70.800171
123	84	5	54.052559
124	84	6	35.544136
125	84	6	18.273066
126	84	6	7.055779
127	84	7	0.840077
128	84	5	0
0	85	5	0
1	85	5	16.710363
2	85	5	20.635124
3	85	6	25.688787
4	85	6	36.295105
5	85	6	56.711498
6	85	6	69.803894
7	85	6	73.572311
8	85	5	80.873238
9	85	5	86.210777
10	85	6	84.893967
11	85	5	67.603508
12	85	7	46.168991
13	85	5	33.493946
14	85	6	30.62483
15	85	6	24.11326
16	85	5	16.778715
17	85	7	30.109381
18	85	7	58.600384
19	85	7	70.027016
20	85	6	58.761936
21	85	5	39.137344
22	85	6	29.44486
23	85	7	35.317089
24	85	5	50.067478
25	85	7	71.275719
26	85	5	87.025703
27	85	37	108.605179
28	85	73	116.732254
29	85	44	108.868622
30	85	48	77.972427
31	85	55	60.867989
32	85	38	68.43483
33	85	39	73.877876
34	85	6	75.202393
35	85	5	72.36731
36	85	7	61.414524
37	85	5	52.647869
38	85	6	68.323746
39	85	7	84.218315
40	85	6	86.536171
41	85	7	81.657799
42	85	6	88.650047
43	85	5	92.762558
44	85	7	78.109253
45	85	5	75.964561
46	85	5	76.207405
47	85	5	83.918053
48	85	7	87.13089
49	85	7	85.974716
50	85	6	79.892715
51	85	6	72.965202
52	85	7	67.522568
53	85	7	58.177582
54	85	5	51.795612
55	85	6	52.272369
56	85	7	65.589027
57	85	7	66.351135
58	85	7	52.689476
59	85	6	40.606453
60	85	5	47.061413
61	85	7	50.759781
62	85	5	43.006336
63	85	5	29.590065
64	85	7	25.026745
65	85	5	29.185051
66	85	6	28.13608
67	85	5	20.506685
68	85	7	9.269094
69	85	7	2.949321
70	85	6	12.952829
71	85	7	24.752779
72	85	6	43.825184
73	85	7	72.231674
74	85	37	93.046242
75	85	73	83.663857
76	85	49	49.303375
77	85	46	15.175987
78	85	48	3.352173
79	85	80	-6.532248
80	85	80	-22.864952
81	85	80	-41.756168
82	85	49	-44.253151
83	85	7	-48.76366
84	85	6	-52.626831
85	85	7	-59.201412
86	85	7	-35.632572
87	85	6	-11.101335
88	85	5	18.139902
89	85	5	35.531834
90	85	5	38.165661
91	85	7	25.755539
92	85	5	17.281847
93	85	37	22.745638
94	85	61	26.691463
95	85	47	21.818007
96	85	48	18.556732
97	85	80	26.866274
98	85	49	32.72987
99	85	6	23.546198
100	85	5	20.152258
101	85	5	33.90416
102	85	6	45.179558
103	85	7	38.554108
104	85	7	21.750593
105	85	7	7.598102
106	85	6	17.038576
107	85	5	28.500902
108	85	7	38.577816
109	85	7	36.587437
110	85	5	34.07196
111	85	5	37.016369
112	85	6	44.630325
113	85	5	54.459171
114	85	6	58.959515
115	85	43	56.594082
116	85	55	49.897861
117	85	73	44.430134
118	85	44	45.351402
119	85	45	53.354683
120	85	7	71.382774
121	85	6	79.104553
122	85	7	69.244881
123	85	6	43.943066
124	85	6	30.502312
125	85	7	16.786001
126	85	6	6.453648
127	85	7	0.511592
128	85	5	0
0	86	6	0
1	86	5	23.800575
2	86	5	26.253386
3	86	5	31.611565
4	86	5	41.407314
5	86	7	63.744854
6	86	5	86.556244
7	86	5	86.358658
8	86	6	74.920151
9	86	6	68.363541
10	86	5	71.587784
11	86	5	71.466431
12	86	6	64.08844
13	86	5	63.572197
14	86	7	52.725113
15	86	6	35.524879
16	86	5	22.132565
17	86	5	10.088993
18	86	5	13.444134
19	86	6	20.002954
20	86	7	26.085365
21	86	7	22.733307
22	86	6	15.314613
23	86	7	21.733831
24	86	7	53.073532
25	86	6	86.21653
26	86	43	106.884438
27	86	44	127.004616
28	86	45	139.178284
29	86	43	128.056458
30	86	80	89.152153
31	86	80	65.415115
32	86	49	69.434105
33	86	7	81.343887
34	86	5	97.105217
35	86	6	105.14666
36	86	6	82.826294
37	86	7	71.980461
38	86	6	82.122192
39	86	6	86.991951
40	86	5	81.321884
41	86	6	78.524948
42	86	6	90.010742
43	86	5	86.060226
44	86	7	73.60994
45	86	5	76.901237
46	86	6	87.092888
47	86	5	91.667702
48	86	7	89.283089
49	86	6	87.336632
50	86	7	77.939125
51	86	7	72.780807
52	86	7	79.717499
53	86	7	71.737045
54	86	7	58.102135
55	86	7	63.559517
56	86	5	77.754944
57	86	6	78.501572
58	86	5	64.770668
59	86	7	52.188473
60	86	6	55.635933
61	86	5	57.533531
62	86	7	48.394058
63	86	7	31.630754
64	86	6	23.691137
65	86	6	25.043867
66	86	6	29.21904
67	86	5	24.815451
68	86	6	17.321705
69	86	5	13.249442
70	86	7	12.952515
71	86	6	22.114037
72	86	7	37.069305
73	86	43	61.046406
74	86	44	80.878975
75	86	86	76.476105
76	86	38	49.576767
77	86	73	17.664043
78	86	80	7.57899
79	86	44	5.25838
80	86	48	-4.159431
81	86	49	-12.380754
82	86	5	-22.519215
83	86	5	-27.315821
84	86	5	-30.374371
85	86	6	-27.272125
86	86	6	-14.978926
87	86	7	1.152336
88	86	6	20.195747
89	86	6	35.639694
90	86	6	44.893055
91	86	5	35.229763
92	86	43	28.200239
93	86	55	34.657658
94	86	39	35.553062
95	86	43	30.638111
96	86	80	22.341938
97	86	49	22.607376
98	86	5	32.164696
99	86	5	33.3619
100	86	7	36.697285
101	86	7	46.202438
102	86	5	48.6968
103	86	5	35.729546
104	86	6	19.125935
105	86	7	6.495555
106	86	6	13.114273
107	86	7	30.986437
108	86	7	44.236595
109	86	7	44.981415
110	86	5	43.877506
111	86	6	46.191601
112	86	37	51.036362
113	86	38	67.625153
114	86	61	87.735291
115	86	48	90.320984
116	86	44	79.408562
117	86	45	60.724285
118	86	6	38.528011
119	86	5	42.328983
120	86	6	59.425587
121	86	5	64.873566
122	86	7	49.104847
123	86	7	33.051746
124	86	5	26.83642
125	86	7	17.719522
126	86	7	9.433664
127	86	7	4.260197
128	86	6	0
0	87	6	0
1	87	6	32.300766
2	87	7	38.968826
3	87	5	42.455799
4	87	5	48.18615
5	87	7	65.355095
6	87	5	77.571899
7	87	5	75.782341
8	87	7	59.657681
9	87	6	43.037575
10	87	5	52.012039
11	87	6	67.736801
12	87	5	79.764542
13	87	7	82.667168
14	87	7	73.123688
15	87	7	53.747913
16	87	7	36.529007
17	87	5	19.601732
18	87	7	10.627722
19	87	7	17.286106
20	87	6	32.805767
21	87	6	36.835735
22	87	7	27.54129
23	87	7	25.549013
24	87	7	46.393135
25	87	46	80.108009
26	87	86	103.672562
27	87	38	116.906349
28	87	73	125.150879
29	87	44	112.423035
30	87	47	74.720093
31	87	45	51.528996
32	87	7	47.005703
33	87	5	69.811241
34	87	6	98.18457
35	87	7	99.971283
36	87	7	97.282013
37	87	5	101.1045
38	87	6	111.346008
39	87	7	102.77607
40	87	6	82.250008
41	87	5	77.270615
42	87	6	82.515289
43	87	7	71.744957
44	87	6	53.796654
45	87	7	65.535927
46	87	5	79.106613
47	87	5	87.076813
48	87	5	88.993301
49	87	6	81.183548
50	87	5	80.642738
51	87	6	87.239655
52	87	6	100.87542
53	87	6	97.074051
54	87	5	76.61409
55	87	5	66.794167
56	87	5	78.613113
57	87	7	87.305687
58	87	5	75.262344
59	87	7	66.04583
60	87	5	61.824802
61	87	6	61.734756
62	87	5	48.230446
63	87	6	33.082172
64	87	5	20.148478
65	87	6	14.122487
66	87	7	22.566242
67	87	6	30.476435
68	87	6	35.511032
69	87	6	32.02282
70	87	7	33.162991
71	87	5	34.162594
72	87	46	37.400951
73	87	45	47.971043
74	87	46	61.230858
75	87	47	59.631088
76	87	48	37.712315
77	87	80	18.33884
78	87	55	10.560004
79	87	73	11.064314
80	87	49	11.261478
81	87	7	6.670549
82	87	5	2.707682
83	87	5	-3.064627
84	87	6	-7.138358
85	87	7	-4.250982
86	87	5	-1.306852
87	87	5	7.570797
88	87	6	23.515642
89	87	6	47.35146
90	87	5	59.857903
91	87	43	54.956642
92	87	80	46.134186
93	87	55	47.258961
94	87	73	51.748844
95	87	80	49.29771
96	87	49	36.500168
97	87	7	27.148664
98	87	5	35.506462
99	87	6	47.011261
100	87	7	54.082779
101	87	5	56.544041
102	87	6	51.050903
103	87	5	34.528313
104	87	7	16.006685
105	87	5	8.029631
106	87	6	27.207191
107	87	6	46.37841
108	87	7	57.683685
109	87	6	51.440056
110	87	37	48.965794
111	87	61	51.680729
112	87	47	57.726967
113	87	45	63.716068
114	87	43	79.71299
115	87	49	94.290115
116	87	6	94.751259
117	87	7	73.813835
118	87	5	40.741867
119	87	5	39.030739
120	87	5	50.823853
121	87	7	53.092991
122	87	7	38.762848
123	87	5	30.417624
124	87	5	33.354828
125	87	6	30.617193
126	87	6	18.635767
127	87	7	13.607265
128	87	7	0
0	88	6	0
1	88	5	33.006069
2	88	6	41.072144
3	88	7	48.211929
4	88	6	44.25666
5	88	6	43.759129
6	88	7	51.774963
7	88	6	52.144127
8	88	7	43.387535
9	88	6	35.01218
10	88	7	46.388557
11	88	7	64.653214
12	88	6	76.177383
13	88	6	79.085716
14	88	5	67.957085
15	88	7	57.90871
16	88	5	50.642448
17	88	5	38.185257
18	88	6	32.256947
19	88	7	41.059834
20	88	7	59.052052
21	88	6	66.917656
22	88	7	45.389275
23	88	6	26.986555
24	88	6	38.235828
25	88	46	71.455215
26	88	47	84.094292
27	88	47	88.795258
28	88	86	82.842415
29	88	38	69.029533
30	88	39	44.274284
31	88	7	31.441124
32	88	7	33.246567
33	88	5	69.730911
34	88	6	82.590179
35	88	7	81.074173
36	88	7	72.366501
37	88	5	103.377274
38	88	6	130.343246
39	88	5	114.085144
40	88	5	80.396667
41	88	6	72.736832
42	88	7	73.091637
43	88	5	59.705334
44	88	6	48.822655
45	88	5	51.681744
46	88	5	61.286823
47	88	6	68.333244
48	88	6	79.715927
49	88	6	85.040497
50	88	6	88.937851
51	88	6	104.046341
52	88	7	120.171112
53	88	7	110.375694
54	88	5	83.750175
55	88	5	64.947876
56	88	7	76.250587
57	88	5	85.337944
58	88	5	88.923889
59	88	6	74.460815
60	88	6	67.730919
61	88	5	64.903587
62	88	5	59.776417
63	88	5	56.344421
64	88	6	42.619007
65	88	6	26.969193
66	88	6	26.895903
67	88	6	41.299759
68	88	5	51.542751
69	88	7	51.800701
70	88	6	52.207241
71	88	7	55.145947
72	88	6	60.388096
73	88	6	56.222977
74	88	7	51.901638
75	88	46	41.58633
76	88	47	30.203482
77	88	47	17.090181
78	88	47	10.70006
79	88	45	12.19562
80	88	7	14.982321
81	88	7	11.829359
82	88	5	6.042112
83	88	5	0.939515
84	88	6	11.54588
85	88	7	20.241072
86	88	6	21.385401
87	88	5	26.494003
88	88	6	39.044666
89	88	7	62.492477
90	88	43	75.539406
91	88	80	74.142746
92	88	80	65.346138
93	88	80	60.478893
94	88	44	64.620125
95	88	45	67.953247
96	88	6	56.03614
97	88	6	44.067505
98	88	6	45.395943
99	88	5	60.398937
100	88	5	65.153885
101	88	7	63.336166
102	88	7	56.739159
103	88	7	43.047642
104	88	7	25.425966
105	88	5	18.727564
106	88	5	40.41283
107	88	6	67.33474
108	88	7	65.152412
109	88	43	49.20293
110	88	49	47.250801
111	88	6	57.643429
112	88	6	58.529087
113	88	43	47.765148
114	88	49	50.105396
115	88	7	68.909843
116	88	7	81.630074
117	88	7	66.161278
118	88	37	47.40625
119	88	38	44.658241
120	88	39	52.629124
121	88	5	48.201031
122	88	6	33.099186
123	88	6	33.96093
124	88	6	45.063484
125	88	6	39.610134
126	88	5	30.035597
127	88	5	22.341837
128	88	7	0
0	89	7	0
1	89	7	27.273901
2	89	7	42.866226
3	89	6	47.469929
4	89	6	43.121361
5	89	7	29.280033
6	89	6	30.286049
7	89	6	37.191593
8	89	7	39.078182
9	89	7	37.445759
10	89	7	43.617222
11	89	6	58.495224
12	89	6	58.743919
13	89	5	52.782543
14	89	7	48.374084
15	89	7	54.436104
16	89	6	55.54813
17	89	5	50.892735
18	89	5	48.453789
19	89	6	54.646778
20	89	7	74.230156
21	89	5	76.64579
22	89	5	54.040165
23	89	6	26.603018
24	89	5	33.789246
25	89	7	59.025616
26	89	5	73.049034
27	89	46	56.407684
28	89	47	38.670643
29	89	45	25.855234
30	89	5	19.826756
31	89	5	20.489586
32	89	5	43.335407
33	89	6	79.646782
34	89	7	75.922211
35	89	5	45.119915
36	89	5	44.765556
37	89	6	82.011452
38	89	5	113.704895
39	89	7	81.932419
40	89	7	46.672611
41	89	5	44.506702
42	89	5	59.189205
43	89	5	56.058636
44	89	7	37.911343
45	89	6	28.162886
46	89	7	37.474697
47	89	5	50.073406
48	89	7	81.373703
49	89	6	95.896996
50	89	5	94.66362
51	89	6	99.051918
52	89	5	95.548622
53	89	7	85.522972
54	89	6	69.828659
55	89	6	59.449741
56	89	5	72.349846
57	89	5	86.125565
58	89	6	91.654449
59	89	5	86.810028
60	89	5	84.836929
61	89	6	78.521332
62	89	5	76.253448
63	89	5	78.414337
64	89	7	68.785332
65	89	6	46.437336
66	89	6	37.473255
67	89	5	52.344456
68	89	5	61.208725
69	89	5	63.995083
70	89	7	66.361923
71	89	5	77.562317
72	89	6	80.05722
73	89	6	72.643883
74	89	6	61.504417
75	89	7	47.380817
76	89	7	29.546562
77	89	11	13.364172
78	89	12	6.485301
79	89	17	9.986465
80	89	7	11.816081
81	89	6	9.080352
82	89	6	4.370224
83	89	5	4.061156
84	89	5	20.481258
85	89	6	35.187943
86	89	6	36.291451
87	89	5	40.42305
88	89	6	52.85743
89	89	43	73.3461
90	89	80	86.066383
91	89	44	82.951202
92	89	47	70.870094
93	89	45	62.330616
94	89	5	65.634399
95	89	6	71.569214
96	89	6	60.639057
97	89	7	49.088173
98	89	5	47.469856
99	89	6	62.814915
100	89	5	63.760197
101	89	7	60.868324
102	89	5	57.035225
103	89	5	52.962208
104	89	5	43.150204
105	89	7	37.154907
106	89	7	52.911072
107	89	5	70.271851
108	89	43	66.51902
109	89	55	53.854332
110	89	38	46.496826
111	89	38	66.049011
112	89	73	70.926941
113	89	49	57.70525
114	89	5	43.265881
115	89	5	53.496716
116	89	37	61.828415
117	89	61	60.084675
118	89	48	53.316326
119	89	55	56.221699
120	89	39	55.004261
121	89	6	42.485447
122	89	6	27.52268
123	89	5	41.483406
124	89	5	49.053146
125	89	6	43.234386
126	89	6	30.555861
127	89	6	23.178556
128	89	7	0
0	90	5	0
1	90	5	21.345592
2	90	7	41.674679
3	90	7	58.109215
4	90	6	56.729675
5	90	7	42.965549
6	90	6	39.964638
7	90	6	42.701885
8	90	7	42.412109
9	90	5	43.052933
10	90	7	47.572968
11	90	7	55.49448
12	90	5	47.16396
13	90	5	32.766949
14	90	7	34.028
15	90	6	46.499699
16	90	7	58.271832
17	90	7	55.417927
18	90	7	45.23
19	90	7	46.892498
20	90	5	61.537216
21	90	7	67.192162
22	90	6	46.344349
23	90	5	22.870329
24	90	5	27.923521
25	90	6	49.626289
26	90	7	55.970661
27	90	7	36.879715
28	90	6	16.061689
29	90	5	5.711309
30	90	6	7.178387
31	90	6	20.900013
32	90	5	58.831223
33	90	6	84.766098
34	90	7	80.420578
35	90	7	41.651112
36	90	5	29.107582
37	90	7	41.088234
38	90	5	50.789516
39	90	6	10.549901
40	90	6	-22.90296
41	90	6	-19.064104
42	90	6	7.167837
43	90	6	7.608113
44	90	6	-7.397986
45	90	7	-17.420389
46	90	5	-10.365234
47	90	5	25.193764
48	90	6	68.99939
49	90	7	93.7733
50	90	6	90.347298
51	90	6	76.277016
52	90	5	60.169586
53	90	6	48.993565
54	90	5	45.237236
55	90	5	56.194515
56	90	7	72.322166
57	90	5	76.266052
58	90	7	77.156555
59	90	5	85.584145
60	90	5	85.840134
61	90	5	86.012093
62	90	7	79.497696
63	90	5	78.093079
64	90	6	66.38398
65	90	5	47.709595
66	90	6	46.798992
67	90	5	58.373444
68	90	5	63.725117
69	90	6	63.746635
70	90	7	68.504166
71	90	7	85.858856
72	90	7	91.688385
73	90	7	83.176453
74	90	5	63.225285
75	90	11	45.958931
76	90	18	28.04278
77	90	28	18.627071
78	90	16	20.222206
79	90	6	28.529919
80	90	11	28.33069
81	90	12	20.463491
82	90	12	8.500641
83	90	12	8.037616
84	90	17	22.844597
85	90	5	35.152996
86	90	7	35.19735
87	90	6	39.706299
88	90	46	48.838608
89	90	47	67.228645
90	90	45	84.347496
91	90	6	82.350609
92	90	7	67.159851
93	90	6	50.428478
94	90	6	51.64167
95	90	7	59.577465
96	90	6	57.307655
97	90	6	60.143593
98	90	5	63.863045
99	90	5	68.034492
100	90	6	57.525917
101	90	6	49.539822
102	90	7	53.873432
103	90	6	59.809532
104	90	7	63.319424
105	90	5	57.786819
106	90	7	57.922211
107	90	46	64.951118
108	90	48	63.442074
109	90	80	51.64444
110	90	80	55.554359
111	90	44	71.822502
112	90	45	77.430115
113	90	5	65.813446
114	90	37	53.714497
115	90	61	45.814384
116	90	45	42.315208
117	90	43	42.35907
118	90	80	56.219269
119	90	49	69.788361
120	90	7	64.783752
121	90	6	40.402805
122	90	7	33.733723
123	90	5	50.311523
124	90	6	59.72467
125	90	7	44.065399
126	90	6	25.996346
127	90	5	15.998556
128	90	5	0
0	91	5	0
1	91	7	18.443876
2	91	5	40.490425
3	91	5	62.773483
4	91	6	69.653038
5	91	6	63.064838
6	91	5	54.867771
7	91	7	51.444485
8	91	6	45.824448
9	91	5	45.113342
10	91	7	54.6301
11	91	7	58.624775
12	91	5	42.391472
13	91	7	25.587885
14	91	7	27.658388
15	91	6	46.795612
16	91	7	57.967316
17	91	7	51.935047
18	91	5	34.274063
19	91	7	27.008198
20	91	7	37.335209
21	91	5	41.822289
22	91	7	30.198223
23	91	7	16.900629
24	91	7	16.269354
25	91	7	31.48616
26	91	7	36.357384
27	91	6	24.170055
28	91	7	7.666238
29	91	7	2.477395
30	91	5	4.786497
31	91	6	14.214231
32	91	7	47.04921
33	91	7	70.106163
34	91	6	59.735191
35	91	5	35.663242
36	91	7	-0.4762
37	91	5	9.783957
38	91	5	-10.944471
39	91	5	-54.440315
40	91	5	-92.456566
41	91	6	-78.610504
42	91	7	-53.804878
43	91	5	-52.398903
44	91	5	-66.023964
45	91	5	-78.864906
46	91	6	-57.352669
47	91	5	-11.054849
48	91	6	51.681862
49	91	7	82.538391
50	91	6	78.174393
51	91	7	66.901115
52	91	5	45.385433
53	91	6	32.698769
54	91	5	40.11977
55	91	6	59.043957
56	91	5	66.850044
57	91	5	63.247074
58	91	7	58.112492
59	91	5	53.658581
60	91	7	66.612022
61	91	5	69.207565
62	91	7	64.091515
63	91	6	61.434917
64	91	5	50.011749
65	91	7	38.749428
66	91	6	48.476971
67	91	5	59.700684
68	91	5	64.66967
69	91	7	63.5508
70	91	5	68.944672
71	91	5	77.138229
72	91	5	78.040176
73	91	7	68.088768
74	91	22	54.083454
75	91	23	38.335686
76	91	20	28.520971
77	91	17	33.390247
78	91	11	49.070648
79	91	18	63.46896
80	91	19	63.57864
81	91	19	49.126064
82	91	28	29.79681
83	91	16	16.654087
84	91	6	17.907026
85	91	7	23.212688
86	91	6	24.743793
87	91	6	32.04945
88	91	6	41.822735
89	91	6	62.537693
90	91	5	76.094337
91	91	6	76.891548
92	91	5	60.838791
93	91	6	43.113537
94	91	7	40.183456
95	91	7	55.43932
96	91	7	67.887047
97	91	5	76.955162
98	91	7	86.535355
99	91	5	81.083382
100	91	5	59.788246
101	91	6	43.523319
102	91	7	54.76104
103	91	5	72.630402
104	91	7	82.937393
105	91	5	76.528694
106	91	5	69.503799
107	91	46	60.649891
108	91	47	60.938168
109	91	47	54.133781
110	91	45	56.773228
111	91	7	72.845818
112	91	6	76.362427
113	91	43	63.585808
114	91	55	54.923222
115	91	39	37.922531
116	91	43	27.87146
117	91	44	28.506174
118	91	45	49.980564
119	91	7	71.875725
120	91	6	65.432404
121	91	5	38.239361
122	91	5	34.180984
123	91	6	62.3843
124	91	6	72.105858
125	91	7	48.280384
126	91	5	18.915445
127	91	6	6.811144
128	91	7	0
0	92	6	0
1	92	5	12.061411
2	92	7	28.152306
3	92	7	48.389633
4	92	5	56.997402
5	92	5	53.026878
6	92	6	50.343399
7	92	7	44.663483
8	92	6	37.651211
9	92	6	41.885426
10	92	7	47.600121
11	92	7	53.363346
12	92	5	34.113552
13	92	6	19.286379
14	92	6	20.354074
15	92	7	42.401611
16	92	7	55.011578
17	92	7	48.85548
18	92	6	27.863077
19	92	7	13.283018
20	92	7	15.00698
21	92	5	18.964926
22	92	7	14.131375
23	92	5	6.980507
24	92	6	7.64783
25	92	7	13.526903
26	92	7	16.321671
27	92	7	11.409705
28	92	6	5.873977
29	92	7	2.7927
30	92	5	-1.371117
31	92	5	-0.675893
32	92	6	3.668402
33	92	6	14.26816
34	92	7	18.840401
35	92	7	7.719661
36	92	6	1.612138
37	92	6	-8.036314
38	92	6	-31.601713
39	92	7	-75.019272
40	92	7	-112.505669
41	92	7	-119.484253
42	92	7	-95.996895
43	92	6	-95.049072
44	92	5	-101.921104
45	92	6	-108.176987
46	92	7	-84.671249
47	92	5	-29.350914
48	92	7	27.817137
49	92	7	63.004276
50	92	5	67.666641
51	92	6	58.608597
52	92	6	42.477737
53	92	7	32.535229
54	92	5	32.872368
55	92	7	50.444416
56	92	7	70.687416
57	92	5	64.094688
58	92	6	51.885391
59	92	6	39.164112
60	92	7	49.405968
61	92	7	59.350082
62	92	7	62.690788
63	92	5	47.556141
64	92	5	44.897549
65	92	5	48.145138
66	92	11	57.517025
67	92	12	60.457855
68	92	12	60.230808
69	92	12	65.23381
70	92	12	67.118179
71	92	12	62.498447
72	92	12	54.38702
73	92	12	47.831024
74	92	18	44.660309
75	92	28	40.616325
76	92	14	42.145081
77	92	18	52.827293
78	92	28	71.51432
79	92	23	87.165932
80	92	28	85.927238
81	92	16	68.383339
82	92	7	42.663769
83	92	11	23.259556
84	92	12	12.061611
85	92	12	8.981218
86	92	12	11.784149
87	92	17	28.450138
88	92	7	46.344013
89	92	5	66.467934
90	92	5	74.649414
91	92	5	69.199066
92	92	5	50.722874
93	92	5	32.69035
94	92	5	40.731968
95	92	7	63.786018
96	92	7	82.0812
97	92	37	92.133018
98	92	38	97.60511
99	92	39	87.519592
100	92	5	65.421783
101	92	6	53.902905
102	92	7	62.700489
103	92	6	88.510567
104	92	5	97.178284
105	92	6	90.001808
106	92	5	80.63929
107	92	6	78.681175
108	92	6	75.975861
109	92	6	67.203659
110	92	5	57.638783
111	92	6	63.44072
112	92	46	65.160049
113	92	47	54.793205
114	92	86	40.049301
115	92	61	23.345644
116	92	45	13.841762
117	92	5	18.339418
118	92	5	38.291737
119	92	5	64.407715
120	92	6	58.536442
121	92	6	32.862125
122	92	5	35.114136
123	92	5	60.067852
124	92	7	71.224693
125	92	6	46.81879
126	92	7	14.02185
127	92	6	3.85773
128	92	7	0
0	93	5	0
1	93	7	3.430341
2	93	6	9.902253
3	93	6	17.607698
4	93	7	24.138062
5	93	6	27.148743
6	93	6	25.632149
7	93	7	22.243372
8	93	5	21.010677
9	93	6	25.013004
10	93	5	45.969383
11	93	5	51.674587
12	93	6	34.35672
13	93	7	11.754881
14	93	5	13.088621
15	93	7	34.246174
16	93	5	46.093567
17	93	7	41.809093
18	93	6	26.360163
19	93	6	11.091942
20	93	6	6.439222
21	93	6	6.468411
22	93	7	4.374667
23	93	5	2.415925
24	93	5	2.288867
25	93	6	4.713809
26	93	5	5.990479
27	93	5	5.651874
28	93	5	4.31594
29	93	6	1.214184
30	93	7	-5.84933
31	93	6	-16.111168
32	93	6	-21.734337
33	93	6	-23.310709
34	93	7	-20.338171
35	93	7	-19.629122
36	93	6	-17.195377
37	93	6	-10.788061
38	93	6	-16.676111
39	93	5	-56.405186
40	93	6	-104.788277
41	93	7	-115.889099
42	93	7	-101.840408
43	93	6	-90.66172
44	93	5	-92.490654
45	93	7	-87.309479
46	93	5	-71.049744
47	93	5	-27.03927
48	93	6	14.320345
49	93	7	35.913418
50	93	6	33.276836
51	93	7	23.960114
52	93	6	21.261013
53	93	6	18.896454
54	93	6	19.411829
55	93	5	36.023693
56	93	7	56.615055
57	93	5	63.281193
58	93	6	51.673664
59	93	6	43.875187
60	93	5	58.652451
61	93	7	80.748932
62	93	6	80.665642
63	93	6	62.41148
64	93	7	48.275196
65	93	29	54.50732
66	93	19	63.914688
67	93	28	60.254372
68	93	15	56.821579
69	93	23	63.915405
70	93	19	66.783386
71	93	19	56.702122
72	93	19	48.805027
73	93	19	43.424374
74	93	21	49.33931
75	93	29	53.719685
76	93	28	59.356972
77	93	16	65.577148
78	93	29	75.751419
79	93	21	78.535622
80	93	7	67.699821
81	93	7	55.67894
82	93	22	35.692661
83	93	15	20.868326
84	93	23	9.857461
85	93	19	5.142874
86	93	21	10.503488
87	93	6	27.911238
88	93	5	51.161324
89	93	5	64.040451
90	93	6	65.202728
91	93	6	52.131351
92	93	6	37.534752
93	93	7	31.747118
94	93	37	47.40369
95	93	39	66.483627
96	93	46	79.85022
97	93	48	87.430977
98	93	49	87.939865
99	93	7	76.63755
100	93	7	62.116699
101	93	7	56.178745
102	93	7	68.939339
103	93	5	87.296936
104	93	5	92.015633
105	93	7	85.163971
106	93	5	93.249535
107	93	7	99.887535
108	93	5	99.167694
109	93	5	77.97316
110	93	7	57.371181
111	93	7	50.330708
112	93	5	52.150856
113	93	43	44.090622
114	93	49	25.970058
115	93	6	11.030395
116	93	7	5.621523
117	93	7	9.085261
118	93	5	24.815193
119	93	7	42.894047
120	93	7	45.293324
121	93	6	30.153427
122	93	7	30.706825
123	93	5	44.486568
124	93	6	53.271183
125	93	7	36.896629
126	93	6	17.317024
127	93	5	8.639378
128	93	5	0
0	94	5	0
1	94	6	0
2	94	7	1.183502
3	94	5	2.352337
4	94	7	9.111115
5	94	7	22.994106
6	94	6	26.495499
7	94	7	17.472374
8	94	7	9.094174
9	94	5	22.667362
10	94	5	43.206181
11	94	37	51.040051
12	94	39	34.04472
13	94	7	14.733882
14	94	7	13.198729
15	94	6	26.127773
16	94	6	35.282318
17	94	7	31.432007
18	94	6	19.897808
19	94	7	7.349816
20	94	7	2.248257
21	94	7	2.470581
22	94	5	2.474955
23	94	5	1.942202
24	94	6	0.353555
25	94	7	0
26	94	7	0.376565
27	94	5	1.071989
28	94	6	1.362149
29	94	7	-2.618934
30	94	7	-12.226659
31	94	6	-26.863997
32	94	5	-40.331802
33	94	6	-46.066364
34	94	7	-44.075672
35	94	5	-44.77396
36	94	5	-40.519848
37	94	7	-24.391573
38	94	6	-17.988235
39	94	7	-54.461182
40	94	6	-99.274002
41	94	5	-124.638176
42	94	7	-128.8284
43	94	7	-107.897888
44	94	5	-90.53231
45	94	6	-64.806656
46	94	5	-37.047901
47	94	7	-9.557596
48	94	6	13.673349
49	94	7	16.009592
50	94	6	-10.120707
51	94	5	-28.324724
52	94	7	-22.260605
53	94	6	-4.908821
54	94	5	10.469521
55	94	5	21.497293
56	94	7	37.529022
57	94	6	49.626511
58	94	6	50.86544
59	94	7	56.816505
60	94	5	80.07653
61	94	7	114.722397
62	94	5	114.781319
63	94	6	85.300385
64	94	22	60.523895
65	94	23	63.448166
66	94	21	65.41272
67	94	11	52.506451
68	94	18	46.366329
69	94	19	55.942417
70	94	19	65.509026
71	94	19	59.826004
72	94	28	62.256359
73	94	16	59.048504
74	94	29	60.088165
75	94	21	57.88905
76	94	7	60.413666
77	94	29	66.198021
78	94	20	65.908615
79	94	17	60.242794
80	94	5	53.907009
81	94	6	44.208881
82	94	11	30.981052
83	94	18	16.515026
84	94	19	9.507108
85	94	20	5.457519
86	94	12	7.956851
87	94	17	23.570293
88	94	7	42.922249
89	94	5	51.491077
90	94	6	47.349514
91	94	6	36.704845
92	94	6	27.713484
93	94	43	28.726458
94	94	55	46.252621
95	94	38	54.552086
96	94	61	62.882004
97	94	45	69.104897
98	94	7	71.860756
99	94	7	67.356224
100	94	6	50.158463
101	94	6	52.171463
102	94	7	64.157059
103	94	6	68.359055
104	94	5	71.02742
105	94	5	69.28228
106	94	5	75.049965
107	94	5	95.530296
108	94	7	103.647713
109	94	6	86.910828
110	94	6	59.645729
111	94	6	47.910603
112	94	46	53.353565
113	94	45	56.354488
114	94	5	37.765598
115	94	5	15.376244
116	94	7	6.243682
117	94	7	3.573069
118	94	7	9.399216
119	94	5	21.851246
120	94	5	29.391518
121	94	5	31.373831
122	94	6	32.29266
123	94	5	33.838745
124	94	5	34.423389
125	94	5	30.266209
126	94	7	25.212385
127	94	7	20.337748
128	94	7	0
0	95	6	0
1	95	6	0
2	95	5	0
3	95	5	5.025434
4	95	37	27.130428
5	95	38	52.79451
6	95	38	60.194122
7	95	39	44.777367
8	95	7	23.684038
9	95	37	26.908876
10	95	73	43.301777
11	95	49	49.959263
12	95	7	31.118622
13	95	7	19.47455
14	95	7	19.349979
15	95	7	26.966063
16	95	7	27.422163
17	95	7	21.118128
18	95	7	13.029243
19	95	6	5.314359
20	95	5	1.654819
21	95	5	1.911489
22	95	5	2.543029
23	95	5	1.966008
24	95	6	0.774329
25	95	7	0
26	95	6	0
27	95	6	0.08316
28	95	5	-0.025635
29	95	7	-5.80407
30	95	5	-17.027782
31	95	7	-30.708605
32	95	5	-48.293518
33	95	6	-65.196121
34	95	7	-72.039368
35	95	7	-75.14669
36	95	5	-72.792946
37	95	6	-55.553505
38	95	5	-37.183788
39	95	6	-63.697468
40	95	5	-102.719032
41	95	7	-133.22374
42	95	5	-143.947952
43	95	5	-145.322067
44	95	6	-118.665314
45	95	5	-72.490616
46	95	7	-26.883677
47	95	6	-3.149374
48	95	5	0.130554
49	95	6	-23.21175
50	95	7	-52.603428
51	95	7	-76.228798
52	95	7	-61.172939
53	95	6	-27.142748
54	95	6	-2.135154
55	95	7	20.842199
56	95	6	26.450727
57	95	5	30.641088
58	95	6	38.073086
59	95	5	54.579037
60	95	7	95.295731
61	95	6	132.021393
62	95	11	134.293518
63	95	12	102.507874
64	95	13	70.984962
65	95	14	64.645569
66	95	13	63.94384
67	95	15	46.975594
68	95	15	33.130131
69	95	23	44.387733
70	95	19	55.404537
71	95	21	58.574249
72	95	7	60.209385
73	95	29	62.476185
74	95	21	56.513885
75	95	5	47.934978
76	95	22	45.724022
77	95	23	50.087444
78	95	21	57.234875
79	95	6	59.224438
80	95	5	55.764771
81	95	22	52.391144
82	95	23	35.248756
83	95	19	19.682152
84	95	19	10.099754
85	95	19	5.754158
86	95	20	2.481998
87	95	12	11.282719
88	95	17	24.632204
89	95	5	29.686008
90	95	7	28.688774
91	95	5	32.877491
92	95	46	38.035141
93	95	47	48.787277
94	95	47	46.229412
95	95	45	40.924168
96	95	6	41.36216
97	95	5	53.886238
98	95	6	59.145851
99	95	7	65.952255
100	95	6	82.166344
101	95	7	94.865189
102	95	7	93.475899
103	95	5	88.510788
104	95	6	84.295929
105	95	5	82.251617
106	95	5	80.179169
107	95	6	78.687218
108	95	7	81.546921
109	95	6	76.529167
110	95	6	58.531635
111	95	6	58.582661
112	95	5	66.425766
113	95	6	69.456871
114	95	5	51.406254
115	95	5	25.55353
116	95	7	9.934721
117	95	5	4.107585
118	95	5	2.903828
119	95	5	8.060937
120	95	5	25.693514
121	95	6	41.023399
122	95	6	43.43589
123	95	5	34.201138
124	95	6	21.882145
125	95	6	23.003994
126	95	5	29.054279
127	95	7	28.160137
128	95	37	0
0	96	38	0
1	96	38	0
2	96	38	0
3	96	73	10.935843
4	96	44	41.056034
5	96	48	78.981316
6	96	55	89.053993
7	96	38	66.103653
8	96	61	34.98912
9	96	47	26.47504
10	96	45	35.221199
11	96	5	33.489674
12	96	7	22.407125
13	96	7	13.923281
14	96	5	18.136988
15	96	7	22.020954
16	96	7	18.974092
17	96	5	13.901667
18	96	7	10.265319
19	96	5	7.112778
20	96	5	3.793103
21	96	6	3.674593
22	96	5	5.155131
23	96	7	3.115604
24	96	6	1.121862
25	96	5	0
26	96	6	-1.425433
27	96	5	-0.249571
28	96	7	-0.229708
29	96	7	-6.718557
30	96	6	-21.571167
31	96	7	-42.053947
32	96	7	-69.037987
33	96	6	-89.732056
34	96	5	-105.960533
35	96	7	-102.754097
36	96	5	-95.247803
37	96	6	-78.51136
38	96	6	-64.198784
39	96	7	-63.309853
40	96	6	-90.130623
41	96	5	-116.650635
42	96	6	-132.626007
43	96	5	-144.352554
44	96	7	-122.909241
45	96	6	-83.198975
46	96	6	-42.546856
47	96	7	-30.89595
48	96	5	-33.106438
49	96	6	-54.455566
50	96	6	-89.580582
51	96	7	-101.255737
52	96	6	-85.867348
53	96	6	-54.07082
54	96	7	-21.563425
55	96	7	1.184615
56	96	5	10.002527
57	96	6	12.085999
58	96	5	15.454225
59	96	11	35.37175
60	96	12	73.056755
61	96	18	109.810089
62	96	19	115.649368
63	96	20	89.672676
64	96	13	65.960716
65	96	16	67.701859
66	96	7	65.877342
67	96	6	47.099834
68	96	22	34.243782
69	96	23	38.750702
70	96	20	52.675331
71	96	12	50.097065
72	96	13	45.911762
73	96	16	50.21767
74	96	5	44.509193
75	96	7	32.359501
76	96	29	24.79534
77	96	21	28.002434
78	96	5	38.183456
79	96	5	51.86544
80	96	7	61.733727
81	96	29	59.179993
82	96	19	38.286194
83	96	19	18.929699
84	96	19	6.890908
85	96	19	4.220266
86	96	28	0.916937
87	96	14	1.502699
88	96	12	9.723741
89	96	12	19.069649
90	96	17	32.99638
91	96	5	53.453606
92	96	7	68.994652
93	96	7	73.166138
94	96	5	61.476891
95	96	5	34.143757
96	96	5	44.29982
97	96	5	59.765625
98	96	6	79.294342
99	96	5	103.694656
100	96	6	135.291031
101	96	7	160.420883
102	96	6	160.46579
103	96	7	153.069534
104	96	6	141.703796
105	96	6	134.964813
106	96	7	112.773788
107	96	7	86.149055
108	96	5	69.484451
109	96	5	65.248184
110	96	6	53.749222
111	96	6	62.252918
112	96	5	77.976608
113	96	7	85.982582
114	96	6	65.209679
115	96	6	42.370548
116	96	5	24.502636
117	96	6	13.427999
118	96	6	7.932888
119	96	7	7.810375
120	96	6	28.021027
121	96	6	47.61956
122	96	7	55.209854
123	96	7	38.826038
124	96	5	24.238207
125	96	5	24.021076
126	96	5	28.013596
127	96	43	25.255526
128	96	80	0
0	97	80	0
1	97	80	2.549621
2	97	80	2.08596
3	97	49	8.013407
4	97	43	33.261269
5	97	80	63.443539
6	97	80	72.181908
7	97	55	56.767872
8	97	38	30.920595
9	97	39	17.781582
10	97	6	16.91223
11	97	7	14.116682
12	97	6	5.652375
13	97	7	4.700967
14	97	7	9.955539
15	97	5	10.372788
16	97	7	6.383646
17	97	7	3.338242
18	97	7	-1.148354
19	97	6	-3.35007
20	97	7	6.1379
21	97	6	5.204759
22	97	5	5.397614
23	97	5	3.056447
24	97	7	0.177545
25	97	7	-13.326935
26	97	7	-24.956318
27	97	5	-20.445946
28	97	7	-14.790803
29	97	5	-20.374578
30	97	5	-45.378006
31	97	6	-75.000908
32	97	5	-102.152573
33	97	5	-117.27816
34	97	7	-123.676346
35	97	7	-113.543571
36	97	6	-100.474823
37	97	6	-85.375198
38	97	7	-79.494911
39	97	7	-76.964729
40	97	6	-81.07605
41	97	5	-92.703636
42	97	6	-107.006645
43	97	6	-115.319626
44	97	5	-109.357376
45	97	7	-88.193253
46	97	5	-78.423401
47	97	7	-66.633133
48	97	6	-74.034416
49	97	5	-92.003326
50	97	6	-113.267174
51	97	7	-114.886024
52	97	7	-104.031876
53	97	6	-80.176834
54	97	5	-53.450951
55	97	6	-28.916973
56	97	7	-17.108999
57	97	6	-11.647796
58	97	22	-2.227836
59	97	15	15.535743
60	97	15	42.496536
61	97	15	65.446579
62	97	15	70.490097
63	97	16	56.588902
64	97	7	47.697521
65	97	11	57.93478
66	97	17	65.642372
67	97	7	52.244457
68	97	29	40.846252
69	97	19	42.017044
70	97	28	49.514168
71	97	14	47.508667
72	97	17	39.963295
73	97	6	40.678455
74	97	5	43.013199
75	97	22	28.689779
76	97	14	11.095058
77	97	12	7.915864
78	97	17	17.761156
79	97	5	30.186829
80	97	29	42.308746
81	97	28	38.844704
82	97	23	23.459639
83	97	19	9.221081
84	97	28	2.719046
85	97	14	1.170673
86	97	18	0.601864
87	97	28	3.563627
88	97	23	10.617646
89	97	21	24.539497
90	97	6	46.741737
91	97	6	71.504417
92	97	7	89.474289
93	97	7	79.007713
94	97	6	63.556679
95	97	6	54.702103
96	97	5	82.890121
97	97	6	119.475685
98	97	6	139.588531
99	97	5	161.292542
100	97	6	197.809525
101	97	7	232.065369
102	97	7	217.361435
103	97	7	198.441116
104	97	7	178.484299
105	97	6	170.938354
106	97	7	144.866409
107	97	7	109.588806
108	97	6	84.644585
109	97	7	70.829041
110	97	7	61.521988
111	97	5	64.130524
112	97	6	82.305855
113	97	6	92.785553
114	97	7	84.996735
115	97	5	65.034615
116	97	7	53.066086
117	97	6	38.359821
118	97	7	25.255627
119	97	5	22.32095
120	97	5	36.312496
121	97	5	51.171394
122	97	7	51.428051
123	97	6	41.565224
124	97	6	33.804558
125	97	37	37.969467
126	97	73	35.339745
127	97	80	20.711695
128	97	80	0
0	98	453	0
1	98	454	15.277015
2	98	55	16.131021
3	98	73	13.0766
4	98	44	23.333401
5	98	48	40.985611
6	98	44	42.362617
7	98	47	24.224728
8	98	45	13.314078
9	98	7	8.709322
10	98	5	4.634199
11	98	7	0.667986
12	98	6	-3.354479
13	98	6	-5.897884
14	98	6	-3.786421
15	98	6	-4.7436
16	98	6	-7.111458
17	98	7	-17.750685
18	98	5	-33.365379
19	98	5	-31.528896
20	98	7	-8.74455
21	98	7	-1.639063
22	98	6	-30.523485
23	98	7	-48.901508
24	98	5	-38.567806
25	98	6	-36.339848
26	98	7	-57.309277
27	98	5	-66.498337
28	98	7	-62.130024
29	98	6	-62.558079
30	98	5	-76.896599
31	98	7	-101.910698
32	98	7	-127.981964
33	98	7	-141.840164
34	98	7	-132.582138
35	98	7	-116.705803
36	98	7	-97.787582
37	98	5	-92.668465
38	98	7	-96.322044
39	98	6	-103.047905
40	98	5	-98.925873
41	98	5	-93.512627
42	98	5	-95.62281
43	98	7	-94.611633
44	98	5	-92.742722
45	98	6	-89.125328
46	98	5	-93.9422
47	98	7	-93.031532
48	98	6	-93.951355
49	98	6	-96.080376
50	98	5	-113.279427
51	98	7	-119.379768
52	98	7	-118.156464
53	98	5	-99.83844
54	98	7	-77.80497
55	98	7	-63.234112
56	98	7	-56.275356
57	98	5	-47.010529
58	98	11	-28.508732
59	98	17	-3.061793
60	98	5	17.742785
61	98	11	28.725601
62	98	12	28.599993
63	98	12	21.417463
64	98	18	20.102282
65	98	20	36.180084
66	98	12	48.881001
67	98	13	55.193989
68	98	23	53.729694
69	98	20	53.151989
70	98	13	58.539303
71	98	14	49.022076
72	98	12	45.623432
73	98	12	49.204636
74	98	12	55.231438
75	98	13	44.357376
76	98	23	20.722118
77	98	20	6.305889
78	98	17	7.710426
79	98	29	12.480355
80	98	21	15.052724
81	98	29	13.377228
82	98	19	5.765794
83	98	20	0
84	98	13	0
85	98	15	0
86	98	14	1.319091
87	98	18	5.416698
88	98	20	19.010532
89	98	12	33.726063
90	98	17	51.908661
91	98	5	69.464172
92	98	7	75.027176
93	98	5	63.12402
94	98	6	60.135941
95	98	5	81.740211
96	98	7	145.244278
97	98	7	187.635727
98	98	5	211.262863
99	98	7	213.521957
100	98	5	247.27861
101	98	5	248.268784
102	98	5	241.44722
103	98	6	213.362579
104	98	5	187.555344
105	98	5	163.515656
106	98	5	136.723099
107	98	6	109.014229
108	98	5	101.655899
109	98	7	88.566254
110	98	6	78.542175
111	98	7	71.59449
112	98	5	82.055779
113	98	5	91.778427
114	98	7	91.308632
115	98	7	83.871613
116	98	6	73.890556
117	98	5	62.840603
118	98	6	50.658306
119	98	7	49.201317
120	98	6	54.567547
121	98	5	55.482819
122	98	6	43.476151
123	98	6	33.522186
124	98	43	42.85368
125	98	80	55.40379
126	98	44	44.291847
127	98	455	21.577099
128	98	456	0
0	99	457	0
1	99	80	36.10952
2	99	44	37.556076
3	99	45	33.202667
4	99	43	34.778168
5	99	49	45.578983
6	99	5	39.285938
7	99	7	19.39287
8	99	5	7.024874
9	99	7	1.674453
10	99	7	-1.59613
11	99	7	-7.995158
12	99	5	-14.861917
13	99	5	-18.764418
14	99	6	-18.807274
15	99	7	-20.112827
16	99	5	-20.805349
17	99	7	-40.427208
18	99	6	-74.180595
19	99	5	-65.635193
20	99	6	-29.424982
21	99	5	-18.980446
22	99	6	-72.895653
23	99	7	-103.719254
24	99	6	-79.596519
25	99	6	-55.93576
26	99	6	-68.044762
27	99	7	-90.437508
28	99	6	-102.324539
29	99	6	-110.007843
30	99	7	-117.187523
31	99	6	-121.66523
32	99	7	-145.191025
33	99	6	-161.23465
34	99	6	-150.370224
35	99	5	-126.778366
36	99	7	-110.198463
37	99	7	-111.955727
38	99	5	-117.419624
39	99	6	-123.033058
40	99	7	-119.702362
41	99	6	-121.030556
42	99	5	-117.410217
43	99	6	-114.223991
44	99	7	-106.801117
45	99	11	-105.353432
46	99	17	-97.917114
47	99	7	-97.069351
48	99	7	-88.545181
49	99	7	-85.341927
50	99	5	-98.375938
51	99	5	-113.054451
52	99	7	-120.240891
53	99	5	-111.203224
54	99	6	-96.775223
55	99	6	-95.741676
56	99	5	-102.184143
57	99	29	-95.679138
58	99	20	-62.735699
59	99	12	-30.803867
60	99	13	-5.201387
61	99	15	7.121422
62	99	23	8.671631
63	99	28	3.445192
64	99	15	3.041513
65	99	23	15.491156
66	99	21	40.622692
67	99	22	60.814945
68	99	15	68.260834
69	99	16	65.823181
70	99	22	59.724224
71	99	15	46.501286
72	99	15	46.221287
73	99	23	59.108685
74	99	20	73.426262
75	99	13	61.600246
76	99	15	34.746113
77	99	16	12.523908
78	99	29	8.650632
79	99	21	5.710465
80	99	29	3.874409
81	99	19	2.507434
82	99	19	0.110426
83	99	20	0
84	99	12	0
85	99	18	0
86	99	19	6.534574
87	99	19	19.370594
88	99	19	29.93524
89	99	20	34.257046
90	99	12	42.485424
91	99	17	50.346725
92	99	6	52.793861
93	99	5	45.777729
94	99	6	54.027515
95	99	7	108.005783
96	99	7	185.240906
97	99	5	244.166351
98	99	6	255.864182
99	99	7	240.964767
100	99	5	233.299759
101	99	5	240.045502
102	99	7	231.89682
103	99	6	210.668442
104	99	5	178.504837
105	99	7	145.017456
106	99	5	113.118744
107	99	7	108.594772
108	99	5	112.104149
109	99	6	115.272797
110	99	7	103.661774
111	99	5	94.340919
112	99	7	95.736153
113	99	6	99.132523
114	99	6	95.817619
115	99	6	82.864998
116	99	5	72.645432
117	99	5	63.577724
118	99	5	62.25819
119	99	5	68.652084
120	99	6	78.934395
121	99	6	72.46666
122	99	7	48.685394
123	99	46	32.369755
124	99	48	44.184006
125	99	49	56.306973
126	99	458	47.894516
127	99	459	23.488567
128	99	460	0
0	100	80	0
1	100	49	48.39241
2	100	5	53.111134
3	100	46	49.572227
4	100	45	71.83136
5	100	5	100.845367
6	100	5	92.737976
7	100	6	54.061985
8	100	5	17.756666
9	100	7	4.748699
10	100	5	-7.409611
11	100	7	-17.239588
12	100	5	-26.858294
13	100	7	-36.596848
14	100	6	-41.412575
15	100	7	-43.206947
16	100	6	-51.0009
17	100	5	-76.646271
18	100	6	-102.948677
19	100	6	-88.370941
20	100	6	-50.219002
21	100	6	-60.730282
22	100	5	-105.674683
23	100	6	-109.612053
24	100	6	-72.799522
25	100	6	-43.952251
26	100	7	-55.547436
27	100	6	-81.505241
28	100	6	-98.386818
29	100	5	-130.078552
30	100	5	-143.144226
31	100	6	-147.937973
32	100	7	-157.921204
33	100	5	-175.486099
34	100	5	-165.500656
35	100	6	-143.715393
36	100	5	-124.675545
37	100	6	-119.694603
38	100	5	-117.251564
39	100	5	-114.698212
40	100	7	-107.979111
41	100	11	-115.303665
42	100	17	-123.697365
43	100	11	-127.266937
44	100	18	-122.520767
45	100	20	-115.616142
46	100	12	-108.64444
47	100	12	-95.324959
48	100	17	-85.297707
49	100	11	-81.900658
50	100	12	-91.780685
51	100	17	-110.277092
52	100	6	-115.454041
53	100	5	-109.141373
54	100	7	-104.375153
55	100	11	-116.565323
56	100	13	-130.450516
57	100	15	-117.754044
58	100	15	-82.100121
59	100	16	-53.579693
60	100	5	-35.939163
61	100	22	-21.635601
62	100	14	-10.237113
63	100	12	-0.639399
64	100	13	9.676514
65	100	14	23.384197
66	100	12	44.977215
67	100	12	67.930244
68	100	17	78.060936
69	100	5	67.083656
70	100	11	51.507473
71	100	12	35.213444
72	100	13	36.322056
73	100	15	53.693371
74	100	16	68.301552
75	100	7	61.479027
76	100	7	36.375999
77	100	22	14.334364
78	100	14	8.223732
79	100	18	9.505583
80	100	19	14.052155
81	100	28	14.159183
82	100	15	8.625137
83	100	23	0.549046
84	100	28	0
85	100	23	3.115469
86	100	19	21.519415
87	100	19	42.43256
88	100	28	48.710506
89	100	23	43.474388
90	100	21	37.097908
91	100	7	39.459984
92	100	5	41.49778
93	100	5	45.70496
94	100	7	62.473225
95	100	5	122.399452
96	100	6	197.65361
97	100	7	250.050812
98	100	5	251.828735
99	100	5	244.162308
100	100	7	226.691223
101	100	5	215.130112
102	100	5	212.17424
103	100	7	215.364944
104	100	6	178.763382
105	100	5	139.304703
106	100	7	103.194763
107	100	6	104.917183
108	100	5	129.470917
109	100	6	140.82518
110	100	7	130.327866
111	100	6	122.504341
112	100	7	117.384216
113	100	7	109.013527
114	100	5	88.199593
115	100	6	65.348404
116	100	7	48.925396
117	100	7	41.602268
118	100	7	45.092701
119	100	6	60.827728
120	100	6	79.64061
121	100	7	77.407661
122	100	37	58.678558
123	100	73	41.003864
124	100	49	50.636826
125	100	6	51.80621
126	100	37	35.946705
127	100	61	16.986561
128	100	48	0
0	101	55	0
1	101	39	44.250603
2	101	5	47.114094
3	101	5	51.753796
4	101	7	86.341652
5	101	6	128.29805
6	101	6	128.33046
7	101	7	85.600243
8	101	6	32.485371
9	101	5	10.405104
10	101	5	-11.787533
11	101	6	-29.27586
12	101	6	-48.89772
13	101	7	-65.805702
14	101	6	-73.312424
15	101	5	-74.19693
16	101	5	-89.469521
17	101	6	-115.195518
18	101	6	-132.6474
19	101	6	-117.733421
20	101	7	-98.678566
21	101	5	-111.872543
22	101	7	-127.004448
23	101	7	-106.548531
24	101	6	-59.857098
25	101	6	-37.202881
26	101	7	-50.923386
27	101	5	-63.653187
28	101	7	-76.823334
29	101	5	-100.619698
30	101	7	-136.091385
31	101	5	-148.04863
32	101	7	-156.437775
33	101	7	-170.114731
34	101	7	-171.696594
35	101	6	-164.352386
36	101	5	-141.046326
37	101	5	-115.654129
38	101	11	-102.858971
39	101	17	-95.366875
40	101	29	-93.160278
41	101	20	-104.607918
42	101	18	-131.868195
43	101	19	-151.55986
44	101	28	-160.563446
45	101	23	-154.368134
46	101	19	-139.453445
47	101	20	-118.803261
48	101	18	-104.938751
49	101	19	-95.700958
50	101	20	-95.451378
51	101	17	-106.898933
52	101	5	-110.812134
53	101	7	-108.082718
54	101	29	-109.041893
55	101	20	-120.895691
56	101	12	-136.274277
57	101	12	-123.937943
58	101	17	-100.535233
59	101	7	-86.140839
60	101	5	-75.334114
61	101	22	-53.434849
62	101	23	-29.974335
63	101	21	-8.241172
64	101	29	11.504045
65	101	19	35.106964
66	101	19	50.413742
67	101	21	65.694946
68	101	6	64.124626
69	101	22	48.774048
70	101	23	29.322247
71	101	21	21.362307
72	101	7	32.993
73	101	7	54.304852
74	101	11	60.537876
75	101	17	45.528515
76	101	5	25.419069
77	101	29	10.879807
78	101	28	8.210686
79	101	23	16.226709
80	101	21	26.18923
81	101	7	27.815516
82	101	22	17.37812
83	101	14	5.481245
84	101	18	0
85	101	19	6.869867
86	101	28	31.911282
87	101	14	59.69342
88	101	18	62.060329
89	101	20	48.524738
90	101	12	34.960281
91	101	17	43.16935
92	101	7	56.925179
93	101	6	71.612747
94	101	6	88.535912
95	101	5	134.425247
96	101	6	198.812439
97	101	5	222.334045
98	101	6	242.852066
99	101	5	243.258713
100	101	6	242.015015
101	101	7	218.593948
102	101	6	187.773331
103	101	5	180.335678
104	101	6	178.486969
105	101	6	146.419739
106	101	5	128.944305
107	101	7	124.599899
108	101	6	136.767166
109	101	7	145.362122
110	101	6	143.627029
111	101	6	134.371216
112	101	6	125.159828
113	101	7	113.375771
114	101	5	86.173409
115	101	7	57.536324
116	101	5	34.488796
117	101	5	17.94508
118	101	7	17.090847
119	101	6	31.48488
120	101	5	50.417542
121	101	46	56.934071
122	101	47	56.086292
123	101	86	57.532288
124	101	39	60.378963
125	101	43	50.441582
126	101	55	27.579937
127	101	73	8.256199
128	101	80	0
0	102	49	0
1	102	7	24.024782
2	102	5	25.140522
3	102	6	29.152897
4	102	7	65.459312
5	102	5	110.557961
6	102	5	113.126587
7	102	7	80.398056
8	102	6	34.067558
9	102	5	5.95975
10	102	7	-27.783789
11	102	6	-50.946068
12	102	7	-79.752121
13	102	7	-118.695351
14	102	6	-122.851257
15	102	5	-102.386238
16	102	7	-102.103386
17	102	6	-131.129333
18	102	7	-156.025009
19	102	7	-153.062637
20	102	7	-142.342422
21	102	7	-147.357376
22	102	5	-154.755722
23	102	7	-138.203476
24	102	6	-97.629463
25	102	5	-65.596542
26	102	7	-62.760998
27	102	7	-64.677727
28	102	6	-64.186928
29	102	7	-84.29026
30	102	7	-114.951263
31	102	5	-129.741425
32	102	6	-144.895126
33	102	7	-158.572556
34	102	5	-164.930008
35	102	6	-165.049393
36	102	7	-154.309219
37	102	22	-126.532951
38	102	14	-102.542053
39	102	18	-87.42939
40	102	19	-91.146439
41	102	19	-117.302032
42	102	19	-157.813309
43	102	20	-185.874817
44	102	18	-197.416092
45	102	19	-200.832413
46	102	28	-192.832489
47	102	23	-173.253601
48	102	28	-146.555222
49	102	23	-121.641716
50	102	20	-109.103645
51	102	17	-108.066833
52	102	11	-108.068565
53	102	18	-103.405441
54	102	19	-105.357224
55	102	19	-120.140358
56	102	19	-136.972046
57	102	20	-135.308868
58	102	12	-131.836853
59	102	12	-125.352264
60	102	17	-113.573219
61	102	22	-88.820511
62	102	14	-57.264099
63	102	13	-24.256399
64	102	15	1.022784
65	102	15	27.292097
66	102	16	40.780643
67	102	5	44.244389
68	102	6	37.730717
69	102	22	21.342688
70	102	16	18.584194
71	102	11	29.811872
72	102	12	49.493881
73	102	18	61.82016
74	102	20	57.88726
75	102	17	37.14922
76	102	29	12.858687
77	102	21	8.135479
78	102	29	8.444644
79	102	21	20.484776
80	102	7	31.438173
81	102	11	34.5359
82	102	18	20.281059
83	102	19	6.427015
84	102	19	0
85	102	21	4.291424
86	102	22	28.449078
87	102	23	50.990295
88	102	19	53.530106
89	102	19	40.81171
90	102	21	31.164333
91	102	6	57.657806
92	102	7	77.698265
93	102	7	88.574005
94	102	6	108.877205
95	102	5	145.258133
96	102	7	195.400208
97	102	7	214.611176
98	102	6	232.686523
99	102	6	257.013885
100	102	6	265.877411
101	102	5	232.283447
102	102	6	167.002838
103	102	5	140.084503
104	102	6	149.892792
105	102	5	147.188675
106	102	5	139.279236
107	102	6	138.198425
108	102	7	145.880844
109	102	6	152.426559
110	102	7	148.364883
111	102	5	144.34816
112	102	5	141.37439
113	102	6	122.608459
114	102	6	92.580231
115	102	5	63.077244
116	102	7	44.102032
117	102	6	25.279673
118	102	7	7.960682
119	102	7	8.822112
120	102	6	21.936962
121	102	7	31.606413
122	102	43	49.623768
123	102	49	71.158195
124	102	46	78.999245
125	102	48	55.597927
126	102	80	24.81815
127	102	80	3.234211
128	102	49	0
0	103	5	0
1	103	7	8.942498
2	103	7	9.337305
3	103	5	6.105105
4	103	7	30.252319
5	103	5	54.473583
6	103	5	64.966843
7	103	5	47.179779
8	103	7	17.87557
9	103	37	-10.5878
10	103	38	-42.671993
11	103	39	-67.079056
12	103	5	-105.067688
13	103	7	-144.570969
14	103	7	-153.590134
15	103	6	-128.573044
16	103	7	-114.868637
17	103	5	-138.025696
18	103	6	-171.756485
19	103	5	-185.08046
20	103	5	-165.634857
21	103	5	-150.800446
22	103	7	-160.472122
23	103	6	-173.510925
24	103	6	-146.513596
25	103	5	-101.431435
26	103	6	-79.12027
27	103	7	-92.392998
28	103	6	-108.804741
29	103	5	-114.667831
30	103	6	-118.477104
31	103	6	-116.194389
32	103	7	-125.626961
33	103	7	-137.196732
34	103	5	-139.233109
35	103	7	-144.641724
36	103	11	-142.658051
37	103	18	-132.950378
38	103	19	-110.513351
39	103	28	-95.918709
40	103	23	-108.044113
41	103	28	-144.197357
42	103	23	-179.523804
43	103	19	-201.302948
44	103	19	-204.489029
45	103	20	-210.429474
46	103	18	-224.854782
47	103	20	-212.043198
48	103	18	-182.855927
49	103	19	-149.256638
50	103	20	-121.190781
51	103	18	-102.708878
52	103	19	-84.470573
53	103	19	-73.647583
54	103	19	-86.404465
55	103	28	-111.52066
56	103	23	-135.967484
57	103	19	-148.069946
58	103	19	-153.149445
59	103	20	-145.701797
60	103	12	-130.790268
61	103	18	-110.99173
62	103	20	-84.387405
63	103	17	-44.708797
64	103	7	-16.285879
65	103	6	12.564443
66	103	7	35.98819
67	103	6	40.332634
68	103	7	34.643108
69	103	5	25.363882
70	103	29	27.988873
71	103	28	42.678715
72	103	23	65.783684
73	103	19	75.525124
74	103	21	59.35487
75	103	29	33.627617
76	103	21	18.660702
77	103	22	19.087114
78	103	14	19.287182
79	103	17	23.707338
80	103	22	31.658773
81	103	15	31.56868
82	103	15	20.620975
83	103	23	6.356842
84	103	20	1.094446
85	103	12	2.177444
86	103	13	14.098298
87	103	23	27.653143
88	103	19	28.037836
89	103	21	20.617107
90	103	5	30.053345
91	103	6	62.022137
92	103	7	82.31456
93	103	7	91.554451
94	103	7	96.30571
95	103	5	137.295731
96	103	6	188.680252
97	103	7	208.347824
98	103	6	223.138626
99	103	6	258.21524
100	103	7	276.426758
101	103	5	239.415527
102	103	6	163.677658
103	103	7	136.148331
104	103	5	158.721725
105	103	6	175.586975
106	103	5	164.853394
107	103	7	172.92067
108	103	5	175.226181
109	103	7	177.345413
110	103	6	173.128387
111	103	7	171.671997
112	103	5	169.723633
113	103	6	150.025223
114	103	6	127.012245
115	103	6	100.730164
116	103	5	76.733086
117	103	6	54.237473
118	103	5	30.313984
119	103	6	24.01758
120	103	5	29.62031
121	103	46	33.164944
122	103	45	50.461037
123	103	5	74.30146
124	103	43	81.141174
125	103	44	57.152542
126	103	47	20.020374
127	103	45	2.220613
128	103	7	0
0	104	7	0
1	104	6	5.482706
2	104	7	7.073033
3	104	5	4.470207
4	104	5	3.821534
5	104	7	19.171137
6	104	7	23.706434
7	104	5	16.622509
8	104	46	1.423502
9	104	48	-24.513777
10	104	49	-51.197472
11	104	6	-76.72419
12	104	7	-108.866287
13	104	6	-141.961563
14	104	5	-154.129013
15	104	6	-154.168045
16	104	5	-157.371048
17	104	6	-165.589951
18	104	6	-183.538483
19	104	5	-191.492111
20	104	6	-171.152054
21	104	5	-138.087631
22	104	30	-138.156311
23	104	32	-156.650391
24	104	5	-161.091049
25	104	5	-118.026642
26	104	5	-101.417915
27	104	7	-139.0849
28	104	7	-170.735596
29	104	6	-162.590302
30	104	7	-130.43692
31	104	6	-113.587791
32	104	6	-110.812592
33	104	5	-108.040665
34	104	7	-106.015381
35	104	22	-119.069016
36	104	15	-129.158752
37	104	15	-132.887878
38	104	14	-119.62471
39	104	13	-104.895821
40	104	16	-123.240326
41	104	29	-164.991638
42	104	19	-198.335037
43	104	19	-213.467804
44	104	19	-206.761627
45	104	19	-211.661331
46	104	19	-228.420044
47	104	19	-220.754181
48	104	19	-190.83754
49	104	19	-156.695602
50	104	28	-121.585571
51	104	15	-88.085327
52	104	15	-57.621033
53	104	23	-50.478863
54	104	20	-70.702896
55	104	18	-111.414207
56	104	19	-129.288757
57	104	19	-137.764893
58	104	28	-147.727631
59	104	23	-145.987381
60	104	19	-129.761261
61	104	19	-122.645966
62	104	20	-102.052666
63	104	17	-66.452301
64	104	6	-30.599001
65	104	6	7.830118
66	104	5	43.664463
67	104	5	58.457882
68	104	7	50.650032
69	104	22	38.286995
70	104	14	40.492069
71	104	18	46.275425
72	104	19	57.015327
73	104	20	58.480434
74	104	18	49.392647
75	104	20	35.19141
76	104	12	33.86039
77	104	18	38.230747
78	104	20	35.778622
79	104	17	26.790249
80	104	7	27.575195
81	104	7	27.968039
82	104	22	20.226814
83	104	15	12.840519
84	104	23	7.11356
85	104	20	5.388931
86	104	18	4.914896
87	104	19	7.335984
88	104	21	10.252016
89	104	5	15.873034
90	104	5	32.317238
91	104	6	59.420494
92	104	7	74.283218
93	104	7	73.259125
94	104	5	74.688637
95	104	6	118.961082
96	104	6	184.983368
97	104	7	213.011185
98	104	6	202.58844
99	104	5	223.489639
100	104	7	242.134354
101	104	6	220.954102
102	104	6	164.986984
103	104	7	152.376617
104	104	6	173.59314
105	104	5	173.59314
106	104	6	174.586105
107	104	6	193.83728
108	104	5	201.343201
109	104	5	201.794662
110	104	7	185.450668
111	104	5	190.80423
112	104	7	198.178116
113	104	6	187.547333
114	104	7	165.680832
115	104	7	141.034866
116	104	7	117.389603
117	104	7	84.879517
118	104	6	60.536491
119	104	7	51.162041
120	104	5	57.680901
121	104	6	58.559761
122	104	7	56.061504
123	104	46	69.904922
124	104	45	67.554176
125	104	6	44.325211
126	104	5	14.914167
127	104	5	2.483531
128	104	7	0
0	105	93	0
1	105	100	15.4843
2	105	100	23.792324
3	105	100	20.364786
4	105	94	12.310109
5	105	6	10.352036
6	105	6	14.257173
7	105	7	11.576674
8	105	46	-7.480556
9	105	45	-31.246042
10	105	6	-52.31757
11	105	6	-78.032784
12	105	7	-108.133766
13	105	6	-136.67923
14	105	5	-150.475647
15	105	6	-167.156036
16	105	7	-186.582016
17	105	7	-185.588074
18	105	30	-177.718369
19	105	32	-176.347778
20	105	33	-171.000534
21	105	54	-130.818344
22	105	26	-112.121689
23	105	5	-157.457474
24	105	5	-167.458374
25	105	5	-132.903687
26	105	6	-138.182327
27	105	6	-169.44371
28	105	7	-184.290024
29	105	5	-167.639236
30	105	6	-133.523453
31	105	7	-115.689697
32	105	5	-109.744286
33	105	5	-99.08094
34	105	11	-102.380165
35	105	17	-117.607239
36	105	11	-131.533081
37	105	18	-131.426926
38	105	21	-122.0784
39	105	5	-113.914482
40	105	22	-131.925583
41	105	23	-170.51741
42	105	19	-208.490952
43	105	19	-224.030884
44	105	19	-222.424973
45	105	28	-226.333679
46	105	15	-232.665298
47	105	23	-225.581802
48	105	19	-190.411484
49	105	20	-148.151657
50	105	17	-109.018112
51	105	6	-76.815567
52	105	22	-52.899014
53	105	15	-49.608475
54	105	15	-72.008392
55	105	15	-112.16761
56	105	15	-121.069321
57	105	16	-117.176537
58	105	29	-128.790359
59	105	28	-139.72757
60	105	23	-143.8405
61	105	19	-135.33754
62	105	20	-119.37709
63	105	12	-78.973015
64	105	17	-35.888184
65	105	7	14.947424
66	105	6	56.938557
67	105	7	71.546768
68	105	11	61.357311
69	105	18	50.698147
70	105	19	51.018127
71	105	19	44.230392
72	105	19	32.536602
73	105	28	31.735779
74	105	15	26.002155
75	105	23	35.689495
76	105	28	48.374878
77	105	23	55.974628
78	105	20	43.639385
79	105	17	28.787596
80	105	5	22.049551
81	105	11	24.123983
82	105	12	24.047382
83	105	18	19.478012
84	105	19	13.368058
85	105	19	8.150739
86	105	19	8.272568
87	105	21	12.31315
88	105	7	21.153677
89	105	6	23.903534
90	105	6	38.832397
91	105	7	49.593361
92	105	5	59.458035
93	105	5	58.66674
94	105	7	69.79493
95	105	5	116.766655
96	105	6	180.012085
97	105	6	204.307266
98	105	7	183.985718
99	105	6	178.769043
100	105	5	192.080109
101	105	6	183.498978
102	105	7	164.39595
103	105	7	178.526337
104	105	6	173.59314
105	105	7	173.59314
106	105	5	174.586105
107	105	5	174.586105
108	105	7	179.712341
109	105	6	179.712341
110	105	5	179.712341
111	105	5	194.074997
112	105	6	204.389847
113	105	5	207.862289
114	105	5	192.731522
115	105	7	171.376923
116	105	7	138.654694
117	105	6	106.286674
118	105	5	83.615479
119	105	7	65.27021
120	105	7	69.723755
121	105	6	62.840633
122	105	461	59.840401
123	105	462	62.25906
124	105	7	63.281616
125	105	93	47.109276
126	105	100	25.522642
127	105	100	14.210148
128	105	101	0
0	106	106	0
1	106	107	27.803411
2	106	107	48.04435
3	106	463	48.924526
4	106	94	33.936066
5	106	6	18.015152
6	106	5	14.940442
7	106	5	8.813394
8	106	7	-8.315689
9	106	6	-30.432558
10	106	5	-47.795151
11	106	5	-69.131279
12	106	7	-103.86039
13	106	5	-126.583344
14	106	6	-145.861526
15	106	5	-160.620605
16	106	7	-171.75444
17	106	54	-168.011932
18	106	25	-158.939499
19	106	464	-162.700134
20	106	32	-166.427505
21	106	31	-140.904587
22	106	6	-133.986603
23	106	6	-183.477524
24	106	7	-198.226334
25	106	6	-159.816238
26	106	5	-160.385651
27	106	6	-169.931366
28	106	5	-168.448517
29	106	11	-165.777771
30	106	12	-147.399857
31	106	12	-133.076645
32	106	12	-119.439095
33	106	18	-103.270203
34	106	20	-108.860146
35	106	18	-137.552063
36	106	19	-148.301743
37	106	20	-143.052841
38	106	17	-133.55687
39	106	6	-128.081879
40	106	22	-138.512085
41	106	23	-163.520416
42	106	19	-196.987442
43	106	19	-223.581665
44	106	21	-234.678772
45	106	11	-229.470139
46	106	13	-232.465668
47	106	15	-219.058334
48	106	23	-180.862183
49	106	20	-135.276566
50	106	12	-101.80349
51	106	12	-88.704346
52	106	17	-77.637321
53	106	11	-74.8937
54	106	12	-90.192184
55	106	12	-106.829269
56	106	12	-103.076683
57	106	18	-107.860222
58	106	20	-133.00531
59	106	18	-151.954849
60	106	19	-160.61203
61	106	19	-158.960098
62	106	19	-125.723206
63	106	21	-84.702911
64	106	7	-39.431545
65	106	5	12.198482
66	106	7	48.657261
67	106	29	59.230824
68	106	19	53.943516
69	106	19	51.546982
70	106	28	57.124866
71	106	23	46.396183
72	106	20	26.801029
73	106	12	21.74375
74	106	13	36.930229
75	106	16	52.581944
76	106	29	58.309681
77	106	28	54.157753
78	106	16	37.291817
79	106	11	18.05533
80	106	18	12.282622
81	106	28	17.172848
82	106	15	23.249823
83	106	23	23.321436
84	106	28	17.709976
85	106	23	12.013378
86	106	21	19.347372
87	106	7	29.409901
88	106	7	40.229229
89	106	7	42.736591
90	106	6	35.638687
91	106	7	38.028374
92	106	7	45.930073
93	106	5	57.844864
94	106	5	74.637367
95	106	6	110.658516
96	106	7	150.685028
97	106	5	167.422684
98	106	7	168.011719
99	106	7	159.207397
100	106	7	166.537476
101	106	7	161.114594
102	106	7	156.863327
103	106	6	176.213547
104	106	5	172.42453
105	106	6	174.586105
106	106	7	174.586105
107	106	5	174.586105
108	106	5	179.712341
109	106	7	179.712341
110	106	6	179.712341
111	106	6	186.060516
112	106	5	190.172684
113	106	6	192.368622
114	106	7	190.098282
115	106	5	172.088913
116	106	7	160.949127
117	106	5	132.64328
118	106	7	98.595818
119	106	5	72.383163
120	106	7	58.78484
121	106	458	56.039055
122	106	465	57.69788
123	106	7	67.766403
124	106	97	72.790771
125	106	102	66.616226
126	106	102	51.222832
127	106	106	35.6759
128	106	466	0
0	107	111	0
1	107	112	36.723976
2	107	467	67.166527
3	107	468	74.979256
4	107	6	52.537319
5	107	6	24.779713
6	107	7	12.147461
7	107	5	5.165742
8	107	6	-6.576339
9	107	6	-29.303646
10	107	7	-39.49221
11	107	5	-53.03083
12	107	6	-87.675552
13	107	30	-123.802315
14	107	32	-145.569077
15	107	33	-141.5578
16	107	7	-136.148361
17	107	6	-129.119003
18	107	54	-147.481766
19	107	26	-162.682465
20	107	3	-165.584763
21	107	6	-158.85144
22	107	5	-170.50032
23	107	7	-219.934189
24	107	6	-200.304993
25	107	11	-173.924271
26	107	12	-183.986786
27	107	12	-160.965897
28	107	18	-146.600815
29	107	19	-167.89946
30	107	19	-174.27774
31	107	19	-152.417023
32	107	19	-143.20813
33	107	19	-116.951233
34	107	19	-119.160736
35	107	28	-148.702484
36	107	15	-175.248779
37	107	16	-174.639389
38	107	5	-162.172562
39	107	5	-154.892944
40	107	22	-152.311279
41	107	15	-153.105545
42	107	15	-161.710205
43	107	16	-185.751953
44	107	22	-204.950958
45	107	14	-212.150314
46	107	12	-199.642014
47	107	13	-177.421936
48	107	15	-155.249039
49	107	15	-130.356232
50	107	15	-111.183861
51	107	14	-101.194
52	107	18	-98.381416
53	107	19	-99.293617
54	107	19	-100.127747
55	107	19	-104.640991
56	107	19	-104.383949
57	107	19	-127.233795
58	107	19	-153.5802
59	107	19	-159.292847
60	107	19	-160.58815
61	107	19	-157.629486
62	107	20	-127.020134
63	107	17	-84.665085
64	107	5	-48.232674
65	107	7	-1.414341
66	107	22	24.555931
67	107	23	29.894777
68	107	19	40.457237
69	107	21	59.18784
70	107	29	76.902496
71	107	28	58.864548
72	107	15	40.94939
73	107	14	43.309032
74	107	17	60.981487
75	107	22	67.054832
76	107	16	61.401249
77	107	5	39.378773
78	107	29	20.285524
79	107	28	2.676512
80	107	14	0.669005
81	107	17	10.551158
82	107	29	20.379992
83	107	21	23.820116
84	107	29	16.929855
85	107	21	14.717051
86	107	6	25.118124
87	107	6	43.752563
88	107	5	53.649578
89	107	7	51.266045
90	107	5	33.535107
91	107	5	25.23488
92	107	6	37.30154
93	107	5	59.122921
94	107	5	80.287216
95	107	6	99.908142
96	107	5	115.074608
97	107	5	131.731735
98	107	6	143.79187
99	107	6	167.392731
100	107	7	169.162933
101	107	6	172.207321
102	107	7	173.866989
103	107	6	167.087769
104	107	6	167.087769
105	107	5	167.087769
106	107	6	165.755814
107	107	5	165.755814
108	107	7	165.755814
109	107	7	174.617416
110	107	5	172.000626
111	107	6	169.809814
112	107	5	163.979416
113	107	7	183.96933
114	107	37	182.856277
115	107	39	172.074493
116	107	5	163.106201
117	107	5	145.55365
118	107	6	110.140358
119	107	6	78.160858
120	107	7	61.02689
121	107	7	55.969448
122	107	7	62.049664
123	107	120	86.608391
124	107	114	90.753563
125	107	102	81.907097
126	107	469	65.101921
127	107	470	48.153862
128	107	471	0
0	108	472	0
1	108	473	33.168606
2	108	474	64.524689
3	108	100	74.214615
4	108	94	53.700512
5	108	6	22.077206
6	108	6	7.815753
7	108	6	1.221398
8	108	37	-28.014059
9	108	38	-66.789398
10	108	38	-75.489388
11	108	39	-51.182728
12	108	54	-63.01778
13	108	26	-100.391861
14	108	104	-128.96376
15	108	32	-116.196335
16	108	33	-90.932983
17	108	5	-115.295235
18	108	54	-143.234192
19	108	25	-153.913208
20	108	11	-156.307083
21	108	12	-162.963898
22	108	12	-183.316452
23	108	12	-205.335678
24	108	18	-189.431
25	108	28	-173.88916
26	108	15	-198.966141
27	108	15	-180.023743
28	108	23	-135.805954
29	108	19	-164.939499
30	108	19	-172.128128
31	108	19	-180.84761
32	108	19	-174.20755
33	108	19	-139.346115
34	108	21	-130.056274
35	108	6	-164.760513
36	108	11	-194.344635
37	108	12	-200.88501
38	108	12	-187.328766
39	108	17	-181.91481
40	108	7	-165.083649
41	108	11	-143.225204
42	108	12	-132.446777
43	108	12	-143.566025
44	108	13	-161.215759
45	108	23	-169.83786
46	108	20	-168.08815
47	108	17	-155.192963
48	108	6	-134.577713
49	108	7	-122.259605
50	108	22	-111.275894
51	108	23	-113.669525
52	108	19	-112.111763
53	108	19	-112.124725
54	108	19	-114.074005
55	108	19	-113.989212
56	108	19	-121.674698
57	108	28	-158.28598
58	108	15	-176.03511
59	108	23	-136.681198
60	108	28	-106.974152
61	108	23	-104.963394
62	108	20	-111.213432
63	108	17	-81.390785
64	108	7	-57.051743
65	108	6	-14.360298
66	108	29	7.023425
67	108	19	16.441261
68	108	21	42.775337
69	108	29	80.864227
70	108	21	95.708908
71	108	11	77.525742
72	108	18	53.298641
73	108	21	63.151913
74	108	6	78.833473
75	108	6	73.238945
76	108	11	50.035389
77	108	18	23.872879
78	108	21	6.754035
79	108	29	0
80	108	20	0.892166
81	108	13	11.712705
82	108	16	20.9538
83	108	29	22.84556
84	108	21	14.234554
85	108	5	9.923801
86	108	5	21.515789
87	108	6	39.822971
88	108	7	55.493256
89	108	7	58.128418
90	108	7	43.475609
91	108	7	25.202471
92	108	6	35.051716
93	108	6	55.280281
94	108	6	76.864456
95	108	7	96.804184
96	108	7	100.896973
97	108	5	113.795586
98	108	7	136.391861
99	108	5	170.490845
100	108	5	179.233963
101	108	5	195.175583
102	108	6	196.913208
103	108	7	167.087769
104	108	7	167.087769
105	108	5	167.087769
106	108	7	165.755814
107	108	6	216.065964
108	108	6	216.065964
109	108	5	216.065964
110	108	6	165.755814
111	108	6	166.277588
112	108	6	159.327179
113	108	43	184.066635
114	108	49	175.115952
115	108	6	164.026016
116	108	7	166.684097
117	108	7	169.923706
118	108	7	149.555084
119	108	5	106.288544
120	108	6	79.405762
121	108	6	70.186287
122	108	5	86.211861
123	108	97	96.502556
124	108	102	98.68026
125	108	475	80.544434
126	108	476	56.975525
127	108	472	37.784264
128	108	124	0
0	109	125	0
1	109	477	19.074156
2	109	102	41.841961
3	109	105	48.965641
4	109	6	33.978477
5	109	5	11.628878
6	109	5	2.690257
7	109	43	-2.835056
8	109	44	-47.010021
9	109	48	-114.444862
10	109	49	-123.363602
11	109	5	-86.986107
12	109	36	-58.643658
13	109	1	-85.10894
14	109	0	-106.254807
15	109	4	-102.976791
16	109	5	-98.485588
17	109	5	-138.227997
18	109	30	-167.19075
19	109	29	-164.42363
20	109	28	-165.491379
21	109	15	-182.290909
22	109	23	-189.78595
23	109	19	-199.218857
24	109	21	-174.243225
25	109	7	-175.952499
26	109	7	-196.234589
27	109	29	-192.369553
28	109	28	-182.317398
29	109	23	-186.001312
30	109	19	-192.574203
31	109	19	-210.501236
32	109	28	-208.39003
33	109	16	-175.947433
34	109	5	-150.963165
35	109	29	-175.955597
36	109	28	-203.003571
37	109	15	-203.709732
38	109	14	-204.299896
39	109	12	-192.605392
40	109	18	-181.080627
41	109	19	-152.558395
42	109	28	-132.116226
43	109	16	-124.785843
44	109	29	-122.577438
45	109	19	-131.209152
46	109	20	-140.072723
47	109	17	-141.59256
48	109	5	-122.543861
49	109	6	-103.047661
50	109	29	-98.894981
51	109	19	-106.003052
52	109	19	-113.403214
53	109	19	-116.083412
54	109	19	-115.788681
55	109	19	-124.701523
56	109	21	-153.307404
57	109	6	-170.391586
58	109	29	-159.176071
59	109	20	-101.532669
60	109	18	-64.074295
61	109	19	-78.559448
62	109	20	-89.206024
63	109	17	-82.029831
64	109	11	-56.653305
65	109	18	-19.957991
66	109	19	-2.576853
67	109	21	12.748106
68	109	22	44.550564
69	109	14	83.746292
70	109	18	92.567612
71	109	19	71.631355
72	109	21	52.062023
73	109	6	64.781021
74	109	11	73.66011
75	109	18	60.964325
76	109	19	33.890919
77	109	20	11.418131
78	109	18	2.008475
79	109	19	3.719842
80	109	21	9.440653
81	109	11	16.871824
82	109	13	22.442545
83	109	16	19.362421
84	109	5	10.280832
85	109	5	1.782965
86	109	6	12.661583
87	109	5	31.907967
88	109	5	52.514313
89	109	5	60.228676
90	109	6	59.37582
91	109	5	42.353317
92	109	6	39.201416
93	109	7	53.768555
94	109	7	82.107315
95	109	7	104.60128
96	109	5	108.942101
97	109	7	114.781761
98	109	5	140.306839
99	109	6	165.179947
100	109	7	180.494476
101	109	6	188.661423
102	109	7	209.782257
103	109	6	202.395035
104	109	7	162.441925
105	109	7	166.500763
106	109	6	165.755814
107	109	7	216.065964
108	109	7	216.450012
109	109	5	216.065964
110	109	7	165.755814
111	109	7	165.755814
112	109	43	167.276871
113	109	49	155.130508
114	109	5	165.594849
115	109	7	144.190048
116	109	5	161.423355
117	109	5	188.803329
118	109	6	190.653915
119	109	5	158.716141
120	109	7	115.519997
121	109	7	89.378082
122	109	120	83.911499
123	109	114	89.719971
124	109	475	86.481178
125	109	478	67.631416
126	109	129	43.759861
127	109	125	26.827456
128	109	479	0
0	110	480	0
1	110	102	7.223816
2	110	105	16.536158
3	110	6	19.106403
4	110	6	11.754059
5	110	93	-4.897018
6	110	481	-23.611744
7	110	49	-22.327576
8	110	46	-45.204346
9	110	482	-107.30175
10	110	32	-134.918259
11	110	31	-100.87709
12	110	3	-78.763405
13	110	1	-98.755608
14	110	104	-110.26741
15	110	32	-98.767174
16	110	32	-109.476662
17	110	31	-150.242233
18	110	29	-173.197372
19	110	20	-175.700287
20	110	12	-189.106445
21	110	18	-195.795105
22	110	28	-195.833969
23	110	14	-202.17334
24	110	17	-188.574066
25	110	5	-165.335297
26	110	29	-165.212463
27	110	21	-187.842163
28	110	22	-212.944244
29	110	23	-227.234253
30	110	19	-222.044891
31	110	21	-214.011154
32	110	5	-219.483795
33	110	6	-204.667282
34	110	22	-183.204605
35	110	16	-184.46994
36	110	11	-198.348877
37	110	18	-214.025757
38	110	19	-215.317047
39	110	19	-207.8423
40	110	28	-191.44725
41	110	16	-164.883392
42	110	6	-145.196274
43	110	29	-129.01767
44	110	19	-112.31234
45	110	19	-114.617821
46	110	21	-131.969757
47	110	7	-139.470703
48	110	6	-119.472198
49	110	22	-96.77256
50	110	15	-89.193077
51	110	15	-83.961571
52	110	23	-82.958023
53	110	28	-83.579216
54	110	23	-100.276489
55	110	20	-131.441223
56	110	17	-168.447601
57	110	29	-162.91571
58	110	19	-147.547302
59	110	19	-109.79467
60	110	19	-95.914604
61	110	19	-85.789055
62	110	21	-86.647064
63	110	22	-74.807068
64	110	23	-51.706226
65	110	19	-17.900885
66	110	21	1.14045
67	110	6	11.006191
68	110	29	38.70055
69	110	28	61.916695
70	110	15	64.404739
71	110	16	47.608555
72	110	6	37.713047
73	110	22	52.172577
74	110	23	59.750782
75	110	19	48.437996
76	110	19	22.501291
77	110	19	9.385266
78	110	19	9.961267
79	110	21	15.855254
80	110	29	20.30279
81	110	21	22.703279
82	110	6	20.143934
83	110	5	13.362176
84	110	5	4.912323
85	110	5	1.970889
86	110	6	9.279903
87	110	6	27.592472
88	110	5	45.706982
89	110	5	65.004456
90	110	5	66.505463
91	110	5	54.119644
92	110	5	48.506966
93	110	5	57.32074
94	110	5	85.944969
95	110	6	113.996246
96	110	7	118.875671
97	110	7	126.708611
98	110	7	130.267563
99	110	5	152.278046
100	110	5	161.378601
101	110	6	169.473679
102	110	7	186.835785
103	110	5	221.378204
104	110	6	162.441925
105	110	5	164.450684
106	110	6	165.755814
107	110	6	216.065964
108	110	5	216.834061
109	110	7	216.450012
110	110	6	165.755814
111	110	43	165.755814
112	110	55	184.210129
113	110	39	160.64032
114	110	7	155.035126
115	110	7	136.718689
116	110	6	149.829285
117	110	6	185.637314
118	110	7	213.868988
119	110	6	191.755463
120	110	7	143.53186
121	110	93	95.838066
122	110	136	72.884819
123	110	483	78.443985
124	110	484	81.714966
125	110	122	77.10688
126	110	122	46.744862
127	110	485	26.392773
128	110	486	0
0	111	102	0
1	111	105	0.27338
2	111	7	2.638404
3	111	93	2.65038
4	111	136	-5.04834
5	111	487	-41.164356
6	111	45	-82.325104
7	111	7	-81.540703
8	111	54	-49.40836
9	111	26	-78.606842
10	111	1	-98.705063
11	111	2	-90.736916
12	111	0	-98.771454
13	111	3	-137.988266
14	111	3	-145.849655
15	111	1	-121.402702
16	111	3	-116.006935
17	111	22	-136.168472
18	111	23	-140.835236
19	111	28	-149.978241
20	111	15	-171.709274
21	111	16	-176.363602
22	111	29	-169.295319
23	111	20	-179.997482
24	111	12	-186.76947
25	111	13	-168.783646
26	111	14	-144.999069
27	111	17	-171.414734
28	111	29	-203.347717
29	111	28	-219.668091
30	111	16	-204.299133
31	111	6	-183.234497
32	111	7	-194.306702
33	111	6	-220.01976
34	111	6	-223.616776
35	111	22	-210.111465
36	111	15	-209.99498
37	111	23	-224.115723
38	111	28	-222.597061
39	111	16	-210.814285
40	111	7	-193.155731
41	111	11	-167.096207
42	111	18	-150.088593
43	111	19	-138.53096
44	111	19	-129.038284
45	111	20	-136.850189
46	111	17	-145.058395
47	111	7	-149.396011
48	111	6	-133.555939
49	111	5	-108.080116
50	111	5	-92.970802
51	111	22	-74.416916
52	111	16	-53.519024
53	111	29	-63.271503
54	111	19	-98.591316
55	111	20	-139.760132
56	111	13	-168.050797
57	111	23	-163.677078
58	111	19	-159.734024
59	111	19	-164.509689
60	111	19	-158.683746
61	111	21	-131.008087
62	111	7	-94.245239
63	111	29	-68.086525
64	111	19	-45.993797
65	111	21	-11.130303
66	111	6	8.25594
67	111	22	18.733334
68	111	16	38.027939
69	111	6	51.557842
70	111	7	43.105827
71	111	6	22.631014
72	111	6	24.673273
73	111	29	39.805756
74	111	19	50.791901
75	111	28	43.63887
76	111	15	29.395557
77	111	15	23.344685
78	111	16	24.84272
79	111	22	28.728018
80	111	16	29.687767
81	111	5	29.747597
82	111	6	23.226368
83	111	6	11.233822
84	111	6	1.750951
85	111	7	5.911332
86	111	6	18.059443
87	111	5	33.426315
88	111	7	42.445522
89	111	6	51.749245
90	111	7	54.355373
91	111	6	55.970387
92	111	7	49.311691
93	111	7	55.95013
94	111	6	74.646866
95	111	7	100.900398
96	111	7	113.289452
97	111	7	129.68782
98	111	6	151.288696
99	111	6	162.14769
100	111	6	160.150131
101	111	6	163.250122
102	111	6	184.95459
103	111	6	210.2117
104	111	6	197.927444
105	111	7	162.441925
106	111	5	165.755814
107	111	5	165.755814
108	111	7	165.755814
109	111	488	165.755814
110	111	489	165.755814
111	111	44	165.755814
112	111	45	179.777832
113	111	5	155.092758
114	111	5	147.23645
115	111	7	124.386284
116	111	6	129.087509
117	111	6	151.95668
118	111	6	181.482025
119	111	6	186.335419
120	111	120	143.110626
121	111	131	85.293373
122	111	490	55.32457
123	111	112	66.940353
124	111	122	85.830009
125	111	123	83.427475
126	111	491	61.264668
127	111	492	29.660324
128	111	137	0
0	112	131	0
1	112	6	5.053891
2	112	120	13.243954
3	112	131	12.503686
4	112	7	-6.190698
5	112	6	-58.605137
6	112	6	-119.215187
7	112	30	-118.363541
8	112	31	-77.95919
9	112	0	-64.683388
10	112	1	-75.587463
11	112	2	-91.685127
12	112	3	-122.48716
13	112	1	-162.666306
14	112	1	-167.101196
15	112	1	-143.068558
16	112	11	-129.700546
17	112	18	-127.239319
18	112	20	-114.173073
19	112	17	-109.163757
20	112	6	-121.987305
21	112	22	-132.043457
22	112	15	-131.443604
23	112	23	-147.563202
24	112	20	-172.196136
25	112	18	-183.860336
26	112	21	-172.143494
27	112	22	-174.280899
28	112	16	-189.044525
29	112	5	-190.075851
30	112	5	-193.762955
31	112	5	-181.026749
32	112	6	-196.828461
33	112	7	-236.643417
34	112	7	-251.400162
35	112	11	-237.36293
36	112	18	-226.578491
37	112	21	-238.586349
38	112	6	-222.512115
39	112	6	-204.899078
40	112	22	-191.080429
41	112	23	-172.596725
42	112	19	-156.037918
43	112	28	-154.44313
44	112	23	-155.022217
45	112	21	-163.427811
46	112	6	-167.118484
47	112	7	-160.816849
48	112	11	-144.844315
49	112	12	-122.145004
50	112	17	-103.959442
51	112	5	-83.155113
52	112	29	-69.569466
53	112	19	-79.625175
54	112	28	-118.801453
55	112	16	-153.954422
56	112	29	-170.949051
57	112	19	-178.591003
58	112	19	-183.76265
59	112	19	-188.175217
60	112	21	-182.989517
61	112	5	-147.106155
62	112	29	-99.985191
63	112	28	-63.650768
64	112	14	-37.130409
65	112	12	-2.898392
66	112	17	21.479677
67	112	6	37.541187
68	112	5	50.268177
69	112	7	54.992123
70	112	11	41.088902
71	112	12	21.893229
72	112	18	20.513988
73	112	28	34.143681
74	112	16	44.067383
75	112	7	42.815395
76	112	7	36.876621
77	112	6	33.154701
78	112	7	34.405029
79	112	5	31.604168
80	112	7	33.905113
81	112	6	35.83881
82	112	37	30.869614
83	112	38	17.904518
84	112	38	4.935923
85	112	39	7.790412
86	112	5	21.767576
87	112	5	32.815701
88	112	5	32.195824
89	112	5	33.788486
90	112	5	40.044636
91	112	7	50.364712
92	112	6	64.062691
93	112	5	65.367676
94	112	5	80.798866
95	112	7	91.992905
96	112	7	110.911613
97	112	6	157.680496
98	112	7	195.975845
99	112	7	210.667297
100	112	6	192.042465
101	112	6	182.382446
102	112	7	195.341064
103	112	7	210.196609
104	112	7	187.549438
105	112	6	162.441925
106	112	6	162.441925
107	112	488	162.67334
108	112	493	163.751038
109	112	494	165.755814
110	112	49	165.755814
111	112	6	184.785065
112	112	6	161.673111
113	112	37	146.58223
114	112	39	142.32663
115	112	7	129.731232
116	112	7	111.036293
117	112	5	117.438087
118	112	6	137.769577
119	112	5	148.084534
120	112	5	122.485962
121	112	7	74.649368
122	112	490	37.41394
123	112	111	51.920429
124	112	130	73.869209
125	112	6	78.884621
126	112	6	55.108143
127	112	6	24.408382
128	112	7	0
0	113	6	0
1	113	7	21.172911
2	113	5	35.493355
3	113	6	34.022682
4	113	30	13.660686
5	113	32	-35.039204
6	113	31	-84.975098
7	113	24	-95.22493
8	113	25	-77.10614
9	113	26	-71.233467
10	113	24	-91.282753
11	113	25	-120.162125
12	113	25	-144.776733
13	113	26	-165.728775
14	113	1	-160.715973
15	113	22	-134.973511
16	113	15	-139.677658
17	113	23	-134.313705
18	113	21	-104.480385
19	113	7	-96.193283
20	113	7	-107.976875
21	113	7	-126.367813
22	113	22	-133.009796
23	113	23	-149.78035
24	113	19	-180.787735
25	113	21	-192.736984
26	113	5	-188.852737
27	113	5	-196.537598
28	113	7	-200.645966
29	113	6	-197.307526
30	113	5	-204.951797
31	113	7	-210.756714
32	113	6	-217.002396
33	113	5	-240.517303
34	113	22	-246.078232
35	113	23	-241.471512
36	113	21	-229.919464
37	113	6	-227.069229
38	113	6	-209.665039
39	113	5	-196.674454
40	113	22	-190.649033
41	113	23	-178.205658
42	113	21	-162.427826
43	113	29	-161.827744
44	113	20	-155.858521
45	113	12	-159.00145
46	113	17	-164.08139
47	113	29	-159.494186
48	113	19	-146.859787
49	113	21	-131.732391
50	113	7	-125.185295
51	113	22	-115.88958
52	113	15	-107.332886
53	113	14	-121.786591
54	113	12	-142.70575
55	113	18	-162.996689
56	113	19	-173.724152
57	113	19	-179.114822
58	113	19	-173.366119
59	113	20	-158.406265
60	113	17	-136.670959
61	113	22	-112.983253
62	113	16	-80.412872
63	113	29	-49.301674
64	113	28	-22.541471
65	113	16	10.703565
66	113	6	30.71534
67	113	11	45.673168
68	113	17	58.351311
69	113	29	60.283745
70	113	19	47.12479
71	113	28	30.696436
72	113	16	22.437216
73	113	7	26.898096
74	113	11	31.684296
75	113	17	32.027824
76	113	7	30.03401
77	113	5	29.316046
78	113	5	26.160851
79	113	37	22.968346
80	113	38	27.595016
81	113	73	36.298904
82	113	80	38.565968
83	113	80	25.552147
84	113	55	8.973538
85	113	39	4.67068
86	113	7	15.775119
87	113	6	23.265162
88	113	37	20.65811
89	113	39	19.758255
90	113	7	31.363564
91	113	7	58.955627
92	113	5	80.923721
93	113	7	89.453293
94	113	7	92.969849
95	113	7	93.542633
96	113	5	123.468231
97	113	5	179.243423
98	113	6	227.336136
99	113	6	233.880035
100	113	7	214.48999
101	113	7	197.846909
102	113	7	216.081955
103	113	5	216.062546
104	113	6	186.955688
105	113	7	162.441925
106	113	495	162.441925
107	113	496	162.441925
108	113	497	162.449448
109	113	45	166.708237
110	113	5	175.706482
111	113	37	174.098038
112	113	73	162.492142
113	113	49	158.639511
114	113	5	150.960281
115	113	5	134.188202
116	113	5	107.444077
117	113	6	97.522728
118	113	5	115.237762
119	113	5	136.411987
120	113	6	115.862045
121	113	7	67.434158
122	113	7	24.767447
123	113	7	32.52375
124	113	6	49.152466
125	113	6	50.873569
126	113	7	32.468006
127	113	6	12.197275
128	113	5	0
0	114	5	0
1	114	6	30.038488
2	114	6	51.746239
3	114	36	48.582287
4	114	3	26.252617
5	114	1	-3.820739
6	114	104	-26.79969
7	114	33	-50.013176
8	114	54	-63.331215
9	114	27	-80.95993
10	114	5	-117.136528
11	114	30	-142.7117
12	114	31	-155.019882
13	114	0	-158.040787
14	114	7	-130.153061
15	114	5	-121.317719
16	114	29	-124.919922
17	114	21	-122.813835
18	114	6	-80.224731
19	114	7	-90.948532
20	114	6	-112.533615
21	114	6	-145.211411
22	114	29	-158.06192
23	114	19	-151.181625
24	114	20	-164.935989
25	114	17	-164.594421
26	114	5	-172.661545
27	114	5	-197.294922
28	114	11	-205.112686
29	114	17	-187.315125
30	114	5	-186.465118
31	114	7	-174.648117
32	114	7	-176.17334
33	114	5	-204.449585
34	114	22	-220.64505
35	114	16	-221.344116
36	114	11	-207.223969
37	114	12	-201.825989
38	114	12	-197.42392
39	114	12	-191.325974
40	114	18	-196.766235
41	114	21	-188.511185
42	114	22	-168.156754
43	114	15	-156.320831
44	114	15	-139.861877
45	114	16	-134.701172
46	114	22	-150.757935
47	114	23	-151.508102
48	114	20	-145.650467
49	114	17	-145.417023
50	114	7	-146.056351
51	114	7	-141.292801
52	114	22	-139.424423
53	114	23	-145.628601
54	114	19	-152.321045
55	114	28	-162.86113
56	114	23	-165.247467
57	114	19	-157.297058
58	114	28	-133.243988
59	114	14	-99.023468
60	114	12	-71.00676
61	114	17	-57.144424
62	114	22	-46.937534
63	114	16	-24.396137
64	114	5	6.594507
65	114	7	39.717693
66	114	29	51.389084
67	114	20	56.566795
68	114	13	59.237526
69	114	15	55.990959
70	114	16	47.119934
71	114	11	33.440002
72	114	12	24.224213
73	114	18	21.221209
74	114	21	18.081604
75	114	7	14.704159
76	114	7	14.36397
77	114	37	13.714013
78	114	73	11.564954
79	114	80	8.465838
80	114	44	13.944457
81	114	47	28.908504
82	114	47	34.467388
83	114	48	29.59329
84	114	49	16.933773
85	114	7	8.601284
86	114	6	9.224977
87	114	43	14.354985
88	114	55	17.613056
89	114	39	19.690292
90	114	7	31.12146
91	114	6	64.129951
92	114	37	101.220345
93	114	38	118.586983
94	114	38	109.499992
95	114	38	95.54985
96	114	39	115.520042
97	114	5	169.144318
98	114	7	216.11586
99	114	7	216.856491
100	114	7	194.552155
101	114	7	184.628693
102	114	6	199.641312
103	114	5	207.075577
104	114	6	197.833344
105	114	46	184.617126
106	114	498	184.939621
107	114	27	188.021362
108	114	6	200.344009
109	114	6	186.588821
110	114	43	170.239441
111	114	80	163.641068
112	114	499	174.12413
113	114	33	169.386887
114	114	7	152.160919
115	114	6	128.175705
116	114	7	116.090424
117	114	6	114.858879
118	114	6	122.52179
119	114	6	133.384842
120	114	6	116.000237
121	114	6	65.337517
122	114	6	29.395433
123	114	5	22.327944
124	114	7	31.642277
125	114	6	21.844614
126	114	6	9.17914
127	114	5	3.48443
128	114	6	0
0	115	5	0
1	115	7	25.599201
2	115	36	43.233871
3	115	3	40.031445
4	115	2	21.377956
5	115	3	0.724686
6	115	104	-9.595992
7	115	33	-30.517071
8	115	6	-50.546246
9	115	30	-78.953224
10	115	31	-107.020912
11	115	3	-124.724602
12	115	2	-124.941132
13	115	7	-129.205719
14	115	6	-119.361618
15	115	29	-108.010284
16	115	21	-121.118286
17	115	7	-113.194412
18	115	5	-80.416542
19	115	7	-76.772278
20	115	11	-112.547752
21	115	18	-143.146713
22	115	19	-153.726547
23	115	19	-150.571243
24	115	21	-129.775055
25	115	11	-117.76796
26	115	17	-135.195816
27	115	22	-167.128525
28	115	14	-177.24826
29	115	17	-163.747284
30	115	11	-139.238968
31	115	12	-113.339516
32	115	17	-128.104355
33	115	7	-156.996063
34	115	7	-193.573929
35	115	29	-196.650162
36	115	28	-178.506454
37	115	23	-180.332031
38	115	19	-194.443283
39	115	28	-207.622604
40	115	16	-218.723618
41	115	7	-209.528473
42	115	7	-177.053711
43	115	6	-148.238556
44	115	6	-123.234695
45	115	5	-116.946167
46	115	22	-134.266998
47	115	15	-143.155075
48	115	16	-149.018753
49	115	7	-159.84671
50	115	6	-167.059586
51	115	11	-160.905121
52	115	18	-158.804626
53	115	19	-156.112411
54	115	20	-153.582275
55	115	18	-152.198532
56	115	28	-147.460663
57	115	16	-122.756424
58	115	29	-89.8946
59	115	28	-49.817341
60	115	16	-23.339821
61	115	6	-18.216932
62	115	7	-17.276278
63	115	5	2.468468
64	115	7	40.949394
65	115	22	70.703918
66	115	15	86.174103
67	115	16	83.028412
68	115	5	78.166908
69	115	11	74.877876
70	115	18	56.803387
71	115	19	41.249878
72	115	28	25.882412
73	115	16	15.098726
74	115	5	8.756265
75	115	6	3.923113
76	115	43	1.629457
77	115	80	1.633797
78	115	44	0.851297
79	115	45	0.020612
80	115	7	5.655565
81	115	6	18.187807
82	115	43	26.381794
83	115	55	27.150112
84	115	39	22.768467
85	115	7	21.592707
86	115	46	19.370457
87	115	48	22.829172
88	115	55	26.152176
89	115	38	24.592756
90	115	38	36.105293
91	115	73	61.056831
92	115	80	109.625023
93	115	80	123.283768
94	115	80	107.398804
95	115	49	100.916595
96	115	7	115.962563
97	115	5	166.9142
98	115	5	189.896851
99	115	7	186.31868
100	115	6	151.178329
101	115	7	153.757065
102	115	7	172.72052
103	115	5	202.311432
104	115	5	199.21788
105	115	6	178.777878
106	115	6	171.021484
107	115	5	176.065613
108	115	7	185.390839
109	115	46	176.435135
110	115	500	163.005692
111	115	501	164.833542
112	115	27	183.576355
113	115	6	178.483322
114	115	5	153.483551
115	115	6	130.250854
116	115	6	123.278854
117	115	5	126.300095
118	115	7	133.225372
119	115	5	129.989365
120	115	6	111.077286
121	115	6	64.495155
122	115	5	39.859646
123	115	7	36.839737
124	115	6	38.760502
125	115	6	25.37373
126	115	6	5.516399
127	115	6	1.508998
128	115	7	0
0	116	7	0
1	116	36	20.399542
2	116	2	33.588543
3	116	0	28.964224
4	116	3	11.723537
5	116	0	2.296302
6	116	104	-4.269383
7	116	32	-18.106211
8	116	31	-33.116211
9	116	2	-61.934464
10	116	3	-90.334007
11	116	3	-108.122536
12	116	7	-116.816849
13	116	11	-122.041107
14	116	18	-96.583435
15	116	21	-87.656395
16	116	7	-95.493736
17	116	6	-103.948982
18	116	6	-88.823112
19	116	22	-97.392776
20	116	23	-108.117455
21	116	19	-123.280617
22	116	19	-139.735794
23	116	21	-146.754044
24	116	29	-132.705902
25	116	20	-108.783279
26	116	12	-116.355667
27	116	18	-148.406311
28	116	20	-152.817413
29	116	18	-149.568771
30	116	19	-136.566208
31	116	21	-116.685425
32	116	7	-123.849808
33	116	11	-148.956161
34	116	18	-159.635498
35	116	20	-151.552994
36	116	18	-144.215927
37	116	28	-153.930115
38	116	16	-190.632217
39	116	5	-216.434235
40	116	6	-231.835831
41	116	7	-223.920776
42	116	6	-180.160721
43	116	6	-144.048141
44	116	7	-110.035072
45	116	5	-102.355812
46	116	5	-111.652168
47	116	11	-134.187057
48	116	17	-158.999161
49	116	7	-178.103256
50	116	22	-173.668533
51	116	23	-158.62384
52	116	19	-148.638123
53	116	28	-149.148483
54	116	15	-146.70253
55	116	16	-139.871475
56	116	7	-125.745193
57	116	22	-92.232498
58	116	14	-49.115631
59	116	12	-17.646471
60	116	12	-3.377866
61	116	12	-3.349854
62	116	17	-1.93947
63	116	5	25.901964
64	116	5	62.073788
65	116	6	94.305382
66	116	5	110.540993
67	116	5	114.939957
68	116	29	107.60791
69	116	28	94.402557
70	116	23	77.268051
71	116	21	48.703674
72	116	7	23.416124
73	116	5	9.947619
74	116	6	5.598258
75	116	43	2.339527
76	116	80	4.198429
77	116	55	4.442874
78	116	38	1.252657
79	116	38	2.917016
80	116	38	6.226176
81	116	73	8.672375
82	116	80	14.497011
83	116	49	26.001057
84	116	6	34.467781
85	116	6	37.528397
86	116	43	37.787834
87	116	80	34.814995
88	116	80	36.571121
89	116	80	28.315025
90	116	44	31.12109
91	116	47	47.717201
92	116	47	82.845406
93	116	47	100.417839
94	116	45	92.064102
95	116	5	98.986176
96	116	7	134.446228
97	116	7	170.003082
98	116	6	180.904099
99	116	7	156.29483
100	116	5	137.190659
101	116	6	141.858765
102	116	6	166.452454
103	116	5	194.407547
104	116	7	197.321365
105	116	7	174.761322
106	116	7	169.374039
107	116	6	176.295578
108	116	5	181.379822
109	116	54	169.986191
110	116	27	149.657715
111	116	30	151.757538
112	116	33	169.404831
113	116	7	163.526062
114	116	6	146.391525
115	116	5	126.426453
116	116	6	134.14122
117	116	6	146.316254
118	116	6	153.11377
119	116	7	139.669037
120	116	6	100.831284
121	116	6	56.405937
122	116	5	38.300594
123	116	6	50.167881
124	116	7	55.119293
125	116	6	41.208794
126	116	6	21.385019
127	116	7	11.083715
128	116	5	0
0	117	36	0
1	117	2	26.460434
2	117	24	33.784382
3	117	25	26.939461
4	117	26	17.787958
5	117	3	12.338723
6	117	2	3.480757
7	117	2	-15.940132
8	117	24	-39.387718
9	117	25	-71.233665
10	117	25	-94.213455
11	117	5	-106.714516
12	117	29	-119.987167
13	117	19	-120.154602
14	117	21	-85.440689
15	117	6	-61.878422
16	117	7	-60.940727
17	117	5	-75.961281
18	117	11	-95.748451
19	117	18	-118.212387
20	117	19	-130.617722
21	117	19	-111.065559
22	117	20	-109.104271
23	117	18	-140.111542
24	117	19	-153.379242
25	117	19	-124.439896
26	117	19	-117.555954
27	117	19	-141.463608
28	117	19	-155.728989
29	117	19	-160.336395
30	117	21	-147.59613
31	117	11	-136.840027
32	117	18	-148.8591
33	117	19	-150.58197
34	117	19	-134.451111
35	117	28	-118.427597
36	117	16	-103.938431
37	117	11	-115.469719
38	117	12	-161.328079
39	117	17	-199.47551
40	117	7	-224.385666
41	117	11	-219.411743
42	117	12	-175.020523
43	117	12	-137.44928
44	117	17	-101.798286
45	117	11	-92.229897
46	117	18	-110.492455
47	117	21	-142.787354
48	117	7	-170.546341
49	117	7	-189.016296
50	117	22	-170.845734
51	117	23	-141.612839
52	117	21	-128.362213
53	117	7	-130.456482
54	117	11	-139.762009
55	117	12	-130.579727
56	117	17	-102.759743
57	117	29	-58.025108
58	117	19	-14.64446
59	117	19	7.494041
60	117	19	7.715337
61	117	20	0.794394
62	117	12	7.595304
63	117	17	28.878201
64	117	5	57.470592
65	117	11	84.464149
66	117	12	108.926781
67	117	13	110.163002
68	117	16	103.004539
69	117	29	89.091835
70	117	21	72.597389
71	117	6	49.231026
72	117	7	21.997908
73	117	6	6.404624
74	117	46	5.037418
75	117	48	14.98635
76	117	80	25.536089
77	117	80	25.900339
78	117	80	25.814608
79	117	80	27.504885
80	117	80	30.790405
81	117	80	28.554907
82	117	55	29.946968
83	117	38	39.13348
84	117	38	46.271404
85	117	73	48.67688
86	117	44	43.685425
87	117	47	38.662128
88	117	47	30.899361
89	117	45	20.848114
90	117	6	21.193855
91	117	7	27.956121
92	117	6	53.384567
93	117	5	59.738529
94	117	7	58.331951
95	117	7	86.517288
96	117	7	134.695084
97	117	7	175.976212
98	117	5	178.773041
99	117	5	148.945114
100	117	6	137.776917
101	117	5	148.23349
102	117	7	164.425598
103	117	6	189.419601
104	117	6	191.225433
105	117	5	180.176285
106	117	5	176.428726
107	117	5	180.557159
108	117	7	186.054733
109	117	6	173.645096
110	117	54	146.690643
111	117	464	144.216705
112	117	32	150.178802
113	117	33	146.149597
114	117	5	127.997765
115	117	7	130.647659
116	117	7	143.100647
117	117	7	157.50412
118	117	5	165.656525
119	117	5	140.772552
120	117	6	87.785522
121	117	6	36.517529
122	117	7	26.66194
123	117	6	40.35038
124	117	7	57.477776
125	117	5	56.269184
126	117	7	39.608406
127	117	7	26.73881
128	117	502	0
0	118	503	0
1	118	504	34.560223
2	118	30	40.113949
3	118	31	34.583908
4	118	1	26.273952
5	118	3	20.881489
6	118	24	10.482844
7	118	27	-20.748085
8	118	7	-48.652546
9	118	7	-73.345161
10	118	7	-84.239716
11	118	29	-92.249855
12	118	19	-103.904816
13	118	21	-104.363014
14	118	7	-81.033813
15	118	7	-57.727039
16	118	11	-50.91103
17	118	18	-60.860729
18	118	19	-92.781937
19	118	28	-130.367996
20	118	15	-123.351845
21	118	15	-80.692673
22	118	23	-83.887917
23	118	19	-142.927765
24	118	19	-165.800156
25	118	28	-135.411118
26	118	23	-127.854675
27	118	19	-127.527733
28	118	19	-125.457672
29	118	20	-150.197739
30	118	13	-158.228546
31	118	15	-141.172028
32	118	15	-153.079819
33	118	15	-148.043365
34	118	16	-123.459373
35	118	5	-105.971443
36	118	29	-80.516304
37	118	19	-78.326035
38	118	20	-129.47522
39	118	12	-176.408295
40	118	18	-201.105042
41	118	19	-191.073669
42	118	19	-160.113464
43	118	20	-124.308708
44	118	18	-95.21302
45	118	28	-89.413864
46	118	16	-117.997978
47	118	7	-153.461761
48	118	7	-178.496567
49	118	11	-187.241455
50	118	18	-165.330658
51	118	20	-138.88562
52	118	12	-114.16217
53	118	18	-117.66642
54	118	28	-128.6586
55	118	16	-119.129097
56	118	22	-86.433311
57	118	15	-40.160717
58	118	15	4.090436
59	118	23	17.658962
60	118	19	9.115657
61	118	28	0.225691
62	118	14	11.572328
63	118	12	24.818617
64	118	18	39.195835
65	118	19	56.029846
66	118	21	71.378571
67	118	11	78.149994
68	118	18	69.607773
69	118	20	57.400505
70	118	17	51.299541
71	118	5	38.669437
72	118	7	19.556486
73	118	7	10.473173
74	118	46	13.646175
75	118	47	34.074429
76	118	47	50.177299
77	118	47	57.414684
78	118	47	61.554737
79	118	47	63.687386
80	118	47	63.212639
81	118	48	57.153557
82	118	80	50.658592
83	118	80	50.925049
84	118	44	50.783218
85	118	45	47.561962
86	118	7	37.566956
87	118	7	26.571203
88	118	7	19.125961
89	118	5	11.906599
90	118	5	9.648582
91	118	5	12.532889
92	118	7	21.190189
93	118	7	28.21727
94	118	5	32.090454
95	118	7	52.157104
96	118	6	95.650848
97	118	5	133.520889
98	118	7	152.056473
99	118	5	142.776154
100	118	6	141.875702
101	118	7	152.005234
102	118	37	168.742249
103	118	38	174.477875
104	118	39	172.545959
105	118	5	166.277435
106	118	6	168.881882
107	118	6	176.617233
108	118	6	178.666824
109	118	7	167.718491
110	118	54	140.646851
111	118	26	142.97052
112	118	104	150.641174
113	118	32	150.437866
114	118	32	147.82518
115	118	32	143.470764
116	118	33	147.188049
117	118	5	148.116394
118	118	5	148.476898
119	118	7	120.204147
120	118	5	70.316437
121	118	37	26.415495
122	118	39	21.139664
123	118	7	40.412876
124	118	6	58.384979
125	118	5	58.934101
126	118	37	52.96315
127	118	61	35.552692
128	118	47	0
0	119	45	0
1	119	54	28.400787
2	119	26	32.23851
3	119	1	29.461567
4	119	2	20.919298
5	119	104	21.505619
6	119	33	3.253247
7	119	6	-25.097115
8	119	5	-39.993607
9	119	5	-56.762848
10	119	29	-59.150169
11	119	19	-66.055107
12	119	21	-78.252968
13	119	6	-74.47509
14	119	5	-63.020042
15	119	29	-54.339462
16	119	19	-49.972672
17	119	19	-60.108192
18	119	21	-93.624489
19	119	6	-126.816856
20	119	6	-106.698158
21	119	22	-65.563644
22	119	15	-77.465637
23	119	15	-145.768234
24	119	16	-151.76326
25	119	22	-128.847397
26	119	15	-126.537407
27	119	23	-92.172165
28	119	19	-72.90947
29	119	21	-115.203835
30	119	6	-144.529846
31	119	7	-133.891083
32	119	11	-140.020233
33	119	12	-142.59906
34	119	12	-129.012802
35	119	13	-106.697182
36	119	23	-78.334831
37	119	19	-75.684113
38	119	19	-110.650162
39	119	19	-143.341309
40	119	19	-155.280487
41	119	19	-143.270172
42	119	19	-123.630829
43	119	19	-99.559547
44	119	20	-75.761795
45	119	17	-81.11927
46	119	7	-122.244064
47	119	11	-161.422073
48	119	18	-186.442337
49	119	28	-189.968201
50	119	23	-172.701767
51	119	19	-138.626846
52	119	19	-112.842712
53	119	20	-107.076706
54	119	12	-112.611977
55	119	17	-102.153458
56	119	6	-70.854416
57	119	5	-35.113338
58	119	22	-2.22638
59	119	23	11.201303
60	119	20	3.543355
61	119	18	4.130404
62	119	28	15.157091
63	119	23	26.925011
64	119	19	28.522593
65	119	20	37.076668
66	119	18	41.580254
67	119	19	44.762619
68	119	19	37.52459
69	119	20	32.181728
70	119	17	34.052166
71	119	5	30.828321
72	119	7	29.163548
73	119	6	27.463127
74	119	6	28.768766
75	119	7	46.762825
76	119	7	69.708
77	119	6	79.979034
78	119	6	84.803856
79	119	7	83.718552
80	119	43	78.87484
81	119	80	67.942642
82	119	80	58.283951
83	119	55	51.499962
84	119	39	42.693497
85	119	6	31.215416
86	119	5	21.666557
87	119	7	15.732554
88	119	5	22.289536
89	119	37	28.220179
90	119	38	22.665985
91	119	38	14.074309
92	119	38	20.901636
93	119	38	33.515511
94	119	39	31.082077
95	119	7	29.842201
96	119	5	54.38089
97	119	7	91.692505
98	119	5	126.759125
99	119	488	133.679825
100	119	505	134.606827
101	119	73	144.179337
102	119	80	152.099579
103	119	499	151.03067
104	119	32	153.121246
105	119	33	155.84465
106	119	5	170.819641
107	119	7	184.598022
108	119	7	188.389908
109	119	5	169.199402
110	119	54	150.022491
111	119	26	143.902603
112	119	0	142.08429
113	119	3	143.418961
114	119	2	151.688278
115	119	104	151.687744
116	119	33	142.320053
117	119	7	129.922256
118	119	6	111.011299
119	119	37	94.777924
120	119	73	54.184162
121	119	55	31.796728
122	119	38	37.906963
123	119	38	50.459457
124	119	38	67.206383
125	119	73	69.714066
126	119	55	50.946449
127	119	39	29.719236
128	119	6	0
0	120	6	0
1	120	54	29.349842
2	120	26	46.37252
3	120	1	43.854115
4	120	0	28.192865
5	120	104	12.246141
6	120	33	-13.547023
7	120	7	-37.766071
8	120	5	-50.848465
9	120	29	-52.107815
10	120	19	-49.592918
11	120	20	-45.911697
12	120	12	-47.756001
13	120	17	-46.699772
14	120	29	-51.109734
15	120	19	-58.461174
16	120	28	-69.976898
17	120	16	-68.141487
18	120	7	-91.136826
19	120	6	-120.366837
20	120	7	-111.260727
21	120	6	-76.721313
22	120	6	-88.571991
23	120	5	-128.996628
24	120	7	-128.489349
25	120	5	-118.144829
26	120	22	-124.437782
27	120	15	-81.31369
28	120	16	-61.686165
29	120	5	-100.657608
30	120	6	-127.634544
31	120	22	-119.404472
32	120	23	-123.525589
33	120	19	-136.916855
34	120	20	-130.819473
35	120	18	-116.769295
36	120	19	-96.001228
37	120	19	-95.938507
38	120	28	-96.873703
39	120	23	-103.017006
40	120	19	-104.963829
41	120	19	-91.781448
42	120	19	-78.369415
43	120	28	-64.061279
44	120	16	-55.924267
45	120	5	-75.618736
46	120	22	-117.81263
47	120	15	-157.746643
48	120	16	-183.04805
49	120	22	-176.584885
50	120	23	-152.878403
51	120	19	-127.684967
52	120	28	-103.669983
53	120	23	-93.608887
54	120	20	-96.340927
55	120	17	-80.555191
56	120	6	-55.664833
57	120	6	-31.353178
58	120	29	-9.782701
59	120	19	0.868861
60	120	28	0
61	120	16	8.591372
62	120	29	19.58407
63	120	19	31.06373
64	120	19	27.482244
65	120	19	22.56176
66	120	28	22.332771
67	120	23	30.648373
68	120	19	39.276264
69	120	20	45.348061
70	120	17	47.050762
71	120	6	41.827106
72	120	6	48.965828
73	120	6	56.574547
74	120	5	56.004295
75	120	5	55.542675
76	120	5	67.512505
77	120	7	82.393425
78	120	37	90.533073
79	120	73	82.901566
80	120	44	70.481697
81	120	47	53.621399
82	120	48	42.666821
83	120	55	37.012959
84	120	39	25.253235
85	120	6	17.033346
86	120	7	11.512435
87	120	37	23.19688
88	120	73	45.482189
89	120	80	65.751427
90	120	44	57.848301
91	120	48	41.359055
92	120	80	49.775242
93	120	55	67.255615
94	120	39	61.732254
95	120	6	37.811775
96	120	7	28.136204
97	120	5	58.289566
98	120	506	98.976715
99	120	507	120.675865
100	120	497	111.812859
101	120	47	114.745911
102	120	498	116.139496
103	120	25	125.914253
104	120	27	130.322937
105	120	6	144.091064
106	120	6	165.730255
107	120	7	187.268906
108	120	7	194.225204
109	120	7	176.542221
110	120	54	150.607681
111	120	26	133.313705
112	120	0	115.09259
113	120	3	111.206856
114	120	24	124.787682
115	120	27	141.430573
116	120	5	141.282791
117	120	7	134.819199
118	120	43	119.525055
119	120	80	85.279633
120	120	80	56.77903
121	120	44	43.557262
122	120	48	48.282223
123	120	80	67.692688
124	120	80	71.960014
125	120	80	66.833611
126	120	49	38.440052
127	120	5	16.463402
128	120	6	0
0	121	7	0
1	121	54	41.423824
2	121	26	68.518959
3	121	0	66.920784
4	121	2	41.688183
5	121	4	5.527411
6	121	30	-30.438332
7	121	7	-62.175301
8	121	29	-62.790878
9	121	28	-51.498997
10	121	23	-38.192272
11	121	19	-28.825132
12	121	20	-35.18478
13	121	13	-39.089916
14	121	15	-40.66975
15	121	16	-54.636631
16	121	5	-65.712265
17	121	6	-61.387505
18	121	5	-74.318459
19	121	5	-101.340828
20	121	6	-111.584206
21	121	5	-94.942055
22	121	7	-91.055962
23	121	7	-110.554413
24	121	5	-110.919121
25	121	6	-122.452049
26	121	7	-125.789215
27	121	6	-104.389275
28	121	5	-96.048409
29	121	5	-116.919327
30	121	6	-118.236259
31	121	22	-118.502029
32	121	15	-114.681213
33	121	15	-122.73436
34	121	15	-122.67028
35	121	15	-119.427193
36	121	15	-112.946556
37	121	16	-102.60331
38	121	22	-87.550621
39	121	15	-69.530106
40	121	15	-61.70676
41	121	15	-46.686436
42	121	16	-35.753857
43	121	7	-28.684841
44	121	7	-35.015003
45	121	5	-68.127426
46	121	11	-107.203163
47	121	17	-148.499084
48	121	7	-173.492706
49	121	22	-157.282028
50	121	15	-131.624008
51	121	14	-121.864426
52	121	18	-100.657219
53	121	19	-82.494598
54	121	20	-81.104782
55	121	17	-63.876102
56	121	5	-39.362164
57	121	29	-21.862667
58	121	28	-7.865039
59	121	16	0.310204
60	121	11	10.798139
61	121	18	23.634977
62	121	28	34.824432
63	121	15	35.986591
64	121	23	29.302652
65	121	21	21.378441
66	121	29	17.058722
67	121	19	30.028736
68	121	19	51.995018
69	121	20	65.701332
70	121	17	64.341347
71	121	6	58.573318
72	121	6	73.111588
73	121	7	98.396065
74	121	6	92.49453
75	121	5	72.215652
76	121	7	61.539764
77	121	46	73.773949
78	121	48	77.951363
79	121	49	72.710999
80	121	37	53.853432
81	121	73	42.704128
82	121	80	50.972908
83	121	49	58.685066
84	121	6	46.659794
85	121	7	30.047838
86	121	43	21.720905
87	121	80	35.436302
88	121	80	63.750561
89	121	49	90.134666
90	121	46	80.08886
91	121	48	62.851658
92	121	80	70.951714
93	121	49	93.514084
94	121	5	82.362717
95	121	5	44.655754
96	121	6	18.19894
97	121	6	35.870167
98	121	54	71.405937
99	121	27	90.490898
100	121	5	81.395752
101	121	6	71.364655
102	121	7	74.913483
103	121	5	86.936264
104	121	7	102.897873
105	121	7	123.180183
106	121	5	139.815598
107	121	6	161.362961
108	121	7	167.246323
109	121	7	158.572327
110	121	54	129.099197
111	121	25	103.942322
112	121	25	95.064819
113	121	27	108.357597
114	121	5	132.503036
115	121	6	147.635818
116	121	5	154.299957
117	121	46	162.899124
118	121	48	149.642166
119	121	80	104.315781
120	121	49	64.744896
121	121	46	36.720299
122	121	48	37.698254
123	121	44	51.039307
124	121	47	67.403236
125	121	45	61.955509
126	121	6	33.060925
127	121	7	7.375803
128	121	5	0
0	122	30	0
1	122	31	42.896595
2	122	0	75.688759
3	122	24	74.836281
4	122	27	45.671513
5	122	36	8.647279
6	122	6	-20.736874
7	122	22	-47.569958
8	122	14	-51.050694
9	122	18	-34.520321
10	122	19	-18.336819
11	122	19	-5.359227
12	122	20	-29.03619
13	122	17	-30.006163
14	122	5	-26.504028
15	122	11	-41.981613
16	122	17	-46.133228
17	122	5	-28.08725
18	122	6	-37.246109
19	122	5	-73.468689
20	122	5	-105.655174
21	122	7	-98.718506
22	122	5	-79.690727
23	122	6	-77.183914
24	122	6	-99.498283
25	122	5	-114.464661
26	122	5	-109.538719
27	122	7	-108.752289
28	122	5	-116.102249
29	122	7	-111.8218
30	122	6	-95.993904
31	122	11	-101.160484
32	122	12	-98.696007
33	122	12	-101.091682
34	122	12	-106.568184
35	122	12	-105.587608
36	122	17	-103.113663
37	122	7	-92.820534
38	122	11	-69.187607
39	122	12	-44.880684
40	122	12	-30.954132
41	122	12	-16.215498
42	122	17	-9.309031
43	122	11	-4.794504
44	122	12	-19.022356
45	122	18	-52.711002
46	122	20	-91.870712
47	122	12	-144.731216
48	122	17	-168.159439
49	122	5	-145.87001
50	122	22	-129.039871
51	122	15	-134.506531
52	122	23	-122.021591
53	122	19	-86.78257
54	122	21	-63.299828
55	122	11	-44.576263
56	122	18	-25.901106
57	122	21	-13.906405
58	122	5	-3.55695
59	122	29	5.493889
60	122	28	21.834494
61	122	16	37.820396
62	122	11	45.852737
63	122	18	44.169403
64	122	20	39.141109
65	122	18	38.039436
66	122	19	34.91111
67	122	19	38.830853
68	122	19	56.808449
69	122	21	73.549896
70	122	6	71.513077
71	122	6	63.67984
72	122	6	85.3274
73	122	6	114.193153
74	122	7	114.767494
75	122	5	88.96373
76	122	7	61.912205
77	122	46	63.084003
78	122	86	70.632835
79	122	73	65.090561
80	122	80	46.218071
81	122	44	53.937149
82	122	45	79.445427
83	122	5	104.058601
84	122	5	96.635826
85	122	43	68.402534
86	122	80	40.563896
87	122	80	37.012901
88	122	55	55.504478
89	122	38	70.784195
90	122	73	66.547829
91	122	80	49.056545
92	122	49	59.005322
93	122	7	77.139931
94	122	7	71.565926
95	122	6	39.454048
96	122	5	11.006991
97	122	5	24.758411
98	122	5	48.84248
99	122	6	57.876637
100	122	6	52.952431
101	122	6	42.331093
102	122	5	48.196854
103	122	6	60.747501
104	122	5	71.473961
105	122	7	77.612289
106	122	7	88.329681
107	122	6	99.164642
108	122	7	103.631844
109	122	5	101.055191
110	122	6	95.810837
111	122	6	89.473854
112	122	5	104.986519
113	122	6	154.90239
114	122	5	188.018082
115	122	6	194.113037
116	122	7	171.306259
117	122	43	162.147537
118	122	80	146.863846
119	122	55	101.025719
120	122	38	47.797874
121	122	61	16.508041
122	122	45	15.38705
123	122	5	36.019665
124	122	7	57.033752
125	122	7	56.951008
126	122	6	37.036243
127	122	6	12.455487
128	122	36	0
0	123	0	0
1	123	3	25.844536
2	123	4	46.659836
3	123	5	48.757313
4	123	36	32.1726
5	123	6	17.24087
6	123	7	11.928319
7	123	29	0.391692
8	123	19	-5.111857
9	123	19	-2.895882
10	123	19	3.229928
11	123	19	-0.297777
12	123	21	-16.004505
13	123	5	-8.153054
14	123	29	-2.924104
15	123	20	-26.614897
16	123	17	-30.564463
17	123	7	-7.674798
18	123	11	1.146811
19	123	12	-38.844013
20	123	12	-74.193657
21	123	12	-76.128609
22	123	12	-63.006096
23	123	12	-52.421352
24	123	12	-64.586029
25	123	12	-80.119385
26	123	17	-78.050995
27	123	5	-75.204987
28	123	6	-75.220459
29	123	11	-66.181519
30	123	18	-57.950844
31	123	19	-63.243946
32	123	19	-60.428032
33	123	19	-59.761215
34	123	19	-69.370293
35	123	20	-73.725441
36	123	12	-77.582756
37	123	18	-69.058105
38	123	19	-47.879391
39	123	28	-26.363726
40	123	23	-13.305294
41	123	20	-2.982218
42	123	18	-0.521337
43	123	28	0
44	123	23	-8.476932
45	123	28	-31.436806
46	123	23	-75.133255
47	123	20	-127.32518
48	123	12	-157.0065
49	123	12	-150.988876
50	123	17	-148.772079
51	123	22	-154.917801
52	123	15	-130.257019
53	123	16	-88.624878
54	123	29	-51.560848
55	123	28	-29.642803
56	123	16	-13.422976
57	123	11	-1.573406
58	123	13	7.099371
59	123	16	11.647284
60	123	7	26.082275
61	123	29	42.844181
62	123	28	47.830475
63	123	23	46.229351
64	123	28	47.718117
65	123	23	55.894226
66	123	19	52.787956
67	123	28	42.016899
68	123	16	44.733723
69	123	6	50.37035
70	123	5	53.667637
71	123	5	51.510036
72	123	7	71.485657
73	123	7	100.339828
74	123	6	105.676712
75	123	7	87.265991
76	123	7	66.086517
77	123	46	58.060612
78	123	47	57.305347
79	123	47	52.057743
80	123	45	42.690876
81	123	6	60.36475
82	123	7	98.314339
83	123	6	131.877533
84	123	46	119.519913
85	123	47	80.972603
86	123	48	43.487228
87	123	80	25.46979
88	123	80	30.879452
89	123	80	45.569973
90	123	44	46.310795
91	123	45	29.012663
92	123	5	34.451004
93	123	5	46.534851
94	123	7	44.718533
95	123	5	26.070662
96	123	7	19.157085
97	123	5	31.364918
98	123	5	45.342873
99	123	6	44.068855
100	123	7	35.07724
101	123	5	35.234768
102	123	7	40.550541
103	123	5	48.809135
104	123	5	48.869026
105	123	6	41.958858
106	123	7	39.036953
107	123	6	34.543331
108	123	5	35.844124
109	123	7	43.217655
110	123	5	54.856003
111	123	7	64.023476
112	123	7	109.557297
113	123	5	182.112717
114	123	6	237.930054
115	123	5	209.466324
116	123	46	154.39444
117	123	47	117.133369
118	123	47	98.027412
119	123	47	61.34605
120	123	45	26.546124
121	123	5	10.414545
122	123	7	8.534648
123	123	6	31.629784
124	123	7	54.745289
125	123	6	61.540462
126	123	30	39.949097
127	123	31	16.766815
128	123	3	0
0	124	24	0
1	124	27	2.913948
2	124	7	13.118384
3	124	36	16.129345
4	124	7	13.295772
5	124	7	22.694031
6	124	22	34.271351
7	124	23	42.489994
8	124	19	38.410927
9	124	19	25.994722
10	124	19	11.412648
11	124	20	2.228219
12	124	12	2.111895
13	124	18	14.302771
14	124	19	16.686617
15	124	20	-7.418918
16	124	12	-24.100805
17	124	13	-1.688561
18	124	15	12.880606
19	124	23	-4.889179
20	124	19	-24.134201
21	124	28	-36.99728
22	124	15	-31.722631
23	124	15	-21.577974
24	124	23	-19.668518
25	124	20	-31.382389
26	124	17	-32.057224
27	124	5	-17.952875
28	124	29	-11.364539
29	124	19	-12.354169
30	124	19	-20.104172
31	124	19	-20.46418
32	124	28	-17.465061
33	124	23	-16.333389
34	124	19	-22.930014
35	124	19	-36.73632
36	124	28	-45.047115
37	124	23	-39.798569
38	124	20	-25.859436
39	124	18	-15.060737
40	124	19	-5.993704
41	124	19	-0.153884
42	124	20	0
43	124	18	0
44	124	21	-3.866222
45	124	22	-16.430922
46	124	15	-55.610424
47	124	23	-101.042831
48	124	19	-133.743622
49	124	20	-154.078964
50	124	17	-164.632538
51	124	11	-151.169785
52	124	12	-118.115936
53	124	13	-77.150169
54	124	14	-36.825329
55	124	12	-14.928318
56	124	18	2.785591
57	124	21	15.430568
58	124	6	21.366667
59	124	6	19.765696
60	124	29	23.40584
61	124	20	29.945082
62	124	13	34.258991
63	124	16	36.215836
64	124	22	43.542309
65	124	15	56.415791
66	124	16	55.68454
67	124	7	42.904217
68	124	7	31.603498
69	124	7	34.383259
70	124	5	40.395096
71	124	7	44.113739
72	124	7	54.05867
73	124	7	67.134331
74	124	5	74.559486
75	124	6	71.353867
76	124	6	57.285114
77	124	5	47.221455
78	124	6	43.197998
79	124	6	39.242023
80	124	6	31.429092
81	124	6	45.793079
82	124	7	76.232193
83	124	7	99.26609
84	124	5	88.807083
85	124	46	54.052155
86	124	47	27.205013
87	124	47	11.616591
88	124	47	19.395292
89	124	45	34.54734
90	124	6	42.086086
91	124	7	37.72097
92	124	5	31.633698
93	124	5	32.58268
94	124	5	29.250378
95	124	6	19.528603
96	124	6	29.421995
97	124	5	42.36047
98	124	5	50.882263
99	124	7	42.040855
100	124	7	33.031422
101	124	7	42.660469
102	124	5	53.281879
103	124	6	51.967182
104	124	5	43.153946
105	124	6	29.940233
106	124	7	26.032864
107	124	5	26.166555
108	124	6	19.960501
109	124	7	21.692774
110	124	5	28.676702
111	124	7	38.095184
112	124	6	69.895584
113	124	7	132.334457
114	124	7	172.302383
115	124	5	143.477859
116	124	6	89.061562
117	124	6	54.177414
118	124	7	46.781174
119	124	6	35.612499
120	124	5	24.5947
121	124	6	25.37121
122	124	6	37.566051
123	124	30	50.265854
124	124	32	64.584381
125	124	31	60.196339
126	124	0	35.396671
127	124	24	14.59863
128	124	27	0
0	125	7	0
1	125	6	0
2	125	36	1.055162
3	125	7	3.596796
4	125	5	10.645546
5	125	5	20.77281
6	125	22	33.443043
7	125	15	42.547615
8	125	15	42.449364
9	125	23	31.523483
10	125	19	14.914662
11	125	28	6.546006
12	125	15	7.409683
13	125	15	20.157368
14	125	23	21.432781
15	125	19	6.341655
16	125	21	1.749226
17	125	5	11.183227
18	125	22	6.705993
19	125	15	5.833645
20	125	16	3.791647
21	125	5	-0.474164
22	125	6	7.008265
23	125	22	13.801199
24	125	23	14.41204
25	125	20	5.281697
26	125	17	5.936164
27	125	22	17.508795
28	125	15	27.683012
29	125	15	22.139893
30	125	15	7.377734
31	125	16	5.100624
32	125	22	11.555804
33	125	15	16.602571
34	125	15	7.679034
35	125	16	-7.817761
36	125	22	-16.656061
37	125	15	-15.924376
38	125	15	-11.371924
39	125	15	-6.258289
40	125	15	-1.309316
41	125	15	0
42	125	15	0
43	125	16	0
44	125	5	0
45	125	5	-7.532117
46	125	22	-39.815674
47	125	15	-73.722473
48	125	15	-103.626976
49	125	16	-127.942635
50	125	22	-145.252792
51	125	23	-130.192551
52	125	20	-95.146538
53	125	18	-58.581257
54	125	28	-21.278503
55	125	15	-2.414547
56	125	16	11.333388
57	125	5	24.068422
58	125	5	30.918097
59	125	22	25.077734
60	125	15	15.694543
61	125	16	13.986868
62	125	7	13.295649
63	125	7	15.139216
64	125	7	24.598475
65	125	5	34.841896
66	125	7	37.426922
67	125	6	32.944145
68	125	7	24.850573
69	125	6	24.895426
70	125	7	34.62569
71	125	7	44.16507
72	125	5	46.469582
73	125	6	42.614223
74	125	7	42.312107
75	125	7	40.887009
76	125	6	40.432537
77	125	7	33.019764
78	125	7	27.068258
79	125	7	23.571526
80	125	6	21.124216
81	125	5	23.467913
82	125	7	38.433674
83	125	7	48.174385
84	125	5	37.261856
85	125	7	18.882067
86	125	7	6.79696
87	125	6	3.304426
88	125	6	17.476477
89	125	5	37.315243
90	125	6	50.240223
91	125	7	53.413082
92	125	6	47.686028
93	125	7	41.095844
94	125	6	29.337036
95	125	7	16.307751
96	125	7	28.229774
97	125	7	40.869305
98	125	5	42.36496
99	125	7	34.597977
100	125	6	27.923405
101	125	7	45.443825
102	125	6	59.010719
103	125	5	55.951809
104	125	7	38.993744
105	125	7	28.714724
106	125	6	35.707012
107	125	7	42.96175
108	125	5	35.196095
109	125	7	25.387417
110	125	6	17.956326
111	125	5	15.337124
112	125	5	18.32848
113	125	7	57.288258
114	125	7	80.473221
115	125	7	60.766678
116	125	7	36.23407
117	125	6	41.055656
118	125	6	42.223713
119	125	30	40.019737
120	125	32	43.535858
121	125	32	51.15015
122	125	31	65.632385
123	125	0	77.470566
124	125	1	82.646347
125	125	1	61.134796
126	125	4	28.334354
127	125	30	8.182696
128	125	32	0
0	126	33	0
1	126	36	0
2	126	5	0.449024
3	126	6	1.734458
4	126	5	5.674945
5	126	6	11.644636
6	126	6	18.145943
7	126	7	25.72954
8	126	22	26.809151
9	126	15	20.396883
10	126	16	13.725747
11	126	5	12.129295
12	126	5	16.525019
13	126	22	19.079546
14	126	15	18.876556
15	126	16	13.296255
16	126	6	6.412488
17	126	6	3.662041
18	126	6	2.182487
19	126	7	1.251221
20	126	5	5.799053
21	126	6	10.435725
22	126	6	20.626507
23	126	22	33.300591
24	126	15	32.707035
25	126	16	28.481596
26	126	6	28.101154
27	126	6	33.277775
28	126	5	33.783451
29	126	7	23.207998
30	126	6	12.510205
31	126	7	9.680878
32	126	5	13.687336
33	126	7	16.110573
34	126	5	12.483694
35	126	5	4.169989
36	126	6	-2.083589
37	126	6	-4.069652
38	126	7	-2.680355
39	126	5	-0.687443
40	126	7	0
41	126	7	0
42	126	5	0
43	126	5	0
44	126	6	0
45	126	5	-0.020078
46	126	5	-20.884037
47	126	6	-50.898266
48	126	6	-71.504646
49	126	6	-91.791435
50	126	22	-101.06427
51	126	15	-94.121071
52	126	15	-70.011429
53	126	16	-39.492149
54	126	5	-8.052623
55	126	7	0.993148
56	126	7	9.371444
57	126	6	19.877262
58	126	6	24.793039
59	126	5	20.263594
60	126	7	10.667766
61	126	5	6.751189
62	126	7	5.722056
63	126	7	5.354902
64	126	6	5.215839
65	126	5	10.397982
66	126	6	14.349118
67	126	7	15.465589
68	126	7	17.339033
69	126	7	19.285364
70	126	6	26.473297
71	126	5	34.327835
72	126	5	32.958389
73	126	7	24.516199
74	126	6	18.81646
75	126	5	21.497526
76	126	5	20.497837
77	126	5	14.591164
78	126	5	10.008557
79	126	6	8.714833
80	126	5	9.046768
81	126	5	10.62562
82	126	7	12.798749
83	126	6	13.960245
84	126	6	9.720056
85	126	5	3.392832
86	126	5	1.122429
87	126	7	0.933387
88	126	7	12.54822
89	126	5	27.187382
90	126	5	38.142963
91	126	6	45.90379
92	126	6	43.553738
93	126	5	38.510647
94	126	7	23.566036
95	126	6	9.519767
96	126	7	14.789321
97	126	6	27.231096
98	126	6	27.944584
99	126	7	22.776184
100	126	6	20.204754
101	126	5	35.904091
102	126	7	42.62775
103	126	7	36.836559
104	126	6	27.41024
105	126	5	24.76095
106	126	6	39.761261
107	126	5	50.243557
108	126	7	43.296299
109	126	5	23.204416
110	126	5	9.770218
111	126	7	4.994482
112	126	7	12.356244
113	126	6	19.493795
114	126	6	20.597181
115	126	6	26.444162
116	126	6	44.929161
117	126	508	66.426262
118	126	509	69.762245
119	126	1	54.143627
120	126	1	47.066402
121	126	1	53.426895
122	126	2	72.751343
123	126	1	87.122475
124	126	0	84.546997
125	126	4	58.18647
126	126	54	25.120632
127	126	26	4.98476
128	126	4	0
0	127	36	0
1	127	0	0
2	127	0	0
3	127	0	0.188059
4	127	0	1.112576
5	127	0	3.192789
6	127	0	5.187774
7	127	0	7.54873
8	127	0	9.094157
9	127	0	8.323674
10	127	0	8.285196
11	127	0	13.546319
12	127	0	22.42767
13	127	0	21.196314
14	127	0	13.781937
15	127	0	5.17382
16	127	0	1.825616
17	127	0	0.496653
18	127	0	0
19	127	0	0
20	127	0	0
21	127	0	0.497875
22	127	0	9.378243
23	127	0	18.364964
24	127	0	23.676872
25	127	0	22.325546
26	127	0	18.81287
27	127	0	20.483126
28	127	0	17.987431
29	127	0	10.812947
30	127	0	3.914245
31	127	0	1.935468
32	127	0	4.061972
33	127	0	5.249361
34	127	0	3.766974
35	127	0	1.294714
36	127	0	0.072355
37	127	0	0
38	127	0	0
39	127	0	0
40	127	0	0
41	127	0	0
42	127	0	0
43	127	0	0
44	127	0	0
45	127	0	0
46	127	0	-5.477567
47	127	0	-25.16011
48	127	0	-44.68697
49	127	0	-56.887901
50	127	0	-63.238022
51	127	0	-56.646988
52	127	0	-39.392483
53	127	0	-15.51494
54	127	0	-1.227332
55	127	0	0
56	127	0	3.475059
57	127	0	9.326138
58	127	0	11.688416
59	127	0	8.055547
60	127	0	3.097509
61	127	0	2.015374
62	127	0	2.400442
63	127	0	1.979603
64	127	0	0.686924
65	127	0	0
66	127	0	2.413873
67	127	0	5.463032
68	127	0	7.034546
69	127	0	7.81039
70	127	0	9.874623
71	127	0	13.74987
72	127	0	14.219916
73	127	0	10.33605
74	127	0	6.307418
75	127	0	5.852765
76	127	0	5.357002
77	127	0	2.034664
78	127	0	0
79	127	0	0.641361
80	127	0	0.697696
81	127	0	1.448148
82	127	0	4.133703
83	127	0	4.473395
84	127	0	2.782983
85	127	0	2.302837
86	127	0	0.78758
87	127	0	0
88	127	0	3.833985
89	127	0	10.312445
90	127	0	15.427464
91	127	0	22.317183
92	127	0	25.305393
93	127	0	22.622528
94	127	0	11.593597
95	127	0	1.391478
96	127	0	4.751069
97	127	0	9.881494
98	127	0	10.098537
99	127	0	8.67936
100	127	0	10.722427
101	127	0	14.037342
102	127	0	18.398684
103	127	0	13.713342
104	127	0	8.483238
105	127	0	10.908625
106	127	0	24.769978
107	127	0	33.690075
108	127	0	29.48543
109	127	0	16.391256
110	127	0	3.644903
111	127	0	2.336235
112	127	0	13.993896
113	127	0	25.616814
114	127	0	28.353168
115	127	0	37.406887
116	127	0	59.50555
117	127	0	84.599068
118	127	0	71.843384
119	127	0	47.67437
120	127	0	29.654272
121	127	0	32.673092
122	127	0	47.735928
123	127	0	63.114914
124	127	0	66.618614
125	127	0	44.766689
126	127	0	18.941973
127	127	0	3.158708
128	127	0	0
0	128	0	0
1	128	0	0
2	128	0	0
3	128	0	0
4	128	0	0
5	128	0	0
6	128	0	0
7	128	0	0
8	128	0	0
9	128	0	0
10	128	0	0
11	128	0	0
12	128	0	0
13	128	0	0
14	128	0	0
15	128	0	0
16	128	0	0
17	128	0	0
18	128	0	0
19	128	0	0
20	128	0	0
21	128	0	0
22	128	0	0
23	128	0	0
24	128	0	0
25	128	0	0
26	128	0	0
27	128	0	0
28	128	0	0
29	128	0	0
30	128	0	0
31	128	0	0
32	128	0	0
33	128	0	0
34	128	0	0
35	128	0	0
36	128	0	0
37	128	0	0
38	128	0	0
39	128	0	0
40	128	0	0
41	128	0	0
42	128	0	0
43	128	0	0
44	128	0	0
45	128	0	0
46	128	0	0
47	128	0	0
48	128	0	0
49	128	0	0
50	128	0	0
51	128	0	0
52	128	0	0
53	128	0	0
54	128	0	0
55	128	0	0
56	128	0	0
57	128	0	0
58	128	0	0
59	128	0	0
60	128	0	0
61	128	0	0
62	128	0	0
63	128	0	0
64	128	0	0
65	128	0	0
66	128	0	0
67	128	0	0
68	128	0	0
69	128	0	0
70	128	0	0
71	128	0	0
72	128	0	0
73	128	0	0
74	128	0	0
75	128	0	0
76	128	0	0
77	128	0	0
78	128	0	0
79	128	0	0
80	128	0	0
81	128	0	0
82	128	0	0
83	128	0	0
84	128	0	0
85	128	0	0
86	128	0	0
87	128	0	0
88	128	0	0
89	128	0	0
90	128	0	0
91	128	0	0
92	128	0	0
93	128	0	0
94	128	0	0
95	128	0	0
96	128	0	0
97	128	0	0
98	128	0	0
99	128	0	0
100	128	0	0
101	128	0	0
102	128	0	0
103	128	0	0
104	128	0	0
105	128	0	0
106	128	0	0
107	128	0	0
108	128	0	0
109	128	0	0
110	128	0	0
111	128	0	0
112	128	0	0
113	128	0	0
114	128	0	0
115	128	0	0
116	128	0	0
117	128	0	0
118	128	0	0
119	128	0	0
120	128	0	0
121	128	0	0
122	128	0	0
123	128	0	0
124	128	0	0
125	128	0	0
126	128	0	0
127	128	0	0
128	128	0	0
