x	y	texture	height
0	0	0	0
1	0	0	0
2	0	0	0
3	0	1	0
4	0	2	0
5	0	2	0
6	0	3	0
7	0	4	0
8	0	5	0
9	0	6	0
10	0	7	0
11	0	4	0
12	0	5	0
13	0	6	0
14	0	4	0
15	0	4	0
16	0	6	0
17	0	4	0
18	0	7	0
19	0	5	0
20	0	6	0
21	0	4	0
22	0	6	0
23	0	4	0
24	0	6	0
25	0	4	0
26	0	5	0
27	0	5	0
28	0	6	0
29	0	7	0
30	0	4	0
31	0	6	0
32	0	7	0
33	0	4	0
34	0	5	0
35	0	5	0
36	0	5	0
37	0	5	0
38	0	4	0
39	0	5	0
40	0	8	0
41	0	9	0
42	0	6	0
43	0	6	0
44	0	4	0
45	0	8	0
46	0	10	0
47	0	11	0
48	0	11	0
49	0	12	0
50	0	13	0
51	0	14	0
52	0	10	0
53	0	10	0
54	0	11	0
55	0	11	0
56	0	9	0
57	0	4	0
58	0	7	0
59	0	5	0
60	0	5	0
61	0	4	0
62	0	15	0
63	0	16	0
64	0	16	0
65	0	13	0
66	0	13	0
67	0	13	0
68	0	17	0
69	0	16	0
70	0	16	0
71	0	13	0
72	0	17	0
73	0	13	0
74	0	13	0
75	0	13	0
76	0	13	0
77	0	16	0
78	0	17	0
79	0	16	0
80	0	17	0
81	0	13	0
82	0	17	0
83	0	13	0
84	0	13	0
85	0	16	0
86	0	17	0
87	0	17	0
88	0	16	0
89	0	13	0
90	0	18	0
91	0	19	0
92	0	4	0
93	0	6	0
94	0	6	0
95	0	5	0
96	0	5	0
97	0	4	0
98	0	5	0
99	0	20	0
100	0	21	0
101	0	22	0
102	0	13	0
103	0	23	0
104	0	5	0
105	0	6	0
106	0	6	0
107	0	4	0
108	0	5	0
109	0	6	0
110	0	6	0
111	0	5	0
112	0	5	0
113	0	6	0
114	0	6	0
115	0	7	0
116	0	7	0
117	0	5	0
118	0	6	0
119	0	6	0
120	0	6	0
121	0	7	0
122	0	7	0
123	0	4	0
124	0	6	0
125	0	5	0
126	0	4	0
127	0	7	0
128	0	24	0
0	1	10	0
1	1	0	-8.279296
2	1	10	-14.615164
3	1	0	-22.151188
4	1	0	-28.228249
5	1	9	-27.601608
6	1	6	-22.415854
7	1	5	-12.990462
8	1	7	-1.323781
9	1	7	7.454535
10	1	4	10.760892
11	1	4	14.629045
12	1	4	19.539692
13	1	4	24.413614
14	1	5	29.244732
15	1	6	35.310131
16	1	7	4.267686
17	1	7	15.707898
18	1	5	-0.833677
19	1	4	5.511649
20	1	4	16.638321
21	1	7	26.201702
22	1	4	34.482895
23	1	7	7.283317
24	1	6	14.720219
25	1	4	21.083744
26	1	7	24.044529
27	1	4	29.65332
28	1	7	35.130714
29	1	7	39.391083
30	1	5	43.341995
31	1	5	46.850742
32	1	5	50.693562
33	1	20	56.206497
34	1	25	60.858318
35	1	6	65.110519
36	1	4	69.386368
37	1	7	45.212723
38	1	26	49.928276
39	1	27	56.492874
40	1	9	63.120964
41	1	7	68.386253
42	1	26	72.415504
43	1	2	76.069275
44	1	27	78.791519
45	1	24	80.995651
46	1	24	82.790283
47	1	28	82.97197
48	1	29	81.238586
49	1	13	78.594315
50	1	14	52.293743
51	1	11	48.212811
52	1	24	44.010933
53	1	0	64.073761
54	1	0	58.613495
55	1	1	54.770836
56	1	2	50.874474
57	1	2	46.390957
58	1	2	69.875313
59	1	2	67.313324
60	1	30	63.687138
61	1	22	59.896622
62	1	16	54.733063
63	1	17	49.315334
64	1	17	43.429947
65	1	16	38.951233
66	1	17	43.714317
67	1	17	38.901691
68	1	13	32.45145
69	1	17	42.154091
70	1	17	39.205574
71	1	17	35.989841
72	1	17	31.61997
73	1	31	47.221783
74	1	32	44.898357
75	1	33	43.302273
76	1	34	42.371845
77	1	17	41.659843
78	1	17	40.409191
79	1	16	38.696125
80	1	16	35.872299
81	1	16	33.202408
82	1	31	29.876623
83	1	35	25.534037
84	1	35	20.212372
85	1	35	19.570936
86	1	35	13.595188
87	1	35	6.839036
88	1	36	-0.669329
89	1	23	-8.881538
90	1	4	-1.045716
91	1	7	-10.523076
92	1	7	-20.252666
93	1	5	13.737047
94	1	6	4.789794
95	1	7	0.394548
96	1	6	0
97	1	4	0
98	1	15	0
99	1	17	0
100	1	17	0
101	1	17	0
102	1	23	0
103	1	6	0
104	1	4	0
105	1	7	0
106	1	5	0
107	1	20	0
108	1	21	0
109	1	25	0
110	1	20	0
111	1	21	0
112	1	21	0
113	1	21	0
114	1	21	0
115	1	25	0
116	1	7	0
117	1	5	0
118	1	7	0
119	1	6	0
120	1	5	0
121	1	6	0
122	1	4	0
123	1	4	0
124	1	5	0
125	1	5	0
126	1	7	0
127	1	11	0
128	1	11	0
0	2	37	0
1	2	38	-9.078715
2	2	39	-17.583607
3	2	10	-28.311039
4	2	9	-38.359287
5	2	4	-38.018982
6	2	26	-31.977964
7	2	2	-21.453058
8	2	2	-7.218029
9	2	2	6.485696
10	2	2	11.855637
11	2	2	16.321692
12	2	2	21.317564
13	2	2	26.285164
14	2	3	31.483953
15	2	7	1.099185
16	2	5	13.926407
17	2	7	27.620098
18	2	6	13.499582
19	2	7	22.055025
20	2	4	34.5755
21	2	4	46.713989
22	2	6	22.636635
23	2	5	33.385338
24	2	5	42.97258
25	2	7	51.150723
26	2	7	55.358147
27	2	5	58.372612
28	2	6	62.643021
29	2	5	68.048676
30	2	6	71.84037
31	2	20	75.011131
32	2	22	78.867653
33	2	23	82.281982
34	2	4	86.154724
35	2	20	90.078903
36	2	21	66.108238
37	2	40	70.727753
38	2	41	74.878647
39	2	1	80.117149
40	2	30	85.26194
41	2	40	89.618988
42	2	42	94.312462
43	2	42	98.48056
44	2	42	102.549812
45	2	41	105.833603
46	2	12	107.992592
47	2	16	108.275322
48	2	17	107.509712
49	2	43	105.083038
50	2	41	78.442543
51	2	24	74.263161
52	2	11	69.286034
53	2	10	70.502869
54	2	11	73.661621
55	2	11	69.277184
56	2	24	64.799339
57	2	44	96.676285
58	2	45	93.306343
59	2	46	89.871407
60	2	47	86.946304
61	2	13	82.879898
62	2	17	78.381165
63	2	13	73.621445
64	2	48	69.325226
65	2	49	64.793945
66	2	50	59.304684
67	2	51	60.231976
68	2	51	52.792015
69	2	51	48.237484
70	2	52	47.788132
71	2	53	62.378468
72	2	54	58.5434
73	2	9	53.540291
74	2	4	46.489437
75	2	55	47.121906
76	2	33	46.283588
77	2	33	48.206978
78	2	33	46.31036
79	2	33	44.054413
80	2	33	41.180828
81	2	56	37.492214
82	2	24	48.403618
83	2	10	43.818386
84	2	24	38.20956
85	2	11	31.627113
86	2	10	26.525232
87	2	57	19.350985
88	2	58	11.480656
89	2	3	2.892888
90	2	7	-6.359246
91	2	6	-1.87261
92	2	6	-12.302543
93	2	5	25.997021
94	2	5	15.228535
95	2	20	5.115127
96	2	21	0
97	2	22	0
98	2	17	0
99	2	16	0
100	2	13	0
101	2	59	0
102	2	60	0
103	2	5	0
104	2	7	0
105	2	7	0
106	2	15	0
107	2	17	0
108	2	61	0
109	2	22	0
110	2	17	0
111	2	13	0
112	2	13	0
113	2	13	0
114	2	23	0
115	2	6	0
116	2	6	0
117	2	4	0
118	2	6	0
119	2	6	0
120	2	6	0
121	2	6	0
122	2	6	0
123	2	4	0
124	2	7	0
125	2	4	0
126	2	38	0
127	2	38	0
128	2	62	0
0	3	5	0
1	3	63	-8.32686
2	3	38	-18.522188
3	3	62	-30.626362
4	3	6	-41.071712
5	3	8	-45.162521
6	3	11	-40.615971
7	3	24	-29.737835
8	3	0	-13.708685
9	3	10	1.526005
10	3	11	12.782378
11	3	11	17.770481
12	3	0	22.841734
13	3	9	27.89263
14	3	4	35.3988
15	3	4	48.079308
16	3	5	63.31345
17	3	7	79.304535
18	3	6	95.546646
19	3	7	111.006767
20	3	6	126.497902
21	3	7	141.678497
22	3	5	155.309464
23	3	5	168.095993
24	3	4	180.439545
25	3	6	190.19632
26	3	7	197.432571
27	3	4	202.604294
28	3	20	205.259674
29	3	25	209.409103
30	3	55	213.730499
31	3	33	216.994522
32	3	19	220.381409
33	3	4	222.580658
34	3	15	225.424805
35	3	13	229.135437
36	3	31	232.800003
37	3	54	236.409485
38	3	24	242.396118
39	3	12	246.755615
40	3	31	249.48999
41	3	36	253.534897
42	3	16	256.882507
43	3	31	260.879974
44	3	54	264.939819
45	3	57	268.154572
46	3	35	269.885925
47	3	35	271.059875
48	3	35	270.633209
49	3	54	268.295258
50	3	24	264.307556
51	3	24	99.416245
52	3	24	93.924652
53	3	10	88.94693
54	3	10	147.361389
55	3	44	142.206482
56	3	64	137.108261
57	3	65	228.673264
58	3	66	224.198334
59	3	67	219.840408
60	3	49	214.953552
61	3	49	210.955429
62	3	49	207.908005
63	3	68	204.976303
64	3	69	195.679077
65	3	70	182.647507
66	3	71	169.727051
67	3	72	157.826416
68	3	72	150.261932
69	3	73	147.932907
70	3	74	150.876419
71	3	45	153.459641
72	3	75	149.489609
73	3	76	141.144791
74	3	76	133.812225
75	3	77	134.669861
76	3	4	139.577469
77	3	7	144.033752
78	3	5	147.725067
79	3	7	144.181564
80	3	63	140.493454
81	3	38	138.088531
82	3	38	133.008545
83	3	38	127.989426
84	3	39	122.063454
85	3	37	115.124367
86	3	38	107.234268
87	3	38	98.479691
88	3	62	90.217705
89	3	4	81.22654
90	3	6	71.564667
91	3	5	61.287918
92	3	6	50.448956
93	3	20	39.096912
94	3	22	27.277283
95	3	13	15.303639
96	3	17	4.366516
97	3	16	0.094023
98	3	17	0
99	3	17	0
100	3	78	0
101	3	79	0
102	3	80	0
103	3	80	0
104	3	80	0
105	3	81	0
106	3	16	0
107	3	16	0
108	3	17	0
109	3	16	0
110	3	13	0
111	3	13	0
112	3	18	0
113	3	19	0
114	3	82	0
115	3	82	0
116	3	82	0
117	3	82	0
118	3	82	0
119	3	82	0
120	3	82	0
121	3	82	0
122	3	4	0
123	3	6	0
124	3	5	0
125	3	26	0
126	3	2	0
127	3	3	0
128	3	5	0
0	4	7	0
1	4	7	-5.849769
2	4	26	-16.859221
3	4	2	-29.486729
4	4	27	-41.144009
5	4	10	-50.283337
6	4	0	-48.596672
7	4	10	-37.302799
8	4	0	-20.043625
9	4	10	-4.619169
10	4	11	10.601349
11	4	10	18.964689
12	4	1	24.099794
13	4	2	29.661741
14	4	30	41.625217
15	4	83	56.703804
16	4	3	73.62545
17	4	7	91.985359
18	4	4	109.887878
19	4	5	128.101486
20	4	4	146.960175
21	4	5	164.212341
22	4	4	180.595291
23	4	5	196.02684
24	4	4	210.143585
25	4	84	221.571487
26	4	85	231.107407
27	4	86	238.11261
28	4	87	242.109039
29	4	6	243.384583
30	4	6	247.368149
31	4	7	251.165848
32	4	4	253.808365
33	4	55	255.867538
34	4	34	258.363342
35	4	88	261.39267
36	4	38	264.859314
37	4	38	269.830841
38	4	89	275.09494
39	4	54	279.423462
40	4	57	282.421051
41	4	35	285.011597
42	4	54	289.196503
43	4	24	293.474518
44	4	24	296.294525
45	4	10	298.223114
46	4	11	299.426514
47	4	24	300.144318
48	4	24	298.968597
49	4	24	296.105499
50	4	0	291.600952
51	4	0	286.296814
52	4	44	280.328705
53	4	45	275.167725
54	4	64	269.31488
55	4	65	262.142212
56	4	66	247.777557
57	4	90	238.202728
58	4	90	230.57399
59	4	66	221.933334
60	4	65	213.873749
61	4	69	213.218323
62	4	91	212.268875
63	4	70	206.339462
64	4	92	195.712234
65	4	93	181.832291
66	4	65	168.807602
67	4	66	155.545624
68	4	94	151.28038
69	4	94	149.79425
70	4	65	151.904053
71	4	95	149.520309
72	4	72	139.922333
73	4	72	127.750397
74	4	96	123.712753
75	4	97	123.696617
76	4	97	135.16124
77	4	97	140.200272
78	4	97	139.475204
79	4	98	133.840179
80	4	7	130.095367
81	4	4	134.096085
82	4	7	138.941101
83	4	63	140.055756
84	4	62	139.45842
85	4	7	132.417587
86	4	5	124.103561
87	4	6	114.880058
88	4	26	105.091644
89	4	2	95.667236
90	4	2	85.56868
91	4	2	74.856705
92	4	99	63.587921
93	4	35	51.814571
94	4	36	39.345028
95	4	16	26.77726
96	4	13	13.961781
97	4	13	2.648353
98	4	17	0.23059
99	4	100	0
100	4	101	0
101	4	102	0
102	4	102	0
103	4	102	0
104	4	103	0
105	4	13	0
106	4	13	0
107	4	13	0
108	4	13	0
109	4	17	0
110	4	17	0
111	4	61	0
112	4	25	0
113	4	82	0
114	4	104	0
115	4	105	0
116	4	106	0
117	4	106	0
118	4	106	93.893982
119	4	106	93.893982
120	4	82	93.893982
121	4	7	93.893982
122	4	7	93.893982
123	4	4	93.893982
124	4	8	93.893982
125	4	11	0
126	4	107	0
127	4	108	0
128	4	109	0
0	5	2	0
1	5	27	-1.699067
2	5	0	-12.399459
3	5	11	-25.103514
4	5	10	-38.410717
5	5	0	-50.999577
6	5	0	-54.757652
7	5	10	-44.564518
8	5	24	-28.830215
9	5	28	-11.415994
10	5	42	6.908861
11	5	42	19.326601
12	5	110	25.080914
13	5	111	33.145329
14	5	112	47.594654
15	5	113	64.339256
16	5	114	83.562752
17	5	97	103.326881
18	5	97	123.574409
19	5	97	145.068054
20	5	97	166.597
21	5	97	186.163605
22	5	97	205.243256
23	5	97	223.09317
24	5	115	238.831284
25	5	116	252.219772
26	5	117	263.651184
27	5	118	272.256195
28	5	77	277.373566
29	5	4	278.169373
30	5	7	280.594635
31	5	6	284.706268
32	5	6	286.825592
33	5	55	289.912476
34	5	19	292.198334
35	5	7	294.828888
36	5	4	298.644104
37	5	8	304.034485
38	5	0	308.573761
39	5	24	312.036194
40	5	10	315.620575
41	5	10	318.097839
42	5	10	321.977478
43	5	24	326.851837
44	5	10	330.40625
45	5	0	331.762207
46	5	11	332.475494
47	5	0	331.894989
48	5	24	330.259827
49	5	44	327.05899
50	5	45	322.252014
51	5	64	316.419769
52	5	65	311.227203
53	5	94	305.19162
54	5	94	298.097473
55	5	69	275.832764
56	5	91	255.218216
57	5	119	238.141983
58	5	120	227.640762
59	5	121	222.328705
60	5	122	215.219391
61	5	123	214.638489
62	5	124	215.774887
63	5	125	209.826569
64	5	126	202.006973
65	5	121	190.53511
66	5	127	184.436813
67	5	94	177.787933
68	5	66	175.379303
69	5	65	173.123352
70	5	90	171.461517
71	5	90	161.874832
72	5	65	147.704361
73	5	66	131.818619
74	5	94	128.028763
75	5	90	133.703049
76	5	65	138.278015
77	5	66	137.489807
78	5	128	128.818298
79	5	97	114.973656
80	5	97	108.31884
81	5	97	109.441261
82	5	97	116.06971
83	5	97	127.45433
84	5	97	134.023773
85	5	98	137.94725
86	5	4	134.80397
87	5	63	128.426834
88	5	38	120.26738
89	5	38	109.772781
90	5	38	99.209763
91	5	38	88.038536
92	5	38	76.319611
93	5	129	61.44138
94	5	34	43.929684
95	5	18	28.853022
96	5	34	19.074863
97	5	16	8.029505
98	5	16	-0.974837
99	5	100	-0.176953
100	5	102	0
101	5	130	0
102	5	102	0
103	5	131	0
104	5	16	0
105	5	13	0
106	5	16	80.064011
107	5	17	80.064011
108	5	17	0
109	5	13	0
110	5	17	0
111	5	59	0
112	5	82	0
113	5	104	0
114	5	132	0
115	5	132	0
116	5	105	0
117	5	132	0
118	5	104	93.893982
119	5	82	93.893982
120	5	4	93.893982
121	5	6	93.893982
122	5	7	93.893982
123	5	8	93.893982
124	5	11	93.893982
125	5	133	0
126	5	134	0
127	5	135	0
128	5	24	0
0	6	24	0
1	6	24	0
2	6	10	-6.237955
3	6	24	-17.716167
4	6	11	-33.465424
5	6	136	-49.168823
6	6	137	-57.075043
7	6	138	-53.023384
8	6	139	-38.223747
9	6	49	-18.509886
10	6	140	2.105659
11	6	141	18.101522
12	6	142	25.871733
13	6	143	36.891819
14	6	142	52.66016
15	6	144	70.80899
16	6	69	91.685242
17	6	119	113.059212
18	6	65	135.806824
19	6	66	159.517548
20	6	94	200.077637
21	6	65	207.092178
22	6	90	228.465393
23	6	94	248.179031
24	6	90	265.177582
25	6	145	280.452515
26	6	146	293.427124
27	6	147	303.658447
28	6	97	309.599609
29	6	148	311.376862
30	6	149	312.065491
31	6	148	315.917877
32	6	76	318.713501
33	6	77	322.693634
34	6	5	325.454498
35	6	150	327.547821
36	6	151	332.185394
37	6	0	337.030945
38	6	10	340.863495
39	6	11	344.078217
40	6	24	347.167084
41	6	10	350.201538
42	6	10	353.736633
43	6	11	358.773071
44	6	11	362.972473
45	6	10	365.167664
46	6	44	364.723083
47	6	45	362.77655
48	6	64	360.94165
49	6	90	357.823456
50	6	90	353.297028
51	6	90	348.794342
52	6	69	343.681519
53	6	91	332.849548
54	6	70	308.260376
55	6	124	276.894806
56	6	126	259.694702
57	6	152	246.914215
58	6	38	244.654251
59	6	153	239.886871
60	6	154	237.375534
61	6	155	238.436554
62	6	38	239.078033
63	6	38	235.85112
64	6	38	231.395523
65	6	156	230.611557
66	6	157	229.828033
67	6	157	228.285217
68	6	157	182.568161
69	6	158	180.367996
70	6	91	174.141937
71	6	91	170.279007
72	6	159	154.811478
73	6	158	148.290436
74	6	91	141.689285
75	6	91	141.391312
76	6	91	149.254227
77	6	119	138.818542
78	6	65	132.767685
79	6	94	122.931816
80	6	65	108.664078
81	6	90	102.807121
82	6	66	103.968742
83	6	66	114.381935
84	6	128	119.748619
85	6	97	126.151779
86	6	97	121.374596
87	6	97	117.218887
88	6	97	114.502533
89	6	98	107.947472
90	6	7	96.271774
91	6	7	84.045891
92	6	4	74.231697
93	6	55	56.372101
94	6	160	34.920574
95	6	161	15.792148
96	6	33	1.763825
97	6	162	-4.727847
98	6	163	-12.253553
99	6	102	-14.490926
100	6	130	-7.167612
101	6	102	-0.036142
102	6	13	0
103	6	16	0
104	6	17	0
105	6	17	0
106	6	16	80.064011
107	6	16	80.064011
108	6	16	0
109	6	13	0
110	6	164	0
111	6	82	0
112	6	104	0
113	6	132	0
114	6	132	0
115	6	132	0
116	6	132	0
117	6	104	0
118	6	82	93.893982
119	6	5	93.893982
120	6	7	178.014496
121	6	4	178.014496
122	6	8	178.014496
123	6	24	93.893982
124	6	165	93.893982
125	6	134	0
126	6	135	0
127	6	135	0
128	6	0	0
0	7	0	0
1	7	0	0
2	7	24	-1.736541
3	7	136	26.882057
4	7	166	23.267555
5	7	142	-51.126328
6	7	103	-62.550102
7	7	167	-63.139008
8	7	168	-47.525238
9	7	169	-24.54595
10	7	142	-2.470689
11	7	143	15.84806
12	7	170	26.973021
13	7	143	39.683006
14	7	144	56.196228
15	7	145	56.196228
16	7	171	68.149757
17	7	91	76.837753
18	7	91	95.365746
19	7	119	106.117592
20	7	90	127.069473
21	7	69	133.684998
22	7	119	152.044998
23	7	65	176.40509
24	7	95	184.168167
25	7	72	205.895218
26	7	172	232.178345
27	7	119	258.53125
28	7	145	265.093567
29	7	93	274.953705
30	7	95	274.809174
31	7	173	284.1745
32	7	118	287.355255
33	7	76	296.336609
34	7	174	299.567078
35	7	175	301.858215
36	7	176	300.129028
37	7	24	320.7323
38	7	11	324.136505
39	7	10	327.054504
40	7	10	376.121674
41	7	11	379.552185
42	7	10	382.94928
43	7	24	387.483063
44	7	44	391.6698
45	7	64	394.455383
46	7	90	394.338531
47	7	65	391.909943
48	7	94	389.780579
49	7	120	387.700897
50	7	177	384.571564
51	7	70	372.26593
52	7	124	353.488831
53	7	125	324.03656
54	7	178	301.500397
55	7	11	277.252747
56	7	9	267.867737
57	7	4	273.164032
58	7	7	279.639801
59	7	6	288.858917
60	7	7	288.665009
61	7	7	287.286987
62	7	6	285.092072
63	7	7	281.268005
64	7	5	279.562958
65	7	5	282.432037
66	7	7	286.259399
67	7	6	287.726685
68	7	179	286.501984
69	7	154	283.213623
70	7	154	276.885681
71	7	180	266.31488
72	7	174	254.015472
73	7	181	241.960815
74	7	182	235.647446
75	7	72	232.439545
76	7	172	222.11763
77	7	91	206.823792
78	7	91	193.642181
79	7	91	175.514725
80	7	91	160.100174
81	7	119	146.36142
82	7	94	135.391815
83	7	66	131.497208
84	7	90	125.022804
85	7	94	120.74572
86	7	94	110.844208
87	7	65	104.9757
88	7	128	101.750656
89	7	97	92.05629
90	7	97	78.760857
91	7	97	63.854118
92	7	148	50.849342
93	7	183	34.403591
94	7	23	13.74207
95	7	20	-28.414106
96	7	184	-15.616667
97	7	185	-26.908361
98	7	102	-32.969597
99	7	102	-35.317955
100	7	186	-27.258337
101	7	16	-14.835124
102	7	13	-2.331369
103	7	16	0
104	7	16	0
105	7	13	0
106	7	17	80.064011
107	7	17	80.064011
108	7	16	0
109	7	61	0
110	7	187	0
111	7	104	0
112	7	105	0
113	7	188	0
114	7	189	0
115	7	190	0
116	7	104	0
117	7	82	0
118	7	5	93.893982
119	7	5	93.893982
120	7	4	244.662476
121	7	63	244.662476
122	7	191	178.014496
123	7	192	93.893982
124	7	134	93.893982
125	7	134	0
126	7	135	0
127	7	10	0
128	7	24	0
0	8	37	0
1	8	38	0
2	8	193	0
3	8	194	29.72212
4	8	143	22.762993
5	8	103	11.124823
6	8	195	-65.069267
7	8	169	-68.089577
8	8	143	-53.169609
9	8	143	-30.514717
10	8	196	-6.103611
11	8	197	14.047882
12	8	197	27.630072
13	8	198	41.185116
14	8	95	39.876247
15	8	173	56.196228
16	8	92	57.589725
17	8	71	77.737755
18	8	73	95.437622
19	8	69	110.533615
20	8	199	126.220955
21	8	73	133.684998
22	8	69	152.044998
23	8	91	176.40509
24	8	91	200.977783
25	8	70	223.330399
26	8	93	237.544037
27	8	95	247.996231
28	8	73	270.168365
29	8	66	280.105988
30	8	95	293.85611
31	8	173	291.890564
32	8	92	299.567688
33	8	200	308.527466
34	8	92	312.086792
35	8	175	315.499878
36	8	176	325.77951
37	8	24	329.803833
38	8	0	335.043182
39	8	11	356.832214
40	8	0	359.949921
41	8	11	363.523468
42	8	44	366.406555
43	8	64	412.6492
44	8	90	417.261261
45	8	65	420.313141
46	8	94	420.401398
47	8	120	418.319519
48	8	201	416.559265
49	8	202	404.482971
50	8	125	385.016632
51	8	178	358.340118
52	8	24	334.043182
53	8	11	306.968109
54	8	0	294.158508
55	8	9	289.400269
56	8	7	295.634949
57	8	5	305.830902
58	8	6	320.68338
59	8	5	335.116791
60	8	4	343.794983
61	8	5	341.320892
62	8	7	334.799896
63	8	6	329.677704
64	8	5	329.026825
65	8	6	330.71875
66	8	5	329.261963
67	8	5	329.253326
68	8	7	329.782318
69	8	6	329.359314
70	8	179	325.42865
71	8	154	317.698883
72	8	203	306.408752
73	8	204	295.563873
74	8	157	285.092102
75	8	205	275.704834
76	8	206	265.34375
77	8	146	255.885056
78	8	92	246.441528
79	8	123	237.479141
80	8	171	225.693283
81	8	91	209.323654
82	8	91	192.782242
83	8	91	179.066345
84	8	91	164.906479
85	8	91	148.371017
86	8	91	130.634872
87	8	91	115.421066
88	8	91	106.711548
89	8	119	91.15995
90	8	94	73.041389
91	8	145	52.363323
92	8	207	39.705353
93	8	208	17.444275
94	8	209	-14.011364
95	8	210	-24.151627
96	8	211	-17.643576
97	8	34	-29.357483
98	8	13	-40.815666
99	8	17	-50.757774
100	8	13	-45.502716
101	8	13	-33.669315
102	8	16	-16.119514
103	8	16	-1.82419
104	8	16	0
105	8	13	0
106	8	17	0
107	8	17	0
108	8	17	0
109	8	212	0
110	8	104	0
111	8	132	0
112	8	213	0
113	8	13	0
114	8	214	0
115	8	215	0
116	8	82	0
117	8	5	0
118	8	6	93.893982
119	8	216	93.893982
120	8	7	244.662476
121	8	217	244.662476
122	8	218	178.014496
123	8	219	93.893982
124	8	135	93.893982
125	8	135	0
126	8	37	0
127	8	38	0
128	8	62	0
0	9	6	0
1	9	220	0
2	9	221	-0.020559
3	9	222	27.707642
4	9	223	21.393099
5	9	141	10.512307
6	9	143	-64.957886
7	9	143	-68.307076
8	9	194	-53.332527
9	9	224	-31.980787
10	9	225	-8.464207
11	9	90	14.067084
12	9	69	27.485189
13	9	91	41.177544
14	9	70	58.084618
15	9	92	58.084618
16	9	171	69.953629
17	9	91	84.37764
18	9	70	95.681595
19	9	171	110.920258
20	9	91	126.220955
21	9	70	133.684998
22	9	123	152.044998
23	9	92	173.618073
24	9	146	207.072281
25	9	171	230.786331
26	9	91	244.789291
27	9	91	257.026672
28	9	91	279.121979
29	9	91	288.223572
30	9	70	304.544739
31	9	200	304.118683
32	9	200	313.580933
33	9	200	324.295563
34	9	146	337.629059
35	9	175	342.671936
36	9	226	344.550964
37	9	227	350.474365
38	9	228	353.820892
39	9	227	360.347076
40	9	45	364.115326
41	9	64	368.506744
42	9	66	372.405487
43	9	66	388.038086
44	9	120	438.99231
45	9	121	442.195862
46	9	201	440.914459
47	9	11	429.993256
48	9	0	404.390137
49	9	24	381.471863
50	9	0	361.006592
51	9	0	339.341583
52	9	10	323.309296
53	9	11	314.736755
54	9	9	325.84137
55	9	7	341.75592
56	9	7	347.647705
57	9	4	350.429138
58	9	5	353.250397
59	9	4	364.966217
60	9	5	374.907471
61	9	5	373.60498
62	9	4	369.471466
63	9	5	368.394135
64	9	4	369.017334
65	9	4	368.897125
66	9	5	368.630127
67	9	5	370.241638
68	9	6	371.842163
69	9	4	452.413147
70	9	4	452.413147
71	9	6	360.458252
72	9	4	349.750061
73	9	4	458.74353
74	9	5	442.391876
75	9	179	305.669373
76	9	154	294.883514
77	9	154	284.173492
78	9	154	275.990265
79	9	154	270.768188
80	9	154	263.852844
81	9	154	256.126129
82	9	154	244.668396
83	9	206	229.54158
84	9	200	212.537857
85	9	181	193.281998
86	9	154	172.636703
87	9	182	156.514359
88	9	73	141.832809
89	9	65	124.043968
90	9	95	103.790085
91	9	72	82.099762
92	9	173	65.686989
93	9	118	56.698208
94	9	76	45.041515
95	9	76	-16.213326
96	9	183	15.301308
97	9	18	-7.181936
98	9	34	-21.301613
99	9	17	-36.803715
100	9	13	-48.84499
101	9	16	-45.805428
102	9	13	-29.315474
103	9	13	-11.596905
104	9	17	-0.419263
105	9	17	0
106	9	13	0
107	9	13	0
108	9	212	0
109	9	104	0
110	9	132	0
111	9	213	0
112	9	16	0
113	9	17	0
114	9	229	0
115	9	82	0
116	9	4	0
117	9	5	0
118	9	230	93.893982
119	9	7	93.893982
120	9	8	178.014496
121	9	10	178.014496
122	9	231	178.014496
123	9	232	93.893982
124	9	134	93.893982
125	9	9	0
126	9	4	0
127	9	7	0
128	9	5	0
0	10	5	0
1	10	233	-1.908936
2	10	234	-8.856111
3	10	141	23.73859
4	10	170	16.920216
5	10	142	10.521317
6	10	170	-78.246445
7	10	170	-71.45015
8	10	170	-50.456287
9	10	235	-28.417856
10	10	121	-6.714689
11	10	236	15.651575
12	10	125	26.501637
13	10	125	39.657074
14	10	237	56.404678
15	10	238	76.462418
16	10	239	98.594215
17	10	238	122.269867
18	10	92	148.414261
19	10	146	176.859299
20	10	92	205.806335
21	10	146	234.169876
22	10	200	259.842804
23	10	146	282.946442
24	10	200	303.160706
25	10	146	322.433289
26	10	239	339.656067
27	10	240	352.487366
28	10	240	361.468048
29	10	240	366.671234
30	10	238	369.838318
31	10	92	377.5755
32	10	146	387.029419
33	10	200	394.454498
34	10	123	402.107605
35	10	241	408.873657
36	10	68	414.231781
37	10	67	419.954285
38	10	68	424.627899
39	10	65	429.255798
40	10	65	433.809326
41	10	90	438.314484
42	10	120	397.607208
43	10	201	406.249664
44	10	24	410.309113
45	10	10	450.265533
46	10	24	438.796692
47	10	10	411.88858
48	10	11	379.314667
49	10	0	354.393097
50	10	11	343.853149
51	10	0	345.956055
52	10	0	356.489563
53	10	9	372.527008
54	10	5	389.630463
55	10	4	410.133392
56	10	7	401.449768
57	10	5	388.689667
58	10	4	389.044647
59	10	4	397.895996
60	10	6	404.528412
61	10	5	403.915619
62	10	6	437.0448
63	10	6	438.165588
64	10	4	439.213226
65	10	4	438.224487
66	10	5	440.807373
67	10	7	443.12677
68	10	4	450.932922
69	10	7	452.413147
70	10	4	452.413147
71	10	6	480.469269
72	10	4	474.401978
73	10	6	464.535706
74	10	7	415.540314
75	10	7	339.96524
76	10	4	325.736786
77	10	7	314.488892
78	10	4	304.341034
79	10	7	298.369537
80	10	5	291.770325
81	10	7	282.788696
82	10	179	272.097168
83	10	154	259.826538
84	10	203	246.491974
85	10	4	231.398911
86	10	204	215.273239
87	10	157	197.501907
88	10	242	181.860352
89	10	66	165.061401
90	10	90	145.183319
91	10	145	127.161339
92	10	92	109.051773
93	10	92	94.833626
94	10	146	86.404884
95	10	243	72.61647
96	10	61	52.663368
97	10	22	33.904324
98	10	13	16.061255
99	10	17	-6.447906
100	10	13	-27.299698
101	10	17	-39.686977
102	10	13	-34.20509
103	10	17	-20.008137
104	10	16	-6.394883
105	10	17	1.400165
106	10	17	1.449974
107	10	212	1.26326
108	10	104	0.942149
109	10	106	0.566077
110	10	244	0.190964
111	10	245	0
112	10	17	0
113	10	246	0
114	10	187	0
115	10	6	0
116	10	5	0
117	10	6	0
118	10	4	93.893982
119	10	8	93.893982
120	10	24	93.893982
121	10	10	93.893982
122	10	37	93.893982
123	10	38	93.893982
124	10	62	93.893982
125	10	7	0
126	10	6	0
127	10	5	0
128	10	5	0
0	11	247	0
1	11	143	-9.653783
2	11	194	-21.430838
3	11	170	-45.450813
4	11	248	-72.301315
5	11	249	-91.528732
6	11	250	-96.805206
7	11	251	-82.505531
8	11	252	-51.907486
9	11	11	-23.968142
10	11	24	-1.523102
11	11	11	17.917564
12	11	10	25.022259
13	11	12	36.711132
14	11	253	52.840496
15	11	254	71.921898
16	11	253	93.197525
17	11	255	115.610069
18	11	154	139.912262
19	11	154	166.34407
20	11	206	192.567123
21	11	146	218.506088
22	11	146	243.201263
23	11	92	266.290344
24	11	181	286.268372
25	11	256	304.891846
26	11	13	321.329742
27	11	17	333.973816
28	11	17	343.577728
29	11	253	349.150696
30	11	257	353.876373
31	11	72	363.698975
32	11	173	373.996521
33	11	92	382.530151
34	11	171	391.816223
35	11	91	400.285126
36	11	119	407.661346
37	11	66	415.733215
38	11	258	423.477905
39	11	259	431.429291
40	11	65	438.075195
41	11	74	443.696472
42	11	45	449.588806
43	11	45	414.255829
44	11	45	418.685547
45	11	260	411.889587
46	11	0	397.450012
47	11	24	377.830688
48	11	0	361.061554
49	11	11	345.013916
50	11	10	350.693878
51	11	10	364.130737
52	11	9	372.788269
53	11	6	399.927612
54	11	5	430.400879
55	11	4	456.002747
56	11	5	422.954407
57	11	7	407.540405
58	11	6	408.053802
59	11	7	427.132263
60	11	6	434.000732
61	11	5	435.202698
62	11	7	435.202698
63	11	5	435.202698
64	11	7	441.572327
65	11	4	446.282349
66	11	7	450.048645
67	11	5	452.830719
68	11	7	453.736694
69	11	7	453.736694
70	11	5	484.960541
71	11	4	485.820862
72	11	6	472.727631
73	11	7	470.114868
74	11	7	454.18399
75	11	7	434.158844
76	11	5	361.595245
77	11	20	349.856201
78	11	21	337.96814
79	11	21	328.410553
80	11	25	321.310699
81	11	20	312.416199
82	11	21	302.191956
83	11	21	289.421204
84	11	25	275.082489
85	11	5	258.683502
86	11	6	240.447617
87	11	204	222.922424
88	11	157	206.344742
89	11	157	189.388168
90	11	261	172.645615
91	11	72	156.617218
92	11	173	141.079269
93	11	92	124.85894
94	11	207	110.304321
95	11	262	96.490814
96	11	17	77.07312
97	11	13	59.520515
98	11	16	46.832169
99	11	17	32.790718
100	11	16	7.461404
101	11	16	-13.149977
102	11	17	-22.936142
103	11	16	-21.171665
104	11	17	-11.631783
105	11	13	0.202408
106	11	212	10.011406
107	11	82	9.409803
108	11	82	8.445979
109	11	82	7.446337
110	11	263	6.293471
111	11	17	5.143998
112	11	16	4.085986
113	11	212	3.049759
114	11	5	2.094097
115	11	7	1.187621
116	11	6	0.396784
117	11	6	0
118	11	63	93.893982
119	11	39	93.893982
120	11	24	93.893982
121	11	1	93.893982
122	11	3	93.893982
123	11	4	93.893982
124	11	7	93.893982
125	11	6	0
126	11	7	0
127	11	5	0
128	11	247	0
0	12	170	0
1	12	170	-16.202574
2	12	143	-36.453594
3	12	264	-69.312149
4	12	265	-99.469269
5	12	163	-117.140205
6	12	266	-115.287773
7	12	42	-93.458946
8	12	42	-56.743629
9	12	42	-22.466827
10	12	41	4.456473
11	12	37	18.666897
12	12	129	23.782007
13	12	33	32.626209
14	12	33	47.777348
15	12	33	65.623001
16	12	19	85.372795
17	12	4	106.194519
18	12	4	128.313385
19	12	267	152.182495
20	12	173	175.829132
21	12	92	199.46698
22	12	268	222.370804
23	12	269	244.564545
24	12	270	263.76944
25	12	51	280.953217
26	12	51	296.382507
27	12	262	308.4599
28	12	16	318.053864
29	12	167	323.514679
30	12	90	329.988983
31	12	145	341.117828
32	12	123	352.087616
33	12	71	362.126038
34	12	72	372.908478
35	12	271	383.056213
36	12	272	392.612122
37	12	273	402.350739
38	12	274	411.992249
39	12	259	422.512054
40	12	90	431.454529
41	12	66	438.575806
42	12	94	445.847015
43	12	94	454.521118
44	12	275	416.401245
45	12	0	415.700378
46	12	10	403.222778
47	12	24	385.805634
48	12	0	381.532379
49	12	10	371.01474
50	12	276	362.939789
51	12	276	367.760651
52	12	2	375.593964
53	12	2	373.328461
54	12	3	402.681641
55	12	5	413.51123
56	12	6	427.279999
57	12	6	432.984497
58	12	7	432.269348
59	12	5	434.074799
60	12	5	435.202698
61	12	4	435.202698
62	12	5	435.202698
63	12	4	435.202698
64	12	6	435.202698
65	12	6	481.383087
66	12	6	486.257141
67	12	6	490.545715
68	12	6	453.736694
69	12	6	453.736694
70	12	4	484.960541
71	12	6	479.638672
72	12	7	467.385742
73	12	5	456.73819
74	12	4	456.73819
75	12	4	436.098846
76	12	55	400.087799
77	12	33	384.703796
78	12	33	372.357025
79	12	160	361.531281
80	12	22	352.733154
81	12	18	344.328583
82	12	34	334.329163
83	12	23	321.375305
84	12	6	306.979187
85	12	7	289.757751
86	12	6	270.572235
87	12	277	250.373367
88	12	97	230.92572
89	12	278	212.077026
90	12	66	192.741333
91	12	95	174.06041
92	12	173	156.404846
93	12	123	141.202866
94	12	243	126.761047
95	12	17	113.030441
96	12	16	99.459251
97	12	16	85.199966
98	12	17	70.679695
99	12	16	56.301678
100	12	17	39.326862
101	12	17	17.509239
102	12	16	-1.468367
103	12	279	-16.63726
104	12	280	-16.832903
105	12	19	-5.672286
106	12	7	11.465778
107	12	7	20.476181
108	12	4	19.172771
109	12	55	17.626118
110	12	33	16.216312
111	12	33	14.626807
112	12	19	12.873063
113	12	7	11.25008
114	12	5	9.639644
115	12	6	7.997181
116	12	5	6.288893
117	12	5	4.505228
118	12	8	2.758554
119	12	24	1.259286
120	12	24	0.212646
121	12	9	0
122	12	5	0
123	12	5	0
124	12	7	0
125	12	281	0
126	12	80	0
127	12	282	0
128	12	143	0
0	13	142	0
1	13	142	-21.574516
2	13	142	-51.358826
3	13	194	-90.636909
4	13	194	-129.016815
5	13	103	-144.745392
6	13	17	-137.483429
7	13	13	-106.669762
8	13	16	-62.963306
9	13	43	-21.974136
10	13	283	7.092547
11	13	4	17.404928
12	13	6	-9.779503
13	13	6	-3.887939
14	13	7	41.393692
15	13	5	57.834721
16	13	5	75.644783
17	13	277	94.687775
18	13	278	114.575386
19	13	95	135.475037
20	13	284	156.661453
21	13	285	177.893921
22	13	142	198.662491
23	13	286	219.323563
24	13	200	237.487808
25	13	146	252.845245
26	13	207	266.848053
27	13	51	278.200348
28	13	287	287.339294
29	13	65	293.233948
30	13	95	301.907623
31	13	72	313.181091
32	13	271	325.042633
33	13	272	335.932892
34	13	273	348.197723
35	13	13	359.931213
36	13	17	371.347992
37	13	13	382.444611
38	13	274	393.070923
39	13	272	404.244354
40	13	272	414.246704
41	13	288	422.557983
42	13	121	431.518555
43	13	201	441.364197
44	13	276	446.918304
45	13	276	446.339813
46	13	276	443.015289
47	13	0	429.294006
48	13	11	417.553497
49	13	276	405.27121
50	13	276	392.171143
51	13	0	369.06192
52	13	10	363.22168
53	13	1	369.731232
54	13	289	399.541748
55	13	7	413.761658
56	13	290	428.408569
57	13	2	435.37619
58	13	2	435.37619
59	13	3	435.37619
60	13	4	435.37619
61	13	6	435.37619
62	13	5	435.202698
63	13	277	461.578674
64	13	98	461.578674
65	13	5	512.010071
66	13	7	546.187927
67	13	7	564.207336
68	13	6	453.736694
69	13	7	453.736694
70	13	4	523.34137
71	13	6	514.317017
72	13	5	501.110291
73	13	7	456.73819
74	13	5	456.73819
75	13	4	454.387573
76	13	6	436.704407
77	13	6	418.873901
78	13	55	406.407135
79	13	34	395.480835
80	13	61	385.695068
81	13	161	376.88446
82	13	19	367.103851
83	13	6	354.222107
84	13	4	339.698944
85	13	7	322.304718
86	13	204	302.48703
87	13	157	281.256897
88	13	157	259.833191
89	13	157	240.200012
90	13	242	221.102768
91	13	95	202.103958
92	13	291	183.419693
93	13	292	166.759674
94	13	262	150.661606
95	13	16	135.243423
96	13	17	120.367363
97	13	17	105.85482
98	13	17	91.32843
99	13	16	76.023102
100	13	13	61.785545
101	13	13	46.208004
102	13	164	24.034384
103	13	293	1.191847
104	13	7	-16.207041
105	13	6	-12.769416
106	13	6	3.569346
107	13	5	22.195717
108	13	7	31.705854
109	13	6	30.059641
110	13	5	27.904404
111	13	5	26.001923
112	13	5	24.035254
113	13	6	21.768999
114	13	7	19.442757
115	13	4	17.333334
116	13	26	15.243505
117	13	27	13.144859
118	13	11	10.982858
119	13	10	8.580434
120	13	1	6.151483
121	13	3	3.779941
122	13	4	1.531036
123	13	7	0.355572
124	13	247	0
125	13	170	0
126	13	142	0
127	13	170	0
128	13	170	0
0	14	294	0
1	14	295	-23.51231
2	14	296	-58.482548
3	14	194	-100.370132
4	14	103	-138.390472
5	14	17	-159.269211
6	14	16	-152.564316
7	14	17	-115.341423
8	14	13	-67.961739
9	14	61	-23.543081
10	14	25	5.951864
11	14	7	15.892325
12	14	6	-11.370456
13	14	7	-24.504734
14	14	4	-34.023514
15	14	277	-4.359562
16	14	278	-12.015384
17	14	90	-11.607511
18	14	66	99.373154
19	14	297	117.3414
20	14	143	135.933044
21	14	143	154.577805
22	14	298	173.040359
23	14	72	191.69371
24	14	72	208.494949
25	14	72	222.303879
26	14	72	234.186722
27	14	73	244.536774
28	14	69	252.972565
29	14	119	261.617706
30	14	69	271.051025
31	14	299	281.764771
32	14	262	294.572205
33	14	17	305.767883
34	14	17	319.280762
35	14	17	332.915924
36	14	17	345.327087
37	14	16	357.668518
38	14	16	369.4599
39	14	17	381.040619
40	14	14	391.640015
41	14	24	401.402374
42	14	10	411.36261
43	14	276	421.959595
44	14	106	431.551392
45	14	276	437.918365
46	14	0	442.75827
47	14	276	441.497131
48	14	276	439.611694
49	14	276	436.781128
50	14	11	417.635193
51	14	276	406.113678
52	14	276	405.935242
53	14	300	430.452545
54	14	301	466.250702
55	14	302	493.123932
56	14	276	434.354828
57	14	276	435.37619
58	14	1	531.208435
59	14	2	531.208435
60	14	303	435.37619
61	14	97	435.37619
62	14	304	435.202698
63	14	305	461.578674
64	14	306	461.578674
65	14	2	554.207764
66	14	3	558.36969
67	14	5	582.396729
68	14	6	583.611877
69	14	4	559.436523
70	14	5	554.416992
71	14	4	544.641235
72	14	6	530.315247
73	14	4	456.73819
74	14	6	456.73819
75	14	5	456.73819
76	14	7	450.959778
77	14	20	450.959778
78	14	22	438.683319
79	14	16	428.307281
80	14	61	418.606262
81	14	21	409.209137
82	14	25	399.386566
83	14	6	386.791107
84	14	6	372.025909
85	14	7	354.631531
86	14	5	334.395874
87	14	4	312.792175
88	14	7	291.70697
89	14	204	270.29248
90	14	242	251.123032
91	14	128	231.592407
92	14	307	211.922806
93	14	308	193.944839
94	14	51	176.810181
95	14	51	160.167023
96	14	262	143.962997
97	14	17	128.112335
98	14	16	112.383278
99	14	16	96.911034
100	14	17	82.190849
101	14	23	68.814621
102	14	7	51.631535
103	14	5	27.797478
104	14	4	3.176959
105	14	6	-9.746069
106	14	5	-1.857991
107	14	4	16.227131
108	14	5	34.088326
109	14	4	43.007389
110	14	4	40.867321
111	14	6	38.480793
112	14	5	36.067699
113	14	7	33.540642
114	14	7	31.112804
115	14	8	28.666185
116	14	0	26.40391
117	14	10	23.951355
118	14	24	21.061342
119	14	0	17.750597
120	14	1	14.087017
121	14	3	10.538394
122	14	6	7.174518
123	14	247	4.015383
124	14	143	1.779723
125	14	194	0.432168
126	14	170	0
127	14	194	0
128	14	309	0
0	15	5	0
1	15	247	-20.415834
2	15	143	-55.053219
3	15	103	-97.056473
4	15	16	-133.387695
5	15	17	-155.442566
6	15	13	-150.044403
7	15	17	-115.50943
8	15	17	-68.324776
9	15	23	-25.799358
10	15	6	4.110362
11	15	277	14.140167
12	15	97	19.021912
13	15	97	-34.023514
14	15	310	-34.023514
15	15	311	-4.359562
16	15	225	-12.015384
17	15	168	-21.735411
18	15	169	83.624489
19	15	142	98.990074
20	15	143	114.439987
21	15	224	130.222244
22	15	311	146.531784
23	15	311	162.715439
24	15	225	177.676086
25	15	90	190.395966
26	15	94	200.062241
27	15	95	208.492249
28	15	73	218.777451
29	15	95	229.153946
30	15	72	238.525833
31	15	308	249.571762
32	15	51	261.751099
33	15	51	272.988251
34	15	51	288.173035
35	15	262	302.967407
36	15	17	316.015778
37	15	13	329.390198
38	15	16	342.363464
39	15	43	354.621674
40	15	42	366.142883
41	15	42	377.120911
42	15	276	388.064728
43	15	276	399.354736
44	15	276	409.635193
45	15	42	418.108368
46	15	312	425.499207
47	15	276	432.032257
48	15	276	436.728577
49	15	0	445.103058
50	15	276	447.154022
51	15	313	444.545135
52	15	276	453.720734
53	15	313	472.472565
54	15	313	490.894012
55	15	313	499.917297
56	15	276	435.37619
57	15	0	435.37619
58	15	11	531.208435
59	15	314	531.208435
60	15	66	435.37619
61	15	74	435.37619
62	15	64	486.466888
63	15	275	486.466888
64	15	315	486.466888
65	15	315	562.017944
66	15	2	559.894226
67	15	2	583.093994
68	15	2	582.780518
69	15	3	643.500671
70	15	5	643.500671
71	15	6	643.500671
72	15	4	553.789856
73	15	5	456.73819
74	15	20	456.73819
75	15	25	456.73819
76	15	15	450.959778
77	15	17	450.959778
78	15	13	450.959778
79	15	13	458.575287
80	15	13	449.819855
81	15	23	440.120056
82	15	6	430.449951
83	15	6	417.80191
84	15	7	402.885529
85	15	4	385.389526
86	15	4	365.345825
87	15	6	343.730164
88	15	7	322.527679
89	15	316	300.351959
90	15	90	279.865845
91	15	66	260.131805
92	15	145	239.802795
93	15	123	220.615906
94	15	239	202.678925
95	15	317	185.032227
96	15	262	167.802979
97	15	17	150.722
98	15	279	134.013245
99	15	163	117.438942
100	15	318	102.403549
101	15	80	88.353287
102	15	60	77.589088
103	15	6	60.34705
104	15	5	35.375996
105	15	7	13.75299
106	15	7	1.07334
107	15	5	9.625605
108	15	7	24.792011
109	15	6	42.30228
110	15	5	53.850449
111	15	5	51.185036
112	15	5	48.571266
113	15	6	46.164185
114	15	63	43.531574
115	15	39	41.108978
116	15	136	38.292931
117	15	137	34.943596
118	15	319	31.211645
119	15	11	27.000923
120	15	1	22.435225
121	15	2	17.699568
122	15	320	13.255963
123	15	321	9.050756
124	15	194	5.309774
125	15	142	2.582207
126	15	294	0.7954
127	15	293	0.031914
128	15	6	0
0	16	247	0
1	16	142	-12.926276
2	16	103	-41.548931
3	16	17	-83.006104
4	16	13	-119.756447
5	16	16	-143.808502
6	16	13	-142.599594
7	16	13	-112.927689
8	16	61	-72.652618
9	16	21	-30.21701
10	16	322	1.739769
11	16	94	12.160438
12	16	168	16.947269
13	16	169	-60.279537
14	16	142	-60.279537
15	16	224	-67.935341
16	16	169	-47.799332
17	16	143	-41.871555
18	16	143	68.388702
19	16	142	80.887192
20	16	142	93.608047
21	16	143	106.008408
22	16	143	119.618462
23	16	224	133.258362
24	16	225	146.058533
25	16	168	157.148254
26	16	311	165.754242
27	16	311	174.736343
28	16	323	186.061417
29	16	119	196.403976
30	16	95	206.27771
31	16	72	216.749954
32	16	72	227.814957
33	16	173	240.265396
34	16	207	256.245422
35	16	51	270.882385
36	16	51	284.835266
37	16	262	299.117737
38	16	13	312.659271
39	16	13	326.222595
40	16	13	339.115814
41	16	16	351.367432
42	16	13	363.824341
43	16	17	375.606354
44	16	16	385.847137
45	16	324	394.719421
46	16	276	402.161926
47	16	276	410.479309
48	16	11	420.709229
49	16	325	430.763611
50	16	313	441.471375
51	16	276	450.860931
52	16	313	461.536407
53	16	313	470.57251
54	16	313	476.325409
55	16	276	483.1026
56	16	10	435.517609
57	16	44	435.496216
58	16	64	435.385681
59	16	65	435.37619
60	16	90	435.37619
61	16	65	435.37619
62	16	275	486.640381
63	16	315	486.466888
64	16	326	486.466888
65	16	315	534.039734
66	16	0	528.831848
67	16	10	590.389526
68	16	9	643.500671
69	16	6	643.500671
70	16	5	643.500671
71	16	7	643.500671
72	16	6	553.789856
73	16	15	456.73819
74	16	61	456.73819
75	16	22	450.959778
76	16	13	450.959778
77	16	17	450.959778
78	16	16	450.959778
79	16	16	484.882263
80	16	23	595.368713
81	16	5	592.393799
82	16	6	458.838593
83	16	6	446.089752
84	16	6	430.885071
85	16	20	413.504913
86	16	21	393.808929
87	16	21	372.122101
88	16	327	350.758179
89	16	157	328.106598
90	16	242	306.363434
91	16	95	286.423462
92	16	173	265.578033
93	16	207	245.596436
94	16	328	226.811996
95	16	254	208.441742
96	16	16	190.311264
97	16	78	172.285339
98	16	143	154.604172
99	16	142	137.214584
100	16	294	121.291519
101	16	293	106.948448
102	16	7	94.507523
103	16	7	87.272629
104	16	7	69.942482
105	16	4	47.809963
106	16	7	25.777807
107	16	7	8.974045
108	16	5	11.953715
109	16	7	27.621206
110	16	5	50.010609
111	16	5	63.59314
112	16	7	60.983925
113	16	7	58.567883
114	16	8	56.144348
115	16	329	53.272785
116	16	143	49.735832
117	16	330	45.645336
118	16	319	41.076748
119	16	24	36.05386
120	16	0	30.61434
121	16	10	24.881622
122	16	329	19.358311
123	16	143	14.227049
124	16	143	9.451246
125	16	309	5.468687
126	16	6	2.604276
127	16	6	0.760491
128	16	247	0
0	17	170	0
1	17	103	-4.881606
2	17	17	-24.294384
3	17	17	-59.868252
4	17	17	-95.298683
5	17	13	-119.580055
6	17	16	-122.453476
7	17	17	-101.189713
8	17	17	-69.044609
9	17	274	-32.375744
10	17	259	-4.456803
11	17	331	8.663993
12	17	197	14.651815
13	17	332	-67.935341
14	17	143	-67.935341
15	17	194	-76.911285
16	17	170	-98.079369
17	17	194	-98.079369
18	17	142	54.239334
19	17	142	64.657997
20	17	170	74.549698
21	17	142	83.799446
22	17	170	94.010406
23	17	224	104.201561
24	17	169	114.782768
25	17	142	125.341866
26	17	194	135.997971
27	17	333	145.961182
28	17	334	156.108765
29	17	311	165.754456
30	17	225	174.388718
31	17	65	184.853012
32	17	95	195.9758
33	17	72	208.281952
34	17	72	223.88765
35	17	173	239.172134
36	17	207	253.588318
37	17	51	268.410492
38	17	51	282.918884
39	17	51	298.078156
40	17	262	311.917297
41	17	16	325.104004
42	17	16	337.864746
43	17	16	349.851288
44	17	324	360.255707
45	17	276	369.095123
46	17	276	376.689667
47	17	276	384.782745
48	17	313	395.008698
49	17	276	405.260529
50	17	276	415.430847
51	17	276	425.473053
52	17	313	436.006104
53	17	276	444.780029
54	17	276	452.905487
55	17	38	461.404358
56	17	335	438.072418
57	17	66	438.065155
58	17	94	437.406067
59	17	94	436.359222
60	17	65	435.470947
61	17	74	435.37619
62	17	315	526.763
63	17	315	526.763
64	17	315	526.763
65	17	0	544.677429
66	17	0	545.542847
67	17	9	591.429504
68	17	5	644.540649
69	17	5	644.540649
70	17	7	643.500671
71	17	6	643.500671
72	17	55	553.789856
73	17	33	450.959778
74	17	34	450.959778
75	17	17	424.931366
76	17	16	424.931366
77	17	18	424.931366
78	17	33	450.959778
79	17	19	505.638153
80	17	4	587.555786
81	17	4	587.68573
82	17	6	482.905853
83	17	5	469.699646
84	17	15	454.564758
85	17	17	437.49115
86	17	16	418.100708
87	17	61	396.552582
88	17	25	375.028107
89	17	204	352.171661
90	17	157	329.58551
91	17	261	309.323059
92	17	72	288.177307
93	17	336	267.651886
94	17	337	248.137222
95	17	162	229.092911
96	17	141	210.1828
97	17	142	191.512909
98	17	142	173.035172
99	17	309	154.809036
100	17	5	138.184448
101	17	5	123.098068
102	17	7	109.755035
103	17	5	101.420837
104	17	7	96.08741
105	17	4	81.340424
106	17	4	56.855904
107	17	6	27.647253
108	17	5	4.618168
109	17	7	8.733311
110	17	6	31.384514
111	17	5	58.064648
112	17	6	72.363815
113	17	63	70.211349
114	17	193	67.75396
115	17	170	64.431496
116	17	170	60.360973
117	17	338	55.654705
118	17	11	50.349136
119	17	136	44.569489
120	17	137	38.564308
121	17	166	32.336193
122	17	142	25.811523
123	17	142	19.438944
124	17	79	13.488701
125	17	60	8.569937
126	17	5	4.748131
127	17	247	2.020146
128	17	142	0
0	18	339	0
1	18	163	-2.023248
2	18	163	-13.721378
3	18	163	-36.695469
4	18	163	-65.704346
5	18	163	-88.460075
6	18	163	-98.149338
7	18	163	-86.210815
8	18	340	-61.365093
9	18	274	-33.83213
10	18	272	-10.138574
11	18	272	4.158137
12	18	341	12.149899
13	18	101	-99.589577
14	18	142	-98.079369
15	18	194	-98.079369
16	18	196	-98.079369
17	18	342	-98.079369
18	18	343	47.7019
19	18	197	54.728081
20	18	197	61.547359
21	18	197	68.18438
22	18	332	75.389885
23	18	170	83.418396
24	18	142	93.035316
25	18	170	102.71862
26	18	170	112.240044
27	18	194	121.284424
28	18	142	131.119202
29	18	224	139.727203
30	18	225	147.28212
31	18	65	157.524536
32	18	65	167.537567
33	18	94	178.350815
34	18	95	193.038361
35	18	72	208.703369
36	18	173	223.491089
37	18	92	239.320679
38	18	123	254.815414
39	18	207	270.493439
40	18	51	285.084503
41	18	344	298.001984
42	18	35	310.653107
43	18	345	322.533112
44	18	346	333.039185
45	18	346	342.31778
46	18	346	350.205719
47	18	347	357.642944
48	18	348	367.200897
49	18	276	377.52298
50	18	276	387.393585
51	18	313	397.647156
52	18	276	407.871582
53	18	5	418.485199
54	18	277	428.75827
55	18	278	437.645386
56	18	65	443.352386
57	18	94	443.411041
58	18	66	442.413086
59	18	90	440.453369
60	18	94	437.885406
61	18	74	435.550018
62	18	260	526.763
63	18	24	526.763
64	18	0	526.763
65	18	24	549.103821
66	18	1	546.326111
67	18	2	637.198669
68	18	3	637.198669
69	18	7	644.540649
70	18	5	644.540649
71	18	4	554.829834
72	18	6	551.907898
73	18	55	450.959778
74	18	34	450.959778
75	18	16	398.855927
76	18	23	398.855927
77	18	4	398.855927
78	18	5	450.959778
79	18	5	517.27002
80	18	7	515.697266
81	18	7	510.332794
82	18	6	499.287109
83	18	55	486.210388
84	18	33	471.911652
85	18	34	455.466858
86	18	17	436.558777
87	18	23	415.353363
88	18	6	393.940674
89	18	7	371.094604
90	18	316	348.246765
91	18	66	327.765808
92	18	66	306.460205
93	18	128	285.534271
94	18	349	265.468994
95	18	350	245.832886
96	18	351	226.26326
97	18	194	207.028305
98	18	309	187.813095
99	18	7	168.86647
100	18	5	151.571198
101	18	6	135.683655
102	18	6	121.732544
103	18	6	112.274559
104	18	5	105.765213
105	18	4	101.740486
106	18	7	86.624969
107	18	6	54.756672
108	18	4	20.883564
109	18	7	-0.216245
110	18	7	11.505677
111	18	7	35.265511
112	18	6	61.686039
113	18	247	79.361732
114	18	142	77.561035
115	18	143	73.998177
116	18	330	69.65567
117	18	137	64.543945
118	18	166	59.1693
119	18	194	54.250072
120	18	142	48.457294
121	18	143	42.040604
122	18	142	35.324337
123	18	294	28.396494
124	18	293	21.008987
125	18	4	13.217408
126	18	247	7.042983
127	18	170	3.390063
128	18	143	0
0	19	143	0
1	19	194	-0.273703
2	19	170	-7.335061
3	19	194	-24.783443
4	19	142	-47.606808
5	19	194	-66.556183
6	19	194	-78.011429
7	19	103	-72.265961
8	19	13	-55.022949
9	19	16	-33.016232
10	19	16	-12.840202
11	19	17	0.861637
12	19	100	9.400922
13	19	250	-102.399033
14	19	250	-98.079369
15	19	352	-98.079369
16	19	199	-98.079369
17	19	73	-98.079369
18	19	65	42.631405
19	19	65	49.420155
20	19	90	55.988976
21	19	297	62.307007
22	19	143	68.40831
23	19	170	75.740555
24	19	143	83.641014
25	19	142	91.78154
26	19	143	99.435249
27	19	142	106.550285
28	19	170	114.593498
29	19	224	122.416977
30	19	225	129.626297
31	19	66	138.320801
32	19	94	147.18486
33	19	66	156.730453
34	19	168	168.887024
35	19	353	183.200241
36	19	354	197.784058
37	19	71	213.68367
38	19	72	228.879227
39	19	72	244.262024
40	19	355	258.311523
41	19	24	270.968872
42	19	0	283.067688
43	19	24	294.897247
44	19	24	305.249664
45	19	11	314.490662
46	19	0	322.929871
47	19	356	330.364136
48	19	276	339.385162
49	19	276	349.216248
50	19	313	359.309479
51	19	276	369.276672
52	19	357	380.03537
53	19	358	392.374023
54	19	66	402.901947
55	19	69	411.774384
56	19	119	418.541351
57	19	90	426.299133
58	19	94	432.364655
59	19	65	437.986816
60	19	94	442.451202
61	19	359	438.421631
62	19	38	431.169464
63	19	39	431.028107
64	19	360	431.028107
65	19	361	504.636871
66	19	137	517.354919
67	19	113	634.65332
68	19	80	643.344543
69	19	80	644.732483
70	19	80	644.76001
71	19	80	537.023132
72	19	80	529.51239
73	19	362	450.959778
74	19	36	450.959778
75	19	59	378.11969
76	19	80	378.11969
77	19	60	378.11969
78	19	5	392.590027
79	19	7	392.590027
80	19	5	513.347778
81	19	7	510.882233
82	19	7	502.983002
83	19	6	492.170074
84	19	263	479.912659
85	19	17	464.85379
86	19	23	446.910583
87	19	6	426.543762
88	19	6	405.807281
89	19	316	383.37677
90	19	65	360.888184
91	19	90	340.548706
92	19	65	319.141876
93	19	95	298.088654
94	19	173	277.640594
95	19	363	257.298126
96	19	143	236.944489
97	19	309	217.054153
98	19	7	197.023956
99	19	4	177.354507
100	19	7	159.073242
101	19	5	142.285126
102	19	6	127.18512
103	19	4	116.839249
104	19	5	109.543564
105	19	5	105.301651
106	19	6	102.332642
107	19	7	82.639442
108	19	7	50.106544
109	19	5	18.846655
110	19	5	-1.037631
111	19	6	5.919686
112	19	247	29.944668
113	19	194	59.644371
114	19	143	84.612755
115	19	194	81.209625
116	19	170	76.959061
117	19	143	72.594933
118	19	194	68.702484
119	19	194	63.803143
120	19	142	58.978832
121	19	194	54.069077
122	19	364	48.070034
123	19	21	40.984779
124	19	25	32.828255
125	19	220	23.616352
126	19	295	14.060884
127	19	365	5.960823
128	19	250	0
0	20	250	0
1	20	250	0
2	20	250	-3.103454
3	20	101	-15.521223
4	20	194	-38.637192
5	20	143	-61.75811
6	20	339	-69.263344
7	20	163	-58.077751
8	20	163	-43.895535
9	20	163	-28.054596
10	20	163	-12.565189
11	20	163	-0.922587
12	20	163	7.41629
13	20	340	-105.387924
14	20	366	-101.191696
15	20	93	-97.095268
16	20	65	-123.43766
17	20	69	-117.29393
18	20	119	-127.413803
19	20	65	-127.413803
20	20	367	-136.284164
21	20	296	-111.132202
22	20	143	-111.132202
23	20	170	-136.284164
24	20	142	-136.284164
25	20	143	-33.11166
26	20	143	90.482544
27	20	142	97.292603
28	20	170	104.634621
29	20	224	111.957237
30	20	311	118.614944
31	20	311	126.096092
32	20	311	134.658859
33	20	169	143.656143
34	20	194	154.425079
35	20	333	167.224304
36	20	334	179.565186
37	20	311	193.125977
38	20	311	206.34671
39	20	368	220.373398
40	20	45	233.442078
41	20	45	245.289169
42	20	45	256.651093
43	20	45	267.5784
44	20	45	277.82782
45	20	45	287.193512
46	20	369	295.636078
47	20	104	303.01593
48	20	104	312.12265
49	20	104	321.006104
50	20	104	330.451019
51	20	370	341.114136
52	20	171	352.870544
53	20	91	364.903717
54	20	199	375.534241
55	20	73	383.907745
56	20	90	391.591339
57	20	65	399.956787
58	20	69	407.237701
59	20	91	413.423065
60	20	371	417.145996
61	20	76	425.114075
62	20	372	433.335571
63	20	373	431.028107
64	20	363	431.028107
65	20	143	472.815369
66	20	143	486.36911
67	20	142	636.617859
68	20	170	638.105591
69	20	194	638.574097
70	20	170	638.942627
71	20	142	506.911285
72	20	330	500.730988
73	20	374	450.959778
74	20	78	407.327454
75	20	142	349.265533
76	20	79	349.265533
77	20	60	349.265533
78	20	6	392.590027
79	20	4	392.590027
80	20	4	497.841705
81	20	5	498.487366
82	20	82	493.711975
83	20	375	484.161743
84	20	376	473.127411
85	20	19	459.665131
86	20	4	443.872192
87	20	6	385.157166
88	20	204	407.471283
89	20	157	386.711456
90	20	242	365.633331
91	20	90	345.860168
92	20	94	324.535919
93	20	145	303.530518
94	20	377	282.91864
95	20	351	261.531982
96	20	309	239.576584
97	20	4	217.762161
98	20	6	196.18364
99	20	6	175.71376
100	20	7	156.385117
101	20	26	138.627136
102	20	2	123.355293
103	20	2	192.999146
104	20	3	185.418793
105	20	6	100.752373
106	20	7	97.781746
107	20	7	95.034088
108	20	7	75.411797
109	20	26	45.034752
110	20	378	10.419499
111	20	282	-13.949837
112	20	142	-6.541252
113	20	170	24.461241
114	20	142	61.274963
115	20	194	83.989182
116	20	170	81.573654
117	20	194	79.439888
118	20	170	75.994331
119	20	143	73.456741
120	20	142	71.278946
121	20	379	67.28521
122	20	33	61.138943
123	20	160	53.562222
124	20	21	44.694523
125	20	21	34.588654
126	20	22	23.990698
127	20	13	13.238132
128	20	13	0
0	21	17	0
1	21	13	-0.978065
2	21	78	-6.069088
3	21	143	-18.270178
4	21	170	-43.736103
5	21	170	-81.303467
6	21	142	-92.733421
7	21	170	-71.363457
8	21	143	-38.42186
9	21	194	-21.06624
10	21	194	-9.126444
11	21	142	-1.221856
12	21	380	5.273921
13	21	381	-108.289948
14	21	73	-104.468117
15	21	94	-100.500542
16	21	145	-127.844711
17	21	382	-127.413803
18	21	157	-127.413803
19	21	383	-136.284164
20	21	220	-136.284164
21	21	295	-111.132202
22	21	295	-111.132202
23	21	295	-93.948151
24	21	295	-93.948151
25	21	295	20.411402
26	21	296	81.236122
27	21	170	87.759575
28	21	143	94.4104
29	21	143	75.207474
30	21	142	81.618637
31	21	170	84.79567
32	21	170	86.184471
33	21	143	97.326645
34	21	143	140.403152
35	21	143	152.342209
36	21	143	164.109024
37	21	170	176.175873
38	21	144	187.916382
39	21	66	200.228622
40	21	65	211.882874
41	21	94	222.615356
42	21	66	232.906525
43	21	94	243.52684
44	21	90	253.403931
45	21	66	262.215454
46	21	95	270.079803
47	21	72	277.784851
48	21	123	286.302856
49	21	146	294.957062
50	21	384	302.942261
51	21	71	314.062195
52	21	72	326.568695
53	21	73	337.872986
54	21	90	347.592102
55	21	65	355.630188
56	21	90	363.961639
57	21	95	372.887299
58	21	72	380.354889
59	21	173	386.603394
60	21	200	389.9021
61	21	92	394.242981
62	21	200	401.880646
63	21	363	408.946411
64	21	194	421.641357
65	21	170	437.024567
66	21	142	451.480072
67	21	142	462.764343
68	21	143	470.937256
69	21	143	475.226318
70	21	170	475.855499
71	21	194	473.007874
72	21	339	467.461578
73	21	141	463.116882
74	21	194	384.378052
75	21	170	325.781372
76	21	79	330.202026
77	21	80	330.202026
78	21	80	392.590027
79	21	80	392.590027
80	21	80	473.351868
81	21	385	476.382599
82	21	82	473.237335
83	21	82	465.283783
84	21	7	455.39151
85	21	6	442.834473
86	21	7	387.248322
87	21	6	371.086731
88	21	5	394.903137
89	21	204	320.746246
90	21	157	357.869537
91	21	386	251.606644
92	21	387	319.257477
93	21	92	244.569122
94	21	363	276.321686
95	21	309	254.376617
96	21	20	76.495735
97	21	21	208.884216
98	21	25	186.564178
99	21	26	166.098053
100	21	27	146.764481
101	21	10	128.844833
102	21	0	113.909439
103	21	9	188.894852
104	21	7	181.372574
105	21	6	91.562691
106	21	5	88.783081
107	21	4	86.351273
108	21	388	84.499435
109	21	166	68.343498
110	21	142	32.733707
111	21	142	-3.38718
112	21	143	-28.074654
113	21	143	-9.623795
114	21	143	28.895241
115	21	143	64.434982
116	21	142	81.018219
117	21	142	80.874756
118	21	143	80.905083
119	21	143	82.435516
120	21	79	81.763321
121	21	60	78.275917
122	21	55	72.444588
123	21	34	65.121201
124	21	17	55.933064
125	21	13	45.026726
126	21	16	33.300049
127	21	13	21.220198
128	21	16	0
0	22	17	0
1	22	78	-7.427773
2	22	143	-22.667612
3	22	143	-69.227592
4	22	143	-84.992584
5	22	143	-126.749374
6	22	194	-147.209427
7	22	170	-96.811035
8	22	194	-49.478268
9	22	170	-21.467035
10	22	389	-5.375641
11	22	390	0.521353
12	22	91	3.032078
13	22	91	-110.613007
14	22	119	-107.89418
15	22	145	-104.052628
16	22	391	-131.871613
17	22	2	-127.413803
18	22	2	-136.284164
19	22	2	-136.284164
20	22	2	-136.284164
21	22	3	-111.132202
22	22	4	-111.132202
23	22	4	-93.948151
24	22	4	-93.948151
25	22	247	2.452705
26	22	194	2.452705
27	22	143	2.452705
28	22	170	41.83672
29	22	142	48.419758
30	22	170	70.603844
31	22	170	73.101631
32	22	142	80.436966
33	22	143	83.916321
34	22	143	125.900032
35	22	142	136.756927
36	22	143	148.287155
37	22	224	159.735367
38	22	225	171.247604
39	22	65	182.923706
40	22	65	194.338547
41	22	65	204.827469
42	22	90	214.539612
43	22	94	224.812317
44	22	65	234.069046
45	22	94	242.265289
46	22	90	249.999115
47	22	95	257.278992
48	22	73	265.603943
49	22	95	273.425873
50	22	73	280.842773
51	22	66	291.489227
52	22	65	302.718262
53	22	90	313.254974
54	22	66	322.005646
55	22	65	329.52948
56	22	65	337.074829
57	22	94	345.611511
58	22	95	352.361359
59	22	72	358.483063
60	22	72	362.565948
61	22	72	364.803925
62	22	392	368.429657
63	22	197	374.297333
64	22	332	385.191345
65	22	170	399.172333
66	22	143	413.365143
67	22	143	424.824371
68	22	142	432.974823
69	22	143	437.406067
70	22	143	438.288361
71	22	194	435.784668
72	22	142	430.67746
73	22	194	425.811829
74	22	170	384.378052
75	22	194	300.707581
76	22	194	305.128235
77	22	142	305.128235
78	22	170	392.590027
79	22	194	392.590027
80	22	393	443.922852
81	22	82	446.322632
82	22	82	444.394196
83	22	7	438.299194
84	22	7	429.861786
85	22	4	377.332855
86	22	7	363.504791
87	22	6	348.677277
88	22	5	318.145569
89	22	6	300.573334
90	22	247	251.454422
91	22	333	233.635605
92	22	394	248.231171
93	22	395	220.261292
94	22	396	260.072968
95	22	81	238.38205
96	22	17	93.127449
97	22	23	193.732788
98	22	8	171.769577
99	22	11	151.428894
100	22	37	132.525223
101	22	38	114.939713
102	22	62	100.844406
103	22	7	192.038483
104	22	6	184.805115
105	22	4	79.244392
106	22	26	76.803825
107	22	397	74.803391
108	22	142	73.410187
109	22	142	72.539108
110	22	142	56.346588
111	22	170	21.163092
112	22	170	-12.488132
113	22	194	-24.148417
114	22	143	4.863263
115	22	194	42.789085
116	22	143	71.843346
117	22	143	76.753105
118	22	142	80.929352
119	22	170	85.070442
120	22	79	86.860153
121	22	398	86.208549
122	22	22	82.988388
123	22	13	77.271988
124	22	13	69.014969
125	22	17	57.58815
126	22	13	44.314453
127	22	18	29.966375
128	22	162	0
0	23	141	0
1	23	170	-14.911637
2	23	170	-39.487038
3	23	170	-80.958183
4	23	170	-89.929161
5	23	143	-120.973442
6	23	194	-132.165512
7	23	170	-123.514664
8	23	170	-56.388264
9	23	286	-21.479523
10	23	123	-4.002503
11	23	146	0.045513
12	23	200	1.315866
13	23	171	-113.025269
14	23	70	-110.572487
15	23	399	-107.737534
16	23	24	-135.683151
17	23	24	-136.284164
18	23	0	-136.284164
19	23	10	-136.284164
20	23	1	-136.284164
21	23	2	-111.132202
22	23	2	-111.132202
23	23	2	-93.948151
24	23	397	-65.491302
25	23	143	-68.748619
26	23	194	-68.803711
27	23	142	-68.803711
28	23	142	33.052315
29	23	170	37.382969
30	23	143	85.598915
31	23	170	90.921379
32	23	194	96.787643
33	23	142	74.595863
34	23	194	111.196442
35	23	143	121.075439
36	23	143	131.801971
37	23	400	142.541519
38	23	91	153.804626
39	23	91	164.750092
40	23	119	175.9021
41	23	90	186.125366
42	23	65	195.393494
43	23	90	205.139236
44	23	94	214.084564
45	23	66	222.40213
46	23	66	230.462143
47	23	65	238.071976
48	23	69	246.039169
49	23	119	253.440887
50	23	65	261.143829
51	23	90	272.77356
52	23	66	282.898071
53	23	66	291.360901
54	23	65	298.757813
55	23	66	306.352844
56	23	66	314.134705
57	23	66	320.649689
58	23	94	325.377533
59	23	65	330.722656
60	23	90	334.820221
61	23	65	337.589935
62	23	66	338.324738
63	23	331	341.077728
64	23	332	349.482117
65	23	142	361.224884
66	23	143	373.356323
67	23	170	384.752991
68	23	170	392.916656
69	23	143	397.674469
70	23	143	398.507874
71	23	143	395.835114
72	23	142	391.309052
73	23	143	386.342102
74	23	143	384.378052
75	23	143	278.11145
76	23	194	282.532104
77	23	194	282.532104
78	23	194	392.590027
79	23	79	406.062378
80	23	60	411.025879
81	23	6	412.69989
82	23	6	411.017761
83	23	6	365.337341
84	23	7	357.864563
85	23	7	347.052979
86	23	5	319.838623
87	23	4	306.151672
88	23	281	290.848755
89	23	282	242.550217
90	23	194	227.192429
91	23	194	220.822739
92	23	286	224.601715
93	23	363	251.044479
94	23	103	238.553207
95	23	13	94.443512
96	23	61	72.920731
97	23	401	-49.410324
98	23	11	69.038895
99	23	1	133.150162
100	23	3	114.926491
101	23	4	-27.06846
102	23	7	85.047394
103	23	7	75.346634
104	23	4	68.837936
105	23	8	64.838554
106	23	329	62.917229
107	23	142	61.347454
108	23	402	60.337532
109	23	403	59.98674
110	23	404	60.386646
111	23	143	45.072662
112	23	143	9.302959
113	23	143	-11.352806
114	23	142	-3.607704
115	23	142	29.709372
116	23	170	60.550667
117	23	194	70.107697
118	23	142	76.937599
119	23	143	82.549309
120	23	339	87.590126
121	23	163	91.96962
122	23	163	94.173523
123	23	163	91.675018
124	23	163	84.172211
125	23	163	72.231392
126	23	318	57.709965
127	23	282	41.573517
128	23	170	0
0	24	143	0
1	24	194	-19.259523
2	24	143	-97.884148
3	24	170	-111.42717
4	24	170	-145.784119
5	24	194	-142.815872
6	24	143	-139.939697
7	24	143	-122.619972
8	24	286	-87.681824
9	24	200	-20.482851
10	24	92	-6.659904
11	24	181	-3.752515
12	24	154	0.073161
13	24	154	-114.9907
14	24	405	-113.145348
15	24	0	-110.860931
16	24	24	-139.610016
17	24	10	-136.284164
18	24	10	-136.284164
19	24	0	-97.093239
20	24	10	-136.284164
21	24	0	-111.132202
22	24	0	-111.132202
23	24	406	-108.642242
24	24	407	-73.032356
25	24	250	-68.748619
26	24	408	-68.803711
27	24	295	-68.803711
28	24	409	-5.515697
29	24	350	-0.475365
30	24	350	74.11689
31	24	351	79.247002
32	24	142	84.293045
33	24	143	90.407173
34	24	142	96.656906
35	24	142	105.082703
36	24	333	114.709015
37	24	394	124.902779
38	24	394	135.656448
39	24	410	145.785706
40	24	91	156.658508
41	24	91	166.601456
42	24	91	175.585846
43	24	91	184.5504
44	24	91	193.569138
45	24	91	202.361893
46	24	91	210.673965
47	24	70	218.47084
48	24	93	225.615021
49	24	66	232.625626
50	24	66	240.993011
51	24	66	252.315674
52	24	65	262.128082
53	24	65	270.341156
54	24	66	278.142365
55	24	94	284.797394
56	24	90	290.18573
57	24	94	294.898438
58	24	90	299.024017
59	24	90	303.430756
60	24	90	306.820099
61	24	168	309.375793
62	24	311	310.909546
63	24	169	312.12558
64	24	194	318.157196
65	24	142	327.015076
66	24	142	335.350586
67	24	142	343.675812
68	24	170	351.511475
69	24	194	356.033508
70	24	170	356.812714
71	24	142	354.885162
72	24	143	352.684631
73	24	194	350.408203
74	24	170	299.309723
75	24	142	255.749771
76	24	170	255.749771
77	24	143	255.749771
78	24	194	299.309723
79	24	79	373.276978
80	24	80	376.28598
81	24	80	377.165527
82	24	80	375.004456
83	24	80	370.975006
84	24	80	363.872192
85	24	80	353.968201
86	24	80	341.620728
87	24	282	240.893692
88	24	143	227.715591
89	24	142	214.527756
90	24	389	127.612366
91	24	411	93.340614
92	24	363	74.851006
93	24	103	232.790985
94	24	13	106.273407
95	24	17	70.380867
96	24	14	17.599836
97	24	11	14.119699
98	24	24	15.739683
99	24	9	44.376915
100	24	5	26.53746
101	24	6	16.491684
102	24	6	67.468979
103	24	5	58.613739
104	24	8	53.04845
105	24	329	49.452988
106	24	194	48.004501
107	24	338	46.934673
108	24	412	46.2533
109	24	413	46.333565
110	24	295	50.729893
111	24	295	49.625576
112	24	296	26.270292
113	24	170	5.990429
114	24	142	5.231517
115	24	170	26.8183
116	24	142	51.822247
117	24	143	61.750103
118	24	170	69.720802
119	24	170	77.220253
120	24	142	85.75444
121	24	143	95.619873
122	24	143	102.709038
123	24	143	103.470123
124	24	170	97.113556
125	24	142	84.154312
126	24	170	68.679604
127	24	142	51.618591
128	24	142	0
0	25	170	0
1	25	294	-28.718214
2	25	295	-98.402275
3	25	296	-130.089569
4	25	143	-134.508453
5	25	143	-129.485077
6	25	194	-117.005821
7	25	333	-112.988815
8	25	414	-118.032486
9	25	154	-91.279953
10	25	203	-24.898024
11	25	5	-27.877892
12	25	6	-15.190885
13	25	8	-116.508171
14	25	0	-115.19883
15	25	28	-113.582558
16	25	42	-143.0112
17	25	415	-140.433075
18	25	39	-105.846611
19	25	11	-102.662956
20	25	0	-98.713135
21	25	24	-93.736412
22	25	416	-89.056717
23	25	417	-84.697128
24	25	16	-80.681114
25	25	61	-77.032265
26	25	25	-73.007866
27	25	179	-68.803711
28	25	206	-5.515697
29	25	181	-0.475365
30	25	418	62.435604
31	25	351	67.38221
32	25	194	71.717941
33	25	142	76.856827
34	25	194	82.631416
35	25	142	88.872383
36	25	170	97.865585
37	25	194	106.995331
38	25	333	116.866478
39	25	394	126.724884
40	25	394	136.685471
41	25	394	146.33963
42	25	394	155.034744
43	25	354	163.630875
44	25	123	173.11261
45	25	146	182.225143
46	25	123	190.755981
47	25	171	198.170319
48	25	119	204.445206
49	25	66	212.302017
50	25	94	219.388123
51	25	65	230.230026
52	25	94	239.557465
53	25	69	248.322571
54	25	119	255.986465
55	25	69	264.053833
56	25	91	271.581543
57	25	91	277.969452
58	25	91	285.175568
59	25	91	290.763275
60	25	419	292.601349
61	25	194	291.12323
62	25	142	288.324493
63	25	170	288.143646
64	25	194	294.303802
65	25	194	300.741608
66	25	142	306.245636
67	25	143	311.531982
68	25	142	315.458557
69	25	194	317.804047
70	25	143	318.627899
71	25	170	319.068329
72	25	194	319.832092
73	25	170	319.709229
74	25	194	299.309723
75	25	143	241.46962
76	25	143	241.46962
77	25	194	241.46962
78	25	142	299.309723
79	25	194	339.573883
80	25	142	340.666504
81	25	170	340.474579
82	25	143	338.030426
83	25	170	333.710846
84	25	142	326.713074
85	25	142	317.562469
86	25	170	306.019806
87	25	142	295.159027
88	25	142	284.786011
89	25	286	112.427902
90	25	181	97.127586
91	25	420	80.311226
92	25	421	46.233746
93	25	17	97.870918
94	25	17	79.341064
95	25	43	90.600151
96	25	42	7.587734
97	25	41	-11.568589
98	25	9	-10.117531
99	25	7	20.743223
100	25	7	5.512181
101	25	4	2.74069
102	25	4	-7.403469
103	25	63	-15.434977
104	25	193	36.705559
105	25	170	33.932243
106	25	338	32.812561
107	25	422	32.259933
108	25	423	37.450386
109	25	6	53.891262
110	25	6	60.253338
111	25	220	52.435215
112	25	296	31.875032
113	25	143	17.988123
114	25	194	16.818357
115	25	143	28.696434
116	25	143	43.244209
117	25	170	51.357941
118	25	294	59.829681
119	25	295	69.763496
120	25	296	81.706284
121	25	194	94.256584
122	25	143	104.080696
123	25	142	109.556633
124	25	143	106.040695
125	25	142	93.049088
126	25	194	76.679527
127	25	194	58.621166
128	25	170	0
0	26	309	0
1	26	6	-38.616039
2	26	247	-55.925999
3	26	142	-123.211205
4	26	143	-120.740311
5	26	170	-118.574295
6	26	194	-111.171707
7	26	79	-109.868385
8	26	80	-111.338745
9	26	80	-122.890343
10	26	60	-116.885323
11	26	26	-50.097992
12	26	27	-28.805653
13	26	28	-4.647785
14	26	29	0
15	26	13	0.694
16	26	61	1.924471
17	26	40	3.850805
18	26	41	6.060299
19	26	11	8.827231
20	26	424	11.705872
21	26	424	15.29938
22	26	417	19.797581
23	26	13	23.980438
24	26	13	27.82663
25	26	23	31.314934
26	26	281	-81.831367
27	26	425	-78.204353
28	26	269	-36.979111
29	26	426	-32.645271
30	26	420	50.574509
31	26	409	55.346207
32	26	350	59.527046
33	26	351	63.740528
34	26	170	68.333153
35	26	194	73.535553
36	26	194	80.686745
37	26	194	88.940308
38	26	170	97.492905
39	26	143	107.078552
40	26	142	116.053665
41	26	143	125.415604
42	26	286	134.552429
43	26	146	143.057083
44	26	239	152.848221
45	26	240	162.053024
46	26	238	170.210342
47	26	93	177.392624
48	26	90	207.373306
49	26	94	214.336212
50	26	65	197.62648
51	26	66	206.692993
52	26	145	216.420761
53	26	171	225.101501
54	26	70	235.472122
55	26	326	248.841446
56	26	326	262.615906
57	26	326	273.24823
58	26	313	282.794037
59	26	427	289.798828
60	26	142	291.568909
61	26	142	288.57193
62	26	194	281.244507
63	26	170	272.493347
64	26	143	271.950928
65	26	170	278.025696
66	26	194	283.270111
67	26	170	287.300781
68	26	143	290.129242
69	26	170	291.755829
70	26	143	292.484955
71	26	142	294.201935
72	26	142	295.106995
73	26	170	296.100098
74	26	194	297.485748
75	26	402	222.677994
76	26	428	222.677994
77	26	428	222.677994
78	26	407	299.309723
79	26	250	305.926086
80	26	251	305.526733
81	26	321	303.64325
82	26	170	300.619476
83	26	142	295.780945
84	26	143	288.722687
85	26	194	279.999664
86	26	142	271.559143
87	26	194	103.21241
88	26	429	92.615013
89	26	203	80.248146
90	26	20	100.655602
91	26	22	-39.640617
92	26	13	-39.640617
93	26	17	-39.640617
94	26	17	-39.640617
95	26	17	-63.736603
96	26	43	-63.736603
97	26	283	-63.736603
98	26	5	-63.736603
99	26	6	-63.736603
100	26	4	-63.736603
101	26	5	-128.104691
102	26	4	-128.104691
103	26	247	-97.552589
104	26	170	-97.552589
105	26	430	-76.552895
106	26	62	-76.552895
107	26	6	-39.816456
108	26	4	-26.477011
109	26	4	-1.743277
110	26	431	11.668981
111	26	432	54.004326
112	26	170	29.062473
113	26	194	19.549608
114	26	142	20.714092
115	26	194	26.18997
116	26	194	34.604824
117	26	309	39.171566
118	26	7	48.429031
119	26	220	60.585152
120	26	295	75.879898
121	26	295	90.448967
122	26	296	101.96804
123	26	142	108.845856
124	26	194	108.217102
125	26	194	98.708359
126	26	194	83.191917
127	26	194	64.563576
128	26	309	0
0	27	7	0
1	27	220	-32.115273
2	27	296	-49.974491
3	27	170	-115.334007
4	27	142	-110.853798
5	27	170	-109.903297
6	27	143	-128.472031
7	27	194	-128.472031
8	27	143	-128.472031
9	27	79	-135.188492
10	27	433	-156.89035
11	27	137	-52.537075
12	27	374	-52.691963
13	27	13	-31.114925
14	27	16	-7.305898
15	27	13	0
16	27	31	0.180054
17	27	434	1.059605
18	27	39	2.614437
19	27	424	4.301069
20	27	435	6.782642
21	27	436	9.202312
22	27	437	12.375011
23	27	16	16.302723
24	27	23	19.99086
25	27	247	23.33042
26	27	143	-98.131065
27	27	143	-98.131065
28	27	309	-68.225204
29	27	4	-66.137665
30	27	179	38.775459
31	27	206	43.156013
32	27	377	47.189041
33	27	350	50.633366
34	27	350	54.765087
35	27	351	58.831383
36	27	170	63.792747
37	27	170	71.117393
38	27	170	78.358269
39	27	142	86.900391
40	27	294	95.502914
41	27	438	105.02253
42	27	240	114.403877
43	27	254	123.571426
44	27	16	132.47522
45	27	253	141.313614
46	27	439	149.536118
47	27	259	206.419327
48	27	94	213.102295
49	27	65	219.076859
50	27	94	224.995728
51	27	440	183.02449
52	27	441	192.719543
53	27	125	203.234818
54	27	313	219.577957
55	27	315	240.283859
56	27	315	261.112305
57	27	442	275.194214
58	27	166	282.736969
59	27	143	290.099213
60	27	142	292.312225
61	27	170	288.722412
62	27	143	279.697174
63	27	143	269.756989
64	27	194	263.109894
65	27	194	263.846008
66	27	170	268.016174
67	27	170	269.065094
68	27	170	268.702332
69	27	170	268.845673
70	27	170	270.31665
71	27	402	271.762299
72	27	428	273.304108
73	27	428	274.630188
74	27	252	276.717804
75	27	24	212.33873
76	27	24	212.33873
77	27	12	209.320801
78	27	31	255.148758
79	27	54	274.052368
80	27	329	271.887238
81	27	142	268.648804
82	27	143	346.34082
83	27	143	341.084442
84	27	170	334.940735
85	27	294	246.251572
86	27	295	239.206772
87	27	293	85.234428
88	27	20	74.351555
89	27	22	-39.640617
90	27	16	-39.640617
91	27	16	-39.640617
92	27	31	-39.640617
93	27	36	-127.582352
94	27	16	-62.189556
95	27	17	-62.497581
96	27	23	-63.736603
97	27	6	-63.736603
98	27	7	-128.104691
99	27	7	-128.104691
100	27	6	-128.104691
101	27	4	-128.104691
102	27	247	-97.552589
103	27	142	-97.552589
104	27	309	-76.552895
105	27	5	-76.552895
106	27	4	-75.120094
107	27	431	-34.642487
108	27	443	-23.329086
109	27	444	2.225276
110	27	445	9.742758
111	27	295	43.384338
112	27	296	19.249033
113	27	194	14.3009
114	27	142	16.949886
115	27	294	20.425095
116	27	293	22.786232
117	27	5	26.187481
118	27	6	35.726086
119	27	5	50.752739
120	27	281	68.293678
121	27	282	83.670273
122	27	194	95.993332
123	27	143	104.361496
124	27	142	106.863106
125	27	143	100.853165
126	27	170	86.241074
127	27	309	67.526138
128	27	6	0
0	28	7	0
1	28	247	-24.96422
2	28	143	-39.459118
3	28	170	-117.240456
4	28	170	-128.873901
5	28	194	-130.677231
6	28	194	-128.92894
7	28	143	-128.472031
8	28	143	-128.472031
9	28	170	-128.625504
10	28	142	-142.632767
11	28	339	-156.43573
12	28	340	-81.349731
13	28	31	-79.232544
14	28	35	-47.63953
15	28	54	-10.361899
16	28	1	0
17	28	27	0
18	28	424	0.308744
19	28	435	1.086797
20	28	435	-29.499241
21	28	446	4.300193
22	28	13	6.298596
23	28	61	8.9022
24	28	447	12.077813
25	28	296	15.279366
26	28	143	-98.131065
27	28	309	-98.131065
28	28	7	-95.65728
29	28	7	-93.569748
30	28	448	27.5354
31	28	449	30.826715
32	28	449	34.718872
33	28	450	38.041161
34	28	285	41.126816
35	28	194	44.7145
36	28	170	48.129498
37	28	143	53.191181
38	28	143	59.942131
39	28	309	67.036476
40	28	15	76.078529
41	28	13	85.271805
42	28	449	94.975052
43	28	449	103.801865
44	28	451	111.711647
45	28	17	120.933624
46	28	167	129.37999
47	28	90	216.462418
48	28	90	214.056686
49	28	258	219.542862
50	28	273	225.939987
51	28	14	161.257477
52	28	0	169.118042
53	28	313	183.936325
54	28	326	207.054657
55	28	326	235.183548
56	28	452	258.640808
57	28	143	275.735626
58	28	143	284.430908
59	28	170	290.104218
60	28	143	292.141937
61	28	194	288.782501
62	28	142	290.2005
63	28	194	290.310974
64	28	185	284.290833
65	28	250	275.923279
66	28	250	276.590759
67	28	251	274.860413
68	28	428	265.977631
69	28	428	255.64624
70	28	252	252.243454
71	28	11	251.590286
72	28	0	252.092209
73	28	24	253.621643
74	28	11	255.205582
75	28	24	197.524673
76	28	12	197.524673
77	28	43	197.524673
78	28	41	255.148758
79	28	406	252.543259
80	28	321	248.712204
81	28	142	244.299942
82	28	143	343.042206
83	28	294	335.889221
84	28	293	328.154633
85	28	7	215.686005
86	28	20	207.859772
87	28	22	199.110901
88	28	17	66.797333
89	28	13	-39.640617
90	28	17	-39.640617
91	28	14	-39.39444
92	28	57	-123.690735
93	28	36	-115.429878
94	28	16	-109.0784
95	28	23	-111.410439
96	28	5	-119.362068
97	28	5	-126.395203
98	28	7	-128.104691
99	28	4	-128.104691
100	28	4	-128.104691
101	28	247	-128.104691
102	28	143	-97.552589
103	28	309	-97.552589
104	28	6	-97.552589
105	28	443	-76.515282
106	28	453	-68.881813
107	28	454	-25.124084
108	28	454	-19.818819
109	28	134	-14.909242
110	28	6	-9.20759
111	28	220	20.561342
112	28	296	7.927144
113	28	143	5.501068
114	28	79	7.964683
115	28	80	10.466968
116	28	60	12.112852
117	28	4	14.695858
118	28	281	22.943163
119	28	282	40.115711
120	28	142	58.046078
121	28	194	74.37841
122	28	143	88.330444
123	28	142	98.663773
124	28	294	103.992798
125	28	295	100.47599
126	28	293	85.63591
127	28	6	66.660683
128	28	6	0
0	29	247	0
1	29	143	-34.670189
2	29	194	-45.667625
3	29	170	-128.200745
4	29	143	-139.622162
5	29	143	-144.792236
6	29	142	-19.507717
7	29	142	-9.488914
8	29	143	-8.495981
9	29	143	-8.495981
10	29	142	-133.206177
11	29	339	-142.881683
12	29	455	-79.543144
13	29	10	-119.861801
14	29	24	-95.705879
15	29	11	-40.542671
16	29	24	-3.227146
17	29	424	0
18	29	435	0
19	29	435	-32.016026
20	29	436	-31.963348
21	29	456	-31.398951
22	29	36	1.634659
23	29	61	3.121988
24	29	184	4.885552
25	29	143	7.169621
26	29	79	-106.358261
27	29	80	-103.989502
28	29	60	-129.377045
29	29	15	-127.764198
30	29	449	17.524252
31	29	449	19.341391
32	29	457	22.129787
33	29	142	25.33572
34	29	143	28.054039
35	29	143	34.166977
36	29	142	37.305626
37	29	142	37.56049
38	29	309	43.15657
39	29	15	50.376972
40	29	31	57.79969
41	29	449	66.519455
42	29	449	75.117836
43	29	458	84.221115
44	29	163	92.654343
45	29	459	100.729019
46	29	90	108.824585
47	29	94	207.936508
48	29	460	213.619324
49	29	31	212.016907
50	29	54	218.273285
51	29	0	141.251526
52	29	11	147.657471
53	29	24	165.680832
54	29	11	196.008392
55	29	329	225.940475
56	29	170	251.160629
57	29	143	273.806
58	29	194	287.7995
59	29	194	290.754913
60	29	170	378.15332
61	29	143	376.220703
62	29	143	311.32254
63	29	103	313.085571
64	29	16	306.981628
65	29	13	294.019562
66	29	14	288.158142
67	29	0	284.845123
68	29	24	274.562286
69	29	10	259.28537
70	29	24	241.778107
71	29	11	301.716705
72	29	0	300.668396
73	29	11	233.843719
74	29	0	233.258392
75	29	12	174.503387
76	29	17	174.503387
77	29	14	174.503387
78	29	10	192.377426
79	29	329	231.988113
80	29	142	228.976868
81	29	294	224.943741
82	29	293	219.213135
83	29	4	211.855591
84	29	281	203.164764
85	29	81	194.41069
86	29	17	62.172787
87	29	16	51.381638
88	29	13	40.778114
89	29	13	-29.296684
90	29	43	-29.296684
91	29	41	-126.82692
92	29	57	-119.506203
93	29	32	-105.249863
94	29	19	-94.784637
95	29	5	-98.297272
96	29	7	-112.074387
97	29	6	-124.013565
98	29	4	-128.104691
99	29	4	-126.464279
100	29	247	-126.258842
101	29	170	-127.940643
102	29	309	-97.552589
103	29	4	-97.552589
104	29	134	-97.32209
105	29	454	-93.417717
106	29	454	-60.378876
107	29	461	-49.369919
108	29	134	-19.490543
109	29	462	-26.538229
110	29	463	-31.695421
111	29	247	9.320595
112	29	170	1.368502
113	29	170	0
114	29	142	0.57698
115	29	309	2.253832
116	29	6	4.175211
117	29	247	5.586732
118	29	142	11.42567
119	29	170	27.976648
120	29	142	47.296635
121	29	170	65.072319
122	29	142	79.764732
123	29	79	90.643425
124	29	60	96.632004
125	29	7	94.350639
126	29	6	81.725258
127	29	6	64.789352
128	29	220	0
0	30	295	0
1	30	295	-46.956566
2	30	295	-61.547543
3	30	295	-141.190689
4	30	295	-149.444305
5	30	295	-159.359055
6	30	295	-28.178848
7	30	295	-12.896757
8	30	296	-8.495981
9	30	170	-8.495981
10	30	143	-128.472031
11	30	338	-137.302612
12	30	10	-178.695419
13	30	0	-120.068176
14	30	0	-23.842731
15	30	10	-21.321154
16	30	449	-11.457893
17	30	454	0
18	30	454	0
19	30	454	0
20	30	424	-32.016026
21	30	89	-41.093956
22	30	35	-45.791954
23	30	464	-69.071884
24	30	170	-95.824158
25	30	170	-114.761024
26	30	143	-152.825394
27	30	79	-151.333069
28	30	465	-149.420456
29	30	313	-147.877029
30	30	313	-107.735634
31	30	466	-106.954681
32	30	194	-105.693764
33	30	142	-103.40461
34	30	294	-96.251274
35	30	295	-88.029205
36	30	295	-82.415894
37	30	293	-82.440399
38	30	467	-84.358307
39	30	468	-81.543259
40	30	469	40.959572
41	30	470	48.420612
42	30	471	56.622498
43	30	143	65.226959
44	30	144	73.330223
45	30	94	80.560448
46	30	94	88.407326
47	30	460	208.627747
48	30	14	208.711395
49	30	24	207.010071
50	30	10	212.520996
51	30	24	129.762756
52	30	11	128.751999
53	30	0	149.611404
54	30	406	180.855942
55	30	428	202.426437
56	30	321	222.911026
57	30	194	250.833252
58	30	194	282.477417
59	30	142	298.365753
60	30	142	408.512573
61	30	170	410.201324
62	30	103	327.101563
63	30	16	329.195679
64	30	13	325.756256
65	30	14	312.959991
66	30	11	300.279419
67	30	24	293.525238
68	30	10	282.128448
69	30	11	264.593872
70	30	0	241.602951
71	30	11	304.475067
72	30	10	299.441193
73	30	28	213.825348
74	30	29	212.747742
75	30	31	161.839996
76	30	54	161.777435
77	30	24	161.777435
78	30	329	192.377426
79	30	194	211.534088
80	30	309	209.275848
81	30	7	205.426849
82	30	150	200.01297
83	30	472	193.09166
84	30	339	185.857239
85	30	163	177.677582
86	30	163	57.390373
87	30	340	35.642891
88	30	13	24.280666
89	30	17	-29.296684
90	30	88	-29.296684
91	30	38	-127.413048
92	30	62	-121.725029
93	30	4	-111.839272
94	30	4	-103.978592
95	30	5	-106.535416
96	30	6	-116.344971
97	30	6	-124.490921
98	30	281	-122.881874
99	30	282	-106.868965
100	30	143	-107.960785
101	30	473	-124.58046
102	30	3	-128.104691
103	30	134	-97.552589
104	30	461	-92.311577
105	30	461	-85.939529
106	30	461	-56.607975
107	30	454	-52.722233
108	30	454	-57.597397
109	30	474	-69.493767
110	30	475	1.789976
111	30	142	0.139739
112	30	142	0
113	30	294	0
114	30	476	0
115	30	135	0
116	30	477	0
117	30	296	0.771017
118	30	142	5.471725
119	30	142	17.30197
120	30	170	36.029785
121	30	143	53.816364
122	30	142	68.870689
123	30	309	80.049187
124	30	6	85.419304
125	30	6	83.33802
126	30	6	74.026924
127	30	4	59.318756
128	30	6	0
0	31	4	0
1	31	4	-55.387482
2	31	4	-66.925507
3	31	5	-168.001343
4	31	4	-150.689056
5	31	7	-156.764862
6	31	6	-24.660736
7	31	247	-11.080858
8	31	142	-8.495981
9	31	143	-8.495981
10	31	338	-8.495981
11	31	10	-12.599973
12	31	11	-6.388485
13	31	10	-21.54845
14	31	24	-24.888723
15	31	24	-26.076241
16	31	10	-12.64431
17	31	9	0
18	31	6	0
19	31	6	0
20	31	8	0
21	31	28	-45.791954
22	31	478	-45.791954
23	31	101	-69.071884
24	31	143	-92.218147
25	31	194	-108.689766
26	31	194	-148.740143
27	31	309	-151.591766
28	31	4	-150.053329
29	31	4	-150.319244
30	31	247	-114.273903
31	31	194	-113.323212
32	31	294	-112.525711
33	31	293	-111.794441
34	31	6	-104.598938
35	31	4	-95.237534
36	31	4	-87.652184
37	31	479	-87.025932
38	31	29	-91.60186
39	31	17	-89.785141
40	31	78	26.776199
41	31	170	32.308041
42	31	194	39.134457
43	31	144	45.997162
44	31	90	54.353271
45	31	66	62.134361
46	31	67	69.581383
47	31	480	77.593063
48	31	10	83.558136
49	31	10	87.107079
50	31	11	92.261269
51	31	0	95.413246
52	31	0	99.07444
53	31	0	120.8414
54	31	0	138.000092
55	31	329	149.141983
56	31	142	168.338455
57	31	170	210.579086
58	31	170	260.194
59	31	142	300.040283
60	31	142	316.722809
61	31	103	324.804199
62	31	16	331.666687
63	31	16	337.069702
64	31	14	336.909821
65	31	10	325.785187
66	31	11	310.74942
67	31	24	301.470825
68	31	24	287.322479
69	31	11	266.360107
70	31	0	241.353607
71	31	10	214.450287
72	31	12	197.804123
73	31	17	193.31485
74	31	14	193.246643
75	31	10	142.359573
76	31	0	141.321976
77	31	329	150.648636
78	31	142	171.922028
79	31	79	191.650467
80	31	481	189.448807
81	31	174	185.770889
82	31	363	180.797028
83	31	185	176.352112
84	31	250	170.099442
85	31	250	160.641464
86	31	131	151.836899
87	31	17	142.001999
88	31	13	131.237534
89	31	23	14.531109
90	31	4	-29.296684
91	31	4	-29.296684
92	31	5	-127.108185
93	31	6	-124.558655
94	31	6	-122.868301
95	31	6	-122.971016
96	31	5	-125.633499
97	31	247	-123.229279
98	31	143	-113.030403
99	31	194	-106.882622
100	31	338	-111.993332
101	31	1	-121.603958
102	31	232	-128.104691
103	31	461	-128.104691
104	31	482	-90.450729
105	31	461	-81.959999
106	31	454	-82.254593
107	31	134	-64.654663
108	31	483	-70.806854
109	31	484	-74.546722
110	31	295	0
111	31	295	0
112	31	293	0
113	31	135	0
114	31	485	0
115	31	135	0
116	31	247	0
117	31	142	0.402255
118	31	142	4.842216
119	31	142	14.528989
120	31	142	29.057194
121	31	294	43.065441
122	31	293	54.904682
123	31	4	65.418762
124	31	7	71.747055
125	31	7	70.547989
126	31	7	63.849792
127	31	7	52.429344
128	31	7	0
0	32	4	0
1	32	6	-49.501606
2	32	7	-59.589275
3	32	7	-164.582581
4	32	7	-150.639893
5	32	5	-149.849716
6	32	247	-17.187969
7	32	170	69.780838
8	32	143	69.791962
9	32	430	-8.495981
10	32	38	-8.495981
11	32	39	-14.054599
12	32	24	-6.95822
13	32	11	-25.826185
14	32	11	-26.106297
15	32	11	-24.49457
16	32	1	-10.629703
17	32	2	75.426918
18	32	2	76.176003
19	32	27	0
20	32	57	0
21	32	35	-45.791954
22	32	486	-69.071884
23	32	321	-73.524307
24	32	170	-82.201065
25	32	194	-96.155075
26	32	79	-142.755844
27	32	487	-144.902969
28	32	2	-143.097351
29	32	488	-140.214233
30	32	295	-104.949318
31	32	293	-110.785416
32	32	5	-115.078194
33	32	6	-113.781441
34	32	7	-110.673431
35	32	7	-107.655212
36	32	15	-100.753876
37	32	279	-96.293762
38	32	163	-96.341675
39	32	141	-98.397072
40	32	170	14.121123
41	32	185	18.862467
42	32	489	24.154779
43	32	490	30.854141
44	32	272	37.349007
45	32	272	45.220585
46	32	491	52.217873
47	32	28	54.80695
48	32	42	51.270195
49	32	41	43.846958
50	32	11	42.433186
51	32	24	43.235992
52	32	0	47.141853
53	32	11	68.207771
54	32	329	89.716843
55	32	170	102.891029
56	32	142	128.923477
57	32	194	169.591064
58	32	402	220.533173
59	32	428	274.653809
60	32	492	299.867676
61	32	82	304.113495
62	32	82	318.462585
63	32	82	332.581055
64	32	24	338.799652
65	32	28	333.063507
66	32	41	319.107849
67	32	24	306.166077
68	32	11	287.836365
69	32	28	263.951935
70	32	42	236.024872
71	32	29	205.004517
72	32	13	179.472763
73	32	14	174.544998
74	32	24	173.257309
75	32	24	126.209663
76	32	329	124.299683
77	32	142	137.880402
78	32	142	171.922028
79	32	286	171.653397
80	32	493	170.565567
81	32	493	171.184525
82	32	494	171.393265
83	32	16	171.353165
84	32	16	168.797714
85	32	13	158.479141
86	32	18	139.891678
87	32	34	125.740005
88	32	61	115.807076
89	32	21	0.374332
90	32	25	-128.104691
91	32	26	-128.104691
92	32	2	-128.104691
93	32	3	-128.104691
94	32	7	-128.104691
95	32	6	-128.104691
96	32	247	-127.554604
97	32	143	-120.676727
98	32	194	-109.818069
99	32	338	-106.9254
100	32	37	-114.004204
101	32	495	-123.526672
102	32	496	-128.104691
103	32	497	-128.104691
104	32	461	-93.902557
105	32	134	-85.507454
106	32	134	-82.120247
107	32	5	-89.320557
108	32	4	-97.552589
109	32	281	-97.552589
110	32	80	0
111	32	60	0
112	32	135	0
113	32	498	0
114	32	135	0
115	32	247	0
116	32	142	0
117	32	142	0.522237
118	32	294	6.223307
119	32	295	14.18764
120	32	293	22.44434
121	32	6	31.039371
122	32	4	39.893585
123	32	5	48.66959
124	32	7	54.819363
125	32	26	55.13448
126	32	2	52.058311
127	32	2	45.446949
128	32	2	0
0	33	3	0
1	33	5	-41.845074
2	33	4	-167.879471
3	33	4	-156.758209
4	33	5	-154.225693
5	33	247	-147.717773
6	33	143	-14.005033
7	33	294	69.791962
8	33	293	69.791962
9	33	5	-8.495981
10	33	63	-8.495981
11	33	38	-131.845154
12	33	38	-162.635056
13	33	38	-90.750282
14	33	39	-106.373001
15	33	11	-29.286978
16	33	24	-22.642017
17	33	10	67.663673
18	33	11	76.176003
19	33	0	0
20	33	11	0
21	33	11	-69.29715
22	33	406	-96.525101
23	33	321	-89.745468
24	33	143	-75.614624
25	33	142	-91.804718
26	33	330	-102.174294
27	33	137	-107.120415
28	33	499	-97.543358
29	33	30	-85.635132
30	33	21	-82.581757
31	33	21	-90.380226
32	33	21	-100.377289
33	33	21	-104.899918
34	33	21	-104.393562
35	33	22	-107.385292
36	33	78	-108.562294
37	33	194	-100.313454
38	33	194	-97.265373
39	33	143	-103.568886
40	33	103	7.404013
41	33	23	9.66167
42	33	15	13.846684
43	33	31	17.992739
44	33	35	23.350658
45	33	54	28.783726
46	33	12	33.207237
47	33	13	32.039295
48	33	14	20.633327
49	33	10	6.647782
50	33	10	2.242647
51	33	11	6.684489
52	33	136	10.840394
53	33	166	36.941082
54	33	142	69.598114
55	33	143	98.580956
56	33	194	124.460526
57	33	338	149.889526
58	33	82	176.934265
59	33	500	215.164124
60	33	500	243.203537
61	33	500	259.704437
62	33	82	284.270416
63	33	28	310.829102
64	33	29	328.273224
65	33	14	334.436798
66	33	24	320.869965
67	33	11	302.98468
68	33	12	280.362732
69	33	13	254.469635
70	33	17	223.283081
71	33	17	189.669724
72	33	43	162.346741
73	33	41	154.422974
74	33	24	148.42186
75	33	329	94.079918
76	33	194	91.07045
77	33	194	126.905861
78	33	286	138.791199
79	33	493	158.953033
80	33	130	163.783203
81	33	501	172.009933
82	33	502	181.34903
83	33	13	186.153519
84	33	16	183.911743
85	33	61	167.551987
86	33	22	141.354507
87	33	13	113.484367
88	33	17	-4.967803
89	33	503	-14.131593
90	33	27	-128.104691
91	33	11	-128.104691
92	33	9	-6.496605
93	33	7	-6.496605
94	33	7	-6.496605
95	33	247	-6.496605
96	33	170	-127.969978
97	33	170	-121.845459
98	33	338	-114.766014
99	33	9	-115.66983
100	33	6	-123.482231
101	33	7	-127.744133
102	33	504	-128.104691
103	33	505	-128.104691
104	33	134	-127.982231
105	33	7	-88.353821
106	33	4	-81.657524
107	33	281	-85.726471
108	33	282	-93.760056
109	33	143	-97.552589
110	33	309	0
111	33	135	0
112	33	498	0
113	33	135	101.016068
114	33	247	101.016068
115	33	142	101.016068
116	33	294	0
117	33	293	0.041081
118	33	7	3.48912
119	33	4	5.464835
120	33	26	8.391066
121	33	2	15.125818
122	33	3	24.755201
123	33	4	33.367035
124	33	8	38.929501
125	33	24	40.674179
126	33	0	39.59045
127	33	0	35.562317
128	33	9	0
0	34	7	0
1	34	6	-58.495571
2	34	6	-176.8909
3	34	7	-157.87851
4	34	247	-153.016449
5	34	194	-145.28093
6	34	309	-10.821874
7	34	4	-8.495981
8	34	4	-8.495981
9	34	7	-8.495981
10	34	4	-128.472031
11	34	6	-127.540443
12	34	7	-142.371597
13	34	388	-65.250343
14	34	137	-99.534882
15	34	506	-80.148766
16	34	38	-38.49757
17	34	38	63.145252
18	34	38	75.657784
19	34	39	-0.437453
20	34	10	-0.64883
21	34	11	-95.520912
22	34	507	-97.302887
23	34	101	-107.382256
24	34	143	-93.543503
25	34	170	-91.390907
26	34	194	-100.409737
27	34	330	-107.544762
28	34	111	-96.094154
29	34	163	-80.033745
30	34	163	-72.821175
31	34	163	-75.828331
32	34	340	-89.574196
33	34	279	-95.455421
34	34	163	-96.353462
35	34	141	-100.340279
36	34	194	-106.32325
37	34	143	-102.947838
38	34	185	-98.228935
39	34	131	-104.54995
40	34	61	4.694305
41	34	22	5.095954
42	34	14	7.17174
43	34	10	10.359526
44	34	24	13.66006
45	34	12	17.701271
46	34	31	20.051014
47	34	54	19.922295
48	34	11	-16.169348
49	34	11	5.3143
50	34	24	6.786403
51	34	329	11.467351
52	34	142	19.561892
53	34	143	37.870094
54	34	194	72.753113
55	34	143	103.64872
56	34	338	126.82122
57	34	82	135.726593
58	34	500	133.928909
59	34	500	154.849701
60	34	500	181.303314
61	34	82	205.72908
62	34	57	237.258423
63	34	35	266.276917
64	34	54	282.804504
65	34	11	296.388519
66	34	0	293.211334
67	34	12	279.661957
68	34	13	259.407715
69	34	17	232.807877
70	34	17	201.256653
71	34	31	168.841187
72	34	54	139.790054
73	34	24	128.361679
74	34	329	73.715271
75	34	194	58.722221
76	34	143	56.732059
77	34	286	117.971077
78	34	493	136.832413
79	34	130	160.442123
80	34	130	169.628296
81	34	508	186.777939
82	34	340	198.017502
83	34	17	203.063614
84	34	17	196.392517
85	34	17	172.866577
86	34	16	137.02739
87	34	18	104.688858
88	34	56	-19.643888
89	34	24	-27.466555
90	34	0	-128.104691
91	34	9	-128.104691
92	34	4	-6.496605
93	34	5	-6.496605
94	34	247	-6.496605
95	34	142	-6.496605
96	34	143	-128.093063
97	34	338	-121.245796
98	34	1	-113.663338
99	34	2	-115.946037
100	34	3	-124.410927
101	34	4	-128.104691
102	34	6	-128.104691
103	34	4	-128.104691
104	34	6	-128.007004
105	34	281	-119.61834
106	34	282	-112.79586
107	34	194	-116.15152
108	34	294	-124.24971
109	34	509	-128.104691
110	34	135	0
111	34	135	0
112	34	135	0
113	34	247	101.016068
114	34	142	101.016068
115	34	309	101.016068
116	34	7	-0.794874
117	34	6	-3.432523
118	34	4	-3.136313
119	34	8	-2.231889
120	34	435	-2.702988
121	34	435	-0.087787
122	34	435	6.969864
123	34	435	16.841702
124	34	435	24.103451
125	34	435	27.317108
126	34	435	27.260447
127	34	9	24.533052
128	34	6	0
0	35	6	0
1	35	5	-99.062386
2	35	5	-92.629036
3	35	247	-162.723907
4	35	143	-144.189117
5	35	510	-137.599243
6	35	511	-129.324127
7	35	511	-128.472031
8	35	60	-128.472031
9	35	7	-128.472031
10	35	6	-128.356979
11	35	4	-120.765808
12	35	247	-102.387711
13	35	142	-139.596176
14	35	309	-64.731018
15	35	5	-68.598419
16	35	6	-35.821007
17	35	4	62.222023
18	35	8	71.900581
19	35	0	-1.576833
20	35	24	2.65937
21	35	12	-111.174294
22	35	78	-113.795296
23	35	194	-108.766518
24	35	143	-95.491776
25	35	142	-91.832092
26	35	142	-97.829185
27	35	170	-98.513374
28	35	194	-93.843819
29	35	143	-87.778267
30	35	143	-80.660622
31	35	339	-86.058701
32	35	141	-93.892883
33	35	142	-95.481636
34	35	143	-93.358643
35	35	142	-96.795578
36	35	185	-105.362228
37	35	512	-104.950188
38	35	35	-105.279465
39	35	35	-110.760536
40	35	35	1.607163
41	35	54	2.05689
42	35	11	3.556964
43	35	11	5.023323
44	35	57	7.43986
45	35	54	10.352558
46	35	24	-26.799448
47	35	24	-25.502056
48	35	11	-23.32505
49	35	11	-11.443793
50	35	329	20.940294
51	35	170	27.054264
52	35	170	30.828621
53	35	142	38.123917
54	35	170	57.88583
55	35	338	83.503853
56	35	82	103.531464
57	35	500	104.475098
58	35	500	98.902702
59	35	500	113.191437
60	35	82	138.483032
61	35	42	166.121689
62	35	42	190.257309
63	35	41	202.571548
64	35	28	205.539078
65	35	41	215.371582
66	35	449	222.258926
67	35	449	218.86438
68	35	449	206.938095
69	35	35	190.466599
70	35	54	163.931442
71	35	11	124.511971
72	35	10	87.010674
73	35	329	68.305298
74	35	142	42.025188
75	35	194	42.495682
76	35	286	52.984631
77	35	513	130.699677
78	35	514	152.858231
79	35	515	166.268585
80	35	493	181.656845
81	35	103	193.60463
82	35	16	198.742737
83	35	13	195.190979
84	35	13	176.854156
85	35	17	151.417358
86	35	23	118.870445
87	35	8	-15.068257
88	35	0	-33.237179
89	35	37	-41.040649
90	35	62	-128.104691
91	35	7	-128.104691
92	35	5	-6.496605
93	35	247	-6.496605
94	35	170	-6.496605
95	35	194	-6.496605
96	35	338	-127.37619
97	35	10	-119.587105
98	35	11	-109.959435
99	35	1	-111.911232
100	35	2	-121.046982
101	35	3	-127.366211
102	35	6	-128.104691
103	35	281	-128.104691
104	35	282	-128.104691
105	35	194	-124.946327
106	35	143	-116.656189
107	35	79	-117.770546
108	35	516	-127.147629
109	35	517	-128.104691
110	35	60	0
111	35	5	0
112	35	247	0
113	35	143	101.016068
114	35	309	101.016068
115	35	6	100.920723
116	35	4	-2.843225
117	35	7	-6.782371
118	35	63	-8.618779
119	35	435	-8.556777
120	35	135	-8.238723
121	35	416	-6.118869
122	35	518	-1.875201
123	35	518	5.275613
124	35	519	14.60809
125	35	520	18.814219
126	35	62	18.457287
127	35	4	16.344845
128	35	4	0
0	36	5	0
1	36	5	-104.914719
2	36	247	-90.650597
3	36	142	-159.016937
4	36	521	-136.345688
5	36	522	-132.687149
6	36	135	-128.705719
7	36	309	-128.472031
8	36	7	-128.472031
9	36	6	-127.030586
10	36	4	-120.219528
11	36	247	-111.324196
12	36	143	-97.961945
13	36	309	-112.409271
14	36	5	-38.339222
15	36	7	-48.371063
16	36	26	-24.206161
17	36	27	-15.94392
18	36	523	-8.953238
19	36	449	-4.541455
20	36	524	2.678404
21	36	486	-108.151337
22	36	321	-113.676147
23	36	194	-110.59948
24	36	170	-103.200111
25	36	142	-101.009819
26	36	194	-100.984047
27	36	194	25.954992
28	36	142	28.006863
29	36	194	-24.117075
30	36	170	-24.440849
31	36	170	-27.730436
32	36	142	-26.869694
33	36	194	-98.354027
34	36	402	-88.572823
35	36	525	-88.826866
36	36	54	-96.18544
37	36	10	-105.821205
38	36	10	-109.50013
39	36	10	-114.787621
40	36	24	0
41	36	10	98.367218
42	36	10	99.006195
43	36	0	1.736145
44	36	0	-35.154789
45	36	24	-33.731247
46	36	10	-53.226646
47	36	0	-50.875584
48	36	10	-48.042778
49	36	406	14.160781
50	36	321	17.107397
51	36	143	19.604609
52	36	142	22.454657
53	36	194	24.942377
54	36	338	32.144753
55	36	82	49.189842
56	36	82	68.708427
57	36	82	75.946297
58	36	82	72.543266
59	36	526	79.470108
60	36	33	109.148438
61	36	34	135.888107
62	36	43	146.471008
63	36	29	145.807297
64	36	43	144.971405
65	36	449	149.405502
66	36	449	153.972198
67	36	449	149.144455
68	36	11	140.946381
69	36	10	129.075745
70	36	0	78.282196
71	36	0	46.969925
72	36	329	2.709627
73	36	170	0.330282
74	36	170	13.272696
75	36	333	41.711197
76	36	285	65.749977
77	36	143	138.859497
78	36	143	164.707428
79	36	185	173.717636
80	36	131	176.927597
81	36	16	185.085556
82	36	18	178.805557
83	36	34	158.311172
84	36	17	132.691422
85	36	23	109.318466
86	36	63	97.114708
87	36	38	80.864616
88	36	62	-12.325422
89	36	6	-25.703743
90	36	7	-128.104691
91	36	5	-128.104691
92	36	247	-6.496605
93	36	170	-6.496605
94	36	402	-6.496605
95	36	252	-6.496605
96	36	0	-128.104691
97	36	10	-123.0149
98	36	11	-116.505486
99	36	37	-116.310059
100	36	62	-123.540833
101	36	281	-127.437813
102	36	282	-42.280731
103	36	194	-42.280731
104	36	142	-128.104691
105	36	143	-120.375229
106	36	170	-109.081573
107	36	143	-108.370674
108	36	194	-119.569992
109	36	79	-128.104691
110	36	60	0
111	36	247	0
112	36	142	0
113	36	309	0
114	36	5	-0.270071
115	36	4	-1.906323
116	36	6	-7.062161
117	36	7	-11.917631
118	36	435	-11.84997
119	36	135	-10.675556
120	36	416	-10.418377
121	36	518	-7.150307
122	36	519	-0.605041
123	36	527	7.119412
124	36	4	14.746531
125	36	7	18.274689
126	36	7	18.080402
127	36	7	14.669605
128	36	6	0
0	37	4	0
1	37	247	-60.651299
2	37	194	-171.666718
3	37	521	-139.403961
4	37	135	-129.755676
5	37	135	-129.129211
6	37	309	-125.108963
7	37	5	-122.431229
8	37	6	-127.3265
9	37	6	-109.826637
10	37	247	-93.438797
11	37	142	-117.664467
12	37	309	-143.930695
13	37	7	-26.430653
14	37	6	-42.815025
15	37	8	-58.299896
16	37	449	-41.320042
17	37	523	-26.369917
18	37	523	-15.95817
19	37	449	-9.904605
20	37	10	-3.166987
21	37	406	-116.448517
22	37	428	-115.685905
23	37	428	-108.360809
24	37	428	-99.898979
25	37	428	-102.696922
26	37	321	-107.254585
27	37	142	27.860622
28	37	194	28.750431
29	37	170	-29.898785
30	37	402	-29.111202
31	37	428	-30.50248
32	37	428	-30.837948
33	37	252	-99.920639
34	37	24	-88.801033
35	37	24	-86.452339
36	37	10	-94.217155
37	37	0	-102.336517
38	37	0	-109.671005
39	37	0	-114.682373
40	37	0	0
41	37	24	97.919983
42	37	24	97.919983
43	37	11	0
44	37	24	-61.937889
45	37	136	-61.534149
46	37	137	-78.291092
47	37	137	-77.295967
48	37	137	-75.892815
49	37	166	5.772559
50	37	170	7.777976
51	37	170	9.490474
52	37	170	11.436605
53	37	338	13.162403
54	37	24	102.554466
55	37	24	108.230774
56	37	12	118.798775
57	37	17	39.496357
58	37	23	41.8004
59	37	6	48.260883
60	37	15	70.809158
61	37	13	90.475456
62	37	17	103.283562
63	37	17	110.143295
64	37	449	114.207085
65	37	449	120.621666
66	37	449	116.525955
67	37	42	105.394432
68	37	42	89.941017
69	37	41	71.924767
70	37	136	39.74934
71	37	166	-5.239841
72	37	194	-18.781986
73	37	143	-2.026127
74	37	170	27.788948
75	37	142	89.374374
76	37	194	125.042076
77	37	185	148.810471
78	37	131	173.113724
79	37	17	184.767426
80	37	17	175.205322
81	37	61	170.529434
82	37	22	157.751648
83	37	18	132.530991
84	37	19	98.179558
85	37	6	90.227112
86	37	6	96.371216
87	37	5	89.829247
88	37	4	-8.649871
89	37	6	-31.958918
90	37	6	-128.104691
91	37	247	-127.590019
92	37	194	-124.729134
93	37	330	-124.309792
94	37	137	-127.260338
95	37	319	-128.104691
96	37	136	-128.104691
97	37	137	-127.992058
98	37	113	-125.568466
99	37	80	-125.199318
100	37	282	-126.583725
101	37	143	-128.104691
102	37	194	-42.280731
103	37	142	-42.280731
104	37	170	-128.104691
105	37	170	-116.362991
106	37	143	-101.10405
107	37	143	-100.718018
108	37	170	-115.734093
109	37	309	-116.255981
110	37	220	0
111	37	296	0
112	37	309	-0.280058
113	37	4	-3.673497
114	37	26	-9.296762
115	37	378	-16.058355
116	37	80	-22.116665
117	37	435	-23.656197
118	37	135	-18.476982
119	37	416	-13.018824
120	37	435	-5.979766
121	37	528	2.361746
122	37	7	10.160515
123	37	4	17.338268
124	37	4	23.01577
125	37	7	23.940489
126	37	5	21.178162
127	37	6	16.28853
128	37	5	0
0	38	247	0
1	38	194	-17.393448
2	38	79	-144.89975
3	38	80	-141.833801
4	38	282	-144.167068
5	38	79	-124.209106
6	38	60	-97.925301
7	38	7	-101.613503
8	38	7	-126.113113
9	38	247	-95.739006
10	38	142	-93.587128
11	38	309	-22.981405
12	38	4	-60.655384
13	38	7	-57.041599
14	38	63	-65.57402
15	38	529	-79.077316
16	38	500	-72.248856
17	38	500	-48.461437
18	38	500	-28.979591
19	38	11	-16.204483
20	38	0	-9.944693
21	38	11	-124.89238
22	38	10	-117.618645
23	38	24	-101.923134
24	38	11	-89.614944
25	38	406	-95.174904
26	38	428	-98.203148
27	38	428	26.942904
28	38	428	24.659912
29	38	252	-32.028679
30	38	11	-34.097942
31	38	10	-34.803089
32	38	0	-30.057308
33	38	24	-110.204643
34	38	11	-101.507736
35	38	28	-100.241127
36	38	42	-103.461288
37	38	41	-109.176056
38	38	0	-113.20195
39	38	10	-116.255981
40	38	24	0
41	38	10	0
42	38	136	0
43	38	137	0
44	38	166	-85.727928
45	38	194	-94.980072
46	38	194	-94.980072
47	38	142	-94.980072
48	38	194	-85.727928
49	38	142	0
50	38	194	0.421689
51	38	194	1.015526
52	38	430	2.276462
53	38	530	3.311687
54	38	42	91.792717
55	38	29	92.965881
56	38	18	96.207901
57	38	19	13.083539
58	38	6	15.690578
59	38	15	18.050446
60	38	13	25.01162
61	38	17	42.418358
62	38	16	59.487434
63	38	449	75.240417
64	38	449	88.854034
65	38	449	91.929703
66	38	17	84.308716
67	38	13	70.714073
68	38	43	42.504681
69	38	531	37.347515
70	38	296	30.886122
71	38	142	9.10413
72	38	194	1.31035
73	38	142	38.553017
74	38	194	68.546799
75	38	143	98.932198
76	38	103	112.878052
77	38	16	143.755096
78	38	13	183.268585
79	38	16	201.480225
80	38	16	186.816971
81	38	13	165.663239
82	38	23	143.907822
83	38	5	115.795372
84	38	6	105.626617
85	38	4	113.216202
86	38	7	122.967773
87	38	7	109.269104
88	38	6	1.398863
89	38	7	-30.302612
90	38	247	-128.104691
91	38	170	-124.041527
92	38	170	-117.048103
93	38	194	-116.136978
94	38	338	-122.374886
95	38	329	-128.104691
96	38	142	-128.104691
97	38	194	-128.104691
98	38	170	-127.808685
99	38	143	-124.683067
100	38	143	-122.94651
101	38	142	-125.622192
102	38	170	-42.280731
103	38	294	-42.280731
104	38	296	-128.104691
105	38	170	-117.37059
106	38	170	-105.049942
107	38	142	-108.250641
108	38	309	-109.434654
109	38	6	-116.255981
110	38	220	0
111	38	293	-0.988333
112	38	6	-7.323435
113	38	63	-16.007006
114	38	532	-26.877604
115	38	296	-34.635738
116	38	435	-37.806705
117	38	435	-34.109375
118	38	435	-24.733232
119	38	5	-9.466309
120	38	6	4.368391
121	38	4	17.389809
122	38	6	24.952311
123	38	4	30.402464
124	38	4	33.524963
125	38	7	32.032822
126	38	4	27.095503
127	38	6	18.233631
128	38	247	0
0	39	142	0
1	39	170	-1.091436
2	39	170	-145.725021
3	39	194	-178.721893
4	39	170	-194.200058
5	39	309	-160.922058
6	39	4	-109.969009
7	39	7	-119.165581
8	39	247	-81.092133
9	39	194	-149.494888
10	39	309	-138.637985
11	39	4	-60.529934
12	39	4	-70.428421
13	39	6	-53.753956
14	39	63	-63.362907
15	39	38	-88.723961
16	39	39	-81.680046
17	39	10	-59.097828
18	39	10	-37.697224
19	39	24	-19.410734
20	39	11	-10.955808
21	39	0	-126.290138
22	39	11	-119.669487
23	39	10	-103.437447
24	39	24	-95.17495
25	39	24	-96.453918
26	39	11	-93.059135
27	39	0	34.211594
28	39	11	28.785385
29	39	0	-100.14151
30	39	24	-109.138359
31	39	0	-113.680046
32	39	10	-115.969795
33	39	11	-116.146065
34	39	12	-115.297295
35	39	16	-112.976006
36	39	533	-113.97863
37	39	523	-116.255981
38	39	11	-116.255981
39	39	11	-116.255981
40	39	136	0
41	39	166	0
42	39	143	0
43	39	142	0
44	39	194	-125.640022
45	39	194	-125.640022
46	39	142	-125.640022
47	39	142	-125.640022
48	39	142	-116.255981
49	39	142	0
50	39	294	0
51	39	534	0
52	39	22	0
53	39	13	0
54	39	17	0
55	39	23	0
56	39	4	0.236663
57	39	4	0.506062
58	39	15	1.610805
59	39	16	2.5571
60	39	13	2.875576
61	39	17	7.438781
62	39	17	22.252544
63	39	16	36.717209
64	39	13	46.69418
65	39	279	44.523109
66	39	163	36.15041
67	39	340	31.345575
68	39	23	18.554596
69	39	247	22.67997
70	39	143	8.882687
71	39	196	13.901654
72	39	332	27.588285
73	39	143	53.414787
74	39	185	82.25425
75	39	131	89.539795
76	39	13	102.180069
77	39	18	134.219742
78	39	33	181.800339
79	39	34	200.207962
80	39	18	178.462173
81	39	19	147.583252
82	39	5	116.410919
83	39	7	108.829941
84	39	5	112.724075
85	39	6	130.572433
86	39	5	70.750183
87	39	7	40.387161
88	39	7	-1.583012
89	39	220	-32.728542
90	39	296	-128.104691
91	39	170	-122.627319
92	39	194	-114.456589
93	39	330	-112.664734
94	39	166	-120.62175
95	39	194	-115.254326
96	39	170	-128.104691
97	39	143	-128.104691
98	39	294	-122.783028
99	39	295	-113.176743
100	39	295	-110.069252
101	39	295	-117.151192
102	39	293	-125.288048
103	39	247	-124.211235
104	39	142	-119.49752
105	39	142	-114.559654
106	39	170	-98.659004
107	39	309	-104.893265
108	39	6	-115.45504
109	39	7	-116.255981
110	39	26	-0.694787
111	39	3	-6.231316
112	39	281	-16.724915
113	39	80	-29.881775
114	39	282	-44.153389
115	39	170	-52.759003
116	39	170	-53.425411
117	39	309	-43.920959
118	39	6	-27.005934
119	39	7	-7.383026
120	39	7	13.317063
121	39	5	31.82127
122	39	5	43.992519
123	39	7	46.902237
124	39	7	46.033424
125	39	4	40.839684
126	39	4	31.269211
127	39	220	20.201132
128	39	295	0
0	40	295	0
1	40	295	-1.107438
2	40	295	-33.321064
3	40	294	-113.668732
4	40	535	-176.417999
5	40	536	-155.955261
6	40	536	-93.434761
7	40	537	-82.676575
8	40	101	-111.740669
9	40	79	-99.713577
10	40	80	-78.263458
11	40	60	-71.528992
12	40	4	-55.611252
13	40	7	-28.767929
14	40	6	-52.432632
15	40	63	-67.518715
16	40	39	-60.741768
17	40	10	-50.408913
18	40	0	-38.342529
19	40	0	-18.861755
20	40	11	-10.519382
21	40	0	-124.67791
22	40	11	-114.079063
23	40	0	-104.623611
24	40	10	-103.504227
25	40	11	-102.794342
26	40	11	-95.642502
27	40	0	-96.934677
28	40	11	-101.621643
29	40	10	-104.823364
30	40	24	-109.823822
31	40	28	-115.687019
32	40	42	-116.255981
33	40	29	-116.255981
34	40	538	-148.944
35	40	539	-148.944
36	40	523	-148.944
37	40	137	-148.944
38	40	137	-148.944
39	40	166	-148.944
40	40	170	-116.255981
41	40	170	-116.255981
42	40	143	-116.255981
43	40	142	-116.255981
44	40	143	-155.141403
45	40	170	-155.141403
46	40	142	-155.141403
47	40	170	-155.141403
48	40	142	-155.141403
49	40	79	-116.255981
50	40	540	0
51	40	163	0
52	40	163	0
53	40	340	0
54	40	61	0
55	40	21	0
56	40	83	0
57	40	99	0
58	40	36	0
59	40	16	0
60	40	16	0
61	40	17	0
62	40	13	0.787074
63	40	279	6.547133
64	40	541	11.011544
65	40	250	3.00661
66	40	131	-6.898028
67	40	59	-8.244843
68	40	282	-2.398752
69	40	142	-2.033062
70	40	224	2.704489
71	40	169	8.873068
72	40	185	32.26255
73	40	131	73.25428
74	40	17	96.681076
75	40	18	199.600784
76	40	19	200.621841
77	40	5	132.656677
78	40	15	168.439651
79	40	23	169.361618
80	40	7	125.235649
81	40	7	93.772591
82	40	4	72.921814
83	40	7	74.270851
84	40	6	88.538483
85	40	7	48.460712
86	40	6	43.847317
87	40	7	10.372787
88	40	7	-27.592455
89	40	220	-48.352467
90	40	296	-108.281555
91	40	143	-125.909958
92	40	194	-120.067352
93	40	194	-119.112251
94	40	142	-124.249443
95	40	294	-117.51178
96	40	295	-118.585655
97	40	293	-118.864937
98	40	6	-111.639626
99	40	26	-97.859108
100	40	2	-93.241081
101	40	2	-101.553925
102	40	488	-121.159798
103	40	295	-117.326385
104	40	365	-110.492332
105	40	250	-96.110992
106	40	542	-99.755875
107	40	5	-107.007248
108	40	6	-115.325401
109	40	388	-116.255981
110	40	113	-3.219729
111	40	282	-13.089635
112	40	142	-26.392262
113	40	142	-42.8437
114	40	194	-59.439297
115	40	170	-70.014008
116	40	79	-66.640686
117	40	80	-51.265503
118	40	80	-22.09424
119	40	80	5.457197
120	40	80	29.312363
121	40	80	49.020462
122	40	60	61.69492
123	40	281	61.357437
124	40	80	52.934925
125	40	60	42.224442
126	40	281	31.675459
127	40	80	20.483562
128	40	5	0
0	41	5	0
1	41	7	-1.287379
2	41	5	-28.404703
3	41	416	-118.635239
4	41	416	-190.521652
5	41	416	-181.878799
6	41	417	-115.169212
7	41	78	-84.288719
8	41	194	-91.460617
9	41	143	-81.209724
10	41	79	-67.554192
11	41	80	-52.230431
12	41	80	-22.636833
13	41	60	-18.773212
14	41	4	-39.080029
15	41	8	-46.159222
16	41	10	-43.017742
17	41	0	-42.066128
18	41	24	-34.449272
19	41	11	-17.330667
20	41	28	-9.800231
21	41	42	-121.002151
22	41	41	-108.628632
23	41	11	-99.178986
24	41	0	-102.657501
25	41	11	-103.849152
26	41	10	-99.81768
27	41	0	-105.490128
28	41	28	-108.782806
29	41	42	-106.765396
30	41	29	-110.214432
31	41	17	-115.701424
32	41	17	-116.255981
33	41	523	-116.255981
34	41	523	-148.944
35	41	523	-148.944
36	41	13	-148.944
37	41	279	-148.944
38	41	163	-148.944
39	41	143	-148.944
40	41	143	-116.255981
41	41	194	-116.255981
42	41	194	-116.255981
43	41	194	-116.255981
44	41	142	-155.141403
45	41	143	-155.141403
46	41	170	-155.141403
47	41	185	-155.141403
48	41	250	-155.141403
49	41	250	-116.255981
50	41	101	0
51	41	170	0
52	41	339	0
53	41	163	0
54	41	163	0
55	41	112	0
56	41	137	0
57	41	111	0
58	41	163	0
59	41	163	0
60	41	163	0
61	41	543	0
62	41	544	0
63	41	545	0
64	41	49	-1.960804
65	41	49	-12.608522
66	41	544	-22.255575
67	41	332	-15.20643
68	41	143	-3.251099
69	41	143	-0.04184
70	41	143	3.437477
71	41	103	19.229403
72	41	17	52.776421
73	41	17	94.799721
74	41	23	116.216782
75	41	4	206.157852
76	41	7	203.643631
77	41	15	128.790466
78	41	503	151.152054
79	41	2	127.190559
80	41	2	75.293991
81	41	2	40.673828
82	41	3	28.574589
83	41	4	30.139322
84	41	6	47.689377
85	41	6	67.338501
86	41	4	65.702919
87	41	5	-23.446964
88	41	6	-50.093185
89	41	247	-54.829479
90	41	194	-112.815414
91	41	170	-114.225601
92	41	402	-114.590858
93	41	428	-115.197121
94	41	546	-118.698456
95	41	7	-120.708351
96	41	6	-121.968781
97	41	4	-122.614647
98	41	8	-118.485786
99	41	0	-110.423645
100	41	11	-106.703339
101	41	1	-110.97879
102	41	2	-111.611397
103	41	547	-104.259178
104	41	34	-99.49987
105	41	59	-101.35952
106	41	80	-107.842667
107	41	60	-112.265259
108	41	247	-116.255981
109	41	143	-116.431602
110	41	194	-6.67039
111	41	170	-17.560673
112	41	194	-32.037312
113	41	170	-49.700638
114	41	170	-66.851555
115	41	170	-74.340446
116	41	194	-63.911861
117	41	142	-35.912659
118	41	142	-2.917629
119	41	142	27.150774
120	41	294	51.704842
121	41	293	69.3479
122	41	247	77.320976
123	41	142	70.971107
124	41	309	57.571339
125	41	220	43.643394
126	41	295	30.79505
127	41	7	25.447144
128	41	4	0
0	42	6	0
1	42	5	-1.801047
2	42	416	-16.821424
3	42	548	-66.139931
4	42	549	-114.869743
5	42	550	-115.342865
6	42	78	-84.450981
7	42	194	-60.108974
8	42	142	-51.500496
9	42	170	-38.549706
10	42	170	-31.770178
11	42	194	-20.88319
12	42	79	-12.497993
13	42	60	-13.721612
14	42	63	-31.244564
15	42	39	-42.86935
16	42	24	-42.408058
17	42	10	-39.618191
18	42	104	-30.211853
19	42	551	-14.179847
20	42	16	-8.378204
21	42	14	-121.283447
22	42	24	-111.65583
23	42	28	-106.794518
24	42	42	-108.649803
25	42	41	-109.862198
26	42	0	-106.945091
27	42	12	-109.570198
28	42	17	-111.197113
29	42	16	-107.078369
30	42	31	-110.449173
31	42	35	-115.169891
32	42	36	-116.255981
33	42	43	-116.255981
34	42	552	-148.944
35	42	35	-148.944
36	42	464	-146.162155
37	42	143	-146.182388
38	42	143	-148.393265
39	42	170	-144.311447
40	42	194	-112.254776
41	42	170	-117.080299
42	42	294	-116.440819
43	42	295	-116.255981
44	42	365	-155.141403
45	42	250	-46.949383
46	42	131	-46.949383
47	42	17	-46.949383
48	42	16	-155.141403
49	42	78	-116.255981
50	42	142	0
51	42	194	0
52	42	170	0
53	42	170	0
54	42	170	0
55	42	142	0
56	42	170	0
57	42	170	0
58	42	170	0
59	42	143	0
60	42	144	0
61	42	94	0
62	42	65	0
63	42	94	0
64	42	90	-1.813436
65	42	168	-13.990154
66	42	169	-26.048239
67	42	170	-19.028416
68	42	194	-4.209617
69	42	185	0.812844
70	42	131	11.780617
71	42	16	34.576405
72	42	17	73.773201
73	42	61	109.738914
74	42	21	108.039459
75	42	21	80.047089
76	42	22	85.415077
77	42	14	109.261353
78	42	10	131.592911
79	42	0	93.931595
80	42	10	41.590748
81	42	9	9.828895
82	42	7	-108.926102
83	42	4	-108.624275
84	42	7	-101.046257
85	42	7	-91.275169
86	42	7	-88.359474
87	42	4	-95.960831
88	42	220	-106.249252
89	42	553	-114.220642
90	42	428	-119.231735
91	42	252	-119.252068
92	42	24	-120.272041
93	42	9	-119.273621
94	42	7	-121.719925
95	42	7	-123.781342
96	42	7	-125.298141
97	42	63	-126.166893
98	42	39	-126.713287
99	42	11	-125.402565
100	42	10	-124.437752
101	42	10	-122.746773
102	42	9	-119.545891
103	42	15	-110.589073
104	42	78	-108.313026
105	42	143	-111.951988
106	42	309	-116.255981
107	42	220	-116.255981
108	42	296	-116.255981
109	42	194	-116.987244
110	42	194	-8.127975
111	42	294	-18.236048
112	42	296	-32.443352
113	42	143	-47.424892
114	42	294	-61.398682
115	42	295	-60.672859
116	42	295	-44.350502
117	42	295	-14.762088
118	42	295	18.344402
119	42	293	46.971561
120	42	6	69.134613
121	42	220	83.519218
122	42	295	86.506645
123	42	554	78.458153
124	42	60	63.678711
125	42	7	47.345604
126	42	6	32.022396
127	42	5	19.678823
128	42	7	0
0	43	4	0
1	43	416	-3.668514
2	43	416	-12.845467
3	43	417	-26.563152
4	43	13	-49.909687
5	43	78	-61.451992
6	43	170	-55.809002
7	43	142	-58.699184
8	43	142	-47.831635
9	43	143	-35.810402
10	43	142	-26.473333
11	43	194	-18.110033
12	43	309	-11.848022
13	43	6	-11.459574
14	43	63	-25.637011
15	43	555	-34.749123
16	43	104	-39.173199
17	43	104	-34.154831
18	43	556	-27.581192
19	43	538	-17.911436
20	43	54	-12.284604
21	43	28	-5.055727
22	43	29	-2.478193
23	43	17	-0.577749
24	43	14	-1.941284
25	43	28	-1.14665
26	43	29	-0.363625
27	43	16	-3.91379
28	43	31	-1.933907
29	43	54	2.370835
30	43	24	0.623919
31	43	12	-1.770747
32	43	13	0
33	43	557	0
34	43	137	-116.255981
35	43	166	-112.206055
36	43	142	-106.985825
37	43	143	-106.329872
38	43	170	-104.797997
39	43	142	-103.708435
40	43	185	-109.350769
41	43	542	-118.391045
42	43	5	-120.439743
43	43	55	-116.255981
44	43	34	-155.141403
45	43	13	-46.796494
46	43	17	-45.62838
47	43	13	-46.300789
48	43	78	-155.141403
49	43	170	-116.255981
50	43	170	0
51	43	194	0
52	43	143	0
53	43	143	0
54	43	170	0
55	43	194	0
56	43	170	0
57	43	142	0
58	43	170	0
59	43	224	0
60	43	311	0
61	43	311	138.576096
62	43	311	138.576096
63	43	311	0
64	43	169	-0.759793
65	43	170	-15.698735
66	43	170	-32.831825
67	43	196	-29.175133
68	43	558	-12.800301
69	43	13	3.858155
70	43	16	20.190966
71	43	16	52.73941
72	43	18	78.427551
73	43	33	87.093109
74	43	33	70.953117
75	43	33	37.627636
76	43	56	37.41383
77	43	0	70.041367
78	43	24	87.332146
79	43	10	61.937225
80	43	9	22.515863
81	43	7	2.287738
82	43	4	-113.953239
83	43	7	-113.710304
84	43	4	-111.596062
85	43	7	-100.351257
86	43	5	-86.53196
87	43	6	-91.903244
88	43	63	-102.719383
89	43	38	-110.098389
90	43	38	-111.945648
91	43	38	-113.842346
92	43	62	-117.144058
93	43	7	-5.184007
94	43	7	-7.957309
95	43	4	-10.391021
96	43	7	-12.816966
97	43	63	-15.188305
98	43	38	-16.71615
99	43	38	-16.85918
100	43	38	-15.508096
101	43	62	-12.900524
102	43	55	-9.254532
103	43	210	-4.766538
104	43	295	-0.961117
105	43	293	0
106	43	5	0
107	43	247	0
108	43	194	0
109	43	294	-1.145016
110	43	293	-7.425192
111	43	220	-16.173891
112	43	295	-27.51815
113	43	293	-39.618618
114	43	4	-43.837132
115	43	7	-37.967888
116	43	6	-20.122589
117	43	5	8.664644
118	43	281	41.121342
119	43	60	66.724716
120	43	5	84.366562
121	43	4	93.273857
122	43	220	92.713158
123	43	293	82.423622
124	43	5	66.681343
125	43	6	49.023872
126	43	5	32.474621
127	43	6	17.853134
128	43	5	0
0	44	15	0
1	44	13	-4.202382
2	44	16	-14.196639
3	44	18	-27.97883
4	44	210	-43.938911
5	44	295	-55.914967
6	44	295	-60.175732
7	44	295	-57.402115
8	44	295	-47.804756
9	44	296	-34.435192
10	44	143	-22.486877
11	44	309	-14.897948
12	44	4	-9.548966
13	44	5	-7.356248
14	44	559	-16.282095
15	44	313	-31.526239
16	44	313	-38.184483
17	44	313	-39.804077
18	44	523	-38.917294
19	44	10	-40.808079
20	44	12	-33.318405
21	44	13	-17.17314
22	44	13	-3.504748
23	44	43	-2.022184
24	44	29	-2.025111
25	44	31	-4.301125
26	44	35	-8.845551
27	44	54	-14.745117
28	44	10	-15.619117
29	44	10	-14.663959
30	44	57	-13.639197
31	44	560	-11.271201
32	44	561	-4.131792
33	44	194	0
34	44	142	-116.255981
35	44	143	-110.800461
36	44	143	-103.688271
37	44	143	-99.315895
38	44	143	-95.724754
39	44	379	-95.200615
40	44	19	-110.807167
41	44	6	-129.399643
42	44	4	-127.80587
43	44	15	-114.731384
44	44	18	-112.681404
45	44	33	-110.477768
46	44	34	-109.723999
47	44	78	-111.563431
48	44	170	-115.485565
49	44	142	-116.255981
50	44	170	-116.255981
51	44	170	-116.255981
52	44	143	-116.255981
53	44	170	-117.599617
54	44	143	-116.255981
55	44	143	0
56	44	143	0
57	44	194	0
58	44	194	0
59	44	196	79.848
60	44	332	79.848
61	44	170	138.576096
62	44	170	138.576096
63	44	196	0
64	44	197	-0.201811
65	44	197	-16.969482
66	44	562	-37.861492
67	44	563	-38.320145
68	44	17	-23.730522
69	44	17	1.340118
70	44	17	29.117344
71	44	23	23.815849
72	44	4	24.879391
73	44	7	63.31509
74	44	7	5.001964
75	44	8	6.026429
76	44	0	5.260247
77	44	11	30.517799
78	44	37	40.110325
79	44	62	25.039425
80	44	7	4.1385
81	44	4	8.035539
82	44	6	-94.292641
83	44	7	-86.110062
84	44	4	-81.002068
85	44	4	-106.25087
86	44	5	-92.576759
87	44	5	-95.915779
88	44	6	-95.434464
89	44	5	-103.108665
90	44	7	-101.935043
91	44	4	-106.708595
92	44	7	-118.121025
93	44	6	-6.879375
94	44	6	-10.013008
95	44	7	-13.460621
96	44	4	-17.729795
97	44	7	-21.74939
98	44	6	-24.48576
99	44	7	-25.750011
100	44	6	-25.060698
101	44	5	-22.568872
102	44	6	-18.019033
103	44	6	-11.680884
104	44	5	-4.536979
105	44	7	-1.400228
106	44	220	0
107	44	295	0
108	44	293	0
109	44	4	-0.85159
110	44	5	-4.936825
111	44	5	-12.05093
112	44	4	-19.221672
113	44	7	-25.665865
114	44	6	-22.984552
115	44	6	-11.692056
116	44	6	6.145675
117	44	247	33.257687
118	44	309	62.939793
119	44	7	83.243797
120	44	564	94.989952
121	44	565	97.713318
122	44	435	92.892494
123	44	5	81.6436
124	44	5	66.411964
125	44	4	48.690445
126	44	4	31.168823
127	44	20	16.034607
128	44	22	0
0	45	16	0
1	45	16	-3.34517
2	45	61	-12.494126
3	45	25	-28.616003
4	45	20	-45.75901
5	45	21	-58.533165
6	45	25	-60.622948
7	45	7	-56.280899
8	45	247	-44.978809
9	45	170	-29.863064
10	45	79	-17.894361
11	45	80	-10.057859
12	45	80	-6.764264
13	45	566	-9.191904
14	45	104	-24.102798
15	45	104	-51.269382
16	45	104	-62.582695
17	45	104	-54.335876
18	45	10	-47.163704
19	45	57	-55.641048
20	45	35	-54.962044
21	45	36	-30.699692
22	45	13	-12.552228
23	45	31	-12.440747
24	45	54	-17.016685
25	45	28	-25.444389
26	45	41	-31.326563
27	45	28	-36.608788
28	45	110	-34.342693
29	45	137	-29.766747
30	45	567	-27.93985
31	45	568	-21.117514
32	45	569	-9.081766
33	45	570	-0.032172
34	45	570	-116.255981
35	45	571	-113.574661
36	45	572	-106.322006
37	45	295	-100.432579
38	45	293	-94.753807
39	45	5	-92.601685
40	45	7	-108.797577
41	45	6	-126.853806
42	45	15	-122.589348
43	45	23	-103.948738
44	45	7	-96.799667
45	45	15	-85.800476
46	45	78	-82.503052
47	45	143	-98.719162
48	45	196	-113.429344
49	45	197	-113.24102
50	45	332	-108.811462
51	45	170	-110.428459
52	45	143	-114.928841
53	45	170	-117.599617
54	45	143	-116.255981
55	45	143	0
56	45	170	0
57	45	170	0
58	45	224	0
59	45	573	79.848
60	45	332	79.848
61	45	142	138.576096
62	45	224	138.576096
63	45	225	0
64	45	90	-2.718962
65	45	331	-20.765593
66	45	558	-39.518726
67	45	16	-41.545208
68	45	17	-13.856753
69	45	18	0.477719
70	45	19	36.57349
71	45	4	29.321745
72	45	4	25.612322
73	45	26	15.920205
74	45	27	-10.735544
75	45	37	-32.300056
76	45	38	-30.879423
77	45	62	-22.688227
78	45	6	-99.331436
79	45	7	-106.657265
80	45	6	-110.218307
81	45	5	-85.993835
82	45	6	-162.516281
83	45	7	-149.063644
84	45	7	-146.589355
85	45	26	-123.30027
86	45	2	-115.942047
87	45	2	-120.433388
88	45	3	-93.059425
89	45	7	-101.396996
90	45	4	-95.910828
91	45	6	-104.286331
92	45	5	-117.607742
93	45	7	-8.028443
94	45	4	-11.5518
95	45	5	-16.685146
96	45	6	-23.106256
97	45	6	-30.094297
98	45	4	-35.601665
99	45	6	-40.601849
100	45	5	-44.323006
101	45	7	-43.688107
102	45	6	-38.653931
103	45	7	-29.533257
104	45	20	-16.881979
105	45	21	-6.495973
106	45	25	-0.701515
107	45	6	0
108	45	5	0
109	45	4	0
110	45	6	-2.91778
111	45	6	-6.708999
112	45	7	-11.38797
113	45	6	-9.27934
114	45	6	0.984602
115	45	4	17.181234
116	45	247	36.474754
117	45	309	57.681194
118	45	7	76.899208
119	45	574	90.728905
120	45	482	98.737282
121	45	435	98.625771
122	45	21	89.714935
123	45	21	77.199356
124	45	21	63.175545
125	45	21	46.995739
126	45	22	29.574183
127	45	13	15.178773
128	45	13	0
0	46	16	0
1	46	16	-1.607168
2	46	61	-9.249941
3	46	22	-26.281195
4	46	13	-44.142666
5	46	23	-57.356613
6	46	5	-61.807758
7	46	247	-54.936245
8	46	143	-40.258373
9	46	143	-24.260433
10	46	170	-13.291815
11	46	194	-6.025771
12	46	430	-4.451741
13	46	38	-13.430741
14	46	38	-36.873493
15	46	39	-70.528137
16	46	10	-82.080215
17	46	28	-61.079639
18	46	42	-41.315979
19	46	41	-51.277168
20	46	12	-56.935772
21	46	16	-42.349693
22	46	14	-32.590752
23	46	10	-43.257721
24	46	12	-52.955956
25	46	14	-55.395504
26	46	12	-56.189682
27	46	78	-53.422073
28	46	143	-52.224144
29	46	142	-49.739548
30	46	143	-40.719292
31	46	575	-23.084173
32	46	576	-9.383853
33	46	576	-0.874616
34	46	577	-116.255981
35	46	9	-112.722237
36	46	5	-104.619041
37	46	7	-11.388624
38	46	4	-8.922585
39	46	4	-96.057106
40	46	20	-100.116341
41	46	22	-108.215729
42	46	61	-104.711311
43	46	21	-87.835236
44	46	22	-75.724052
45	46	78	-60.067337
46	46	196	-59.222775
47	46	198	-82.578445
48	46	65	-108.209076
49	46	297	-103.461914
50	46	194	-92.904648
51	46	142	-96.782547
52	46	194	-109.923096
53	46	196	-117.599617
54	46	332	-116.255981
55	46	194	0
56	46	143	0
57	46	143	0
58	46	144	0
59	46	297	-0.400132
60	46	143	-1.85294
61	46	143	-2.045917
62	46	144	0
63	46	94	-0.829718
64	46	90	-13.558847
65	46	460	-32.701187
66	46	17	-46.671597
67	46	17	-42.851353
68	46	23	-27.965052
69	46	5	0.566816
70	46	5	40.585251
71	46	20	35.80875
72	46	401	25.242836
73	46	11	24.768847
74	46	578	-19.179823
75	46	21	-34.55349
76	46	21	-25.1789
77	46	25	-14.548358
78	46	6	-46.315514
79	46	5	-97.556503
80	46	7	-102.253799
81	46	5	-72.722504
82	46	6	-143.17009
83	46	6	-129.955338
84	46	8	-129.85817
85	46	24	-140.124146
86	46	11	-144.789856
87	46	9	-150.408783
88	46	5	-105.76226
89	46	4	-106.215485
90	46	6	-102.473816
91	46	6	-108.958717
92	46	6	-119.214958
93	46	5	-8.431486
94	46	7	-12.719218
95	46	5	-19.358374
96	46	4	-29.164555
97	46	20	-40.557133
98	46	21	-54.140575
99	46	25	-62.905167
100	46	4	-67.620544
101	46	7	-67.261803
102	46	20	-61.613689
103	46	22	-51.223091
104	46	18	-36.944378
105	46	19	-22.09453
106	46	7	-7.084534
107	46	6	-0.003135
108	46	6	0
109	46	7	0
110	46	7	-0.86913
111	46	5	2.039505
112	46	6	8.826636
113	46	4	17.377523
114	46	4	29.042267
115	46	247	45.105747
116	46	364	62.201553
117	46	21	78.09079
118	46	565	90.013695
119	46	482	98.327744
120	46	435	102.839905
121	46	16	97.367142
122	46	17	83.734024
123	46	16	70.520012
124	46	13	58.130085
125	46	13	44.250938
126	46	13	28.88122
127	46	16	14.975009
128	46	17	0
0	47	17	0
1	47	13	-0.088981
2	47	13	-6.760778
3	47	13	-23.652069
4	47	61	-41.030956
5	47	25	-54.714905
6	47	247	-59.783543
7	47	143	-51.355633
8	47	194	-35.295303
9	47	143	-20.091091
10	47	143	-9.09871
11	47	309	-2.539773
12	47	6	-8.911973
13	47	4	-26.123455
14	47	63	-47.559563
15	47	38	-68.777458
16	47	89	-73.785652
17	47	35	-52.701702
18	47	54	-32.176392
19	47	12	-37.224686
20	47	16	-55.37571
21	47	43	-51.594959
22	47	41	-53.563175
23	47	12	-71.945244
24	47	14	-79.027397
25	47	57	-73.035278
26	47	464	-66.744919
27	47	170	-65.742035
28	47	569	-75.119926
29	47	570	-68.097466
30	47	579	-45.793182
31	47	580	-22.767395
32	47	581	-6.448964
33	47	28	-1.66625
34	47	283	-116.255981
35	47	7	-109.620461
36	47	7	-98.347061
37	47	6	-4.222664
38	47	7	-9.448593
39	47	15	-100.622116
40	47	13	-97.457565
41	47	279	-98.606926
42	47	163	-95.362274
43	47	340	-88.554535
44	47	582	-78.64238
45	47	198	-65.889847
46	47	66	-65.82122
47	47	94	-87.056885
48	47	297	-106.631989
49	47	170	-98.083885
50	47	194	-83.583549
51	47	143	-88.633003
52	47	144	-105.556549
53	47	297	-116.86692
54	47	194	-116.255981
55	47	143	0
56	47	196	0
57	47	198	-2.240894
58	47	297	-8.465842
59	47	170	-13.135246
60	47	143	-14.007961
61	47	144	-14.451174
62	47	66	-14.784295
63	47	168	-16.913492
64	47	563	-30.106567
65	47	16	-45.049007
66	47	17	-48.878857
67	47	61	-37.10709
68	47	21	-21.91851
69	47	21	4.314826
70	47	22	40.625927
71	47	43	44.197849
72	47	42	25.277391
73	47	29	7.252905
74	47	16	-1.345505
75	47	13	-69.950165
76	47	23	-58.708824
77	47	7	-45.988903
78	47	5	-42.586979
79	47	5	-95.629196
80	47	4	-102.609779
81	47	5	-86.446213
82	47	6	-136.805603
83	47	63	-131.92392
84	47	39	-146.8414
85	47	0	-134.775513
86	47	9	-148.168884
87	47	6	-155.896927
88	47	6	-115.59684
89	47	6	-114.508255
90	47	20	-112.388496
91	47	21	-114.823158
92	47	21	-120.880821
93	47	25	-8.05664
94	47	7	-12.90563
95	47	7	-30.579411
96	47	15	-59.564114
97	47	17	-92.689774
98	47	61	-96.54689
99	47	21	-87.789261
100	47	25	-89.236359
101	47	15	-89.63224
102	47	16	-83.236763
103	47	23	-71.256149
104	47	4	-55.02681
105	47	20	-38.430275
106	47	21	-20.57494
107	47	583	-2.981335
108	47	584	1.44185
109	47	4	3.04127
110	47	6	11.63353
111	47	4	22.198154
112	47	4	31.694967
113	47	7	41.598907
114	47	247	54.383942
115	47	103	71.630714
116	47	13	87.367439
117	47	435	98.650902
118	47	435	107.51265
119	47	435	108.725868
120	47	34	103.422112
121	47	16	95.242569
122	47	18	80.515381
123	47	33	66.762314
124	47	33	54.201504
125	47	33	40.465847
126	47	33	27.359255
127	47	34	16.371761
128	47	18	0
0	48	162	0
1	48	163	0
2	48	163	-6.043523
3	48	163	-23.206711
4	48	318	-40.587177
5	48	282	-53.473179
6	48	194	-57.653313
7	48	142	-48.826328
8	48	170	-33.600304
9	48	142	-17.706432
10	48	79	-5.439958
11	48	60	-3.14311
12	48	6	-20.124399
13	48	4	-42.515457
14	48	4	-57.394493
15	48	63	-58.112377
16	48	39	-55.81929
17	48	28	-45.071232
18	48	29	-34.692867
19	48	13	-45.323399
20	48	16	-72.782585
21	48	14	-73.561394
22	48	12	-73.264153
23	48	43	-79.765083
24	48	42	-90.407814
25	48	585	-81.1847
26	48	143	-72.865944
27	48	586	-82.292107
28	48	587	-96.467552
29	48	588	-80.910576
30	48	589	-44.853615
31	48	577	-18.263531
32	48	12	-7.620758
33	48	23	-2.306161
34	48	4	-116.255981
35	48	7	-112.328659
36	48	6	-102.710587
37	48	7	-9.521912
38	48	590	-12.356195
39	48	163	-108.163033
40	48	141	-107.752075
41	48	142	-106.210609
42	48	339	-105.229294
43	48	459	-102.790413
44	48	66	-101.188965
45	48	90	-95.453377
46	48	168	-95.489326
47	48	169	-105.470863
48	48	194	-113.697411
49	48	143	-104.808258
50	48	142	-93.455933
51	48	224	-94.57103
52	48	169	-108.456322
53	48	196	-116.486572
54	48	332	-116.255981
55	48	144	0
56	48	94	-0.178061
57	48	297	-8.104943
58	48	170	-19.625147
59	48	196	-27.058714
60	48	198	-29.305189
61	48	591	-30.147968
62	48	592	-32.894287
63	48	131	-34.214966
64	48	13	-43.111561
65	48	16	-47.94379
66	48	13	-40.748466
67	48	17	-25.827742
68	48	17	-15.178896
69	48	17	3.802101
70	48	13	26.814327
71	48	17	26.291142
72	48	279	7.496782
73	48	340	-3.703714
74	48	16	-3.373726
75	48	23	-88.815033
76	48	6	-75.851082
77	48	5	-62.77562
78	48	7	-87.985863
79	48	6	-98.808212
80	48	7	-107.404022
81	48	7	-105.119209
82	48	7	-118.837326
83	48	63	-119.529602
84	48	38	-119.131935
85	48	62	-146.759964
86	48	5	-140.416428
87	48	5	-158.819397
88	48	5	-114.024399
89	48	15	-116.255981
90	48	16	-116.255981
91	48	13	-116.765053
92	48	23	-119.964981
93	48	7	-6.955182
94	48	5	-12.773561
95	48	55	-41.772591
96	48	34	-100.285744
97	48	13	-144.137207
98	48	13	-144.03302
99	48	23	-121.142639
100	48	55	-108.969009
101	48	33	-110.298401
102	48	19	-102.888435
103	48	7	-88.916702
104	48	15	-70.59153
105	48	593	-51.278419
106	48	594	-29.316591
107	48	595	-5.516447
108	48	583	10.411502
109	48	584	20.943901
110	48	5	35.394554
111	48	4	47.95787
112	48	7	57.315449
113	48	247	66.407608
114	48	339	79.958839
115	48	163	96.253227
116	48	340	110.379753
117	48	279	119.840553
118	48	318	124.603477
119	48	540	121.529594
120	48	163	111.12085
121	48	318	98.159615
122	48	80	82.289268
123	48	80	67.072464
124	48	80	53.981255
125	48	80	40.639816
126	48	540	27.102682
127	48	318	17.151011
128	48	282	0
0	49	196	0
1	49	332	0
2	49	143	-8.636407
3	49	170	-23.722937
4	49	194	-41.490276
5	49	170	-55.061291
6	49	194	-58.406921
7	49	143	-48.679016
8	49	143	-33.641312
9	49	170	-17.109369
10	49	309	-2.982759
11	49	4	-2.51555
12	49	281	-21.349848
13	49	80	-42.119835
14	49	80	-53.861557
15	49	596	-48.645424
16	49	57	-49.24699
17	49	36	-47.085327
18	49	13	-41.508781
19	49	13	-49.269817
20	49	88	-93.170639
21	49	597	-106.12854
22	49	16	-89.194687
23	49	13	-93.305054
24	49	78	-112.157616
25	49	194	-104.497292
26	49	586	-94.200714
27	49	587	-100.581795
28	49	102	-104.230911
29	49	102	-82.21843
30	49	102	-40.022583
31	49	102	-20.580036
32	49	23	-10.841719
33	49	7	-3.861243
34	49	7	-116.255981
35	49	4	-116.255981
36	49	6	-113.603409
37	49	247	-109.222687
38	49	194	-110.399399
39	49	170	-112.649361
40	49	142	-116.255981
41	49	142	-115.546791
42	49	224	-115.444855
43	49	311	-111.976845
44	49	225	-111.838402
45	49	331	-115.384277
46	49	197	-116.255981
47	49	332	-116.255981
48	49	142	-116.255981
49	49	196	-114.010612
50	49	332	-108.806808
51	49	142	-109.58535
52	49	144	-112.561485
53	49	331	-117.599617
54	49	198	-116.255981
55	49	66	0
56	49	297	-0.099819
57	49	142	-8.170014
58	49	144	-18.990522
59	49	65	-24.187151
60	49	598	-24.272072
61	49	22	-25.27907
62	49	13	-30.742094
63	49	13	-33.423382
64	49	16	-37.39743
65	49	13	-39.353687
66	49	17	-31.702862
67	49	13	-21.915508
68	49	13	-18.93125
69	49	17	-9.383883
70	49	13	7.595295
71	49	100	7.990211
72	49	131	-3.597763
73	49	16	-6.151022
74	49	23	-2.026555
75	49	5	-69.812187
76	49	4	-71.587532
77	49	4	-59.715111
78	49	6	-88.835777
79	49	7	-97.784065
80	49	7	-101.343658
81	49	4	-94.71315
82	49	5	-95.82016
83	49	20	-101.008972
84	49	21	-96.106827
85	49	21	-84.444977
86	49	25	-84.000809
87	49	5	-98.016266
88	49	15	3.658143
89	49	17	0
90	49	16	0
91	49	23	0
92	49	7	-2.261456
93	49	6	-5.255035
94	49	6	-10.384398
95	49	55	-37.718063
96	49	33	-95.410851
97	49	33	-141.908737
98	49	19	-147.871185
99	49	7	-130.763199
100	49	4	-122.564232
101	49	7	-127.375618
102	49	6	-119.440758
103	49	15	-103.074142
104	49	599	-81.629349
105	49	600	-57.705524
106	49	601	-30.358776
107	49	602	0.218419
108	49	603	27.087044
109	49	7	47.003349
110	49	4	63.756245
111	49	6	77.860527
112	49	247	86.961197
113	49	143	95.635208
114	49	185	105.663757
115	49	131	120.879555
116	49	78	135.059158
117	49	194	143.964172
118	49	170	144.74826
119	49	194	136.012604
120	49	194	122.082123
121	49	194	104.87809
122	49	142	86.752388
123	49	143	70.169632
124	49	194	54.826241
125	49	170	41.447681
126	49	170	29.502951
127	49	170	19.377411
128	49	144	0
0	50	297	0
1	50	194	-0.033874
2	50	170	-11.565259
3	50	170	-26.602375
4	50	143	-42.105347
5	50	143	-55.918056
6	50	143	-57.955181
7	50	142	-47.013039
8	50	194	-31.622519
9	50	79	-14.89917
10	50	80	-0.965611
11	50	282	0
12	50	170	-9.247866
13	50	170	-24.268757
14	50	330	-36.942802
15	50	137	-37.588184
16	50	374	-47.561474
17	50	18	-52.22419
18	50	33	-41.500202
19	50	604	-48.900948
20	50	540	-93.56749
21	50	163	-111.979012
22	50	163	-100.664291
23	50	141	-107.18425
24	50	143	-140.040756
25	50	586	-139.729111
26	50	605	-121.219574
27	50	102	-112.798851
28	50	130	-106.403389
29	50	130	-75.016998
30	50	102	-43.397732
31	50	23	-26.738617
32	50	7	-14.412525
33	50	5	-5.97288
34	50	4	-116.255981
35	50	7	-116.255981
36	50	247	-116.255981
37	50	196	-116.049423
38	50	197	-116.049423
39	50	332	-116.193886
40	50	143	-116.255981
41	50	143	-116.255981
42	50	143	-116.255981
43	50	144	-116.255981
44	50	90	-116.255981
45	50	90	-116.255981
46	50	331	-116.255981
47	50	197	-116.255981
48	50	198	-116.255981
49	50	331	-116.255981
50	50	197	-116.255981
51	50	198	-116.255981
52	50	66	-116.255981
53	50	90	-117.599617
54	50	168	-116.255981
55	50	169	0
56	50	185	0.42041
57	50	606	-1.780649
58	50	272	-7.655004
59	50	273	-9.078183
60	50	16	-6.08691
61	50	13	-7.739886
62	50	13	-11.405716
63	50	16	-14.682031
64	50	17	-17.651577
65	50	16	-22.379763
66	50	16	-24.09911
67	50	16	-22.941551
68	50	17	-24.320629
69	50	13	-19.88118
70	50	13	-7.041831
71	50	16	1.267423
72	50	13	-2.624305
73	50	23	-3.469433
74	50	6	0
75	50	7	-109.752914
76	50	6	-95.623436
77	50	4	-85.099251
78	50	7	-15.556983
79	50	6	-18.504829
80	50	4	-19.66293
81	50	20	-84.698906
82	50	607	-86.500565
83	50	35	-88.324623
84	50	36	-89.72644
85	50	23	-86.784294
86	50	4	-89.584053
87	50	55	-101.520561
88	50	33	5.386222
89	50	33	1.102469
90	50	19	0
91	50	5	0
92	50	7	-0.488332
93	50	4	-3.102042
94	50	5	-7.464602
95	50	5	-23.453413
96	50	5	-59.003483
97	50	6	-97.371071
98	50	5	-112.869499
99	50	6	-117.516876
100	50	7	-128.957642
101	50	4	-138.945694
102	50	15	-131.401154
103	50	61	-111.195023
104	50	608	-86.102654
105	50	609	-56.461063
106	50	610	-21.91309
107	50	603	13.216225
108	50	611	45.880619
109	50	612	72.302353
110	50	7	90.967216
111	50	247	106.879807
112	50	143	120.419472
113	50	103	134.099121
114	50	17	144.576614
115	50	78	153.331467
116	50	194	163.056793
117	50	194	167.888092
118	50	143	164.475815
119	50	142	152.206726
120	50	185	135.001205
121	50	250	113.443436
122	50	101	92.430809
123	50	142	74.095932
124	50	143	56.907349
125	50	142	43.065987
126	50	143	33.480339
127	50	144	22.819523
128	50	297	0
0	51	170	0
1	51	142	-0.466344
2	51	142	-13.342862
3	51	142	-29.614368
4	51	142	-45.118866
5	51	143	-56.672401
6	51	170	-56.150368
7	51	143	-43.728188
8	51	143	-27.992998
9	51	170	-12.569321
10	51	143	-0.284142
11	51	170	0
12	51	143	-0.417253
13	51	143	-10.721433
14	51	143	-26.956408
15	51	103	-44.122551
16	51	23	-60.155254
17	51	4	-60.109287
18	51	247	-54.123806
19	51	170	-57.853577
20	51	142	-84.909866
21	51	194	-97.691658
22	51	142	-94.179695
23	51	143	-108.4561
24	51	575	-140.79512
25	51	576	-154.424408
26	51	102	-134.669586
27	51	102	-119.054832
28	51	102	-105.731277
29	51	36	-82.203613
30	51	23	-53.407139
31	51	5	-35.341648
32	51	5	-16.358055
33	51	6	-5.200065
34	51	7	0
35	51	247	0
36	51	144	-116.136169
37	51	168	-116.049423
38	51	169	-116.049423
39	51	170	0
40	51	196	0
41	51	197	0
42	51	198	0
43	51	66	0
44	51	94	-64.751999
45	51	65	-67.967941
46	51	65	-67.967941
47	51	90	-67.967941
48	51	66	-63.671967
49	51	65	-63.671967
50	51	65	-115.463478
51	51	90	-111.665291
52	51	65	-111.530334
53	51	297	-115.158226
54	51	185	0
55	51	131	0.813403
56	51	17	1.772795
57	51	13	1.995018
58	51	13	2.116298
59	51	17	1.177687
60	51	13	0.313477
61	51	17	-0.225899
62	51	16	-0.233988
63	51	16	0
64	51	17	-3.103657
65	51	17	-7.807048
66	51	16	-9.299648
67	51	16	-11.809658
68	51	16	-15.544373
69	51	16	-13.559905
70	51	16	-5.883136
71	51	16	0
72	51	61	0
73	51	25	0
74	51	4	0.200269
75	51	5	-107.787575
76	51	4	-93.859703
77	51	7	-89.436554
78	51	5	-23.016304
79	51	7	-22.663338
80	51	613	-16.827728
81	51	613	-82.336578
82	51	613	-87.733849
83	51	613	-91.606255
84	51	19	-89.804466
85	51	4	-87.076523
86	51	5	-91.890739
87	51	20	-101.410423
88	51	21	5.176378
89	51	21	0.988672
90	51	25	0
91	51	4	0
92	51	6	0
93	51	7	-0.657495
94	51	7	0.737554
95	51	5	-8.915175
96	51	7	-33.951763
97	51	6	-60.388897
98	51	5	-84.292068
99	51	4	-106.545982
100	51	5	-125.043465
101	51	55	-138.453445
102	51	33	-134.231689
103	51	19	-110.999138
104	51	6	-81.794281
105	51	614	-46.537518
106	51	615	-8.501087
107	51	616	28.838564
108	51	617	64.655945
109	51	6	96.558968
110	51	247	121.820778
111	51	142	142.54332
112	51	103	162.22789
113	51	16	180.503479
114	51	78	191.264755
115	51	194	192.593246
116	51	194	191.15036
117	51	194	188.273117
118	51	185	180.544479
119	51	131	164.792908
120	51	17	144.928986
121	51	78	120.691574
122	51	170	97.395691
123	51	143	76.692245
124	51	170	58.037273
125	51	143	43.90345
126	51	618	38.554577
127	51	619	28.254333
128	51	194	0
0	52	143	0
1	52	170	-1.447424
2	52	142	-14.794994
3	52	170	-31.596519
4	52	194	-46.913658
5	52	194	-56.926929
6	52	194	-54.363766
7	52	170	-41.352459
8	52	143	-25.10531
9	52	143	-9.603657
10	52	142	0
11	52	143	0
12	52	143	0
13	52	143	-6.51654
14	52	339	-24.980677
15	52	318	-48.205326
16	52	80	-60.37603
17	52	282	-58.718929
18	52	142	-59.212574
19	52	170	-65.084343
20	52	143	-81.014099
21	52	194	-88.959755
22	52	143	-84.891365
23	52	620	-89.217461
24	52	110	-104.527344
25	52	137	-120.635178
26	52	137	-115.050499
27	52	137	-102.992378
28	52	111	-99.858284
29	52	318	-87.667809
30	52	80	-68.760902
31	52	80	-46.07177
32	52	60	-22.598597
33	52	4	-3.460907
34	52	247	0
35	52	224	0
36	52	169	-116.049423
37	52	142	-116.049423
38	52	143	-116.049423
39	52	224	0
40	52	311	0
41	52	311	0
42	52	311	0
43	52	311	0
44	52	311	-116.255981
45	52	311	-116.255981
46	52	311	-116.155312
47	52	225	-113.999504
48	52	90	-114.9534
49	52	65	-115.419571
50	52	90	-151.479645
51	52	168	-139.362015
52	52	169	-142.414841
53	52	103	-152.402496
54	52	16	-112.859283
55	52	13	-110.826309
56	52	17	-110.715797
57	52	16	-111.915276
58	52	13	-110.510254
59	52	16	-111.209328
60	52	16	-113.965683
61	52	31	-116.255981
62	52	35	-116.255981
63	52	36	0.326107
64	52	13	3.126952
65	52	17	4.450983
66	52	16	2.721511
67	52	16	-0.480934
68	52	16	-3.193187
69	52	13	-3.509415
70	52	13	-0.260465
71	52	16	1.293952
72	52	23	0.491438
73	52	4	0
74	52	5	5.261464
75	52	4	-100.946983
76	52	4	-92.648209
77	52	7	-93.992752
78	52	7	-103.961716
79	52	613	-106.015396
80	52	621	-99.13813
81	52	621	-97.476089
82	52	613	-101.093513
83	52	4	-104.757599
84	52	5	-101.6651
85	52	5	-98.834122
86	52	15	-100.88855
87	52	13	-108.610458
88	52	17	2.658655
89	52	61	0
90	52	25	0
91	52	7	0
92	52	4	0
93	52	4	4.540962
94	52	7	19.389545
95	52	4	16.59107
96	52	6	-6.899229
97	52	20	-37.903999
98	52	25	-67.95575
99	52	6	-90.958923
100	52	5	-110.016884
101	52	6	-119.674004
102	52	6	-117.718529
103	52	4	-98.906082
104	52	6	-68.771187
105	52	5	-31.772209
106	52	5	6.984949
107	52	6	45.573296
108	52	6	86.631172
109	52	247	124.311562
110	52	143	151.692169
111	52	103	174.672012
112	52	17	197.175873
113	52	164	215.744873
114	52	365	224.670197
115	52	250	220.10907
116	52	250	209.575867
117	52	131	200.860199
118	52	16	190.31189
119	52	17	171.258636
120	52	164	148.709824
121	52	295	122.557289
122	52	365	97.443817
123	52	101	76.091034
124	52	142	59.481136
125	52	339	48.100266
126	52	622	42.660435
127	52	295	33.218002
128	52	295	0
0	53	295	0
1	53	295	-3.26323
2	53	295	-16.332397
3	53	295	-32.881771
4	53	295	37.572994
5	53	295	44.093143
6	53	295	33.860672
7	53	295	-38.060093
8	53	296	-21.545673
9	53	194	-6.482388
10	53	194	0
11	53	170	0
12	53	170	0
13	53	142	-0.716289
14	53	143	-12.941147
15	53	170	-27.781651
16	53	170	-33.233753
17	53	194	-31.906857
18	53	170	-35.09409
19	53	143	-47.088753
20	53	170	-58.194832
21	53	185	-61.960117
22	53	223	-65.139145
23	53	141	-57.10445
24	53	142	-56.304237
25	53	143	-63.22916
26	53	143	-55.362484
27	53	143	-60.468327
28	53	142	-68.21566
29	53	170	-73.221321
30	53	194	-66.912384
31	53	79	-49.950195
32	53	80	-22.420258
33	53	282	-2.177511
34	53	170	0
35	53	402	0
36	53	572	-116.049423
37	53	295	-116.049423
38	53	295	0
39	53	553	0
40	53	321	0
41	53	194	-65.784012
42	53	142	-67.224014
43	53	170	-67.224014
44	53	142	-232.512009
45	53	143	-231.2285
46	53	224	-224.627472
47	53	311	-221.641724
48	53	311	-223.419083
49	53	311	-224.216675
50	53	169	-177.046509
51	53	294	-160.257126
52	53	421	-157.47789
53	53	13	-177.430756
54	53	17	-210.986725
55	53	17	-215.766678
56	53	16	-226.700119
57	53	18	-157.671494
58	53	33	-107.131851
59	53	33	-105.315956
60	53	56	-108.895142
61	53	0	-114.413582
62	53	12	-115.959633
63	53	13	3.140406
64	53	13	7.904327
65	53	13	11.553714
66	53	13	9.288709
67	53	17	4.860857
68	53	16	2.912001
69	53	16	2.496608
70	53	17	6.170359
71	53	23	10.059286
72	53	4	8.713531
73	53	7	2.609214
74	53	7	9.093602
75	53	6	-97.318092
76	53	7	-87.620781
77	53	4	-95.123634
78	53	613	-106.576103
79	53	613	-115.522346
80	53	613	-111.324821
81	53	613	-110.596237
82	53	5	-114.576965
83	53	7	-114.886429
84	53	4	-112.253693
85	53	15	-111.056877
86	53	13	-113.322601
87	53	17	-115.650909
88	53	16	0
89	53	23	0
90	53	6	0
91	53	5	2.201314
92	53	5	3.555887
93	53	20	22.492361
94	53	21	47.915283
95	53	21	59.171112
96	53	161	28.469595
97	53	19	-12.973377
98	53	6	-46.84053
99	53	623	-71.320564
100	53	624	-89.482498
101	53	624	-97.795876
102	53	584	-95.689125
103	53	623	-79.783363
104	53	624	-49.386219
105	53	624	-12.24659
106	53	625	25.559504
107	53	80	66.770363
108	53	282	110.474091
109	53	294	149.147629
110	53	211	177.908966
111	53	162	201.111526
112	53	626	221.24054
113	53	15	235.494492
114	53	17	239.05957
115	53	17	232.561203
116	53	13	221.464584
117	53	17	213.869583
118	53	16	203.013855
119	53	59	180.733871
120	53	80	153.840179
121	53	81	125.843529
122	53	78	101.889343
123	53	143	80.978699
124	53	142	64.795433
125	53	79	50.948078
126	53	60	44.450336
127	53	7	36.6903
128	53	7	0
0	54	6	0
1	54	6	-5.374492
2	54	6	-18.47278
3	54	4	-34.554783
4	54	5	36.219471
5	54	6	44.162041
6	54	7	36.499783
7	54	220	-34.734699
8	54	295	-18.439489
9	54	295	-4.156255
10	54	295	0
11	54	365	0
12	54	250	-15.480004
13	54	250	-15.480004
14	54	250	-1.140162
15	54	250	-5.831039
16	54	250	-7.689336
17	54	250	-3.494012
18	54	250	-6.764784
19	54	250	-15.479921
20	54	627	-17.891207
21	54	628	-28.169159
22	54	170	-33.013439
23	54	170	-27.754679
24	54	170	-21.895487
25	54	143	-16.800936
26	54	142	-15.185138
27	54	170	-15.460517
28	54	194	-26.664198
29	54	143	-34.574261
30	54	142	-39.434196
31	54	142	-31.577398
32	54	142	-12.752526
33	54	294	-0.004451
34	54	629	0
35	54	1	0
36	54	3	-116.049423
37	54	5	-116.049423
38	54	388	0
39	54	166	0
40	54	143	-65.784012
41	54	170	-65.784012
42	54	143	-65.784012
43	54	170	-67.224014
44	54	142	-229.282196
45	54	194	-221.111435
46	54	142	-232.512009
47	54	142	-232.512009
48	54	294	-187.292938
49	54	295	-202.584702
50	54	534	-205.322479
51	54	22	-175.358612
52	54	17	-161.531113
53	54	16	-180.146713
54	54	13	-192.98494
55	54	16	-191.152313
56	54	61	-176.563599
57	54	25	-142.108826
58	54	5	-104.931145
59	54	630	-99.221191
60	54	130	-99.326256
61	54	631	-146.462372
62	54	16	-152.641663
63	54	13	-111.798096
64	54	17	-102.879196
65	54	17	-92.653885
66	54	16	-89.521706
67	54	16	-90.726616
68	54	18	-96.383583
69	54	33	-102.549179
70	54	19	-98.321289
71	54	5	-89.825958
72	54	6	-92.409294
73	54	7	-100.362633
74	54	4	-104.485229
75	54	7	-98.211121
76	54	4	-97.429749
77	54	5	15.01876
78	54	5	6.247142
79	54	7	0.526976
80	54	5	0
81	54	5	0
82	54	6	0
83	54	20	0
84	54	632	0.091095
85	54	163	0.066516
86	54	163	0
87	54	340	0
88	54	23	0
89	54	7	6.405597
90	54	6	21.104717
91	54	5	30.3197
92	54	55	32.636787
93	54	33	47.785923
94	54	33	67.484932
95	54	633	74.452187
96	54	624	47.491898
97	54	624	1.166025
98	54	634	-32.766136
99	54	605	-53.491013
100	54	587	-68.412643
101	54	635	-72.014107
102	54	634	-67.342598
103	54	587	-49.413368
104	54	636	-20.473612
105	54	568	11.310999
106	54	170	46.384022
107	54	142	88.55838
108	54	309	133.31102
109	54	5	172.646927
110	54	220	202.818085
111	54	293	224.040085
112	54	15	239.681961
113	54	17	249.758606
114	54	17	249.038361
115	54	17	244.957748
116	54	17	239.396164
117	54	279	231.479874
118	54	141	216.428711
119	54	185	192.468964
120	54	131	162.104294
121	54	78	133.428421
122	54	142	111.076012
123	54	143	88.134628
124	54	143	67.737717
125	54	309	51.784019
126	54	7	45.088272
127	54	5	38.995274
128	54	5	0
0	55	5	0
1	55	5	-7.313409
2	55	4	-21.491249
3	55	7	-37.713047
4	55	7	-51.930885
5	55	6	-57.265213
6	55	7	-48.082909
7	55	6	-32.941856
8	55	7	-16.343744
9	55	5	-2.72852
10	55	15	0
11	55	16	0
12	55	13	-23.712011
13	55	16	-23.712011
14	55	16	0
15	55	13	0
16	55	17	0
17	55	16	0
18	55	13	0
19	55	637	0
20	55	638	-0.705617
21	55	143	-5.337014
22	55	142	-13.294288
23	55	170	-14.078872
24	55	170	-6.429419
25	55	402	-0.923527
26	55	428	0
27	55	428	-0.164405
28	55	428	-1.733188
29	55	407	-6.577304
30	55	250	-10.980654
31	55	250	-8.79047
32	55	542	-1.561792
33	55	479	0
34	55	42	0
35	55	639	-121.737427
36	55	25	-116.049423
37	55	220	-116.049423
38	55	296	0
39	55	142	-65.784012
40	55	170	-65.784012
41	55	194	-65.784012
42	55	170	-65.784012
43	55	170	-67.224014
44	55	143	-226.161026
45	55	194	-232.512009
46	55	170	-232.512009
47	55	364	-232.512009
48	55	25	-148.937653
49	55	15	-178.869263
50	55	16	-202.378342
51	55	18	-190.434952
52	55	33	-169.45784
53	55	33	-171.762558
54	55	34	-186.041367
55	55	13	-187.674713
56	55	61	-170.799118
57	55	21	-142.051254
58	55	640	-102.771179
59	55	132	-90.287827
60	55	631	-90.409615
61	55	35	-140.512573
62	55	36	-151.797562
63	55	16	-112.382385
64	55	17	-101.255829
65	55	16	-88.164856
66	55	13	-77.590324
67	55	23	-74.59388
68	55	5	-82.510757
69	55	7	-94.622009
70	55	5	-93.039917
71	55	20	-87.006172
72	55	21	-86.19857
73	55	25	-93.770035
74	55	6	-101.404884
75	55	6	-104.673058
76	55	20	-107.293121
77	55	21	6.455169
78	55	25	7.673357
79	55	4	11.198373
80	55	26	8.902985
81	55	2	2.426441
82	55	641	0.307572
83	55	78	0.328991
84	55	142	0.899111
85	55	143	0.728705
86	55	339	1.043939
87	55	318	2.190349
88	55	60	7.786387
89	55	4	25.909927
90	55	4	50.226997
91	55	5	61.189617
92	55	5	62.395161
93	55	7	62.606575
94	55	614	70.678978
95	55	642	63.885593
96	55	643	42.695648
97	55	644	0.987909
98	55	644	-20.775221
99	55	644	-34.344963
100	55	644	-40.296871
101	55	644	-39.076786
102	55	644	-31.788452
103	55	568	-14.48479
104	55	143	11.927003
105	55	194	40.403328
106	55	143	73.450462
107	55	364	111.321754
108	55	21	146.864502
109	55	25	182.464508
110	55	5	214.619629
111	55	55	233.767365
112	55	34	246.376251
113	55	17	255.671402
114	55	17	314.3396
115	55	279	313.097107
116	55	141	251.258682
117	55	143	242.072403
118	55	103	224.199554
119	55	16	196.986008
120	55	78	164.932785
121	55	142	139.322113
122	55	142	117.24131
123	55	294	92.757378
124	55	293	69.654381
125	55	5	53.664043
126	55	6	46.459011
127	55	5	41.230968
128	55	7	0
0	56	5	0
1	56	6	-8.904366
2	56	281	-25.19759
3	56	80	-41.921352
4	56	80	-55.411587
5	56	60	-59.148846
6	56	4	-48.917122
7	56	5	-32.849743
8	56	281	-15.629714
9	56	645	-1.810482
10	56	49	0
11	56	646	0
12	56	646	-34.680092
13	56	647	-34.680092
14	56	646	0
15	56	646	0
16	56	647	0
17	56	646	0
18	56	648	0
19	56	649	0
20	56	142	0
21	56	142	0
22	56	194	-3.074847
23	56	402	-4.393167
24	56	252	-2.391081
25	56	11	0
26	56	10	0
27	56	10	0
28	56	57	0
29	56	36	-0.042419
30	56	31	-0.413763
31	56	58	0
32	56	641	0
33	56	17	0
34	56	13	0
35	56	61	-116.049423
36	56	650	-116.049423
37	56	282	-116.049423
38	56	170	0
39	56	170	-65.784012
40	56	194	-65.784012
41	56	143	-65.784012
42	56	142	-103.175995
43	56	194	-103.175995
44	56	194	-232.512009
45	56	142	-232.512009
46	56	103	-232.512009
47	56	61	-232.512009
48	56	22	-153.513306
49	56	18	-179.919113
50	56	19	-207.433243
51	56	7	-200.789658
52	56	5	-185.304764
53	56	15	-188.238129
54	56	17	-199.241135
55	56	13	-190.054321
56	56	16	-169.743286
57	56	651	-138.238892
58	56	105	-101.58268
59	56	631	-90.730766
60	56	10	-90.424026
61	56	12	-142.017593
62	56	13	-153.522064
63	56	17	-115.529251
64	56	17	-106.230309
65	56	16	-95.09079
66	56	61	-86.782265
67	56	25	-86.542732
68	56	7	-92.289597
69	56	4	-100.717697
70	56	15	-102.179893
71	56	16	-97.449074
72	56	23	-95.363304
73	56	6	-97.959869
74	56	4	-102.620789
75	56	15	-109.131592
76	56	13	-114.672882
77	56	61	4.69258
78	56	21	17.14752
79	56	401	36.668476
80	56	11	40.27356
81	56	652	29.353792
82	56	141	28.472723
83	56	142	27.131903
84	56	143	23.105438
85	56	194	26.021681
86	56	143	23.533329
87	56	79	20.759674
88	56	60	24.289379
89	56	281	41.623428
90	56	80	55.252995
91	56	80	65.984886
92	56	80	65.399986
93	56	80	73.045479
94	56	80	68.010338
95	56	282	57.259548
96	56	142	33.778374
97	56	194	8.498941
98	56	143	-8.02957
99	56	143	-11.948298
100	56	170	-11.361338
101	56	194	-5.997874
102	56	142	3.150997
103	56	170	17.890162
104	56	170	41.338024
105	56	170	67.378105
106	56	339	99.412094
107	56	340	129.163406
108	56	61	154.257843
109	56	650	183.49881
110	56	80	210.368713
111	56	540	231.142593
112	56	163	242.831131
113	56	163	253.9496
114	56	141	318.109924
115	56	194	315.352448
116	56	170	252.418365
117	56	339	241.301163
118	56	163	223.492752
119	56	141	195.692978
120	56	194	164.6996
121	56	194	143.055786
122	56	79	119.910576
123	56	80	95.560555
124	56	80	72.554291
125	56	60	57.971264
126	56	6	49.178406
127	56	4	44.787567
128	56	281	0
0	57	80	0
1	57	282	-10.387606
2	57	142	-27.466633
3	57	142	-43.738224
4	57	309	-56.515015
5	57	7	-59.108456
6	57	4	-48.610638
7	57	247	-32.944942
8	57	224	-15.28584
9	57	311	-1.278115
10	57	653	0
11	57	653	-54.696033
12	57	654	-54.696033
13	57	653	-66.456017
14	57	655	0
15	57	204	0
16	57	656	0
17	57	130	0
18	57	657	0
19	57	142	0
20	57	170	0
21	57	402	0
22	57	252	0
23	57	28	0
24	57	41	0
25	57	24	0
26	57	24	0
27	57	24	0
28	57	57	0
29	57	54	0
30	57	0	0
31	57	12	0
32	57	16	0
33	57	16	0
34	57	17	0
35	57	164	-116.049423
36	57	295	-116.049423
37	57	296	-116.049423
38	57	143	-87.336021
39	57	170	-82.68
40	57	194	-82.68
41	57	142	-103.175995
42	57	170	-103.175995
43	57	143	-204.888275
44	57	294	-232.512009
45	57	211	-232.512009
46	57	34	-223.360367
47	57	13	-205.949402
48	57	59	-195.430893
49	57	80	-204.877777
50	57	60	-213.696442
51	57	5	-205.742737
52	57	55	-196.698517
53	57	34	-198.852921
54	57	17	-208.241486
55	57	16	-199.998871
56	57	651	-176.178116
57	57	651	-143.303497
58	57	631	-105.449066
59	57	42	-97.050613
60	57	29	-100.359039
61	57	17	-178.168671
62	57	16	-184.511719
63	57	13	-184.511719
64	57	17	-113.715385
65	57	17	-108.243996
66	57	23	-105.898926
67	57	7	-107.844429
68	57	5	-9.52956
69	57	15	-111.641533
70	57	18	-110.536591
71	57	19	-3.147467
72	57	6	-108.046219
73	57	6	-106.755692
74	57	15	-4.113665
75	57	593	-88.657112
76	57	658	-92.875885
77	57	163	12.42755
78	57	112	29.63233
79	57	137	64.571175
80	57	166	87.017227
81	57	170	85.179794
82	57	170	78.708466
83	57	194	74.799942
84	57	194	73.812218
85	57	143	67.158684
86	57	143	72.236084
87	57	79	60.724155
88	57	282	43.504646
89	57	170	45.533627
90	57	194	50.156494
91	57	170	60.948177
92	57	143	77.15612
93	57	194	80.467369
94	57	170	82.737602
95	57	185	80.298759
96	57	101	69.159119
97	57	142	43.22678
98	57	170	16.072046
99	57	194	11.309462
100	57	142	16.436811
101	57	194	25.321083
102	57	170	35.689548
103	57	142	46.910652
104	57	170	66.52211
105	57	142	89.538887
106	57	103	114.450745
107	57	13	137.912201
108	57	100	160.756638
109	57	101	181.127777
110	57	294	203.670181
111	57	296	227.921341
112	57	194	242.363937
113	57	194	250.309906
114	57	194	314.181427
115	57	170	315.243622
116	57	143	253.351654
117	57	170	242.605499
118	57	170	224.215317
119	57	143	200.849808
120	57	143	176.498016
121	57	170	151.465698
122	57	170	122.644836
123	57	194	96.175171
124	57	79	75.189262
125	57	80	59.674347
126	57	80	50.84016
127	57	282	47.386982
128	57	194	0
0	58	170	0
1	58	194	-11.096097
2	58	143	-26.140228
3	58	309	-41.371861
4	58	5	-53.643013
5	58	7	-55.506084
6	58	220	-44.86636
7	58	296	-30.045841
8	58	142	-14.1473
9	58	143	-0.944872
10	58	170	0
11	58	194	-54.696033
12	58	142	-66.456017
13	58	79	-86.538132
14	58	80	-86.538132
15	58	80	0
16	58	80	0
17	58	282	0
18	58	170	0
19	58	142	0
20	58	338	0
21	58	11	-67.607597
22	58	12	-67.607597
23	58	43	-67.607597
24	58	42	-67.607597
25	58	41	-188.136017
26	58	24	-79.992058
27	58	11	-79.992058
28	58	0	-79.992058
29	58	37	0
30	58	597	0
31	58	16	0
32	58	17	0
33	58	13	0
34	58	59	0
35	58	80	-116.049423
36	58	659	-116.049423
37	58	296	-116.049423
38	58	170	-87.336021
39	58	142	-82.68
40	58	143	-82.68
41	58	294	-95.543983
42	58	295	-188.136017
43	58	534	-204.888275
44	58	21	-232.512009
45	58	22	-232.512009
46	58	13	-232.512009
47	58	78	-229.806534
48	58	143	-227.502289
49	58	79	-227.908051
50	58	60	-221.380768
51	58	7	-215.596298
52	58	15	-203.605957
53	58	16	-197.660736
54	58	16	-208.874634
55	58	16	-221.986984
56	58	16	-228.794647
57	58	13	-115.146034
58	58	13	-111.826622
59	58	17	-108.844711
60	58	16	-109.934517
61	58	16	-182.653671
62	58	17	-184.511719
63	58	16	-199.655762
64	58	17	-199.655762
65	58	61	-116.07901
66	58	21	-115.955063
67	58	21	-116.255981
68	58	22	-116.255981
69	58	61	-116.255981
70	58	25	-116.255981
71	58	5	-115.568542
72	58	6	-142.030853
73	58	660	-134.801498
74	58	661	-74.028465
75	58	662	-94.120277
76	58	170	-97.045914
77	58	143	-28.725584
78	58	143	30.66823
79	58	142	65.272972
80	58	170	98.207787
81	58	142	111.425995
82	58	170	110.060799
83	58	194	113.489342
84	58	143	106.295547
85	58	170	104.708923
86	58	142	96.551781
87	58	170	80.529099
88	58	142	61.345596
89	58	194	57.894924
90	58	142	55.641834
91	58	143	81.280174
92	58	142	104.038177
93	58	142	100.313118
94	58	339	95.726379
95	58	541	116.467239
96	58	101	122.600075
97	58	170	93.719513
98	58	143	47.888958
99	58	143	23.009296
100	58	170	35.419678
101	58	170	48.733635
102	58	142	61.040833
103	58	142	70.456825
104	58	170	81.87281
105	58	103	100.147629
106	58	17	121.615433
107	58	16	141.370361
108	58	164	161.461136
109	58	293	176.393265
110	58	220	198.54808
111	58	296	223.528229
112	58	142	238.056885
113	58	142	246.08754
114	58	185	252.758133
115	58	250	258.116577
116	58	663	255.711365
117	58	664	250.036514
118	58	250	238.01004
119	58	250	224.703232
120	58	250	200.671021
121	58	250	164.711533
122	58	250	124.591835
123	58	101	94.283195
124	58	142	75.068123
125	58	143	58.843002
126	58	665	50.150734
127	58	666	47.429756
128	58	666	0
0	59	667	0
1	59	143	-9.79528
2	59	309	-22.696329
3	59	5	-36.092426
4	59	7	-46.931789
5	59	4	-47.575966
6	59	220	-37.467987
7	59	295	-106.452034
8	59	295	-11.651347
9	59	296	-0.554401
10	59	142	0
11	59	143	-86.538132
12	59	143	-86.538132
13	59	170	-86.538132
14	59	170	-86.538132
15	59	170	-118.080154
16	59	142	0
17	59	194	0
18	59	194	0
19	59	338	0
20	59	37	0
21	59	129	-67.607597
22	59	33	-67.607597
23	59	34	-67.607597
24	59	14	-188.136017
25	59	24	-188.136017
26	59	24	-188.136017
27	59	28	-79.992058
28	59	283	-79.992058
29	59	55	-92.688026
30	59	33	-92.688026
31	59	33	-92.688026
32	59	33	-92.688026
33	59	668	0
34	59	143	0
35	59	79	-139.296371
36	59	282	-139.296371
37	59	143	-139.296371
38	59	142	-139.296371
39	59	170	-82.68
40	59	309	-188.136017
41	59	4	-188.136017
42	59	15	-188.136017
43	59	13	-188.136017
44	59	13	-78.072052
45	59	16	-97.319839
46	59	78	-97.319839
47	59	631	-97.319839
48	59	102	-97.319839
49	59	669	-95.266907
50	59	80	-88.39341
51	59	81	-84.229706
52	59	17	-72.207535
53	59	13	-65.671158
54	59	17	-75.033272
55	59	13	5.853464
56	59	16	0
57	59	16	0
58	59	13	1.025548
59	59	31	1.757995
60	59	36	1.198642
61	59	13	-184.511719
62	59	13	-199.655762
63	59	13	-199.655762
64	59	17	-199.655762
65	59	17	-216.911926
66	59	13	-232.512009
67	59	13	-232.247711
68	59	13	-232.101791
69	59	23	-232.512009
70	59	4	-160.313736
71	59	4	-160.313736
72	59	670	-160.105377
73	59	587	-148.190338
74	59	662	-167.136536
75	59	194	-127.937714
76	59	194	-133.272079
77	59	142	-12.944442
78	59	170	22.303522
79	59	170	38.008156
80	59	170	77.272705
81	59	142	98.673454
82	59	143	107.906891
83	59	185	115.654778
84	59	101	113.286598
85	59	170	110.237862
86	59	194	103.80146
87	59	194	94.646561
88	59	194	99.227417
89	59	170	94.60331
90	59	170	85.483597
91	59	143	101.862221
92	59	143	120.502937
93	59	170	91.630058
94	59	103	89.484848
95	59	78	124.500931
96	59	194	150.13147
97	59	194	122.908844
98	59	185	67.774483
99	59	101	33.256462
100	59	194	41.876339
101	59	294	57.231266
102	59	295	72.199852
103	59	295	84.469795
104	59	211	93.791985
105	59	34	107.835815
106	59	671	125.424477
107	59	672	139.961456
108	59	673	154.720001
109	59	281	166.676208
110	59	282	187.103989
111	59	194	210.481598
112	59	194	224.060425
113	59	103	231.166763
114	59	16	242.17627
115	59	212	252.773468
116	59	82	259.002014
117	59	13	254.13765
118	59	17	244.248672
119	59	17	239.359711
120	59	13	214.74556
121	59	17	170.94313
122	59	78	122.282097
123	59	170	89.352066
124	59	142	72.545647
125	59	674	57.635452
126	59	675	50.185646
127	59	675	47.580391
128	59	676	0
0	60	194	0
1	60	309	-8.040993
2	60	4	-19.799845
3	60	7	-31.369633
4	60	5	-39.445114
5	60	7	-38.687374
6	60	4	-29.726942
7	60	7	-100.502884
8	60	220	-94.571442
9	60	295	-92.622528
10	60	295	-93.293694
11	60	295	-92.813011
12	60	295	-90.946091
13	60	295	-87.924095
14	60	295	-118.684647
15	60	296	-118.576553
16	60	142	-68.737007
17	60	194	-0.980422
18	60	330	-0.952729
19	60	113	-0.717849
20	60	60	-0.187393
21	60	4	-67.607597
22	60	15	-67.607597
23	60	88	-67.820305
24	60	38	-189.374451
25	60	39	-189.93811
26	60	12	-189.842758
27	60	61	-189.105652
28	60	25	-94.679688
29	60	4	-98.687965
30	60	4	-98.687965
31	60	20	-98.687965
32	60	677	-98.687965
33	60	101	-98.687965
34	60	170	-188.136017
35	60	142	-166.464172
36	60	194	-166.464172
37	60	143	-166.464172
38	60	142	-188.136017
39	60	309	-188.136017
40	60	6	-188.136017
41	60	15	-188.136017
42	60	17	-188.136017
43	60	279	-188.136017
44	60	163	-78.072052
45	60	141	-81.623962
46	60	631	8.952001
47	60	102	8.952001
48	60	631	-81.623962
49	60	142	-78.681091
50	60	339	-71.802963
51	60	340	-67.836029
52	60	17	-65.147995
53	60	17	-62.949284
54	60	16	-68.61412
55	60	16	0.29707
56	60	13	0
57	60	13	53.760006
58	60	43	53.760006
59	60	29	53.760006
60	60	13	0
61	60	13	-116.255981
62	60	16	-199.655762
63	60	16	-199.655762
64	60	17	-216.911926
65	60	13	-232.512009
66	60	13	-230.187592
67	60	16	-225.206558
68	60	23	-225.259262
69	60	5	-230.222717
70	60	623	-198.191895
71	60	634	-175.319901
72	60	678	-169.950867
73	60	662	-167.473801
74	60	170	-151.498505
75	60	194	-118.827499
76	60	142	-135.063736
77	60	185	-63.192173
78	60	101	13.703635
79	60	142	27.228382
80	60	143	60.840797
81	60	143	84.03685
82	60	339	89.330872
83	60	141	99.423317
84	60	194	110.347412
85	60	194	117.42173
86	60	143	119.970314
87	60	194	116.624428
88	60	142	121.294441
89	60	170	121.442894
90	60	170	95.435371
91	60	194	98.412071
92	60	185	102.846375
93	60	131	77.954094
94	60	100	67.002983
95	60	250	101.151848
96	60	250	118.880295
97	60	131	108.413513
98	60	100	61.07766
99	60	250	36.151981
100	60	542	44.813782
101	60	6	62.129337
102	60	5	82.033875
103	60	4	99.209244
104	60	15	107.274414
105	60	679	114.766243
106	60	679	123.720909
107	60	679	179.035919
108	60	680	189.091248
109	60	170	154.120209
110	60	294	167.343155
111	60	295	184.07753
112	60	211	195.131012
113	60	681	204.351547
114	60	682	225.13092
115	60	82	239.400726
116	60	17	245.083069
117	60	279	240.012848
118	60	163	229.100708
119	60	163	219.504333
120	60	163	197.781128
121	60	141	156.224731
122	60	143	113.375298
123	60	143	86.600204
124	60	683	70.464554
125	60	684	58.583538
126	60	684	52.545132
127	60	685	50.083771
128	60	194	0
0	61	309	0
1	61	7	-7.813489
2	61	4	-18.127287
3	61	5	-27.339542
4	61	6	-32.42804
5	61	5	-30.917854
6	61	4	-23.959257
7	61	20	-98.743912
8	61	21	-95.845001
9	61	25	-199.403442
10	61	4	-201.536102
11	61	4	-201.984909
12	61	4	-199.875854
13	61	4	-126.470879
14	61	247	-126.065376
15	61	194	-77.90593
16	61	143	-79.995636
17	61	170	-81.970566
18	61	194	-81.051758
19	61	364	-78.62542
20	61	21	-75.993294
21	61	22	-74.158592
22	61	23	-73.00322
23	61	5	-73.461105
24	61	479	-194.153732
25	61	29	-193.94696
26	61	18	-192.474762
27	61	19	-191.459915
28	61	5	-189.90097
29	61	6	-188.177551
30	61	15	-188.136017
31	61	13	-188.136017
32	61	78	-188.136017
33	61	170	-188.136017
34	61	170	-188.136017
35	61	194	-178.536118
36	61	143	-178.824127
37	61	194	-178.824127
38	61	79	-188.136017
39	61	60	-188.136017
40	61	55	-188.136017
41	61	33	-188.136017
42	61	210	-188.136017
43	61	296	-65.424019
44	61	143	-78.072052
45	61	631	-81.623962
46	61	102	8.952001
47	61	102	8.952001
48	61	631	-81.623962
49	61	143	-80.902298
50	61	339	-76.090553
51	61	340	-74.349983
52	61	16	-70.831398
53	61	18	-67.014534
54	61	34	-68.421738
55	61	13	3.832381
56	61	13	0
57	61	13	50.592007
58	61	16	46.296017
59	61	18	49.104
60	61	33	0
61	61	33	-116.255981
62	61	33	-116.255981
63	61	34	-216.911926
64	61	17	-232.512009
65	61	17	-232.512009
66	61	16	-225.453156
67	61	23	-216.96698
68	61	7	-214.516327
69	61	670	-221.975357
70	61	678	-230.875259
71	61	678	-203.198135
72	61	662	-189.528778
73	61	143	-158.278442
74	61	194	-131.174896
75	61	194	-104.029198
76	61	103	-136.879669
77	61	100	-76.173782
78	61	101	12.564929
79	61	170	30.18222
80	61	194	52.894066
81	61	142	65.322868
82	61	170	66.196617
83	61	142	70.127899
84	61	143	92.297188
85	61	170	116.363159
86	61	143	126.21714
87	61	143	129.458786
88	61	194	129.043884
89	61	143	109.154305
90	61	143	91.497566
91	61	103	95.195175
92	61	18	82.906349
93	61	33	72.285828
94	61	33	68.81295
95	61	33	73.812592
96	61	33	82.302536
97	61	33	78.786354
98	61	34	54.609295
99	61	23	38.088634
100	61	5	45.506897
101	61	20	63.881798
102	61	21	84.59211
103	61	22	102.054314
104	61	686	112.210785
105	61	130	119.058929
106	61	679	121.821251
107	61	687	170.36467
108	61	194	177.485199
109	61	79	138.813232
110	61	80	147.851929
111	61	80	158.989258
112	61	81	169.778259
113	61	13	188.862442
114	61	18	208.269073
115	61	33	224.900665
116	61	668	231.293106
117	61	194	227.223007
118	61	194	212.126785
119	61	143	195.044281
120	61	170	167.828857
121	61	170	135.847839
122	61	170	107.407089
123	61	194	86.147064
124	61	194	68.321175
125	61	170	57.42638
126	61	142	54.66407
127	61	194	52.880043
128	61	309	0
0	62	6	0
1	62	4	-8.723901
2	62	5	-17.54921
3	62	4	-25.534592
4	62	4	-29.060129
5	62	6	-26.289349
6	62	15	-21.370281
7	62	17	-98.828606
8	62	23	-97.89637
9	62	6	-206.241058
10	62	7	-210.081772
11	62	4	-210.342499
12	62	7	-208.241623
13	62	247	-166.765808
14	62	194	-166.651611
15	62	143	-90.599243
16	62	142	-94.515411
17	62	143	-96.162537
18	62	339	-97.006599
19	62	163	-93.373497
20	62	163	-88.368507
21	62	688	-84.31897
22	62	25	-82.22554
23	62	15	-80.827698
24	62	18	-200.143906
25	62	19	-198.763306
26	62	6	-196.791382
27	62	5	-193.635895
28	62	20	-191.643478
29	62	22	-189.394073
30	62	13	-188.136017
31	62	78	-188.136017
32	62	170	-188.136017
33	62	142	-188.136017
34	62	194	-188.136017
35	62	142	-188.136017
36	62	170	-188.136017
37	62	142	-188.136017
38	62	79	-100.511879
39	62	80	-100.511879
40	62	60	-188.136017
41	62	7	-188.136017
42	62	220	-65.424019
43	62	296	-65.424019
44	62	631	-81.623962
45	62	130	-81.623962
46	62	102	-81.623962
47	62	631	-81.623962
48	62	194	-81.623962
49	62	170	-81.623962
50	62	103	-81.473839
51	62	13	-80.798958
52	62	61	-70.711525
53	62	22	-58.797649
54	62	16	-60.973473
55	62	13	-71.764305
56	62	13	1.213361
57	62	16	0
58	62	23	0
59	62	6	0
60	62	7	0
61	62	5	-116.255981
62	62	15	-116.255981
63	62	17	-232.043167
64	62	16	-229.768768
65	62	17	-228.852478
66	62	23	-218.271515
67	62	20	-202.20047
68	62	689	-200.15567
69	62	587	-200.703781
70	62	690	-194.634842
71	62	662	-191.134949
72	62	142	-181.251892
73	62	143	-130.62262
74	62	170	-123.452866
75	62	103	-106.956329
76	62	17	-150.44989
77	62	100	-77.121552
78	62	101	11.035366
79	62	143	15.234775
80	62	194	26.456604
81	62	185	32.666618
82	62	250	32.388958
83	62	250	41.683601
84	62	250	52.413677
85	62	408	99.885536
86	62	295	134.973755
87	62	295	143.90654
88	62	295	133.157104
89	62	295	113.423477
90	62	211	112.065109
91	62	19	115.679985
92	62	7	81.946518
93	62	5	62.707695
94	62	5	71.6828
95	62	5	76.010605
96	62	6	79.391327
97	62	55	81.5224
98	62	19	64.022186
99	62	7	45.976639
100	62	15	45.111092
101	62	13	62.303406
102	62	16	81.617012
103	62	691	97.408127
104	62	692	108.820808
105	62	692	115.31031
106	62	677	119.410828
107	62	101	218.436539
108	62	170	223.02066
109	62	143	228.277618
110	62	194	132.860184
111	62	339	142.60582
112	62	163	157.556335
113	62	626	179.91835
114	62	5	200.588272
115	62	247	217.842514
116	62	194	224.576675
117	62	142	221.099655
118	62	194	206.682678
119	62	194	181.202576
120	62	142	151.823349
121	62	143	128.141251
122	62	194	105.725616
123	62	194	82.265503
124	62	196	62.254322
125	62	197	52.804153
126	62	693	54.354591
127	62	293	53.063187
128	62	5	0
0	63	7	0
1	63	7	-11.042314
2	63	4	-18.738146
3	63	5	-26.365795
4	63	5	-29.233419
5	63	15	-24.575994
6	63	16	-20.701296
7	63	23	-99.570961
8	63	7	-101.308983
9	63	5	-212.45694
10	63	5	-217.758392
11	63	5	-217.161194
12	63	247	-216.275925
13	63	143	-176.075684
14	63	170	-177.055084
15	63	170	-205.702667
16	63	142	-228.589584
17	63	194	-231.61113
18	63	143	-231.87941
19	63	170	-227.811722
20	63	103	-221.171692
21	63	61	-215.018326
22	63	22	-211.368942
23	63	23	-208.49057
24	63	7	-206.241455
25	63	5	-203.376389
26	63	6	-200.650345
27	63	15	-196.243195
28	63	17	-192.838104
29	63	17	-190.31076
30	63	78	-188.145218
31	63	142	-188.136017
32	63	194	-188.136017
33	63	143	-188.136017
34	63	142	-188.136017
35	63	142	-188.136017
36	63	142	-188.136017
37	63	102	-188.136017
38	63	143	-100.511879
39	63	79	-100.511879
40	63	60	-188.136017
41	63	281	-188.136017
42	63	659	-65.424019
43	63	694	-65.424019
44	63	130	-81.623962
45	63	102	-81.623962
46	63	631	-81.623962
47	63	194	-98.829391
48	63	143	-98.829391
49	63	339	-98.829391
50	63	163	-98.829391
51	63	163	0
52	63	340	7.880314
53	63	13	-64.058502
54	63	17	-62.362988
55	63	17	-70.749809
56	63	17	-76.962563
57	63	61	1.745198
58	63	25	-116.218727
59	63	4	-114.89344
60	63	6	-113.440315
61	63	15	-113.924049
62	63	17	-115.819229
63	63	13	-144.655701
64	63	17	-224.807693
65	63	23	-206.307739
66	63	15	-195.610199
67	63	602	-218.526138
68	63	690	-209.31308
69	63	605	-181.091537
70	63	662	-170.161041
71	63	142	-178.04451
72	63	194	-177.378082
73	63	142	-131.659439
74	63	103	-114.299385
75	63	17	-96.478897
76	63	16	-149.618195
77	63	100	-55.328228
78	63	250	2.341314
79	63	250	3.08126
80	63	131	2.977974
81	63	16	5.964604
82	63	16	12.756584
83	63	13	12.741134
84	63	23	29.181068
85	63	5	83.46447
86	63	7	135.736755
87	63	6	149.309982
88	63	7	143.319504
89	63	5	139.216858
90	63	4	131.898331
91	63	5	114.986
92	63	6	77.002388
93	63	6	58.485321
94	63	6	74.351616
95	63	7	87.120995
96	63	7	97.404373
97	63	281	106.835823
98	63	80	82.309044
99	63	540	55.076694
100	63	340	45.037773
101	63	16	58.895561
102	63	16	77.36055
103	63	16	92.932396
104	63	16	103.844368
105	63	16	110.611259
106	63	100	114.363029
107	63	250	215.801758
108	63	250	215.782379
109	63	695	217.570358
110	63	197	121.173576
111	63	332	129.498657
112	63	79	147.751022
113	63	398	170.783295
114	63	184	194.015915
115	63	194	209.312454
116	63	142	220.217468
117	63	170	220.654373
118	63	194	208.427826
119	63	143	180.428558
120	63	142	146.343994
121	63	170	123.473991
122	63	143	100.825439
123	63	696	77.475357
124	63	157	54.896446
125	63	383	49.868664
126	63	7	53.821827
127	63	4	52.367451
128	63	7	0
0	64	7	0
1	64	5	-13.335156
2	64	5	-21.35009
3	64	4	-28.339338
4	64	15	-30.446941
5	64	17	-24.845453
6	64	59	-20.923637
7	64	80	-100.445343
8	64	60	-102.305382
9	64	20	-214.014862
10	64	21	-220.285797
11	64	184	-219.39093
12	64	142	-220.392624
13	64	196	-189.040665
14	64	197	-182.682449
15	64	222	-213.330032
16	64	250	-238.699951
17	64	101	-242.62149
18	64	143	-242.296097
19	64	103	-237.999161
20	64	18	-230.021225
21	64	33	-222.37291
22	64	160	-217.100601
23	64	21	-213.5401
24	64	25	-209.94635
25	64	5	-206.663239
26	64	15	-202.676605
27	64	13	-197.485077
28	64	13	-193.194427
29	64	100	-190.57193
30	64	408	-188.223007
31	64	296	-188.136017
32	64	170	-188.136017
33	64	170	-188.136017
34	64	142	-188.136017
35	64	194	-188.136017
36	64	170	-188.136017
37	64	142	-188.136017
38	64	170	-188.136017
39	64	79	-188.136017
40	64	659	-188.136017
41	64	697	-188.136017
42	64	698	-188.136017
43	64	631	-188.136017
44	64	102	-188.136017
45	64	102	-81.623962
46	64	102	-81.623962
47	64	102	-98.829391
48	64	132	-98.829391
49	64	170	-98.829391
50	64	170	-98.829391
51	64	103	-98.829391
52	64	16	1.584446
53	64	17	6.063591
54	64	17	-72.736488
55	64	17	-73.33287
56	64	13	-75.654709
57	64	23	3.357568
58	64	5	-111.40699
59	64	20	-104.297913
60	64	22	-100.765411
61	64	16	-105.191803
62	64	17	-137.802277
63	64	16	-166.272552
64	64	23	-181.331528
65	64	15	-195.789139
66	64	699	-216.474991
67	64	700	-225.161774
68	64	690	-216.573563
69	64	662	-186.589935
70	64	194	-173.940948
71	64	170	-180.032257
72	64	194	-192.209518
73	64	103	-158.437714
74	64	13	-161.449127
75	64	17	-145.580978
76	64	16	-184.131989
77	64	13	-98.948242
78	64	13	-109.182281
79	64	16	-110.200478
80	64	16	-115.122849
81	64	16	-116.255981
82	64	18	-116.252747
83	64	19	2.141445
84	64	7	19.572262
85	64	6	73.837875
86	64	7	106.387299
87	64	5	119.292328
88	64	7	126.602928
89	64	7	128.1008
90	64	5	116.490074
91	64	26	95.78096
92	64	3	75.915794
93	64	281	70.285149
94	64	80	73.216141
95	64	80	95.202904
96	64	282	127.731079
97	64	194	118.70871
98	64	170	88.614914
99	64	339	56.777016
100	64	163	47.208733
101	64	163	55.133991
102	64	340	71.709091
103	64	13	87.172874
104	64	16	98.359993
105	64	13	104.418106
106	64	13	105.918304
107	64	17	208.308151
108	64	167	209.436844
109	64	90	208.613388
110	64	331	111.358772
111	64	222	119.79232
112	64	131	141.38385
113	64	78	168.687866
114	64	170	191.960144
115	64	194	204.955505
116	64	142	215.041718
117	64	170	218.511765
118	64	143	207.649338
119	64	170	176.280197
120	64	194	141.351288
121	64	294	113.693871
122	64	701	92.91732
123	64	97	70.688728
124	64	97	53.234352
125	64	98	50.641529
126	64	6	54.795254
127	64	4	52.746574
128	64	4	0
0	65	6	0
1	65	4	-14.262683
2	65	6	-22.769495
3	65	55	-29.678923
4	65	33	-31.237888
5	65	668	-25.732801
6	65	170	-20.694315
7	65	309	-99.236191
8	65	15	-99.18261
9	65	13	-209.445847
10	65	78	-214.183105
11	65	170	-214.904312
12	65	144	-216.186432
13	65	66	-218.267334
14	65	460	-220.937561
15	65	13	-228.93248
16	65	78	-236.755951
17	65	142	-241.025208
18	65	379	-240.926163
19	65	19	-237.001694
20	65	20	-229.810608
21	65	22	-222.458679
22	65	18	-216.843903
23	65	19	-213.2742
24	65	7	-209.165833
25	65	55	-204.711319
26	65	34	-201.02211
27	65	16	-196.612045
28	65	17	-192.591049
29	65	61	-190.125626
30	65	184	-188.136017
31	65	194	-188.136017
32	65	194	-188.136017
33	65	170	-188.136017
34	65	143	-188.136017
35	65	142	-188.136017
36	65	294	-188.136017
37	65	295	-188.136017
38	65	295	-188.136017
39	65	702	-188.136017
40	65	703	-188.136017
41	65	704	-188.136017
42	65	105	-188.136017
43	65	130	-174.431961
44	65	130	-174.431961
45	65	105	-155.280167
46	65	631	-155.280167
47	65	132	-138.81636
48	65	142	-125.184441
49	65	170	-98.829391
50	65	103	-98.829391
51	65	13	-98.829391
52	65	18	0
53	65	33	0
54	65	33	1.748475
55	65	34	-77.906067
56	65	61	-108.818588
57	65	21	-111.136795
58	65	22	-112.370277
59	65	16	-84.813217
60	65	13	-76.809792
61	65	16	-85.970894
62	65	13	-104.037758
63	65	23	-168.152039
64	65	15	-185.79863
65	65	17	-182.110519
66	65	602	-225.523819
67	65	605	-235.309814
68	65	662	-233.488663
69	65	143	-228.952133
70	65	194	-204.641861
71	65	143	-185.385101
72	65	339	-196.930923
73	65	163	-181.826569
74	65	163	-214.003891
75	65	163	-207.363571
76	65	163	-229.189789
77	65	163	-102.348526
78	65	163	-92.395493
79	65	340	-89.661537
80	65	16	-101.497185
81	65	23	-111.820953
82	65	7	-116.255981
83	65	7	0.536574
84	65	281	14.813995
85	65	80	42.292789
86	65	80	62.941128
87	65	80	71.750778
88	65	60	92.467224
89	65	26	110.113106
90	65	705	91.58374
91	65	113	73.968063
92	65	282	84.122192
93	65	194	83.380478
94	65	143	82.890373
95	65	142	106.018837
96	65	142	129.599274
97	65	142	119.252998
98	65	194	83.210266
99	65	142	49.487129
100	65	142	48.353481
101	65	339	51.200096
102	65	163	64.608498
103	65	163	79.570099
104	65	163	91.160263
105	65	163	99.230225
106	65	163	264.037567
107	65	459	277.085144
108	65	94	360.456482
109	65	65	361.997864
110	65	460	364.703613
111	65	16	292.33725
112	65	100	217.003235
113	65	101	163.381897
114	65	143	183.014984
115	65	194	195.840118
116	65	143	205.702438
117	65	170	207.962875
118	65	143	197.25853
119	65	170	167.880737
120	65	706	132.073883
121	65	278	102.171822
122	65	66	79.912865
123	65	168	64.303177
124	65	707	56.946739
125	65	80	52.841587
126	65	80	57.56572
127	65	80	54.165257
128	65	80	0
0	66	60	0
1	66	281	-13.596869
2	66	80	-22.923822
3	66	80	-30.185076
4	66	282	-31.903614
5	66	294	-26.253626
6	66	554	-18.397959
7	66	81	-94.94046
8	66	17	-94.311806
9	66	78	-202.682327
10	66	142	-206.491821
11	66	144	-207.416428
12	66	65	-207.706604
13	66	460	-209.184341
14	66	13	-212.554214
15	66	78	-219.493103
16	66	194	-225.149826
17	66	309	-228.995422
18	66	4	-229.784378
19	66	15	-226.305893
20	66	13	-220.501602
21	66	61	-214.691956
22	66	25	-210.41095
23	66	6	-207.291061
24	66	4	-204.437775
25	66	55	-200.536377
26	66	34	-197.795685
27	66	16	-194.1698
28	66	17	-191.221436
29	66	78	-189.057175
30	66	194	-188.136017
31	66	294	-188.136017
32	66	296	-188.136017
33	66	194	-188.136017
34	66	142	-188.136017
35	66	364	-188.136017
36	66	25	-78.599983
37	66	5	-188.136017
38	66	8	-188.136017
39	66	631	-188.136017
40	66	130	-90.648018
41	66	105	-188.136017
42	66	105	-188.136017
43	66	105	-174.431961
44	66	105	-155.280167
45	66	631	-155.280167
46	66	132	-155.280167
47	66	170	-138.81636
48	66	170	-125.184441
49	66	103	-98.829391
50	66	17	-98.829391
51	66	23	0
52	66	7	0.009361
53	66	6	1.011899
54	66	15	0.126556
55	66	17	0.354331
56	66	16	-112.11261
57	66	17	-112.370277
58	66	16	-112.370277
59	66	17	-65.640793
60	66	13	-60.910625
61	66	17	-74.524345
62	66	23	-97.254288
63	66	15	-141.349258
64	66	593	-167.889938
65	66	661	-164.821243
66	66	587	-160.33287
67	66	662	-222.551788
68	66	170	-222.359894
69	66	185	-221.763397
70	66	101	-223.688354
71	66	170	-159.934891
72	66	170	-163.175751
73	66	194	-163.175751
74	66	170	-229.644531
75	66	194	-227.709137
76	66	194	-228.872086
77	66	194	-95.816154
78	66	339	-76.626656
79	66	163	-76.88649
80	66	318	-89.99366
81	66	80	-106.645424
82	66	80	-115.124962
83	66	282	0
84	66	142	3.699257
85	66	142	19.868643
86	66	194	46.06316
87	66	309	81.367088
88	66	63	117.460251
89	66	193	110.876671
90	66	194	87.63813
91	66	142	84.033272
92	66	143	98.288879
93	66	194	92.457222
94	66	170	76.616577
95	66	170	101.685341
96	66	170	121.869095
97	66	143	103.874992
98	66	170	73.402618
99	66	194	46.640411
100	66	143	43.094578
101	66	170	44.394341
102	66	170	57.354977
103	66	142	70.726654
104	66	142	84.683678
105	66	143	94.803551
106	66	224	275.261078
107	66	311	275.316284
108	66	311	360.425049
109	66	708	363.934204
110	66	49	367.097412
111	66	47	291.3255
112	66	78	210.757553
113	66	170	152.171738
114	66	170	173.043594
115	66	143	187.348694
116	66	143	196.16124
117	66	170	196.301651
118	66	143	184.17514
119	66	144	155.757126
120	66	90	120.999207
121	66	66	93.948586
122	66	331	72.331741
123	66	332	63.382813
124	66	142	57.177174
125	66	143	54.56258
126	66	170	58.002888
127	66	170	53.808224
128	66	309	0
0	67	247	0
1	67	170	-12.593299
2	67	170	-22.871168
3	67	143	-30.940714
4	67	309	-32.8848
5	67	247	-26.782028
6	67	339	-17.041723
7	67	163	-90.009819
8	67	141	-89.106529
9	67	194	-195.442017
10	67	144	-198.031326
11	67	94	-198.864929
12	67	460	-197.628082
13	67	16	-198.369019
14	67	78	-202.356842
15	67	142	-207.05159
16	67	309	-194.277954
17	67	7	-196.857651
18	67	15	-198.108505
19	67	13	-194.855972
20	67	17	-208.148514
21	67	61	-204.805557
22	67	25	-201.383499
23	67	6	-199.769989
24	67	7	-198.022339
25	67	55	-195.74202
26	67	33	-193.79924
27	67	34	-190.96344
28	67	78	-189.375198
29	67	142	-188.136017
30	67	79	-188.136017
31	67	282	-188.136017
32	67	194	-188.136017
33	67	170	-188.136017
34	67	709	-188.136017
35	67	58	-188.136017
36	67	3	-78.599983
37	67	63	-107.495949
38	67	694	-107.495949
39	67	130	-107.495949
40	67	130	-90.648018
41	67	130	-90.648018
42	67	130	-188.136017
43	67	130	-188.136017
44	67	631	-152.615967
45	67	194	-155.280167
46	67	142	-155.280167
47	67	185	-138.81636
48	67	131	-125.184441
49	67	18	-98.829391
50	67	19	-98.829391
51	67	20	-98.829391
52	67	21	7.568471
53	67	22	9.595671
54	67	31	6.788212
55	67	35	1.383796
56	67	35	7.047429
57	67	35	-95.527664
58	67	36	-77.915184
59	67	13	-11.168936
60	67	16	-9.673021
61	67	23	-79.536957
62	67	55	-99.828102
63	67	710	-167.359756
64	67	711	-168.072006
65	67	605	-167.623154
66	67	662	-229.273865
67	67	142	-228.136902
68	67	103	-229.987457
69	67	78	-228.861282
70	67	143	-230.038528
71	67	142	-163.137039
72	67	170	-163.199631
73	67	143	-163.199631
74	67	194	-232.512009
75	67	170	-232.512009
76	67	142	-228.057861
77	67	142	-95.618324
78	67	170	-76.83342
79	67	194	-76.735039
80	67	143	-94.927437
81	67	194	-107.500717
82	67	142	-115.425735
83	67	194	0
84	67	194	1.628996
85	67	194	15.724296
86	67	309	54.203362
87	67	5	115.064827
88	67	247	145.407501
89	67	142	122.174416
90	67	402	88.774261
91	67	428	88.826134
92	67	321	101.870293
93	67	142	95.339897
94	67	170	81.432091
95	67	170	90.323029
96	67	194	96.105682
97	67	142	84.990768
98	67	170	61.87241
99	67	143	40.330688
100	67	170	37.476646
101	67	143	41.385391
102	67	143	48.841599
103	67	170	63.743977
104	67	170	80.515991
105	67	143	94.666283
106	67	194	274.749207
107	67	194	278.960602
108	67	224	284.484772
109	67	225	287.648834
110	67	712	291.175568
111	67	210	292.478638
112	67	295	130.142059
113	67	295	149.3927
114	67	295	167.906158
115	67	365	183.882385
116	67	250	190.802597
117	67	408	188.634415
118	67	713	175.622421
119	67	242	148.068695
120	67	591	115.831635
121	67	242	91.364342
122	67	297	69.459961
123	67	143	58.217365
124	67	294	52.76371
125	67	296	52.262905
126	67	143	53.365715
127	67	79	50.14838
128	67	282	0
0	68	194	0
1	68	196	-13.791871
2	68	197	-24.227364
3	68	714	-32.218391
4	68	715	-34.227081
5	68	197	-28.247116
6	68	197	-18.575533
7	68	197	-89.987488
8	68	197	-84.614548
9	68	198	-69.904198
10	68	258	-86.941086
11	68	273	-93.806992
12	68	13	-94.082756
13	68	78	-94.386253
14	68	194	-85.635277
15	68	309	-88.181793
16	68	6	-150.330597
17	68	15	-164.070953
18	68	13	-165.365265
19	68	13	-180.591248
20	68	16	-178.709763
21	68	61	-194.963776
22	68	21	-98.64418
23	68	21	-94.634155
24	68	25	-93.308907
25	68	20	-190.932617
26	68	22	-189.396576
27	68	78	-188.456238
28	68	143	-188.136017
29	68	143	-80.345299
30	68	194	-89.88002
31	68	142	-95.244637
32	68	402	-89.88002
33	68	252	-95.804886
34	68	0	-64.061974
35	68	9	0
36	68	6	0
37	68	716	-84.226151
38	68	631	-82.739769
39	68	631	-84.054634
40	68	130	-90.648018
41	68	102	-90.648018
42	68	102	-188.136017
43	68	102	-188.136017
44	68	296	-188.136017
45	68	194	0
46	68	103	0
47	68	13	-98.829391
48	68	23	-98.829391
49	68	4	-105.900902
50	68	15	-105.900902
51	68	17	-98.829391
52	68	31	-98.829391
53	68	54	-95.280769
54	68	11	-99.153152
55	68	24	-106.998169
56	68	11	-105.919853
57	68	12	-93.971893
58	68	17	-81.025055
59	68	13	-26.110893
60	68	23	-32.474304
61	68	4	-97.394875
62	68	6	7.675314
63	68	614	0
64	68	711	0
65	68	717	0
66	68	570	-232.512009
67	68	718	-232.512009
68	68	719	-232.383163
69	68	720	-116.255981
70	68	296	-116.255981
71	68	143	-151.296036
72	68	170	-151.296036
73	68	185	-151.296036
74	68	250	-116.255981
75	68	101	-116.255981
76	68	143	-111.936554
77	68	194	-99.575226
78	68	194	-85.824692
79	68	194	-83.519043
80	68	194	-97.712166
81	68	170	-113.238846
82	68	143	-116.255981
83	68	170	0.887179
84	68	294	7.970927
85	68	293	25.660381
86	68	281	52.247673
87	68	282	92.602264
88	68	143	125.706383
89	68	338	106.096085
90	68	0	83.531273
91	68	329	95.29911
92	68	142	113.949158
93	68	142	97.543022
94	68	143	86.332809
95	68	170	75.298561
96	68	142	68.467262
97	68	170	56.804214
98	68	170	40.37962
99	68	170	33.119209
100	68	143	39.381374
101	68	143	44.738033
102	68	142	50.980278
103	68	194	64.830818
104	68	194	82.145767
105	68	194	98.414398
106	68	142	272.937927
107	68	170	280.318939
108	68	224	286.60495
109	68	721	289.67453
110	68	4	292.478607
111	68	6	292.543152
112	68	4	133.547119
113	68	5	148.875443
114	68	15	164.509445
115	68	16	178.6315
116	68	23	184.734863
117	68	277	179.060989
118	68	278	163.541458
119	68	128	135.693283
120	68	310	109.219215
121	68	169	86.510254
122	68	294	65.744408
123	68	293	52.875622
124	68	247	50.205074
125	68	194	51.388134
126	68	143	51.871807
127	68	170	47.757988
128	68	142	0
0	69	144	0
1	69	130	-15.993164
2	69	130	-26.969646
3	69	591	-36.173573
4	69	130	-39.127499
5	69	130	-32.604557
6	69	90	-21.850727
7	69	130	-10.314247
8	69	130	-1.193187
9	69	460	0
10	69	13	0
11	69	16	0
12	69	78	-83.063934
13	69	143	-83.063934
14	69	364	-77.447845
15	69	25	-114.768227
16	69	15	-114.768227
17	69	13	-140.904053
18	69	13	-154.36821
19	69	13	-170.999924
20	69	13	-188.579727
21	69	17	-57.104641
22	69	16	-90.154442
23	69	61	-90.393402
24	69	22	-188.265335
25	69	279	-188.136017
26	69	141	-188.136017
27	69	194	-188.136017
28	69	170	-188.136017
29	69	142	-77.880623
30	69	142	-84.706367
31	69	620	-78.402512
32	69	42	-75.272438
33	69	42	-79.009201
34	69	639	6.869519
35	69	25	0.693155
36	69	15	0.52092
37	69	16	-52.207005
38	69	102	-48.4757
39	69	130	-52.523479
40	69	631	3.04908
41	69	21	7.175565
42	69	21	6.639831
43	69	677	4.722532
44	69	251	2.420673
45	69	722	0
46	69	13	0
47	69	23	0
48	69	4	0.498328
49	69	15	-105.900902
50	69	31	-105.900902
51	69	54	-98.829391
52	69	11	-98.829391
53	69	10	-82.114075
54	69	10	-86.876434
55	69	28	-96.026672
56	69	29	-61.1726
57	69	16	-58.179935
58	69	17	-55.502365
59	69	23	-46.969456
60	69	5	-53.546501
61	69	7	-60.319847
62	69	4	0.051148
63	69	614	-0.64337
64	69	642	2.207884
65	69	711	6.421187
66	69	587	-229.455566
67	69	723	-232.512009
68	69	615	-232.512009
69	69	724	-116.255981
70	69	250	-116.255981
71	69	250	-116.255981
72	69	131	-136.752014
73	69	279	-136.752014
74	69	141	-116.255981
75	69	170	-116.255981
76	69	142	-115.498466
77	69	142	-106.945198
78	69	142	-92.51609
79	69	142	-85.90242
80	69	143	-94.834053
81	69	142	-109.945175
82	69	294	-116.255981
83	69	293	1.424762
84	69	5	22.052481
85	69	247	39.755016
86	69	142	44.253178
87	69	143	59.799858
88	69	330	87.229195
89	69	137	85.921936
90	69	166	80.041588
91	69	170	107.225388
92	69	402	120.834808
93	69	407	110.059746
94	69	250	87.220001
95	69	250	60.012478
96	69	250	40.428181
97	69	408	35.80722
98	69	553	32.874168
99	69	428	36.314175
100	69	321	41.511574
101	69	170	45.712273
102	69	143	54.510944
103	69	194	69.284622
104	69	170	85.615021
105	69	194	103.669601
106	69	143	119.708565
107	69	143	130.379822
108	69	309	231.72699
109	69	5	233.327438
110	69	725	138.857864
111	69	726	138.017303
112	69	726	138.664856
113	69	727	149.563812
114	69	647	160.120163
115	69	728	170.540207
116	69	278	176.571472
117	69	168	167.426147
118	69	311	149.496735
119	69	169	125.019821
120	69	170	100.997307
121	69	729	80.089973
122	69	730	62.925488
123	69	731	51.353142
124	69	732	51.932274
125	69	194	53.584049
126	69	143	55.148869
127	69	294	49.335953
128	69	713	0
0	70	656	0
1	70	130	-18.183893
2	70	128	-31.645803
3	70	130	-43.084682
4	70	130	-47.051445
5	70	94	-39.359917
6	70	733	-26.963387
7	70	734	-13.399108
8	70	735	-2.086305
9	70	13	-23.400002
10	70	48	-23.400002
11	70	736	-29.088005
12	70	142	-63.768677
13	70	103	-78.720634
14	70	23	-78.720634
15	70	55	-114.768227
16	70	34	-113.655914
17	70	16	-140.904053
18	70	13	-154.36821
19	70	18	-188.136017
20	70	33	0
21	70	33	-90.04808
22	70	34	-90.04808
23	70	13	-90.04808
24	70	78	-188.136017
25	70	170	-188.136017
26	70	143	-188.136017
27	70	170	-188.136017
28	70	142	-188.136017
29	70	194	-73.066055
30	70	103	-59.29948
31	70	13	-24.498228
32	70	17	-16.105379
33	70	16	37.503777
34	70	61	20.895716
35	70	22	6.522091
36	70	16	3.860021
37	70	102	16.266066
38	70	130	23.646076
39	70	102	16.106041
40	70	631	17.017757
41	70	13	24.405504
42	70	16	24.741699
43	70	14	16.331648
44	70	57	9.032758
45	70	35	3.641396
46	70	737	0
47	70	5	0.838891
48	70	15	5.175452
49	70	14	14.481954
50	70	11	-91.932693
51	70	24	-86.780792
52	70	11	-81.438751
53	70	0	-78.503288
54	70	738	-80.971764
55	70	33	-50.374592
56	70	34	-60.668915
57	70	16	-66.498909
58	70	23	-40.980228
59	70	6	-43.158081
60	70	6	-47.291988
61	70	5	-47.291988
62	70	7	-1.963242
63	70	5	-5.780653
64	70	614	-5.014696
65	70	642	4.216001
66	70	615	12.571197
67	70	4	1.830414
68	70	15	-116.255981
69	70	13	-116.255981
70	70	13	-116.255981
71	70	17	-5.064064
72	70	78	-116.255981
73	70	170	-116.255981
74	70	143	-1.367896
75	70	142	-116.255981
76	70	170	-113.423393
77	70	170	-6.869497
78	70	170	-103.310181
79	70	142	-93.598015
80	70	294	-96.948608
81	70	293	-108.430634
82	70	6	-116.188049
83	70	5	1.372424
84	70	247	22.825317
85	70	194	44.920868
86	70	402	48.197472
87	70	321	59.417427
88	70	194	81.783218
89	70	143	81.437546
90	70	194	77.1222
91	70	620	89.185104
92	70	29	108.704193
93	70	17	102.730545
94	70	13	86.807709
95	70	13	59.438942
96	70	61	34.826134
97	70	40	32.13303
98	70	42	36.145988
99	70	478	39.578453
100	70	101	42.933426
101	70	142	45.750816
102	70	194	57.212181
103	70	143	73.434067
104	70	143	88.278
105	70	142	106.417999
106	70	294	125.79229
107	70	293	142.419296
108	70	7	238.114655
109	70	739	236.405701
110	70	679	146.530075
111	70	679	145.646698
112	70	740	146.948776
113	70	316	152.780045
114	70	94	157.214859
115	70	90	161.381378
116	70	297	164.599777
117	70	142	156.57814
118	70	185	139.583115
119	70	250	117.075417
120	70	741	94.513672
121	70	522	75.93158
122	70	522	59.442345
123	70	522	51.776287
124	70	143	51.830444
125	70	194	54.416965
126	70	309	55.632717
127	70	7	50.513756
128	70	277	0
0	71	278	0
1	71	94	-21.150623
2	71	66	-36.697052
3	71	66	-50.332451
4	71	65	-55.140396
5	71	742	-46.879417
6	71	6	-33.100075
7	71	15	-17.366184
8	71	17	-3.858404
9	71	743	-23.296156
10	71	657	-18.802771
11	71	194	-23.867146
12	71	103	-63.70607
13	71	102	-78.720634
14	71	102	-76.289909
15	71	102	-110.36338
16	71	34	1.048809
17	71	13	0
18	71	61	0
19	71	25	0
20	71	20	0
21	71	161	-69.672005
22	71	162	-88.656136
23	71	141	-188.136017
24	71	170	-188.136017
25	71	194	-188.136017
26	71	194	-188.136017
27	71	170	-188.136017
28	71	185	-92.57933
29	71	131	-86.216553
30	71	17	-10.421536
31	71	16	12.486385
32	71	17	23.840513
33	71	17	88.317894
34	71	17	68.117264
35	71	16	40.664104
36	71	102	15.43484
37	71	130	23.03756
38	71	130	22.714014
39	71	631	17.855759
40	71	31	25.550379
41	71	35	36.455112
42	71	468	42.53038
43	71	42	33.140339
44	71	415	13.917934
45	71	62	5.169429
46	71	4	0
47	71	55	-113.762093
48	71	744	-104.176331
49	71	39	-88.620789
50	71	10	-79.109131
51	71	24	-78.745659
52	71	0	4.751948
53	71	9	6.039138
54	71	5	-86.914909
55	71	55	-94.956261
56	71	34	-103.936974
57	71	23	-112.670708
58	71	7	-48.167999
59	71	4	-48.167999
60	71	20	-47.291988
61	71	21	-47.957779
62	71	25	-6.892358
63	71	5	70.615532
64	71	7	74.996178
65	71	4	80.027855
66	71	281	-1.551873
67	71	465	-0.249751
68	71	33	-116.255981
69	71	33	-116.255981
70	71	33	-116.255981
71	71	668	-116.255981
72	71	170	-114.552605
73	71	170	-112.875069
74	71	170	-113.650436
75	71	142	-110.431946
76	71	170	-103.157181
77	71	170	-94.884666
78	71	142	-96.702126
79	71	309	-102.22168
80	71	7	-106.763313
81	71	5	-112.819847
82	71	6	-116.255981
83	71	247	0.097265
84	71	142	10.51983
85	71	330	29.314381
86	71	166	41.538448
87	71	143	55.635155
88	71	185	76.569862
89	71	250	69.855392
90	71	131	48.673424
91	71	17	47.997757
92	71	13	80.400597
93	71	13	102.648415
94	71	16	104.695274
95	71	17	71.493805
96	71	13	46.177288
97	71	17	36.00539
98	71	16	39.897224
99	71	78	42.015125
100	71	194	43.560051
101	71	194	46.515789
102	71	170	57.317932
103	71	194	72.268486
104	71	170	86.781784
105	71	309	106.62764
106	71	7	129.161545
107	71	6	148.161285
108	71	745	247.598129
109	71	746	244.164566
110	71	679	237.960831
111	71	747	152.786209
112	71	322	155.954086
113	71	168	158.290512
114	71	311	160.069626
115	71	169	159.660828
116	71	170	159.599106
117	71	103	152.24646
118	71	13	133.493988
119	71	522	109.483406
120	71	522	90.300102
121	71	522	72.679131
122	71	522	58.711597
123	71	142	50.657677
124	71	170	49.525066
125	71	309	53.932709
126	71	7	54.42659
127	71	316	49.733261
128	71	94	0
0	72	66	0
1	72	65	-24.159328
2	72	90	-42.27351
3	72	66	-57.356869
4	72	742	-63.016994
5	72	4	-55.510883
6	72	15	-40.317101
7	72	16	-22.47834
8	72	23	-6.650695
9	72	247	7.547623
10	72	194	25.560303
11	72	103	29.695099
12	72	102	14.925596
13	72	130	16.496206
14	72	102	33.385941
15	72	15	37.828503
16	72	17	21.139334
17	72	17	4.982809
18	72	23	9.841137
19	72	55	6.88293
20	72	19	0.497501
21	72	247	-69.672005
22	72	194	-188.136017
23	72	142	-188.136017
24	72	143	-188.136017
25	72	194	-188.136017
26	72	194	-188.136017
27	72	339	-188.136017
28	72	340	-92.591972
29	72	17	-25.566721
30	72	17	-15.528092
31	72	13	77.978378
32	72	13	92.298851
33	72	13	88.188622
34	72	18	65.559334
35	72	748	37.9883
36	72	734	17.905502
37	72	656	19.69154
38	72	631	16.061296
39	72	14	8.387265
40	72	0	18.779547
41	72	12	45.04541
42	72	17	70.31971
43	72	23	65.946686
44	72	7	35.14492
45	72	20	5.592915
46	72	25	0
47	72	4	-114.01268
48	72	63	-101.194084
49	72	530	-86.724045
50	72	42	-77.213173
51	72	415	-79.999352
52	72	62	5.223544
53	72	5	4.082689
54	72	7	-88.034683
55	72	15	-110.915184
56	72	23	-110.915184
57	72	6	5.029776
58	72	4	2.86153
59	72	15	-3.196728
60	72	13	-4.286816
61	72	23	1.393002
62	72	6	-7.849191
63	72	4	69.005409
64	72	4	82.186638
65	72	247	79.563156
66	72	309	-13.356242
67	72	7	-12.636365
68	72	5	-115.999458
69	72	7	-110.889771
70	72	247	-109.482071
71	72	142	-106.272018
72	72	142	-97.793846
73	72	143	-90.686211
74	72	170	-91.157982
75	72	170	-96.372566
76	72	143	-88.342072
77	72	143	-77.111885
78	72	309	-83.828117
79	72	6	-105.868011
80	72	5	-115.18705
81	72	6	-116.251556
82	72	247	-116.255981
83	72	143	0
84	72	170	0.834061
85	72	142	118.368172
86	72	170	129.409653
87	72	103	32.579185
88	72	16	46.702179
89	72	13	50.84874
90	72	13	42.494705
91	72	16	38.247944
92	72	17	63.329163
93	72	17	104.33847
94	72	16	122.31823
95	72	31	98.557236
96	72	36	58.235485
97	72	13	39.248478
98	72	100	40.581486
99	72	250	42.188934
100	72	101	43.89085
101	72	142	40.311504
102	72	170	45.399384
103	72	294	59.986328
104	72	293	80.229927
105	72	5	103.874756
106	72	5	126.087761
107	72	5	146.335876
108	72	6	245.822067
109	72	55	245.339981
110	72	34	236.966675
111	72	167	158.048477
112	72	297	161.700333
113	72	142	162.327896
114	72	143	160.7388
115	72	170	160.228775
116	72	103	159.293884
117	72	18	148.806259
118	72	522	128.179214
119	72	522	104.703651
120	72	522	86.055588
121	72	522	69.949905
122	72	143	56.94825
123	72	194	48.747875
124	72	309	48.846989
125	72	7	53.729118
126	72	204	53.50169
127	72	157	48.342697
128	72	157	0
0	73	157	0
1	73	157	-27.671558
2	73	157	-48.566353
3	73	383	-66.238678
4	73	4	-73.122955
5	73	55	-65.437111
6	73	34	-47.905804
7	73	23	-27.603186
8	73	247	-10.453645
9	73	194	13.438151
10	73	379	56.577667
11	73	102	84.400467
12	73	102	72.544846
13	73	102	60.511761
14	73	15	95.09127
15	73	17	107.915283
16	73	13	69.415848
17	73	61	41.460236
18	73	21	36.667511
19	73	21	23.82408
20	73	677	-1.379318
21	73	101	-56.957077
22	73	170	-188.136017
23	73	142	-188.136017
24	73	143	-188.136017
25	73	170	-188.136017
26	73	143	-188.136017
27	73	709	-188.136017
28	73	35	-92.591972
29	73	36	-27.757996
30	73	17	46.897148
31	73	18	68.623428
32	73	33	90.159073
33	73	19	87.47522
34	73	4	64.329727
35	73	6	33.30389
36	73	630	16.783138
37	73	631	21.665691
38	73	43	15.383472
39	73	42	5.726223
40	73	29	7.355227
41	73	17	37.153431
42	73	23	77.249672
43	73	7	18.563772
44	73	15	61.0392
45	73	61	16.468357
46	73	25	1.194883
47	73	4	-111.869553
48	73	55	-98.304085
49	73	34	-86.597717
50	73	23	-86.544937
51	73	7	-91.850769
52	73	6	-89.992371
53	73	20	-87.275635
54	73	22	-91.92794
55	73	23	-110.915184
56	73	7	-110.915184
57	73	4	11.981199
58	73	55	8.235958
59	73	33	-0.161565
60	73	19	2.991487
61	73	7	4.390123
62	73	4	-3.872891
63	73	7	80.646881
64	73	247	81.954559
65	73	79	78.780327
66	73	80	-15.078497
67	73	60	-15.617363
68	73	749	-107.962418
69	73	750	-93.108864
70	73	143	-84.719704
71	73	143	-80.465187
72	73	142	-73.131401
73	73	142	-62.084229
74	73	143	-64.302658
75	73	170	-75.198853
76	73	143	-79.203804
77	73	309	-70.85614
78	73	7	-76.11377
79	73	5	-99.619217
80	73	5	-116.255981
81	73	247	-116.255981
82	73	170	-116.255981
83	73	194	0
84	73	194	0.135044
85	73	142	111.427277
86	73	103	117.083069
87	73	31	13.064993
88	73	36	22.442921
89	73	16	50.890198
90	73	13	74.44899
91	73	13	79.789619
92	73	16	90.716782
93	73	16	112.935326
94	73	43	130.525436
95	73	751	106.444511
96	73	163	63.618736
97	73	163	35.039375
98	73	163	38.364151
99	73	141	40.473705
100	73	196	39.55291
101	73	693	27.121889
102	73	293	15.786809
103	73	6	30.725933
104	73	6	62.73024
105	73	6	97.739777
106	73	4	121.399048
107	73	277	141.357468
108	73	97	239.8311
109	73	752	241.358582
110	73	68	237.505829
111	73	297	157.448639
112	73	170	158.920044
113	73	142	157.418747
114	73	170	155.033539
115	73	339	154.931778
116	73	318	153.657562
117	73	522	141.123657
118	73	522	119.548096
119	73	522	97.931541
120	73	522	78.011368
121	73	101	62.688076
122	73	170	52.223972
123	73	706	47.910629
124	73	97	50.397179
125	73	98	55.848061
126	73	6	54.742332
127	73	6	48.206902
128	73	7	0
0	74	6	0
1	74	5	-32.047977
2	74	7	-54.658184
3	74	7	-73.709229
4	74	6	-81.510208
5	74	15	-74.373558
6	74	23	-55.665432
7	74	247	-33.400517
8	74	142	-15.219217
9	74	79	8.566626
10	74	540	71.423744
11	74	318	119.065819
12	74	80	115.488518
13	74	540	100.290085
14	74	163	129.569397
15	74	280	145.51709
16	74	33	108.301186
17	74	34	70.10881
18	74	16	56.924458
19	74	16	32.729946
20	74	78	-80.866081
21	74	170	-88.439949
22	74	143	-188.136017
23	74	143	-188.136017
24	74	142	-188.136017
25	74	142	-188.136017
26	74	338	-188.136017
27	74	11	-90.912041
28	74	12	-90.912041
29	74	16	-42.020004
30	74	23	47.03278
31	74	6	66.095078
32	74	6	90.447639
33	74	5	85.880913
34	74	5	64.064034
35	74	753	29.074587
36	74	694	21.804228
37	74	16	30.90242
38	74	17	21.281315
39	74	17	8.744273
40	74	18	0.95046
41	74	19	16.40621
42	74	7	57.319771
43	74	55	21.352417
44	74	33	38.46386
45	74	19	-66.194649
46	74	6	-161.972137
47	74	6	-163.98584
48	74	55	-143.407059
49	74	19	-113.347061
50	74	5	-109.707916
51	74	20	-96.949432
52	74	22	-99.159515
53	74	16	-92.59742
54	74	23	-96.341957
55	74	6	-110.915184
56	74	6	-110.915184
57	74	4	-110.915184
58	74	4	16.478563
59	74	4	8.220714
60	74	7	4.361959
61	74	5	2.058642
62	74	281	-4.943704
63	74	282	74.07962
64	74	143	90.093109
65	74	142	89.206375
66	74	79	-5.23949
67	74	754	-3.751884
68	74	755	-103.011314
69	74	756	-83.281876
70	74	757	-72.740013
71	74	250	-72.836494
72	74	101	-73.179611
73	74	194	-67.81768
74	74	142	-64.638588
75	74	170	-76.990929
76	74	79	-86.27597
77	74	60	-79.938644
78	74	5	-80.793083
79	74	281	-101.487801
80	74	282	-113.104721
81	74	170	-111.478065
82	74	170	-112.754822
83	74	170	0
84	74	185	0
85	74	512	0.180022
86	74	54	1.563801
87	74	57	1.506193
88	74	35	14.005541
89	74	36	60.228607
90	74	17	115.394501
91	74	16	136.46698
92	74	279	132.851044
93	74	163	120.567474
94	74	141	115.098572
95	74	170	88.228668
96	74	194	50.088421
97	74	194	29.331358
98	74	142	33.48288
99	74	696	36.198658
100	74	383	34.855045
101	74	7	16.300232
102	74	4	-3.37255
103	74	7	5.728939
104	74	281	45.003563
105	74	80	87.474068
106	74	654	113.02047
107	74	311	131.11441
108	74	225	141.603806
109	74	65	189.903183
110	74	331	190.878754
111	74	332	148.670959
112	74	170	148.775787
113	74	294	145.982559
114	74	295	143.626266
115	74	295	146.963989
116	74	211	145.72171
117	74	758	129.264587
118	74	58	106.179207
119	74	99	85.850754
120	74	464	68.740494
121	74	194	52.084595
122	74	224	46.305672
123	74	311	44.827728
124	74	707	51.082008
125	74	80	58.322571
126	74	80	55.708179
127	74	80	47.622761
128	74	80	0
0	75	80	0
1	75	80	-34.815697
2	75	398	-57.058479
3	75	21	-76.894791
4	75	22	-85.165512
5	75	61	-79.099129
6	75	184	-64.321571
7	75	170	-41.506172
8	75	142	-20.523216
9	75	170	-4.190811
10	75	194	47.33466
11	75	194	92.063164
12	75	194	96.489891
13	75	194	79.004601
14	75	79	93.82254
15	75	60	111.045441
16	75	15	93.984985
17	75	13	68.078964
18	75	17	44.849957
19	75	100	21.528137
20	75	101	-87.818924
21	75	194	-88.439949
22	75	170	-188.136017
23	75	143	-188.136017
24	75	194	-188.136017
25	75	330	-188.136017
26	75	138	-188.136017
27	75	29	-90.912041
28	75	16	-90.912041
29	75	23	-41.194687
30	75	4	56.058552
31	75	20	71.590767
32	75	21	80.035454
33	75	25	65.167366
34	75	7	50.964901
35	75	15	25.082491
36	75	16	16.20134
37	75	18	23.84799
38	75	34	17.02895
39	75	61	5.298665
40	75	25	0.451985
41	75	7	0
42	75	4	33.294136
43	75	7	30.724361
44	75	5	27.073923
45	75	7	-34.820927
46	75	623	-125.019081
47	75	624	-130.034775
48	75	584	-123.147583
49	75	20	-112.785324
50	75	22	-103.324722
51	75	17	-87.265976
52	75	16	-101.43531
53	75	23	-104.5103
54	75	5	-105.300545
55	75	20	-103.104271
56	75	25	-110.915184
57	75	6	-110.915184
58	75	4	18.920103
59	75	6	8.212528
60	75	4	-2.368427
61	75	220	-10.280866
62	75	296	-17.03549
63	75	143	-5.74637
64	75	142	-2.003316
65	75	142	1.037596
66	75	170	10.732238
67	75	759	5.514746
68	75	760	-108.905128
69	75	761	-97.169189
70	75	17	-90.245972
71	75	78	-92.508522
72	75	170	-97.843826
73	75	170	-96.744499
74	75	194	-95.016121
75	75	194	-97.532211
76	75	309	-103.135628
77	75	281	-97.586182
78	75	282	-98.050407
79	75	143	-107.637512
80	75	142	-107.481514
81	75	170	-101.291298
82	75	185	-103.83226
83	75	512	3.979488
84	75	762	0
85	75	763	0
86	75	137	0
87	75	137	0
88	75	111	1.782208
89	75	163	48.504417
90	75	163	119.151619
91	75	141	170.055908
92	75	170	158.097046
93	75	142	122.488167
94	75	194	91.996727
95	75	294	64.508751
96	75	295	38.292198
97	75	295	24.648317
98	75	293	27.707375
99	75	7	30.272203
100	75	7	31.458273
101	75	277	20.866661
102	75	97	2.12004
103	75	764	5.531303
104	75	142	37.631657
105	75	170	75.41346
106	75	170	100.519569
107	75	696	116.381996
108	75	157	126.236832
109	75	157	173.181702
110	75	657	179.200333
111	75	142	137.347153
112	75	309	133.425079
113	75	4	128.576538
114	75	5	128.578629
115	75	7	132.606644
116	75	8	132.883102
117	75	10	116.169189
118	75	136	94.041245
119	75	166	68.711884
120	75	143	39.530197
121	75	170	25.169527
122	75	194	29.352095
123	75	142	39.227283
124	75	194	49.664883
125	75	170	55.675674
126	75	142	51.734489
127	75	142	43.508881
128	75	142	0
0	76	142	0
1	76	103	-34.192902
2	76	17	-54.866753
3	76	16	-75.375183
4	76	16	-85.802879
5	76	100	-83.396309
6	76	250	-72.336823
7	76	250	-50.977528
8	76	250	-27.598763
9	76	250	-13.999863
10	76	250	9.824433
11	76	250	41.310863
12	76	101	43.905376
13	76	142	40.056473
14	76	309	53.314117
15	76	15	68.25576
16	76	13	68.139008
17	76	16	55.281929
18	76	13	31.57527
19	76	78	3.672895
20	76	194	-88.439949
21	76	142	-88.439949
22	76	143	-188.136017
23	76	143	-188.136017
24	76	170	-168.576065
25	76	379	-168.576065
26	76	34	-168.576065
27	76	13	-90.912041
28	76	61	-89.235107
29	76	21	-30.842903
30	76	22	76.212509
31	76	13	87.16111
32	76	61	71.960152
33	76	25	49.341263
34	76	15	34.019234
35	76	18	-4.157537
36	76	19	0.993622
37	76	55	2.898993
38	76	34	3.823652
39	76	23	0.59584
40	76	6	-0.072152
41	76	7	6.982587
42	76	4	-147.972168
43	76	623	-105.519257
44	76	624	-105.652023
45	76	634	-110.709236
46	76	678	-115.396751
47	76	765	-116.853264
48	76	161	-107.867538
49	76	34	-115.358002
50	76	13	-92.780083
51	76	13	-109.836235
52	76	23	17.026144
53	76	20	5.48542
54	76	22	10.502567
55	76	23	19.618484
56	76	5	26.855015
57	76	4	26.611237
58	76	4	19.040146
59	76	7	11.994368
60	76	5	-8.328259
61	76	247	-26.582964
62	76	194	-12.251992
63	76	143	-5.174985
64	76	294	-2.871229
65	76	449	9.784994
66	76	449	16.326004
67	76	449	13.20927
68	76	621	-112.449478
69	76	16	-112.294212
70	76	78	-113.288849
71	76	143	-112.416092
72	76	142	-112.726242
73	76	194	-109.925255
74	76	142	-108.336952
75	76	79	-111.616096
76	76	282	-115.527931
77	76	143	-122.213882
78	76	143	-120.949944
79	76	185	-110.14698
80	76	251	-97.970032
81	76	525	-99.701347
82	76	54	-107.821892
83	76	314	-108.81485
84	76	297	-91.788742
85	76	142	-93.602173
86	76	143	-69.983978
87	76	142	-69.983978
88	76	194	-42.048103
89	76	142	-4.171419
90	76	143	88.490952
91	76	194	141.342789
92	76	569	150.264694
93	76	720	130.648041
94	76	293	99.416183
95	76	6	71.355148
96	76	6	38.429871
97	76	5	24.016571
98	76	6	21.870758
99	76	7	24.28446
100	76	316	26.816565
101	76	94	26.385288
102	76	331	17.422695
103	76	197	16.113411
104	76	222	34.470387
105	76	766	59.759388
106	76	767	81.914261
107	76	679	97.800339
108	76	679	107.798767
109	76	247	110.003624
110	76	194	116.688667
111	76	309	119.650993
112	76	6	114.181908
113	76	7	109.571884
114	76	4	110.64563
115	76	8	115.912125
116	76	0	115.564796
117	76	329	100.080383
118	76	143	79.765053
119	76	170	38.383125
120	76	194	-1.232549
121	76	143	-11.532451
122	76	194	13.488928
123	76	143	37.083416
124	76	143	50.748051
125	76	196	52.748848
126	76	197	48.312679
127	76	332	39.756817
128	76	170	0
0	77	103	0
1	77	13	-30.278984
2	77	16	-46.864677
3	77	16	-69.765823
4	77	13	-83.075027
5	77	17	-83.522293
6	77	16	-75.561668
7	77	16	-57.56303
8	77	13	-34.736198
9	77	13	-21.446217
10	77	17	-5.776512
11	77	78	10.136992
12	77	194	12.83176
13	77	309	12.83176
14	77	15	13.298547
15	77	16	13.298547
16	77	13	13.298547
17	77	18	13.298547
18	77	668	34.105667
19	77	143	8.859531
20	77	143	2.257619
21	77	170	-88.333443
22	77	170	-188.136017
23	77	194	-188.136017
24	77	79	-152.207977
25	77	465	-153.720169
26	77	34	-153.720169
27	77	18	-90.912041
28	77	33	-86.891151
29	77	34	19.288956
30	77	18	46.567192
31	77	33	46.537106
32	77	19	26.029732
33	77	55	5.110884
34	77	19	-4.376462
35	77	7	-5.922921
36	77	5	-5.413805
37	77	55	-2.173105
38	77	19	-0.140107
39	77	6	7.431675
40	77	7	-140.569717
41	77	5	-131.106873
42	77	670	-148.76683
43	77	605	-104.000221
44	77	587	-107.547379
45	77	768	-115.12867
46	77	769	-114.170555
47	77	61	-89.368675
48	77	22	-96.697304
49	77	17	-107.789162
50	77	17	-126.123032
51	77	23	-143.067001
52	77	15	15.803482
53	77	13	6.342358
54	77	23	17.574203
55	77	5	30.731606
56	77	6	33.731251
57	77	4	27.771923
58	77	6	23.050148
59	77	7	3.291308
60	77	247	-17.75708
61	77	294	-25.039206
62	77	296	-10.904156
63	77	79	-2.950589
64	77	621	-7.044382
65	77	621	7.194995
66	77	621	18.766434
67	77	621	23.785067
68	77	17	14.990071
69	77	78	6.091511
70	77	143	2.998542
71	77	194	3.554001
72	77	194	15.073236
73	77	142	24.662367
74	77	194	23.768494
75	77	185	13.012553
76	77	101	3.191605
77	77	143	-116.255981
78	77	339	-104.059105
79	77	770	-77.276237
80	77	530	-63.599743
81	77	42	-77.701691
82	77	771	-93.34111
83	77	169	-94.331161
84	77	142	-80.813057
85	77	294	-89.797226
86	77	295	-89.163353
87	77	295	-69.983978
88	77	365	-65.105972
89	77	250	-37.786591
90	77	250	58.617626
91	77	772	112.895042
92	77	615	138.190643
93	77	4	126.308228
94	77	5	107.303505
95	77	6	80.794975
96	77	277	41.549774
97	77	97	21.387054
98	77	97	15.440288
99	77	278	17.419855
100	77	94	19.700069
101	77	65	21.804668
102	77	94	20.802961
103	77	460	19.924618
104	77	132	27.632959
105	77	132	44.617336
106	77	105	63.066753
107	77	105	77.940346
108	77	220	88.707314
109	77	295	92.23896
110	77	293	99.150421
111	77	5	101.81002
112	77	7	98.639175
113	77	5	93.062935
114	77	8	93.834297
115	77	10	98.095024
116	77	406	93.982658
117	77	321	86.383881
118	77	143	70.074272
119	77	170	21.749151
120	77	143	-21.885946
121	77	185	-20.844995
122	77	101	9.33031
123	77	142	41.814503
124	77	144	53.86488
125	77	258	54.322811
126	77	619	49.799572
127	77	142	41.02573
128	77	339	0
0	78	340	0
1	78	18	-23.398512
2	78	33	-35.865799
3	78	34	-59.773861
4	78	18	-75.905678
5	78	33	-81.120972
6	78	33	-77.344437
7	78	33	-62.298122
8	78	34	-41.387867
9	78	13	-25.680386
10	78	78	-10.825531
11	78	143	4.671885
12	78	309	12.83176
13	78	55	12.83176
14	78	34	114.423866
15	78	16	114.890656
16	78	23	114.890656
17	78	247	13.298547
18	78	142	32.513504
19	78	170	16.346481
20	78	142	8.698237
21	78	143	-80.734818
22	78	170	-83.185364
23	78	142	-86.495193
24	78	364	-116.255981
25	78	161	-116.255981
26	78	160	-116.255981
27	78	25	0
28	78	55	6.299223
29	78	19	31.600769
30	78	6	49.027992
31	78	6	41.135445
32	78	20	14.527647
33	78	21	-47.529533
34	78	21	-47.92799
35	78	25	-46.764442
36	78	5	-81.404884
37	78	5	-100.718704
38	78	6	-106.149811
39	78	4	-131.600845
40	78	7	-123.870918
41	78	670	-118.800598
42	78	690	-133.051407
43	78	768	-106.3955
44	78	769	-108.697548
45	78	16	-114.834663
46	78	16	-108.712776
47	78	16	-117.050827
48	78	16	-104.095619
49	78	13	-110.484604
50	78	61	-51.052563
51	78	22	-57.88937
52	78	16	11.210744
53	78	23	8.122726
54	78	5	106.855057
55	78	5	119.189957
56	78	4	116.19603
57	78	5	29.685175
58	78	7	24.057978
59	78	247	6.750153
60	78	79	-31.543322
61	78	282	-35.287754
62	78	142	-9.430564
63	78	621	-7.011886
64	78	621	-16.753115
65	78	621	-1.911556
66	78	621	23.372694
67	78	340	32.413097
68	78	78	22.554556
69	78	170	10.665724
70	78	194	8.795104
71	78	194	18.689323
72	78	142	32.273281
73	78	142	43.939117
74	78	103	41.527466
75	78	100	22.737808
76	78	101	6.339028
77	78	143	-116.255981
78	78	309	-98.955673
79	78	15	-66.912056
80	78	18	-54.926903
81	78	668	-73.991791
82	78	170	-86.741684
83	78	143	-79.321686
84	78	309	-79.457222
85	78	5	-86.283226
86	78	4	-93.811043
87	78	55	-88.247856
88	78	33	-69.983978
89	78	34	-57.967178
90	78	23	50.760571
91	78	6	90.774689
92	78	20	114.885147
93	78	773	114.543793
94	78	97	88.75209
95	78	278	63.749702
96	78	90	30.315662
97	78	66	12.428839
98	78	94	9.022539
99	78	65	10.720078
100	78	66	12.594472
101	78	66	14.854919
102	78	460	17.089598
103	78	132	18.232109
104	78	105	25.582176
105	78	132	41.792645
106	78	132	61.123703
107	78	650	74.233467
108	78	60	81.852966
109	78	4	83.959297
110	78	4	82.666367
111	78	26	84.758636
112	78	2	89.713722
113	78	27	87.088409
114	78	24	79.990273
115	78	24	77.652931
116	78	329	68.502296
117	78	142	56.428284
118	78	294	34.57111
119	78	295	6.575909
120	78	211	-9.478506
121	78	210	-1.71606
122	78	365	26.087166
123	78	489	45.613777
124	78	774	56.761024
125	78	668	56.223747
126	78	194	51.105259
127	78	143	42.186287
128	78	103	0
0	79	23	0
1	79	6	-15.142487
2	79	15	-27.872972
3	79	23	-50.660954
4	79	6	-69.538422
5	79	4	-79.123215
6	79	20	-78.897369
7	79	22	-65.482788
8	79	13	-45.15416
9	79	78	-27.51749
10	79	194	-1.852687
11	79	309	24.563475
12	79	7	12.83176
13	79	55	12.83176
14	79	162	114.423866
15	79	318	169.202377
16	79	282	114.890656
17	79	142	28.553711
18	79	142	26.400497
19	79	142	16.920912
20	79	143	16.255695
21	79	143	19.486917
22	79	143	16.76664
23	79	379	7.672791
24	79	160	-115.619469
25	79	161	-116.255981
26	79	19	-116.255981
27	79	6	0.26444
28	79	4	8.546358
29	79	5	31.771235
30	79	4	46.18877
31	79	15	28.869894
32	79	17	7.245481
33	79	16	-46.816719
34	79	23	-42.164379
35	79	4	-37.767113
36	79	6	-70.468628
37	79	20	-91.126801
38	79	21	-92.938904
39	79	21	-116.659973
40	79	689	-107.265602
41	79	587	-115.482857
42	79	775	-136.343155
43	79	776	-108.897247
44	79	16	-89.183693
45	79	16	-106.633232
46	79	13	-141.880722
47	79	13	-113.473671
48	79	17	-102.126877
49	79	16	-64.183563
50	79	17	-58.113354
51	79	13	-63.468258
52	79	23	13.297976
53	79	6	15.556925
54	79	5	110.528954
55	79	6	112.62899
56	79	6	115.433968
57	79	281	20.836266
58	79	282	29.375576
59	79	194	11.53027
60	79	143	-21.973118
61	79	194	-30.739304
62	79	621	-19.563776
63	79	621	-30.924875
64	79	449	-29.982327
65	79	621	-7.249106
66	79	777	18.87468
67	79	778	34.384384
68	79	351	26.455507
69	79	142	16.311127
70	79	143	23.273558
71	79	170	38.028053
72	79	143	44.024708
73	79	339	47.163692
74	79	163	38.36058
75	79	141	20.933424
76	79	194	5.105246
77	79	364	-116.255981
78	79	161	-109.826462
79	79	19	-85.460556
80	79	247	-78.829498
81	79	142	-82.85656
82	79	294	-84.651871
83	79	293	-83.243622
84	79	5	-83.924438
85	79	20	-96.036064
86	79	25	-91.320656
87	79	4	-94.295898
88	79	15	-89.591904
89	79	61	-53.567417
90	79	21	47.784565
91	79	22	82.948616
92	79	167	82.142281
93	79	90	67.304047
94	79	94	44.497742
95	79	94	29.675116
96	79	94	9.64648
97	79	94	2.519493
98	79	66	3.931818
99	79	94	5.695439
100	79	66	7.172157
101	79	460	11.002645
102	79	679	16.513672
103	79	679	21.802065
104	79	679	30.548059
105	79	679	46.241158
106	79	164	63.902229
107	79	293	76.213455
108	79	7	82.746063
109	79	26	72.840416
110	79	27	59.14608
111	79	11	61.371086
112	79	24	81.357628
113	79	0	90.696869
114	79	136	81.741554
115	79	166	73.750931
116	79	194	54.301632
117	79	79	14.716595
118	79	398	-15.7413
119	79	21	-20.59831
120	79	25	-3.6521
121	79	679	27.74436
122	79	679	46.09647
123	79	679	56.439232
124	79	247	60.239853
125	79	170	57.797832
126	79	185	51.581871
127	79	131	41.964931
128	79	23	0
0	80	6	0
1	80	779	-7.579447
2	80	780	-23.795458
3	80	6	-46.20229
4	80	5	-66.379799
5	80	55	-78.608246
6	80	34	-32.674328
7	80	17	-17.772818
8	80	78	1.46145
9	80	194	23.918152
10	80	309	68.071365
11	80	6	55.845436
12	80	281	52.27166
13	80	282	12.83176
14	80	142	114.423866
15	80	194	169.202377
16	80	142	114.890656
17	80	142	30.06694
18	80	194	33.705612
19	80	170	23.01029
20	80	142	16.341932
21	80	194	23.311279
22	80	364	22.296392
23	80	161	9.894518
24	80	19	-115.042015
25	80	5	-116.255981
26	80	6	-116.255981
27	80	20	0
28	80	21	5.371527
29	80	21	18.83009
30	80	22	25.426718
31	80	16	16.258635
32	80	17	2.618943
33	80	23	-79.740883
34	80	6	-70.21067
35	80	5	-62.217945
36	80	15	-59.878956
37	80	16	-85.388458
38	80	17	-79.224579
39	80	602	-117.433342
40	80	605	-113.530838
41	80	678	-125.809654
42	80	775	-87.7248
43	80	776	-136.17746
44	80	17	-120.415565
45	80	16	-129.221207
46	80	16	30.678377
47	80	17	10.64728
48	80	17	-75.478859
49	80	16	-67.336082
50	80	13	-41.347744
51	80	23	-42.460339
52	80	4	18.691555
53	80	7	21.509468
54	80	6	113.968918
55	80	5	108.768547
56	80	247	113.468422
57	80	142	22.38485
58	80	294	37.33028
59	80	296	24.636784
60	80	142	-10.346292
61	80	449	-19.692947
62	80	449	-32.542942
63	80	449	-33.848629
64	80	449	-27.047693
65	80	411	-8.359604
66	80	123	8.061577
67	80	363	22.892414
68	80	142	25.401846
69	80	194	25.11344
70	80	143	35.682571
71	80	143	51.988964
72	80	194	51.104408
73	80	142	40.817596
74	80	194	28.797972
75	80	194	11.849811
76	80	339	0.386263
77	80	318	-116.255981
78	80	80	-107.675278
79	80	282	-97.453926
80	80	142	-90.490723
81	80	309	-90.876282
82	80	7	-85.466591
83	80	6	-91.177414
84	80	55	-96.959999
85	80	19	-89.271858
86	80	5	-92.672302
87	80	15	-90.806335
88	80	17	-94.295898
89	80	16	-85.145851
90	80	17	32.196178
91	80	274	46.498314
92	80	259	40.391037
93	80	94	22.960976
94	80	591	5.960451
95	80	242	0.204139
96	80	94	0
97	80	65	0.239873
98	80	65	1.052518
99	80	90	2.22895
100	80	460	5.325621
101	80	16	10.335739
102	80	18	17.958668
103	80	33	21.354313
104	80	33	20.540298
105	80	19	32.179874
106	80	281	55.154518
107	80	80	75.772125
108	80	433	83.14994
109	80	137	66.904213
110	80	137	44.945366
111	80	137	50.09351
112	80	137	79.838455
113	80	166	99.377327
114	80	170	98.672287
115	80	143	92.061798
116	80	194	63.72731
117	80	339	-0.084003
118	80	163	-38.069092
119	80	688	-28.425726
120	80	130	12.389742
121	80	130	46.254845
122	80	130	65.659332
123	80	184	71.343445
124	80	142	68.719894
125	80	103	59.637836
126	80	18	50.655853
127	80	19	40.004757
128	80	781	0
0	81	782	0
1	81	783	-5.161048
2	81	784	-23.39263
3	81	5	-46.091991
4	81	4	-67.57946
5	81	15	-72.443535
6	81	13	-31.178387
7	81	78	-15.521251
8	81	170	13.375
9	81	79	50.25338
10	81	80	98.083618
11	81	282	78.801285
12	81	142	58.671371
13	81	194	12.83176
14	81	142	114.423866
15	81	143	117.464478
16	81	143	111.265671
17	81	143	48.344723
18	81	142	50.331211
19	81	170	27.618359
20	81	194	10.290019
21	81	103	12.393345
22	81	61	11.812567
23	81	25	5.323471
24	81	4	-116.255981
25	81	6	-116.255981
26	81	55	-116.255981
27	81	34	0
28	81	18	0.151424
29	81	33	3.201336
30	81	33	5.486214
31	81	34	1.520468
32	81	61	0
33	81	21	-79.672256
34	81	21	-70.778831
35	81	22	-63.589417
36	81	17	-84.07885
37	81	16	-91.480835
38	81	699	-105.935204
39	81	700	-96.195946
40	81	605	-90.890923
41	81	605	-100.416237
42	81	775	-105.916672
43	81	776	-96.833572
44	81	16	-87.054337
45	81	16	23.984335
46	81	17	9.402935
47	81	16	1.457717
48	81	17	0.457248
49	81	18	-74.161469
50	81	19	-49.600067
51	81	4	-49.433056
52	81	6	15.608826
53	81	7	22.252649
54	81	7	31.301542
55	81	220	27.585121
56	81	295	25.423737
57	81	293	39.749615
58	81	247	33.750042
59	81	142	10.365497
60	81	194	-6.624128
61	81	143	-12.492133
62	81	339	-13.694285
63	81	785	-21.21944
64	81	146	1.107783
65	81	268	9.633644
66	81	285	4.431173
67	81	194	11.139199
68	81	142	16.442507
69	81	194	24.583332
70	81	194	46.288696
71	81	170	59.470314
72	81	185	57.464531
73	81	101	110.432648
74	81	194	111.718277
75	81	143	9.701061
76	81	143	0.24867
77	81	143	-115.067543
78	81	170	-99.684319
79	81	294	-86.057716
80	81	293	-83.261993
81	81	6	-84.107964
82	81	5	-85.619072
83	81	6	-82.686966
84	81	6	-77.727936
85	81	5	-78.235443
86	81	786	-87.808418
87	81	49	-98.790756
88	81	49	-94.295898
89	81	49	-94.295898
90	81	49	9.232167
91	81	68	16.317606
92	81	66	11.7667
93	81	742	-44.658379
94	81	204	-44.879971
95	81	157	-44.879971
96	81	490	-44.879971
97	81	272	-44.879971
98	81	272	-44.879971
99	81	787	-43.565468
100	81	33	-39.127079
101	81	19	12.43358
102	81	7	19.120382
103	81	4	3.147226
104	81	7	-11.887746
105	81	247	-0.87081
106	81	142	37.846752
107	81	170	64.051743
108	81	143	70.460426
109	81	142	54.713371
110	81	142	48.967075
111	81	142	65.35276
112	81	142	93.274406
113	81	194	108.784081
114	81	143	111.351097
115	81	143	108.495064
116	81	142	75.531578
117	81	143	20.260889
118	81	103	-7.944752
119	81	130	10.354411
120	81	130	46.031181
121	81	679	69.671448
122	81	78	86.333855
123	81	294	88.717255
124	81	211	80.979347
125	81	19	63.520271
126	81	7	49.448658
127	81	788	37.659168
128	81	788	0
0	82	789	0
1	82	790	-7.492068
2	82	4	-27.382164
3	82	5	-50.510723
4	82	15	-73.051361
5	82	16	-78.140373
6	82	78	-32.0942
7	82	194	-10.628403
8	82	194	31.590101
9	82	194	79.04821
10	82	143	125.300835
11	82	194	85.633209
12	82	143	53.882183
13	82	194	18.214136
14	82	196	27.043911
15	82	332	42.051239
16	82	194	51.67606
17	82	194	56.840092
18	82	194	45.878311
19	82	170	21.64959
20	82	339	2.420859
21	82	340	0.324971
22	82	61	1.373884
23	82	21	0.298202
24	82	25	0
25	82	7	-116.255981
26	82	55	-116.255981
27	82	19	0
28	82	5	1.039946
29	82	5	0.776712
30	82	15	-35.495995
31	82	18	-35.495995
32	82	33	-35.495995
33	82	33	-102.470612
34	82	34	-96.508904
35	82	13	-93.958786
36	82	16	-110.701134
37	82	13	-114.017288
38	82	602	-116.012352
39	82	690	-113.172195
40	82	605	-110.586182
41	82	587	-111.699341
42	82	791	-114.425491
43	82	16	-112.277702
44	82	16	-111.698029
45	82	16	1.85985
46	82	17	0.009312
47	82	16	0
48	82	23	0
49	82	7	0.13824
50	82	7	2.987576
51	82	6	2.499756
52	82	7	6.399699
53	82	6	21.539244
54	82	4	38.041534
55	82	623	40.86451
56	82	624	46.565407
57	82	792	47.613346
58	82	389	20.436892
59	82	350	-6.44438
60	82	351	-7.176412
61	82	143	5.50129
62	82	286	-0.886464
63	82	123	-6.868338
64	82	363	17.249104
65	82	142	26.253124
66	82	294	26.52532
67	82	295	21.828594
68	82	295	30.218821
69	82	295	35.209408
70	82	365	50.680279
71	82	131	64.023323
72	82	100	58.400932
73	82	250	116.230309
74	82	250	118.19751
75	82	250	13.252253
76	82	250	1.766844
77	82	408	-115.977455
78	82	293	-102.374878
79	82	5	-90.186142
80	82	20	-88.19471
81	82	21	19.961109
82	82	25	17.594492
83	82	7	-74.534271
84	82	277	-66.689629
85	82	278	-79.032082
86	82	94	-93.905251
87	82	94	-100.56868
88	82	94	-106.46106
89	82	65	-115.124046
90	82	66	0
91	82	591	0
92	82	383	0
93	82	6	-116.255981
94	82	5	-116.255981
95	82	55	-44.879971
96	82	33	-44.879971
97	82	33	-44.879971
98	82	19	-44.879971
99	82	7	-42.846127
100	82	281	-109.084038
101	82	80	14.59718
102	82	80	18.336569
103	82	80	-6.9315
104	82	282	-32.383526
105	82	143	-13.834197
106	82	142	29.95294
107	82	294	56.869888
108	82	295	55.416748
109	82	295	48.77792
110	82	295	60.025013
111	82	295	90.842415
112	82	296	114.758217
113	82	142	123.615814
114	82	194	123.286011
115	82	142	111.004967
116	82	142	84.625374
117	82	103	51.461258
118	82	793	45.588337
119	82	794	59.285248
120	82	795	73.844856
121	82	736	89.43856
122	82	309	104.622467
123	82	5	103.361221
124	82	4	90.233597
125	82	796	68.744896
126	82	788	51.696323
127	82	789	38.44445
128	82	797	0
0	83	4	0
1	83	4	-11.450506
2	83	6	-33.545425
3	83	15	-58.04158
4	83	16	-79.9888
5	83	78	-81.777863
6	83	194	-31.224634
7	83	142	-4.960736
8	83	142	44.905285
9	83	170	95.389595
10	83	194	122.730949
11	83	170	69.005653
12	83	194	42.667004
13	83	224	28.472639
14	83	169	43.220795
15	83	170	59.039822
16	83	170	55.501778
17	83	170	42.457073
18	83	143	24.142441
19	83	194	6.251254
20	83	103	-116.010551
21	83	13	-113.121613
22	83	16	-109.215508
23	83	61	-109.356674
24	83	25	-112.368019
25	83	7	-113.984657
26	83	6	-113.041275
27	83	5	-108.204247
28	83	5	-105.50425
29	83	15	-109.359016
30	83	23	-64.903618
31	83	5	-66.864021
32	83	5	-66.864021
33	83	15	-116.255981
34	83	593	-102.090851
35	83	798	-114.318344
36	83	798	-114.996185
37	83	661	-99.311935
38	83	690	-99.311935
39	83	587	-116.006409
40	83	768	-114.500145
41	83	769	-114.767357
42	83	16	-116.255981
43	83	16	-116.255981
44	83	13	-116.255981
45	83	17	0
46	83	18	0
47	83	19	0
48	83	6	0
49	83	7	0.298845
50	83	5	2.656308
51	83	5	2.942851
52	83	7	2.248498
53	83	7	19.56098
54	83	670	41.279182
55	83	605	50.610359
56	83	662	51.519798
57	83	286	37.743393
58	83	146	-0.307542
59	83	377	-14.81818
60	83	351	7.340461
61	83	286	39.021812
62	83	92	35.422142
63	83	363	43.859558
64	83	194	54.925472
65	83	799	70.272949
66	83	76	70.202156
67	83	76	65.451324
68	83	77	64.856415
69	83	15	65.347115
70	83	16	71.73764
71	83	17	69.301682
72	83	13	57.245983
73	83	13	118.655144
74	83	17	118.968811
75	83	16	13.075825
76	83	61	0.706091
77	83	21	-94.895912
78	83	21	-112.837593
79	83	22	-99.582375
80	83	18	-96.1866
81	83	19	21.86282
82	83	6	20.028122
83	83	316	-77.102936
84	83	94	-75.400742
85	83	591	-78.977554
86	83	157	-86.179489
87	83	157	-87.858482
88	83	157	-99.509743
89	83	157	-111.598755
90	83	383	0
91	83	5	0
92	83	4	0
93	83	5	-116.255981
94	83	6	-116.255981
95	83	7	-70.584015
96	83	6	-70.584015
97	83	5	-70.584015
98	83	20	-70.516052
99	83	184	-113.243484
100	83	170	-107.332565
101	83	194	17.16293
102	83	143	24.162077
103	83	194	2.60165
104	83	402	-24.168419
105	83	572	-14.254202
106	83	293	35.861053
107	83	5	64.194733
108	83	6	62.433029
109	83	4	64.245056
110	83	6	78.854034
111	83	220	103.064568
112	83	295	120.200134
113	83	295	132.911774
114	83	296	134.458878
115	83	142	122.171036
116	83	379	104.817848
117	83	668	83.685867
118	83	143	80.610565
119	83	144	84.91111
120	83	297	83.395119
121	83	79	88.747215
122	83	60	105.395897
123	83	5	104.455139
124	83	800	88.752716
125	83	801	69.178352
126	83	6	51.276028
127	83	4	36.999287
128	83	6	0
0	84	7	0
1	84	5	-14.174737
2	84	15	-38.36697
3	84	17	-63.933475
4	84	78	-85.462463
5	84	142	-83.600182
6	84	143	-28.927946
7	84	170	-2.495476
8	84	194	42.087776
9	84	142	82.366493
10	84	170	89.611053
11	84	194	33.154591
12	84	143	31.128561
13	84	143	32.658276
14	84	194	48.151115
15	84	143	51.887947
16	84	170	41.463421
17	84	143	23.847181
18	84	194	7.345304
19	84	339	0
20	84	163	-116.106255
21	84	280	-110.037773
22	84	34	-103.265785
23	84	23	-100.788048
24	84	7	-101.263695
25	84	7	-102.190781
26	84	7	-101.566315
27	84	6	-97.472977
28	84	15	-92.623451
29	84	61	-94.396751
30	84	21	-56.825851
31	84	21	-68.212318
32	84	22	-70.200089
33	84	602	-116.255981
34	84	605	-115.485023
35	84	690	-130.007736
36	84	690	-130.712555
37	84	690	-115.798256
38	84	768	-116.255981
39	84	769	-61.536015
40	84	13	0
41	84	17	0
42	84	17	0
43	84	17	0
44	84	18	0
45	84	19	0
46	84	4	0
47	84	6	0
48	84	6	0.016114
49	84	7	6.491038
50	84	5	14.182769
51	84	7	17.074287
52	84	5	16.384268
53	84	802	32.402859
54	84	644	47.239662
55	84	568	36.065132
56	84	333	27.638067
57	84	354	2.232579
58	84	200	-19.308855
59	84	377	1.490314
60	84	411	51.716137
61	84	123	85.156784
62	84	363	101.546364
63	84	142	115.467918
64	84	286	121.301437
65	84	146	129.600098
66	84	123	128.419647
67	84	118	123.624306
68	84	183	101.981239
69	84	13	91.382729
70	84	17	86.691582
71	84	17	77.743446
72	84	13	62.787563
73	84	16	48.416126
74	84	17	25.915268
75	84	13	10.339317
76	84	16	2.634159
77	84	17	-89.829865
78	84	18	-89.274689
79	84	19	-101.400948
80	84	6	-87.181076
81	84	7	-75.524162
82	84	316	-72.519875
83	84	90	-81.876457
84	84	803	-80.87439
85	84	132	-75.825195
86	84	132	-74.092819
87	84	132	-87.515793
88	84	6	-103.29306
89	84	4	-113.380836
90	84	20	0
91	84	25	0
92	84	4	0
93	84	20	-116.255981
94	84	21	-116.255981
95	84	21	-70.584015
96	84	650	-70.584015
97	84	540	-70.584015
98	84	141	-69.825684
99	84	194	-111.690445
100	84	143	-106.80497
101	84	142	17.895308
102	84	402	27.923813
103	84	252	16.943947
104	84	9	-14.868597
105	84	6	-9.630534
106	84	6	27.03356
107	84	5	61.419704
108	84	20	76.278824
109	84	21	84.066299
110	84	25	90.742661
111	84	7	102.951813
112	84	7	113.761841
113	84	247	133.456223
114	84	170	144.253876
115	84	79	136.190704
116	84	282	120.907379
117	84	170	99.905785
118	84	224	93.037415
119	84	169	88.608757
120	84	142	73.778503
121	84	309	69.446068
122	84	5	88.016876
123	84	6	93.65815
124	84	7	79.09433
125	84	4	61.476177
126	84	4	44.805893
127	84	5	31.761692
128	84	7	0
0	85	7	0
1	85	55	-15.879482
2	85	33	-41.356903
3	85	668	-66.438911
4	85	143	-86.94912
5	85	143	-83.258583
6	85	142	-27.084263
7	85	142	-1.515498
8	85	194	33.681831
9	85	185	60.039036
10	85	250	60.600334
11	85	101	10.615389
12	85	143	19.445076
13	85	143	37.690273
14	85	142	46.31749
15	85	142	38.852734
16	85	143	23.450844
17	85	143	9.998426
18	85	142	2.100693
19	85	170	0
20	85	364	-116.255981
21	85	22	-111.384056
22	85	23	-105.912086
23	85	5	-101.53952
24	85	20	-96.612793
25	85	25	-95.451073
26	85	7	-96.187798
27	85	15	-97.170128
28	85	16	-89.955818
29	85	16	-77.553596
30	85	17	-33.533463
31	85	593	-49.695339
32	85	661	-66.211937
33	85	690	-116.255981
34	85	690	-109.967911
35	85	768	-121.742409
36	85	804	-123.096642
37	85	769	-112.320938
38	85	13	-116.255981
39	85	17	-61.536015
40	85	17	0
41	85	17	0
42	85	13	0
43	85	23	0
44	85	6	0
45	85	4	0
46	85	6	0
47	85	5	0
48	85	4	1.735465
49	85	7	14.209454
50	85	4	28.302355
51	85	4	34.072956
52	85	247	40.303703
53	85	170	41.678246
54	85	143	29.18187
55	85	142	9.033457
56	85	333	10.952678
57	85	354	-3.057035
58	85	123	7.268004
59	85	200	50.258976
60	85	123	110.187897
61	85	363	132.347565
62	85	143	149.6064
63	85	333	155.700714
64	85	394	155.074738
65	85	394	157.454956
66	85	354	175.140381
67	85	207	161.977615
68	85	805	127.347633
69	85	162	101.249107
70	85	163	101.37883
71	85	163	101.072205
72	85	163	80.279892
73	85	163	49.911579
74	85	163	25.796873
75	85	806	11.495359
76	85	36	6.047532
77	85	23	-63.990131
78	85	7	-87.174034
79	85	6	-87.03952
80	85	277	-88.607162
81	85	278	-81.762947
82	85	90	-80.350777
83	85	803	-90.349983
84	85	807	-91.373711
85	85	807	-77.863762
86	85	105	-83.261528
87	85	5	-98.292549
88	85	5	-110.193985
89	85	15	-116.170662
90	85	61	0
91	85	21	0
92	85	22	0
93	85	13	-116.255981
94	85	16	-116.255981
95	85	78	-96.503372
96	85	143	-94.428329
97	85	170	-93.749321
98	85	194	-88.281769
99	85	194	-103.675194
100	85	142	-102.816437
101	85	338	16.701624
102	85	0	26.908112
103	85	9	26.464317
104	85	326	3.493031
105	85	326	-0.347026
106	85	326	22.541721
107	85	326	47.854561
108	85	13	66.720749
109	85	61	76.686752
110	85	25	69.11731
111	85	5	59.929672
112	85	247	83.46946
113	85	142	125.738663
114	85	194	154.627762
115	85	170	148.627838
116	85	143	129.652039
117	85	143	105.057732
118	85	194	88.60495
119	85	143	80.46228
120	85	79	57.99712
121	85	80	39.41843
122	85	80	54.989754
123	85	80	71.74398
124	85	398	64.13929
125	85	25	47.04866
126	85	7	31.449598
127	85	6	20.066727
128	85	7	0
0	86	6	0
1	86	7	-16.648216
2	86	247	-40.766296
3	86	142	-65.455795
4	86	170	-85.153557
5	86	194	-88.371956
6	86	143	-71.785828
7	86	185	-46.771763
8	86	131	-18.332897
9	86	16	2.749574
10	86	100	4.063649
11	86	250	6.752715
12	86	250	19.931463
13	86	101	34.804726
14	86	194	40.210686
15	86	143	29.826166
16	86	143	14.903988
17	86	170	-8.664846
18	86	143	-30.443199
19	86	103	-60.048176
20	86	16	-72.768059
21	86	23	-72.434669
22	86	20	-69.521049
23	86	22	-87.683479
24	86	23	-106.108162
25	86	6	-102.71067
26	86	15	-104.776253
27	86	16	-108.337746
28	86	13	-97.830269
29	86	17	-78.54171
30	86	602	-23.105516
31	86	678	-39.29351
32	86	690	-61.719925
33	86	678	-115.874771
34	86	791	-108.334335
35	86	13	-118.096146
36	86	13	-120.691612
37	86	16	-111.059853
38	86	17	-116.255981
39	86	17	-61.536015
40	86	16	0
41	86	16	98.19001
42	86	23	98.19001
43	86	7	98.19001
44	86	7	0
45	86	6	0
46	86	6	0
47	86	4	0
48	86	6	3.549691
49	86	4	18.383793
50	86	6	34.221977
51	86	247	41.38887
52	86	194	32.326633
53	86	142	16.772316
54	86	194	-1.527921
55	86	389	-1.378936
56	86	411	32.961124
57	86	200	38.552845
58	86	92	55.855
59	86	200	107.606995
60	86	363	155.576019
61	86	170	156.507828
62	86	194	158.115799
63	86	194	158.115799
64	86	143	158.115799
65	86	286	171.215881
66	86	200	193.288635
67	86	808	181.290619
68	86	282	148.848526
69	86	142	108.483826
70	86	143	117.820175
71	86	143	113.00193
72	86	143	87.825363
73	86	142	54.76128
74	86	330	28.958401
75	86	111	16.847477
76	86	688	13.739882
77	86	773	-47.303486
78	86	97	-58.825027
79	86	278	-79.85791
80	86	66	-83.736229
81	86	591	-93.309898
82	86	809	-98.825493
83	86	807	-100.455704
84	86	807	-87.789917
85	86	132	-76.196922
86	86	5	-89.004776
87	86	21	-97.47213
88	86	22	-89.057137
89	86	17	-97.702263
90	86	13	1.272981
91	86	13	0
92	86	16	0
93	86	279	-116.255981
94	86	141	-115.661797
95	86	143	-121.923897
96	86	143	-113.531845
97	86	143	-108.64595
98	86	143	-95.515289
99	86	194	-92.511162
100	86	338	-100.386421
101	86	136	14.22116
102	86	810	22.59391
103	86	675	32.330704
104	86	788	26.94636
105	86	788	29.944447
106	86	675	36.427017
107	86	13	44.830933
108	86	16	54.421486
109	86	23	62.973816
110	86	7	52.440933
111	86	220	41.616673
112	86	295	69.204041
113	86	295	126.157677
114	86	295	162.710571
115	86	296	160.010208
116	86	170	139.453491
117	86	143	116.544479
118	86	170	94.482536
119	86	142	81.312553
120	86	143	50.442974
121	86	194	17.838415
122	86	143	17.710194
123	86	339	34.105621
124	86	626	44.043438
125	86	5	27.970234
126	86	7	12.86795
127	86	6	3.999577
128	86	4	0
0	87	7	0
1	87	220	-15.711514
2	87	295	-37.954041
3	87	365	-61.988564
4	87	408	-81.839729
5	87	295	-84.44606
6	87	211	-69.393257
7	87	33	-45.93605
8	87	34	-17.393841
9	87	13	5.638328
10	87	16	9.792266
11	87	17	14.45239
12	87	78	20.731838
13	87	142	25.538273
14	87	170	25.683464
15	87	194	19.80759
16	87	143	8.788522
17	87	143	-11.086313
18	87	103	-30.528019
19	87	18	-60.048176
20	87	19	-72.768059
21	87	55	-72.768059
22	87	33	-72.768059
23	87	19	-91.697487
24	87	5	-109.627174
25	87	55	-108.093231
26	87	34	-112.719299
27	87	13	-116.255981
28	87	13	-111.420456
29	87	699	-95.424141
30	87	804	-87.347748
31	87	700	-97.390541
32	87	587	-110.934746
33	87	791	-155.951935
34	87	17	-132.516068
35	87	13	-125.399704
36	87	13	-126.532585
37	87	13	-114.446739
38	87	13	-116.255981
39	87	16	-60.767998
40	87	13	0
41	87	23	98.19001
42	87	20	149.046066
43	87	25	98.19001
44	87	6	0
45	87	7	0
46	87	4	0
47	87	4	2.552184
48	87	6	5.961165
49	87	7	16.984865
50	87	247	30.400848
51	87	569	20.205261
52	87	570	-5.289242
53	87	570	-14.925626
54	87	811	-3.146162
55	87	146	34.033802
56	87	92	83.619026
57	87	239	95.605759
58	87	240	89.222801
59	87	812	127.798851
60	87	142	164.281372
61	87	194	165.727402
62	87	142	275.589691
63	87	142	275.589691
64	87	333	275.589691
65	87	813	186.060776
66	87	812	201.425293
67	87	170	197.291443
68	87	402	163.880203
69	87	321	131.255035
70	87	143	122.335114
71	87	170	113.695145
72	87	142	85.227333
73	87	170	53.804531
74	87	194	32.309063
75	87	339	24.638794
76	87	459	22.363163
77	87	66	-16.867739
78	87	66	-44.072903
79	87	90	-53.981339
80	87	742	-75.498047
81	87	105	-82.90332
82	87	105	-95.828033
83	87	132	-88.133331
84	87	105	-106.530647
85	87	17	-97.074226
86	87	16	-113.767212
87	87	17	-114.710152
88	87	17	-103.323082
89	87	16	-119.218384
90	87	13	-103.16243
91	87	279	-116.255981
92	87	141	-116.255981
93	87	402	-158.879425
94	87	321	-156.6875
95	87	194	-143.243759
96	87	142	-115.174263
97	87	142	-104.974319
98	87	185	-109.221519
99	87	814	-84.911919
100	87	585	-96.473549
101	87	309	9.819029
102	87	675	16.822689
103	87	788	25.104321
104	87	788	33.744736
105	87	675	44.238068
106	87	34	48.608692
107	87	17	47.213409
108	87	23	59.285839
109	87	5	76.713921
110	87	5	77.734787
111	87	7	77.173714
112	87	4	100.757904
113	87	4	140.000076
114	87	247	167.682938
115	87	194	166.882858
116	87	143	150.332352
117	87	170	130.350815
118	87	194	107.573959
119	87	143	87.318237
120	87	194	57.092983
121	87	142	14.693284
122	87	170	-14.257732
123	87	79	-4.849136
124	87	80	13.162815
125	87	60	6.084493
126	87	4	-6.823427
127	87	6	-12.735709
128	87	6	0
0	88	5	0
1	88	7	-13.753805
2	88	15	-33.889042
3	88	23	-57.801842
4	88	4	-78.647423
5	88	5	-82.382545
6	88	6	-69.366508
7	88	55	-44.0588
8	88	33	-10.624743
9	88	33	20.921719
10	88	34	28.225058
11	88	78	29.856438
12	88	142	32.758781
13	88	170	30.679218
14	88	142	23.648029
15	88	142	32.038952
16	88	185	34.542343
17	88	131	17.810013
18	88	61	0
19	88	21	0
20	88	25	-116.255981
21	88	4	-116.255981
22	88	20	-116.255981
23	88	25	-110.58654
24	88	7	-104.254089
25	88	55	-105.144775
26	88	34	-111.632668
27	88	13	-232.512009
28	88	13	-232.512009
29	88	17	-229.95015
30	88	602	-225.96846
31	88	587	-228.515747
32	88	775	-208.010941
33	88	798	-180.864014
34	88	798	-153.192215
35	88	776	-141.766586
36	88	16	-115.627548
37	88	17	-63.186001
38	88	16	-60.767998
39	88	13	0
40	88	23	0
41	88	15	98.19001
42	88	23	98.19001
43	88	5	98.19001
44	88	4	0
45	88	7	0
46	88	5	2.607275
47	88	7	5.417346
48	88	7	5.379659
49	88	815	7.246548
50	88	816	0.644954
51	88	587	-27.10078
52	88	605	-51.113895
53	88	817	-28.457714
54	88	354	22.476978
55	88	92	93.904442
56	88	243	69.781174
57	88	17	124.842728
58	88	78	114.69104
59	88	142	132.729645
60	88	185	176.311081
61	88	250	188.038879
62	88	101	275.589691
63	88	194	275.589691
64	88	103	275.589691
65	88	78	182.092346
66	88	142	188.241409
67	88	338	191.512253
68	88	406	169.018387
69	88	428	145.489304
70	88	428	128.437775
71	88	428	110.136871
72	88	321	86.237083
73	88	294	63.381809
74	88	295	44.893757
75	88	818	36.31855
76	88	65	33.292503
77	88	94	2.856996
78	88	591	-9.297688
79	88	383	-33.543941
80	88	55	-47.712776
81	88	34	-68.766808
82	88	17	-76.785805
83	88	13	-81.281952
84	88	16	-93.590935
85	88	17	-80.79319
86	88	13	-101.585243
87	88	13	-107.643372
88	88	279	-100.798927
89	88	163	-110.300964
90	88	141	-96.363434
91	88	143	-115.106537
92	88	330	-116.1502
93	88	166	-186.719833
94	88	143	-186.177231
95	88	170	-170.547363
96	88	194	-139.398331
97	88	103	-117.594543
98	88	16	-130.864075
99	88	78	-81.186165
100	88	309	-102.172592
101	88	326	6.099663
102	88	326	10.642444
103	88	326	16.533091
104	88	326	22.936941
105	88	15	31.003105
106	88	13	43.049385
107	88	61	50.418003
108	88	21	64.321266
109	88	25	88.267822
110	88	7	103.305435
111	88	4	113.582184
112	88	6	132.989807
113	88	247	149.649963
114	88	142	159.337875
115	88	819	163.741348
116	88	820	156.887375
117	88	142	141.111542
118	88	294	120.60688
119	88	296	98.912216
120	88	170	67.766632
121	88	143	16.433601
122	88	170	-21.746405
123	88	143	-23.752213
124	88	309	-8.970201
125	88	5	-11.902632
126	88	5	-22.39465
127	88	6	-24.512997
128	88	4	0
0	89	6	0
1	89	15	-10.949614
2	89	61	-29.901167
3	89	21	-54.90464
4	89	25	-76.891624
5	89	4	-84.622528
6	89	5	-72.992729
7	89	6	-45.232719
8	89	6	2.689229
9	89	15	46.719864
10	89	78	62.787876
11	89	143	58.892918
12	89	142	58.650131
13	89	194	54.552212
14	89	142	47.037125
15	89	379	59.543316
16	89	34	69.479027
17	89	17	41.738308
18	89	18	5.822979
19	89	160	0
20	89	25	-114.413696
21	89	55	-109.824791
22	89	19	-108.413551
23	89	6	-105.819733
24	89	6	-102.376701
25	89	15	-106.189613
26	89	13	-112.12796
27	89	13	-232.512009
28	89	17	-232.512009
29	89	699	-232.512009
30	89	700	-232.512009
31	89	605	-232.512009
32	89	678	-208.17598
33	89	678	-180.864014
34	89	791	-180.864014
35	89	16	-146.399933
36	89	16	-116.255981
37	89	17	-63.186001
38	89	13	0
39	89	23	0
40	89	15	0
41	89	821	0
42	89	77	0
43	89	7	0
44	89	4	0
45	89	4	2.502203
46	89	4	7.519714
47	89	623	8.845419
48	89	634	3.356652
49	89	605	-5.286246
50	89	587	-20.627815
51	89	636	-52.547394
52	89	568	-54.494034
53	89	333	-5.875564
54	89	813	70.343987
55	89	822	66.567719
56	89	163	106.930237
57	89	141	78.186226
58	89	143	154.150574
59	89	103	166.333725
60	89	17	191.034454
61	89	823	204.416412
62	89	428	275.589691
63	89	525	275.589691
64	89	464	275.589691
65	89	142	159.969086
66	89	338	170.383789
67	89	11	181.433517
68	89	0	176.236588
69	89	24	142.819168
70	89	136	128.409225
71	89	166	118.000664
72	89	309	106.182877
73	89	6	87.704651
74	89	316	67.246529
75	89	94	53.037861
76	89	66	47.430462
77	89	742	42.8069
78	89	4	38.657833
79	89	4	35.055733
80	89	15	30.99444
81	89	13	27.752378
82	89	13	24.130262
83	89	16	28.840164
84	89	31	-69.673721
85	89	35	-60.236374
86	89	824	-72.425377
87	89	141	-82.268486
88	89	170	-63.707191
89	89	143	-60.80711
90	89	170	-87.938301
91	89	194	-109.603004
92	89	170	-114.779007
93	89	143	-206.91655
94	89	194	-207.263916
95	89	143	-199.094299
96	89	103	-165.308243
97	89	17	-148.20842
98	89	164	-160.131699
99	89	293	-95.859779
100	89	4	-108.96698
101	89	4	1.168527
102	89	7	4.666346
103	89	7	8.591227
104	89	55	12.485265
105	89	34	17.784685
106	89	16	28.48164
107	89	16	42.633987
108	89	61	56.882092
109	89	21	73.749306
110	89	25	91.522072
111	89	7	109.152519
112	89	220	124.110367
113	89	295	135.612183
114	89	825	144.983398
115	89	687	151.737732
116	89	194	152.565491
117	89	79	143.790985
118	89	282	128.572159
119	89	294	105.447311
120	89	296	62.876312
121	89	143	14.85227
122	89	170	-12.480758
123	89	309	-14.750909
124	89	5	-10.674332
125	89	6	-14.690088
126	89	6	-26.430157
127	89	6	-27.722321
128	89	5	0
0	90	15	0
1	90	16	-7.440653
2	90	18	-30.827465
3	90	19	-59.004154
4	90	277	-80.907333
5	90	98	-91.138527
6	90	6	-80.976082
7	90	7	-49.560516
8	90	15	10.677645
9	90	78	67.224197
10	90	170	84.55809
11	90	143	72.696373
12	90	194	67.488777
13	90	143	63.29483
14	90	79	53.118759
15	90	540	60.134548
16	90	163	66.31501
17	90	318	40.656754
18	90	540	5.533872
19	90	318	0.376683
20	90	80	-108.412415
21	90	60	-98.25956
22	90	6	-91.584694
23	90	6	-94.49987
24	90	55	-101.451286
25	90	34	-109.324287
26	90	17	-115.863609
27	90	13	-232.512009
28	90	593	-232.512009
29	90	661	-232.512009
30	90	605	-232.512009
31	90	690	-232.512009
32	90	690	-208.17598
33	90	775	-208.17598
34	90	798	-121.488174
35	90	776	-116.255981
36	90	17	-116.255981
37	90	17	-64.632011
38	90	23	0
39	90	15	0
40	90	826	0
41	90	203	0
42	90	5	0
43	90	6	0
44	90	6	1.84846
45	90	4	7.1612
46	90	670	12.806624
47	90	605	15.423821
48	90	587	5.707956
49	90	636	-3.946442
50	90	568	-17.433084
51	90	170	-31.856329
52	90	143	-17.132032
53	90	339	36.058086
54	90	141	33.325104
55	90	194	94.595802
56	90	170	99.187057
57	90	143	103.150482
58	90	777	197.660645
59	90	51	199.603516
60	90	827	205.499405
61	90	176	208.736557
62	90	11	182.976242
63	90	828	173.543289
64	90	553	167.798553
65	90	252	153.796555
66	90	11	160.286316
67	90	24	170.632446
68	90	28	162.499619
69	90	585	145.082901
70	90	170	134.628006
71	90	309	134.4552
72	90	4	133.757813
73	90	316	116.489044
74	90	65	90.811256
75	90	591	72.751633
76	90	383	64.605461
77	90	5	58.798435
78	90	6	53.117889
79	90	15	47.978985
80	90	16	42.558498
81	90	31	37.557144
82	90	35	33.473293
83	90	54	29.611753
84	90	24	-87.468559
85	90	329	-71.964653
86	90	143	-67.435402
87	90	143	-70.757805
88	90	143	-55.933727
89	90	194	-49.569321
90	90	194	-76.947662
91	90	143	-104.035912
92	90	170	-113.340012
93	90	194	-166.928528
94	90	185	-204.527832
95	90	131	-206.619446
96	90	16	-186.345795
97	90	23	-165.423645
98	90	4	-190.658401
99	90	4	-106.550507
100	90	6	-116.255981
101	90	4	0
102	90	7	0
103	90	7	2.005988
104	90	55	4.021845
105	90	33	5.781819
106	90	34	13.010692
107	90	17	24.523144
108	90	16	36.951256
109	90	23	50.582726
110	90	4	67.993095
111	90	6	85.509537
112	90	4	100.026131
113	90	5	117.001488
114	90	220	130.475693
115	90	296	137.977203
116	90	170	139.471283
117	90	194	136.41214
118	90	309	128.513626
119	90	247	103.793182
120	90	143	53.054222
121	90	143	10.278296
122	90	309	2.52625
123	90	5	3.162372
124	90	6	-2.531583
125	90	4	-10.856395
126	90	20	-20.057009
127	90	21	-23.121864
128	90	22	0
0	91	17	0
1	91	23	-8.772816
2	91	4	-37.544712
3	91	204	-65.978165
4	91	383	-86.902252
5	91	7	-96.382797
6	91	4	-87.558853
7	91	15	-52.354549
8	91	100	7.285605
9	91	250	59.332764
10	91	250	76.89077
11	91	101	59.849083
12	91	170	50.680347
13	91	170	42.703072
14	91	194	27.947439
15	91	143	27.177742
16	91	194	28.894316
17	91	142	15.494095
18	91	142	0.444375
19	91	143	0.379033
20	91	364	-107.290588
21	91	21	-95.643684
22	91	21	-86.516937
23	91	21	-90.279137
24	91	22	-102.956177
25	91	17	-112.119904
26	91	16	-116.255981
27	91	602	-200.238022
28	91	678	-200.238022
29	91	690	-200.238022
30	91	690	-232.512009
31	91	690	-232.512009
32	91	690	-232.512009
33	91	678	-232.512009
34	91	791	-123.864563
35	91	17	-116.255981
36	91	17	-116.255981
37	91	23	-64.632011
38	91	55	0
39	91	19	0
40	91	7	0
41	91	7	0
42	91	4	0
43	91	4	1.135947
44	91	6	6.17274
45	91	614	12.114763
46	91	642	17.73114
47	91	643	15.75337
48	91	568	7.030505
49	91	170	2.428075
50	91	170	0.234507
51	91	194	3.695781
52	91	142	26.923409
53	91	194	78.366203
54	91	142	61.566853
55	91	143	81.020699
56	91	194	107.848923
57	91	286	210.739563
58	91	92	209.646652
59	91	200	203.025406
60	91	399	204.966843
61	91	24	190.602051
62	91	9	168.317429
63	91	63	157.093506
64	91	829	163.293579
65	91	137	162.01442
66	91	137	164.032608
67	91	111	162.312714
68	91	141	154.451691
69	91	142	149.485138
70	91	309	148.96846
71	91	7	156.803757
72	91	316	152.689056
73	91	66	137.031265
74	91	742	112.201027
75	91	4	96.285469
76	91	7	83.069267
77	91	20	75.540581
78	91	22	68.744568
79	91	13	62.12431
80	91	14	56.364357
81	91	11	50.068184
82	91	24	44.028038
83	91	0	38.924976
84	91	329	-74.141693
85	91	170	-55.880077
86	91	142	-44.942883
87	91	143	-50.069107
88	91	402	-47.450333
89	91	428	-50.548862
90	91	428	-77.275589
91	91	407	-104.38459
92	91	250	-110.677063
93	91	131	-165.351624
94	91	13	-208.076248
95	91	16	-200.236023
96	91	23	-171.740662
97	91	7	-151.797836
98	91	7	-163.531586
99	91	6	-157.96994
100	91	7	-171.28775
101	91	6	-116.255981
102	91	7	-116.255981
103	91	4	-116.255981
104	91	4	0
105	91	15	0
106	91	18	2.500211
107	91	493	11.848675
108	91	493	23.217398
109	91	493	35.251858
110	91	493	49.145367
111	91	7	64.270317
112	91	7	77.820099
113	91	4	95.304779
114	91	220	111.04129
115	91	295	121.368034
116	91	295	125.349121
117	91	293	122.520271
118	91	247	115.97509
119	91	143	91.395874
120	91	170	46.320019
121	91	309	10.186923
122	91	6	7.937563
123	91	5	13.765757
124	91	4	1.750912
125	91	15	-7.585199
126	91	16	-13.351845
127	91	17	-13.650293
128	91	17	0
0	92	61	0
1	92	25	-16.375425
2	92	6	-46.246193
3	92	4	-74.836624
4	92	5	-94.661896
5	92	5	-101.381203
6	92	55	-89.518448
7	92	34	-53.817539
8	92	16	-6.364443
9	92	16	32.623177
10	92	100	49.020355
11	92	250	37.742416
12	92	250	26.647024
13	92	250	16.102798
14	92	250	7.31835
15	92	250	2.962201
16	92	250	1.389725
17	92	101	0.557126
18	92	170	0
19	92	103	0
20	92	17	-113.162354
21	92	13	-106.194901
22	92	16	-98.617981
23	92	16	-94.15802
24	92	13	-98.56617
25	92	17	-112.004951
26	92	602	-146.54393
27	92	605	-170.322021
28	92	690	-180.408035
29	92	678	-200.238022
30	92	587	-232.512009
31	92	678	-232.512009
32	92	690	-232.512009
33	92	775	-232.512009
34	92	776	-123.864563
35	92	16	-116.255981
36	92	23	-116.255981
37	92	6	-64.632011
38	92	4	0
39	92	4	0
40	92	7	0
41	92	7	0
42	92	4	0.603593
43	92	6	4.566005
44	92	7	10.623592
45	92	6	15.314714
46	92	247	5.696253
47	92	194	-4.843835
48	92	194	-8.068785
49	92	142	1.476459
50	92	194	7.871752
51	92	142	21.617109
52	92	142	50.659889
53	92	194	99.339691
54	92	194	148.309586
55	92	142	88.219933
56	92	830	197.013031
57	92	831	197.348175
58	92	832	191.139999
59	92	833	188.153778
60	92	138	184.308136
61	92	283	171.627731
62	92	6	154.080109
63	92	247	152.064255
64	92	142	165.74321
65	92	143	157.603561
66	92	194	152.685852
67	92	143	164.93364
68	92	194	165.581299
69	92	309	159.108902
70	92	7	160.401733
71	92	316	161.368912
72	92	94	154.866409
73	92	128	144.939774
74	92	834	132.308273
75	92	21	114.98085
76	92	22	99.339752
77	92	16	88.55513
78	92	13	85.488518
79	92	14	77.39695
80	92	0	70.007446
81	92	44	63.463833
82	92	45	56.264378
83	92	835	49.840321
84	92	332	-66.828514
85	92	142	-54.372231
86	92	170	-50.748817
87	92	330	-57.527386
88	92	138	-66.049614
89	92	42	-71.769089
90	92	29	-91.050636
91	92	16	-105.071144
92	92	18	-108.086166
93	92	33	-162.842972
94	92	33	-202.730515
95	92	19	-195.894791
96	92	6	-166.601379
97	92	5	-145.339508
98	92	5	-173.446487
99	92	6	-150.54863
100	92	7	-146.644913
101	92	4	-146.982376
102	92	6	-146.982376
103	92	4	-146.982376
104	92	55	-116.255981
105	92	19	-116.255981
106	92	493	-116.255981
107	92	130	-111.207108
108	92	130	-102.425468
109	92	493	-93.079437
110	92	5	-84.289978
111	92	5	42.517647
112	92	7	55.227379
113	92	6	70.830902
114	92	796	87.873474
115	92	836	98.991791
116	92	5	101.933449
117	92	220	99.478615
118	92	296	97.378471
119	92	143	79.007362
120	92	79	40.833447
121	92	60	14.160086
122	92	6	12.402264
123	92	4	20.9729
124	92	590	12.48177
125	92	340	0.833795
126	92	279	-6.253022
127	92	163	-4.309556
128	92	163	0
0	93	318	0
1	93	80	-28.652637
2	93	60	-56.294724
3	93	6	-84.892845
4	93	6	-103.778366
5	93	5	-103.707336
6	93	55	-86.607529
7	93	33	-54.745403
8	93	33	-19.147263
9	93	34	8.464004
10	93	17	21.922405
11	93	13	19.041965
12	93	613	11.82494
13	93	613	4.487206
14	93	613	0.733653
15	93	613	0
16	93	78	0
17	93	170	0
18	93	103	0
19	93	17	0
20	93	13	-116.255981
21	93	13	-115.979416
22	93	17	-105.256607
23	93	16	-89.8741
24	93	13	-88.781631
25	93	602	-102.303123
26	93	678	-130.349609
27	93	605	-148.895828
28	93	690	-169.992035
29	93	768	-200.238022
30	93	700	-232.512009
31	93	605	-232.512009
32	93	605	-232.512009
33	93	791	-232.512009
34	93	13	-123.864563
35	93	23	-116.255981
36	93	6	-116.255981
37	93	7	-64.632011
38	93	7	0
39	93	4	0
40	93	6	0
41	93	4	0.257539
42	93	6	2.960774
43	93	4	8.351358
44	93	7	9.690284
45	93	247	1.617035
46	93	185	-10.768888
47	93	250	-19.341639
48	93	250	-6.059472
49	93	101	13.373864
50	93	170	25.593256
51	93	294	36.646248
52	93	296	63.206848
53	93	142	112.57798
54	93	294	157.48468
55	93	837	191.704697
56	93	838	201.649292
57	93	839	185.34259
58	93	143	162.561829
59	93	103	150.607834
60	93	59	158.624908
61	93	80	168.999405
62	93	659	159.952362
63	93	295	157.87323
64	93	295	168.316299
65	93	295	157.373627
66	93	295	154.904694
67	93	295	166.859619
68	93	293	167.096558
69	93	7	165.475311
70	93	316	168.208008
71	93	65	251.693954
72	93	90	250.356781
73	93	460	250.0215
74	93	13	146.449768
75	93	13	125.326164
76	93	16	109.540863
77	93	16	105.993492
78	93	14	99.743019
79	93	44	94.026672
80	93	64	84.676323
81	93	66	76.767639
82	93	90	69.17804
83	93	840	61.642673
84	93	250	-61.493633
85	93	101	-61.851944
86	93	194	-64.517082
87	93	103	-74.081177
88	93	17	-78.602768
89	93	13	-85.932129
90	93	17	-95.248184
91	93	23	-99.961723
92	93	281	-104.813911
93	93	80	-108.097649
94	93	80	-223.602905
95	93	60	-214.243546
96	93	6	-184.051208
97	93	7	-159.954071
98	93	4	-174.073273
99	93	4	-141.56395
100	93	6	-139.413498
101	93	4	-142.230667
102	93	4	-142.230667
103	93	6	-142.230667
104	93	4	-146.982376
105	93	493	-116.255981
106	93	130	-116.255981
107	93	130	-116.255981
108	93	493	-111.494354
109	93	5	-104.775528
110	93	6	-98.564209
111	93	7	22.833525
112	93	7	33.457016
113	93	800	46.249203
114	93	801	61.074173
115	93	4	68.161049
116	93	6	68.652893
117	93	247	69.955467
118	93	194	75.846352
119	93	194	61.90464
120	93	79	25.844213
121	93	80	-6.878572
122	93	80	-2.930047
123	93	282	13.580607
124	93	339	22.586048
125	93	141	11.864948
126	93	194	6.894333
127	93	142	6.075662
128	93	194	0
0	94	143	0
1	94	309	-39.794617
2	94	4	-66.204613
3	94	6	-92.247765
4	94	20	-105.411606
5	94	25	-97.530602
6	94	7	-77.039154
7	94	5	-48.829891
8	94	15	-22.526108
9	94	17	-5.046212
10	94	17	4.252162
11	94	613	5.204953
12	94	134	2.831155
13	94	134	0
14	94	613	0
15	94	464	0
16	94	170	-116.255981
17	94	103	-116.255981
18	94	17	-116.255981
19	94	18	-116.255981
20	94	33	-142.41571
21	94	34	-141.661469
22	94	13	-103.631325
23	94	13	-85.096031
24	94	699	-82.195587
25	94	804	-99.448792
26	94	700	-112.279678
27	94	690	-131.667221
28	94	775	-147.392471
29	94	661	-116.255981
30	94	587	-116.255981
31	94	678	-114.037575
32	94	791	-115.55899
33	94	16	-116.255981
34	94	23	-116.255981
35	94	4	-116.255981
36	94	6	-116.255981
37	94	5	-64.632011
38	94	6	0
39	94	6	0
40	94	5	0
41	94	281	1.726894
42	94	80	5.753476
43	94	80	9.3938
44	94	282	0.761966
45	94	339	-7.166354
46	94	163	-8.088455
47	94	163	7.195605
48	94	141	30.964863
49	94	170	51.11467
50	94	841	53.599804
51	94	842	53.578281
52	94	843	70.007416
53	94	293	108.671349
54	94	4	159.244537
55	94	247	196.25209
56	94	170	188.542725
57	94	143	174.900421
58	94	435	160.311417
59	94	844	140.240875
60	94	142	148.988403
61	94	309	147.354599
62	94	5	153.461945
63	94	7	148.166458
64	94	4	151.743912
65	94	7	150.55513
66	94	7	137.147308
67	94	7	154.993149
68	94	20	164.059982
69	94	845	167.155075
70	94	272	163.996292
71	94	272	270.452606
72	94	273	262.313171
73	94	17	262.33078
74	94	17	147.355438
75	94	17	120.281425
76	94	31	111.870392
77	94	54	114.294441
78	94	314	107.530174
79	94	90	97.161018
80	94	90	93.540314
81	94	846	88.572296
82	94	847	82.477043
83	94	807	73.408363
84	94	848	-50.458202
85	94	142	-58.028572
86	94	339	-64.660347
87	94	340	-70.733208
88	94	17	-77.17659
89	94	13	-83.075722
90	94	61	-88.965828
91	94	184	-94.937691
92	94	142	-99.959854
93	94	170	-104.971291
94	94	799	-108.449379
95	94	76	-219.943344
96	94	76	-208.871567
97	94	76	-190.114365
98	94	77	-188.692535
99	94	5	-89.739708
100	94	4	-108.556229
101	94	7	-146.982376
102	94	7	-146.982376
103	94	4	-146.982376
104	94	493	-146.982376
105	94	493	-116.255981
106	94	493	-23.064369
107	94	493	-23.064369
108	94	7	-23.064369
109	94	5	-114.148636
110	94	20	-110.551437
111	94	21	8.547932
112	94	25	15.728226
113	94	5	24.050234
114	94	6	27.138618
115	94	4	29.246317
116	94	247	31.868917
117	94	142	40.546635
118	94	143	52.798412
119	94	170	36.630905
120	94	143	-18.336603
121	94	170	-54.936531
122	94	194	-38.246292
123	94	143	8.637399
124	94	194	26.93004
125	94	194	22.146851
126	94	194	20.081306
127	94	194	17.948755
128	94	194	0
0	95	309	0
1	95	7	-47.527252
2	95	4	-73.599792
3	95	15	-97.335983
4	95	23	-100.597755
5	95	6	-87.116692
6	95	5	-64.224503
7	95	15	-36.58725
8	95	17	-12.673186
9	95	13	-2.848079
10	95	613	0
11	95	134	0
12	95	134	0
13	95	613	0
14	95	329	0
15	95	194	0
16	95	103	-116.255981
17	95	17	-116.255981
18	95	23	-116.255981
19	95	6	-116.255981
20	95	15	-162.023758
21	95	16	-160.262573
22	95	13	-104.69709
23	95	13	-89.782417
24	95	13	-90.584686
25	95	602	-101.98967
26	95	690	-105.22551
27	95	690	-99.393593
28	95	678	-103.034836
29	95	587	-111.377777
30	95	678	-105.106705
31	95	791	-93.62606
32	95	17	-97.168434
33	95	23	-112.123459
34	95	7	-116.255981
35	95	7	-116.255981
36	95	4	-116.255981
37	95	6	-64.632011
38	95	6	0
39	95	6	0
40	95	247	0.815096
41	95	170	4.326099
42	95	142	10.637491
43	95	142	2.715277
44	95	170	-9.447349
45	95	142	-5.438518
46	95	170	19.576246
47	95	849	48.505116
48	95	756	73.368004
49	95	850	86.364464
50	95	851	82.141861
51	95	852	73.620628
52	95	853	68.616928
53	95	854	93.09375
54	95	184	157.7827
55	95	143	188.070786
56	95	143	180.885498
57	95	435	160.04393
58	95	855	152.815048
59	95	142	163.689072
60	95	309	166.348404
61	95	5	157.645554
62	95	6	159.482254
63	95	6	153.755737
64	95	26	159.835297
65	95	2	149.911179
66	95	2	141.312988
67	95	641	156.285583
68	95	17	181.328201
69	95	17	180.867722
70	95	17	172.832413
71	95	17	279.859528
72	95	16	279.188873
73	95	13	273.592987
74	95	13	150.95047
75	95	14	122.897148
76	95	44	123.862091
77	95	64	130.420349
78	95	66	115.950043
79	95	258	102.811119
80	95	856	101.790543
81	95	857	100.969765
82	95	858	96.002625
83	95	859	86.464981
84	95	143	76.849396
85	95	170	68.510887
86	95	339	61.185806
87	95	340	53.80735
88	95	17	47.084251
89	95	279	40.0312
90	95	141	33.508728
91	95	194	27.161448
92	95	389	20.966732
93	95	411	15.616969
94	95	92	10.739571
95	95	92	-109.136276
96	95	92	-108.556747
97	95	118	-103.095284
98	95	76	-100.330475
99	95	76	-105.860703
100	95	76	-114.233299
101	95	77	-146.982376
102	95	6	-146.982376
103	95	7	-146.982376
104	95	20	-146.982376
105	95	25	-116.255981
106	95	5	-23.064369
107	95	6	-23.064369
108	95	6	-23.064369
109	95	15	-116.255981
110	95	18	-116.255981
111	95	160	0.688721
112	95	25	4.683257
113	95	4	3.811359
114	95	4	0.926516
115	95	247	-3.255322
116	95	194	0.050125
117	95	194	9.280817
118	95	142	16.969784
119	95	170	-12.784648
120	95	142	-67.715805
121	95	143	-92.962799
122	95	194	-42.549725
123	95	194	21.170906
124	95	170	42.261524
125	95	143	35.243546
126	95	143	32.964165
127	95	143	28.187698
128	95	309	0
0	96	5	0
1	96	102	-52.141907
2	96	102	-78.161484
3	96	860	-97.947052
4	96	5	-95.109314
5	96	7	-77.29554
6	96	15	-51.628571
7	96	16	-23.224556
8	96	17	-3.285501
9	96	613	-116.394783
10	96	613	-116.255981
11	96	613	-116.255981
12	96	613	-116.255981
13	96	585	-116.255981
14	96	143	-147.071991
15	96	103	-167.591858
16	96	18	-173.351944
17	96	19	-174.648117
18	96	4	-176.304199
19	96	15	-209.736053
20	96	17	-172.056732
21	96	17	-167.522278
22	96	13	-102.811447
23	96	13	-96.288551
24	96	699	-99.674881
25	96	700	-17.912247
26	96	605	-10.618764
27	96	605	-89.370132
28	96	587	-93.916267
29	96	678	-105.639328
30	96	791	-93.42997
31	96	13	-72.195282
32	96	23	-80.292946
33	96	4	-104.75209
34	96	5	-119.45945
35	96	5	-119.034019
36	96	4	-116.641159
37	96	5	-54.672009
38	96	7	-54.672009
39	96	247	0.689272
40	96	170	3.488496
41	96	143	8.163301
42	96	170	11.082218
43	96	143	-1.567583
44	96	142	-9.544965
45	96	849	14.238268
46	96	861	52.377247
47	96	862	79.783089
48	96	862	91.479568
49	96	862	100.757133
50	96	862	107.258087
51	96	863	87.022621
52	96	864	76.651329
53	96	100	91.613785
54	96	408	154.346863
55	96	295	184.158203
56	96	435	180.322861
57	96	865	174.9599
58	96	866	187.973267
59	96	867	209.058929
60	96	868	196.494736
61	96	869	192.254715
62	96	83	185.005096
63	96	27	196.03801
64	96	0	191.154877
65	96	0	183.084091
66	96	57	180.391571
67	96	35	190.942123
68	96	35	211.516403
69	96	35	209.708847
70	96	35	194.365677
71	96	36	191.893188
72	96	16	202.425629
73	96	17	198.857773
74	96	14	170.942596
75	96	314	151.710434
76	96	94	152.429962
77	96	94	151.526642
78	96	460	139.769028
79	96	870	126.585411
80	96	871	123.470352
81	96	16	118.324203
82	96	78	109.672226
83	96	142	99.57251
84	96	142	88.825523
85	96	143	78.932205
86	96	103	70.742363
87	96	279	62.779022
88	96	141	54.837566
89	96	142	47.496975
90	96	389	39.871044
91	96	411	32.914421
92	96	92	26.145832
93	96	123	19.914091
94	96	146	14.266528
95	96	146	-106.559387
96	96	146	-110.148872
97	96	92	-113.15905
98	96	123	-115.301735
99	96	123	-116.255981
100	96	118	-116.255981
101	96	76	-135.503632
102	96	76	-166.627213
103	96	872	-166.627213
104	96	208	-166.627213
105	96	76	-116.255981
106	96	77	-23.064369
107	96	20	-23.064369
108	96	22	-23.064369
109	96	61	-116.255981
110	96	161	-116.255981
111	96	19	0
112	96	5	-3.060337
113	96	5	-8.18642
114	96	724	-13.921162
115	96	250	-22.841181
116	96	408	-24.790989
117	96	295	-20.934494
118	96	295	-22.537729
119	96	295	-41.052479
120	96	296	-70.960533
121	96	170	-60.007645
122	96	170	-1.648979
123	96	194	52.711697
124	96	143	58.375126
125	96	142	50.5993
126	96	142	43.69231
127	96	309	34.571686
128	96	7	0
0	97	102	0
1	97	130	-53.842255
2	97	669	-78.772781
3	97	21	-94.884995
4	97	21	-88.17588
5	97	22	-67.676636
6	97	16	-62.474972
7	97	17	-33.658871
8	97	18	-38.531841
9	97	33	-62.519814
10	97	34	-86.039909
11	97	17	-102.503967
12	97	78	-116.255981
13	97	170	-116.255981
14	97	103	-147.071991
15	97	23	-167.591858
16	97	5	-173.351944
17	97	6	-174.648117
18	97	15	-176.304199
19	97	13	-209.736053
20	97	18	-172.056732
21	97	33	-168.080261
22	97	33	-106.223274
23	97	873	-101.83226
24	97	661	-105.86084
25	97	690	-22.721096
26	97	587	-17.584332
27	97	587	-97.716713
28	97	605	-101.112946
29	97	791	-109.546257
30	97	16	-97.592972
31	97	23	-80.954628
32	97	6	-85.267357
33	97	6	-109.781136
34	97	6	-110.46701
35	97	7	-104.822609
36	97	4	-77.769142
37	97	7	-47.579254
38	97	247	-44.560619
39	97	170	1.879457
40	97	194	7.116224
41	97	170	13.541672
42	97	170	14.051597
43	97	194	-3.361159
44	97	874	1.644517
45	97	839	43.026749
46	97	194	78.15683
47	97	194	93.840782
48	97	142	193.516678
49	97	170	204.366547
50	97	143	126.343742
51	97	103	131.23526
52	97	17	90.96682
53	97	23	82.113045
54	97	875	92.218346
55	97	868	200.064865
56	97	868	210.419647
57	97	876	208.356216
58	97	877	227.979904
59	97	878	241.29483
60	97	879	231.025406
61	97	14	220.813477
62	97	0	222.300354
63	97	10	237.744766
64	97	10	247.001312
65	97	10	243.940964
66	97	24	239.861191
67	97	10	245.579987
68	97	0	250.379059
69	97	11	241.618134
70	97	57	231.214096
71	97	880	226.894623
72	97	49	226.994476
73	97	881	223.755081
74	97	64	205.741379
75	97	65	186.852112
76	97	258	177.292038
77	97	273	166.11467
78	97	870	157.007935
79	97	871	157.303131
80	97	16	150.612839
81	97	78	138.332001
82	97	194	124.788193
83	97	143	112.289772
84	97	194	100.894684
85	97	103	90.244942
86	97	78	80.004974
87	97	142	71.680328
88	97	143	62.971363
89	97	286	54.665176
90	97	92	46.752876
91	97	200	38.60141
92	97	882	31.407057
93	97	883	24.258749
94	97	883	18.17627
95	97	883	-103.641014
96	97	883	-108.085648
97	97	92	-111.473915
98	97	200	-11.105124
99	97	92	-12.704808
100	97	123	-116.255981
101	97	92	-135.503632
102	97	146	-166.627213
103	97	123	-166.627213
104	97	146	-166.627213
105	97	118	-116.255981
106	97	872	-116.255981
107	97	51	-116.255981
108	97	51	-116.255981
109	97	87	-116.255981
110	97	5	-116.255981
111	97	7	-0.025638
112	97	4	-8.504945
113	97	15	-25.096313
114	97	17	-41.194172
115	97	23	-44.955498
116	97	5	-42.325443
117	97	7	-45.004833
118	97	7	-44.074677
119	97	247	-36.21183
120	97	170	-17.135853
121	97	143	10.644618
122	97	194	52.780293
123	97	142	73.784576
124	97	143	67.046463
125	97	142	58.359821
126	97	309	48.692165
127	97	20	36.90736
128	97	102	0
0	98	102	0
1	98	102	-54.575085
2	98	13	-78.356163
3	98	17	-92.098747
4	98	13	-83.203651
5	98	16	-60.864052
6	98	18	-55.327087
7	98	19	-30.62203
8	98	4	-38.495995
9	98	15	-62.519814
10	98	13	-86.039909
11	98	78	-102.503967
12	98	143	-116.255981
13	98	103	-116.255981
14	98	23	-147.071991
15	98	4	-167.591858
16	98	6	-173.351944
17	98	15	-168.596069
18	98	16	-169.21431
19	98	23	-207.75621
20	98	6	-172.056732
21	98	20	-171.359406
22	98	689	-112.48671
23	98	605	-112.193405
24	98	690	-115.01049
25	98	690	-116.255981
26	98	690	-114.652939
27	98	587	-112.147118
28	98	791	-113.15757
29	98	17	-115.830238
30	98	23	-111.817032
31	98	6	-99.311157
32	98	5	-101.240883
33	98	7	-117.357323
34	98	5	-107.010513
35	98	7	-86.722153
36	98	281	-88.321426
37	98	282	-59.052479
38	98	194	-55.588535
39	98	170	-49.938282
40	98	142	-42.454094
41	98	170	-32.186733
42	98	143	-39.394447
43	98	143	-19.82235
44	98	194	-4.484018
45	98	143	50.1283
46	98	185	93.648407
47	98	101	106.697639
48	98	170	206.760422
49	98	143	218.009171
50	98	103	140.397476
51	98	16	148.380219
52	98	23	109.441208
53	98	884	93.232506
54	98	885	103.37149
55	98	851	214.105804
56	98	878	247.608505
57	98	851	248.986603
58	98	877	249.973206
59	98	879	252.59639
60	98	43	255.505814
61	98	41	250.075363
62	98	10	254.635773
63	98	10	267.523895
64	98	11	284.495636
65	98	44	285.226654
66	98	45	287.787384
67	98	45	286.61911
68	98	45	282.307953
69	98	45	281.123352
70	98	64	278.657654
71	98	94	270.321014
72	98	94	261.067017
73	98	94	254.773117
74	98	94	243.155746
75	98	460	224.119385
76	98	13	199.48111
77	98	886	182.065933
78	98	887	179.451019
79	98	16	180.193359
80	98	78	170.786865
81	98	143	155.270279
82	98	143	140.177246
83	98	194	125.635437
84	98	103	112.689377
85	98	78	101.129257
86	98	194	90.083847
87	98	143	80.223274
88	98	286	71.149429
89	98	200	61.755482
90	98	146	53.293316
91	98	888	44.865494
92	98	325	36.367779
93	98	325	29.011042
94	98	325	21.841393
95	98	325	-100.477654
96	98	92	-105.460777
97	98	146	-109.916672
98	98	92	-9.655334
99	98	146	-12.04247
100	98	123	-116.255981
101	98	123	-135.503632
102	98	146	-166.627213
103	98	200	-166.627213
104	98	146	-166.627213
105	98	146	-122.303749
106	98	200	-122.303749
107	98	92	-122.303749
108	98	889	-122.303749
109	98	4	-122.303749
110	98	6	-122.303749
111	98	6	-0.169459
112	98	55	-15.479689
113	98	33	-60.5625
114	98	19	-95.570328
115	98	6	-106.036926
116	98	5	-97.126297
117	98	7	-82.309052
118	98	220	-53.324394
119	98	296	-13.178087
120	98	170	30.590679
121	98	142	59.804756
122	98	142	73.970932
123	98	194	74.98922
124	98	194	68.05394
125	98	364	58.980663
126	98	22	48.514214
127	98	16	35.169609
128	98	17	0
0	99	17	0
1	99	13	-53.843853
2	99	16	-78.205696
3	99	17	-92.516006
4	99	13	-82.452728
5	99	23	-59.615334
6	99	7	-32.353195
7	99	4	-8.03969
8	99	15	0
9	99	31	-116.255981
10	99	464	-116.255981
11	99	143	-116.255981
12	99	103	-116.255981
13	99	61	-116.255981
14	99	21	-116.255981
15	99	21	-116.255981
16	99	22	-106.72271
17	99	13	-93.38604
18	99	61	-93.213394
19	99	25	-106.642532
20	99	660	-207.736755
21	99	661	-207.816238
22	99	690	-116.255981
23	99	678	-116.255981
24	99	678	-143.879593
25	99	768	-167.687744
26	99	804	-201.528229
27	99	769	-197.640198
28	99	13	-197.640198
29	99	61	-197.640198
30	99	20	-113.036415
31	99	21	-107.54525
32	99	25	-106.653534
33	99	7	-114.087837
34	99	281	-122.761795
35	99	282	-83.419212
36	99	170	-88.56868
37	99	170	-62.303406
38	99	194	-58.474785
39	99	185	-51.737812
40	99	250	-38.369228
41	99	250	-27.619667
42	99	890	-36.900497
43	99	891	-17.756622
44	99	194	-0.574279
45	99	103	60.17038
46	99	78	105.397438
47	99	142	119.977249
48	99	143	220.205276
49	99	339	231.556152
50	99	892	153.98616
51	99	780	161.831558
52	99	884	105.515594
53	99	878	96.114639
54	99	885	106.384399
55	99	885	223.082916
56	99	878	261.377838
57	99	877	270.954773
58	99	893	269.664581
59	99	894	269.054779
60	99	43	282.923187
61	99	42	279.241364
62	99	42	388.342621
63	99	42	393.94928
64	99	895	391.820862
65	99	90	390.993317
66	99	66	320.208099
67	99	66	318.789337
68	99	66	314.237396
69	99	258	313.550049
70	99	272	314.166168
71	99	272	305.064423
72	99	272	295.915802
73	99	272	289.068298
74	99	273	278.636627
75	99	13	262.290924
76	99	16	240.011276
77	99	896	220.71376
78	99	897	211.111801
79	99	141	204.2798
80	99	194	189.442261
81	99	142	171.631134
82	99	142	154.934921
83	99	339	138.745483
84	99	141	125.08223
85	99	142	111.525871
86	99	170	99.744484
87	99	286	89.253014
88	99	123	78.906364
89	99	200	69.15799
90	99	325	59.454342
91	99	325	50.749039
92	99	325	41.868675
93	99	325	33.437283
94	99	325	25.763514
95	99	206	-97.223267
96	99	146	-103.029945
97	99	123	-107.744347
98	99	123	-111.733765
99	99	123	-114.887939
100	99	123	-116.255981
101	99	268	-116.255981
102	99	354	-146.856186
103	99	146	-146.856186
104	99	146	-146.856186
105	99	123	-116.255981
106	99	92	-116.255981
107	99	118	-116.255981
108	99	76	-116.255981
109	99	77	-116.255981
110	99	4	-116.255981
111	99	5	-0.014341
112	99	6	-20.355556
113	99	4	-79.516968
114	99	4	-143.133392
115	99	6	-156.177505
116	99	7	-143.447433
117	99	7	-108.07579
118	99	247	-44.253284
119	99	194	7.208703
120	99	142	45.374233
121	99	143	55.780567
122	99	194	60.785084
123	99	170	61.019279
124	99	339	57.486725
125	99	163	51.465164
126	99	163	42.589672
127	99	163	29.96175
128	99	163	0
0	100	163	0
1	100	163	-53.271328
2	100	163	-77.983063
3	100	163	-92.905609
4	100	318	-83.648682
5	100	398	-61.231728
6	100	898	-34.10371
7	100	704	-9.345348
8	100	130	0
9	100	329	0
10	100	194	0
11	100	103	0
12	100	16	0
13	100	13	0
14	100	13	0
15	100	31	0.959589
16	100	35	-97.613235
17	100	36	-78.037575
18	100	61	-79.288948
19	100	689	-101.194504
20	100	605	-207.784119
21	100	768	-207.816238
22	100	804	-116.255981
23	100	804	-116.255981
24	100	769	-167.687744
25	100	16	-184.776123
26	100	13	-201.528229
27	100	13	-210.984116
28	100	17	-200.975998
29	100	15	-200.975998
30	100	13	-113.286697
31	100	23	-108.731453
32	100	5	-107.897728
33	100	899	-112.122185
34	100	900	-117.359299
35	100	900	-116.755325
36	100	901	-45.790726
37	100	350	-42.977287
38	100	902	-42.804691
39	100	163	-36.694736
40	100	806	-22.96534
41	100	903	-8.250808
42	100	568	-3.600091
43	100	194	30.054564
44	100	103	46.337387
45	100	78	87.288818
46	100	194	120.11657
47	100	143	133.326065
48	100	170	145.66925
49	100	874	157.393463
50	100	904	168.671188
51	100	905	177.986374
52	100	862	116.251236
53	100	862	80.43351
54	100	862	111.752945
55	100	862	236.446259
56	100	862	270.164764
57	100	906	282.72876
58	100	907	292.406067
59	100	49	302.08902
60	100	49	314.339203
61	100	49	313.330902
62	100	49	395.486206
63	100	68	394.197906
64	100	90	398.336426
65	100	258	402.188873
66	100	272	348.161346
67	100	908	344.42807
68	100	299	340.836761
69	100	805	340.337128
70	100	34	338.713837
71	100	17	334.623627
72	100	16	325.630951
73	100	17	316.365753
74	100	13	306.891235
75	100	17	293.576569
76	100	909	277.960358
77	100	778	259.30426
78	100	351	243.828674
79	100	170	227.161087
80	100	194	207.434891
81	100	194	188.361298
82	100	143	169.582001
83	100	142	152.114075
84	100	142	136.948212
85	100	143	122.400192
86	100	286	109.093582
87	100	146	97.952721
88	100	92	86.671608
89	100	200	76.082703
90	100	146	65.746887
91	100	146	56.214725
92	100	268	47.080559
93	100	269	37.813496
94	100	425	29.652683
95	100	354	-94.247772
96	100	92	-100.656914
97	100	92	-105.615967
98	100	200	-110.463577
99	100	123	-113.824173
100	100	377	-116.048706
101	100	411	-116.255981
102	100	146	-146.856186
103	100	146	-146.856186
104	100	92	-146.856186
105	100	146	-116.255981
106	100	123	-116.255981
107	100	146	-116.255981
108	100	889	-116.255981
109	100	4	-116.255981
110	100	6	-116.255981
111	100	7	0
112	100	7	-8.233719
113	100	7	-58.036072
114	100	5	-106.850555
115	100	4	-126.940201
116	100	7	-115.227089
117	100	220	-79.42482
118	100	296	-17.721439
119	100	143	22.44759
120	100	170	36.596844
121	100	143	38.1609
122	100	170	38.775345
123	100	143	40.075645
124	100	170	39.824417
125	100	142	37.696011
126	100	142	32.773926
127	100	142	23.122366
128	100	170	0
0	101	142	0
1	101	142	-53.359524
2	101	170	-78.538887
3	101	170	-94.677895
4	101	103	-87.24662
5	101	130	-66.780624
6	101	134	-40.931736
7	101	130	-14.856123
8	101	329	-3.337952
9	101	142	-3.025428
10	101	103	-2.988675
11	101	16	-1.506329
12	101	16	-0.001706
13	101	13	0
14	101	14	0
15	101	0	2.627427
16	101	57	-94.957451
17	101	35	-67.954407
18	101	910	-69.825462
19	101	576	-94.84256
20	101	911	-176.643066
21	101	13	-179.880478
22	101	13	-198.960052
23	101	13	-198.960052
24	101	16	-201.528229
25	101	16	-201.528229
26	101	17	-216.024017
27	101	18	-200.975998
28	101	15	-180.036026
29	101	13	-157.650009
30	101	23	-116.132362
31	101	912	-113.16777
32	101	913	-112.785912
33	101	914	-114.736069
34	101	915	-112.096779
35	101	916	-107.819229
36	101	354	-103.973305
37	101	363	15.236523
38	101	194	20.363123
39	101	338	28.521513
40	101	329	42.692249
41	101	143	57.79813
42	101	143	73.502213
43	101	103	83.825256
44	101	100	97.829704
45	101	101	118.882042
46	101	170	132.705811
47	101	142	145.968765
48	101	194	158.657852
49	101	170	170.73735
50	101	142	184.256424
51	101	143	133.140274
52	101	194	105.821014
53	101	170	97.712463
54	101	170	114.688141
55	101	142	245.037445
56	101	144	297.56488
57	101	94	305.361877
58	101	66	320.994324
59	101	90	332.296204
60	101	90	333.368774
61	101	65	339.096863
62	101	66	350.343719
63	101	65	369.561951
64	101	712	380.328125
65	101	917	381.897034
66	101	918	381.471558
67	101	200	376.78186
68	101	889	371.020416
69	101	15	362.270325
70	101	16	357.402527
71	101	17	354.89743
72	101	16	351.383453
73	101	16	341.003021
74	101	279	328.928711
75	101	785	315.151703
76	101	92	299.64386
77	101	363	282.402527
78	101	143	264.802521
79	101	143	245.769165
80	101	142	225.281876
81	101	194	204.409943
82	101	170	184.699722
83	101	142	165.250931
84	101	143	148.077728
85	101	286	132.724655
86	101	123	118.573402
87	101	181	106.313461
88	101	154	95.033447
89	101	154	83.302246
90	101	154	72.284897
91	101	919	61.223518
92	101	194	51.84444
93	101	142	42.352776
94	101	333	33.17131
95	101	354	-91.185829
96	101	200	-98.099403
97	101	92	-103.701904
98	101	200	-108.631302
99	101	146	-112.796242
100	101	92	-115.618851
101	101	123	-116.255981
102	101	200	-116.255981
103	101	123	-116.255981
104	101	200	-116.255981
105	101	92	-116.255981
106	101	123	-116.255981
107	101	118	-42.143829
108	101	76	-42.143829
109	101	76	-116.255981
110	101	77	-116.255981
111	101	4	0
112	101	7	-0.322619
113	101	7	-16.082449
114	101	4	-35.63929
115	101	5	-47.660442
116	101	7	-47.060127
117	101	220	-25.388016
118	101	296	4.034768
119	101	142	17.629967
120	101	170	19.001816
121	101	294	18.463388
122	101	295	17.807587
123	101	295	19.650673
124	101	295	21.780273
125	101	295	22.683563
126	101	920	21.481358
127	101	920	15.603186
128	101	920	0
0	102	920	0
1	102	921	-52.536552
2	102	194	-78.84623
3	102	103	-96.329292
4	102	130	-93.838852
5	102	134	-76.779121
6	102	130	-53.679165
7	102	329	-30.088337
8	102	170	-17.937784
9	102	339	-18.960831
10	102	163	-17.003956
11	102	163	-15.235491
12	102	163	-9.939781
13	102	112	-2.387545
14	102	137	0
15	102	319	4.006301
16	102	11	-94.088013
17	102	24	-67.97863
18	102	24	-66.650688
19	102	12	-91.240501
20	102	16	-173.172501
21	102	16	-179.880478
22	102	13	-198.960052
23	102	16	-198.960052
24	102	13	-201.288116
25	102	17	-201.288116
26	102	61	-201.288116
27	102	15	-200.975998
28	102	16	-157.650009
29	102	61	-134.715881
30	102	922	-116.070343
31	102	914	-116.034103
32	102	915	-115.463036
33	102	923	-111.400909
34	102	170	-106.785713
35	102	286	-102.355934
36	102	363	-98.128174
37	102	194	22.709114
38	102	330	28.828602
39	102	166	39.30566
40	102	194	53.493305
41	102	170	68.952469
42	102	103	84.900375
43	102	16	100.437073
44	102	78	115.531967
45	102	143	130.153809
46	102	142	144.270935
47	102	143	157.851303
48	102	143	170.862335
49	102	170	183.53775
50	102	402	200.057007
51	102	924	148.066467
52	102	924	126.778419
53	102	924	107.698868
54	102	695	137.391876
55	102	198	312.487091
56	102	258	330.233795
57	102	272	331.078033
58	102	272	342.32547
59	102	925	352.369049
60	102	157	356.597473
61	102	157	362.990448
62	102	157	380.863525
63	102	383	397.425629
64	102	926	408.923737
65	102	146	409.906067
66	102	92	408.324493
67	102	889	405.602875
68	102	15	397.114838
69	102	16	384.556854
70	102	16	375.261444
71	102	16	374.520081
72	102	279	371.711121
73	102	141	361.842285
74	102	333	349.656219
75	102	394	335.68277
76	102	285	319.870941
77	102	194	302.410583
78	102	143	283.853333
79	102	142	264.334259
80	102	194	242.891922
81	102	194	220.02417
82	102	143	198.786194
83	102	194	178.060303
84	102	286	158.863602
85	102	200	142.770355
86	102	889	129.562546
87	102	7	117.226517
88	102	7	105.540222
89	102	20	93.497528
90	102	677	81.302574
91	102	101	69.101418
92	102	142	57.529144
93	102	170	46.422882
94	102	286	36.641941
95	102	92	28.046911
96	102	200	20.409559
97	102	92	14.242415
98	102	92	9.238724
99	102	200	4.339716
100	102	123	0.993138
101	102	123	0
102	102	92	0
103	102	123	0
104	102	92	0
105	102	146	-116.255981
106	102	123	-116.255981
107	102	200	-42.143829
108	102	123	-42.143829
109	102	118	-116.255981
110	102	76	-116.255981
111	102	77	0
112	102	6	0
113	102	6	-0.40455
114	102	4	-4.003868
115	102	4	-5.229108
116	102	4	-4.511397
117	102	220	-0.904161
118	102	295	4.455922
119	102	295	5.679705
120	102	293	3.965178
121	102	6	0.560405
122	102	6	-2.72811
123	102	493	-0.934205
124	102	493	3.191892
125	102	493	7.329026
126	102	493	9.422582
127	102	493	8.138117
128	102	493	0
0	103	927	0
1	103	170	-48.911564
2	103	103	-73.491974
3	103	130	-93.546822
4	103	130	-97.0923
5	103	130	-83.737091
6	103	585	-65.843086
7	103	143	-48.661633
8	103	143	-36.409664
9	103	143	-41.177307
10	103	170	-41.406803
11	103	142	-35.383579
12	103	194	-27.010731
13	103	194	-15.370058
14	103	338	-4.261379
15	103	11	3.020403
16	103	11	-98.122795
17	103	0	-78.374443
18	103	57	-76.557716
19	103	36	-95.624763
20	103	13	-112.178337
21	103	17	-116.255981
22	103	13	0
23	103	17	0
24	103	13	-116.255981
25	103	17	-116.255981
26	103	15	-116.255981
27	103	17	-116.119263
28	103	13	-114.938042
29	103	928	-113.920052
30	103	929	2.910788
31	103	930	3.922833
32	103	142	7.521853
33	103	143	11.587898
34	103	286	15.113844
35	103	363	19.229681
36	103	143	23.618729
37	103	143	28.701391
38	103	142	36.374485
39	103	142	47.993847
40	103	143	62.561947
41	103	339	78.275085
42	103	163	94.512444
43	103	141	110.340652
44	103	170	125.727882
45	103	170	140.641861
46	103	170	155.050369
47	103	143	168.921402
48	103	142	182.223328
49	103	338	197.426651
50	103	449	216.135529
51	103	461	163.403229
52	103	931	141.270554
53	103	68	146.141785
54	103	65	196.016571
55	103	460	340.061066
56	103	326	357.802826
57	103	104	362.610687
58	103	104	370.352478
59	103	104	379.327759
60	103	104	387.076782
61	103	150	398.22937
62	103	76	413.793945
63	103	174	424.944122
64	103	92	432.195129
65	103	181	433.71106
66	103	203	431.620575
67	103	15	429.201538
68	103	909	424.257843
69	103	51	413.482941
70	103	51	403.842712
71	103	778	397.913757
72	103	351	391.799469
73	103	142	381.335175
74	103	143	369.125977
75	103	170	355.248962
76	103	143	340.316498
77	103	170	323.425842
78	103	194	304.18399
79	103	194	283.821686
80	103	142	261.467834
81	103	294	237.157761
82	103	365	213.592377
83	103	932	190.232208
84	103	255	170.065353
85	103	203	154.580643
86	103	4	141.683624
87	103	20	129.881317
88	103	22	117.223579
89	103	13	104.528854
90	103	100	90.85836
91	103	250	77.938202
92	103	408	64.861046
93	103	933	52.309807
94	103	125	40.038208
95	103	934	30.621761
96	103	123	22.343151
97	103	92	15.69434
98	103	92	10.625085
99	103	200	5.539877
100	103	268	85.81942
101	103	394	84.191933
102	103	354	84.191933
103	103	200	84.191933
104	103	200	0
105	103	146	-116.255981
106	103	92	-116.255981
107	103	146	-42.143829
108	103	200	-42.143829
109	103	200	-116.255981
110	103	889	-116.255981
111	103	7	0
112	103	4	0
113	103	5	0
114	103	4	0
115	103	7	-0.080885
116	103	6	-0.149964
117	103	20	-0.022899
118	103	21	-0.911421
119	103	25	-4.153528
120	103	20	-8.427036
121	103	21	-15.043101
122	103	493	-21.912729
123	103	130	-22.83345
124	103	130	-17.437122
125	103	493	-9.508242
126	103	130	-1.261117
127	103	493	2.898637
128	103	927	0
0	104	170	0
1	104	103	-41.833233
2	104	17	-64.802704
3	104	16	-87.486931
4	104	13	-97.04895
5	104	823	-89.18177
6	104	428	-79.761658
7	104	428	-69.412567
8	104	428	-65.637314
9	104	428	-71.945633
10	104	428	-70.936394
11	104	321	-59.897129
12	104	170	-46.310604
13	104	338	-29.496883
14	104	0	-12.453424
15	104	10	-0.863755
16	104	24	-107.272774
17	104	0	-97.725449
18	104	57	-98.722992
19	104	36	-108.474739
20	104	16	-116.255981
21	104	18	-116.255981
22	104	34	0
23	104	17	0
24	104	18	-116.255981
25	104	55	-116.255981
26	104	34	-46.072929
27	104	16	-44.166641
28	104	14	-112.334351
29	104	136	-111.139175
30	104	166	6.872133
31	104	170	10.34449
32	104	389	15.048931
33	104	411	19.112366
34	104	935	22.573151
35	104	250	25.517494
36	104	101	28.968594
37	104	143	35.11322
38	104	170	43.610062
39	104	194	56.158665
40	104	194	72.390305
41	104	143	89.786079
42	104	170	107.231308
43	104	143	123.33886
44	104	143	138.091705
45	104	170	151.597992
46	104	170	165.000244
47	104	170	179.130127
48	104	338	193.026581
49	104	449	214.651794
50	104	461	242.882294
51	104	936	159.787277
52	104	65	166.301056
53	104	94	167.169525
54	104	460	241.806717
55	104	326	310.446259
56	104	325	384.220795
57	104	325	397.541412
58	104	325	412.211121
59	104	937	421.627808
60	104	174	433.461121
61	104	146	447.545837
62	104	92	454.735046
63	104	92	458.416107
64	104	118	458.496674
65	104	76	455.776245
66	104	872	457.75705
67	104	918	457.598206
68	104	123	455.211884
69	104	71	448.872498
70	104	72	438.254669
71	104	938	425.658203
72	104	350	412.56131
73	104	939	399.940521
74	104	101	387.524719
75	104	142	375.77121
76	104	194	361.810211
77	104	194	345.280731
78	104	142	325.484161
79	104	143	303.069916
80	104	364	279.496765
81	104	22	254.319733
82	104	17	229.020554
83	104	23	205.10936
84	104	5	185.28714
85	104	20	169.660553
86	104	22	156.021011
87	104	31	144.817017
88	104	35	132.400909
89	104	36	118.614273
90	104	13	103.632668
91	104	61	88.445679
92	104	401	73.076447
93	104	10	59.009693
94	104	202	45.171215
95	104	934	32.781666
96	104	123	23.864529
97	104	146	16.090895
98	104	146	94.860092
99	104	363	90.248085
100	104	143	86.363647
101	104	333	160.968201
102	104	354	160.968201
103	104	200	84.191933
104	104	146	0
105	104	200	-124.415298
106	104	146	-124.415298
107	104	92	-124.415298
108	104	181	-124.415298
109	104	940	-124.415298
110	104	21	-116.255981
111	104	941	-116.255981
112	104	77	-116.255981
113	104	4	-116.255981
114	104	7	-116.255981
115	104	5	-116.255981
116	104	15	-116.255981
117	104	17	0
118	104	23	-0.106643
119	104	15	-6.192051
120	104	13	-16.242849
121	104	493	-28.196796
122	104	493	-41.155739
123	104	493	-46.680481
124	104	493	-40.444729
125	104	493	-27.643538
126	104	493	-13.788941
127	104	927	-1.932012
128	104	142	0
0	105	379	0
1	105	33	-33.04768
2	105	33	-53.73016
3	105	34	-76.09079
4	105	493	-89.682747
5	105	493	-88.024185
6	105	493	-86.900398
7	105	493	-87.001556
8	105	493	-89.036308
9	105	136	-96.538254
10	105	166	-97.069466
11	105	142	-83.360695
12	105	338	-63.406071
13	105	10	-41.246601
14	105	0	-20.160843
15	105	10	-5.518508
16	105	24	-114.210411
17	105	10	-111.458939
18	105	12	-112.339058
19	105	17	-115.936974
20	105	23	-116.255981
21	105	15	-116.255981
22	105	16	0
23	105	23	0
24	105	20	-116.255981
25	105	22	-116.113701
26	105	16	-44.097343
27	105	14	-41.949303
28	105	828	-109.858437
29	105	295	-107.519302
30	105	296	12.771026
31	105	286	17.750404
32	105	123	99.462997
33	105	243	103.411674
34	105	16	106.642357
35	105	100	109.485573
36	105	101	35.039993
37	105	170	41.334724
38	105	142	51.053284
39	105	194	67.454132
40	105	185	86.143135
41	105	250	104.981674
42	105	250	123.217232
43	105	250	139.565567
44	105	250	153.906342
45	105	101	166.800476
46	105	170	178.842361
47	105	620	190.383865
48	105	621	210.78125
49	105	621	244.896591
50	105	314	280.901276
51	105	90	155.905762
52	105	258	165.73555
53	105	273	180.460098
54	105	104	247.242828
55	105	104	385.437622
56	105	104	430.773346
57	105	104	441.598633
58	105	942	454.703857
59	105	146	469.343201
60	105	200	482.128021
61	105	146	493.31781
62	105	200	495.079193
63	105	123	489.326416
64	105	200	488.61676
65	105	123	489.987244
66	105	146	490.727722
67	105	123	492.488678
68	105	171	489.628021
69	105	91	482.493805
70	105	70	470.422577
71	105	123	454.777374
72	105	943	437.301636
73	105	464	421.489349
74	105	142	409.634064
75	105	194	398.784485
76	105	194	386.34671
77	105	142	370.598297
78	105	142	350.97699
79	105	103	326.559479
80	105	13	300.395996
81	105	17	272.356262
82	105	944	245.344955
83	105	945	224.098297
84	105	22	205.991409
85	105	31	190.110733
86	105	54	176.837189
87	105	11	163.999878
88	105	12	150.187759
89	105	17	134.806778
90	105	16	119.436768
91	105	43	102.266586
92	105	42	85.73645
93	105	42	69.550011
94	105	946	53.522644
95	105	240	36.68029
96	105	238	24.200178
97	105	200	14.875064
98	105	363	93.163872
99	105	142	88.663177
100	105	194	85.038177
101	105	333	160.786667
102	105	394	160.968201
103	105	354	84.191933
104	105	200	0
105	105	200	-124.415298
106	105	146	-124.415298
107	105	808	-124.415298
108	105	81	-124.415298
109	105	17	-124.415298
110	105	253	-116.255981
111	105	947	-116.255981
112	105	21	-116.255981
113	105	25	-116.255981
114	105	7	-116.255981
115	105	55	-116.255981
116	105	33	-116.255981
117	105	19	0
118	105	15	0
119	105	16	-5.004586
120	105	13	-20.730646
121	105	13	-44.991562
122	105	493	-67.428879
123	105	493	-78.776054
124	105	493	-71.741356
125	105	493	-52.404762
126	105	927	-27.764334
127	105	143	-7.319186
128	105	309	0
0	106	6	0
1	106	5	-23.034277
2	106	55	-39.597706
3	106	948	-59.161461
4	106	130	-73.094566
5	106	130	-77.410614
6	106	130	-81.508904
7	106	493	-88.773201
8	106	329	-96.047646
9	106	142	-103.928528
10	106	194	-106.081078
11	106	338	-95.850044
12	106	28	-72.391251
13	106	42	-46.884674
14	106	41	-23.588375
15	106	11	-7.3565
16	106	10	0.05
17	106	57	0.537224
18	106	36	0.191571
19	106	23	0.551492
20	106	55	1.255059
21	106	34	1.880117
22	106	23	2.034954
23	106	15	1.662685
24	106	16	-115.285446
25	106	16	-114.391861
26	106	14	-42.41367
27	106	9	-40.000618
28	106	4	-107.023537
29	106	220	-102.287018
30	106	949	19.472763
31	106	354	25.39419
32	106	243	107.070503
33	106	13	110.850235
34	106	16	113.900078
35	106	78	116.411812
36	106	142	41.825127
37	106	142	47.687023
38	106	170	62.156986
39	106	103	81.43335
40	106	16	101.746704
41	106	16	121.727455
42	106	13	142.3685
43	106	17	161.737961
44	106	78	178.113342
45	106	142	190.977676
46	106	339	201.522736
47	106	163	216.752457
48	106	112	238.422974
49	106	950	277.475067
50	106	311	318.616974
51	106	563	194.384171
52	106	13	182.354538
53	106	16	206.130035
54	106	16	328.03656
55	106	13	408.264374
56	106	909	475.159363
57	106	918	485.014374
58	106	146	500.339966
59	106	146	515.365356
60	106	123	527.577332
61	106	123	536.917297
62	106	268	536.776062
63	106	354	526.338562
64	106	200	526.878723
65	106	92	530.412048
66	106	146	528.797546
67	106	123	527.147888
68	106	200	522.718445
69	106	146	515.314697
70	106	124	502.911652
71	106	178	484.723297
72	106	329	465.181305
73	106	142	447.30835
74	106	142	433.54068
75	106	142	421.582947
76	106	194	410.286072
77	106	170	395.836182
78	106	339	377.568451
79	106	951	352.324127
80	106	952	324.041199
81	106	953	294.120789
82	106	945	265.828613
83	106	945	244.477844
84	106	954	226.87114
85	106	39	212.750092
86	106	10	200.355347
87	106	12	187.63121
88	106	518	173.946304
89	106	518	157.286621
90	106	518	138.542572
91	106	518	118.631813
92	106	518	99.235542
93	106	13	81.708435
94	106	16	64.199585
95	106	253	45.478123
96	106	255	29.637964
97	106	420	17.802776
98	106	295	8.523605
99	106	295	2.77914
100	106	295	83.45076
101	106	553	82.615631
102	106	955	84.164566
103	106	934	84.191933
104	106	123	0
105	106	146	-124.415298
106	106	363	-124.415298
107	106	103	-124.415298
108	106	16	-124.415298
109	106	16	-124.415298
110	106	17	10.391853
111	106	13	10.391853
112	106	23	10.391853
113	106	4	10.391853
114	106	4	-116.255981
115	106	4	-116.255981
116	106	4	-116.255981
117	106	55	0
118	106	34	0
119	106	16	-4.177692
120	106	13	-29.73024
121	106	13	-62.865421
122	106	17	-91.05085
123	106	13	-108.098679
124	106	61	-100.422058
125	106	184	-75.834633
126	106	294	-44.89571
127	106	293	-15.860939
128	106	5	0
0	107	5	0
1	107	6	-13.383715
2	107	956	-25.930298
3	107	130	-40.431229
4	107	130	-54.38905
5	107	130	-61.826588
6	107	493	-67.453224
7	107	329	-76.899582
8	107	194	-88.613785
9	107	402	-96.853439
10	107	252	-98.151176
11	107	12	-88.361618
12	107	13	-67.379791
13	107	43	-43.525204
14	107	42	-21.831524
15	107	41	-6.51368
16	107	11	0
17	107	57	0.366408
18	107	737	2.323128
19	107	4	4.659904
20	107	15	6.439955
21	107	23	7.226808
22	107	15	7.084766
23	107	17	6.299035
24	107	17	-111.022827
25	107	43	-110.049973
26	107	283	-108.895439
27	107	7	-107.185265
28	107	6	-102.494102
29	107	220	-96.08506
30	107	957	26.864586
31	107	256	32.959946
32	107	17	37.393394
33	107	16	41.007801
34	107	78	43.976425
35	107	143	46.416752
36	107	170	49.142582
37	107	143	58.18996
38	107	103	74.631409
39	107	16	95.557182
40	107	16	118.526787
41	107	17	143.174637
42	107	16	167.857239
43	107	78	189.25946
44	107	194	206.736237
45	107	143	220.613434
46	107	170	233.419235
47	107	194	250.79422
48	107	194	275.78363
49	107	143	307.477112
50	107	103	347.0354
51	107	17	229.930557
52	107	17	198.180542
53	107	909	223.814056
54	107	51	332.159882
55	107	918	429.23468
56	107	92	510.085632
57	107	123	525.901184
58	107	200	693.468201
59	107	92	696.687805
60	107	123	702.546448
61	107	377	581.109192
62	107	411	569.817871
63	107	200	565.6474
64	107	146	565.6474
65	107	123	568.166626
66	107	200	561.747925
67	107	92	571.863403
68	107	124	535.936584
69	107	178	551.835083
70	107	0	529.077454
71	107	329	515.638367
72	107	170	493.964172
73	107	143	474.510498
74	107	185	458.32074
75	107	250	444.918427
76	107	250	431.964355
77	107	958	417.951294
78	107	959	399.910797
79	107	454	375.883331
80	107	454	346.88797
81	107	454	317.739777
82	107	454	289.229309
83	107	960	266.713318
84	107	63	247.96579
85	107	39	235.404022
86	107	12	224.031418
87	107	482	213.240326
88	107	454	200.543228
89	107	454	184.126785
90	107	454	162.137085
91	107	416	138.372665
92	107	13	116.138023
93	107	17	97.227356
94	107	16	78.507309
95	107	23	58.383602
96	107	5	39.116558
97	107	6	25.248701
98	107	7	14.499986
99	107	5	5.972344
100	107	8	-1.381507
101	107	24	-2.719395
102	107	202	-0.445459
103	107	961	0
104	107	394	0
105	107	285	-116.255981
106	107	339	-83.52005
107	107	163	-83.52005
108	107	163	-91.679367
109	107	340	-124.415298
110	107	16	2.232462
111	107	59	10.391853
112	107	60	10.391853
113	107	7	10.391853
114	107	5	-116.255981
115	107	4	-116.255981
116	107	4	0
117	107	15	0
118	107	13	0
119	107	16	-6.156843
120	107	18	-39.326984
121	107	34	-75.982941
122	107	13	-108.937828
123	107	16	-130.937103
124	107	78	-124.732956
125	107	309	-95.555374
126	107	4	-59.5182
127	107	5	-23.390036
128	107	6	0
0	108	6	0
1	108	590	-5.886101
2	108	112	-14.16788
3	108	514	-22.815296
4	108	514	-34.094265
5	108	514	-41.763615
6	108	166	-46.424973
7	108	143	-54.848061
8	108	620	-68.774467
9	108	42	-76.214989
10	108	29	-75.91787
11	108	17	-67.241798
12	108	16	-51.577976
13	108	13	-32.793903
14	108	43	-15.678102
15	108	41	-3.355898
16	108	10	0.747256
17	108	578	4.67824
18	108	21	8.913485
19	108	22	12.478592
20	108	23	14.795992
21	108	15	15.829911
22	108	17	15.694637
23	108	17	14.287611
24	108	16	-103.600601
25	108	503	-101.313988
26	108	3	-98.637344
27	108	4	-94.442398
28	108	6	-89.904762
29	108	5	-84.604149
30	108	15	37.862625
31	108	17	42.898647
32	108	18	45.693504
33	108	210	48.292389
34	108	296	51.497253
35	108	143	54.4795
36	108	194	58.286682
37	108	339	71.017891
38	108	163	87.849533
39	108	340	111.770462
40	108	16	139.054794
41	108	13	168.527222
42	108	164	196.389496
43	108	295	220.247391
44	108	295	238.785477
45	108	295	252.391785
46	108	295	268.344452
47	108	365	290.889709
48	108	962	314.486694
49	108	963	339.01239
50	108	51	372.217285
51	108	51	242.802094
52	108	918	230.942261
53	108	200	242.378098
54	108	123	357.395599
55	108	123	444.386658
56	108	200	544.975098
57	108	92	567.943237
58	108	268	701.406555
59	108	354	703.298157
60	108	200	706.419312
61	108	123	706.403931
62	108	123	707.723206
63	108	123	629.919189
64	108	200	565.6474
65	108	92	565.6474
66	108	200	561.624878
67	108	399	658.893494
68	108	24	660.929565
69	108	136	658.085632
70	108	166	664.053772
71	108	142	543.286072
72	108	142	520.514648
73	108	103	499.049011
74	108	17	481.008636
75	108	16	465.291443
76	108	964	450.286499
77	108	454	437.494049
78	108	454	421.549408
79	108	454	397.732483
80	108	454	367.821167
81	108	454	340.157227
82	108	960	312.887115
83	108	26	291.585693
84	108	27	273.881409
85	108	12	260.292694
86	108	482	249.493027
87	108	454	239.021591
88	108	454	225.641144
89	108	416	209.488968
90	108	965	185.514862
91	108	33	160.629669
92	108	34	137.403183
93	108	13	114.907593
94	108	23	93.93042
95	108	4	71.715248
96	108	7	49.58173
97	108	6	33.128796
98	108	6	20.691988
99	108	8	11.84451
100	108	10	3.321997
101	108	11	-2.419115
102	108	406	-0.718349
103	108	966	0
104	108	350	0
105	108	350	-83.52005
106	108	350	-79.224068
107	108	350	-83.52005
108	108	902	-91.679367
109	108	163	-91.679367
110	108	141	-124.415298
111	108	309	-116.255981
112	108	5	10.391853
113	108	281	10.391853
114	108	60	-116.255981
115	108	5	-116.255981
116	108	15	0
117	108	16	0
118	108	17	0
119	108	23	-7.455862
120	108	55	-42.908554
121	108	33	-81.90406
122	108	33	-120.194313
123	108	668	-148.880447
124	108	309	-142.345322
125	108	4	-108.950775
126	108	6	-68.733574
127	108	7	-28.132084
128	108	281	0
0	109	282	0
1	109	142	-1.843255
2	109	143	-6.034458
3	109	143	-11.391671
4	109	194	-16.175446
5	109	143	-22.178713
6	109	143	-26.984478
7	109	103	-31.313305
8	109	13	-38.699158
9	109	13	-45.717838
10	109	13	-47.237545
11	109	17	-42.044731
12	109	17	-31.706774
13	109	17	-19.344751
14	109	14	-7.529786
15	109	11	0.313628
16	109	12	6.00738
17	109	16	12.113195
18	109	16	18.041597
19	109	23	22.852417
20	109	15	26.311069
21	109	17	28.118704
22	109	16	27.679861
23	109	13	27.961693
24	109	88	29.734518
25	109	62	33.641342
26	109	26	38.119625
27	109	30	42.655533
28	109	21	46.548645
29	109	161	49.089844
30	109	33	52.383362
31	109	19	55.809273
32	109	6	57.263103
33	109	220	60.296001
34	109	296	63.145489
35	109	143	66.305641
36	109	142	73.247246
37	109	142	89.049156
38	109	339	109.142159
39	109	163	135.919052
40	109	163	167.612122
41	109	626	199.850967
42	109	281	230.486633
43	109	80	255.289032
44	109	80	273.168915
45	109	80	287.440826
46	109	540	305.299591
47	109	785	329.113525
48	109	146	351.446136
49	109	200	374.53418
50	109	92	402.327942
51	109	92	250.202927
52	109	92	248.867447
53	109	268	263.472015
54	109	394	344.187225
55	109	394	455.796692
56	109	394	581.005127
57	109	395	691.684753
58	109	411	698.902954
59	109	92	704.024658
60	109	146	703.664551
61	109	124	702.649292
62	109	125	703.792725
63	109	125	629.919189
64	109	125	565.6474
65	109	125	565.6474
66	109	178	561.747925
67	109	0	655.254089
68	109	329	656.37262
69	109	143	663.499268
70	109	142	663.431519
71	109	194	564.571777
72	109	103	542.021362
73	109	16	519.258118
74	109	17	499.502228
75	109	964	482.419312
76	109	454	467.979858
77	109	454	455.321075
78	109	416	438.388763
79	109	416	415.552246
80	109	416	388.34198
81	109	967	362.845886
82	109	968	337.243073
83	109	0	317.506653
84	109	738	301.071747
85	109	520	287.029999
86	109	520	277.260254
87	109	969	266.09314
88	109	969	250.791779
89	109	970	230.812439
90	109	4	207.87735
91	109	590	185.888306
92	109	163	162.062897
93	109	626	137.227219
94	109	5	112.536957
95	109	6	87.95723
96	109	4	64.007736
97	109	150	44.638493
98	109	372	30.152729
99	109	971	18.715384
100	109	176	8.72021
101	109	0	1.653863
102	109	972	-0.424165
103	109	123	0
104	109	146	0
105	109	200	-52.19405
106	109	146	-52.19405
107	109	363	-79.224068
108	109	170	-91.679367
109	109	142	-124.415298
110	109	309	-124.415298
111	109	281	-116.255981
112	109	282	-116.255981
113	109	309	-116.255981
114	109	5	-116.255981
115	109	55	-116.255981
116	109	34	0
117	109	13	0
118	109	61	0
119	109	21	-8.005568
120	109	21	-38.946583
121	109	21	-80.651451
122	109	184	-121.948822
123	109	79	-149.947006
124	109	80	-143.515427
125	109	80	-112.126778
126	109	80	-71.958344
127	109	282	-29.475187
128	109	142	0
0	110	143	0
1	110	402	-0.470075
2	110	407	-2.254275
3	110	250	-4.418994
4	110	251	-7.16924
5	110	407	-10.195958
6	110	131	-12.850028
7	110	17	-15.390533
8	110	13	-17.300436
9	110	17	-19.735079
10	110	16	-21.215391
11	110	31	-19.437126
12	110	35	-14.049067
13	110	54	-7.119877
14	110	28	-0.941286
15	110	29	5.199395
16	110	16	12.733794
17	110	17	20.744307
18	110	23	28.286577
19	110	55	34.920406
20	110	34	40.117081
21	110	13	43.150013
22	110	17	46.42831
23	110	23	50.056229
24	110	4	52.745556
25	110	479	58.514954
26	110	29	63.652542
27	110	16	68.091866
28	110	61	70.6772
29	110	973	70.860046
30	110	974	70.336151
31	110	25	70.141663
32	110	4	71.878288
33	110	247	73.728424
34	110	142	76.803566
35	110	194	81.255722
36	110	143	95.847572
37	110	194	115.11779
38	110	142	138.346817
39	110	143	166.399612
40	110	309	196.853989
41	110	247	231.820114
42	110	143	267.957825
43	110	389	293.401886
44	110	350	307.479675
45	110	350	320.582245
46	110	411	340.584045
47	110	92	362.536041
48	110	123	383.954041
49	110	123	405.532288
50	110	146	364.749054
51	110	92	262.825928
52	110	377	250.111633
53	110	351	268.226257
54	110	143	355.239471
55	110	185	496.342712
56	110	975	604.03186
57	110	146	686.005859
58	110	146	694.381653
59	110	181	700.920166
60	110	405	699.669983
61	110	10	701.738892
62	110	24	701.285095
63	110	10	603.964294
64	110	24	565.6474
65	110	493	565.6474
66	110	493	545.127625
67	110	493	650.024231
68	110	170	650.222107
69	110	194	559.06897
70	110	185	568.669434
71	110	131	569.094238
72	110	16	550.947021
73	110	976	530.889709
74	110	977	511.364288
75	110	945	496.669983
76	110	945	482.674591
77	110	945	469.222748
78	110	130	451.125641
79	110	130	430.262695
80	110	130	406.98764
81	110	978	383.131866
82	110	24	358.84137
83	110	9	338.368591
84	110	7	323.903625
85	110	4	312.72583
86	110	4	303.901978
87	110	4	291.608917
88	110	281	272.794739
89	110	80	250.688065
90	110	282	230.487732
91	110	170	209.79953
92	110	79	186.771179
93	110	80	161.988876
94	110	80	136.352478
95	110	80	109.192268
96	110	979	83.846306
97	110	146	62.296227
98	110	146	45.30299
99	110	980	29.402344
100	110	38	16.101545
101	110	981	7.169944
102	110	146	2.153302
103	110	123	0.030189
104	110	268	0
105	110	394	-52.19405
106	110	285	-52.19405
107	110	170	-56.490055
108	110	142	-83.52005
109	110	79	-116.255981
110	110	282	-116.255981
111	110	170	0
112	110	309	0
113	110	6	0
114	110	4	0
115	110	15	0
116	110	17	0
117	110	16	0
118	110	13	0
119	110	17	-5.782353
120	110	17	-33.485153
121	110	78	-76.469704
122	110	142	-113.891136
123	110	143	-136.6138
124	110	194	-131.296722
125	110	142	-103.287735
126	110	143	-66.351158
127	110	194	-27.271742
128	110	194	0
0	111	620	0
1	111	29	0
2	111	16	-0.322464
3	111	43	-1.401307
4	111	29	-2.409794
5	111	16	-3.563621
6	111	13	-4.790629
7	111	17	-5.441366
8	111	13	-6.748918
9	111	17	-7.47023
10	111	43	-7.402506
11	111	42	-5.626585
12	111	415	-2.989955
13	111	129	-0.175719
14	111	33	2.458059
15	111	34	10.27445
16	111	13	19.312117
17	111	23	29.006186
18	111	4	38.191097
19	111	15	45.629646
20	111	13	50.803593
21	111	13	55.550392
22	111	61	66.229752
23	111	25	75.346489
24	111	982	81.077881
25	111	983	88.642456
26	111	983	95.75856
27	111	983	99.976479
28	111	984	101.152649
29	111	985	98.197708
30	111	986	94.575745
31	111	5	90.044075
32	111	247	87.082283
33	111	143	88.570465
34	111	170	97.523056
35	111	194	108.617775
36	111	143	124.66909
37	111	143	146.319046
38	111	194	173.409531
39	111	473	202.082657
40	111	397	232.687378
41	111	194	264.836639
42	111	286	298.602692
43	111	146	323.636505
44	111	92	338.032349
45	111	92	349.259552
46	111	92	368.088043
47	111	123	388.393494
48	111	92	409.180603
49	111	123	428.869415
50	111	146	454.33963
51	111	146	281.061768
52	111	377	270.235138
53	111	350	294.237152
54	111	987	393.296082
55	111	253	502.447327
56	111	255	612.014343
57	111	154	688.983459
58	111	203	693.015503
59	111	8	698.374817
60	111	11	660.880859
61	111	24	658.691589
62	111	10	635.57312
63	111	988	603.964294
64	111	493	593.751404
65	111	130	545.127625
66	111	989	528.399414
67	111	296	517.396606
68	111	143	510.647125
69	111	103	486.187073
70	111	17	477.426086
71	111	13	462.21637
72	111	990	470.403717
73	111	991	473.483307
74	111	991	421.384644
75	111	991	408.721252
76	111	991	500.069519
77	111	991	479.362854
78	111	734	461.715729
79	111	734	443.126831
80	111	992	422.306976
81	111	38	398.66684
82	111	62	374.746338
83	111	5	352.112549
84	111	7	339.630646
85	111	281	331.232422
86	111	80	322.72644
87	111	282	309.459961
88	111	142	290.550354
89	111	170	270.417084
90	111	142	251.069122
91	111	194	230.177933
92	111	194	208.077347
93	111	142	183.009705
94	111	170	159.116653
95	111	333	132.091583
96	111	394	106.860497
97	111	394	83.07328
98	111	993	63.717278
99	111	25	45.260647
100	111	179	28.51779
101	111	154	17.887362
102	111	154	10.544171
103	111	919	5.125202
104	111	170	2.501243
105	111	294	-20.867615
106	111	295	-21.359907
107	111	295	-56.490055
108	111	296	-56.490055
109	111	143	-116.255981
110	111	142	-116.255981
111	111	79	0
112	111	80	0
113	111	80	0
114	111	81	0
115	111	17	0
116	111	16	0
117	111	16	0
118	111	13	-0.711418
119	111	13	-8.899139
120	111	78	-35.909737
121	111	170	-71.998718
122	111	142	-102.107697
123	111	143	-119.64727
124	111	143	-116.491394
125	111	143	-89.370743
126	111	143	-54.519375
127	111	143	-22.530624
128	111	103	0
0	112	13	0
1	112	16	0
2	112	17	0
3	112	13	0
4	112	17	0
5	112	17	0
6	112	17	0
7	112	16	0
8	112	17	-0.198966
9	112	16	-0.35859
10	112	13	-0.267215
11	112	23	0
12	112	5	0
13	112	6	0.233201
14	112	15	5.500477
15	112	17	14.526037
16	112	23	24.786133
17	112	6	35.727337
18	112	55	43.278728
19	112	34	35.849857
20	112	17	26.684551
21	112	16	36.362358
22	112	994	61.283424
23	112	995	89.778564
24	112	996	105.677361
25	112	996	111.151863
26	112	996	125.023857
27	112	996	130.986618
28	112	996	130.569244
29	112	997	127.115753
30	112	998	121.43557
31	112	282	112.776497
32	112	142	106.027649
33	112	143	111.143852
34	112	170	122.26078
35	112	142	135.987686
36	112	142	152.175705
37	112	142	178.255966
38	112	330	210.039261
39	112	166	240.906891
40	112	194	271.812286
41	112	333	299.415161
42	112	394	326.049011
43	112	394	346.194763
44	112	354	359.84375
45	112	146	369.841248
46	112	92	383.821991
47	112	123	405.174103
48	112	200	549.82251
49	112	200	547.532227
50	112	200	466.379272
51	112	146	292.78775
52	112	123	300.836945
53	112	999	313.156464
54	112	33	447.349121
55	112	19	506.289368
56	112	5	605.099121
57	112	4	622.769592
58	112	8	631.449158
59	112	24	634.850769
60	112	11	659.699097
61	112	0	656.312439
62	112	1000	633.380127
63	112	493	609.908813
64	112	493	593.751404
65	112	1001	565.6474
66	112	247	537.135254
67	112	194	527.799377
68	112	339	505.242157
69	112	163	481.542786
70	112	163	484.313507
71	112	318	461.05545
72	112	60	470.300781
73	112	4	454.012695
74	112	5	419.872681
75	112	5	419.091553
76	112	7	411.869598
77	112	5	397.526947
78	112	4	374.166809
79	112	1002	453.912537
80	112	1003	432.475098
81	112	1004	410.139191
82	112	7	387.075104
83	112	4	363.984772
84	112	247	348.649872
85	112	143	339.888397
86	112	143	330.679749
87	112	143	319.105438
88	112	294	304.368134
89	112	296	285.988068
90	112	142	268.500763
91	112	143	246.884979
92	112	194	224.190811
93	112	142	200.039383
94	112	142	177.17868
95	112	170	154.720306
96	112	170	129.080414
97	112	339	103.077675
98	112	318	82.222054
99	112	80	65.604958
100	112	80	50.389668
101	112	80	39.001343
102	112	282	6.611161
103	112	142	20.514919
104	112	79	15.948975
105	112	80	-11.227036
106	112	80	-17.161516
107	112	282	-55.602695
108	112	194	-56.257374
109	112	143	-116.255981
110	112	170	-116.255981
111	112	170	0
112	112	194	0
113	112	339	0
114	112	163	0
115	112	163	0
116	112	163	0
117	112	340	-1.199419
118	112	16	-8.35289
119	112	823	-20.334478
120	112	428	-42.436363
121	112	428	-68.771866
122	112	428	-91.626953
123	112	428	-102.691185
124	112	428	-98.915665
125	112	428	-71.914658
126	112	428	-40.677895
127	112	722	-18.923128
128	112	18	0
0	113	34	0
1	113	18	0
2	113	33	0
3	113	34	0
4	113	1005	0
5	113	1006	0
6	113	1006	0
7	113	1007	0
8	113	16	91.5
9	113	16	91.5
10	113	23	91.5
11	113	6	91.5
12	113	4	91.5
13	113	15	89.248177
14	113	13	7.686693
15	113	23	17.322283
16	113	7	28.366667
17	113	4	40.285896
18	113	55	38.551563
19	113	34	17.056849
20	113	17	-6.865328
21	113	1008	-10.014318
22	113	996	9.517941
23	113	996	47.328434
24	113	996	78.506783
25	113	996	92.187759
26	113	996	122.051399
27	113	996	156.33963
28	113	996	156.458328
29	113	1009	152.151459
30	113	295	144.060272
31	113	295	134.226669
32	113	296	129.791504
33	113	194	131.785065
34	113	142	144.848404
35	113	194	162.162872
36	113	194	180.066757
37	113	142	212.948944
38	113	194	246.945221
39	113	170	278.098206
40	113	143	306.535004
41	113	170	330.251801
42	113	194	348.40625
43	113	333	362.753082
44	113	354	371.016388
45	113	200	376.949799
46	113	200	389.719025
47	113	92	408.030212
48	113	92	551.950134
49	113	181	552.575806
50	113	154	467.243713
51	113	154	296.483704
52	113	203	301.963593
53	113	5	316.007599
54	113	4	453.165894
55	113	5	482.45282
56	113	7	545.565002
57	113	8	558.791138
58	113	10	564.833557
59	113	24	571.30304
60	113	24	572.645264
61	113	1	573.315552
62	113	3	523.568481
63	113	4	523.568481
64	113	4	532.808411
65	113	247	530.263977
66	113	143	553.952087
67	113	194	553.724182
68	113	143	535.50647
69	113	170	479.079193
70	113	142	479.407623
71	113	79	456.60321
72	113	80	456.345337
73	113	80	419.09903
74	113	80	407.310577
75	113	80	426.849121
76	113	80	421.863678
77	113	80	408.915985
78	113	1010	385.909546
79	113	1011	367.869629
80	113	1012	345.219452
81	113	281	322.84375
82	113	80	392.071899
83	113	282	370.797699
84	113	143	354.448212
85	113	194	341.437836
86	113	143	332.673492
87	113	309	322.956573
88	113	247	311.206451
89	113	142	295.845856
90	113	143	280.846283
91	113	170	260.240326
92	113	185	238.027359
93	113	101	215.151947
94	113	194	194.213837
95	113	194	170.188965
96	113	143	143.162216
97	113	142	119.12429
98	113	143	103.192398
99	113	143	88.347275
100	113	143	73.555916
101	113	170	61.944363
102	113	142	51.728939
103	113	142	23.394522
104	113	170	12.904621
105	113	143	29.250244
106	113	142	21.105433
107	113	194	13.026198
108	113	185	7.560999
109	113	250	5.121947
110	113	250	2.891832
111	113	101	0.899391
112	113	170	0.02393
113	113	143	0
114	113	143	0
115	113	194	0
116	113	339	-0.20843
117	113	806	-8.551253
118	113	54	-23.296436
119	113	24	-37.823151
120	113	0	-54.263428
121	113	24	-73.558517
122	113	28	-85.621971
123	113	42	-85.481377
124	113	42	-74.335373
125	113	42	-54.009232
126	113	29	-31.802845
127	113	61	-15.417367
128	113	22	0
0	114	61	0
1	114	25	0
2	114	15	0
3	114	1013	0
4	114	276	0
5	114	276	0
6	114	1014	0
7	114	16	0
8	114	13	91.5
9	114	23	91.5
10	114	5	171.848175
11	114	6	171.34816
12	114	15	171.34816
13	114	13	89.944252
14	114	23	8.664008
15	114	5	18.343657
16	114	4	29.499117
17	114	4	41.828911
18	114	15	41.362816
19	114	13	19.712051
20	114	1008	1.142198
21	114	996	-15.718616
22	114	996	-21.215845
23	114	996	-8.706275
24	114	996	3.338356
25	114	996	17.217972
26	114	996	74.952011
27	114	1015	139.816727
28	114	1016	171.840622
29	114	4	170.439667
30	114	6	160.379684
31	114	1017	151.95195
32	114	428	150.325806
33	114	321	151.887009
34	114	194	165.620682
35	114	143	186.587372
36	114	143	211.076462
37	114	194	242.949051
38	114	142	276.750122
39	114	194	306.956238
40	114	142	331.73645
41	114	170	350.970398
42	114	194	362.708282
43	114	333	371.482605
44	114	394	373.015198
45	114	414	378.26712
46	114	154	386.101288
47	114	154	398.262177
48	114	203	418.64859
49	114	6	444.043762
50	114	5	467.045502
51	114	6	338.967194
52	114	7	331.505615
53	114	6	347.296265
54	114	7	432.400848
55	114	6	455.318359
56	114	63	463.837402
57	114	38	479.947571
58	114	38	483.955231
59	114	38	500.149658
60	114	38	499.195282
61	114	62	497.390625
62	114	4	502.928497
63	114	4	502.928497
64	114	220	532.808411
65	114	295	530.088135
66	114	296	543.430115
67	114	170	537.05365
68	114	142	541.356079
69	114	143	454.260376
70	114	170	410.96698
71	114	143	449.148773
72	114	142	441.65451
73	114	142	433.472137
74	114	142	484.380432
75	114	143	430.477478
76	114	402	422.700348
77	114	428	410.236542
78	114	546	388.725861
79	114	6	368.100433
80	114	247	341.905609
81	114	170	317.062225
82	114	170	295.742401
83	114	142	278.565216
84	114	294	271.006836
85	114	295	255.650208
86	114	293	243.976303
87	114	220	321.347198
88	114	295	312.5737
89	114	295	231.13092
90	114	295	284.687866
91	114	421	265.356506
92	114	100	246.438812
93	114	101	228.197159
94	114	142	207.787048
95	114	170	181.284821
96	114	170	155.636124
97	114	170	136.681122
98	114	143	124.505104
99	114	194	113.121475
100	114	143	100.928955
101	114	194	51.29612
102	114	143	0.154237
103	114	194	18.302614
104	114	143	1.83721
105	114	142	24.684914
106	114	170	41.551991
107	114	339	30.7973
108	114	163	20.91189
109	114	163	14.266406
110	114	141	9.792233
111	114	143	6.03819
112	114	194	2.737283
113	114	170	0.647426
114	114	143	0
115	114	402	-0.017962
116	114	252	-8.636536
117	114	11	-24.059662
118	114	10	-41.328976
119	114	28	-56.740223
120	114	42	-68.558998
121	114	29	-80.018311
122	114	16	-82.805641
123	114	16	-73.414993
124	114	17	-58.160084
125	114	18	-40.588718
126	114	33	-23.131001
127	114	34	-9.533857
128	114	17	0
0	115	23	0
1	115	1018	0
2	115	1019	0
3	115	276	0
4	115	1020	0
5	115	1014	0
6	115	16	0
7	115	16	0
8	115	61	91.5
9	115	21	92
10	115	21	172.34819
11	115	22	233.120422
12	115	16	171.34816
13	115	23	90.03418
14	115	6	8.336221
15	115	7	17.421719
16	115	20	28.12298
17	115	22	39.826992
18	115	13	41.785618
19	115	1021	33.910988
20	115	1022	39.571064
21	115	996	32.40358
22	115	996	17.918839
23	115	996	-7.252024
24	115	996	-22.775873
25	115	996	-22.419144
26	115	1023	1.591934
27	115	4	75.345314
28	115	6	131.536697
29	115	4	171.374741
30	115	63	167.677017
31	115	38	161.394455
32	115	532	162.005341
33	115	295	164.802155
34	115	295	180.42952
35	115	295	206.896866
36	115	296	235.466476
37	115	170	265.892731
38	115	142	296.095032
39	115	170	323.398895
40	115	170	344.420532
41	115	143	356.933685
42	115	143	364.908203
43	115	194	367.798309
44	115	309	368.633942
45	115	4	372.446014
46	115	7	373.977966
47	115	6	381.455933
48	115	5	403.818359
49	115	4	428.147949
50	115	5	450.543121
51	115	4	378.244049
52	115	7	366.814484
53	115	6	373.568268
54	115	6	409.683685
55	115	4	436.322845
56	115	4	452.040192
57	115	5	457.6922
58	115	6	467.416565
59	115	6	489.369049
60	115	4	487.205109
61	115	6	484.510315
62	115	5	477.078613
63	115	7	478.862976
64	115	6	512.974731
65	115	220	502.938721
66	115	295	484.671204
67	115	295	468.123138
68	115	295	434.639404
69	115	295	399.361115
70	115	553	401.313782
71	115	428	448.436554
72	115	428	438.96759
73	115	428	437.282043
74	115	428	487.428223
75	115	252	531.591431
76	115	10	519.852295
77	115	1	502.422028
78	115	378	482.345886
79	115	282	361.825928
80	115	170	331.307648
81	115	194	305.248993
82	115	294	284.17804
83	115	293	286.239655
84	115	4	263.588379
85	115	5	247.237518
86	115	7	238.08934
87	115	7	226.608063
88	115	7	218.91745
89	115	7	205.742493
90	115	55	213.222397
91	115	33	184.752731
92	115	210	169.50383
93	115	295	175.10968
94	115	296	146.188263
95	115	143	124.499046
96	115	194	105.176018
97	115	194	89.447586
98	115	170	76.895027
99	115	142	90.403488
100	115	194	82.762016
101	115	142	37.500076
102	115	170	25.658632
103	115	143	26.515684
104	115	143	26.207466
105	115	143	39.326847
106	115	194	61.708485
107	115	402	48.585781
108	115	428	35.230949
109	115	321	25.300606
110	115	194	17.787703
111	115	194	12.01733
112	115	170	7.057459
113	115	402	2.918772
114	115	252	-2.223987
115	115	11	-11.404695
116	115	37	-25.857273
117	115	38	-42.249226
118	115	129	-58.700466
119	115	34	-23.9541
120	115	16	-32.39418
121	115	17	-80.407547
122	115	16	-74.5401
123	115	18	-62.322517
124	115	19	-45.976925
125	115	7	-29.194218
126	115	15	-13.46831
127	115	16	-3.086972
128	115	61	0
0	116	1024	0
1	116	1025	0
2	116	276	0
3	116	1020	0
4	116	1026	0
5	116	1007	0
6	116	17	0
7	116	17	0
8	116	16	91.5
9	116	16	91.5
10	116	13	171.848175
11	116	13	171.34816
12	116	23	171.34816
13	116	4	89.591888
14	116	6	6.768431
15	116	15	14.842211
16	116	17	24.414131
17	116	17	33.977821
18	116	13	35.007187
19	116	1008	35.339138
20	116	996	51.890167
21	116	996	75.361992
22	116	996	75.278275
23	116	1015	61.57077
24	116	1027	43.848194
25	116	1016	18.701782
26	116	4	6.565967
27	116	7	10.635387
28	116	5	52.851395
29	116	5	117.266701
30	116	7	148.355072
31	116	5	153.593185
32	116	6	157.119553
33	116	5	167.751404
34	116	7	187.321136
35	116	220	215.180801
36	116	295	248.968384
37	116	295	281.339111
38	116	296	304.216766
39	116	143	323.044159
40	116	142	339.584015
41	116	194	348.474579
42	116	170	353.618835
43	116	79	353.763245
44	116	80	354.850464
45	116	80	357.770935
46	116	80	357.364624
47	116	80	362.532013
48	116	60	385.315186
49	116	5	406.907898
50	116	6	426.655853
51	116	7	389.491974
52	116	20	395.021576
53	116	21	389.914429
54	116	21	408.357849
55	116	25	423.198761
56	116	5	433.547791
57	116	4	446.746094
58	116	6	465.114868
59	116	7	479.278198
60	116	4	481.203766
61	116	7	480.584473
62	116	5	478.615692
63	116	6	475.67807
64	116	6	473.513977
65	116	5	461.392303
66	116	4	424.024597
67	116	4	376.659332
68	116	7	367.585632
69	116	8	372.446228
70	116	37	399.701477
71	116	38	396.335388
72	116	39	451.718628
73	116	37	485.868469
74	116	38	510.33551
75	116	829	517.360596
76	116	137	504.304443
77	116	166	488.221588
78	116	143	468.128967
79	116	194	438.63208
80	116	294	406.601105
81	116	293	303.876068
82	116	6	282.223114
83	116	6	262.929901
84	116	4	247.889816
85	116	7	227.700516
86	116	6	220.88765
87	116	7	186.377899
88	116	7	200.237076
89	116	4	166.661804
90	116	5	153.738647
91	116	7	150.722672
92	116	5	139.189224
93	116	220	144.604416
94	116	296	129.85051
95	116	170	123.418686
96	116	143	109.38623
97	116	294	98.596306
98	116	295	89.008377
99	116	295	73.071983
100	116	295	42.488705
101	116	295	38.975449
102	116	295	56.153145
103	116	295	132.295044
104	116	553	116.254494
105	116	428	97.145462
106	116	252	80.868477
107	116	11	64.749405
108	116	406	49.026817
109	116	572	36.137302
110	116	553	25.992393
111	116	428	18.035913
112	116	252	11.104887
113	116	11	1.383339
114	116	11	-10.337294
115	116	9	-25.985752
116	116	20	-42.714809
117	116	21	-59.210419
118	116	22	-72.491058
119	116	18	-27.949665
120	116	33	-35.158772
121	116	33	-121.822754
122	116	19	-121.822754
123	116	4	-56.491062
124	116	7	-39.335999
125	116	15	-21.549501
126	116	13	-8.539456
127	116	16	-2.241246
128	116	1013	0
0	117	1025	0
1	117	276	0
2	117	1020	0
3	117	276	0
4	117	1028	0
5	117	1007	0
6	117	17	78.5
7	117	13	78.5
8	117	16	91.5
9	117	13	91.5
10	117	13	91.5
11	117	23	91.5
12	117	6	91.5
13	117	5	88.790321
14	117	15	4.658325
15	117	13	11.175881
16	117	16	19.059668
17	117	1029	24.532614
18	117	984	26.391405
19	117	996	30.085941
20	117	996	42.645531
21	117	1015	67.111275
22	117	1016	90.805832
23	117	4	102.153046
24	117	5	99.009941
25	117	7	96.829521
26	117	4	65.437263
27	117	7	24.480394
28	117	7	16.139143
29	117	4	56.538101
30	117	4	92.77578
31	117	5	125.296646
32	117	4	158.380692
33	117	26	159.431656
34	117	2	183.952576
35	117	3	212.061691
36	117	6	248.1203
37	117	220	278.519073
38	117	295	296.666718
39	117	296	312.777527
40	117	170	324.467712
41	117	142	329.536591
42	117	194	330.902313
43	117	194	330.731232
44	117	194	331.428589
45	117	194	336.315063
46	117	143	338.692902
47	117	79	345.618256
48	117	80	361.33252
49	117	60	381.885803
50	117	7	400.9953
51	117	15	377.069061
52	117	13	399.529297
53	117	279	398.759247
54	117	318	406.461304
55	117	80	410.384338
56	117	80	415.609406
57	117	80	423.424164
58	117	80	433.828461
59	117	80	441.301361
60	117	80	441.838837
61	117	80	442.067291
62	117	80	442.366058
63	117	80	440.476563
64	117	80	436.806244
65	117	60	412.367432
66	117	4	362.794006
67	117	281	345.308563
68	117	433	356.509155
69	117	113	384.382019
70	117	80	403.611725
71	117	433	454.4086
72	117	113	486.434875
73	117	80	499.357727
74	117	282	498.093781
75	117	142	491.087738
76	117	170	477.956329
77	117	170	461.207031
78	117	294	440.447998
79	117	293	413.568359
80	117	7	386.13028
81	117	5	284.815155
82	117	4	260.721802
83	117	7	246.661072
84	117	4	229.73111
85	117	7	298.348206
86	117	5	223.025024
87	117	5	217.216705
88	117	4	210.636139
89	117	7	201.519257
90	117	7	170.353943
91	117	4	178.41069
92	117	4	169.313568
93	117	220	166.342026
94	117	295	151.774933
95	117	295	146.922592
96	117	293	137.705688
97	117	7	131.434509
98	117	5	101.100021
99	117	5	87.417938
100	117	5	50.453529
101	117	6	68.35804
102	117	6	153.902817
103	117	63	149.022568
104	117	38	139.786636
105	117	39	118.04808
106	117	11	97.239235
107	117	0	78.699226
108	117	1	61.096775
109	117	27	45.518089
110	117	24	33.381405
111	117	0	23.493866
112	117	37	11.609366
113	117	38	-2.906994
114	117	62	-55.598465
115	117	55	-55.598465
116	117	33	-87.885971
117	117	33	-87.885971
118	117	19	-89.805122
119	117	7	-40.03101
120	117	6	-40.03101
121	117	4	-121.822754
122	117	5	-121.822754
123	117	5	-121.822754
124	117	15	-121.822754
125	117	13	-121.822754
126	117	1005	-14.407839
127	117	1030	-7.055284
128	117	493	0
0	118	493	0
1	118	493	0
2	118	493	0
3	118	493	0
4	118	213	60
5	118	17	67.5
6	118	17	78.5
7	118	17	78.5
8	118	13	81
9	118	16	85.5
10	118	23	85.5
11	118	20	85.5
12	118	21	85.5
13	118	22	85.570107
14	118	13	2.558827
15	118	31	7.012199
16	118	1031	6.381233
17	118	1032	0.11491
18	118	1033	5.039871
19	118	996	20.020361
20	118	1023	33.838196
21	118	20	49.875271
22	118	21	69.915192
23	118	25	91.149002
24	118	6	106.605408
25	118	7	124.028137
26	118	7	116.107162
27	118	26	77.819427
28	118	2	40.728504
29	118	3	24.180151
30	118	7	38.614742
31	118	26	75.902863
32	118	27	116.238594
33	118	11	152.047318
34	118	1	186.37175
35	118	2	225.430664
36	118	2	259.530182
37	118	3	288.010468
38	118	220	279.449097
39	118	296	291.837555
40	118	143	301.637054
41	118	143	305.029541
42	118	170	304.957703
43	118	143	303.681061
44	118	143	304.50354
45	118	170	309.708862
46	118	143	314.541046
47	118	143	322.025024
48	118	79	335.803253
49	118	80	354.951416
50	118	540	368.354248
51	118	163	374.15271
52	118	141	377.630676
53	118	142	386.60025
54	118	170	397.272095
55	118	143	401.922974
56	118	194	404.647034
57	118	143	407.309113
58	118	170	409.019043
59	118	194	409.563507
60	118	143	410.425446
61	118	194	407.676636
62	118	143	394.328705
63	118	142	388.449982
64	118	79	382.317352
65	118	80	359.578827
66	118	282	323.189453
67	118	194	314.416229
68	118	170	371.340179
69	118	194	399.971527
70	118	170	437.738281
71	118	143	443.843567
72	118	143	450.470184
73	118	142	457.660767
74	118	185	458.254913
75	118	250	453.874451
76	118	408	441.147644
77	118	293	423.815735
78	118	7	403.732697
79	118	5	379.094421
80	118	7	361.084381
81	118	6	346.625183
82	118	6	332.2052
83	118	7	317.945068
84	118	7	298.373413
85	118	4	278.710266
86	118	6	270.991089
87	118	4	265.471313
88	118	5	260.580963
89	118	4	254.11644
90	118	20	245.858078
91	118	21	239.850311
92	118	25	230.533051
93	118	4	215.093903
94	118	6	152.030685
95	118	5	189.200073
96	118	7	183.647934
97	118	4	179.406525
98	118	5	174.995255
99	118	7	175.456451
100	118	6	180.002106
101	118	7	183.632492
102	118	4	180.649139
103	118	5	170.040924
104	118	63	153.063568
105	118	39	131.570328
106	118	10	108.536934
107	118	11	88.719521
108	118	24	69.92675
109	118	10	52.686131
110	118	37	38.778534
111	118	62	26.606028
112	118	6	10.825212
113	118	7	-7.261999
114	118	7	-55.598465
115	118	4	-55.598465
116	118	6	-121.822754
117	118	623	-121.822754
118	118	584	-121.822754
119	118	4	-40.03101
120	118	6	-40.03101
121	118	7	-121.822754
122	118	4	-121.822754
123	118	15	-121.822754
124	118	13	-121.822754
125	118	1013	-121.822754
126	118	102	-121.822754
127	118	130	-12.597624
128	118	1020	0
0	119	679	0
1	119	679	0
2	119	1020	0
3	119	213	54
4	119	17	60
5	119	16	67.5
6	119	13	78.5
7	119	13	79
8	119	16	78.5
9	119	23	78.5
10	119	467	78.5
11	119	35	78.5
12	119	35	78.5
13	119	35	0
14	119	54	0.496991
15	119	11	3.268207
16	119	11	-8.795808
17	119	1034	-24.732752
18	119	996	-19.847637
19	119	1035	3.578876
20	119	22	21.671005
21	119	17	28.80971
22	119	61	45.113026
23	119	83	65.789078
24	119	2	81.923279
25	119	2	104.537338
26	119	27	127.978142
27	119	10	133.049484
28	119	1	106.478203
29	119	2	75.94252
30	119	27	61.809246
31	119	0	67.342247
32	119	0	83.316078
33	119	11	107.604874
34	119	10	140.305252
35	119	24	175.807098
36	119	1	203.435699
37	119	2	237.292007
38	119	320	258.600922
39	119	428	263.73111
40	119	428	266.698242
41	119	321	278.169312
42	119	194	256.599152
43	119	194	251.747437
44	119	194	251.793686
45	119	143	255.659729
46	119	194	256.689575
47	119	142	263.546906
48	119	142	272.431274
49	119	194	287.464752
50	119	170	297.848541
51	119	170	299.579926
52	119	143	298.561646
53	119	142	310.900269
54	119	194	331.74173
55	119	142	342.54245
56	119	143	339.786377
57	119	170	345.711639
58	119	194	355.841248
59	119	143	364.666504
60	119	142	362.954712
61	119	142	352.990051
62	119	170	340.854248
63	119	142	338.295502
64	119	143	345.597595
65	119	143	339.393829
66	119	194	328.593079
67	119	194	338.092651
68	119	143	369.197876
69	119	170	398.543213
70	119	143	407.185486
71	119	185	413.212555
72	119	250	414.782867
73	119	131	415.044281
74	119	17	414.663879
75	119	23	409.437195
76	119	6	398.510162
77	119	6	381.787384
78	119	6	362.518707
79	119	4	344.464905
80	119	5	332.81955
81	119	20	322.776642
82	119	21	311.209229
83	119	21	297.223694
84	119	25	277.805939
85	119	6	259.593414
86	119	7	251.582275
87	119	7	245.952621
88	119	4	239.630341
89	119	55	233.03154
90	119	33	227.370377
91	119	19	224.716766
92	119	5	217.994827
93	119	6	202.903122
94	119	6	188.557114
95	119	6	176.836472
96	119	6	172.136124
97	119	4	169.303177
98	119	4	168.335129
99	119	6	175.171387
100	119	5	182.227295
101	119	6	181.629639
102	119	6	175.91626
103	119	6	165.981949
104	119	63	151.771576
105	119	38	133.134384
106	119	38	110.130806
107	119	38	90.831985
108	119	38	73.238564
109	119	62	56.069363
110	119	7	40.982754
111	119	6	27.188555
112	119	7	9.704319
113	119	4	-9.739438
114	119	623	-121.822754
115	119	584	-121.822754
116	119	670	-121.822754
117	119	603	75.319176
118	119	7	75.319176
119	119	7	-0.352759
120	119	5	-0.352759
121	119	5	70.063271
122	119	15	70.063271
123	119	17	-121.822754
124	119	1013	-121.822754
125	119	102	-121.822754
126	119	130	-121.822754
127	119	130	-16.166391
128	119	493	0
0	120	493	0
1	120	493	0
2	120	213	41
3	120	17	54
4	120	17	60
5	120	16	67.5
6	120	17	78.5
7	120	593	78.5
8	120	503	79
9	120	27	78.5
10	120	11	78.5
11	120	10	0
12	120	24	-0.190424
13	120	28	-1.397335
14	120	41	-2.494677
15	120	0	-2.821265
16	120	1036	-14.906004
17	120	1037	-29.751144
18	120	1038	-26.133881
19	120	16	-5.565982
20	120	17	7.96244
21	120	16	13.375705
22	120	43	24.629242
23	120	42	43.825726
24	120	1039	68.359436
25	120	1040	97.843353
26	120	581	121.543465
27	120	0	141.632996
28	120	24	150.364532
29	120	0	140.099701
30	120	11	124.504929
31	120	0	115.470436
32	120	11	102.426361
33	120	11	98.80098
34	120	0	108.231049
35	120	11	113.994125
36	120	10	119.864441
37	120	24	142.458038
38	120	10	160.834381
39	120	11	156.615387
40	120	406	160.594147
41	120	428	178.184982
42	120	428	161.921555
43	120	321	162.958649
44	120	194	175.738647
45	120	143	193.279358
46	120	194	205.93811
47	120	143	206.028656
48	120	143	211.931854
49	120	194	227.019348
50	120	143	242.493851
51	120	170	244.888031
52	120	143	234.016846
53	120	142	239.848282
54	120	194	265.291534
55	120	294	284.754639
56	120	296	291.853271
57	120	142	298.754852
58	120	142	308.478058
59	120	170	318.044006
60	120	142	320.127563
61	120	194	317.943298
62	120	170	318.728516
63	120	142	335.835754
64	120	170	350.935669
65	120	294	360.192169
66	120	295	359.640869
67	120	365	363.907837
68	120	250	366.509583
69	120	250	369.749847
70	120	131	375.230042
71	120	17	378.695343
72	120	16	376.893127
73	120	17	371.378021
74	120	61	368.850952
75	120	21	363.409271
76	120	25	350.973999
77	120	4	335.592651
78	120	4	320.203918
79	120	5	311.737854
80	120	15	302.168823
81	120	16	293.403809
82	120	17	282.597382
83	120	23	270.68515
84	120	7	254.606796
85	120	6	237.594223
86	120	4	228.871277
87	120	5	222.135422
88	120	20	217.008484
89	120	21	209.615692
90	120	21	203.935928
91	120	21	201.135193
92	120	25	195.37175
93	120	6	184.603348
94	120	20	173.721527
95	120	21	164.112717
96	120	25	157.663345
97	120	5	154.890564
98	120	623	156.268814
99	120	584	167.056107
100	120	7	172.106812
101	120	5	168.509933
102	120	6	162.203079
103	120	7	152.527908
104	120	5	139.473984
105	120	7	121.911179
106	120	4	100.379234
107	120	5	82.308197
108	120	7	66.603355
109	120	5	51.912849
110	120	5	38.59412
111	120	5	25.925381
112	120	623	8.853656
113	120	634	-9.31353
114	120	635	-121.822754
115	120	1041	-121.822754
116	120	615	-121.822754
117	120	6	75.319176
118	120	6	75.319176
119	120	5	-0.352759
120	120	4	-0.352759
121	120	15	65.958504
122	120	1042	65.958504
123	120	1043	-125.927513
124	120	102	-100.696663
125	120	130	-76.991112
126	120	679	-47.317154
127	120	679	-19.394545
128	120	1044	0
0	121	1045	0
1	121	1046	32
2	121	16	41
3	121	16	54
4	121	17	60
5	121	16	67.5
6	121	602	78.5
7	121	14	78.5
8	121	11	78.5
9	121	0	78.5
10	121	24	78.5
11	121	10	-0.232395
12	121	12	-2.711392
13	121	43	-10.96255
14	121	42	-18.921415
15	121	552	-17.656702
16	121	35	-14.179174
17	121	35	-23.305239
18	121	35	-25.636213
19	121	35	-18.177931
20	121	35	-11.711349
21	121	560	-4.754047
22	121	798	6.988095
23	121	661	34.158302
24	121	605	61.270397
25	121	1047	92.446709
26	121	581	118.964241
27	121	24	141.776245
28	121	11	154.105911
29	121	11	163.304306
30	121	10	167.023575
31	121	11	162.42865
32	121	11	142.152634
33	121	11	129.953247
34	121	0	129.482498
35	121	24	117.249451
36	121	11	107.196251
37	121	0	116.91523
38	121	11	128.204025
39	121	10	124.931923
40	121	24	124.95652
41	121	10	146.17926
42	121	406	131.353546
43	121	428	149.730072
44	121	428	171.856155
45	121	428	202.399048
46	121	428	224.924667
47	121	428	226.821136
48	121	572	230.581985
49	121	295	245.879852
50	121	295	261.87796
51	121	295	267.450562
52	121	365	253.971191
53	121	250	246.026016
54	121	1048	269.421967
55	121	677	296.198059
56	121	250	308.735992
57	121	250	317.785004
58	121	250	319.785278
59	121	250	317.436554
60	121	250	320.810791
61	121	408	327.556213
62	121	295	338.824799
63	121	295	356.242645
64	121	293	371.774445
65	121	1049	372.526245
66	121	1050	366.737732
67	121	13	354.432831
68	121	13	343.782837
69	121	17	340.555389
70	121	13	339.60907
71	121	13	340.703827
72	121	17	337.593353
73	121	16	328.53894
74	121	16	321.886292
75	121	61	313.687927
76	121	21	300.596649
77	121	21	287.050018
78	121	21	280.113831
79	121	22	274.653107
80	121	16	270.739563
81	121	593	262.677429
82	121	1051	253.714081
83	121	583	242.473618
84	121	1052	228.912582
85	121	21	213.522781
86	121	21	201.847168
87	121	22	195.828049
88	121	13	191.274567
89	121	16	184.955704
90	121	13	177.850586
91	121	61	174.98053
92	121	25	168.384125
93	121	55	159.476593
94	121	33	152.825531
95	121	19	145.353394
96	121	623	138.113113
97	121	634	134.291824
98	121	635	136.12558
99	121	1052	143.870605
100	121	21	147.923019
101	121	21	145.428009
102	121	21	140.366257
103	121	21	131.799835
104	121	21	119.199203
105	121	21	102.934692
106	121	21	83.559608
107	121	21	68.333588
108	121	21	55.340816
109	121	21	43.55563
110	121	21	32.826733
111	121	1053	22.840435
112	121	1054	8.416728
113	121	642	-6.521633
114	121	615	-121.822754
115	121	5	-121.822754
116	121	6	-121.822754
117	121	7	66.127182
118	121	6	66.127182
119	121	20	-5.344786
120	121	1055	-0.352759
121	121	1056	-4.457512
122	121	1057	-4.457512
123	121	102	-125.927513
124	121	130	-107.091057
125	121	679	-81.152626
126	121	1058	-50.176125
127	121	1059	-20.99226
128	121	16	0
0	122	16	0
1	122	17	32
2	122	16	41
3	122	13	54
4	122	593	60
5	122	661	67.5
6	122	14	68
7	122	24	68
8	122	28	68
9	122	42	68
10	122	42	68
11	122	29	-5.228135
12	122	13	-22.033216
13	122	31	-44.629154
14	122	54	-57.217602
15	122	10	-47.996082
16	122	11	-25.901484
17	122	11	-26.56069
18	122	10	-38.350502
19	122	10	-39.671043
20	122	1060	-31.277239
21	122	576	-13.401951
22	122	576	0.797636
23	122	576	20.320595
24	122	576	43.943317
25	122	577	72.453194
26	122	11	102.908936
27	122	24	127.404839
28	122	11	143.62529
29	122	24	177.749664
30	122	0	182.06665
31	122	10	181.85495
32	122	0	175.46312
33	122	0	173.787384
34	122	10	176.300125
35	122	24	174.746338
36	122	11	172.879105
37	122	10	184.266129
38	122	11	189.607864
39	122	0	184.476578
40	122	0	192.522827
41	122	11	208.741196
42	122	24	212.12001
43	122	10	240.937134
44	122	11	259.525208
45	122	10	284.040955
46	122	24	299.508392
47	122	1	301.004822
48	122	3	303.631012
49	122	5	310.041351
50	122	20	312.040161
51	122	22	317.647644
52	122	16	313.100098
53	122	17	304.538849
54	122	13	329.262451
55	122	13	349.488861
56	122	17	365.393799
57	122	13	368.450714
58	122	13	359.620178
59	122	17	347.129089
60	122	61	340.912231
61	122	21	346.934845
62	122	21	355.457062
63	122	21	362.098907
64	122	1061	363.550507
65	122	1038	357.510162
66	122	17	345.39798
67	122	16	330.079712
68	122	13	316.430359
69	122	17	304.464539
70	122	13	301.047577
71	122	593	300.198669
72	122	798	297.202881
73	122	776	285.274597
74	122	17	275.572449
75	122	13	263.642181
76	122	17	250.664688
77	122	16	242.043503
78	122	593	238.369568
79	122	798	237.775436
80	122	661	237.483032
81	122	775	233.671127
82	122	661	226.212448
83	122	791	216.68306
84	122	593	205.273285
85	122	798	189.799698
86	122	776	174.872131
87	122	18	168.041565
88	122	33	163.640747
89	122	33	157.645676
90	122	33	151.110031
91	122	19	150.068588
92	122	7	143.836731
93	122	7	132.649307
94	122	5	127.929871
95	122	670	121.674683
96	122	690	115.313911
97	122	678	109.69651
98	122	791	109.957481
99	122	593	114.262856
100	122	776	117.136017
101	122	13	115.297775
102	122	16	111.009895
103	122	13	103.071526
104	122	16	92.862221
105	122	16	78.7257
106	122	16	62.917976
107	122	17	51.90239
108	122	16	42.98703
109	122	17	33.820862
110	122	17	25.183508
111	122	61	17.533752
112	122	25	8.50292
113	122	5	-2.972094
114	122	4	-121.822754
115	122	5	-121.822754
116	122	7	-121.822754
117	122	20	74.287247
118	122	22	74.287247
119	122	1062	-0.352759
120	122	1063	-121.822754
121	122	1064	-121.822754
122	122	493	-126.491096
123	122	493	-121.1791
124	122	679	-101.697762
125	122	1065	-75.114799
126	122	17	-45.265125
127	122	13	-18.521236
128	122	17	0
0	123	13	0
1	123	593	32
2	123	798	41
3	123	661	54
4	123	605	57.5
5	123	43	57.5
6	123	42	57.5
7	123	29	57.5
8	123	16	57.5
9	123	13	0
10	123	16	-0.08093
11	123	17	-11.767945
12	123	14	-37.19968
13	123	24	-73.504135
14	123	24	-90.618195
15	123	24	-70.505348
16	123	10	-38.475098
17	123	0	-34.755352
18	123	0	-49.195568
19	123	11	-47.551453
20	123	10	-28.856758
21	123	11	-13.241588
22	123	10	3.106756
23	123	11	19.814156
24	123	10	40.988205
25	123	0	68.958855
26	123	0	101.440186
27	123	0	125.753746
28	123	24	142.085159
29	123	24	156.776062
30	123	10	162.324265
31	123	24	162.360947
32	123	24	163.997681
33	123	10	190.830353
34	123	10	197.261002
35	123	580	208.705017
36	123	1066	221.075119
37	123	42	231.713699
38	123	1039	234.09877
39	123	1040	236.12915
40	123	581	247.067917
41	123	24	265.198303
42	123	28	261.046295
43	123	42	296.423798
44	123	41	318.502747
45	123	11	328.386108
46	123	10	333.724548
47	123	1	330.74823
48	123	2	332.393402
49	123	99	328.70224
50	123	36	316.942261
51	123	13	313.975861
52	123	593	318.338684
53	123	776	323.673584
54	123	16	353.542816
55	123	17	378.796082
56	123	17	384.782715
57	123	16	383.723328
58	123	16	371.27597
59	123	16	352.41452
60	123	17	339.815857
61	123	13	337.51889
62	123	17	337.256714
63	123	17	337.758484
64	123	16	336.521759
65	123	13	328.539551
66	123	16	314.371826
67	123	16	295.640442
68	123	13	280.393585
69	123	16	269.124908
70	123	699	260.390106
71	123	804	254.923584
72	123	1067	250.035416
73	123	798	238.236725
74	123	798	228.364471
75	123	776	218.05722
76	123	13	207.21846
77	123	699	200.796387
78	123	804	200.069412
79	123	804	203.349808
80	123	804	205.4048
81	123	804	203.233459
82	123	1068	198.64505
83	123	710	192.915329
84	123	642	181.536163
85	123	609	165.251205
86	123	19	148.830338
87	123	5	138.179489
88	123	7	133.031509
89	123	6	128.388397
90	123	6	125.79776
91	123	7	124.212715
92	123	5	118.592789
93	123	623	108.383934
94	123	634	102.55088
95	123	690	97.170395
96	123	768	91.382156
97	123	1067	85.238785
98	123	661	82.291634
99	123	791	82.506027
100	123	16	84.159355
101	123	13	82.319519
102	123	16	78.028893
103	123	16	71.557671
104	123	13	63.247025
105	123	17	51.125858
106	123	17	41.70536
107	123	17	36.488289
108	123	17	30.431784
109	123	17	23.534431
110	123	16	16.835367
111	123	23	11.436759
112	123	623	7.435719
113	123	624	0.280284
114	123	624	-121.822754
115	123	584	-121.822754
116	123	15	-121.822754
117	123	17	74.287247
118	123	13	74.287247
119	123	13	-0.352759
120	123	1062	-121.822754
121	123	1063	-121.822754
122	123	1063	-111.625977
123	123	1069	-103.770416
124	123	1059	-85.086983
125	123	16	-60.720848
126	123	17	-35.589272
127	123	13	-13.679037
128	123	593	0
0	124	661	0
1	124	678	32
2	124	587	41
3	124	690	41.5
4	124	13	41.5
5	124	13	41.5
6	124	16	41.5
7	124	13	41.5
8	124	17	0
9	124	13	0
10	124	17	0
11	124	43	-9.157331
12	124	41	-30.395672
13	124	0	-58.657505
14	124	28	-74.081169
15	124	42	-57.324566
16	124	42	-30.774969
17	124	42	-29.710184
18	124	42	-40.81015
19	124	42	-34.042263
20	124	41	-18.649946
21	124	0	-11.205694
22	124	0	0.517647
23	124	0	17.746851
24	124	24	36.25433
25	124	11	59.085674
26	124	11	83.959976
27	124	24	103.167
28	124	11	118.650551
29	124	10	134.571182
30	124	0	141.892731
31	124	28	145.473724
32	124	42	146.067902
33	124	42	140.12738
34	124	1070	144.92421
35	124	775	163.906052
36	124	776	180.088287
37	124	699	190.519623
38	124	804	193.845322
39	124	1071	193.836349
40	124	1066	201.563904
41	124	29	214.31459
42	124	16	235.97522
43	124	43	262.870819
44	124	41	280.799805
45	124	11	295.91449
46	124	10	305.011292
47	124	10	290.547791
48	124	0	275.628601
49	124	1072	277.01358
50	124	798	279.425934
51	124	661	278.010254
52	124	775	279.241913
53	124	776	290.047516
54	124	16	325.047638
55	124	17	353.078217
56	124	17	359.35321
57	124	593	349.551819
58	124	798	328.082397
59	124	798	301.818665
60	124	798	285.628082
61	124	798	288.429535
62	124	798	288.950378
63	124	776	274.350372
64	124	13	258.520264
65	124	16	252.302338
66	124	17	245.6521
67	124	13	234.130264
68	124	16	227.587769
69	124	13	224.319901
70	124	593	222.952301
71	124	661	215.837234
72	124	768	205.947525
73	124	804	198.135635
74	124	769	187.385605
75	124	17	171.529358
76	124	16	153.415344
77	124	13	150.601486
78	124	17	162.961044
79	124	17	173.14151
80	124	17	174.145691
81	124	61	172.576324
82	124	21	166.78125
83	124	21	161.526474
84	124	25	145.079651
85	124	4	117.600037
86	124	7	91.170021
87	124	5	83.513382
88	124	6	90.553795
89	124	6	97.11216
90	124	6	96.636909
91	124	6	95.218475
92	124	614	90.829224
93	124	711	85.41481
94	124	587	78.518333
95	124	775	74.310303
96	124	661	68.789375
97	124	768	64.323296
98	124	769	60.505863
99	124	16	57.324398
100	124	16	54.070259
101	124	593	51.059669
102	124	798	46.619194
103	124	776	40.197216
104	124	17	32.571609
105	124	16	27.136059
106	124	17	25.168447
107	124	593	22.67215
108	124	798	18.286823
109	124	798	13.154295
110	124	1073	8.944584
111	124	634	6.321851
112	124	690	3.744817
113	124	690	1.532349
114	124	635	-121.822754
115	124	1074	-121.822754
116	124	798	-121.822754
117	124	776	-121.822754
118	124	16	-121.822754
119	124	17	-121.822754
120	124	13	-121.822754
121	124	13	-89.919441
122	124	16	-86.21167
123	124	16	-77.257187
124	124	16	-61.987965
125	124	593	-43.457771
126	124	798	-24.509014
127	124	661	-7.754534
128	124	678	0
0	125	678	0
1	125	605	32
2	125	605	32
3	125	17	32
4	125	16	32
5	125	17	32
6	125	13	0
7	125	13	0
8	125	17	0
9	125	13	0
10	125	16	0
11	125	43	-1.518983
12	125	42	-11.352684
13	125	552	-21.997276
14	125	36	-27.078041
15	125	16	-22.89941
16	125	16	-11.943139
17	125	16	-15.222886
18	125	13	-18.921513
19	125	43	-17.279411
20	125	42	-14.386098
21	125	42	-12.545362
22	125	42	-3.624758
23	125	42	11.87494
24	125	42	26.285553
25	125	42	40.934822
26	125	42	52.29636
27	125	42	62.787415
28	125	42	78.535553
29	125	42	93.261635
30	125	29	95.241219
31	125	17	94.11161
32	125	13	84.255814
33	125	699	66.084419
34	125	804	66.38398
35	125	769	89.735687
36	125	13	113.665947
37	125	16	121.722382
38	125	699	128.042084
39	125	769	135.490601
40	125	17	136.890656
41	125	13	142.292633
42	125	16	150.024323
43	125	43	175.97287
44	125	42	209.717087
45	125	415	218.31076
46	125	38	187.369049
47	125	1075	135.639954
48	125	1076	122.942978
49	125	605	159.020981
50	125	690	180.842499
51	125	768	171.987045
52	125	769	161.313095
53	125	13	163.492477
54	125	13	189.214218
55	125	16	219.08197
56	125	699	234.718109
57	125	700	230.074203
58	125	690	202.961838
59	125	768	165.862534
60	125	804	154.31633
61	125	804	169.175659
62	125	769	178.540878
63	125	16	153.586441
64	125	16	134.430527
65	125	17	128.461777
66	125	13	131.868561
67	125	13	130.001389
68	125	16	130.061829
69	125	699	140.739899
70	125	804	146.356262
71	125	769	142.282425
72	125	13	132.367111
73	125	17	118.759987
74	125	16	101.081657
75	125	13	74.62851
76	125	17	57.160988
77	125	16	63.136959
78	125	16	86.618164
79	125	13	102.096252
80	125	13	115.425133
81	125	17	120.164322
82	125	13	103.488663
83	125	61	83.149971
84	125	21	60.737614
85	125	21	32.840206
86	125	21	11.943967
87	125	21	19.208099
88	125	21	44.539822
89	125	21	64.615105
90	125	21	66.442886
91	125	21	65.482796
92	125	1053	66.244659
93	125	804	63.465664
94	125	804	58.26799
95	125	700	52.584454
96	125	775	49.039524
97	125	798	44.909309
98	125	798	40.684105
99	125	798	38.175991
100	125	661	34.411808
101	125	690	29.228207
102	125	775	22.995012
103	125	798	17.717457
104	125	798	13.346085
105	125	798	11.597161
106	125	661	11.374778
107	125	605	9.698435
108	125	690	6.869683
109	125	605	4.545399
110	125	587	3.449041
111	125	678	2.136682
112	125	690	0.922557
113	125	587	0.068971
114	125	690	-0.038046
115	125	678	-121.822754
116	125	775	-121.822754
117	125	798	-121.822754
118	125	798	-121.822754
119	125	798	-54.777077
120	125	798	-60.811092
121	125	798	-63.041809
122	125	798	-58.886658
123	125	798	-50.276775
124	125	661	-39.287304
125	125	678	-27.224318
126	125	587	-14.010378
127	125	678	-3.240985
128	125	690	0
0	126	678	0
1	126	678	9.5
2	126	17	9.5
3	126	16	9.5
4	126	13	9.5
5	126	16	9.5
6	126	17	0
7	126	16	0
8	126	16	0
9	126	13	0
10	126	13	0
11	126	13	0
12	126	43	0
13	126	29	-3.774283
14	126	16	-4.761383
15	126	13	-3.106728
16	126	17	-1.292158
17	126	13	-2.673959
18	126	17	-4.834123
19	126	16	-5.573102
20	126	17	-7.95287
21	126	17	-8.071712
22	126	16	-3.110578
23	126	17	4.626598
24	126	16	14.385293
25	126	17	16.832352
26	126	17	12.811962
27	126	16	12.793331
28	126	13	23.935881
29	126	17	32.87896
30	126	13	30.107563
31	126	13	24.295986
32	126	16	13.54972
33	126	16	-11.484951
34	126	17	-17.231733
35	126	13	-4.976114
36	126	17	3.945484
37	126	13	7.641244
38	126	17	17.54516
39	126	17	22.221994
40	126	16	22.438496
41	126	16	20.633236
42	126	13	37.485165
43	126	17	78.485367
44	126	23	33.951477
45	126	6	37.934074
46	126	1077	-27.038746
47	126	576	-98.440941
48	126	576	-17.471882
49	126	1078	47.442036
50	126	769	88.78569
51	126	13	72.16626
52	126	16	47.192379
53	126	16	36.557888
54	126	17	42.472057
55	126	16	54.411907
56	126	699	66.457039
57	126	804	60.901192
58	126	769	35.713951
59	126	16	5.879172
60	126	17	-1.648687
61	126	16	20.81859
62	126	13	33.558243
63	126	16	12.84249
64	126	16	-9.487055
65	126	16	-5.770024
66	126	17	2.387821
67	126	16	4.350447
68	126	17	9.28668
69	126	16	20.860325
70	126	17	39.019787
71	126	17	41.132298
72	126	13	36.49905
73	126	17	29.981472
74	126	17	17.883503
75	126	13	-1.26072
76	126	17	-9.365665
77	126	16	1.256923
78	126	17	13.56415
79	126	17	20.835012
80	126	16	31.452406
81	126	17	38.547504
82	126	17	28.745432
83	126	13	8.220475
84	126	17	-6.723808
85	126	16	-19.320988
86	126	13	-22.991066
87	126	16	-4.414897
88	126	17	22.801939
89	126	16	40.969608
90	126	16	41.851025
91	126	13	43.872532
92	126	16	45.059067
93	126	16	44.661041
94	126	602	41.94804
95	126	605	37.636906
96	126	768	31.914076
97	126	700	26.247475
98	126	768	22.477322
99	126	700	20.004704
100	126	587	17.112314
101	126	768	13.22302
102	126	700	9.899681
103	126	690	7.678112
104	126	768	6.169835
105	126	804	5.085935
106	126	804	3.492298
107	126	804	1.47331
108	126	804	0.095637
109	126	700	0.24952
110	126	587	0.147548
111	126	690	0
112	126	587	0
113	126	605	0
114	126	605	0
115	126	690	-1.735997
116	126	605	-10.183164
117	126	605	-20.895168
118	126	690	-30.033545
119	126	678	-35.566689
120	126	605	-37.124737
121	126	605	-36.335983
122	126	587	-32.710236
123	126	678	-28.169518
124	126	690	-21.847654
125	126	587	-14.372974
126	126	587	-5.919075
127	126	678	-0.330823
128	126	605	0
0	127	587	0
1	127	0	0
2	127	0	0
3	127	0	0
4	127	0	0
5	127	0	0
6	127	0	0
7	127	0	0
8	127	0	0
9	127	0	0
10	127	0	0
11	127	0	0
12	127	0	0
13	127	0	0
14	127	0	0
15	127	0	0
16	127	0	0
17	127	0	0
18	127	0	0
19	127	0	0
20	127	0	-1.359529
21	127	0	-1.428455
22	127	0	0
23	127	0	0.872381
24	127	0	4.361187
25	127	0	1.27205
26	127	0	-10.080828
27	127	0	-17.831301
28	127	0	-12.645764
29	127	0	-5.090714
30	127	0	-9.006737
31	127	0	-12.634482
32	127	0	-11.204929
33	127	0	-20.834728
34	127	0	-27.286585
35	127	0	-29.865829
36	127	0	-36.359154
37	127	0	-42.153881
38	127	0	-33.003517
39	127	0	-30.472946
40	127	0	-28.903236
41	127	0	-31.360151
42	127	0	-92.26284
43	127	0	-48.089985
44	127	0	-13.828376
45	127	0	-4.24346
46	127	0	-55.513378
47	127	0	-108.282028
48	127	0	-99.020714
49	127	0	-39.722984
50	127	0	-4.920337
51	127	0	-19.327681
52	127	0	-39.726318
53	127	0	27.466019
54	127	0	3.995046
55	127	0	-13.701843
56	127	0	-14.875762
57	127	0	-11.61234
58	127	0	-16.762747
59	127	0	-32.295177
60	127	0	-33.571793
61	127	0	-18.180927
62	127	0	-10.916411
63	127	0	-31.614965
64	127	0	-46.590172
65	127	0	-43.376068
66	127	0	-45.22459
67	127	0	-32.682438
68	127	0	-28.871706
69	127	0	-16.45672
70	127	0	0.144913
71	127	0	7.128405
72	127	0	8.439551
73	127	0	13.004004
74	127	0	21.309601
75	127	0	22.781898
76	127	0	23.715706
77	127	0	26.954449
78	127	0	17.650591
79	127	0	1.123124
80	127	0	-2.076741
81	127	0	5.473825
82	127	0	4.430884
83	127	0	-0.32441
84	127	0	1.890187
85	127	0	3.122267
86	127	0	2.885836
87	127	0	11.381074
88	127	0	24.361877
89	127	0	27.640707
90	127	0	26.267181
91	127	0	28.392735
92	127	0	29.482391
93	127	0	29.159285
94	127	0	28.136963
95	127	0	24.997902
96	127	0	19.745602
97	127	0	13.370085
98	127	0	9.277933
99	127	0	6.668118
100	127	0	4.699906
101	127	0	3.451804
102	127	0	3.595701
103	127	0	3.274787
104	127	0	2.650039
105	127	0	1.77507
106	127	0	0.580473
107	127	0	0
108	127	0	0
109	127	0	0
110	127	0	0
111	127	0	0
112	127	0	0
113	127	0	0
114	127	0	0
115	127	0	0
116	127	0	-1.322258
117	127	0	-7.31991
118	127	0	-12.878599
119	127	0	-15.989546
120	127	0	-16.166779
121	127	0	-15.225723
122	127	0	-13.770705
123	127	0	-11.561679
124	127	0	-8.836699
125	127	0	-4.677985
126	127	0	-0.73806
127	127	0	0
128	127	0	0
0	128	0	0
1	128	0	0
2	128	0	0
3	128	0	0
4	128	0	0
5	128	0	0
6	128	0	0
7	128	0	0
8	128	0	0
9	128	0	0
10	128	0	0
11	128	0	0
12	128	0	0
13	128	0	0
14	128	0	0
15	128	0	0
16	128	0	0
17	128	0	0
18	128	0	0
19	128	0	0
20	128	0	0
21	128	0	0
22	128	0	0
23	128	0	0
24	128	0	0
25	128	0	0
26	128	0	0
27	128	0	0
28	128	0	0
29	128	0	0
30	128	0	0
31	128	0	0
32	128	0	0
33	128	0	0
34	128	0	0
35	128	0	0
36	128	0	0
37	128	0	0
38	128	0	0
39	128	0	0
40	128	0	0
41	128	0	0
42	128	0	0
43	128	0	0
44	128	0	0
45	128	0	0
46	128	0	0
47	128	0	0
48	128	0	0
49	128	0	0
50	128	0	0
51	128	0	0
52	128	0	0
53	128	0	0
54	128	0	0
55	128	0	0
56	128	0	0
57	128	0	0
58	128	0	0
59	128	0	0
60	128	0	0
61	128	0	0
62	128	0	0
63	128	0	0
64	128	0	0
65	128	0	0
66	128	0	0
67	128	0	0
68	128	0	0
69	128	0	0
70	128	0	0
71	128	0	0
72	128	0	0
73	128	0	0
74	128	0	0
75	128	0	0
76	128	0	0
77	128	0	0
78	128	0	0
79	128	0	0
80	128	0	0
81	128	0	0
82	128	0	0
83	128	0	0
84	128	0	0
85	128	0	0
86	128	0	0
87	128	0	0
88	128	0	0
89	128	0	0
90	128	0	0
91	128	0	0
92	128	0	0
93	128	0	0
94	128	0	0
95	128	0	0
96	128	0	0
97	128	0	0
98	128	0	0
99	128	0	0
100	128	0	0
101	128	0	0
102	128	0	0
103	128	0	0
104	128	0	0
105	128	0	0
106	128	0	0
107	128	0	0
108	128	0	0
109	128	0	0
110	128	0	0
111	128	0	0
112	128	0	0
113	128	0	0
114	128	0	0
115	128	0	0
116	128	0	0
117	128	0	0
118	128	0	0
119	128	0	0
120	128	0	0
121	128	0	0
122	128	0	0
123	128	0	0
124	128	0	0
125	128	0	0
126	128	0	0
127	128	0	0
128	128	0	0
