x	y	texture	height
0	0	0	8
1	0	1	8
2	0	2	8
3	0	3	8
4	0	4	8
5	0	5	8
6	0	6	8
7	0	7	8
8	0	8	8
9	0	9	8
10	0	6	8
11	0	6	8
12	0	6	8
13	0	10	8
14	0	11	8
15	0	12	8
16	0	6	8
17	0	7	8
18	0	8	8
19	0	8	8
20	0	8	8
21	0	8	8
22	0	8	8
23	0	8	8
24	0	8	8
25	0	9	8
26	0	6	8
27	0	6	8
28	0	6	8
29	0	13	8
30	0	14	8
31	0	14	8
32	0	12	8
33	0	13	8
34	0	15	8
35	0	16	8
36	0	14	8
37	0	12	8
38	0	13	8
39	0	14	8
40	0	14	8
41	0	14	8
42	0	14	8
43	0	17	8.098133
44	0	18	9.723495
45	0	18	10.990627
46	0	18	11.52891
47	0	18	11.580307
48	0	18	11.040496
49	0	19	9.950339
50	0	17	9.086525
51	0	19	8.159223
52	0	17	8
53	0	18	8
54	0	18	8
55	0	18	8
56	0	18	8
57	0	18	8
58	0	18	8
59	0	18	8.362173
60	0	20	8.862968
61	0	21	8.981619
62	0	4	8.496728
63	0	20	8
64	0	4	8
65	0	18	8
66	0	18	8
67	0	20	8
68	0	21	8
69	0	22	8
70	0	21	8
71	0	21	8
72	0	22	8
73	0	21	8
74	0	22	8
75	0	22	8
76	0	21	8
77	0	22	8
78	0	22	8
79	0	23	8
80	0	24	8
81	0	21	8
82	0	25	8
83	0	26	8
84	0	26	8
85	0	26	8
86	0	26	8
87	0	26	8
88	0	27	8
89	0	28	8
90	0	28	8
91	0	28	8
92	0	28	8
93	0	28	8.022148
94	0	29	8.258962
95	0	28	8.237346
96	0	30	8
97	0	27	8
98	0	29	8.215528
99	0	28	9.528752
100	0	28	10.310813
101	0	28	10.28635
102	0	29	9.70454
103	0	28	8.770741
104	0	29	8.092052
105	0	28	8
106	0	29	8
107	0	28	8
108	0	29	8
109	0	29	8
110	0	28	8
111	0	30	8
112	0	27	8
113	0	31	8
114	0	32	8
115	0	28	8
116	0	29	8
117	0	29	8
118	0	28	8
119	0	28	8
120	0	29	8
121	0	28	8
122	0	28	8
123	0	29	8
124	0	29	8
125	0	31	8
126	0	32	8
127	0	28	8
128	0	33	8
0	1	34	8
1	1	35	8
2	1	36	8
3	1	37	8
4	1	38	8
5	1	9	8
6	1	39	8
7	1	29	8
8	1	40	8
9	1	9	8
10	1	6	8
11	1	6	8
12	1	10	8.055693
13	1	35	8.042075
14	1	41	8
15	1	6	8
16	1	39	8.16548
17	1	28	9.333259
18	1	29	11.611717
19	1	28	13.20914
20	1	28	13.455688
21	1	28	12.332163
22	1	29	10.534822
23	1	28	9.049378
24	1	40	8.098055
25	1	8	8
26	1	8	8
27	1	9	8
28	1	10	8
29	1	35	8
30	1	35	8
31	1	11	8
32	1	42	8
33	1	35	8
34	1	35	8
35	1	35	8
36	1	11	8
37	1	42	8
38	1	35	8
39	1	35	8
40	1	35	8
41	1	35	8
42	1	43	9.409816
43	1	2	12.68082
44	1	2	15.060963
45	1	3	16.395723
46	1	21	16.688551
47	1	22	16.317369
48	1	34	15.05245
49	1	44	14.640079
50	1	34	15.49905
51	1	44	15.67407
52	1	21	15.034435
53	1	1	13.900278
54	1	3	11.71164
55	1	22	8.776084
56	1	22	8
57	1	22	8.665504
58	1	21	10.692595
59	1	22	13.469365
60	1	22	16.433399
61	1	21	18.758724
62	1	21	19.600033
63	1	21	18.037716
64	1	22	13.841639
65	1	22	8.230825
66	1	22	8
67	1	21	8
68	1	21	8
69	1	22	8
70	1	21	8.269896
71	1	22	8.600566
72	1	22	8.667575
73	1	21	8.466328
74	1	21	8.010324
75	1	21	8
76	1	22	8
77	1	23	8
78	1	45	8
79	1	46	8
80	1	21	8
81	1	22	8
82	1	21	8
83	1	21	8
84	1	21	8
85	1	21	8
86	1	22	8
87	1	25	8
88	1	26	8
89	1	26	8
90	1	26	8
91	1	26	8.802117
92	1	26	11.059387
93	1	26	12.44274
94	1	26	12.731806
95	1	47	12.034747
96	1	25	10.757087
97	1	26	12.231341
98	1	26	14.193668
99	1	26	16.034693
100	1	27	16.950111
101	1	28	16.631313
102	1	28	15.09944
103	1	29	12.689483
104	1	30	10.33766
105	1	26	8.62127
106	1	26	8
107	1	26	8
108	1	27	8
109	1	28	8
110	1	48	8
111	1	45	8
112	1	49	8
113	1	50	8
114	1	51	8
115	1	51	8
116	1	51	8
117	1	51	8
118	1	51	8
119	1	32	8
120	1	28	8
121	1	31	8
122	1	32	8
123	1	28	8
124	1	40	8
125	1	52	8
126	1	29	8
127	1	53	8
128	1	54	8
0	2	55	8
1	2	56	8
2	2	29	8
3	2	29	8
4	2	49	8
5	2	39	8
6	2	28	8
7	2	29	8
8	2	40	8
9	2	9	8.176842
10	2	6	9.02925
11	2	57	10.074382
12	2	58	10.591092
13	2	41	10.540742
14	2	6	9.927095
15	2	39	10.097365
16	2	28	12.420919
17	2	29	16.641239
18	2	29	19.93545
19	2	29	21.984735
20	2	29	23.014771
21	2	29	22.683134
22	2	28	20.622108
23	2	29	16.806873
24	2	28	12.983963
25	2	28	9.786557
26	2	59	8.826863
27	2	60	8.683728
28	2	61	8.061687
29	2	62	8
30	2	35	8
31	2	63	8
32	2	61	8
33	2	62	8
34	2	35	8
35	2	35	8
36	2	35	8
37	2	64	8
38	2	65	8
39	2	66	8
40	2	35	8.842071
41	2	35	11.835178
42	2	35	15.925858
43	2	35	19.174191
44	2	43	21.512178
45	2	2	23.120213
46	2	2	23.3708
47	2	67	22.768286
48	2	43	23.698252
49	2	67	25.950413
50	2	43	26.490129
51	2	2	26.300003
52	2	67	24.852186
53	2	43	22.461468
54	2	3	19.885481
55	2	22	15.954042
56	2	21	12.13984
57	2	22	12.466635
58	2	22	17.547956
59	2	22	24.090881
60	2	22	30.962511
61	2	21	35.494827
62	2	22	36.874352
63	2	21	35.008434
64	2	21	30.096153
65	2	21	22.545794
66	2	22	13.487789
67	2	22	8.181241
68	2	21	8.476538
69	2	21	10.441488
70	2	22	12.105861
71	2	22	12.886075
72	2	21	12.624804
73	2	22	11.635285
74	2	21	10.24531
75	2	21	9.131169
76	2	68	8.33915
77	2	29	8.149253
78	2	46	8
79	2	21	8
80	2	22	8
81	2	22	8
82	2	22	8
83	2	21	8.678296
84	2	21	9.352798
85	2	21	9.356466
86	2	21	8.920382
87	2	22	8.389568
88	2	22	8
89	2	22	8
90	2	21	11.946033
91	2	22	16.185635
92	2	21	19.235434
93	2	21	20.867186
94	2	21	20.92577
95	2	22	19.641596
96	2	21	20.895426
97	2	22	22.111736
98	2	23	22.781578
99	2	45	23.301954
100	2	28	23.898663
101	2	29	23.523188
102	2	29	21.691563
103	2	48	18.605661
104	2	24	14.542262
105	2	21	10.871668
106	2	23	8.624512
107	2	45	8
108	2	30	8
109	2	26	8
110	2	27	8
111	2	40	8
112	2	8	8
113	2	9	8
114	2	6	8
115	2	6	8
116	2	6	8
117	2	6	8
118	2	39	8
119	2	28	8
120	2	40	8
121	2	52	8
122	2	29	8
123	2	31	8
124	2	32	8
125	2	29	8
126	2	39	8
127	2	29	8
128	2	28	8
0	3	28	8
1	3	28	8
2	3	28	8
3	3	40	8
4	3	52	8
5	3	28	8
6	3	29	8
7	3	29	8
8	3	40	8.535546
9	3	8	10.508111
10	3	52	12.843561
11	3	69	14.559067
12	3	41	15.395867
13	3	6	15.27363
14	3	39	15.656547
15	3	29	17.619089
16	3	31	21.197292
17	3	51	24.602716
18	3	32	28.801908
19	3	29	32.821182
20	3	28	35.470371
21	3	28	36.303806
22	3	31	34.974667
23	3	51	32.70583
24	3	70	28.653879
25	3	71	24.43288
26	3	72	20.62414
27	3	73	17.221508
28	3	74	14.965285
29	3	75	13.1019
30	3	76	9.913391
31	3	77	8
32	3	78	8
33	3	63	8.15896
34	3	61	8.089148
35	3	61	8
36	3	79	8.255998
37	3	0	10.474468
38	3	80	13.17766
39	3	65	16.182154
40	3	66	19.606367
41	3	35	23.680973
42	3	64	27.15864
43	3	66	29.64632
44	3	35	30.879923
45	3	35	30.860083
46	3	35	30.523457
47	3	35	32.895393
48	3	35	36.091862
49	3	35	37.413513
50	3	35	37.969326
51	3	35	36.928741
52	3	35	34.746002
53	3	43	31.65163
54	3	81	27.820055
55	3	82	23.867376
56	3	82	21.533554
57	3	0	21.69203
58	3	22	27.713465
59	3	21	38.387989
60	3	22	46.999378
61	3	21	52.413898
62	3	21	54.04023
63	3	21	51.739162
64	3	21	45.855854
65	3	22	37.036427
66	3	22	25.990101
67	3	21	16.400187
68	3	21	14.119816
69	3	22	16.753445
70	3	21	18.924965
71	3	22	19.859941
72	3	21	19.552471
73	3	21	19.614658
74	3	22	18.089626
75	3	68	15.502879
76	3	29	12.749505
77	3	48	10.584054
78	3	37	9.426883
79	3	24	8.597438
80	3	21	8.986917
81	3	22	12.703019
82	3	21	15.989691
83	3	22	17.455914
84	3	21	17.181398
85	3	21	15.768021
86	3	22	13.73968
87	3	22	11.55056
88	3	22	10.009368
89	3	21	13.480902
90	3	22	18.968079
91	3	22	23.862658
92	3	21	27.477787
93	3	21	29.465059
94	3	21	29.670742
95	3	22	31.402786
96	3	21	33.369595
97	3	68	33.432331
98	3	29	32.68066
99	3	29	31.881771
100	3	29	31.099405
101	3	28	30.362249
102	3	29	28.092894
103	3	48	24.37579
104	3	24	19.654562
105	3	25	14.276192
106	3	26	10.259418
107	3	47	8.101345
108	3	23	8
109	3	45	8
110	3	31	140
111	3	32	140
112	3	40	8
113	3	9	8
114	3	6	8
115	3	6	8
116	3	6	8
117	3	39	8
118	3	31	8
119	3	32	8
120	3	29	8
121	3	29	8
122	3	49	8
123	3	50	8
124	3	32	8
125	3	39	8
126	3	29	8
127	3	29	8
128	3	28	8
0	4	29	8
1	4	28	8
2	4	28	8
3	4	29	8
4	4	28	8
5	4	28	8
6	4	28	8
7	4	28	8.366844
8	4	29	11.247677
9	4	28	14.97655
10	4	69	18.555296
11	4	11	21.166643
12	4	12	22.534132
13	4	39	22.9641
14	4	29	24.620556
15	4	49	27.857147
16	4	7	31.109087
17	4	52	34.415615
18	4	28	39.115372
19	4	31	45.003258
20	4	32	49.462883
21	4	49	51.717541
22	4	13	52.595238
23	4	83	51.38644
24	4	84	48.091618
25	4	85	43.259594
26	4	86	38.707546
27	4	87	34.223923
28	4	88	29.807034
29	4	89	25.337082
30	4	90	21.361803
31	4	91	17.320423
32	4	76	14.179835
33	4	77	13.125548
34	4	92	15.529773
35	4	73	19.132217
36	4	33	22.360331
37	4	22	25.35252
38	4	21	28.856796
39	4	80	33.092426
40	4	93	36.517666
41	4	79	39.866871
42	4	94	42.021774
43	4	62	42.695541
44	4	64	41.997238
45	4	66	40.812565
46	4	35	40.998993
47	4	35	44.17794
48	4	35	47.462952
49	4	35	48.644638
50	4	35	48.554768
51	4	63	47.363998
52	4	62	44.775471
53	4	11	40.52055
54	4	17	35.345444
55	4	18	32.060017
56	4	95	31.377693
57	4	0	33.96978
58	4	22	40.870209
59	4	22	52.003853
60	4	21	62.356876
61	4	22	69.034966
62	4	21	70.998177
63	4	22	68.040596
64	4	21	60.803928
65	4	22	50.349754
66	4	22	39.171177
67	4	21	31.025551
68	4	21	25.16687
69	4	21	24.30818
70	4	21	26.547081
71	4	21	28.987774
72	4	21	32.587761
73	4	22	33.602768
74	4	68	31.94585
75	4	28	27.809694
76	4	30	22.020786
77	4	27	16.667879
78	4	48	13.770761
79	4	24	15.174469
80	4	22	19.223858
81	4	21	23.853596
82	4	22	27.681744
83	4	22	29.422939
84	4	21	28.904203
85	4	22	26.138178
86	4	22	21.716963
87	4	22	17.271585
88	4	21	17.016392
89	4	21	21.042427
90	4	21	25.817587
91	4	22	31.070993
92	4	22	35.451813
93	4	21	37.967262
94	4	22	39.722004
95	4	22	43.062672
96	4	68	44.788052
97	4	29	44.659286
98	4	29	42.916908
99	4	28	41.049599
100	4	28	39.05801
101	4	29	37.098728
102	4	30	34.139122
103	4	96	29.544609
104	4	24	24.034819
105	4	22	18.021292
106	4	22	12.299339
107	4	68	8.783883
108	4	28	8
109	4	49	8
110	4	39	140
111	4	31	140
112	4	97	8
113	4	7	8
114	4	9	8
115	4	6	8
116	4	50	8
117	4	97	8
118	4	39	8
119	4	28	8
120	4	29	8
121	4	49	8
122	4	6	8
123	4	39	8
124	4	39	8
125	4	28	8
126	4	28	8
127	4	31	8
128	4	32	8
0	5	29	8
1	5	29	8
2	5	31	8
3	5	51	8
4	5	51	8
5	5	32	8
6	5	29	8
7	5	29	10.449127
8	5	28	15.466339
9	5	98	21.069172
10	5	58	26.093069
11	5	99	30.024124
12	5	100	31.867245
13	5	32	33.422459
14	5	40	35.600208
15	5	52	38.884666
16	5	28	41.481979
17	5	28	45.41069
18	5	49	50.758915
19	5	39	57.724442
20	5	40	63.895233
21	5	101	68.380249
22	5	102	70.412865
23	5	85	70.228577
24	5	86	67.813728
25	5	87	63.25869
26	5	85	58.512402
27	5	103	53.118771
28	5	104	46.741066
29	5	105	40.542084
30	5	103	35.650261
31	5	104	31.918835
32	5	90	28.550125
33	5	88	28.549988
34	5	106	31.630262
35	5	107	36.744595
36	5	108	43.141762
37	5	109	48.334324
38	5	82	50.826523
39	5	110	52.627926
40	5	73	55.027618
41	5	111	57.364544
42	5	112	57.711597
43	5	43	56.699135
44	5	113	54.526577
45	5	66	51.691784
46	5	64	52.528389
47	5	65	55.428097
48	5	93	56.684063
49	5	61	57.796917
50	5	114	57.73164
51	5	115	57.116005
52	5	62	54.181026
53	5	44	48.779194
54	5	22	42.529724
55	5	116	39.449932
56	5	33	40.028812
57	5	21	45.120445
58	5	22	53.419388
59	5	21	64.927231
60	5	22	77.794899
61	5	21	86.098
62	5	22	88.181488
63	5	21	83.602112
64	5	21	74.34964
65	5	22	62.616508
66	5	117	54.832058
67	5	108	47.088604
68	5	108	40.956356
69	5	108	38.74921
70	5	108	43.734825
71	5	108	49.905899
72	5	118	51.666988
73	5	45	49.021519
74	5	28	46.008949
75	5	48	41.23732
76	5	45	34.021339
77	5	30	26.834911
78	5	47	24.078749
79	5	21	26.360308
80	5	22	30.983616
81	5	21	35.416759
82	5	21	39.129795
83	5	21	41.25309
84	5	21	40.672291
85	5	22	37.391186
86	5	22	32.212639
87	5	21	26.926718
88	5	21	26.348499
89	5	21	28.992571
90	5	21	32.623909
91	5	22	37.527359
92	5	21	42.915768
93	5	21	46.38184
94	5	21	49.959106
95	5	25	53.371796
96	5	27	54.417171
97	5	28	53.881752
98	5	28	52.201214
99	5	28	49.663872
100	5	28	47.013241
101	5	46	43.698776
102	5	68	39.425381
103	5	46	33.665192
104	5	22	27.330477
105	5	21	20.742689
106	5	25	14.022511
107	5	27	9.513321
108	5	49	8
109	5	39	8
110	5	40	140
111	5	9	140
112	5	50	8
113	5	97	8
114	5	6	8
115	5	6	8
116	5	6	8
117	5	39	8
118	5	29	8
119	5	28	8
120	5	40	8
121	5	8	8
122	5	52	8
123	5	39	8
124	5	119	8
125	5	120	8
126	5	121	8
127	5	122	8
128	5	120	8
0	6	120	8
1	6	123	8
2	6	8	8
3	6	9	8
4	6	50	8
5	6	32	8
6	6	28	8.365806
7	6	29	13.6022
8	6	28	20.840321
9	6	69	28.445147
10	6	124	34.96722
11	6	40	39.856552
12	6	52	42.711643
13	6	31	44.901096
14	6	51	47.201359
15	6	32	49.744858
16	6	28	51.757885
17	6	49	55.719704
18	6	50	61.908138
19	6	32	69.501686
20	6	69	78.348427
21	6	125	83.954399
22	6	104	86.908134
23	6	90	87.669754
24	6	85	86.417191
25	6	86	82.925011
26	6	73	77.399338
27	6	6	70.73864
28	6	6	63.913353
29	6	6	57.12043
30	6	6	51.800602
31	6	90	47.976921
32	6	126	46.682037
33	6	85	47.298969
34	6	127	50.452049
35	6	85	55.93985
36	6	104	64.136192
37	6	6	70.170883
38	6	105	73.564789
39	6	104	74.220016
40	6	128	74.309586
41	6	129	74.473389
42	6	75	73.039932
43	6	130	69.929817
44	6	129	65.811539
45	6	130	61.995705
46	6	108	62.080284
47	6	131	62.633919
48	6	111	62.209686
49	6	5	63.473553
50	6	13	64.53157
51	6	42	65.152397
52	6	132	62.725834
53	6	82	55.862488
54	6	133	48.068005
55	6	20	44.79232
56	6	21	47.048119
57	6	22	56.973404
58	6	22	67.251526
59	6	22	79.087471
60	6	21	93.965866
61	6	21	104.582703
62	6	21	106.125587
63	6	21	99.108925
64	6	22	86.897774
65	6	134	75.498329
66	6	126	69.355774
67	6	135	63.385551
68	6	136	57.679367
69	6	137	57.310673
70	6	138	64.320862
71	6	139	71.623604
72	6	28	73.528419
73	6	30	70.065651
74	6	27	62.286442
75	6	29	53.725098
76	6	140	45.983059
77	6	108	39.38467
78	6	108	36.79105
79	6	108	38.626053
80	6	108	42.555901
81	6	108	46.605732
82	6	108	50.305
83	6	108	52.825321
84	6	108	52.994671
85	6	108	49.811718
86	6	108	44.202892
87	6	108	39.441135
88	6	108	37.932919
89	6	108	39.248142
90	6	108	41.501049
91	6	118	44.832684
92	6	37	49.337849
93	6	37	54.466469
94	6	37	59.14082
95	6	45	61.588112
96	6	28	61.242825
97	6	29	60.065567
98	6	28	58.451488
99	6	28	56.181286
100	6	48	53.993736
101	6	45	49.682018
102	6	48	42.824287
103	6	37	36.019127
104	6	24	29.123116
105	6	23	22.187927
106	6	45	15.232207
107	6	49	9.912725
108	6	39	8
109	6	29	8
110	6	49	140
111	6	6	140
112	6	6	8
113	6	6	8
114	6	6	8
115	6	6	8
116	6	39	8
117	6	28	8
118	6	31	8
119	6	32	8
120	6	28	8
121	6	28	8
122	6	39	8
123	6	69	8
124	6	35	8
125	6	35	8
126	6	35	8
127	6	35	8
128	6	35	8
0	7	141	8
1	7	120	8
2	7	123	8
3	7	8	8
4	7	52	8
5	7	29	8
6	7	28	9.680553
7	7	29	17.581633
8	7	98	26.660612
9	7	56	35.189163
10	7	29	42.844055
11	7	28	49.046814
12	7	40	53.265121
13	7	8	55.599113
14	7	52	56.827145
15	7	29	58.33215
16	7	40	60.217331
17	7	8	63.855171
18	7	52	70.428993
19	7	142	79.186592
20	7	114	89.40477
21	7	6	96.118805
22	7	105	99.663597
23	7	143	101.854103
24	7	144	102.011459
25	7	104	99.323418
26	7	6	93.660439
27	7	6	86.615662
28	7	77	80.120705
29	7	73	73.205452
30	7	90	67.400497
31	7	138	64.328682
32	7	89	63.918808
33	7	105	65.317978
34	7	104	68.80986
35	7	6	75.497482
36	7	6	83.597122
37	7	77	90.243073
38	7	73	94.210403
39	7	90	94.898407
40	7	85	92.936546
41	7	103	90.424355
42	7	103	86.404472
43	7	127	81.039856
44	7	145	75.155983
45	7	85	70.360703
46	7	104	67.851952
47	7	146	66.683678
48	7	147	65.462303
49	7	148	65.576981
50	7	93	66.825729
51	7	149	70.225723
52	7	18	71.105827
53	7	20	62.715019
54	7	22	53.350498
55	7	21	51.948662
56	7	21	57.391129
57	7	1	68.11393
58	7	2	79.007057
59	7	3	91.146439
60	7	117	106.378601
61	7	150	118.425461
62	7	2	121.277245
63	7	2	112.183212
64	7	151	96.920563
65	7	152	86.286964
66	7	153	80.933075
67	7	154	75.799339
68	7	155	71.995216
69	7	136	74.855522
70	7	156	83.26284
71	7	28	91.986938
72	7	48	93.933327
73	7	157	88.98629
74	7	158	80.401917
75	7	159	69.063858
76	7	138	59.556461
77	7	126	54.414677
78	7	126	51.921181
79	7	145	53.57634
80	7	126	55.470825
81	7	126	58.400326
82	7	88	61.434605
83	7	138	64.964508
84	7	88	65.493706
85	7	126	62.548946
86	7	84	56.684601
87	7	138	52.209698
88	7	145	50.334705
89	7	126	50.895847
90	7	139	52.91309
91	7	28	55.642044
92	7	29	59.221718
93	7	29	62.28299
94	7	160	65.453644
95	7	158	65.358589
96	7	154	63.807053
97	7	29	62.098057
98	7	29	60.298691
99	7	29	58.347927
100	7	29	55.251591
101	7	29	48.869255
102	7	29	42.619419
103	7	48	35.968494
104	7	45	29.117159
105	7	31	22.198103
106	7	97	15.248794
107	7	39	9.761081
108	7	31	8
109	7	97	8
110	7	6	140
111	7	6	140
112	7	6	8
113	7	6	8
114	7	7	8
115	7	52	8
116	7	29	8
117	7	49	8
118	7	50	8
119	7	51	8
120	7	32	8
121	7	161	8
122	7	162	8
123	7	35	8
124	7	35	8
125	7	63	8
126	7	163	8
127	7	58	8
128	7	35	8
0	8	64	8
1	8	164	8
2	8	51	8
3	8	51	8
4	8	32	8
5	8	31	8
6	8	51	11.430223
7	8	51	21.24048
8	8	51	30.933741
9	8	32	40.400246
10	8	28	50.093777
11	8	29	58.208435
12	8	28	64.09745
13	8	31	65.071823
14	8	51	63.282848
15	8	32	63.188614
16	8	29	64.337891
17	8	29	67.338089
18	8	165	71.968582
19	8	166	78.635101
20	8	73	89.035423
21	8	7	97.864845
22	8	52	106.035454
23	8	49	110.593987
24	8	6	112.254486
25	8	6	110.327827
26	8	6	105.903099
27	8	90	100.195763
28	8	106	95.24514
29	8	167	89.654099
30	8	127	84.571953
31	8	89	80.813614
32	8	6	79.021645
33	8	6	80.483948
34	8	6	85.42495
35	8	6	92.607208
36	8	105	100.730019
37	8	104	107.332428
38	8	90	111.540131
39	8	89	111.869888
40	8	77	108.402916
41	8	92	103.072166
42	8	87	96.463531
43	8	84	88.524376
44	8	89	81.330544
45	8	6	74.065742
46	8	77	71.352905
47	8	92	69.621704
48	8	107	68.459343
49	8	72	68.978188
50	8	168	70.517143
51	8	169	71.25264
52	8	108	71.471657
53	8	150	66.682648
54	8	2	62.454498
55	8	2	62.841599
56	8	67	67.121155
57	8	35	75.886818
58	8	43	85.149506
59	8	151	96.590805
60	8	170	110.120308
61	8	35	119.453255
62	8	35	121.296814
63	8	35	114.548355
64	8	35	101.047905
65	8	171	92.371269
66	8	156	87.204582
67	8	29	82.636116
68	8	29	82.434387
69	8	28	88.106987
70	8	29	98.579353
71	8	29	108.811882
72	8	155	109.372765
73	8	137	104.554153
74	8	88	97.601448
75	8	138	87.8451
76	8	138	79.499832
77	8	84	74.617195
78	8	145	72.428108
79	8	138	73.927971
80	8	145	74.218216
81	8	145	73.947449
82	8	126	76.321152
83	8	145	77.621559
84	8	126	77.578194
85	8	145	74.450554
86	8	126	67.949615
87	8	145	63.646843
88	8	88	61.749107
89	8	172	61.156418
90	8	158	61.971935
91	8	158	63.936386
92	8	158	66.768051
93	8	159	67.898117
94	8	145	65.372406
95	8	172	62.715881
96	8	154	61.300537
97	8	28	59.534588
98	8	28	57.188038
99	8	28	53.78001
100	8	29	48.991547
101	8	29	43.839153
102	8	28	39.291332
103	8	28	33.622219
104	8	40	27.345572
105	8	8	20.785379
106	8	52	14.077384
107	8	40	9.069793
108	8	8	8
109	8	8	8
110	8	8	140
111	8	8	140
112	8	8	8
113	8	52	8
114	8	29	8
115	8	28	8
116	8	40	8
117	8	9	8
118	8	6	8
119	8	39	8
120	8	10	8
121	8	35	8
122	8	64	8
123	8	65	8
124	8	173	8
125	8	174	8
126	8	98	8
127	8	55	8
128	8	175	8
0	9	176	8
1	9	18	8
2	9	5	8
3	9	50	8
4	9	97	8
5	9	6	8
6	9	6	13.049125
7	9	6	23.24424
8	9	39	36.325443
9	9	31	50.084805
10	9	32	62.033226
11	9	28	71.163063
12	9	40	76.341377
13	9	8	73.801407
14	9	100	68.821587
15	9	32	65.084312
16	9	29	63.508537
17	9	69	65.115417
18	9	125	67.649132
19	9	104	71.238174
20	9	39	81.510506
21	9	28	91.553543
22	9	40	100.802734
23	9	9	108.083
24	9	6	112.671379
25	9	6	112.797867
26	9	105	111.566551
27	9	103	111.408302
28	9	104	111.427002
29	9	105	108.013863
30	9	104	103.635834
31	9	6	99.731018
32	9	6	98.039078
33	9	6	98.104912
34	9	6	99.760986
35	9	6	105.199783
36	9	6	113.154327
37	9	105	119.50592
38	9	104	123.278992
39	9	105	122.240929
40	9	127	116.392036
41	9	84	108.358597
42	9	138	99.831245
43	9	89	90.826942
44	9	77	82.968056
45	9	87	75.160629
46	9	85	71.212021
47	9	127	69.480377
48	9	126	69.928413
49	9	89	72.067383
50	9	90	74.069389
51	9	177	73.027191
52	9	170	68.9048
53	9	35	68.863121
54	9	35	68.801544
55	9	35	69.684906
56	9	35	73.437805
57	9	35	80.910942
58	9	35	88.022293
59	9	35	97.430679
60	9	35	108.372307
61	9	35	115.298241
62	9	35	115.574974
63	9	35	109.87825
64	9	124	100.787056
65	9	29	95.201759
66	9	28	91.176399
67	9	29	87.355133
68	9	29	88.835899
69	9	29	95.926361
70	9	29	107.504959
71	9	160	116.379707
72	9	159	117.517487
73	9	145	116.155838
74	9	84	112.97242
75	9	88	107.087791
76	9	126	98.585472
77	9	145	91.648666
78	9	88	89.228218
79	9	88	90.985733
80	9	145	91.172676
81	9	145	90.289352
82	9	88	90.472054
83	9	138	90.797867
84	9	135	86.711525
85	9	137	80.568871
86	9	84	75.321564
87	9	138	71.641174
88	9	145	69.061073
89	9	138	67.696007
90	9	84	67.456123
91	9	84	67.973648
92	9	145	68.385216
93	9	88	66.56002
94	9	84	62.2831
95	9	139	58.250259
96	9	29	55.006538
97	9	28	53.017006
98	9	29	50.245975
99	9	28	45.894951
100	9	28	40.985355
101	9	28	37.433689
102	9	28	34.265499
103	9	29	29.627537
104	9	28	24.123713
105	9	29	18.120075
106	9	29	11.818521
107	9	29	8.218968
108	9	29	8
109	9	29	8
110	9	28	140
111	9	29	140
112	9	31	8
113	9	51	8
114	9	51	8
115	9	32	8
116	9	40	8
117	9	8	8
118	9	52	8
119	9	10	8
120	9	178	8
121	9	179	8
122	9	1	8
123	9	67	8
124	9	141	8
125	9	180	8
126	9	181	8
127	9	120	8
128	9	182	8
0	10	0	8
1	10	4	8
2	10	5	8
3	10	6	8
4	10	6	8
5	10	6	8
6	10	6	13.469417
7	10	50	30.033371
8	10	97	47.425915
9	10	39	62.894287
10	10	29	75.567284
11	10	29	84.681419
12	10	29	88.406364
13	10	40	82.714546
14	10	52	73.517502
15	10	30	65.471313
16	10	183	59.960468
17	10	184	58.22747
18	10	6	59.069538
19	10	50	60.445278
20	10	32	70.181969
21	10	28	79.897858
22	10	40	89.32518
23	10	8	97.110359
24	10	8	102.456078
25	10	9	105.349541
26	10	6	108.497276
27	10	6	112.963837
28	10	6	116.854408
29	10	6	117.197052
30	10	6	115.098312
31	10	6	111.207062
32	10	6	109.622482
33	10	6	110.408691
34	10	6	112.273155
35	10	77	113.591568
36	10	92	117.64727
37	10	73	122.363777
38	10	6	123.028419
39	10	105	118.909988
40	10	103	111.617714
41	10	103	102.838737
42	10	104	94.267097
43	10	90	87.676613
44	10	138	80.472534
45	10	106	73.094658
46	10	167	67.942017
47	10	103	67.301544
48	10	86	69.37896
49	10	87	72.891579
50	10	185	74.239777
51	10	35	72.939789
52	10	35	70.990135
53	10	35	70.660088
54	10	35	73.079224
55	10	35	73.43914
56	10	186	75.490395
57	10	75	81.258423
58	10	75	87.873039
59	10	75	96.306343
60	10	187	104.671951
61	10	35	109.599937
62	10	35	109.074982
63	10	124	104.088852
64	10	29	96.900406
65	10	29	92.465187
66	10	29	89.297943
67	10	29	87.642181
68	10	160	92.453842
69	10	158	100.805153
70	10	159	110.10759
71	10	126	116.713615
72	10	84	119.849846
73	10	88	121.658951
74	10	138	122.405525
75	10	88	116.882866
76	10	145	108.957947
77	10	88	102.453445
78	10	84	100.841408
79	10	135	102.823082
80	10	137	102.051582
81	10	138	99.782776
82	10	135	97.539391
83	10	156	92.168022
84	10	155	88.20417
85	10	137	81.645172
86	10	138	77.712311
87	10	138	75.268913
88	10	84	72.591805
89	10	145	70.576622
90	10	126	69.684097
91	10	126	68.713791
92	10	138	67.379593
93	10	145	63.608471
94	10	139	57.228531
95	10	29	51.675659
96	10	28	47.143143
97	10	28	43.654552
98	10	28	40.784206
99	10	29	36.164448
100	10	28	32.375542
101	10	29	30.836784
102	10	29	28.40007
103	10	29	24.596313
104	10	29	20.126007
105	10	28	14.880348
106	10	29	9.524708
107	10	28	8
108	10	28	8
109	10	29	8
110	10	29	140
111	10	40	140
112	10	8	140
113	10	8	140
114	10	52	140
115	10	29	140
116	10	29	140
117	10	29	140
118	10	57	140
119	10	188	140
120	10	189	140
121	10	67	140
122	10	35	140
123	10	35	140
124	10	190	140
125	10	191	140
126	10	35	8
127	10	41	8
128	10	146	8
0	11	0	8
1	11	4	8
2	11	19	8
3	11	12	8
4	11	6	8
5	11	6	8.193063
6	11	13	20.327532
7	11	14	40.283791
8	11	122	59.053638
9	11	120	75.307999
10	11	192	88.168953
11	11	29	96.570557
12	11	28	98.49736
13	11	30	89.491539
14	11	47	77.187706
15	11	22	64.984566
16	11	4	54.751263
17	11	5	48.818771
18	11	111	46.978748
19	11	193	48.666428
20	11	32	58.804531
21	11	28	69.786102
22	11	31	79.502968
23	11	194	87.052544
24	11	195	93.747505
25	11	6	99.513649
26	11	6	105.182266
27	11	6	109.632919
28	11	6	113.361633
29	11	6	115.828423
30	11	6	116.134003
31	11	6	114.397118
32	11	6	112.637787
33	11	77	111.650246
34	11	87	111.642334
35	11	85	110.840309
36	11	104	110.645058
37	11	77	111.489799
38	11	73	110.788628
39	11	6	106.330376
40	11	77	98.382294
41	11	92	91.009193
42	11	167	84.983131
43	11	103	79.172859
44	11	103	73.975121
45	11	104	68.645638
46	11	6	63.602997
47	11	105	62.835312
48	11	127	66.919731
49	11	91	70.736565
50	11	75	72.01683
51	11	75	71.972473
52	11	187	73.256104
53	11	186	73.230194
54	11	187	75.016769
55	11	102	75.418762
56	11	138	74.575348
57	11	84	77.145813
58	11	177	84.970062
59	11	196	93.652145
60	11	187	100.037155
61	11	35	102.367805
62	11	124	100.211327
63	11	160	95.388626
64	11	158	89.372368
65	11	158	84.718048
66	11	158	81.890884
67	11	159	82.376564
68	11	88	88.755066
69	11	145	99.052223
70	11	145	108.569695
71	11	88	112.012115
72	11	126	115.769814
73	11	135	118.15657
74	11	136	120.379585
75	11	136	117.236443
76	11	136	111.909805
77	11	136	107.429443
78	11	197	108.162117
79	11	198	109.491676
80	11	136	106.936783
81	11	156	101.897858
82	11	28	97.048805
83	11	29	90.971825
84	11	155	85.035522
85	11	136	80.69104
86	11	136	75.843788
87	11	137	74.825516
88	11	135	72.588837
89	11	137	69.9935
90	11	88	68.996857
91	11	138	67.313873
92	11	88	64.653366
93	11	172	59.392792
94	11	154	51.433952
95	11	29	44.126747
96	11	28	37.753971
97	11	29	33.121746
98	11	29	29.637285
99	11	29	25.734055
100	11	29	24.572525
101	11	28	24.063627
102	11	28	23.127195
103	11	28	21.716537
104	11	29	19.097151
105	11	28	14.95324
106	11	29	12.737115
107	11	29	11.663133
108	11	29	9.808705
109	11	29	8.004366
110	11	29	140
111	11	28	140
112	11	28	140
113	11	29	140
114	11	28	140
115	11	28	140
116	11	29	140
117	11	39	140
118	11	29	140
119	11	199	140
120	11	66	140
121	11	35	140
122	11	63	140
123	11	61	140
124	11	62	140
125	11	35	140
126	11	11	8
127	11	14	8
128	11	200	8
0	12	0	8
1	12	34	8
2	12	11	8
3	12	12	8
4	12	6	8
5	12	10	13.071717
6	12	35	29.186348
7	12	35	48.291851
8	12	35	67.895782
9	12	201	84.790108
10	12	51	97.669365
11	12	194	104.936531
12	12	47	104.569839
13	12	21	94.672409
14	12	21	79.363014
15	12	21	63.393242
16	12	4	48.510818
17	12	20	37.781452
18	12	116	33.325462
19	12	39	38.586166
20	12	31	49.356789
21	12	202	58.998623
22	12	203	67.514229
23	12	204	74.567253
24	12	9	82.864807
25	12	7	92.506462
26	12	8	101.18824
27	12	9	105.520439
28	12	6	107.806564
29	12	6	110.63752
30	12	6	112.429169
31	12	6	111.530907
32	12	205	108.836555
33	12	136	106.265694
34	12	206	103.198906
35	12	9	100.194778
36	12	105	96.351616
37	12	86	95.035057
38	12	73	93.516144
39	12	105	88.588966
40	12	103	81.416412
41	12	86	75.945648
42	12	92	72.12014
43	12	73	67.851868
44	12	6	64.468826
45	12	6	61.644016
46	12	6	59.596939
47	12	90	58.554661
48	12	126	61.956749
49	12	84	65.474823
50	12	177	68.778847
51	12	170	71.363098
52	12	102	73.786552
53	12	185	74.182327
54	12	207	74.54538
55	12	152	74.836716
56	12	152	72.566772
57	12	170	72.425331
58	12	102	79.305359
59	12	91	86.441566
60	12	75	89.948021
61	12	208	90.374466
62	12	209	87.870995
63	12	138	83.336548
64	12	84	78.2873
65	12	138	73.402603
66	12	138	71.616028
67	12	84	72.725189
68	12	126	79.479637
69	12	138	88.865204
70	12	145	95.775703
71	12	135	99.919868
72	12	156	104.16703
73	12	31	107.885147
74	12	70	111.905556
75	12	158	111.342308
76	12	158	108.988434
77	12	159	108.220001
78	12	139	111.731972
79	12	29	111.811531
80	12	160	106.766388
81	12	154	99.279335
82	12	160	92.957672
83	12	154	85.917702
84	12	160	78.203171
85	12	154	75.096718
86	12	155	70.823242
87	12	156	70.450951
88	12	209	69.341187
89	12	84	68.13205
90	12	126	66.257942
91	12	126	63.834148
92	12	145	59.918598
93	12	172	53.40638
94	12	154	44.782818
95	12	28	35.994633
96	12	29	28.138365
97	12	29	21.648853
98	12	28	17.333458
99	12	29	16.767879
100	12	29	17.639856
101	12	29	19.091892
102	12	29	20.633684
103	12	160	20.504244
104	12	158	18.680716
105	12	154	18.190218
106	12	160	17.934526
107	12	210	16.654415
108	12	70	14.484292
109	12	158	11.602847
110	12	158	8.250089
111	12	158	8
112	12	210	8
113	12	32	8
114	12	29	8
115	12	28	8
116	12	39	8
117	12	28	8
118	12	46	8
119	12	211	8
120	12	61	8
121	12	212	8
122	12	14	8
123	12	42	8
124	12	35	8
125	12	35	8
126	12	35	8
127	12	11	8
128	12	15	8
0	13	67	8
1	13	63	8
2	13	114	8
3	13	13	8
4	13	42	9.41269
5	13	63	20.528904
6	13	61	36.447666
7	13	213	54.707985
8	13	214	73.581619
9	13	5	91.358826
10	13	33	104.643112
11	13	21	110.977188
12	13	21	108.15815
13	13	22	96.951988
14	13	21	80.409447
15	13	21	61.00388
16	13	21	42.43256
17	13	116	27.212408
18	13	39	22.373777
19	13	40	29.513762
20	13	52	39.68779
21	13	59	47.588818
22	13	215	54.207058
23	13	40	61.305367
24	13	52	72.00135
25	13	29	84.918365
26	13	49	94.05056
27	13	7	98.716141
28	13	9	101.659813
29	13	6	104.425652
30	13	6	106.281479
31	13	39	104.660324
32	13	31	101.000694
33	13	51	96.230476
34	13	97	90.852989
35	13	6	85.530357
36	13	105	79.455414
37	13	104	75.790543
38	13	6	73.284843
39	13	111	68.383636
40	13	216	62.366459
41	13	103	59.28561
42	13	104	56.740894
43	13	7	54.786819
44	13	8	53.662819
45	13	217	53.552048
46	13	87	55.047421
47	13	138	57.50211
48	13	177	58.235729
49	13	170	61.157581
50	13	35	64.737556
51	13	102	67.383171
52	13	91	70.896217
53	13	75	71.988937
54	13	218	71.156113
55	13	55	70.103912
56	13	55	69.928947
57	13	219	71.00061
58	13	136	70.54715
59	13	136	69.94471
60	13	197	73.037277
61	13	159	73.639236
62	13	145	72.225105
63	13	88	68.306992
64	13	145	64.803665
65	13	145	62.204159
66	13	138	61.094948
67	13	126	62.878429
68	13	85	68.596313
69	13	103	75.148537
70	13	220	78.927986
71	13	51	82.75972
72	13	97	87.087509
73	13	105	92.473656
74	13	127	97.969086
75	13	138	99.709335
76	13	145	100.711166
77	13	139	107.504883
78	13	160	110.277664
79	13	198	109.979393
80	13	197	101.512527
81	13	198	92.57457
82	13	156	85.177628
83	13	155	76.882278
84	13	156	69.08712
85	13	29	67.211449
86	13	29	64.418419
87	13	155	64.698151
88	13	137	64.531731
89	13	88	65.323929
90	13	138	65.276711
91	13	145	61.337311
92	13	126	53.528831
93	13	172	45.864513
94	13	154	37.073368
95	13	29	28.167097
96	13	28	18.969505
97	13	28	11.375808
98	13	28	9.673656
99	13	29	10.503631
100	13	29	12.53559
101	13	28	16.04635
102	13	155	18.441103
103	13	136	20.285341
104	13	156	22.433523
105	13	221	23.4277
106	13	86	23.104879
107	13	87	21.526413
108	13	145	18.930857
109	13	85	15.595533
110	13	103	11.748244
111	13	143	8
112	13	52	8
113	13	29	8
114	13	28	8
115	13	39	8
116	13	28	8
117	13	222	8
118	13	147	8
119	13	6	8
120	13	10	8
121	13	35	8
122	13	35	8
123	13	35	8
124	13	35	8
125	13	35	8
126	13	35	8
127	13	35	8
128	13	35	8
0	14	41	8
1	14	6	8
2	14	10	8.324442
3	14	63	9.157629
4	14	114	14.239259
5	14	6	27.575602
6	14	33	43.229687
7	14	21	60.668777
8	14	116	78.587585
9	14	33	95.378868
10	14	22	109.097229
11	14	22	115.648842
12	14	22	109.90078
13	14	22	95.827065
14	14	223	78.216393
15	14	82	58.276436
16	14	204	37.82172
17	14	52	22.151968
18	14	28	16.544027
19	14	30	21.59321
20	14	96	29.56839
21	14	45	38.031746
22	14	29	44.802345
23	14	28	52.469597
24	14	29	62.762047
25	14	224	74.724228
26	14	225	83.68985
27	14	40	89.628777
28	14	9	93.166023
29	14	6	96.870872
30	14	39	98.30278
31	14	224	96.185966
32	14	73	90.054276
33	14	6	83.067093
34	14	6	75.970688
35	14	6	68.595573
36	14	6	61.558823
37	14	6	55.389961
38	14	146	51.174061
39	14	147	47.39761
40	14	111	42.869362
41	14	226	41.113739
42	14	52	40.601807
43	14	30	41.119316
44	14	227	42.541077
45	14	88	44.571659
46	14	135	48.976978
47	14	228	55.978542
48	14	187	58.940166
49	14	35	59.273495
50	14	102	59.342915
51	14	138	59.570911
52	14	88	61.591515
53	14	139	62.616512
54	14	29	63.014763
55	14	29	64.746735
56	14	28	65.581696
57	14	28	65.133545
58	14	28	63.349442
59	14	209	60.322426
60	14	145	58.04604
61	14	145	56.490368
62	14	84	56.636753
63	14	85	54.748661
64	14	103	53.453392
65	14	103	53.738743
66	14	103	53.807529
67	14	104	55.667252
68	14	6	57.708645
69	14	6	59.898701
70	14	6	60.538601
71	14	7	62.84684
72	14	8	66.673706
73	14	229	72.352768
74	14	88	78.880096
75	14	138	83.814018
76	14	230	90.370201
77	14	231	97.523865
78	14	172	100.386841
79	14	159	97.668159
80	14	139	90.575417
81	14	28	81.508217
82	14	29	72.785957
83	14	28	64.345848
84	14	28	57.885185
85	14	28	57.458958
86	14	29	56.721935
87	14	155	58.881683
88	14	137	62.591801
89	14	145	65.41256
90	14	126	66.554779
91	14	145	63.022327
92	14	126	54.227417
93	14	172	42.607811
94	14	158	32.99231
95	14	154	24.072113
96	14	28	15.992557
97	14	28	10.095397
98	14	28	8
99	14	160	8.454369
100	14	158	12.405254
101	14	210	16.88512
102	14	70	21.036535
103	14	210	24.645344
104	14	232	27.349859
105	14	87	28.65723
106	14	145	28.220613
107	14	145	26.180515
108	14	89	23.353977
109	14	77	19.929844
110	14	225	15.743065
111	14	28	10.763797
112	14	29	8
113	14	29	8
114	14	39	8
115	14	119	8
116	14	121	8
117	14	14	8
118	14	14	8
119	14	42	8
120	14	63	8
121	14	62	8
122	14	35	8
123	14	35	8
124	14	35	8
125	14	35	8
126	14	35	8
127	14	35	8
128	14	41	8
0	15	6	8
1	15	115	8.610568
2	15	149	9.974955
3	15	18	12.208041
4	15	18	19.823214
5	15	20	34.043301
6	15	223	49.607437
7	15	147	65.832634
8	15	146	82.342125
9	15	82	98.071129
10	15	0	111.287407
11	15	21	115.310104
12	15	21	105.375168
13	15	116	90.096436
14	15	6	72.486374
15	15	39	53.693527
16	15	28	34.663296
17	15	28	21.046225
18	15	222	18.183372
19	15	233	23.851477
20	15	51	30.224108
21	15	51	36.129883
22	15	32	42.394588
23	15	29	48.090942
24	15	155	54.09436
25	15	156	63.130615
26	15	29	71.479607
27	15	49	77.452927
28	15	77	81.306702
29	15	225	83.068176
30	15	209	84.352112
31	15	106	82.419807
32	15	73	75.558144
33	15	6	67.787804
34	15	6	59.979626
35	15	6	51.925056
36	15	6	42.895416
37	15	111	35.561581
38	15	18	30.134771
39	15	20	26.73209
40	15	25	23.279366
41	15	27	23.132879
42	15	46	25.719677
43	15	234	29.203545
44	15	235	33.640739
45	15	236	38.401112
46	15	237	43.782524
47	15	170	49.262634
48	15	238	53.191315
49	15	219	54.717007
50	15	136	54.969013
51	15	136	54.304295
52	15	156	54.277355
53	15	29	54.139618
54	15	28	54.451389
55	15	29	56.248859
56	15	29	57.117733
57	15	28	55.978436
58	15	155	53.646523
59	15	137	51.503212
60	15	138	50.431599
61	15	88	49.967884
62	15	89	49.579765
63	15	77	48.138309
64	15	92	46.046196
65	15	73	47.473194
66	15	6	48.633377
67	15	7	48.803841
68	15	9	47.8647
69	15	6	46.107216
70	15	39	43.903996
71	15	28	43.19334
72	15	221	45.995327
73	15	127	50.531582
74	15	126	59.41238
75	15	89	67.483322
76	15	90	74.692955
77	15	126	80.635674
78	15	145	81.578651
79	15	172	79.500977
80	15	154	75.578011
81	15	28	67.293282
82	15	29	57.410763
83	15	28	49.334484
84	15	29	44.546448
85	15	29	46.263504
86	15	29	48.733265
87	15	155	57.720024
88	15	136	66.821579
89	15	137	72.939278
90	15	88	75.195488
91	15	84	72.644577
92	15	84	65.217911
93	15	84	53.317905
94	15	172	38.836143
95	15	154	30.043619
96	15	28	22.110641
97	15	28	14.689041
98	15	209	9.405825
99	15	84	9.590535
100	15	106	14.573462
101	15	167	19.445681
102	15	104	24.125959
103	15	90	28.439919
104	15	138	31.979839
105	15	88	33.867729
106	15	138	33.796101
107	15	106	32.639851
108	15	87	30.782499
109	15	139	28.230501
110	15	29	24.283243
111	15	29	19.002121
112	15	28	13.243337
113	15	39	10.701914
114	15	98	8
115	15	58	8
116	15	35	8
117	15	35	8
118	15	35	8
119	15	11	8
120	15	42	8
121	15	63	8
122	15	61	8
123	15	62	8
124	15	35	8
125	15	35	8
126	15	35	8
127	15	41	8
128	15	6	8
0	16	6	8.365153
1	16	146	10.276463
2	16	239	13.055995
3	16	2	16.932343
4	16	2	25.922318
5	16	240	40.027836
6	16	6	55.69479
7	16	6	70.093826
8	16	111	84.226051
9	16	20	97.779655
10	16	22	107.461617
11	16	22	105.151749
12	16	4	95.061333
13	16	5	81.021286
14	16	50	65.042908
15	16	32	47.719597
16	16	31	30.817492
17	16	97	19.32765
18	16	6	19.094843
19	16	6	25.684877
20	16	6	32.576138
21	16	50	39.362263
22	16	51	45.723618
23	16	32	50.575615
24	16	31	54.506542
25	16	32	58.616913
26	16	49	61.922009
27	16	90	65.431587
28	16	172	68.7304
29	16	159	69.308388
30	16	88	67.264305
31	16	89	63.097752
32	16	6	58.54958
33	16	6	52.010403
34	16	6	44.453232
35	16	6	35.683758
36	16	146	25.788261
37	16	0	18.055151
38	16	21	13.825411
39	16	21	11.52884
40	16	68	8.983655
41	16	46	11.777403
42	16	23	17.729403
43	16	241	23.26158
44	16	242	28.79286
45	16	142	33.521919
46	16	61	37.226925
47	16	243	40.943005
48	16	51	44.358833
49	16	32	46.742321
50	16	29	47.305359
51	16	28	46.356976
52	16	28	44.417225
53	16	28	43.392128
54	16	29	43.923435
55	16	29	45.509544
56	16	28	46.050541
57	16	160	44.796234
58	16	159	42.15992
59	16	88	40.591476
60	16	138	40.91581
61	16	106	41.834476
62	16	87	41.922829
63	16	126	40.61417
64	16	89	38.434242
65	16	6	37.346348
66	16	39	39.242126
67	16	40	39.802357
68	16	9	38.51918
69	16	50	35.611565
70	16	70	31.087486
71	16	244	27.160181
72	16	90	29.26775
73	16	88	32.411625
74	16	106	41.329731
75	16	167	49.648331
76	16	127	57.513931
77	16	126	63.025082
78	16	84	66.233231
79	16	139	65.410133
80	16	29	60.733124
81	16	28	52.822094
82	16	29	43.294563
83	16	28	35.581612
84	16	28	33.470058
85	16	29	39.973866
86	16	29	50.18969
87	16	28	63.312721
88	16	155	73.879402
89	16	136	81.955734
90	16	137	86.240341
91	16	84	85.887016
92	16	126	79.664612
93	16	138	68.89502
94	16	172	54.245991
95	16	158	38.451267
96	16	158	30.203079
97	16	159	22.641787
98	16	84	15.55271
99	16	138	11.658132
100	16	89	15.913897
101	16	6	21.067677
102	16	105	26.166723
103	16	103	31.147793
104	16	127	35.799561
105	16	84	39.930466
106	16	145	41.395443
107	16	84	41.021591
108	16	139	39.610092
109	16	29	36.876335
110	16	28	32.736668
111	16	28	27.135477
112	16	39	20.342628
113	16	30	16.870966
114	16	245	12.967618
115	16	61	8.768987
116	16	62	8
117	16	35	8
118	16	35	8
119	16	63	8
120	16	114	8
121	16	13	8
122	16	42	8
123	16	35	8
124	16	63	8
125	16	61	8
126	16	114	8
127	16	111	8
128	16	18	8
0	17	18	9.467617
1	17	112	13.001608
2	17	35	17.664272
3	17	63	23.55946
4	17	114	33.227009
5	17	6	46.691051
6	17	13	61.675407
7	17	15	75.068695
8	17	2	86.430626
9	17	2	95.728889
10	17	2	98.696434
11	17	2	93.628105
12	17	240	83.57399
13	17	6	71.063789
14	17	50	56.26955
15	17	97	40.435947
16	17	6	25.595045
17	17	6	16.673445
18	17	111	18.945852
19	17	5	25.924408
20	17	6	32.888165
21	17	6	39.812386
22	17	39	46.533974
23	17	49	51.112686
24	17	50	53.472893
25	17	202	55.420082
26	17	229	57.644539
27	17	138	59.139061
28	17	84	59.470554
29	17	145	57.855202
30	17	89	54.907593
31	17	6	51.185871
32	17	6	46.577347
33	17	6	39.645195
34	17	6	31.528929
35	17	6	22.994024
36	17	146	14.774927
37	17	0	9.523608
38	17	21	8
39	17	68	8
40	17	48	8
41	17	45	8.404055
42	17	49	13.615761
43	17	39	19.033312
44	17	165	23.84623
45	17	12	27.758484
46	17	13	30.371342
47	17	14	32.323418
48	17	174	34.609238
49	17	31	36.782772
50	17	51	37.522141
51	17	51	36.514832
52	17	70	34.263645
53	17	154	32.88765
54	17	28	33.376472
55	17	29	34.256474
56	17	209	34.014423
57	17	88	32.285946
58	17	126	29.306065
59	17	145	28.518307
60	17	138	30.241365
61	17	138	32.043533
62	17	145	32.244522
63	17	89	30.995453
64	17	6	31.029305
65	17	50	31.975117
66	17	32	30.80838
67	17	49	28.69504
68	17	77	27.729765
69	17	167	25.019257
70	17	104	20.682001
71	17	90	15.925714
72	17	135	16.1194
73	17	137	19.696095
74	17	106	26.421137
75	17	87	35.985039
76	17	138	44.36055
77	17	138	50.330799
78	17	172	53.18166
79	17	154	52.537319
80	17	29	48.493843
81	17	28	41.562519
82	17	29	34.227581
83	17	29	29.225794
84	17	29	30.466377
85	17	28	38.497437
86	17	160	52.938442
87	17	154	67.579803
88	17	29	81.201462
89	17	155	91.880592
90	17	137	98.073761
91	17	126	97.894547
92	17	145	92.677963
93	17	84	82.672104
94	17	88	68.585129
95	17	126	51.374001
96	17	126	37.729965
97	17	145	30.268473
98	17	126	22.674582
99	17	106	17.357117
100	17	92	16.307283
101	17	73	21.548853
102	17	77	26.785093
103	17	246	32.008644
104	17	136	37.756233
105	17	137	45.35984
106	17	145	48.09935
107	17	172	47.824162
108	17	154	46.61277
109	17	28	44.167656
110	17	28	40.134457
111	17	39	34.3344
112	17	46	27.046749
113	17	116	22.71483
114	17	6	18.210495
115	17	115	13.034704
116	17	62	8.638635
117	17	35	8
118	17	41	8
119	17	6	8
120	17	115	8
121	17	61	8
122	17	62	8
123	17	11	8
124	17	247	8
125	17	248	8
126	17	146	8
127	17	239	8
128	17	2	8
0	18	67	11.228065
1	18	35	16.838333
2	18	41	24.116138
3	18	6	31.719921
4	18	6	41.017582
5	18	10	53.059261
6	18	35	67.216225
7	18	63	80.529068
8	18	61	89.798538
9	18	213	94.337547
10	18	65	92.117561
11	18	214	84.389549
12	18	18	73.326218
13	18	18	61.438686
14	18	5	47.708988
15	18	6	33.317142
16	18	6	19.470076
17	18	146	12.692503
18	18	147	17.816908
19	18	6	24.533409
20	18	6	31.080755
21	18	50	37.258301
22	18	232	42.481449
23	18	92	45.357727
24	18	249	45.820034
25	18	159	46.944775
26	18	138	49.266033
27	18	84	50.25914
28	18	126	49.716278
29	18	106	47.200294
30	18	73	44.223892
31	18	6	41.215706
32	18	6	37.644314
33	18	6	31.981159
34	18	6	24.852478
35	18	6	17.022762
36	18	146	11.117474
37	18	0	8.189095
38	18	68	8
39	18	29	8
40	18	31	8
41	18	97	8
42	18	50	9.215508
43	18	250	14.068667
44	18	11	18.253765
45	18	42	21.533564
46	18	35	23.635553
47	18	201	24.316813
48	18	97	25.00526
49	18	6	25.742569
50	18	6	26.436884
51	18	90	25.890448
52	18	172	24.736469
53	18	158	23.622589
54	18	158	23.686577
55	18	159	23.585516
56	18	84	22.535187
57	18	84	20.060102
58	18	126	17.494183
59	18	126	16.764017
60	18	126	19.306005
61	18	138	21.075188
62	18	89	21.600975
63	18	6	24.15457
64	18	6	26.185181
65	18	50	26.848549
66	18	97	25.972185
67	18	90	23.714767
68	18	89	20.456446
69	18	6	16.556572
70	18	90	12.493464
71	18	139	9.552227
72	18	209	8.209214
73	18	85	13.109096
74	18	103	17.624725
75	18	127	25.281597
76	18	88	32.432899
77	18	135	37.398483
78	18	197	39.735722
79	18	158	39.21056
80	18	154	35.877789
81	18	28	30.057257
82	18	29	25.002972
83	18	29	24.135632
84	18	28	28.908537
85	18	155	38.765587
86	18	156	53.17609
87	18	160	69.85598
88	18	154	87.921783
89	18	155	101.388237
90	18	136	107.828819
91	18	137	108.265381
92	18	138	103.62748
93	18	88	94.992889
94	18	145	81.191681
95	18	145	63.538189
96	18	84	47.243443
97	18	126	37.248989
98	18	126	28.63773
99	18	135	22.00688
100	18	206	17.599966
101	18	251	20.821602
102	18	156	25.84436
103	18	28	30.689556
104	18	155	37.034
105	18	136	44.447655
106	18	136	49.575703
107	18	156	51.26952
108	18	29	51.367023
109	18	29	49.916084
110	18	39	46.400833
111	18	222	40.506023
112	18	147	32.897762
113	18	6	28.192871
114	18	6	23.276955
115	18	148	17.512054
116	18	66	11.551384
117	18	252	9.610905
118	18	18	9.930751
119	18	18	9.861788
120	18	5	9.249843
121	18	115	8.682406
122	18	62	8
123	18	253	8
124	18	254	8
125	18	6	8
126	18	10	8
127	18	35	8
128	18	35	8
0	19	63	13.520356
1	19	114	21.903593
2	19	6	30.622549
3	19	13	38.821079
4	19	255	48.049377
5	19	61	59.959827
6	19	114	73.938728
7	19	6	85.129608
8	19	33	92.49556
9	19	22	94.386795
10	19	223	90.029434
11	19	82	79.135841
12	19	82	65.6315
13	19	147	53.426956
14	19	6	40.294067
15	19	6	25.918959
16	19	6	11.840144
17	19	13	10.403661
18	19	12	15.481372
19	19	6	21.725399
20	19	6	27.598791
21	19	90	32.807945
22	19	138	36.80809
23	19	177	38.819099
24	19	256	38.266216
25	19	85	37.066902
26	19	127	37.947582
27	19	126	38.849991
28	19	84	37.945728
29	19	106	35.327446
30	19	92	32.888882
31	19	73	31.050728
32	19	6	28.148371
33	19	6	23.41601
34	19	6	17.254158
35	19	6	11.927425
36	19	146	8.617094
37	19	233	8
38	19	51	8
39	19	97	8
40	19	13	8
41	19	14	8
42	19	42	8
43	19	63	8.819704
44	19	61	12.255871
45	19	61	15.054215
46	19	114	16.801971
47	19	6	17.351019
48	19	13	16.641426
49	19	166	15.665977
50	19	87	15.5367
51	19	138	15.832055
52	19	84	16.09169
53	19	88	16.375217
54	19	126	15.936721
55	19	145	14.473
56	19	88	12.401727
57	19	84	10.710354
58	19	88	9.574826
59	19	145	9.182061
60	19	88	10.287503
61	19	89	13.751873
62	19	77	16.992537
63	19	73	19.536858
64	19	77	21.160368
65	19	73	21.665094
66	19	90	20.967541
67	19	89	19.152538
68	19	6	16.430645
69	19	90	13.039421
70	19	139	10.212922
71	19	155	8.400057
72	19	206	8
73	19	8	8.426557
74	19	251	11.816114
75	19	136	15.003709
76	19	156	19.905132
77	19	209	24.129816
78	19	126	26.096142
79	19	172	25.654577
80	19	158	22.838837
81	19	154	18.571562
82	19	29	16.217808
83	19	29	19.428299
84	19	28	28.425224
85	19	160	41.744251
86	19	198	55.249119
87	19	156	69.656296
88	19	29	90.395363
89	19	28	107.975876
90	19	155	114.950844
91	19	137	115.446297
92	19	84	111.878723
93	19	138	105.310921
94	19	88	92.505127
95	19	145	73.947601
96	19	145	56.231625
97	19	145	42.59164
98	19	139	33.020939
99	19	29	24.397249
100	19	29	19.243439
101	19	29	18.993191
102	19	28	23.56284
103	19	29	28.005049
104	19	28	34.456669
105	19	29	42.173485
106	19	29	48.187172
107	19	28	51.856518
108	19	29	53.826836
109	19	39	54.068512
110	19	40	51.556629
111	19	9	46.213268
112	19	6	40.37376
113	19	6	37.127571
114	19	257	35.17551
115	19	67	33.2962
116	19	132	28.629288
117	19	82	23.012079
118	19	82	19.044237
119	19	147	15.721979
120	19	13	13.228147
121	19	255	11.316781
122	19	114	9.544197
123	19	6	8.485143
124	19	6	8
125	19	10	8
126	19	35	8
127	19	63	8
128	19	114	8
0	20	6	16.340857
1	20	13	26.099115
2	20	42	35.554604
3	20	41	44.503242
4	20	6	53.803688
5	20	13	68.757774
6	20	14	81.544678
7	20	15	89.160927
8	20	81	93.34198
9	20	147	93.380272
10	20	6	87.699371
11	20	6	76.050865
12	20	13	59.458309
13	20	14	45.741501
14	20	14	32.258724
15	20	14	17.623375
16	20	255	9.216521
17	20	114	8.823179
18	20	6	12.365602
19	20	6	17.825653
20	20	90	22.992367
21	20	138	27.356613
22	20	258	30.516708
23	20	259	32.028175
24	20	89	31.612902
25	20	90	29.346397
26	20	85	26.442764
27	20	127	25.696541
28	20	84	24.712118
29	20	138	22.846369
30	20	106	21.681412
31	20	73	20.775486
32	20	6	18.339531
33	20	111	14.508061
34	20	18	10.902081
35	20	5	8.503879
36	20	6	8
37	20	6	8
38	20	6	8
39	20	115	8
40	20	61	8
41	20	62	8
42	20	41	8
43	20	6	8
44	20	6	8.052763
45	20	13	9.282161
46	20	14	10.550661
47	20	42	11.085245
48	20	102	10.788382
49	20	138	10.017079
50	20	85	8.914006
51	20	127	8.466143
52	20	88	8.982059
53	20	84	9.426775
54	20	126	9.051977
55	20	145	8.371681
56	20	84	8
57	20	145	8
58	20	145	8
59	20	138	8
60	20	106	8
61	20	87	9.718745
62	20	89	12.546782
63	20	90	14.70808
64	20	106	16.051281
65	20	87	16.456747
66	20	106	15.878888
67	20	73	14.367602
68	20	90	12.049572
69	20	139	10.057112
70	20	29	8.550504
71	20	29	8
72	20	31	8
73	20	32	8
74	20	29	8
75	20	28	9.174383
76	20	155	10.59893
77	20	136	11.906713
78	20	137	13.066823
79	20	145	12.930772
80	20	172	11.752017
81	20	158	9.93622
82	20	158	10.386233
83	20	158	16.329992
84	20	159	28.276751
85	20	139	41.903416
86	20	28	55.276047
87	20	28	69.608086
88	20	29	89.598351
89	20	29	107.973656
90	20	155	117.868622
91	20	136	118.259911
92	20	137	115.383583
93	20	135	111.038094
94	20	136	100.456573
95	20	137	80.729225
96	20	135	61.472595
97	20	156	45.973892
98	20	28	35.379192
99	20	29	25.055405
100	20	28	18.561443
101	20	29	16.280346
102	20	29	20.32279
103	20	28	24.349457
104	20	29	30.803537
105	20	31	38.656368
106	20	51	45.188118
107	20	32	50.113506
108	20	39	53.767059
109	20	28	56.255859
110	20	49	56.869732
111	20	6	53.06403
112	20	13	51.61301
113	20	42	53.518932
114	20	35	54.802143
115	20	11	53.516197
116	20	17	48.853592
117	20	5	42.153675
118	20	260	35.86768
119	20	261	28.193516
120	20	11	20.942541
121	20	14	15.502946
122	20	14	12.32885
123	20	17	9.907983
124	20	112	8.46638
125	20	35	8
126	20	41	8
127	20	6	8
128	20	6	8
0	21	115	18.423901
1	21	61	28.536928
2	21	114	38.469421
3	21	6	48.069241
4	21	10	60.570461
5	21	35	76.722244
6	21	35	87.766037
7	21	11	91.848907
8	21	14	92.787361
9	21	12	90.486351
10	21	13	83.419533
11	21	42	70.959427
12	21	35	53.152512
13	21	35	37.838306
14	21	63	24.429464
15	21	212	14.999863
16	21	14	10.480866
17	21	12	8.084571
18	21	6	9.519933
19	21	105	13.136744
20	21	127	17.667944
21	21	89	21.364075
22	21	105	23.945076
23	21	104	25.145458
24	21	90	24.815374
25	21	106	22.995392
26	21	87	19.896242
27	21	145	15.802266
28	21	88	11.420224
29	21	138	10.644974
30	21	262	10.990942
31	21	18	10.76486
32	21	95	9.782223
33	21	82	8.642051
34	21	133	8
35	21	18	8
36	21	5	8
37	21	6	8
38	21	6	8
39	21	6	8
40	21	115	8
41	21	212	8
42	21	14	8
43	21	14	8
44	21	42	8
45	21	35	8
46	21	63	8
47	21	263	8
48	21	127	8.007105
49	21	89	8
50	21	90	8
51	21	88	8
52	21	138	8
53	21	84	8
54	21	84	8
55	21	85	8
56	21	127	8
57	21	85	8
58	21	127	8
59	21	138	8
60	21	85	8
61	21	86	8
62	21	87	8.021186
63	21	145	9.755549
64	21	138	10.897147
65	21	138	11.235282
66	21	89	10.742684
67	21	90	10.034369
68	21	230	8.950814
69	21	32	8.173198
70	21	29	8
71	21	49	8
72	21	39	8
73	21	28	8
74	21	28	8
75	21	28	8
76	21	28	8
77	21	209	8
78	21	126	8
79	21	126	8
80	21	84	8
81	21	126	8
82	21	84	8.537858
83	21	177	14.270912
84	21	264	25.989149
85	21	160	39.090607
86	21	154	51.700092
87	21	29	64.417557
88	21	29	83.425285
89	21	160	100.723343
90	21	154	112.627075
91	21	155	114.637726
92	21	156	112.049034
93	21	160	107.637474
94	21	198	99.090065
95	21	197	80.499535
96	21	154	61.606586
97	21	29	46.219578
98	21	28	35.389526
99	21	29	25.045336
100	21	29	15.592832
101	21	29	13.106154
102	21	29	16.457806
103	21	29	19.927204
104	21	49	26.032946
105	21	6	33.816299
106	21	39	40.513775
107	21	39	45.982849
108	21	28	50.40691
109	21	49	54.865341
110	21	13	58.9557
111	21	42	61.680054
112	21	35	65.287956
113	21	35	69.565781
114	21	35	72.422165
115	21	44	71.975975
116	21	116	67.628906
117	21	265	60.748913
118	21	266	53.668339
119	21	62	44.766476
120	21	35	32.928822
121	21	35	22.555826
122	21	43	15.93029
123	21	67	12.118046
124	21	35	9.463858
125	21	41	8
126	21	6	8
127	21	6	8
128	21	111	8
0	22	18	18.828123
1	22	19	29.01539
2	22	12	39.053944
3	22	10	48.98048
4	22	35	65.011963
5	22	35	80.763046
6	22	35	91.406693
7	22	35	93.598633
8	22	252	92.545296
9	22	112	88.64782
10	22	35	81.013397
11	22	64	66.914536
12	22	93	48.417309
13	22	114	34.472118
14	22	115	25.1576
15	22	62	17.484442
16	22	41	11.54735
17	22	6	8.33295
18	22	6	8
19	22	105	9.140895
20	22	104	11.882144
21	22	6	15.060006
22	22	6	17.228344
23	22	90	18.220089
24	22	85	17.947018
25	22	103	16.432989
26	22	127	13.804993
27	22	145	10.644318
28	22	85	8.547956
29	22	267	8
30	22	82	8
31	22	133	8
32	22	18	8
33	22	20	8
34	22	22	8
35	22	4	8
36	22	5	8
37	22	6	8
38	22	111	8
39	22	19	8
40	22	42	8
41	22	35	8
42	22	35	8
43	22	35	8
44	22	35	8
45	22	11	8
46	22	12	8
47	22	90	8
48	22	106	8
49	22	167	8
50	22	127	8
51	22	138	8
52	22	88	8
53	22	138	8
54	22	89	8
55	22	90	8
56	22	89	8
57	22	90	8
58	22	126	8
59	22	89	8
60	22	105	8
61	22	103	8
62	22	127	8
63	22	126	8
64	22	138	8
65	22	89	8
66	22	90	8.01238
67	22	89	8
68	22	268	8
69	22	269	8
70	22	121	8
71	22	122	8
72	22	120	8
73	22	192	8
74	22	28	8
75	22	160	8
76	22	270	8
77	22	152	8
78	22	256	8
79	22	85	8
80	22	271	8
81	22	256	8
82	22	258	8
83	22	243	10.951119
84	22	272	21.447933
85	22	156	33.711342
86	22	160	45.217133
87	22	158	55.508133
88	22	273	71.971245
89	22	274	87.198242
90	22	28	97.531387
91	22	28	101.429321
92	22	155	100.228935
93	22	197	95.466759
94	22	159	86.516914
95	22	172	72.275475
96	22	154	56.550949
97	22	28	43.071705
98	22	28	33.016811
99	22	28	23.079967
100	22	28	13.453063
101	22	28	9.246945
102	22	28	12.193663
103	22	49	14.964035
104	22	7	20.272438
105	22	100	27.634178
106	22	39	34.157356
107	22	31	39.53537
108	22	97	44.025425
109	22	10	49.0634
110	22	63	55.910812
111	22	61	66.294395
112	22	62	74.801384
113	22	35	82.256668
114	22	43	87.2575
115	22	240	88.641838
116	22	6	85.865196
117	22	13	79.675072
118	22	255	71.803825
119	22	62	61.493073
120	22	35	47.86956
121	22	35	32.800636
122	22	35	21.293667
123	22	64	14.40518
124	22	184	10.716789
125	22	6	8.60624
126	22	6	8
127	22	146	8
128	22	0	8
0	23	211	17.524881
1	23	149	27.488321
2	23	60	37.227516
3	23	213	48.463806
4	23	93	64.533218
5	23	213	80.125717
6	23	66	90.526825
7	23	44	92.38002
8	23	211	91.568916
9	23	61	88.291641
10	23	79	80.785339
11	23	147	65.489418
12	23	6	48.020084
13	23	6	35.959885
14	23	115	27.635229
15	23	275	19.177023
16	23	73	12.146531
17	23	6	8.321486
18	23	77	8
19	23	73	8
20	23	6	8.024001
21	23	6	8.895717
22	23	90	10.428313
23	23	106	11.271635
24	23	92	11.039113
25	23	87	9.8259
26	23	85	8.654505
27	23	104	8
28	23	111	8
29	23	5	8
30	23	33	8
31	23	21	8
32	23	21	8
33	23	22	8
34	23	21	8
35	23	4	8
36	23	18	8
37	23	95	8
38	23	276	8
39	23	35	8
40	23	63	8
41	23	61	8
42	23	61	8
43	23	213	8
44	23	66	8
45	23	41	8
46	23	105	8
47	23	127	8
48	23	106	8
49	23	87	8
50	23	145	8
51	23	138	8
52	23	145	8
53	23	106	8
54	23	277	8
55	23	278	8
56	23	277	8
57	23	152	8
58	23	279	8
59	23	12	8
60	23	6	8
61	23	280	8
62	23	152	8
63	23	152	8
64	23	281	8
65	23	105	8
66	23	282	8
67	23	283	8
68	23	284	8
69	23	61	8
70	23	213	8
71	23	66	8
72	23	285	8
73	23	26	8
74	23	227	8
75	23	185	8
76	23	35	8
77	23	125	8
78	23	104	8
79	23	10	8
80	23	102	8
81	23	89	8
82	23	77	8
83	23	286	8
84	23	287	14.997433
85	23	273	26.275917
86	23	103	36.578899
87	23	86	45.453247
88	23	249	56.943645
89	23	154	70.234406
90	23	29	79.291122
91	23	29	83.444489
92	23	209	82.934891
93	23	85	78.324234
94	23	103	70.632469
95	23	220	59.859306
96	23	32	47.89666
97	23	29	37.220802
98	23	28	28.552504
99	23	29	19.330746
100	23	28	11.516361
101	23	29	8
102	23	49	8.17689
103	23	39	9.839121
104	23	49	13.634583
105	23	39	20.218018
106	23	49	26.32778
107	23	6	31.24983
108	23	10	35.991211
109	23	11	42.682335
110	23	12	54.55127
111	23	115	67.698448
112	23	61	79.709877
113	23	62	90.835579
114	23	11	99.37867
115	23	14	103.984764
116	23	42	102.470001
117	23	11	97.888344
118	23	255	90.671501
119	23	62	79.189034
120	23	35	63.754063
121	23	35	46.008675
122	23	44	29.955452
123	23	4	19.200636
124	23	18	12.081885
125	23	5	9.043099
126	23	111	8
127	23	20	8
128	23	116	8
0	24	146	14.96816
1	24	147	24.083883
2	24	146	33.186642
3	24	147	44.587944
4	24	146	59.286087
5	24	276	73.375282
6	24	43	83.229469
7	24	16	87.48893
8	24	14	88.277832
9	24	12	85.977844
10	24	6	77.580452
11	24	6	62.735329
12	24	6	47.52689
13	24	6	36.736542
14	24	90	28.316435
15	24	89	19.776348
16	24	6	11.976734
17	24	90	8.050928
18	24	106	8
19	24	92	8
20	24	73	8
21	24	105	8
22	24	127	8
23	24	85	8
24	24	103	8
25	24	104	8
26	24	6	8
27	24	146	8
28	24	133	8
29	24	20	8
30	24	22	8
31	24	22	8
32	24	21	8
33	24	22	8
34	24	21	8
35	24	223	8
36	24	147	8
37	24	10	8
38	24	63	8
39	24	114	8
40	24	6	8
41	24	6	8
42	24	257	8
43	24	67	8
44	24	11	8
45	24	14	8
46	24	283	8
47	24	103	8
48	24	103	8
49	24	103	8
50	24	271	8
51	24	152	8
52	24	152	8
53	24	170	8
54	24	207	8
55	24	170	8
56	24	35	8
57	24	35	8
58	24	41	8
59	24	13	8
60	24	42	8
61	24	64	8
62	24	66	8
63	24	11	8
64	24	14	8
65	24	42	8
66	24	41	8
67	24	6	8
68	24	6	8
69	24	146	8
70	24	288	8
71	24	289	8
72	24	82	8
73	24	290	8
74	24	291	8
75	24	292	8
76	24	293	8
77	24	294	8
78	24	255	8
79	24	263	8
80	24	282	8
81	24	283	8
82	24	295	8
83	24	102	8
84	24	106	8.111171
85	24	73	17.273306
86	24	105	26.428196
87	24	127	34.062698
88	24	139	40.00111
89	24	29	51.241848
90	24	160	59.243858
91	24	159	63.11528
92	24	106	63.132988
93	24	92	60.024353
94	24	92	54.20496
95	24	225	46.237358
96	24	29	37.63969
97	24	29	30.036688
98	24	28	22.466194
99	24	29	14.807273
100	24	28	9.511235
101	24	49	8
102	24	39	8
103	24	40	8
104	24	39	8.595075
105	24	49	13.129722
106	24	6	18.878263
107	24	115	24.045027
108	24	62	29.8503
109	24	11	38.32872
110	24	14	51.664589
111	24	14	66.12632
112	24	42	80.521797
113	24	35	94.88382
114	24	35	108.140968
115	24	35	116.154297
116	24	35	118.665039
117	24	11	115.366783
118	24	42	108.191444
119	24	35	95.423843
120	24	35	77.422607
121	24	44	57.786804
122	24	1	39.475346
123	24	81	25.692715
124	24	296	16.561157
125	24	200	10.487684
126	24	82	8
127	24	147	8
128	24	6	8
0	25	6	12.155976
1	25	6	19.38628
2	25	6	27.345572
3	25	6	37.908115
4	25	115	50.685947
5	25	61	64.223602
6	25	61	74.544418
7	25	61	80.783142
8	25	114	83.146805
9	25	6	81.154884
10	25	6	71.224869
11	25	6	57.431744
12	25	6	44.136841
13	25	105	35.281128
14	25	86	27.175411
15	25	73	18.847713
16	25	90	10.952299
17	25	145	8
18	25	85	8
19	25	104	8
20	25	6	8
21	25	105	8
22	25	104	8
23	25	6	8
24	25	77	8
25	25	73	8
26	25	6	8
27	25	146	8
28	25	82	8
29	25	82	8
30	25	82	8
31	25	82	8
32	25	82	8
33	25	239	8
34	25	16	8
35	25	12	8
36	25	115	8
37	25	114	8
38	25	13	8
39	25	14	8
40	25	14	8
41	25	42	8
42	25	35	8
43	25	35	8
44	25	35	8
45	25	41	8
46	25	77	8
47	25	73	8
48	25	77	8
49	25	297	8
50	25	62	8
51	25	35	8
52	25	35	8
53	25	35	8
54	25	35	8
55	25	35	8
56	25	63	8
57	25	212	8
58	25	255	8
59	25	62	8
60	25	132	8
61	25	94	8
62	25	62	8
63	25	63	8
64	25	62	8
65	25	41	8
66	25	111	8
67	25	18	8
68	25	5	8
69	25	146	8
70	25	147	8
71	25	6	8
72	25	10	8
73	25	11	8
74	25	283	8
75	25	103	8
76	25	284	8
77	25	212	8
78	25	14	8
79	25	42	8
80	25	41	8
81	25	115	8
82	25	263	8
83	25	127	8
84	25	106	8
85	25	73	8.8626
86	25	105	15.628282
87	25	274	21.868547
88	25	28	26.557756
89	25	155	31.327648
90	25	136	38.387806
91	25	136	42.456997
92	25	136	43.664509
93	25	136	42.057076
94	25	156	38.183815
95	25	119	32.839069
96	25	192	27.181664
97	25	29	21.818815
98	25	29	15.91443
99	25	28	11.038413
100	25	40	8.155995
101	25	52	8
102	25	28	8
103	25	39	8
104	25	49	8
105	25	6	9.392481
106	25	6	14.202365
107	25	115	18.803902
108	25	61	24.023331
109	25	62	32.589226
110	25	35	46.242973
111	25	63	61.206879
112	25	61	76.571533
113	25	62	93.246315
114	25	63	109.377617
115	25	62	122.775444
116	25	63	129.250748
117	25	62	126.569176
118	25	35	117.963585
119	25	64	104.445099
120	25	298	86.894073
121	25	211	66.800476
122	25	212	47.154716
123	25	42	31.610048
124	25	41	21.120245
125	25	6	13.194664
126	25	6	9.18779
127	25	6	8
128	25	6	8
0	26	6	9.565133
1	26	6	14.798115
2	26	6	20.939587
3	26	6	29.726707
4	26	6	42.489731
5	26	6	55.781616
6	26	6	66.805618
7	26	6	73.759209
8	26	6	76.2789
9	26	6	73.83744
10	26	6	64.602913
11	26	6	52.197254
12	26	77	41.526413
13	26	87	34.484814
14	26	89	27.212593
15	26	90	18.705618
16	26	85	10.094105
17	26	282	8.198218
18	26	14	8
19	26	12	8
20	26	6	60
21	26	13	60
22	26	14	60
23	26	283	60
24	26	86	60
25	26	73	60
26	26	6	60
27	26	6	60
28	26	6	60
29	26	6	60
30	26	13	60
31	26	12	60
32	26	10	60
33	26	35	60
34	26	41	60
35	26	6	60
36	26	6	60
37	26	115	60
38	26	62	60
39	26	35	60
40	26	35	60
41	26	35	60
42	26	35	60
43	26	35	60
44	26	11	60
45	26	283	60
46	26	86	60
47	26	277	60
48	26	279	60
49	26	255	60
50	26	61	60
51	26	61	60
52	26	62	60
53	26	35	60
54	26	63	60
55	26	114	60
56	26	10	60
57	26	41	60
58	26	10	60
59	26	11	60
60	26	14	60
61	26	42	60
62	26	41	60
63	26	115	60
64	26	114	60
65	26	146	60
66	26	82	60
67	26	147	60
68	26	6	60
69	26	6	60
70	26	6	60
71	26	74	60
72	26	75	60
73	26	299	60
74	26	14	60
75	26	166	60
76	26	300	60
77	26	187	60
78	26	63	60
79	26	114	60
80	26	6	60
81	26	6	60
82	26	90	60
83	26	85	60
84	26	104	60
85	26	6	60
86	26	50	60.592804
87	26	70	64.302437
88	26	154	67.674767
89	26	28	69.773315
90	26	29	72.560989
91	26	28	75.930168
92	26	160	77.644295
93	26	158	77.405792
94	26	301	75.552635
95	26	141	72.673416
96	26	120	69.884018
97	26	192	66.435196
98	26	28	62.995338
99	26	28	60.454391
100	26	28	60
101	26	29	60
102	26	39	60
103	26	49	60
104	26	6	60
105	26	6	60
106	26	6	61.121979
107	26	6	65.066139
108	26	10	69.340584
109	26	35	25.240677
110	26	11	38.20137
111	26	14	52.765324
112	26	42	67.695236
113	26	11	84.119568
114	26	255	100.496605
115	26	114	116.061722
116	26	10	124.648529
117	26	64	125.337906
118	26	298	119.953438
119	26	1	109.066872
120	26	16	93.255775
121	26	42	73.899666
122	26	35	54.055775
123	26	11	37.841331
124	26	12	25.842615
125	26	6	16.150843
126	26	6	11.138702
127	26	6	8.607791
128	26	6	8
0	27	6	8.108764
1	27	6	10.877327
2	27	6	15.385492
3	27	6	24.218641
4	27	6	36.630627
5	27	6	49.707119
6	27	6	61.264378
7	27	6	68.716843
8	27	6	71.116692
9	27	6	68.268326
10	27	6	61.756622
11	27	105	53.988205
12	27	103	45.693665
13	27	104	37.498951
14	27	105	30.010567
15	27	86	21.710472
16	27	78	14.669947
17	27	35	11.493087
18	27	302	8.952168
19	27	92	8
20	27	78	60
21	27	35	60
22	27	41	60
23	27	280	60
24	27	278	60
25	27	294	60
26	27	12	60
27	27	13	60
28	27	14	60
29	27	42	60
30	27	11	60
31	27	42	60
32	27	63	60
33	27	114	60
34	27	6	60
35	27	6	60
36	27	6	60
37	27	10	60
38	27	35	60
39	27	35	60
40	27	35	60
41	27	35	60
42	27	35	60
43	27	186	60
44	27	299	60
45	27	303	60
46	27	170	60
47	27	35	60
48	27	41	60
49	27	6	60
50	27	6	60
51	27	115	60
52	27	61	60
53	27	212	60
54	27	12	60
55	27	115	60
56	27	114	60
57	27	115	60
58	27	61	60
59	27	61	60
60	27	61	60
61	27	114	60
62	27	6	60
63	27	6	60
64	27	6	60
65	27	6	60
66	27	6	60
67	27	6	60
68	27	13	60
69	27	14	60
70	27	83	60
71	27	177	60
72	27	196	60
73	27	75	60
74	27	304	60
75	27	305	60
76	27	295	60
77	27	11	60
78	27	14	60
79	27	14	60
80	27	12	60
81	27	105	60
82	27	104	60
83	27	6	60
84	27	6	60
85	27	7	60
86	27	229	60
87	27	172	60
88	27	158	61.086746
89	27	154	62.362293
90	27	29	62.918056
91	27	155	63.586559
92	27	136	64.624359
93	27	228	65.040298
94	27	187	65.007278
95	27	35	64.482101
96	27	141	63.269691
97	27	192	61.585979
98	27	29	60.228352
99	27	29	60
100	27	28	60
101	27	52	60
102	27	49	60
103	27	6	60
104	27	6	60
105	27	6	60
106	27	13	60
107	27	42	60
108	27	35	62.356457
109	27	35	16.410467
110	27	35	27.679161
111	27	35	41.075333
112	27	35	54.792664
113	27	41	70.659378
114	27	13	87.423958
115	27	42	102.129845
116	27	43	113.445457
117	27	3	118.190292
118	27	34	116.624138
119	27	35	109.108681
120	27	35	95.050308
121	27	35	77.047874
122	27	63	57.935043
123	27	114	42.682621
124	27	6	30.742432
125	27	6	20.052633
126	27	6	12.653651
127	27	6	9.386081
128	27	6	8
0	28	6	8
1	28	6	8.409858
2	28	6	12.337423
3	28	6	21.742958
4	28	6	34.313667
5	28	6	46.79974
6	28	6	57.46331
7	28	77	64.700844
8	28	92	67.109604
9	28	92	67.16153
10	28	92	64.794044
11	28	92	59.105885
12	28	73	50.988522
13	28	77	41.097824
14	28	167	31.780254
15	28	295	24.588539
16	28	35	21.018093
17	28	207	17.315519
18	28	152	12.783746
19	28	170	9.058088
20	28	35	60
21	28	11	60
22	28	42	60
23	28	207	60
24	28	170	60
25	28	11	60
26	28	42	60
27	28	35	60
28	28	35	60
29	28	35	60
30	28	186	60
31	28	299	60
32	28	12	60
33	28	13	60
34	28	166	60
35	28	294	60
36	28	42	60
37	28	35	60
38	28	186	60
39	28	306	60
40	28	292	60
41	28	306	60
42	28	307	60
43	28	170	60
44	28	35	60
45	28	35	60
46	28	35	60
47	28	41	60
48	28	13	60
49	28	14	60
50	28	14	60
51	28	14	60
52	28	255	60
53	28	114	60
54	28	6	60
55	28	6	60
56	28	13	60
57	28	12	60
58	28	6	60
59	28	6	60
60	28	6	60
61	28	6	60
62	28	13	60
63	28	14	60
64	28	14	60
65	28	14	60
66	28	12	60
67	28	115	60
68	28	61	60
69	28	263	60
70	28	295	60
71	28	207	60
72	28	256	60
73	28	258	60
74	28	114	60
75	28	10	60
76	28	63	60
77	28	61	60
78	28	62	60
79	28	41	60
80	28	6	60
81	28	13	60
82	28	12	60
83	28	6	60
84	28	39	60
85	28	221	60
86	28	103	60
87	28	103	60
88	28	308	60
89	28	154	60
90	28	29	60
91	28	28	60
92	28	209	60
93	28	309	60.248371
94	28	58	60.449627
95	28	35	60.387653
96	28	124	60.066559
97	28	29	60
98	28	28	60
99	28	28	60
100	28	28	60
101	28	49	60
102	28	7	60
103	28	9	60
104	28	6	60
105	28	10	60
106	28	64	60
107	28	93	60
108	28	61	60
109	28	61	10.266785
110	28	61	17.845795
111	28	61	29.49386
112	28	114	42.119282
113	28	115	57.234184
114	28	62	72.8134
115	28	64	87.492798
116	28	298	99.846954
117	28	80	106.513069
118	28	65	108.05687
119	28	66	104.689507
120	28	35	94.507507
121	28	41	79.685959
122	28	13	62.374897
123	28	12	47.982227
124	28	6	35.139915
125	28	13	23.960421
126	28	12	14.870715
127	28	6	10.1865
128	28	6	8.205976
0	29	6	8
1	29	6	8
2	29	6	12.752807
3	29	6	22.620749
4	29	6	34.094265
5	29	6	45.459518
6	29	90	55.53019
7	29	138	62.6077
8	29	126	66.285011
9	29	126	69.352112
10	29	138	68.389519
11	29	106	64.080658
12	29	87	56.294426
13	29	310	45.601173
14	29	42	34.932861
15	29	63	30.251556
16	29	61	27.065525
17	29	62	22.680891
18	29	186	17.50893
19	29	187	11.827984
20	29	186	60.374027
21	29	187	60
22	29	35	60
23	29	35	60
24	29	35	60
25	29	63	60
26	29	292	60
27	29	75	60
28	29	75	60
29	29	304	60
30	29	196	60
31	29	299	60
32	29	42	60
33	29	207	60
34	29	170	60
35	29	35	60
36	29	35	60
37	29	102	60
38	29	106	60
39	29	87	60
40	29	310	60
41	29	255	60
42	29	61	60
43	29	61	60
44	29	61	60
45	29	61	60
46	29	114	60
47	29	74	60
48	29	306	60
49	29	62	60
50	29	186	60
51	29	299	60
52	29	14	60
53	29	14	60
54	29	14	60
55	29	311	60
56	29	293	60
57	29	294	60
58	29	14	60
59	29	166	60
60	29	294	60
61	29	255	60
62	29	62	60
63	29	35	60
64	29	35	60
65	29	41	60
66	29	13	60
67	29	12	60
68	29	77	60
69	29	300	60
70	29	75	60
71	29	304	60
72	29	279	60
73	29	14	60
74	29	42	60
75	29	41	60
76	29	6	60
77	29	115	60
78	29	114	60
79	29	77	60
80	29	78	60
81	29	99	60
82	29	8	60
83	29	100	60
84	29	232	60
85	29	73	60
86	29	6	60
87	29	105	60
88	29	274	60
89	29	28	60
90	29	29	60
91	29	155	60
92	29	156	60
93	29	69	60
94	29	238	60
95	29	56	60
96	29	29	60
97	29	28	60
98	29	28	60
99	29	32	60
100	29	40	60
101	29	52	60
102	29	40	60
103	29	8	60
104	29	312	60
105	29	175	60
106	29	313	60
107	29	6	60
108	29	6	60
109	29	6	8.277135
110	29	6	12.309348
111	29	6	20.883873
112	29	6	31.176136
113	29	115	43.555634
114	29	314	56.621399
115	29	21	71.34182
116	29	22	83.513809
117	29	1	91.651489
118	29	67	96.683212
119	29	63	97.958023
120	29	212	92.818787
121	29	42	82.015518
122	29	11	68.671844
123	29	12	55.768238
124	29	115	42.975739
125	29	114	29.71707
126	29	6	17.395069
127	29	6	10.462832
128	29	6	8.414584
0	30	6	8
1	30	6	8.350967
2	30	6	16.118038
3	30	77	25.860121
4	30	92	35.774208
5	30	87	46.371109
6	30	145	56.375103
7	30	138	64.167305
8	30	84	71.292694
9	30	88	73.907135
10	30	88	72.478737
11	30	88	68.554718
12	30	258	63.319733
13	30	61	55.08305
14	30	114	44.410145
15	30	6	39.01326
16	30	115	33.752014
17	30	259	27.535681
18	30	91	21.448576
19	30	315	15.212964
20	30	91	61.550724
21	30	75	60
22	30	75	60
23	30	75	60
24	30	76	100
25	30	316	100
26	30	317	100
27	30	138	100
28	30	185	100
29	30	102	100
30	30	91	100
31	30	75	100
32	30	75	100
33	30	75	100
34	30	187	100
35	30	186	100
36	30	315	100
37	30	126	100
38	30	138	100
39	30	91	100
40	30	76	100
41	30	77	100
42	30	92	100
43	30	92	100
44	30	92	100
45	30	92	100
46	30	87	100
47	30	106	100
48	30	300	100
49	30	315	100
50	30	91	100
51	30	75	100
52	30	75	100
53	30	75	100
54	30	315	100
55	30	88	100
56	30	91	100
57	30	187	100
58	30	102	100
59	30	91	100
60	30	293	100
61	30	300	100
62	30	75	100
63	30	306	100
64	30	114	100
65	30	10	100
66	30	302	100
67	30	87	100
68	30	84	100
69	30	126	100
70	30	258	100
71	30	61	100
72	30	61	100
73	30	61	100
74	30	114	100
75	30	13	100
76	30	14	100
77	30	12	100
78	30	205	100
79	30	228	100
80	30	208	100
81	30	28	100
82	30	40	100
83	30	229	100
84	30	106	100
85	30	73	100
86	30	6	100
87	30	50	100
88	30	70	100
89	30	158	100
90	30	154	100
91	30	28	100
92	30	98	100
93	30	318	100
94	30	319	100
95	30	51	100
96	30	32	100
97	30	29	100
98	30	50	100
99	30	51	100
100	30	32	100
101	30	31	100
102	30	32	100
103	30	28	100
104	30	31	100
105	30	97	60
106	30	111	60
107	30	18	60
108	30	18	60
109	30	5	8
110	30	6	8.49443
111	30	6	12.519751
112	30	6	19.678473
113	30	33	29.088852
114	30	22	40.019005
115	30	21	53.240688
116	30	80	65.046692
117	30	66	75.508965
118	30	41	83.637268
119	30	115	88.431976
120	30	62	88.637772
121	30	35	83.954147
122	30	41	76.708824
123	30	6	66.570206
124	30	6	53.487991
125	30	6	38.242954
126	30	6	23.038143
127	30	6	10.943153
128	30	6	8.360854
0	31	6	8
1	31	6	8.845436
2	31	90	18.615465
3	31	126	28.806433
4	31	126	38.852432
5	31	138	48.914902
6	31	145	59.043198
7	31	88	68.642868
8	31	88	77.678574
9	31	85	78.062614
10	31	127	78.882652
11	31	106	79.055466
12	31	73	76.413643
13	31	6	70.892357
14	31	77	61.169273
15	31	92	51.646248
16	31	87	43.318008
17	31	145	34.010017
18	31	88	25.009043
19	31	138	17.602077
20	31	145	62.937172
21	31	138	60
22	31	138	60
23	31	106	60
24	31	320	100
25	31	321	100
26	31	317	100
27	31	322	100
28	31	323	100
29	31	324	100
30	31	324	100
31	31	317	100
32	31	84	100
33	31	91	100
34	31	315	100
35	31	138	100
36	31	126	100
37	31	145	100
38	31	325	100
39	31	326	100
40	31	327	100
41	31	317	100
42	31	88	100
43	31	84	100
44	31	126	100
45	31	84	100
46	31	84	100
47	31	126	100
48	31	138	100
49	31	126	100
50	31	138	100
51	31	145	100
52	31	84	100
53	31	138	100
54	31	145	100
55	31	138	100
56	31	91	100
57	31	315	100
58	31	88	100
59	31	126	100
60	31	126	100
61	31	138	100
62	31	106	100
63	31	92	100
64	31	300	100
65	31	315	100
66	31	84	100
67	31	177	100
68	31	152	100
69	31	281	100
70	31	6	100
71	31	6	100
72	31	7	100
73	31	8	100
74	31	328	100
75	31	61	100
76	31	212	100
77	31	174	100
78	31	155	100
79	31	329	100
80	31	51	100
81	31	32	100
82	31	209	100
83	31	126	100
84	31	106	100
85	31	73	100
86	31	6	100
87	31	90	100
88	31	135	100
89	31	156	100
90	31	160	100
91	31	154	100
92	31	142	100
93	31	114	100
94	31	6	100
95	31	50	100
96	31	32	100
97	31	6	100
98	31	6	100
99	31	39	100
100	31	49	100
101	31	39	100
102	31	31	100
103	31	97	100
104	31	111	100
105	31	95	60
106	31	82	60
107	31	82	60
108	31	147	60
109	31	6	8
110	31	6	8
111	31	111	8.229713
112	31	20	10.200478
113	31	22	14.843627
114	31	21	23.535187
115	31	22	34.787403
116	31	34	46.511967
117	31	11	58.791214
118	31	12	70.225594
119	31	10	79.924294
120	31	35	87.694504
121	31	41	91.626846
122	31	13	87.976784
123	31	12	78.738113
124	31	6	65.3293
125	31	6	49.155468
126	31	6	31.982706
127	31	6	16.017635
128	31	6	8.048323
0	32	6	8
1	32	105	9.021569
2	32	103	19.409468
3	32	127	29.751526
4	32	126	40.013248
5	32	84	50.115856
6	32	126	60.356373
7	32	126	71.026451
8	32	106	80.721581
9	32	167	86.729019
10	32	103	91.216942
11	32	104	92.911995
12	32	77	92.406418
13	32	87	89.28257
14	32	126	79.672112
15	32	138	65.390343
16	32	84	53.692223
17	32	126	41.412102
18	32	126	29.658016
19	32	145	19.470556
20	32	138	63.827374
21	32	145	60
22	32	145	60
23	32	330	60
24	32	331	100
25	32	321	100
26	32	332	100
27	32	333	100
28	32	334	100
29	32	335	100
30	32	321	100
31	32	324	100
32	32	317	100
33	32	126	100
34	32	138	100
35	32	145	100
36	32	126	100
37	32	336	100
38	32	337	100
39	32	338	100
40	32	339	100
41	32	84	100
42	32	88	100
43	32	145	100
44	32	88	100
45	32	126	100
46	32	126	100
47	32	126	100
48	32	84	100
49	32	138	100
50	32	88	100
51	32	138	100
52	32	88	100
53	32	126	100
54	32	145	100
55	32	88	100
56	32	126	100
57	32	84	100
58	32	138	100
59	32	84	100
60	32	126	100
61	32	84	100
62	32	126	100
63	32	84	100
64	32	126	100
65	32	126	100
66	32	91	100
67	32	187	100
68	32	41	100
69	32	6	100
70	32	6	100
71	32	39	100
72	32	28	100
73	32	40	100
74	32	9	100
75	32	115	100
76	32	340	100
77	32	28	100
78	32	49	100
79	32	7	100
80	32	100	100
81	32	341	100
82	32	127	100
83	32	85	100
84	32	104	100
85	32	6	100
86	32	105	100
87	32	308	100
88	32	158	100
89	32	159	100
90	32	342	100
91	32	121	100
92	32	343	100
93	32	8	100
94	32	9	100
95	32	39	100
96	32	6	100
97	32	6	100
98	32	50	100
99	32	344	100
100	32	215	100
101	32	40	100
102	32	8	100
103	32	203	100
104	32	147	100
105	32	111	60
106	32	18	60
107	32	18	60
108	32	18	60
109	32	18	8
110	32	20	8
111	32	1	8
112	32	3	8
113	32	22	8.354607
114	32	22	12.343368
115	32	211	20.472954
116	32	62	33.133308
117	32	41	47.789154
118	32	10	63.621578
119	32	63	79.907173
120	32	114	93.759819
121	32	10	101.202301
122	32	41	99.253716
123	32	6	90.730919
124	32	6	77.001221
125	32	6	60.797932
126	32	6	42.708988
127	32	6	24.728115
128	32	6	9.764133
0	33	6	8
1	33	77	8.784091
2	33	87	18.439859
3	33	145	28.598181
4	33	88	38.703079
5	33	126	49.767109
6	33	85	60.582363
7	33	103	71.38504
8	33	104	87.695229
9	33	6	97.973946
10	33	6	103.839951
11	33	90	106.474236
12	33	126	106.002556
13	33	126	102.349121
14	33	126	91.069458
15	33	138	76.681801
16	33	126	62.856159
17	33	145	48.262287
18	33	126	34.101524
19	33	88	21.622116
20	33	88	63.851139
21	33	138	60
22	33	145	60
23	33	330	60
24	33	331	100
25	33	335	100
26	33	334	100
27	33	345	100
28	33	334	100
29	33	345	100
30	33	333	100
31	33	346	100
32	33	84	100
33	33	126	100
34	33	88	100
35	33	325	100
36	33	332	100
37	33	321	100
38	33	324	100
39	33	317	100
40	33	145	100
41	33	145	100
42	33	84	100
43	33	88	100
44	33	84	100
45	33	88	100
46	33	88	100
47	33	138	100
48	33	84	100
49	33	88	100
50	33	88	100
51	33	138	100
52	33	138	100
53	33	84	100
54	33	145	100
55	33	126	100
56	33	145	100
57	33	88	100
58	33	138	100
59	33	138	100
60	33	84	100
61	33	126	100
62	33	88	100
63	33	88	100
64	33	88	100
65	33	88	100
66	33	185	100
67	33	41	100
68	33	6	100
69	33	6	100
70	33	161	100
71	33	192	100
72	33	28	100
73	33	40	100
74	33	347	100
75	33	174	100
76	33	29	100
77	33	40	100
78	33	52	100
79	33	224	100
80	33	92	100
81	33	87	100
82	33	89	100
83	33	6	100
84	33	6	100
85	33	6	100
86	33	105	100
87	33	127	100
88	33	145	100
89	33	185	100
90	33	35	100
91	33	124	100
92	33	28	100
93	33	49	100
94	33	39	100
95	33	6	100
96	33	6	100
97	33	111	100
98	33	20	100
99	33	25	100
100	33	27	100
101	33	28	100
102	33	40	100
103	33	348	100
104	33	95	100
105	33	82	60
106	33	82	60
107	33	82	60
108	33	239	60
109	33	3	8
110	33	80	8
111	33	349	8
112	33	2	8
113	33	81	8
114	33	296	9.176769
115	33	255	15.089694
116	33	114	27.9485
117	33	10	44.95055
118	33	41	63.390202
119	33	6	81.740189
120	33	115	97.645935
121	33	114	107.521454
122	33	6	108.271721
123	33	6	100.159477
124	33	6	86.911377
125	33	6	69.707397
126	33	6	51.841778
127	33	6	33.295483
128	33	77	17.462191
0	34	87	8
1	34	84	8.273331
2	34	88	15.779729
3	34	88	25.464094
4	34	138	36.761086
5	34	89	48.69796
6	34	6	59.812298
7	34	6	73.016777
8	34	6	92.101845
9	34	77	105.438301
10	34	87	113.271515
11	34	84	116.503281
12	34	84	115.467842
13	34	145	109.140373
14	34	84	96.439766
15	34	145	84.330978
16	34	84	69.981773
17	34	138	53.479736
18	34	138	37.402477
19	34	138	23.037891
20	34	145	63.45665
21	34	325	60
22	34	324	60
23	34	332	60
24	34	345	100
25	34	334	100
26	34	350	100
27	34	335	100
28	34	337	100
29	34	338	100
30	34	339	100
31	34	145	100
32	34	88	100
33	34	325	100
34	34	332	100
35	34	334	100
36	34	335	100
37	34	350	100
38	34	346	100
39	34	88	100
40	34	84	100
41	34	88	100
42	34	145	100
43	34	88	100
44	34	84	100
45	34	138	100
46	34	145	100
47	34	138	100
48	34	138	100
49	34	145	100
50	34	84	100
51	34	88	100
52	34	126	100
53	34	88	100
54	34	145	100
55	34	138	100
56	34	88	100
57	34	126	100
58	34	88	100
59	34	126	100
60	34	138	100
61	34	138	100
62	34	145	100
63	34	84	100
64	34	88	100
65	34	185	100
66	34	11	100
67	34	12	100
68	34	6	100
69	34	57	100
70	34	56	100
71	34	28	100
72	34	28	100
73	34	98	100
74	34	351	100
75	34	32	100
76	34	28	100
77	34	28	100
78	34	221	100
79	34	127	100
80	34	145	100
81	34	106	100
82	34	73	100
83	34	6	100
84	34	6	100
85	34	6	100
86	34	90	100
87	34	145	100
88	34	91	100
89	34	218	100
90	34	351	100
91	34	51	100
92	34	97	100
93	34	50	100
94	34	6	100
95	34	6	100
96	34	33	100
97	34	22	100
98	34	21	100
99	34	68	100
100	34	28	100
101	34	29	100
102	34	222	100
103	34	147	100
104	34	6	100
105	34	6	60
106	34	6	60
107	34	115	60
108	34	352	60
109	34	2	8
110	34	67	8
111	34	35	8
112	34	11	8
113	34	42	8
114	34	41	8
115	34	6	12.60081
116	34	115	23.742319
117	34	114	40.963501
118	34	6	60.802082
119	34	6	80.766068
120	34	6	97.946983
121	34	6	111.106339
122	34	6	115.52346
123	34	6	107.740829
124	34	6	93.420914
125	34	6	76.624123
126	34	77	58.332806
127	34	87	40.189144
128	34	88	24.003698
0	35	84	8
1	35	126	8
2	35	145	12.230818
3	35	138	21.983583
4	35	106	34.91658
5	35	73	47.361065
6	35	6	59.069458
7	35	6	74.244461
8	35	90	92.953217
9	35	84	108.386299
10	35	126	118.238564
11	35	138	122.953789
12	35	145	122.091339
13	35	145	114.465576
14	35	145	101.939842
15	35	126	89.097214
16	35	145	73.92057
17	35	145	56.5028
18	35	145	38.763172
19	35	138	23.008783
20	35	336	62.550411
21	35	333	60
22	35	335	60
23	35	335	60
24	35	334	100
25	35	335	100
26	35	333	100
27	35	346	100
28	35	145	100
29	35	88	100
30	35	138	100
31	35	126	100
32	35	336	100
33	35	334	100
34	35	334	100
35	35	335	100
36	35	333	100
37	35	346	100
38	35	126	100
39	35	126	100
40	35	84	100
41	35	138	100
42	35	84	100
43	35	126	100
44	35	126	100
45	35	138	100
46	35	138	100
47	35	84	100
48	35	138	100
49	35	126	100
50	35	88	100
51	35	126	100
52	35	84	100
53	35	88	100
54	35	145	100
55	35	145	100
56	35	145	100
57	35	126	100
58	35	126	100
59	35	84	100
60	35	145	100
61	35	126	100
62	35	138	100
63	35	145	100
64	35	258	100
65	35	62	100
66	35	41	100
67	35	6	100
68	35	50	100
69	35	353	100
70	35	192	100
71	35	28	100
72	35	29	100
73	35	40	100
74	35	100	100
75	35	32	100
76	35	29	100
77	35	224	100
78	35	87	100
79	35	84	100
80	35	138	100
81	35	89	100
82	35	6	100
83	35	6	100
84	35	6	100
85	35	105	100
86	35	127	100
87	35	145	100
88	35	139	100
89	35	165	100
90	35	12	100
91	35	6	100
92	35	6	100
93	35	6	100
94	35	6	100
95	35	33	100
96	35	22	100
97	35	21	100
98	35	68	100
99	35	29	100
100	35	31	100
101	35	97	100
102	35	6	100
103	35	6	100
104	35	111	100
105	35	18	60
106	35	18	60
107	35	354	60
108	35	65	60
109	35	93	8
110	35	61	8
111	35	213	8
112	35	93	8
113	35	212	8
114	35	14	8
115	35	14	9.996848
116	35	14	20.855112
117	35	14	37.049492
118	35	12	56.546352
119	35	6	76.448273
120	35	6	94.675873
121	35	6	109.856743
122	35	6	118.479271
123	35	6	112.267769
124	35	6	98.768944
125	35	90	80.774284
126	35	88	62.002495
127	35	84	44.667908
128	35	138	28.036116
0	36	138	8
1	36	138	8
2	36	88	9.503018
3	36	84	19.285946
4	36	89	32.211819
5	36	6	44.224415
6	36	6	57.68589
7	36	105	73.816574
8	36	127	91.421654
9	36	138	107.216988
10	36	126	118.294777
11	36	84	124.263023
12	36	88	124.771042
13	36	84	119.550125
14	36	88	107.17588
15	36	84	90.375946
16	36	138	73.994003
17	36	138	56.270454
18	36	325	37.765362
19	36	332	21.036074
20	36	333	62.370457
21	36	335	60
22	36	334	60
23	36	345	60
24	36	337	100
25	36	338	100
26	36	339	100
27	36	126	100
28	36	138	100
29	36	126	100
30	36	88	100
31	36	330	100
32	36	331	100
33	36	334	100
34	36	334	100
35	36	333	100
36	36	346	100
37	36	84	100
38	36	88	100
39	36	126	100
40	36	84	100
41	36	145	100
42	36	138	100
43	36	88	100
44	36	145	100
45	36	145	100
46	36	88	100
47	36	88	100
48	36	84	100
49	36	126	100
50	36	126	100
51	36	138	100
52	36	145	100
53	36	84	100
54	36	138	100
55	36	145	100
56	36	145	100
57	36	88	100
58	36	145	100
59	36	88	100
60	36	88	100
61	36	85	100
62	36	103	100
63	36	104	100
64	36	10	100
65	36	41	100
66	36	6	100
67	36	7	100
68	36	101	100
69	36	124	100
70	36	28	100
71	36	29	100
72	36	29	100
73	36	49	100
74	36	161	100
75	36	287	100
76	36	159	100
77	36	145	100
78	36	88	100
79	36	145	100
80	36	89	100
81	36	6	100
82	36	6	100
83	36	6	100
84	36	6	100
85	36	90	100
86	36	138	100
87	36	139	100
88	36	69	100
89	36	11	100
90	36	14	100
91	36	12	100
92	36	111	100
93	36	226	100
94	36	355	100
95	36	37	100
96	36	37	100
97	36	45	100
98	36	356	100
99	36	357	100
100	36	5	100
101	36	6	100
102	36	6	100
103	36	33	100
104	36	223	100
105	36	0	60
106	36	21	60
107	36	22	60
108	36	116	60
109	36	6	8
110	36	146	8
111	36	147	8
112	36	115	8
113	36	61	8
114	36	62	8
115	36	63	8.159472
116	36	61	17.112856
117	36	114	33.107231
118	36	6	51.951424
119	36	6	70.958794
120	36	6	89.275749
121	36	6	106.265038
122	36	77	117.69088
123	36	92	117.464981
124	36	87	104.200188
125	36	145	85.831467
126	36	126	66.339684
127	36	84	47.190552
128	36	126	29.371332
0	37	126	8
1	37	138	8
2	37	85	8.949016
3	37	104	17.988626
4	37	6	28.719597
5	37	6	40.059761
6	37	77	54.530624
7	37	87	71.876862
8	37	84	89.228485
9	37	88	103.308723
10	37	138	113.729538
11	37	126	120.278038
12	37	84	122.879204
13	37	126	118.76667
14	37	145	104.489471
15	37	126	86.149872
16	37	325	69.571114
17	37	332	52.249794
18	37	334	33.984379
19	37	337	18.012547
20	37	331	62.160618
21	37	345	60
22	37	333	60
23	37	346	60
24	37	88	100
25	37	138	100
26	37	138	100
27	37	84	100
28	37	126	100
29	37	138	100
30	37	325	100
31	37	332	100
32	37	335	100
33	37	333	100
34	37	345	100
35	37	346	100
36	37	138	100
37	37	126	100
38	37	126	100
39	37	126	100
40	37	84	100
41	37	84	100
42	37	145	100
43	37	126	100
44	37	88	100
45	37	138	100
46	37	138	100
47	37	138	100
48	37	126	100
49	37	88	100
50	37	84	100
51	37	138	100
52	37	145	100
53	37	126	100
54	37	138	100
55	37	126	100
56	37	88	100
57	37	138	100
58	37	145	100
59	37	85	100
60	37	104	100
61	37	6	100
62	37	6	100
63	37	10	100
64	37	41	100
65	37	6	100
66	37	39	100
67	37	69	100
68	37	141	100
69	37	192	100
70	37	28	100
71	37	28	100
72	37	40	100
73	37	101	100
74	37	102	100
75	37	88	100
76	37	138	100
77	37	88	100
78	37	138	100
79	37	89	100
80	37	6	100
81	37	6	100
82	37	6	100
83	37	6	100
84	37	90	100
85	37	88	100
86	37	139	100
87	37	69	100
88	37	35	100
89	37	35	100
90	37	41	100
91	37	53	100
92	37	358	100
93	37	27	100
94	37	29	100
95	37	29	100
96	37	29	100
97	37	359	100
98	37	360	100
99	37	4	100
100	37	18	100
101	37	361	100
102	37	362	100
103	37	147	100
104	37	146	100
105	37	82	60
106	37	0	60
107	37	4	60
108	37	18	60
109	37	5	8
110	37	6	8
111	37	6	8
112	37	6	8
113	37	115	8
114	37	114	8
115	37	6	8
116	37	6	12.705846
117	37	6	27.613707
118	37	6	47.414352
119	37	6	67.363594
120	37	6	87.267654
121	37	90	103.52314
122	37	88	114.358185
123	37	84	116.906357
124	37	145	105.67627
125	37	88	87.992943
126	37	145	68.73259
127	37	84	49.083282
128	37	84	30.093636
0	38	138	8
1	38	89	8
2	38	77	10.43058
3	38	92	17.583431
4	38	92	26.262772
5	38	87	37.255608
6	38	84	51.710335
7	38	126	68.549049
8	38	145	86.988174
9	38	126	100.244499
10	38	325	108.303352
11	38	317	114.664604
12	38	88	116.327454
13	38	145	108.135353
14	38	325	94.229477
15	38	332	76.329857
16	38	333	60.773518
17	38	345	44.589146
18	38	321	28.48517
19	38	332	16.538853
20	38	345	61.152512
21	38	333	60
22	38	346	60
23	38	88	60
24	38	138	100
25	38	145	100
26	38	88	100
27	38	88	100
28	38	325	100
29	38	332	100
30	38	350	100
31	38	345	100
32	38	334	100
33	38	335	100
34	38	321	100
35	38	317	100
36	38	138	100
37	38	126	100
38	38	88	100
39	38	126	100
40	38	325	100
41	38	317	100
42	38	325	100
43	38	317	100
44	38	88	100
45	38	126	100
46	38	138	100
47	38	145	100
48	38	88	100
49	38	88	100
50	38	126	100
51	38	126	100
52	38	88	100
53	38	126	100
54	38	88	100
55	38	138	100
56	38	84	100
57	38	84	100
58	38	89	100
59	38	6	100
60	38	6	100
61	38	6	100
62	38	10	100
63	38	11	100
64	38	12	100
65	38	39	100
66	38	69	100
67	38	35	100
68	38	201	100
69	38	51	100
70	38	32	100
71	38	29	100
72	38	69	100
73	38	125	100
74	38	127	100
75	38	138	100
76	38	84	100
77	38	88	100
78	38	106	100
79	38	73	100
80	38	6	100
81	38	6	100
82	38	77	100
83	38	87	100
84	38	126	100
85	38	139	100
86	38	69	100
87	38	35	100
88	38	35	100
89	38	41	100
90	38	39	100
91	38	46	100
92	38	68	100
93	38	30	100
94	38	26	100
95	38	26	100
96	38	47	100
97	38	21	100
98	38	21	100
99	38	22	100
100	38	363	100
101	38	364	100
102	38	6	100
103	38	6	100
104	38	6	100
105	38	146	60
106	38	82	60
107	38	82	60
108	38	296	60
109	38	12	8
110	38	6	8
111	38	6	8
112	38	6	8
113	38	6	8
114	38	6	8
115	38	6	8
116	38	6	8.618289
117	38	6	22.805017
118	38	6	42.365425
119	38	6	64.12619
120	38	90	83.42337
121	38	126	98.977722
122	38	88	108.790848
123	38	126	111.061172
124	38	145	103.238121
125	38	126	87.05249
126	38	126	67.871712
127	38	138	47.925671
128	38	85	30.295603
0	39	104	8
1	39	90	8
2	39	126	11.091509
3	39	126	18.029312
4	39	145	26.189299
5	39	138	36.015751
6	39	88	49.479191
7	39	84	66.960197
8	39	88	87.371574
9	39	330	100.62632
10	39	365	106.342094
11	39	317	108.730637
12	39	126	106.516983
13	39	336	96.836494
14	39	345	81.137466
15	39	345	63.110855
16	39	335	49.29578
17	39	333	37.247738
18	39	335	24.629126
19	39	335	13.450708
20	39	345	60.071201
21	39	346	60
22	39	88	60
23	39	88	60
24	39	84	100
25	39	145	100
26	39	84	100
27	39	336	100
28	39	350	100
29	39	345	100
30	39	350	100
31	39	334	100
32	39	337	100
33	39	331	100
34	39	346	100
35	39	145	100
36	39	88	100
37	39	325	100
38	39	324	100
39	39	366	100
40	39	365	100
41	39	366	100
42	39	339	100
43	39	145	100
44	39	126	100
45	39	84	100
46	39	84	100
47	39	126	100
48	39	84	100
49	39	138	100
50	39	126	100
51	39	84	100
52	39	325	100
53	39	324	100
54	39	324	100
55	39	367	100
56	39	368	100
57	39	326	100
58	39	369	100
59	39	6	100
60	39	6	100
61	39	115	100
62	39	62	100
63	39	41	100
64	39	39	100
65	39	69	100
66	39	35	100
67	39	11	100
68	39	14	100
69	39	174	100
70	39	31	100
71	39	370	100
72	39	76	100
73	39	90	100
74	39	138	100
75	39	88	100
76	39	85	100
77	39	103	100
78	39	104	100
79	39	6	100
80	39	6	100
81	39	105	100
82	39	127	100
83	39	135	100
84	39	371	100
85	39	162	100
86	39	35	100
87	39	35	100
88	39	41	100
89	39	39	100
90	39	48	100
91	39	45	100
92	39	46	100
93	39	22	100
94	39	21	100
95	39	21	100
96	39	22	100
97	39	223	100
98	39	82	100
99	39	372	100
100	39	254	100
101	39	111	100
102	39	18	100
103	39	5	100
104	39	6	100
105	39	111	60
106	39	5	60
107	39	115	60
108	39	212	60
109	39	12	8
110	39	6	8
111	39	6	8
112	39	6	8
113	39	6	8
114	39	6	8
115	39	6	8
116	39	6	8.532877
117	39	6	18.413641
118	39	6	40.319626
119	39	90	61.995838
120	39	126	80.789673
121	39	126	95.940865
122	39	126	105.730606
123	39	88	107.727028
124	39	126	100.4039
125	39	145	84.685814
126	39	88	64.660873
127	39	89	45.405758
128	39	77	29.18152
0	40	87	8
1	40	88	8
2	40	145	10.683166
3	40	145	18.3969
4	40	126	27.567289
5	40	88	36.883213
6	40	84	50.639568
7	40	126	68.711174
8	40	138	86.944244
9	40	336	98.793144
10	40	321	104.457893
11	40	324	104.937164
12	40	332	99.509956
13	40	335	88.968788
14	40	335	73.12188
15	40	333	54.270588
16	40	345	41.508129
17	40	335	30.301455
18	40	337	18.690878
19	40	338	9.590554
20	40	339	60
21	40	126	60
22	40	84	60
23	40	84	60
24	40	138	100
25	40	325	100
26	40	332	100
27	40	350	100
28	40	333	100
29	40	350	100
30	40	334	100
31	40	321	100
32	40	332	100
33	40	321	100
34	40	324	100
35	40	324	100
36	40	332	100
37	40	335	100
38	40	321	100
39	40	332	100
40	40	321	100
41	40	317	100
42	40	126	100
43	40	88	100
44	40	126	100
45	40	84	100
46	40	88	100
47	40	88	100
48	40	88	100
49	40	145	100
50	40	88	100
51	40	336	100
52	40	334	100
53	40	345	100
54	40	373	100
55	40	374	100
56	40	334	100
57	40	373	100
58	40	6	100
59	40	6	100
60	40	6	100
61	40	115	100
62	40	114	100
63	40	39	100
64	40	98	100
65	40	58	100
66	40	35	100
67	40	63	100
68	40	340	100
69	40	40	100
70	40	229	100
71	40	89	100
72	40	105	100
73	40	103	100
74	40	103	100
75	40	86	100
76	40	92	100
77	40	73	100
78	40	6	100
79	40	6	100
80	40	77	100
81	40	87	100
82	40	139	100
83	40	98	100
84	40	58	100
85	40	35	100
86	40	35	100
87	40	41	100
88	40	375	100
89	40	27	100
90	40	29	100
91	40	46	100
92	40	22	100
93	40	376	100
94	40	377	100
95	40	378	100
96	40	147	100
97	40	6	100
98	40	6	100
99	40	6	100
100	40	146	100
101	40	82	100
102	40	147	100
103	40	6	100
104	40	146	100
105	40	296	60
106	40	12	60
107	40	115	60
108	40	212	60
109	40	12	8
110	40	6	8
111	40	6	8
112	40	6	8
113	40	6	8
114	40	6	8
115	40	6	8
116	40	6	10.693485
117	40	6	17.783718
118	40	90	36.966675
119	40	126	58.096291
120	40	138	78.089684
121	40	145	94.841316
122	40	88	105.942917
123	40	84	108.754257
124	40	126	101.712257
125	40	85	86.44619
126	40	104	66.055954
127	40	90	45.007088
128	40	126	27.420116
0	41	138	8
1	41	145	8
2	41	138	9.816902
3	41	138	18.557892
4	41	145	27.874895
5	41	88	38.718586
6	41	88	54.547752
7	41	325	70.318481
8	41	332	84.579834
9	41	350	94.378403
10	41	333	99.510338
11	41	345	99.018349
12	41	335	92.56694
13	41	334	80.523819
14	41	350	65.096069
15	41	345	46.652256
16	41	337	33.596512
17	41	339	21.628021
18	41	145	11.405104
19	41	84	8
20	41	138	60
21	41	126	60
22	41	84	60
23	41	84	60
24	41	330	100
25	41	331	100
26	41	335	100
27	41	350	100
28	41	350	100
29	41	333	100
30	41	350	100
31	41	333	100
32	41	334	100
33	41	345	100
34	41	333	100
35	41	350	100
36	41	335	100
37	41	337	100
38	41	338	100
39	41	338	100
40	41	365	100
41	41	324	100
42	41	324	100
43	41	324	100
44	41	324	100
45	41	317	100
46	41	138	100
47	41	138	100
48	41	84	100
49	41	126	100
50	41	330	100
51	41	331	100
52	41	335	100
53	41	379	100
54	41	380	100
55	41	337	100
56	41	381	100
57	41	6	100
58	41	6	100
59	41	6	100
60	41	6	100
61	41	6	100
62	41	50	100
63	41	32	100
64	41	98	100
65	41	58	100
66	41	41	100
67	41	50	100
68	41	51	100
69	41	341	100
70	41	86	100
71	41	73	100
72	41	6	100
73	41	6	100
74	41	105	100
75	41	103	100
76	41	104	100
77	41	6	100
78	41	6	100
79	41	90	100
80	41	88	100
81	41	139	100
82	41	29	100
83	41	69	100
84	41	35	100
85	41	35	100
86	41	41	100
87	41	33	100
88	41	25	100
89	41	26	100
90	41	47	100
91	41	21	100
92	41	382	100
93	41	383	100
94	41	384	100
95	41	6	100
96	41	6	100
97	41	6	100
98	41	6	100
99	41	6	100
100	41	6	100
101	41	6	100
102	41	6	100
103	41	6	100
104	41	148	100
105	41	184	60
106	41	13	60
107	41	42	60
108	41	41	60
109	41	13	8
110	41	12	8
111	41	6	8
112	41	6	8
113	41	6	8
114	41	6	8
115	41	6	8
116	41	6	13.873511
117	41	105	22.181915
118	41	127	35.027538
119	41	84	55.004639
120	41	126	76.169273
121	41	88	95.256401
122	41	145	108.246445
123	41	84	111.291969
124	41	89	104.780304
125	41	77	89.841209
126	41	87	70.574196
127	41	84	49.079536
128	41	145	29.289127
0	42	88	8
1	42	145	8
2	42	138	9.955227
3	42	88	18.400442
4	42	84	29.30695
5	42	126	44.824051
6	42	336	60.120903
7	42	350	74.022827
8	42	337	85.105385
9	42	331	91.452927
10	42	345	93.293419
11	42	333	90.705879
12	42	333	83.413757
13	42	335	70.811996
14	42	345	54.52652
15	42	346	38.893494
16	42	88	25.582737
17	42	138	12.398638
18	42	88	8
19	42	138	8
20	42	84	60
21	42	84	60
22	42	325	60
23	42	324	60
24	42	332	100
25	42	350	100
26	42	333	100
27	42	335	100
28	42	345	100
29	42	333	100
30	42	333	100
31	42	350	100
32	42	335	100
33	42	337	100
34	42	338	100
35	42	338	100
36	42	339	100
37	42	138	100
38	42	88	100
39	42	330	100
40	42	338	100
41	42	338	100
42	42	338	100
43	42	331	100
44	42	346	100
45	42	325	100
46	42	324	100
47	42	324	100
48	42	317	100
49	42	145	100
50	42	330	100
51	42	338	100
52	42	338	100
53	42	338	100
54	42	339	100
55	42	385	100
56	42	369	100
57	42	6	100
58	42	6	100
59	42	6	100
60	42	6	100
61	42	6	100
62	42	39	100
63	42	28	100
64	42	69	100
65	42	11	100
66	42	14	100
67	42	12	100
68	42	77	100
69	42	87	100
70	42	106	100
71	42	73	100
72	42	6	100
73	42	6	100
74	42	6	100
75	42	6	100
76	42	6	100
77	42	6	100
78	42	90	100
79	42	88	100
80	42	139	100
81	42	119	100
82	42	162	100
83	42	35	100
84	42	35	100
85	42	41	100
86	42	33	100
87	42	22	100
88	42	22	100
89	42	21	100
90	42	23	100
91	42	45	100
92	42	29	100
93	42	49	100
94	42	260	100
95	42	248	100
96	42	6	100
97	42	6	100
98	42	111	100
99	42	18	100
100	42	5	100
101	42	6	100
102	42	111	100
103	42	95	100
104	42	133	100
105	42	60	60
106	42	61	60
107	42	114	60
108	42	115	60
109	42	212	8
110	42	14	8
111	42	12	8
112	42	6	8
113	42	6	8
114	42	6	8
115	42	6	8.680789
116	42	77	16.235723
117	42	87	25.045658
118	42	138	37.907578
119	42	84	55.851368
120	42	88	77.575874
121	42	88	96.788803
122	42	85	109.809799
123	42	104	112.762123
124	42	90	106.966331
125	42	88	92.029236
126	42	84	73.550026
127	42	88	53.236275
128	42	145	33.267921
0	43	84	8
1	43	84	8
2	43	88	11.768576
3	43	126	21.615635
4	43	126	34.368553
5	43	330	52.495461
6	43	331	68.029015
7	43	321	80.63871
8	43	366	89.884247
9	43	331	93.393143
10	43	345	90.937927
11	43	333	83.986229
12	43	334	72.835304
13	43	337	58.936642
14	43	339	42.979183
15	43	138	29.886719
16	43	126	17.957531
17	43	145	9.738943
18	43	145	8
19	43	145	8
20	43	84	60
21	43	336	60
22	43	345	60
23	43	345	60
24	43	334	100
25	43	337	100
26	43	338	100
27	43	338	100
28	43	338	100
29	43	338	100
30	43	338	100
31	43	331	100
32	43	346	100
33	43	88	100
34	43	138	100
35	43	84	100
36	43	84	100
37	43	145	100
38	43	145	100
39	43	138	100
40	43	145	100
41	43	145	100
42	43	336	100
43	43	321	100
44	43	332	100
45	43	345	100
46	43	350	100
47	43	346	100
48	43	88	100
49	43	145	100
50	43	145	100
51	43	145	100
52	43	126	100
53	43	85	100
54	43	386	100
55	43	387	100
56	43	6	100
57	43	6	100
58	43	6	100
59	43	6	100
60	43	6	100
61	43	50	100
62	43	51	100
63	43	250	100
64	43	35	100
65	43	35	100
66	43	11	100
67	43	283	100
68	43	127	100
69	43	88	100
70	43	89	100
71	43	6	100
72	43	6	100
73	43	6	100
74	43	6	100
75	43	6	100
76	43	6	100
77	43	90	100
78	43	145	100
79	43	139	100
80	43	69	100
81	43	35	100
82	43	35	100
83	43	35	100
84	43	41	100
85	43	33	100
86	43	21	100
87	43	21	100
88	43	21	100
89	43	68	100
90	43	28	100
91	43	28	100
92	43	49	100
93	43	388	100
94	43	389	100
95	43	18	100
96	43	18	100
97	43	95	100
98	43	82	100
99	43	147	100
100	43	6	100
101	43	146	100
102	43	133	100
103	43	20	100
104	43	116	100
105	43	6	60
106	43	6	60
107	43	6	60
108	43	115	60
109	43	61	8
110	43	114	8
111	43	77	8
112	43	92	8
113	43	92	8
114	43	73	8
115	43	90	9.893675
116	43	84	17.246424
117	43	126	25.925722
118	43	145	41.043324
119	43	84	59.849957
120	43	84	79.430603
121	43	89	97.894508
122	43	77	109.749992
123	43	87	111.490303
124	43	88	105.436485
125	43	126	92.554237
126	43	145	75.25531
127	43	138	55.98793
128	43	84	36.252895
0	44	126	8
1	44	88	9.40399
2	44	126	17.2435
3	44	126	27.992601
4	44	325	42.1077
5	44	332	60.694302
6	44	334	76.889053
7	44	321	88.774963
8	44	332	95.526299
9	44	333	96.663078
10	44	350	92.426353
11	44	337	81.945679
12	44	339	64.757599
13	44	138	49.725014
14	44	84	36.338188
15	44	138	25.335621
16	44	145	17.465855
17	44	126	10.518981
18	44	88	8
19	44	325	8
20	44	332	60
21	44	335	60
22	44	335	60
23	44	334	60
24	44	321	100
25	44	317	100
26	44	126	100
27	44	145	100
28	44	126	100
29	44	138	100
30	44	330	100
31	44	339	100
32	44	88	100
33	44	138	100
34	44	126	100
35	44	138	100
36	44	126	100
37	44	126	100
38	44	126	100
39	44	126	100
40	44	138	100
41	44	330	100
42	44	338	100
43	44	331	100
44	44	334	100
45	44	345	100
46	44	346	100
47	44	138	100
48	44	126	100
49	44	84	100
50	44	84	100
51	44	138	100
52	44	385	100
53	44	390	100
54	44	390	100
55	44	390	100
56	44	369	100
57	44	6	100
58	44	6	100
59	44	7	100
60	44	8	100
61	44	347	100
62	44	42	100
63	44	63	100
64	44	61	100
65	44	61	100
66	44	275	100
67	44	87	100
68	44	126	100
69	44	106	100
70	44	92	100
71	44	73	100
72	44	6	100
73	44	6	100
74	44	6	100
75	44	6	100
76	44	105	100
77	44	127	100
78	44	342	100
79	44	162	100
80	44	35	100
81	44	35	100
82	44	35	100
83	44	41	100
84	44	33	100
85	44	22	100
86	44	22	100
87	44	22	100
88	44	68	100
89	44	29	100
90	44	29	100
91	44	49	100
92	44	146	100
93	44	82	100
94	44	0	100
95	44	22	100
96	44	116	100
97	44	6	100
98	44	6	100
99	44	6	100
100	44	111	100
101	44	391	100
102	44	3	100
103	44	392	100
104	44	12	100
105	44	6	60
106	44	13	60
107	44	12	60
108	44	6	60
109	44	6	8
110	44	90	8
111	44	84	8
112	44	88	8
113	44	89	8
114	44	90	8
115	44	138	10.329882
116	44	138	16.85078
117	44	126	25.728859
118	44	84	42.133263
119	44	85	62.311184
120	44	104	82.388908
121	44	90	100.279305
122	44	84	110.954987
123	44	88	113.421104
124	44	138	107.793793
125	44	84	94.239662
126	44	126	76.289993
127	44	138	57.246861
128	44	138	38.080681
0	45	138	8
1	45	84	13.340587
2	45	84	23.907169
3	45	330	36.872684
4	45	331	52.188938
5	45	337	71.038261
6	45	331	86.771889
7	45	350	97.967346
8	45	345	102.438629
9	45	333	99.890526
10	45	321	93.544266
11	45	317	79.26226
12	45	84	59.940819
13	45	126	44.698559
14	45	145	34.132763
15	45	88	24.748804
16	45	126	17.611019
17	45	88	10.644846
18	45	336	8
19	45	334	8
20	45	350	60
21	45	333	60
22	45	333	60
23	45	345	60
24	45	321	100
25	45	317	100
26	45	126	100
27	45	88	100
28	45	126	100
29	45	84	100
30	45	138	100
31	45	88	100
32	45	88	100
33	45	84	100
34	45	145	100
35	45	138	100
36	45	126	100
37	45	126	100
38	45	88	100
39	45	138	100
40	45	126	100
41	45	84	100
42	45	336	100
43	45	334	100
44	45	345	100
45	45	346	100
46	45	126	100
47	45	138	100
48	45	88	100
49	45	145	100
50	45	145	100
51	45	336	100
52	45	335	100
53	45	345	100
54	45	350	100
55	45	373	100
56	45	6	100
57	45	6	100
58	45	39	100
59	45	29	100
60	45	98	100
61	45	58	100
62	45	41	100
63	45	7	100
64	45	9	100
65	45	105	100
66	45	103	100
67	45	127	100
68	45	84	100
69	45	145	100
70	45	106	100
71	45	92	100
72	45	73	100
73	45	6	100
74	45	6	100
75	45	77	100
76	45	277	100
77	45	393	100
78	45	58	100
79	45	35	100
80	45	35	100
81	45	35	100
82	45	41	100
83	45	20	100
84	45	21	100
85	45	22	100
86	45	22	100
87	45	68	100
88	45	28	100
89	45	31	100
90	45	97	100
91	45	6	100
92	45	6	100
93	45	33	100
94	45	22	100
95	45	116	100
96	45	111	100
97	45	5	100
98	45	111	100
99	45	20	100
100	45	34	100
101	45	43	100
102	45	67	100
103	45	41	100
104	45	6	100
105	45	115	60
106	45	114	60
107	45	77	60
108	45	73	60
109	45	90	8
110	45	138	8
111	45	88	8
112	45	89	8
113	45	90	8
114	45	84	8
115	45	85	9.959139
116	45	103	15.806042
117	45	103	23.975788
118	45	104	41.63628
119	45	6	63.662064
120	45	90	84.675781
121	45	88	103.850021
122	45	126	116.337547
123	45	138	121.753349
124	45	84	117.548859
125	45	84	102.044212
126	45	88	81.81916
127	45	138	59.565159
128	45	88	37.551785
0	46	138	8.983071
1	46	325	17.993282
2	46	324	31.656384
3	46	332	46.927185
4	46	321	62.598007
5	46	332	80.92424
6	46	334	96.176949
7	46	350	105.578224
8	46	334	107.385544
9	46	335	102.55619
10	46	394	92.558876
11	46	127	76.605736
12	46	138	57.877628
13	46	138	41.922871
14	46	84	31.701508
15	46	84	23.216393
16	46	325	16.503094
17	46	332	9.70446
18	46	334	8
19	46	333	8
20	46	337	60
21	46	338	60
22	46	331	60
23	46	333	60
24	46	346	100
25	46	88	100
26	46	138	100
27	46	126	100
28	46	126	100
29	46	88	100
30	46	84	100
31	46	88	100
32	46	84	100
33	46	126	100
34	46	88	100
35	46	138	100
36	46	138	100
37	46	145	100
38	46	145	100
39	46	88	100
40	46	126	100
41	46	336	100
42	46	345	100
43	46	345	100
44	46	346	100
45	46	126	100
46	46	138	100
47	46	145	100
48	46	126	100
49	46	126	100
50	46	336	100
51	46	350	100
52	46	334	100
53	46	334	100
54	46	373	100
55	46	6	100
56	46	6	100
57	46	39	100
58	46	28	100
59	46	29	100
60	46	69	100
61	46	11	100
62	46	174	100
63	46	49	100
64	46	6	100
65	46	6	100
66	46	90	100
67	46	88	100
68	46	84	100
69	46	84	100
70	46	88	100
71	46	106	100
72	46	73	100
73	46	6	100
74	46	105	100
75	46	395	100
76	46	208	100
77	46	69	100
78	46	35	100
79	46	35	100
80	46	35	100
81	46	41	100
82	46	22	100
83	46	21	100
84	46	22	100
85	46	22	100
86	46	68	100
87	46	28	100
88	46	49	100
89	46	6	100
90	46	6	100
91	46	6	100
92	46	146	100
93	46	0	100
94	46	4	100
95	46	20	100
96	46	4	100
97	46	20	100
98	46	22	100
99	46	80	100
100	46	66	100
101	46	63	100
102	46	114	100
103	46	6	100
104	46	13	100
105	46	12	60
106	46	105	60
107	46	86	60
108	46	87	60
109	46	88	8
110	46	85	8
111	46	104	8
112	46	105	8
113	46	103	8
114	46	104	8
115	46	6	9.241041
116	46	6	13.77018
117	46	6	22.829165
118	46	6	42.264374
119	46	90	64.284966
120	46	145	87.290962
121	46	138	107.500595
122	46	138	120.976685
123	46	145	127.579544
124	46	126	125.198174
125	46	84	108.053741
126	46	84	85.898384
127	46	84	62.015129
128	46	126	39.886364
0	47	330	10.72781
1	47	331	22.99991
2	47	333	38.893333
3	47	337	54.530827
4	47	331	70.801994
5	47	335	89.330208
6	47	350	105.170273
7	47	334	112.354851
8	47	396	110.083305
9	47	387	102.499741
10	47	90	90.617775
11	47	138	74.514259
12	47	126	55.187199
13	47	145	37.176006
14	47	126	27.195255
15	47	336	20.528746
16	47	335	14.243062
17	47	350	8.067553
18	47	333	8
19	47	321	8
20	47	317	60
21	47	330	60
22	47	331	60
23	47	346	60
24	47	145	100
25	47	126	100
26	47	138	100
27	47	88	100
28	47	138	100
29	47	126	100
30	47	84	100
31	47	138	100
32	47	126	100
33	47	145	100
34	47	145	100
35	47	88	100
36	47	138	100
37	47	84	100
38	47	145	100
39	47	325	100
40	47	332	100
41	47	337	100
42	47	338	100
43	47	339	100
44	47	138	100
45	47	145	100
46	47	84	100
47	47	138	100
48	47	88	100
49	47	330	100
50	47	331	100
51	47	345	100
52	47	335	100
53	47	379	100
54	47	369	100
55	47	6	100
56	47	39	100
57	47	119	100
58	47	192	100
59	47	69	100
60	47	63	100
61	47	340	100
62	47	49	100
63	47	77	100
64	47	92	100
65	47	87	100
66	47	88	100
67	47	138	100
68	47	145	100
69	47	138	100
70	47	126	100
71	47	106	100
72	47	73	100
73	47	6	100
74	47	90	100
75	47	139	100
76	47	69	100
77	47	35	100
78	47	35	100
79	47	35	100
80	47	41	100
81	47	22	100
82	47	22	100
83	47	22	100
84	47	23	100
85	47	45	100
86	47	28	100
87	47	40	100
88	47	348	100
89	47	5	100
90	47	6	100
91	47	6	100
92	47	33	100
93	47	223	100
94	47	82	100
95	47	0	100
96	47	22	100
97	47	22	100
98	47	21	100
99	47	34	100
100	47	41	100
101	47	6	100
102	47	6	100
103	47	115	100
104	47	114	100
105	47	13	60
106	47	83	60
107	47	84	60
108	47	145	60
109	47	89	8
110	47	77	8
111	47	73	8
112	47	6	8
113	47	6	8
114	47	6	8
115	47	6	8.417607
116	47	6	12.622721
117	47	77	24.392775
118	47	87	44.013634
119	47	138	66.178986
120	47	84	89.965561
121	47	88	109.696831
122	47	84	122.807091
123	47	138	128.066132
124	47	145	123.757278
125	47	88	108.060783
126	47	88	85.811539
127	47	138	62.236858
128	47	84	42.073219
0	48	336	12.356533
1	48	335	27.254086
2	48	321	43.298996
3	48	332	59.445465
4	48	350	75.463936
5	48	396	93.555367
6	48	397	110.800362
7	48	398	115.837715
8	48	92	110.247124
9	48	87	100.162605
10	48	138	86.643166
11	48	138	69.996643
12	48	138	50.645187
13	48	126	30.93079
14	48	336	22.07548
15	48	345	16.770065
16	48	350	11.003031
17	48	337	8
18	48	331	8
19	48	346	8
20	48	145	60
21	48	330	60
22	48	339	60
23	48	88	60
24	48	138	100
25	48	84	100
26	48	88	100
27	48	126	100
28	48	84	100
29	48	145	100
30	48	126	100
31	48	126	100
32	48	145	100
33	48	126	100
34	48	145	100
35	48	145	100
36	48	138	100
37	48	126	100
38	48	330	100
39	48	338	100
40	48	339	100
41	48	126	100
42	48	145	100
43	48	138	100
44	48	88	100
45	48	84	100
46	48	145	100
47	48	84	100
48	48	325	100
49	48	332	100
50	48	345	100
51	48	350	100
52	48	345	100
53	48	373	100
54	48	6	100
55	48	161	100
56	48	162	100
57	48	124	100
58	48	69	100
59	48	11	100
60	48	174	100
61	48	49	100
62	48	105	100
63	48	103	100
64	48	127	100
65	48	88	100
66	48	138	100
67	48	84	100
68	48	88	100
69	48	84	100
70	48	145	100
71	48	89	100
72	48	6	100
73	48	90	100
74	48	139	100
75	48	69	100
76	48	35	100
77	48	35	100
78	48	35	100
79	48	41	100
80	48	22	100
81	48	21	100
82	48	22	100
83	48	68	100
84	48	30	100
85	48	27	100
86	48	28	100
87	48	48	100
88	48	313	100
89	48	6	100
90	48	6	100
91	48	146	100
92	48	147	100
93	48	6	100
94	48	33	100
95	48	21	100
96	48	21	100
97	48	1	100
98	48	67	100
99	48	11	100
100	48	14	100
101	48	12	100
102	48	13	100
103	48	12	100
104	48	74	100
105	48	315	60
106	48	126	60
107	48	88	60
108	48	89	60
109	48	316	8
110	48	399	8
111	48	77	8
112	48	92	8
113	48	92	8
114	48	73	8
115	48	77	8
116	48	400	15.536413
117	48	317	27.468109
118	48	145	44.902428
119	48	138	69.123512
120	48	88	91.246742
121	48	84	108.945732
122	48	84	121.243027
123	48	126	125.194672
124	48	138	119.787201
125	48	126	104.997475
126	48	126	83.851013
127	48	325	62.005737
128	48	332	44.181568
0	49	345	13.600113
1	49	335	28.985832
2	49	334	44.469238
3	49	333	60.920174
4	49	379	77.060379
5	49	369	93.507988
6	49	105	109.680908
7	49	127	113.929962
8	49	138	106.674721
9	49	126	94.65712
10	49	138	79.519913
11	49	138	62.263874
12	49	325	43.423054
13	49	332	23.724127
14	49	334	16.897253
15	49	350	12.211406
16	49	321	8
17	49	332	8
18	49	321	8
19	49	317	8
20	49	138	60
21	49	138	60
22	49	84	60
23	49	145	60
24	49	126	100
25	49	126	100
26	49	126	100
27	49	84	100
28	49	126	100
29	49	138	100
30	49	88	100
31	49	84	100
32	49	145	100
33	49	145	100
34	49	88	100
35	49	145	100
36	49	126	100
37	49	126	100
38	49	84	100
39	49	88	100
40	49	84	100
41	49	126	100
42	49	126	100
43	49	138	100
44	49	145	100
45	49	138	100
46	49	145	100
47	49	330	100
48	49	338	100
49	49	338	100
50	49	331	100
51	49	335	100
52	49	373	100
53	49	6	100
54	49	10	100
55	49	35	100
56	49	124	100
57	49	98	100
58	49	58	100
59	49	141	100
60	49	401	100
61	49	77	100
62	49	92	100
63	49	87	100
64	49	84	100
65	49	126	100
66	49	84	100
67	49	126	100
68	49	126	100
69	49	84	100
70	49	89	100
71	49	6	100
72	49	90	100
73	49	139	100
74	49	69	100
75	49	35	100
76	49	35	100
77	49	35	100
78	49	41	100
79	49	21	100
80	49	22	100
81	49	21	100
82	49	68	100
83	49	46	100
84	49	25	100
85	49	27	100
86	49	29	100
87	49	40	100
88	49	348	100
89	49	18	100
90	49	5	100
91	49	6	100
92	49	6	100
93	49	33	100
94	49	21	100
95	49	22	100
96	49	34	100
97	49	35	100
98	49	35	100
99	49	35	100
100	49	41	100
101	49	115	100
102	49	212	100
103	49	303	100
104	49	152	100
105	49	256	60
106	49	88	60
107	49	89	60
108	49	402	60
109	49	403	8
110	49	404	8
111	49	368	8
112	49	324	8
113	49	399	8
114	49	316	8
115	49	405	9.507409
116	49	406	18.781368
117	49	103	29.890057
118	49	127	44.761936
119	49	84	69.56794
120	49	145	91.657928
121	49	88	109.699776
122	49	84	121.727798
123	49	145	125.147453
124	49	145	119.891685
125	49	145	105.6063
126	49	330	84.667488
127	49	331	62.947678
128	49	337	44.089203
0	50	331	13.310021
1	50	350	28.014168
2	50	337	43.115955
3	50	338	59.180351
4	50	407	76.993561
5	50	92	93.5261
6	50	87	106.501305
7	50	138	108.425385
8	50	88	100.290077
9	50	88	88.442993
10	50	138	73.481293
11	50	330	56.421024
12	50	331	37.619598
13	50	335	19.129162
14	50	334	12.834616
15	50	337	8.620914
16	50	331	8
17	50	337	8
18	50	339	8
19	50	88	8
20	50	145	60
21	50	88	60
22	50	138	60
23	50	138	60
24	50	138	100
25	50	138	100
26	50	138	100
27	50	84	100
28	50	138	100
29	50	138	100
30	50	88	100
31	50	126	100
32	50	145	100
33	50	126	100
34	50	84	100
35	50	126	100
36	50	138	100
37	50	88	100
38	50	145	100
39	50	126	100
40	50	84	100
41	50	88	100
42	50	84	100
43	50	88	100
44	50	84	100
45	50	145	100
46	50	88	100
47	50	145	100
48	50	88	100
49	50	336	100
50	50	345	100
51	50	373	100
52	50	6	100
53	50	57	100
54	50	55	100
55	50	56	100
56	50	29	100
57	50	142	100
58	50	62	100
59	50	41	100
60	50	105	100
61	50	127	100
62	50	84	100
63	50	84	100
64	50	84	100
65	50	145	100
66	50	138	100
67	50	126	100
68	50	126	100
69	50	89	100
70	50	6	100
71	50	90	100
72	50	342	100
73	50	162	100
74	50	35	100
75	50	35	100
76	50	35	100
77	50	41	100
78	50	22	100
79	50	22	100
80	50	21	100
81	50	25	100
82	50	47	100
83	50	21	100
84	50	68	100
85	50	30	100
86	50	27	100
87	50	46	100
88	50	22	100
89	50	116	100
90	50	6	100
91	50	111	100
92	50	20	100
93	50	22	100
94	50	22	100
95	50	80	100
96	50	65	100
97	50	66	100
98	50	63	100
99	50	114	100
100	50	13	100
101	50	42	100
102	50	186	100
103	50	75	100
104	50	315	100
105	50	145	60
106	50	106	60
107	50	73	60
108	50	402	60
109	50	387	8
110	50	402	8
111	50	397	8
112	50	387	8
113	50	402	8
114	50	387	8
115	50	6	12.023884
116	50	6	21.679829
117	50	90	31.834076
118	50	138	46.146816
119	50	126	67.271278
120	50	88	89.809776
121	50	84	111.19381
122	50	126	126.770935
123	50	145	130.506683
124	50	88	127.057411
125	50	325	112.33062
126	50	332	91.162109
127	50	321	67.113586
128	50	332	43.046627
0	51	337	11.568444
1	51	339	24.412739
2	51	84	39.725773
3	51	138	57.687428
4	51	126	75.865967
5	51	138	92.027016
6	51	126	103.237259
7	51	84	103.212074
8	51	145	96.906059
9	51	145	86.740875
10	51	126	72.357567
11	51	336	54.302677
12	51	333	35.17836
13	51	345	18.966343
14	51	321	14.596161
15	51	366	11.63091
16	51	339	9.040805
17	51	126	8
18	51	145	8
19	51	84	8
20	51	145	60
21	51	88	60
22	51	88	60
23	51	145	60
24	51	126	100
25	51	126	100
26	51	88	100
27	51	126	100
28	51	84	100
29	51	88	100
30	51	145	100
31	51	84	100
32	51	88	100
33	51	126	100
34	51	126	100
35	51	138	100
36	51	138	100
37	51	84	100
38	51	84	100
39	51	84	100
40	51	88	100
41	51	145	100
42	51	138	100
43	51	88	100
44	51	84	100
45	51	145	100
46	51	325	100
47	51	324	100
48	51	332	100
49	51	334	100
50	51	373	100
51	51	6	100
52	51	39	100
53	51	31	100
54	51	353	100
55	51	120	100
56	51	401	100
57	51	10	100
58	51	11	100
59	51	14	100
60	51	83	100
61	51	126	100
62	51	138	100
63	51	126	100
64	51	88	100
65	51	88	100
66	51	138	100
67	51	88	100
68	51	106	100
69	51	92	100
70	51	87	100
71	51	185	100
72	51	238	100
73	51	55	100
74	51	58	100
75	51	35	100
76	51	41	100
77	51	22	100
78	51	22	100
79	51	22	100
80	51	22	100
81	51	21	100
82	51	21	100
83	51	68	100
84	51	46	100
85	51	68	100
86	51	48	100
87	51	37	100
88	51	38	100
89	51	9	100
90	51	33	100
91	51	21	100
92	51	22	100
93	51	21	100
94	51	1	100
95	51	2	100
96	51	408	100
97	51	212	100
98	51	12	100
99	51	10	100
100	51	63	100
101	51	259	100
102	51	84	100
103	51	126	100
104	51	84	100
105	51	138	60
106	51	385	60
107	51	390	60
108	51	369	60
109	51	6	8
110	51	6	8
111	51	6	8
112	51	409	8
113	51	369	8
114	51	6	8.260704
115	51	77	13.389656
116	51	87	23.079271
117	51	126	33.327862
118	51	138	47.342312
119	51	138	64.797096
120	51	145	88.352783
121	51	126	112.409828
122	51	138	126.248543
123	51	325	130.479797
124	51	332	128.613129
125	51	345	115.305496
126	51	334	93.813438
127	51	333	69.063919
128	51	321	45.212154
0	52	317	9.925826
1	52	126	19.323954
2	52	88	36.541447
3	52	88	55.818535
4	52	84	73.021782
5	52	88	86.954605
6	52	84	95.50988
7	52	145	98.779335
8	52	84	95.981995
9	52	138	86.988861
10	52	336	73.688759
11	52	333	56.658527
12	52	350	37.744053
13	52	350	24.588453
14	52	346	20.900988
15	52	145	17.108438
16	52	126	12.512462
17	52	88	8.884842
18	52	84	8
19	52	88	8
20	52	145	60
21	52	138	60
22	52	88	60
23	52	138	60
24	52	88	100
25	52	88	100
26	52	88	100
27	52	145	100
28	52	145	100
29	52	88	100
30	52	88	100
31	52	138	100
32	52	138	100
33	52	88	100
34	52	145	100
35	52	88	100
36	52	88	100
37	52	138	100
38	52	84	100
39	52	145	100
40	52	126	100
41	52	84	100
42	52	126	100
43	52	88	100
44	52	84	100
45	52	330	100
46	52	338	100
47	52	331	100
48	52	350	100
49	52	373	100
50	52	6	100
51	52	39	100
52	52	40	100
53	52	312	100
54	52	58	100
55	52	11	100
56	52	311	100
57	52	306	100
58	52	61	100
59	52	263	100
60	52	127	100
61	52	84	100
62	52	84	100
63	52	126	100
64	52	88	100
65	52	88	100
66	52	126	100
67	52	85	100
68	52	103	100
69	52	127	100
70	52	309	100
71	52	318	100
72	52	120	100
73	52	162	100
74	52	35	100
75	52	41	100
76	52	0	100
77	52	223	100
78	52	82	100
79	52	82	100
80	52	82	100
81	52	82	100
82	52	233	100
83	52	410	100
84	52	68	100
85	52	28	100
86	52	28	100
87	52	28	100
88	52	49	100
89	52	33	100
90	52	21	100
91	52	21	100
92	52	1	100
93	52	113	100
94	52	66	100
95	52	11	100
96	52	255	100
97	52	114	100
98	52	115	100
99	52	114	100
100	52	90	100
101	52	84	100
102	52	88	100
103	52	88	100
104	52	126	100
105	52	336	60
106	52	350	60
107	52	379	60
108	52	390	60
109	52	369	8
110	52	6	8
111	52	402	8
112	52	387	8
113	52	77	8
114	52	87	8.589372
115	52	126	13.67722
116	52	88	22.616179
117	52	88	32.816177
118	52	145	45.980984
119	52	138	65.879776
120	52	138	88.91964
121	52	325	108.95784
122	52	332	119.688583
123	52	333	123.98864
124	52	334	121.599869
125	52	335	110.236877
126	52	337	91.282402
127	52	338	68.7286
128	52	339	46.455482
0	53	88	8.725649
1	53	84	15.872026
2	53	126	33.116676
3	53	145	50.846725
4	53	138	67.249062
5	53	145	80.276787
6	53	126	89.896072
7	53	88	96.653183
8	53	84	95.759377
9	53	336	88.438736
10	53	345	76.285507
11	53	335	60.936016
12	53	337	45.340565
13	53	339	32.729919
14	53	126	26.878561
15	53	138	22.397797
16	53	325	17.16869
17	53	324	11.454783
18	53	317	8.082496
19	53	84	8
20	53	126	60
21	53	84	60
22	53	84	60
23	53	88	60
24	53	88	100
25	53	138	100
26	53	145	100
27	53	145	100
28	53	138	100
29	53	138	100
30	53	126	100
31	53	84	100
32	53	84	100
33	53	145	100
34	53	126	100
35	53	138	100
36	53	138	100
37	53	126	100
38	53	126	100
39	53	138	100
40	53	145	100
41	53	126	100
42	53	84	100
43	53	88	100
44	53	84	100
45	53	84	100
46	53	336	100
47	53	345	100
48	53	373	100
49	53	6	100
50	53	161	100
51	53	192	100
52	53	29	100
53	53	98	100
54	53	411	100
55	53	307	100
56	53	278	100
57	53	92	100
58	53	92	100
59	53	87	100
60	53	145	100
61	53	88	100
62	53	138	100
63	53	84	100
64	53	138	100
65	53	85	100
66	53	104	100
67	53	6	100
68	53	105	100
69	53	412	100
70	53	162	100
71	53	35	100
72	53	35	100
73	53	35	100
74	53	41	100
75	53	33	100
76	53	4	100
77	53	5	100
78	53	6	100
79	53	6	100
80	53	111	100
81	53	18	100
82	53	20	100
83	53	68	100
84	53	28	100
85	53	28	100
86	53	30	100
87	53	413	100
88	53	20	100
89	53	21	100
90	53	22	100
91	53	80	100
92	53	349	100
93	53	67	100
94	53	64	100
95	53	184	100
96	53	6	100
97	53	6	100
98	53	6	100
99	53	90	100
100	53	145	100
101	53	138	100
102	53	126	100
103	53	325	100
104	53	332	100
105	53	335	60
106	53	334	60
107	53	333	60
108	53	379	60
109	53	369	8
110	53	6	8
111	53	6	8
112	53	90	8
113	53	145	8
114	53	88	8.615308
115	53	138	12.852036
116	53	84	20.428362
117	53	126	30.431122
118	53	138	43.051884
119	53	126	66.542068
120	53	336	89.092583
121	53	335	105.770645
122	53	333	114.467712
123	53	335	117.48304
124	53	345	114.190254
125	53	321	104.00174
126	53	317	87.665901
127	53	145	67.436111
128	53	84	47.154724
0	54	84	8
1	54	138	15.674763
2	54	88	29.389452
3	54	138	44.786186
4	54	88	59.609989
5	54	126	71.922829
6	54	325	85.119614
7	54	324	93.541588
8	54	332	93.525253
9	54	334	87.281479
10	54	333	77.442596
11	54	346	65.890663
12	54	145	53.07093
13	54	84	41.232044
14	54	325	32.30637
15	54	332	26.942038
16	54	333	21.028412
17	54	346	14.77882
18	54	84	8.982362
19	54	138	8
20	54	145	60
21	54	84	60
22	54	138	60
23	54	84	60
24	54	88	100
25	54	145	100
26	54	84	100
27	54	88	100
28	54	145	100
29	54	88	100
30	54	145	100
31	54	126	100
32	54	145	100
33	54	138	100
34	54	145	100
35	54	126	100
36	54	88	100
37	54	138	100
38	54	84	100
39	54	138	100
40	54	145	100
41	54	145	100
42	54	84	100
43	54	126	100
44	54	325	100
45	54	332	100
46	54	335	100
47	54	379	100
48	54	369	100
49	54	115	100
50	54	340	100
51	54	29	100
52	54	29	100
53	54	49	100
54	54	74	100
55	54	414	100
56	54	103	100
57	54	127	100
58	54	138	100
59	54	138	100
60	54	138	100
61	54	126	100
62	54	126	100
63	54	145	100
64	54	89	100
65	54	6	100
66	54	6	100
67	54	77	100
68	54	78	100
69	54	238	100
70	54	58	100
71	54	35	100
72	54	35	100
73	54	41	100
74	54	33	100
75	54	21	100
76	54	116	100
77	54	6	100
78	54	6	100
79	54	33	100
80	54	22	100
81	54	21	100
82	54	415	100
83	54	416	100
84	54	28	100
85	54	48	100
86	54	417	100
87	54	378	100
88	54	0	100
89	54	21	100
90	54	22	100
91	54	80	100
92	54	66	100
93	54	43	100
94	54	240	100
95	54	13	100
96	54	12	100
97	54	6	100
98	54	280	100
99	54	152	100
100	54	256	100
101	54	138	100
102	54	330	100
103	54	331	100
104	54	333	100
105	54	396	60
106	54	397	60
107	54	397	60
108	54	387	60
109	54	6	8
110	54	77	8
111	54	87	8
112	54	88	8
113	54	138	8
114	54	84	8.394018
115	54	84	11.5804
116	54	126	18.138718
117	54	126	28.778664
118	54	138	42.629143
119	54	336	65.473473
120	54	335	86.480492
121	54	335	102.249557
122	54	350	111.73571
123	54	334	114.964294
124	54	396	111.569817
125	54	418	100.344292
126	54	126	83.841995
127	54	145	63.973629
128	54	84	47.058342
0	55	145	8
1	55	84	15.331188
2	55	84	26.974964
3	55	126	39.58337
4	55	84	52.18367
5	55	336	64.055458
6	55	334	79.945969
7	55	350	90.786201
8	55	350	90.601509
9	55	337	85.780174
10	55	339	78.967812
11	55	88	70.820175
12	55	84	60.875652
13	55	330	48.671394
14	55	338	36.70322
15	55	338	30.343164
16	55	339	23.807215
17	55	126	17.11412
18	55	84	10.331049
19	55	138	8
20	55	145	60
21	55	145	60
22	55	88	60
23	55	126	60
24	55	145	100
25	55	88	100
26	55	138	100
27	55	84	100
28	55	126	100
29	55	126	100
30	55	84	100
31	55	88	100
32	55	126	100
33	55	145	100
34	55	325	100
35	55	317	100
36	55	126	100
37	55	88	100
38	55	84	100
39	55	145	100
40	55	84	100
41	55	88	100
42	55	145	100
43	55	336	100
44	55	334	100
45	55	350	100
46	55	335	100
47	55	373	100
48	55	6	100
49	55	39	100
50	55	119	100
51	55	319	100
52	55	97	100
53	55	90	100
54	55	106	100
55	55	92	100
56	55	87	100
57	55	84	100
58	55	126	100
59	55	88	100
60	55	126	100
61	55	84	100
62	55	177	100
63	55	281	100
64	55	6	100
65	55	77	100
66	55	87	100
67	55	185	100
68	55	124	100
69	55	69	100
70	55	35	100
71	55	35	100
72	55	41	100
73	55	20	100
74	55	21	100
75	55	116	100
76	55	6	100
77	55	6	100
78	55	33	100
79	55	22	100
80	55	22	100
81	55	382	100
82	55	419	100
83	55	28	100
84	55	28	100
85	55	359	100
86	55	389	100
87	55	20	100
88	55	21	100
89	55	21	100
90	55	21	100
91	55	80	100
92	55	66	100
93	55	41	100
94	55	10	100
95	55	41	100
96	55	13	100
97	55	42	100
98	55	186	100
99	55	315	100
100	55	138	100
101	55	88	100
102	55	336	100
103	55	396	100
104	55	387	100
105	55	6	60
106	55	6	60
107	55	6	60
108	55	6	60
109	55	90	8
110	55	138	8
111	55	126	8
112	55	138	8
113	55	88	8
114	55	145	8
115	55	88	10.488565
116	55	325	18.294973
117	55	324	28.797714
118	55	332	42.956215
119	55	350	61.417885
120	55	335	81.148308
121	55	333	96.258804
122	55	345	106.116562
123	55	373	110.813232
124	55	105	110.02002
125	55	103	96.94265
126	55	127	76.784821
127	55	138	57.490311
128	55	138	44.646152
0	56	126	8.068673
1	56	145	15.287561
2	56	138	24.653257
3	56	325	35.386307
4	56	332	46.422546
5	56	345	58.126446
6	56	337	74.641266
7	56	331	86.882233
8	56	321	87.188995
9	56	324	83.749573
10	56	324	79.133331
11	56	324	74.254646
12	56	317	67.0793
13	56	138	52.63237
14	56	145	38.957024
15	56	138	32.124706
16	56	126	25.220112
17	56	145	18.281412
18	56	145	11.324039
19	56	126	8
20	56	84	60
21	56	126	60
22	56	138	60
23	56	138	60
24	56	84	100
25	56	138	100
26	56	88	100
27	56	88	100
28	56	84	100
29	56	145	100
30	56	84	100
31	56	126	100
32	56	84	100
33	56	336	100
34	56	321	100
35	56	317	100
36	56	84	100
37	56	138	100
38	56	138	100
39	56	138	100
40	56	145	100
41	56	126	100
42	56	330	100
43	56	331	100
44	56	345	100
45	56	335	100
46	56	373	100
47	56	6	100
48	56	39	100
49	56	69	100
50	56	11	100
51	56	12	100
52	56	90	100
53	56	85	100
54	56	103	100
55	56	103	100
56	56	127	100
57	56	138	100
58	56	126	100
59	56	88	100
60	56	138	100
61	56	185	100
62	56	41	100
63	56	6	100
64	56	90	100
65	56	88	100
66	56	185	100
67	56	141	100
68	56	162	100
69	56	238	100
70	56	58	100
71	56	41	100
72	56	0	100
73	56	21	100
74	56	116	100
75	56	6	100
76	56	6	100
77	56	146	100
78	56	420	100
79	56	37	100
80	56	45	100
81	56	28	100
82	56	30	100
83	56	26	100
84	56	47	100
85	56	21	100
86	56	21	100
87	56	21	100
88	56	21	100
89	56	22	100
90	56	21	100
91	56	34	100
92	56	11	100
93	56	255	100
94	56	114	100
95	56	74	100
96	56	75	100
97	56	304	100
98	56	256	100
99	56	88	100
100	56	325	100
101	56	332	100
102	56	379	100
103	56	390	100
104	56	369	100
105	56	6	60
106	56	409	60
107	56	421	60
108	56	87	60
109	56	138	8
110	56	138	8
111	56	126	8
112	56	126	8
113	56	88	8
114	56	145	8
115	56	330	11.697819
116	56	331	19.934404
117	56	335	29.032026
118	56	335	41.825573
119	56	333	58.421612
120	56	345	73.280823
121	56	345	87.25312
122	56	422	96.418983
123	56	92	100.763519
124	56	92	100.110558
125	56	87	87.997719
126	56	88	67.238884
127	56	145	51.706429
128	56	145	39.562801
0	57	88	8.132317
1	57	84	14.383957
2	57	330	22.9046
3	57	331	31.586029
4	57	350	41.040421
5	57	321	52.103645
6	57	332	67.413239
7	57	337	78.457199
8	57	338	80.939423
9	57	338	79.604301
10	57	338	76.918411
11	57	339	74.057289
12	57	126	65.852074
13	57	84	51.263786
14	57	88	38.707977
15	57	145	31.952896
16	57	84	25.090073
17	57	126	18.177155
18	57	145	11.23717
19	57	88	8
20	57	145	60
21	57	138	60
22	57	138	60
23	57	84	60
24	57	88	100
25	57	138	100
26	57	84	100
27	57	126	100
28	57	138	100
29	57	145	100
30	57	126	100
31	57	88	100
32	57	336	100
33	57	334	100
34	57	346	100
35	57	88	100
36	57	88	100
37	57	88	100
38	57	138	100
39	57	138	100
40	57	84	100
41	57	325	100
42	57	332	100
43	57	350	100
44	57	396	100
45	57	387	100
46	57	6	100
47	57	161	100
48	57	162	100
49	57	63	100
50	57	114	100
51	57	90	100
52	57	89	100
53	57	6	100
54	57	6	100
55	57	105	100
56	57	103	100
57	57	127	100
58	57	85	100
59	57	103	100
60	57	284	100
61	57	114	100
62	57	6	100
63	57	105	100
64	57	271	100
65	57	170	100
66	57	35	100
67	57	35	100
68	57	141	100
69	57	162	100
70	57	41	100
71	57	33	100
72	57	21	100
73	57	116	100
74	57	6	100
75	57	6	100
76	57	7	100
77	57	52	100
78	57	29	100
79	57	29	100
80	57	28	100
81	57	46	100
82	57	21	100
83	57	22	100
84	57	21	100
85	57	21	100
86	57	22	100
87	57	22	100
88	57	21	100
89	57	21	100
90	57	34	100
91	57	63	100
92	57	212	100
93	57	166	100
94	57	277	100
95	57	152	100
96	57	196	100
97	57	315	100
98	57	325	100
99	57	332	100
100	57	333	100
101	57	333	100
102	57	345	100
103	57	373	100
104	57	6	100
105	57	402	60
106	57	418	60
107	57	135	60
108	57	137	60
109	57	126	8
110	57	126	8
111	57	88	8
112	57	84	8
113	57	126	8
114	57	325	8.306812
115	57	366	14.193834
116	57	331	21.54479
117	57	350	29.672596
118	57	335	40.327389
119	57	337	55.847511
120	57	338	68.757233
121	57	339	77.767181
122	57	138	83.724182
123	57	88	85.831535
124	57	88	83.142914
125	57	88	73.127457
126	57	84	58.42886
127	57	84	43.977325
128	57	88	34.395332
0	58	126	8
1	58	325	12.298676
2	58	332	20.242058
3	58	335	28.444456
4	58	334	37.490173
5	58	334	46.847755
6	58	321	59.674644
7	58	324	69.267311
8	58	317	73.898651
9	58	84	74.68483
10	58	138	72.688118
11	58	88	67.848694
12	58	145	58.623463
13	58	126	45.867752
14	58	145	35.94371
15	58	126	29.873962
16	58	88	23.438942
17	58	88	16.813152
18	58	84	10.077468
19	58	88	8
20	58	84	60
21	58	84	60
22	58	145	60
23	58	84	60
24	58	145	100
25	58	84	100
26	58	145	100
27	58	84	100
28	58	145	100
29	58	126	100
30	58	84	100
31	58	336	100
32	58	334	100
33	58	321	100
34	58	317	100
35	58	84	100
36	58	84	100
37	58	88	100
38	58	138	100
39	58	84	100
40	58	330	100
41	58	331	100
42	58	334	100
43	58	373	100
44	58	6	100
45	58	7	100
46	58	101	100
47	58	35	100
48	58	11	100
49	58	14	100
50	58	283	100
51	58	86	100
52	58	92	100
53	58	92	100
54	58	92	100
55	58	73	100
56	58	105	100
57	58	104	100
58	58	6	100
59	58	13	100
60	58	14	100
61	58	12	100
62	58	6	100
63	58	10	100
64	58	35	100
65	58	238	100
66	58	58	100
67	58	238	100
68	58	58	100
69	58	41	100
70	58	146	100
71	58	0	100
72	58	116	100
73	58	6	100
74	58	6	100
75	58	39	100
76	58	28	100
77	58	29	100
78	58	28	100
79	58	30	100
80	58	47	100
81	58	21	100
82	58	376	100
83	58	423	100
84	58	22	100
85	58	21	100
86	58	21	100
87	58	21	100
88	58	117	100
89	58	129	100
90	58	293	100
91	58	78	100
92	58	207	100
93	58	170	100
94	58	186	100
95	58	315	100
96	58	84	100
97	58	424	100
98	58	425	100
99	58	426	100
100	58	396	100
101	58	427	100
102	58	379	100
103	58	369	100
104	58	6	100
105	58	205	60
106	58	156	60
107	58	209	60
108	58	138	60
109	58	84	8
110	58	88	8
111	58	84	8
112	58	84	8
113	58	336	8
114	58	321	9.675139
115	58	332	16.462437
116	58	334	23.162365
117	58	333	30.5541
118	58	321	38.219395
119	58	317	53.059998
120	58	126	65.903534
121	58	88	73.741913
122	58	145	76.960976
123	58	84	76.95166
124	58	138	73.692909
125	58	138	66.457275
126	58	145	55.520546
127	58	126	41.580471
128	58	325	31.546444
0	59	332	8
1	59	333	10.272903
2	59	337	17.164606
3	59	331	26.947739
4	59	337	36.613274
5	59	338	45.181026
6	59	331	55.089935
7	59	321	63.400616
8	59	324	67.611946
9	59	317	68.412979
10	59	84	65.582397
11	59	88	59.360497
12	59	138	50.222256
13	59	145	38.302708
14	59	126	31.852606
15	59	138	26.269781
16	59	88	20.472914
17	59	88	14.310909
18	59	138	8.285913
19	59	84	8
20	59	126	60
21	59	138	60
22	59	145	60
23	59	84	60
24	59	88	100
25	59	145	100
26	59	145	100
27	59	126	100
28	59	145	100
29	59	126	100
30	59	336	100
31	59	350	100
32	59	335	100
33	59	321	100
34	59	324	100
35	59	317	100
36	59	145	100
37	59	126	100
38	59	126	100
39	59	126	100
40	59	336	100
41	59	345	100
42	59	373	100
43	59	6	100
44	59	39	100
45	59	69	100
46	59	35	100
47	59	35	100
48	59	35	100
49	59	41	100
50	59	90	100
51	59	85	100
52	59	103	100
53	59	103	100
54	59	104	100
55	59	6	100
56	59	77	100
57	59	294	100
58	59	42	100
59	59	35	100
60	59	11	100
61	59	14	100
62	59	42	100
63	59	35	100
64	59	141	100
65	59	162	100
66	59	141	100
67	59	162	100
68	59	41	100
69	59	6	100
70	59	33	100
71	59	116	100
72	59	6	100
73	59	7	100
74	59	52	100
75	59	29	100
76	59	29	100
77	59	29	100
78	59	46	100
79	59	22	100
80	59	21	100
81	59	363	100
82	59	428	100
83	59	21	100
84	59	21	100
85	59	21	100
86	59	22	100
87	59	134	100
88	59	145	100
89	59	177	100
90	59	170	100
91	59	35	100
92	59	35	100
93	59	102	100
94	59	84	100
95	59	145	100
96	59	139	100
97	59	29	100
98	59	429	100
99	59	430	100
100	59	431	100
101	59	425	100
102	59	432	100
103	59	8	100
104	59	433	100
105	59	158	60
106	59	159	60
107	59	325	60
108	59	317	60
109	59	84	8
110	59	145	8
111	59	138	8
112	59	336	8
113	59	334	8
114	59	334	10.629159
115	59	345	17.582535
116	59	335	24.515366
117	59	350	31.410606
118	59	321	38.316849
119	59	317	49.427719
120	59	84	63.123055
121	59	88	71.826317
122	59	88	74.85778
123	59	138	75.065674
124	59	145	72.435158
125	59	84	66.058792
126	59	126	55.840763
127	59	336	42.381638
128	59	350	31.584532
0	60	350	8.617518
1	60	321	10.728209
2	60	332	16.938551
3	60	346	27.768999
4	60	84	38.413555
5	60	330	46.373341
6	60	338	52.862007
7	60	331	59.245514
8	60	346	61.80386
9	60	88	60.788677
10	60	138	57.383888
11	60	126	50.613041
12	60	88	40.884014
13	60	145	33.006954
14	60	84	27.105413
15	60	145	21.602915
16	60	84	16.480089
17	60	88	10.855923
18	60	84	8
19	60	126	8
20	60	145	60
21	60	138	60
22	60	88	60
23	60	145	60
24	60	84	100
25	60	88	100
26	60	84	100
27	60	138	100
28	60	138	100
29	60	330	100
30	60	331	100
31	60	334	100
32	60	334	100
33	60	333	100
34	60	321	100
35	60	317	100
36	60	138	100
37	60	325	100
38	60	324	100
39	60	332	100
40	60	333	100
41	60	373	100
42	60	6	100
43	60	39	100
44	60	98	100
45	60	58	100
46	60	35	100
47	60	35	100
48	60	41	100
49	60	90	100
50	60	106	100
51	60	92	100
52	60	92	100
53	60	92	100
54	60	73	100
55	60	105	100
56	60	284	100
57	60	61	100
58	60	62	100
59	60	35	100
60	60	186	100
61	60	187	100
62	60	35	100
63	60	35	100
64	60	35	100
65	60	238	100
66	60	58	100
67	60	41	100
68	60	18	100
69	60	20	100
70	60	4	100
71	60	18	100
72	60	434	100
73	60	27	100
74	60	29	100
75	60	28	100
76	60	30	100
77	60	47	100
78	60	21	100
79	60	21	100
80	60	363	100
81	60	435	100
82	60	423	100
83	60	22	100
84	60	223	100
85	60	82	100
86	60	436	100
87	60	126	100
88	60	258	100
89	60	62	100
90	60	35	100
91	60	35	100
92	60	102	100
93	60	84	100
94	60	138	100
95	60	172	100
96	60	437	100
97	60	438	100
98	60	40	100
99	60	439	100
100	60	440	100
101	60	440	100
102	60	441	100
103	60	159	100
104	60	138	100
105	60	138	60
106	60	330	60
107	60	365	60
108	60	317	60
109	60	325	8
110	60	324	8
111	60	332	8
112	60	333	8
113	60	333	8
114	60	335	10.52123
115	60	334	17.456522
116	60	337	24.364233
117	60	338	31.2225
118	60	339	37.979443
119	60	126	44.612053
120	60	126	58.68663
121	60	126	68.94062
122	60	88	72.598198
123	60	145	72.933533
124	60	126	70.352402
125	60	88	64.236847
126	60	330	54.438206
127	60	331	41.388412
128	60	345	30.996918
0	61	335	10.903998
1	61	333	14.556352
2	61	346	21.599316
3	61	325	32.445103
4	61	317	43.350788
5	61	138	51.673183
6	61	330	56.101154
7	61	339	58.807465
8	61	88	58.988251
9	61	126	55.006802
10	61	145	48.387184
11	61	138	41.190575
12	61	88	33.996071
13	61	88	27.872065
14	61	84	21.891556
15	61	145	16.24119
16	61	145	11.733414
17	61	138	8.270145
18	61	88	8
19	61	126	8
20	61	84	60
21	61	84	60
22	61	138	60
23	61	84	60
24	61	126	100
25	61	88	100
26	61	138	100
27	61	84	100
28	61	145	100
29	61	336	100
30	61	345	100
31	61	337	100
32	61	331	100
33	61	350	100
34	61	346	100
35	61	325	100
36	61	332	100
37	61	345	100
38	61	335	100
39	61	396	100
40	61	387	100
41	61	6	100
42	61	50	100
43	61	32	100
44	61	69	100
45	61	35	100
46	61	35	100
47	61	41	100
48	61	105	100
49	61	103	100
50	61	103	100
51	61	127	100
52	61	85	100
53	61	104	100
54	61	6	100
55	61	6	100
56	61	13	100
57	61	311	100
58	61	75	100
59	61	315	100
60	61	185	100
61	61	35	100
62	61	238	100
63	61	58	100
64	61	141	100
65	61	162	100
66	61	41	100
67	61	21	100
68	61	21	100
69	61	223	100
70	61	82	100
71	61	0	100
72	61	25	100
73	61	27	100
74	61	29	100
75	61	48	100
76	61	24	100
77	61	22	100
78	61	21	100
79	61	363	100
80	61	442	100
81	61	360	100
82	61	21	100
83	61	116	100
84	61	6	100
85	61	90	100
86	61	85	100
87	61	104	100
88	61	74	100
89	61	187	100
90	61	35	100
91	61	102	100
92	61	145	100
93	61	145	100
94	61	84	100
95	61	336	100
96	61	443	100
97	61	444	100
98	61	445	100
99	61	396	100
100	61	397	100
101	61	418	100
102	61	88	100
103	61	88	100
104	61	145	100
105	61	138	60
106	61	336	60
107	61	321	60
108	61	366	60
109	61	331	8
110	61	335	8
111	61	333	8
112	61	345	8
113	61	333	8
114	61	334	9.487817
115	61	346	16.094564
116	61	145	22.725904
117	61	84	29.177443
118	61	126	36.106903
119	61	138	44.392582
120	61	84	55.02631
121	61	138	65.416916
122	61	88	70.859512
123	61	126	71.636726
124	61	88	68.246284
125	61	138	61.107536
126	61	336	51.490757
127	61	333	38.645287
128	61	337	29.412415
0	62	331	15.02912
1	62	321	21.172991
2	62	366	31.130199
3	62	365	42.29324
4	62	317	52.269516
5	62	145	59.454899
6	62	126	63.040276
7	62	88	62.80698
8	62	126	59.54929
9	62	126	51.094082
10	62	126	41.887543
11	62	145	34.806549
12	62	126	28.902817
13	62	126	22.905069
14	62	88	16.304459
15	62	138	10.796779
16	62	88	8.420415
17	62	84	8
18	62	84	8
19	62	145	8
20	62	126	60
21	62	145	60
22	62	138	60
23	62	138	60
24	62	88	100
25	62	88	100
26	62	138	100
27	62	126	100
28	62	336	100
29	62	345	100
30	62	321	100
31	62	366	100
32	62	331	100
33	62	321	100
34	62	332	100
35	62	345	100
36	62	350	100
37	62	396	100
38	62	387	100
39	62	6	100
40	62	6	100
41	62	13	100
42	62	174	100
43	62	98	100
44	62	58	100
45	62	35	100
46	62	41	100
47	62	77	100
48	62	92	100
49	62	92	100
50	62	87	100
51	62	89	100
52	62	6	100
53	62	6	100
54	62	6	100
55	62	10	100
56	62	207	100
57	62	256	100
58	62	88	100
59	62	185	100
60	62	35	100
61	62	124	100
62	62	69	100
63	62	35	100
64	62	35	100
65	62	41	100
66	62	22	100
67	62	22	100
68	62	4	100
69	62	5	100
70	62	146	100
71	62	0	100
72	62	68	100
73	62	28	100
74	62	28	100
75	62	46	100
76	62	22	100
77	62	22	100
78	62	446	100
79	62	360	100
80	62	22	100
81	62	21	100
82	62	116	100
83	62	6	100
84	62	280	100
85	62	281	100
86	62	6	100
87	62	90	100
88	62	91	100
89	62	187	100
90	62	207	100
91	62	152	100
92	62	447	100
93	62	324	100
94	62	332	100
95	62	333	100
96	62	379	100
97	62	380	100
98	62	373	100
99	62	6	100
100	62	90	100
101	62	84	100
102	62	145	100
103	62	84	100
104	62	145	100
105	62	336	60
106	62	337	60
107	62	365	60
108	62	332	60
109	62	334	8
110	62	333	8
111	62	335	8
112	62	335	8
113	62	337	8
114	62	339	8.411687
115	62	84	13.611043
116	62	88	19.791771
117	62	88	27.229012
118	62	138	36.166393
119	62	84	48.392044
120	62	84	61.494328
121	62	88	69.820358
122	62	84	73.692055
123	62	325	73.924835
124	62	324	69.639221
125	62	332	60.844543
126	62	334	47.926521
127	62	321	36.892399
128	62	332	30.600451
0	63	333	20.847719
1	63	321	29.19664
2	63	332	41.902199
3	63	346	53.723633
4	63	88	62.995178
5	63	84	69.650139
6	63	145	72.357635
7	63	145	71.004822
8	63	84	64.692322
9	63	84	52.815716
10	63	138	40.090935
11	63	88	30.930744
12	63	145	24.643398
13	63	88	17.958126
14	63	145	11.79719
15	63	84	8.048678
16	63	126	8
17	63	126	8
18	63	145	8
19	63	126	8
20	63	126	60
21	63	145	60
22	63	138	60
23	63	84	60
24	63	138	100
25	63	126	100
26	63	88	100
27	63	330	100
28	63	331	100
29	63	345	100
30	63	321	100
31	63	332	100
32	63	333	100
33	63	333	100
34	63	345	100
35	63	396	100
36	63	387	100
37	63	409	100
38	63	369	100
39	63	6	100
40	63	10	100
41	63	124	100
42	63	29	100
43	63	98	100
44	63	411	100
45	63	212	100
46	63	283	100
47	63	103	100
48	63	127	100
49	63	85	100
50	63	104	100
51	63	6	100
52	63	77	100
53	63	294	100
54	63	42	100
55	63	35	100
56	63	102	100
57	63	138	100
58	63	185	100
59	63	35	100
60	63	141	100
61	63	162	100
62	63	35	100
63	63	63	100
64	63	114	100
65	63	0	100
66	63	22	100
67	63	22	100
68	63	4	100
69	63	18	100
70	63	20	100
71	63	25	100
72	63	27	100
73	63	28	100
74	63	48	100
75	63	24	100
76	63	21	100
77	63	22	100
78	63	22	100
79	63	22	100
80	63	117	100
81	63	131	100
82	63	6	100
83	63	10	100
84	63	11	100
85	63	12	100
86	63	105	100
87	63	271	100
88	63	196	100
89	63	187	100
90	63	35	100
91	63	448	100
92	63	333	100
93	63	350	100
94	63	396	100
95	63	397	100
96	63	397	100
97	63	403	100
98	63	390	100
99	63	449	100
100	63	138	100
101	63	126	100
102	63	126	100
103	63	126	100
104	63	336	100
105	63	321	60
106	63	366	60
107	63	331	60
108	63	335	60
109	63	333	8
110	63	345	8
111	63	345	8
112	63	346	8
113	63	138	8
114	63	84	8
115	63	138	10.485879
116	63	138	17.289457
117	63	145	28.12912
118	63	84	40.565418
119	63	126	56.517994
120	63	88	70.91687
121	63	84	80.442345
122	63	336	84.731361
123	63	350	84.091728
124	63	345	78.968506
125	63	333	68.709503
126	63	334	53.186436
127	63	345	40.166962
128	63	350	33.787956
0	64	350	26.349733
1	64	337	36.659664
2	64	339	50.590836
3	64	138	64.913017
4	64	84	76.535149
5	64	145	83.199638
6	64	126	84.556717
7	64	138	81.746284
8	64	145	73.653351
9	64	138	59.80925
10	64	88	44.059742
11	64	138	29.635429
12	64	138	22.927477
13	64	138	16.27953
14	64	145	10.816953
15	64	138	8
16	64	138	8
17	64	84	8
18	64	126	8
19	64	84	8
20	64	138	60
21	64	138	60
22	64	145	60
23	64	126	60
24	64	145	100
25	64	88	100
26	64	88	100
27	64	330	100
28	64	338	100
29	64	331	100
30	64	334	100
31	64	334	100
32	64	345	100
33	64	333	100
34	64	379	100
35	64	369	100
36	64	402	100
37	64	387	100
38	64	6	100
39	64	115	100
40	64	340	100
41	64	31	100
42	64	32	100
43	64	165	100
44	64	311	100
45	64	293	100
46	64	92	100
47	64	87	100
48	64	89	100
49	64	6	100
50	64	13	100
51	64	283	100
52	64	295	100
53	64	35	100
54	64	35	100
55	64	102	100
56	64	84	100
57	64	185	100
58	64	35	100
59	64	238	100
60	64	58	100
61	64	35	100
62	64	41	100
63	64	6	100
64	64	33	100
65	64	21	100
66	64	22	100
67	64	21	100
68	64	21	100
69	64	22	100
70	64	21	100
71	64	25	100
72	64	26	100
73	64	27	100
74	64	46	100
75	64	376	100
76	64	423	100
77	64	21	100
78	64	22	100
79	64	450	100
80	64	104	100
81	64	6	100
82	64	115	100
83	64	292	100
84	64	299	100
85	64	12	100
86	64	74	100
87	64	414	100
88	64	395	100
89	64	75	100
90	64	451	100
91	64	331	100
92	64	345	100
93	64	373	100
94	64	6	100
95	64	6	100
96	64	374	100
97	64	396	100
98	64	406	100
99	64	127	100
100	64	84	100
101	64	145	100
102	64	126	100
103	64	330	100
104	64	331	100
105	64	321	60
106	64	366	60
107	64	331	60
108	64	337	60
109	64	331	8
110	64	337	8
111	64	339	8
112	64	138	8
113	64	84	8
114	64	84	8
115	64	126	8.745121
116	64	145	17.113752
117	64	126	31.422886
118	64	88	46.408272
119	64	145	64.862061
120	64	145	80.8797
121	64	336	91.804466
122	64	335	96.909721
123	64	334	96.154587
124	64	337	90.642647
125	64	331	80.532143
126	64	337	61.689304
127	64	331	46.295479
128	64	334	35.074806
0	65	321	30.22193
1	65	324	42.00193
2	65	324	57.457123
3	65	317	74.657921
4	65	126	89.504189
5	65	84	96.287888
6	65	126	96.071182
7	65	126	91.634621
8	65	126	81.050766
9	65	138	65.636925
10	65	138	48.534458
11	65	126	30.867357
12	65	88	22.470478
13	65	145	15.917992
14	65	126	10.004518
15	65	84	8
16	65	88	8
17	65	88	8
18	65	145	8
19	65	138	8
20	65	88	60
21	65	138	60
22	65	126	60
23	65	145	60
24	65	138	100
25	65	84	100
26	65	88	100
27	65	126	100
28	65	330	100
29	65	331	100
30	65	345	100
31	65	350	100
32	65	345	100
33	65	335	100
34	65	373	100
35	65	6	100
36	65	6	100
37	65	6	100
38	65	13	100
39	65	174	100
40	65	165	100
41	65	452	100
42	65	250	100
43	65	102	100
44	65	85	100
45	65	103	100
46	65	127	100
47	65	89	100
48	65	6	100
49	65	10	100
50	65	11	100
51	65	42	100
52	65	35	100
53	65	63	100
54	65	307	100
55	65	256	100
56	65	185	100
57	65	35	100
58	65	141	100
59	65	162	100
60	65	63	100
61	65	114	100
62	65	6	100
63	65	33	100
64	65	21	100
65	65	22	100
66	65	21	100
67	65	21	100
68	65	21	100
69	65	22	100
70	65	21	100
71	65	21	100
72	65	68	100
73	65	46	100
74	65	446	100
75	65	360	100
76	65	223	100
77	65	82	100
78	65	147	100
79	65	6	100
80	65	6	100
81	65	6	100
82	65	105	100
83	65	284	100
84	65	114	100
85	65	105	100
86	65	104	100
87	65	105	100
88	65	453	100
89	65	136	100
90	65	454	100
91	65	345	100
92	65	373	100
93	65	6	100
94	65	6	100
95	65	402	100
96	65	387	100
97	65	6	100
98	65	90	100
99	65	88	100
100	65	145	100
101	65	126	100
102	65	88	100
103	65	336	100
104	65	335	100
105	65	321	60
106	65	332	60
107	65	321	60
108	65	332	60
109	65	346	8
110	65	145	8
111	65	84	8
112	65	88	8
113	65	84	8
114	65	126	8
115	65	84	10.132777
116	65	88	20.166794
117	65	84	35.789162
118	65	145	52.15818
119	65	84	72.30146
120	65	336	90.60334
121	65	350	103.060539
122	65	350	108.032013
123	65	321	105.804893
124	65	332	98.481445
125	65	321	87.017014
126	65	332	69.170387
127	65	350	49.087746
128	65	334	34.732025
0	66	345	32.114223
1	66	350	45.352085
2	66	321	62.490269
3	66	317	81.079048
4	66	138	98.067848
5	66	84	105.640961
6	66	88	104.246544
7	66	145	97.86805
8	66	145	85.484093
9	66	88	69.080505
10	66	138	50.897797
11	66	138	31.916904
12	66	126	21.383812
13	66	138	14.459271
14	66	88	8.612408
15	66	138	8
16	66	88	8
17	66	138	8
18	66	145	8
19	66	88	8
20	66	126	60
21	66	126	60
22	66	126	60
23	66	84	60
24	66	126	100
25	66	138	100
26	66	88	100
27	66	145	100
28	66	330	100
29	66	331	100
30	66	345	100
31	66	333	100
32	66	345	100
33	66	379	100
34	66	390	100
35	66	369	100
36	66	6	100
37	66	115	100
38	66	455	100
39	66	162	100
40	66	41	100
41	66	10	100
42	66	207	100
43	66	281	100
44	66	6	100
45	66	90	100
46	66	89	100
47	66	6	100
48	66	10	100
49	66	35	100
50	66	63	100
51	66	62	100
52	66	41	100
53	66	10	100
54	66	102	100
55	66	309	100
56	66	58	100
57	66	35	100
58	66	35	100
59	66	41	100
60	66	6	100
61	66	6	100
62	66	33	100
63	66	22	100
64	66	22	100
65	66	21	100
66	66	22	100
67	66	21	100
68	66	22	100
69	66	21	100
70	66	22	100
71	66	25	100
72	66	96	100
73	66	417	100
74	66	378	100
75	66	147	100
76	66	6	100
77	66	6	100
78	66	6	100
79	66	6	100
80	66	6	100
81	66	6	100
82	66	6	100
83	66	13	100
84	66	12	100
85	66	13	100
86	66	12	100
87	66	456	100
88	66	438	100
89	66	429	100
90	66	426	100
91	66	379	100
92	66	369	100
93	66	6	100
94	66	77	100
95	66	92	100
96	66	73	100
97	66	90	100
98	66	84	100
99	66	126	100
100	66	84	100
101	66	325	100
102	66	332	100
103	66	334	100
104	66	345	100
105	66	334	60
106	66	333	60
107	66	337	60
108	66	339	60
109	66	138	8
110	66	88	8
111	66	126	8
112	66	88	8
113	66	88	8
114	66	88	8
115	66	138	12.616355
116	66	84	25.656666
117	66	84	41.73634
118	66	126	58.97084
119	66	336	78.765167
120	66	350	98.811195
121	66	350	113.393311
122	66	333	117.966965
123	66	333	113.631935
124	66	333	104.254051
125	66	333	91.059212
126	66	345	73.099876
127	66	345	51.669086
128	66	333	33.878918
0	67	333	31.852259
1	67	350	46.592281
2	67	321	64.464134
3	67	324	83.417686
4	67	457	101.060829
5	67	458	109.645775
6	67	317	108.002625
7	67	126	101.022484
8	67	88	87.339882
9	67	126	70.120842
10	67	138	51.093605
11	67	145	31.507723
12	67	88	19.775892
13	67	88	12.004233
14	67	145	8
15	67	88	8
16	67	126	8
17	67	88	8
18	67	126	8
19	67	84	8
20	67	145	60
21	67	84	60
22	67	84	60
23	67	138	60
24	67	138	100
25	67	88	100
26	67	126	100
27	67	138	100
28	67	330	100
29	67	331	100
30	67	337	100
31	67	331	100
32	67	345	100
33	67	335	100
34	67	379	100
35	67	369	100
36	67	6	100
37	67	57	100
38	67	55	100
39	67	459	100
40	67	115	100
41	67	292	100
42	67	76	100
43	67	6	100
44	67	90	100
45	67	89	100
46	67	6	100
47	67	10	100
48	67	35	100
49	67	41	100
50	67	74	100
51	67	76	100
52	67	115	100
53	67	307	100
54	67	460	100
55	67	162	100
56	67	238	100
57	67	55	100
58	67	459	100
59	67	6	100
60	67	6	100
61	67	33	100
62	67	22	100
63	67	22	100
64	67	21	100
65	67	22	100
66	67	22	100
67	67	21	100
68	67	22	100
69	67	22	100
70	67	22	100
71	67	415	100
72	67	461	100
73	67	364	100
74	67	7	100
75	67	8	100
76	67	9	100
77	67	6	100
78	67	6	100
79	67	6	100
80	67	13	100
81	67	14	100
82	67	462	100
83	67	463	100
84	67	42	100
85	67	11	100
86	67	464	100
87	67	465	100
88	67	440	100
89	67	466	100
90	67	426	100
91	67	379	100
92	67	369	100
93	67	90	100
94	67	84	100
95	67	106	100
96	67	87	100
97	67	88	100
98	67	126	100
99	67	138	100
100	67	336	100
101	67	345	100
102	67	335	100
103	67	345	100
104	67	334	100
105	67	334	60
106	67	346	60
107	67	138	60
108	67	84	60
109	67	84	8
110	67	126	8
111	67	145	8
112	67	138	8
113	67	126	8
114	67	145	8.067876
115	67	138	14.46509
116	67	325	30.07238
117	67	324	47.842701
118	67	332	65.795326
119	67	333	83.859299
120	67	333	105.745201
121	67	335	123.119408
122	67	337	127.334152
123	67	338	119.8629
124	67	331	107.642265
125	67	337	91.991035
126	67	338	73.213127
127	67	338	51.918247
128	67	338	30.642773
0	68	331	30.136797
1	68	335	45.88131
2	68	350	64.103783
3	68	467	82.260857
4	68	468	97.995422
5	68	346	106.463531
6	68	138	106.161957
7	68	138	99.114342
8	68	145	86.03067
9	68	138	68.892975
10	68	138	49.185123
11	68	145	29.805098
12	68	84	17.814781
13	68	88	10.18047
14	68	88	8
15	68	88	8
16	68	138	8
17	68	126	8
18	68	126	8
19	68	138	8
20	68	138	60
21	68	145	60
22	68	126	60
23	68	88	60
24	68	126	100
25	68	145	100
26	68	88	100
27	68	138	100
28	68	330	100
29	68	339	100
30	68	336	100
31	68	350	100
32	68	334	100
33	68	345	100
34	68	373	100
35	68	13	100
36	68	452	100
37	68	32	100
38	68	165	100
39	68	14	100
40	68	83	100
41	68	106	100
42	68	73	100
43	68	105	100
44	68	104	100
45	68	6	100
46	68	74	100
47	68	187	100
48	68	41	100
49	68	105	100
50	68	104	100
51	68	6	100
52	68	74	100
53	68	187	100
54	68	35	100
55	68	141	100
56	68	319	100
57	68	97	100
58	68	6	100
59	68	6	100
60	68	33	100
61	68	21	100
62	68	22	100
63	68	22	100
64	68	21	100
65	68	21	100
66	68	22	100
67	68	21	100
68	68	22	100
69	68	376	100
70	68	469	100
71	68	470	100
72	68	471	100
73	68	52	100
74	68	31	100
75	68	97	100
76	68	6	100
77	68	6	100
78	68	6	100
79	68	115	100
80	68	61	100
81	68	340	100
82	68	69	100
83	68	238	100
84	68	55	100
85	68	472	100
86	68	473	100
87	68	335	100
88	68	474	100
89	68	475	100
90	68	397	100
91	68	387	100
92	68	90	100
93	68	126	100
94	68	145	100
95	68	88	100
96	68	138	100
97	68	138	100
98	68	325	100
99	68	332	100
100	68	333	100
101	68	345	100
102	68	350	100
103	68	333	100
104	68	337	100
105	68	339	60
106	68	84	60
107	68	145	60
108	68	138	60
109	68	145	8
110	68	88	8
111	68	88	8
112	68	126	8
113	68	84	8
114	68	138	8.149377
115	68	336	15.083097
116	68	337	31.90239
117	68	331	50.674839
118	68	335	69.219444
119	68	337	87.328697
120	68	331	107.515106
121	68	321	125.853485
122	68	317	129.527603
123	68	330	119.780273
124	68	339	105.587479
125	68	126	88.709045
126	68	88	69.537758
127	68	88	48.448532
128	68	330	27.113995
0	69	338	26.940929
1	69	338	43.445786
2	69	331	60.753593
3	69	337	77.336357
4	69	339	90.777275
5	69	84	99.296478
6	69	88	100.898277
7	69	126	94.242134
8	69	138	81.049477
9	69	88	64.189049
10	69	126	45.475918
11	69	88	28.13019
12	69	84	16.657808
13	69	126	9.122252
14	69	84	8
15	69	138	8
16	69	145	8
17	69	84	8
18	69	88	8
19	69	85	8
20	69	103	60
21	69	103	60
22	69	127	60
23	69	145	60
24	69	84	100
25	69	138	100
26	69	145	100
27	69	145	100
28	69	88	100
29	69	330	100
30	69	331	100
31	69	335	100
32	69	334	100
33	69	373	100
34	69	10	100
35	69	41	100
36	69	50	100
37	69	476	100
38	69	411	100
39	69	307	100
40	69	152	100
41	69	278	100
42	69	73	100
43	69	6	100
44	69	6	100
45	69	280	100
46	69	170	100
47	69	41	100
48	69	6	100
49	69	6	100
50	69	6	100
51	69	90	100
52	69	185	100
53	69	63	100
54	69	61	100
55	69	114	100
56	69	6	100
57	69	13	100
58	69	12	100
59	69	33	100
60	69	22	100
61	69	22	100
62	69	22	100
63	69	21	100
64	69	22	100
65	69	22	100
66	69	21	100
67	69	22	100
68	69	446	100
69	69	477	100
70	69	478	100
71	69	419	100
72	69	31	100
73	69	97	100
74	69	7	100
75	69	9	100
76	69	6	100
77	69	6	100
78	69	111	100
79	69	5	100
80	69	39	100
81	69	98	100
82	69	56	100
83	69	28	100
84	69	479	100
85	69	335	100
86	69	396	100
87	69	387	100
88	69	6	100
89	69	409	100
90	69	390	100
91	69	449	100
92	69	138	100
93	69	88	100
94	69	126	100
95	69	88	100
96	69	126	100
97	69	330	100
98	69	331	100
99	69	333	100
100	69	334	100
101	69	350	100
102	69	396	100
103	69	418	100
104	69	126	100
105	69	88	60
106	69	126	60
107	69	145	60
108	69	126	60
109	69	84	8
110	69	88	8
111	69	88	8
112	69	84	8
113	69	84	8
114	69	336	8
115	69	321	13.799617
116	69	332	31.004353
117	69	337	49.559738
118	69	365	67.765869
119	69	332	85.29689
120	69	337	101.351395
121	69	365	116.24337
122	69	317	119.742973
123	69	145	111.32476
124	69	145	97.489082
125	69	88	80.757614
126	69	126	61.927059
127	69	126	41.403522
128	69	126	21.576765
0	70	145	22.422302
1	70	330	38.645439
2	70	339	54.979214
3	70	138	69.609016
4	70	88	82.12558
5	70	84	90.347656
6	70	88	93.172585
7	70	138	87.104118
8	70	84	74.054153
9	70	145	57.831444
10	70	84	41.146408
11	70	84	26.976713
12	70	126	16.118561
13	70	138	8.704423
14	70	84	8
15	70	126	8
16	70	88	8
17	70	85	8
18	70	104	8
19	70	6	8
20	70	77	60
21	70	87	60
22	70	88	60
23	70	145	60
24	70	88	100
25	70	126	100
26	70	88	100
27	70	88	100
28	70	126	100
29	70	330	100
30	70	331	100
31	70	345	100
32	70	373	100
33	70	10	100
34	70	11	100
35	70	14	100
36	70	122	100
37	70	401	100
38	70	74	100
39	70	75	100
40	70	315	100
41	70	310	100
42	70	14	100
43	70	12	100
44	70	10	100
45	70	35	100
46	70	41	100
47	70	6	100
48	70	6	100
49	70	77	100
50	70	87	100
51	70	258	100
52	70	114	100
53	70	6	100
54	70	13	100
55	70	14	100
56	70	42	100
57	70	41	100
58	70	33	100
59	70	22	100
60	70	21	100
61	70	21	100
62	70	22	100
63	70	21	100
64	70	21	100
65	70	22	100
66	70	22	100
67	70	22	100
68	70	363	100
69	70	480	100
70	70	31	100
71	70	97	100
72	70	6	100
73	70	39	100
74	70	49	100
75	70	6	100
76	70	6	100
77	70	257	100
78	70	16	100
79	70	452	100
80	70	32	100
81	70	119	100
82	70	120	100
83	70	481	100
84	70	335	100
85	70	373	100
86	70	6	100
87	70	6	100
88	70	402	100
89	70	397	100
90	70	418	100
91	70	145	100
92	70	126	100
93	70	126	100
94	70	138	100
95	70	145	100
96	70	84	100
97	70	336	100
98	70	334	100
99	70	350	100
100	70	337	100
101	70	381	100
102	70	105	100
103	70	368	100
104	70	317	100
105	70	138	60
106	70	88	60
107	70	84	60
108	70	126	60
109	70	84	8
110	70	126	8
111	70	145	8
112	70	145	8
113	70	336	8
114	70	334	8
115	70	335	12.012403
116	70	321	26.899858
117	70	366	44.672543
118	70	338	61.779705
119	70	339	78.073097
120	70	330	92.728119
121	70	339	103.106827
122	70	88	106.213936
123	70	84	98.58075
124	70	145	85.370918
125	70	88	68.83139
126	70	126	50.512711
127	70	138	31.034229
128	70	88	15.154121
0	71	84	17.862923
1	71	84	32.086514
2	71	138	46.624214
3	71	88	60.24855
4	71	126	71.566109
5	71	126	80.44825
6	71	88	84.148323
7	71	138	78.127632
8	71	84	65.945221
9	71	88	51.492001
10	71	126	37.072594
11	71	126	25.901876
12	71	84	16.163929
13	71	88	8.464111
14	71	85	8
15	71	103	8
16	71	104	8
17	71	77	8
18	71	92	8
19	71	87	8
20	71	84	60
21	71	84	60
22	71	88	60
23	71	145	60
24	71	126	100
25	71	138	100
26	71	126	100
27	71	88	100
28	71	126	100
29	71	336	100
30	71	334	100
31	71	379	100
32	71	482	100
33	71	483	100
34	71	63	100
35	71	62	100
36	71	41	100
37	71	90	100
38	71	85	100
39	71	103	100
40	71	484	100
41	71	58	100
42	71	11	100
43	71	42	100
44	71	35	100
45	71	41	100
46	71	6	100
47	71	77	100
48	71	87	100
49	71	85	100
50	71	282	100
51	71	14	100
52	71	14	100
53	71	42	100
54	71	35	100
55	71	35	100
56	71	41	100
57	71	33	100
58	71	22	100
59	71	21	100
60	71	22	100
61	71	22	100
62	71	22	100
63	71	21	100
64	71	21	100
65	71	21	100
66	71	22	100
67	71	446	100
68	71	485	100
69	71	413	100
70	71	18	100
71	71	226	100
72	71	52	100
73	71	49	100
74	71	6	100
75	71	6	100
76	71	10	100
77	71	35	100
78	71	11	100
79	71	122	100
80	71	486	100
81	71	58	100
82	71	448	100
83	71	345	100
84	71	379	100
85	71	390	100
86	71	369	100
87	71	6	100
88	71	6	100
89	71	105	100
90	71	127	100
91	71	138	100
92	71	145	100
93	71	84	100
94	71	126	100
95	71	126	100
96	71	336	100
97	71	335	100
98	71	333	100
99	71	346	100
100	71	106	100
101	71	73	100
102	71	402	100
103	71	487	100
104	71	324	100
105	71	317	60
106	71	145	60
107	71	88	60
108	71	126	60
109	71	88	8
110	71	138	8
111	71	138	8
112	71	330	8
113	71	331	8
114	71	335	8
115	71	334	9.641234
116	71	346	19.908159
117	71	88	36.522633
118	71	88	53.082607
119	71	88	69.374825
120	71	145	83.172623
121	71	138	92.399841
122	71	88	94.420212
123	71	138	86.928741
124	71	138	73.82666
125	71	126	57.480339
126	71	138	39.093803
127	71	126	21.62854
128	71	84	11.318771
0	72	88	13.794872
1	72	126	25.592903
2	72	138	37.548203
3	72	138	50.139343
4	72	138	61.647087
5	72	145	70.534027
6	72	126	74.537781
7	72	138	69.28344
8	72	84	58.753845
9	72	84	46.445961
10	72	126	34.76878
11	72	85	24.503609
12	72	103	15.551164
13	72	104	8.056926
14	72	77	8
15	72	73	8
16	72	105	8
17	72	103	8
18	72	103	8
19	72	103	8
20	72	103	60
21	72	127	60
22	72	145	60
23	72	138	60
24	72	84	100
25	72	88	100
26	72	138	100
27	72	84	100
28	72	488	100
29	72	397	100
30	72	427	100
31	72	334	100
32	72	489	100
33	72	99	100
34	72	101	100
35	72	41	100
36	72	205	100
37	72	490	100
38	72	6	100
39	72	39	100
40	72	69	100
41	72	35	100
42	72	35	100
43	72	35	100
44	72	41	100
45	72	77	100
46	72	87	100
47	72	138	100
48	72	106	100
49	72	78	100
50	72	35	100
51	72	35	100
52	72	35	100
53	72	35	100
54	72	35	100
55	72	41	100
56	72	33	100
57	72	21	100
58	72	21	100
59	72	21	100
60	72	21	100
61	72	22	100
62	72	376	100
63	72	423	100
64	72	376	100
65	72	377	100
66	72	423	100
67	72	223	100
68	72	0	100
69	72	23	100
70	72	45	100
71	72	29	100
72	72	49	100
73	72	6	100
74	72	6	100
75	72	115	100
76	72	61	100
77	72	62	100
78	72	238	100
79	72	56	100
80	72	491	100
81	72	492	100
82	72	350	100
83	72	396	100
84	72	397	100
85	72	387	100
86	72	77	100
87	72	92	100
88	72	92	100
89	72	87	100
90	72	138	100
91	72	138	100
92	72	85	100
93	72	103	100
94	72	103	100
95	72	493	100
96	72	335	100
97	72	345	100
98	72	346	100
99	72	138	100
100	72	385	100
101	72	421	100
102	72	494	100
103	72	331	100
104	72	321	100
105	72	317	60
106	72	84	60
107	72	126	60
108	72	145	60
109	72	138	8
110	72	88	8
111	72	84	8
112	72	336	8
113	72	337	8
114	72	331	8
115	72	346	8
116	72	88	14.626146
117	72	84	26.737329
118	72	84	44.167942
119	72	84	60.672401
120	72	138	74.144806
121	72	84	82.66423
122	72	88	84.407867
123	72	145	78.483231
124	72	126	66.279488
125	72	88	50.07238
126	72	84	32.192554
127	72	145	17.560188
128	72	84	10.004892
0	73	145	11.55743
1	73	88	19.877216
2	73	84	30.854204
3	73	145	42.567265
4	73	88	52.818829
5	73	88	61.620823
6	73	145	66.166763
7	73	84	62.088917
8	73	126	53.610378
9	73	85	43.429581
10	73	104	34.681732
11	73	6	25.551651
12	73	77	16.278387
13	73	87	9.520461
14	73	89	8.593044
15	73	6	8
16	73	6	8
17	73	6	8
18	73	6	8
19	73	6	8
20	73	90	60
21	73	145	60
22	73	84	60
23	73	88	60
24	73	145	100
25	73	126	100
26	73	145	100
27	73	385	100
28	73	390	100
29	73	380	100
30	73	345	100
31	73	495	100
32	73	496	100
33	73	69	100
34	73	11	100
35	73	174	100
36	73	40	100
37	73	8	100
38	73	52	100
39	73	98	100
40	73	55	100
41	73	497	100
42	73	187	100
43	73	302	100
44	73	87	100
45	73	138	100
46	73	138	100
47	73	138	100
48	73	185	100
49	73	35	100
50	73	238	100
51	73	58	100
52	73	35	100
53	73	35	100
54	73	41	100
55	73	33	100
56	73	21	100
57	73	22	100
58	73	21	100
59	73	22	100
60	73	376	100
61	73	469	100
62	73	428	100
63	73	363	100
64	73	442	100
65	73	360	100
66	73	4	100
67	73	498	100
68	73	45	100
69	73	28	100
70	73	28	100
71	73	49	100
72	73	6	100
73	73	6	100
74	73	6	100
75	73	6	100
76	73	115	100
77	73	340	100
78	73	499	100
79	73	473	100
80	73	500	100
81	73	501	100
82	73	387	100
83	73	6	100
84	73	6	100
85	73	105	100
86	73	127	100
87	73	145	100
88	73	138	100
89	73	88	100
90	73	126	100
91	73	106	100
92	73	73	100
93	73	6	100
94	73	502	100
95	73	331	100
96	73	345	100
97	73	346	100
98	73	138	100
99	73	330	100
100	73	339	100
101	73	84	100
102	73	330	100
103	73	338	100
104	73	339	100
105	73	84	60
106	73	88	60
107	73	88	60
108	73	88	60
109	73	325	8
110	73	324	8
111	73	332	8
112	73	321	8
113	73	332	8
114	73	321	8
115	73	317	8
116	73	84	9.702335
117	73	145	21.086987
118	73	126	36.174103
119	73	145	52.584469
120	73	138	65.932877
121	73	145	74.089241
122	73	84	75.874634
123	73	88	70.833786
124	73	145	60.000633
125	73	126	45.307884
126	73	138	29.713408
127	73	126	17.180098
128	73	145	9.605343
0	74	145	10.542939
1	74	145	16.863895
2	74	145	26.630835
3	74	88	37.734371
4	74	84	47.660915
5	74	84	55.586876
6	74	84	59.310238
7	74	126	57.23777
8	74	106	52.759716
9	74	92	47.898006
10	74	92	40.615868
11	74	87	31.52519
12	74	138	21.952513
13	74	106	15.936379
14	74	92	13.708545
15	74	73	10.672376
16	74	6	8.465923
17	74	6	8
18	74	6	8
19	74	90	8
20	74	126	60
21	74	84	60
22	74	126	60
23	74	126	60
24	74	126	100
25	74	145	100
26	74	330	100
27	74	331	100
28	74	335	100
29	74	334	100
30	74	335	100
31	74	443	100
32	74	503	100
33	74	35	100
34	74	124	100
35	74	31	100
36	74	32	100
37	74	29	100
38	74	28	100
39	74	29	100
40	74	209	100
41	74	91	100
42	74	304	100
43	74	152	100
44	74	152	100
45	74	152	100
46	74	256	100
47	74	185	100
48	74	35	100
49	74	141	100
50	74	486	100
51	74	58	100
52	74	35	100
53	74	41	100
54	74	33	100
55	74	22	100
56	74	21	100
57	74	22	100
58	74	22	100
59	74	363	100
60	74	504	100
61	74	428	100
62	74	363	100
63	74	435	100
64	74	423	100
65	74	21	100
66	74	68	100
67	74	28	100
68	74	29	100
69	74	28	100
70	74	40	100
71	74	9	100
72	74	6	100
73	74	6	100
74	74	7	100
75	74	8	100
76	74	505	100
77	74	506	100
78	74	507	100
79	74	508	100
80	74	41	100
81	74	6	100
82	74	6	100
83	74	6	100
84	74	77	100
85	74	87	100
86	74	88	100
87	74	126	100
88	74	88	100
89	74	84	100
90	74	138	100
91	74	385	100
92	74	390	100
93	74	327	100
94	74	332	100
95	74	337	100
96	74	339	100
97	74	88	100
98	74	138	100
99	74	88	100
100	74	138	100
101	74	84	100
102	74	126	100
103	74	84	100
104	74	145	100
105	74	126	60
106	74	84	60
107	74	138	60
108	74	336	60
109	74	334	8
110	74	333	8
111	74	334	8
112	74	350	8
113	74	337	8
114	74	365	8
115	74	317	8
116	74	138	9.52028
117	74	145	19.08103
118	74	138	33.114582
119	74	138	46.717106
120	74	145	58.502586
121	74	84	66.465073
122	74	138	68.75415
123	74	88	64.623077
124	74	88	55.426746
125	74	84	43.709911
126	74	88	31.464857
127	74	145	19.8573
128	74	88	10.74649
0	75	84	9.420332
1	75	138	15.607732
2	75	84	25.28141
3	75	88	35.954784
4	75	84	45.897457
5	75	126	53.662727
6	75	84	57.538136
7	75	126	59.075611
8	75	126	58.216328
9	75	145	53.606266
10	75	84	46.16515
11	75	84	37.516468
12	75	138	28.695578
13	75	84	23.057711
14	75	89	20.038322
15	75	6	16.312756
16	75	6	11.78223
17	75	6	8.514751
18	75	105	8
19	75	103	8
20	75	127	60
21	75	88	60
22	75	145	60
23	75	84	60
24	75	138	100
25	75	84	100
26	75	336	100
27	75	333	100
28	75	333	100
29	75	396	100
30	75	509	100
31	75	510	100
32	75	35	100
33	75	141	100
34	75	121	100
35	75	174	100
36	75	29	100
37	75	28	100
38	75	29	100
39	75	209	100
40	75	138	100
41	75	91	100
42	75	187	100
43	75	186	100
44	75	187	100
45	75	207	100
46	75	170	100
47	75	35	100
48	75	35	100
49	75	141	100
50	75	162	100
51	75	35	100
52	75	41	100
53	75	20	100
54	75	22	100
55	75	21	100
56	75	21	100
57	75	22	100
58	75	363	100
59	75	470	100
60	75	428	100
61	75	446	100
62	75	477	100
63	75	428	100
64	75	21	100
65	75	25	100
66	75	27	100
67	75	29	100
68	75	29	100
69	75	28	100
70	75	40	100
71	75	9	100
72	75	6	100
73	75	39	100
74	75	31	100
75	75	250	100
76	75	41	100
77	75	511	100
78	75	512	100
79	75	114	100
80	75	6	100
81	75	6	100
82	75	77	100
83	75	87	100
84	75	88	100
85	75	138	100
86	75	84	100
87	75	325	100
88	75	324	100
89	75	324	100
90	75	366	100
91	75	331	100
92	75	333	100
93	75	337	100
94	75	339	100
95	75	138	100
96	75	126	100
97	75	145	100
98	75	126	100
99	75	138	100
100	75	126	100
101	75	84	100
102	75	84	100
103	75	145	100
104	75	84	100
105	75	126	60
106	75	88	60
107	75	330	60
108	75	331	60
109	75	335	8
110	75	334	8
111	75	345	8
112	75	346	8
113	75	330	8
114	75	339	8
115	75	84	8
116	75	88	11.682082
117	75	84	21.208199
118	75	84	32.902023
119	75	126	44.864746
120	75	88	55.475357
121	75	88	63.383121
122	75	84	66.665703
123	75	126	63.445606
124	75	84	55.446022
125	75	84	45.21426
126	75	138	34.265514
127	75	145	23.375362
128	75	88	13.223805
0	76	145	8.546773
1	76	145	15.207389
2	76	88	25.133001
3	76	84	36.003262
4	76	84	45.682468
5	76	145	53.122974
6	76	126	58.75251
7	76	138	63.845875
8	76	126	63.502193
9	76	84	59.509319
10	76	138	52.503613
11	76	138	44.350685
12	76	126	36.17514
13	76	89	30.207708
14	76	77	26.068644
15	76	73	21.679327
16	76	6	16.525496
17	76	6	10.964153
18	76	6	8.040195
19	76	105	8
20	76	127	60
21	76	84	60
22	76	84	60
23	76	88	60
24	76	126	100
25	76	336	100
26	76	334	100
27	76	333	100
28	76	373	100
29	76	39	100
30	76	98	100
31	76	58	100
32	76	63	100
33	76	61	100
34	76	243	100
35	76	32	100
36	76	29	100
37	76	160	100
38	76	159	100
39	76	145	100
40	76	177	100
41	76	170	100
42	76	207	100
43	76	170	100
44	76	35	100
45	76	35	100
46	76	35	100
47	76	35	100
48	76	238	100
49	76	58	100
50	76	238	100
51	76	459	100
52	76	22	100
53	76	22	100
54	76	21	100
55	76	21	100
56	76	22	100
57	76	363	100
58	76	470	100
59	76	435	100
60	76	423	100
61	76	446	100
62	76	360	100
63	76	21	100
64	76	21	100
65	76	68	100
66	76	28	100
67	76	31	100
68	76	51	100
69	76	51	100
70	76	97	100
71	76	6	100
72	76	39	100
73	76	49	100
74	76	115	100
75	76	114	100
76	76	513	100
77	76	514	100
78	76	6	100
79	76	13	100
80	76	166	100
81	76	87	100
82	76	145	100
83	76	84	100
84	76	88	100
85	76	325	100
86	76	332	100
87	76	350	100
88	76	337	100
89	76	365	100
90	76	332	100
91	76	335	100
92	76	346	100
93	76	84	100
94	76	145	100
95	76	84	100
96	76	126	100
97	76	88	100
98	76	84	100
99	76	145	100
100	76	145	100
101	76	88	100
102	76	126	100
103	76	145	100
104	76	88	100
105	76	126	60
106	76	325	60
107	76	366	60
108	76	331	60
109	76	350	8
110	76	333	8
111	76	346	8
112	76	126	8
113	76	88	8
114	76	138	8
115	76	138	8
116	76	126	14.061801
117	76	145	24.200531
118	76	138	34.38884
119	76	145	45.320663
120	76	126	55.934841
121	76	84	65.047714
122	76	145	70.660843
123	76	84	66.254822
124	76	84	57.493599
125	76	126	47.120514
126	76	145	36.527473
127	76	145	26.029108
128	76	88	15.91061
0	77	145	8.627336
1	77	84	15.984457
2	77	126	26.130163
3	77	138	36.300629
4	77	145	45.536915
5	77	84	53.367455
6	77	145	63.295063
7	77	88	69.453178
8	77	138	68.702065
9	77	138	65.175766
10	77	145	59.498863
11	77	145	52.14452
12	77	89	44.375031
13	77	105	37.210106
14	77	104	31.574409
15	77	6	26.35248
16	77	77	20.510117
17	77	73	14.309377
18	77	6	8.973522
19	77	90	8
20	77	88	60
21	77	84	60
22	77	84	60
23	77	88	60
24	77	336	100
25	77	335	100
26	77	396	100
27	77	387	100
28	77	39	100
29	77	28	100
30	77	69	100
31	77	41	100
32	77	6	100
33	77	6	100
34	77	39	100
35	77	28	100
36	77	209	100
37	77	84	100
38	77	145	100
39	77	91	100
40	77	187	100
41	77	35	100
42	77	35	100
43	77	35	100
44	77	35	100
45	77	238	100
46	77	55	100
47	77	318	100
48	77	486	100
49	77	56	100
50	77	49	100
51	77	22	100
52	77	22	100
53	77	22	100
54	77	22	100
55	77	22	100
56	77	446	100
57	77	477	100
58	77	504	100
59	77	428	100
60	77	22	100
61	77	21	100
62	77	22	100
63	77	21	100
64	77	68	100
65	77	30	100
66	77	413	100
67	77	18	100
68	77	18	100
69	77	5	100
70	77	6	100
71	77	50	100
72	77	97	100
73	77	6	100
74	77	6	100
75	77	10	100
76	77	11	100
77	77	14	100
78	77	311	100
79	77	315	100
80	77	84	100
81	77	84	100
82	77	138	100
83	77	88	100
84	77	336	100
85	77	350	100
86	77	333	100
87	77	321	100
88	77	332	100
89	77	334	100
90	77	334	100
91	77	321	100
92	77	317	100
93	77	138	100
94	77	126	100
95	77	126	100
96	77	84	100
97	77	126	100
98	77	145	100
99	77	84	100
100	77	84	100
101	77	84	100
102	77	325	100
103	77	324	100
104	77	324	100
105	77	332	60
106	77	321	60
107	77	332	60
108	77	333	60
109	77	345	8
110	77	346	8
111	77	138	8
112	77	138	8
113	77	84	8
114	77	88	8
115	77	138	8
116	77	84	15.260303
117	77	88	25.609827
118	77	126	35.890141
119	77	138	46.041603
120	77	84	56.25256
121	77	84	65.820961
122	77	84	72.243317
123	77	84	67.65387
124	77	126	58.477192
125	77	138	47.966141
126	77	126	37.742157
127	77	84	27.478643
128	77	88	17.13862
0	78	88	9.481504
1	78	88	17.527966
2	78	138	26.79822
3	78	84	36.850414
4	78	88	46.736317
5	78	84	56.3283
6	78	138	68.648788
7	78	138	75.031929
8	78	84	74.453407
9	78	138	71.147926
10	78	145	66.749481
11	78	89	61.337532
12	78	6	53.959732
13	78	6	44.21357
14	78	6	36.622402
15	78	90	29.9508
16	78	106	23.454023
17	78	92	16.784857
18	78	167	10.229183
19	78	103	8
20	78	103	60
21	78	103	60
22	78	127	60
23	78	336	60
24	78	334	100
25	78	379	100
26	78	390	100
27	78	515	100
28	78	119	100
29	78	162	100
30	78	41	100
31	78	6	100
32	78	6	100
33	78	39	100
34	78	28	100
35	78	209	100
36	78	145	100
37	78	88	100
38	78	177	100
39	78	170	100
40	78	35	100
41	78	35	100
42	78	35	100
43	78	238	100
44	78	56	100
45	78	29	100
46	78	69	100
47	78	124	100
48	78	29	100
49	78	49	100
50	78	0	100
51	78	22	100
52	78	22	100
53	78	21	100
54	78	22	100
55	78	376	100
56	78	469	100
57	78	478	100
58	78	516	100
59	78	417	100
60	78	423	100
61	78	22	100
62	78	23	100
63	78	45	100
64	78	48	100
65	78	24	100
66	78	21	100
67	78	22	100
68	78	116	100
69	78	6	100
70	78	6	100
71	78	6	100
72	78	6	100
73	78	6	100
74	78	115	100
75	78	292	100
76	78	75	100
77	78	315	100
78	78	88	100
79	78	145	100
80	78	145	100
81	78	145	100
82	78	126	100
83	78	330	100
84	78	331	100
85	78	350	100
86	78	333	100
87	78	350	100
88	78	333	100
89	78	337	100
90	78	331	100
91	78	321	100
92	78	317	100
93	78	126	100
94	78	145	100
95	78	126	100
96	78	88	100
97	78	138	100
98	78	145	100
99	78	145	100
100	78	88	100
101	78	330	100
102	78	331	100
103	78	333	100
104	78	345	100
105	78	333	60
106	78	350	60
107	78	335	60
108	78	335	60
109	78	346	8
110	78	88	8
111	78	84	8
112	78	145	8
113	78	138	8
114	78	145	8
115	78	126	8
116	78	145	14.80542
117	78	145	25.07375
118	78	84	35.240128
119	78	84	45.223221
120	78	145	54.986641
121	78	88	64.713058
122	78	145	71.73922
123	78	84	67.993362
124	78	84	59.687286
125	78	145	49.617794
126	78	126	38.655853
127	78	126	27.435831
128	78	84	16.666565
0	79	126	10.552956
1	79	84	18.822172
2	79	88	27.920347
3	79	88	38.780136
4	79	138	49.772289
5	79	84	61.161114
6	79	84	74.55764
7	79	145	80.737587
8	79	84	80.838806
9	79	126	79.356163
10	79	89	76.607925
11	79	6	73.268959
12	79	6	65.784981
13	79	6	51.900913
14	79	90	42.130814
15	79	88	33.746101
16	79	138	25.445566
17	79	106	18.107672
18	79	73	11.142253
19	79	6	8
20	79	6	60
21	79	90	60
22	79	336	60
23	79	396	60
24	79	427	100
25	79	333	100
26	79	517	100
27	79	69	100
28	79	63	100
29	79	114	100
30	79	6	100
31	79	7	100
32	79	52	100
33	79	28	100
34	79	155	100
35	79	137	100
36	79	126	100
37	79	91	100
38	79	187	100
39	79	35	100
40	79	35	100
41	79	35	100
42	79	124	100
43	79	28	100
44	79	29	100
45	79	69	100
46	79	141	100
47	79	192	100
48	79	49	100
49	79	33	100
50	79	22	100
51	79	21	100
52	79	22	100
53	79	22	100
54	79	363	100
55	79	470	100
56	79	480	100
57	79	29	100
58	79	359	100
59	79	518	100
60	79	423	100
61	79	68	100
62	79	30	100
63	79	27	100
64	79	48	100
65	79	24	100
66	79	22	100
67	79	116	100
68	79	6	100
69	79	6	100
70	79	6	100
71	79	6	100
72	79	6	100
73	79	6	100
74	79	280	100
75	79	256	100
76	79	145	100
77	79	138	100
78	79	88	100
79	79	138	100
80	79	126	100
81	79	145	100
82	79	88	100
83	79	330	100
84	79	331	100
85	79	345	100
86	79	335	100
87	79	350	100
88	79	321	100
89	79	332	100
90	79	333	100
91	79	346	100
92	79	126	100
93	79	126	100
94	79	138	100
95	79	138	100
96	79	138	100
97	79	84	100
98	79	126	100
99	79	325	100
100	79	317	100
101	79	330	100
102	79	331	100
103	79	345	100
104	79	335	100
105	79	350	60
106	79	337	60
107	79	338	60
108	79	339	60
109	79	88	8
110	79	84	8
111	79	138	8
112	79	84	8
113	79	84	8
114	79	126	8
115	79	126	8
116	79	88	12.72805
117	79	88	22.64115
118	79	138	32.32003
119	79	138	42.012619
120	79	84	52.704144
121	79	126	62.967884
122	79	138	70.323013
123	79	138	69.465042
124	79	88	62.988041
125	79	88	53.088619
126	79	126	40.839508
127	79	84	27.953175
128	79	88	15.462011
0	80	84	10.994835
1	80	138	19.163797
2	80	126	30.257935
3	80	126	42.535793
4	80	84	54.229328
5	80	126	66.045494
6	80	84	79.431557
7	80	88	86.012543
8	80	84	88.771011
9	80	89	88.770332
10	80	6	86.252937
11	80	77	81.794548
12	80	92	71.356277
13	80	87	56.276676
14	80	138	47.029293
15	80	84	37.573776
16	80	138	27.632904
17	80	106	18.57604
18	80	73	11.187346
19	80	6	8
20	80	316	60
21	80	332	60
22	80	373	60
23	80	374	60
24	80	519	100
25	80	520	100
26	80	142	100
27	80	114	100
28	80	7	100
29	80	9	100
30	80	39	100
31	80	29	100
32	80	29	100
33	80	28	100
34	80	209	100
35	80	138	100
36	80	126	100
37	80	185	100
38	80	35	100
39	80	35	100
40	80	35	100
41	80	141	100
42	80	120	100
43	80	120	100
44	80	162	100
45	80	238	100
46	80	56	100
47	80	49	100
48	80	33	100
49	80	21	100
50	80	21	100
51	80	22	100
52	80	21	100
53	80	446	100
54	80	477	100
55	80	521	100
56	80	416	100
57	80	46	100
58	80	363	100
59	80	428	100
60	80	25	100
61	80	47	100
62	80	25	100
63	80	26	100
64	80	47	100
65	80	21	100
66	80	116	100
67	80	6	100
68	80	6	100
69	80	6	100
70	80	13	100
71	80	14	100
72	80	14	100
73	80	42	100
74	80	102	100
75	80	126	100
76	80	84	100
77	80	138	100
78	80	88	100
79	80	145	100
80	80	325	100
81	80	324	100
82	80	317	100
83	80	336	100
84	80	334	100
85	80	350	100
86	80	337	100
87	80	338	100
88	80	338	100
89	80	338	100
90	80	339	100
91	80	138	100
92	80	88	100
93	80	126	100
94	80	138	100
95	80	145	100
96	80	126	100
97	80	84	100
98	80	336	100
99	80	346	100
100	80	126	100
101	80	336	100
102	80	350	100
103	80	333	100
104	80	334	100
105	80	321	60
106	80	324	60
107	80	317	60
108	80	145	60
109	80	145	8
110	80	138	8
111	80	84	8
112	80	88	8
113	80	84	8
114	80	126	8
115	80	145	8
116	80	145	10.428461
117	80	88	18.516333
118	80	126	27.599627
119	80	138	38.769779
120	80	84	51.772545
121	80	126	64.338104
122	80	145	72.488724
123	80	84	74.065758
124	80	88	69.348984
125	80	126	59.614449
126	80	145	46.273827
127	80	84	30.9995
128	80	138	16.315321
0	81	126	10.860443
1	81	84	19.278326
2	81	88	32.503849
3	81	88	45.584003
4	81	126	57.545555
5	81	145	68.900749
6	81	84	81.928635
7	81	88	90.694595
8	81	106	94.196663
9	81	92	93.999977
10	81	87	90.647301
11	81	88	83.498985
12	81	88	70.977867
13	81	84	56.907139
14	81	145	49.107452
15	81	126	39.864639
16	81	145	29.674114
17	81	385	19.078472
18	81	369	10.151569
19	81	402	8
20	81	427	60
21	81	373	60
22	81	374	60
23	81	517	60
24	81	31	100
25	81	522	100
26	81	14	100
27	81	174	100
28	81	49	100
29	81	39	100
30	81	29	100
31	81	28	100
32	81	29	100
33	81	209	100
34	81	126	100
35	81	84	100
36	81	185	100
37	81	35	100
38	81	35	100
39	81	238	100
40	81	55	100
41	81	55	100
42	81	55	100
43	81	55	100
44	81	56	100
45	81	29	100
46	81	49	100
47	81	20	100
48	81	21	100
49	81	21	100
50	81	22	100
51	81	21	100
52	81	21	100
53	81	363	100
54	81	442	100
55	81	523	100
56	81	46	100
57	81	363	100
58	81	428	100
59	81	22	100
60	81	22	100
61	81	22	100
62	81	22	100
63	81	22	100
64	81	22	100
65	81	116	100
66	81	6	100
67	81	13	100
68	81	14	100
69	81	42	100
70	81	35	100
71	81	63	100
72	81	524	100
73	81	525	100
74	81	145	100
75	81	138	100
76	81	145	100
77	81	88	100
78	81	138	100
79	81	330	100
80	81	331	100
81	81	321	100
82	81	332	100
83	81	350	100
84	81	350	100
85	81	321	100
86	81	317	100
87	81	88	100
88	81	145	100
89	81	138	100
90	81	88	100
91	81	126	100
92	81	145	100
93	81	88	100
94	81	145	100
95	81	138	100
96	81	145	100
97	81	336	100
98	81	321	100
99	81	324	100
100	81	332	100
101	81	345	100
102	81	334	100
103	81	335	100
104	81	333	100
105	81	345	60
106	81	321	60
107	81	324	60
108	81	324	60
109	81	324	8
110	81	324	8
111	81	324	8
112	81	317	8
113	81	88	8
114	81	88	8
115	81	145	8
116	81	84	8.743189
117	81	138	13.643729
118	81	88	22.954807
119	81	88	37.83411
120	81	138	54.663849
121	81	84	68.846733
122	81	126	78.015503
123	81	126	80.975952
124	81	138	77.356346
125	81	145	67.748573
126	81	84	53.364983
127	81	138	36.734711
128	81	84	21.067406
0	82	88	10.296697
1	82	88	20.207405
2	82	145	32.941448
3	82	126	46.06044
4	82	84	58.014755
5	82	138	68.371628
6	82	145	81.30941
7	82	84	91.25959
8	82	84	94.997208
9	82	84	94.503609
10	82	145	90.728371
11	82	138	82.726616
12	82	84	70.066673
13	82	126	56.492599
14	82	145	49.05624
15	82	84	40.119312
16	82	336	30.048737
17	82	373	19.310995
18	82	6	9.224121
19	82	374	8
20	82	379	60
21	82	526	60
22	82	527	60
23	82	165	60
24	82	255	100
25	82	62	100
26	82	124	100
27	82	49	100
28	82	39	100
29	82	28	100
30	82	28	100
31	82	29	100
32	82	209	100
33	82	84	100
34	82	88	100
35	82	91	100
36	82	187	100
37	82	35	100
38	82	141	100
39	82	192	100
40	82	28	100
41	82	28	100
42	82	119	100
43	82	120	100
44	82	120	100
45	82	401	100
46	82	0	100
47	82	21	100
48	82	21	100
49	82	22	100
50	82	21	100
51	82	376	100
52	82	528	100
53	82	529	100
54	82	45	100
55	82	46	100
56	82	446	100
57	82	360	100
58	82	22	100
59	82	21	100
60	82	21	100
61	82	21	100
62	82	22	100
63	82	22	100
64	82	116	100
65	82	6	100
66	82	115	100
67	82	62	100
68	82	35	100
69	82	35	100
70	82	41	100
71	82	374	100
72	82	346	100
73	82	126	100
74	82	84	100
75	82	126	100
76	82	325	100
77	82	317	100
78	82	88	100
79	82	336	100
80	82	335	100
81	82	350	100
82	82	345	100
83	82	333	100
84	82	337	100
85	82	339	100
86	82	88	100
87	82	126	100
88	82	88	100
89	82	145	100
90	82	84	100
91	82	145	100
92	82	145	100
93	82	138	100
94	82	88	100
95	82	88	100
96	82	336	100
97	82	345	100
98	82	334	100
99	82	334	100
100	82	333	100
101	82	334	100
102	82	350	100
103	82	350	100
104	82	335	100
105	82	335	60
106	82	350	60
107	82	335	60
108	82	337	60
109	82	338	8
110	82	338	8
111	82	339	8
112	82	126	8.600539
113	82	138	9.797439
114	82	145	10.322984
115	82	84	9.987804
116	82	84	9.069666
117	82	138	10.32323
118	82	126	20.636356
119	82	126	39.669483
120	82	145	58.012688
121	82	145	73.031731
122	82	126	83.492218
123	82	88	87.969215
124	82	88	85.24131
125	82	145	75.443886
126	82	126	60.951153
127	82	84	44.529263
128	82	84	29.128393
0	83	138	10.085148
1	83	138	20.509417
2	83	88	32.182667
3	83	88	44.108192
4	83	126	55.79353
5	83	138	65.652061
6	83	84	78.278763
7	83	126	88.590736
8	83	138	93.044128
9	83	84	93.313087
10	83	88	89.741081
11	83	138	82.630363
12	83	84	71.279488
13	83	145	57.333099
14	83	138	47.809811
15	83	336	38.551277
16	83	373	28.640701
17	83	6	18.057434
18	83	374	9.868559
19	83	396	8
20	83	387	60
21	83	161	60
22	83	162	60
23	83	11	60
24	83	42	100
25	83	124	100
26	83	165	100
27	83	122	100
28	83	192	100
29	83	29	100
30	83	29	100
31	83	155	100
32	83	137	100
33	83	177	100
34	83	152	100
35	83	170	100
36	83	35	100
37	83	35	100
38	83	124	100
39	83	28	100
40	83	119	100
41	83	486	100
42	83	55	100
43	83	58	100
44	83	41	100
45	83	33	100
46	83	21	100
47	83	22	100
48	83	21	100
49	83	21	100
50	83	363	100
51	83	428	100
52	83	25	100
53	83	27	100
54	83	46	100
55	83	21	100
56	83	22	100
57	83	21	100
58	83	21	100
59	83	21	100
60	83	22	100
61	83	223	100
62	83	82	100
63	83	147	100
64	83	6	100
65	83	13	100
66	83	42	100
67	83	35	100
68	83	35	100
69	83	11	100
70	83	530	100
71	83	346	100
72	83	126	100
73	83	145	100
74	83	84	100
75	83	330	100
76	83	365	100
77	83	324	100
78	83	366	100
79	83	331	100
80	83	345	100
81	83	335	100
82	83	345	100
83	83	346	100
84	83	126	100
85	83	145	100
86	83	138	100
87	83	138	100
88	83	145	100
89	83	88	100
90	83	88	100
91	83	84	100
92	83	145	100
93	83	138	100
94	83	84	100
95	83	336	100
96	83	337	100
97	83	331	100
98	83	345	100
99	83	333	100
100	83	333	100
101	83	345	100
102	83	350	100
103	83	334	100
104	83	335	100
105	83	350	60
106	83	337	60
107	83	339	60
108	83	84	60
109	83	145	8
110	83	138	8.273379
111	83	84	12.498648
112	83	138	15.936116
113	83	145	18.065619
114	83	126	18.715117
115	83	145	17.823122
116	83	145	15.464444
117	83	138	12.839879
118	83	88	24.76544
119	83	84	42.218842
120	83	126	60.09623
121	83	145	75.924225
122	83	145	88.18528
123	83	126	95.029312
124	83	88	93.52317
125	83	84	83.513824
126	83	145	68.927299
127	83	126	52.96096
128	83	88	37.561131
0	84	126	10.105525
1	84	88	19.602333
2	84	138	30.29491
3	84	126	41.049812
4	84	138	51.802467
5	84	126	61.276806
6	84	88	74.013641
7	84	88	84.338226
8	84	126	88.558006
9	84	145	89.157539
10	84	145	86.67601
11	84	138	81.591599
12	84	145	72.460678
13	84	88	58.492599
14	84	488	46.928486
15	84	387	35.982433
16	84	6	25.495106
17	84	374	16.121984
18	84	373	10.942207
19	84	6	8
20	84	10	60
21	84	63	60
22	84	62	60
23	84	35	60
24	84	141	100
25	84	531	100
26	84	292	100
27	84	532	100
28	84	154	100
29	84	29	100
30	84	29	100
31	84	209	100
32	84	185	100
33	84	35	100
34	84	35	100
35	84	35	100
36	84	35	100
37	84	124	100
38	84	28	100
39	84	98	100
40	84	56	100
41	84	119	100
42	84	162	100
43	84	41	100
44	84	20	100
45	84	22	100
46	84	22	100
47	84	21	100
48	84	22	100
49	84	363	100
50	84	428	100
51	84	21	100
52	84	68	100
53	84	46	100
54	84	21	100
55	84	21	100
56	84	22	100
57	84	223	100
58	84	82	100
59	84	82	100
60	84	147	100
61	84	111	100
62	84	5	100
63	84	6	100
64	84	115	100
65	84	62	100
66	84	35	100
67	84	186	100
68	84	75	100
69	84	533	100
70	84	346	100
71	84	126	100
72	84	126	100
73	84	84	100
74	84	325	100
75	84	332	100
76	84	334	100
77	84	321	100
78	84	332	100
79	84	335	100
80	84	345	100
81	84	337	100
82	84	339	100
83	84	138	100
84	84	145	100
85	84	84	100
86	84	138	100
87	84	88	100
88	84	126	100
89	84	126	100
90	84	88	100
91	84	88	100
92	84	138	100
93	84	88	100
94	84	336	100
95	84	321	100
96	84	332	100
97	84	335	100
98	84	334	100
99	84	337	100
100	84	338	100
101	84	331	100
102	84	337	100
103	84	338	100
104	84	338	100
105	84	365	60
106	84	317	60
107	84	145	60
108	84	126	60
109	84	126	8.897685
110	84	145	14.91152
111	84	145	20.079964
112	84	126	24.106306
113	84	126	26.657124
114	84	84	27.4498
115	84	88	26.375629
116	84	84	23.562578
117	84	88	21.662846
118	84	84	33.035408
119	84	138	46.31123
120	84	138	62.33997
121	84	84	78.93338
122	84	126	93.139893
123	84	145	103.177467
124	84	88	103.302261
125	84	84	91.561447
126	84	84	76.188553
127	84	145	60.29068
128	84	138	44.044899
0	85	145	9.739821
1	85	84	17.791258
2	85	126	27.265675
3	85	145	37.017181
4	85	126	46.489708
5	85	84	55.581371
6	85	84	69.904869
7	85	138	78.076508
8	85	138	80.580124
9	85	145	81.757637
10	85	138	80.502914
11	85	138	77.056557
12	85	325	69.580215
13	85	326	55.867134
14	85	369	44.048878
15	85	6	33.165028
16	85	402	22.247942
17	85	387	16.431099
18	85	6	11.204361
19	85	10	8
20	85	41	60
21	85	10	60
22	85	63	60
23	85	62	60
24	85	302	100
25	85	87	100
26	85	138	100
27	85	172	100
28	85	154	100
29	85	29	100
30	85	155	100
31	85	534	100
32	85	35	100
33	85	35	100
34	85	35	100
35	85	35	100
36	85	141	100
37	85	192	100
38	85	29	100
39	85	29	100
40	85	98	100
41	85	58	100
42	85	11	100
43	85	21	100
44	85	21	100
45	85	22	100
46	85	21	100
47	85	376	100
48	85	535	100
49	85	536	100
50	85	21	100
51	85	68	100
52	85	46	100
53	85	21	100
54	85	21	100
55	85	223	100
56	85	133	100
57	85	5	100
58	85	6	100
59	85	111	100
60	85	20	100
61	85	116	100
62	85	6	100
63	85	6	100
64	85	115	100
65	85	61	100
66	85	307	100
67	85	152	100
68	85	537	100
69	85	339	100
70	85	138	100
71	85	126	100
72	85	145	100
73	85	336	100
74	85	335	100
75	85	345	100
76	85	335	100
77	85	334	100
78	85	345	100
79	85	337	100
80	85	365	100
81	85	324	100
82	85	324	100
83	85	317	100
84	85	84	100
85	85	138	100
86	85	126	100
87	85	88	100
88	85	88	100
89	85	138	100
90	85	84	100
91	85	145	100
92	85	84	100
93	85	336	100
94	85	345	100
95	85	333	100
96	85	350	100
97	85	333	100
98	85	321	100
99	85	317	100
100	85	336	100
101	85	346	100
102	85	126	100
103	85	126	100
104	85	336	100
105	85	321	60
106	85	317	60
107	85	126	60
108	85	88	60.06786
109	85	88	14.509016
110	85	84	21.235203
111	85	138	27.191748
112	85	88	32.000858
113	85	84	35.161659
114	85	88	36.17625
115	85	126	34.828136
116	85	88	31.361307
117	85	145	30.968605
118	85	138	41.89497
119	85	145	52.11105
120	85	85	64.648445
121	85	127	80.779686
122	85	138	96.32737
123	85	126	108.807716
124	85	88	110.148933
125	85	145	96.622902
126	85	138	80.826263
127	85	138	64.209274
128	85	84	47.24387
0	86	88	9.053375
1	86	126	15.571548
2	86	145	23.48918
3	86	126	31.936369
4	86	126	39.825047
5	86	84	49.101837
6	86	84	61.774738
7	86	84	70.293579
8	86	88	73.344833
9	86	84	74.31057
10	86	145	73.18261
11	86	330	69.391777
12	86	331	61.796066
13	86	373	48.810738
14	86	6	39.106949
15	86	409	31.193817
16	86	369	23.223478
17	86	6	15.759133
18	86	115	10.637281
19	86	114	8
20	86	74	60
21	86	299	60
22	86	42	60
23	86	207	60
24	86	152	100
25	86	256	100
26	86	88	100
27	86	172	100
28	86	158	100
29	86	154	100
30	86	98	100
31	86	55	100
32	86	58	100
33	86	35	100
34	86	35	100
35	86	35	100
36	86	124	100
37	86	28	100
38	86	119	100
39	86	192	100
40	86	69	100
41	86	35	100
42	86	538	100
43	86	377	100
44	86	377	100
45	86	423	100
46	86	446	100
47	86	523	100
48	86	46	100
49	86	22	100
50	86	68	100
51	86	48	100
52	86	24	100
53	86	21	100
54	86	116	100
55	86	146	100
56	86	133	100
57	86	5	100
58	86	33	100
59	86	21	100
60	86	116	100
61	86	6	100
62	86	6	100
63	86	13	100
64	86	12	100
65	86	115	100
66	86	292	100
67	86	315	100
68	86	145	100
69	86	126	100
70	86	126	100
71	86	325	100
72	86	366	100
73	86	331	100
74	86	335	100
75	86	335	100
76	86	350	100
77	86	334	100
78	86	346	100
79	86	336	100
80	86	337	100
81	86	338	100
82	86	339	100
83	86	88	100
84	86	126	100
85	86	126	100
86	86	88	100
87	86	88	100
88	86	145	100
89	86	126	100
90	86	126	100
91	86	325	100
92	86	332	100
93	86	345	100
94	86	350	100
95	86	334	100
96	86	345	100
97	86	333	100
98	86	346	100
99	86	330	100
100	86	339	100
101	86	145	100
102	86	126	100
103	86	330	100
104	86	331	100
105	86	346	60
106	86	145	60
107	86	88	60
108	86	138	63.35017
109	86	126	19.19356
110	86	126	26.671059
111	86	138	33.546497
112	86	88	39.392601
113	86	88	43.48542
114	86	126	44.88525
115	86	126	43.081409
116	86	85	38.618542
117	86	103	37.59808
118	86	103	47.065678
119	86	104	56.555439
120	86	105	66.176285
121	86	127	80.060616
122	86	138	95.586594
123	86	126	108.296608
124	86	88	107.974236
125	86	325	95.463867
126	86	317	80.06395
127	86	88	63.667599
128	86	85	46.83371
0	87	127	8.285395
1	87	138	13.292479
2	87	84	19.569567
3	87	84	26.40061
4	87	126	32.653122
5	87	88	41.669159
6	87	85	53.204773
7	87	368	63.326031
8	87	317	69.591873
9	87	85	72.491188
10	87	103	71.79628
11	87	386	67.501137
12	87	387	58.270809
13	87	409	46.370075
14	87	380	37.960144
15	87	379	30.501713
16	87	369	22.736795
17	87	6	14.662804
18	87	6	9.281528
19	87	280	8
20	87	170	60
21	87	63	60
22	87	292	60
23	87	187	60
24	87	171	100
25	87	539	100
26	87	103	100
27	87	127	100
28	87	139	100
29	87	29	100
30	87	28	100
31	87	98	100
32	87	58	100
33	87	35	100
34	87	63	100
35	87	243	100
36	87	32	100
37	87	98	100
38	87	56	100
39	87	69	100
40	87	35	100
41	87	540	100
42	87	383	100
43	87	541	100
44	87	435	100
45	87	377	100
46	87	542	100
47	87	46	100
48	87	22	100
49	87	25	100
50	87	27	100
51	87	222	100
52	87	82	100
53	87	147	100
54	87	6	100
55	87	146	100
56	87	147	100
57	87	146	100
58	87	82	100
59	87	147	100
60	87	6	100
61	87	6	100
62	87	115	100
63	87	114	100
64	87	6	100
65	87	280	100
66	87	447	100
67	87	324	100
68	87	317	100
69	87	84	100
70	87	330	100
71	87	339	100
72	87	336	100
73	87	335	100
74	87	333	100
75	87	334	100
76	87	334	100
77	87	321	100
78	87	366	100
79	87	339	100
80	87	145	100
81	87	126	100
82	87	145	100
83	87	138	100
84	87	84	100
85	87	138	100
86	87	126	100
87	87	126	100
88	87	84	100
89	87	84	100
90	87	336	100
91	87	335	100
92	87	335	100
93	87	333	100
94	87	335	100
95	87	345	100
96	87	350	100
97	87	346	100
98	87	88	100
99	87	126	100
100	87	138	100
101	87	126	100
102	87	138	100
103	87	330	100
104	87	339	100
105	87	145	60
106	87	138	60
107	87	88	60.088455
108	87	138	66.312073
109	87	126	22.665287
110	87	88	30.833088
111	87	84	38.660007
112	87	126	45.788857
113	87	84	51.349953
114	87	88	53.544621
115	87	106	50.847824
116	87	73	44.803329
117	87	6	41.542614
118	87	6	48.0243
119	87	6	57.168243
120	87	105	65.938927
121	87	127	77.210808
122	87	145	90.903999
123	87	84	100.289421
124	87	336	97.682159
125	87	321	87.229195
126	87	324	73.836784
127	87	399	58.804363
128	87	105	42.885624
0	88	103	8
1	88	368	10.586587
2	88	367	15.861908
3	88	103	21.204443
4	88	103	26.69726
5	88	104	36.207928
6	88	402	47.365562
7	88	487	58.825699
8	88	326	66.927689
9	88	390	71.919563
10	88	390	73.135246
11	88	390	68.788651
12	88	380	58.805527
13	88	333	47.828186
14	88	345	37.790367
15	88	373	28.386684
16	88	6	20.845192
17	88	13	13.045047
18	88	42	8.02655
19	88	35	8
20	88	41	60
21	88	280	60
22	88	170	60
23	88	201	60
24	88	97	100
25	88	77	100
26	88	246	100
27	88	156	100
28	88	29	100
29	88	29	100
30	88	119	100
31	88	162	100
32	88	35	100
33	88	41	100
34	88	6	100
35	88	39	100
36	88	28	100
37	88	119	100
38	88	162	100
39	88	35	100
40	88	521	100
41	88	416	100
42	88	543	100
43	88	504	100
44	88	470	100
45	88	480	100
46	88	48	100
47	88	24	100
48	88	22	100
49	88	68	100
50	88	49	100
51	88	6	100
52	88	6	100
53	88	6	100
54	88	6	100
55	88	6	100
56	88	6	100
57	88	6	100
58	88	6	100
59	88	6	100
60	88	6	100
61	88	6	100
62	88	6	100
63	88	6	100
64	88	10	100
65	88	544	100
66	88	338	100
67	88	339	100
68	88	138	100
69	88	84	100
70	88	84	100
71	88	330	100
72	88	338	100
73	88	331	100
74	88	335	100
75	88	337	100
76	88	338	100
77	88	339	100
78	88	126	100
79	88	145	100
80	88	126	100
81	88	126	100
82	88	145	100
83	88	88	100
84	88	84	100
85	88	84	100
86	88	145	100
87	88	145	100
88	88	138	100
89	88	330	100
90	88	338	100
91	88	331	100
92	88	335	100
93	88	345	100
94	88	337	100
95	88	331	100
96	88	545	100
97	88	256	100
98	88	138	100
99	88	84	100
100	88	126	100
101	88	145	100
102	88	85	100
103	88	103	100
104	88	368	100
105	88	317	60
106	88	126	60
107	88	145	60.684067
108	88	126	67.959412
109	88	126	24.632053
110	88	145	33.263893
111	88	138	41.812233
112	88	138	50.148781
113	88	88	57.731079
114	88	138	61.870453
115	88	89	56.920292
116	88	6	48.790867
117	88	6	43.395191
118	88	6	47.432999
119	88	6	56.482189
120	88	105	64.810585
121	88	127	73.366135
122	88	138	84.053658
123	88	330	89.234337
124	88	338	86.117455
125	88	338	76.627449
126	88	546	63.941048
127	88	390	50.353458
128	88	369	35.825138
0	89	402	8
1	89	403	8.577629
2	89	369	11.837461
3	89	6	16.087198
4	89	6	22.483643
5	89	6	33.684776
6	89	402	44.300159
7	89	397	54.658848
8	89	397	63.839615
9	89	547	69.687225
10	89	338	71.879814
11	89	338	67.864197
12	89	338	58.301914
13	89	338	48.895603
14	89	548	38.379875
15	89	14	26.663048
16	89	255	17.700001
17	89	62	10.516382
18	89	238	8
19	89	459	8
20	89	10	60
21	89	238	60
22	89	459	60
23	89	7	60
24	89	251	100
25	89	156	100
26	89	29	100
27	89	28	100
28	89	119	100
29	89	162	100
30	89	35	100
31	89	35	100
32	89	11	100
33	89	12	100
34	89	39	100
35	89	29	100
36	89	69	100
37	89	238	100
38	89	55	100
39	89	549	100
40	89	480	100
41	89	550	100
42	89	383	100
43	89	551	100
44	89	523	100
45	89	30	100
46	89	47	100
47	89	22	100
48	89	68	100
49	89	40	100
50	89	9	100
51	89	6	100
52	89	6	100
53	89	6	100
54	89	6	100
55	89	6	100
56	89	6	100
57	89	6	100
58	89	6	100
59	89	6	100
60	89	6	100
61	89	6	100
62	89	6	100
63	89	10	100
64	89	207	100
65	89	152	100
66	89	256	100
67	89	138	100
68	89	84	100
69	89	138	100
70	89	138	100
71	89	325	100
72	89	366	100
73	89	338	100
74	89	339	100
75	89	138	100
76	89	88	100
77	89	145	100
78	89	138	100
79	89	126	100
80	89	138	100
81	89	88	100
82	89	177	100
83	89	256	100
84	89	177	100
85	89	152	100
86	89	256	100
87	89	84	100
88	89	88	100
89	89	126	100
90	89	336	100
91	89	337	100
92	89	552	100
93	89	406	100
94	89	386	100
95	89	553	100
96	89	263	100
97	89	103	100
98	89	127	100
99	89	138	100
100	89	85	100
101	89	104	100
102	89	6	100
103	89	502	100
104	89	365	100
105	89	317	60
106	89	138	60
107	89	126	60.915581
108	89	88	68.164276
109	89	145	24.883291
110	89	145	33.587704
111	89	88	42.264107
112	89	84	50.875622
113	89	126	59.270752
114	89	106	63.283833
115	89	92	57.335957
116	89	73	49.376732
117	89	6	45.184769
118	89	6	48.248928
119	89	6	55.529484
120	89	90	62.637806
121	89	88	69.036934
122	89	88	76.72805
123	89	138	79.136368
124	89	126	75.474556
125	89	330	66.480309
126	89	338	53.47588
127	89	546	39.517788
128	89	369	26.255941
0	90	402	8
1	90	387	8
2	90	6	8.953187
3	90	6	11.454753
4	90	6	18.803101
5	90	6	30.679909
6	90	6	41.237507
7	90	6	50.518784
8	90	90	58.780697
9	90	126	64.831757
10	90	145	66.985016
11	90	88	63.701752
12	90	145	56.644062
13	90	185	47.844814
14	90	35	37.231045
15	90	11	25.349392
16	90	255	14.004376
17	90	340	9.159363
18	90	165	8
19	90	311	8
20	90	208	60
21	90	40	60
22	90	52	60
23	90	28	60
24	90	28	100
25	90	29	100
26	90	29	100
27	90	98	100
28	90	55	100
29	90	55	100
30	90	58	100
31	90	35	100
32	90	41	100
33	90	39	100
34	90	31	100
35	90	554	100
36	90	243	100
37	90	51	100
38	90	555	100
39	90	521	100
40	90	416	100
41	90	28	100
42	90	46	100
43	90	68	100
44	90	46	100
45	90	21	100
46	90	22	100
47	90	25	100
48	90	556	100
49	90	97	100
50	90	6	100
51	90	6	100
52	90	6	100
53	90	6	100
54	90	6	100
55	90	77	100
56	90	73	100
57	90	6	100
58	90	6	100
59	90	6	100
60	90	6	100
61	90	6	100
62	90	10	100
63	90	35	100
64	90	35	100
65	90	207	100
66	90	152	100
67	90	152	100
68	90	152	100
69	90	152	100
70	90	557	100
71	90	558	100
72	90	152	100
73	90	152	100
74	90	152	100
75	90	256	100
76	90	177	100
77	90	152	100
78	90	152	100
79	90	152	100
80	90	152	100
81	90	170	100
82	90	207	100
83	90	170	100
84	90	35	100
85	90	207	100
86	90	305	100
87	90	103	100
88	90	103	100
89	90	386	100
90	90	406	100
91	90	104	100
92	90	6	100
93	90	6	100
94	90	13	100
95	90	12	100
96	90	6	100
97	90	105	100
98	90	103	100
99	90	104	100
100	90	6	100
101	90	77	100
102	90	87	100
103	90	330	100
104	90	365	100
105	90	317	60
106	90	88	60
107	90	84	60.619488
108	90	126	66.906578
109	90	84	23.383175
110	90	126	31.732353
111	90	84	39.842018
112	90	138	47.425713
113	90	138	53.56834
114	90	138	55.609589
115	90	106	52.196064
116	90	92	48.714577
117	90	73	49.077457
118	90	6	50.969559
119	90	90	55.542343
120	90	84	60.331024
121	90	88	65.512688
122	90	88	71.251259
123	90	145	70.961555
124	90	88	65.414978
125	90	88	55.621937
126	90	488	43.175194
127	90	387	28.744833
128	90	6	16.83145
0	91	6	8
1	91	6	8
2	91	6	8
3	91	6	9.220527
4	91	6	16.711264
5	91	6	27.492455
6	91	6	37.921444
7	91	90	47.12635
8	91	84	54.981094
9	91	88	61.062927
10	91	145	62.881691
11	91	84	59.824944
12	91	185	53.565083
13	91	35	44.699348
14	91	35	34.517601
15	91	11	23.609015
16	91	452	13.059083
17	91	250	8.329347
18	91	102	8
19	91	342	8
20	91	192	60
21	91	28	60
22	91	31	60
23	91	51	60
24	91	70	100
25	91	158	100
26	91	158	100
27	91	158	100
28	91	154	100
29	91	69	100
30	91	35	100
31	91	11	100
32	91	174	100
33	91	40	100
34	91	9	100
35	91	7	100
36	91	9	100
37	91	559	100
38	91	541	100
39	91	480	100
40	91	29	100
41	91	46	100
42	91	68	100
43	91	46	100
44	91	21	100
45	91	21	100
46	91	21	100
47	91	116	100
48	91	6	100
49	91	7	100
50	91	8	100
51	91	8	100
52	91	9	100
53	91	6	100
54	91	90	100
55	91	89	100
56	91	6	100
57	91	6	100
58	91	77	100
59	91	73	100
60	91	6	100
61	91	10	100
62	91	35	100
63	91	35	100
64	91	35	100
65	91	35	100
66	91	35	100
67	91	35	100
68	91	35	100
69	91	35	100
70	91	35	100
71	91	35	100
72	91	35	100
73	91	35	100
74	91	207	100
75	91	196	100
76	91	75	100
77	91	187	100
78	91	186	100
79	91	75	100
80	91	187	100
81	91	35	100
82	91	35	100
83	91	35	100
84	91	63	100
85	91	212	100
86	91	12	100
87	91	6	100
88	91	6	100
89	91	6	100
90	91	6	100
91	91	13	100
92	91	12	100
93	91	115	100
94	91	212	100
95	91	12	100
96	91	6	100
97	91	6	100
98	91	6	100
99	91	6	100
100	91	90	100
101	91	84	100
102	91	177	100
103	91	557	100
104	91	560	100
105	91	84	60
106	91	126	60
107	91	88	60.126934
108	91	88	64.398407
109	91	126	20.291727
110	91	88	27.990395
111	91	145	35.157211
112	91	88	41.34861
113	91	145	45.702271
114	91	126	47.020874
115	91	85	45.527454
116	91	104	49.058956
117	91	77	52.287998
118	91	87	55.316975
119	91	177	58.168251
120	91	256	60.600742
121	91	126	65.703102
122	91	177	68.633606
123	91	256	65.546104
124	91	85	57.572735
125	91	104	46.140171
126	91	6	33.561405
127	91	6	20.671703
128	91	6	9.970915
0	92	6	8
1	92	13	8
2	92	12	8
3	92	6	9.239556
4	92	6	16.132122
5	92	6	25.114544
6	92	90	35.203594
7	92	126	44.708759
8	92	177	53.352787
9	92	256	60.501423
10	92	177	62.544655
11	92	170	57.873627
12	92	35	50.639404
13	92	186	41.919476
14	92	306	32.421978
15	92	275	22.804588
16	92	297	12.932094
17	92	259	8
18	92	91	8
19	92	532	8
20	92	154	60
21	92	40	60
22	92	9	60
23	92	105	60
24	92	103	100
25	92	127	100
26	92	135	100
27	92	156	100
28	92	69	100
29	92	63	100
30	92	163	100
31	92	56	100
32	92	29	100
33	92	40	100
34	92	52	100
35	92	40	100
36	92	561	100
37	92	550	100
38	92	419	100
39	92	29	100
40	92	48	100
41	92	358	100
42	92	47	100
43	92	22	100
44	92	21	100
45	92	223	100
46	92	147	100
47	92	6	100
48	92	50	100
49	92	32	100
50	92	31	100
51	92	97	100
52	92	6	100
53	92	105	100
54	92	104	100
55	92	6	100
56	92	6	100
57	92	105	100
58	92	104	100
59	92	13	100
60	92	42	100
61	92	63	100
62	92	62	100
63	92	186	100
64	92	306	100
65	92	292	100
66	92	75	100
67	92	75	100
68	92	306	100
69	92	292	100
70	92	75	100
71	92	75	100
72	92	75	100
73	92	75	100
74	92	315	100
75	92	126	100
76	92	91	100
77	92	315	100
78	92	88	100
79	92	91	100
80	92	187	100
81	92	35	100
82	92	35	100
83	92	11	100
84	92	42	100
85	92	41	100
86	92	6	100
87	92	6	100
88	92	6	100
89	92	6	100
90	92	10	100
91	92	41	100
92	92	6	100
93	92	115	100
94	92	212	100
95	92	12	100
96	92	6	100
97	92	6	100
98	92	6	100
99	92	90	100
100	92	177	100
101	92	196	100
102	92	187	100
103	92	102	100
104	92	126	100
105	92	88	60
106	92	84	60
107	92	177	60
108	92	256	61.794361
109	92	177	15.890511
110	92	152	22.829136
111	92	256	29.026754
112	92	138	34.067097
113	92	126	37.363186
114	92	310	38.330936
115	92	166	41.025761
116	92	277	48.83699
117	92	152	55.271992
118	92	170	60.032734
119	92	102	63.428429
120	92	84	65.70929
121	92	185	71.432709
122	92	207	70.997665
123	92	278	64.27459
124	92	73	53.490738
125	92	6	40.345478
126	92	6	27.010643
127	92	6	16.54808
128	92	6	8.836471
0	93	115	8
1	93	114	8
2	93	6	8
3	93	6	9.504384
4	93	562	16.796059
5	93	563	25.199749
6	93	177	35.246338
7	93	170	44.846363
8	93	102	53.363739
9	93	91	60.237514
10	93	75	61.357258
11	93	75	55.133255
12	93	304	47.670238
13	93	279	39.317509
14	93	303	30.358728
15	93	281	20.984522
16	93	90	11.403502
17	93	145	8
18	93	126	8
19	93	172	8
20	93	154	60
21	93	40	60
22	93	217	60
23	93	73	60
24	93	105	60
25	93	274	60
26	93	28	60
27	93	69	60
28	93	99	60
29	93	52	60
30	93	28	60
31	93	28	60
32	93	29	60
33	93	31	60
34	93	51	60
35	93	480	60
36	93	28	60
37	93	28	60
38	93	28	60
39	93	29	60
40	93	46	60
41	93	21	60
42	93	21	60
43	93	21	60
44	93	116	60
45	93	111	60
46	93	5	60
47	93	6	60
48	93	50	60
49	93	97	60
50	93	6	60
51	93	6	60
52	93	6	60
53	93	6	60
54	93	6	60
55	93	6	60
56	93	6	60
57	93	6	60
58	93	115	60
59	93	61	60
60	93	114	60
61	93	115	60
62	93	263	60
63	93	86	60
64	93	87	60
65	93	126	60
66	93	88	60
67	93	106	60
68	93	167	60
69	93	271	60
70	93	305	60
71	93	103	60
72	93	103	60
73	93	103	60
74	93	103	60
75	93	103	60
76	93	103	60
77	93	103	60
78	93	103	60
79	93	284	60
80	93	62	60
81	93	186	60
82	93	187	60
83	93	35	60
84	93	41	60
85	93	6	60
86	93	6	60
87	93	6	60
88	93	6	60
89	93	115	60
90	93	114	60
91	93	6	60
92	93	6	60
93	93	115	60
94	93	212	60
95	93	14	60
96	93	14	60
97	93	12	60
98	93	280	60
99	93	170	60
100	93	102	60
101	93	185	60
102	93	102	60
103	93	145	60
104	93	126	60
105	93	126	60
106	93	185	60
107	93	102	60
108	93	185	60.14481
109	93	35	11.054528
110	93	102	16.679089
111	93	145	22.0345
112	93	138	26.217943
113	93	185	28.849449
114	93	102	30.450584
115	93	185	37.089611
116	93	35	47.742126
117	93	35	56.685017
118	93	102	63.551277
119	93	177	68.055313
120	93	170	75.78186
121	93	186	80.967804
122	93	414	77.844902
123	93	104	67.208
124	93	6	54.185352
125	93	6	39.879551
126	93	6	26.306131
127	93	6	16.554743
128	93	6	9.61469
0	94	6	8
1	94	6	8
2	94	6	8
3	94	564	10.114784
4	94	565	18.907801
5	94	91	27.191198
6	94	187	35.240265
7	94	102	43.841644
8	94	177	51.251808
9	94	305	56.294788
10	94	271	56.312492
11	94	291	50.156151
12	94	62	42.504021
13	94	35	34.864815
14	94	41	26.479765
15	94	90	17.643234
16	94	88	10.343209
17	94	126	8
18	94	85	8
19	94	220	8
20	94	51	60
21	94	341	60
22	94	143	60
23	94	8	60
24	94	52	60
25	94	31	60
26	94	250	60
27	94	141	60
28	94	192	60
29	94	31	60
30	94	51	60
31	94	32	60
32	94	49	60
33	94	6	60
34	94	480	60
35	94	29	60
36	94	29	60
37	94	29	60
38	94	29	60
39	94	46	60
40	94	22	60
41	94	223	60
42	94	82	60
43	94	147	60
44	94	146	60
45	94	147	60
46	94	6	60
47	94	6	60
48	94	6	60
49	94	6	60
50	94	6	60
51	94	6	60
52	94	6	60
53	94	6	60
54	94	6	60
55	94	6	60
56	94	6	60
57	94	6	60
58	94	6	60
59	94	6	60
60	94	6	60
61	94	6	60
62	94	105	60
63	94	103	60
64	94	103	60
65	94	103	60
66	94	271	60
67	94	279	60
68	94	42	60
69	94	11	60
70	94	12	60
71	94	6	60
72	94	6	60
73	94	6	60
74	94	6	60
75	94	6	60
76	94	6	60
77	94	6	60
78	94	6	60
79	94	115	60
80	94	263	60
81	94	295	60
82	94	63	60
83	94	212	60
84	94	14	60
85	94	12	60
86	94	6	60
87	94	6	60
88	94	6	60
89	94	6	60
90	94	13	60
91	94	14	60
92	94	14	60
93	94	42	60
94	94	63	60
95	94	62	60
96	94	11	60
97	94	42	60
98	94	35	60
99	94	207	60
100	94	170	60
101	94	207	60
102	94	152	60
103	94	152	60
104	94	256	60
105	94	185	60
106	94	207	60
107	94	170	60
108	94	186	60
109	94	304	8.283014
110	94	152	10.665725
111	94	256	14.521131
112	94	185	18.069855
113	94	207	20.252539
114	94	196	23.229019
115	94	75	32.384659
116	94	187	44.586235
117	94	125	55.035744
118	94	295	63.695427
119	94	63	75.025833
120	94	307	84.417
121	94	279	88.834457
122	94	12	83.27861
123	94	6	71.035294
124	94	13	57.24324
125	94	14	42.768692
126	94	12	28.341532
127	94	6	16.671701
128	94	6	9.708471
0	95	6	8
1	95	6	8
2	95	566	9.445215
3	95	567	12.011692
4	95	152	19.827702
5	95	196	28.011843
6	95	304	35.307999
7	95	170	41.462177
8	95	11	46.661728
9	95	42	49.776363
10	95	41	48.972034
11	95	10	44.103844
12	95	35	36.421864
13	95	41	28.600349
14	95	90	21.564201
15	95	84	15.087865
16	95	85	9.050429
17	95	104	8
18	95	6	8
19	95	6	8
20	95	6	60
21	95	39	60
22	95	28	60
23	95	119	60
24	95	121	60
25	95	42	60
26	95	35	60
27	95	124	60
28	95	49	60
29	95	6	60
30	95	50	60
31	95	202	60
32	95	8	60
33	95	480	60
34	95	28	60
35	95	28	60
36	95	28	60
37	95	28	60
38	95	48	60
39	95	37	60
40	95	313	60
41	95	7	60
42	95	8	60
43	95	8	60
44	95	9	60
45	95	6	60
46	95	6	60
47	95	6	60
48	95	6	60
49	95	6	60
50	95	6	60
51	95	6	60
52	95	6	60
53	95	77	60
54	95	92	60
55	95	92	60
56	95	92	60
57	95	92	60
58	95	92	60
59	95	92	60
60	95	92	60
61	95	92	60
62	95	92	60
63	95	92	60
64	95	92	60
65	95	297	60
66	95	61	60
67	95	61	60
68	95	61	60
69	95	114	60
70	95	6	60
71	95	6	60
72	95	77	60
73	95	92	60
74	95	92	60
75	95	92	60
76	95	92	60
77	95	73	60
78	95	6	60
79	95	6	60
80	95	10	60
81	95	11	60
82	95	255	60
83	95	61	60
84	95	114	60
85	95	13	60
86	95	14	60
87	95	12	60
88	95	13	60
89	95	42	60
90	95	63	60
91	95	61	60
92	95	61	60
93	95	114	60
94	95	115	60
95	95	61	60
96	95	62	60
97	95	63	60
98	95	62	60
99	95	35	60
100	95	63	60
101	95	62	60
102	95	35	60
103	95	125	60
104	95	284	60
105	95	62	60
106	95	35	60
107	95	207	60
108	95	170	60
109	95	35	8
110	95	207	8
111	95	170	8.917374
112	95	63	10.437612
113	95	307	11.745917
114	95	152	16.255714
115	95	291	25.654919
116	95	212	38.834553
117	95	42	52.099659
118	95	11	66.233444
119	95	42	79.205688
120	95	35	89.493668
121	95	11	90.79187
122	95	14	83.950241
123	95	42	72.224396
124	95	35	58.558674
125	95	11	44.045498
126	95	12	29.10544
127	95	6	15.743266
128	95	13	8.760786
0	96	14	8
1	96	12	8.466172
2	96	10	11.501639
3	96	63	14.364428
4	96	263	20.01749
5	96	395	28.813948
6	96	306	36.251156
7	96	61	41.52037
8	96	292	43.902927
9	96	293	44.000519
10	96	297	42.093006
11	96	61	37.859909
12	96	114	31.90896
13	96	105	24.739183
14	96	103	19.071743
15	96	104	12.830699
16	96	6	8.312636
17	96	77	8
18	96	294	8
19	96	14	8
20	96	174	60
21	96	119	60
22	96	162	60
23	96	35	60
24	96	35	60
25	96	63	60
26	96	340	60
27	96	40	60
28	96	9	60
29	96	7	60
30	96	52	60
31	96	31	60
32	96	568	60
33	96	28	60
34	96	28	60
35	96	29	60
36	96	29	60
37	96	29	60
38	96	28	60
39	96	49	60
40	96	39	60
41	96	29	60
42	96	29	60
43	96	40	60
44	96	8	60
45	96	9	60
46	96	6	60
47	96	6	60
48	96	6	60
49	96	6	60
50	96	6	60
51	96	77	60
52	96	87	60
53	96	145	60
54	96	138	60
55	96	145	60
56	96	126	60
57	96	126	60
58	96	88	60
59	96	88	60
60	96	84	60
61	96	126	60
62	96	88	60
63	96	88	60
64	96	310	60
65	96	166	60
66	96	92	60
67	96	92	60
68	96	92	60
69	96	92	60
70	96	92	60
71	96	87	60
72	96	145	60
73	96	126	60
74	96	138	60
75	96	138	60
76	96	106	60
77	96	92	60
78	96	73	60
79	96	115	60
80	96	62	60
81	96	41	60
82	96	6	60
83	96	6	60
84	96	10	60
85	96	35	60
86	96	11	60
87	96	42	60
88	96	35	60
89	96	11	60
90	96	14	60
91	96	14	60
92	96	14	60
93	96	14	60
94	96	14	60
95	96	42	60
96	96	11	60
97	96	42	60
98	96	63	60
99	96	212	60
100	96	255	60
101	96	62	60
102	96	11	60
103	96	14	60
104	96	42	60
105	96	63	60.081009
106	96	62	60.461121
107	96	35	60.582726
108	96	63	60.437668
109	96	61	8.035638
110	96	62	8
111	96	41	8
112	96	115	8
113	96	61	8
114	96	275	13.259512
115	96	78	22.56477
116	96	186	36.71188
117	96	187	51.382824
118	96	63	65.589287
119	96	292	78.380936
120	96	187	88.033745
121	96	35	87.487968
122	96	63	80.096458
123	96	62	69.154915
124	96	63	56.223335
125	96	114	42.228943
126	96	6	27.646126
127	96	10	13.429195
128	96	35	8
0	97	11	8
1	97	255	9.869177
2	97	114	13.659421
3	97	77	18.447382
4	97	87	24.048309
5	97	89	33.129005
6	97	6	41.952805
7	97	105	47.373592
8	97	271	48.721077
9	97	279	46.124165
10	97	14	41.060673
11	97	166	35.43182
12	97	73	31.015907
13	97	77	25.142654
14	97	92	19.72613
15	97	569	15.431988
16	97	144	12.8234
17	97	284	10.415554
18	97	62	8
19	97	141	8
20	97	486	8.111378
21	97	55	8.553487
22	97	55	8.932168
23	97	55	8.884914
24	97	570	8.315354
25	97	52	8
26	97	28	8
27	97	49	8
28	97	39	8
29	97	28	8
30	97	49	8
31	97	571	8
32	97	416	8
33	97	29	8
34	97	28	8
35	97	28	8
36	97	28	8
37	97	29	8
38	97	49	8
39	97	39	8
40	97	29	8
41	97	29	8
42	97	29	8
43	97	29	8
44	97	224	8
45	97	73	8
46	97	6	8
47	97	6	8
48	97	6	8
49	97	6	8
50	97	90	8
51	97	126	8
52	97	138	8
53	97	138	8
54	97	88	8
55	97	88	8
56	97	126	8
57	97	126	8
58	97	145	8
59	97	88	8
60	97	84	8
61	97	88	8
62	97	84	8
63	97	91	8
64	97	315	8
65	97	145	8
66	97	126	8
67	97	126	8
68	97	145	8
69	97	138	8
70	97	84	8
71	97	88	8
72	97	138	8
73	97	126	8
74	97	138	8
75	97	126	8
76	97	84	8
77	97	106	8
78	97	92	8
79	97	297	8
80	97	212	8
81	97	12	8
82	97	77	8
83	97	300	8
84	97	187	8
85	97	35	8
86	97	186	8
87	97	306	8
88	97	62	8
89	97	35	8
90	97	35	8
91	97	35	8
92	97	35	8
93	97	35	8
94	97	35	8
95	97	35	8
96	97	186	8
97	97	293	8
98	97	300	8
99	97	299	8
100	97	42	8
101	97	63	8
102	97	61	8
103	97	61	8.109942
104	97	114	9.566392
105	97	115	11.621531
106	97	61	13.094148
107	97	275	13.448525
108	97	294	12.65547
109	97	311	11.029209
110	97	293	9.259295
111	97	92	8.019151
112	97	92	8
113	97	87	8
114	97	91	13.057741
115	97	315	22.112635
116	97	91	34.66777
117	97	76	49.580692
118	97	105	63.251545
119	97	395	74.893204
120	97	75	82.603683
121	97	76	80.248543
122	97	10	72.605751
123	97	302	62.63179
124	97	73	50.729664
125	97	13	37.605881
126	97	42	23.710136
127	97	35	10.172464
128	97	35	8
0	98	11	8
1	98	12	11.433659
2	98	105	17.197647
3	98	271	24.422403
4	98	279	32.406368
5	98	12	40.16515
6	98	6	48.12328
7	98	74	53.440704
8	98	306	53.488998
9	98	61	50.600227
10	98	572	45.653725
11	98	206	38.908218
12	98	251	32.301712
13	98	136	28.002197
14	98	156	24.295713
15	98	49	22.756235
16	98	6	21.19153
17	98	57	18.161589
18	98	58	13.907272
19	98	141	10.064059
20	98	192	10.730714
21	98	29	11.860811
22	98	29	12.421844
23	98	29	12.365664
24	98	28	11.698
25	98	29	10.475899
26	98	49	8.786621
27	98	50	8
28	98	32	8
29	98	49	8
30	98	559	8
31	98	573	8
32	98	416	8
33	98	28	8
34	98	29	8
35	98	28	8
36	98	31	8
37	98	97	8
38	98	39	8
39	98	29	8
40	98	29	8
41	98	28	8
42	98	28	8
43	98	155	8
44	98	574	8
45	98	73	8
46	98	6	8
47	98	77	8
48	98	92	8
49	98	87	8
50	98	84	8
51	98	126	8
52	98	84	8
53	98	145	8
54	98	145	8
55	98	88	8
56	98	84	8
57	98	138	8
58	98	88	8
59	98	88	8
60	98	138	8
61	98	84	8
62	98	84	8
63	98	138	8
64	98	138	8
65	98	138	8
66	98	145	8
67	98	126	8
68	98	145	8
69	98	126	8
70	98	145	8
71	98	138	8
72	98	138	8
73	98	138	8
74	98	88	8
75	98	84	8
76	98	145	8
77	98	126	8
78	98	106	8
79	98	78	8
80	98	302	8
81	98	87	8
82	98	126	8
83	98	91	8
84	98	187	8
85	98	102	8
86	98	106	8
87	98	297	8
88	98	62	8
89	98	35	8
90	98	35	8
91	98	63	8
92	98	62	8
93	98	35	8
94	98	186	8
95	98	315	8
96	98	88	8
97	98	88	8
98	98	185	8
99	98	35	8
100	98	11	8
101	98	14	8
102	98	12	8.257214
103	98	6	11.559841
104	98	6	16.154222
105	98	6	19.614584
106	98	280	21.659639
107	98	170	22.09211
108	98	207	20.861542
109	98	256	18.090279
110	98	88	14.01871
111	98	88	10.285119
112	98	126	8.142424
113	98	126	8
114	98	88	12.666172
115	98	88	22.98337
116	98	106	34.171947
117	98	92	47.21867
118	98	87	60.023937
119	98	84	69.787025
120	98	310	75.072533
121	98	255	71.753616
122	98	259	63.611504
123	98	89	53.307293
124	98	115	42.616333
125	98	62	30.571491
126	98	35	17.575077
127	98	35	8.199481
128	98	35	8
0	99	11	8.239886
1	99	12	13.641369
2	99	115	21.473528
3	99	61	31.054276
4	99	114	40.347557
5	99	7	48.403008
6	99	251	55.1175
7	99	206	60.049648
8	99	8	58.137592
9	99	52	54.689713
10	99	29	50.204285
11	99	29	45.014637
12	99	28	38.710213
13	99	28	33.457962
14	99	224	31.269312
15	99	569	31.309311
16	99	52	29.384817
17	99	98	25.839655
18	99	55	22.598171
19	99	56	18.970968
20	99	28	15.292999
21	99	28	15.230096
22	99	28	15.907166
23	99	28	15.83796
24	99	29	15.032866
25	99	49	13.588422
26	99	6	11.639793
27	99	39	9.316021
28	99	49	8
29	99	39	8
30	99	543	8
31	99	521	8
32	99	575	8
33	99	51	8
34	99	32	8
35	99	49	8
36	99	77	8
37	99	576	8
38	99	51	8
39	99	32	8
40	99	28	8
41	99	29	8
42	99	29	8
43	99	209	8
44	99	106	8
45	99	92	8
46	99	87	8
47	99	138	8
48	99	84	8
49	99	84	8
50	99	84	8
51	99	138	8
52	99	138	8
53	99	126	8
54	99	145	8
55	99	84	8
56	99	145	8
57	99	138	8
58	99	138	8
59	99	88	8
60	99	138	8
61	99	126	8
62	99	126	8
63	99	138	8
64	99	88	8
65	99	145	8
66	99	126	8
67	99	138	8
68	99	138	8
69	99	84	8
70	99	138	8
71	99	88	8
72	99	145	8
73	99	126	8
74	99	84	8
75	99	88	8
76	99	145	8
77	99	138	8
78	99	91	8
79	99	315	8
80	99	88	8
81	99	145	8
82	99	126	8
83	99	91	8
84	99	315	8
85	99	138	8
86	99	106	8
87	99	300	8
88	99	306	8
89	99	62	8
90	99	302	8
91	99	300	8
92	99	75	8
93	99	315	8
94	99	145	8
95	99	88	8
96	99	85	8
97	99	284	8
98	99	62	8
99	99	63	8
100	99	61	8
101	99	114	8
102	99	6	12.182577
103	99	6	18.363646
104	99	6	23.68051
105	99	115	27.789206
106	99	62	30.285721
107	99	35	30.827301
108	99	207	29.31768
109	99	256	25.978083
110	99	84	21.207865
111	99	126	15.402081
112	99	88	10.077545
113	99	138	9.01961
114	99	88	14.286911
115	99	126	24.972303
116	99	126	35.98848
117	99	126	46.244984
118	99	145	56.129875
119	99	91	63.471779
120	99	299	66.267372
121	99	83	62.955128
122	99	106	54.55246
123	99	92	43.553944
124	99	300	32.435768
125	99	187	21.941048
126	99	186	12.008649
127	99	187	8
128	99	35	8
0	100	41	9.008707
1	100	7	15.763822
2	100	8	25.483604
3	100	9	36.323074
4	100	39	46.454948
5	100	28	55.321281
6	100	160	61.911446
7	100	154	64.339035
8	100	28	62.913738
9	100	29	59.798595
10	100	29	56.218048
11	100	160	52.75597
12	100	210	47.602036
13	100	272	42.591309
14	100	329	39.752396
15	100	51	39.727196
16	100	32	37.267872
17	100	31	34.16938
18	100	32	31.243614
19	100	29	27.161921
20	100	29	22.26688
21	100	28	19.246347
22	100	29	19.384666
23	100	31	19.294758
24	100	97	18.285124
25	100	6	16.534863
26	100	50	14.260535
27	100	97	11.636063
28	100	50	8.779488
29	100	577	8
30	100	504	8
31	100	578	8
32	100	248	8
33	100	50	8
34	100	97	8
35	100	205	8
36	100	206	8
37	100	8	8
38	100	52	8
39	100	29	8
40	100	29	8
41	100	160	8
42	100	159	8
43	100	138	8
44	100	126	8
45	100	138	8
46	100	138	8
47	100	88	8
48	100	126	8
49	100	126	8
50	100	138	8
51	100	126	8
52	100	84	8
53	100	84	8
54	100	88	8
55	100	88	8
56	100	138	8
57	100	138	8
58	100	88	8
59	100	88	8
60	100	84	8
61	100	126	8
62	100	126	8
63	100	84	8
64	100	138	8
65	100	88	8
66	100	138	8
67	100	138	8
68	100	88	8
69	100	138	8
70	100	88	8
71	100	145	8
72	100	138	8
73	100	84	8
74	100	138	8
75	100	126	8
76	100	138	8
77	100	138	8
78	100	126	8
79	100	138	8
80	100	88	8
81	100	138	8
82	100	84	8
83	100	138	8
84	100	84	8
85	100	177	8
86	100	256	8
87	100	106	8
88	100	300	8
89	100	315	8
90	100	126	8
91	100	84	8
92	100	126	8
93	100	88	8
94	100	126	8
95	100	106	8
96	100	73	8
97	100	115	8
98	100	114	8
99	100	13	8
100	100	14	8
101	100	14	10.132857
102	100	14	17.554308
103	100	14	24.486464
104	100	14	30.661432
105	100	255	35.649593
106	100	292	38.830875
107	100	187	39.554321
108	100	207	37.604038
109	100	256	33.438263
110	100	88	27.762899
111	100	138	21.133865
112	100	126	14.542217
113	100	126	13.714582
114	100	126	20.060984
115	100	126	29.511112
116	100	84	39.742149
117	100	88	48.215916
118	100	177	54.087509
119	100	196	57.608265
120	100	304	57.900711
121	100	152	53.997883
122	100	152	46.031052
123	100	256	34.948536
124	100	185	23.224072
125	100	102	14.714767
126	100	185	9.49476
127	100	35	8
128	100	99	8
0	101	52	10.046232
1	101	29	17.08481
2	101	40	28.152748
3	101	52	39.51783
4	101	28	50.358669
5	101	155	60.067986
6	101	156	67.077209
7	101	29	69.576248
8	101	29	68.539749
9	101	29	65.861603
10	101	155	63.466511
11	101	490	60.463295
12	101	39	56.382175
13	101	49	51.48745
14	101	6	48.68103
15	101	50	47.829086
16	101	202	44.930149
17	101	52	42.149563
18	101	29	38.518257
19	101	28	33.968513
20	101	29	28.689693
21	101	28	24.494877
22	101	49	22.845905
23	101	6	22.718401
24	101	6	21.379183
25	101	6	19.201004
26	101	6	16.530952
27	101	6	13.580568
28	101	559	10.464578
29	101	383	8
30	101	383	8
31	101	579	8
32	101	217	8
33	101	73	8
34	101	39	8
35	101	28	8
36	101	29	8
37	101	28	8
38	101	28	8
39	101	28	8
40	101	155	8
41	101	137	8
42	101	145	8
43	101	126	8
44	101	88	8
45	101	138	8
46	101	84	8
47	101	145	8
48	101	135	8
49	101	137	8
50	101	135	8
51	101	136	8
52	101	137	8
53	101	138	8
54	101	145	8
55	101	138	8
56	101	126	8
57	101	84	8
58	101	138	8
59	101	88	8
60	101	126	8
61	101	84	8
62	101	126	8
63	101	138	8
64	101	138	8
65	101	84	8
66	101	145	8
67	101	138	8
68	101	145	8
69	101	84	8
70	101	88	8
71	101	145	8
72	101	138	8
73	101	84	8
74	101	145	8
75	101	126	8
76	101	88	8
77	101	84	8
78	101	88	8
79	101	88	8
80	101	126	8
81	101	145	8
82	101	138	8
83	101	145	8
84	101	185	8
85	101	102	8
86	101	145	8
87	101	138	8
88	101	145	8
89	101	145	8
90	101	145	8
91	101	85	8
92	101	127	8
93	101	85	8
94	101	127	8
95	101	89	8
96	101	6	8
97	101	6	8
98	101	10	8
99	101	35	8
100	101	35	8
101	101	35	13.870835
102	101	35	21.884272
103	101	186	29.580303
104	101	76	36.731705
105	101	105	42.889591
106	101	284	47.18063
107	101	292	48.263687
108	101	304	45.519196
109	101	256	40.110348
110	101	88	33.315784
111	101	84	26.806292
112	101	145	22.695868
113	101	84	22.875843
114	101	145	28.533937
115	101	145	37.033543
116	101	126	45.193748
117	101	185	52.275852
118	101	102	56.357426
119	101	91	56.29612
120	101	187	52.783859
121	101	186	47.333946
122	101	315	39.351635
123	101	91	29.133043
124	101	304	18.18483
125	101	196	10.977956
126	101	187	8.323833
127	101	580	8
128	101	154	8
0	102	160	10.555129
1	102	158	17.123354
2	102	158	28.711123
3	102	158	40.283398
4	102	158	51.53157
5	102	158	62.177597
6	102	158	70.882477
7	102	154	73.632088
8	102	29	72.198029
9	102	31	69.417076
10	102	232	67.357338
11	102	225	64.634285
12	102	40	61.378651
13	102	8	57.986858
14	102	8	57.05582
15	102	52	55.068329
16	102	29	51.565472
17	102	29	48.235359
18	102	28	43.815723
19	102	28	38.859421
20	102	29	33.520134
21	102	49	29.080772
22	102	6	26.751879
23	102	6	26.050594
24	102	6	24.129805
25	102	6	21.376177
26	102	6	18.276934
27	102	50	15.02021
28	102	32	11.681877
29	102	29	8.484631
30	102	29	8
31	102	155	8
32	102	206	8
33	102	52	8
34	102	29	8
35	102	29	8
36	102	28	8
37	102	29	8
38	102	28	8
39	102	160	8
40	102	273	8
41	102	103	8
42	102	127	8
43	102	84	8
44	102	88	8
45	102	145	8
46	102	84	8
47	102	139	8
48	102	155	8
49	102	197	8
50	102	158	8
51	102	159	8
52	102	135	8
53	102	137	8
54	102	126	8
55	102	84	8
56	102	138	8
57	102	138	8
58	102	88	8
59	102	84	8
60	102	126	8
61	102	126	8
62	102	138	8
63	102	145	8
64	102	84	8
65	102	126	8
66	102	138	8
67	102	126	8
68	102	138	8
69	102	126	8
70	102	145	8
71	102	138	8
72	102	126	8
73	102	126	8
74	102	126	8
75	102	126	8
76	102	138	8
77	102	88	8
78	102	145	8
79	102	88	8
80	102	145	8
81	102	126	8
82	102	177	8
83	102	170	8
84	102	102	8
85	102	145	8
86	102	145	8
87	102	88	8
88	102	85	8
89	102	103	8
90	102	104	8
91	102	105	8
92	102	104	8
93	102	105	8
94	102	104	8
95	102	6	8
96	102	13	8
97	102	42	8
98	102	186	8
99	102	187	8
100	102	35	8.164644
101	102	35	16.389879
102	102	207	24.864403
103	102	281	33.203339
104	102	6	41.283684
105	102	6	48.799301
106	102	90	54.87746
107	102	185	56.920338
108	102	207	52.402561
109	102	256	45.262249
110	102	126	38.175491
111	102	145	33.584557
112	102	145	32.207047
113	102	84	33.865822
114	102	138	38.821747
115	102	126	46.567272
116	102	91	53.479446
117	102	304	59.035263
118	102	152	61.111061
119	102	196	58.126701
120	102	315	51.25526
121	102	84	43.056362
122	102	126	34.966717
123	102	185	25.917835
124	102	102	16.405109
125	102	91	8.816851
126	102	581	8
127	102	156	8
128	102	209	8
0	103	138	10.497924
1	103	145	16.398981
2	103	138	27.050436
3	103	138	38.378933
4	103	138	49.341442
5	103	126	59.664352
6	103	172	68.242844
7	103	210	72.52594
8	103	97	71.707321
9	103	205	68.380669
10	103	197	66.482697
11	103	154	64.07618
12	103	28	61.261311
13	103	29	59.592358
14	103	28	60.757763
15	103	28	59.850677
16	103	28	55.906891
17	103	28	51.432026
18	103	29	46.407604
19	103	31	41.238247
20	103	202	35.990162
21	103	8	32.040539
22	103	9	30.455976
23	103	6	28.988739
24	103	6	26.055862
25	103	9	22.711447
26	103	6	19.300577
27	103	571	16.382706
28	103	575	13.490328
29	103	51	10.251404
30	103	70	9.245938
31	103	154	8.340703
32	103	29	8
33	103	29	8
34	103	28	8
35	103	28	8
36	103	31	8
37	103	51	8
38	103	341	8
39	103	104	8
40	103	6	8
41	103	105	8
42	103	127	8
43	103	138	8
44	103	88	8
45	103	135	8
46	103	329	8
47	103	32	8
48	103	582	8
49	103	583	8
50	103	584	8
51	103	139	8
52	103	155	8
53	103	137	8
54	103	88	8
55	103	126	8
56	103	84	8
57	103	88	8
58	103	145	8
59	103	84	8
60	103	84	8
61	103	84	8
62	103	145	8
63	103	88	8
64	103	84	8
65	103	138	8
66	103	145	8
67	103	126	8
68	103	138	8
69	103	88	8
70	103	126	8
71	103	126	8
72	103	126	8
73	103	126	8
74	103	145	8
75	103	145	8
76	103	145	8
77	103	138	8
78	103	177	8
79	103	152	8
80	103	152	8
81	103	170	8
82	103	186	8
83	103	315	8
84	103	88	8
85	103	88	8
86	103	88	8
87	103	106	8
88	103	73	8
89	103	6	8
90	103	6	8
91	103	6	8
92	103	6	8
93	103	6	8
94	103	6	8
95	103	10	8
96	103	35	8
97	103	207	8
98	103	196	8
99	103	187	8
100	103	35	8.998268
101	103	186	17.50959
102	103	76	26.211088
103	103	6	34.886486
104	103	6	43.507526
105	103	90	51.985229
106	103	91	59.886307
107	103	187	63.214497
108	103	207	56.118248
109	103	152	47.731312
110	103	152	43.209293
111	103	256	40.466381
112	103	126	41.544689
113	103	88	44.294769
114	103	88	49.1436
115	103	88	57.007004
116	103	91	63.072292
117	103	187	67.243706
118	103	102	68.627441
119	103	126	61.78503
120	103	88	51.596962
121	103	138	40.967892
122	103	91	31.971506
123	103	304	23.75577
124	103	256	15.525118
125	103	139	8.018028
126	103	28	8
127	103	209	8
128	103	145	8
0	104	145	9.879399
1	104	145	15.279102
2	104	138	23.796724
3	104	135	33.920357
4	104	136	43.934525
5	104	136	52.799202
6	104	206	59.415447
7	104	217	62.369274
8	104	225	62.511955
9	104	221	61.520721
10	104	412	60.613708
11	104	120	58.671478
12	104	120	56.471218
13	104	120	56.032696
14	104	120	56.793808
15	104	192	57.318485
16	104	29	55.03299
17	104	28	50.588882
18	104	49	45.712608
19	104	39	40.673065
20	104	29	35.535149
21	104	49	32.172791
22	104	7	30.778942
23	104	9	29.467855
24	104	40	26.251898
25	104	9	23.575119
26	104	265	21.635366
27	104	254	20.094738
28	104	6	18.625051
29	104	90	16.861877
30	104	139	16.749907
31	104	29	16.100252
32	104	29	14.066533
33	104	28	10.924799
34	104	28	8.619509
35	104	40	8
36	104	8	8
37	104	217	8
38	104	92	8
39	104	92	8
40	104	73	8
41	104	90	8
42	104	145	8
43	104	126	8
44	104	230	8
45	104	97	8
46	104	39	8
47	104	550	8
48	104	383	8
49	104	585	8
50	104	172	8
51	104	154	8
52	104	209	8
53	104	145	8
54	104	126	8
55	104	145	8
56	104	145	8
57	104	126	8
58	104	126	8
59	104	145	8
60	104	126	8
61	104	126	8
62	104	145	8
63	104	126	8
64	104	145	8
65	104	138	8
66	104	138	8
67	104	126	8
68	104	126	8
69	104	138	8
70	104	138	8
71	104	88	8
72	104	126	8
73	104	126	8
74	104	84	8
75	104	126	8
76	104	177	8
77	104	170	8
78	104	35	8
79	104	35	8
80	104	186	8
81	104	315	8
82	104	145	8
83	104	138	8
84	104	85	8
85	104	103	8
86	104	103	8
87	104	104	8
88	104	6	8
89	104	6	8
90	104	6	8
91	104	6	8
92	104	6	8
93	104	6	8
94	104	115	8
95	104	62	8
96	104	35	8
97	104	207	8
98	104	196	8
99	104	187	8
100	104	125	9.070845
101	104	104	17.136768
102	104	6	25.767382
103	104	77	34.339931
104	104	87	42.800358
105	104	138	51.003052
106	104	185	58.410286
107	104	186	60.333817
108	104	75	54.455902
109	104	187	48.181343
110	104	102	46.989239
111	104	177	45.595337
112	104	256	47.812069
113	104	84	51.686943
114	104	126	58.341866
115	104	88	67.002586
116	104	91	72.244041
117	104	315	74.321754
118	104	84	73.668427
119	104	145	64.600754
120	104	138	52.064556
121	104	126	39.834579
122	104	91	29.673712
123	104	304	22.129925
124	104	153	14.999119
125	104	154	8.299743
126	104	155	8
127	104	136	8
128	104	137	8
0	105	145	8.744773
1	105	145	13.032177
2	105	172	20.547701
3	105	154	28.189899
4	105	28	36.199192
5	105	29	43.568634
6	105	155	48.642323
7	105	156	50.424858
8	105	49	50.278492
9	105	115	50.304501
10	105	163	50.536034
11	105	55	50.108494
12	105	497	49.401852
13	105	218	49.096169
14	105	56	49.399792
15	105	29	49.821079
16	105	31	48.130764
17	105	97	45.686649
18	105	39	41.777847
19	105	29	37.196514
20	105	49	32.619694
21	105	39	29.417852
22	105	49	27.482351
23	105	31	26.576351
24	105	97	25.496519
25	105	77	24.810291
26	105	92	24.732286
27	105	92	25.130251
28	105	87	25.676964
29	105	139	25.063841
30	105	28	25.326622
31	105	29	24.543154
32	105	29	22.14889
33	105	29	18.357807
34	105	28	13.593488
35	105	29	9.990771
36	105	155	8.104001
37	105	137	8
38	105	88	8
39	105	89	8
40	105	90	8
41	105	84	8
42	105	126	8
43	105	89	8
44	105	6	8
45	105	50	8
46	105	32	8
47	105	29	8
48	105	209	8
49	105	84	8
50	105	172	8
51	105	198	8
52	105	137	8
53	105	126	8
54	105	88	8
55	105	84	8
56	105	145	8
57	105	126	8
58	105	138	8
59	105	145	8
60	105	88	8
61	105	84	8
62	105	145	8
63	105	145	8
64	105	84	8
65	105	126	8
66	105	84	8
67	105	138	8
68	105	138	8
69	105	84	8
70	105	126	8
71	105	88	8
72	105	88	8
73	105	84	8
74	105	145	8
75	105	185	8
76	105	35	8
77	105	35	8
78	105	35	8
79	105	207	8
80	105	305	8
81	105	103	8
82	105	103	8
83	105	104	8
84	105	6	8
85	105	6	8
86	105	77	8
87	105	92	8
88	105	92	8
89	105	73	8
90	105	6	-3.183999
91	105	6	8
92	105	6	8
93	105	6	8
94	105	74	8
95	105	75	8.598877
96	105	187	13.254785
97	105	207	17.104797
98	105	170	18.812384
99	105	41	18.250135
100	105	13	16.004534
101	105	12	18.451818
102	105	105	23.998838
103	105	103	31.645054
104	105	271	39.323513
105	105	170	48.198029
106	105	102	55.341515
107	105	84	56.881069
108	105	91	52.214096
109	105	315	48.463409
110	105	91	47.925282
111	105	304	47.710983
112	105	152	51.177303
113	105	256	57.115173
114	105	126	67.209709
115	105	145	76.921936
116	105	126	81.039818
117	105	126	80.402367
118	105	145	75.971375
119	105	88	65.162849
120	105	145	51.326752
121	105	138	38.389561
122	105	91	27.775246
123	105	304	20.835068
124	105	264	14.077545
125	105	29	8.222055
126	105	29	8
127	105	209	8
128	105	138	8
0	106	126	8
1	106	88	10.286719
2	106	172	16.179735
3	106	154	23.072124
4	106	29	29.20299
5	106	28	34.176193
6	106	160	37.649635
7	106	244	38.82822
8	106	7	37.741447
9	106	52	37.906475
10	106	31	39.785404
11	106	341	40.350979
12	106	274	39.989193
13	106	31	40.160267
14	106	51	40.918678
15	106	97	41.506546
16	106	7	39.750782
17	106	52	38.232555
18	106	28	35.317852
19	106	40	31.310059
20	106	52	27.699144
21	106	49	25.072416
22	106	49	23.657654
23	106	7	23.861422
24	106	251	24.7013
25	106	136	26.062979
26	106	137	28.135544
27	106	84	30.82806
28	106	172	32.352833
29	106	158	32.909027
30	106	154	33.816925
31	106	356	32.839684
32	106	416	30.555414
33	106	28	26.788664
34	106	29	22.111748
35	106	29	16.729763
36	106	209	12.522943
37	106	85	9.825062
38	106	104	8.574808
39	106	105	8
40	106	127	8
41	106	88	8
42	106	106	8
43	106	92	8
44	106	73	8
45	106	39	8
46	106	28	8
47	106	209	8
48	106	145	8
49	106	126	8
50	106	139	8
51	106	155	8
52	106	137	8
53	106	138	8
54	106	126	8
55	106	586	8
56	106	584	8
57	106	138	8
58	106	145	8
59	106	138	8
60	106	145	8
61	106	126	8
62	106	84	8
63	106	145	8
64	106	138	8
65	106	84	8
66	106	88	8
67	106	84	8
68	106	138	8
69	106	84	8
70	106	145	8
71	106	138	8
72	106	84	8
73	106	126	8
74	106	185	8
75	106	35	8
76	106	35	8
77	106	186	8
78	106	187	8
79	106	41	8
80	106	6	8
81	106	6	8
82	106	6	8.12914
83	106	6	8.615946
84	106	6	8.883947
85	106	105	8.637446
86	106	103	8.358476
87	106	103	8
88	106	86	8
89	106	73	8
90	106	6	8
91	106	6	8
92	106	77	-1.911999
93	106	87	8
94	106	126	11.555503
95	106	185	19.581684
96	106	35	26.1996
97	106	35	30.720739
98	106	41	32.752357
99	106	115	32.085438
100	106	114	28.793762
101	106	6	27.371933
102	106	6	27.538319
103	106	10	31.336946
104	106	35	41.784035
105	106	207	51.402149
106	106	256	57.431206
107	106	88	58.729172
108	106	88	55.039993
109	106	145	53.896477
110	106	91	51.515102
111	106	187	49.33765
112	106	207	51.828777
113	106	256	60.017773
114	106	138	74.48558
115	106	145	85.697617
116	106	138	87.72699
117	106	126	84.072044
118	106	126	76.720886
119	106	84	65.177361
120	106	145	50.640503
121	106	88	36.049103
122	106	91	24.997166
123	106	208	18.457832
124	106	28	12.056309
125	106	28	8
126	106	155	8
127	106	137	8
128	106	135	8
0	107	137	8
1	107	135	8.179092
2	107	156	11.131936
3	107	28	16.982046
4	107	160	22.304502
5	107	159	26.468609
6	107	89	29.121367
7	107	50	29.957844
8	107	32	28.847994
9	107	49	26.909077
10	107	77	27.830225
11	107	225	28.681517
12	107	49	29.596298
13	107	7	30.745722
14	107	9	32.489098
15	107	50	32.985229
16	107	32	31.354002
17	107	29	29.342777
18	107	29	27.145121
19	107	29	24.464252
20	107	49	22.06439
21	107	97	20.354321
22	107	39	19.889894
23	107	160	21.261421
24	107	158	23.645014
25	107	159	26.951653
26	107	138	31.285896
27	107	586	35.377262
28	107	584	38.10268
29	107	139	40.810871
30	107	550	42.138241
31	107	419	41.987995
32	107	28	40.184509
33	107	28	36.542931
34	107	28	31.928623
35	107	155	25.87492
36	107	490	20.726538
37	107	77	16.276337
38	107	73	13.262032
39	107	90	10.36266
40	107	145	8
41	107	126	8
42	107	138	8
43	107	89	8
44	107	50	8.778936
45	107	32	9.673357
46	107	155	10.041123
47	107	136	9.855761
48	107	137	9.130261
49	107	139	8.339656
50	107	29	8
51	107	582	8
52	107	587	8
53	107	588	8
54	107	589	8
55	107	590	8
56	107	138	8
57	107	145	8
58	107	126	8
59	107	88	8
60	107	135	8
61	107	137	8
62	107	84	8
63	107	84	8
64	107	145	8
65	107	84	8
66	107	138	8
67	107	88	8
68	107	145	8
69	107	126	9.140441
70	107	84	11.210328
71	107	586	12.754142
72	107	591	13.196972
73	107	170	12.506618
74	107	35	10.735246
75	107	35	8.217587
76	107	102	8
77	107	91	8
78	107	293	8
79	107	73	8
80	107	6	8.800009
81	107	6	10.406043
82	107	6	13.24351
83	107	6	15.510927
84	107	6	16.389799
85	107	6	15.812968
86	107	6	13.824484
87	107	90	11.101608
88	107	89	9.068206
89	107	6	8.080618
90	107	6	8
91	107	90	8
92	107	88	8
93	107	88	11.655725
94	107	91	21.545252
95	107	75	30.9625
96	107	75	38.714031
97	107	293	44.161541
98	107	73	46.66288
99	107	6	45.844585
100	107	6	41.824772
101	107	6	36.54538
102	107	10	36.951488
103	107	35	40.665253
104	107	35	45.635674
105	107	102	53.541599
106	107	88	59.226574
107	107	145	60.488293
108	107	84	57.849392
109	107	177	57.23505
110	107	196	56.005573
111	107	75	53.866749
112	107	304	52.304882
113	107	256	62.930679
114	107	88	78.579201
115	107	138	89.840202
116	107	145	90.367157
117	107	138	85.495514
118	107	88	76.727226
119	107	84	64.409378
120	107	177	49.171486
121	107	152	32.706448
122	107	592	20.71991
123	107	416	15.011209
124	107	29	9.761901
125	107	29	8
126	107	221	8
127	107	220	8
128	107	341	8
0	108	274	8
1	108	160	8
2	108	154	8
3	108	209	10.291945
4	108	135	14.872696
5	108	206	18.421944
6	108	9	20.628336
7	108	50	21.304501
8	108	97	20.377804
9	108	105	17.9226
10	108	274	15.229057
11	108	49	17.174772
12	108	39	19.361198
13	108	40	21.993086
14	108	8	24.011395
15	108	100	24.378012
16	108	51	23.022741
17	108	32	20.060675
18	108	31	18.689837
19	108	97	17.424988
20	108	6	16.355019
21	108	39	15.895285
22	108	209	16.669382
23	108	135	18.888693
24	108	136	22.28524
25	108	137	26.956314
26	108	593	33.005291
27	108	590	38.403328
28	108	172	43.598873
29	108	158	48.438908
30	108	154	51.156418
31	108	29	51.739243
32	108	28	50.042088
33	108	29	46.855377
34	108	28	42.559052
35	108	224	37.207649
36	108	87	31.205088
37	108	89	25.948311
38	108	90	21.272373
39	108	138	17.477007
40	108	126	12.709583
41	108	126	8.001481
42	108	106	8.488896
43	108	73	10.479506
44	108	50	12.051136
45	108	32	13.099559
46	108	29	13.535744
47	108	209	13.316409
48	108	172	12.462731
49	108	154	11.051291
50	108	543	9.184968
51	108	594	8
52	108	595	8
53	108	596	8
54	108	126	8
55	108	145	8
56	108	586	8
57	108	587	8
58	108	136	8
59	108	156	8
60	108	209	8
61	108	138	8
62	108	126	8
63	108	126	8
64	108	126	8
65	108	88	8
66	108	145	8
67	108	138	8.393052
68	108	126	11.030134
69	108	88	14.88558
70	108	597	17.833561
71	108	191	19.654783
72	108	178	20.180542
73	108	598	19.357977
74	108	35	17.273312
75	108	125	14.112939
76	108	103	10.096555
77	108	271	8
78	108	281	8
79	108	6	9.458179
80	108	6	12.290134
81	108	6	18.041985
82	108	6	22.485058
83	108	6	25.273113
84	108	13	26.152618
85	108	166	25.026537
86	108	87	22.026007
87	108	89	18.235624
88	108	6	13.294129
89	108	77	9.946815
90	108	87	8.26332
91	108	126	8
92	108	126	18.292353
93	108	138	23.014227
94	108	126	30.538568
95	108	126	41.288948
96	108	138	50.502934
97	108	89	57.28072
98	108	77	60.515701
99	108	92	59.460819
100	108	294	54.353401
101	108	311	48.314423
102	108	75	48.569241
103	108	75	50.031517
104	108	304	50.88028
105	108	152	55.180805
106	108	152	60.832932
107	108	152	62.200497
108	108	170	59.8717
109	108	207	58.155602
110	108	256	57.708733
111	108	185	56.326935
112	108	207	56.361084
113	108	256	64.578995
114	108	88	79.014076
115	108	126	89.232834
116	108	138	90.112686
117	108	84	85.25753
118	108	88	75.993942
119	108	185	63.131264
120	108	35	47.368332
121	108	599	29.882257
122	108	600	15.700895
123	108	192	11.234767
124	108	356	8.38658
125	108	601	8
126	108	260	8
127	108	248	8
128	108	39	8
0	109	209	8
1	109	172	8
2	109	159	8
3	109	172	8
4	109	154	8
5	109	40	10.173068
6	109	8	12.055124
7	109	8	12.621136
8	109	9	12.136597
9	109	39	10.929833
10	109	49	9.481057
11	109	39	8.332211
12	109	29	10.840521
13	109	29	13.74619
14	109	49	15.439082
15	109	6	15.840034
16	109	39	15.195068
17	109	49	13.51112
18	109	6	11.512212
19	109	6	11.131245
20	109	39	11.416423
21	109	209	12.351893
22	109	139	13.408072
23	109	28	15.962372
24	109	209	19.961935
25	109	145	25.832638
26	109	138	32.747429
27	109	145	40.096443
28	109	145	48.438629
29	109	139	55.394089
30	109	28	59.565136
31	109	29	60.659149
32	109	28	59.345371
33	109	28	56.726166
34	109	209	53.245728
35	109	138	47.928673
36	109	89	41.501038
37	109	90	35.207085
38	109	126	29.550385
39	109	145	24.676355
40	109	88	19.230349
41	109	88	13.501343
42	109	106	11.412158
43	109	73	13.390065
44	109	50	15.231348
45	109	32	16.492678
46	109	221	17.027796
47	109	127	16.759453
48	109	139	15.725392
49	109	543	14.055948
50	109	602	11.908452
51	109	589	9.419061
52	109	590	8
53	109	88	8
54	109	126	8
55	109	603	8
56	109	419	8
57	109	160	8
58	109	158	8
59	109	159	8
60	109	84	8
61	109	138	8
62	109	88	8
63	109	126	8
64	109	84	8
65	109	126	8
66	109	177	8.27617
67	109	152	11.270744
68	109	152	16.370268
69	109	170	20.805809
70	109	35	24.297123
71	109	604	26.509932
72	109	605	27.156055
73	109	598	26.140486
74	109	41	23.619314
75	109	6	19.902443
76	109	115	15.312693
77	109	275	10.109566
78	109	73	9.043445
79	109	6	12.982514
80	109	6	20.182693
81	109	6	26.805019
82	109	77	32.040855
83	109	300	35.414337
84	109	315	36.504711
85	109	85	35.140163
86	109	104	31.49597
87	109	77	26.002264
88	109	87	19.811308
89	109	88	13.338682
90	109	88	9.731188
91	109	145	16.206663
92	109	138	25.317448
93	109	138	35.499844
94	109	138	46.182922
95	109	88	50.488281
96	109	385	61.632946
97	109	606	70.228355
98	109	256	74.32502
99	109	185	72.762718
100	109	207	66.082954
101	109	152	61.705013
102	109	152	59.568878
103	109	170	57.83754
104	109	35	56.082745
105	109	35	57.046288
106	109	35	62.188381
107	109	35	63.851334
108	109	35	60.890499
109	109	102	57.511837
110	109	91	56.909119
111	109	187	58.20013
112	109	102	62.039047
113	109	145	66.537949
114	109	88	76.850235
115	109	177	85.356651
116	109	256	86.920258
117	109	177	82.311043
118	109	170	72.940773
119	109	35	59.988911
120	109	102	44.295322
121	109	91	26.520224
122	109	607	13.286834
123	109	608	8.749944
124	109	254	8
125	109	265	8
126	109	609	8
127	109	610	8
128	109	159	8
0	110	84	8
1	110	88	8
2	110	138	8
3	110	139	8
4	110	29	8
5	110	29	8
6	110	29	8
7	110	224	8
8	110	225	8
9	110	49	8
10	110	39	8
11	110	28	8
12	110	28	8
13	110	40	8.23955
14	110	8	9.2447
15	110	52	9.768189
16	110	49	9.747357
17	110	6	9.18323
18	110	6	8.48152
19	110	39	8
20	110	155	8.065603
21	110	197	8.951862
22	110	158	9.877882
23	110	198	12.44705
24	110	137	16.617022
25	110	138	23.481199
26	110	145	31.92091
27	110	85	40.558887
28	110	274	48.957283
29	110	28	56.988464
30	110	28	63.356457
31	110	28	66.557198
32	110	29	66.107361
33	110	155	64.320313
34	110	137	61.453224
35	110	89	56.740269
36	110	105	50.437767
37	110	127	44.108604
38	110	88	38.356319
39	110	88	33.05357
40	110	84	27.028824
41	110	138	21.929346
42	110	106	17.069494
43	110	73	16.117487
44	110	50	18.256138
45	110	97	19.825127
46	110	90	20.514866
47	110	139	20.169958
48	110	543	18.866602
49	110	504	16.847202
50	110	596	14.355986
51	110	84	11.565516
52	110	138	8.80349
53	110	135	8.278702
54	110	156	9.082418
55	110	160	10.051304
56	110	159	10.736409
57	110	145	10.72934
58	110	88	9.801218
59	110	126	8.025755
60	110	88	8
61	110	84	8
62	110	84	8
63	110	145	8
64	110	84	8
65	110	185	8
66	110	35	9.874892
67	110	35	15.416373
68	110	35	21.119316
69	110	35	26.256819
70	110	599	30.481596
71	110	611	33.280159
72	110	612	34.115696
73	110	11	32.794643
74	110	14	29.636715
75	110	14	25.190521
76	110	283	19.923679
77	110	104	14.313305
78	110	77	12.462703
79	110	92	18.729399
80	110	92	27.211079
81	110	87	34.83968
82	110	138	41.122375
83	110	85	45.345482
84	110	104	46.760967
85	110	77	45.038372
86	110	87	40.507633
87	110	126	33.927364
88	110	145	26.043589
89	110	145	18.253771
90	110	84	22.681044
91	110	84	25.389057
92	110	138	41.425591
93	110	88	35.009632
94	110	84	62.822243
95	110	330	59.661552
96	110	613	73.694298
97	110	207	85.650421
98	110	393	92.232903
99	110	58	88.697868
100	110	35	77.885849
101	110	35	72.786911
102	110	35	69.472084
103	110	35	65.947556
104	110	63	64.01741
105	110	62	64.399857
106	110	35	69.680527
107	110	35	71.414307
108	110	207	65.658913
109	110	256	58.434875
110	110	91	57.089142
111	110	315	60.224686
112	110	177	64.066513
113	110	152	67.333717
114	110	170	73.156418
115	110	102	81.023018
116	110	258	82.82579
117	110	62	77.602798
118	110	35	67.930031
119	110	125	55.00462
120	110	103	39.761112
121	110	614	23.859936
122	110	254	14.136893
123	110	77	8
124	110	73	8
125	110	265	8
126	110	615	8
127	110	84	8
128	110	126	8
0	111	138	8
1	111	84	8
2	111	172	8
3	111	158	8
4	111	269	8
5	111	120	8
6	111	616	8
7	111	230	8
8	111	97	8
9	111	39	8
10	111	28	8
11	111	29	8
12	111	29	8
13	111	28	8
14	111	28	8
15	111	49	8
16	111	6	8
17	111	6	8
18	111	39	8
19	111	28	8
20	111	221	8
21	111	453	8
22	111	156	8.129194
23	111	221	10.432302
24	111	103	14.854733
25	111	103	21.828817
26	111	104	30.145063
27	111	50	38.144657
28	111	51	45.409092
29	111	32	52.817024
30	111	29	59.425262
31	111	29	64.32222
32	111	31	67.04258
33	111	341	67.401031
34	111	104	66.401833
35	111	6	63.588257
36	111	90	59.395164
37	111	126	54.670708
38	111	88	49.767902
39	111	145	44.704487
40	111	138	39.112465
41	111	84	33.946205
42	111	89	27.635141
43	111	6	22.678556
44	111	6	20.998384
45	111	90	23.029905
46	111	617	24.229671
47	111	618	23.814762
48	111	541	21.884174
49	111	596	19.283197
50	111	126	16.3964
51	111	88	13.29791
52	111	139	10.973329
53	111	28	10.998085
54	111	209	13.612011
55	111	138	16.128601
56	111	88	17.519732
57	111	145	17.67226
58	111	138	16.579048
59	111	138	14.339216
60	111	586	11.120572
61	111	583	8.245725
62	111	591	9.374297
63	111	152	11.012726
64	111	170	11.598209
65	111	35	11.367888
66	111	35	14.074881
67	111	35	19.258413
68	111	35	25.001959
69	111	102	30.929359
70	111	597	36.12867
71	111	619	39.864971
72	111	187	41.036968
73	111	63	39.172771
74	111	61	35.047771
75	111	275	29.676645
76	111	73	23.670256
77	111	105	18.790871
78	111	127	18.394833
79	111	85	24.786434
80	111	103	33.964695
81	111	103	42.360889
82	111	104	49.395863
83	111	77	54.842068
84	111	87	56.786209
85	111	138	54.489529
86	111	126	48.624302
87	111	84	40.628407
88	111	126	31.604715
89	111	138	22.065018
90	111	177	25.982939
91	111	152	10.930283
92	111	152	29.005062
93	111	152	44.816193
94	111	152	59.887562
95	111	170	67.605804
96	111	35	83.971527
97	111	124	99.906029
98	111	98	112.515526
99	111	58	108.507133
100	111	35	96.00251
101	111	238	88.983101
102	111	58	84.536674
103	111	11	83.093071
104	111	42	80.402985
105	111	35	77.673706
106	111	35	82.456642
107	111	35	85.425491
108	111	102	76.509529
109	111	88	66.162048
110	111	177	59.930351
111	111	170	58.537956
112	111	35	61.965176
113	111	63	64.299965
114	111	259	68.703255
115	111	89	76.023788
116	111	115	78.671082
117	111	61	72.980446
118	111	114	62.897121
119	111	6	50.10973
120	111	6	35.900513
121	111	6	24.200308
122	111	90	15.957863
123	111	106	9.197078
124	111	73	8
125	111	90	8
126	111	126	8
127	111	145	8
128	111	138	8
0	112	138	8
1	112	145	8
2	112	177	8
3	112	170	8
4	112	35	8
5	112	102	8
6	112	89	8
7	112	7	8
8	112	52	8
9	112	29	8
10	112	28	8
11	112	28	8
12	112	28	8
13	112	28	8
14	112	40	8
15	112	9	8
16	112	6	8
17	112	50	8
18	112	51	8
19	112	97	8
20	112	50	8
21	112	51	8
22	112	97	8
23	112	6	9.290981
24	112	6	13.041041
25	112	6	18.872496
26	112	6	26.552605
27	112	6	33.663338
28	112	50	39.775246
29	112	51	46.354794
30	112	51	52.735016
31	112	97	58.641563
32	112	6	63.409077
33	112	6	65.918236
34	112	6	67.229439
35	112	620	68.98584
36	112	621	68.342392
37	112	103	65.706154
38	112	127	61.080399
39	112	138	55.646923
40	112	84	50.292175
41	112	89	44.540634
42	112	6	37.592373
43	112	6	31.853411
44	112	90	28.802713
45	112	603	28.20089
46	112	419	30.762505
47	112	543	30.795578
48	112	602	28.555765
49	112	584	24.663269
50	112	88	19.526478
51	112	172	15.47015
52	112	154	14.916598
53	112	155	16.107494
54	112	137	19.775082
55	112	88	22.746395
56	112	138	24.41383
57	112	126	24.589081
58	112	88	23.263445
59	112	597	20.605335
60	112	622	18.228661
61	112	191	18.289518
62	112	35	18.087421
63	112	35	19.600258
64	112	35	20.23666
65	112	35	20.036737
66	112	35	22.841528
67	112	35	26.085423
68	112	207	29.607203
69	112	170	34.405144
70	112	207	40.630234
71	112	170	45.928761
72	112	11	47.82111
73	112	14	44.828556
74	112	303	39.268974
75	112	279	33.116661
76	112	166	28.048391
77	112	167	25.1812
78	112	104	26.380913
79	112	6	32.161674
80	112	6	41.547638
81	112	77	50.235672
82	112	87	57.977642
83	112	138	63.99847
84	112	84	66.029442
85	112	88	62.851341
86	112	138	54.922318
87	112	177	45.319698
88	112	152	35.297905
89	112	170	19.330004
90	112	35	20.935667
91	112	35	24.159863
92	112	35	28.298437
93	112	35	49.461941
94	112	35	54.762157
95	112	35	72.880531
96	112	141	90.32618
97	112	120	106.219276
98	112	162	116.827705
99	112	35	116.271515
100	112	124	108.367012
101	112	98	104.249374
102	112	58	101.169052
103	112	238	97.254837
104	112	58	93.42218
105	112	35	90.582672
106	112	35	93.181335
107	112	102	91.89624
108	112	177	81.835533
109	112	170	69.891937
110	112	35	61.778996
111	112	63	57.280254
112	112	114	56.051594
113	112	105	57.036671
114	112	104	61.030682
115	112	6	68.278473
116	112	6	71.859406
117	112	6	67.631447
118	112	6	57.638172
119	112	6	45.841019
120	112	77	34.400932
121	112	87	25.485676
122	112	126	17.024723
123	112	89	10.463479
124	112	90	8
125	112	84	8
126	112	145	8
127	112	126	8
128	112	145	8
0	113	135	8
1	113	623	8
2	113	411	8
3	113	61	8
4	113	263	8
5	113	104	8
6	113	39	8
7	113	29	8
8	113	29	8
9	113	28	8
10	113	29	8
11	113	28	8
12	113	28	8
13	113	29	8
14	113	40	8
15	113	6	8
16	113	6	8
17	113	7	8
18	113	8	8
19	113	8	8
20	113	8	8
21	113	9	8
22	113	6	8
23	113	7	8.327254
24	113	8	10.620037
25	113	8	15.173523
26	113	8	21.607647
27	113	8	27.843542
28	113	8	32.986229
29	113	9	38.460068
30	113	6	44.44352
31	113	7	51.115948
32	113	8	56.719421
33	113	8	60.360359
34	113	624	63.84087
35	113	254	68.711517
36	113	6	73.60627
37	113	90	73.674484
38	113	84	69.890556
39	113	126	64.339973
40	113	89	59.019657
41	113	6	52.787834
42	113	6	45.744293
43	113	205	40.707424
44	113	156	38.249565
45	113	29	38.598003
46	113	550	40.018532
47	113	383	40.759945
48	113	585	38.147678
49	113	88	33.915699
50	113	126	28.698847
51	113	172	24.11521
52	113	154	20.880217
53	113	155	21.416512
54	113	137	25.584324
55	113	126	29.1824
56	113	126	31.25419
57	113	586	31.457188
58	113	625	29.785065
59	113	35	28.647652
60	113	35	30.379183
61	113	35	30.49333
62	113	35	29.078421
63	113	35	28.583076
64	113	35	28.957184
65	113	35	28.826685
66	113	186	31.585653
67	113	187	34.18185
68	113	35	35.677147
69	113	178	37.9785
70	113	598	42.69072
71	113	35	49.660995
72	113	35	53.381195
73	113	35	48.167561
74	113	186	41.456665
75	113	315	37.139114
76	113	106	33.186649
77	113	92	31.963612
78	113	92	34.001175
79	113	92	39.588837
80	113	87	48.72118
81	113	145	57.033306
82	113	145	64.600914
83	113	84	70.761246
84	113	88	71.745583
85	113	88	66.710915
86	113	185	57.289684
87	113	35	47.006653
88	113	35	36.613228
89	113	35	30.804859
90	113	35	19.819809
91	113	35	20.31934
92	113	35	29.661192
93	113	35	41.308769
94	113	35	56.324982
95	113	35	74.933311
96	113	35	92.613464
97	113	35	107.633415
98	113	35	117.75486
99	113	141	119.333122
100	113	192	115.039848
101	113	98	114.132706
102	113	56	112.406372
103	113	69	107.5242
104	113	35	101.140724
105	113	35	97.434998
106	113	207	97.759003
107	113	170	92.792084
108	113	35	82.296989
109	113	35	69.470062
110	113	41	60.021297
111	113	6	54.51276
112	113	6	49.546867
113	113	6	47.545204
114	113	77	51.399334
115	113	73	58.207993
116	113	6	61.979572
117	113	13	60.545837
118	113	166	52.224846
119	113	87	42.406994
120	113	84	33.403629
121	113	85	25.104353
122	113	104	16.992294
123	113	90	10.948276
124	113	177	8
125	113	152	8
126	113	256	8
127	113	135	8
128	113	156	8
0	114	160	8
1	114	244	8
2	114	6	8
3	114	6	8
4	114	7	8
5	114	52	8
6	114	28	8
7	114	29	8
8	114	28	8
9	114	28	8
10	114	28	8
11	114	29	8
12	114	29	8
13	114	31	8
14	114	6	8
15	114	6	8
16	114	39	8
17	114	28	8
18	114	29	8
19	114	29	8
20	114	40	8
21	114	8	8
22	114	52	8
23	114	28	8
24	114	29	8.571024
25	114	29	11.212974
26	114	28	15.697756
27	114	28	21.16337
28	114	40	25.534845
29	114	8	29.599602
30	114	52	34.981869
31	114	29	41.67173
32	114	28	47.51123
33	114	49	51.777988
34	114	6	57.34029
35	114	6	64.995064
36	114	90	71.785995
37	114	138	75.834465
38	114	84	74.805351
39	114	106	70.001091
40	114	73	64.904861
41	114	6	58.417496
42	114	39	52.238499
43	114	28	48.151707
44	114	29	46.828789
45	114	29	48.247391
46	114	28	48.564644
47	114	209	48.287991
48	114	84	46.28677
49	114	145	42.037308
50	114	84	37.305099
51	114	139	33.758026
52	114	28	30.904787
53	114	209	28.515791
54	114	138	30.845825
55	114	88	35.278515
56	114	593	37.988045
57	114	626	38.219158
58	114	35	36.867039
59	114	35	39.52705
60	114	35	41.180683
61	114	35	41.42701
62	114	35	40.146843
63	114	35	38.378578
64	114	35	37.661278
65	114	102	36.969048
66	114	185	38.81406
67	114	35	40.464012
68	114	604	40.993294
69	114	612	40.786503
70	114	35	42.449017
71	114	35	46.811623
72	114	35	49.215923
73	114	102	45.986664
74	114	145	42.788181
75	114	88	41.047085
76	114	126	39.244091
77	114	145	38.845474
78	114	126	41.310642
79	114	126	46.941681
80	114	145	55.373676
81	114	126	62.180241
82	114	84	67.80864
83	114	177	71.599686
84	114	152	69.54303
85	114	170	62.900291
86	114	35	54.668495
87	114	35	45.299255
88	114	35	35.365273
89	114	35	25.19891
90	114	35	15.281116
91	114	35	14.26768
92	114	35	25.604317
93	114	186	40.387142
94	114	187	54.763618
95	114	35	73.880028
96	114	35	92.185219
97	114	35	107.374474
98	114	35	117.629234
99	114	141	120.217583
100	114	192	118.393044
101	114	29	118.37236
102	114	69	117.451103
103	114	35	112.200027
104	114	35	104.435097
105	114	35	101.24379
106	114	35	100.449249
107	114	35	93.124527
108	114	63	81.318451
109	114	114	67.420586
110	114	6	54.997658
111	114	13	48.741165
112	114	166	41.883549
113	114	87	38.018623
114	114	106	42.708538
115	114	92	48.509048
116	114	78	52.00972
117	114	102	52.155201
118	114	177	46.051922
119	114	152	38.522156
120	114	279	30.970152
121	114	14	23.040752
122	114	303	15.974785
123	114	291	10.717732
124	114	62	8
125	114	207	8
126	114	264	8
127	114	160	8
128	114	159	8
0	115	89	8
1	115	6	8
2	115	7	8
3	115	52	8
4	115	28	8
5	115	29	8
6	115	28	8
7	115	28	8
8	115	29	8
9	115	29	8
10	115	28	8
11	115	28	8
12	115	49	8
13	115	6	8
14	115	7	8
15	115	52	8
16	115	29	8
17	115	28	8
18	115	28	8
19	115	28	8
20	115	29	8
21	115	28	8
22	115	29	8
23	115	29	8
24	115	28	8
25	115	29	8.285052
26	115	29	10.278347
27	115	29	14.099497
28	115	29	18.27301
29	115	28	21.131819
30	115	29	25.191023
31	115	29	30.815155
32	115	40	36.283325
33	115	9	41.42643
34	115	6	49.15871
35	115	90	58.471024
36	115	88	66.399368
37	115	126	72.261009
38	115	85	74.340271
39	115	104	72.420685
40	115	6	67.921257
41	115	39	61.945534
42	115	29	56.748295
43	115	29	53.614048
44	115	28	53.58057
45	115	28	55.323471
46	115	209	54.942696
47	115	84	53.872887
48	115	135	52.869259
49	115	136	48.882565
50	115	156	44.799706
51	115	160	41.558105
52	115	159	38.934944
53	115	138	36.121727
54	115	138	37.168358
55	115	84	40.641434
56	115	91	44.464981
57	115	75	44.688831
58	115	187	45.701889
59	115	35	48.464962
60	115	35	49.968575
61	115	35	50.497162
62	115	35	49.821365
63	115	35	48.028168
64	115	207	46.627502
65	115	170	44.621902
66	115	35	44.291653
67	115	190	44.526783
68	115	191	43.69017
69	115	35	42.024796
70	115	35	40.283577
71	115	35	41.078804
72	115	102	42.465759
73	115	138	41.62883
74	115	88	43.592915
75	115	138	44.524818
76	115	145	44.09882
77	115	145	44.215477
78	115	177	46.496117
79	115	152	52.465267
80	115	152	60.224659
81	115	152	65.317894
82	115	170	67.898407
83	115	35	67.485611
84	115	35	63.427773
85	115	35	56.478714
86	115	35	48.795013
87	115	35	40.802307
88	115	35	31.812798
89	115	35	22.290146
90	115	35	15.096063
91	115	186	21.247412
92	115	315	20.34425
93	115	91	31.519722
94	115	187	49.927914
95	115	35	69.873474
96	115	35	89.193878
97	115	35	105.323929
98	115	35	115.358261
99	115	124	118.806793
100	115	29	119.016579
101	115	69	118.061653
102	115	35	116.394669
103	115	35	110.751091
104	115	35	104.742828
105	115	35	103.820518
106	115	35	101.381721
107	115	41	92.328926
108	115	6	78.30143
109	115	13	63.335518
110	115	42	49.051434
111	115	207	40.369659
112	115	256	32.64843
113	115	84	29.613245
114	115	138	34.512577
115	115	185	39.328442
116	115	207	42.117638
117	115	170	42.000542
118	115	35	38.851032
119	115	35	33.355076
120	115	63	26.716131
121	115	61	20.09478
122	115	114	14.441305
123	115	10	10.180593
124	115	35	8
125	115	580	8
126	115	159	8
127	115	126	8
128	115	627	8
0	116	9	8
1	116	39	8
2	116	29	8
3	116	29	140
4	116	29	140
5	116	28	140
6	116	28	140
7	116	29	140
8	116	29	140
9	116	28	140
10	116	29	140
11	116	49	140
12	116	6	140
13	116	50	140
14	116	51	140
15	116	51	140
16	116	32	140
17	116	28	140
18	116	29	140
19	116	28	140
20	116	29	8
21	116	28	8
22	116	28	8
23	116	29	8
24	116	29	8
25	116	29	8.138909
26	116	29	9.718607
27	116	28	11.319628
28	116	28	14.016815
29	116	29	16.432188
30	116	28	17.748936
31	116	28	21.464809
32	116	49	26.257111
33	116	6	31.303425
34	116	90	40.475483
35	116	126	50.716148
36	116	126	59.775375
37	116	106	66.483559
38	116	92	70.42762
39	116	92	71.848839
40	116	225	68.39109
41	116	31	62.85564
42	116	628	58.474262
43	116	416	56.482449
44	116	160	57.609211
45	116	270	59.773357
46	116	629	59.909233
47	116	156	59.11245
48	116	160	58.503941
49	116	158	54.720066
50	116	159	50.45491
51	116	145	47.235184
52	116	177	44.167427
53	116	152	42.16106
54	116	152	42.208397
55	116	152	44.901318
56	116	152	49.914673
57	116	196	50.653618
58	116	187	52.448406
59	116	35	54.41428
60	116	35	55.842972
61	116	35	56.875011
62	116	35	57.2192
63	116	35	56.618896
64	116	35	55.524269
65	116	35	51.96524
66	116	186	47.683628
67	116	187	46.027897
68	116	35	43.718102
69	116	186	40.648983
70	116	187	36.746513
71	116	102	34.961788
72	116	84	35.550606
73	116	145	38.697845
74	116	145	43.057159
75	116	126	45.685547
76	116	177	46.867973
77	116	170	47.695122
78	116	186	50.267139
79	116	75	56.767143
80	116	75	62.761311
81	116	75	65.486458
82	116	187	65.438728
83	116	35	62.346035
84	116	35	56.27515
85	116	35	48.626591
86	116	35	41.086342
87	116	35	34.377003
88	116	35	26.445314
89	116	35	17.741728
90	116	207	12.704923
91	116	152	13.473383
92	116	256	19.411703
93	116	185	28.179512
94	116	35	42.052917
95	116	35	61.133972
96	116	186	80.963974
97	116	187	98.632355
98	116	141	109.281898
99	116	192	113.177864
100	116	69	114.968765
101	116	35	114.143074
102	116	35	109.611649
103	116	186	104.235428
104	116	187	102.746857
105	116	63	101.968681
106	116	114	99.158119
107	116	77	88.211502
108	116	78	72.150383
109	116	35	56.438934
110	116	35	41.916279
111	116	102	30.175327
112	116	88	23.26181
113	116	126	23.317541
114	116	91	27.054276
115	116	75	31.037523
116	116	75	33.33223
117	116	306	33.419403
118	116	62	31.075693
119	116	41	26.740372
120	116	6	21.77459
121	116	6	16.758501
122	116	115	12.312092
123	116	61	9.123922
124	116	263	8
125	116	271	8
126	116	256	8
127	116	139	8
128	116	40	8
0	117	52	8
1	117	29	8
2	117	28	8
3	117	28	140
4	117	29	140
5	117	28	140
6	117	28	140
7	117	28	140
8	117	29	140
9	117	630	140
10	117	631	140
11	117	6	140
12	117	6	140
13	117	6	140
14	117	6	140
15	117	50	140
16	117	51	140
17	117	51	140
18	117	51	140
19	117	51	140
20	117	51	8
21	117	51	8
22	117	51	8
23	117	32	8
24	117	31	8.291445
25	117	51	11.141427
26	117	51	14.049393
27	117	32	16.264105
28	117	28	17.608028
29	117	29	17.941139
30	117	29	17.220882
31	117	49	17.129877
32	117	6	20.635509
33	117	205	24.69709
34	117	137	32.821568
35	117	84	43.228558
36	117	126	52.626228
37	117	84	59.917324
38	117	126	64.538597
39	117	139	66.216347
40	117	49	64.290161
41	117	632	59.550617
42	117	633	55.945759
43	117	155	56.291306
44	117	228	60.340935
45	117	634	64.187798
46	117	120	65.666588
47	117	635	65.722015
48	117	152	64.52375
49	117	152	59.399208
50	117	256	53.943836
51	117	91	49.905228
52	117	187	46.55574
53	117	35	45.091591
54	117	35	44.23835
55	117	35	45.420887
56	117	207	48.49836
57	117	170	51.093788
58	117	35	54.054844
59	117	35	56.082878
60	117	35	57.890293
61	117	35	59.579338
62	117	35	61.075481
63	117	35	62.569454
64	117	35	63.379974
65	117	207	57.372826
66	117	196	49.138462
67	117	75	44.477531
68	117	315	41.019173
69	117	91	36.88522
70	117	315	31.799206
71	117	126	28.426607
72	117	88	28.754221
73	117	126	35.081699
74	117	88	40.632343
75	117	185	44.6894
76	117	186	47.423035
77	117	315	49.34618
78	117	145	53.298664
79	117	138	60.370193
80	117	126	62.878231
81	117	91	62.884769
82	117	187	60.606236
83	117	35	55.904175
84	117	186	48.522362
85	117	75	40.094227
86	117	75	32.497318
87	117	187	26.695229
88	117	35	19.7472
89	117	186	12.579818
90	117	187	9.889401
91	117	207	12.77434
92	117	196	18.708656
93	117	187	26.966578
94	117	35	35.790699
95	117	207	48.750301
96	117	196	65.694344
97	117	187	82.646095
98	117	124	94.637672
99	117	98	100.555984
100	117	58	102.173897
101	117	35	102.696587
102	117	207	99.854004
103	117	196	97.596703
104	117	293	94.049011
105	117	92	90.825569
106	117	87	85.74102
107	117	185	75.649498
108	117	35	61.045677
109	117	186	46.189102
110	117	315	32.366985
111	117	145	21.522823
112	117	138	17.655869
113	117	126	16.984791
114	117	135	19.718163
115	117	136	23.01688
116	117	206	24.795933
117	117	328	24.78009
118	117	114	23.378397
119	117	6	20.552319
120	117	6	17.142902
121	117	6	13.510443
122	117	6	10.558382
123	117	77	8.438391
124	117	78	8
125	117	207	8
126	117	264	8
127	117	28	8
128	117	28	8
0	118	28	8
1	118	28	8
2	118	28	8
3	118	29	8
4	118	28	8
5	118	29	8
6	118	28	8
7	118	28	8
8	118	636	8
9	118	637	8
10	118	6	8
11	118	6	8
12	118	6	8
13	118	6	8
14	118	6	8
15	118	6	8
16	118	6	8
17	118	6	8
18	118	6	140
19	118	6	140
20	118	6	8
21	118	6	8
22	118	50	8
23	118	202	8
24	118	8	11.257912
25	118	8	15.110036
26	118	52	18.465223
27	118	29	21.105505
28	118	28	22.760048
29	118	28	23.182348
30	118	49	22.288979
31	118	6	20.225836
32	118	50	18.574644
33	118	231	20.563034
34	118	138	27.24052
35	118	88	36.982861
36	118	138	47.045601
37	118	145	54.422443
38	118	230	58.813213
39	118	97	60.397449
40	118	105	58.171268
41	118	220	53.496487
42	118	51	52.022038
43	118	341	57.770809
44	118	295	64.145203
45	118	35	68.652512
46	118	35	71.184517
47	118	35	73.364479
48	118	186	72.559822
49	118	304	65.27594
50	118	256	55.93618
51	118	185	49.038906
52	118	35	46.816788
53	118	35	44.645531
54	118	35	42.779167
55	118	35	42.290894
56	118	35	43.284313
57	118	35	45.353168
58	118	35	49.533447
59	118	35	53.133709
60	118	35	55.727333
61	118	35	57.881134
62	118	35	59.734444
63	118	35	62.134857
64	118	35	62.081825
65	118	102	56.367271
66	118	145	48.506817
67	118	88	40.38308
68	118	88	35.609932
69	118	84	30.919752
70	118	84	25.286234
71	118	88	21.423372
72	118	145	23.238539
73	118	138	30.030035
74	118	91	36.374134
75	118	315	41.475216
76	118	84	45.447357
77	118	84	50.121735
78	118	145	56.996231
79	118	138	61.206661
80	118	177	59.819767
81	118	170	57.024914
82	118	35	53.311295
83	118	102	47.621811
84	118	145	39.815781
85	118	126	30.572659
86	118	185	23.107153
87	118	35	18.20241
88	118	207	12.68644
89	118	196	8.642232
90	118	187	8.702826
91	118	102	11.379076
92	118	91	16.745642
93	118	187	24.42338
94	118	35	32.311249
95	118	102	41.713562
96	118	185	52.523548
97	118	124	64.304893
98	118	29	73.780518
99	118	98	79.538155
100	118	497	84.249641
101	118	187	88.736198
102	118	102	89.444145
103	118	126	86.369225
104	118	138	80.237396
105	118	177	73.858459
106	118	170	67.33815
107	118	35	58.153049
108	118	102	45.826046
109	118	84	34.087788
110	118	145	25.775061
111	118	145	19.357687
112	118	145	13.381038
113	118	139	11.842543
114	118	160	14.091134
115	118	158	16.302271
116	118	244	17.644192
117	118	260	17.967323
118	118	638	17.220646
119	118	8	15.484718
120	118	8	13.08762
121	118	217	10.909278
122	118	87	8.944579
123	118	91	8
124	118	187	8
125	118	124	8
126	118	28	8
127	118	29	8
128	118	29	8
0	119	28	8
1	119	29	8
2	119	28	8
3	119	29	8
4	119	28	8
5	119	29	8
6	119	28	8
7	119	29	8
8	119	49	8
9	119	6	8
10	119	6	8
11	119	6	8
12	119	6	8
13	119	6	8
14	119	6	8
15	119	6	8
16	119	7	8
17	119	8	8
18	119	9	140
19	119	7	140
20	119	9	8
21	119	6	8
22	119	50	8
23	119	32	9.735099
24	119	31	14.302843
25	119	32	18.608946
26	119	29	22.499325
27	119	29	25.712976
28	119	29	27.843336
29	119	40	28.418327
30	119	9	27.243944
31	119	7	24.635492
32	119	229	21.09306
33	119	138	19.192493
34	119	145	23.987206
35	119	85	32.02887
36	119	103	41.080681
37	119	104	48.353985
38	119	6	52.959709
39	119	6	54.262135
40	119	6	52.532467
41	119	77	51.630798
42	119	73	52.906097
43	119	10	56.903038
44	119	35	64.051216
45	119	35	68.868546
46	119	35	71.65123
47	119	207	73.867523
48	119	170	73.956772
49	119	207	67.966362
50	119	170	55.783539
51	119	35	47.975567
52	119	35	43.780708
53	119	35	40.998672
54	119	35	38.508869
55	119	35	37.092865
56	119	35	37.052002
57	119	35	38.31168
58	119	35	42.133041
59	119	35	46.652245
60	119	35	49.793476
61	119	35	51.955757
62	119	35	53.082294
63	119	35	54.393135
64	119	207	53.877365
65	119	152	50.661343
66	119	256	44.605148
67	119	88	37.235374
68	119	88	29.279898
69	119	88	22.970736
70	119	138	17.189802
71	119	84	14.162543
72	119	138	16.97007
73	119	138	23.475971
74	119	126	30.231256
75	119	88	36.211609
76	119	126	43.002815
77	119	88	50.789314
78	119	177	57.268295
79	119	170	59.165318
80	119	35	54.871597
81	119	35	49.504177
82	119	102	43.917702
83	119	88	37.393818
84	119	138	29.504114
85	119	91	20.108583
86	119	187	13.42799
87	119	35	10.634763
88	119	207	8
89	119	170	8
90	119	207	8
91	119	256	9.757055
92	119	91	13.715631
93	119	187	20.430735
94	119	171	27.372957
95	119	623	34.96566
96	119	56	43.809753
97	119	29	53.787399
98	119	29	62.154034
99	119	237	67.252167
100	119	170	70.495735
101	119	207	73.783379
102	119	152	74.417969
103	119	152	72.215172
104	119	170	67.705956
105	119	35	61.749561
106	119	186	54.914795
107	119	315	46.268131
108	119	145	37.255745
109	119	126	28.778229
110	119	135	22.112286
111	119	136	16.288513
112	119	156	10.749446
113	119	155	8.695246
114	119	539	10.23618
115	119	104	11.673876
116	119	559	12.580574
117	119	419	12.878386
118	119	28	12.537227
119	119	28	11.588346
120	119	155	10.111297
121	119	136	8.908389
122	119	137	8
123	119	258	8
124	119	243	8
125	119	51	8
126	119	32	8
127	119	29	8
128	119	28	8
0	120	29	8
1	120	28	8
2	120	29	8
3	120	29	8
4	120	28	8
5	120	29	8
6	120	31	8
7	120	97	8
8	120	6	8
9	120	6	8
10	120	6	8
11	120	13	8
12	120	12	8
13	120	6	8
14	120	6	8
15	120	161	8
16	120	120	8
17	120	401	8
18	120	50	140
19	120	97	140
20	120	6	8
21	120	7	8
22	120	100	8
23	120	97	11.771173
24	120	39	16.67432
25	120	29	21.422798
26	120	29	25.898495
27	120	29	29.853251
28	120	29	32.753357
29	120	49	33.642323
30	120	39	31.937485
31	120	209	28.493479
32	120	126	25.27039
33	120	145	24.341661
34	120	89	24.279066
35	120	6	29.131987
36	120	6	36.516857
37	120	6	43.642269
38	120	6	47.946449
39	120	6	49.290455
40	120	105	49.824001
41	120	104	51.388222
42	120	10	54.178215
43	120	35	57.799652
44	120	35	61.308571
45	120	35	65.740723
46	120	35	69.019623
47	120	35	71.047874
48	120	35	70.278214
49	120	35	64.951088
50	120	35	54.919491
51	120	35	44.706425
52	120	35	38.418747
53	120	35	34.560955
54	120	35	32.050621
55	120	35	30.635372
56	120	35	30.230377
57	120	35	30.831846
58	120	35	33.273594
59	120	35	37.703457
60	120	35	40.979267
61	120	35	42.857155
62	120	35	43.989723
63	120	35	45.11396
64	120	35	45.305279
65	120	207	43.204418
66	120	152	38.608704
67	120	256	32.445412
68	120	126	25.372017
69	120	84	17.76647
70	120	88	10.134617
71	120	126	8
72	120	145	10.429884
73	120	84	16.492229
74	120	126	24.739027
75	120	177	32.95628
76	120	152	40.898834
77	120	170	48.307423
78	120	35	54.410095
79	120	35	53.656246
80	120	186	49.510315
81	120	315	43.655323
82	120	84	36.695518
83	120	88	29.247051
84	120	126	20.97402
85	120	185	12.14868
86	120	35	8.401179
87	120	35	8
88	120	186	8
89	120	187	8
90	120	102	8
91	120	177	8.281853
92	120	196	10.460776
93	120	208	15.326437
94	120	29	21.524641
95	120	28	27.293755
96	120	119	33.850159
97	120	120	41.408176
98	120	162	48.79705
99	120	35	53.315479
100	120	35	54.950237
101	120	35	55.980389
102	120	35	57.394321
103	120	186	56.341537
104	120	75	53.21891
105	120	315	48.608765
106	120	88	43.075722
107	120	138	36.110188
108	120	88	28.895391
109	120	172	22.569128
110	120	154	17.514156
111	120	29	12.302069
112	120	29	8.749125
113	120	49	8
114	120	6	8.14804
115	120	268	8.845441
116	120	158	9.299326
117	120	154	9.478134
118	120	28	9.367978
119	120	31	8.977517
120	120	51	8.334866
121	120	341	8
122	120	104	8
123	120	7	8
124	120	9	8
125	120	50	8
126	120	51	8
127	120	51	8
128	120	51	8
0	121	32	8
1	121	28	8
2	121	29	8
3	121	28	8
4	121	28	8
5	121	49	8
6	121	6	8
7	121	6	8
8	121	6	8
9	121	13	8
10	121	42	8
11	121	11	8
12	121	14	8
13	121	14	8
14	121	42	8
15	121	35	8
16	121	11	8
17	121	14	8
18	121	12	140
19	121	13	140
20	121	174	8
21	121	49	8
22	121	6	8.224287
23	121	39	13.046609
24	121	28	18.189611
25	121	29	23.278553
26	121	28	28.261858
27	121	31	33.003262
28	121	97	37.066669
29	121	39	38.824997
30	121	221	35.833702
31	121	103	31.289946
32	121	103	29.103722
33	121	104	28.785345
34	121	6	28.190241
35	121	6	28.949043
36	121	6	34.462196
37	121	6	41.133991
38	121	6	45.098667
39	121	6	47.26754
40	121	6	49.056656
41	121	115	51.07058
42	121	61	53.24205
43	121	61	56.59684
44	121	62	59.228542
45	121	35	64.003258
46	121	35	68.018944
47	121	35	69.813057
48	121	35	67.666473
49	121	35	61.570152
50	121	35	52.068108
51	121	35	40.171356
52	121	35	31.305672
53	121	35	26.268862
54	121	35	24.381313
55	121	35	23.279221
56	121	35	23.300575
57	121	35	23.572992
58	121	35	24.193586
59	121	35	27.009771
60	121	35	30.159668
61	121	35	32.2281
62	121	35	34.107765
63	121	35	35.818211
64	121	35	36.650696
65	121	35	35.108372
66	121	207	31.505747
67	121	256	26.368193
68	121	145	20.178667
69	121	126	13.287833
70	121	138	8.028046
71	121	84	8
72	121	138	9.765852
73	121	138	14.534595
74	121	185	21.729713
75	121	35	29.346725
76	121	35	36.425972
77	121	35	42.502129
78	121	35	46.381226
79	121	102	46.285435
80	121	88	42.884216
81	121	84	37.507275
82	121	138	30.954479
83	121	145	23.693056
84	121	91	15.99396
85	121	187	8.338861
86	121	35	8
87	121	102	8
88	121	91	8
89	121	304	8
90	121	170	8
91	121	207	8
92	121	153	8.134347
93	121	158	10.174652
94	121	158	14.918752
95	121	639	19.51656
96	121	218	23.71069
97	121	497	28.686234
98	121	75	34.290169
99	121	187	38.260307
100	121	35	39.454086
101	121	35	39.218853
102	121	102	39.492977
103	121	84	39.528877
104	121	145	37.808403
105	121	135	34.826836
106	121	136	30.468971
107	121	136	25.475542
108	121	136	20.405672
109	121	197	16.229351
110	121	158	12.277422
111	121	154	9.072356
112	121	49	8
113	121	6	8
114	121	620	8
115	121	587	8
116	121	329	8
117	121	51	8
118	121	97	8
119	121	6	8
120	121	6	8
121	121	6	8
122	121	39	8
123	121	40	8
124	121	9	8
125	121	6	8
126	121	7	8
127	121	8	8
128	121	52	8
0	122	29	8
1	122	28	8
2	122	29	8
3	122	29	8
4	122	49	8
5	122	6	8
6	122	6	8
7	122	6	8
8	122	10	8
9	122	35	8
10	122	35	8
11	122	35	8
12	122	63	8
13	122	62	8
14	122	35	8
15	122	35	8
16	122	35	8
17	122	41	8
18	122	10	140
19	122	124	140
20	122	49	8
21	122	7	8
22	122	52	8.597513
23	122	29	13.466487
24	122	29	18.696434
25	122	28	23.915884
26	122	49	29.113705
27	122	6	34.254684
28	122	39	39.148705
29	122	49	41.33886
30	122	7	37.226048
31	122	9	32.642288
32	122	6	31.478821
33	122	6	31.319258
34	122	6	31.048597
35	122	6	30.590487
36	122	6	32.918827
37	122	6	40.040989
38	122	6	43.877304
39	122	6	45.954765
40	122	6	47.782139
41	122	260	49.300999
42	122	248	50.026661
43	122	10	52.362423
44	122	35	56.669144
45	122	35	62.1035
46	122	35	67.174454
47	122	35	67.532486
48	122	35	63.638287
49	122	35	56.69474
50	122	35	47.284672
51	122	35	35.961094
52	122	35	24.467335
53	122	35	17.357899
54	122	35	15.774396
55	122	35	15.677052
56	122	35	16.421515
57	122	35	16.640488
58	122	35	15.882588
59	122	35	16.275665
60	122	35	18.692833
61	122	35	21.852474
62	122	35	24.810854
63	122	35	27.284021
64	122	35	27.952583
65	122	35	26.74165
66	122	102	23.813139
67	122	126	19.476566
68	122	138	14.066569
69	122	138	8.315295
70	122	138	8
71	122	138	8
72	122	177	8.877299
73	122	170	12.505323
74	122	35	17.726685
75	122	35	24.193165
76	122	35	30.26548
77	122	186	35.06778
78	122	304	37.83976
79	122	152	37.93335
80	122	152	35.49316
81	122	256	31.160353
82	122	138	25.530935
83	122	145	19.031462
84	122	185	11.945959
85	122	35	8
86	122	102	8
87	122	138	8
88	122	91	8
89	122	218	8
90	122	55	8
91	122	219	8
92	122	136	8
93	122	136	8
94	122	136	8.33096
95	122	156	11.820853
96	122	209	14.75284
97	122	126	16.946434
98	122	91	19.542082
99	122	75	23.101303
100	122	75	24.998501
101	122	581	25.349758
102	122	137	24.084969
103	122	135	22.99737
104	122	156	22.556522
105	122	28	20.969835
106	122	28	18.437054
107	122	29	15.443122
108	122	155	12.668698
109	122	136	10.239817
110	122	156	8.390229
111	122	49	8
112	122	6	8
113	122	265	8
114	122	640	8
115	122	97	8
116	122	6	8
117	122	6	8
118	122	6	8
119	122	6	8
120	122	6	8
121	122	39	8
122	122	28	8
123	122	40	8
124	122	8	8
125	122	52	8
126	122	28	8
127	122	28	8
128	122	29	8
0	123	29	8
1	123	29	8
2	123	29	8
3	123	40	8
4	123	9	8
5	123	6	8
6	123	6	8
7	123	115	8
8	123	62	8
9	123	35	8
10	123	63	8
11	123	114	8
12	123	115	8
13	123	61	8
14	123	62	8
15	123	35	8
16	123	11	8
17	123	42	8
18	123	124	140
19	123	165	140
20	123	122	8
21	123	192	8
22	123	28	8.485193
23	123	29	12.994728
24	123	28	18.133211
25	123	40	23.218557
26	123	8	28.202789
27	123	52	32.960598
28	123	49	37.054825
29	123	39	38.171806
30	123	40	35.266136
31	123	8	31.640184
32	123	8	31.475025
33	123	8	31.691866
34	123	8	31.804554
35	123	9	31.841204
36	123	6	34.074959
37	123	6	38.961308
38	123	6	42.490192
39	123	6	42.877163
40	123	265	44.115456
41	123	254	45.680931
42	123	10	46.428299
43	123	35	47.832317
44	123	35	52.702015
45	123	35	59.772842
46	123	35	64.970413
47	123	35	63.179424
48	123	35	57.507027
49	123	35	49.97295
50	123	35	40.676853
51	123	35	29.850527
52	123	35	19.820715
53	123	35	12.642764
54	123	35	9.180256
55	123	35	8.468768
56	123	35	9.605708
57	123	35	9.966548
58	123	35	9.560981
59	123	35	9.165458
60	123	35	10.432828
61	123	35	13.247887
62	123	35	16.611797
63	123	35	18.677294
64	123	35	19.235161
65	123	207	18.240803
66	123	152	15.787002
67	123	152	12.066234
68	123	152	8
69	123	256	8
70	123	177	8
71	123	170	8
72	123	35	8.226398
73	123	35	10.460093
74	123	35	14.107762
75	123	186	18.487656
76	123	304	23.151077
77	123	170	27.04686
78	123	35	29.213879
79	123	35	29.348562
80	123	207	27.490408
81	123	152	23.957476
82	123	152	19.139389
83	123	170	13.435128
84	123	35	8.759253
85	123	207	8
86	123	152	8
87	123	152	8
88	123	460	8
89	123	192	8
90	123	28	8
91	123	28	8
92	123	29	8
93	123	28	8
94	123	160	8
95	123	159	8
96	123	135	8.307725
97	123	136	9.587993
98	123	136	10.289021
99	123	136	10.753229
100	123	156	12.265689
101	123	155	13.313379
102	123	156	13.267676
103	123	29	12.385642
104	123	29	11.079595
105	123	28	9.583863
106	123	28	8.439728
107	123	29	8.104588
108	123	29	8
109	123	28	8
110	123	40	8
111	123	8	8
112	123	8	8
113	123	8	8
114	123	8	8
115	123	8	8
116	123	9	8
117	123	6	8
118	123	6	8
119	123	7	8
120	123	52	8
121	123	28	8
122	123	29	8
123	123	29	8
124	123	28	8
125	123	28	8
126	123	28	8
127	123	29	8
128	123	29	8
0	124	29	8
1	124	29	8
2	124	28	8
3	124	49	8
4	124	6	8
5	124	6	8
6	124	6	8
7	124	115	8
8	124	61	8
9	124	114	8
10	124	6	8
11	124	6	8
12	124	6	8
13	124	10	8
14	124	35	8
15	124	35	8
16	124	35	8
17	124	124	8
18	124	69	140
19	124	35	140
20	124	124	8
21	124	28	8
22	124	31	8.236982
23	124	32	11.667733
24	124	31	16.560429
25	124	51	21.296864
26	124	51	25.757355
27	124	97	29.682537
28	124	39	32.480991
29	124	28	33.13805
30	124	31	31.366343
31	124	51	28.650225
32	124	51	29.23353
33	124	51	29.891201
34	124	97	30.303478
35	124	6	30.544964
36	124	6	33.996128
37	124	6	38.662201
38	124	6	41.364361
39	124	6	40.2253
40	124	6	40.63829
41	124	641	42.43129
42	124	598	44.15139
43	124	35	45.78561
44	124	35	47.186878
45	124	35	51.556232
46	124	35	55.442871
47	124	35	53.679703
48	124	35	48.351826
49	124	35	41.083202
50	124	35	32.672081
51	124	35	23.438299
52	124	35	15.009933
53	124	35	9.629006
54	124	35	8
55	124	35	8
56	124	35	8
57	124	35	8
58	124	35	8
59	124	35	8
60	124	35	8
61	124	35	8.547356
62	124	35	9.624322
63	124	35	10.510914
64	124	35	10.724004
65	124	35	9.899717
66	124	35	8.409308
67	124	35	8
68	124	207	8
69	124	170	8
70	124	35	8
71	124	35	8
72	124	35	8
73	124	35	8.791815
74	124	207	11.025333
75	124	170	13.898277
76	124	35	16.664635
77	124	35	19.235756
78	124	35	20.586052
79	124	35	20.687319
80	124	35	19.197184
81	124	35	16.493158
82	124	35	12.959351
83	124	35	9.580236
84	124	35	8
85	124	35	8
86	124	35	8
87	124	35	8
88	124	124	8
89	124	29	8
90	124	29	8
91	124	29	8
92	124	28	8
93	124	155	8
94	124	136	8
95	124	156	8
96	124	29	8
97	124	28	8
98	124	28	8
99	124	29	8
100	124	29	8
101	124	31	8
102	124	51	8
103	124	32	8
104	124	29	8
105	124	28	8
106	124	28	8
107	124	28	8
108	124	28	8
109	124	29	8
110	124	29	8
111	124	29	8
112	124	29	8
113	124	29	8
114	124	29	8
115	124	40	8
116	124	8	8
117	124	8	8
118	124	52	8
119	124	29	8
120	124	28	8
121	124	29	8
122	124	29	8
123	124	28	8
124	124	28	8
125	124	29	8
126	124	28	8
127	124	29	8
128	124	29	8
0	125	29	8
1	125	28	8
2	125	49	8
3	125	6	8
4	125	6	8
5	125	6	8
6	125	6	8
7	125	6	8
8	125	6	8
9	125	6	8
10	125	6	8
11	125	6	8
12	125	115	8
13	125	61	8
14	125	61	8
15	125	61	8
16	125	243	8
17	125	554	8
18	125	163	140
19	125	56	140
20	125	31	8
21	125	97	8
22	125	50	8
23	125	202	9.858992
24	125	9	14.132729
25	125	6	18.417137
26	125	6	22.276213
27	125	39	25.437162
28	125	28	27.475927
29	125	40	27.93939
30	125	8	26.717106
31	125	9	24.346384
32	125	7	25.131027
33	125	9	26.135708
34	125	6	26.686104
35	125	6	27.185236
36	125	6	31.524563
37	125	6	34.884499
38	125	13	36.115952
39	125	14	36.42025
40	125	642	37.164097
41	125	191	39.236202
42	125	35	40.848457
43	125	35	41.964931
44	125	35	42.172722
45	125	35	42.961384
46	125	35	43.199551
47	125	35	41.702156
48	125	35	37.773499
49	125	35	32.048038
50	125	35	25.113972
51	125	35	17.704819
52	125	35	11.361327
53	125	35	8.222803
54	125	35	8
55	125	35	8
56	125	35	8
57	125	35	8
58	125	35	8
59	125	35	8
60	125	35	8
61	125	35	8
62	125	35	8
63	125	35	8
64	125	35	8
65	125	35	8
66	125	35	8
67	125	35	8
68	125	35	8
69	125	35	8
70	125	35	8
71	125	35	8
72	125	35	8
73	125	35	8
74	125	35	8.825068
75	125	35	10.435108
76	125	35	12.040912
77	125	35	13.54883
78	125	35	14.33302
79	125	35	14.189191
80	125	35	13.13494
81	125	35	11.263158
82	125	35	9.327866
83	125	35	8
84	125	35	8
85	125	35	8
86	125	35	8
87	125	124	8
88	125	28	8
89	125	28	8
90	125	28	8
91	125	28	8
92	125	29	8
93	125	29	8
94	125	29	8
95	125	29	8
96	125	28	8
97	125	29	8
98	125	31	8
99	125	32	8
100	125	49	8
101	125	6	8
102	125	39	8
103	125	29	8
104	125	29	8
105	125	29	8
106	125	28	8
107	125	29	8
108	125	29	8
109	125	29	8
110	125	29	8
111	125	29	8
112	125	28	8
113	125	28	8
114	125	28	8
115	125	28	8
116	125	28	8
117	125	28	8
118	125	28	8
119	125	28	8
120	125	29	8
121	125	28	8
122	125	29	8
123	125	29	8
124	125	29	8
125	125	31	8
126	125	51	8
127	125	51	8
128	125	51	8
0	126	51	8
1	126	97	8
2	126	6	8
3	126	6	8
4	126	6	8
5	126	6	8
6	126	6	8
7	126	6	8
8	126	6	8
9	126	6	8
10	126	6	8
11	126	6	8
12	126	6	8
13	126	6	8
14	126	6	8
15	126	6	8
16	126	6	8
17	126	50	8
18	126	51	8
19	126	202	8
20	126	8	8
21	126	9	8
22	126	50	8
23	126	97	8.547863
24	126	6	11.036793
25	126	6	14.861023
26	126	50	18.178556
27	126	51	20.766613
28	126	51	22.354214
29	126	32	22.712025
30	126	49	21.787205
31	126	39	19.737017
32	126	49	19.575418
33	126	6	20.776134
34	126	6	21.329777
35	126	6	24.179356
36	126	6	27.709314
37	126	115	30.128204
38	126	61	30.814354
39	126	61	30.804771
40	126	61	31.568579
41	126	61	33.51976
42	126	61	35.014038
43	126	61	35.611683
44	126	61	35.396984
45	126	61	36.467888
46	126	61	36.662754
47	126	61	34.580227
48	126	61	30.71524
49	126	61	25.696751
50	126	61	19.994841
51	126	61	13.888555
52	126	61	9.693799
53	126	61	8
54	126	61	8
55	126	61	8
56	126	61	8
57	126	61	8
58	126	61	8
59	126	61	8
60	126	61	8
61	126	61	8
62	126	61	8
63	126	61	8
64	126	61	8
65	126	61	8
66	126	61	8
67	126	61	8
68	126	61	8
69	126	61	8
70	126	61	8
71	126	61	8
72	126	61	8
73	126	61	8
74	126	61	8
75	126	61	8.321609
76	126	61	9.011948
77	126	61	9.7015
78	126	61	10.097766
79	126	61	9.937724
80	126	61	9.233834
81	126	61	8.407992
82	126	61	8
83	126	61	8
84	126	61	8
85	126	61	8
86	126	340	8
87	126	29	8
88	126	31	8
89	126	51	8
90	126	51	8
91	126	51	8
92	126	51	8
93	126	51	8
94	126	51	8
95	126	51	8
96	126	51	8
97	126	97	8
98	126	50	8
99	126	97	8
100	126	6	8
101	126	50	8
102	126	51	8
103	126	51	8
104	126	51	8
105	126	51	8
106	126	51	8
107	126	51	8
108	126	51	8
109	126	51	8
110	126	51	8
111	126	51	8
112	126	51	8
113	126	51	8
114	126	51	8
115	126	32	8
116	126	31	8
117	126	51	8
118	126	51	8
119	126	51	8
120	126	51	8
121	126	51	8
122	126	51	8
123	126	51	8
124	126	97	8
125	126	6	8
126	126	6	8
127	126	6	8
128	126	6	8
0	127	6	8
1	127	0	8
2	127	0	8
3	127	0	8
4	127	0	8
5	127	0	8
6	127	0	8
7	127	0	8
8	127	0	8
9	127	0	8
10	127	0	8
11	127	0	8
12	127	0	8
13	127	0	8
14	127	0	8
15	127	0	8
16	127	0	8
17	127	0	8
18	127	0	8
19	127	0	8
20	127	0	8
21	127	0	8
22	127	0	8
23	127	0	8
24	127	0	8.851839
25	127	0	10.880746
26	127	0	13.718014
27	127	0	15.88808
28	127	0	17.183443
29	127	0	17.474756
30	127	0	16.732916
31	127	0	15.042167
32	127	0	13.007049
33	127	0	14.183334
34	127	0	16.791388
35	127	0	20.383038
36	127	0	23.262005
37	127	0	25.103611
38	127	0	25.591532
39	127	0	25.03895
40	127	0	25.028967
41	127	0	25.982195
42	127	0	27.359203
43	127	0	27.60401
44	127	0	28.166658
45	127	0	29.732117
46	127	0	29.892424
47	127	0	28.288794
48	127	0	25.176651
49	127	0	20.932339
50	127	0	15.90274
51	127	0	11.023201
52	127	0	8.324265
53	127	0	8
54	127	0	8
55	127	0	8
56	127	0	8
57	127	0	8
58	127	0	8
59	127	0	8
60	127	0	8
61	127	0	8
62	127	0	8
63	127	0	8
64	127	0	8
65	127	0	8
66	127	0	8
67	127	0	8
68	127	0	8
69	127	0	8
70	127	0	8
71	127	0	8
72	127	0	8
73	127	0	8
74	127	0	8
75	127	0	8
76	127	0	8
77	127	0	8
78	127	0	8
79	127	0	8
80	127	0	8
81	127	0	8
82	127	0	8
83	127	0	8
84	127	0	8
85	127	0	8
86	127	0	8
87	127	0	8
88	127	0	8
89	127	0	8
90	127	0	8
91	127	0	8
92	127	0	8
93	127	0	8
94	127	0	8
95	127	0	8
96	127	0	8
97	127	0	8
98	127	0	8
99	127	0	8
100	127	0	8
101	127	0	8
102	127	0	8
103	127	0	8
104	127	0	8
105	127	0	8
106	127	0	8
107	127	0	8
108	127	0	8
109	127	0	8
110	127	0	8
111	127	0	8
112	127	0	8
113	127	0	8
114	127	0	8
115	127	0	8
116	127	0	8
117	127	0	8
118	127	0	8
119	127	0	8
120	127	0	8
121	127	0	8
122	127	0	8
123	127	0	8
124	127	0	8
125	127	0	8
126	127	0	8
127	127	0	8
128	127	0	8
0	128	0	8
1	128	0	8
2	128	0	8
3	128	0	8
4	128	0	8
5	128	0	8
6	128	0	8
7	128	0	8
8	128	0	8
9	128	0	8
10	128	0	8
11	128	0	8
12	128	0	8
13	128	0	8
14	128	0	8
15	128	0	8
16	128	0	8
17	128	0	8
18	128	0	8
19	128	0	8
20	128	0	8
21	128	0	8
22	128	0	8
23	128	0	8
24	128	0	8
25	128	0	8.613098
26	128	0	9.693398
27	128	0	10.92164
28	128	0	11.987295
29	128	0	12.23292
30	128	0	11.614243
31	128	0	10.181149
32	128	0	8.736017
33	128	0	9.38781
34	128	0	13.010484
35	128	0	16.113243
36	128	0	18.507135
37	128	0	19.980059
38	128	0	20.357256
39	128	0	19.583384
40	128	0	18.497972
41	128	0	17.995308
42	128	0	18.459282
43	128	0	19.32741
44	128	0	21.339409
45	128	0	22.89238
46	128	0	23.02714
47	128	0	21.733925
48	128	0	19.156528
49	128	0	15.528648
50	128	0	11.306959
51	128	0	8.505824
52	128	0	8
53	128	0	8
54	128	0	8
55	128	0	8
56	128	0	8
57	128	0	8
58	128	0	8
59	128	0	8
60	128	0	8
61	128	0	8
62	128	0	8
63	128	0	8
64	128	0	8
65	128	0	8
66	128	0	8
67	128	0	8
68	128	0	8
69	128	0	8
70	128	0	8
71	128	0	8
72	128	0	8
73	128	0	8
74	128	0	8
75	128	0	8
76	128	0	8
77	128	0	8
78	128	0	8
79	128	0	8
80	128	0	8
81	128	0	8
82	128	0	8
83	128	0	8
84	128	0	8
85	128	0	8
86	128	0	8
87	128	0	8
88	128	0	8
89	128	0	8
90	128	0	8
91	128	0	8
92	128	0	8
93	128	0	8
94	128	0	8
95	128	0	8
96	128	0	8
97	128	0	8
98	128	0	8
99	128	0	8
100	128	0	8
101	128	0	8
102	128	0	8
103	128	0	8
104	128	0	8
105	128	0	8
106	128	0	8
107	128	0	8
108	128	0	8
109	128	0	8
110	128	0	8
111	128	0	8
112	128	0	8
113	128	0	8
114	128	0	8
115	128	0	8
116	128	0	8
117	128	0	8
118	128	0	8
119	128	0	8
120	128	0	8
121	128	0	8
122	128	0	8
123	128	0	8
124	128	0	8
125	128	0	8
126	128	0	8
127	128	0	8
128	128	0	8
