x	y	texture	height
0	0	0	0
1	0	1	0
2	0	2	0
3	0	3	0
4	0	4	0
5	0	5	0
6	0	6	0
7	0	7	0
8	0	8	0
9	0	9	0
10	0	10	0
11	0	10	0
12	0	10	0
13	0	11	0
14	0	5	0
15	0	10	0
16	0	10	0
17	0	10	0
18	0	6	0
19	0	12	0
20	0	4	0
21	0	13	0
22	0	9	0
23	0	13	0
24	0	8	0
25	0	9	0
26	0	11	0
27	0	13	0
28	0	14	0
29	0	2	0
30	0	2	0
31	0	2	0
32	0	15	0
33	0	0	0
34	0	16	0
35	0	1	0
36	0	2	0
37	0	3	0
38	0	4	0
39	0	17	0
40	0	18	0
41	0	10	0
42	0	11	0
43	0	11	0
44	0	5	0
45	0	11	0
46	0	6	0
47	0	19	0
48	0	16	0
49	0	19	0
50	0	19	0
51	0	1	0
52	0	2	0
53	0	18	0
54	0	6	0
55	0	1	0
56	0	2	0
57	0	18	0
58	0	6	0
59	0	19	0
60	0	16	0
61	0	20	0
62	0	21	0
63	0	21	0
64	0	21	0
65	0	22	0
66	0	23	0
67	0	24	0
68	0	23	0
69	0	25	0
70	0	25	0
71	0	25	0
72	0	25	0
73	0	26	0
74	0	27	0
75	0	25	0
76	0	24	0
77	0	23	-0.031782
78	0	25	0
79	0	25	0
80	0	25	0
81	0	25	0
82	0	25	0
83	0	26	0
84	0	22	0
85	0	28	0
86	0	12	0
87	0	19	0
88	0	7	0
89	0	9	0
90	0	17	0
91	0	18	0
92	0	10	0
93	0	11	0
94	0	10	0
95	0	10	0
96	0	5	0
97	0	10	0
98	0	11	0
99	0	17	0
100	0	29	0
101	0	30	0
102	0	31	0
103	0	32	0
104	0	33	0
105	0	34	0
106	0	35	0
107	0	35	0
108	0	35	0
109	0	35	0
110	0	36	0
111	0	34	0
112	0	35	0
113	0	37	0
114	0	12	0
115	0	38	0
116	0	39	0
117	0	40	0
118	0	34	0
119	0	35	0
120	0	36	0
121	0	33	0
122	0	41	0
123	0	42	0
124	0	43	0
125	0	44	0
126	0	19	0
127	0	12	0
128	0	16	0
0	1	7	0
1	1	8	0
2	1	14	0
3	1	18	-0.19129
4	1	5	0
5	1	17	0
6	1	2	0
7	1	2	0
8	1	15	0
9	1	9	0.75045
10	1	5	2.800748
11	1	13	2.607728
12	1	9	0.530836
13	1	10	0.089199
14	1	10	0
15	1	13	0
16	1	9	0
17	1	17	0
18	1	2	0
19	1	18	0
20	1	17	0
21	1	18	0
22	1	17	0
23	1	3	0
24	1	7	0
25	1	9	0
26	1	6	0
27	1	7	0
28	1	9	0
29	1	5	0
30	1	13	0
31	1	0	0
32	1	12	0
33	1	16	0
34	1	7	0
35	1	8	0
36	1	0	0
37	1	7	0
38	1	8	0
39	1	8	0
40	1	8	0
41	1	9	0
42	1	13	0.001526
43	1	8	0.335734
44	1	9	4.577618
45	1	17	6.745332
46	1	2	4.795292
47	1	3	1.569507
48	1	19	0.28568
49	1	16	2.015583
50	1	4	3.109733
51	1	11	1.734786
52	1	10	0
53	1	17	0
54	1	18	0
55	1	10	0
56	1	13	0.43467
57	1	0	0.927523
58	1	20	0.265691
59	1	21	0
60	1	27	0
61	1	25	0
62	1	24	0
63	1	45	0
64	1	46	0
65	1	27	0
66	1	26	0
67	1	27	0
68	1	24	0
69	1	23	0
70	1	25	0
71	1	25	0
72	1	25	0
73	1	25	0
74	1	25	0
75	1	47	-0.006418
76	1	48	-1.000953
77	1	45	-1.486318
78	1	23	-0.856982
79	1	24	0
80	1	23	0
81	1	24	0
82	1	45	0
83	1	28	0
84	1	1	0
85	1	3	0
86	1	19	0
87	1	19	0
88	1	7	-0.000998
89	1	9	0
90	1	10	0
91	1	10	0
92	1	5	0
93	1	10	-0.085197
94	1	11	-2.381146
95	1	10	-5.710961
96	1	5	-9.552805
97	1	13	-14.728034
98	1	9	-18.48892
99	1	5	-20.433056
100	1	10	-18.05335
101	1	13	-14.706336
102	1	49	-8.34323
103	1	50	-2.070069
104	1	50	-0.550102
105	1	51	-0.050295
106	1	35	0.002953
107	1	35	0
108	1	39	0
109	1	51	0
110	1	35	0
111	1	39	0
112	1	40	0
113	1	41	0
114	1	52	0
115	1	40	0
116	1	34	0
117	1	39	0
118	1	50	0
119	1	50	0
120	1	51	0
121	1	36	0
122	1	43	0
123	1	44	0
124	1	16	0
125	1	12	0
126	1	16	0
127	1	12	0
128	1	1	0
0	2	3	0
1	2	4	-0.020938
2	2	13	-1.979063
3	2	9	-4.112165
4	2	11	-3.19857
5	2	11	-0.056263
6	2	5	0
7	2	17	0
8	2	18	0
9	2	5	2.837328
10	2	6	8.840598
11	2	7	7.48708
12	2	9	3.374941
13	2	13	0.766569
14	2	14	0.07956
15	2	18	0.048458
16	2	13	0.00789
17	2	9	0.000561
18	2	10	0
19	2	5	0
20	2	10	0
21	2	5	0
22	2	6	0
23	2	1	0
24	2	18	0
25	2	17	0
26	2	3	0
27	2	4	0
28	2	5	0
29	2	17	0.894413
30	2	2	0.693473
31	2	2	0
32	2	3	0
33	2	16	0
34	2	12	0
35	2	19	0
36	2	16	0
37	2	12	0
38	2	19	0
39	2	12	0
40	2	4	0
41	2	17	0.021701
42	2	53	0.553282
43	2	54	5.113925
44	2	13	13.088925
45	2	9	17.66852
46	2	17	13.083692
47	2	2	5.469827
48	2	3	3.892469
49	2	7	7.095511
50	2	8	8.271434
51	2	8	4.659256
52	2	9	3.957933
53	2	11	3.106561
54	2	13	0.906785
55	2	14	0.205348
56	2	3	2.833184
57	2	48	3.841753
58	2	45	2.795135
59	2	45	0.658059
60	2	45	0
61	2	28	0
62	2	12	0
63	2	48	0
64	2	45	0
65	2	23	0.116702
66	2	25	0
67	2	47	0
68	2	55	-0.046355
69	2	25	0
70	2	25	0
71	2	25	-0.039626
72	2	25	-0.377434
73	2	24	-1.327358
74	2	46	-3.52543
75	2	21	-4.740649
76	2	21	-4.73003
77	2	22	-3.608971
78	2	46	-1.933873
79	2	27	-0.267205
80	2	47	0
81	2	19	0
82	2	12	0
83	2	4	0
84	2	17	0
85	2	2	0
86	2	2	-0.26584
87	2	2	-0.818433
88	2	15	-1.529131
89	2	9	-2.005326
90	2	10	-4.893132
91	2	13	-9.418258
92	2	9	-14.820482
93	2	13	-21.043886
94	2	8	-25.545324
95	2	9	-28.053408
96	2	17	-35.868244
97	2	15	-39.846897
98	2	8	-38.589188
99	2	9	-35.358856
100	2	17	-30.346205
101	2	2	-26.380924
102	2	3	-22.330729
103	2	19	-12.528112
104	2	52	-3.143877
105	2	50	0.986663
106	2	51	1.600039
107	2	36	0.89903
108	2	34	0.143225
109	2	35	0
110	2	37	0
111	2	38	0
112	2	37	0
113	2	19	0
114	2	38	0
115	2	39	0
116	2	44	0
117	2	56	0
118	2	57	0
119	2	52	0
120	2	51	0
121	2	37	0
122	2	12	0
123	2	19	0
124	2	19	0
125	2	12	0
126	2	2	0
127	2	15	0
128	2	0	0
0	3	4	0
1	3	17	-0.614362
2	3	18	-6.447498
3	3	10	-13.38649
4	3	11	-10.96145
5	3	10	-3.272368
6	3	11	0
7	3	5	0
8	3	11	0
9	3	17	1.752469
10	3	3	6.88271
11	3	4	7.430768
12	3	6	4.805754
13	3	4	3.914256
14	3	13	3.185207
15	3	14	0.758029
16	3	18	0.289397
17	3	13	0.125404
18	3	9	0.033792
19	3	10	0.181263
20	3	5	0.375584
21	3	17	0.06302
22	3	15	1.55725
23	3	9	4.136234
24	3	11	3.595846
25	3	17	6.187526
26	3	18	7.794199
27	3	5	3.639523
28	3	11	3.255642
29	3	5	6.025056
30	3	5	6.328107
31	3	6	3.626348
32	3	16	0.1099
33	3	19	0
34	3	1	-0.050142
35	3	2	-0.899464
36	3	3	-1.111073
37	3	12	-0.623697
38	3	19	0
39	3	7	0
40	3	58	0
41	3	59	0.111919
42	3	60	2.151644
43	3	61	9.358077
44	3	18	19.944775
45	3	10	27.587036
46	3	11	18.559589
47	3	6	9.357684
48	3	1	8.598767
49	3	3	13.787201
50	3	16	11.019709
51	3	4	5.147797
52	3	13	9.490057
53	3	0	13.745447
54	3	7	8.01815
55	3	0	1.558761
56	3	1	2.713382
57	3	2	6.258475
58	3	2	4.627228
59	3	3	1.820269
60	3	12	0
61	3	1	0
62	3	2	0.304392
63	3	2	0.093583
64	3	62	2.849417
65	3	23	6.151969
66	3	26	5.72274
67	3	22	-0.727184
68	3	23	-3.754666
69	3	24	-3.48333
70	3	23	-3.05624
71	3	24	-5.550303
72	3	46	-8.693584
73	3	27	-10.779988
74	3	25	-12.517532
75	3	25	-11.941714
76	3	26	-8.690207
77	3	22	-4.790029
78	3	45	-1.826116
79	3	28	-0.210635
80	3	16	0
81	3	19	0
82	3	7	0
83	3	9	0
84	3	5	-0.342537
85	3	13	-2.044416
86	3	9	-4.502351
87	3	17	-7.51722
88	3	15	-12.020081
89	3	8	-17.695677
90	3	14	-24.780237
91	3	15	-31.128607
92	3	0	-37.326134
93	3	1	-39.735497
94	3	18	-40.652916
95	3	5	-47.914593
96	3	6	-50.925751
97	3	56	-49.45752
98	3	63	-47.02467
99	3	11	-43.466167
100	3	10	-39.424885
101	3	6	-30.489473
102	3	19	-11.941769
103	3	19	-3.711065
104	3	19	3.690764
105	3	38	13.098653
106	3	39	18.114748
107	3	50	13.293092
108	3	51	1.804971
109	3	36	0.03658
110	3	43	0
111	3	44	0
112	3	16	0
113	3	52	0
114	3	44	0
115	3	19	0
116	3	64	0
117	3	65	0
118	3	16	0
119	3	52	0
120	3	44	0
121	3	16	0.087733
122	3	19	0.042265
123	3	19	0
124	3	12	0
125	3	9	0
126	3	17	0
127	3	2	0
128	3	15	0
0	4	9	0
1	4	10	-0.27834
2	4	5	-9.540233
3	4	11	-19.756327
4	4	5	-17.979939
5	4	11	-6.804734
6	4	10	-0.607115
7	4	11	-0.628398
8	4	5	-0.021892
9	4	17	0
10	4	15	0.310149
11	4	14	2.467858
12	4	18	5.754536
13	4	17	9.840588
14	4	18	8.610765
15	4	11	4.070425
16	4	17	1.762067
17	4	18	0.75213
18	4	10	2.186893
19	4	11	6.394489
20	4	13	7.653071
21	4	14	6.87792
22	4	18	10.010739
23	4	10	14.419481
24	4	13	16.78647
25	4	9	26.631626
26	4	5	31.697882
27	4	5	22.960203
28	4	11	17.018175
29	4	5	15.968865
30	4	17	15.111951
31	4	2	7.988644
32	4	2	1.738165
33	4	15	-0.107698
34	4	9	-2.125519
35	4	6	-5.012241
36	4	19	-6.770864
37	4	1	-5.641716
38	4	2	-3.006027
39	4	66	-0.207624
40	4	67	0
41	4	59	0.1421
42	4	68	2.700742
43	4	5	11.610903
44	4	11	22.985916
45	4	10	30.067507
46	4	6	22.323229
47	4	4	11.687593
48	4	6	14.912884
49	4	16	20.141991
50	4	7	12.261654
51	4	14	1.502975
52	4	2	13.031549
53	4	3	27.028542
54	4	1	19.132374
55	4	18	6.407571
56	4	10	1.801332
57	4	11	5.294362
58	4	6	4.43988
59	4	1	1.716057
60	4	18	0.0201
61	4	5	2.099665
62	4	11	3.208027
63	4	6	5.551322
64	4	48	13.593249
65	4	23	20.73518
66	4	26	17.379307
67	4	22	3.9256
68	4	46	-9.72859
69	4	27	-11.259536
70	4	26	-10.086227
71	4	22	-13.993534
72	4	23	-18.992256
73	4	25	-20.039923
74	4	25	-17.776325
75	4	24	-13.019811
76	4	28	-7.572823
77	4	12	-2.929923
78	4	56	-0.659782
79	4	69	0
80	4	57	0
81	4	12	0
82	4	7	-0.075108
83	4	9	-1.60823
84	4	6	-5.816788
85	4	4	-11.834559
86	4	11	-17.945061
87	4	6	-23.893085
88	4	16	-29.399137
89	4	7	-34.293484
90	4	0	-38.371433
91	4	1	-42.278965
92	4	15	-46.47617
93	4	9	-48.203751
94	4	13	-53.698025
95	4	0	-62.519836
96	4	64	-63.247341
97	4	70	-59.799637
98	4	11	-55.771431
99	4	5	-51.452766
100	4	17	-47.684383
101	4	3	-16.158764
102	4	12	1.412683
103	4	16	9.596513
104	4	52	18.298546
105	4	44	26.97183
106	4	42	29.363754
107	4	43	25.004864
108	4	51	9.618904
109	4	37	1.240957
110	4	12	0
111	4	19	0
112	4	12	0
113	4	19	0
114	4	56	0
115	4	71	0
116	4	72	0
117	4	57	5.093571
118	4	19	12.039245
119	4	56	9.956015
120	4	57	15.228946
121	4	12	9.347453
122	4	12	0.861436
123	4	16	0.101617
124	4	7	0.070231
125	4	9	0
126	4	5	0
127	4	17	0
128	4	18	0
0	5	11	0
1	5	11	-0.023968
2	5	10	-7.245293
3	5	11	-16.491226
4	5	5	-15.797248
5	5	11	-10.177781
6	5	5	-7.077348
7	5	11	-7.119601
8	5	13	-4.422575
9	5	14	-1.623201
10	5	15	-0.010208
11	5	9	-0.281688
12	5	10	5.210596
13	5	10	11.636948
14	5	5	14.493269
15	5	11	10.858447
16	5	5	4.89569
17	5	13	0.475688
18	5	9	3.012415
19	5	6	7.959239
20	5	7	10.041296
21	5	9	8.855816
22	5	10	11.86811
23	5	17	19.594507
24	5	18	25.495556
25	5	5	38.611912
26	5	5	46.5303
27	5	11	38.999359
28	5	11	27.096575
29	5	10	23.248123
30	5	5	22.966162
31	5	5	13.523495
32	5	17	2.010712
33	5	18	-0.419352
34	5	17	-3.343832
35	5	3	-8.072894
36	5	7	-11.115576
37	5	9	-11.633112
38	5	17	-8.637063
39	5	73	-4.361727
40	5	68	-2.041287
41	5	11	-2.75287
42	5	11	0.707261
43	5	11	11.148468
44	5	11	20.848406
45	5	6	25.770155
46	5	4	18.903934
47	5	17	12.932986
48	5	2	17.256222
49	5	2	23.38419
50	5	18	12.384726
51	5	11	1.153499
52	5	6	13.452305
53	5	4	35.657459
54	5	10	31.854931
55	5	5	15.877913
56	5	74	5.602731
57	5	75	4.169151
58	5	76	2.433385
59	5	77	0.397323
60	5	5	1.334169
61	5	11	4.05431
62	5	6	6.927783
63	5	12	13.358262
64	5	55	26.247833
65	5	25	35.119198
66	5	26	31.216051
67	5	22	10.643807
68	5	23	-10.409936
69	5	24	-17.108959
70	5	46	-14.332488
71	5	27	-14.684093
72	5	24	-18.233574
73	5	45	-16.121002
74	5	28	-10.92329
75	5	16	-6.376353
76	5	56	-2.642489
77	5	78	-0.202833
78	5	79	0
79	5	72	0
80	5	57	0
81	5	1	-0.076285
82	5	18	-3.294228
83	5	17	-10.847712
84	5	18	-21.633997
85	5	11	-31.94249
86	5	6	-40.490063
87	5	16	-47.284065
88	5	1	-52.418678
89	5	3	-56.118629
90	5	4	-58.873348
91	5	17	-60.686646
92	5	18	-62.284531
93	5	6	-65.760956
94	5	1	-71.449081
95	5	80	-75.637306
96	5	81	-75.491592
97	5	82	-70.382477
98	5	83	-66.247932
99	5	8	-63.186104
100	5	84	-55.061382
101	5	57	-12.974321
102	5	16	0.567291
103	5	16	11.458003
104	5	19	28.414057
105	5	52	42.773232
106	5	40	59.704041
107	5	43	44.889771
108	5	44	21.986429
109	5	12	8.006709
110	5	12	0.77947
111	5	12	0
112	5	19	0
113	5	85	0
114	5	72	0
115	5	71	22.417652
116	5	86	31.177847
117	5	56	31.158222
118	5	71	32.933819
119	5	72	50.398132
120	5	57	37.337223
121	5	12	27.822443
122	5	19	13.503333
123	5	12	7.905084
124	5	7	6.929018
125	5	9	2.192061
126	5	5	0.027721
127	5	13	0
128	5	9	0
0	6	11	0
1	6	10	0
2	6	5	-2.356863
3	6	11	-8.339303
4	6	10	-12.775142
5	6	11	-13.892343
6	6	5	-15.281397
7	6	17	-14.570662
8	6	15	-10.526784
9	6	14	-7.468767
10	6	18	-5.077288
11	6	13	-4.345738
12	6	9	0.710464
13	6	5	6.712955
14	6	5	13.572104
15	6	11	16.587923
16	6	17	8.280309
17	6	15	-1.831305
18	6	14	-1.425463
19	6	2	3.480451
20	6	18	4.472137
21	6	13	3.965222
22	6	9	6.96508
23	6	10	18.127348
24	6	10	24.802126
25	6	5	35.739559
26	6	10	42.25956
27	6	11	33.098812
28	6	11	21.956793
29	6	5	17.681013
30	6	13	18.700514
31	6	8	11.812424
32	6	9	1.337781
33	6	5	-0.146989
34	6	17	-2.048803
35	6	3	-4.840617
36	6	7	-8.129455
37	6	9	-10.946393
38	6	13	-11.976319
39	6	8	-10.15357
40	6	8	-12.67263
41	6	9	-18.245001
42	6	5	-14.511131
43	6	5	1.625344
44	6	6	12.673254
45	6	4	12.087889
46	6	10	5.007337
47	6	11	5.32111
48	6	74	13.499803
49	6	87	20.237679
50	6	8	10.398245
51	6	14	-1.573517
52	6	18	12.973637
53	6	5	34.182785
54	6	5	40.214977
55	6	88	31.050137
56	6	89	19.35602
57	6	90	9.337878
58	6	68	2.332081
59	6	10	0
60	6	11	1.503716
61	6	6	4.348033
62	6	20	8.492428
63	6	27	18.714928
64	6	25	33.728218
65	6	25	40.754173
66	6	26	35.103729
67	6	22	13.836693
68	6	28	-9.86503
69	6	48	-17.774963
70	6	45	-13.153407
71	6	28	-8.395432
72	6	12	-7.05715
73	6	19	-5.454707
74	6	12	-1.485494
75	6	64	-0.138678
76	6	79	0
77	6	72	0
78	6	78	0
79	6	91	0
80	6	15	-0.361511
81	6	9	-4.780726
82	6	13	-19.093185
83	6	9	-35.810257
84	6	13	-50.062733
85	6	14	-60.642109
86	6	2	-68.321365
87	6	18	-73.868752
88	6	17	-78.158173
89	6	18	-81.451607
90	6	13	-83.902412
91	6	9	-85.962646
92	6	17	-88.163445
93	6	18	-90.91713
94	6	17	-94.019943
95	6	3	-96.25679
96	6	85	-96.388405
97	6	86	-94.583908
98	6	56	-91.572701
99	6	78	-87.603722
100	6	92	-82.419189
101	6	57	-34.119976
102	6	19	-21.730505
103	6	19	-3.551927
104	6	1	20.741289
105	6	93	61.151344
106	6	44	94.341949
107	6	12	78.28334
108	6	19	31.198986
109	6	19	10.963688
110	6	19	0.840398
111	6	16	0
112	6	12	0.018959
113	6	64	0.758415
114	6	65	15.603784
115	6	19	23.730379
116	6	85	33.788532
117	6	72	52.131092
118	6	78	62.655884
119	6	65	81.362671
120	6	16	70.050774
121	6	16	48.414345
122	6	1	37.008041
123	6	2	29.580942
124	6	15	32.031197
125	6	8	29.131277
126	6	0	10.385412
127	6	4	0
128	6	5	0
0	7	11	0
1	7	5	0
2	7	10	-0.051813
3	7	10	-4.511947
4	7	10	-13.109723
5	7	10	-18.77775
6	7	10	-18.6616
7	7	17	-15.055365
8	7	18	-13.075389
9	7	13	-12.615543
10	7	14	-11.781819
11	7	18	-9.845267
12	7	5	-5.942298
13	7	10	0.888624
14	7	13	10.101391
15	7	8	14.404449
16	7	14	6.246179
17	7	18	-2.879766
18	7	11	-4.724617
19	7	11	-3.805802
20	7	17	1.20432
21	7	18	3.367163
22	7	10	5.175238
23	7	11	14.233123
24	7	11	20.919081
25	7	10	25.155548
26	7	5	29.951759
27	7	5	22.785847
28	7	10	9.281211
29	7	17	3.39561
30	7	2	6.073985
31	7	18	2.314627
32	7	10	-1.457664
33	7	10	-1.529907
34	7	17	-1.902724
35	7	3	-2.975982
36	7	7	-3.353899
37	7	0	-5.864862
38	7	16	-8.436159
39	7	19	-11.864931
40	7	4	-20.222755
41	7	10	-28.981581
42	7	11	-27.325369
43	7	17	-12.253245
44	7	15	-1.168019
45	7	9	-3.61998
46	7	11	-9.751541
47	7	94	-8.10137
48	7	95	2.254733
49	7	96	10.546328
50	7	18	5.470629
51	7	5	-3.033067
52	7	5	7.588571
53	7	5	25.387192
54	7	10	35.316204
55	7	97	34.983845
56	7	98	26.454947
57	7	5	14.564334
58	7	11	6.072941
59	7	13	0
60	7	0	0.451226
61	7	48	2.697251
62	7	45	7.526531
63	7	23	19.743624
64	7	24	31.976997
65	7	45	37.018581
66	7	28	27.466572
67	7	1	7.683869
68	7	3	-8.889381
69	7	16	-14.613041
70	7	12	-10.036273
71	7	16	-2.708087
72	7	56	-0.266169
73	7	69	0
74	7	78	0
75	7	92	0
76	7	99	0
77	7	100	0
78	7	101	0
79	7	14	-5.668912
80	7	18	-15.885714
81	7	17	-30.958448
82	7	18	-50.214371
83	7	17	-65.326729
84	7	18	-77.197144
85	7	10	-86.564819
86	7	5	-93.112083
87	7	11	-98.184319
88	7	11	-102.19175
89	7	17	-105.361893
90	7	18	-107.914421
91	7	10	-109.990471
92	7	13	-111.661636
93	7	9	-113.981285
94	7	6	-116.480377
95	7	12	-117.829124
96	7	19	-118.01651
97	7	85	-116.589302
98	7	102	-113.673302
99	7	103	-109.790024
100	7	65	-104.55307
101	7	19	-88.760361
102	7	16	-57.488705
103	7	4	-44.404999
104	7	17	-16.89476
105	7	2	31.312859
106	7	3	71.65271
107	7	19	78.228836
108	7	56	48.335789
109	7	57	7.063655
110	7	19	0.09455
111	7	56	-0.005706
112	7	78	-0.020096
113	7	92	1.801581
114	7	57	14.829748
115	7	19	23.4498
116	7	64	35.081928
117	7	79	55.587631
118	7	86	71.4935
119	7	19	86.820793
120	7	19	77.26403
121	7	18	52.984005
122	7	11	49.01878
123	7	17	47.966908
124	7	3	57.926601
125	7	19	52.823589
126	7	7	32.467636
127	7	104	2.000514
128	7	105	0
0	8	105	0
1	8	106	0
2	8	10	0
3	8	10	-4.027185
4	8	11	-13.243174
5	8	11	-21.748745
6	8	10	-19.634144
7	8	5	-13.073112
8	8	17	-10.732552
9	8	18	-12.507241
10	8	13	-14.016215
11	8	8	-13.431734
12	8	9	-8.939594
13	8	17	3.676709
14	8	2	14.331318
15	8	18	17.034529
16	8	10	14.352515
17	8	11	7.645643
18	8	10	1.615619
19	8	10	-4.187652
20	8	13	-0.074699
21	8	9	2.433911
22	8	5	0.269964
23	8	11	3.605455
24	8	13	8.381894
25	8	9	10.620965
26	8	5	14.690003
27	8	10	12.784802
28	8	5	5.778157
29	8	11	-0.046174
30	8	5	-1.909719
31	8	10	-4.67516
32	8	10	-6.834357
33	8	5	-7.973588
34	8	17	-8.390126
35	8	3	-8.072515
36	8	1	-5.537548
37	8	2	-3.042394
38	8	2	-2.969342
39	8	18	-4.651203
40	8	10	-8.171102
41	8	5	-14.005612
42	8	5	-18.035881
43	8	6	-16.569702
44	8	4	-11.807533
45	8	13	-10.870031
46	8	107	-10.875564
47	8	108	-10.253314
48	8	68	-5.494149
49	8	11	0.133328
50	8	5	-0.477684
51	8	11	-3.048592
52	8	10	1.490384
53	8	11	11.593143
54	8	17	21.642792
55	8	15	27.168091
56	8	8	22.702368
57	8	8	13.784442
58	8	0	5.961554
59	8	20	0
60	8	21	0
61	8	21	0.259501
62	8	22	4.8646
63	8	28	14.867374
64	8	19	25.23258
65	8	1	21.941332
66	8	15	10.126463
67	8	0	-3.267606
68	8	1	-8.851212
69	8	3	-9.136912
70	8	12	-5.280529
71	8	64	-0.796917
72	8	109	-0.026863
73	8	100	0
74	8	110	0
75	8	111	0
76	8	112	0
77	8	6	-1.19772
78	8	7	-13.990489
79	8	9	-28.015341
80	8	11	-43.541008
81	8	10	-63.08107
82	8	10	-78.39463
83	8	5	-90.868553
84	8	5	-100.856735
85	8	5	-108.523483
86	8	11	-114.655624
87	8	10	-119.030457
88	8	5	-121.703766
89	8	5	-124.133942
90	8	11	-125.926559
91	8	17	-127.42453
92	8	18	-129.205948
93	8	6	-131.443405
94	8	1	-133.870926
95	8	3	-135.607559
96	8	19	-135.973572
97	8	85	-134.203369
98	8	113	-131.284943
99	8	86	-127.41082
100	8	1	-122.0616
101	8	3	-111.313393
102	8	7	-97.237686
103	8	8	-78.390007
104	8	9	-52.64484
105	8	114	-4.846104
106	8	57	25.616316
107	8	85	42.654152
108	8	72	25.645605
109	8	57	1.216076
110	8	85	-1.384576
111	8	113	-0.132295
112	8	113	-0.394451
113	8	72	-1.725087
114	8	57	4.511797
115	8	85	19.584988
116	8	86	33.512981
117	8	16	54.84972
118	8	19	72.607193
119	8	16	88.516678
120	8	10	96.083488
121	8	11	77.233208
122	8	5	65.07608
123	8	6	69.719429
124	8	19	71.890495
125	8	19	67.728516
126	8	52	38.604446
127	8	115	5.146113
128	8	30	0
0	9	116	0
1	9	10	0
2	9	5	0
3	9	5	-1.68835
4	9	5	-10.00277
5	9	5	-18.319065
6	9	13	-18.131598
7	9	8	-12.002021
8	9	9	-8.212255
9	9	17	-8.537913
10	9	2	-10.9409
11	9	18	-13.368249
12	9	5	-11.274083
13	9	10	0.446377
14	9	10	9.760453
15	9	11	16.866074
16	9	10	19.322893
17	9	10	15.632429
18	9	11	4.376987
19	9	17	-6.383632
20	9	18	-8.382464
21	9	10	-6.216946
22	9	13	-6.415569
23	9	0	-4.650904
24	9	4	-1.309304
25	9	10	7.356477
26	9	5	13.57709
27	9	5	7.466277
28	9	10	1.025172
29	9	10	-0.543735
30	9	11	-3.438246
31	9	10	-8.207596
32	9	11	-12.908163
33	9	10	-15.152122
34	9	6	-14.479598
35	9	4	-11.821107
36	9	10	-8.542668
37	9	5	-3.966608
38	9	11	-0.064709
39	9	11	3.084847
40	9	5	7.717054
41	9	5	3.605353
42	9	17	-4.815199
43	9	15	-10.750736
44	9	0	-9.486297
45	9	7	-3.54998
46	9	9	0.111816
47	9	10	-2.278729
48	9	5	-3.663775
49	9	5	-1.713583
50	9	11	-0.081523
51	9	5	-3.134809
52	9	13	-7.482101
53	9	8	-6.798385
54	9	0	-0.593946
55	9	16	7.681128
56	9	12	11.46322
57	9	20	8.091266
58	9	22	2.384822
59	9	45	0
60	9	45	0
61	9	117	0
62	9	2	1.991967
63	9	2	4.375618
64	9	18	2.771462
65	9	17	-0.967993
66	9	2	-6.4146
67	9	15	-9.523636
68	9	14	-6.862679
69	9	2	-4.145142
70	9	118	-0.957938
71	9	119	-0.034587
72	9	11	0
73	9	120	0
74	9	110	0
75	9	70	-0.043435
76	9	17	-2.293993
77	9	2	-16.256329
78	9	15	-31.749905
79	9	9	-53.463474
80	9	10	-73.870216
81	9	10	-89.975372
82	9	5	-102.662331
83	9	10	-113.166313
84	9	5	-121.707085
85	9	5	-128.422745
86	9	11	-133.22348
87	9	5	-136.249771
88	9	11	-138.329666
89	9	11	-139.645737
90	9	5	-140.687363
91	9	5	-141.739304
92	9	17	-142.998657
93	9	18	-144.653671
94	9	17	-146.551773
95	9	3	-148.0755
96	9	16	-148.666702
97	9	19	-147.86293
98	9	16	-145.606247
99	9	7	-142.10141
100	9	14	-137.385269
101	9	3	-130.323807
102	9	1	-121.28598
103	9	18	-107.654305
104	9	121	-82.215469
105	9	92	-57.096466
106	9	69	-14.583607
107	9	71	-11.578836
108	9	72	-7.620673
109	9	57	-16.086012
110	9	16	-8.159839
111	9	12	-1.552057
112	9	85	-4.381752
113	9	72	-11.247475
114	9	69	-10.366327
115	9	69	4.118999
116	9	57	22.006752
117	9	12	65.780495
118	9	12	81.940239
119	9	104	99.655807
120	9	106	103.085121
121	9	5	102.691582
122	9	6	89.890884
123	9	1	84.203941
124	9	3	81.593437
125	9	42	74.636948
126	9	122	31.72348
127	9	123	0.830771
128	9	105	0
0	10	106	0
1	10	5	0
2	10	5	0.266754
3	10	5	0.524792
4	10	5	-3.760924
5	10	17	-8.382057
6	10	2	-9.148624
7	10	18	-9.359273
8	10	5	-7.167496
9	10	10	-5.103495
10	10	11	-5.767163
11	10	5	-8.952645
12	10	10	-10.293756
13	10	10	-3.327501
14	10	11	1.258315
15	10	11	6.367973
16	10	5	9.054865
17	10	5	3.940796
18	10	10	-5.198728
19	10	5	-13.157771
20	10	13	-15.601357
21	10	0	-12.397014
22	10	19	-6.913217
23	10	4	-3.171806
24	10	13	-0.415743
25	10	8	11.59029
26	10	9	16.872618
27	10	11	6.534867
28	10	10	0
29	10	5	-0.4633
30	10	10	-2.535673
31	10	11	-7.294669
32	10	10	-14.122614
33	10	17	-17.680971
34	10	15	-15.648194
35	10	9	-13.310725
36	10	10	-10.092724
37	10	11	-4.991045
38	10	11	-0.331925
39	10	5	7.525198
40	10	11	10.156867
41	10	5	3.862875
42	10	17	-0.401083
43	10	2	-4.504315
44	10	3	-1.769443
45	10	4	4.276256
46	10	10	4.67128
47	10	10	-0.064988
48	10	13	-0.766019
49	10	9	-0.486231
50	10	11	-2.471742
51	10	6	-7.057673
52	10	19	-14.644494
53	10	16	-19.849871
54	10	20	-18.889534
55	10	124	-10.08887
56	10	48	-1.605494
57	10	28	1.590549
58	10	1	0.02956
59	10	2	0
60	10	18	0
61	10	5	-0.208934
62	10	11	-4.440855
63	10	11	-10.937988
64	10	125	-17.567183
65	10	126	-19.212971
66	10	127	-15.513027
67	10	18	-8.104756
68	10	11	-3.420777
69	10	13	-0.813787
70	10	9	0
71	10	10	0
72	10	11	0
73	10	120	0
74	10	119	-0.139694
75	10	5	-2.953833
76	10	11	-15.982363
77	10	6	-35.139679
78	10	4	-60.878548
79	10	11	-81.753395
80	10	5	-99.429695
81	10	10	-113.029037
82	10	10	-124.043732
83	10	5	-133.185806
84	10	11	-140.480179
85	10	5	-145.869781
86	10	5	-149.514572
87	10	5	-151.62117
88	10	10	-152.637344
89	10	5	-153.119522
90	10	11	-153.478409
91	10	10	-153.980225
92	10	5	-154.732819
93	10	10	-155.703918
94	10	17	-156.853729
95	10	128	-157.968796
96	10	69	-158.487762
97	10	57	-158.151688
98	10	16	-156.611328
99	10	4	-153.912827
100	10	6	-149.894806
101	10	4	-144.673874
102	10	5	-138.453934
103	10	120	-126.782196
104	10	110	-103.930641
105	10	103	-72.065796
106	10	65	-35.403099
107	10	64	-14.741763
108	10	92	-31.514837
109	10	69	-32.667362
110	10	57	-21.802397
111	10	56	-13.512785
112	10	71	-17.799986
113	10	102	-24.956009
114	10	103	-20.719698
115	10	65	-4.86166
116	10	19	44.886299
117	10	12	73.548561
118	10	38	98.142326
119	10	129	113.318008
120	10	8	126.232437
121	10	0	125.415047
122	10	4	122.95369
123	10	6	115.004181
124	10	130	99.515366
125	10	131	68.953033
126	10	132	42.69342
127	10	35	0.699401
128	10	133	0
0	11	106	0
1	11	5	0.414763
2	11	5	6.814003
3	11	11	9.911519
4	11	11	6.077191
5	11	10	6.096842
6	11	5	5.040688
7	11	5	-2.53732
8	11	5	-6.745378
9	11	10	-3.477552
10	11	5	-1.539856
11	11	5	-3.088734
12	11	10	-3.958468
13	11	13	-1.727105
14	11	9	-2.193778
15	11	13	-4.099053
16	11	9	-5.057191
17	11	13	-10.073786
18	11	9	-12.747272
19	11	17	-17.059452
20	11	2	-18.740889
21	11	2	-13.24969
22	11	15	-4.809556
23	11	0	-0.593933
24	11	12	-1.037902
25	11	7	5.210984
26	11	9	7.975645
27	11	13	2.412362
28	11	8	-1.593344
29	11	9	-1.6014
30	11	5	-1.168985
31	11	13	-2.685251
32	11	8	-9.269185
33	11	0	-14.107223
34	11	4	-13.803779
35	11	13	-13.803124
36	11	9	-13.020434
37	11	11	-8.742742
38	11	11	1.266712
39	11	11	12.477662
40	11	10	15.111031
41	11	11	8.132526
42	11	5	5.205356
43	11	17	4.679958
44	11	18	4.722239
45	11	5	3.99719
46	11	13	-2.164658
47	11	0	-7.433403
48	11	4	-2.619627
49	11	13	-1.69485
50	11	14	-6.58336
51	11	3	-14.565662
52	11	19	-19.251833
53	11	48	-21.067522
54	11	28	-20.611404
55	11	1	-16.385302
56	11	3	-6.914978
57	11	7	-1.220011
58	11	8	-2.022623
59	11	9	-1.887585
60	11	10	-0.372965
61	11	10	-2.102995
62	11	11	-8.799911
63	11	121	-17.826935
64	11	109	-22.09724
65	11	119	-18.359585
66	11	5	-9.538872
67	11	5	-2.759591
68	11	17	-0.26718
69	11	15	0
70	11	9	0
71	11	10	0
72	11	10	0
73	11	10	-1.091246
74	11	10	-4.702613
75	11	11	-17.055193
76	11	17	-39.088501
77	11	18	-66.384743
78	11	10	-87.918381
79	11	10	-106.323311
80	11	11	-121.487518
81	11	11	-133.033173
82	11	10	-142.457474
83	11	5	-150.163406
84	11	11	-155.965363
85	11	5	-160.02594
86	11	11	-162.428009
87	11	10	-163.781738
88	11	5	-164.233963
89	11	11	-164.195633
90	11	5	-163.965958
91	11	10	-164.004715
92	11	11	-164.363083
93	11	125	-164.975876
94	11	134	-165.60759
95	11	135	-166.122955
96	11	91	-166.424103
97	11	2	-166.149475
98	11	18	-165.187622
99	11	17	-163.056732
100	11	18	-159.70787
101	11	5	-155.054565
102	11	11	-149.240387
103	11	120	-139.326004
104	11	136	-115.814194
105	11	86	-75.584808
106	11	64	-56.085045
107	11	79	-41.713543
108	11	113	-35.355358
109	11	72	-47.268639
110	11	71	-38.294376
111	11	86	-30.307911
112	11	85	-33.183224
113	11	113	-38.590225
114	11	72	-34.962433
115	11	57	-17.28669
116	11	16	31.227947
117	11	43	53.600578
118	11	44	84.735161
119	11	1	146.405655
120	11	2	167.83902
121	11	18	172.020142
122	11	17	165.274872
123	11	137	150.19162
124	11	138	132.072083
125	11	38	95.224663
126	11	35	40.510639
127	11	139	17.166262
128	11	140	0
0	12	106	0
1	12	11	1.07229
2	12	5	11.384402
3	12	10	19.984058
4	12	11	18.845131
5	12	10	17.747496
6	12	11	10.266648
7	12	13	-1.642121
8	12	9	-5.132145
9	12	10	-1.781122
10	12	10	-0.153683
11	12	10	0
12	12	17	-0.358538
13	12	15	-0.019459
14	12	0	-2.255673
15	12	7	-5.401887
16	12	0	-8.071517
17	12	7	-10.101281
18	12	9	-11.163278
19	12	5	-16.008656
20	12	5	-17.509583
21	12	17	-11.628515
22	12	3	-2.97929
23	12	1	-0.639047
24	12	3	-2.87959
25	12	7	-4.45957
26	12	0	-3.995205
27	12	19	-5.504361
28	12	4	-6.223489
29	12	5	-5.550928
30	12	17	-0.349163
31	12	2	5.314917
32	12	3	2.31916
33	12	4	-4.304927
34	12	17	-8.313578
35	12	15	-12.474034
36	12	9	-14.916144
37	12	5	-12.079426
38	12	10	-4.726724
39	12	11	6.387179
40	12	10	10.617291
41	12	5	8.103859
42	12	5	9.099181
43	12	10	9.21051
44	12	5	5.284173
45	12	6	-1.76952
46	12	19	-10.851684
47	12	4	-13.637726
48	12	17	-5.844809
49	12	15	-2.830851
50	12	0	-9.286466
51	12	12	-17.406855
52	12	19	-19.716478
53	12	16	-15.56249
54	12	7	-16.704441
55	12	0	-16.109314
56	12	20	-9.676079
57	12	124	-5.898942
58	12	7	-9.90648
59	12	9	-8.936466
60	12	11	-3.890214
61	12	125	-3.782603
62	12	141	-8.384533
63	12	142	-11.803473
64	12	112	-10.587066
65	12	5	-5.712462
66	12	11	-1.091278
67	12	10	0
68	12	17	0
69	12	18	0
70	12	5	-1.632286
71	12	5	-4.008869
72	12	11	-9.575705
73	12	5	-15.913192
74	12	11	-26.40317
75	12	10	-46.76572
76	12	11	-73.079407
77	12	5	-94.263603
78	12	11	-112.220024
79	12	11	-127.548355
80	12	11	-138.73494
81	12	11	-148.210083
82	12	10	-156.291214
83	12	10	-162.485611
84	12	10	-166.937378
85	12	5	-169.824097
86	12	11	-171.479218
87	12	5	-172.138306
88	12	5	-172.281204
89	12	11	-172.180176
90	12	11	-172.118759
91	12	11	-171.888565
92	12	143	-171.919205
93	12	144	-172.239899
94	12	100	-172.748917
95	12	119	-173.017487
96	12	5	-172.972733
97	12	11	-172.590881
98	12	10	-171.698395
99	12	5	-170.033051
100	12	13	-167.246735
101	12	8	-163.156235
102	12	82	-157.789917
103	12	145	-150.321793
104	12	57	-134.063873
105	12	146	-85.349632
106	12	147	-66.379532
107	12	69	-55.234539
108	12	78	-55.568909
109	12	65	-61.961357
110	12	19	-51.911495
111	12	56	-44.798546
112	12	57	-43.606743
113	12	64	-48.783428
114	12	65	-47.74855
115	12	12	-37.831409
116	12	36	-6.977024
117	12	33	53.450832
118	12	122	91.215836
119	12	10	124.547478
120	12	5	146.494339
121	12	5	230.276321
122	12	148	183.037384
123	12	149	162.18367
124	12	34	134.437775
125	12	39	85.734024
126	12	150	44.263283
127	12	151	23.154989
128	12	116	0
0	13	10	0
1	13	10	0
2	13	5	5.457643
3	13	10	11.795293
4	13	5	17.182432
5	13	10	19.909241
6	13	6	8.576104
7	13	4	-2.12551
8	13	10	-3.376795
9	13	10	-2.007563
10	13	10	-1.554844
11	13	13	-2.033359
12	13	0	-2.691391
13	13	1	-2.992575
14	13	2	-3.34402
15	13	3	-4.964602
16	13	16	-5.861368
17	13	7	-6.340248
18	13	9	-7.096093
19	13	5	-12.019794
20	13	5	-14.911635
21	13	17	-9.398014
22	13	15	-1.009147
23	13	14	0.5873
24	13	2	-2.588395
25	13	3	-5.347128
26	13	16	-7.421701
27	13	7	-8.724095
28	13	9	-9.601118
29	13	5	-7.651017
30	13	11	-1.704747
31	13	17	7.460462
32	13	18	11.871313
33	13	11	8.142233
34	13	17	4.518288
35	13	18	-3.622205
36	13	11	-10.076567
37	13	5	-11.274131
38	13	10	-8.5908
39	13	11	-3.943314
40	13	10	1.3175
41	13	10	2.430987
42	13	11	11.447205
43	13	11	13.905009
44	13	17	5.374505
45	13	3	-3.731661
46	13	7	-10.180223
47	13	9	-9.463929
48	13	6	-4.693965
49	13	16	-2.230615
50	13	20	-7.064491
51	13	124	-11.526785
52	13	20	-11.574799
53	13	21	-9.577568
54	13	124	-11.41349
55	13	48	-14.443348
56	13	28	-10.947685
57	13	19	-12.991715
58	13	4	-21.677334
59	13	11	-21.839512
60	13	120	-10.793641
61	13	119	-3.621186
62	13	120	-6.181246
63	13	101	-4.884722
64	13	8	-1.346707
65	13	9	-0.045796
66	13	11	0
67	13	5	0
68	13	10	-7.779719
69	13	11	-19.820776
70	13	5	-34.343449
71	13	5	-45.80061
72	13	10	-48.290516
73	13	10	-51.33847
74	13	5	-63.563107
75	13	11	-84.603264
76	13	5	-103.212975
77	13	10	-118.738113
78	13	11	-132.622223
79	13	10	-142.844711
80	13	10	-151.854507
81	13	5	-159.905258
82	13	11	-166.419678
83	13	10	-171.354431
84	13	11	-174.690338
85	13	5	-176.689331
86	13	11	-177.686066
87	13	10	-178.015976
88	13	5	-177.937195
89	13	11	-177.743256
90	13	10	-177.61441
91	13	6	-177.58725
92	13	4	-177.528275
93	13	13	-177.643311
94	13	9	-177.984268
95	13	13	-178.387985
96	13	9	-178.239487
97	13	10	-177.62529
98	13	13	-176.584747
99	13	14	-175.049835
100	13	3	-172.620819
101	13	146	-169.093811
102	13	100	-163.354141
103	13	147	-152.954956
104	13	152	-135.29158
105	13	153	-115.388542
106	13	135	-92.421989
107	13	79	-81.912636
108	13	86	-82.125534
109	13	56	-73.92144
110	13	78	-61.343464
111	13	65	-52.703075
112	13	85	-48.975395
113	13	86	-49.957462
114	13	12	-49.965054
115	13	35	-46.751301
116	13	39	-14.887633
117	13	150	24.98901
118	13	106	51.581161
119	13	10	97.433983
120	13	11	128.235565
121	13	11	228.507751
122	13	154	210.563889
123	13	35	163.050949
124	13	36	127.064629
125	13	34	72.000328
126	13	129	43.230137
127	13	9	8.196234
128	13	11	0
0	14	11	0
1	14	13	0
2	14	9	0.005393
3	14	5	1.087524
4	14	5	6.419091
5	14	6	17.73912
6	14	4	14.598142
7	14	11	3.36797
8	14	10	-3.256682
9	14	10	-6.778914
10	14	17	-8.834906
11	14	2	-9.462279
12	14	18	-8.560059
13	14	10	-6.737533
14	14	17	-5.445396
15	14	3	-4.28247
16	14	1	-3.118712
17	14	18	-2.083766
18	14	10	-3.064916
19	14	13	-7.814447
20	14	9	-11.162784
21	14	17	-6.59483
22	14	18	4.594049
23	14	11	8.673019
24	14	6	5.258237
25	14	16	-0.789794
26	14	1	-4.232027
27	14	18	-5.872094
28	14	13	-3.302709
29	14	9	-2.280555
30	14	11	-1.201423
31	14	5	2.167988
32	14	10	9.966506
33	14	11	18.328016
34	14	13	20.120598
35	14	9	12.672443
36	14	5	1.664749
37	14	11	-3.577055
38	14	5	-5.859601
39	14	11	-4.399274
40	14	10	-1.746675
41	14	10	0.358758
42	14	5	9.960279
43	14	5	16.166573
44	14	17	6.09743
45	14	3	-0.14171
46	14	4	-2.17495
47	14	17	-0.338795
48	14	3	0.439898
49	14	55	-3.817261
50	14	47	-6.538459
51	14	55	-4.536016
52	14	25	-2.186363
53	14	26	-0.831107
54	14	21	-5.148651
55	14	124	-8.586526
56	14	16	-7.918154
57	14	4	-13.12537
58	14	11	-26.888758
59	14	10	-31.134472
60	14	5	-17.654633
61	14	10	-7.237655
62	14	17	-6.475245
63	14	2	-5.084416
64	14	18	-2.326282
65	14	10	-0.831471
66	14	11	-0.507675
67	14	10	-12.940114
68	14	11	-29.631804
69	14	11	-41.573132
70	14	5	-52.85323
71	14	11	-59.002171
72	14	11	-67.362801
73	14	10	-79.872047
74	14	5	-97.746971
75	14	10	-115.059601
76	14	5	-127.177132
77	14	10	-137.928162
78	14	10	-147.402802
79	14	11	-154.737152
80	14	10	-162.135178
81	14	5	-168.778931
82	14	11	-174.067825
83	14	10	-177.830978
84	14	11	-180.220917
85	14	5	-181.501495
86	14	11	-181.996628
87	14	11	-182.000549
88	14	5	-181.774811
89	14	10	-181.499527
90	14	17	-181.3134
91	14	15	-181.274673
92	14	14	-181.325348
93	14	18	-181.338409
94	14	17	-181.523972
95	14	18	-181.876602
96	14	13	-181.981308
97	14	14	-181.335602
98	14	15	-180.106628
99	14	0	-178.518753
100	14	7	-176.313019
101	14	8	-173.156738
102	14	153	-166.987473
103	14	91	-156.088913
104	14	80	-142.126404
105	14	113	-125.940826
106	14	72	-110.192177
107	14	69	-97.637093
108	14	71	-89.396286
109	14	113	-80.162682
110	14	72	-66.51413
111	14	57	-52.780552
112	14	12	-50.065212
113	14	19	-50
114	14	39	-49.988522
115	14	40	-49.299332
116	14	34	-32.982727
117	14	129	-3.445862
118	14	9	19.601042
119	14	5	22.395426
120	14	123	73.160347
121	14	155	119.447594
122	14	35	165.679581
123	14	139	155.151291
124	14	30	88.234482
125	14	31	53.000355
126	14	18	32.242229
127	14	5	9.955518
128	14	10	0
0	15	6	0
1	15	156	0.012564
2	15	105	0.349927
3	15	106	2.228906
4	15	6	10.534593
5	15	7	20.296801
6	15	9	17.570007
7	15	13	7.466685
8	15	8	-3.106407
9	15	9	-9.098538
10	15	11	-12.820996
11	15	13	-13.622286
12	15	58	-10.45429
13	15	87	-6.476268
14	15	14	-3.644142
15	15	15	-2.18887
16	15	9	-1.120941
17	15	11	-0.239315
18	15	157	-0.688061
19	15	54	-4.911196
20	15	13	-8.840858
21	15	8	-6.50514
22	15	8	4.091846
23	15	158	12.038388
24	15	159	13.067182
25	15	76	10.423676
26	15	87	3.611048
27	15	0	10.171528
28	15	4	15.241849
29	15	11	12.275301
30	15	11	4.929309
31	15	13	1.848666
32	15	8	7.755652
33	15	0	17.52149
34	15	7	19.94952
35	15	9	18.505833
36	15	11	17.592905
37	15	5	13.425546
38	15	11	2.914283
39	15	5	-0.229342
40	15	5	0.045041
41	15	10	0
42	15	5	3.291702
43	15	5	5.972633
44	15	17	2.10942
45	15	15	0.45395
46	15	9	2.327931
47	15	6	6.018427
48	15	55	1.506909
49	15	26	-9.298312
50	15	27	-12.405856
51	15	24	-5.608302
52	15	45	-0.302588
53	15	45	0
54	15	46	-0.584362
55	15	160	-2.061907
56	15	18	-2.190545
57	15	5	-6.497089
58	15	10	-21.436758
59	15	11	-29.965618
60	15	11	-21.94566
61	15	5	-11.48219
62	15	10	-7.881505
63	15	11	-10.366946
64	15	5	-11.215151
65	15	10	-7.902198
66	15	11	-14.761941
67	15	11	-29.008602
68	15	10	-40.117207
69	15	5	-52.281597
70	15	10	-59.166962
71	15	10	-67.853371
72	15	10	-81.330666
73	15	10	-100.116478
74	15	10	-119.714478
75	15	10	-134.57341
76	15	10	-143.208588
77	15	11	-151.043274
78	15	11	-157.452774
79	15	11	-163.573547
80	15	11	-169.714691
81	15	5	-175.261856
82	15	10	-179.512527
83	15	11	-182.342712
84	15	10	-183.95726
85	15	10	-184.689713
86	15	11	-184.815109
87	15	11	-184.541565
88	15	5	-184.161163
89	15	11	-183.796478
90	15	17	-183.549149
91	15	18	-183.459579
92	15	125	-183.499161
93	15	83	-183.515808
94	15	9	-183.550064
95	15	6	-183.767639
96	15	161	-183.945358
97	15	162	-183.530731
98	15	1	-182.36145
99	15	2	-180.646454
100	15	2	-178.624451
101	15	80	-175.920074
102	15	163	-170.618881
103	15	17	-161.212891
104	15	2	-149.412231
105	15	80	-135.806229
106	15	102	-120.74897
107	15	92	-104.859688
108	15	69	-88.882156
109	15	71	-66.301849
110	15	86	-50
111	15	19	-50
112	15	19	-50
113	15	36	-50
114	15	34	-50
115	15	39	-49.952744
116	15	40	-49.667568
117	15	164	-39.418812
118	15	8	-25.727365
119	15	49	-10.213592
120	15	51	8.929658
121	15	35	69.509201
122	15	165	97.23365
123	15	5	102.256912
124	15	10	82.937332
125	15	11	47.962315
126	15	11	28.916561
127	15	123	11.088383
128	15	166	0
0	16	29	0
1	16	30	0.041192
2	16	140	0.635435
3	16	166	4.230933
4	16	3	12.46729
5	16	7	17.884583
6	16	14	15.395084
7	16	3	8.482908
8	16	4	0.072234
9	16	13	-5.679901
10	16	0	-8.145329
11	16	167	-8.059508
12	16	168	-5.504218
13	16	76	-2.462941
14	16	61	-0.600724
15	16	18	0.741886
16	16	5	1.155999
17	16	88	0
18	16	60	-0.003851
19	16	169	-3.297674
20	16	159	-9.00585
21	16	170	-10.950085
22	16	171	-5.564799
23	16	95	4.759717
24	16	172	14.381506
25	16	168	16.649603
26	16	16	11.686996
27	16	7	20.380852
28	16	8	28.340841
29	16	8	21.419472
30	16	0	9.0314
31	16	19	2.895878
32	16	16	3.498253
33	16	16	8.369071
34	16	7	10.797107
35	16	9	13.178482
36	16	5	20.527149
37	16	5	22.538944
38	16	11	11.094908
39	16	11	10.720632
40	16	10	9.056346
41	16	13	3.982599
42	16	8	4.545759
43	16	9	5.331902
44	16	6	1.875984
45	16	4	3.153337
46	16	6	5.398572
47	16	48	1.497317
48	16	45	-8.196396
49	16	23	-18.010506
50	16	47	-16.295134
51	16	20	-6.61336
52	16	21	-0.743264
53	16	173	0
54	16	174	0
55	16	10	-0.020111
56	16	10	-0.002885
57	16	11	-2.540022
58	16	11	-13.072091
59	16	11	-23.175766
60	16	10	-21.411467
61	16	11	-12.534657
62	16	5	-8.545754
63	16	5	-13.968266
64	16	5	-19.475996
65	16	10	-20.084515
66	16	10	-31.386135
67	16	11	-37.154373
68	16	11	-47.2794
69	16	11	-56.562252
70	16	10	-63.932858
71	16	10	-75.194183
72	16	11	-92.505943
73	16	10	-112.37249
74	16	11	-131.045242
75	16	10	-144.884583
76	16	5	-152.103943
77	16	5	-158.663284
78	16	10	-163.816818
79	16	5	-169.141281
80	16	10	-174.632751
81	16	11	-179.438034
82	16	10	-182.993057
83	16	5	-185.166428
84	16	5	-186.272552
85	16	11	-186.610046
86	16	11	-186.39621
87	16	10	-185.872177
88	16	11	-185.280365
89	16	11	-184.800385
90	16	125	-184.476974
91	16	141	-184.332474
92	16	175	-184.321075
93	16	18	-184.317047
94	16	6	-184.218353
95	16	176	-184.315857
96	16	177	-184.437714
97	16	178	-184.199631
98	16	13	-183.242599
99	16	9	-181.715378
100	16	6	-179.823349
101	16	7	-177.560944
102	16	8	-173.711258
103	16	8	-166.760361
104	16	0	-156.65062
105	16	64	-144.924057
106	16	103	-130.029739
107	16	135	-109.088913
108	16	65	-79.909676
109	16	16	-56.52541
110	16	19	-50
111	16	19	-50
112	16	35	50
113	16	35	50
114	16	36	-50
115	16	34	-50
116	16	36	-50
117	16	33	-49.724918
118	16	41	-43.784809
119	16	38	-36.529362
120	16	35	-25.928205
121	16	133	-0.713316
122	16	106	43.259258
123	16	11	79.829979
124	16	5	87.897285
125	16	5	53.659172
126	16	148	34.854801
127	16	116	10.521131
128	16	11	0
0	17	10	0
1	17	148	0.0427
2	17	116	0.456279
3	17	6	1.770843
4	17	19	4.867762
5	17	156	7.233635
6	17	179	7.529298
7	17	180	4.669023
8	17	61	0.694755
9	17	53	-1.403362
10	17	181	-1.834814
11	17	181	-1.213493
12	17	171	-0.15506
13	17	182	0
14	17	183	0.458489
15	17	77	5.825361
16	17	5	10.686339
17	17	94	7.270226
18	17	184	0.714122
19	17	95	-1.629873
20	17	172	-7.772621
21	17	185	-13.187021
22	17	186	-10.550345
23	17	95	-1.642148
24	17	181	13.725411
25	17	159	16.139217
26	17	19	7.751525
27	17	12	12.502619
28	17	12	29.163736
29	17	12	26.329508
30	17	16	8.908191
31	17	16	1.450598
32	17	16	0
33	17	19	0.542478
34	17	7	1.296403
35	17	9	2.678129
36	17	5	10.134536
37	17	5	18.563824
38	17	5	38.615753
39	17	13	55.305351
40	17	14	49.206856
41	17	3	31.372889
42	17	7	24.58477
43	17	0	22.724884
44	17	7	11.166507
45	17	14	3.271145
46	17	3	2.356834
47	17	19	-5.96282
48	17	48	-16.132542
49	17	46	-20.150385
50	17	22	-11.783582
51	17	45	-3.604297
52	17	187	-0.211255
53	17	5	0
54	17	11	0
55	17	10	0
56	17	10	0
57	17	5	-2.829788
58	17	10	-9.712176
59	17	10	-17.997276
60	17	5	-18.310518
61	17	5	-11.542804
62	17	5	-7.488672
63	17	10	-12.385073
64	17	5	-19.915379
65	17	5	-26.538921
66	17	11	-35.381626
67	17	11	-40.722969
68	17	5	-51.854053
69	17	10	-59.044556
70	17	5	-67.758163
71	17	10	-81.066406
72	17	5	-99.972145
73	17	11	-118.400192
74	17	11	-135.373657
75	17	5	-147.951782
76	17	10	-155.30661
77	17	10	-161.180267
78	17	5	-166.46228
79	17	5	-171.517944
80	17	5	-176.790833
81	17	5	-181.352737
82	17	10	-184.559677
83	17	11	-186.414444
84	17	5	-187.217972
85	17	10	-187.238251
86	17	11	-186.739227
87	17	10	-185.996643
88	17	11	-185.222809
89	17	120	-184.579788
90	17	142	-184.158478
91	17	83	-183.942871
92	17	9	-183.861801
93	17	17	-183.807266
94	17	176	-183.634201
95	17	188	-183.655823
96	17	189	-183.737915
97	17	84	-183.609116
98	17	152	-183.011108
99	17	84	-181.790695
100	17	57	-180.160461
101	17	1	-178.378769
102	17	3	-175.932343
103	17	56	-171.007843
104	17	78	-162.713226
105	17	135	-152.815704
106	17	135	-141.562744
107	17	65	-110.550537
108	17	16	-68.040115
109	17	12	-50.008133
110	17	19	-50
111	17	35	-50
112	17	35	50
113	17	35	50
114	17	35	-50
115	17	35	-50
116	17	35	-50
117	17	36	-50
118	17	34	-49.963512
119	17	139	-48.456169
120	17	30	-33.36187
121	17	116	-8.207981
122	17	123	45.358345
123	17	106	80.230736
124	17	10	98.836693
125	17	123	74.798973
126	17	106	57.459515
127	17	123	13.863265
128	17	106	0
0	18	123	0
1	18	190	0.0938
2	18	14	0.43762
3	18	32	-0.968601
4	18	43	-4.130182
5	18	51	-4.959404
6	18	191	-1.587825
7	18	60	-2.327415
8	18	192	-4.178365
9	18	184	-3.137223
10	18	184	-0.024617
11	18	193	0
12	18	194	0
13	18	194	0
14	18	182	0.516972
15	18	183	6.955517
16	18	192	16.259542
17	18	195	16.765074
18	18	193	7.655178
19	18	95	0.513448
20	18	171	-4.029308
21	18	186	-9.410748
22	18	193	-10.095605
23	18	195	-1.265492
24	18	95	11.078248
25	18	181	13.576029
26	18	159	10.388613
27	18	12	13.716558
28	18	12	45.164558
29	18	19	72.720711
30	18	12	61.475697
31	18	12	23.024399
32	18	19	4.79617
33	18	170	0
34	18	54	1.272689
35	18	11	8.856082
36	18	13	27.096931
37	18	8	50.083069
38	18	0	77.617157
39	18	4	101.174316
40	18	6	89.924324
41	18	1	55.916466
42	18	2	39.585537
43	18	3	34.263462
44	18	4	15.303105
45	18	17	2.125304
46	18	2	-1.18494
47	18	3	-5.029157
48	18	48	-9.023156
49	18	46	-9.094441
50	18	124	-4.172149
51	18	4	-0.416582
52	18	5	0
53	18	11	0
54	18	10	0
55	18	11	0
56	18	5	0
57	18	10	-3.925431
58	18	10	-11.114751
59	18	5	-16.707602
60	18	11	-16.93087
61	18	5	-11.197917
62	18	10	-7.620211
63	18	10	-12.615781
64	18	10	-16.915804
65	18	10	-25.432482
66	18	5	-32.319962
67	18	11	-41.808315
68	18	5	-53.061497
69	18	11	-60.430237
70	18	5	-69.704262
71	18	11	-85.231819
72	18	11	-103.462418
73	18	11	-120.272125
74	18	11	-135.162277
75	18	10	-146.59166
76	18	10	-154.049911
77	18	5	-159.43129
78	18	11	-165.208923
79	18	11	-170.510971
80	18	5	-176.037811
81	18	11	-180.748749
82	18	5	-184.026596
83	18	11	-185.859741
84	18	10	-186.576111
85	18	5	-186.434998
86	18	5	-185.7379
87	18	10	-184.806915
88	18	125	-183.87851
89	18	141	-183.10022
90	18	175	-182.550079
91	18	15	-182.237442
92	18	8	-182.107544
93	18	196	-182.006226
94	18	197	-181.835892
95	18	177	-181.840561
96	18	78	-181.980637
97	18	92	-182.022156
98	18	99	-181.801407
99	18	198	-180.959961
100	18	4	-179.745972
101	18	6	-178.341705
102	18	64	-176.529266
103	18	79	-173.35907
104	18	113	-167.671814
105	18	113	-159.142822
106	18	72	-143.776047
107	18	57	-112.488655
108	18	12	-59.41893
109	18	19	-50
110	18	35	-50
111	18	35	-50
112	18	39	50
113	18	51	50
114	18	35	-50
115	18	35	-50
116	18	35	-50
117	18	139	-50
118	18	140	-50
119	18	105	-48.851337
120	18	190	-33.120689
121	18	49	-1.744647
122	18	199	24.044586
123	18	123	66.96946
124	18	151	91.663109
125	18	140	91.35791
126	18	151	68.018166
127	18	116	12.924091
128	18	154	0
0	19	200	0
1	19	15	0
2	19	132	4.503175
3	19	36	4.688623
4	19	201	-3.579862
5	19	116	-6.650086
6	19	94	-6.243832
7	19	193	-7.638711
8	19	195	-8.993278
9	19	193	-5.799286
10	19	184	-0.833475
11	19	193	0
12	19	184	0
13	19	193	0
14	19	184	0
15	19	186	1.41417
16	19	195	8.25524
17	19	184	15.363369
18	19	193	12.917797
19	19	195	3.684244
20	19	186	-0.214421
21	19	186	-4.005665
22	19	186	-5.319924
23	19	193	-2.464753
24	19	193	4.835934
25	19	202	13.041796
26	19	19	27.977741
27	19	12	46.527195
28	19	12	97.779984
29	19	16	137.658829
30	19	16	115.098091
31	19	170	77.42524
32	19	171	34.807762
33	19	182	9.437201
34	19	87	-0.541887
35	19	0	6.013381
36	19	1	41.362812
37	19	2	70.443947
38	19	15	85.27523
39	19	14	99.475479
40	19	18	80.795563
41	19	5	57.752468
42	19	6	49.768539
43	19	4	43.608555
44	19	5	26.190901
45	19	13	8.826722
46	19	0	2.388592
47	19	16	1.384891
48	19	48	11.799961
49	19	117	17.110483
50	19	18	16.353224
51	19	10	11.967507
52	19	10	13.534727
53	19	11	10.357267
54	19	11	4.144134
55	19	5	0.087498
56	19	5	0
57	19	11	-3.549543
58	19	11	-9.664041
59	19	11	-13.415489
60	19	11	-12.413082
61	19	5	-7.578664
62	19	11	-7.683379
63	19	10	-16.379313
64	19	11	-21.84222
65	19	5	-28.270712
66	19	10	-32.749489
67	19	5	-41.175373
68	19	10	-53.173656
69	19	11	-60.711891
70	19	10	-70.425674
71	19	11	-86.731758
72	19	10	-103.446983
73	19	5	-119.040062
74	19	5	-132.28125
75	19	5	-142.447311
76	19	5	-149.250671
77	19	11	-154.081375
78	19	11	-159.611618
79	19	5	-165.928085
80	19	11	-171.922211
81	19	10	-177.254044
82	19	10	-181.003235
83	19	11	-183.133453
84	19	10	-184.102386
85	19	5	-184.024475
86	19	10	-183.278442
87	19	120	-182.280807
88	19	119	-181.224976
89	19	13	-180.284286
90	19	14	-179.582169
91	19	2	-179.141098
92	19	203	-178.917343
93	19	197	-178.811203
94	19	204	-178.762405
95	19	110	-178.862549
96	19	79	-179.166977
97	19	205	-179.485245
98	19	127	-179.712891
99	19	18	-179.349106
100	19	6	-178.637817
101	19	85	-177.676224
102	19	86	-176.233749
103	19	1	-173.527466
104	19	2	-168.814728
105	19	206	-159.163086
106	19	92	-140.571228
107	19	57	-110.17836
108	19	16	-71.37677
109	19	39	-52.100677
110	19	50	-50.002617
111	19	40	-50
112	19	34	50
113	19	35	50
114	19	39	-50
115	19	115	-50
116	19	140	-50
117	19	151	-50
118	19	207	-50
119	19	40	-49.209183
120	19	41	-40.042053
121	19	156	-11.060425
122	19	155	9.712025
123	19	165	62.037792
124	19	154	124.783936
125	19	133	120.216103
126	19	105	79.504738
127	19	208	32.492687
128	19	150	0
0	20	179	0
1	20	34	0.721644
2	20	39	11.488985
3	20	209	13.672752
4	20	183	3.4649
5	20	192	-3.996434
6	20	186	-3.392626
7	20	184	-5.808621
8	20	195	-6.530559
9	20	193	-3.635978
10	20	184	-0.062752
11	20	194	0
12	20	184	0
13	20	184	0
14	20	186	0
15	20	194	0
16	20	195	0
17	20	186	6.839394
18	20	184	9.830024
19	20	193	5.603411
20	20	194	1.61228
21	20	194	-0.554824
22	20	184	1.503752
23	20	194	7.196339
24	20	95	2.183769
25	20	181	9.011768
26	20	181	41.132301
27	20	159	71.458252
28	20	16	117.16893
29	20	19	138.158417
30	20	167	117.472527
31	20	185	85.262512
32	20	195	58.279678
33	20	95	37.611145
34	20	159	5.301464
35	20	7	9.667233
36	20	8	30.045101
37	20	14	46.851772
38	20	18	58.031082
39	20	10	62.148552
40	20	13	56.977791
41	20	14	55.126102
42	20	18	61.362278
43	20	13	56.988903
44	20	0	44.731583
45	20	1	34.715923
46	20	2	36.468456
47	20	2	41.73988
48	20	15	48.883484
49	20	9	59.913715
50	20	10	58.468475
51	20	10	52.74612
52	20	5	55.370457
53	20	10	41.504566
54	20	11	21.442335
55	20	10	2.799855
56	20	10	0
57	20	10	-1.402077
58	20	10	-4.612478
59	20	11	-6.405712
60	20	11	-5.266843
61	20	5	-3.290037
62	20	5	-6.008471
63	20	10	-22.024193
64	20	5	-32.300114
65	20	11	-35.48727
66	20	5	-35.451916
67	20	5	-40.016987
68	20	5	-51.964046
69	20	10	-59.859871
70	20	5	-69.696449
71	20	10	-85.438255
72	20	10	-100.579063
73	20	5	-114.846863
74	20	5	-127.057175
75	20	5	-135.97821
76	20	5	-141.601547
77	20	5	-145.455444
78	20	11	-150.282959
79	20	10	-156.505554
80	20	10	-163.866592
81	20	10	-170.179123
82	20	10	-174.91153
83	20	5	-177.891953
84	20	10	-179.531067
85	20	10	-179.843704
86	20	11	-179.264648
87	20	5	-178.294357
88	20	17	-177.123276
89	20	15	-175.987839
90	20	9	-175.104034
91	20	210	-174.506424
92	20	211	-174.187027
93	20	189	-174.134857
94	20	212	-174.262817
95	20	86	-174.638443
96	20	146	-175.215149
97	20	119	-176.011276
98	20	13	-176.768448
99	20	0	-177.011597
100	20	16	-176.85968
101	20	1	-176.42215
102	20	15	-175.448959
103	20	82	-172.932938
104	20	134	-168.681229
105	20	79	-159.733917
106	20	86	-142.416809
107	20	16	-115.403305
108	20	36	-82.770279
109	20	33	-61.647232
110	20	34	-51.76342
111	20	35	-50
112	20	35	50
113	20	37	50
114	20	4	-50
115	20	148	-50
116	20	116	-50
117	20	6	-50
118	20	38	-50
119	20	37	-49.911945
120	20	38	-46.0308
121	20	35	-35.314911
122	20	133	-4.423449
123	20	208	63.751045
124	20	51	124.716141
125	20	39	129.033279
126	20	213	82.221832
127	20	29	31.410019
128	20	207	0
0	21	51	0
1	21	36	0
2	21	214	8.622729
3	21	185	12.051005
4	21	193	4.63593
5	21	195	-0.856128
6	21	195	-0.455091
7	21	184	-0.146694
8	21	194	-0.000642
9	21	194	0.335139
10	21	184	0.095821
11	21	193	0.003165
12	21	194	0
13	21	194	0
14	21	195	0
15	21	193	0.795477
16	21	193	2.224713
17	21	186	3.305257
18	21	195	6.715239
19	21	186	8.09373
20	21	194	5.008392
21	21	186	6.731655
22	21	184	7.580462
23	21	215	12.57291
24	21	185	16.746431
25	21	186	25.854694
26	21	95	53.255569
27	21	159	58.010887
28	21	12	76.957954
29	21	42	103.364571
30	21	216	93.832077
31	21	217	57.17205
32	21	218	53.176411
33	21	168	46.286892
34	21	19	24.085197
35	21	12	18.876562
36	21	4	23.614201
37	21	5	26.984791
38	21	10	30.216543
39	21	17	35.172009
40	21	18	45.834724
41	21	10	68.190178
42	21	6	75.833321
43	21	1	73.345795
44	21	18	65.857506
45	21	10	61.554375
46	21	5	79.413757
47	21	17	104.127342
48	21	18	117.155685
49	21	11	114.838806
50	21	5	98.690353
51	21	5	98.303345
52	21	5	102.449547
53	21	10	82.447922
54	21	5	45.793343
55	21	10	14.961319
56	21	125	0.465157
57	21	112	0
58	21	125	-0.5153
59	21	112	-2.41672
60	21	11	-4.788071
61	21	10	-4.370578
62	21	10	-6.180531
63	21	10	-20.429539
64	21	10	-34.608185
65	21	5	-34.982651
66	21	5	-39.301991
67	21	11	-38.151299
68	21	11	-48.039455
69	21	5	-57.635487
70	21	5	-67.617592
71	21	11	-81.338188
72	21	11	-94.956604
73	21	5	-107.708885
74	21	5	-118.838005
75	21	5	-127.241631
76	21	10	-131.143738
77	21	10	-133.404724
78	21	5	-137.268753
79	21	10	-143.18425
80	21	10	-150.792587
81	21	10	-158.740356
82	21	11	-165.139282
83	21	10	-169.59166
84	21	10	-172.393127
85	21	10	-173.554016
86	21	10	-173.522247
87	21	11	-172.749298
88	21	17	-171.486908
89	21	18	-170.113831
90	21	219	-169.01976
91	21	220	-168.219666
92	21	221	-167.787659
93	21	12	-167.792862
94	21	1	-168.164932
95	21	15	-168.917419
96	21	9	-170.051895
97	21	6	-171.524033
98	21	1	-172.927094
99	21	2	-173.829941
100	21	18	-174.378891
101	21	6	-174.530716
102	21	85	-173.803253
103	21	102	-171.86734
104	21	65	-168.330795
105	21	19	-161.232788
106	21	12	-147.715378
107	21	51	-123.200424
108	21	39	-96.30098
109	21	51	-75.264267
110	21	39	-63.522987
111	21	50	-50
112	21	40	50
113	21	122	50
114	21	10	-50
115	21	5	-50
116	21	17	-50
117	21	222	-50
118	21	36	-50
119	21	34	-50
120	21	35	-49.874748
121	21	39	-46.076496
122	21	40	-20.52607
123	21	34	43.931248
124	21	36	72.692673
125	21	122	124.58548
126	21	13	58.729797
127	21	158	22.757601
128	21	223	0
0	22	50	0
1	22	40	0
2	22	224	0.07598
3	22	193	1.63085
4	22	184	0.08306
5	22	225	0
6	22	226	0
7	22	193	5.17407
8	22	194	8.814997
9	22	186	7.037825
10	22	193	2.246167
11	22	194	0.10097
12	22	195	0
13	22	186	0
14	22	193	4.402883
15	22	193	10.985779
16	22	193	18.146559
17	22	194	21.931793
18	22	195	21.984875
19	22	194	17.755323
20	22	186	18.135267
21	22	215	17.348026
22	22	227	11.276555
23	22	171	12.337953
24	22	194	11.291529
25	22	194	33.428974
26	22	95	60.198551
27	22	228	51.913513
28	22	34	62.97831
29	22	35	84.885231
30	22	37	64.999557
31	22	16	38.201855
32	22	12	40.432289
33	22	19	38.755573
34	22	170	18.598236
35	22	229	23.171509
36	22	9	17.286861
37	22	5	25.89493
38	22	10	31.630114
39	22	11	23.489857
40	22	5	45.9305
41	22	17	72.190315
42	22	18	83.763145
43	22	10	81.686249
44	22	11	76.867981
45	22	11	81.775101
46	22	11	117.604279
47	22	10	138.957047
48	22	10	131.024124
49	22	10	116.905838
50	22	10	100.261864
51	22	10	94.977318
52	22	10	95.938431
53	22	125	93.372093
54	22	112	74.45015
55	22	120	33.186157
56	22	142	7.483328
57	22	134	0
58	22	70	-0.236192
59	22	10	-5.230095
60	22	11	-11.130064
61	22	5	-10.7887
62	22	5	-7.980157
63	22	5	-16.25885
64	22	10	-27.918371
65	22	5	-27.44421
66	22	11	-31.320702
67	22	11	-36.099697
68	22	10	-41.948551
69	22	5	-52.287025
70	22	10	-61.717545
71	22	11	-73.968292
72	22	13	-85.958138
73	22	8	-96.905586
74	22	9	-106.797905
75	22	10	-114.22731
76	22	11	-116.653862
77	22	10	-117.038742
78	22	10	-120.390076
79	22	11	-126.412674
80	22	5	-134.452652
81	22	11	-143.350403
82	22	11	-151.625473
83	22	11	-158.009933
84	22	5	-162.565811
85	22	10	-165.164963
86	22	11	-166.018982
87	22	10	-165.59877
88	22	10	-164.312683
89	22	230	-162.7341
90	22	231	-161.267715
91	22	19	-160.126251
92	22	1	-159.51178
93	22	18	-159.554886
94	22	17	-160.180481
95	22	15	-161.528687
96	22	0	-163.509125
97	22	7	-165.880661
98	22	8	-168.047913
99	22	82	-169.722519
100	22	145	-171.023315
101	22	69	-171.719528
102	22	71	-171.54921
103	22	86	-170.386124
104	22	19	-167.162643
105	22	12	-159.816772
106	22	130	-148.056412
107	22	232	-130.296082
108	22	38	-104.44014
109	22	36	-83.374176
110	22	33	-61.253983
111	22	34	-50
112	22	129	50
113	22	9	50
114	22	11	-50
115	22	10	-50
116	22	233	-50
117	22	50	-50
118	22	51	-50
119	22	35	-50
120	22	36	-50
121	22	34	-47.169468
122	22	35	-28.073416
123	22	35	-3.061309
124	22	129	20.850349
125	22	158	29.19475
126	22	171	33.662815
127	22	95	17.021482
128	22	181	0
0	23	234	0
1	23	235	0
2	23	236	0
3	23	236	0
4	23	237	0
5	23	238	0.009206
6	23	193	0.739547
7	23	193	10.149015
8	23	186	17.56966
9	23	194	16.313227
10	23	193	9.301725
11	23	184	1.16778
12	23	195	0
13	23	186	4.162028
14	23	186	14.038446
15	23	194	26.139421
16	23	194	36.705051
17	23	186	41.641308
18	23	193	39.658527
19	23	184	35.3032
20	23	95	42.687435
21	23	172	46.9566
22	23	185	39.287468
23	23	186	25.806688
24	23	186	9.757545
25	23	225	5.402227
26	23	237	27.97683
27	23	35	34.193039
28	23	35	23.923475
29	23	36	25.423075
30	23	33	24.235329
31	23	41	34.266903
32	23	170	41.488571
33	23	171	50.981209
34	23	239	55.680286
35	23	15	80.661499
36	23	8	65.168495
37	23	9	54.979443
38	23	11	56.839695
39	23	5	49.563877
40	23	11	53.712936
41	23	10	72.658165
42	23	5	86.137703
43	23	11	90.787582
44	23	10	89.207001
45	23	5	101.421913
46	23	5	131.536896
47	23	10	135.149994
48	23	11	101.284843
49	23	13	89.732613
50	23	9	89.350174
51	23	10	90.385788
52	23	120	88.427574
53	23	142	81.818756
54	23	126	75.814636
55	23	141	56.648685
56	23	100	34.02718
57	23	119	8.985344
58	23	11	-1.007505
59	23	11	-8.290526
60	23	10	-15.778866
61	23	5	-14.25915
62	23	11	-9.383417
63	23	10	-11.698983
64	23	11	-19.19648
65	23	11	-19.414944
66	23	11	-15.982217
67	23	13	-25.569477
68	23	9	-34.72134
69	23	5	-42.308601
70	23	5	-52.093822
71	23	17	-61.829304
72	23	2	-71.651001
73	23	15	-80.751945
74	23	8	-88.704132
75	23	9	-94.161362
76	23	5	-95.752625
77	23	10	-95.381767
78	23	11	-99.037468
79	23	11	-106.270126
80	23	10	-115.420723
81	23	5	-125.531754
82	23	5	-135.397141
83	23	10	-143.842773
84	23	5	-150.350708
85	23	11	-154.711014
86	23	5	-156.768341
87	23	5	-156.777527
88	23	17	-155.520905
89	23	2	-153.639114
90	23	32	-151.661911
91	23	164	-150.009644
92	23	8	-149.066254
93	23	9	-149.065781
94	23	6	-150.030289
95	23	1	-152.173035
96	23	2	-155.302902
97	23	3	-158.657318
98	23	85	-161.787292
99	23	102	-164.529129
100	23	135	-166.572784
101	23	92	-167.90213
102	23	57	-168.481903
103	23	16	-168.085327
104	23	19	-164.748505
105	23	137	-157.32016
106	23	179	-146.40007
107	23	34	-131.998062
108	23	39	-112.395126
109	23	50	-83.354469
110	23	51	-69.785248
111	23	36	-48.544201
112	23	240	-50
113	23	106	-50
114	23	10	-50
115	23	6	-50
116	23	42	-50
117	23	34	-50
118	23	39	-50
119	23	50	-50
120	23	50	-50
121	23	51	-49.997704
122	23	39	-44.929474
123	23	44	-23.079458
124	23	241	-5.573473
125	23	184	2.585959
126	23	194	8.211563
127	23	194	5.536407
128	23	184	0
0	24	242	0
1	24	243	0
2	24	35	0
3	24	244	0
4	24	245	0
5	24	186	0.089605
6	24	195	1.230863
7	24	195	7.673486
8	24	195	16.633892
9	24	184	20.878962
10	24	194	16.149172
11	24	193	5.340763
12	24	194	0
13	24	184	9.506406
14	24	186	22.815222
15	24	193	37.016132
16	24	193	44.657745
17	24	184	48
18	24	195	45.310661
19	24	215	47.939316
20	24	227	67.925797
21	24	172	84.048065
22	24	185	74.604401
23	24	194	60.036236
24	24	242	24.284597
25	24	243	4.076992
26	24	244	0.924915
27	24	246	13.476654
28	24	51	9.55117
29	24	35	14.183799
30	24	36	57.928638
31	24	214	109.804626
32	24	185	118.436516
33	24	247	112.380058
34	24	14	128.988083
35	24	2	176.433899
36	24	18	184.891739
37	24	10	143.09903
38	24	5	93.817719
39	24	11	68.712532
40	24	10	55.597633
41	24	11	62.598911
42	24	5	85.917336
43	24	5	97.725227
44	24	10	101.66507
45	24	5	97.441391
46	24	10	120.072754
47	24	11	117.91655
48	24	6	91.78508
49	24	4	85.579971
50	24	11	87.79792
51	24	125	93.017517
52	24	141	82.440758
53	24	110	71.555756
54	24	248	65.679657
55	24	9	66.648994
56	24	11	63.522793
57	24	13	25.603102
58	24	9	2.039086
59	24	5	-6.969605
60	24	11	-12.927009
61	24	11	-10.236781
62	24	11	-6.18559
63	24	10	-7.071163
64	24	10	-9.754869
65	24	10	-9.051107
66	24	17	-5.685993
67	24	18	-4.618044
68	24	10	-16.875641
69	24	13	-28.89262
70	24	8	-35.953629
71	24	8	-44.009418
72	24	14	-51.925835
73	24	3	-59.206379
74	24	4	-65.17691
75	24	10	-68.756592
76	24	13	-69.81102
77	24	9	-69.729462
78	24	10	-73.704544
79	24	11	-82.726334
80	24	11	-93.973816
81	24	11	-105.883644
82	24	5	-117.670975
83	24	10	-128.128754
84	24	10	-136.365494
85	24	5	-142.270187
86	24	11	-145.615051
87	24	123	-146.347031
88	24	105	-145.045609
89	24	208	-142.697052
90	24	44	-139.994507
91	24	56	-137.584366
92	24	249	-136.113312
93	24	127	-135.84761
94	24	18	-137.164185
95	24	5	-140.298279
96	24	6	-144.60144
97	24	16	-149.433334
98	24	64	-154.153732
99	24	79	-158.037811
100	24	113	-161.015411
101	24	86	-163.087219
102	24	12	-164.212524
103	24	12	-164.201004
104	24	151	-161.385437
105	24	207	-154.487808
106	24	51	-143.939774
107	24	37	-133.430893
108	24	1	-120.532974
109	24	93	-99.865913
110	24	51	-78.867401
111	24	39	-63.777599
112	24	150	-50.200817
113	24	190	-50
114	24	14	-50
115	24	93	-50
116	24	50	-50
117	24	44	-50
118	24	19	-50
119	24	170	-50
120	24	234	-50
121	24	250	-50
122	24	159	-47.532585
123	24	241	-26.840582
124	24	186	-10.750917
125	24	193	-3.81277
126	24	215	-2.045674
127	24	185	-4.828149
128	24	215	0
0	25	251	0
1	25	252	0
2	25	245	0
3	25	194	0
4	25	184	0.563937
5	25	194	1.042702
6	25	194	1.156993
7	25	184	2.359184
8	25	186	6.316181
9	25	184	14.023106
10	25	186	12.93938
11	25	184	3.810746
12	25	195	1.145882
13	25	193	12.879569
14	25	194	28.06492
15	25	194	40.220932
16	25	194	46.877682
17	25	215	48.949577
18	25	168	46.46909
19	25	167	50.726318
20	25	227	74.861633
21	25	171	94.589508
22	25	184	85.628723
23	25	225	67.153809
24	25	237	46.052238
25	25	253	34.661156
26	25	227	0.661479
27	25	234	-2.153059
28	25	243	55.821476
29	25	35	107.04718
30	25	36	171.728027
31	25	214	221.102356
32	25	254	208.615967
33	25	15	194.950043
34	25	9	199.291122
35	25	5	232.234329
36	25	10	273.565674
37	25	10	238.779297
38	25	11	153.393112
39	25	13	100.739914
40	25	8	84.988808
41	25	9	91.250816
42	25	10	104.596977
43	25	10	114.732849
44	25	11	112.898209
45	25	11	100.777779
46	25	11	95.816925
47	25	17	103.492111
48	25	15	93.945137
49	25	9	89.101776
50	25	120	92.202492
51	25	119	97.059196
52	25	120	78.927299
53	25	198	61.269997
54	25	4	50.388428
55	25	10	47.949089
56	25	17	46.890034
57	25	18	25.308256
58	25	13	5.229535
59	25	8	-3.232135
60	25	9	-5.820351
61	25	11	-4.216653
62	25	13	-1.470861
63	25	8	-2.248348
64	25	9	-2.317198
65	25	13	-1.631472
66	25	8	-0.262657
67	25	9	0
68	25	17	0
69	25	3	-5.805485
70	25	56	-14.975902
71	25	249	-22.11701
72	25	255	-28.661858
73	25	4	-34.625134
74	25	10	-39.30724
75	25	6	-42.281494
76	25	7	-43.621151
77	25	9	-44.853043
78	25	10	-48.514912
79	25	10	-57.252068
80	25	11	-70.031487
81	25	11	-84.527397
82	25	10	-98.770882
83	25	10	-111.844833
84	25	5	-122.43454
85	25	123	-129.661514
86	25	155	-133.705719
87	25	39	-134.807617
88	25	44	-133.186691
89	25	16	-129.879761
90	25	256	-126.062813
91	25	257	-122.584045
92	25	258	-120.083237
93	25	259	-119.144279
94	25	259	-120.591911
95	25	260	-124.911232
96	25	261	-131.389725
97	25	85	-138.759003
98	25	86	-145.239883
99	25	19	-150.644699
100	25	16	-154.347488
101	25	19	-156.631363
102	25	16	-157.967087
103	25	199	-158.448395
104	25	262	-157.89859
105	25	201	-151.333694
106	25	149	-141.302399
107	25	122	-133.420349
108	25	17	-122.340675
109	25	222	-106.373726
110	25	36	-86.66703
111	25	34	-66.893875
112	25	200	-53.832943
113	25	18	-52.705997
114	25	6	-50
115	25	12	-50
116	25	12	-50
117	25	12	-50
118	25	241	-50
119	25	195	-50
120	25	186	-50
121	25	95	-50
122	25	172	-35.052483
123	25	185	-5.519632
124	25	195	8.328253
125	25	95	6.494813
126	25	172	-1.47046
127	25	168	-4.483353
128	25	170	0
0	26	171	0
1	26	186	0
2	26	193	0
3	26	194	0.7054
4	26	193	4.521608
5	26	195	5.207876
6	26	195	2.682437
7	26	195	1.490205
8	26	184	1.005785
9	26	193	1.781896
10	26	195	2.517878
11	26	186	0
12	26	225	0.805898
13	26	226	12.515594
14	26	194	27.477606
15	26	193	40.044456
16	26	202	47.583931
17	26	170	60.802242
18	26	181	69.117584
19	26	171	59.641842
20	26	186	63.050411
21	26	186	84.540733
22	26	263	82.413109
23	26	39	61.293816
24	26	44	65.855064
25	26	241	49.519943
26	26	195	7.361986
27	26	264	24.425541
28	26	50	107.822891
29	26	51	189.40744
30	26	36	234.775955
31	26	240	260.485474
32	26	138	243.049515
33	26	4	225.912888
34	26	5	232.62793
35	26	11	247.458527
36	26	5	279.779999
37	26	10	272.167114
38	26	17	191.55101
39	26	2	152.382904
40	26	18	134.438644
41	26	10	134.973328
42	26	10	120.208839
43	26	11	108.978897
44	26	10	103.429489
45	26	11	94.520592
46	26	10	100.698837
47	26	17	107.224411
48	26	15	103.663322
49	26	9	97.033852
50	26	10	98.485458
51	26	5	104.694618
52	26	6	99.093445
53	26	4	48.597721
54	26	5	41.735996
55	26	10	39.291714
56	26	13	37.682354
57	26	0	26.944542
58	26	12	13.659311
59	26	7	7.707002
60	26	9	-1.159077
61	26	6	-0.694612
62	26	56	0
63	26	249	0
64	26	255	0
65	26	1	0
66	26	18	0
67	26	10	0
68	26	17	0
69	26	80	-0.089658
70	26	102	-1.829225
71	26	91	-5.283707
72	26	18	-9.3402
73	26	5	-13.320965
74	26	17	-16.928404
75	26	3	-19.826971
76	26	4	-22.064493
77	26	5	-24.525915
78	26	10	-28.330091
79	26	10	-34.816586
80	26	5	-45.857025
81	26	10	-61.302315
82	26	5	-78.741516
83	26	123	-95.215172
84	26	155	-108.650375
85	26	139	-117.747826
86	26	232	-122.333069
87	26	64	-122.904419
88	26	265	-120.000824
89	26	266	-114.937904
90	26	257	-109.16851
91	26	258	-103.856125
92	26	259	-99.718651
93	26	259	-97.566048
94	26	258	-98.732521
95	26	260	-104.735138
96	26	261	-115.441742
97	26	12	-125.863548
98	26	16	-134.544495
99	26	16	-141.13829
100	26	16	-145.645782
101	26	12	-148.306259
102	26	4	-148.631531
103	26	233	-148.995667
104	26	267	-152.688004
105	26	49	-149.179993
106	26	199	-139.865173
107	26	13	-131.096451
108	26	268	-119.933701
109	26	207	-105.612534
110	26	50	-88.257637
111	26	199	-69.303596
112	26	10	-57.542286
113	26	6	-50
114	26	16	-50
115	26	170	50
116	26	181	50
117	26	172	50
118	26	185	50
119	26	184	50
120	26	186	50
121	26	95	50
122	26	171	50
123	26	186	44.471649
124	26	186	26.978222
125	26	202	22.204264
126	26	12	5.353201
127	26	167	4.859065
128	26	185	0
0	27	193	0
1	27	193	0
2	27	194	0.222035
3	27	186	6.074734
4	27	186	15.124471
5	27	186	14.751316
6	27	186	8.39905
7	27	184	3.559929
8	27	195	-3.121873
9	27	194	-8.638682
10	27	184	-8.534833
11	27	263	-3.768058
12	27	238	0
13	27	184	8.498008
14	27	193	21.27137
15	27	95	36.52673
16	27	172	49.117069
17	27	218	77.899956
18	27	185	100.716347
19	27	193	91.635986
20	27	186	71.83284
21	27	263	81.402061
22	27	36	67.763847
23	27	269	63.828892
24	27	172	55.808357
25	27	185	45.672661
26	27	95	32.886662
27	27	159	99.830292
28	27	38	189.818604
29	27	35	243.522873
30	27	35	258.636932
31	27	36	260.025513
32	27	122	225.957764
33	27	13	218.095947
34	27	104	230.439194
35	27	105	240.549271
36	27	106	246.815018
37	27	123	255.367966
38	27	105	213.097946
39	27	105	179.849396
40	27	105	165.38237
41	27	106	152.878891
42	27	10	125.41275
43	27	10	104.958336
44	27	10	98.063789
45	27	10	100.979935
46	27	5	112.981667
47	27	17	121.497383
48	27	18	115.060532
49	27	11	108.211784
50	27	10	107.197922
51	27	17	119.639587
52	27	18	116.892387
53	27	10	40.528419
54	27	11	25.033575
55	27	17	28.8279
56	27	3	29.733408
57	27	56	24.801271
58	27	57	19.387861
59	27	7	13.779912
60	27	84	2.977464
61	27	71	0
62	27	102	0
63	27	91	0
64	27	18	0
65	27	5	0
66	27	125	0
67	27	112	0
68	27	114	0
69	27	78	0
70	27	248	-0.02442
71	27	9	-0.419027
72	27	13	-1.292117
73	27	9	-2.611337
74	27	17	-4.252937
75	27	18	-6.099852
76	27	5	-8.247586
77	27	5	-10.718395
78	27	11	-13.729665
79	27	11	-18.2812
80	27	11	-25.986435
81	27	123	-38.516308
82	27	151	-55.862068
83	27	30	-76.130547
84	27	116	-93.434067
85	27	114	-104.571716
86	27	78	-109.349274
87	27	230	-108.637177
88	27	258	-103.793335
89	27	270	-95.868988
90	27	271	-87.022568
91	27	272	-78.877304
92	27	258	-72.53157
93	27	257	-69.126976
94	27	270	-70.085655
95	27	273	-77.802299
96	27	56	-91.79483
97	27	57	-107.772736
98	27	16	-120.853996
99	27	16	-129.109421
100	27	19	-133.503159
101	27	4	-135.493317
102	27	17	-136.79097
103	27	2	-139.038055
104	27	2	-141.068329
105	27	274	-142.180084
106	27	275	-138.287445
107	27	18	-129.045654
108	27	17	-112.990364
109	27	2	-100.149811
110	27	18	-88.170876
111	27	10	-79.335968
112	27	6	-71.866463
113	27	16	-55.042671
114	27	241	-50
115	27	215	50
116	27	168	50
117	27	241	50
118	27	194	50
119	27	194	50
120	27	184	50
121	27	184	50
122	27	193	50
123	27	186	50
124	27	202	44.799152
125	27	12	23.871191
126	27	12	10.726578
127	27	241	3.509398
128	27	195	0
0	28	195	0
1	28	193	0
2	28	193	0.703626
3	28	184	7.21869
4	28	195	12.332877
5	28	194	16.445875
6	28	193	11.275575
7	28	193	-1.752238
8	28	186	-13.895204
9	28	184	-19.472971
10	28	242	-18.959663
11	28	235	-9.540117
12	28	226	-0.834159
13	28	184	2.374572
14	28	184	12.23843
15	28	202	23.515682
16	28	16	45.117073
17	28	241	86.988274
18	28	184	126.089142
19	28	225	128.105637
20	28	237	116.152359
21	28	35	116.132515
22	28	253	93.559998
23	28	227	62.649246
24	28	171	58.075726
25	28	276	55.036366
26	28	277	76.786736
27	28	278	182.779587
28	28	115	243.484253
29	28	279	247.591782
30	28	35	250.815262
31	28	133	235.846161
32	28	179	213.277664
33	28	34	204.53334
34	28	35	180.089157
35	28	133	173.925903
36	28	155	190.261292
37	28	35	180.559296
38	28	35	194.98027
39	28	35	187.96727
40	28	133	181.961029
41	28	105	180.931549
42	28	105	165.772598
43	28	106	131.689606
44	28	11	107.560303
45	28	11	116.747902
46	28	11	138.939911
47	28	10	140.360519
48	28	10	126.391212
49	28	11	117.41993
50	28	10	115.246727
51	28	10	118.568672
52	28	5	122.33886
53	28	10	45.532673
54	28	10	3.466723
55	28	6	8.554832
56	28	85	18.975248
57	28	72	15.96172
58	28	57	9.384512
59	28	64	6.989194
60	28	65	1.034707
61	28	146	0
62	28	119	0
63	28	10	0
64	28	13	0
65	28	212	0
66	28	81	0
67	28	153	0
68	28	79	0
69	28	72	0
70	28	152	0
71	28	14	0
72	28	15	-0.026989
73	28	8	-0.164757
74	28	9	-0.503753
75	28	11	-1.137158
76	28	11	-2.096876
77	28	10	-3.317031
78	28	5	-4.871365
79	28	123	-7.213681
80	28	151	-11.814869
81	28	116	-19.838114
82	28	5	-31.809601
83	28	11	-48.001232
84	28	121	-67.475143
85	28	103	-82.333504
86	28	79	-88.435104
87	28	113	-87.605324
88	28	86	-80.754417
89	28	19	-69.560562
90	28	7	-57.21793
91	28	0	-46.984646
92	28	19	-40.747913
93	28	19	-37.58466
94	28	56	-38.396339
95	28	71	-46.446049
96	28	72	-62.529388
97	28	57	-81.679298
98	28	12	-97.435982
99	28	1	-108.151299
100	28	7	-114.323029
101	28	8	-116.291222
102	28	9	-119.005119
103	28	280	-121.465889
104	28	281	-125.645203
105	28	282	-131.113373
106	28	9	-128.178864
107	28	283	-116.619576
108	28	284	-108.356842
109	28	9	-99.969154
110	28	13	-93.418221
111	28	0	-90.391563
112	28	19	-87.831726
113	28	167	-78.545685
114	28	168	-50
115	28	170	-49.04541
116	28	171	-46.492897
117	28	186	-48.604698
118	28	195	-50
119	28	186	-50
120	28	186	-50
121	28	184	-50
122	28	194	-42.709927
123	28	202	6.017806
124	28	16	30.836708
125	28	170	19.976587
126	28	171	9.54369
127	28	184	1.569506
128	28	195	0
0	29	193	0
1	29	195	0
2	29	194	1.711193
3	29	186	-4.396249
4	29	225	-8.025682
5	29	236	-7.364544
6	29	236	-1.557136
7	29	236	-11.05849
8	29	226	-20.893959
9	29	225	-24.663572
10	29	237	-20.499304
11	29	238	-8.91132
12	29	186	-0.615559
13	29	184	0
14	29	95	2.010081
15	29	159	9.12971
16	29	241	36.430954
17	29	186	87.558022
18	29	263	132.130676
19	29	35	151.938828
20	29	244	160.649033
21	29	250	169.045151
22	29	171	140.816803
23	29	184	88.727104
24	29	285	54.776466
25	29	286	58.346447
26	29	287	119.699959
27	29	18	213.577682
28	29	148	245.433853
29	29	207	239.776672
30	29	51	222.569565
31	29	139	212.643295
32	29	279	199.62735
33	29	39	174.069351
34	29	50	163.483459
35	29	115	158.387451
36	29	30	159.384033
37	29	279	163.181351
38	29	35	172.298782
39	29	139	177.009903
40	29	279	178.677734
41	29	35	206.100815
42	29	133	214.338043
43	29	105	176.095795
44	29	106	130.590622
45	29	10	127.618332
46	29	123	162.031082
47	29	105	162.851578
48	29	106	134.477921
49	29	5	125.645638
50	29	10	123.895058
51	29	10	124.851608
52	29	5	125.221245
53	29	5	49.541237
54	29	17	6.18676
55	29	2	0
56	29	118	0.554237
57	29	175	0.457458
58	29	206	0
59	29	91	0
60	29	18	0
61	29	11	0
62	29	13	0
63	29	0	0
64	29	16	0
65	29	12	0
66	29	85	0
67	29	86	0
68	29	146	0
69	29	175	0
70	29	18	0
71	29	17	0
72	29	32	0
73	29	122	-0.001012
74	29	10	-0.026781
75	29	10	-0.122043
76	29	10	-0.322377
77	29	123	-0.620609
78	29	151	-1.033989
79	29	116	-1.714212
80	29	10	-3.118894
81	29	5	-6.61209
82	29	11	-13.399234
83	29	120	-21.831568
84	29	100	-31.35314
85	29	175	-43.449318
86	29	2	-51.983044
87	29	2	-53.702312
88	29	3	-47.417301
89	29	1	-34.455963
90	29	3	-23.190332
91	29	16	-16.642406
92	29	19	-13.160043
93	29	64	-12.396456
94	29	92	-12.691391
95	29	71	-15.432045
96	29	86	-32.864662
97	29	1	-57.925125
98	29	18	-76.279671
99	29	1	-86.834656
100	29	288	-92.16423
101	29	289	-95.271461
102	29	290	-97.153358
103	29	291	-102.76033
104	29	292	-112.313431
105	29	293	-118.062683
106	29	294	-113.829063
107	29	295	-110.852715
108	29	296	-106.978859
109	29	14	-103.323654
110	29	3	-100.878281
111	29	12	-104.411407
112	29	12	-103.913979
113	29	16	-95.509773
114	29	241	-91.830704
115	29	193	-82.587715
116	29	186	-72.14389
117	29	194	-62.857952
118	29	193	-53.538548
119	29	195	-50.105198
120	29	193	-50
121	29	194	-49.542187
122	29	95	-32.705425
123	29	181	-8.367707
124	29	171	9.330936
125	29	193	16.327785
126	29	186	5.080664
127	29	194	-0.664696
128	29	184	0
0	30	195	0
1	30	193	1.36374
2	30	225	5.956372
3	30	237	-9.443899
4	30	244	-22.948812
5	30	297	-27.157288
6	30	243	-22.482788
7	30	298	-21.238867
8	30	237	-25.16404
9	30	35	-24.480001
10	30	238	-13.648375
11	30	186	-2.326925
12	30	195	0
13	30	184	0
14	30	95	0
15	30	171	0
16	30	193	32.822395
17	30	263	87.049835
18	30	35	138.270187
19	30	238	157.741058
20	30	184	172.137772
21	30	193	196.308884
22	30	186	196.886307
23	30	193	131.103653
24	30	299	75.033623
25	30	300	74.152237
26	30	123	135.227341
27	30	106	215.312347
28	30	262	247.349976
29	30	43	230.515869
30	30	199	213.583405
31	30	233	175.937561
32	30	213	167.55159
33	30	2	161.09671
34	30	15	153.720734
35	30	9	149.770844
36	30	148	151.445038
37	30	30	157.904022
38	30	116	163.10733
39	30	148	164.913254
40	30	30	171.273621
41	30	30	183.268738
42	30	279	224.386703
43	30	133	208.816635
44	30	105	164.079727
45	30	155	145.134598
46	30	139	170.587692
47	30	140	158.808502
48	30	105	140.840683
49	30	105	136.208115
50	30	105	142.391937
51	30	105	153.807159
52	30	106	130.011032
53	30	5	52.01252
54	30	10	5.208511
55	30	10	0
56	30	10	0
57	30	120	0
58	30	119	0
59	30	11	0
60	30	5	0
61	30	6	0
62	30	1	0
63	30	2	0
64	30	2	0
65	30	2	0
66	30	2	0
67	30	18	0
68	30	5	0
69	30	123	0
70	30	105	0
71	30	208	0
72	30	150	0
73	30	105	0
74	30	105	0
75	30	105	-0.003735
76	30	151	-0.019723
77	30	116	-0.05158
78	30	11	-0.104099
79	30	11	-0.166654
80	30	10	-0.272188
81	30	13	-0.526686
82	30	82	-1.637242
83	30	126	-5.470832
84	30	83	-8.933588
85	30	9	-12.036439
86	30	13	-13.469334
87	30	14	-11.183578
88	30	15	-5.506426
89	30	0	-2.93893
90	30	1	-3.278397
91	30	2	-2.719297
92	30	80	-2.475946
93	30	113	-2.313813
94	30	86	-2.076463
95	30	12	-3.108694
96	30	4	-13.979929
97	30	13	-46.365108
98	30	7	-62.889973
99	30	294	-72.365601
100	30	301	-77.776459
101	30	302	-83.76474
102	30	303	-89.865852
103	30	304	-96.991989
104	30	305	-105.041634
105	30	306	-109.185654
106	30	307	-109.833229
107	30	308	-109.347633
108	30	309	-108.513947
109	30	6	-107.615288
110	30	16	-112.773888
111	30	12	-117.798347
112	30	16	-118.086906
113	30	241	-114.941292
114	30	195	-105.184486
115	30	186	-91.757813
116	30	195	-80.226273
117	30	193	-69.902298
118	30	186	-59.253384
119	30	194	-50.877357
120	30	184	-50
121	30	184	-48.932556
122	30	195	-33.440449
123	30	186	-15.846714
124	30	195	-1.023345
125	30	184	7.925117
126	30	193	0.67118
127	30	194	0
128	30	184	0
0	31	225	0
1	31	237	2.956887
2	31	244	-1.712847
3	31	245	-14.355395
4	31	195	-30.114981
5	31	242	-37.315933
6	31	243	-32.117901
7	31	244	-30.428232
8	31	243	-28.621723
9	31	298	-23.008898
10	31	226	-10.013455
11	31	184	0
12	31	193	0
13	31	195	0
14	31	193	0
15	31	225	3.362359
16	31	237	41.757744
17	31	244	103.323318
18	31	245	148.476364
19	31	186	172.367599
20	31	194	182.525955
21	31	186	211.702805
22	31	215	224.611526
23	31	310	163.064957
24	31	311	113.126297
25	31	268	105.752907
26	31	140	140.524811
27	31	151	207.081589
28	31	31	230.570572
29	31	18	227.731766
30	31	17	208.490479
31	31	18	170.780518
32	31	5	159.456833
33	31	17	155.268967
34	31	15	149.594727
35	31	8	144.192657
36	31	8	144.705658
37	31	9	150.188324
38	31	5	161.393402
39	31	10	172.256866
40	31	5	169.082809
41	31	148	171.318817
42	31	30	180.202057
43	31	30	222.486221
44	31	207	198.19252
45	31	199	177.450195
46	31	148	175.315292
47	31	279	159.189667
48	31	139	148.331451
49	31	279	155.713379
50	31	35	173.288956
51	31	133	174.552383
52	31	105	115.106941
53	31	106	43.564911
54	31	5	3.06099
55	31	5	0
56	31	11	0
57	31	11	0
58	31	11	0
59	31	123	0
60	31	179	0
61	31	240	0
62	31	106	0
63	31	10	0
64	31	10	0
65	31	13	0
66	31	9	0
67	31	123	0
68	31	155	0
69	31	139	0
70	31	232	0
71	31	130	0
72	31	30	0
73	31	30	0
74	31	30	-0.004986
75	31	116	-0.255574
76	31	5	-0.205912
77	31	11	-0.000958
78	31	11	-0.002202
79	31	10	-0.002263
80	31	6	-0.000585
81	31	85	0
82	31	102	-0.003169
83	31	65	0
84	31	4	0
85	31	17	0
86	31	18	0
87	31	6	0
88	31	1	0
89	31	18	-0.01976
90	31	13	-0.24815
91	31	0	-0.497609
92	31	19	-0.473276
93	31	1	-0.253777
94	31	2	-0.248347
95	31	18	-1.257956
96	31	6	-5.938675
97	31	12	-33.640877
98	31	312	-52.497162
99	31	313	-63.32341
100	31	314	-71.471992
101	31	315	-78.689613
102	31	291	-86.336807
103	31	316	-94.756874
104	31	317	-102.490051
105	31	318	-107.159241
106	31	319	-109.811928
107	31	320	-111.915001
108	31	0	-113.463959
109	31	12	-115.895752
110	31	16	-118.146339
111	31	12	-126.81118
112	31	241	-134.122986
113	31	193	-131.723114
114	31	194	-117.43412
115	31	193	-103.660591
116	31	193	-91.720848
117	31	186	-77.340492
118	31	195	-62.034161
119	31	184	-51.708614
120	31	195	-47.797489
121	31	184	-43.422318
122	31	184	-32.816143
123	31	186	-19.416002
124	31	193	-6.818082
125	31	194	2.25867
126	31	195	0.46744
127	31	193	0
128	31	263	0
0	32	35	0
1	32	298	-0.033556
2	32	236	-8.440517
3	32	226	-22.359802
4	32	193	-37.219887
5	32	242	-43.260452
6	32	245	-40.831032
7	32	263	-34.901375
8	32	35	-28.85391
9	32	298	-20.703165
10	32	226	-8.368098
11	32	195	1.803707
12	32	194	3.890024
13	32	193	6.460858
14	32	242	7.934575
15	32	243	20.160534
16	32	238	58.420975
17	32	195	114.665901
18	32	195	152.938004
19	32	321	171.017334
20	32	322	182.846588
21	32	323	216.619949
22	32	324	219.438995
23	32	325	174.622787
24	32	7	142.948029
25	32	49	134.310196
26	32	267	149.792236
27	32	9	184.777512
28	32	5	216.739777
29	32	5	217.379898
30	32	11	183.040878
31	32	10	165.909241
32	32	13	156.469467
33	32	0	152.191971
34	32	19	147.147644
35	32	16	143.496475
36	32	7	143.822906
37	32	9	147.22345
38	32	326	152.610092
39	32	327	159.314972
40	32	328	165.199677
41	32	11	165.4021
42	32	11	171.45668
43	32	329	216.254791
44	32	330	221.851181
45	32	5	207.018967
46	32	148	190.235626
47	32	116	164.984604
48	32	148	158.687683
49	32	30	173.142426
50	32	30	189.047119
51	32	279	154.625687
52	32	129	80.486702
53	32	104	26.683878
54	32	105	0
55	32	106	0
56	32	123	0
57	32	105	0
58	32	155	0
59	32	35	0
60	32	35	0
61	32	133	0
62	32	106	0
63	32	11	0
64	32	262	0
65	32	240	0
66	32	208	0
67	32	50	0
68	32	199	0
69	32	114	0
70	32	63	0
71	32	10	-0.038529
72	32	10	-0.092038
73	32	10	-1.481535
74	32	11	-4.955501
75	32	10	-6.634437
76	32	10	-5.042059
77	32	11	-1.49835
78	32	5	0
79	32	17	0
80	32	2	0
81	32	118	0
82	32	198	0
83	32	7	0
84	32	82	0
85	32	126	0
86	32	255	0
87	32	4	0
88	32	10	0
89	32	17	-0.002559
90	32	3	-0.053991
91	32	19	-0.288138
92	32	4	-0.730617
93	32	11	-1.4476
94	32	10	-3.005288
95	32	17	-5.881275
96	32	331	-12.890794
97	32	332	-30.38464
98	32	318	-45.924736
99	32	2	-58.423901
100	32	333	-67.428154
101	32	334	-75.69104
102	32	335	-83.954529
103	32	336	-94.34845
104	32	337	-103.629967
105	32	14	-109.713722
106	32	3	-113.7966
107	32	19	-117.969032
108	32	170	-119.794106
109	32	159	-117.159813
110	32	12	-123.402161
111	32	167	-135.464172
112	32	185	-143.092255
113	32	193	-142.960648
114	32	193	-131.69371
115	32	194	-118.662979
116	32	195	-106.810989
117	32	195	-86.043488
118	32	195	-56.71244
119	32	195	-47.187183
120	32	184	-47.11134
121	32	194	-44.492496
122	32	186	-34.234623
123	32	184	-20.248343
124	32	193	-8.726367
125	32	195	-0.133671
126	32	195	0
127	32	263	0
128	32	35	0
0	33	35	0
1	33	244	-3.938458
2	33	235	-18.643805
3	33	226	-35.040951
4	33	194	-46.903828
5	33	186	-50.558228
6	33	242	-45.431511
7	33	243	-33.275024
8	33	35	-23.497112
9	33	298	-11.824141
10	33	226	3.748931
11	33	184	9.853897
12	33	195	14.947277
13	33	225	24.690744
14	33	338	33.16679
15	33	245	45.176262
16	33	186	77.704422
17	33	193	112.994293
18	33	339	145.472336
19	33	340	161.010208
20	33	341	170.127609
21	33	342	195.942886
22	33	343	201.106384
23	33	170	173.839218
24	33	159	155.784164
25	33	170	149.720764
26	33	229	156.74826
27	33	9	186.184982
28	33	326	215.437714
29	33	344	214.119522
30	33	8	181.781647
31	33	0	160.987808
32	33	170	153.459229
33	33	159	149.266617
34	33	12	145.436172
35	33	1	143.189407
36	33	18	143.187531
37	33	345	144.967987
38	33	346	146.582153
39	33	300	148.489227
40	33	326	158.388824
41	33	327	161.995361
42	33	347	166.077057
43	33	311	171.375336
44	33	9	178.174942
45	33	125	215.23912
46	33	112	204.738144
47	33	5	174.282837
48	33	10	170.335983
49	33	13	183.646072
50	33	132	187.813278
51	33	36	116.977226
52	33	201	50.041985
53	33	279	8.623225
54	33	133	-5.106088
55	33	155	-4.550031
56	33	139	-1.172306
57	33	279	0
58	33	139	0
59	33	30	0
60	33	279	-0.108725
61	33	133	-3.153213
62	33	105	-10.234122
63	33	151	-14.275026
64	33	30	-9.020705
65	33	232	0
66	33	56	0
67	33	249	0
68	33	141	-0.041741
69	33	119	-4.562458
70	33	11	-13.426579
71	33	5	-12.534472
72	33	5	-14.985924
73	33	10	-17.765663
74	33	13	-20.678867
75	33	9	-20.692122
76	33	5	-17.900284
77	33	5	-9.96146
78	33	11	-3.120421
79	33	10	-3.396837
80	33	10	-0.3351
81	33	17	0
82	33	3	0
83	33	85	0
84	33	102	0
85	33	91	0
86	33	18	0
87	33	13	0
88	33	8	0
89	33	14	-0.000412
90	33	2	-0.034411
91	33	18	-0.336213
92	33	11	-1.301502
93	33	11	-3.70312
94	33	11	-8.051139
95	33	348	-14.274685
96	33	302	-21.486347
97	33	349	-30.587341
98	33	350	-42.086296
99	33	351	-53.00552
100	33	352	-64.824989
101	33	353	-72.328476
102	33	354	-81.798325
103	33	355	-95.973541
104	33	4	-107.865868
105	33	157	-117.478691
106	33	159	-123.799583
107	33	167	-124.902245
108	33	168	-123.807793
109	33	19	-125.81176
110	33	16	-132.536575
111	33	241	-143.314346
112	33	195	-152.884445
113	33	186	-152.891663
114	33	184	-142.141342
115	33	186	-130.488251
116	33	194	-114.859627
117	33	193	-84.618401
118	33	193	-44.056423
119	33	194	-49.12545
120	33	195	-49.395645
121	33	186	-45.314243
122	33	194	-35.330952
123	33	194	-18.958944
124	33	184	-3.496235
125	33	195	3.079807
126	33	263	0
127	33	35	0
128	33	35	0
0	34	238	0
1	34	242	-13.192865
2	34	245	-27.726318
3	34	186	-46.607498
4	34	193	-56.439827
5	34	356	-56.817707
6	34	357	-47.764149
7	34	358	-28.789482
8	34	35	-11.324012
9	34	238	3.056331
10	34	184	14.065661
11	34	186	26.838087
12	34	263	42.782722
13	34	238	52.019901
14	34	195	62.841396
15	34	184	76.227325
16	34	186	93.279442
17	34	95	110.281731
18	34	359	131.866882
19	34	360	131.025864
20	34	361	133.517502
21	34	2	150.272858
22	34	66	171.563263
23	34	227	173.953918
24	34	172	171.488937
25	34	168	171.085144
26	34	362	174.066223
27	34	363	186.204224
28	34	364	222.561646
29	34	3	224.229416
30	34	170	185.279541
31	34	171	159.693649
32	34	95	150.832947
33	34	181	146.317459
34	34	229	143.061172
35	34	9	141.763458
36	34	13	142.049271
37	34	365	143.447464
38	34	366	145.333069
39	34	363	150.417511
40	34	367	155.424545
41	34	368	159.470825
42	34	369	160.328186
43	34	15	161.478317
44	34	212	173.568939
45	34	205	202.557404
46	34	112	198.801453
47	34	13	179.113968
48	34	0	178.666061
49	34	130	196.764999
50	34	30	189.062317
51	34	140	115.373253
52	34	155	43.820816
53	34	139	-0.108006
54	34	279	-23.75544
55	34	133	-23.216595
56	34	208	-15.495259
57	34	199	-4.884593
58	34	10	0
59	34	148	-10.489816
60	34	279	-15.839361
61	34	139	-23.444483
62	34	116	-28.299013
63	34	13	-27.536482
64	34	14	-25.324966
65	34	206	-17.657139
66	34	79	-0.838205
67	34	81	-3.446188
68	34	9	-22.281553
69	34	10	-37.61554
70	34	13	-45.328514
71	34	9	-55.501884
72	34	10	-53.624489
73	34	17	-48.400848
74	34	18	-43.238815
75	34	10	-40.13118
76	34	5	-38.369804
77	34	10	-36.512417
78	34	5	-33.034878
79	34	5	-30.27779
80	34	5	-20.335112
81	34	17	-8.924707
82	34	2	-1.616891
83	34	80	0
84	34	81	0
85	34	9	0
86	34	114	0
87	34	69	0
88	34	249	0
89	34	83	0
90	34	9	-0.007372
91	34	5	-0.159167
92	34	10	-1.121245
93	34	5	-4.812348
94	34	370	-10.879965
95	34	371	-16.845751
96	34	372	-21.999008
97	34	304	-27.603865
98	34	373	-34.156765
99	34	374	-42.800999
100	34	296	-57.310093
101	34	9	-73.397461
102	34	6	-88.706398
103	34	7	-105.796356
104	34	375	-120.214798
105	34	95	-130.789017
106	34	181	-136.342468
107	34	159	-136.918106
108	34	19	-136.184235
109	34	16	-138.234802
110	34	241	-143.726242
111	34	225	-151.417542
112	34	236	-159.580261
113	34	236	-163.389267
114	34	236	-154.400177
115	34	226	-143.292374
116	34	195	-121.840439
117	34	184	-87.894798
118	34	194	-68.407669
119	34	186	-61.621113
120	34	186	-58.482555
121	34	194	-48.679115
122	34	193	-27.52986
123	34	184	-13.543386
124	34	184	-1.633202
125	34	242	2.442365
126	34	243	0
127	34	244	0
128	34	245	0
0	35	184	0
1	35	195	-18.542828
2	35	195	-41.096996
3	35	193	-56.239159
4	35	376	-60.337223
5	35	377	-57.318829
6	35	378	-45.747993
7	35	243	-23.349922
8	35	298	-1.132079
9	35	236	10.990645
10	35	236	26.103251
11	35	237	47.740265
12	35	298	65.254601
13	35	226	75.36454
14	35	186	83.484344
15	35	195	96.865356
16	35	194	106.218437
17	35	285	112.713364
18	35	379	120.737648
19	35	247	122.341606
20	35	9	127.336716
21	35	6	138.923798
22	35	167	153.439438
23	35	227	166.887634
24	35	159	179.411957
25	35	380	178.196381
26	35	346	177.243484
27	35	300	194.650085
28	35	6	234.073181
29	35	241	235.747833
30	35	184	186.943527
31	35	215	158.77301
32	35	381	147.57811
33	35	382	142.397018
34	35	15	140.383728
35	35	383	140.00238
36	35	384	140.765106
37	35	385	142.594009
38	35	386	146.316925
39	35	387	151.060989
40	35	365	250
41	35	388	250
42	35	0	159.643433
43	35	16	159.652206
44	35	146	165.563889
45	35	119	168.338043
46	35	17	176.036652
47	35	389	176.545471
48	35	390	178.68718
49	35	11	202.921432
50	35	148	191.191666
51	35	30	116.579865
52	35	116	45.223045
53	35	148	-2.046082
54	35	279	-30.002275
55	35	200	-40.010906
56	35	18	-36.703747
57	35	10	-20.924824
58	35	5	-12.271434
59	35	154	-20.548954
60	35	133	-35.285633
61	35	106	-48.268394
62	35	17	-57.786713
63	35	391	-60.255585
64	35	134	-54.317051
65	35	65	-41.729183
66	35	16	-29.575911
67	35	7	-39.876793
68	35	9	-62.448402
69	35	17	-71.057137
70	35	18	-79.98613
71	35	10	-84.679001
72	35	13	-83.87117
73	35	9	-76.610619
74	35	5	-69.840302
75	35	11	-64.466293
76	35	10	-66.552711
77	35	10	-71.976463
78	35	10	-62.866222
79	35	125	-54.027607
80	35	112	-47.044235
81	35	10	-37.527477
82	35	17	-23.36372
83	35	128	-1.833816
84	35	152	0
85	35	153	0
86	35	135	0
87	35	79	0
88	35	392	0
89	35	18	0
90	35	5	0
91	35	10	0
92	35	13	-0.026738
93	35	393	-3.728667
94	35	304	-8.958797
95	35	394	-13.516319
96	35	395	-17.22238
97	35	316	-19.256132
98	35	396	-20.690598
99	35	397	-33.171467
100	35	15	-57.950603
101	35	0	-82.46106
102	35	12	-104.652153
103	35	167	-122.202705
104	35	185	-135.643661
105	35	215	-144.958374
106	35	168	-149.876099
107	35	12	-151.452271
108	35	42	-151.453018
109	35	216	-152.578003
110	35	237	-155.980042
111	35	244	-160.837463
112	35	297	-165.997314
113	35	243	-167.724197
114	35	298	-159.734848
115	35	236	-149.047668
116	35	226	-134.028015
117	35	194	-110.935471
118	35	195	-87.090012
119	35	194	-76.08783
120	35	186	-69.062096
121	35	193	-61.213257
122	35	193	-38.256187
123	35	193	-7.151908
124	35	195	-0.835796
125	35	263	0
126	35	298	0
127	35	226	0
128	35	193	0
0	36	195	0
1	36	193	-25.60811
2	36	184	-46.258411
3	36	378	-56.443302
4	36	378	-57.095711
5	36	378	-51.203346
6	36	242	-38.655441
7	36	243	-17.269125
8	36	35	3.552379
9	36	35	18.213476
10	36	35	35.926254
11	36	244	58.561127
12	36	245	76.369789
13	36	195	82.464447
14	36	195	88.969971
15	36	184	102.074524
16	36	195	109.409142
17	36	276	114.514275
18	36	398	120.479652
19	36	4	126.276009
20	36	17	130.461914
21	36	2	138.348114
22	36	66	147.663528
23	36	323	159.836823
24	36	384	166.832016
25	36	399	166.467224
26	36	400	170.938232
27	36	401	202.070465
28	36	66	230.828903
29	36	218	231.811584
30	36	254	187.66153
31	36	18	158.949646
32	36	10	145.043976
33	36	329	140.460373
34	36	402	138.822525
35	36	403	138.826614
36	36	404	139.782791
37	36	386	141.746765
38	36	364	146.554596
39	36	15	152.026062
40	36	383	250
41	36	324	250
42	36	324	159.722488
43	36	405	159.17038
44	36	344	160.651733
45	36	9	162.90657
46	36	406	167.001221
47	36	407	171.642853
48	36	408	174.780182
49	36	409	185.227707
50	36	328	163.855499
51	36	5	100.382164
52	36	5	40.083965
53	36	154	1.613907
54	36	133	-23.180525
55	36	106	-36.824825
56	36	10	-44.263256
57	36	123	-35.422791
58	36	151	-29.83123
59	36	279	-35.950298
60	36	165	-49.757999
61	36	11	-66.379814
62	36	121	-79.640099
63	36	135	-85.081924
64	36	92	-83.554436
65	36	57	-79.68898
66	36	16	-80.923157
67	36	4	-85.021599
68	36	13	-93.57048
69	36	9	-99.547432
70	36	10	-102.476456
71	36	17	-104.302025
72	36	18	-100.488976
73	36	5	-92.949448
74	36	5	-86.171707
75	36	5	-82.35862
76	36	11	-81.489464
77	36	5	-81.57695
78	36	120	-76.923134
79	36	119	-69.569397
80	36	5	-62.314362
81	36	125	-52.217983
82	36	134	-40.455193
83	36	91	-25.251516
84	36	206	-7.647516
85	36	103	-2.275334
86	36	65	-0.760145
87	36	7	-0.022008
88	36	9	0
89	36	10	0
90	36	5	0
91	36	17	0
92	36	410	-0.035142
93	36	291	-1.570257
94	36	316	-5.478206
95	36	396	-8.325698
96	36	411	-9.506855
97	36	9	-8.252205
98	36	13	-13.486976
99	36	0	-39.012596
100	36	1	-72.321907
101	36	2	-102.662102
102	36	2	-124.78019
103	36	66	-139.588913
104	36	168	-149.544235
105	36	19	-155.026779
106	36	42	-159.240265
107	36	34	-162.231064
108	36	244	-164.699158
109	36	297	-165.56485
110	36	245	-167.352066
111	36	195	-169.947586
112	36	242	-172.507202
113	36	297	-171.701111
114	36	243	-159.288391
115	36	298	-146.659531
116	36	236	-141.001358
117	36	226	-122.760025
118	36	194	-101.786133
119	36	186	-87.759003
120	36	193	-82.079865
121	36	195	-74.867699
122	36	186	-46.079941
123	36	193	-8.87277
124	36	263	-0.383133
125	36	244	0
126	36	235	0
127	36	226	0
128	36	194	0
0	37	195	0
1	37	194	-24.789654
2	37	378	-43.334026
3	37	378	-51.560307
4	37	378	-49.41
5	37	193	-39.753368
6	37	242	-27.407751
7	37	243	-7.695356
8	37	244	10.584192
9	37	297	22.269543
10	37	245	39.354111
11	37	195	60.120956
12	37	186	75.630203
13	37	193	84.803146
14	37	215	92.773331
15	37	218	101.268181
16	37	412	104.09449
17	37	368	109.788635
18	37	330	117.340355
19	37	11	128.685471
20	37	10	139.830627
21	37	17	145.369888
22	37	413	148.731384
23	37	414	152.211807
24	37	2	157.674408
25	37	413	160.548569
26	37	415	174.079315
27	37	17	194.880417
28	37	2	209.809418
29	37	416	207.855377
30	37	327	180.919495
31	37	327	162.256714
32	37	347	147.355988
33	37	417	141.648361
34	37	418	139.330734
35	37	380	139.235428
36	37	419	140.138062
37	37	415	141.977325
38	37	17	145.668549
39	37	413	153.791031
40	37	420	250
41	37	421	250
42	37	422	159.46344
43	37	423	158.5728
44	37	405	159.204422
45	37	424	162.730591
46	37	425	165.189072
47	37	426	172.205368
48	37	427	174.164719
49	37	300	174.932785
50	37	5	139.416122
51	37	11	75.833374
52	37	148	27.929131
53	37	279	0.235523
54	37	165	-13.901485
55	37	10	-25.025593
56	37	148	-37.461552
57	37	140	-36.501499
58	37	208	-37.2323
59	37	199	-40.662338
60	37	11	-58.010479
61	37	143	-77.473564
62	37	102	-94.198425
63	37	79	-101.883949
64	37	86	-104.811424
65	37	19	-107.133774
66	37	7	-110.657333
67	37	14	-115.501953
68	37	15	-116.63887
69	37	9	-115.863968
70	37	10	-112.944565
71	37	5	-108.298492
72	37	5	-102.980064
73	37	5	-97.090813
74	37	5	-91.48465
75	37	10	-85.454674
76	37	10	-81.12355
77	37	5	-78.648048
78	37	5	-75.356987
79	37	11	-70.797882
80	37	120	-66.42115
81	37	100	-59.688118
82	37	119	-52.154228
83	37	143	-42.848957
84	37	113	-27.868719
85	37	86	-15.97146
86	37	1	-7.017882
87	37	18	-1.466688
88	37	10	-0.002854
89	37	5	0
90	37	5	0
91	37	307	0
92	37	428	0
93	37	349	-0.202224
94	37	350	-2.003927
95	37	429	-3.460299
96	37	430	-3.061723
97	37	431	-2.026093
98	37	432	-15.717559
99	37	7	-52.626099
100	37	9	-94.343559
101	37	5	-123.917534
102	37	6	-141.902405
103	37	19	-151.210495
104	37	19	-155.857437
105	37	38	-158.644638
106	37	39	-163.159454
107	37	433	-169.769318
108	37	218	-173.928772
109	37	185	-175.387222
110	37	194	-176.288025
111	37	195	-177.363251
112	37	193	-178.079483
113	37	242	-176.510269
114	37	297	-164.161194
115	37	243	-150.92038
116	37	298	-143.250214
117	37	236	-128.475677
118	37	236	-109.304588
119	37	226	-101.123375
120	37	193	-96.826591
121	37	225	-82.747704
122	37	236	-48.732307
123	37	237	-22.60894
124	37	238	-5.834806
125	37	242	-0.023407
126	37	245	0
127	37	195	0
128	37	184	0
0	38	184	0
1	38	378	-13.634046
2	38	378	-33.701637
3	38	378	-44.60059
4	38	194	-41.716171
5	38	195	-29.765858
6	38	263	-13.5345
7	38	238	2.426727
8	38	194	14.471164
9	38	186	24.554394
10	38	184	39.161236
11	38	194	58.646038
12	38	195	75.08358
13	38	95	84.05439
14	38	96	93.433495
15	38	18	98.367401
16	38	434	99.215408
17	38	435	101.328072
18	38	13	110.095703
19	38	9	122.285454
20	38	5	141.843628
21	38	10	154.203217
22	38	13	154.554031
23	38	8	154.270752
24	38	8	154.371429
25	38	9	156.809372
26	38	11	163.380219
27	38	11	174.859818
28	38	345	177.468307
29	38	346	170.132858
30	38	342	166.54921
31	38	343	157.729507
32	38	76	150.479034
33	38	61	145.462158
34	38	18	142.857422
35	38	10	142.540619
36	38	10	143.614059
37	38	11	144.578049
38	38	10	146.469635
39	38	436	154.326721
40	38	437	250
41	38	438	250
42	38	439	159.46344
43	38	342	158.5728
44	38	440	159.168823
45	38	441	161.25705
46	38	414	170.599854
47	38	413	175.255386
48	38	415	189.414978
49	38	5	182.631042
50	38	13	148.545578
51	38	104	87.500793
52	38	208	27.959482
53	38	267	4.019257
54	38	104	-10.114685
55	38	105	-18.361897
56	38	151	-25.417576
57	38	232	-27.831541
58	38	4	-30.20051
59	38	125	-33.645683
60	38	145	-55.87569
61	38	71	-79.212196
62	38	86	-95.444244
63	38	1	-107.058762
64	38	3	-114.91713
65	38	12	-120.954971
66	38	7	-126.467613
67	38	14	-130.457413
68	38	18	-128.050095
69	38	10	-120.365074
70	38	5	-108.42025
71	38	5	-96.706963
72	38	11	-88.776009
73	38	5	-88.062035
74	38	10	-81.62661
75	38	11	-74.407883
76	38	5	-68.793076
77	38	125	-64.392532
78	38	126	-58.190811
79	38	112	-57.951019
80	38	10	-58.748878
81	38	13	-60.314396
82	38	84	-60.432449
83	38	57	-56.338238
84	38	19	-47.015789
85	38	4	-33.216618
86	38	11	-18.472759
87	38	5	-5.130683
88	38	13	-0.248153
89	38	9	0
90	38	295	0
91	38	442	0
92	38	372	0
93	38	443	0
94	38	444	0
95	38	445	-0.080086
96	38	446	-0.00668
97	38	447	-1.456466
98	38	2	-18.589859
99	38	15	-73.509743
100	38	9	-113.541161
101	38	6	-137.823898
102	38	42	-150.573135
103	38	33	-156.068527
104	38	43	-156.744385
105	38	44	-158.449631
106	38	170	-166.184189
107	38	159	-174.709869
108	38	448	-179.805359
109	38	449	-181.246597
110	38	186	-181.815933
111	38	195	-182.09906
112	38	195	-181.952164
113	38	193	-180.614319
114	38	242	-171.187592
115	38	297	-159.315903
116	38	297	-150.457947
117	38	243	-136.646362
118	38	298	-121.929527
119	38	236	-116.74189
120	38	237	-109.934563
121	38	35	-85.679062
122	38	35	-51.083427
123	38	298	-25.948109
124	38	226	-9.436154
125	38	186	-0.449303
126	38	450	0
127	38	451	0
128	38	452	0
0	39	453	0
1	39	378	-7.705096
2	39	378	-24.317032
3	39	195	-36.698696
4	39	184	-34.081959
5	39	242	-21.655582
6	39	235	-5.522234
7	39	226	7.386336
8	39	193	17.174326
9	39	195	29.030436
10	39	186	42.105972
11	39	195	59.018753
12	39	194	76.003784
13	39	182	87.226875
14	39	183	92.361382
15	39	75	95.074333
16	39	7	91.461563
17	39	0	98.698647
18	39	7	105.048782
19	39	9	108.039291
20	39	13	126.453201
21	39	158	168.239136
22	39	181	172.180832
23	39	159	157.457764
24	39	7	153.645615
25	39	9	152.718109
26	39	10	156.776382
27	39	5	161.541168
28	39	345	160.930496
29	39	414	155.359879
30	39	53	155.046143
31	39	172	155.92392
32	39	67	154.654434
33	39	87	151.537521
34	39	9	148.806305
35	39	13	151.805664
36	39	8	152.831757
37	39	9	151.370163
38	39	454	153.60614
39	39	455	157.417496
40	39	456	250
41	39	457	250
42	39	414	159.46344
43	39	413	158.5728
44	39	366	159.136765
45	39	328	160.567261
46	39	10	175.724579
47	39	13	180.966675
48	39	8	210.162003
49	39	458	201.940506
50	39	34	175.513138
51	39	36	117.085182
52	39	33	55.456535
53	39	34	14.023067
54	39	139	-1.427872
55	39	116	-10.351006
56	39	6	-14.587646
57	39	7	-6.00226
58	39	153	-14.440585
59	39	79	-20.687963
60	39	86	-34.934212
61	39	19	-61.337021
62	39	7	-80.520859
63	39	0	-98.055145
64	39	1	-113.258224
65	39	3	-123.917213
66	39	4	-130.831924
67	39	10	-133.355042
68	39	11	-128.223969
69	39	11	-112.202484
70	39	11	-94.267159
71	39	5	-77.688866
72	39	10	-64.744362
73	39	10	-57.915539
74	39	5	-58.634346
75	39	5	-49.964031
76	39	121	-46.897682
77	39	109	-42.57296
78	39	119	-26.083549
79	39	10	-29.799967
80	39	17	-41.46294
81	39	206	-53.601982
82	39	92	-60.454971
83	39	459	-62.276951
84	39	18	-60.08313
85	39	5	-48.274784
86	39	5	-29.600672
87	39	17	-9.838576
88	39	18	-0.640718
89	39	460	0
90	39	443	0
91	39	444	0
92	39	461	0
93	39	462	0
94	39	316	0
95	39	17	0
96	39	18	-0.025751
97	39	5	-2.393232
98	39	17	-35.457088
99	39	15	-87.859871
100	39	458	-122.755722
101	39	34	-142.339767
102	39	39	-153.740112
103	39	44	-157.436722
104	39	170	-155.729507
105	39	172	-157.852234
106	39	168	-167.851089
107	39	404	-178.676208
108	39	463	-182.274826
109	39	464	-183.856628
110	39	185	-184.417664
111	39	193	-184.440353
112	39	193	-184.053894
113	39	276	-182.677383
114	39	449	-175.906601
115	39	184	-168.321945
116	39	242	-157.595917
117	39	243	-145.849792
118	39	39	-136.36911
119	39	50	-130.439499
120	39	252	-115.455505
121	39	297	-85.428215
122	39	297	-47.456562
123	39	235	-22.842213
124	39	226	-7.66345
125	39	377	-0.565496
126	39	452	0
127	39	452	0
128	39	452	0
0	40	453	0
1	40	378	-7.952323
2	40	195	-20.728579
3	40	194	-29.750212
4	40	225	-25.435455
5	40	338	-13.183329
6	40	245	3.233649
7	40	184	13.40696
8	40	215	23.264894
9	40	185	38.784775
10	40	194	53.699574
11	40	193	67.903831
12	40	193	79.700226
13	40	186	86.297081
14	40	95	91.01683
15	40	159	91.086433
16	40	170	91.553261
17	40	181	93.901443
18	40	465	92.062523
19	40	75	86.349243
20	40	241	102.668228
21	40	193	154.970398
22	40	239	167.695831
23	40	2	153.454376
24	40	15	149.596725
25	40	9	150.145386
26	40	11	152.497711
27	40	10	157.021286
28	40	5	157.925003
29	40	88	155.167633
30	40	89	155.387726
31	40	172	160.674942
32	40	227	163.821335
33	40	54	161.537643
34	40	17	156.858109
35	40	2	158.113739
36	40	18	159.117966
37	40	466	250
38	40	467	250
39	40	468	250
40	40	5	250
41	40	5	250
42	40	13	159.46344
43	40	385	158.558105
44	40	300	158.837677
45	40	469	159.360733
46	40	470	159.957993
47	40	19	156.610092
48	40	38	176.658554
49	40	35	179.695251
50	40	139	172.121552
51	40	30	142.524612
52	40	30	92.299339
53	40	131	42.700134
54	40	8	13.793459
55	40	0	-2.147831
56	40	12	-6.981907
57	40	64	11.650465
58	40	92	24.708839
59	40	459	-2.409493
60	40	2	-20.704273
61	40	2	-35.07375
62	40	3	-54.568348
63	40	4	-84.615753
64	40	17	-105.143494
65	40	18	-119.58783
66	40	11	-128.070663
67	40	5	-129.317169
68	40	10	-120.506538
69	40	10	-100.508713
70	40	10	-83.627518
71	40	5	-66.589943
72	40	5	-49.572868
73	40	5	-42.660824
74	40	11	-38.794514
75	40	120	-32.032887
76	40	119	-26.792488
77	40	10	-18.401167
78	40	11	-0.004956
79	40	13	-1.945223
80	40	212	-16.189148
81	40	102	-35.887321
82	40	248	-52.274227
83	40	8	-62.219303
84	40	9	-64.473854
85	40	5	-59.176498
86	40	5	-39.461567
87	40	11	-15.414515
88	40	471	-1.13889
89	40	472	-0.0034
90	40	473	0
91	40	474	0
92	40	475	0
93	40	476	0
94	40	10	0
95	40	13	0
96	40	9	-0.170741
97	40	11	-8.114422
98	40	6	-46.63353
99	40	38	-91.271675
100	40	139	-122.979416
101	40	232	-142.254852
102	40	170	-154.113434
103	40	171	-158.861374
104	40	95	-157.533142
105	40	159	-158.6035
106	40	477	-167.888916
107	40	478	-178.487717
108	40	479	-182.759018
109	40	241	-184.209244
110	40	276	-184.647308
111	40	480	-184.651123
112	40	360	-184.424957
113	40	379	-183.545807
114	40	193	-178.208389
115	40	184	-171.813324
116	40	242	-165.452988
117	40	250	-158.277298
118	40	159	-149.980835
119	40	241	-139.396667
120	40	186	-117.265388
121	40	184	-81.26815
122	40	263	-38.255276
123	40	298	-12.425466
124	40	230	-2.682969
125	40	452	-0.080951
126	40	452	0
127	40	452	0
128	40	452	0
0	41	453	0
1	41	186	-4.719678
2	41	186	-19.260416
3	41	242	-24.201536
4	41	235	-18.250751
5	41	226	-3.190147
6	41	194	10.094693
7	41	202	20.799068
8	41	241	31.587307
9	41	184	48.413013
10	41	194	65.721581
11	41	195	73.853882
12	41	193	79.672043
13	41	195	85.215286
14	41	481	87.813721
15	41	482	86.203056
16	41	449	83.72715
17	41	215	75.158424
18	41	168	40.398533
19	41	483	36.131794
20	41	484	68.211578
21	41	247	109.502869
22	41	9	128.899017
23	41	6	112.638176
24	41	4	118.035583
25	41	10	131.341141
26	41	5	149.26712
27	41	326	160.412323
28	41	327	168.267426
29	41	485	168.881165
30	41	486	165.389893
31	41	487	171.66655
32	41	488	182.780334
33	41	11	184.903763
34	41	11	164.102097
35	41	10	159.311066
36	41	10	159.118454
37	41	11	250
38	41	5	250
39	41	11	250
40	41	469	250
41	41	470	250
42	41	477	159.46344
43	41	400	157.821121
44	41	489	156.436707
45	41	490	153.435379
46	41	491	149.607803
47	41	52	146.085114
48	41	51	141.025375
49	41	165	140.613464
50	41	10	144.427658
51	41	11	150.691681
52	41	6	124.339729
53	41	19	71.984131
54	41	12	20.503242
55	41	12	-13.95941
56	41	85	-24.274401
57	41	113	-9.775209
58	41	205	12.646661
59	41	83	17.500799
60	41	8	4.254526
61	41	0	-5.628447
62	41	4	-43.951458
63	41	11	-72.053268
64	41	13	-94.608452
65	41	9	-112.980331
66	41	5	-123.362823
67	41	5	-124.015305
68	41	11	-113.898308
69	41	5	-97.23806
70	41	11	-81.301613
71	41	10	-65.157753
72	41	10	-47.013622
73	41	5	-27.158325
74	41	10	-14.582622
75	41	10	-9.938667
76	41	10	-2.845832
77	41	11	0
78	41	114	0
79	41	57	0
80	41	85	-2.13864
81	41	86	-19.503651
82	41	1	-41.901417
83	41	15	-58.073135
84	41	8	-65.376289
85	41	9	-61.911545
86	41	13	-48.662361
87	41	492	-19.208368
88	41	493	-2.699871
89	41	6	-0.044723
90	41	4	0
91	41	11	0
92	41	13	0
93	41	9	0
94	41	17	0
95	41	18	0
96	41	123	-0.479724
97	41	179	-10.992047
98	41	201	-47.893616
99	41	116	-88.21817
100	41	6	-118.804222
101	41	241	-138.998596
102	41	193	-152.311234
103	41	494	-160.078293
104	41	495	-161.779541
105	41	16	-162.875275
106	41	167	-168.691223
107	41	168	-176.827347
108	41	483	-181.060516
109	41	496	-182.569687
110	41	497	-182.874924
111	41	463	-182.942627
112	41	449	-182.984756
113	41	186	-183.002869
114	41	186	-178.838089
115	41	195	-173.339355
116	41	194	-168.931808
117	41	95	-163.247696
118	41	171	-156.015457
119	41	194	-142.502106
120	41	194	-115.028625
121	41	242	-75.664352
122	41	243	-29.988998
123	41	298	-3.774901
124	41	226	-0.131231
125	41	194	0
126	41	193	0
127	41	195	0
128	41	194	0
0	42	184	0
1	42	195	-6.275561
2	42	184	-15.58637
3	42	263	-18.379862
4	42	238	-12.247927
5	42	186	2.6276
6	42	202	14.092078
7	42	167	29.257864
8	42	185	42.145103
9	42	184	52.433769
10	42	194	63.136177
11	42	215	71.38237
12	42	498	77.765648
13	42	237	81.661057
14	42	499	81.928223
15	42	463	77.305191
16	42	486	67.067505
17	42	369	28.226648
18	42	18	15.178474
19	42	97	20.523565
20	42	168	37.035709
21	42	7	59.564831
22	42	14	74.686584
23	42	15	75.829323
24	42	9	85.03157
25	42	5	101.784096
26	42	345	126.708443
27	42	346	159.435883
28	42	500	180.426987
29	42	342	199.243317
30	42	422	193.686203
31	42	501	190.933304
32	42	327	208.38298
33	42	328	207.675385
34	42	10	175.475677
35	42	10	164.620392
36	42	11	159.686157
37	42	11	158.5728
38	42	469	158.5728
39	42	502	158.5728
40	42	503	158.5728
41	42	504	158.375244
42	42	402	157.223938
43	42	505	155.027771
44	42	506	152.232483
45	42	507	147.414063
46	42	16	142.028168
47	42	38	137.219269
48	42	133	136.006821
49	42	106	132.824097
50	42	10	128.812622
51	42	17	126.850273
52	42	2	116.836609
53	42	3	72.728615
54	42	12	0.022807
55	42	12	-31.414318
56	42	19	-37.900867
57	42	85	-37.745667
58	42	86	-23.705219
59	42	12	-5.631298
60	42	1	-0.231487
61	42	18	-10.29616
62	42	5	-29.380362
63	42	17	-56.781586
64	42	18	-84.384163
65	42	11	-107.513153
66	42	5	-120.983902
67	42	5	-122.460762
68	42	11	-111.417648
69	42	5	-99.311989
70	42	5	-86.795135
71	42	11	-73.768265
72	42	11	-59.250221
73	42	5	-40.053905
74	42	5	-11.24649
75	42	11	0
76	42	125	0
77	42	508	0
78	42	72	0
79	42	69	0
80	42	57	0
81	42	4	-7.346904
82	42	6	-35.936363
83	42	1	-56.679909
84	42	18	-65.698097
85	42	6	-64.130707
86	42	509	-46.423862
87	42	472	-23.215454
88	42	374	-3.547418
89	42	309	-0.047053
90	42	13	0
91	42	14	0
92	42	18	0
93	42	13	0
94	42	104	0
95	42	208	0
96	42	115	-0.485877
97	42	131	-9.740339
98	42	9	-42.1763
99	42	17	-80.441368
100	42	73	-111.009567
101	42	510	-132.947311
102	42	511	-147.907532
103	42	295	-158.201828
104	42	432	-163.896774
105	42	12	-166.560898
106	42	1	-169.927353
107	42	18	-174.815018
108	42	512	-177.997742
109	42	360	-178.890793
110	42	513	-179.035645
111	42	514	-179.222565
112	42	449	-179.590973
113	42	194	-180.231476
114	42	184	-177.455582
115	42	194	-167.378174
116	42	194	-159.759384
117	42	194	-154.316101
118	42	195	-148.206573
119	42	194	-137.84584
120	42	186	-111.438339
121	42	242	-69.129066
122	42	243	-21.085371
123	42	298	-1.796009
124	42	226	-0.022633
125	42	193	0
126	42	186	0
127	42	195	0
128	42	193	0
0	43	184	0
1	43	225	-5.036122
2	43	338	-11.017572
3	43	245	-12.119206
4	43	215	-7.317437
5	43	168	4.057235
6	43	12	17.16741
7	43	167	36.389126
8	43	218	51.925735
9	43	218	53.56036
10	43	168	59.929798
11	43	515	67.060974
12	43	243	72.955971
13	43	516	74.908592
14	43	517	66.674286
15	43	419	48.627243
16	43	388	26.057455
17	43	8	7.446087
18	43	14	7.374248
19	43	3	18.600574
20	43	170	24.970392
21	43	465	32.526356
22	43	61	44.822063
23	43	18	53.591827
24	43	10	66.250755
25	43	326	85.089767
26	43	518	122.311493
27	43	419	144.889679
28	43	368	167.294998
29	43	519	199.570358
30	43	421	214.541107
31	43	417	220.906189
32	43	415	214.359573
33	43	10	200.787735
34	43	10	194.001556
35	43	10	174.554672
36	43	11	163.981323
37	43	466	159.228836
38	43	520	159.118454
39	43	437	159.118454
40	43	413	159.040085
41	43	346	157.492111
42	43	521	154.267029
43	43	522	150.902802
44	43	523	147.201523
45	43	2	142.175522
46	43	29	136.472748
47	43	279	131.651901
48	43	133	129.034073
49	43	106	125.225578
50	43	5	120.043991
51	43	11	113.798714
52	43	17	92.405449
53	43	3	44.266624
54	43	1	6.800062
55	43	3	-22.206123
56	43	16	-33.072788
57	43	16	-34.331772
58	43	1	-26.919245
59	43	18	-11.067058
60	43	13	-6.000658
61	43	9	-9.298052
62	43	13	-22.790447
63	43	9	-50.931297
64	43	5	-78.847153
65	43	10	-100.292099
66	43	11	-117.364296
67	43	11	-123.52121
68	43	11	-118.767326
69	43	123	-105.135002
70	43	106	-96.71611
71	43	123	-87.120323
72	43	106	-76.466049
73	43	5	-58.568031
74	43	5	-33.036373
75	43	120	-3.446321
76	43	198	0
77	43	64	0
78	43	135	0
79	43	65	0
80	43	4	0
81	43	17	-8.836422
82	43	18	-33.221046
83	43	11	-57.476185
84	43	17	-66.583527
85	43	373	-63.088692
86	43	280	-47.292023
87	43	524	-21.85202
88	43	476	-4.138101
89	43	6	-0.03209
90	43	4	0
91	43	13	0
92	43	458	0
93	43	34	0
94	43	37	0
95	43	7	0
96	43	0	-0.192781
97	43	4	-5.814184
98	43	13	-31.535252
99	43	525	-67.782326
100	43	462	-99.048088
101	43	526	-122.458153
102	43	475	-139.238953
103	43	397	-151.423401
104	43	2	-159.776871
105	43	15	-164.842606
106	43	9	-167.483643
107	43	434	-170.6306
108	43	527	-172.207642
109	43	185	-172.420074
110	43	285	-172.628448
111	43	379	-173.167633
112	43	184	-174.051193
113	43	193	-175.224396
114	43	193	-171.502075
115	43	194	-160.388336
116	43	276	-148.174652
117	43	449	-142.75383
118	43	186	-141.793381
119	43	195	-132.526184
120	43	184	-108.099152
121	43	242	-61.643253
122	43	243	-10.876016
123	43	238	-0.540846
124	43	186	0
125	43	195	0
126	43	193	0
127	43	184	0
128	43	186	0
0	44	263	0
1	44	298	-2.031742
2	44	236	-6.179308
3	44	528	-6.56281
4	44	159	-2.264883
5	44	42	5.670129
6	44	41	17.159164
7	44	170	34.498699
8	44	159	42.621826
9	44	170	48.923019
10	44	172	54.407772
11	44	529	60.768074
12	44	530	66.679832
13	44	531	61.57122
14	44	344	43.108074
15	44	158	24.945345
16	44	181	15.103024
17	44	465	11.709921
18	44	169	10.688361
19	44	171	20.960348
20	44	184	30.073517
21	44	247	30.837177
22	44	9	37.281853
23	44	326	43.147129
24	44	363	54.95359
25	44	300	78.379082
26	44	5	105.033524
27	44	532	127.887177
28	44	364	137.118805
29	44	2	165.433807
30	44	416	196.971863
31	44	344	214.009521
32	44	533	201.782837
33	44	327	195.775543
34	44	344	195.775665
35	44	8	188.045349
36	44	9	167.862854
37	44	534	159.641541
38	44	535	159.118454
39	44	536	159.030853
40	44	365	157.835892
41	44	346	153.818054
42	44	386	149.371262
43	44	300	145.474503
44	44	10	141.659134
45	44	11	137.070007
46	44	148	131.733673
47	44	30	126.479347
48	44	140	120.84845
49	44	105	114.138947
50	44	106	106.265144
51	44	5	95.168716
52	44	6	78.474609
53	44	7	45.469635
54	44	14	16.630993
55	44	128	-8.890624
56	44	57	-18.153435
57	44	7	-16.060774
58	44	8	-8.752075
59	44	14	-9.779679
60	44	15	-9.3361
61	44	0	-8.22336
62	44	4	-14.354601
63	44	5	-39.844082
64	44	11	-67.961395
65	44	5	-93.108238
66	44	11	-112.470497
67	44	11	-123.050812
68	44	148	-124.14772
69	44	116	-117.212929
70	44	154	-107.331238
71	44	133	-99.793449
72	44	106	-88.322235
73	44	125	-71.678299
74	44	126	-49.348007
75	44	127	-21.448446
76	44	80	-12.351169
77	44	113	-15.956674
78	44	86	-11.979681
79	44	7	-1.927806
80	44	9	-1.914596
81	44	10	-14.711237
82	44	5	-37.835091
83	44	5	-59.21801
84	44	349	-65.877937
85	44	537	-60.917027
86	44	461	-43.698917
87	44	538	-21.051922
88	44	6	-4.822088
89	44	4	-0.051917
90	44	17	0
91	44	222	0
92	44	139	0
93	44	232	0
94	44	19	0
95	44	170	0
96	44	465	-0.001361
97	44	539	-1.892327
98	44	540	-17.726688
99	44	428	-49.562946
100	44	349	-80.722008
101	44	541	-105.677879
102	44	284	-124.585655
103	44	8	-138.671539
104	44	14	-148.428177
105	44	18	-154.719498
106	44	6	-158.348907
107	44	542	-160.224792
108	44	543	-161.339539
109	44	218	-161.839279
110	44	381	-162.891968
111	44	484	-164.414307
112	44	186	-166.218369
113	44	186	-168.108826
114	44	276	-165.649597
115	44	360	-158.910553
116	44	379	-148.450607
117	44	193	-144.495926
118	44	186	-144.797089
119	44	186	-131.975983
120	44	186	-102.630836
121	44	263	-51.810661
122	44	298	-4.915939
123	44	226	-0.050681
124	44	194	0
125	44	193	0
126	44	225	0
127	44	236	0
128	44	338	0
0	45	297	0
1	45	297	0
2	45	235	-1.609931
3	45	544	-1.67686
4	45	34	3.914081
5	45	37	9.852491
6	45	167	17.012192
7	45	227	24.54772
8	45	171	34.586731
9	45	202	40.531681
10	45	167	45.321384
11	45	323	50.981621
12	45	402	54.090698
13	45	403	42.696018
14	45	545	24.042135
15	45	226	7.460372
16	45	215	6.901731
17	45	218	7.040305
18	45	185	14.78203
19	45	546	26.967115
20	45	547	34.858177
21	45	330	32.361656
22	45	345	39.981579
23	45	419	42.609787
24	45	366	46.76857
25	45	328	63.194031
26	45	532	90.52317
27	45	300	103.10939
28	45	326	108.444832
29	45	518	127.478355
30	45	368	155.204407
31	45	402	179.569336
32	45	500	179.766724
33	45	423	182.85881
34	45	325	190.571854
35	45	548	192.176987
36	45	549	177.00354
37	45	550	159.118454
38	45	503	159.062637
39	45	362	157.661316
40	45	363	153.370712
41	45	342	148.615372
42	45	435	143.811371
43	45	10	139.62915
44	45	10	135.984802
45	45	11	132.069611
46	45	5	126.531624
47	45	148	120.124748
48	45	279	112.156647
49	45	133	103.409538
50	45	105	93.415596
51	45	138	81.317558
52	45	19	65.567719
53	45	7	43.140987
54	45	212	21.985737
55	45	86	6.230824
56	45	16	-0.922103
57	45	56	2.076708
58	45	152	-3.885954
59	45	84	-17.706825
60	45	69	-23.306742
61	45	249	-14.644915
62	45	126	-8.541262
63	45	112	-22.141987
64	45	11	-57.832405
65	45	10	-87.088631
66	45	11	-108.346794
67	45	123	-121.012054
68	45	106	-125.360527
69	45	148	-121.576233
70	45	279	-117.079185
71	45	165	-107.105156
72	45	120	-97.967773
73	45	136	-84.227043
74	45	163	-65.383255
75	45	6	-45.262321
76	45	16	-25.436466
77	45	1	-24.131866
78	45	2	-24.00536
79	45	18	-23.169889
80	45	5	-16.241793
81	45	11	-12.300444
82	45	11	-37.14455
83	45	551	-56.811905
84	45	303	-65.131226
85	45	552	-58.943691
86	45	316	-40.862225
87	45	17	-19.653347
88	45	18	-4.235705
89	45	123	-0.08274
90	45	155	0
91	45	165	0
92	45	17	0
93	45	3	0
94	45	167	0
95	45	185	0
96	45	553	0
97	45	295	-0.1535
98	45	554	-5.12497
99	45	307	-26.741705
100	45	555	-56.251377
101	45	556	-81.729675
102	45	2	-102.176865
103	45	18	-117.984253
104	45	10	-128.610687
105	45	17	-135.152557
106	45	557	-138.780029
107	45	558	-140.435455
108	45	2	-142.972412
109	45	559	-145.87915
110	45	59	-149.290176
111	45	484	-152.787827
112	45	215	-156.07196
113	45	310	-158.880783
114	45	527	-160.138107
115	45	185	-157.384216
116	45	194	-153.63031
117	45	184	-151.374542
118	45	186	-145.550201
119	45	184	-130.900879
120	45	242	-95.108948
121	45	243	-41.093937
122	45	298	-4.707725
123	45	236	-0.030488
124	45	236	0
125	45	338	0
126	45	297	0
127	45	245	0
128	45	193	0
0	46	215	0
1	46	251	0
2	46	50	0
3	46	51	0.330396
4	46	36	6.10464
5	46	269	12.89368
6	46	172	15.873386
7	46	381	22.093906
8	46	560	27.378565
9	46	12	31.220339
10	46	477	33.20652
11	46	417	34.085758
12	46	561	34.028419
13	46	34	23.611032
14	46	238	6.043858
15	46	95	-10.417885
16	46	159	-8.430528
17	46	167	2.957192
18	46	562	17.52248
19	46	365	31.068676
20	46	415	30.849424
21	46	11	33.311405
22	46	11	38.460342
23	46	345	42.194294
24	46	415	43.753529
25	46	345	47.545208
26	46	415	60.842155
27	46	345	76.595909
28	46	415	85.246468
29	46	345	96.352089
30	46	419	112.58503
31	46	420	136.424973
32	46	421	149.733292
33	46	563	160.530396
34	46	118	178.999374
35	46	564	191.56955
36	46	503	168.519455
37	46	504	159.209641
38	46	402	157.848434
39	46	367	153.361618
40	46	414	148.733368
41	46	18	143.783966
42	46	11	138.818939
43	46	10	134.15094
44	46	10	130.649658
45	46	5	127.29882
46	46	5	121.179245
47	46	148	113.381622
48	46	279	103.705742
49	46	35	93.359299
50	46	36	82.247269
51	46	565	69.950035
52	46	2	56.212181
53	46	2	38.050179
54	46	128	19.538483
55	46	69	3.753281
56	46	78	1.274974
57	46	65	-1.311529
58	46	64	-15.301014
59	46	103	-34.936157
60	46	79	-42.291641
61	46	144	-29.994745
62	46	119	-15.176526
63	46	10	-14.723819
64	46	11	-52.72739
65	46	5	-83.809883
66	46	148	-105.060074
67	46	116	-118.158485
68	46	123	-122.807632
69	46	155	-118.576225
70	46	165	-114.362236
71	46	125	-111.706863
72	46	145	-104.902687
73	46	249	-94.20153
74	46	255	-80.579926
75	46	12	-64.087624
76	46	4	-52.560791
77	46	10	-46.237938
78	46	11	-39.416618
79	46	11	-29.191015
80	46	11	-30.354181
81	46	10	-15.283834
82	46	566	-33.874329
83	46	567	-56.139553
84	46	445	-65.56926
85	46	476	-59.689701
86	46	13	-41.64809
87	46	9	-19.835011
88	46	154	-4.550404
89	46	139	-0.04934
90	46	131	0
91	46	9	0
92	46	17	0
93	46	3	0
94	46	167	0
95	46	568	0
96	46	428	0
97	46	551	0
98	46	569	-0.544487
99	46	171	-7.175117
100	46	182	-28.097179
101	46	77	-52.766663
102	46	5	-73.428108
103	46	5	-89.274979
104	46	10	-99.555237
105	46	13	-105.39846
106	46	9	-107.457878
107	46	10	-109.579887
108	46	88	-115.562263
109	46	68	-123.891434
110	46	97	-131.824951
111	46	227	-138.406357
112	46	181	-143.816254
113	46	181	-148.131409
114	46	570	-151.088547
115	46	571	-152.149719
116	46	193	-151.613968
117	46	186	-149.016495
118	46	186	-140.839523
119	46	193	-120.885078
120	46	242	-84.073456
121	46	297	-34.95105
122	46	297	-5.709375
123	46	297	-0.203874
124	46	235	0
125	46	226	0
126	46	194	0
127	46	195	0
128	46	202	0
0	47	19	0
1	47	170	0
2	47	223	0
3	47	51	0
4	47	298	3.251917
5	47	572	7.340685
6	47	15	14.369292
7	47	0	19.209251
8	47	42	22.431902
9	47	565	23.086117
10	47	15	21.879251
11	47	268	18.984959
12	47	207	14.799913
13	47	573	4.774747
14	47	226	-10.509657
15	47	95	-19.793087
16	47	96	-11.972816
17	47	2	1.076691
18	47	18	17.691563
19	47	5	33.492794
20	47	5	38.93293
21	47	5	36.88781
22	47	10	38.716022
23	47	10	39.992657
24	47	5	39.586056
25	47	10	39.036896
26	47	5	44.69873
27	47	10	54.764065
28	47	5	67.263435
29	47	11	79.833275
30	47	17	92.295723
31	47	2	108.560448
32	47	18	120.782227
33	47	11	130.957794
34	47	17	148.803253
35	47	3	169.079224
36	47	477	159.520538
37	47	422	155.082077
38	47	501	153.402939
39	47	328	148.626602
40	47	10	144.481125
41	47	13	139.797836
42	47	9	134.569672
43	47	10	129.656036
44	47	10	126.089699
45	47	11	122.875259
46	47	11	115.494827
47	47	148	106.68676
48	47	279	95.421471
49	47	35	83.796638
50	47	165	71.939445
51	47	10	59.853111
52	47	13	47.196095
53	47	212	31.92539
54	47	113	16.488218
55	47	113	3.576183
56	47	86	-3.239583
57	47	64	-8.815507
58	47	79	-22.043314
59	47	86	-37.417469
60	47	548	-46.311199
61	47	83	-43.400501
62	47	82	-34.056755
63	47	112	-30.069296
64	47	5	-50.775707
65	47	11	-76.45668
66	47	5	-99.442436
67	47	154	-114.238525
68	47	35	-119.499016
69	47	165	-115.420044
70	47	120	-112.361908
71	47	110	-112.058922
72	47	79	-104.293953
73	47	72	-96.666565
74	47	57	-89.451607
75	47	4	-80.222641
76	47	11	-75.312737
77	47	5	-64.433197
78	47	5	-54.62849
79	47	10	-45.344833
80	47	5	-42.547894
81	47	336	-32.062485
82	47	372	-41.946339
83	47	574	-62.084335
84	47	283	-69.739296
85	47	575	-63.248013
86	47	4	-46.8983
87	47	154	-27.140198
88	47	129	-8.988094
89	47	14	-1.237632
90	47	18	-0.006187
91	47	13	0
92	47	14	0
93	47	3	0
94	47	16	0
95	47	576	0
96	47	428	0
97	47	577	0
98	47	578	-0.022102
99	47	546	-0.935535
100	47	60	-6.830003
101	47	77	-22.921991
102	47	13	-41.410187
103	47	9	-55.70562
104	47	17	-64.662529
105	47	18	-68.452301
106	47	10	-69.666161
107	47	13	-74.556374
108	47	9	-86.30146
109	47	6	-100.584846
110	47	241	-112.993721
111	47	321	-122.812294
112	47	571	-130.46669
113	47	579	-136.328354
114	47	580	-140.424042
115	47	480	-142.65892
116	47	480	-143.164124
117	47	449	-141.134598
118	47	184	-132.026505
119	47	186	-110.361343
120	47	193	-74.968506
121	47	186	-33.243351
122	47	194	-7.751081
123	47	242	-0.667104
124	47	235	-0.000844
125	47	226	0
126	47	215	0
127	47	227	0
128	47	159	0
0	48	483	0
1	48	560	0
2	48	515	0
3	48	243	-0.055016
4	48	133	-0.284113
5	48	179	1.231619
6	48	33	10.806301
7	48	34	15.574088
8	48	133	17.580118
9	48	166	16.308474
10	48	416	12.707288
11	48	581	9.507901
12	48	201	0.759417
13	48	582	-9.254321
14	48	108	-17.238802
15	48	68	-21.428947
16	48	5	-15.187838
17	48	10	-4.1549
18	48	11	3.527574
19	48	11	23.863354
20	48	5	33.687878
21	48	11	37.995911
22	48	5	37.403877
23	48	11	35.416626
24	48	469	33.098122
25	48	536	35.084293
26	48	9	38.473736
27	48	5	43.257542
28	48	11	57.117294
29	48	11	69.921288
30	48	11	81.525185
31	48	10	91.605087
32	48	5	97.776024
33	48	11	97.090446
34	48	17	107.039589
35	48	2	130.320358
36	48	583	138.82016
37	48	367	141.645203
38	48	415	142.540848
39	48	13	142.389816
40	48	0	140.766281
41	48	4	136.554199
42	48	10	130.159286
43	48	5	123.56179
44	48	5	118.084305
45	48	5	113.248611
46	48	11	107.27018
47	48	233	99.187424
48	48	51	87.100998
49	48	133	74.078995
50	48	106	61.534752
51	48	6	49.667675
52	48	1	37.722687
53	48	3	25.582083
54	48	12	13.803013
55	48	19	3.516765
56	48	85	-5.603031
57	48	86	-12.995278
58	48	56	-21.674751
59	48	78	-36.354713
60	48	92	-50.700508
61	48	71	-55.855221
62	48	81	-55.215256
63	48	9	-56.288528
64	48	13	-68.949432
65	48	9	-77.384537
66	48	148	-90.1474
67	48	30	-107.140404
68	48	131	-116.042419
69	48	8	-119.29158
70	48	212	-117.87336
71	48	392	-108.307594
72	48	80	-100.044617
73	48	86	-94.340408
74	48	7	-93.804924
75	48	8	-94.02549
76	48	9	-90.519127
77	48	11	-82.554024
78	48	13	-68.40033
79	48	8	-58.53751
80	48	584	-50.979446
81	48	585	-49.348869
82	48	586	-56.756805
83	48	587	-71.74012
84	48	588	-74.070122
85	48	156	-68.662834
86	48	155	-55.499527
87	48	200	-37.602581
88	48	18	-17.820404
89	48	11	-4.416032
90	48	6	-0.320088
91	48	4	0
92	48	6	0
93	48	12	0
94	48	12	0
95	48	312	0
96	48	551	0
97	48	577	0
98	48	589	0
99	48	375	-0.045482
100	48	590	-0.733809
101	48	6	-4.759341
102	48	7	-13.989383
103	48	8	-24.391933
104	48	8	-30.403034
105	48	9	-32.501244
106	48	17	-34.792553
107	48	15	-44.126148
108	48	0	-61.953339
109	48	167	-80.677689
110	48	591	-95.873886
111	48	592	-107.709717
112	48	593	-117.295517
113	48	594	-125.166443
114	48	595	-131.405365
115	48	478	-135.756516
116	48	379	-138.196625
117	48	194	-135.72847
118	48	194	-124.722565
119	48	195	-102.547585
120	48	184	-70.731171
121	48	186	-36.03336
122	48	195	-12.079679
123	48	263	-2.058301
124	48	238	-0.018608
125	48	202	0
126	48	241	0
127	48	95	0
128	48	229	0
0	49	0	0
1	49	483	0
2	49	596	-0.007236
3	49	279	-0.590857
4	49	244	-2.279564
5	49	246	-0.239445
6	49	50	6.718004
7	49	50	11.032454
8	49	150	12.371169
9	49	597	8.408429
10	49	598	7.51275
11	49	140	6.165721
12	49	106	-0.727126
13	49	10	-10.263992
14	49	10	-21.159151
15	49	10	-29.871733
16	49	13	-29.763756
17	49	8	-29.663311
18	49	9	-30.311695
19	49	5	-11.198551
20	49	10	23.317516
21	49	13	39.54126
22	49	599	38.575832
23	49	600	31.491745
24	49	601	31.058502
25	49	7	31.10622
26	49	9	38.890755
27	49	5	41.287876
28	49	13	52.205711
29	49	8	64.075302
30	49	8	74.860382
31	49	9	84.203667
32	49	5	84.051025
33	49	5	73.425446
34	49	13	58.507668
35	49	399	76.084641
36	49	435	104.062996
37	49	5	121.317635
38	49	6	127.024178
39	49	16	132.883896
40	49	7	136.540436
41	49	9	134.297211
42	49	10	125.102371
43	49	5	115.071518
44	49	11	106.773903
45	49	11	99.914146
46	49	6	93.191666
47	49	38	86.253937
48	49	35	77.165352
49	49	165	62.962059
50	49	6	49.82933
51	49	4	37.99501
52	49	17	28.287153
53	49	3	18.764084
54	49	19	9.732985
55	49	12	1.861984
56	49	12	-4.802368
57	49	85	-10.657294
58	49	113	-18.825993
59	49	113	-34.256542
60	49	72	-52.551235
61	49	57	-65.271812
62	49	7	-71.412788
63	49	14	-77.673569
64	49	18	-80.682877
65	49	13	-84.458702
66	49	104	-91.983818
67	49	138	-102.780029
68	49	19	-114.690582
69	49	12	-125.128128
70	49	4	-122.796227
71	49	6	-114.282356
72	49	12	-102.491859
73	49	16	-95.854424
74	49	16	-101.570908
75	49	4	-104.790039
76	49	13	-103.761009
77	49	14	-97.126457
78	49	2	-80.799202
79	49	317	-70.83345
80	49	313	-66.253738
81	49	602	-62.059143
82	49	295	-59.746593
83	49	432	-74.787323
84	49	38	-77.290283
85	49	39	-74.219322
86	49	199	-65.568306
87	49	11	-50.131447
88	49	11	-30.419838
89	49	17	-9.535732
90	49	18	-0.921472
91	49	6	0
92	49	19	0
93	49	19	0
94	49	312	0
95	49	551	0
96	49	307	0
97	49	603	0
98	49	171	0
99	49	182	0
100	49	61	-0.003158
101	49	2	-0.201682
102	49	2	-1.759347
103	49	2	-7.457378
104	49	18	-10.988969
105	49	5	-11.889536
106	49	6	-14.467913
107	49	19	-24.264845
108	49	19	-44.587101
109	49	1	-64.725525
110	49	3	-80.798721
111	49	604	-94.126129
112	49	580	-105.92308
113	49	486	-116.547287
114	49	605	-125.493454
115	49	186	-132.276993
116	49	195	-135.080597
117	49	186	-131.467239
118	49	194	-119.249779
119	49	194	-97.627701
120	49	184	-69.541023
121	49	184	-40.978848
122	49	263	-20.893549
123	49	298	-7.320047
124	49	544	0
125	49	216	0
126	49	217	0
127	49	254	0
128	49	3	0
0	50	4	0
1	50	5	0
2	50	148	-0.014649
3	50	606	-1.293979
4	50	95	-6.095493
5	50	181	-4.119604
6	50	159	0.430481
7	50	38	3.396224
8	50	200	3.723289
9	50	18	2.979715
10	50	148	5.683393
11	50	131	4.856882
12	50	8	0.417
13	50	9	-7.994527
14	50	326	-24.541378
15	50	424	-39.91288
16	50	19	-49.97649
17	50	362	-57.120869
18	50	327	-58.774632
19	50	328	-41.13422
20	50	17	-1.657578
21	50	607	29.710571
22	50	608	36.522198
23	50	609	32.358551
24	50	437	28.699877
25	50	18	32.95467
26	50	11	38.658634
27	50	17	45.003319
28	50	2	50.559078
29	50	2	60.492077
30	50	18	70.394516
31	50	5	79.759949
32	50	13	79.401604
33	50	0	61.444824
34	50	12	49.54916
35	50	4	44.675835
36	50	5	77.711266
37	50	6	102.996758
38	50	504	110.486557
39	50	324	120.640961
40	50	384	130.63176
41	50	8	131.434174
42	50	9	120.324516
43	50	10	102.379257
44	50	10	92.802444
45	50	17	84.485497
46	50	29	77.17469
47	50	279	69.448242
48	50	165	58.676556
49	50	17	46.580589
50	50	15	35.68803
51	50	9	27.737366
52	50	6	18.854898
53	50	1	10.440351
54	50	3	3.55476
55	50	1	-1.747731
56	50	2	-6.183018
57	50	2	-11.329826
58	50	3	-18.890467
59	50	64	-33.896164
60	50	65	-53.02956
61	50	12	-67.59967
62	50	4	-76.698303
63	50	610	-83.598854
64	50	611	-85.979279
65	50	34	-89.606384
66	50	200	-96.568611
67	50	3	-108.134956
68	50	12	-120.628212
69	50	7	-129.571747
70	50	0	-130.06424
71	50	12	-122.305977
72	50	19	-108.164246
73	50	19	-102.735519
74	50	4	-108.296104
75	50	17	-113.014679
76	50	18	-113.78392
77	50	5	-107.841072
78	50	612	-95.261414
79	50	308	-84.129387
80	50	554	-82.428436
81	50	307	-78.533218
82	50	588	-73.821373
83	50	38	-74.77562
84	50	37	-80.822784
85	50	4	-79.188148
86	50	10	-73.869431
87	50	13	-62.720963
88	50	8	-44.323254
89	50	8	-20.795277
90	50	0	-0.544207
91	50	19	0
92	50	613	0
93	50	540	0
94	50	428	0
95	50	295	0
96	50	614	0
97	50	615	0
98	50	616	0
99	50	617	0
100	50	618	0
101	50	8	0
102	50	8	0
103	50	9	-1.575474
104	50	13	-6.661168
105	50	14	-7.958986
106	50	2	-8.282422
107	50	2	-15.690763
108	50	18	-32.286167
109	50	17	-51.666306
110	50	66	-67.862221
111	50	412	-83.187172
112	50	346	-98.261192
113	50	463	-112.348709
114	50	480	-124.042366
115	50	449	-131.944702
116	50	194	-134.480606
117	50	186	-129.859619
118	50	195	-116.800598
119	50	184	-95.899727
120	50	194	-70.677505
121	50	242	-46.724628
122	50	297	-29.847555
123	50	297	-18.17514
124	50	243	-3.374942
125	50	37	0
126	50	7	0
127	50	14	0
128	50	15	0
0	51	9	0
1	51	11	0
2	51	88	0
3	51	484	-0.878135
4	51	193	-11.542476
5	51	95	-10.136791
6	51	223	-6.69438
7	51	150	-4.024097
8	51	106	-2.810468
9	51	13	1.86271
10	51	14	3.790287
11	51	3	2.907987
12	51	7	-0.749409
13	51	385	-8.799093
14	51	423	-27.511879
15	51	325	-49.228497
16	51	404	-61.66613
17	51	367	-67.22123
18	51	415	-68.220779
19	51	10	-46.718494
20	51	17	-18.168182
21	51	389	18.266129
22	51	619	26.872282
23	51	468	29.119864
24	51	10	28.342747
25	51	5	30.237978
26	51	5	39.67334
27	51	5	45.567932
28	51	326	51.81036
29	51	328	57.904823
30	51	5	64.18438
31	51	17	65.180084
32	51	3	63.378536
33	51	19	53.422279
34	51	4	44.259895
35	51	11	40.53685
36	51	17	45.340187
37	51	583	85.936951
38	51	386	100.384491
39	51	403	114.142647
40	51	19	120.602974
41	51	4	115.645119
42	51	5	99.381607
43	51	5	86.759583
44	51	13	74.899818
45	51	8	66.490524
46	51	132	59.727489
47	51	133	52.675735
48	51	106	43.216789
49	51	6	32.089378
50	51	7	20.414799
51	51	0	15.376336
52	51	7	7.607294
53	51	14	-0.236945
54	51	18	-5.666222
55	51	5	-8.458549
56	51	5	-11.596187
57	51	6	-16.251228
58	51	85	-23.253073
59	51	86	-36.612236
60	51	16	-53.960209
61	51	7	-66.862679
62	51	620	-73.914566
63	51	621	-77.923889
64	51	622	-85.483391
65	51	623	-92.935379
66	51	611	-100.438606
67	51	41	-114.299324
68	51	16	-126.338158
69	51	19	-133.935959
70	51	12	-135.284119
71	51	16	-129.41539
72	51	19	-117.114334
73	51	7	-108.774658
74	51	9	-111.632767
75	51	5	-117.071487
76	51	10	-119.155441
77	51	624	-116.763275
78	51	625	-110.266174
79	51	307	-101.968735
80	51	588	-97.641182
81	51	42	-93.42141
82	51	43	-89.225586
83	51	44	-83.788574
84	51	4	-82.369446
85	51	5	-84.664124
86	51	6	-80.339432
87	51	19	-71.141602
88	51	19	-57.768452
89	51	12	-39.348644
90	51	12	-8.54432
91	51	626	0
92	51	397	0
93	51	627	0
94	51	566	0
95	51	551	0
96	51	307	0
97	51	320	0
98	51	628	0
99	51	629	0
100	51	630	0
101	51	631	0
102	51	296	0
103	51	0	0
104	51	7	-1.759503
105	51	8	-5.963795
106	51	8	-8
107	51	9	-12.742826
108	51	5	-21.862185
109	51	17	-40.016315
110	51	18	-57.100948
111	51	434	-75.756516
112	51	478	-95.381615
113	51	497	-113.723869
114	51	463	-128.287125
115	51	449	-137.202011
116	51	194	-139.331757
117	51	194	-133.643021
118	51	193	-119.723824
119	51	186	-99.013634
120	51	193	-74.947845
121	51	215	-53.913532
122	51	185	-39.29076
123	51	263	-27.953283
124	51	36	-12.399389
125	51	41	0
126	51	7	0
127	51	14	0
128	51	18	0
0	52	5	0
1	52	5	0
2	52	88	-0.001663
3	52	632	-0.436472
4	52	218	-12.86895
5	52	168	-14.022967
6	52	38	-12.144291
7	52	133	-9.181669
8	52	166	-3.277447
9	52	18	0.65922
10	52	6	1.357948
11	52	16	0.930332
12	52	477	-3.048871
13	52	422	-18.436962
14	52	423	-37.38821
15	52	519	-53.850491
16	52	311	-64.847397
17	52	9	-71.81591
18	52	5	-73.276115
19	52	11	-59.184483
20	52	466	-35.072521
21	52	468	-8.85577
22	52	5	6.704266
23	52	5	17.982645
24	52	5	21.566902
25	52	5	25.435692
26	52	5	34.94619
27	52	345	41.869896
28	52	366	46.731518
29	52	327	54.035137
30	52	327	57.357723
31	52	401	56.519913
32	52	2	51.925652
33	52	18	43.809143
34	52	11	36.580982
35	52	5	31.969517
36	52	532	29.814913
37	52	386	34.116344
38	52	423	77.886528
39	52	325	103.166542
40	52	4	103.415443
41	52	11	86.119835
42	52	5	76.1175
43	52	6	65.31398
44	52	1	51.173988
45	52	222	43.712582
46	52	35	40.809631
47	52	133	37.211678
48	52	179	31.348381
49	52	565	24.490664
50	52	2	12.898341
51	52	2	5.400134
52	52	18	-5.179943
53	52	11	-13.661508
54	52	5	-19.058207
55	52	10	-20.478304
56	52	17	-22.572681
57	52	2	-25.727888
58	52	3	-30.503857
59	52	12	-41.688503
60	52	633	-57.088112
61	52	634	-69.39817
62	52	36	-72.698273
63	52	635	-76.734032
64	52	636	-84.356544
65	52	637	-94.232117
66	52	638	-101.490013
67	52	33	-113.571236
68	52	33	-124.156403
69	52	41	-132.310379
70	52	12	-137.458374
71	52	12	-135.024307
72	52	16	-125.628014
73	52	4	-113.968079
74	52	5	-111.599831
75	52	11	-117.201355
76	52	639	-121.243103
77	52	640	-122.682892
78	52	641	-121.810814
79	52	16	-115.837646
80	52	38	-111.765587
81	52	37	-110.660889
82	52	19	-108.573959
83	52	7	-101.844978
84	52	8	-97.32666
85	52	642	-92.641022
86	52	643	-88.293961
87	52	12	-80.710197
88	52	1	-69.364838
89	52	2	-50.492504
90	52	15	-31.202524
91	52	525	-6.161458
92	52	538	0
93	52	317	0
94	52	303	0
95	52	644	0
96	52	645	0
97	52	646	0
98	52	647	0
99	52	648	0
100	52	649	0
101	52	650	0
102	52	651	0
103	52	630	0
104	52	652	0
105	52	630	0
106	52	296	-2.884473
107	52	8	-7.024656
108	52	8	-15.058286
109	52	9	-29.489902
110	52	6	-49.01886
111	52	167	-72.163162
112	52	310	-97.147163
113	52	422	-120.253677
114	52	463	-138.044159
115	52	653	-147.841537
116	52	108	-147.688004
117	52	484	-140.915604
118	52	184	-128.462723
119	52	193	-111.092545
120	52	95	-90.013794
121	52	172	-68.206627
122	52	529	-50.644936
123	52	243	-36.654572
124	52	37	-21.469206
125	52	12	-1.577042
126	52	4	0
127	52	5	0
128	52	10	0
0	53	326	0
1	53	328	0
2	53	329	-0.017896
3	53	325	-1.369353
4	53	16	-12.10591
5	53	52	-16.750673
6	53	51	-16.114965
7	53	129	-11.597362
8	53	8	-2.804884
9	53	458	-0.106172
10	53	33	0
11	53	565	-0.115533
12	53	654	-5.322841
13	53	421	-26.091749
14	53	343	-46.053665
15	53	1	-64.063087
16	53	18	-70.56115
17	53	11	-76.738243
18	53	5	-81.369057
19	53	10	-78.114853
20	53	10	-68.62011
21	53	13	-48.203842
22	53	8	-20.685587
23	53	9	7.161758
24	53	10	18.29771
25	53	11	21.056234
26	53	11	24.991493
27	53	345	31.505735
28	53	346	41.09071
29	53	367	48.306259
30	53	415	50.889206
31	53	11	48.795849
32	53	11	42.108307
33	53	5	33.265076
34	53	11	26.468676
35	53	532	21.082235
36	53	386	16.300034
37	53	386	10.322474
38	53	423	5.259008
39	53	330	30.161039
40	53	5	50.545284
41	53	10	45.657948
42	53	17	36.759575
43	53	18	29.805853
44	53	148	17.485586
45	53	279	10.502082
46	53	139	18.434145
47	53	279	23.547523
48	53	133	23.184044
49	53	106	21.17128
50	53	5	11.239492
51	53	13	-4.210128
52	53	9	-18.962278
53	53	5	-29.243057
54	53	10	-36.01453
55	53	10	-40.292786
56	53	11	-40.058746
57	53	17	-39.641777
58	53	32	-42.070641
59	53	655	-48.311867
60	53	656	-60.515923
61	53	51	-71.195892
62	53	133	-76.929192
63	53	208	-81.154167
64	53	657	-84.585739
65	53	658	-91.129654
66	53	659	-97.918343
67	53	660	-104.084061
68	53	36	-116.422722
69	53	41	-127.985588
70	53	12	-134.273773
71	53	12	-136.406006
72	53	4	-129.66153
73	53	5	-118.958786
74	53	13	-109.985214
75	53	661	-110.955666
76	53	662	-119.845917
77	53	663	-124.648109
78	53	19	-125.106216
79	53	38	-123.369644
80	53	37	-122.846176
81	53	16	-125.379219
82	53	19	-125.56929
83	53	624	-122.487213
84	53	664	-114.867752
85	53	665	-105.281242
86	53	666	-99.678238
87	53	667	-91.365845
88	53	9	-79.142609
89	53	17	-59.468891
90	53	627	-38.800331
91	53	476	-21.952919
92	53	668	-5.05227
93	53	669	0
94	53	670	0
95	53	671	0
96	53	428	0
97	53	551	0
98	53	672	0
99	53	673	0
100	53	674	0
101	53	647	0
102	53	675	0
103	53	676	0
104	53	677	0
105	53	295	0
106	53	652	0
107	53	678	-0.180804
108	53	7	-7.700621
109	53	158	-22.51926
110	53	679	-45.028397
111	53	678	-72.818985
112	53	477	-102.915291
113	53	421	-130.424332
114	53	311	-149.801544
115	53	9	-156.084961
116	53	94	-155.154709
117	53	546	-148.595322
118	53	108	-137.414993
119	53	632	-122.353844
120	53	168	-104.518768
121	53	241	-85.099274
122	53	263	-65.303993
123	53	37	-46.111099
124	53	12	-26.81263
125	53	4	-6.81122
126	53	13	-0.266199
127	53	533	0
128	53	347	0
0	54	311	0
1	54	365	0
2	54	414	-0.022925
3	54	2	-2.471504
4	54	2	-11.740226
5	54	222	-18.827465
6	54	36	-20.266716
7	54	33	-14.58058
8	54	34	-2.485872
9	54	139	-0.067733
10	54	140	0
11	54	179	-0.416969
12	54	33	-7.446963
13	54	565	-27.997601
14	54	18	-50.618477
15	54	5	-68.94648
16	54	10	-78.986465
17	54	11	-86.899536
18	54	13	-92.938393
19	54	8	-97.454727
20	54	0	-94.694748
21	54	16	-79.139153
22	54	7	-37.274796
23	54	9	-4.771127
24	54	11	12.567455
25	54	10	15.507618
26	54	326	11.858435
27	54	518	22.122181
28	54	415	33.749031
29	54	10	41.841282
30	54	10	43.524937
31	54	10	40.557358
32	54	11	30.956635
33	54	5	22.045677
34	54	532	15.969429
35	54	500	12.706049
36	54	500	6.194393
37	54	500	-4.293498
38	54	387	-11.780307
39	54	8	-12.323632
40	54	9	-15.254778
41	54	11	-15.455927
42	54	10	-29.363489
43	54	10	-18.532892
44	54	148	-20.824545
45	54	140	-19.71755
46	54	155	2.438482
47	54	35	9.478284
48	54	165	12.837107
49	54	5	13.021887
50	54	17	0.547815
51	54	18	-15.325725
52	54	13	-31.654854
53	54	9	-44.732372
54	54	11	-54.034122
55	54	5	-60.88728
56	54	13	-59.485477
57	54	132	-57.552677
58	54	680	-56.448357
59	54	681	-58.011105
60	54	201	-63.181519
61	54	207	-76.906105
62	54	40	-84.237755
63	54	682	-87.017502
64	54	683	-88.064262
65	54	684	-89.211456
66	54	637	-94.683517
67	54	660	-105.068405
68	54	36	-116.954063
69	54	41	-125.877518
70	54	12	-131.229034
71	54	7	-130.591354
72	54	9	-126.580513
73	54	262	-116.545982
74	54	685	-102.134483
75	54	686	-100.61882
76	54	663	-113.21067
77	54	16	-119.738228
78	54	38	-122.576416
79	54	36	-125.10804
80	54	41	-130.571579
81	54	12	-134.615128
82	54	687	-135.583664
83	54	688	-133.238876
84	54	625	-127.869728
85	54	689	-120.846504
86	54	690	-111.582298
87	54	4	-101.93943
88	54	10	-86.462578
89	54	11	-66.489433
90	54	5	-43.372215
91	54	691	-31.762375
92	54	692	-12.231081
93	54	689	0
94	54	690	0
95	54	312	0
96	54	551	0
97	54	693	0
98	54	694	0
99	54	673	0
100	54	695	0
101	54	696	0
102	54	308	0
103	54	554	0
104	54	551	0
105	54	676	0
106	54	697	0
107	54	652	-0.138485
108	54	698	-4.540933
109	54	699	-19.969786
110	54	700	-45.091057
111	54	701	-76.972076
112	54	325	-111.026276
113	54	12	-141.318665
114	54	7	-157.826553
115	54	375	-163.337402
116	54	590	-161.641373
117	54	10	-155.485397
118	54	17	-145.461563
119	54	3	-132.249985
120	54	241	-116.154053
121	54	242	-97.608437
122	54	702	-77.20163
123	54	41	-55.383961
124	54	7	-32.849403
125	54	14	-12.664526
126	54	413	-1.556992
127	54	368	-0.027773
128	54	325	0
0	55	7	0
1	55	9	0
2	55	13	-0.04749
3	55	9	-2.447232
4	55	148	-11.644919
5	55	30	-19.620562
6	55	30	-22.485508
7	55	30	-17.871679
8	55	116	-2.256901
9	55	148	-0.025631
10	55	30	0
11	55	30	-0.945937
12	55	140	-8.230851
13	55	106	-25.165617
14	55	5	-47.057266
15	55	10	-66.641983
16	55	5	-82.716385
17	55	17	-95.515106
18	55	3	-104.99968
19	55	19	-110.739479
20	55	12	-108.790817
21	55	19	-85.194565
22	55	4	-49.09024
23	55	10	-19.884798
24	55	10	-2.898257
25	55	345	4.348331
26	55	415	2.220179
27	55	326	15.259152
28	55	327	25.198326
29	55	328	29.662373
30	55	10	30.403753
31	55	326	28.161316
32	55	327	19.838503
33	55	363	10.145073
34	55	386	3.563436
35	55	500	1.277358
36	55	386	-1.299902
37	55	403	-7.158777
38	55	12	-17.361109
39	55	4	-24.80393
40	55	11	-29.882175
41	55	11	-37.808083
42	55	5	-44.821117
43	55	11	-50.020943
44	55	148	-47.87886
45	55	279	-35.824303
46	55	35	-14.339044
47	55	133	3.61336
48	55	106	-1.606855
49	55	10	-2.205711
50	55	10	-12.393428
51	55	17	-24.931211
52	55	18	-40.218578
53	55	13	-54.415997
54	55	9	-68.324509
55	55	6	-72.784309
56	55	703	-73.545845
57	55	660	-73.045685
58	55	704	-71.288116
59	55	623	-66.119484
60	55	705	-66.399712
61	55	706	-76.331673
62	55	707	-86.233383
63	55	708	-89.180214
64	55	637	-93.416718
65	55	709	-94.742058
66	55	637	-101.038612
67	55	660	-111.2425
68	55	36	-120.650444
69	55	33	-127.626656
70	55	41	-126.293762
71	55	156	-124.275223
72	55	155	-116.327621
73	55	688	-107.497467
74	55	661	-92.726547
75	55	710	-93.123596
76	55	643	-100.230453
77	55	52	-108.410782
78	55	51	-116.250793
79	55	37	-127.946495
80	55	12	-134.459717
81	55	12	-139.1642
82	55	639	-140.430206
83	55	711	-138.952103
84	55	712	-136.695374
85	55	713	-132.046082
86	55	7	-124.150017
87	55	9	-110.856926
88	55	10	-95.200294
89	55	714	-76.153015
90	55	715	-56.203522
91	55	336	-35.742306
92	55	552	-17.744446
93	55	295	-6.419185
94	55	554	0
95	55	716	0
96	55	717	0
97	55	718	0
98	55	719	0
99	55	720	0
100	55	2	0
101	55	721	0
102	55	695	0
103	55	428	0
104	55	295	0
105	55	554	0
106	55	693	0
107	55	647	-0.083218
108	55	722	-4.705296
109	55	571	-20.99246
110	55	285	-48.39045
111	55	723	-83.255592
112	55	724	-119.378983
113	55	701	-148.607681
114	55	725	-163.86084
115	55	562	-168.623978
116	55	9	-167.245544
117	55	10	-161.614105
118	55	17	-152.657669
119	55	66	-140.618301
120	55	498	-125.266701
121	55	237	-106.884834
122	55	37	-85.828941
123	55	1	-62.712353
124	55	18	-38.93119
125	55	326	-17.509638
126	55	518	-3.539128
127	55	368	-0.174883
128	55	726	0
0	56	727	0
1	56	14	0
2	56	18	-0.00801
3	56	13	-1.190484
4	56	9	-12.133988
5	56	5	-20.313612
6	56	11	-24.90258
7	56	10	-22.755384
8	56	10	-7.893846
9	56	10	0
10	56	123	-0.04191
11	56	151	-1.870112
12	56	116	-8.528133
13	56	11	-21.051563
14	56	5	-39.063709
15	56	10	-61.687412
16	56	10	-84.240479
17	56	17	-102.587891
18	56	2	-115.650017
19	56	2	-121.738853
20	56	3	-114.354774
21	56	4	-90.627602
22	56	10	-66.803421
23	56	10	-43.482735
24	56	11	-19.915298
25	56	10	-11.765156
26	56	345	-5.788303
27	56	420	5.528018
28	56	435	19.113832
29	56	5	24.060959
30	56	532	19.227341
31	56	386	7.176765
32	56	367	1.165962
33	56	346	-4.57588
34	56	342	-11.957738
35	56	422	-21.642117
36	56	403	-21.979446
37	56	19	-19.703236
38	56	7	-22.749041
39	56	9	-22.507435
40	56	11	-29.574961
41	56	11	-38.140808
42	56	13	-48.631229
43	56	8	-55.104332
44	56	132	-53.733463
45	56	39	-43.372494
46	56	51	-22.088919
47	56	165	-7.703882
48	56	5	-8.863549
49	56	11	-14.953194
50	56	10	-19.785667
51	56	10	-33.328236
52	56	17	-47.003506
53	56	15	-60.539314
54	56	0	-70.625137
55	56	728	-78.03643
56	56	729	-84.069588
57	56	730	-90.339691
58	56	684	-89.086769
59	56	731	-91.01104
60	56	732	-85.452988
61	56	733	-85.491188
62	56	660	-88.504959
63	56	680	-94.956451
64	56	734	-103.721634
65	56	680	-107.248337
66	56	734	-114.42041
67	56	39	-121.931427
68	56	51	-127.761147
69	56	36	-130.235611
70	56	34	-125.092155
71	56	35	-115.862076
72	56	735	-105.722588
73	56	736	-92.865646
74	56	662	-87.871284
75	56	737	-92.322617
76	56	432	-92.365417
77	56	52	-98.76403
78	56	40	-112.500435
79	56	565	-129.293472
80	56	2	-136.426773
81	56	738	-140.378586
82	56	692	-140.783661
83	56	712	-140.191223
84	56	318	-139.43042
85	56	2	-139.032166
86	56	18	-131.160217
87	56	11	-118.657913
88	56	691	-103.693611
89	56	739	-87.059433
90	56	740	-67.794052
91	56	302	-50.772171
92	56	716	-36.87212
93	56	741	-26.616987
94	56	742	-15.635503
95	56	227	0
96	56	743	0
97	56	744	0
98	56	745	0
99	56	746	0
100	56	747	0
101	56	697	0
102	56	554	0
103	56	712	0
104	56	307	0
105	56	428	0
106	56	307	0
107	56	748	-0.165214
108	56	749	-5.574943
109	56	750	-24.608896
110	56	751	-53.435726
111	56	752	-90.007088
112	56	753	-125.79863
113	56	754	-153.080597
114	56	181	-167.578262
115	56	229	-172.751465
116	56	9	-172.189423
117	56	13	-167.117188
118	56	14	-158.961884
119	56	222	-147.647781
120	56	244	-132.498871
121	56	755	-113.900047
122	56	4	-92.164322
123	56	13	-68.139801
124	56	399	-43.568504
125	56	435	-21.116508
126	56	345	-5.477023
127	56	756	-0.389936
128	56	757	0
0	57	758	0
1	57	759	0
2	57	760	0
3	57	18	-0.089349
4	57	13	-5.479046
5	57	9	-21.48279
6	57	11	-26.424587
7	57	5	-25.681967
8	57	11	-16.908392
9	57	148	-0.613428
10	57	140	-0.475392
11	57	106	-3.745045
12	57	5	-10.505367
13	57	10	-20.084183
14	57	10	-35.379856
15	57	13	-59.081894
16	57	9	-86.579475
17	57	11	-110.223648
18	57	13	-125.776619
19	57	0	-129.674866
20	57	4	-117.684082
21	57	10	-99.870781
22	57	11	-79.252319
23	57	10	-56.652729
24	57	11	-31.380898
25	57	5	-18.22315
26	57	6	-11.213445
27	57	4	-2.52952
28	57	5	11.865712
29	57	345	16.999464
30	57	419	7.13384
31	57	366	-9.866667
32	57	518	-20.289103
33	57	414	-28.966843
34	57	654	-42.014385
35	57	343	-54.854439
36	57	19	-59.790058
37	57	12	-64.502693
38	57	4	-62.066677
39	57	11	-46.900597
40	57	10	-35.884338
41	57	17	-36.564888
42	57	2	-46.406494
43	57	29	-58.052307
44	57	149	-58.149151
45	57	34	-47.898846
46	57	133	-35.086899
47	57	190	-23.210594
48	57	9	-21.515263
49	57	13	-24.585987
50	57	8	-30.445585
51	57	9	-39.368706
52	57	6	-52.329865
53	57	42	-60.477367
54	57	682	-66.927971
55	57	761	-80.305298
56	57	728	-92.635101
57	57	762	-104.679192
58	57	680	-115.684906
59	57	734	-124.336319
60	57	680	-118.659538
61	57	734	-110.890221
62	57	704	-114.684433
63	57	660	-119.5336
64	57	39	-131.565414
65	57	51	-133.668167
66	57	37	-131.4198
67	57	703	-133.159882
68	57	659	-134.995468
69	57	660	-135.028442
70	57	35	-130.4599
71	57	763	-115.965843
72	57	764	-109.962769
73	57	765	-83.552345
74	57	766	-91.731537
75	57	767	-91.960426
76	57	3	-92.363411
77	57	38	-94.727844
78	57	165	-109.956848
79	57	13	-127.772362
80	57	9	-137.723526
81	57	396	-139.007675
82	57	475	-138.446426
83	57	335	-135.234222
84	57	541	-137.134201
85	57	538	-137.776962
86	57	13	-132.766541
87	57	9	-123.411896
88	57	691	-110.999588
89	57	768	-96.036125
90	57	769	-79.308159
91	57	770	-63.767498
92	57	68	-47.716553
93	57	6	-33.42432
94	57	241	-20.337317
95	57	95	-13.902182
96	57	771	0
97	57	772	0
98	57	773	0
99	57	374	0
100	57	554	0
101	57	551	0
102	57	551	0
103	57	295	0
104	57	554	0
105	57	569	0
106	57	774	0
107	57	775	-0.153721
108	57	776	-7.957727
109	57	295	-28.310087
110	57	777	-58.196064
111	57	778	-95.279778
112	57	241	-129.983414
113	57	546	-155.405029
114	57	560	-169.946716
115	57	7	-175.53656
116	57	14	-175.511917
117	57	18	-171.367233
118	57	154	-163.987335
119	57	238	-153.129303
120	57	202	-138.107697
121	57	7	-119.149002
122	57	0	-96.706497
123	57	12	-71.798012
124	57	4	-46.327343
125	57	10	-23.034075
126	57	779	-6.278271
127	57	780	-0.516174
128	57	781	0
0	58	781	0
1	58	782	0
2	58	5	0
3	58	17	0
4	58	18	-0.800731
5	58	5	-18.318262
6	58	10	-26.979643
7	58	11	-28.290871
8	58	13	-22.130272
9	58	268	-7.042014
10	58	140	-5.846669
11	58	105	-11.013497
12	58	106	-17.210773
13	58	11	-25.702692
14	58	17	-40.779621
15	58	18	-64.609612
16	58	13	-91.426056
17	58	783	-118.954048
18	58	784	-132.33139
19	58	785	-130.700516
20	58	9	-123.008781
21	58	5	-109.437035
22	58	326	-89.464378
23	58	328	-62.409168
24	58	10	-35.097637
25	58	6	-16.56839
26	58	362	-14.10968
27	58	328	-7.232167
28	58	11	4.402649
29	58	5	3.591977
30	58	434	-11.002151
31	58	435	-27.239147
32	58	13	-36.734249
33	58	14	-48.418877
34	58	389	-59.181213
35	58	491	-70.380638
36	58	1	-75.261589
37	58	18	-85.057396
38	58	5	-93.328117
39	58	10	-80.788513
40	58	10	-72.535873
41	58	5	-69.822372
42	58	11	-63.81955
43	58	154	-72.944115
44	58	35	-65.091209
45	58	35	-52.501057
46	58	37	-38.689045
47	58	4	-27.499468
48	58	6	-23.900431
49	58	19	-27.91383
50	58	4	-33.028748
51	58	17	-45.772728
52	58	93	-54.756477
53	58	657	-61.959595
54	58	786	-68.599632
55	58	42	-83.629456
56	58	43	-99.757111
57	58	51	-116.967697
58	58	704	-135.867844
59	58	660	-146.324203
60	58	39	-143.791168
61	58	707	-131.931122
62	58	787	-139.461288
63	58	149	-145.599701
64	58	733	-153.575241
65	58	788	-151.712402
66	58	683	-144.417145
67	58	684	-141.730911
68	58	734	-142.304382
69	58	35	-141.615631
70	58	789	-135.659134
71	58	790	-128.518005
72	58	739	-113.104286
73	58	791	-90.066544
74	58	792	-87.871353
75	58	17	-90.088997
76	58	222	-86.963936
77	58	129	-96.147873
78	58	14	-112.065834
79	58	15	-129.662003
80	58	8	-137.481781
81	58	8	-137.961563
82	58	793	-133.97345
83	58	794	-129.139969
84	58	795	-130.818665
85	58	796	-134.959122
86	58	797	-133.434769
87	58	715	-126.457642
88	58	798	-116.18718
89	58	766	-103.213173
90	58	795	-89.04882
91	58	799	-74.892815
92	58	61	-55.02523
93	58	66	-36.258152
94	58	185	-23.987062
95	58	193	-19.34404
96	58	800	0
97	58	541	0
98	58	462	0
99	58	307	0
100	58	696	0
101	58	428	0
102	58	307	0
103	58	696	0
104	58	801	0
105	58	802	0
106	58	803	0
107	58	568	-0.026529
108	58	555	-9.483398
109	58	804	-30.061342
110	58	159	-60.78056
111	58	241	-98.059914
112	58	247	-131.31163
113	58	0	-155.48114
114	58	1	-169.687683
115	58	15	-175.959198
116	58	8	-176.930359
117	58	132	-173.737213
118	58	253	-167.001495
119	58	168	-156.465347
120	58	170	-141.612442
121	58	181	-122.556587
122	58	159	-99.246429
123	58	4	-73.353653
124	58	13	-46.896252
125	58	805	-22.797482
126	58	781	-5.87586
127	58	781	-0.396545
128	58	781	0
0	59	806	0
1	59	807	0
2	59	11	0
3	59	11	0
4	59	5	0
5	59	11	-15.250097
6	59	10	-24.555662
7	59	17	-28.567381
8	59	18	-28.70274
9	59	148	-26.116766
10	59	279	-26.114426
11	59	165	-26.242687
12	59	11	-30.584515
13	59	11	-40.361053
14	59	11	-57.123764
15	59	6	-78.021126
16	59	808	-101.964951
17	59	809	-126.719025
18	59	601	-133.823318
19	59	4	-133.608994
20	59	326	-129.845032
21	59	363	-121.820595
22	59	300	-106.392807
23	59	10	-63.820282
24	59	17	-33.996433
25	59	583	-21.030933
26	59	300	-19.686892
27	59	10	-14.913972
28	59	5	-6.338508
29	59	17	-9.951108
30	59	15	-22.064789
31	59	0	-32.686115
32	59	810	-39.273815
33	59	600	-50.015213
34	59	601	-57.127666
35	59	4	-59.790169
36	59	5	-65.311615
37	59	10	-76.303093
38	59	5	-87.33567
39	59	5	-89.139618
40	59	5	-89.410271
41	59	11	-94.653564
42	59	233	-93.204819
43	59	51	-87.542213
44	59	39	-75.953453
45	59	44	-53.078529
46	59	7	-34.073586
47	59	14	-29.85309
48	59	2	-31.056257
49	59	18	-33.124458
50	59	13	-37.450596
51	59	0	-49.171383
52	59	19	-61.320465
53	59	42	-68.914421
54	59	43	-75.339035
55	59	40	-91.317207
56	59	43	-112.083305
57	59	707	-131.866272
58	59	734	-149.188965
59	59	37	-153.565994
60	59	38	-149.348907
61	59	133	-150.714752
62	59	208	-154.914688
63	59	811	-161.238922
64	59	636	-163.412979
65	59	731	-159.653595
66	59	812	-145.818314
67	59	35	-145.173111
68	59	39	-148.402557
69	59	4	-148.253708
70	59	5	-141.676651
71	59	691	-132.599121
72	59	792	-117.864159
73	59	10	-96.409134
74	59	5	-81.66745
75	59	154	-83.584267
76	59	37	-73.924019
77	59	4	-98.398941
78	59	17	-119.49131
79	59	2	-131.844025
80	59	2	-136.583572
81	59	738	-135.449158
82	59	790	-131.578796
83	59	790	-127.603645
84	59	790	-127.859253
85	59	813	-134.926544
86	59	640	-135.150894
87	59	814	-130.854492
88	59	815	-123.578049
89	59	790	-111.570618
90	59	816	-97.940125
91	59	60	-84.12265
92	59	169	-63.258064
93	59	171	-31.349483
94	59	494	-24
95	59	817	-13.10158
96	59	818	0
97	59	712	0
98	59	318	0
99	59	2	0
100	59	319	0
101	59	308	0
102	59	432	0
103	59	16	-0.000201
104	59	241	-0.001043
105	59	202	-0.000649
106	59	1	0
107	59	66	0
108	59	218	-8.612128
109	59	227	-29.268003
110	59	172	-60.282116
111	59	227	-97.464272
112	59	159	-129.563217
113	59	7	-152.837585
114	59	158	-166.786438
115	59	228	-173.814148
116	59	43	-175.443069
117	59	44	-172.725983
118	59	170	-166.379135
119	59	171	-156.307007
120	59	194	-142.017075
121	59	202	-123.115387
122	59	4	-99.399216
123	59	17	-72.422409
124	59	819	-44.925377
125	59	820	-20.234837
126	59	821	-4.256676
127	59	822	-0.153434
128	59	821	0
0	60	823	0
1	60	5	0
2	60	10	0
3	60	10	0
4	60	11	0
5	60	10	-5.588473
6	60	5	-18.155401
7	60	5	-32.868385
8	60	10	-38.950493
9	60	148	-37.120998
10	60	140	-40.165527
11	60	106	-42.505966
12	60	10	-48.054131
13	60	10	-60.714195
14	60	17	-78.692848
15	60	824	-98.120987
16	60	825	-116.152489
17	60	826	-130.587128
18	60	18	-135.168381
19	60	532	-136.832809
20	60	386	-137.29982
21	60	300	-136.904968
22	60	10	-129.497482
23	60	10	-83.229172
24	60	532	-36.348515
25	60	501	-27.795424
26	60	328	-23.212585
27	60	10	-20.433718
28	60	11	-17.878584
29	60	6	-22.74925
30	60	827	-30.317482
31	60	828	-37.112862
32	60	608	-43.973145
33	60	503	-48.53231
34	60	4	-48.795364
35	60	11	-37.423538
36	60	5	-36.824116
37	60	5	-50.951931
38	60	10	-65.249496
39	60	10	-69.810921
40	60	13	-73.867599
41	60	0	-80.568062
42	60	38	-84.866859
43	60	36	-86.571434
44	60	41	-75.592033
45	60	12	-50.452068
46	60	4	-37.370564
47	60	11	-37.740437
48	60	5	-42.914204
49	60	6	-49.813091
50	60	19	-53.709156
51	60	19	-60.059628
52	60	52	-72.416611
53	60	40	-76.452995
54	60	43	-84.67643
55	60	44	-104.619576
56	60	38	-124.645866
57	60	39	-137.224899
58	60	44	-147.965607
59	60	52	-154.891663
60	60	115	-155.675659
61	60	232	-157.481155
62	60	7	-161.215759
63	60	49	-164.22879
64	60	707	-164.76265
65	60	734	-161.28157
66	60	35	-148.05777
67	60	36	-145.191391
68	60	15	-150.666855
69	60	9	-148.648972
70	60	5	-140.143875
71	60	10	-129.345978
72	60	5	-114.676483
73	60	13	-97.709656
74	60	132	-83.383873
75	60	36	-78.925163
76	60	240	-88.85289
77	60	106	-111.487579
78	60	10	-126.372643
79	60	10	-133.928391
80	60	13	-135.245239
81	60	9	-131.798447
82	60	11	-127.777367
83	60	10	-129.15741
84	60	829	-131.08725
85	60	662	-138.372147
86	60	830	-140.155975
87	60	831	-141.484146
88	60	284	-137.258438
89	60	525	-125.787849
90	60	832	-108.578423
91	60	578	-89.919197
92	60	195	-69.532471
93	60	833	-41.02766
94	60	834	-12.815543
95	60	817	-4.109713
96	60	835	0
97	60	836	0
98	60	13	0
99	60	837	0
100	60	540	0
101	60	588	0
102	60	16	-0.021705
103	60	167	-0.06735
104	60	168	-0.097752
105	60	4	-0.07977
106	60	17	-0.0432
107	60	3	-0.152048
108	60	483	-4.728033
109	60	560	-25.683718
110	60	167	-55.660706
111	60	168	-92.655235
112	60	19	-124.411423
113	60	241	-146.988571
114	60	242	-160.83017
115	60	702	-168.176254
116	60	41	-169.467728
117	60	241	-166.624207
118	60	215	-160.565979
119	60	218	-151.077972
120	60	168	-137.661789
121	60	4	-119.656982
122	60	10	-96.147331
123	60	838	-68.384575
124	60	839	-40.043373
125	60	4	-15.581429
126	60	17	-2.167427
127	60	18	-0.026583
128	60	10	0
0	61	5	0
1	61	13	0
2	61	9	0
3	61	5	-0.000984
4	61	5	-0.049827
5	61	11	-2.690315
6	61	326	-29.149508
7	61	328	-39.573601
8	61	326	-44.771843
9	61	840	-45.95105
10	61	133	-50.023533
11	61	106	-54.867359
12	61	11	-64.413727
13	61	10	-80.817329
14	61	466	-97.822044
15	61	841	-111.739677
16	61	416	-122.186844
17	61	328	-129.746231
18	61	532	-134.285583
19	61	367	-138.545013
20	61	415	-143.877167
21	61	10	-146.709351
22	61	326	-136.161148
23	61	363	-112.989967
24	61	342	-48.057003
25	61	435	-31.323769
26	61	5	-25.366474
27	61	13	-22.304264
28	61	0	-24.7754
29	61	842	-26.540344
30	61	609	-28.781673
31	61	784	-38.252151
32	61	784	-53.384647
33	61	785	-52.439266
34	61	8	-41.650784
35	61	9	-21.323774
36	61	11	-14.698842
37	61	11	-28.616573
38	61	10	-45.285194
39	61	17	-48.33445
40	61	3	-50.63858
41	61	52	-56.411255
42	61	51	-64.227234
43	61	37	-74.382599
44	61	12	-77.413925
45	61	7	-57.490749
46	61	8	-46.99905
47	61	9	-48.488525
48	61	17	-55.653851
49	61	2	-68.737
50	61	3	-77.725365
51	61	12	-82.440125
52	61	38	-82.918648
53	61	37	-76.422432
54	61	42	-88.495956
55	61	43	-108.254761
56	61	44	-119.999695
57	61	1	-126.854675
58	61	2	-137.453049
59	61	15	-149.290207
60	61	14	-156.132446
61	61	2	-157.033997
62	61	3	-157.161346
63	61	38	-156.421432
64	61	35	-156.965637
65	61	39	-155.414642
66	61	51	-157.778473
67	61	0	-156.426056
68	61	4	-153.446106
69	61	5	-146.292755
70	61	13	-136.005905
71	61	9	-125.358978
72	61	6	-114.217628
73	61	130	-104.978218
74	61	207	-96.264984
75	61	51	-94.653831
76	61	165	-98.871948
77	61	11	-121.216225
78	61	714	-130.582993
79	61	843	-132.45578
80	61	309	-131.626785
81	61	714	-126.651009
82	61	844	-123.340553
83	61	845	-127.948586
84	61	846	-135.85817
85	61	847	-142.693909
86	61	291	-149.65065
87	61	295	-156.067719
88	61	442	-152.646988
89	61	552	-138.1465
90	61	848	-120.545265
91	61	494	-98.784508
92	61	578	-72.272308
93	61	833	-41.540424
94	61	834	-27.987551
95	61	616	0
96	61	68	0
97	61	6	0
98	61	626	0
99	61	849	0
100	61	16	0
101	61	16	-0.0687
102	61	1	-0.353341
103	61	2	-0.72395
104	61	15	-0.861911
105	61	9	-0.716096
106	61	17	-0.425554
107	61	18	-0.42553
108	61	157	-0.527901
109	61	181	-18.412315
110	61	159	-46.214249
111	61	19	-82.982712
112	61	241	-114.753334
113	61	195	-137.128159
114	61	263	-151.006012
115	61	37	-157.299896
116	61	167	-158.297577
117	61	168	-155.45047
118	61	16	-149.475082
119	61	16	-140.508041
120	61	4	-127.914719
121	61	10	-110.768677
122	61	5	-88.314995
123	61	17	-60.534016
124	61	18	-32.003521
125	61	10	-9.612482
126	61	11	-0.792183
127	61	10	0
128	61	13	0
0	62	0	0
1	62	7	-0.018649
2	62	533	-0.172292
3	62	344	-0.702183
4	62	533	-2.646016
5	62	363	-16.647999
6	62	300	-28.352085
7	62	345	-40.516014
8	62	850	-49.661263
9	62	51	-55.378685
10	62	133	-59.637844
11	62	190	-65.236145
12	62	104	-78.018478
13	62	106	-93.519226
14	62	10	-107.178238
15	62	532	-115.290161
16	62	501	-119.450645
17	62	347	-122.863304
18	62	435	-128.385178
19	62	5	-136.382065
20	62	11	-142.856537
21	62	345	-147.130295
22	62	420	-144.120316
23	62	343	-132.654663
24	62	7	-86.825821
25	62	9	-41.145584
26	62	17	-28.073006
27	62	2	-25.886076
28	62	389	-30.958145
29	62	851	-39.908886
30	62	852	-38.254227
31	62	853	-59.42197
32	62	854	-69.114555
33	62	784	-58.461704
34	62	390	-40.917934
35	62	13	-20.463207
36	62	8	-15.41289
37	62	9	-21.11338
38	62	10	-29.955826
39	62	6	-32.983681
40	62	12	-32.797707
41	62	38	-33.914074
42	62	37	-42.342651
43	62	19	-60.606228
44	62	16	-80.212288
45	62	16	-74.350639
46	62	7	-59.871136
47	62	9	-58.787441
48	62	5	-65.186485
49	62	6	-78.276527
50	62	12	-96.167984
51	62	52	-101.372017
52	62	40	-95.147224
53	62	43	-95.53952
54	62	44	-108.028938
55	62	16	-118.181374
56	62	7	-121.482597
57	62	9	-120.399521
58	62	6	-119.819168
59	62	4	-137.138092
60	62	13	-147.475342
61	62	0	-147.638336
62	62	52	-146.597031
63	62	51	-144.975647
64	62	37	-144.787186
65	62	52	-154.029007
66	62	12	-159.453079
67	62	7	-159.016174
68	62	8	-151.931
69	62	14	-140.040787
70	62	274	-128.578613
71	62	431	-120.481964
72	62	296	-115.540657
73	62	837	-113.282349
74	62	855	-111.067375
75	62	165	-111.318192
76	62	714	-115.052612
77	62	845	-126.208397
78	62	856	-129.05188
79	62	320	-127.759285
80	62	857	-127.937454
81	62	858	-126.439743
82	62	859	-126.724144
83	62	860	-131.037018
84	62	861	-138.09729
85	62	526	-146.645386
86	62	862	-159.623245
87	62	304	-167.808075
88	62	445	-165.532562
89	62	863	-152.085312
90	62	864	-132.61319
91	62	865	-110.014252
92	62	215	-81.81057
93	62	568	-46.078911
94	62	320	-36.766865
95	62	9	-9.04053
96	62	17	0
97	62	15	0
98	62	0	0
99	62	12	0
100	62	1	-0.029132
101	62	15	-0.653413
102	62	9	-1.835175
103	62	6	-2.551585
104	62	4	-2.650627
105	62	13	-2.233655
106	62	8	-1.505858
107	62	375	-0.798911
108	62	215	-1.255434
109	62	227	-8.951944
110	62	159	-32.828247
111	62	167	-66.836731
112	62	218	-98.937653
113	62	866	-122.239227
114	62	867	-135.279343
115	62	159	-140.804504
116	62	1	-141.705353
117	62	2	-138.97226
118	62	2	-133.242599
119	62	18	-124.683334
120	62	5	-112.863487
121	62	10	-96.871643
122	62	326	-75.214836
123	62	327	-48.396667
124	62	328	-21.093582
125	62	5	-4.179833
126	62	11	-0.140822
127	62	17	0
128	62	2	0
0	63	2	0
1	63	413	-0.470316
2	63	414	-2.556486
3	63	413	-6.977441
4	63	419	-13.808871
5	63	415	-25.365063
6	63	13	-34.744354
7	63	0	-44.448383
8	63	130	-56.017967
9	63	279	-63.367382
10	63	36	-69.482048
11	63	34	-76.180008
12	63	133	-86.011803
13	63	106	-97.366272
14	63	345	-107.040672
15	63	419	-111.211525
16	63	368	-111.639198
17	63	330	-113.207108
18	63	10	-118.704056
19	63	326	-131.492065
20	63	328	-141.402939
21	63	17	-147.824295
22	63	3	-149.295883
23	63	12	-142.656784
24	63	4	-126.681046
25	63	5	-79.980286
26	63	5	-39.239086
27	63	406	-32.814106
28	63	868	-58.199291
29	63	825	-72.821014
30	63	868	-80.547752
31	63	825	-87.721909
32	63	868	-82.056946
33	63	869	-63.856194
34	63	17	-41.118866
35	63	3	-28.157793
36	63	7	-21.807404
37	63	8	-21.452776
38	63	0	-22.766016
39	63	19	-26.269077
40	63	52	-24.786371
41	63	40	-25.642742
42	63	33	-35.819946
43	63	41	-55.944473
44	63	16	-79.733192
45	63	1	-81.593491
46	63	18	-70.472633
47	63	11	-68.471291
48	63	17	-73.49839
49	63	3	-84.847313
50	63	19	-104.803848
51	63	38	-117.919426
52	63	37	-120.27494
53	63	12	-126.192947
54	63	16	-133.233612
55	63	12	-135.15329
56	63	4	-131.808487
57	63	6	-124.891823
58	63	7	-123.888344
59	63	0	-136.025116
60	63	16	-136.64032
61	63	12	-136.008331
62	63	52	-140.678436
63	63	40	-145.16275
64	63	33	-145.066498
65	63	1	-154.924591
66	63	2	-158.854874
67	63	288	-154.40184
68	63	309	-143.999878
69	63	396	-128.828247
70	63	566	-110.696014
71	63	295	-114.573822
72	63	870	-118.459732
73	63	871	-122.016693
74	63	872	-121.459648
75	63	873	-122.553413
76	63	874	-125.442551
77	63	875	-128.016968
78	63	331	-122.810135
79	63	876	-127.76088
80	63	670	-134.674637
81	63	769	-136.813599
82	63	877	-139.121445
83	63	769	-138.57341
84	63	349	-141.777985
85	63	537	-150.503448
86	63	291	-163.353546
87	63	316	-172.098312
88	63	878	-170.722641
89	63	495	-161.137695
90	63	879	-143.574051
91	63	880	-120.698578
92	63	631	-99.764023
93	63	881	-62.897709
94	63	15	-54.317554
95	63	9	-34.486885
96	63	17	-2.230503
97	63	3	0
98	63	16	0
99	63	7	0
100	63	14	-0.411089
101	63	15	-2.798643
102	63	14	-4.539271
103	63	15	-5.211904
104	63	14	-5.003719
105	63	3	-4.105353
106	63	167	-2.895079
107	63	882	-0.400863
108	63	543	-0.719211
109	63	168	-1.056808
110	63	19	-16.128309
111	63	1	-44.313587
112	63	222	-75.836235
113	63	253	-98.963081
114	63	168	-112.214859
115	63	4	-118.427322
116	63	13	-120.123238
117	63	8	-118.15332
118	63	9	-113.036644
119	63	5	-105.027939
120	63	10	-93.806725
121	63	532	-78.476181
122	63	367	-57.869526
123	63	415	-32.283344
124	63	13	-9.854759
125	63	9	-1.087627
126	63	11	-0.00692
127	63	10	0
128	63	5	0
0	64	11	0
1	64	10	-3.206086
2	64	5	-11.595819
3	64	13	-24.248718
4	64	9	-31.212063
5	64	6	-36.752552
6	64	16	-49.494755
7	64	4	-56.03157
8	64	233	-67.226067
9	64	51	-71.294052
10	64	35	-77.573662
11	64	139	-83.402008
12	64	116	-90.11425
13	64	11	-96.066513
14	64	11	-100.590019
15	64	345	-101.89286
16	64	415	-102.67482
17	64	10	-105.050758
18	64	345	-108.581673
19	64	415	-124.179741
20	64	11	-139.67067
21	64	17	-146.816086
22	64	2	-149.351288
23	64	15	-148.650208
24	64	9	-142.705505
25	64	11	-129.515015
26	64	17	-98.547638
27	64	883	-96.990417
28	64	841	-117.126465
29	64	607	-114.634773
30	64	826	-108.480537
31	64	883	-102.602982
32	64	884	-88.539864
33	64	9	-65.953156
34	64	17	-48.492443
35	64	3	-38.531013
36	64	16	-33.085907
37	64	12	-29.274685
38	64	12	-25.575518
39	64	1	-28.156309
40	64	222	-31.662531
41	64	39	-32.562668
42	64	44	-43.810322
43	64	1	-58.759895
44	64	18	-76.784584
45	64	5	-86.323265
46	64	13	-83.191994
47	64	8	-80.939705
48	64	14	-85.53109
49	64	3	-96.531082
50	64	52	-112.655922
51	64	44	-129.538864
52	64	19	-141.130829
53	64	12	-145.947678
54	64	1	-149.106964
55	64	18	-148.814545
56	64	17	-143.702484
57	64	2	-138.073608
58	64	3	-136.6353
59	64	16	-132.803406
60	64	16	-128.309692
61	64	12	-127.102692
62	64	52	-136.043427
63	64	50	-151.709152
64	64	15	-151.104782
65	64	525	-154.242355
66	64	462	-153.665115
67	64	349	-144.906647
68	64	538	-126.20327
69	64	473	-110.991547
70	64	885	-97.772125
71	64	871	-103.920166
72	64	39	-119.249786
73	64	886	-128.02272
74	64	292	-133.201782
75	64	332	-127.292671
76	64	307	-132.013535
77	64	887	-125.673698
78	64	888	-119.367401
79	64	889	-125.659576
80	64	890	-139.119171
81	64	891	-141.740173
82	64	892	-143.961334
83	64	428	-152.389297
84	64	551	-149.02916
85	64	526	-151.336517
86	64	476	-164.309296
87	64	317	-169.324097
88	64	295	-170.278275
89	64	554	-162.263885
90	64	307	-145.822876
91	64	474	-127.245758
92	64	476	-104.627357
93	64	6	-87.884033
94	64	4	-66.998688
95	64	10	-50.842102
96	64	17	-38.576763
97	64	2	-10.504444
98	64	2	0
99	64	18	-0.104034
100	64	6	-2.72902
101	64	4	-6.403542
102	64	17	-8.009092
103	64	18	-8.230197
104	64	6	-7.071298
105	64	19	-4.166993
106	64	893	-0.021706
107	64	894	6.446123
108	64	12	5.450338
109	64	19	0.089464
110	64	7	-2.780786
111	64	49	-20.190964
112	64	40	-47.203327
113	64	565	-69.383812
114	64	18	-83.781181
115	64	6	-92.088524
116	64	12	-96.362106
117	64	7	-95.681633
118	64	8	-90.241379
119	64	533	-82.67231
120	64	518	-72.03022
121	64	415	-57.157864
122	64	5	-37.777397
123	64	17	-14.195551
124	64	18	-2.435806
125	64	10	-0.109775
126	64	5	0
127	64	11	0
128	64	10	0
0	65	5	0
1	65	11	-9.461233
2	65	17	-27.6602
3	65	416	-38.867645
4	65	895	-46.748291
5	65	325	-52.180695
6	65	7	-57.127357
7	65	0	-63.703453
8	65	130	-71.486458
9	65	279	-77.288864
10	65	133	-82.027809
11	65	106	-87.150085
12	65	5	-91.04007
13	65	11	-91.599762
14	65	10	-90.109818
15	65	5	-88.345955
16	65	10	-89.823532
17	65	11	-93.901794
18	65	5	-98.763359
19	65	11	-113.357399
20	65	10	-130.946121
21	65	5	-139.751526
22	65	6	-144.928284
23	65	4	-148.642029
24	65	10	-147.391525
25	65	326	-145.199097
26	65	327	-139.292786
27	65	328	-133.398514
28	65	17	-137.128296
29	65	18	-129.38443
30	65	13	-117.317612
31	65	0	-104.171326
32	65	4	-86.695404
33	65	10	-67.694527
34	65	6	-55.807953
35	65	19	-50.124363
36	65	16	-51.657764
37	65	1	-51.711178
38	65	15	-40.817009
39	65	49	-35.040417
40	65	40	-40.006626
41	65	41	-41.986988
42	65	7	-41.002846
43	65	8	-44.26405
44	65	8	-63.045166
45	65	14	-83.801239
46	65	2	-92.053146
47	65	18	-92.661476
48	65	17	-94.66835
49	65	3	-103.450829
50	65	1	-117.341118
51	65	2	-131.633224
52	65	2	-142.814774
53	65	18	-146.130157
54	65	5	-146.648621
55	65	11	-148.085663
56	65	13	-147.451187
57	65	14	-140.280426
58	65	3	-128.982925
59	65	16	-122.513969
60	65	12	-122.445442
61	65	12	-123.719017
62	65	1	-135.754471
63	65	14	-147.083603
64	65	627	-148.783676
65	65	566	-147.514816
66	65	526	-142.619095
67	65	335	-129.550125
68	65	575	-111.442322
69	65	38	-95.010536
70	65	39	-84.374924
71	65	44	-92.454552
72	65	576	-111.746529
73	65	315	-127.5924
74	65	896	-135.860626
75	65	447	-135.829254
76	65	18	-127.802116
77	65	5	-125.563316
78	65	13	-119.020439
79	65	525	-127.207741
80	65	462	-133.206192
81	65	295	-130.481125
82	65	897	-139.023972
83	65	475	-154.555115
84	65	335	-162.861816
85	65	538	-163.526718
86	65	317	-163.687531
87	65	712	-164.370529
88	65	712	-163.804428
89	65	713	-160.831985
90	65	4	-150.604233
91	65	11	-131.701691
92	65	17	-110.708221
93	65	15	-95.507675
94	65	8	-76.099274
95	65	9	-61.758423
96	65	13	-47.854122
97	65	9	-27.929033
98	65	13	-1.455165
99	65	458	-2.687885
100	65	164	-8.31013
101	65	8	-11.067684
102	65	8	-11.187507
103	65	0	-10.653456
104	65	542	-5.438469
105	65	898	-0.160476
106	65	744	5.628584
107	65	651	16.631708
108	65	651	13.28602
109	65	678	0.926165
110	65	12	-0.298264
111	65	38	-7.763266
112	65	133	-24.845602
113	65	899	-42.64296
114	65	900	-56.142025
115	65	901	-66.244164
116	65	41	-74.4786
117	65	16	-76.338181
118	65	380	-70.189377
119	65	415	-62.14246
120	65	5	-50.273773
121	65	11	-35.35812
122	65	11	-17.392334
123	65	13	-3.39484
124	65	8	-0.338874
125	65	8	-0.001073
126	65	9	0
127	65	10	0
128	65	5	0
0	66	326	0
1	66	328	-18.781765
2	66	532	-34.624905
3	66	386	-47.385208
4	66	423	-55.791912
5	66	325	-61.509117
6	66	12	-72.060081
7	66	7	-79.430527
8	66	268	-74.82502
9	66	279	-78.595924
10	66	133	-83.526436
11	66	106	-88.147682
12	66	5	-90.231056
13	66	10	-86.206192
14	66	11	-78.528549
15	66	5	-71.220673
16	66	5	-69.468918
17	66	13	-83.861816
18	66	9	-92.741302
19	66	11	-101.122749
20	66	10	-116.762711
21	66	17	-127.807465
22	66	18	-136.368607
23	66	13	-141.440948
24	66	365	-142.583435
25	66	419	-142.431412
26	66	415	-137.619125
27	66	326	-133.482559
28	66	327	-132.179443
29	66	895	-126.276062
30	66	324	-110.74662
31	66	330	-92.764877
32	66	13	-76.277992
33	66	0	-66.219185
34	66	16	-60.470394
35	66	16	-58.746525
36	66	4	-62.489483
37	66	6	-63.835819
38	66	19	-54.174625
39	66	38	-46.416836
40	66	36	-47.738487
41	66	41	-47.925533
42	66	16	-39.615108
43	66	1	-36.753841
44	66	18	-53.085457
45	66	10	-70.522331
46	66	13	-78.729607
47	66	9	-87.274437
48	66	17	-95.821724
49	66	18	-104.449257
50	66	10	-112.706276
51	66	5	-120.631042
52	66	5	-128.32103
53	66	11	-131.861343
54	66	5	-132.204422
55	66	17	-131.279984
56	66	18	-132.239944
57	66	17	-127.848366
58	66	3	-121.475945
59	66	1	-117.651566
60	66	3	-119.038208
61	66	4	-127.890938
62	66	4	-135.407181
63	66	5	-141.192932
64	66	473	-141.988998
65	66	902	-137.391663
66	66	473	-131.026367
67	66	588	-119.213295
68	66	38	-104.411301
69	66	36	-86.57518
70	66	41	-73.394257
71	66	1	-71.449951
72	66	627	-99.980957
73	66	397	-121.958908
74	66	18	-132.370651
75	66	10	-135.298843
76	66	10	-132.440125
77	66	17	-129.197006
78	66	627	-129.598236
79	66	862	-127.137825
80	66	552	-118.836327
81	66	349	-117.182648
82	66	284	-125.66848
83	66	294	-150.152328
84	66	349	-163.945892
85	66	462	-166.331207
86	66	551	-163.35585
87	66	551	-157.293365
88	66	318	-156.181503
89	66	18	-159.755508
90	66	13	-153.032761
91	66	9	-139.936401
92	66	17	-125.175179
93	66	2	-105.364334
94	66	15	-84.791176
95	66	0	-73.094536
96	66	7	-58.353928
97	66	0	-41.980328
98	66	52	-19.01915
99	66	40	-13.867333
100	66	33	-15.623538
101	66	41	-12.259719
102	66	16	0.724856
103	66	903	-1.962791
104	66	744	0.492265
105	66	898	6.141359
106	66	904	11.688166
107	66	719	18.554239
108	66	744	16.388111
109	66	678	0.899128
110	66	38	-0.410317
111	66	35	-4.314854
112	66	905	-13.347505
113	66	906	-24.474367
114	66	907	-34.370869
115	66	908	-44.193298
116	66	909	-55.920086
117	66	18	-62.271095
118	66	11	-63.101231
119	66	5	-56.371826
120	66	5	-40.313633
121	66	10	-17.40126
122	66	6	-4.046419
123	66	1	-0.540096
124	66	2	-0.021554
125	66	15	0
126	66	9	0
127	66	10	0
128	66	345	0
0	67	415	0
1	67	434	-20.32299
2	67	421	-35.214195
3	67	422	-47.360851
4	67	423	-56.077282
5	67	910	-70.577309
6	67	491	-77.734138
7	67	4	-79.68512
8	67	148	-82.587357
9	67	279	-76.034142
10	67	165	-82.043884
11	67	10	-86.743637
12	67	11	-87.431
13	67	10	-80.251823
14	67	10	-70.231438
15	67	10	-60.768688
16	67	17	-63.155426
17	67	18	-86.502647
18	67	11	-96.772751
19	67	5	-99.639214
20	67	5	-107.154884
21	67	5	-118.686798
22	67	6	-127.038971
23	67	4	-129.971146
24	67	5	-128.789566
25	67	326	-127.432472
26	67	363	-124.686714
27	67	342	-120.960327
28	67	422	-117.567398
29	67	367	-111.367889
30	67	366	-91.49659
31	67	424	-70.421715
32	67	16	-60.275574
33	67	1	-55.166229
34	67	2	-53.739098
35	67	15	-53.072777
36	67	0	-54.85759
37	67	42	-57.745617
38	67	34	-51.835419
39	67	39	-47.997456
40	67	44	-49.460598
41	67	12	-48.447296
42	67	4	-47.391994
43	67	10	-46.365032
44	67	10	-46.495567
45	67	6	-53.499363
46	67	7	-67.502579
47	67	9	-81.864204
48	67	5	-96.634285
49	67	5	-103.974007
50	67	11	-108.225967
51	67	11	-111.59977
52	67	5	-115.06308
53	67	11	-116.937263
54	67	10	-117.514755
55	67	5	-122.598839
56	67	5	-125.33773
57	67	6	-124.046013
58	67	4	-122.649017
59	67	6	-121.526817
60	67	4	-122.448975
61	67	4	-130.834579
62	67	11	-136.426422
63	67	6	-138.020813
64	67	7	-133.80426
65	67	0	-126.104408
66	67	19	-118.992805
67	67	52	-110.46627
68	67	51	-98.081139
69	67	37	-80.827461
70	67	4	-65.081886
71	67	10	-60.043411
72	67	13	-78.2351
73	67	525	-110.954681
74	67	538	-127.350548
75	67	13	-133.518219
76	67	9	-133.086807
77	67	280	-130.03006
78	67	911	-125.810532
79	67	912	-116.105957
80	67	460	-108.266144
81	67	913	-106.152306
82	67	576	-120.977112
83	67	428	-144.183044
84	67	307	-158.466843
85	67	428	-165.476776
86	67	551	-161.974182
87	67	282	-156.533401
88	67	8	-153.245361
89	67	14	-157.082703
90	67	18	-151.532166
91	67	13	-142.966934
92	67	8	-132.162842
93	67	0	-114.9963
94	67	19	-95.478142
95	67	1	-77.375626
96	67	32	-61.013863
97	67	33	-44.553921
98	67	34	-31.246035
99	67	35	-22.903811
100	67	37	-15.703703
101	67	12	1.287498
102	67	16	19.436302
103	67	893	12.62163
104	67	914	9.958405
105	67	915	12.958316
106	67	914	17.25988
107	67	916	20.041315
108	67	778	18.003706
109	67	38	1.931016
110	67	35	-0.379494
111	67	905	-2.786733
112	67	917	-7.667269
113	67	918	-13.826365
114	67	919	-19.554676
115	67	920	-25.855453
116	67	9	-37.67556
117	67	10	-48.73262
118	67	779	-61.098671
119	67	759	-62.575958
120	67	921	-41.175865
121	67	0	-12.332824
122	67	4	-0.543761
123	67	5	-0.034992
124	67	17	0
125	67	15	0
126	67	9	0
127	67	13	0
128	67	9	0
0	68	329	0
1	68	324	-15.227352
2	68	519	-29.904634
3	68	422	-40.476746
4	68	922	-50.34903
5	68	609	-65.910385
6	68	785	-74.577644
7	68	8	-87.316246
8	68	132	-86.383919
9	68	133	-71.202698
10	68	106	-76.819511
11	68	13	-79.904266
12	68	8	-76.855034
13	68	8	-71.533401
14	68	9	-68.668785
15	68	10	-60.502617
16	68	11	-68.381386
17	68	5	-88.508537
18	68	10	-98.656036
19	68	11	-102.878998
20	68	11	-107.036331
21	68	17	-114.143372
22	68	18	-122.331268
23	68	326	-117.883453
24	68	518	-115.695969
25	68	419	-114.254593
26	68	368	-109.906906
27	68	441	-103.562614
28	68	415	-97.374512
29	68	434	-83.85495
30	68	343	-61.452011
31	68	12	-49.209927
32	68	7	-40.782894
33	68	8	-37.213257
34	68	0	-37.361614
35	68	42	-39.687843
36	68	43	-40.822292
37	68	50	-40.515285
38	68	44	-38.319168
39	68	12	-37.290714
40	68	12	-38.982021
41	68	7	-39.494644
42	68	8	-40.177574
43	68	8	-41.537445
44	68	14	-47.730206
45	68	2	-61.343758
46	68	18	-78.505501
47	68	10	-93.58416
48	68	11	-103.492073
49	68	13	-106.214363
50	68	8	-108.101067
51	68	9	-110.68718
52	68	10	-113.48909
53	68	5	-115.897789
54	68	13	-122.286575
55	68	8	-130.87825
56	68	0	-136.198746
57	68	7	-139.810089
58	68	0	-142.109329
59	68	4	-140.627274
60	68	7	-131.397491
61	68	8	-132.757751
62	68	0	-135.314636
63	68	170	-133.529877
64	68	159	-124.307281
65	68	19	-111.668839
66	68	12	-105.523071
67	68	38	-100.489143
68	68	37	-90.308098
69	68	7	-72.434113
70	68	8	-55.059536
71	68	0	-45.207638
72	68	312	-55.965748
73	68	349	-90.554207
74	68	575	-121.777672
75	68	4	-132.244354
76	68	923	-131.024445
77	68	924	-126.759903
78	68	925	-121.097778
79	68	926	-109.576584
80	68	927	-101.853493
81	68	928	-101.738182
82	68	332	-110.029747
83	68	292	-129.789337
84	68	332	-151.70784
85	68	712	-161.548584
86	68	713	-161.63385
87	68	12	-158.898239
88	68	7	-156.795792
89	68	8	-151.412155
90	68	0	-144.073608
91	68	12	-139.870621
92	68	12	-132.33345
93	68	19	-117.30368
94	68	156	-96.323311
95	68	155	-75.102577
96	68	35	-56.687202
97	68	35	-41.616074
98	68	39	-29.391712
99	68	40	-20.303019
100	68	41	-2.168645
101	68	542	12.547482
102	68	929	14.996936
103	68	907	13.054157
104	68	930	14.879714
105	68	931	19.009947
106	68	932	22.895802
107	68	41	24.735924
108	68	38	20.979792
109	68	35	5.465451
110	68	933	0.200496
111	68	934	-1.153794
112	68	36	-3.84939
113	68	43	-7.204786
114	68	935	-10.136976
115	68	727	-12.147741
116	68	9	-20.981745
117	68	936	-31.406927
118	68	937	-51.313278
119	68	938	-60.431492
120	68	12	-42.863731
121	68	4	-15.604926
122	68	11	-4.126958
123	68	10	-1.456426
124	68	17	0
125	68	18	0
126	68	329	0
127	68	405	0
128	68	518	0
0	69	420	0
1	69	939	-5.379961
2	69	940	-19.285982
3	69	941	-28.72093
4	69	851	-40.616489
5	69	601	-57.817398
6	69	1	-83.801338
7	69	222	-88.391418
8	69	139	-86.706261
9	69	116	-77.375595
10	69	6	-67.362961
11	69	16	-66.895126
12	69	12	-61.509201
13	69	4	-55.946205
14	69	13	-56.817245
15	69	8	-52.305908
16	69	9	-55.992123
17	69	10	-76.777878
18	69	10	-90.826515
19	69	11	-99.057571
20	69	10	-104.691986
21	69	13	-108.852188
22	69	365	-109.334801
23	69	415	-108.398613
24	69	10	-108.086823
25	69	434	-107.229927
26	69	435	-99.140099
27	69	13	-80.091202
28	69	0	-68.188293
29	69	19	-53.939514
30	69	12	-40.818062
31	69	16	-30.834335
32	69	19	-24.506277
33	69	42	-22.702726
34	69	34	-22.817204
35	69	36	-24.861631
36	69	41	-25.60565
37	69	827	-24.582174
38	69	491	-23.618704
39	69	19	-23.911676
40	69	16	-25.039642
41	69	19	-26.933899
42	69	12	-29.089819
43	69	4	-33.351055
44	69	5	-43.579662
45	69	5	-63.541252
46	69	11	-86.14566
47	69	10	-102.748711
48	69	17	-112.192162
49	69	2	-115.335838
50	69	18	-115.830841
51	69	5	-118.808235
52	69	10	-124.061386
53	69	17	-131.564056
54	69	2	-140.515869
55	69	3	-146.655106
56	69	19	-149.514954
57	69	1	-151.413879
58	69	18	-153.38736
59	69	12	-153.593201
60	69	19	-147.363373
61	69	16	-137.368408
62	69	241	-135.714203
63	69	95	-126.846336
64	69	159	-111.892693
65	69	16	-98.504654
66	69	38	-91.546486
67	69	36	-85.548889
68	69	41	-75.393211
69	69	1	-63.363121
70	69	2	-46.418488
71	69	306	-25.419458
72	69	551	-34.620792
73	69	713	-73.194321
74	69	7	-109.833557
75	69	9	-125.917175
76	69	17	-125.095078
77	69	2	-121.185577
78	69	18	-116.365067
79	69	10	-108.976448
80	69	942	-97.326698
81	69	393	-89.902489
82	69	304	-94.756348
83	69	291	-109.405914
84	69	307	-132.216873
85	69	588	-143.15303
86	69	19	-150.844376
87	69	16	-153.947525
88	69	16	-152.234955
89	69	12	-144.011887
90	69	16	-133.970093
91	69	19	-129.771683
92	69	16	-125.235909
93	69	52	-107.574181
94	69	51	-87.007233
95	69	35	-64.687508
96	69	35	-44.698025
97	69	36	-27.160532
98	69	34	-16.07666
99	69	37	-7.181719
100	69	893	10.667769
101	69	719	19.132601
102	69	904	14.409394
103	69	907	13.293314
104	69	943	17.266047
105	69	944	22.997505
106	69	932	28.596554
107	69	34	32.671906
108	69	35	20.968159
109	69	35	6.306768
110	69	39	2.984111
111	69	51	1.537987
112	69	945	-0.529514
113	69	946	-2.751813
114	69	947	-4.442748
115	69	727	-4.974306
116	69	948	-9.4716
117	69	949	-18.075434
118	69	565	-33.535755
119	69	32	-46.065163
120	69	164	-36.142422
121	69	104	-18.899899
122	69	190	-13.655634
123	69	9	-10.035805
124	69	5	-4.090749
125	69	345	-0.396003
126	69	419	0
127	69	366	0
128	69	950	0
0	70	828	0
1	70	868	-0.430714
2	70	809	-5.838895
3	70	951	-14.933302
4	70	841	-25.944973
5	70	137	-47.884045
6	70	155	-71.014153
7	70	165	-85.159729
8	70	13	-87.402321
9	70	0	-78.715324
10	70	827	-64.96376
11	70	491	-59.878689
12	70	7	-50.931782
13	70	14	-37.612232
14	70	3	-27.160046
15	70	7	-30.280882
16	70	599	-39.44466
17	70	536	-55.682972
18	70	599	-72.545258
19	70	536	-88.322762
20	70	0	-99.213318
21	70	7	-101.892906
22	70	8	-106.092941
23	70	9	-106.466881
24	70	17	-106.462448
25	70	15	-104.912361
26	70	14	-89.290688
27	70	3	-63.128464
28	70	1	-45.677288
29	70	3	-32.248878
30	70	16	-23.060236
31	70	42	-16.02397
32	70	34	-11.901188
33	70	35	-11.437414
34	70	39	-11.399339
35	70	44	-12.363267
36	70	842	-12.712217
37	70	609	-11.340221
38	70	491	-9.854601
39	70	16	-10.414844
40	70	16	-12.678113
41	70	1	-14.983826
42	70	18	-18.409777
43	70	5	-24.6623
44	70	10	-35.796173
45	70	10	-55.375431
46	70	10	-79.890076
47	70	5	-103.650406
48	70	10	-116.697739
49	70	5	-123.486954
50	70	11	-128.816086
51	70	5	-134.835022
52	70	11	-143.982712
53	70	13	-151.525482
54	70	14	-156.376968
55	70	2	-158.038742
56	70	18	-155.278961
57	70	10	-155.706848
58	70	2	-156.966034
59	70	3	-155.508804
60	70	1	-150.580154
61	70	73	-140.452316
62	70	484	-133.239532
63	70	95	-118.414917
64	70	159	-101.665199
65	70	52	-85.813866
66	70	51	-77.655449
67	70	36	-72.675873
68	70	164	-61.618729
69	70	8	-44.874992
70	70	294	-26.174553
71	70	551	-13.2317
72	70	318	-12.315681
73	70	3	-62.406818
74	70	7	-94.549088
75	70	9	-113.352242
76	70	5	-114.513077
77	70	13	-112.255913
78	70	952	-108.555595
79	70	953	-104.90506
80	70	954	-86.048241
81	70	393	-77.327179
82	70	552	-80.577492
83	70	295	-89.419456
84	70	432	-106.616074
85	70	12	-118.32402
86	70	19	-126.41861
87	70	19	-130.267059
88	70	12	-130.452133
89	70	12	-119.477814
90	70	955	-113.154343
91	70	956	-112.690918
92	70	955	-104.454651
93	70	957	-86.106209
94	70	958	-67.121048
95	70	35	-45.594711
96	70	39	-22.066565
97	70	51	-3.835762
98	70	37	6.332648
99	70	903	9.217249
100	70	959	18.671625
101	70	960	19.376257
102	70	918	15.884974
103	70	778	16.540602
104	70	893	19.715109
105	70	961	25.111668
106	70	50	33.345295
107	70	51	40.601746
108	70	39	27.275194
109	70	44	13.937399
110	70	962	9.649633
111	70	963	6.275054
112	70	820	3.201317
113	70	964	0.638596
114	70	947	-1.02912
115	70	965	-1.691724
116	70	966	-4.867797
117	70	967	-11.137478
118	70	968	-22.757212
119	70	969	-30.807852
120	70	970	-26.928284
121	70	969	-20.697144
122	70	122	-21.887682
123	70	11	-20.296232
124	70	11	-11.347128
125	70	5	-4.231853
126	70	434	-1.176868
127	70	971	0
128	70	601	0
0	71	808	0
1	71	972	0
2	71	973	-0.489655
3	71	8	-3.944073
4	71	132	-11.51019
5	71	139	-35.279362
6	71	116	-61.702271
7	71	6	-77.71666
8	71	12	-83.453026
9	71	808	-78.366249
10	71	854	-69.188354
11	71	491	-61.079063
12	71	4	-48.389954
13	71	436	-28.080526
14	71	491	-7.814021
15	71	842	-15.585895
16	71	609	-25.599005
17	71	851	-37.247738
18	71	854	-47.541599
19	71	491	-71.777733
20	71	12	-93.144691
21	71	1	-103.202751
22	71	18	-107.65168
23	71	5	-109.051109
24	71	17	-106.397293
25	71	18	-98.876816
26	71	17	-77.670746
27	71	18	-51.299118
28	71	6	-33.295345
29	71	16	-19.719696
30	71	38	-10.855006
31	71	35	-5.717867
32	71	39	-2.91152
33	71	44	-2.094515
34	71	827	-3.48141
35	71	784	-3.923267
36	71	828	-4.364204
37	71	826	-3.07601
38	71	2	-0.575412
39	71	2	-1.591094
40	71	18	-4.992706
41	71	5	-8.550786
42	71	11	-12.675344
43	71	11	-18.647253
44	71	10	-28.574894
45	71	10	-44.879429
46	71	11	-68.121849
47	71	10	-93.200035
48	71	11	-114.968445
49	71	5	-127.638908
50	71	13	-137.286667
51	71	8	-149.347061
52	71	14	-157.503723
53	71	15	-162.598541
54	71	9	-165.129547
55	71	5	-164.394791
56	71	5	-159.73259
57	71	9	-157.832809
58	71	17	-156.306625
59	71	18	-155.056534
60	71	13	-147.679474
61	71	375	-135.592789
62	71	215	-124.313583
63	71	168	-113.133682
64	71	19	-96.590248
65	71	52	-79.403122
66	71	51	-70.724922
67	71	37	-62.571556
68	71	1	-51.080059
69	71	627	-39.246265
70	71	566	-18.21361
71	71	316	1.805151
72	71	17	7.19072
73	71	2	-62.333775
74	71	18	-86.882912
75	71	10	-99.28215
76	71	374	-102.178391
77	71	974	-100.145081
78	71	925	-96.215935
79	71	975	-86.344955
80	71	976	-70.467926
81	71	302	-64.156097
82	71	551	-65.440407
83	71	713	-70.492821
84	71	12	-78.274773
85	71	19	-86.952087
86	71	12	-94.503059
87	71	42	-98.275955
88	71	977	-97.882286
89	71	978	-90.053131
90	71	979	-82.506065
91	71	980	-79.503319
92	71	981	-69.340408
93	71	982	-57.312492
94	71	983	-42.14772
95	71	984	-18.705057
96	71	985	7.145001
97	71	36	24.762741
98	71	33	31.369959
99	71	34	32.661434
100	71	986	28.064106
101	71	908	18.104212
102	71	651	18.517529
103	71	987	24.163074
104	71	988	29.320597
105	71	12	33.094563
106	71	52	40.465607
107	71	40	52.529835
108	71	33	42.312931
109	71	989	29.174709
110	71	990	20.496469
111	71	991	13.418639
112	71	946	7.823808
113	71	781	3.585228
114	71	947	0.979145
115	71	946	-0.181789
116	71	820	-2.205653
117	71	964	-8.411731
118	71	992	-18.200089
119	71	993	-23.728819
120	71	994	-18.444643
121	71	199	-15.097397
122	71	11	-19.313789
123	71	13	-21.16967
124	71	8	-14.333492
125	71	0	-6.957603
126	71	842	-2.594337
127	71	609	-0.020703
128	71	851	0
0	72	852	0
1	72	995	0
2	72	3	0
3	72	38	-1.469866
4	72	165	-7.367742
5	72	13	-18.939997
6	72	0	-46.026657
7	72	827	-66.435165
8	72	851	-72.157066
9	72	996	-78.102448
10	72	854	-77.016052
11	72	785	-68.021553
12	72	997	-54.009235
13	72	854	-32.623528
14	72	784	-7.892207
15	72	851	-1.505869
16	72	996	-6.78516
17	72	825	-16.433186
18	72	503	-40.456928
19	72	827	-65.120064
20	72	785	-88.954735
21	72	8	-102.976913
22	72	9	-109.029121
23	72	5	-108.966965
24	72	13	-103.923775
25	72	9	-92.457901
26	72	11	-67.051559
27	72	6	-41.925697
28	72	19	-25.003851
29	72	38	-12.762253
30	72	35	-5.139857
31	72	37	-1.303493
32	72	12	-0.088854
33	72	842	-0.300372
34	72	868	-0.547242
35	72	601	-0.750911
36	72	4	-0.623819
37	72	11	0.822105
38	72	5	3.150078
39	72	5	1.988484
40	72	5	-1.76453
41	72	10	-5.723346
42	72	10	-9.828761
43	72	11	-15.187325
44	72	11	-24.077364
45	72	11	-37.046688
46	72	11	-56.430698
47	72	5	-82.882706
48	72	5	-109.290207
49	72	17	-126.146935
50	72	2	-141.415054
51	72	18	-153.472488
52	72	17	-160.551849
53	72	15	-165.796585
54	72	9	-168.046326
55	72	10	-166.610413
56	72	18	-164.505188
57	72	5	-161.769394
58	72	5	-158.542358
59	72	17	-149.973007
60	72	66	-137.77034
61	72	254	-123.526382
62	72	53	-114.920708
63	72	159	-110.738708
64	72	12	-97.90818
65	72	38	-78.107658
66	72	200	-65.25737
67	72	18	-52.559361
68	72	13	-38.531723
69	72	294	-21.058542
70	72	316	-2.771968
71	72	5	5.90112
72	72	11	14.747814
73	72	10	-64.091606
74	72	13	-82.880524
75	72	294	-87.823685
76	72	295	-88.401344
77	72	432	-85.670135
78	72	998	-80.170219
79	72	999	-68.897507
80	72	314	-54.680386
81	72	428	-48.399837
82	72	713	-47.495178
83	72	16	-48.542797
84	72	16	-47.859692
85	72	19	-47.463604
86	72	38	-47.696869
87	72	1000	-62.81617
88	72	1001	-64.010918
89	72	1002	-60.626423
90	72	983	-53.190315
91	72	1003	-41.241669
92	72	1004	-30.581934
93	72	1005	-26.974697
94	72	981	-12.094435
95	72	1006	7.538361
96	72	1007	36.590256
97	72	958	51.278866
98	72	39	55.613865
99	72	1008	55.41251
100	72	1009	43.429329
101	72	1009	24.903444
102	72	1010	25.752056
103	72	44	32.37653
104	72	12	38.296856
105	72	16	45.525112
106	72	52	56.726021
107	72	1011	66.308258
108	72	1012	54.985035
109	72	38	45.448105
110	72	1013	34.224457
111	72	1014	23.021404
112	72	964	13.493103
113	72	820	6.455702
114	72	821	2.177846
115	72	757	0.404235
116	72	965	-0.837269
117	72	990	-8.303161
118	72	991	-15.600992
119	72	1015	-16.861969
120	72	4	-11.033626
121	72	11	-7.765338
122	72	6	-11.858717
123	72	16	-14.909681
124	72	827	-11.159792
125	72	784	-6.181272
126	72	851	-2.517895
127	72	972	0
128	72	951	0
0	73	468	0
1	73	17	0
2	73	222	0
3	73	165	-0.466623
4	73	6	-2.500405
5	73	19	-5.260179
6	73	808	-13.884671
7	73	996	-43.187759
8	73	825	-62.688194
9	73	608	-79.793175
10	73	609	-81.943451
11	73	619	-76.791946
12	73	1016	-62.738361
13	73	868	-41.59256
14	73	825	-18.22257
15	73	1017	-0.64463
16	73	841	-0.051881
17	73	3	-7.30457
18	73	842	-29.201696
19	73	826	-51.216576
20	73	2	-76.146545
21	73	18	-96.449677
22	73	13	-105.950119
23	73	14	-107.183594
24	73	15	-100.67598
25	73	8	-90.310074
26	73	14	-65.569633
27	73	2	-37.773064
28	73	29	-21.451818
29	73	279	-9.973681
30	73	36	-3.387461
31	73	33	-0.678313
32	73	565	-0.130768
33	73	607	-0.074067
34	73	826	-0.089222
35	73	18	0.002968
36	73	10	0.230056
37	73	5	1.12942
38	73	11	2.32234
39	73	11	1.078611
40	73	10	-1.636435
41	73	5	-4.921925
42	73	11	-8.23187
43	73	714	-12.662451
44	73	844	-20.766043
45	73	1018	-33.177662
46	73	11	-49.954235
47	73	10	-74.623573
48	73	5	-102.940193
49	73	13	-124.063675
50	73	9	-134.10318
51	73	5	-142.836746
52	73	17	-153.066849
53	73	18	-159.909027
54	73	11	-162.951675
55	73	9	-163.398285
56	73	5	-164.557602
57	73	13	-162.624924
58	73	9	-156.250092
59	73	6	-144.480667
60	73	76	-127.862328
61	73	1019	-113.02137
62	73	168	-109.431877
63	73	19	-109.167389
64	73	38	-102.806816
65	73	129	-82.165749
66	73	8	-66.899666
67	73	837	-52.670139
68	73	554	-37.303158
69	73	349	-18.700472
70	73	538	-3.855563
71	73	283	2.684471
72	73	284	-11.3068
73	73	837	-62.988194
74	73	554	-81.40329
75	73	303	-78.536186
76	73	1020	-72.903236
77	73	554	-68.01722
78	73	295	-61.814335
79	73	631	-53.355328
80	73	554	-40.36005
81	73	295	-30.710051
82	73	432	-29.535389
83	73	16	-26.783009
84	73	12	-17.235901
85	73	52	-9.748312
86	73	51	-10.199534
87	73	1007	-16.739159
88	73	1021	-29.18133
89	73	1022	-28.377724
90	73	1023	-24.784874
91	73	1024	-1.669773
92	73	1025	8.681664
93	73	1026	7.434732
94	73	982	16.49017
95	73	1027	38.671494
96	73	1028	63.92223
97	73	36	73.435654
98	73	41	76.617256
99	73	16	75.404343
100	73	16	56.457226
101	73	12	34.748463
102	73	542	34.235264
103	73	651	39.240013
104	73	678	44.077923
105	73	16	53.210526
106	73	1029	71.809067
107	73	938	78.607719
108	73	130	67.778305
109	73	207	60.311241
110	73	44	49.241566
111	73	1030	35.158833
112	73	991	21.062519
113	73	1031	9.691126
114	73	936	3.045366
115	73	1032	0.462773
116	73	1033	-4.130335
117	73	1034	-11.397038
118	73	1035	-15.493238
119	73	122	-11.761222
120	73	11	-6.829335
121	73	6	-6.242197
122	73	16	-9.471251
123	73	1036	-8.805742
124	73	1037	-6.520647
125	73	825	-3.578575
126	73	1017	-1.074006
127	73	884	0
128	73	9	0
0	74	11	0
1	74	154	0
2	74	133	0
3	74	138	-0.001315
4	74	12	-0.111755
5	74	808	-0.122045
6	74	809	-2.219809
7	74	995	-11.13665
8	74	3	-47.765728
9	74	1036	-79.413101
10	74	468	-87.408737
11	74	17	-83.216652
12	74	883	-69.663567
13	74	841	-48.555958
14	74	18	-26.175261
15	74	11	-3.289978
16	74	17	-0.13712
17	74	2	-9.6648
18	74	18	-27.35648
19	74	10	-40.097889
20	74	13	-65.065788
21	74	0	-88.974243
22	74	810	-101.569946
23	74	1038	-103.110237
24	74	2	-96.912247
25	74	15	-90.48085
26	74	8	-70.828445
27	74	8	-39.523716
28	74	49	-21.765345
29	74	50	-10.410537
30	74	51	-4.080072
31	74	165	-1.098233
32	74	17	-0.206101
33	74	18	-0.029447
34	74	10	-0.006535
35	74	11	0.005957
36	74	11	0.006946
37	74	11	0.059353
38	74	11	0.087356
39	74	10	-0.165498
40	74	11	-2.21806
41	74	5	-4.25457
42	74	829	-6.829167
43	74	1039	-10.689654
44	74	792	-18.797651
45	74	714	-31.660954
46	74	1018	-51.100883
47	74	11	-76.391899
48	74	17	-97.496468
49	74	18	-116.432312
50	74	13	-124.705833
51	74	8	-122.019638
52	74	9	-129.447128
53	74	283	-140.465836
54	74	4	-147.194489
55	74	5	-153.084671
56	74	6	-155.79213
57	74	4	-154.160721
58	74	6	-146.818604
59	74	241	-134.301331
60	74	95	-119.623077
61	74	159	-112.81868
62	74	19	-108.666077
63	74	38	-108.542366
64	74	37	-103.007858
65	74	613	-87.757629
66	74	540	-72.097748
67	74	428	-60.365776
68	74	551	-48.292171
69	74	349	-35.75309
70	74	587	-29.964512
71	74	308	-36.327858
72	74	540	-49.928425
73	74	428	-63.955601
74	74	567	-69.649445
75	74	896	-64.109802
76	74	696	-58.044468
77	74	696	-50.542908
78	74	428	-42.292728
79	74	551	-36.820446
80	74	307	-35.580414
81	74	588	-20.920851
82	74	16	-15.369853
83	74	12	-8.55015
84	74	12	4.054939
85	74	1040	17.272886
86	74	1027	20.369852
87	74	981	17.465353
88	74	1041	12.841265
89	74	1024	9.334165
90	74	1002	12.706665
91	74	1042	18.517681
92	74	1043	26.1646
93	74	1005	39.302555
94	74	1028	51.991146
95	74	39	64.853157
96	74	51	80.035271
97	74	37	90.387894
98	74	16	92.552422
99	74	542	90.924782
100	74	678	70.529182
101	74	903	47.423569
102	74	1009	39.698135
103	74	778	44.109879
104	74	1	45.777653
105	74	2	51.705112
106	74	2	70.303703
107	74	18	82.392845
108	74	6	77.040268
109	74	42	72.183777
110	74	43	63.375755
111	74	1044	49.433964
112	74	806	31.687809
113	74	1045	15.250743
114	74	1030	3.931293
115	74	1046	-0.613427
116	74	52	-8.266617
117	74	51	-18.451498
118	74	129	-19.565716
119	74	9	-12.21231
120	74	17	-7.913244
121	74	3	-11.187189
122	74	7	-11.593672
123	74	1047	-6.669585
124	74	826	-2.80205
125	74	18	-1.390631
126	74	6	-0.167569
127	74	4	0
128	74	10	0
0	75	148	0
1	75	279	0
2	75	200	0
3	75	3	0
4	75	808	-0.002441
5	75	951	-0.177865
6	75	468	-2.968541
7	75	17	-27.521624
8	75	18	-69.733643
9	75	11	-88.866959
10	75	13	-94.960518
11	75	8	-90.153381
12	75	8	-76.672188
13	75	599	-54.475178
14	75	536	-29.2488
15	75	9	-6.93476
16	75	13	-0.553296
17	75	9	-6.254437
18	75	13	-26.566122
19	75	0	-46.253227
20	75	827	-63.387386
21	75	828	-83.53064
22	75	407	-97.054871
23	75	1048	-96.49929
24	75	17	-92.198204
25	75	3	-84.427628
26	75	827	-68.483368
27	75	784	-43.838806
28	75	491	-23.137676
29	75	38	-12.560881
30	75	129	-5.570452
31	75	8	-1.526856
32	75	9	-0.221043
33	75	5	-0.015133
34	75	10	-0.000583
35	75	5	0.000041
36	75	5	0
37	75	11	0.00002
38	75	10	-0.000126
39	75	13	-0.098512
40	75	8	-1.044792
41	75	1049	-3.006091
42	75	1050	-5.791337
43	75	1018	-10.248943
44	75	691	-18.907162
45	75	792	-33.388401
46	75	714	-55.473404
47	75	844	-76.389503
48	75	1018	-90.391731
49	75	17	-102.793358
50	75	3	-110.113495
51	75	1051	-109.510963
52	75	462	-110.869942
53	75	4	-115.318253
54	75	13	-124.003654
55	75	0	-131.951889
56	75	4	-138.516205
57	75	6	-135.926437
58	75	241	-129.225677
59	75	215	-121.356583
60	75	168	-115.939903
61	75	42	-115.958748
62	75	43	-114.647797
63	75	213	-111.054214
64	75	319	-104.554825
65	75	588	-91.754219
66	75	576	-80.240723
67	75	428	-73.015564
68	75	307	-65.481529
69	75	588	-59.498528
70	75	576	-59.679363
71	75	588	-63.578815
72	75	576	-69.05162
73	75	428	-69.291756
74	75	295	-58.90823
75	75	1052	-53.023403
76	75	1053	-45.127621
77	75	554	-35.43383
78	75	712	-24.303705
79	75	713	-21.957527
80	75	1054	-18.27424
81	75	1055	-9.080946
82	75	42	-3.885815
83	75	977	5.610004
84	75	978	15.328648
85	75	982	18.284761
86	75	1021	23.209106
87	75	1022	20.601048
88	75	1056	15.94402
89	75	1057	16.092854
90	75	1006	15.544785
91	75	1057	18.464832
92	75	982	24.432777
93	75	958	33.623638
94	75	37	54.791428
95	75	1058	75.064606
96	75	908	90.857071
97	75	651	100.162643
98	75	929	101.916786
99	75	629	100.855415
100	75	1059	92.397423
101	75	1060	70.138443
102	75	678	56.835243
103	75	7	50.234253
104	75	8	48.592609
105	75	8	51.805367
106	75	9	66.007889
107	75	6	81.970253
108	75	52	84.378288
109	75	40	80.476845
110	75	1061	74.148293
111	75	820	62.495956
112	75	1062	45.000771
113	75	34	23.953325
114	75	945	7.73282
115	75	1015	-0.639579
116	75	52	-10.741707
117	75	40	-20.678053
118	75	164	-20.565924
119	75	9	-12.666759
120	75	17	-12.604833
121	75	3	-18.965555
122	75	1	-20.865944
123	75	15	-12.976549
124	75	8	-3.442872
125	75	0	-0.161058
126	75	4	0
127	75	5	0
128	75	5	0
0	76	154	0
1	76	165	0
2	76	17	0
3	76	607	-0.01659
4	76	1063	-0.183028
5	76	9	-1.004423
6	76	469	-8.781798
7	76	1064	-55.244221
8	76	1048	-81.761658
9	76	6	-98.371391
10	76	827	-102.473991
11	76	784	-96.883003
12	76	828	-83.319901
13	76	609	-58.426365
14	76	1065	-29.710281
15	76	470	-8.183515
16	76	7	-0.798537
17	76	783	-0.676389
18	76	784	-19.048971
19	76	828	-42.637932
20	76	609	-62.760979
21	76	851	-78.444
22	76	869	-88.005669
23	76	5	-90.669197
24	76	6	-87.841278
25	76	842	-79.689362
26	76	868	-66.287155
27	76	854	-46.067787
28	76	1066	-26.524475
29	76	40	-15.529366
30	76	41	-7.204461
31	76	7	-2.200523
32	76	9	-0.259495
33	76	5	-0.011342
34	76	5	-0.000059
35	76	11	0
36	76	714	0
37	76	844	0
38	76	843	0
39	76	631	-0.014751
40	76	1067	-0.575493
41	76	790	-2.275641
42	76	1068	-5.534088
43	76	1018	-11.292248
44	76	10	-22.399746
45	76	829	-38.609486
46	76	765	-56.69978
47	76	1069	-71.08239
48	76	284	-80.512794
49	76	0	-86.429939
50	76	312	-91.944061
51	76	526	-92.687546
52	76	18	-97.492599
53	76	17	-102.833282
54	76	2	-104.480835
55	76	18	-108.255768
56	76	17	-106.154411
57	76	1070	-108.501915
58	76	95	-113.037056
59	76	159	-113.208076
60	76	38	-119.830139
61	76	37	-123.992218
62	76	4	-122.959991
63	76	17	-120.394424
64	76	2	-109.574509
65	76	3	-99.570526
66	76	576	-93.194984
67	76	447	-88.001183
68	76	2	-83.146477
69	76	3	-81.558464
70	76	19	-81.305695
71	76	16	-81.622261
72	76	312	-80.385162
73	76	1071	-69.918716
74	76	1072	-52.169262
75	76	1073	-44.874638
76	76	1071	-34.857426
77	76	1074	-23.362293
78	76	1075	-11.772179
79	76	1076	-4.797942
80	76	1077	-0.037823
81	76	1078	8.652978
82	76	1021	12.535714
83	76	1079	20.950125
84	76	1005	25.607023
85	76	1080	23.851486
86	76	1081	28.035847
87	76	1040	27.684834
88	76	1021	24.869823
89	76	982	27.975464
90	76	1027	34.209484
91	76	1080	40.132549
92	76	1082	40.391582
93	76	908	39.45134
94	76	987	51.738216
95	76	1083	82.026543
96	76	1084	97.566238
97	76	906	103.436104
98	76	1085	104
99	76	1086	103.89415
100	76	1087	103.58947
101	76	778	100.789124
102	76	16	93.7668
103	76	19	80.799362
104	76	19	60.950089
105	76	4	57.609184
106	76	6	68.149269
107	76	16	81.201431
108	76	962	88.740349
109	76	1088	85.4133
110	76	991	80.75647
111	76	1089	70.799911
112	76	1090	54.708363
113	76	993	34.489254
114	76	938	15.1012
115	76	16	-0.672441
116	76	38	-10.203717
117	76	36	-15.96212
118	76	164	-13.927124
119	76	9	-8.523835
120	76	6	-11.116686
121	76	7	-21.224606
122	76	0	-27.409662
123	76	16	-19.939371
124	76	1	-6.650925
125	76	18	-0.154472
126	76	5	0
127	76	11	0
128	76	154	0
0	77	133	0
1	77	190	0
2	77	14	-0.01484
3	77	3	-0.734581
4	77	4	-2.983955
5	77	406	-6.6503
6	77	608	-15.307595
7	77	1063	-67.869347
8	77	0	-93.72467
9	77	842	-106.063026
10	77	868	-108.294846
11	77	854	-101.326599
12	77	851	-86.632866
13	77	996	-57.921326
14	77	854	-27.341673
15	77	784	-7.260839
16	77	851	-0.923484
17	77	972	-2.318558
18	77	601	-10.718728
19	77	842	-24.309788
20	77	1017	-44.566883
21	77	1091	-62.850037
22	77	1048	-76.217041
23	77	436	-84.6036
24	77	784	-82.868279
25	77	851	-74.365662
26	77	825	-61.056644
27	77	503	-45.030556
28	77	38	-34.087925
29	77	36	-19.355186
30	77	33	-10.124097
31	77	122	-4.083826
32	77	11	-0.942645
33	77	11	-0.129914
34	77	5	-0.005394
35	77	691	0
36	77	813	0
37	77	711	0
38	77	1092	0
39	77	795	-0.004848
40	77	1018	-0.315941
41	77	829	-2.033062
42	77	1050	-5.833183
43	77	1018	-13.811662
44	77	691	-29.058081
45	77	890	-43.440369
46	77	475	-55.332237
47	77	849	-63.309814
48	77	613	-65.595062
49	77	554	-66.066963
50	77	282	-65.739922
51	77	11	-70.431656
52	77	13	-78.740387
53	77	58	-86.82058
54	77	87	-92.177284
55	77	9	-92.495445
56	77	97	-90.338699
57	77	381	-93.584091
58	77	560	-106.871704
59	77	38	-114.962784
60	77	36	-129.474487
61	77	164	-134.271729
62	77	9	-135.741364
63	77	10	-128.832779
64	77	6	-118.014526
65	77	1	-108.958382
66	77	18	-102.583092
67	77	13	-97.988838
68	77	14	-93.830681
69	77	3	-94.261757
70	77	613	-93.966522
71	77	1093	-92.815781
72	77	1094	-88.412804
73	77	1095	-75.758316
74	77	1093	-52.588661
75	77	1094	-39.139713
76	77	1096	-27.246376
77	77	1094	-13.769301
78	77	1097	-0.817439
79	77	1098	9.031236
80	77	1099	18.634956
81	77	1100	28.714334
82	77	1022	32.327721
83	77	1101	39.197399
84	77	984	42.238026
85	77	1102	35.95578
86	77	980	42.044235
87	77	981	47.442581
88	77	1079	58.960079
89	77	1006	75.666412
90	77	37	88.439743
91	77	1103	99.796944
92	77	1084	94.357864
93	77	1104	79.218315
94	77	986	83.338036
95	77	1105	97.513741
96	77	1106	102.581078
97	77	1086	104
98	77	781	104
99	77	1107	104
100	77	651	105.989639
101	77	1059	113.728409
102	77	1108	114.8423
103	77	1108	103.488106
104	77	727	79.135139
105	77	0	62.790817
106	77	16	65.554184
107	77	1029	74.031952
108	77	1109	84.358772
109	77	1013	87.477287
110	77	1110	84.475075
111	77	820	75.689949
112	77	938	60.088741
113	77	42	42.878044
114	77	41	21.04081
115	77	52	0.710917
116	77	51	-10.155023
117	77	37	-11.167863
118	77	4	-7.328598
119	77	17	-3.108229
120	77	3	-4.129335
121	77	1	-14.247703
122	77	3	-22.51461
123	77	7	-18.4429
124	77	9	-8.079001
125	77	13	-0.758155
126	77	9	0
127	77	148	0
128	77	279	0
0	78	200	0
1	78	18	0
2	78	17	-0.865841
3	78	15	-5.657206
4	78	783	-14.226021
5	78	491	-23.633808
6	78	12	-40.888439
7	78	19	-63.001667
8	78	827	-101.822304
9	78	851	-112.251976
10	78	996	-113.040428
11	78	809	-104.227272
12	78	809	-85.437836
13	78	809	-55.201054
14	78	852	-24.552149
15	78	852	-6.361799
16	78	825	-2.326886
17	78	609	-12.602355
18	78	491	-24.3391
19	78	4	-35.173306
20	78	466	-57.54163
21	78	884	-60.069511
22	78	997	-67.186714
23	78	972	-71.295898
24	78	1111	-72.213852
25	78	1112	-61.782631
26	78	1113	-50.334858
27	78	43	-44.643288
28	78	51	-37.280342
29	78	39	-23.593075
30	78	267	-13.274696
31	78	9	-6.19991
32	78	10	-1.970673
33	78	10	-0.330838
34	78	5	-0.018299
35	78	691	0
36	78	739	0
37	78	1114	0
38	78	1115	0
39	78	1069	0
40	78	1116	-0.193101
41	78	1039	-2.011747
42	78	792	-7.700465
43	78	10	-19.70993
44	78	11	-35.175964
45	78	283	-48.114643
46	78	431	-55.443356
47	78	554	-56.179199
48	78	307	-51.368629
49	78	588	-41.983208
50	78	10	-44.537868
51	78	157	-51.222721
52	78	171	-58.270695
53	78	95	-76.366226
54	78	54	-83.685829
55	78	17	-86.286049
56	78	18	-87.379364
57	78	6	-91.129028
58	78	52	-104.364372
59	78	51	-121.917755
60	78	37	-133.435577
61	78	4	-143.067398
62	78	11	-142.313858
63	78	17	-133.036407
64	78	18	-123.447159
65	78	13	-115.082817
66	78	14	-107.516052
67	78	15	-100.79744
68	78	0	-95.095184
69	78	1117	-94.60672
70	78	1094	-96.824432
71	78	1118	-96.181862
72	78	1096	-89.006386
73	78	1094	-73.669662
74	78	1119	-56.316002
75	78	1097	-39.208755
76	78	1120	-24.60635
77	78	1121	-8.301904
78	78	1122	7.782813
79	78	1098	20.8909
80	78	1123	32.024117
81	78	979	41.842247
82	78	1124	48.781223
83	78	1004	54.476337
84	78	982	55.088165
85	78	983	53.551189
86	78	1027	57.826672
87	78	1001	83.498985
88	78	1028	121.344124
89	78	37	145.782379
90	78	38	167.818237
91	78	1125	186.99292
92	78	944	185.214355
93	78	1126	160.691772
94	78	1127	143.709259
95	78	781	137.519135
96	78	781	125.872498
97	78	781	111.497635
98	78	1128	106.335922
99	78	906	104
100	78	1127	110.292252
101	78	820	128.775696
102	78	964	130.137955
103	78	1129	113.771553
104	78	12	90.827156
105	78	19	66.284187
106	78	12	66.224098
107	78	962	71.487686
108	78	1090	80.190742
109	78	963	87.976051
110	78	1130	86.186333
111	78	41	77.75386
112	78	52	63.299473
113	78	44	47.283066
114	78	16	25.872999
115	78	38	2.760421
116	78	36	-11.749104
117	78	164	-13.79621
118	78	9	-10.379981
119	78	17	-7.447189
120	78	18	-4.110999
121	78	17	-8.598432
122	78	2	-16.171799
123	78	18	-16.966499
124	78	17	-10.670834
125	78	18	-4.590559
126	78	5	-0.810722
127	78	154	0
128	78	133	0
0	79	190	0
1	79	9	-0.153963
2	79	17	-5.723757
3	79	607	-18.735277
4	79	609	-32.761341
5	79	491	-46.375092
6	79	19	-67.425339
7	79	808	-77.603172
8	79	972	-101.17881
9	79	996	-118.444267
10	79	1111	-117.547653
11	79	1131	-107.466034
12	79	972	-85.530304
13	79	972	-56.580212
14	79	972	-28.995451
15	79	854	-15.048247
16	79	851	-19.533518
17	79	995	-32.513828
18	79	1132	-42.629036
19	79	1064	-53.15707
20	79	1133	-73.775902
21	79	1134	-71.750381
22	79	1135	-68.006088
23	79	1136	-65.444748
24	79	1137	-60.259262
25	79	1136	-50.889439
26	79	36	-43.585415
27	79	43	-42.505062
28	79	44	-36.672832
29	79	12	-25.932966
30	79	4	-15.265723
31	79	10	-7.247301
32	79	10	-2.325747
33	79	5	-0.371537
34	79	5	-0.01469
35	79	691	0
36	79	739	0
37	79	1138	0
38	79	566	0
39	79	689	0
40	79	1139	-0.160246
41	79	1018	-4.385429
42	79	283	-12.877913
43	79	541	-24.722763
44	79	462	-38.216587
45	79	712	-49.207352
46	79	712	-55.606163
47	79	318	-53.751362
48	79	3	-42.171207
49	79	10	-31.715141
50	79	94	-36.509666
51	79	193	-47.539688
52	79	193	-62.80843
53	79	590	-71.779739
54	79	11	-79.675316
55	79	11	-83.439789
56	79	6	-85.765625
57	79	12	-91.260048
58	79	38	-101.289459
59	79	200	-113.541
60	79	18	-129.709885
61	79	5	-140.35405
62	79	5	-137.552658
63	79	11	-131.901947
64	79	6	-124.870171
65	79	7	-117.662857
66	79	0	-108.338234
67	79	1054	-98.544861
68	79	1140	-91.451118
69	79	1141	-88.394165
70	79	1098	-90.662346
71	79	1119	-91.104431
72	79	1097	-82.003029
73	79	1098	-67.146965
74	79	1142	-50.760006
75	79	44	-34.910622
76	79	12	-19.153912
77	79	52	-0.268922
78	79	1122	17.847685
79	79	1143	31.996752
80	79	1002	42.273125
81	79	1042	50.46817
82	79	1043	59.508415
83	79	1005	66.025574
84	79	1001	68.033463
85	79	1025	69.502335
86	79	51	82.022453
87	79	35	109.006691
88	79	36	156.728363
89	79	34	184.43866
90	79	36	188.361221
91	79	916	196.190399
92	79	919	208.483521
93	79	1144	203.695465
94	79	1145	194.280228
95	79	1146	173.730377
96	79	781	155.597916
97	79	1128	136.848022
98	79	1085	119.444817
99	79	1086	112.998749
100	79	1129	121.513458
101	79	1147	128.318558
102	79	1148	121.682396
103	79	1060	108.754448
104	79	1059	91.547447
105	79	1108	75.656128
106	79	946	68.754189
107	79	781	71.77597
108	79	781	80.990028
109	79	1149	88
110	79	44	86.340248
111	79	16	78.30674
112	79	16	64.760086
113	79	12	49.282516
114	79	52	29.632381
115	79	51	6.447604
116	79	36	-10.771466
117	79	164	-17.432104
118	79	9	-20.126331
119	79	11	-17.992233
120	79	11	-14.273025
121	79	13	-13.618871
122	79	9	-20.255413
123	79	13	-23.069542
124	79	8	-16.984472
125	79	9	-8.006962
126	79	148	-1.973753
127	79	279	0
128	79	36	0
0	80	122	0
1	80	10	-2.133018
2	80	17	-15.737671
3	80	824	-34.082001
4	80	854	-52.918343
5	80	491	-70.435593
6	80	842	-83.66758
7	80	868	-104.661903
8	80	996	-117.142181
9	80	1150	-125.235359
10	80	1137	-121.847221
11	80	1131	-113.292633
12	80	972	-94.45636
13	80	972	-65.529243
14	80	852	-48.028915
15	80	852	-42.899483
16	80	455	-48.589985
17	80	600	-55.011482
18	80	1111	-61.222843
19	80	1136	-69.415909
20	80	35	-73.314049
21	80	35	-73.362633
22	80	1151	-70.471703
23	80	1152	-65.868904
24	80	1153	-57.720665
25	80	1154	-49.388012
26	80	1155	-42.354366
27	80	19	-35.215744
28	80	19	-30.346954
29	80	4	-24.525373
30	80	5	-15.798524
31	80	11	-6.904448
32	80	10	-1.578717
33	80	5	-0.152277
34	80	11	0
35	80	691	0
36	80	792	0
37	80	396	0
38	80	475	0
39	80	1156	0
40	80	1050	-0.826731
41	80	1157	-6.198548
42	80	814	-13.876246
43	80	551	-23.878565
44	80	526	-35.836689
45	80	566	-48.13139
46	80	316	-55.266716
47	80	6	-53.634007
48	80	10	-44.594864
49	80	88	-34.917164
50	80	484	-30.148712
51	80	195	-48.149605
52	80	182	-57.660053
53	80	77	-69.832756
54	80	10	-78.108429
55	80	17	-81.769806
56	80	3	-82.041115
57	80	38	-88.165565
58	80	165	-95.90699
59	80	10	-107.980637
60	80	11	-123.0578
61	80	10	-130.604095
62	80	13	-127.939743
63	80	14	-124.743507
64	80	2	-121.538383
65	80	3	-117.160164
66	80	1158	-105.874275
67	80	1159	-95.145767
68	80	1160	-87.198257
69	80	1161	-83.555984
70	80	1097	-83.235191
71	80	1162	-79.849419
72	80	1163	-72.172272
73	80	1164	-57.669933
74	80	42	-41.215641
75	80	33	-24.483688
76	80	41	-6.765398
77	80	38	11.976061
78	80	39	29.237179
79	80	1165	42.882423
80	80	1025	51.858757
81	80	1165	55.903774
82	80	1025	66.917191
83	80	1166	80.269051
84	80	1042	82.17144
85	80	34	88.794418
86	80	35	100.487236
87	80	35	120.157043
88	80	39	158.492661
89	80	51	187.50647
90	80	36	178.433182
91	80	43	169.802597
92	80	1167	192.477997
93	80	1168	217.395142
94	80	1169	219.504242
95	80	781	206.31102
96	80	1170	184.314453
97	80	1086	166.543884
98	80	781	147.566895
99	80	1107	132.387848
100	80	929	131.604568
101	80	1127	120.03981
102	80	1170	109.918343
103	80	1086	100.010956
104	80	1145	87.567863
105	80	1146	78.585793
106	80	781	70.812851
107	80	781	72.791992
108	80	1107	85.813812
109	80	678	88
110	80	1171	85.936928
111	80	1015	77.71685
112	80	1171	64.481804
113	80	1015	49.629913
114	80	52	31.817253
115	80	50	10.86217
116	80	40	-5.519659
117	80	240	-13.709735
118	80	106	-20.514404
119	80	5	-23.135429
120	80	17	-20.24646
121	80	18	-21.047729
122	80	17	-27.131916
123	80	2	-29.063923
124	80	18	-20.003307
125	80	11	-7.593771
126	80	148	-1.343909
127	80	279	0
128	80	133	0
0	81	106	0
1	81	10	-6.802691
2	81	466	-26.851852
3	81	467	-48.911163
4	81	841	-72.337334
5	81	3	-94.603691
6	81	842	-111.579453
7	81	868	-123.381042
8	81	1172	-130.238235
9	81	1154	-131.380447
10	81	1173	-129.85112
11	81	809	-123.43737
12	81	996	-109.053452
13	81	853	-89.33493
14	81	809	-74.711281
15	81	853	-70.37899
16	81	1111	-69.363564
17	81	1136	-70.992897
18	81	35	-74.102859
19	81	1151	-73.743576
20	81	1152	-70.483902
21	81	1174	-69.634605
22	81	608	-69.547348
23	81	609	-64.622467
24	81	828	-57.692722
25	81	609	-52.185223
26	81	491	-42.290871
27	81	1	-30.893488
28	81	18	-25.426937
29	81	13	-22.690205
30	81	9	-17.39646
31	81	11	-4.902064
32	81	10	-0.437647
33	81	10	-0.000961
34	81	10	0
35	81	5	0
36	81	11	0
37	81	5	0
38	81	691	0
39	81	790	0
40	81	790	-0.656383
41	81	692	-5.567978
42	81	526	-12.166396
43	81	335	-20.799585
44	81	1175	-31.57304
45	81	476	-44.655994
46	81	17	-53.3498
47	81	10	-53.23362
48	81	11	-48.25005
49	81	97	-42.255451
50	81	218	-39.614555
51	81	381	-44.397701
52	81	68	-55.829868
53	81	13	-69.892632
54	81	9	-77.999367
55	81	17	-79.571266
56	81	222	-76.240791
57	81	133	-82.079826
58	81	106	-93.584038
59	81	13	-106.409454
60	81	9	-118.248039
61	81	6	-121.760452
62	81	7	-117.722
63	81	9	-114.602226
64	81	6	-115.558899
65	81	12	-114.774147
66	81	1158	-105.020096
67	81	1176	-91.962914
68	81	1119	-82.630226
69	81	1177	-78.348442
70	81	1161	-77.807816
71	81	1142	-69.975929
72	81	40	-59.785595
73	81	34	-46.131718
74	81	39	-28.440386
75	81	44	-10.716034
76	81	52	6.67604
77	81	40	22.893909
78	81	43	38.34314
79	81	1178	50.863903
80	81	985	59.773975
81	81	36	70.570915
82	81	1124	79.620987
83	81	1179	91.080574
84	81	50	100.001678
85	81	51	110.601326
86	81	39	119.232544
87	81	44	127.38765
88	81	52	152.751083
89	81	50	183.428604
90	81	44	176.45105
91	81	903	169.297531
92	81	778	193.456512
93	81	1180	226.401138
94	81	820	238.887253
95	81	964	230.624329
96	81	1145	212.128647
97	81	1181	178.798569
98	81	1168	169.827637
99	81	904	149.735565
100	81	1127	136.987274
101	81	781	120.7836
102	81	781	109.133698
103	81	1170	102.792229
104	81	1086	93.660149
105	81	781	89.824562
106	81	781	83.35936
107	81	1128	83.167244
108	81	894	90.833908
109	81	1180	88.040581
110	81	947	84.924118
111	81	965	75.892738
112	81	1032	62.802238
113	81	1015	48.630356
114	81	16	31.505682
115	81	52	12.996434
116	81	50	0.009339
117	81	150	-5.165367
118	81	190	-12.98494
119	81	599	-18.996868
120	81	536	-20.675238
121	81	599	-23.58923
122	81	536	-27.972834
123	81	104	-26.004099
124	81	105	-15.227012
125	81	105	-3.585256
126	81	208	0
127	81	51	0
128	81	133	0
0	82	190	0
1	82	9	-14.715064
2	82	11	-36.482765
3	82	11	-61.592701
4	82	17	-88.622208
5	82	2	-115.863487
6	82	607	-137.599319
7	82	503	-142.848785
8	82	808	-145.164307
9	82	853	-144.675095
10	82	996	-141.460052
11	82	852	-135.850311
12	82	852	-126.903862
13	82	852	-114.836617
14	82	809	-103.874817
15	82	1150	-96.06424
16	82	35	-87.304245
17	82	1151	-80.583694
18	82	1173	-77.144722
19	82	852	-73.029724
20	82	601	-67.957336
21	82	12	-67.409416
22	82	842	-65.12645
23	82	503	-60.535301
24	82	842	-55.186848
25	82	503	-47.233604
26	82	4	-36.250362
27	82	5	-26.584421
28	82	6	-22.540884
29	82	4	-21.90505
30	82	10	-15.885955
31	82	11	-7.36449
32	82	10	-0.282152
33	82	11	0
34	82	5	0
35	82	10	0
36	82	714	0
37	82	715	0
38	82	538	0
39	82	714	0
40	82	1182	-0.027791
41	82	316	-3.276472
42	82	396	-8.742376
43	82	335	-15.977302
44	82	541	-25.3328
45	82	284	-39.469017
46	82	9	-49.952206
47	82	10	-51.265388
48	82	6	-49.464359
49	82	16	-49.204182
50	82	4	-54.043247
51	82	11	-56.505318
52	82	17	-65.911781
53	82	18	-74.785614
54	82	10	-79.476006
55	82	148	-76.713524
56	82	279	-71.78949
57	82	165	-86.890686
58	82	17	-97.410431
59	82	18	-107.207008
60	82	6	-117.427162
61	82	1	-118.955124
62	82	15	-114.3806
63	82	0	-111.114716
64	82	12	-111.350372
65	82	1054	-115.126099
66	82	1140	-111.512634
67	82	1176	-96.437851
68	82	1097	-82.151588
69	82	1120	-73.885284
70	82	1183	-73.25367
71	82	34	-62.82077
72	82	39	-48.873844
73	82	44	-33.306114
74	82	19	-14.403751
75	82	12	1.675297
76	82	38	15.752059
77	82	36	29.669771
78	82	980	42.464157
79	82	1028	51.576874
80	82	39	62.496262
81	82	40	76.212593
82	82	41	87.897881
83	82	42	99.004524
84	82	34	112.811806
85	82	36	127.937195
86	82	41	135.777008
87	82	19	135.08342
88	82	19	157.222046
89	82	19	181.553497
90	82	1	182.153534
91	82	3	189.997223
92	82	1029	204.573334
93	82	938	233.007751
94	82	1029	243.275436
95	82	1184	243.146683
96	82	1106	228.283234
97	82	1185	179.543823
98	82	1186	165.279205
99	82	1086	156.313614
100	82	820	141.778885
101	82	964	134.245834
102	82	781	132.006699
103	82	781	121.073853
104	82	781	115.256943
105	82	820	115.292519
106	82	1187	110.977676
107	82	894	106.115524
108	82	1180	98.898094
109	82	781	92.773033
110	82	947	84.36956
111	82	965	72.840225
112	82	1032	60.172073
113	82	1015	46.199593
114	82	19	28.825981
115	82	19	11.670639
116	82	38	1.337878
117	82	36	-1.656293
118	82	1188	-6.296876
119	82	609	-13.49132
120	82	851	-19.320766
121	82	995	-21.650301
122	82	222	-22.235973
123	82	139	-15.878709
124	82	30	-6.770228
125	82	149	-0.005885
126	82	201	0
127	82	30	0
128	82	149	0
0	83	240	0
1	83	105	-20.800877
2	83	105	-44.018978
3	83	106	-70.716141
4	83	123	-99.724258
5	83	179	-128.659454
6	83	33	-149.268509
7	83	1134	-154.131134
8	83	1135	-156.063797
9	83	1131	-156.34671
10	83	996	-153.003021
11	83	972	-147.483871
12	83	853	-140.485519
13	83	1111	-132.983948
14	83	1136	-124.650192
15	83	1151	-114.020355
16	83	1173	-99.699165
17	83	972	-85.118652
18	83	972	-72.343536
19	83	854	-64.872849
20	83	491	-61.336002
21	83	12	-60.401367
22	83	827	-58.510197
23	83	784	-54.534027
24	83	491	-49.087219
25	83	4	-40.357544
26	83	11	-29.865761
27	83	6	-21.548887
28	83	4	-18.306469
29	83	11	-13.146517
30	83	10	-11.702272
31	83	11	-5.665484
32	83	10	0
33	83	11	0
34	83	11	0
35	83	1189	0
36	83	1190	0
37	83	349	0
38	83	798	0
39	83	1191	0
40	83	335	0
41	83	541	-0.037728
42	83	1175	-4.560211
43	83	566	-10.442203
44	83	318	-17.825335
45	83	4	-29.242079
46	83	11	-41.454369
47	83	17	-47.397266
48	83	2	-48.425758
49	83	18	-49.718895
50	83	13	-61.824699
51	83	9	-69.859467
52	83	11	-74.567032
53	83	5	-78.827225
54	83	13	-80.11718
55	83	132	-78.098412
56	83	133	-74.183853
57	83	105	-87.611893
58	83	190	-96.655281
59	83	14	-105.634201
60	83	15	-114.921341
61	83	14	-121.161591
62	83	3	-124.081192
63	83	19	-122.826866
64	83	1192	-121.578873
65	83	1077	-124.622169
66	83	1140	-126.106346
67	83	1121	-110.86554
68	83	44	-91.043777
69	83	52	-74.829254
70	83	50	-62.24305
71	83	44	-55.14901
72	83	19	-43.403519
73	83	12	-27.749693
74	83	16	-9.628484
75	83	52	6.207422
76	83	35	18.040926
77	83	35	25.876534
78	83	50	34.148918
79	83	44	45.745407
80	83	52	62.9785
81	83	44	80.646599
82	83	52	95.481705
83	83	35	106.886658
84	83	35	121.099953
85	83	44	134.802734
86	83	12	145.449387
87	83	12	151.5392
88	83	19	155.738281
89	83	4	179.151154
90	83	6	192.85112
91	83	19	195.619415
92	83	542	200.35437
93	83	651	232.457108
94	83	1193	236.525131
95	83	1146	238.013443
96	83	820	227.175629
97	83	964	187.583176
98	83	820	170.692444
99	83	1194	163.769043
100	83	1193	162.881256
101	83	1181	184.976196
102	83	1195	171.554214
103	83	964	150.979431
104	83	1129	138.705338
105	83	903	131.556549
106	83	778	128.526276
107	83	1180	121.836937
108	83	820	113.492157
109	83	937	103.663071
110	83	938	89.369423
111	83	1029	71.585884
112	83	1032	56.157597
113	83	1015	42.527012
114	83	19	24.557156
115	83	52	8.858004
116	83	50	0.859563
117	83	40	-0.604622
118	83	1134	-3.787925
119	83	1135	-12.131764
120	83	1196	-19.616501
121	83	1197	-20.937634
122	83	1198	-15.233342
123	83	1048	-8.278654
124	83	233	-0.8997
125	83	199	0
126	83	5	0
127	83	233	0
128	83	115	0
0	84	279	0
1	84	35	-23.921551
2	84	133	-48.044945
3	84	155	-75.641029
4	84	1151	-104.880615
5	84	1199	-131.87822
6	84	1151	-149.651215
7	84	1199	-156.715607
8	84	1137	-159.769501
9	84	1135	-164.050888
10	84	1131	-160.663452
11	84	1111	-154.27272
12	84	1136	-148.317429
13	84	1151	-139.806198
14	84	1173	-130.878799
15	84	852	-118.990646
16	84	852	-103.330101
17	84	852	-83.937416
18	84	853	-64.531296
19	84	854	-53.006512
20	84	784	-50.787441
21	84	828	-51.243038
22	84	868	-50.208961
23	84	601	-47.217163
24	84	7	-41.965221
25	84	8	-33.81044
26	84	14	-24.270687
27	84	18	-17.785648
28	84	13	-9.261453
29	84	9	-1.983804
30	84	5	-0.378475
31	84	10	-4.843269
32	84	11	0
33	84	5	0
34	84	396	0
35	84	566	0
36	84	526	0
37	84	566	0
38	84	349	0
39	84	1175	0
40	84	1200	0
41	84	1201	0
42	84	462	-0.812302
43	84	316	-6.776842
44	84	164	-11.940722
45	84	9	-19.352884
46	84	13	-31.062521
47	84	9	-43.06406
48	84	10	-48.148819
49	84	17	-55.202057
50	84	18	-66.480118
51	84	5	-74.010033
52	84	13	-76.967041
53	84	14	-77.884743
54	84	29	-76.484032
55	84	30	-76.277733
56	84	207	-74.157333
57	84	40	-83.623352
58	84	164	-89.927597
59	84	14	-96.05394
60	84	15	-108.321053
61	84	0	-122.231598
62	84	19	-133.226624
63	84	1158	-136.456406
64	84	1176	-140.785416
65	84	1202	-143.416794
66	84	19	-138.14505
67	84	12	-119.965736
68	84	19	-94.277016
69	84	16	-75.5289
70	84	16	-60.385742
71	84	16	-46.29961
72	84	19	-34.475349
73	84	161	-22.069958
74	84	1203	-9.922799
75	84	259	4.970127
76	84	1204	14.434801
77	84	1205	22.790178
78	84	1206	37.82402
79	84	1203	53.576321
80	84	1207	71.543427
81	84	1207	89.571556
82	84	1208	103.614182
83	84	1203	115.046516
84	84	1203	128.792755
85	84	258	140.114044
86	84	358	149.16452
87	84	19	157.363525
88	84	4	167.150574
89	84	6	185.781219
90	84	12	203.573532
91	84	903	209.925812
92	84	1009	210.213684
93	84	1209	210.213684
94	84	1086	210.213684
95	84	1129	210.603104
96	84	1029	204.089157
97	84	1194	190.260437
98	84	929	181.535721
99	84	906	185.173889
100	84	1085	195.454422
101	84	1210	220.305573
102	84	1029	203.943466
103	84	1194	184.285172
104	84	678	163.691895
105	84	12	148.89798
106	84	1029	139.573578
107	84	1032	133.949768
108	84	1015	127.535957
109	84	19	116.597809
110	84	1171	98.060913
111	84	965	75.835274
112	84	938	54.84333
113	84	16	36.454727
114	84	12	18.778931
115	84	16	6.200624
116	84	52	1.920416
117	84	50	0.385856
118	84	50	-3.465862
119	84	115	-13.259125
120	84	1211	-21.15744
121	84	608	-19.319288
122	84	407	-13.110163
123	84	470	-7.387516
124	84	4	-2.748159
125	84	5	0
126	84	6	0
127	84	4	0
128	84	148	0
0	85	30	0
1	85	30	-22.432472
2	85	1212	-48.035694
3	85	1173	-76.050858
4	85	1213	-104.852242
5	85	1173	-129.111694
6	85	1213	-143.36557
7	85	1152	-149.988876
8	85	1152	-153.876877
9	85	1173	-162.126801
10	85	1150	-157.248962
11	85	1151	-152.929398
12	85	1173	-148.527786
13	85	972	-139.627045
14	85	852	-129.909271
15	85	809	-117.906372
16	85	972	-100.943298
17	85	972	-78.564087
18	85	853	-55.320194
19	85	996	-42.905243
20	85	854	-39.961704
21	85	828	-40.800758
22	85	609	-40.770546
23	85	491	-38.460514
24	85	16	-33.745564
25	85	4	-26.840384
26	85	5	-21.084707
27	85	6	-14.932686
28	85	4	-4.201927
29	85	10	0
30	85	5	0
31	85	5	-0.202141
32	85	5	0
33	85	10	0
34	85	317	0
35	85	316	0
36	85	473	0
37	85	474	0
38	85	335	0
39	85	1214	0
40	85	890	0
41	85	475	0
42	85	476	0
43	85	37	1.815215
44	85	4	-6.958362
45	85	17	-15.91316
46	85	18	-25.14056
47	85	11	-35.972729
48	85	10	-48.78833
49	85	13	-61.172874
50	85	8	-66.616226
51	85	14	-70.735214
52	85	18	-73.21122
53	85	10	-71.578133
54	85	11	-67.578278
55	85	6	-64.988571
56	85	38	-63.830544
57	85	37	-76.45237
58	85	7	-79.916115
59	85	14	-85.842163
60	85	3	-95.133354
61	85	16	-122.014458
62	85	12	-134.496384
63	85	1192	-140.257156
64	85	1202	-149.920181
65	85	12	-152.775024
66	85	19	-146.597809
67	85	12	-128.933258
68	85	19	-106.233566
69	85	1	-80.702911
70	85	3	-63.719025
71	85	12	-42.336163
72	85	176	-26.211039
73	85	161	-14.379192
74	85	257	-5.200892
75	85	260	3.222666
76	85	266	14.492764
77	85	257	30.503189
78	85	259	61.35466
79	85	259	78.652
80	85	257	90.74427
81	85	270	101.729462
82	85	271	110.888916
83	85	1215	122.37056
84	85	1216	134.980499
85	85	176	144.473618
86	85	19	152.990845
87	85	4	163.17157
88	85	17	178.755356
89	85	3	194.420609
90	85	1	205.576416
91	85	3	210.213684
92	85	1029	210.213684
93	85	964	210.213684
94	85	947	210.186554
95	85	1108	208.451294
96	85	1217	200.636627
97	85	1009	194.204712
98	85	904	204.018723
99	85	1127	208.21846
100	85	1129	245.937332
101	85	12	239.014114
102	85	893	225.715134
103	85	894	210.830368
104	85	19	191.62149
105	85	12	168.90741
106	85	1029	150.427353
107	85	1032	142.152115
108	85	1108	135.142044
109	85	965	123.710762
110	85	1032	105.96479
111	85	1015	83.539619
112	85	16	57.868061
113	85	19	31.557728
114	85	827	13.301306
115	85	491	6.96889
116	85	827	7.484549
117	85	491	3.775357
118	85	4	-8.160688
119	85	6	-18.394211
120	85	1	-22.03537
121	85	883	-17.338919
122	85	520	-11.987161
123	85	785	-10.44243
124	85	9	-6.722297
125	85	6	-1.663915
126	85	4	0
127	85	13	0
128	85	9	0
0	86	10	0
1	86	454	-17.805408
2	86	1111	-42.890804
3	86	1135	-71.056656
4	86	1131	-98.034828
5	86	809	-119.928711
6	86	809	-131.243958
7	86	852	-136.56926
8	86	809	-139.686371
9	86	1213	-149.490005
10	86	1173	-145.924454
11	86	852	-142.712326
12	86	996	-142.28862
13	86	853	-133.900726
14	86	996	-125.080826
15	86	853	-112.70031
16	86	972	-94.833229
17	86	972	-69.754959
18	86	853	-45.936684
19	86	853	-33.52951
20	86	601	-29.446999
21	86	842	-29.366014
22	86	503	-29.5998
23	86	12	-27.64098
24	86	4	-22.905375
25	86	11	-17.223831
26	86	6	-10.916111
27	86	4	-3.59832
28	86	10	0
29	86	10	0
30	86	10	100
31	86	5	100
32	86	283	100
33	86	1175	100
34	86	1218	100
35	86	1219	100
36	86	1220	100
37	86	1182	100
38	86	349	100
39	86	1221	100
40	86	1018	100
41	86	5	100
42	86	36	100
43	86	122	0
44	86	5	-2.319395
45	86	11	-10.695405
46	86	11	-17.152969
47	86	11	-23.771027
48	86	17	-37.170918
49	86	2	-49.152378
50	86	18	-55.266094
51	86	5	-61.202923
52	86	5	-63.930027
53	86	13	-59.1269
54	86	0	-52.975239
55	86	52	-46.621967
56	86	40	-45.309776
57	86	565	-58.823101
58	86	15	-75.195572
59	86	14	-82.403763
60	86	3	-104.253876
61	86	16	-131.781403
62	86	1158	-141.380615
63	86	1222	-143.414124
64	86	19	-151.056778
65	86	16	-154.358063
66	86	1	-149.143448
67	86	2	-134.557983
68	86	15	-115.092407
69	86	0	-90.54879
70	86	12	-70.561348
71	86	1223	-47.677135
72	86	196	-25.608957
73	86	161	-7.7313
74	86	257	-0.975452
75	86	257	8.489938
76	86	259	30.219072
77	86	258	58.051582
78	86	258	77.013496
79	86	257	79.10006
80	86	260	90.139366
81	86	12	111.010941
82	86	1224	120.988792
83	86	1225	131.324173
84	86	176	142.789383
85	86	1	151.67334
86	86	15	160.784927
87	86	9	170.602951
88	86	17	184.480484
89	86	18	196.488541
90	86	17	205.10762
91	86	3	209.651321
92	86	1180	210.213684
93	86	781	210.213684
94	86	820	210.163528
95	86	1032	207.266968
96	86	1108	201.512451
97	86	1186	205.880814
98	86	1226	210.358887
99	86	1227	238.742371
100	86	1228	246.767731
101	86	898	247.828369
102	86	959	238.534912
103	86	41	226.302277
104	86	1229	211.204559
105	86	1230	189.018188
106	86	946	163.972061
107	86	781	146.106216
108	86	947	137.013763
109	86	946	124.503922
110	86	947	108.735832
111	86	1015	89.342888
112	86	12	61.103886
113	86	808	29.754671
114	86	854	8.672982
115	86	619	8.475476
116	86	1231	12.928724
117	86	4	7.066807
118	86	17	-7.954891
119	86	18	-21.635691
120	86	10	-21.847355
121	86	454	-12.414201
122	86	601	-7.171302
123	86	7	-7.953029
124	86	0	-7.226387
125	86	4	-2.679258
126	86	6	0
127	86	7	0
128	86	8	0
0	87	997	0
1	87	1150	-11.705875
2	87	1151	-32.188816
3	87	1173	-56.07996
4	87	161	-79.135284
5	87	1207	-97.703384
6	87	1207	-109.243881
7	87	1203	-115.141525
8	87	1208	-116.823059
9	87	1232	-115.934372
10	87	1233	-121.656227
11	87	809	-123.051292
12	87	1234	-120.559517
13	87	1235	-122.227852
14	87	852	-115.775803
15	87	809	-101.000702
16	87	996	-79.913826
17	87	996	-56.847038
18	87	825	-34.890854
19	87	503	-23.073542
20	87	827	-18.567028
21	87	437	-18.115499
22	87	2	-17.998615
23	87	15	-15.674485
24	87	8	-10.783243
25	87	14	-4.273857
26	87	18	-0.080594
27	87	11	0
28	87	10	0
29	87	10	0
30	87	5	100
31	87	668	100
32	87	1201	100
33	87	1116	100
34	87	1236	100
35	87	829	100
36	87	1237	100
37	87	475	100
38	87	889	100
39	87	792	100
40	87	10	100
41	87	35	100
42	87	133	100
43	87	106	-0.032831
44	87	11	-0.425773
45	87	10	-4.19256
46	87	10	-9.925107
47	87	13	-17.017391
48	87	8	-25.764786
49	87	9	-32.948589
50	87	10	-38.743839
51	87	5	-44.737843
52	87	17	-46.122845
53	87	2	-40.313576
54	87	3	-29.061525
55	87	38	-33.61602
56	87	133	-40.261227
57	87	138	-58.531483
58	87	4	-81.15036
59	87	6	-99.286423
60	87	19	-123.531563
61	87	1	-141.98877
62	87	2	-146.844788
63	87	2	-139.226837
64	87	2	-151.488388
65	87	18	-148.36908
66	87	13	-143.407898
67	87	14	-133.217026
68	87	3	-114.629707
69	87	19	-92.036499
70	87	176	-71.807457
71	87	176	-58.538338
72	87	176	-33.142033
73	87	16	-7.102219
74	87	16	5.967133
75	87	16	25.428205
76	87	16	57.173439
77	87	1229	78.336052
78	87	1238	76.096886
79	87	1239	91.406578
80	87	219	117.468254
81	87	1240	133.706894
82	87	197	134.93248
83	87	1223	143.210754
84	87	1241	152.343613
85	87	14	161.100418
86	87	18	169.972214
87	87	13	179.85321
88	87	9	190.402618
89	87	13	199.489395
90	87	948	205.903046
91	87	965	209.592438
92	87	964	210.213684
93	87	1129	210.213684
94	87	1030	210.213684
95	87	1110	209.832321
96	87	1242	208.665787
97	87	1243	209.971603
98	87	1244	210.213684
99	87	1245	210.213684
100	87	778	210.213684
101	87	38	247.822739
102	87	37	242.759827
103	87	1244	230.957687
104	87	1246	219.136932
105	87	1247	202.003799
106	87	964	174.344376
107	87	781	146.124924
108	87	781	131.69751
109	87	820	120.293968
110	87	938	106.951096
111	87	12	88.319901
112	87	842	62.536385
113	87	608	31.300451
114	87	1248	8.270971
115	87	6	6.017938
116	87	4	12.288484
117	87	13	12.276695
118	87	599	-0.83894
119	87	1064	-16.317289
120	87	502	-19.892481
121	87	503	-4.373918
122	87	1	4.96642
123	87	2	4.125139
124	87	1132	-1.38071
125	87	1249	-1.41991
126	87	491	0
127	87	42	0
128	87	1134	0
0	88	1136	0
1	88	1250	-5.715297
2	88	809	-19.333015
3	88	197	-37.157349
4	88	161	-54.891644
5	88	452	-69.846542
6	88	452	-79.885406
7	88	452	-86.144249
8	88	452	-87.786636
9	88	1251	-88.273399
10	88	1234	-89.87291
11	88	1252	-93.335442
12	88	1253	-98.079521
13	88	972	-102.203354
14	88	809	-96.296799
15	88	996	-81.695
16	88	853	-65.140968
17	88	601	-46.950897
18	88	827	-27.015747
19	88	851	-12.464264
20	88	455	-7.388091
21	88	536	-10.095398
22	88	783	-8.228224
23	88	491	-5.662686
24	88	7	-1.872905
25	88	8	-0.177379
26	88	9	0
27	88	11	0
28	88	11	0
29	88	10	0
30	88	691	100
31	88	890	100
32	88	1156	0
33	88	1236	0
34	88	691	0
35	88	792	0
36	88	13	0
37	88	9	0
38	88	283	0
39	88	538	0
40	88	35	100
41	88	35	100
42	88	129	100
43	88	104	-0.032831
44	88	190	-0.032831
45	88	9	-0.857922
46	88	17	-4.251564
47	88	2	-9.244139
48	88	18	-14.032541
49	88	13	-17.747623
50	88	8	-20.34844
51	88	9	-22.750963
52	88	5	-21.071718
53	88	6	-11.760787
54	88	52	-11.270631
55	88	51	-27.895847
56	88	37	-38.622139
57	88	7	-65.024902
58	88	14	-87.246742
59	88	2	-112.056816
60	88	18	-134.04155
61	88	11	-147.706818
62	88	11	-145.939194
63	88	5	-141.25766
64	88	5	-134.787521
65	88	6	-137.557251
66	88	4	-131.807999
67	88	6	-120.879669
68	88	16	-104.178581
69	88	1223	-78.497612
70	88	1223	-65.106834
71	88	1223	-60.554001
72	88	12	-34.040588
73	88	19	9.932952
74	88	12	30.099535
75	88	19	47.005142
76	88	1244	69.847633
77	88	1254	79.671219
78	88	1255	82.764229
79	88	197	122.883675
80	88	176	157.319
81	88	197	155.20195
82	88	1223	147.210037
83	88	1255	156.32399
84	88	4	163.993484
85	88	13	172.02298
86	88	0	180.382553
87	88	7	189.162079
88	88	0	197.151871
89	88	1030	203.194016
90	88	991	210
91	88	965	210
92	88	1062	295
93	88	34	295
94	88	1013	295
95	88	1256	295
96	88	1257	295
97	88	1258	295
98	88	1259	210.213684
99	88	33	210.213684
100	88	43	210.213684
101	88	1260	240.638367
102	88	1258	239.369125
103	88	1261	227.815369
104	88	1255	214.617462
105	88	1029	202.146698
106	88	1262	175.673615
107	88	1263	144.347809
108	88	1264	121.270355
109	88	726	111.150948
110	88	1015	97.751663
111	88	16	80.906212
112	88	1	61.186672
113	88	15	36.291454
114	88	14	13.68079
115	88	15	1.662661
116	88	14	7.913982
117	88	824	15.424869
118	88	853	8.207667
119	88	854	-7.359176
120	88	784	-11.644618
121	88	390	3.031671
122	88	469	17.110777
123	88	600	16.635275
124	88	825	8.523374
125	88	503	0.892364
126	88	52	0.055347
127	88	51	0
128	88	1151	0
0	89	1173	0
1	89	853	-1.194374
2	89	204	-7.31246
3	89	378	-18.522589
4	89	161	-31.199383
5	89	259	-41.863083
6	89	259	-49.753056
7	89	257	-55.171455
8	89	453	-58.454369
9	89	1265	-60.038601
10	89	1266	-64.416679
11	89	1253	-69.964767
12	89	853	-75.002869
13	89	972	-77.026642
14	89	825	-72.51445
15	89	608	-63.550446
16	89	503	-53.922062
17	89	808	-41.277596
18	89	825	-25.509321
19	89	608	-5.598477
20	89	609	-1.791777
21	89	828	-7.386811
22	89	609	-3.308613
23	89	784	-1.988558
24	89	437	-0.167357
25	89	18	0
26	89	5	0
27	89	13	0
28	89	9	0
29	89	10	0
30	89	10	100
31	89	691	100
32	89	792	0
33	89	11	0
34	89	11	0
35	89	17	0
36	89	18	0
37	89	396	0
38	89	476	0
39	89	35	0
40	89	35	100
41	89	37	100
42	89	38	100
43	89	36	-0.032831
44	89	122	-0.032831
45	89	10	-0.032831
46	89	10	-0.440216
47	89	11	-2.878716
48	89	6	-5.19134
49	89	16	-6.141148
50	89	7	-4.854948
51	89	8	-2.776885
52	89	0	-2.549383
53	89	19	-1.077957
54	89	38	-0.913967
55	89	36	-19.041052
56	89	41	-29.77676
57	89	4	-61.300404
58	89	5	-89.101509
59	89	11	-120.218445
60	89	5	-141.20224
61	89	5	-148.401199
62	89	13	-140.981628
63	89	8	-125.028259
64	89	0	-116.591942
65	89	7	-111.190681
66	89	0	-110.878708
67	89	19	-103.737076
68	89	1267	-90.043884
69	89	1268	-71.330193
70	89	1269	-61.000168
71	89	19	-48.563068
72	89	1229	-19.036608
73	89	1238	30.038664
74	89	1270	44.093548
75	89	1271	57.303589
76	89	1272	72.390396
77	89	1273	76.933014
78	89	204	91.996994
79	89	1223	148.711349
80	89	188	162.176895
81	89	196	153.284271
82	89	1273	153.909973
83	89	4	165.065765
84	89	17	177.78241
85	89	32	185.296448
86	89	41	191.879562
87	89	42	198.461258
88	89	34	203.027817
89	89	1274	206.676102
90	89	1130	210
91	89	970	210
92	89	1090	295
93	89	1090	295
94	89	1275	295
95	89	1272	295
96	89	1276	295
97	89	1277	295
98	89	51	210.213684
99	89	36	210.213684
100	89	1271	209.653717
101	89	1255	209.371674
102	89	1244	229.904282
103	89	1257	218.14212
104	89	1239	204.549377
105	89	477	192.0896
106	89	1278	171.758621
107	89	1279	138.697678
108	89	1280	107.698395
109	89	938	93.912231
110	89	12	82.677689
111	89	4	71.180656
112	89	6	60.248863
113	89	4	45.560184
114	89	17	22.106216
115	89	15	3.57031
116	89	997	3.139687
117	89	972	11.571198
118	89	996	12.986821
119	89	852	3.595244
120	89	869	0.905921
121	89	454	14.735854
122	89	972	26.575943
123	89	854	25.416082
124	89	1113	15.206083
125	89	1281	4.024799
126	89	1282	0.580377
127	89	1137	0.020751
128	89	1131	0
0	90	809	0
1	90	204	0
2	90	378	-0.150457
3	90	1223	-3.741828
4	90	809	-10.336318
5	90	996	-16.757473
6	90	809	-22.667923
7	90	1234	-31.418026
8	90	1235	-34.720562
9	90	1283	-35.741123
10	90	1284	-38.23719
11	90	1285	-45.574902
12	90	608	-51.630192
13	90	609	-53.025494
14	90	784	-49.547249
15	90	784	-47.619987
16	90	851	-43.936989
17	90	854	-36.452793
18	90	491	-25.727669
19	90	842	-6.354423
20	90	503	-0.745629
21	90	808	-3.370708
22	90	853	-7.355135
23	90	455	-9.308998
24	90	1048	-1.265005
25	90	13	-0.484024
26	90	14	0.016156
27	90	18	0.166638
28	90	11	0
29	90	10	0
30	90	10	100
31	90	5	100
32	90	5	2.810421
33	90	5	0.391668
34	90	10	0
35	90	13	0
36	90	9	0
37	90	11	0
38	90	1286	0
39	90	1287	0
40	90	1288	100
41	90	1289	100
42	90	1286	100
43	90	133	-0.032831
44	90	105	-0.032831
45	90	190	0
46	90	8	0
47	90	0	-0.102113
48	90	19	-0.414297
49	90	16	-0.319248
50	90	12	-0.00589
51	90	19	-0.013056
52	90	12	-0.009614
53	90	52	0
54	90	51	0
55	90	37	-8.117469
56	90	7	-16.883835
57	90	9	-39.519707
58	90	13	-88.079559
59	90	9	-124.32592
60	90	13	-141.009018
61	90	0	-142.345032
62	90	12	-127.100891
63	90	1229	-105.876518
64	90	1238	-69.723312
65	90	1238	-85.738739
66	90	1238	-89.209305
67	90	1258	-85.111443
68	90	1290	-73.50695
69	90	1257	-61.489174
70	90	1238	-47.87014
71	90	1291	-27.899923
72	90	1292	4.898451
73	90	1293	45.247494
74	90	1294	57.395988
75	90	1257	67.26429
76	90	1238	74.005928
77	90	188	78.3097
78	90	196	97.187889
79	90	197	167.362503
80	90	1223	168.393265
81	90	1	162.42688
82	90	18	170.383102
83	90	11	187.013809
84	90	148	196.831589
85	90	149	199.163147
86	90	43	203.95488
87	90	50	205.988098
88	90	1295	210
89	90	966	210
90	90	963	210
91	90	781	210
92	90	781	295
93	90	1296	295
94	90	1257	210
95	90	1258	210
96	90	1276	210.051926
97	90	1297	210.113174
98	90	35	209.368607
99	90	1298	209.423386
100	90	1276	206.942108
101	90	1291	206.377731
102	90	1272	209.146286
103	90	1273	205.917969
104	90	504	191.385132
105	90	402	177.997406
106	90	342	161.367905
107	90	440	126.850403
108	90	325	94.438377
109	90	12	77.23188
110	90	7	68.946274
111	90	14	65.15287
112	90	18	61.961933
113	90	10	54.256401
114	90	6	30.411171
115	90	808	7.653436
116	90	853	0.023294
117	90	996	6.327727
118	90	996	12.73785
119	90	973	14.080653
120	90	997	17.379559
121	90	996	27.481289
122	90	1111	34.330563
123	90	1299	30.126451
124	90	1300	18.850311
125	90	1136	6.640175
126	90	35	1.322012
127	90	1250	0.066165
128	90	972	0
0	91	188	0
1	91	378	0
2	91	196	0
3	91	1234	0
4	91	1301	0
5	91	1235	0
6	91	1283	-4.081278
7	91	1284	-12.468429
8	91	1252	-17.961241
9	91	1302	-14.073762
10	91	1303	-11.696652
11	91	491	-18.051571
12	91	808	-26.16466
13	91	972	-28.365107
14	91	996	-29.272432
15	91	852	-32.612183
16	91	809	-34.759972
17	91	601	-31.557127
18	91	19	-24.156231
19	91	827	-9.380836
20	91	851	-0.037554
21	91	972	-0.610532
22	91	825	-1.343785
23	91	407	-0.997745
24	91	470	1.273391
25	91	4	1.037684
26	91	10	2.671335
27	91	5	7.170428
28	91	11	11.550917
29	91	10	6.699805
30	91	11	100
31	91	11	100
32	91	5	23.718866
33	91	11	10.961313
34	91	6	0.798348
35	91	4	0
36	91	11	0
37	91	1177	0
38	91	1161	0
39	91	1177	0
40	91	1163	100
41	91	1304	100
42	91	39	100
43	91	51	-0.032831
44	91	37	0
45	91	19	0
46	91	19	0
47	91	19	0
48	91	12	0
49	91	19	0
50	91	16	0
51	91	16	0
52	91	19	0
53	91	38	0
54	91	37	0
55	91	19	0
56	91	4	-6.439374
57	91	6	-18.194494
58	91	7	-80.838982
59	91	0	-117.016365
60	91	1229	-132.488861
61	91	1238	-129.823975
62	91	1291	-108.93335
63	91	1305	-66.795944
64	91	1305	-43.099026
65	91	1254	-50.339039
66	91	1257	-59.067497
67	91	1258	-57.233616
68	91	1261	-52.571049
69	91	1305	-42.656525
70	91	1254	-26.566441
71	91	1306	1.068424
72	91	1298	42.010418
73	91	1307	57.294849
74	91	1261	68.818863
75	91	1305	77.390839
76	91	197	84.027824
77	91	196	80.478317
78	91	197	105.519958
79	91	1223	178.366379
80	91	7	179.191437
81	91	8	185.02887
82	91	9	184.018768
83	91	5	205.484467
84	91	233	212.526779
85	91	40	207.396881
86	91	41	209.888519
87	91	16	209.939667
88	91	1029	210
89	91	937	210
90	91	937	210
91	91	964	210
92	91	1308	295
93	91	1261	295
94	91	1257	210
95	91	1309	208.011261
96	91	1310	203.906555
97	91	35	202.730698
98	91	37	203.283051
99	91	1244	202.602264
100	91	1311	200.746292
101	91	1255	201.853836
102	91	1	198.932693
103	91	654	187.632751
104	91	421	191.102249
105	91	343	215.784546
106	91	477	215.194702
107	91	440	177.78978
108	91	324	90.270622
109	91	325	70.51564
110	91	4	65.582535
111	91	10	63.601616
112	91	5	50.138435
113	91	17	40.304619
114	91	607	31.042963
115	91	868	11.741788
116	91	996	0.397085
117	91	852	2.815588
118	91	854	10.789728
119	91	828	19.564331
120	91	1312	28.385775
121	91	1136	36.16008
122	91	1137	37.979984
123	91	1136	31.427547
124	91	1151	19.006792
125	91	1152	7.305328
126	91	1173	1.535808
127	91	972	0.038873
128	91	197	0
0	92	378	0
1	92	1223	0
2	92	1265	0
3	92	1266	0
4	92	1284	2.209379
5	92	1252	4.934713
6	92	1302	1.314659
7	92	1313	-9.840077
8	92	1266	-13.069831
9	92	1314	-7.032446
10	92	503	-0.816964
11	92	808	-1.490403
12	92	809	-2.689436
13	92	809	-9.986057
14	92	996	-16.605272
15	92	825	-22.082457
16	92	503	-28.325726
17	92	12	-28.077518
18	92	842	-20.970539
19	92	868	-8.396213
20	92	825	0
21	92	503	0.033591
22	92	842	0.831701
23	92	826	10.666245
24	92	18	14.774687
25	92	10	14.576163
26	92	10	15.264701
27	92	10	29.37962
28	92	11	66.065651
29	92	10	91.892807
30	92	10	100.451775
31	92	5	95.038002
32	92	5	51.913517
33	92	6	16.680496
34	92	4	1.021882
35	92	5	0
36	92	1098	0
37	92	1118	0
38	92	1097	0
39	92	1315	0
40	92	51	100
41	92	36	100
42	92	43	100
43	92	40	0
44	92	33	0
45	92	41	0
46	92	1054	0
47	92	1055	0
48	92	19	0
49	92	12	0
50	92	12	0
51	92	12	0
52	92	38	0
53	92	36	0
54	92	33	0
55	92	164	0
56	92	0	0
57	92	16	-2.13186
58	92	16	-70.498886
59	92	1244	-106.787933
60	92	1311	-124.305786
61	92	1272	-120.497307
62	92	1261	-93.303528
63	92	1311	-34.990601
64	92	1305	-22.858042
65	92	1305	-21.868439
66	92	1257	-13.771973
67	92	1258	-16.074804
68	92	1261	-21.992085
69	92	1292	-15.411424
70	92	1310	11.296573
71	92	36	37.088428
72	92	41	53.504669
73	92	1316	68.075027
74	92	1261	79.462334
75	92	204	88.565102
76	92	1223	90.273918
77	92	204	89.831863
78	92	176	100.968437
79	92	1239	178.251144
80	92	1	196.163025
81	92	15	198.617859
82	92	9	192.496506
83	92	17	204.283936
84	92	222	210.204163
85	92	37	210.171249
86	92	12	210.213684
87	92	542	210.213684
88	92	678	210
89	92	16	210
90	92	1317	210
91	92	1318	210
92	92	1291	295
93	92	1254	295
94	92	1306	210.213684
95	92	1319	206.094269
96	92	1320	198.083618
97	92	37	197.010986
98	92	1316	196.301361
99	92	1307	193.68573
100	92	1321	194.85437
101	92	18	198.766418
102	92	17	197.6492
103	92	2	187.632751
104	92	2	211.484467
105	92	2	242.945389
106	92	413	229.936539
107	92	419	199.999893
108	92	414	127.381958
109	92	18	58.0765
110	92	10	46.63892
111	92	11	42.786934
112	92	11	32.433807
113	92	6	28.902416
114	92	808	11.096671
115	92	852	14.955895
116	92	972	0.222196
117	92	996	1.261891
118	92	601	6.413146
119	92	1322	17.914909
120	92	1199	30.741587
121	92	35	38.2826
122	92	35	37.759453
123	92	1137	30.659229
124	92	1131	19.17662
125	92	853	8.285336
126	92	852	1.774952
127	92	197	0
128	92	1323	0
0	93	1324	0
1	93	1234	0
2	93	1252	0
3	93	1302	1.75182
4	93	1302	8.616936
5	93	1302	15.460495
6	93	1284	15.123102
7	93	1252	5.103259
8	93	1303	-4.366125
9	93	784	-2.253932
10	93	828	-0.000767
11	93	868	0
12	93	996	0
13	93	853	-2.916101
14	93	601	-9.774521
15	93	12	-17.311098
16	93	12	-24.141514
17	93	16	-24.128799
18	93	842	-20.766933
19	93	503	-2.968664
20	93	1	-1.897035
21	93	2	0.460724
22	93	18	5.639666
23	93	5	20.151039
24	93	11	26.330929
25	93	11	31.57802
26	93	5	29.693916
27	93	11	70.956825
28	93	10	91.021965
29	93	10	102.45063
30	93	10	103.346245
31	93	11	96.945076
32	93	6	71.078018
33	93	7	22.644093
34	93	9	3.838232
35	93	1325	0
36	93	1118	0
37	93	1177	0
38	93	1288	0
39	93	34	0
40	93	39	100
41	93	44	100
42	93	38	100
43	93	39	0
44	93	1326	0
45	93	1140	0
46	93	1222	0
47	93	16	0
48	93	16	0
49	93	16	0
50	93	42	0
51	93	43	0
52	93	50	0
53	93	51	0
54	93	37	0
55	93	16	0
56	93	1229	0
57	93	1238	-0.899968
58	93	1258	-65.509247
59	93	1307	-102.455887
60	93	1276	-120.324173
61	93	1291	-118.726501
62	93	1305	-85.315437
63	93	1311	-21.887455
64	93	1311	-4.216416
65	93	1305	-0.625612
66	93	1257	0
67	93	1291	0.4842
68	93	1306	3.962839
69	93	35	13.061446
70	93	39	27.100454
71	93	40	45.37043
72	93	1327	63.539589
73	93	1291	78.604889
74	93	189	90.314888
75	93	1267	97.719963
76	93	1328	101.127533
77	93	1269	96.69651
78	93	1273	108.07679
79	93	7	171.229752
80	93	14	212.564178
81	93	15	216.786209
82	93	104	192.947098
83	93	155	199.246979
84	93	37	206.551132
85	93	16	210.235428
86	93	893	210.213684
87	93	894	210.213684
88	93	19	210
89	93	1316	210
90	93	1261	210
91	93	1311	210
92	93	1311	295
93	93	1329	295
94	93	1294	210.213684
95	93	1330	207.863342
96	93	44	201.107132
97	93	16	199.56485
98	93	1	198.53302
99	93	18	195.118439
100	93	10	197.951218
101	93	11	203.403442
102	93	10	215.642502
103	93	13	211.524246
104	93	8	233.444275
105	93	8	258.907471
106	93	9	246.373398
107	93	10	221.592056
108	93	10	134.898819
109	93	10	28.336189
110	93	10	1.501129
111	93	11	-0.346667
112	93	6	10.764104
113	93	842	10.043956
114	93	868	-4.905043
115	93	853	-10.232261
116	93	825	-0.059241
117	93	609	0.168787
118	93	851	2.217453
119	93	1213	12.684422
120	93	1153	28.440763
121	93	1154	35.546227
122	93	1199	34.739136
123	93	1137	28.31793
124	93	1131	19.427952
125	93	996	10.74386
126	93	230	4.451889
127	93	1331	0
128	93	1332	0
0	94	1265	0
1	94	1266	0
2	94	1302	0
3	94	1302	3.245805
4	94	1302	13.58112
5	94	1302	25.067461
6	94	1313	26.183149
7	94	1333	16.130997
8	94	972	3.157046
9	94	854	0
10	94	851	0
11	94	996	0
12	94	853	0
13	94	601	-0.257712
14	94	19	-8.632967
15	94	12	-18.256409
16	94	12	-21.332441
17	94	16	-20.659626
18	94	1	-18.316515
19	94	18	-6.727746
20	94	10	-3.518039
21	94	5	3.179565
22	94	13	24.838263
23	94	9	51.151459
24	94	11	50.641453
25	94	5	44.667759
26	94	10	50.179913
27	94	5	65.00209
28	94	11	106.568062
29	94	11	117.183617
30	94	11	111.8498
31	94	17	97.607605
32	94	3	85.529556
33	94	7	30.974245
34	94	1161	6.589301
35	94	1334	0.193182
36	94	1176	0
37	94	1177	0
38	94	1335	0
39	94	1336	0
40	94	42	100
41	94	34	100
42	94	1337	100
43	94	1076	0
44	94	1202	1.186106
45	94	19	1.555665
46	94	12	0
47	94	12	0
48	94	42	0
49	94	43	0
50	94	44	0
51	94	16	0
52	94	52	-0.00203
53	94	40	-0.363893
54	94	33	-0.985473
55	94	1271	-1.833315
56	94	1254	-3.071747
57	94	1255	-3.679354
58	94	12	-58.407158
59	94	1244	-94.732109
60	94	1311	-120.170685
61	94	1305	-120.868912
62	94	1305	-96.252129
63	94	1254	-30.262562
64	94	1254	-0.385875
65	94	1272	0
66	94	1307	0
67	94	1338	0.008943
68	94	51	3.800265
69	94	37	15.0094
70	94	52	32.722462
71	94	1339	53.493599
72	94	1340	73.372841
73	94	1341	89.227173
74	94	1244	98.593811
75	94	1311	104.580719
76	94	1257	107.885117
77	94	1238	109.040054
78	94	1238	107.521461
79	94	1241	156.688828
80	94	458	201.516098
81	94	34	224.928085
82	94	139	211.899551
83	94	31	200.924179
84	94	3	204.073868
85	94	893	210.143661
86	94	1342	210.213684
87	94	1238	210.213684
88	94	1239	210
89	94	1316	210
90	94	1307	210
91	94	1307	210
92	94	1307	295
93	94	1343	295
94	94	1344	210.213684
95	94	41	209.254883
96	94	1229	203.003448
97	94	1241	200.896469
98	94	9	204.000763
99	94	11	202.978104
100	94	5	203.924011
101	94	13	207.923401
102	94	1345	213.671127
103	94	1239	237.697647
104	94	1	250.012253
105	94	15	275.540314
106	94	9	277.205658
107	94	11	226.636063
108	94	11	86.958839
109	94	13	24.079391
110	94	8	-10.0797
111	94	1346	-20.533348
112	94	1347	-6.94456
113	94	808	-0.417915
114	94	972	-17.703472
115	94	601	-23.529589
116	94	1348	-2.12009
117	94	1235	-0.484429
118	94	825	1.4284
119	94	503	7.216061
120	94	842	21.085686
121	94	1349	28.384512
122	94	35	27.217085
123	94	1250	21.520664
124	94	972	14.018732
125	94	972	8.324389
126	94	852	3.43052
127	94	852	0
128	94	1234	0
0	95	1350	0
1	95	1351	0
2	95	1266	0
3	95	1302	1.88149
4	95	1302	12.174982
5	95	1314	25.324066
6	95	868	30.081144
7	95	996	20.587461
8	95	852	7.09014
9	95	809	0
10	95	972	0
11	95	972	0
12	95	601	0
13	95	16	-6.709059
14	95	16	-11.035821
15	95	12	-19.354763
16	95	12	-20.747145
17	95	7	-17.805574
18	95	8	-13.276484
19	95	8	-6.208268
20	95	9	-3.289304
21	95	6	9.45873
22	95	4	28.133566
23	95	10	54.396969
24	95	5	68.439705
25	95	10	48.878841
26	95	5	58.20261
27	95	5	79.965485
28	95	13	115.465294
29	95	8	125.848083
30	95	8	116.174919
31	95	14	106.498421
32	95	2	72.229156
33	95	1352	32.507553
34	95	1353	5.261957
35	95	1354	0.197402
36	95	1352	0.000311
37	95	1120	0
38	95	1183	0
39	95	34	0
40	95	35	100
41	95	1325	100
42	95	1334	100
43	95	1222	9.129225
44	95	16	23.847792
45	95	42	14.460908
46	95	33	1.249142
47	95	43	0
48	95	44	0
49	95	12	0
50	95	19	0
51	95	1229	-0.160186
52	95	1277	-2.913168
53	95	51	-11.065985
54	95	1355	-17.366226
55	95	1305	-17.42931
56	95	1255	-15.723565
57	95	1229	-14.947845
58	95	1291	-37.22036
59	95	1272	-96.001503
60	95	1307	-118.148315
61	95	1261	-123.854759
62	95	1254	-104.088364
63	95	1254	-60.789867
64	95	1257	-1.05805
65	95	1238	0
66	95	1238	0
67	95	1277	0
68	95	44	3.327541
69	95	12	15.978148
70	95	52	37.284592
71	95	1356	61.351131
72	95	1273	83.128441
73	95	1244	97.117889
74	95	1305	104.533607
75	95	1272	108.30732
76	95	1261	111.21933
77	95	1254	113.447906
78	95	1357	114.713348
79	95	34	123.134033
80	95	39	155.560242
81	95	199	193.845169
82	95	11	201.815399
83	95	6	200.880966
84	95	903	206.378418
85	95	1358	210.213547
86	95	1359	210.213684
87	95	1273	210.213684
88	95	16	210
89	95	16	210
90	95	12	210.213684
91	95	19	210.210754
92	95	38	210.105331
93	95	35	209.913345
94	95	37	209.696121
95	95	1244	206.128632
96	95	1257	201.077713
97	95	1241	201.17485
98	95	9	206.200211
99	95	11	206.186584
100	95	1360	204.314651
101	95	1291	208.418045
102	95	1257	224.869034
103	95	1241	255.051178
104	95	0	265.366486
105	95	4	265.427643
106	95	10	239.053391
107	95	13	146.603622
108	95	0	47.773457
109	95	1361	17.079706
110	95	1362	-13.485044
111	95	1363	-23.860102
112	95	1364	-18.793678
113	95	1301	-8.067271
114	95	1365	-13.834996
115	95	1366	-31.468935
116	95	1333	-17.405416
117	95	854	-3.282079
118	95	784	1.092055
119	95	491	6.622075
120	95	52	13.179067
121	95	51	17.707756
122	95	1250	15.985831
123	95	809	8.672617
124	95	852	4.409723
125	95	852	2.934232
126	95	1111	0
127	95	1367	0
128	95	1284	0
0	96	1301	0
1	96	1252	0
2	96	1302	0
3	96	1368	0
4	96	1369	6.690195
5	96	851	18.290636
6	96	853	24.34881
7	96	809	18.094809
8	96	996	7.633509
9	96	853	0.619742
10	96	852	0
11	96	854	0
12	96	491	0
13	96	16	-8
14	96	19	-8.469442
15	96	12	-15.48757
16	96	12	-17.237537
17	96	827	-10.247616
18	96	491	-1.486188
19	96	4	0.961626
20	96	6	-1.694543
21	96	7	1.695601
22	96	8	12.102101
23	96	8	36.194706
24	96	8	47.813744
25	96	8	40.187778
26	96	9	56.599072
27	96	17	82.047256
28	96	2	122.216469
29	96	3	118.654022
30	96	7	110.759529
31	96	9	94.926872
32	96	1287	41.20911
33	96	1163	25.207632
34	96	1315	10.766556
35	96	51	0.699746
36	96	36	0
37	96	43	0
38	96	1370	4.4393
39	96	1286	11.118946
40	96	1325	105.089684
41	96	1202	100
42	96	16	163.218521
43	96	42	131.358185
44	96	34	66.039391
45	96	139	20.278255
46	96	31	1.386372
47	96	3	0
48	96	12	0
49	96	12	0
50	96	1244	-0.01526
51	96	1257	-3.360456
52	96	1371	-20.415115
53	96	1372	-30.667366
54	96	1373	-34.749142
55	96	1374	-34.464317
56	96	1244	-25.523239
57	96	1254	-19.308239
58	96	1257	-18.915089
59	96	1239	-91.102745
60	96	1316	-112.917336
61	96	1307	-121.297371
62	96	1261	-109.099449
63	96	1311	-73.491226
64	96	1292	-14.556885
65	96	1373	0
66	96	1375	0
67	96	1270	0
68	96	41	2.207974
69	96	16	15.635269
70	96	1229	40.42522
71	96	1238	69.018684
72	96	1291	91.408661
73	96	1311	102.935699
74	96	1255	107.956352
75	96	1244	111.170448
76	96	1292	113.753159
77	96	1310	115.02597
78	96	39	117.849182
79	96	213	120.203941
80	96	18	125.715706
81	96	13	158.96051
82	96	0	182.174194
83	96	16	199.495453
84	96	1180	213.175705
85	96	1129	211.108643
86	96	19	210.213684
87	96	16	210.213684
88	96	12	210
89	96	1229	210
90	96	1238	210.090515
91	96	1277	208.484421
92	96	50	207.273819
93	96	40	206.810257
94	96	1376	204.978134
95	96	1340	203.057526
96	96	1257	202.094772
97	96	1241	204.629639
98	96	9	208.110245
99	96	1377	207.95488
100	96	1261	207.480804
101	96	1272	211.999451
102	96	1276	235.672592
103	96	1239	270.001923
104	96	7	279.533997
105	96	9	273.277374
106	96	6	181.640182
107	96	12	121.01532
108	96	1378	78.584755
109	96	1379	6.874382
110	96	1380	-2.69043
111	96	1313	-11.46507
112	96	1266	-8.912679
113	96	1302	-19.536367
114	96	1253	-27.403135
115	96	853	-36.67659
116	96	853	-28.961248
117	96	852	-10.293514
118	96	854	0.100013
119	96	491	5.486144
120	96	52	8.56245
121	96	1381	7.430482
122	96	868	1.919551
123	96	972	-2.802992
124	96	1111	-3.56695
125	96	1136	-0.478023
126	96	1382	1.501341
127	96	1302	0.23402
128	96	1313	0
0	97	1351	0
1	97	1266	0
2	97	1383	0
3	97	808	0
4	97	825	1.483608
5	97	868	7.764382
6	97	972	12.881435
7	97	853	12.08847
8	97	1234	6.978846
9	97	1235	1.122995
10	97	852	0
11	97	854	0
12	97	784	0
13	97	784	-5.545593
14	97	491	-7.999739
15	97	12	-8.039061
16	97	842	-9.995768
17	97	826	-0.462754
18	97	15	0.467193
19	97	0	15.611157
20	97	16	13.23825
21	97	19	-3.083201
22	97	12	0.108557
23	97	16	16.830555
24	97	19	34.302116
25	97	7	34.388351
26	97	8	37.171684
27	97	8	77.162537
28	97	0	92.624123
29	97	16	99.670082
30	97	7	91.750809
31	97	1325	65.591057
32	97	1384	40.542587
33	97	36	29.226643
34	97	43	26.452486
35	97	51	1.589782
36	97	37	0.026136
37	97	1192	0.296841
38	97	1384	10.41306
39	97	1385	53.928745
40	97	1164	102.720734
41	97	16	110.111214
42	97	38	167.304642
43	97	39	143.5625
44	97	199	60.333553
45	97	10	14.491903
46	97	17	1.514001
47	97	3	0
48	97	19	0
49	97	1316	0
50	97	1261	-0.652563
51	97	1254	-16.658381
52	97	1330	-36.301727
53	97	51	-46.286808
54	97	37	-47.80191
55	97	1316	-43.65554
56	97	1261	-34.676819
57	97	1254	-20.9454
58	97	1257	-19.977631
59	97	1239	-68.261444
60	97	12	-102.021759
61	97	1244	-120.115273
62	97	1311	-113.540802
63	97	1306	-84.749535
64	97	35	-38.718742
65	97	1386	-2.752514
66	97	1310	0
67	97	36	0
68	97	1327	0.479448
69	97	1291	13.65851
70	97	1311	40.820747
71	97	1305	75.278282
72	97	1272	98.035301
73	97	1273	106.528122
74	97	1244	110.111206
75	97	1329	113.344116
76	97	1320	114.98069
77	97	36	117.592987
78	97	164	120.272255
79	97	9	123.210434
80	97	6	127.694328
81	97	1171	140.468994
82	97	1108	182.240768
83	97	946	201.848267
84	97	947	235.783875
85	97	1108	222.599411
86	97	1387	213.239395
87	97	1239	210.640472
88	97	1316	210.213684
89	97	1261	210
90	97	1257	209.824097
91	97	1388	207.92392
92	97	634	206.203644
93	97	704	204.494446
94	97	1389	203.431061
95	97	1254	204.625107
96	97	1255	207.071075
97	97	7	209.264893
98	97	0	209.378448
99	97	1316	210.116913
100	97	1273	210.378525
101	97	1244	219.075714
102	97	1255	252.814148
103	97	1	270.907867
104	97	15	278.733063
105	97	0	259.915192
106	97	1361	112.791916
107	97	1390	95.045753
108	97	1347	84.828781
109	97	1378	45.147652
110	97	1391	46.573719
111	97	1252	35.580261
112	97	1302	12.302148
113	97	1253	-9.806029
114	97	809	-30.775354
115	97	996	-35.342945
116	97	853	-28.104767
117	97	852	-18.302673
118	97	854	-5.374766
119	97	784	-1.07496
120	97	784	-0.444813
121	97	851	-2.604362
122	97	1111	-6.088206
123	97	1136	-7.91479
124	97	1151	-3.982441
125	97	1392	2.061966
126	97	1351	4.946316
127	97	1333	2.750524
128	97	852	0
0	98	1265	0
1	98	1393	0
2	98	828	0
3	98	609	0
4	98	851	0.014967
5	98	853	6.344464
6	98	809	11.375962
7	98	1265	11.417006
8	98	1394	7.21692
9	98	1235	3.192369
10	98	809	0.988015
11	98	996	0
12	98	996	0
13	98	601	0
14	98	16	-2.070866
15	98	827	-4.489363
16	98	785	-4.327277
17	98	0	-4.071051
18	98	12	6.699007
19	98	16	40.817719
20	98	1361	29.666342
21	98	1347	11.496516
22	98	1361	-1.837669
23	98	1347	5.261069
24	98	1361	15.471599
25	98	1390	24.12364
26	98	1347	38.128433
27	98	1	59.821224
28	98	3	76.30838
29	98	19	80.57222
30	98	1385	76.223389
31	98	1304	65.40696
32	98	35	48.774014
33	98	36	37.01091
34	98	1395	27.491545
35	98	1396	3.969155
36	98	1158	0.515635
37	98	1121	7.888607
38	98	50	24.511246
39	98	44	68.93708
40	98	42	107.233719
41	98	34	128.08876
42	98	37	136.533295
43	98	4	110.601494
44	98	11	31.342297
45	98	13	6.325539
46	98	0	0.221824
47	98	16	0
48	98	16	0
49	98	1316	0
50	98	1307	-5.293961
51	98	1273	-33.819592
52	98	52	-54.705479
53	98	40	-61.489368
54	98	41	-59.4226
55	98	1316	-51.186871
56	98	1261	-37.828243
57	98	1311	-21.572527
58	98	1255	-15.619305
59	98	12	-19.38633
60	98	1244	-93.774574
61	98	1292	-119.695572
62	98	1310	-118.058472
63	98	35	-97.182739
64	98	1319	-61.515984
65	98	1397	-9.915343
66	98	1320	-0.185668
67	98	1355	0
68	98	1272	0.065886
69	98	1307	9.977901
70	98	1307	38.975929
71	98	1276	77.772095
72	98	1238	102.481956
73	98	1291	108.526283
74	98	1305	112.245392
75	98	1330	114.580299
76	98	50	116.709892
77	98	213	119.660133
78	98	18	122.881821
79	98	17	127.926003
80	98	819	134.812393
81	98	820	145.749619
82	98	964	168.618484
83	98	820	218.976761
84	98	964	248.616562
85	98	1296	256.719299
86	98	1255	232.344482
87	98	12	219.325516
88	98	1316	210
89	98	1261	211.463638
90	98	1398	214.251053
91	98	637	209.902283
92	98	709	207.307419
93	98	1399	204.43129
94	98	1311	205.397125
95	98	1257	208.454376
96	98	1239	210.092712
97	98	19	210.213684
98	98	42	210.31189
99	98	41	210.423813
100	98	1244	216.824066
101	98	1255	231.726364
102	98	4	255.924469
103	98	6	265.981354
104	98	1361	256.920746
105	98	1362	182.494843
106	98	1400	75.177124
107	98	1379	69.837486
108	98	1361	74.00737
109	98	1366	91.407578
110	98	1351	99.651787
111	98	1266	61.553574
112	98	1314	41.527962
113	98	868	13.548526
114	98	852	-18.890896
115	98	996	-25.914768
116	98	996	-24.301958
117	98	996	-22.164137
118	98	996	-12.290702
119	98	996	-9.8312
120	98	996	-7.922318
121	98	1150	-8.333711
122	98	35	-9.471004
123	98	1250	-7.941053
124	98	972	-1.580283
125	98	996	4.371392
126	98	809	6.970793
127	98	996	3.606418
128	98	852	0
0	99	1234	0
1	99	1401	0
2	99	808	0
3	99	809	0.160389
4	99	972	6.847859
5	99	825	14.933752
6	99	1402	21.085735
7	99	1350	22.474133
8	99	1333	17.009663
9	99	996	7.23627
10	99	996	2.016812
11	99	996	0
12	99	601	0
13	99	827	0
14	99	851	-0.092653
15	99	601	-5.481776
16	99	16	-11.76153
17	99	1361	-10.628591
18	99	1347	4.913049
19	99	1380	33.675938
20	99	1403	42.822468
21	99	1404	29.94964
22	99	1383	15.347939
23	99	1380	3.638847
24	99	1302	6.81527
25	99	1383	12.789282
26	99	7	36.60619
27	99	0	64.240952
28	99	16	61.612816
29	99	35	68.80661
30	99	35	65.605904
31	99	39	57.616798
32	99	1166	40.372398
33	99	1021	42.031754
34	99	1041	18.463285
35	99	956	2.081515
36	99	12	1.506115
37	99	16	14.083394
38	99	12	54.361126
39	99	38	87.194298
40	99	39	112.054504
41	99	44	117.381134
42	99	7	102.947838
43	99	9	68.671501
44	99	6	32.937119
45	99	16	6.331704
46	99	1229	0.067556
47	99	1238	0
48	99	1239	0
49	99	16	-1.413193
50	99	1229	-18.347166
51	99	1238	-50.635094
52	99	1277	-69.614868
53	99	40	-75.582359
54	99	1327	-70.35376
55	99	1291	-56.311172
56	99	1254	-36.696259
57	99	1255	-17.219385
58	99	12	-7.513284
59	99	1405	-2.323732
60	99	1293	-78.856789
61	99	1397	-111.405022
62	99	1406	-118.046921
63	99	1339	-106.121635
64	99	1407	-76.411041
65	99	1408	-25.581736
66	99	1294	-3.604905
67	99	1255	-1.063849
68	99	1229	-1.007576
69	99	1238	3.321345
70	99	1291	21.023664
71	99	1311	64.455101
72	99	1305	103.890755
73	99	1272	110.062256
74	99	1273	113.762833
75	99	1	115.431366
76	99	15	118.40081
77	99	8	121.52916
78	99	8	126.938118
79	99	805	133.836182
80	99	947	145.755035
81	99	946	158.486069
82	99	1129	169.665237
83	99	1180	193.734222
84	99	1296	232.278519
85	99	1255	261.634949
86	99	12	250.923386
87	99	19	240.207306
88	99	1244	229.426056
89	99	1306	230.353043
90	99	1409	236.363724
91	99	1410	231.037796
92	99	1411	204.627884
93	99	1343	201.842911
94	99	1340	207.524048
95	99	1257	233.08165
96	99	1239	235.117538
97	99	38	227.350525
98	99	1412	221.541824
99	99	1291	220.59462
100	99	1257	225.689835
101	99	1413	250.667435
102	99	6	272.523193
103	99	1378	259.868958
104	99	1363	224.514877
105	99	1347	122.099243
106	99	1361	78.231323
107	99	1404	67.848747
108	99	1253	97.681862
109	99	853	142.242493
110	99	1265	142.778458
111	99	1414	117.082741
112	99	842	78.504723
113	99	868	35.341915
114	99	825	5.616015
115	99	608	-13.263405
116	99	868	-17.352821
117	99	1234	-10.915963
118	99	1235	-12.054461
119	99	1111	-6.940627
120	99	1136	-3.324607
121	99	1151	-4.675432
122	99	1174	-5.483246
123	99	608	-3.486625
124	99	868	0.094297
125	99	809	3.971727
126	99	852	3.839972
127	99	853	2.037607
128	99	1265	0
0	100	1393	0
1	100	851	0
2	100	996	0
3	100	809	4.156852
4	100	601	16.862757
5	100	1380	28.580059
6	100	1284	40.76712
7	100	1235	37.801655
8	100	809	29.443405
9	100	852	14.486036
10	100	853	2.599865
11	100	854	0
12	100	828	0
13	100	608	0
14	100	503	-1.267516
15	100	16	-10.456035
16	100	1378	-17.451674
17	100	1363	-13.57742
18	100	1362	3.667263
19	100	1415	21.035767
20	100	1302	40.243534
21	100	1403	54.881725
22	100	1404	34.25605
23	100	1368	18.442928
24	100	1379	4.635672
25	100	19	2.490251
26	100	1	22.508121
27	100	3	52.422497
28	100	35	61.867844
29	100	39	59.008205
30	100	44	52.263596
31	100	1416	38.772785
32	100	1417	23.616745
33	100	1417	8.88793
34	100	1418	7.421491
35	100	19	1.821111
36	100	12	4.411813
37	100	16	31.31616
38	100	38	68.395271
39	100	37	94.567734
40	100	1	100.484512
41	100	2	106.193291
42	100	18	99.394379
43	100	6	57.654724
44	100	1229	23.42211
45	100	1291	6.525403
46	100	1311	0.650246
47	100	1255	0
48	100	19	-2.533054
49	100	1244	-11.302838
50	100	1254	-43.087585
51	100	1357	-71.983795
52	100	34	-87.28598
53	100	1386	-90.025757
54	100	1373	-81.134178
55	100	1340	-60.909569
56	100	1257	-30.620716
57	100	1238	-8.579723
58	100	1297	-1.011075
59	100	1355	0
60	100	1254	-54.119114
61	100	1255	-95.90374
62	100	38	-111.474442
63	100	36	-109.076569
64	100	1271	-90.264381
65	100	1311	-60.47644
66	100	1257	-27.329506
67	100	1291	-20.102888
68	100	1254	-15.004703
69	100	1254	-13.28448
70	100	1292	5.209638
71	100	1373	49.385155
72	100	1374	87.445724
73	100	42	109.648262
74	100	164	114.172241
75	100	1345	116.556221
76	100	1238	119.831161
77	100	1230	124.284698
78	100	946	130.800781
79	100	1419	142.628586
80	100	1420	156.506088
81	100	947	169.497986
82	100	946	176.584183
83	100	1296	179.354462
84	100	1257	195.781418
85	100	1239	217.966583
86	100	19	240.723938
87	100	1316	250.890564
88	100	1338	249.316971
89	100	1421	241.183899
90	100	1422	224.415649
91	100	1423	206.525452
92	100	733	200.661118
93	100	1424	204.366592
94	100	1407	227.103256
95	100	1273	226.866577
96	100	38	230.295959
97	100	1298	227.319412
98	100	1261	236.194443
99	100	1254	240.037674
100	100	1425	251.088898
101	100	14	262.485535
102	100	3	268.532837
103	100	1378	254.118195
104	100	1363	174.115158
105	100	1404	69.515396
106	100	1368	61.153534
107	100	1391	72.207092
108	100	1301	120.394691
109	100	1301	140.86322
110	100	1365	134.961838
111	100	1426	123.877731
112	100	828	91.995827
113	100	1427	45.35725
114	100	1426	10.407537
115	100	828	0.653974
116	100	1428	-2.190917
117	100	1429	-4.675948
118	100	1136	0.453688
119	100	1151	6.274359
120	100	1174	7.089379
121	100	503	-0.503247
122	100	827	-3.355045
123	100	828	-1.729075
124	100	868	7.825735
125	100	853	13.005746
126	100	996	8.336014
127	100	852	0
128	100	809	0
0	101	1430	0
1	101	1431	0
2	101	996	2.730593
3	101	601	11.509704
4	101	1378	26.874146
5	101	1432	44.373817
6	101	1333	52.800426
7	101	809	49.507603
8	101	1430	37.084957
9	101	1433	19.050356
10	101	1434	2.644118
11	101	609	0
12	101	491	0
13	101	12	-0.439798
14	101	1361	-5.643748
15	101	1347	-14.425548
16	101	1380	-18.162106
17	101	1403	-8.075009
18	101	1404	9.655858
19	101	1302	24.195692
20	101	1302	29.663853
21	101	1368	43.729763
22	101	1379	31.517475
23	101	1	29.68498
24	101	2	15.481992
25	101	15	10.162003
26	101	14	11.93856
27	101	39	19.47064
28	101	44	27.993998
29	101	12	34.349468
30	101	1435	26.984457
31	101	1100	20.612162
32	101	1022	11.502253
33	101	1436	6.18417
34	101	1055	4.295889
35	101	16	2.400811
36	101	12	8.687218
37	101	38	37.652138
38	101	37	95.623077
39	101	7	108.571373
40	101	8	104.936699
41	101	9	102.382103
42	101	6	95.989235
43	101	1316	31.567913
44	101	1261	10.848797
45	101	1311	4.21422
46	101	1257	3.597728
47	101	1239	0
48	101	1316	-6.91791
49	101	1307	-27.888889
50	101	1408	-69.726128
51	101	1320	-96.018219
52	101	35	-106.51252
53	101	1319	-105.46946
54	101	1372	-92.573318
55	101	1373	-67.066071
56	101	1373	-32.464828
57	101	1310	-5.378065
58	101	1355	-0.137024
59	101	1305	0
60	101	1255	-15.388083
61	101	1437	-74.546974
62	101	1320	-96.696037
63	101	1386	-103.652657
64	101	1340	-98.931168
65	101	1254	-84.822754
66	101	1305	-65.358528
67	101	1311	-51.364189
68	101	1272	-44.875233
69	101	1338	-32.3937
70	101	51	-11.804385
71	101	1438	27.377464
72	101	634	74.547668
73	101	37	104.261955
74	101	1244	111.600082
75	101	1439	115.542412
76	101	1440	120.0326
77	101	964	127.192276
78	101	782	136.184418
79	101	1441	151.450424
80	101	1014	165.804443
81	101	937	174.230789
82	101	1442	176.890793
83	101	1272	175.791794
84	101	1276	175.602982
85	101	1239	183.60228
86	101	19	197.770279
87	101	1229	209.073654
88	101	1291	206.911591
89	101	1443	196.539078
90	101	1444	190.507919
91	101	709	192.402664
92	101	734	195.364441
93	101	36	205.882614
94	101	33	213.349609
95	101	43	217.973465
96	101	1260	230.15831
97	101	1258	247.124908
98	101	1261	260.333466
99	101	1257	271.523956
100	101	1413	280.400391
101	101	17	270.875946
102	101	3	246.596237
103	101	1378	216.813889
104	101	1400	109.614296
105	101	1379	51.176224
106	101	1378	57.098289
107	101	1400	73.602661
108	101	1415	131.45549
109	101	1368	130.258377
110	101	1445	121.360252
111	101	503	108.310135
112	101	1378	80.524834
113	101	1446	39.657143
114	101	1447	8.391835
115	101	1448	1.346968
116	101	1449	-0.209442
117	101	39	1.399232
118	101	1450	8.291298
119	101	854	13.456155
120	101	491	6.737528
121	101	842	-2.530021
122	101	609	-5.445333
123	101	851	1.514768
124	101	972	15.052959
125	101	853	26.303192
126	101	809	16.31065
127	101	1430	2.787446
128	101	1451	0
0	102	1452	0
1	102	1402	0
2	102	1401	6.418961
3	102	827	19.520473
4	102	851	38.088909
5	102	972	50.948353
6	102	1234	59.990013
7	102	1453	55.014515
8	102	1454	37.138069
9	102	1455	17.040064
10	102	808	0.727711
11	102	1447	0
12	102	1390	0
13	102	1362	-1.232907
14	102	1363	-8.308658
15	102	1404	-15.970542
16	102	1302	-13.720181
17	102	1302	-0.406207
18	102	1302	16.271452
19	102	1368	23.895905
20	102	1363	27.882456
21	102	1347	52.497597
22	102	7	36.445187
23	102	9	34.856834
24	102	6	25.379072
25	102	4	18.066334
26	102	1336	13.379919
27	102	19	11.631738
28	102	1054	9.205127
29	102	1456	8.82027
30	102	1457	8.9884
31	102	1041	9.279799
32	102	1458	9.918187
33	102	1459	11.058754
34	102	956	3.096202
35	102	12	2.038481
36	102	38	11.651899
37	102	37	29.095297
38	102	16	66.149742
39	102	16	97.530373
40	102	7	92.805573
41	102	0	81.22612
42	102	12	56.433029
43	102	1244	17.134699
44	102	1305	4.782752
45	102	1311	4
46	102	1255	2.24605
47	102	12	0
48	102	42	-10.672812
49	102	1376	-49.193153
50	102	1460	-90.694412
51	102	50	-116.429199
52	102	1356	-126.251213
53	102	1338	-121.634636
54	102	1461	-105.205856
55	102	1397	-76.850838
56	102	1406	-39.699413
57	102	1421	-8.9654
58	102	1305	0
59	102	1255	0
60	102	1316	-1.432492
61	102	1408	-48.964043
62	102	1320	-74.118637
63	102	1298	-89.100677
64	102	1261	-94.067627
65	102	1292	-91.455559
66	102	1373	-82.300591
67	102	1375	-72.329269
68	102	1270	-60.88789
69	102	733	-45.112663
70	102	1462	-22.101597
71	102	812	10.965458
72	102	37	56.266575
73	102	1244	104.010353
74	102	1463	108.706238
75	102	1464	112.96582
76	102	1465	118.076691
77	102	1466	126.35276
78	102	1467	139.613937
79	102	1012	155.631104
80	102	1229	168.822998
81	102	1291	173.789795
82	102	1257	174.006973
83	102	1291	172.653427
84	102	1257	172
85	102	1238	172.339569
86	102	1258	174.557159
87	102	1261	175.730408
88	102	1305	172.836914
89	102	1443	172.922943
90	102	1468	181.396317
91	102	51	189.030426
92	102	35	197.200775
93	102	35	204.091949
94	102	37	203.826401
95	102	1244	201.880249
96	102	1257	232.855042
97	102	1291	257.887878
98	102	1439	278.390686
99	102	1469	280.641144
100	102	11	272.009796
101	102	17	251.654404
102	102	3	219.512756
103	102	1	132.054672
104	102	3	69.736885
105	102	19	53.304901
106	102	1361	56.333645
107	102	1404	83.047455
108	102	1403	122.050308
109	102	1390	114.45771
110	102	1390	105.970284
111	102	1347	95.108307
112	102	1470	69.691353
113	102	1471	33.811527
114	102	1472	7.363562
115	102	1473	1.421181
116	102	1474	0.020264
117	102	842	0.546789
118	102	868	7.288684
119	102	601	8.7439
120	102	12	2.595334
121	102	808	-5.853346
122	102	852	-4.390821
123	102	852	3.789295
124	102	1430	15.249229
125	102	1434	21.510897
126	102	1475	14.629932
127	102	1476	1.836175
128	102	1477	0
0	103	1404	0
1	103	1303	0
2	103	851	8.367526
3	103	996	24.167891
4	103	1430	40.738152
5	103	1478	50.170769
6	103	1479	50.724987
7	103	996	43.257828
8	103	601	29.853487
9	103	842	11.556245
10	103	1428	0
11	103	1302	0
12	103	1403	0
13	103	1404	-0.622861
14	103	1368	-6.094151
15	103	1415	-10.723362
16	103	1302	-8.368526
17	103	1302	1.787564
18	103	1383	16.320711
19	103	1378	22.803247
20	103	1379	24.373884
21	103	12	30.470272
22	103	7	29.273779
23	103	14	25.740923
24	103	15	15.411012
25	103	1159	13.970964
26	103	1480	16.037094
27	103	1076	14.560494
28	103	1123	10.600556
29	103	1417	7.714108
30	103	1417	12.232224
31	103	1481	16.884703
32	103	1482	17.771437
33	103	1483	13.880061
34	103	19	3.308732
35	103	52	1.421159
36	103	40	3.658831
37	103	41	13.584426
38	103	1	42.398029
39	103	3	55.051117
40	103	12	60.563744
41	103	12	45.762989
42	103	1316	38.093998
43	103	1307	16.507133
44	103	1307	4.259084
45	103	1259	2.47532
46	103	33	-3.114212
47	103	34	-9.889348
48	103	39	-25.740961
49	103	1260	-62.795357
50	103	1238	-101.606049
51	103	1239	-129.784378
52	103	12	-140.31131
53	103	1244	-135.814606
54	103	1254	-118.435066
55	103	1257	-89.387291
56	103	1291	-51.243778
57	103	1254	-15.771128
58	103	1255	-1.349484
59	103	16	0
60	103	1244	-0.013634
61	103	1306	-17.134283
62	103	36	-48.116028
63	103	1376	-65.775398
64	103	1310	-77.082283
65	103	35	-80.49514
66	103	1386	-78.170982
67	103	1460	-73.629242
68	103	707	-63.578995
69	103	708	-47.266724
70	103	637	-24.506281
71	103	1484	5.070675
72	103	1485	43.73595
73	103	1486	95.296562
74	103	1487	107.086678
75	103	1488	110.767365
76	103	969	116.25354
77	103	1061	126.065369
78	103	1130	141.793243
79	103	1489	158.356949
80	103	1307	168.964722
81	103	1261	172.124451
82	103	1272	172
83	103	1307	172
84	103	1261	172
85	103	1255	170.193802
86	103	1316	162.062881
87	103	1261	152.801361
88	103	1311	157.444992
89	103	1255	166.650772
90	103	52	175.608978
91	103	622	185.666016
92	103	1490	198.093719
93	103	44	206.082733
94	103	1316	194.506622
95	103	1307	196.429138
96	103	1307	222.062332
97	103	1491	243.111343
98	103	9	265.868011
99	103	10	260.505859
100	103	13	221.303116
101	103	14	201.261459
102	103	15	135.856384
103	103	0	77.608696
104	103	16	63.839298
105	103	1378	53.270412
106	103	1400	61.422638
107	103	1415	97.493477
108	103	1302	106.352585
109	103	1368	100.818039
110	103	1492	94.795128
111	103	34	84.443001
112	103	39	59.229603
113	103	44	27.518667
114	103	1493	6.777708
115	103	1494	1.179647
116	103	1390	0
117	103	1495	0.060095
118	103	601	0.339425
119	103	12	0.621933
120	103	842	-3.133392
121	103	608	-4.601655
122	103	608	-1.406032
123	103	1496	8.312612
124	103	1497	17.283684
125	103	1348	19.181112
126	103	1498	6.523601
127	103	1499	0
128	103	1302	0
0	104	1284	0
1	104	1235	0
2	104	1430	5.859509
3	104	1500	21.587128
4	104	1501	39.443378
5	104	1502	47.398315
6	104	825	42.218929
7	104	609	31.491215
8	104	1503	16.78573
9	104	1404	4.946643
10	104	1302	-0.915854
11	104	1302	-0.2633
12	104	1368	0
13	104	1363	0
14	104	1362	-1.829212
15	104	1400	-3.68778
16	104	1415	-2.444708
17	104	1403	-0.47678
18	104	1347	9.068358
19	104	12	16.965389
20	104	16	19.497704
21	104	1	7.714578
22	104	18	8.931425
23	104	6	5.660151
24	104	1158	3.215949
25	104	1176	4.383378
26	104	1119	5.978252
27	104	1123	10.766435
28	104	1079	18.146631
29	104	1417	23.367662
30	104	1079	34.350132
31	104	1504	53.449673
32	104	1353	60.826389
33	104	1055	20.75293
34	104	42	9.788121
35	104	34	1.296352
36	104	36	0.195275
37	104	164	3.04979
38	104	0	19.783806
39	104	19	22.712517
40	104	12	32.217182
41	104	19	36
42	104	42	21.12487
43	104	33	9.659493
44	104	34	-1.037389
45	104	39	-13.132381
46	104	1461	-28.882614
47	104	1505	-44.308701
48	104	1291	-51.891453
49	104	1305	-78.118713
50	104	1255	-113.344643
51	104	16	-132.336029
52	104	1316	-140.624619
53	104	1261	-140.014618
54	104	1254	-129.646973
55	104	1311	-108.480377
56	104	1254	-85.74662
57	104	1255	-56.950211
58	104	12	-36.246273
59	104	1316	-13.172049
60	104	1338	-1.380077
61	104	1461	-0.461624
62	104	1320	-16.494181
63	104	35	-41.561752
64	104	35	-49.609421
65	104	1319	-56.314537
66	104	1506	-58.913811
67	104	43	-60.039822
68	104	51	-53.138954
69	104	680	-39.929386
70	104	681	-20.28463
71	104	164	4.15379
72	104	14	37.752918
73	104	137	74.32798
74	104	1507	97.429611
75	104	1508	109.607925
76	104	1013	116.140495
77	104	1509	126.722382
78	104	969	140.701157
79	104	41	155.166382
80	104	1316	166.922089
81	104	1276	172
82	104	1239	172
83	104	1244	169.402237
84	104	1255	163.057495
85	104	1229	154.748398
86	104	1291	140.692184
87	104	1272	140.124191
88	104	1273	150.151566
89	104	16	160.070389
90	104	728	171.856476
91	104	1510	181.309418
92	104	3	188.537292
93	104	16	203.981598
94	104	19	187.626938
95	104	12	174.033859
96	104	1	194.710571
97	104	18	199.38678
98	104	13	206.475632
99	104	14	187.066391
100	104	18	165.694321
101	104	17	124.877296
102	104	2	91.074318
103	104	2	73.654884
104	104	3	59.0228
105	104	19	60.129684
106	104	1378	84.584152
107	104	1400	98.433357
108	104	1492	95.185974
109	104	34	91.196465
110	104	1151	85.942497
111	104	1155	74.544083
112	104	827	48.514191
113	104	1511	21.104982
114	104	1252	5.735516
115	104	1302	0.819466
116	104	1253	0.580523
117	104	601	0.701605
118	104	827	0.289657
119	104	491	-0.586841
120	104	19	-1.546814
121	104	19	-1.516968
122	104	16	1.14703
123	104	19	12.315208
124	104	1493	20.879564
125	104	1266	21.776922
126	104	1302	10.027485
127	104	1302	0
128	104	1302	0
0	105	1284	0
1	105	1498	0
2	105	1512	1.413515
3	105	1513	13.23039
4	105	1514	28.013578
5	105	503	35.410988
6	105	808	33.534508
7	105	1265	22.409224
8	105	1515	9.348496
9	105	1415	-0.743414
10	105	1368	-2.861036
11	105	1363	-1.194129
12	105	1362	-0.081579
13	105	1363	0
14	105	1347	-0.003537
15	105	1380	-0.330607
16	105	1302	-0.219335
17	105	1403	0
18	105	1347	0.00246
19	105	19	1.179256
20	105	7	1.028015
21	105	9	3.157987
22	105	6	5.362291
23	105	12	4.732606
24	105	1158	3.38169
25	105	1141	5.224778
26	105	1143	4.398197
27	105	981	5.845377
28	105	1417	18.455885
29	105	1417	39.810543
30	105	982	75.940498
31	105	1516	105.998405
32	105	1517	99.596924
33	105	34	54.654289
34	105	39	10.750735
35	105	51	1.6392
36	105	36	0.083484
37	105	41	0.503381
38	105	12	9.020026
39	105	12	12.472922
40	105	12	16.185328
41	105	38	14.429921
42	105	35	8
43	105	39	2.815051
44	105	44	-11.612316
45	105	1244	-29.171118
46	105	1254	-46.203083
47	105	1305	-63.938065
48	105	1254	-82.151596
49	105	1257	-100.482361
50	105	1239	-119.607941
51	105	19	-129.234421
52	105	1244	-134.394836
53	105	1305	-137.282776
54	105	1254	-136.720398
55	105	1272	-130.139877
56	105	1273	-119.493011
57	105	1229	-105.458855
58	105	1270	-77.981445
59	105	1327	-59.654327
60	105	1309	-30.212227
61	105	1293	-15.172831
62	105	1320	-7.96417
63	105	39	-9.253893
64	105	1356	-24.813473
65	105	1518	-30.70583
66	105	36	-25.201666
67	105	733	-28.106939
68	105	660	-36.478828
69	105	39	-24.82757
70	105	40	-11.537854
71	105	240	5.266793
72	105	208	23.947721
73	105	115	51.88512
74	105	30	75.884766
75	105	207	94.607979
76	105	1295	107.252655
77	105	1519	118.339828
78	105	1520	130.844849
79	105	1108	143.038696
80	105	1521	154.10257
81	105	1522	163.846985
82	105	1316	150.818527
83	105	1321	138.133896
84	105	1523	134.481583
85	105	1307	132.733185
86	105	1273	129.333954
87	105	1	136.907379
88	105	2	144.228851
89	105	2	153.944794
90	105	15	171.467087
91	105	0	170.77829
92	105	12	178.563049
93	105	42	190.978592
94	105	41	164.654739
95	105	4	155.220428
96	105	11	156.455429
97	105	17	148.921539
98	105	15	134.444489
99	105	9	106.757614
100	105	11	89.14119
101	105	5	88.808151
102	105	10	88.963287
103	105	17	74.682274
104	105	2	69.479836
105	105	3	73.77655
106	105	42	91.078842
107	105	43	89.296501
108	105	50	86.941422
109	105	1450	84.084381
110	105	854	78.727158
111	105	851	63.182159
112	105	1283	37.910183
113	105	1302	14.752406
114	105	1313	4.285939
115	105	1524	3.330102
116	105	1525	5.858683
117	105	828	5.23986
118	105	503	2.423386
119	105	827	0.354602
120	105	784	-0.890512
121	105	1503	-1.254224
122	105	1426	0.75283
123	105	1511	11.45609
124	105	1252	19.89957
125	105	1302	21.020006
126	105	1302	9.864056
127	105	1313	0
128	105	1515	0
0	106	1415	0
1	106	1526	0
2	106	1502	0
3	106	854	4.833107
4	106	784	15.557377
5	106	828	22.79921
6	106	608	20.531847
7	106	1427	11.671265
8	106	1404	-0.424549
9	106	1383	-6.722939
10	106	1380	-5.736533
11	106	1383	-2.106016
12	106	1380	-0.134612
13	106	1403	0
14	106	1404	0
15	106	1302	0
16	106	1368	0
17	106	1363	0
18	106	1347	0
19	106	16	0
20	106	7	0.117343
21	106	0	2.429252
22	106	12	9.749108
23	106	19	28.264681
24	106	38	33.210365
25	106	35	25.89043
26	106	1057	11.390779
27	106	1079	6.354553
28	106	1022	13.947602
29	106	1527	46.652828
30	106	1002	115.678009
31	106	958	131.608231
32	106	39	140.922714
33	106	44	62.551987
34	106	52	21.628975
35	106	51	1.62443
36	106	36	2.058356
37	106	33	2.827131
38	106	33	15.99906
39	106	33	11.115854
40	106	34	8.867625
41	106	39	11.148936
42	106	44	4.778648
43	106	1229	-3.833172
44	106	1291	-19.100456
45	106	1311	-38.4501
46	106	1311	-59.747616
47	106	1254	-81.091103
48	106	1311	-100.633781
49	106	1255	-116.235237
50	106	16	-126.415237
51	106	1316	-126.943634
52	106	1307	-129.537079
53	106	1261	-134.025452
54	106	1257	-139.817017
55	106	1270	-143.340317
56	106	1376	-141.558365
57	106	1310	-135.460983
58	106	1386	-117.706184
59	106	1310	-96.357468
60	106	1298	-78.750595
61	106	1518	-67.931068
62	106	36	-58.355171
63	106	33	-46.533813
64	106	733	-34.791405
65	106	1490	-28.480955
66	106	657	-20.885298
67	106	762	-17.454142
68	106	36	-18.817741
69	106	34	-21.012033
70	106	35	-14.944777
71	106	36	1.062705
72	106	240	12.887156
73	106	106	29.789257
74	106	262	51.679192
75	106	33	71.20092
76	106	1528	87.126953
77	106	1529	98.851524
78	106	1530	112.580238
79	106	1531	122.96151
80	106	1532	128.779602
81	106	32	123.213173
82	106	122	113.183472
83	106	6	115.783943
84	106	1	117.817886
85	106	2	120.202171
86	106	18	126.115562
87	106	5	131.460205
88	106	13	141.353195
89	106	0	149.091141
90	106	42	157.644348
91	106	33	149.267929
92	106	43	149.626495
93	106	40	149.199661
94	106	240	135.888733
95	106	105	142.880371
96	106	106	136.166443
97	106	262	129.939255
98	106	164	114.524231
99	106	8	95.012413
100	106	8	84.087708
101	106	8	82.666077
102	106	104	83.634766
103	106	105	84.555542
104	106	179	84.710312
105	106	201	84.857819
106	106	31	84.231682
107	106	3	83.124939
108	106	842	81.881943
109	106	608	78.638878
110	106	868	69.392181
111	106	1265	49.788925
112	106	1351	26.223856
113	106	1333	9.357672
114	106	1533	2.650844
115	106	1534	5.730682
116	106	854	9.334583
117	106	784	7.989565
118	106	851	2.562513
119	106	996	-2.942384
120	106	1283	-5.747177
121	106	1284	-6.544435
122	106	1252	-5.36341
123	106	1302	0.113984
124	106	1302	7.891436
125	106	1302	9.255405
126	106	1284	1.351912
127	106	1401	0
128	106	1378	0
0	107	1432	0
1	107	1514	0
2	107	608	0
3	107	608	1.122515
4	107	503	5.943302
5	107	1361	11.29002
6	107	1404	9.246096
7	107	1302	1.412562
8	107	1403	-5.42886
9	107	1404	-5.07536
10	107	1403	-3.706621
11	107	1404	-1.58639
12	107	1302	-0.183707
13	107	1302	0
14	107	1302	0
15	107	1403	0
16	107	1362	0
17	107	1379	0
18	107	12	0
19	107	12	0
20	107	12	0.010766
21	107	19	3.351075
22	107	12	22.94503
23	107	38	48.960308
24	107	1007	69.012184
25	107	1021	57.687366
26	107	1417	29.32317
27	107	1041	11.987522
28	107	957	12.881667
29	107	1021	44.104702
30	107	1006	105.10405
31	107	36	118.48243
32	107	41	109.228966
33	107	12	48.451668
34	107	52	23.677528
35	107	50	11.861211
36	107	50	18.77553
37	107	51	22.286217
38	107	39	25.834963
39	107	50	23.647532
40	107	44	8.00931
41	107	19	8
42	107	1244	0.004061
43	107	1305	-4.912122
44	107	1254	-22.782347
45	107	1311	-44.791718
46	107	1272	-70.145691
47	107	1307	-93.544571
48	107	1276	-110.594612
49	107	1238	-120.102989
50	107	1238	-126.042854
51	107	1238	-124.33696
52	107	1291	-123.439026
53	107	1311	-128.861389
54	107	1306	-139.106018
55	107	1319	-148.346817
56	107	1397	-152.992584
57	107	1406	-152.489777
58	107	50	-145.490158
59	107	40	-133.609024
60	107	34	-117.661186
61	107	35	-106.701065
62	107	35	-95.597801
63	107	680	-80.062447
64	107	681	-59.968201
65	107	41	-42.62484
66	107	52	-36.533005
67	107	51	-27.347307
68	107	35	-23.427591
69	107	139	-22.573919
70	107	30	-18.041101
71	107	30	-10.05266
72	107	131	4.399727
73	107	268	17.673662
74	107	30	34.03862
75	107	1535	48.320831
76	107	1536	61.053905
77	107	279	70.098412
78	107	165	76.462708
79	107	123	91.107414
80	107	151	95.376503
81	107	116	94.909157
82	107	17	97.194557
83	107	18	104.511009
84	107	11	110.457771
85	107	13	115.041687
86	107	8	119.909134
87	107	14	126.603554
88	107	3	120.631638
89	107	38	119.600578
90	107	39	112.074875
91	107	44	108.816711
92	107	130	105.806053
93	107	30	100.776024
94	107	279	99.116714
95	107	133	120.657089
96	107	208	130.185776
97	107	40	126.315575
98	107	33	112.19313
99	107	33	93.798714
100	107	33	82.790154
101	107	43	80.275139
102	107	50	80.724091
103	107	115	80.899529
104	107	116	80.991608
105	107	13	80.9496
106	107	14	80.74794
107	107	3	80.052383
108	107	16	77.14666
109	107	808	70.733391
110	107	809	56.171913
111	107	852	35.083904
112	107	1430	16.285124
113	107	1500	5.785819
114	107	1534	1.176534
115	107	996	4.749009
116	107	852	6.966376
117	107	853	3.286614
118	107	852	-2.767826
119	107	1283	-7.652004
120	107	1313	-9.982182
121	107	1266	-11.331136
122	107	1368	-10.848602
123	107	1432	-9.66752
124	107	1266	-6.689507
125	107	1313	-3.362932
126	107	1393	-0.856865
127	107	491	0
128	107	842	0
0	108	503	0
1	108	19	0
2	108	19	0
3	108	19	-0.387129
4	108	1378	-0.53421
5	108	1415	1.071749
6	108	1302	-2.516833
7	108	1302	-6.383379
8	108	1302	-3.858804
9	108	1368	3.350477
10	108	1415	6.789725
11	108	1302	5.234847
12	108	1302	2.893123
13	108	1368	0.740322
14	108	1400	0
15	108	1379	-0.005018
16	108	19	0
17	108	12	0
18	108	19	0
19	108	16	0
20	108	16	0.09882
21	108	12	8.567978
22	108	38	33.7686
23	108	1057	100.724762
24	108	1417	109.115662
25	108	1079	95.553146
26	108	1079	47.2691
27	108	1417	24.181398
28	108	1417	22.06353
29	108	1006	34.024704
30	108	35	76.418091
31	108	1537	82.699059
32	108	956	74.379234
33	108	12	44.848812
34	108	19	32.40065
35	108	19	23.898655
36	108	52	32.464245
37	108	44	31.04929
38	108	19	25.880005
39	108	19	25.778509
40	108	19	8.70997
41	108	1316	4.717964
42	108	1261	0
43	108	1254	-5.64632
44	108	1254	-24.318087
45	108	1257	-48.856922
46	108	1238	-75.825203
47	108	1291	-100.605766
48	108	1254	-113.757477
49	108	1254	-118.398674
50	108	1305	-119.516983
51	108	1311	-116.066925
52	108	1305	-111.105431
53	108	1329	-115.948601
54	108	1294	-129.78009
55	108	1305	-147.686539
56	108	1255	-157.613739
57	108	12	-162.235428
58	108	38	-160.447144
59	108	35	-153.802292
60	108	35	-143.852478
61	108	35	-132.809036
62	108	35	-119.569817
63	108	39	-101.527695
64	108	44	-83.520096
65	108	12	-60.710999
66	108	38	-50.151775
67	108	35	-38.114296
68	108	133	-27.737019
69	108	190	-24.28026
70	108	8	-20.49291
71	108	0	-10.504973
72	108	7	0.474632
73	108	8	9.612905
74	108	8	18.908569
75	108	8	34.32922
76	108	268	48.385471
77	108	140	57.781956
78	108	155	64.039627
79	108	165	75.05146
80	108	10	84.692551
81	108	10	89.717575
82	108	11	94.027992
83	108	1538	103.304337
84	108	1539	110.014565
85	108	1239	114.872353
86	108	7	113.289047
87	108	458	104.389282
88	108	201	101.067726
89	108	232	85.824448
90	108	16	95.281456
91	108	4	93.149658
92	108	5	88.021126
93	108	233	72.618431
94	108	115	80.184959
95	108	232	98.321251
96	108	52	115.156227
97	108	50	118.18013
98	108	50	105.857086
99	108	50	90.295219
100	108	44	81.943123
101	108	12	80
102	108	7	80
103	108	8	80
104	108	0	80
105	108	7	79.773918
106	108	0	78.149994
107	108	12	75.058578
108	108	808	69.2425
109	108	972	57.140427
110	108	1430	38.898354
111	108	1540	22.168785
112	108	1541	11.621389
113	108	1542	4.927175
114	108	1431	2.681921
115	108	853	2.497654
116	108	996	0.836741
117	108	852	-3.665164
118	108	1265	-8.649496
119	108	1333	-7.884044
120	108	1265	-7.335771
121	108	1414	-7.268656
122	108	842	-7.654572
123	108	1543	-8.439983
124	108	1446	-6.27564
125	108	825	-2.494594
126	108	503	-0.611458
127	108	19	0
128	108	19	0
0	109	16	0
1	109	16	0
2	109	1361	-0.741301
3	109	1347	-3.728024
4	109	1380	-5.480752
5	109	1302	-4.594573
6	109	1302	-3.782871
7	109	1302	-3.773788
8	109	1403	4.009038
9	109	1362	12.338609
10	109	1400	15.544263
11	109	1400	11.236549
12	109	1379	6.989663
13	109	16	2.648166
14	109	12	-0.509491
15	109	12	-1.184955
16	109	19	-1.520056
17	109	1361	-0.711802
18	109	1347	-0.036712
19	109	42	0
20	109	33	0.710543
21	109	43	13.950738
22	109	1026	53.756599
23	109	1417	102.347588
24	109	1079	130.856735
25	109	1005	118.751579
26	109	981	62.341358
27	109	1005	39.695061
28	109	1028	36.162846
29	109	35	50.316185
30	109	1000	65.491417
31	109	1544	83.286102
32	109	1055	79.655701
33	109	1054	53.397179
34	109	1055	39.446358
35	109	19	40.784634
36	109	12	38.841831
37	109	12	36.796696
38	109	19	33.223064
39	109	12	18.187428
40	109	16	0
41	109	1244	0
42	109	1254	-0.014017
43	109	1254	-7.753362
44	109	1305	-27.126099
45	109	1311	-50.715214
46	109	1311	-76.298088
47	109	1311	-96.517944
48	109	1311	-108.247505
49	109	1305	-111.724342
50	109	1305	-108.421951
51	109	1272	-101.601761
52	109	1307	-94.735909
53	109	1307	-95.744064
54	109	1307	-116.191772
55	109	1273	-139.730042
56	109	16	-155.899887
57	109	52	-164.444458
58	109	51	-165.422943
59	109	35	-161.729584
60	109	39	-156.629181
61	109	50	-147.379944
62	109	44	-134.250107
63	109	1	-116.097282
64	109	3	-96.401932
65	109	52	-73.800629
66	109	51	-53.130733
67	109	35	-41.18671
68	109	37	-32.453552
69	109	19	-26.806938
70	109	1229	-20.140167
71	109	1238	-7.834045
72	109	1239	3.16773
73	109	16	10.757729
74	109	16	19.609348
75	109	4	32.260994
76	109	154	50.885063
77	109	139	58.100822
78	109	116	63.526608
79	109	10	74.810654
80	109	11	84.356064
81	109	10	91.124489
82	109	1545	100.148346
83	109	1439	105.472023
84	109	1546	104.482193
85	109	3	100.454285
86	109	38	95.200752
87	109	129	88.421577
88	109	14	81.745636
89	109	2	75.725204
90	109	18	71.840973
91	109	5	68.527184
92	109	6	61.322033
93	109	7	61.465748
94	109	0	64.77002
95	109	16	75.968391
96	109	1547	89.434715
97	109	1548	97.453972
98	109	19	92.360619
99	109	16	81.403145
100	109	1547	76.290749
101	109	1549	76.04464
102	109	1550	76.585838
103	109	1551	76.404045
104	109	1551	75.505493
105	109	1548	73.813339
106	109	827	70.748779
107	109	851	64.279831
108	109	972	53.113056
109	109	1533	37.997429
110	109	1552	22.929998
111	109	1551	15.940998
112	109	1553	13.860545
113	109	1476	14.218032
114	109	1431	13.782757
115	109	809	10.554285
116	109	825	2.755029
117	109	868	-3.959359
118	109	825	-5.659709
119	109	608	-3.574762
120	109	503	-0.373838
121	109	827	3.318403
122	109	491	4.533439
123	109	842	1.96205
124	109	503	-0.374266
125	109	16	-0.667231
126	109	19	0.112653
127	109	19	0
128	109	12	0
0	110	19	0
1	110	1380	0
2	110	1403	-1.996253
3	110	1404	-7.798978
4	110	1368	-13.25561
5	110	1400	-11.719488
6	110	1400	-6.836301
7	110	1415	-0.749788
8	110	1403	6.558308
9	110	1390	13.100607
10	110	1347	14.295607
11	110	12	12.321037
12	110	19	8.433869
13	110	16	3.130784
14	110	1361	-1.483988
15	110	1390	-5.022198
16	110	1362	-6.257568
17	110	1379	-4.58874
18	110	38	-1.88326
19	110	1007	-0.364234
20	110	984	0.194836
21	110	1554	8.461873
22	110	1527	40.723644
23	110	981	80.919884
24	110	982	98.78743
25	110	1027	96.655792
26	110	1028	62.017036
27	110	1007	54.258442
28	110	983	57.600403
29	110	983	65.708786
30	110	1555	58.690796
31	110	1077	65.866615
32	110	1354	88.644768
33	110	1517	88.607155
34	110	33	89.352974
35	110	41	52.248238
36	110	16	34.625904
37	110	42	39.043324
38	110	33	32.51247
39	110	41	22.084393
40	110	1316	6.118982
41	110	1307	0
42	110	1307	-0.198546
43	110	1307	-13.316134
44	110	1307	-29.102173
45	110	1307	-50.238998
46	110	1307	-72.961197
47	110	1307	-89.321617
48	110	1261	-97.617378
49	110	1305	-99.479347
50	110	1257	-94.625778
51	110	1238	-85.045853
52	110	1239	-76.548851
53	110	16	-81.049004
54	110	19	-99.948326
55	110	12	-123.305534
56	110	12	-144.070313
57	110	52	-159.262985
58	110	51	-163.08812
59	110	37	-160.046677
60	110	12	-157.914185
61	110	16	-152.625488
62	110	4	-141.524643
63	110	6	-123.547783
64	110	42	-99.298309
65	110	34	-68.458344
66	110	39	-42.540497
67	110	40	-36.650341
68	110	41	-33.451202
69	110	1316	-29.103189
70	110	1261	-17.114309
71	110	1257	1.016053
72	110	1239	12.762418
73	110	12	13.565195
74	110	4	21.335846
75	110	148	46.278599
76	110	140	59.737133
77	110	106	64.89743
78	110	11	64.814644
79	110	11	75.780441
80	110	11	91.176697
81	110	1556	98.757904
82	110	1557	97.789459
83	110	1558	96.541969
84	110	1559	93.827232
85	110	34	84.926369
86	110	37	78.230247
87	110	7	76.403778
88	110	8	73.054398
89	110	8	67.704552
90	110	8	47.585705
91	110	14	21.907324
92	110	3	21.68458
93	110	16	30.4249
94	110	12	48.262695
95	110	1560	58.346889
96	110	1561	64.072403
97	110	19	66.471703
98	110	1547	64.963692
99	110	1562	62.275276
100	110	1534	63.47776
101	110	1563	66.380951
102	110	1564	67.956528
103	110	1565	67.568138
104	110	1497	65.306343
105	110	842	61.298679
106	110	608	54.388485
107	110	868	44.125584
108	110	1533	32.831303
109	110	1565	20.623377
110	110	1541	11.103814
111	110	1566	11.650158
112	110	1563	15.40843
113	110	1567	19.412142
114	110	825	21.992458
115	110	609	19.885891
116	110	851	12.005989
117	110	601	3.778616
118	110	19	0.053082
119	110	19	0.581125
120	110	842	5.503313
121	110	503	11.037515
122	110	827	13.206168
123	110	491	11.629784
124	110	16	4.171319
125	110	42	0.28764
126	110	33	-0.338609
127	110	33	0
128	110	41	0
0	111	1378	0
1	111	1400	0
2	111	1415	-1.420624
3	111	1403	-7.365587
4	111	1347	-18.344515
5	111	16	-23.462675
6	111	1380	-17.471539
7	111	1302	-9.391874
8	111	1302	-1.64447
9	111	1383	4.695661
10	111	1361	7.017925
11	111	1390	7.520899
12	111	1390	5.820064
13	111	1404	2.661284
14	111	1368	-2.541269
15	111	1379	-6.854266
16	111	19	-9.408581
17	111	1395	-7.715387
18	111	1021	-4.407047
19	111	1079	-2.458479
20	111	1041	-2.137698
21	111	957	-1.34411
22	111	1021	29.830137
23	111	1417	43.459503
24	111	982	69.687668
25	111	983	59.344204
26	111	1021	50.462559
27	111	1079	57.731945
28	111	1417	63.517776
29	111	1481	69.976601
30	111	1568	59.515175
31	111	1569	74.607628
32	111	35	72.007774
33	111	39	79.132286
34	111	44	76.575012
35	111	42	51.452568
36	111	34	31.175882
37	111	39	31.64373
38	111	44	25.439156
39	111	19	16.941345
40	111	19	11.983439
41	111	19	0
42	111	19	-0.893423
43	111	16	-16.223259
44	111	12	-29.2148
45	111	19	-46.361504
46	111	42	-65.365005
47	111	1489	-79.233536
48	111	1307	-85.748726
49	111	1261	-85.165581
50	111	1311	-79.259491
51	111	1255	-64.645523
52	111	42	-51.196156
53	111	41	-54.535053
54	111	12	-78.093887
55	111	16	-102.949127
56	111	19	-127.584503
57	111	38	-145.833496
58	111	36	-152.480682
59	111	41	-151.727936
60	111	1	-151.276962
61	111	18	-149.522552
62	111	6	-142.596817
63	111	38	-125.904663
64	111	35	-96.327644
65	111	37	-53.812859
66	111	52	-30.898823
67	111	40	-25.755608
68	111	41	-26.840158
69	111	1316	-25.964767
70	111	1261	-21.527119
71	111	1257	-22.559778
72	111	1238	-16.498058
73	111	1413	-4.766008
74	111	5	6.702386
75	111	148	20.588989
76	111	116	37.558823
77	111	11	47.006592
78	111	10	43.749954
79	111	5	53.869495
80	111	13	77.083359
81	111	1570	87.337372
82	111	1311	86.922005
83	111	1306	82.98925
84	111	35	57.204063
85	111	37	40.550358
86	111	16	36.858261
87	111	12	30.749449
88	111	1	23.829411
89	111	3	7.484055
90	111	7	-12.715096
91	111	0	-23.060583
92	111	16	-12.390985
93	111	1547	4.590485
94	111	1571	19.287371
95	111	1572	47.186127
96	111	1551	44.577866
97	111	1553	37.167999
98	111	1564	32.796501
99	111	1534	34.28167
100	111	1430	39.025475
101	111	1540	44.272789
102	111	1497	46.55632
103	111	19	46.315125
104	111	12	43.64492
105	111	16	38.897808
106	111	842	32.205463
107	111	1496	23.71204
108	111	1497	15.105684
109	111	827	7.773789
110	111	851	4.168904
111	111	1430	5.432707
112	111	1434	7.853154
113	111	503	12.786475
114	111	842	15.955112
115	111	608	17.35791
116	111	609	14.023182
117	111	491	8.339713
118	111	16	2.894673
119	111	827	2.779974
120	111	491	9.254961
121	111	842	15.360816
122	111	503	18.033983
123	111	19	13.866348
124	111	52	3.747031
125	111	51	-0.261048
126	111	39	0
127	111	40	0
128	111	41	0
0	112	12	0
1	112	1378	0
2	112	1400	0
3	112	1379	-4.240652
4	112	16	-18.812723
5	112	1378	-29.308216
6	112	1415	-26.118763
7	112	1368	-16.840284
8	112	1363	-8.979212
9	112	1404	-4.396232
10	112	1302	2.372224
11	112	1368	9.838949
12	112	1415	12.788408
13	112	1383	8.696217
14	112	16	1.813098
15	112	19	-4.069153
16	112	1057	-6.207191
17	112	1079	-6.166348
18	112	1005	-6.326741
19	112	1001	-7.728515
20	112	981	-7.09071
21	112	1079	-3.490447
22	112	1079	5.140262
23	112	1417	23.17911
24	112	1079	30.023413
25	112	1079	27.705605
26	112	1079	35.142414
27	112	1079	47.827568
28	112	1417	52.490074
29	112	1041	49.577145
30	112	985	38.495289
31	112	39	40.189766
32	112	44	58.975842
33	112	42	62.680035
34	112	1395	48.727077
35	112	983	36.688431
36	112	1396	22.171873
37	112	12	22.952219
38	112	12	21.809324
39	112	12	12
40	112	12	8.838856
41	112	16	0.310366
42	112	16	-1.460768
43	112	16	-13.479744
44	112	16	-26.032406
45	112	38	-38.382
46	112	36	-53.222046
47	112	33	-64.806702
48	112	1489	-69.859489
49	112	1307	-69.152702
50	112	1259	-64.166115
51	112	34	-48.223171
52	112	36	-26.7269
53	112	41	-25.713139
54	112	12	-37.302471
55	112	16	-61.008568
56	112	52	-92.752335
57	112	51	-126.783661
58	112	36	-137.253876
59	112	164	-139.453766
60	112	8	-142.401779
61	112	14	-143.568848
62	112	93	-138.816818
63	112	50	-125.465187
64	112	40	-94.905869
65	112	33	-58.682655
66	112	34	-35.331161
67	112	37	-27.505991
68	112	19	-24.303371
69	112	1316	-28.384666
70	112	1307	-44.991039
71	112	1261	-51.829357
72	112	1425	-49.125565
73	112	9	-45.543941
74	112	11	-31.35223
75	112	11	-30.742254
76	112	10	-23.282913
77	112	10	-1.426725
78	112	5	12.392017
79	112	17	25.900034
80	112	1523	48.990856
81	112	1307	60.51384
82	112	1518	55.371502
83	112	39	32.146198
84	112	44	8.208676
85	112	1	-6.940114
86	112	2	-18.611181
87	112	18	-29.938946
88	112	17	-40.208176
89	112	3	-52.087135
90	112	19	-62.566788
91	112	16	-65.493668
92	112	1573	-55.468197
93	112	1572	-29.694225
94	112	1553	-0.586604
95	112	1564	28.568077
96	112	1574	32.924835
97	112	1500	19.880722
98	112	1575	9.876706
99	112	1576	9.994574
100	112	1561	14.183395
101	112	16	18.90489
102	112	19	21.834122
103	112	19	22.132988
104	112	16	20.186659
105	112	12	16.803217
106	112	12	12.530293
107	112	827	7.820973
108	112	851	5.130646
109	112	1430	2.665534
110	112	1500	0.742682
111	112	1561	-0.128889
112	112	19	0.779482
113	112	12	2.058388
114	112	16	8.425461
115	112	425	12.57309
116	112	1577	12.85829
117	112	19	9.22308
118	112	842	2.710988
119	112	503	3.651607
120	112	16	10.321379
121	112	19	15.692392
122	112	19	13.447372
123	112	19	5.330117
124	112	52	-0.360149
125	112	44	0
126	112	52	0
127	112	40	0
128	112	41	0
0	113	12	0
1	113	12	0
2	113	19	0
3	113	16	-2.771666
4	113	16	-14.914409
5	113	1380	-24.168381
6	113	1403	-19.805149
7	113	1362	-9.24076
8	113	1415	-7.817075
9	113	1368	-4.639032
10	113	1379	3.823874
11	113	1378	16.346563
12	113	1379	22.511696
13	113	19	18.436253
14	113	16	7.927061
15	113	1000	0.394164
16	113	1080	-1.953296
17	113	1101	-4.782336
18	113	958	-8.476505
19	113	1057	-11.252968
20	113	1417	-8.688522
21	113	1417	-0.395409
22	113	1417	8.764881
23	113	1417	14.805215
24	113	1079	17.413906
25	113	1417	16.594572
26	113	1079	17.69821
27	113	1005	24.622074
28	113	1001	25.680462
29	113	1028	18.435131
30	113	36	17.359362
31	113	33	19.312008
32	113	43	25.168968
33	113	1578	31.338886
34	113	1579	28.096733
35	113	1081	11.91346
36	113	42	9.32017
37	113	41	9.787122
38	113	16	10.505454
39	113	16	6.863122
40	113	42	0.793056
41	113	41	0.427048
42	113	19	-1.188017
43	113	16	-8.158406
44	113	52	-18.839933
45	113	50	-27.510586
46	113	50	-36.931576
47	113	40	-44.991234
48	113	41	-49.44733
49	113	1580	-51.45121
50	113	1335	-52.041767
51	113	1286	-41.090279
52	113	36	-22.254774
53	113	41	-10.042369
54	113	19	-3.070413
55	113	19	-5.70371
56	113	52	-45.110088
57	113	51	-96.998863
58	113	37	-117.634468
59	113	16	-124.499809
60	113	7	-135.297699
61	113	14	-138.853836
62	113	2	-137.40361
63	113	93	-126.650146
64	113	50	-101.438278
65	113	115	-67.552605
66	113	31	-41.409653
67	113	2	-34.342323
68	113	3	-32.761234
69	113	16	-35.518391
70	113	1316	-51.472595
71	113	1273	-68.249306
72	113	7	-74.957741
73	113	8	-73.885796
74	113	8	-66.005417
75	113	9	-70.465836
76	113	13	-67.726181
77	113	9	-43.832512
78	113	13	-13.547469
79	113	14	6.138947
80	113	2	17.684935
81	113	222	16.739649
82	113	200	2.617483
83	113	3	-17.799246
84	113	4	-37.439178
85	113	11	-53.315693
86	113	13	-66.419724
87	113	9	-76.570618
88	113	17	-86.896111
89	113	2	-96.862862
90	113	3	-102.751472
91	113	16	-101.050842
92	113	1581	-84.635124
93	113	1476	-56.829128
94	113	1451	-23.517431
95	113	1564	7.059413
96	113	1582	20.463341
97	113	1455	9.762518
98	113	1573	2.635467
99	113	1497	1.151497
100	113	12	2.333489
101	113	19	3.846516
102	113	19	4.95487
103	113	16	5.421586
104	113	16	7.589788
105	113	19	8.450105
106	113	842	5.190144
107	113	1583	2.24751
108	113	1451	0.923873
109	113	1564	0
110	113	1584	-0.777195
111	113	491	-2.137174
112	113	16	-2.453904
113	113	12	4.062722
114	113	477	9.445784
115	113	343	14.544952
116	113	19	16.280949
117	113	16	12.055019
118	113	12	3.293465
119	113	12	3.840811
120	113	19	9.217196
121	113	19	8.940968
122	113	19	-1.447142
123	113	12	-10.119832
124	113	12	-7.431421
125	113	42	-1.150445
126	113	43	0
127	113	40	0
128	113	33	0
0	114	41	0
1	114	19	0
2	114	19	0.050627
3	114	42	-1.830139
4	114	1585	-10.049763
5	114	1400	-13.563752
6	114	1379	-6.667958
7	114	1378	2.385347
8	114	1379	-1.91575
9	114	12	-2.598968
10	114	16	4.839451
11	114	19	21.31926
12	114	12	29.805948
13	114	16	24.904682
14	114	35	12.154338
15	114	37	0.672977
16	114	1586	-3.570604
17	114	1002	-6.809255
18	114	1021	-9.453782
19	114	1417	-8.899943
20	114	1417	-3.548954
21	114	1079	4.79323
22	114	1417	12.999454
23	114	1417	15.734376
24	114	1417	12.037018
25	114	1417	7.722154
26	114	1006	4.60628
27	114	1007	6.156177
28	114	1587	6.077609
29	114	50	3.323422
30	114	50	2.877023
31	114	44	5.928001
32	114	12	9.34693
33	114	955	10.789257
34	114	956	7.948018
35	114	38	2.018574
36	114	36	1.814117
37	114	33	0.302545
38	114	33	0.030476
39	114	43	0
40	114	1326	0.133313
41	114	1055	-0.021484
42	114	19	-0.432023
43	114	12	-1.900125
44	114	42	-8.754693
45	114	33	-15.367239
46	114	34	-19.594849
47	114	1337	-24.86895
48	114	1354	-31.838211
49	114	1352	-37.20755
50	114	1304	-40.308281
51	114	35	-39.702488
52	114	37	-28.835102
53	114	16	-16.226179
54	114	19	9.671718
55	114	19	18.57729
56	114	52	-12.42551
57	114	40	-61.039761
58	114	41	-89.962013
59	114	1	-107.943893
60	114	15	-123.998192
61	114	8	-136.889313
62	114	14	-138.960785
63	114	3	-129.583679
64	114	4	-106.148926
65	114	10	-71.396538
66	114	13	-45.747169
67	114	0	-39.469334
68	114	42	-45.703991
69	114	41	-53.345909
70	114	19	-57.211868
71	114	19	-71.137787
72	114	1229	-91.317505
73	114	1238	-95.970734
74	114	1413	-94.604675
75	114	1360	-95.155083
76	114	1413	-87.419685
77	114	17	-63.704163
78	114	1588	-38.092533
79	114	1589	-20.370211
80	114	154	-18.978065
81	114	133	-29.558311
82	114	166	-46.069542
83	114	15	-63.115742
84	114	9	-76.938637
85	114	17	-88.510201
86	114	18	-98.394943
87	114	10	-107.767036
88	114	5	-117.446716
89	114	17	-124.49511
90	114	2	-126.779388
91	114	607	-120.20414
92	114	1475	-101.155663
93	114	1452	-73.339226
94	114	1496	-42.121124
95	114	1590	-12.690822
96	114	503	5.930771
97	114	12	3.842377
98	114	12	0.220062
99	114	12	0
100	114	19	0
101	114	16	0.225765
102	114	12	0.527516
103	114	19	4.704071
104	114	12	13.590667
105	114	19	14.655665
106	114	1573	7.22722
107	114	1566	1.285248
108	114	1591	0
109	114	1590	0
110	114	1592	-1.45962
111	114	325	-3.928169
112	114	504	-4.072293
113	114	325	4.029871
114	114	12	12.71154
115	114	19	20.387583
116	114	12	23.691423
117	114	16	18.959185
118	114	16	6.792837
119	114	16	3.597599
120	114	42	8.191618
121	114	33	5.777934
122	114	41	-6.488516
123	114	19	-15.331539
124	114	38	-11.101477
125	114	37	-3.371416
126	114	38	0
127	114	35	0
128	114	37	0
0	115	19	0
1	115	19	2.226922
2	115	38	3.508888
3	115	36	1.933182
4	115	41	-5.933447
5	115	16	-6.333522
6	115	12	1.4202
7	115	12	4.409801
8	115	12	-1.856102
9	115	19	-8.939153
10	115	16	-3.855733
11	115	16	15.089972
12	115	16	24.828636
13	115	39	23.160042
14	115	40	12.459146
15	115	34	0.945851
16	115	1057	-4.88902
17	115	1417	-7.703759
18	115	1417	-6.638034
19	115	1079	-3.400892
20	115	1417	1.95459
21	115	1079	7.567882
22	115	1079	11.187564
23	115	1417	10.995466
24	115	1079	7.335777
25	115	982	3.088513
26	115	1027	0.12998
27	115	1593	0.256016
28	115	33	0.242059
29	115	41	0.038762
30	115	19	0
31	115	12	0.27474
32	115	1586	1.41436
33	115	1594	1.619492
34	115	38	0.713916
35	115	1007	0.025501
36	115	958	0
37	115	35	0
38	115	36	0
39	115	1595	0
40	115	1517	0
41	115	1596	0
42	115	1480	-0.007428
43	115	1597	0
44	115	1370	-0.017432
45	115	1335	-1.519105
46	115	1163	-4.918851
47	115	1315	-8.828473
48	115	51	-14.744585
49	115	35	-23.068125
50	115	35	-28.499693
51	115	37	-29.769009
52	115	19	-27.701611
53	115	19	-22.335899
54	115	16	-3.772185
55	115	16	6.953554
56	115	38	-4.752196
57	115	36	-28.482342
58	115	122	-47.395725
59	115	17	-74.713692
60	115	2	-108.948723
61	115	18	-129.883652
62	115	17	-137.050049
63	115	18	-131.27356
64	115	5	-108.750916
65	115	6	-74.807785
66	115	42	-46.455048
67	115	34	-46.996326
68	115	36	-55.67205
69	115	33	-62.274998
70	115	41	-71.982948
71	115	1244	-83.141632
72	115	1311	-98.019386
73	115	1463	-112.955711
74	115	1598	-117.602844
75	115	1425	-117.044014
76	115	1599	-105.652489
77	115	1600	-86.087868
78	115	1491	-65.911171
79	115	268	-54.02766
80	115	279	-58.532463
81	115	165	-72.677254
82	115	6	-88.168373
83	115	4	-98.748779
84	115	5	-105.069702
85	115	5	-110.522102
86	115	10	-116.28894
87	115	5	-123.10894
88	115	10	-130.73378
89	115	13	-133.782242
90	115	0	-132.593918
91	115	842	-124.242546
92	115	503	-107.380417
93	115	16	-82.64547
94	115	12	-53.890224
95	115	19	-25.635813
96	115	12	-5.308273
97	115	19	0.211859
98	115	16	0.013323
99	115	12	0
100	115	12	0
101	115	16	0
102	115	16	0.42439
103	115	16	9.130968
104	115	16	20.156044
105	115	16	19.375463
106	115	842	10.148147
107	115	609	1.92165
108	115	491	0.030311
109	115	477	0
110	115	440	-1.032921
111	115	519	-3.266591
112	115	343	-5.189169
113	115	19	0.123739
114	115	1601	6.869423
115	115	1602	17.387358
116	115	1603	23.108389
117	115	1601	17.791763
118	115	1603	6.718966
119	115	38	5.418396
120	115	39	11.861683
121	115	40	13.118349
122	115	33	-1.219999
123	115	34	-10.083903
124	115	37	-8.221441
125	115	52	-2.148966
126	115	50	0
127	115	44	0
128	115	42	0
0	116	41	0
1	116	52	6.805181
2	116	51	9.331015
3	116	37	4.969729
4	116	12	-3.679967
5	116	16	-5.78126
6	116	19	2.099478
7	116	16	3.392955
8	116	16	-7.266852
9	116	19	-19.093885
10	116	12	-19.78158
11	116	16	-4.821301
12	116	37	11.479739
13	116	52	15.934334
14	116	1166	8.928009
15	116	1021	2.173374
16	116	1079	-3.314311
17	116	1005	-4.285296
18	116	981	-2.846718
19	116	1417	-0.290843
20	116	1417	3.655533
21	116	1417	7.036836
22	116	1417	7.85778
23	116	1417	5.157702
24	116	1079	1.249489
25	116	1006	0
26	116	1007	-0.207997
27	116	1587	-0.575999
28	116	44	-0.37267
29	116	955	0
30	116	1604	0
31	116	957	0
32	116	1042	0.01039
33	116	1395	0.012274
34	116	1021	0
35	116	1605	0
36	116	1166	0
37	116	983	0
38	116	1606	0.000053
39	116	1335	0.002087
40	116	1607	0.004438
41	116	1176	0.001985
42	116	1608	0.000034
43	116	1609	0.000006
44	116	1610	0
45	116	1611	0
46	116	1612	0
47	116	1613	-0.399019
48	116	35	-2.293406
49	116	35	-8.496793
50	116	36	-16.154764
51	116	33	-18.770618
52	116	41	-17.5198
53	116	12	-14.588449
54	116	12	-9.161268
55	116	52	-4.939804
56	116	51	-6.269777
57	116	133	-6.157051
58	116	105	-12.95885
59	116	190	-37.640652
60	116	8	-79.980408
61	116	9	-118.383781
62	116	13	-131.409836
63	116	8	-129.986877
64	116	458	-113.312187
65	116	34	-75.347939
66	116	39	-50.689365
67	116	50	-48.572071
68	116	50	-59.393677
69	116	40	-67.831772
70	116	1489	-80.501244
71	116	1307	-93.548447
72	116	1614	-106.102463
73	116	1486	-119.201828
74	116	1273	-127.068916
75	116	1244	-129.281219
76	116	1255	-123.197769
77	116	12	-109.43734
78	116	156	-95.91761
79	116	155	-89.930878
80	116	165	-96.194565
81	116	17	-110.86245
82	116	18	-119.475708
83	116	5	-122.570282
84	116	5	-121.523705
85	116	5	-120.72567
86	116	11	-120.847664
87	116	5	-122.304337
88	116	17	-123.507668
89	116	2	-124.29229
90	116	2	-122.93399
91	116	3	-118.119095
92	116	19	-104.922562
93	116	19	-84.374329
94	116	19	-58.290337
95	116	12	-31.234079
96	116	16	-10.873885
97	116	19	-1.667882
98	116	827	-0.036674
99	116	784	0
100	116	491	0
101	116	12	0.006914
102	116	12	0.559639
103	116	16	7.399457
104	116	16	16.208853
105	116	504	14.398561
106	116	1615	7.025508
107	116	503	0.719701
108	116	16	-0.673898
109	116	477	-0.578452
110	116	343	-0.145317
111	116	16	-1.072018
112	116	1601	-2.547987
113	116	1616	-1.293543
114	116	1617	3.914396
115	116	1618	9.900797
116	116	1619	13.09108
117	116	1620	8.715393
118	116	34	2.21815
119	116	36	4.354952
120	116	34	11.810341
121	116	1621	16.970875
122	116	1622	9.804964
123	116	40	-0.64118
124	116	41	-1.528233
125	116	16	-0.568978
126	116	42	0
127	116	34	0
128	116	37	0
0	117	42	0
1	117	43	9.759927
2	117	44	15.726262
3	117	12	8.536211
4	117	16	-4.147323
5	117	19	-8.397721
6	117	16	3.967308
7	117	19	6.12132
8	117	12	-6.345172
9	117	42	-19.79981
10	117	33	-27.461119
11	117	984	-21.195623
12	117	1604	-5.87891
13	117	978	5.947158
14	117	1417	8.963037
15	117	1417	4.437637
16	117	1006	0.493333
17	117	1000	-0.946134
18	117	981	-0.119889
19	117	1417	1.080076
20	117	1417	5.828938
21	117	1079	11.623236
22	117	1417	13.945042
23	117	1079	9.667654
24	117	982	3.517166
25	117	1003	0.225129
26	117	1623	-1.195989
27	117	33	-2.573177
28	117	980	-2.592955
29	117	1001	-0.812279
30	117	981	0
31	117	1624	0
32	117	1625	0
33	117	1417	-0.067193
34	117	1418	-0.078124
35	117	1435	0
36	117	1626	0
37	117	1627	0
38	117	1352	0.029027
39	117	1353	0.165322
40	117	1076	0.418426
41	117	1384	0.487169
42	117	37	0.4336
43	117	1054	0.403788
44	117	1354	0.176385
45	117	1098	0.009098
46	117	1384	0
47	117	35	0
48	117	35	-0.088408
49	117	35	-1.121154
50	117	35	-3.935547
51	117	36	-7.447223
52	117	33	-8.105522
53	117	41	-6.028499
54	117	19	-5.389738
55	117	52	-5.193356
56	117	50	-5.061412
57	117	50	-2.860337
58	117	40	-2.140593
59	117	33	-10.608644
60	117	240	-45.675186
61	117	179	-91.99688
62	117	33	-120.926247
63	117	43	-123.909012
64	117	115	-112.230614
65	117	232	-77.628494
66	117	1	-49.211578
67	117	2	-50.480255
68	117	222	-58.307285
69	117	37	-63.9062
70	117	1	-74.697327
71	117	18	-92.938416
72	117	17	-107.880524
73	117	3	-121.932373
74	117	1244	-133.110977
75	117	1257	-135.686111
76	117	1239	-131.585083
77	117	38	-124.400009
78	117	39	-117.180702
79	117	267	-116.012947
80	117	9	-122.23632
81	117	11	-130.048935
82	117	5	-132.668259
83	117	11	-129.612625
84	117	10	-123.638298
85	117	10	-118.226555
86	117	5	-113.414635
87	117	5	-109.181129
88	117	5	-107.043327
89	117	13	-107.715775
90	117	0	-108.452713
91	117	16	-106.112381
92	117	16	-97.204865
93	117	1547	-79.832664
94	117	1548	-55.558071
95	117	19	-29.902836
96	117	827	-10.930117
97	117	851	-2.106762
98	117	1430	-0.121321
99	117	1628	0
100	117	12	0.000032
101	117	16	0.00875
102	117	1547	0.224281
103	117	1548	1.715546
104	117	477	1.5519
105	117	440	-1.365719
106	117	324	-4.556918
107	117	324	-4.877569
108	117	324	-4.307586
109	117	325	-2.788122
110	117	16	-0.991421
111	117	1629	-0.051618
112	117	1630	4.982564
113	117	42	9.050529
114	117	34	9.304692
115	117	39	8.198904
116	117	1631	6.205154
117	117	1632	0.192282
118	117	35	-4.168461
119	117	35	0.510831
120	117	1633	10.649575
121	117	1634	16.806036
122	117	38	13.648546
123	117	37	6.559205
124	117	12	3.079326
125	117	52	0
126	117	51	0
127	117	36	0
128	117	34	0
0	118	37	0
1	118	12	9.771221
2	118	19	15.472685
3	118	19	8.678111
4	118	16	-5.675149
5	118	19	-5.751511
6	118	19	7.879106
7	118	42	14.657613
8	118	43	4.724049
9	118	50	-10.664164
10	118	1417	-24.20406
11	118	1005	-29.743364
12	118	981	-19.027906
13	118	1079	-1.413379
14	118	1079	7.507733
15	118	1006	7.493852
16	118	35	4.059312
17	118	1057	0.264541
18	118	1417	0.648641
19	118	1079	7.068991
20	118	1079	16.333368
21	118	1417	23.234591
22	118	1079	24.699823
23	118	1079	22.85429
24	118	979	14.054497
25	118	34	5.96607
26	118	1007	-0.702758
27	118	983	-5.325126
28	118	983	-6.307726
29	118	1021	-3.82781
30	118	1635	-0.471802
31	118	1099	-1.488796
32	118	1100	-3.450808
33	118	1041	-4.708265
34	118	1636	-4.504849
35	118	1637	-2.66427
36	118	1638	-0.36131
37	118	1335	0.976637
38	118	1161	2.080121
39	118	1118	2.305335
40	118	1177	3.704986
41	118	1612	6.453822
42	118	1140	6.452883
43	118	1121	4.757754
44	118	1639	2.938355
45	118	1121	1.118587
46	118	51	0.059457
47	118	35	0.043132
48	118	35	0.000928
49	118	35	-0.034728
50	118	35	-0.494038
51	118	39	-1.456668
52	118	40	-2.18037
53	118	33	-2.317992
54	118	1640	-2.642871
55	118	1015	-2.965046
56	118	16	-3.605972
57	118	962	-3.004323
58	118	1641	-0.619364
59	118	50	-0.879881
60	118	115	-15.584843
61	118	207	-54.705906
62	118	44	-95.336365
63	118	7	-112.670944
64	118	14	-105.846581
65	118	18	-77.449631
66	118	10	-50.309845
67	118	233	-49.532619
68	118	40	-56.033951
69	118	240	-57.254459
70	118	106	-67.375763
71	118	10	-85.528633
72	118	6	-105.028862
73	118	1244	-119.016617
74	118	1272	-125.781395
75	118	1273	-128.816025
76	118	52	-125.513969
77	118	40	-120.820457
78	118	41	-117.859024
79	118	4	-117.759956
80	118	10	-120.718536
81	118	5	-119.810364
82	118	10	-117.920631
83	118	10	-114.397331
84	118	13	-110.184814
85	118	8	-104.321335
86	118	9	-96.20948
87	118	13	-89.862617
88	118	0	-88.751686
89	118	1547	-92.086082
90	118	1548	-94.674728
91	118	1547	-93.701195
92	118	1571	-86.408211
93	118	1572	-70.097389
94	118	1549	-47.58437
95	118	851	-27.467672
96	118	1430	-11.495484
97	118	1540	-1.749934
98	118	1497	-0.077808
99	118	16	0
100	118	19	0.000028
101	118	1573	0.004057
102	118	1497	0.02238
103	118	504	-3.06413
104	118	402	-8.96796
105	118	500	-13.122491
106	118	342	-11.947692
107	118	422	-9.391518
108	118	403	-7.153205
109	118	16	-4.417809
110	118	12	-1.698323
111	118	19	1.508791
112	118	52	11.288693
113	118	1631	16.240725
114	118	1642	14.243826
115	118	1629	9.02633
116	118	1643	2.887307
117	118	1644	-5.597424
118	118	1644	-10.208739
119	118	1632	-3.011481
120	118	1645	9.129017
121	118	1646	13.491012
122	118	1642	10.998165
123	118	16	8.695249
124	118	12	3.865864
125	118	52	0.395918
126	118	51	0
127	118	35	0
128	118	37	0
0	119	19	0
1	119	12	5.874831
2	119	16	10.500107
3	119	16	7.301955
4	119	16	-4.220346
5	119	42	-2.359193
6	119	43	8.834422
7	119	44	13.743897
8	119	19	6.840591
9	119	1417	-3.41207
10	119	1006	-16.157837
11	119	1000	-26.000906
12	119	981	-19.293377
13	119	1079	-1.625478
14	119	982	10.068224
15	119	983	11.753899
16	119	1027	6.750504
17	119	981	1.527299
18	119	1417	4.720397
19	119	1079	15.50783
20	119	1079	23.932215
21	119	1417	28.792833
22	119	1417	30.593822
23	119	982	31.412289
24	119	983	25.324224
25	119	1021	15.236631
26	119	1079	5.775325
27	119	1079	-4.50411
28	119	1079	-9.131371
29	119	1647	-7.295115
30	119	1610	-5.048189
31	119	1648	-6.140234
32	119	1649	-8.75584
33	119	1626	-10.410463
34	119	1626	-9.20696
35	119	1627	-4.834911
36	119	1098	2.566795
37	119	1097	9.287312
38	119	1098	12.646541
39	119	1118	10.314107
40	119	1334	14.112906
41	119	1222	21.321993
42	119	16	20.992517
43	119	42	15.618004
44	119	33	10.942225
45	119	34	8.284444
46	119	35	6.17767
47	119	39	2.410257
48	119	51	0.323509
49	119	39	0
50	119	44	-0.021369
51	119	52	-0.149164
52	119	1011	-0.430101
53	119	963	-0.735194
54	119	1130	-0.900715
55	119	1640	-1.112426
56	119	946	-1.165632
57	119	947	-1.394369
58	119	1108	-0.217555
59	119	727	0.972473
60	119	948	0.029682
61	119	1108	-21.362486
62	119	1015	-63.883324
63	119	7	-89.838776
64	119	9	-85.18338
65	119	5	-66.365242
66	119	17	-51.690468
67	119	93	-49.848083
68	119	51	-54.206963
69	119	165	-58.022484
70	119	10	-66.445778
71	119	6	-82.773239
72	119	1316	-98.303452
73	119	1273	-106.042091
74	119	19	-107.590302
75	119	12	-107.214035
76	119	38	-105.582954
77	119	37	-103.247986
78	119	7	-101.373077
79	119	8	-99.701775
80	119	8	-98.624893
81	119	8	-93.095016
82	119	9	-87.12648
83	119	17	-83.419579
84	119	3	-80.629066
85	119	7	-77.911568
86	119	14	-75.231575
87	119	3	-76.605888
88	119	1573	-77.234589
89	119	1572	-82.897911
90	119	1571	-86.90741
91	119	1572	-85.196503
92	119	1562	-75.616814
93	119	1534	-59.238373
94	119	1430	-42.04073
95	119	1500	-25.97681
96	119	1561	-12.79614
97	119	19	-3.789242
98	119	19	-0.341734
99	119	12	0.007021
100	119	16	0.012304
101	119	12	0.120263
102	119	477	0.077919
103	119	421	-4.076472
104	119	422	-11.44067
105	119	403	-13.948979
106	119	477	-10.385202
107	119	343	-6.395067
108	119	12	-4.412297
109	119	12	-3.471945
110	119	19	-2.880693
111	119	42	-0.048836
112	119	1619	8.69342
113	119	1650	13.348896
114	119	1602	11.825384
115	119	1651	7.838048
116	119	1652	1.659504
117	119	1653	-9.26688
118	119	1654	-13.89378
119	119	1655	-5.696598
120	119	1656	5.883597
121	119	1657	9.105266
122	119	33	6.608405
123	119	41	4.536797
124	119	16	2.134422
125	119	38	0
126	119	1621	0
127	119	1658	0
128	119	1659	0
0	120	41	0
1	120	12	1.585142
2	120	42	7.039908
3	120	33	8.986988
4	120	34	2.729594
5	120	37	-0.436658
6	120	19	2.487189
7	120	12	2.786397
8	120	1079	-0.850356
9	120	1006	-5.707177
10	120	35	-10.050254
11	120	1000	-14.510448
12	120	981	-10.180541
13	120	1417	3.812457
14	120	1005	11.033753
15	120	1028	12.880239
16	120	1000	7.795566
17	120	981	2.639326
18	120	1005	7.608741
19	120	981	23.476549
20	120	1417	30.613226
21	120	1417	28.650101
22	120	1005	30.761333
23	120	981	33.282101
24	120	1079	30.380863
25	120	1079	21.180189
26	120	1417	10.817206
27	120	1417	-0.497602
28	120	1041	-9.442872
29	120	1604	-11.681484
30	120	978	-9.572604
31	120	1635	-8.548789
32	120	1660	-9.568439
33	120	1661	-9.288343
34	120	1177	-7.560708
35	120	1161	-0.659921
36	120	1177	8.329467
37	120	1161	19.524515
38	120	1334	27.37612
39	120	1183	23.451527
40	120	33	28.099257
41	120	33	40.887768
42	120	43	39.186501
43	120	51	30.252148
44	120	35	23.547783
45	120	35	22.266178
46	120	36	18.262131
47	120	34	9.954693
48	120	37	2.448249
49	120	42	0.016999
50	120	33	0
51	120	1061	-0.007038
52	120	820	-0.047485
53	120	966	-0.128522
54	120	963	-0.193763
55	120	781	-0.236705
56	120	820	-0.219051
57	120	937	-0.12259
58	120	1032	-0.032986
59	120	946	0.558332
60	120	820	1.076343
61	120	1032	-6.562913
62	120	1015	-36.079777
63	120	7	-52.705269
64	120	9	-48.073563
65	120	13	-40.07856
66	120	0	-40.49321
67	120	38	-47.301655
68	120	133	-51.574963
69	120	190	-55.704285
70	120	0	-59.914108
71	120	42	-69.782532
72	120	33	-77.617645
73	120	33	-80.957069
74	120	33	-80.818802
75	120	43	-79.212601
76	120	44	-76.271866
77	120	19	-73.169685
78	120	1229	-70.957153
79	120	1239	-67.554779
80	120	12	-62.662777
81	120	7	-56.865986
82	120	9	-53.704151
83	120	17	-54.105427
84	120	3	-53.928471
85	120	4	-56.719013
86	120	6	-67.908981
87	120	1547	-76.300201
88	120	1562	-82.233559
89	120	1561	-87.561676
90	120	1573	-89.120071
91	120	1662	-82.80822
92	120	1575	-69.787323
93	120	1475	-53.164047
94	120	1663	-37.298561
95	120	1497	-23.147554
96	120	19	-11.722258
97	120	12	-4.002296
98	120	16	-0.372126
99	120	1547	0.828346
100	120	1551	1.279051
101	120	1551	4.649316
102	120	1548	4.347409
103	120	477	-2.568034
104	120	440	-10.417883
105	120	324	-10.931105
106	120	325	-3.881688
107	120	16	2.821052
108	120	12	3.209407
109	120	19	-1.644382
110	120	38	-5.924355
111	120	35	-6.064977
112	120	1664	-1.652506
113	120	1665	1.249137
114	120	1665	0.992115
115	120	1666	-0.18319
116	120	1667	-1.978725
117	120	1656	-9.735599
118	120	1665	-14.255373
119	120	1656	-7.844481
120	120	1668	2.307305
121	120	1621	4.438508
122	120	1658	1.835459
123	120	1602	0.636171
124	120	1646	0.044842
125	120	1669	0
126	120	1670	0
127	120	1654	0
128	120	1671	0
0	121	33	0
1	121	43	3.292855
2	121	50	16.641523
3	121	50	26.257895
4	121	44	19.994989
5	121	12	6.82023
6	121	12	-1.132066
7	121	1005	-4.659816
8	121	1028	-7.722951
9	121	35	-6.983363
10	121	35	-4.955035
11	121	1057	-4.826446
12	121	1005	0.559422
13	121	1028	6.807967
14	121	1007	9.003818
15	121	958	4.632771
16	121	1057	1.129852
17	121	982	1.344505
18	121	1021	8.174127
19	121	1417	25.296883
20	121	1005	32.233425
21	121	1028	31.100176
22	121	1000	26.298824
23	121	1001	27.986708
24	121	1672	23.780657
25	121	1100	18.511282
26	121	1417	9.840664
27	121	1417	-0.0907
28	121	1079	-10.02117
29	121	1079	-14.233445
30	121	1504	-10.697585
31	121	1673	-6.223143
32	121	1481	-4.604405
33	121	1661	-3.08958
34	121	1119	-1.264479
35	121	1334	3.528574
36	121	1176	11.695484
37	121	1077	24.007784
38	121	1160	34.541248
39	121	1335	35.105553
40	121	1674	35.75568
41	121	44	48.836014
42	121	38	54.193253
43	121	35	44.484844
44	121	35	38.163071
45	121	35	39.510292
46	121	35	28.489767
47	121	37	14.879047
48	121	962	5.366877
49	121	1675	0.569935
50	121	1013	0.354035
51	121	1046	-1.452835
52	121	1180	-5.06077
53	121	1676	-3.890205
54	121	1110	-0.158519
55	121	1130	-0.032544
56	121	1640	-0.017434
57	121	965	-0.001401
58	121	964	0.001556
59	121	1129	-0.010453
60	121	1029	0.382831
61	121	1032	-5.694509
62	121	1015	-17.216963
63	121	7	-23.510799
64	121	0	-20.82519
65	121	12	-23.851076
66	121	52	-33.30735
67	121	51	-43.60545
68	121	36	-46.526821
69	121	33	-46.820145
70	121	34	-41.283638
71	121	39	-44.903481
72	121	50	-50.678539
73	121	50	-53.565792
74	121	44	-53.264759
75	121	12	-49.004467
76	121	1229	-43.111916
77	121	1291	-36.949951
78	121	1257	-33.713028
79	121	1239	-26.946077
80	121	19	-23.026257
81	121	4	-19.955126
82	121	10	-31.518854
83	121	17	-41.780003
84	121	15	-49.452789
85	121	0	-58.28307
86	121	1573	-79.431618
87	121	1541	-92.785454
88	121	1497	-96.998688
89	121	1547	-96.788979
90	121	1571	-91.550865
91	121	1572	-81.318008
92	121	1677	-66.718941
93	121	503	-49.615437
94	121	19	-32.378834
95	121	16	-18.407759
96	121	12	-8.278411
97	121	1547	-3.10078
98	121	1562	-2.055569
99	121	1582	0.61205
100	121	1454	7.154487
101	121	1455	11.828859
102	121	12	8.835279
103	121	404	-2.525052
104	121	342	-10.589823
105	121	440	-8.440704
106	121	325	0.530489
107	121	12	7.785652
108	121	42	6.831709
109	121	1678	-0.722244
110	121	1632	-9.392192
111	121	1633	-11.932755
112	121	1670	-14.257438
113	121	1665	-15.174176
114	121	1679	-15.158835
115	121	1651	-12.945475
116	121	1656	-9.708636
117	121	1680	-9.703703
118	121	1681	-11.484334
119	121	1682	-6.182674
120	121	1633	0.149872
121	121	1670	0.762894
122	121	1680	0.282164
123	121	1681	0.031209
124	121	1683	0.000851
125	121	1669	0
126	121	1670	0
127	121	1668	0
128	121	39	0
0	122	44	0
1	122	19	9.711319
2	122	16	30.292374
3	122	16	44.930874
4	122	19	38.355453
5	122	19	17.66984
6	122	1006	1.536986
7	122	35	0.355797
8	122	35	3.492492
9	122	35	6.677499
10	122	1000	5.111917
11	122	1028	6.54847
12	122	35	11.799019
13	122	1000	13.088177
14	122	1028	7.05193
15	122	1000	-2.74753
16	122	1001	-5.923194
17	122	981	-2.873151
18	122	1417	7.169758
19	122	1006	20.6343
20	122	39	29.625029
21	122	1166	26.532715
22	122	1587	20.76198
23	122	1684	14.777878
24	122	1099	12.681692
25	122	1685	8.555331
26	122	1004	0.825525
27	122	1417	-4.348289
28	122	1417	-10.488745
29	122	1624	-13.116431
30	122	1686	-9.557639
31	122	981	-3.132188
32	122	1504	-0.382903
33	122	1098	-0.000131
34	122	1608	0.479872
35	122	1687	3.473339
36	122	1118	8.366072
37	122	1334	19.946962
38	122	1141	38.634304
39	122	1164	45.093838
40	122	42	43.489872
41	122	1289	48.398643
42	122	1286	55.638908
43	122	35	51.136189
44	122	35	47.883507
45	122	35	45.455807
46	122	36	29.782841
47	122	989	15.079565
48	122	1109	9.654246
49	122	35	9.209126
50	122	37	7.423685
51	122	1029	-4.066593
52	122	966	-15.233529
53	122	963	-17.806179
54	122	992	-7.462286
55	122	1088	-1.161105
56	122	1046	-4.449969
57	122	1029	-4.965485
58	122	938	-1.077085
59	122	19	-0.159813
60	122	1180	-1.537755
61	122	947	-4.708995
62	122	1108	-11.207635
63	122	1015	-15.372077
64	122	12	-18.735441
65	122	19	-24.469139
66	122	52	-33.760567
67	122	50	-40.456631
68	122	50	-40.169167
69	122	50	-36.554592
70	122	1260	-26.852135
71	122	1239	-22.7146
72	122	16	-25.852131
73	122	12	-28.162922
74	122	16	-27.843697
75	122	1244	-23.579901
76	122	1272	-11.85803
77	122	1307	-7.157227
78	122	1273	-3.119151
79	122	1	-2.629321
80	122	18	-4.490257
81	122	5	-30.302748
82	122	123	-38.835419
83	122	166	-57.025528
84	122	2	-75.469238
85	122	3	-87.574799
86	122	19	-98.250229
87	122	16	-104.705315
88	122	1573	-105.556862
89	122	1497	-100.11937
90	122	1573	-90.546539
91	122	1497	-77.67601
92	122	19	-62.218967
93	122	19	-45.243481
94	122	19	-27.685204
95	122	1547	-10.076591
96	122	1571	-2.694078
97	122	1662	-3.707291
98	122	1534	-6.077904
99	122	972	-3.199295
100	122	854	6.303789
101	122	491	14.142319
102	122	404	8.335139
103	122	423	-3.218055
104	122	519	-10.19278
105	122	343	-6.775451
106	122	42	0.328802
107	122	34	4.033131
108	122	1664	1.693236
109	122	1654	-6.117904
110	122	1632	-14.125245
111	122	1664	-17.016336
112	122	1656	-19.164854
113	122	1656	-22.040121
114	122	1652	-21.769728
115	122	1688	-18.459055
116	122	1682	-13.431519
117	122	35	-9.179856
118	122	35	-6.54885
119	122	1621	-3.442105
120	122	1669	-1.012456
121	122	1683	0.118202
122	122	1644	0.013306
123	122	1655	0.000398
124	122	1668	0
125	122	1664	0
126	122	1654	0
127	122	1658	0
128	122	1659	0
0	123	33	0
1	123	41	10.787184
2	123	42	32.566673
3	123	33	51.190353
4	123	41	47.584244
5	123	1006	27.865299
6	123	35	11.256353
7	123	35	12.553392
8	123	35	21.166265
9	123	35	22.492729
10	123	35	18.682438
11	123	1007	18.665663
12	123	958	20.056856
13	123	35	22.574823
14	123	39	10.068194
15	123	1166	-3.3285
16	123	1021	-8.051993
17	123	1079	-1.478803
18	123	1006	8.605312
19	123	36	18.301018
20	123	980	21.40678
21	123	1594	16.52441
22	123	1158	8.762133
23	123	1610	4.149676
24	123	1159	3.35671
25	123	1689	-1.603137
26	123	1690	-7.500445
27	123	1100	-8.207621
28	123	1635	-8.451838
29	123	1384	-11.391898
30	123	1691	-10.481792
31	123	1692	-5.854588
32	123	1385	-1.680363
33	123	1162	-0.250999
34	123	1163	0.008574
35	123	1098	0.737822
36	123	1608	3.459872
37	123	1289	13.563199
38	123	1288	34.689056
39	123	34	51.830532
40	123	1385	50.041622
41	123	1162	47.512779
42	123	1674	44.339066
43	123	50	41.263718
44	123	51	39.561691
45	123	35	38.357925
46	123	36	27.339794
47	123	43	15.181764
48	123	51	17.614887
49	123	36	22.393753
50	123	41	15.84105
51	123	1029	-4.420126
52	123	937	-24.237381
53	123	964	-32.342625
54	123	1149	-24.441963
55	123	44	-15.764524
56	123	1171	-18.011244
57	123	1015	-15.900837
58	123	1171	-8.947235
59	123	965	-0.40908
60	123	964	-1.700303
61	123	781	-4.367451
62	123	947	-7.177575
63	123	1015	-10.413877
64	123	16	-15.008127
65	123	12	-20.439938
66	123	19	-29.160189
67	123	16	-38.510921
68	123	1229	-34.424316
69	123	1258	-25.301872
70	123	1276	-9.617789
71	123	1239	-5.345576
72	123	1171	-7.593904
73	123	1108	-8.330219
74	123	1521	-5.893265
75	123	1522	-0.961763
76	123	19	0
77	123	1	0
78	123	137	0
79	123	190	0
80	123	104	-13.46168
81	123	151	-33.193169
82	123	140	-55.425838
83	123	105	-76.504013
84	123	138	-90.26088
85	123	42	-100.566284
86	123	41	-105.895508
87	123	16	-107.307281
88	123	16	-104.278313
89	123	12	-96.276451
90	123	19	-84.485001
91	123	12	-70.02047
92	123	16	-54.016396
93	123	827	-37.320259
94	123	1693	-18.776766
95	123	1584	-2.727035
96	123	1694	-0.15228
97	123	1567	-3.814554
98	123	853	-9.08878
99	123	825	-6.748229
100	123	503	3.6111
101	123	477	10.283615
102	123	421	5.383188
103	123	343	-5.16294
104	123	42	-8.885704
105	123	34	-7.085184
106	123	1621	-5.401403
107	123	1655	-4.237543
108	123	1656	-7.087974
109	123	1654	-12.58354
110	123	1655	-15.107003
111	123	1656	-14.805153
112	123	1652	-14.743007
113	123	1618	-13.899275
114	123	34	-12.693082
115	123	35	-11.18724
116	123	35	-8.456194
117	123	35	-5.236607
118	123	1664	-2.326167
119	123	1668	-0.58685
120	123	1664	0.00043
121	123	1656	0
122	123	1665	0
123	123	1654	0
124	123	1669	0
125	123	1670	0
126	123	1680	0
127	123	1695	0
128	123	51	0
0	124	36	0
1	124	43	5.147534
2	124	50	20.91478
3	124	44	38.198132
4	124	1028	42.741817
5	124	35	29.381424
6	124	35	18.794712
7	124	35	17.856503
8	124	35	25.699905
9	124	35	29.56778
10	124	1057	24.353594
11	124	982	22.927179
12	124	958	23.983654
13	124	1537	22.454863
14	124	978	11.678032
15	124	1417	0.308858
16	124	1005	-3.499531
17	124	1025	2.515833
18	124	1166	10.48819
19	124	1587	17.53019
20	124	44	16.875603
21	124	1054	10.683445
22	124	1480	3.501289
23	124	1140	1.503502
24	124	1222	-0.151605
25	124	1158	-4.816185
26	124	1696	-7.882709
27	124	1697	-6.121809
28	124	1177	-4.715692
29	124	1161	-7.976628
30	124	1177	-10.96349
31	124	1286	-7.99766
32	124	1385	-2.96207
33	124	1315	-0.377397
34	124	1684	0
35	124	1142	0.040009
36	124	1684	0.818179
37	124	1384	6.526101
38	124	39	20.90089
39	124	51	36.519035
40	124	1385	41.639771
41	124	1164	33.502064
42	124	42	25.016108
43	124	34	19.210463
44	124	39	21.345371
45	124	51	30.119905
46	124	36	26.244886
47	124	34	18.242573
48	124	39	20.391546
49	124	40	24.794647
50	124	33	19.635021
51	124	1640	-4.034476
52	124	946	-29.212635
53	124	1129	-43.08366
54	124	19	-42.713623
55	124	1180	-42.372749
56	124	947	-41.766994
57	124	946	-36.314182
58	124	1129	-25.790291
59	124	1180	-11.924707
60	124	820	-1.586386
61	124	937	-3.62512
62	124	1032	-4.931635
63	124	1108	-3.650953
64	124	1108	-5.014971
65	124	1015	-6.017137
66	124	1171	-10.344786
67	124	1698	-20.310318
68	124	1699	-23.634659
69	124	1698	-13.85334
70	124	1273	-2.392677
71	124	1180	-0.084496
72	124	781	-0.38187
73	124	820	-0.540714
74	124	1062	-0.175689
75	124	565	0
76	124	137	0
77	124	155	0
78	124	36	0
79	124	34	0
80	124	165	-13.662138
81	124	148	-39.118774
82	124	279	-65.694878
83	124	36	-82.572662
84	124	43	-94.438004
85	124	40	-101.626762
86	124	41	-102.955338
87	124	19	-99.106331
88	124	12	-92.220619
89	124	19	-82.733185
90	124	12	-70.588875
91	124	19	-55.334122
92	124	842	-40.738232
93	124	1576	-22.604582
94	124	1534	-2.074914
95	124	825	-0.184985
96	124	608	0
97	124	608	-1.538314
98	124	503	-6.825758
99	124	19	-6.30531
100	124	16	-0.256562
101	124	19	4.050516
102	124	16	-0.926687
103	124	38	-6.338797
104	124	35	-7.529186
105	124	1633	-7.100391
106	124	1670	-7.922096
107	124	1656	-7.853052
108	124	1665	-8.112181
109	124	1656	-8.776956
110	124	1656	-8.317851
111	124	1679	-7.335764
112	124	1700	-5.716917
113	124	39	-4.183157
114	124	1631	-2.813814
115	124	1632	-2.506648
116	124	35	-1.647281
117	124	1664	-0.920139
118	124	1668	-0.200051
119	124	1664	0
120	124	1665	0
121	124	1652	0
122	124	1688	0
123	124	1683	0
124	124	1655	0
125	124	1701	0
126	124	44	0
127	124	52	0
128	124	50	0
0	125	44	0
1	125	12	0
2	125	12	6.700266
3	125	35	21.11791
4	125	35	30.541956
5	125	35	28.830511
6	125	35	19.75462
7	125	35	14.216059
8	125	35	16.993658
9	125	1000	19.259201
10	125	1001	16.234119
11	125	1028	15.26212
12	125	1057	14.70021
13	125	1022	13.991187
14	125	1004	7.419758
15	125	982	0.898205
16	125	1396	0
17	125	1702	2.576493
18	125	1081	7.667325
19	125	16	12.834938
20	125	1158	12.591689
21	125	1176	7.786047
22	125	1202	2.890048
23	125	12	0.207149
24	125	16	-0.077492
25	125	1192	-1.927078
26	125	1119	-3.239815
27	125	1118	-2.191923
28	125	1119	-0.627382
29	125	1119	-4.001592
30	125	1177	-6.348078
31	125	1286	-5.044028
32	125	36	-1.841443
33	125	1687	-0.069226
34	125	1608	0
35	125	1687	0.001961
36	125	1384	0.163939
37	125	36	1.532701
38	125	34	5.997499
39	125	35	14.5817
40	125	1337	17.726025
41	125	1613	13.036945
42	125	35	8.349996
43	125	36	5.206022
44	125	34	8.208522
45	125	39	15.034192
46	125	51	15.383162
47	125	37	11.794994
48	125	52	12.119059
49	125	50	13.799331
50	125	1044	10.327061
51	125	1676	-5.053668
52	125	1046	-28.16074
53	125	16	-41.500484
54	125	1029	-48.214081
55	125	964	-53.849964
56	125	781	-53.61417
57	125	947	-46.686356
58	125	946	-35.667068
59	125	947	-20.370447
60	125	1108	-3.990733
61	125	946	-0.068189
62	125	781	-0.102637
63	125	781	-0.045204
64	125	947	0
65	125	946	0
66	125	947	-2.314827
67	125	946	-5.751332
68	125	947	-6.836742
69	125	1108	-2.439461
70	125	946	0
71	125	820	0
72	125	938	0
73	125	38	0
74	125	133	0
75	125	155	0
76	125	139	0
77	125	279	0
78	125	35	0
79	125	133	0
80	125	105	-8.448772
81	125	155	-36.522991
82	125	39	-59.552197
83	125	44	-76.866638
84	125	52	-88.499107
85	125	44	-93.556824
86	125	12	-91.840637
87	125	16	-84.658905
88	125	1547	-73.930466
89	125	1548	-61.33025
90	125	1547	-46.725143
91	125	1548	-32.053535
92	125	1573	-15.160642
93	125	1590	-2.564631
94	125	503	-0.260034
95	125	19	0
96	125	16	0
97	125	504	0
98	125	325	-3.046054
99	125	42	-6.188671
100	125	33	-4.589444
101	125	41	-2.558696
102	125	38	-3.068174
103	125	35	-4.639511
104	125	35	-5.318779
105	125	1664	-5.013943
106	125	1665	-4.134421
107	125	1656	-2.847844
108	125	1656	-1.524877
109	125	1652	-1.04154
110	125	1688	-1.47161
111	125	1683	-0.981645
112	125	1658	-0.296182
113	125	1651	0
114	125	1668	0
115	125	1621	0
116	125	1655	0
117	125	1654	0
118	125	1655	0
119	125	1665	0
120	125	1679	0
121	125	1646	0
122	125	1655	0
123	125	1665	0
124	125	1666	0
125	125	12	0
126	125	19	0
127	125	19	0
128	125	16	0
0	126	12	0
1	126	19	0
2	126	35	0.563898
3	126	35	8.473039
4	126	35	17.119743
5	126	35	19.959629
6	126	35	13.714407
7	126	35	5.250417
8	126	35	4.573405
9	126	35	6.282057
10	126	35	5.481773
11	126	1000	3.293077
12	126	1593	5.045456
13	126	1124	4.241066
14	126	1579	1.001989
15	126	1081	0
16	126	16	0
17	126	12	0.230425
18	126	19	2.530303
19	126	12	5.06702
20	126	1158	5.059439
21	126	1222	2.862304
22	126	19	1.000092
23	126	42	0
24	126	1595	0
25	126	1098	0
26	126	1119	0
27	126	1118	0
28	126	1334	0
29	126	1610	-0.276528
30	126	1569	-1.3834
31	126	39	-0.998587
32	126	1122	-0.016351
33	126	1304	0
34	126	1385	0
35	126	1304	0
36	126	35	0.003431
37	126	35	0.108441
38	126	39	0.767817
39	126	1639	1.600707
40	126	1569	1.86434
41	126	35	1.227616
42	126	35	0.344429
43	126	35	0.36981
44	126	37	0.310894
45	126	52	2.809462
46	126	44	4.633161
47	126	12	3.060399
48	126	1171	2.699568
49	126	946	2.633799
50	126	1703	1.00225
51	126	36	-5.37008
52	126	41	-18.611319
53	126	12	-25.969009
54	126	1180	-33.081306
55	126	781	-42.469875
56	126	820	-45.987549
57	126	964	-39.129684
58	126	820	-27.471109
59	126	937	-16.244144
60	126	937	-2.628609
61	126	964	0
62	126	820	0
63	126	964	0
64	126	781	0
65	126	781	0
66	126	781	0
67	126	781	-0.681767
68	126	781	-0.215223
69	126	820	0
70	126	1062	0
71	126	33	0
72	126	43	0
73	126	50	0
74	126	115	0
75	126	140	0
76	126	151	0
77	126	207	0
78	126	51	0
79	126	35	-0.05819
80	126	35	-6.042281
81	126	36	-26.130436
82	126	41	-46.899048
83	126	12	-64.181587
84	126	1547	-75.732048
85	126	1551	-79.824066
86	126	1551	-75.87236
87	126	1562	-65.90976
88	126	1552	-53.223564
89	126	1571	-39.429039
90	126	1497	-24.669325
91	126	16	-9.750428
92	126	16	-1.703865
93	126	12	-0.085973
94	126	19	0
95	126	12	0
96	126	404	0
97	126	403	-0.006202
98	126	38	-1.864843
99	126	39	-4.589152
100	126	44	-5.062496
101	126	38	-3.19378
102	126	39	-1.943919
103	126	50	-2.110167
104	126	1704	-2.074981
105	126	1653	-1.336114
106	126	1665	-0.394069
107	126	1652	0
108	126	1705	0
109	126	1646	0
110	126	1669	0
111	126	1706	0
112	126	1688	0
113	126	1683	0
114	126	1669	0
115	126	1670	0
116	126	1656	0
117	126	1665	0
118	126	1680	0
119	126	1670	0
120	126	1680	0
121	126	1670	0
122	126	1665	0
123	126	1666	0
124	126	12	0
125	126	19	0
126	126	16	0
127	126	12	0
128	126	19	0
0	127	16	0
1	127	0	0
2	127	0	0
3	127	0	1.196309
4	127	0	7.251985
5	127	0	8.834896
6	127	0	5.02529
7	127	0	1.331353
8	127	0	0
9	127	0	0
10	127	0	0
11	127	0	0
12	127	0	0
13	127	0	0
14	127	0	0
15	127	0	0
16	127	0	0
17	127	0	0
18	127	0	0
19	127	0	0.130456
20	127	0	0
21	127	0	0
22	127	0	0
23	127	0	0
24	127	0	0
25	127	0	0
26	127	0	0
27	127	0	0
28	127	0	0
29	127	0	0
30	127	0	0
31	127	0	0
32	127	0	0
33	127	0	0
34	127	0	0
35	127	0	0
36	127	0	0
37	127	0	0
38	127	0	0.009331
39	127	0	0.031561
40	127	0	0.014256
41	127	0	0.000888
42	127	0	0
43	127	0	0
44	127	0	0
45	127	0	0
46	127	0	0.10303
47	127	0	0.091624
48	127	0	0
49	127	0	0
50	127	0	0
51	127	0	-0.681905
52	127	0	-5.281133
53	127	0	-8.49783
54	127	0	-5.201375
55	127	0	-14.086393
56	127	0	-17.656334
57	127	0	-12.65377
58	127	0	-8.798615
59	127	0	-3.876888
60	127	0	0
61	127	0	0
62	127	0	0
63	127	0	0
64	127	0	0
65	127	0	0
66	127	0	0
67	127	0	0
68	127	0	0
69	127	0	0
70	127	0	0
71	127	0	0
72	127	0	0
73	127	0	0
74	127	0	0
75	127	0	0
76	127	0	0
77	127	0	0
78	127	0	0
79	127	0	-0.054112
80	127	0	-3.135695
81	127	0	-16.029335
82	127	0	-34.058437
83	127	0	-50.597874
84	127	0	-62.071896
85	127	0	-64.554794
86	127	0	-57.755775
87	127	0	-44.913395
88	127	0	-32.501003
89	127	0	-20.978172
90	127	0	-9.258348
91	127	0	-2.348301
92	127	0	-0.006392
93	127	0	0
94	127	0	0
95	127	0	0
96	127	0	0
97	127	0	0
98	127	0	-0.822209
99	127	0	-2.391223
100	127	0	-2.628505
101	127	0	-1.211319
102	127	0	-0.213615
103	127	0	-0.109024
104	127	0	0
105	127	0	0
106	127	0	0
107	127	0	0
108	127	0	0
109	127	0	0
110	127	0	0
111	127	0	0
112	127	0	0
113	127	0	0
114	127	0	0
115	127	0	0
116	127	0	0
117	127	0	0
118	127	0	0
119	127	0	0
120	127	0	0
121	127	0	0
122	127	0	0
123	127	0	0
124	127	0	0
125	127	0	0
126	127	0	0
127	127	0	0
128	127	0	0
0	128	0	0
1	128	0	0
2	128	0	0
3	128	0	0
4	128	0	0
5	128	0	0
6	128	0	0
7	128	0	0
8	128	0	0
9	128	0	0
10	128	0	0
11	128	0	0
12	128	0	0
13	128	0	0
14	128	0	0
15	128	0	0
16	128	0	0
17	128	0	0
18	128	0	0
19	128	0	0
20	128	0	0
21	128	0	0
22	128	0	0
23	128	0	0
24	128	0	0
25	128	0	0
26	128	0	0
27	128	0	0
28	128	0	0
29	128	0	0
30	128	0	0
31	128	0	0
32	128	0	0
33	128	0	0
34	128	0	0
35	128	0	0
36	128	0	0
37	128	0	0
38	128	0	0
39	128	0	0
40	128	0	0
41	128	0	0
42	128	0	0
43	128	0	0
44	128	0	0
45	128	0	0
46	128	0	0
47	128	0	0
48	128	0	0
49	128	0	0
50	128	0	0
51	128	0	0
52	128	0	0
53	128	0	0
54	128	0	0
55	128	0	0
56	128	0	0
57	128	0	0
58	128	0	0
59	128	0	0
60	128	0	0
61	128	0	0
62	128	0	0
63	128	0	0
64	128	0	0
65	128	0	0
66	128	0	0
67	128	0	0
68	128	0	0
69	128	0	0
70	128	0	0
71	128	0	0
72	128	0	0
73	128	0	0
74	128	0	0
75	128	0	0
76	128	0	0
77	128	0	0
78	128	0	0
79	128	0	0
80	128	0	0
81	128	0	0
82	128	0	0
83	128	0	0
84	128	0	0
85	128	0	0
86	128	0	0
87	128	0	0
88	128	0	0
89	128	0	0
90	128	0	0
91	128	0	0
92	128	0	0
93	128	0	0
94	128	0	0
95	128	0	0
96	128	0	0
97	128	0	0
98	128	0	0
99	128	0	-0.053917
100	128	0	0
101	128	0	0
102	128	0	0
103	128	0	0
104	128	0	0
105	128	0	0
106	128	0	0
107	128	0	0
108	128	0	0
109	128	0	0
110	128	0	0
111	128	0	0
112	128	0	0
113	128	0	0
114	128	0	0
115	128	0	0
116	128	0	0
117	128	0	0
118	128	0	0
119	128	0	0
120	128	0	0
121	128	0	0
122	128	0	0
123	128	0	0
124	128	0	0
125	128	0	0
126	128	0	0
127	128	0	0
128	128	0	0
