x	y	texture	height
0	0	0	0
1	0	1	0
2	0	2	0
3	0	3	0
4	0	0	0
5	0	1	0
6	0	3	0
7	0	3	0
8	0	2	0
9	0	1	0
10	0	0	0
11	0	3	0
12	0	1	0
13	0	3	0
14	0	2	0
15	0	1	0
16	0	3	0
17	0	4	0
18	0	5	0
19	0	6	0
20	0	1	0
21	0	7	0
22	0	8	0
23	0	0	0
24	0	2	0
25	0	1	0
26	0	4	0
27	0	5	0
28	0	5	0
29	0	9	0
30	0	8	0
31	0	2	0
32	0	7	0
33	0	10	0
34	0	11	0
35	0	12	0
36	0	13	0
37	0	8	0
38	0	0	0
39	0	1	0
40	0	3	0
41	0	0	0
42	0	3	0
43	0	1	0
44	0	2	0
45	0	0	0
46	0	3	0
47	0	0	0
48	0	1	0
49	0	2	0
50	0	1	0
51	0	3	0
52	0	3	0
53	0	2	0
54	0	0	0
55	0	1	0
56	0	1	0
57	0	2	0
58	0	2	0
59	0	3	0
60	0	0	0
61	0	1	0
62	0	14	0
63	0	15	0
64	0	16	0
65	0	17	0
66	0	0	0
67	0	14	0
68	0	18	0
69	0	19	0
70	0	20	0
71	0	21	0
72	0	22	0
73	0	2	0
74	0	2	0
75	0	2	0
76	0	3	0
77	0	1	0
78	0	1	0
79	0	2	0
80	0	3	0
81	0	0	0
82	0	2	0
83	0	2	0
84	0	3	0
85	0	3	0
86	0	1	0
87	0	2	0
88	0	1	0
89	0	1	0
90	0	1	0
91	0	3	0
92	0	0	0
93	0	2	0
94	0	1	0
95	0	0	0
96	0	0	0
97	0	1	0
98	0	0	0
99	0	0	0
100	0	1	0
101	0	2	0
102	0	0	0
103	0	3	0
104	0	2	0
105	0	0	0
106	0	0	0
107	0	0	0
108	0	2	0
109	0	2	0
110	0	3	0
111	0	2	0
112	0	0	0
113	0	1	0
114	0	2	0
115	0	0	0
116	0	0	0
117	0	0	0
118	0	1	0
119	0	0	0
120	0	0	0
121	0	1	0
122	0	0	0
123	0	2	0
124	0	3	0
125	0	1	0
126	0	3	0
127	0	3	0
128	0	2	0
0	1	0	0
1	1	0	2.594394
2	1	2	4.474975
3	1	2	6.056921
4	1	0	7.952643
5	1	1	7.843044
6	1	3	3.701698
7	1	2	0.918887
8	1	3	2.846293
9	1	2	4.341082
10	1	1	5.093145
11	1	1	4.069556
12	1	0	1.600674
13	1	2	0.644906
14	1	1	0.053653
15	1	2	0.187217
16	1	23	0.214707
17	1	24	0.027068
18	1	6	0.117902
19	1	2	0.114571
20	1	23	0.019978
21	1	25	1.43817
22	1	10	4.365385
23	1	8	4.36499
24	1	7	1.979024
25	1	26	3.586876
26	1	24	2.6924
27	1	5	0
28	1	5	0
29	1	6	0
30	1	2	0
31	1	4	0
32	1	5	0
33	1	27	0
34	1	28	0
35	1	29	0
36	1	30	0.545411
37	1	7	1.292013
38	1	8	2.375929
39	1	0	5.105808
40	1	1	6.30783
41	1	3	5.075188
42	1	0	1.908493
43	1	1	0
44	1	3	0
45	1	2	0.329339
46	1	1	2.088046
47	1	3	3.926613
48	1	1	4.388954
49	1	3	3.141039
50	1	3	0.963783
51	1	0	0
52	1	2	0.344567
53	1	1	1.909013
54	1	3	1.787172
55	1	0	0.523061
56	1	0	0.955223
57	1	3	0.222262
58	1	0	0.182306
59	1	3	0.853689
60	1	3	2.010777
61	1	31	2.027456
62	1	32	0.727897
63	1	33	0
64	1	34	0
65	1	35	1.596282
66	1	36	2.914879
67	1	37	3.708669
68	1	38	3.915332
69	1	39	3.517088
70	1	40	2.5476
71	1	41	1.07924
72	1	1	0
73	1	42	0
74	1	43	0
75	1	1	0.075353
76	1	2	3.196936
77	1	2	9.508285
78	1	0	13.766031
79	1	3	12.386065
80	1	0	7.062217
81	1	1	10.302035
82	1	0	20.015568
83	1	0	21.461504
84	1	1	14.322568
85	1	2	14.761031
86	1	1	19.078911
87	1	0	12.472202
88	1	2	3.708513
89	1	0	0.06128
90	1	1	0
91	1	0	1.68151
92	1	1	5.368294
93	1	2	8.39186
94	1	0	10.700206
95	1	3	12.773659
96	1	0	13.255788
97	1	2	8.133493
98	1	2	2.548837
99	1	2	0
100	1	3	0
101	1	1	0
102	1	1	0
103	1	2	0.655324
104	1	1	3.430581
105	1	1	5.671861
106	1	2	6.431309
107	1	2	5.685164
108	1	0	2.856553
109	1	2	0.156239
110	1	3	0
111	1	2	0
112	1	3	0
113	1	1	0
114	1	0	0
115	1	2	0
116	1	0	0
117	1	0	0
118	1	1	0
119	1	44	0
120	1	45	0
121	1	3	1.882768
122	1	14	1.129955
123	1	22	0.013327
124	1	0	3.400899
125	1	1	5.857309
126	1	2	5.681944
127	1	1	3.018783
128	1	2	0
0	2	0	0
1	2	0	3.892105
2	2	1	7.683052
3	2	1	10.23375
4	2	0	13.471016
5	2	3	12.746356
6	2	3	6.832958
7	2	3	7.730038
8	2	2	15.398565
9	2	2	18.761921
10	2	3	18.140833
11	2	1	14.369474
12	2	3	12.569741
13	2	1	6.117578
14	2	1	7.51568
15	2	7	7.344735
16	2	26	5.540045
17	2	25	1.23081
18	2	10	1.643413
19	2	10	1.574737
20	2	26	0.464307
21	2	46	3.800044
22	2	25	8.683683
23	2	26	9.095039
24	2	25	12.862752
25	2	47	15.150758
26	2	5	11.796953
27	2	5	3.309378
28	2	9	0
29	2	8	0
30	2	23	0
31	2	24	0
32	2	5	0
33	2	48	0
34	2	49	0
35	2	7	1.887157
36	2	26	3.424752
37	2	30	4.249096
38	2	3	5.563733
39	2	3	8.479368
40	2	0	9.878571
41	2	2	7.080594
42	2	2	2.555148
43	2	1	0
44	2	3	1.734066
45	2	1	4.866026
46	2	3	7.317353
47	2	2	9.224351
48	2	1	10.628958
49	2	0	8.493433
50	2	1	4.067495
51	2	0	0.541501
52	2	1	3.070469
53	2	2	6.52685
54	2	14	7.104278
55	2	50	7.188918
56	2	22	7.144269
57	2	2	6.712787
58	2	42	6.775237
59	2	35	9.266999
60	2	43	12.296136
61	2	51	13.045156
62	2	52	9.802378
63	2	33	4.852805
64	2	16	3.854398
65	2	53	4.774462
66	2	54	7.727847
67	2	32	10.646134
68	2	20	12.103608
69	2	32	11.721045
70	2	39	9.549912
71	2	22	5.779825
72	2	55	1.938073
73	2	17	0
74	2	3	0
75	2	2	0
76	2	0	2.350388
77	2	0	6.607971
78	2	1	10.114962
79	2	1	9.976801
80	2	0	7.265586
81	2	0	8.74721
82	2	2	15.636863
83	2	1	16.173552
84	2	2	11.782496
85	2	0	15.42817
86	2	3	20.963745
87	2	2	16.198484
88	2	2	6.548368
89	2	1	1.63213
90	2	2	2.462846
91	2	2	4.663692
92	2	0	7.753911
93	2	3	10.617919
94	2	2	13.347957
95	2	3	14.879598
96	2	3	16.650475
97	2	1	11.283293
98	2	1	5.850193
99	2	2	2.012061
100	2	1	0
101	2	0	0
102	2	3	0.365875
103	2	3	3.87793
104	2	1	8.343574
105	2	1	11.826212
106	2	14	14.546795
107	2	22	13.141423
108	2	3	7.673641
109	2	1	1.952679
110	2	3	0
111	2	2	0
112	2	1	0
113	2	0	0
114	2	2	0
115	2	3	0
116	2	0	0
117	2	1	0
118	2	56	0
119	2	57	0
120	2	14	3.804856
121	2	40	16.958124
122	2	41	16.038298
123	2	1	1.983486
124	2	2	5.499236
125	2	3	9.50845
126	2	0	9.107189
127	2	3	4.993809
128	2	3	0
0	3	1	0
1	3	1	3.249341
2	3	1	7.350283
3	3	3	11.674362
4	3	1	11.69064
5	3	0	9.610171
6	3	1	5.29097
7	3	2	8.2321
8	3	0	18.222858
9	3	1	22.844809
10	3	3	27.858789
11	3	2	21.600266
12	3	2	15.104681
13	3	0	10.599337
14	3	23	7.860363
15	3	25	7.887834
16	3	26	7.39964
17	3	24	3.118859
18	3	5	7.034644
19	3	6	10.303523
20	3	7	4.420059
21	3	47	4.025527
22	3	9	7.534587
23	3	26	10.120333
24	3	24	17.127838
25	3	58	23.084068
26	3	59	16.881697
27	3	60	3.368653
28	3	61	-4.567062
29	3	62	-4.529812
30	3	63	-0.987899
31	3	64	0
32	3	27	0
33	3	65	0
34	3	66	1.916014
35	3	67	6.647495
36	3	8	8.483463
37	3	0	6.575435
38	3	68	5.20611
39	3	62	6.023441
40	3	3	6.394918
41	3	3	4.247514
42	3	2	1.169356
43	3	1	1.184021
44	3	3	6.465247
45	3	3	11.319997
46	3	2	11.673722
47	3	0	9.877171
48	3	1	11.252393
49	3	2	10.303725
50	3	0	5.705049
51	3	2	1.889971
52	3	0	6.069002
53	3	31	10.863586
54	3	69	12.5502
55	3	70	13.674105
56	3	43	14.680618
57	3	55	14.058457
58	3	71	14.088661
59	3	72	17.820423
60	3	15	22.565996
61	3	38	24.984543
62	3	73	20.026846
63	3	74	12.10599
64	3	17	9.216867
65	3	0	12.132116
66	3	51	15.60224
67	3	70	21.312445
68	3	19	27.543516
69	3	20	30.109137
70	3	75	28.598808
71	3	76	22.023483
72	3	77	12.722179
73	3	43	3.43176
74	3	2	0
75	3	0	0
76	3	1	0.248955
77	3	1	1.328437
78	3	2	3.80753
79	3	0	6.480379
80	3	1	6.420067
81	3	1	4.3499
82	3	3	4.62655
83	3	2	5.769037
84	3	2	7.639967
85	3	2	14.191697
86	3	0	18.735723
87	3	0	16.841564
88	3	2	12.188992
89	3	2	8.878123
90	3	3	7.672855
91	3	2	8.886305
92	3	1	11.553383
93	3	1	13.566133
94	3	0	13.839131
95	3	1	13.772724
96	3	1	12.685694
97	3	0	10.175643
98	3	0	7.554946
99	3	3	3.609551
100	3	1	0.796475
101	3	2	0
102	3	2	2.268405
103	3	1	6.702928
104	3	1	10.342904
105	3	31	11.316898
106	3	21	13.020116
107	3	50	12.907343
108	3	22	7.890347
109	3	0	2.156892
110	3	14	0
111	3	50	0
112	3	22	0
113	3	2	0
114	3	3	0
115	3	0	0
116	3	44	0
117	3	78	7.463444
118	3	57	8.351033
119	3	31	0.626751
120	3	79	11.649566
121	3	80	35.748951
122	3	3	33.08601
123	3	0	6.543711
124	3	0	5.397629
125	3	1	8.48742
126	3	2	8.141268
127	3	2	4.541244
128	3	0	0
0	4	3	0
1	4	1	0.83554
2	4	3	11.529438
3	4	2	12.952587
4	4	3	12.883359
5	4	3	3.145104
6	4	0	0.837217
7	4	1	4.279331
8	4	2	12.69375
9	4	2	17.341925
10	4	2	17.158571
11	4	2	14.795862
12	4	0	13.699226
13	4	3	5.393468
14	4	23	6.794838
15	4	30	8.477979
16	4	4	8.091715
17	4	81	7.908044
18	4	25	12.79833
19	4	47	13.924788
20	4	5	9.2631
21	4	81	2.19652
22	4	25	3.021554
23	4	47	4.677017
24	4	82	10.020822
25	4	83	15.064162
26	4	84	10.559169
27	4	27	-14.18542
28	4	85	-19.455513
29	4	86	-14.323978
30	4	87	-8.458012
31	4	5	-0.194576
32	4	27	0
33	4	88	0.040331
34	4	89	4.042498
35	4	90	9.504717
36	4	91	10.330391
37	4	92	5.856079
38	4	93	1.760788
39	4	2	1.562225
40	4	1	1.045535
41	4	0	0.209012
42	4	3	0
43	4	1	2.378825
44	4	1	8.899782
45	4	3	13.543734
46	4	2	10.259236
47	4	0	4.359789
48	4	1	5.397007
49	4	0	6.007395
50	4	3	3.841309
51	4	0	2.92576
52	4	3	7.751006
53	4	94	11.7362
54	4	95	11.94194
55	4	96	12.660328
56	4	15	12.788274
57	4	97	12.445785
58	4	98	13.347816
59	4	32	18.196522
60	4	20	25.088686
61	4	32	26.733469
62	4	33	20.833138
63	4	96	15.120934
64	4	18	14.492153
65	4	99	19.696995
66	4	53	32.321388
67	4	54	42.644402
68	4	80	50.406948
69	4	94	55.512882
70	4	100	56.664074
71	4	55	51.803391
72	4	72	39.937038
73	4	18	23.095179
74	4	35	10.49145
75	4	43	6.429147
76	4	3	6.044024
77	4	2	4.033496
78	4	3	4.837651
79	4	0	6.120729
80	4	3	6.484399
81	4	1	2.196955
82	4	0	0.146332
83	4	2	3.550362
84	4	3	9.593808
85	4	1	14.798638
86	4	2	18.482628
87	4	1	18.504429
88	4	0	17.129456
89	4	2	13.695682
90	4	2	12.018899
91	4	0	11.683915
92	4	3	11.355694
93	4	1	13.408921
94	4	3	11.251795
95	4	3	8.755522
96	4	0	7.547644
97	4	2	6.877873
98	4	3	6.062177
99	4	1	3.590941
100	4	3	0.782207
101	4	3	0
102	4	0	2.786815
103	4	1	6.420321
104	4	2	7.177994
105	4	101	4.827839
106	4	20	0.378224
107	4	80	0.774185
108	4	1	0.95583
109	4	31	-0.133311
110	4	32	0
111	4	41	0
112	4	3	2.108585
113	4	14	0.133792
114	4	22	5.819736
115	4	56	8.39657
116	4	102	5.187277
117	4	57	16
118	4	3	16
119	4	2	6.217282
120	4	0	15.560377
121	4	14	45.37215
122	4	50	40.917572
123	4	22	18.961174
124	4	2	23.051147
125	4	0	11.186869
126	4	1	4.288284
127	4	0	1.987206
128	4	2	0
0	5	3	0
1	5	2	0.345205
2	5	2	12.586158
3	5	3	14.650766
4	5	0	15.699468
5	5	2	0.10492
6	5	3	0.060191
7	5	3	1.058366
8	5	1	2.28769
9	5	2	3.674836
10	5	1	4.431016
11	5	2	3.282747
12	5	0	1.466555
13	5	3	1.353787
14	5	0	2.417148
15	5	23	3.979236
16	5	30	7.229587
17	5	4	12.624853
18	5	5	16.051311
19	5	5	13.784424
20	5	103	8.341258
21	5	104	2.016921
22	5	58	0.65372
23	5	105	0.066007
24	5	84	1.884884
25	5	5	2.14178
26	5	5	-10.430617
27	5	81	-26.91073
28	5	25	-27.926178
29	5	47	-23.417477
30	5	58	-12.075397
31	5	60	-0.55635
32	5	81	0
33	5	90	0.145539
34	5	106	3.194363
35	5	107	7.083716
36	5	93	6.677534
37	5	3	2.682651
38	5	1	0
39	5	3	0
40	5	1	0
41	5	3	0
42	5	2	0
43	5	0	1.62527
44	5	3	7.087581
45	5	0	10.776861
46	5	0	7.12776
47	5	3	1.183581
48	5	1	0.714792
49	5	2	1.515905
50	5	1	1.220903
51	5	1	3.663362
52	5	2	11.080995
53	5	51	13.786694
54	5	108	10.747218
55	5	52	6.994783
56	5	20	6.47991
57	5	21	4.019524
58	5	40	6.886524
59	5	41	12.778342
60	5	31	18.933929
61	5	69	18.977753
62	5	52	14.202025
63	5	109	13.594303
64	5	110	19.599056
65	5	100	35.004932
66	5	1	49.831707
67	5	3	62.165726
68	5	1	70.954308
69	5	14	74.358681
70	5	15	76.148529
71	5	98	76.193504
72	5	111	74.031738
73	5	97	58.980713
74	5	112	37.717674
75	5	2	22.057127
76	5	2	16.687082
77	5	0	14.358711
78	5	2	15.115162
79	5	3	13.111047
80	5	2	10.129525
81	5	3	3.597054
82	5	1	-0.190188
83	5	2	2.759244
84	5	3	9.507193
85	5	2	14.066809
86	5	3	14.235078
87	5	1	14.803269
88	5	2	14.610474
89	5	2	15.219644
90	5	3	13.705536
91	5	3	9.573551
92	5	0	8.001681
93	5	2	6.940537
94	5	0	6.040242
95	5	3	4.109971
96	5	2	2.433146
97	5	2	3.28262
98	5	1	3.41048
99	5	1	1.944702
100	5	3	0.038591
101	5	113	0
102	5	114	1.251015
103	5	2	3.291129
104	5	31	2.099173
105	5	80	-8.271553
106	5	1	-17.148928
107	5	0	-18.688412
108	5	0	-13.963497
109	5	31	-5.683374
110	5	80	-0.721772
111	5	14	4.97973
112	5	40	11.563323
113	5	41	16.756546
114	5	115	19.63998
115	5	116	16
116	5	117	11.033134
117	5	2	14.435167
118	5	14	17.111279
119	5	22	15.901193
120	5	101	27.206825
121	5	118	31.841597
122	5	39	34.39922
123	5	1	22.926987
124	5	3	32
125	5	1	22.336929
126	5	1	2.855826
127	5	119	0
128	5	120	0
0	6	121	0
1	6	3	0.713636
2	6	1	9.151219
3	6	0	10.928063
4	6	3	9.150489
5	6	3	0.464386
6	6	3	0.006516
7	6	1	0
8	6	3	0.010273
9	6	1	0
10	6	0	0.228728
11	6	0	0.217617
12	6	2	0.024198
13	6	2	0.016554
14	6	0	2.191213
15	6	7	8.717362
16	6	26	14.598725
17	6	24	18.042898
18	6	5	17.950474
19	6	82	13.406001
20	6	122	9.349346
21	6	105	8.907463
22	6	123	7.035935
23	6	124	2.541647
24	6	46	-2.793319
25	6	46	-6.158386
26	6	90	-25.455988
27	6	125	-37.879063
28	6	58	-39.475372
29	6	105	-27.933781
30	6	84	-11.938255
31	6	6	-0.635792
32	6	126	-6.009153
33	6	127	-9.507118
34	6	93	-8.820588
35	6	2	-1.476039
36	6	0	1.867069
37	6	3	0.006675
38	6	2	0.576971
39	6	2	4.188884
40	6	2	6.845137
41	6	0	3.875858
42	6	3	0
43	6	3	0.102586
44	6	1	4.362849
45	6	42	9.540956
46	6	43	7.526946
47	6	2	1.96648
48	6	1	0.452174
49	6	3	0.323827
50	6	1	0.198796
51	6	14	4.383782
52	6	15	12.792186
53	6	16	15.639914
54	6	128	11.061221
55	6	80	5.645266
56	6	51	2.26505
57	6	129	0.657729
58	6	80	1.794003
59	6	2	7.180758
60	6	94	11.442107
61	6	130	10.719024
62	6	39	11.119699
63	6	22	17.628712
64	6	3	34.487034
65	6	2	52.232941
66	6	0	65.147621
67	6	0	72.940865
68	6	31	77.355904
69	6	32	79.5037
70	6	131	82.602303
71	6	19	88.892357
72	6	73	95.67717
73	6	41	88.478333
74	6	2	66.592026
75	6	3	40.255161
76	6	1	29.333496
77	6	2	28.646996
78	6	2	29.974224
79	6	2	27.944986
80	6	3	20.660845
81	6	0	11.777149
82	6	2	4.710833
83	6	3	3.801945
84	6	3	5.929143
85	6	1	7.548579
86	6	3	6.962948
87	6	2	7.349943
88	6	0	8.805334
89	6	0	12.354104
90	6	3	12.418518
91	6	2	8.239878
92	6	3	4.625123
93	6	3	3.488753
94	6	0	2.676107
95	6	2	1.181403
96	6	1	1.019524
97	6	0	0.777915
98	6	2	0.594401
99	6	0	0.011126
100	6	132	1.916996
101	6	133	0.878189
102	6	113	0.014856
103	6	114	0.466668
104	6	3	-3.705925
105	6	3	-15.082718
106	6	1	-25.081364
107	6	2	-24.19149
108	6	0	-19.8139
109	6	2	-10.48766
110	6	31	-2.768456
111	6	32	5.574721
112	6	41	14.882296
113	6	2	22.052294
114	6	1	27.460936
115	6	0	16
116	6	14	6.364151
117	6	40	1.717319
118	6	41	6.054439
119	6	31	11.647248
120	6	79	16.608786
121	6	79	18.684999
122	6	1	11.438079
123	6	2	15.709383
124	6	0	26.646313
125	6	0	14.306352
126	6	134	3.071942
127	6	135	0
128	6	136	0
0	7	1	0
1	7	0	1.292318
2	7	0	3.81592
3	7	1	3.103529
4	7	2	1.459108
5	7	1	0.30517
6	7	0	0.003222
7	7	1	0
8	7	3	0
9	7	3	0
10	7	0	0
11	7	2	0
12	7	0	0
13	7	2	0
14	7	23	2.950814
15	7	25	11.000525
16	7	47	17.786583
17	7	5	19.265308
18	7	82	17.3878
19	7	83	14.526348
20	7	123	13.139544
21	7	137	15.723424
22	7	138	13.094357
23	7	139	4.993782
24	7	140	-3.261853
25	7	141	-7.701357
26	7	142	-28.714165
27	7	82	-40.874104
28	7	143	-42.422722
29	7	144	-33.364529
30	7	145	-7.868268
31	7	45	-1.804613
32	7	3	-9.582541
33	7	2	-11.942656
34	7	0	-11.402103
35	7	2	-7.873865
36	7	14	0.992992
37	7	22	8.114468
38	7	2	14.559661
39	7	42	17.328337
40	7	35	20.332445
41	7	43	11.572337
42	7	3	1.790314
43	7	2	6.836944
44	7	146	14.292955
45	7	96	14.995868
46	7	22	8.720375
47	7	0	3.8683
48	7	1	4.372741
49	7	0	5.648252
50	7	31	4.544476
51	7	79	3.714036
52	7	147	8.696343
53	7	17	12.471539
54	7	2	12.390016
55	7	94	10.900435
56	7	100	9.961439
57	7	2	7.525267
58	7	2	4.019868
59	7	2	2.687734
60	7	31	7.174617
61	7	79	10.200038
62	7	80	18.43396
63	7	3	34.791519
64	7	3	57.479389
65	7	0	76.976288
66	7	2	85.473457
67	7	2	85.260864
68	7	31	81.662384
69	7	147	81.854851
70	7	148	87.135147
71	7	129	95.792152
72	7	80	101.754944
73	7	0	99.533745
74	7	2	80.553543
75	7	3	55.865612
76	7	1	44.482628
77	7	2	44.966473
78	7	0	47.686081
79	7	1	45.965107
80	7	2	37.396912
81	7	0	24.993975
82	7	1	14.593349
83	7	2	8.99269
84	7	1	4.517465
85	7	1	2.035257
86	7	3	1.161357
87	7	2	0.442439
88	7	2	3.877695
89	7	3	8.823287
90	7	1	9.710873
91	7	1	8.057557
92	7	1	5.345909
93	7	2	4.239933
94	7	3	3.587197
95	7	2	7.557487
96	7	1	3.703182
97	7	2	0.00625
98	7	1	0
99	7	149	8.300712
100	7	150	12.712067
101	7	151	8.620141
102	7	150	1.209479
103	7	152	0.02281
104	7	114	-3.620004
105	7	113	-13.193275
106	7	114	-21.046713
107	7	1	-21.899038
108	7	2	-18.510851
109	7	2	-9.693738
110	7	31	-2.647914
111	7	80	0.218634
112	7	113	10.587279
113	7	114	24.345453
114	7	0	20.076164
115	7	31	7.358112
116	7	79	0
117	7	80	-0.65477
118	7	3	-5.589569
119	7	3	-2.682283
120	7	0	-3.890775
121	7	3	-5.966437
122	7	1	0.060972
123	7	3	2.778889
124	7	3	5.802103
125	7	153	3.125415
126	7	154	0
127	7	121	0
128	7	2	0
0	8	2	0
1	8	0	6.975955
2	8	2	9.076322
3	8	2	5.553741
4	8	0	0.329599
5	8	2	0.014846
6	8	119	0
7	8	120	0
8	8	121	0
9	8	1	0
10	8	0	0
11	8	1	0
12	8	3	0
13	8	0	0
14	8	23	1.749634
15	8	24	7.061748
16	8	5	10.849013
17	8	155	13.738741
18	8	123	14.722507
19	8	156	14.473016
20	8	157	16.310289
21	8	158	17.586473
22	8	159	12.610868
23	8	157	3.446143
24	8	160	-3.55348
25	8	122	-9.470298
26	8	156	-30.599783
27	8	143	-43.744247
28	8	161	-44.911152
29	8	102	-31.321014
30	8	57	-13.349436
31	8	0	-7.286863
32	8	0	-14.906533
33	8	1	-17.786911
34	8	2	-14.135003
35	8	31	-8.115438
36	8	21	7.539704
37	8	50	32.525757
38	8	162	37.88113
39	8	53	20.851778
40	8	100	14.997569
41	8	0	7.932813
42	8	42	5.696727
43	8	163	15.583497
44	8	79	22.598633
45	8	80	13.620394
46	8	0	8.125103
47	8	0	10.097324
48	8	1	13.5943
49	8	14	16.854597
50	8	22	16.014854
51	8	94	8.95953
52	8	77	9.204414
53	8	164	16.259485
54	8	50	20.169647
55	8	22	21.860889
56	8	0	22.855459
57	8	44	22.015818
58	8	165	19.712603
59	8	45	18.400311
60	8	44	17.943426
61	8	165	22.739023
62	8	45	34.251343
63	8	44	53.744537
64	8	165	78.18013
65	8	45	96.324516
66	8	44	102.141365
67	8	165	101.925552
68	8	166	97.887642
69	8	167	94.236542
70	8	168	98.742958
71	8	45	104.584679
72	8	44	105.298149
73	8	165	100.489151
74	8	45	88.856972
75	8	3	76.039505
76	8	1	66.947273
77	8	1	65.672493
78	8	2	65.67157
79	8	1	63.75193
80	8	3	55.579136
81	8	0	40.829479
82	8	0	27.877159
83	8	1	17.751053
84	8	2	9.244541
85	8	2	1.920545
86	8	3	0
87	8	1	2.700447
88	8	1	6.338908
89	8	0	7.625854
90	8	3	7.397912
91	8	1	6.812148
92	8	2	7.129326
93	8	3	5.552189
94	8	1	18.862974
95	8	2	19.604282
96	8	0	5.858129
97	8	2	-7.004718
98	8	2	-4.904263
99	8	149	10.40953
100	8	169	12.776569
101	8	132	10.096158
102	8	170	4.700876
103	8	150	8.217254
104	8	171	8.700585
105	8	172	-1.410897
106	8	114	-10.413902
107	8	2	-13.569797
108	8	3	-10.973807
109	8	1	-4.324944
110	8	2	0.421872
111	8	149	0.491361
112	8	169	3.227469
113	8	1	15.813773
114	8	1	16.004467
115	8	3	4.619855
116	8	1	0
117	8	2	-1.720823
118	8	3	-9.829841
119	8	1	-17.117744
120	8	3	-20.715145
121	8	1	-14.454036
122	8	0	-4.154323
123	8	2	10.356682
124	8	119	16.747925
125	8	173	9.129407
126	8	174	1.019773
127	8	1	0.342227
128	8	1	0
0	9	0	0
1	9	2	10.030856
2	9	1	14.792346
3	9	3	8.101585
4	9	119	1.13281
5	9	173	0
6	9	175	0
7	9	176	0
8	9	120	0
9	9	120	0
10	9	121	0
11	9	0	0
12	9	0	0
13	9	0	0
14	9	4	0
15	9	5	1.86939
16	9	5	3.085498
17	9	82	4.404977
18	9	177	8.264467
19	9	83	11.638482
20	9	178	14.683372
21	9	179	16.531006
22	9	180	11.136645
23	9	181	3.412638
24	9	177	-2.475748
25	9	83	-8.429276
26	9	84	-27.713953
27	9	182	-38.635067
28	9	116	-40.80529
29	9	183	-33.24662
30	9	8	-23.747005
31	9	0	-27.485666
32	9	3	-26.974304
33	9	1	-24.26869
34	9	42	-16.820194
35	9	19	-5.542739
36	9	184	9.567688
37	9	185	32.260269
38	9	100	29.40276
39	9	42	7.531961
40	9	164	0.878578
41	9	15	2.591949
42	9	112	6.522865
43	9	44	15.250546
44	9	45	16.712715
45	9	0	9.933016
46	9	44	17.16539
47	9	165	31.206285
48	9	186	27.728172
49	9	39	24.538992
50	9	22	24.531284
51	9	146	17.284597
52	9	38	16.239384
53	9	20	24.47864
54	9	80	30.062563
55	9	44	32
56	9	78	33.332214
57	9	187	35.656624
58	9	57	38.808186
59	9	115	41.376804
60	9	188	43.884548
61	9	189	42.173294
62	9	190	45.245224
63	9	188	62.457554
64	9	57	86.420448
65	9	56	104.090919
66	9	191	116.138016
67	9	192	122.814316
68	9	193	119.091759
69	9	194	114.671455
70	9	189	115.167641
71	9	190	117.002235
72	9	188	114.193817
73	9	57	104.515984
74	9	0	101.773659
75	9	2	96.477135
76	9	1	88.25396
77	9	0	80.027939
78	9	0	76.889076
79	9	3	74.846382
80	9	3	69.733238
81	9	3	56.29174
82	9	3	40.654072
83	9	1	28.169268
84	9	1	16.330141
85	9	1	9.589374
86	9	2	5.112038
87	9	1	7.130916
88	9	2	10.704603
89	9	1	9.224427
90	9	3	4.347208
91	9	1	3.972013
92	9	1	6.756423
93	9	3	6.88313
94	9	3	19.134518
95	9	0	14.033495
96	9	2	-2.266573
97	9	0	-17.946863
98	9	14	-19.384342
99	9	22	-8.25019
100	9	149	5.536403
101	9	169	4.280894
102	9	149	7.973838
103	9	195	18.273159
104	9	195	17.878128
105	9	169	11.826617
106	9	3	2.260308
107	9	113	1.588119
108	9	114	1.759089
109	9	44	4.362827
110	9	45	10.331933
111	9	1	10.381248
112	9	113	4.799176
113	9	114	11.60156
114	9	3	8.771057
115	9	0	3.985757
116	9	0	0
117	9	0	-0.687234
118	9	1	-7.833419
119	9	3	-13.713215
120	9	0	-17.767284
121	9	1	-14.192027
122	9	3	-6.277617
123	9	153	10.890114
124	9	196	19.160549
125	9	176	19.170668
126	9	121	6.85247
127	9	1	5.150501
128	9	0	0
0	10	0	0
1	10	2	7.678962
2	10	1	10.670148
3	10	134	6.878493
4	10	197	0.703314
5	10	198	0
6	10	135	0
7	10	196	0
8	10	197	0
9	10	176	0
10	10	121	0
11	10	1	0
12	10	68	0
13	10	199	0
14	10	200	0
15	10	60	0
16	10	82	0
17	10	83	0.604178
18	10	201	2.983431
19	10	202	5.331756
20	10	125	9.332463
21	10	5	12.710423
22	10	203	11.755538
23	10	204	6.652212
24	10	205	3.401124
25	10	60	-0.669388
26	10	9	-21.064941
27	10	10	-28.798706
28	10	26	-35.86721
29	10	30	-36.441925
30	10	44	-36.06963
31	10	45	-35.825809
32	10	1	-31.076281
33	10	94	-24.837742
34	10	130	-11.741871
35	10	33	-4.093661
36	10	112	1.21296
37	10	14	7.640723
38	10	15	4.721835
39	10	206	0
40	10	52	0
41	10	207	2.713346
42	10	78	5.956384
43	10	189	14.631944
44	10	165	16.002636
45	10	78	15.111126
46	10	208	23.665531
47	10	209	33.225849
48	10	210	29.741461
49	10	211	21.096201
50	10	45	19.71414
51	10	79	19.560463
52	10	21	25.205103
53	10	18	31.163795
54	10	212	32
55	10	191	32.796982
56	10	102	35.655357
57	10	189	40.861847
58	10	45	49.772995
59	10	115	60.816494
60	10	116	64.83535
61	10	213	59.046139
62	10	78	52.454639
63	10	189	65.318001
64	10	78	91.273132
65	10	102	117.547035
66	10	57	126.644035
67	10	214	133.731064
68	10	215	134.027756
69	10	187	129.389145
70	10	189	127.448624
71	10	78	127.568329
72	10	189	121.339645
73	10	45	118.007034
74	10	1	120.095345
75	10	2	112.922752
76	10	14	98.151543
77	10	22	87.022728
78	10	2	86.037598
79	10	0	85.464485
80	10	0	77.896423
81	10	0	65.291542
82	10	0	51.560898
83	10	2	37.578487
84	10	3	29.229149
85	10	0	21.855171
86	10	3	14.270707
87	10	2	11.540807
88	10	1	10.8515
89	10	2	7.077574
90	10	3	1.744029
91	10	3	5.067636
92	10	3	9.599859
93	10	3	8.669528
94	10	14	7.357302
95	10	22	0.717613
96	10	2	-14.657601
97	10	31	-28.151558
98	10	80	-29.523937
99	10	0	-23.117945
100	10	3	-11.169275
101	10	44	-1.539192
102	10	45	5.476916
103	10	44	19.534945
104	10	45	22.28504
105	10	113	14.629057
106	10	151	5.731937
107	10	169	8.096905
108	10	115	13.336424
109	10	213	27.083097
110	10	45	39.852501
111	10	149	44.615929
112	10	150	27.424007
113	10	152	27.041788
114	10	114	28.305323
115	10	1	18.906282
116	10	2	8
117	10	2	0
118	10	1	4.444854
119	10	2	3.172005
120	10	0	-4.636632
121	10	3	-7.734376
122	10	1	-9.518871
123	10	134	-5.685523
124	10	175	4.80666
125	10	176	7.356335
126	10	121	12.682814
127	10	3	9.267534
128	10	0	0
0	11	1	0
1	11	3	2.400319
2	11	134	5.163256
3	11	135	3.006268
4	11	216	0.966688
5	11	136	0
6	11	153	0
7	11	196	0
8	11	135	0
9	11	154	0
10	11	121	0
11	11	217	0
12	11	218	0
13	11	219	0
14	11	205	0
15	11	137	1.253611
16	11	220	5.121759
17	11	221	6.416355
18	11	222	3.227623
19	11	223	0.758435
20	11	81	2.915946
21	11	224	6.543272
22	11	93	7.720736
23	11	179	7.521295
24	11	123	5.74322
25	11	60	3.521178
26	11	225	-11.854475
27	11	226	-22.478739
28	11	44	-33.719364
29	11	78	-37.11005
30	11	189	-38.982582
31	11	45	-38.042885
32	11	42	-32.668823
33	11	36	-23.818878
34	11	52	-7.06501
35	11	39	3.149624
36	11	40	1.64215
37	11	227	0
38	11	109	0
39	11	54	0
40	11	228	6.715916
41	11	229	22.490618
42	11	230	21.723831
43	11	208	17.787115
44	11	230	25.142199
45	11	231	22.411209
46	11	232	24.972811
47	11	233	30.216864
48	11	191	24.477221
49	11	57	17.965185
50	11	2	19.724798
51	11	101	28.448013
52	11	74	35.65807
53	11	194	35.125668
54	11	187	32.243599
55	11	102	35.246456
56	11	102	39.977032
57	11	189	46.614742
58	11	165	58.304607
59	11	165	78.823502
60	11	78	90.050896
61	11	208	83.932487
62	11	230	64.505203
63	11	102	69.746223
64	11	192	105.552322
65	11	117	137.626053
66	11	56	154.81694
67	11	187	153.167038
68	11	187	149.635803
69	11	187	136.945099
70	11	208	134.953934
71	11	230	130.659424
72	11	57	125.20755
73	11	14	134.449341
74	11	22	136.444336
75	11	31	123.538277
76	11	21	101.29332
77	11	22	94.434059
78	11	2	105.992088
79	11	0	126.803009
80	11	0	117.341194
81	11	3	76.099815
82	11	2	57.294853
83	11	0	45.139999
84	11	0	39.783733
85	11	2	30.615343
86	11	3	18.175241
87	11	2	9.603854
88	11	1	4.7384
89	11	0	2.405705
90	11	2	0
91	11	0	4.429275
92	11	1	8.810453
93	11	31	8.040125
94	11	21	3.928707
95	11	50	-3.450251
96	11	22	-14.81872
97	11	2	-26.481865
98	11	44	-30.553394
99	11	45	-27.549599
100	11	56	-15.223838
101	11	189	-4.032322
102	11	78	0
103	11	57	6.819015
104	11	132	11.618567
105	11	133	4.88129
106	11	44	3.159887
107	11	165	8
108	11	78	22.53968
109	11	57	45.875465
110	11	113	74.27243
111	11	171	72.206886
112	11	170	74.350754
113	11	169	70.257179
114	11	0	51.828255
115	11	2	31.477743
116	11	1	13.866291
117	11	3	7.894516
118	11	1	23.760498
119	11	3	33.002979
120	11	3	29.721205
121	11	1	5.26189
122	11	134	-10.951267
123	11	135	-17.291069
124	11	196	-11.62795
125	11	176	-0.292695
126	11	121	12.763201
127	11	3	9.60452
128	11	0	0
0	12	2	0
1	12	134	1.21749
2	12	174	2.721817
3	12	3	2.831172
4	12	3	0.622577
5	12	2	0
6	12	153	0
7	12	154	0
8	12	173	0
9	12	174	0
10	12	126	0
11	12	234	0
12	12	67	0
13	12	235	0
14	12	178	0
15	12	217	4.777607
16	12	222	13.018578
17	12	89	17.218962
18	12	46	11.554051
19	12	30	4.297425
20	12	0	1.411561
21	12	68	1.363253
22	12	125	3.709521
23	12	155	4.221167
24	12	84	4.586226
25	12	48	2.856403
26	12	49	0.649664
27	12	115	-10.677625
28	12	116	-28.067043
29	12	116	-35.107246
30	12	236	-36.164562
31	12	76	-34.30225
32	12	95	-27.173563
33	12	98	-21.227594
34	12	79	1.796298
35	12	32	7.743337
36	12	184	3.444007
37	12	237	0
38	12	1	0
39	12	238	0
40	12	239	15.159547
41	12	240	42.831635
42	12	209	38.57122
43	12	233	21.081112
44	12	208	29.109516
45	12	209	37.855087
46	12	233	36.434353
47	12	191	26.578056
48	12	189	20.358892
49	12	45	22.860434
50	12	31	31.521578
51	12	241	44.464088
52	12	242	48.598461
53	12	243	43.476543
54	12	102	42.061493
55	12	187	51.950733
56	12	102	57.189217
57	12	208	60.972023
58	12	230	73.749039
59	12	208	96.148346
60	12	209	104.818962
61	12	233	101.004128
62	12	192	82.30777
63	12	117	86.924591
64	12	44	109.457947
65	12	78	140.6931
66	12	191	178.061264
67	12	187	183.079117
68	12	187	190.245285
69	12	244	177.388184
70	12	233	159.841187
71	12	57	145.979141
72	12	31	137.744049
73	12	80	144.44249
74	12	0	146.075089
75	12	31	126.332664
76	12	80	106.025528
77	12	1	109.153114
78	12	0	139.186966
79	12	1	162.92804
80	12	0	153.377319
81	12	2	98.651634
82	12	2	59.792885
83	12	0	50.272945
84	12	1	42.605286
85	12	3	27.771683
86	12	3	13.71053
87	12	0	3.376956
88	12	2	0.033554
89	12	2	0
90	12	0	0
91	12	0	3.597247
92	12	0	11.403769
93	12	31	15.170802
94	12	79	15.918619
95	12	80	12.565554
96	12	0	-4.426041
97	12	115	-17.570595
98	12	213	-22.620033
99	12	78	-19.439072
100	12	191	-12.346371
101	12	192	-2.026683
102	12	117	0
103	12	149	7.300441
104	12	169	8
105	12	56	7.160326
106	12	192	0
107	12	116	2.249628
108	12	117	17.894497
109	12	149	52.490883
110	12	195	86.38752
111	12	169	123.086601
112	12	0	134.753174
113	12	2	142.316437
114	12	2	119.617622
115	12	1	50.969254
116	12	2	16.428648
117	12	2	18.263998
118	12	2	32.422611
119	12	2	39.437843
120	12	0	37.57045
121	12	153	14.804531
122	12	154	-8.708104
123	12	173	-16.087505
124	12	198	-13.042167
125	12	176	-1.837373
126	12	121	7.05557
127	12	2	5.799536
128	12	2	0
0	13	134	0
1	13	174	0.675208
2	13	2	4.311322
3	13	3	6.891773
4	13	0	4.775732
5	13	3	0.956922
6	13	134	1.015195
7	13	135	0.220645
8	13	136	0
9	13	3	0
10	13	217	0
11	13	245	0
12	13	64	0
13	13	6	0
14	13	246	0
15	13	223	5.808524
16	13	9	19.121521
17	13	8	24.946949
18	13	7	18.132069
19	13	247	8.883826
20	13	248	4.729969
21	13	223	5.228451
22	13	5	10.271657
23	13	225	12.743032
24	13	221	7.44766
25	13	12	1.398321
26	13	62	-1.901411
27	13	0	-12.736835
28	13	3	-24.110144
29	13	55	-30.097973
30	13	17	-30.745724
31	13	31	-22.951454
32	13	80	-13.142104
33	13	14	-8.483978
34	13	40	-4.698849
35	13	109	5.432189
36	13	100	2.958221
37	13	44	0.713282
38	13	78	1.144925
39	13	187	2.718421
40	13	231	7.719217
41	13	239	21.950336
42	13	249	21.039932
43	13	231	9.960241
44	13	232	22.206856
45	13	250	37.687283
46	13	230	37.474453
47	13	191	30.865301
48	13	57	25.43635
49	13	3	32.884121
50	13	44	47.137978
51	13	166	63.261658
52	13	215	69.110168
53	13	187	69.937767
54	13	191	72.083717
55	13	187	91.239098
56	13	231	111.641647
57	13	240	105.523865
58	13	251	103.952545
59	13	252	117.432167
60	13	249	126.206223
61	13	189	125.567253
62	13	165	108.21888
63	13	78	100.816483
64	13	102	110.629143
65	13	208	135.006561
66	13	230	165.879562
67	13	208	179.439545
68	13	251	195.113388
69	13	253	182.841476
70	13	254	164.073227
71	13	1	151.181427
72	13	14	145.602173
73	13	22	141.078323
74	13	2	143.543121
75	13	2	125.759377
76	13	3	109.560112
77	13	1	118.124634
78	13	0	155.20253
79	13	0	168.827072
80	13	0	153.811081
81	13	1	96.727409
82	13	68	60.594372
83	13	91	52.198795
84	13	62	39.472969
85	13	0	18.597078
86	13	2	4.632266
87	13	0	0.456611
88	13	0	0
89	13	0	0
90	13	2	0
91	13	0	5.052933
92	13	1	8
93	13	1	15.3576
94	13	1	16.234518
95	13	1	14.343296
96	13	3	3.902708
97	13	115	-2.942168
98	13	188	-8.394999
99	13	187	-9.047131
100	13	57	-3.542461
101	13	14	1.884436
102	13	50	1.795356
103	13	22	3.727533
104	13	56	6.663517
105	13	57	3.156279
106	13	14	0
107	13	50	0.698716
108	13	50	11.985413
109	13	22	36.717567
110	13	0	59.152222
111	13	2	107.754715
112	13	3	151.493118
113	13	1	150.476593
114	13	1	114.028702
115	13	0	47.652596
116	13	3	26.137758
117	13	3	37.123119
118	13	3	43.670609
119	13	1	39.079418
120	13	2	32.446152
121	13	153	15.539961
122	13	216	-4.357265
123	13	216	-4.835075
124	13	196	2.140394
125	13	176	4.273046
126	13	121	1.811526
127	13	0	0.726217
128	13	134	0
0	14	174	0
1	14	0	1.661998
2	14	1	6.310683
3	14	0	12.939767
4	14	2	18.406311
5	14	153	12.199103
6	14	154	7.281283
7	14	121	2.40995
8	14	0	0.086326
9	14	246	0
10	14	28	0
11	14	29	0
12	14	25	0
13	14	47	0
14	14	81	0
15	14	46	4.943209
16	14	30	18.227791
17	14	63	24.252972
18	14	255	17.78075
19	14	223	11.072316
20	14	225	8.08682
21	14	256	10.00876
22	14	257	18.741402
23	14	258	20.907434
24	14	259	13.557441
25	14	49	3.493858
26	14	1	-9.0356
27	14	3	-20.370707
28	14	94	-25.763041
29	14	100	-25.663551
30	14	1	-19.641909
31	14	14	-9.811432
32	14	260	-8.725039
33	14	129	-7.957904
34	14	75	-5.772007
35	14	43	3.312267
36	14	56	2.716197
37	14	187	1.248782
38	14	187	3.196393
39	14	102	6.704851
40	14	102	6.606305
41	14	187	3.410007
42	14	187	0.775027
43	14	231	0.356418
44	14	239	7.328628
45	14	249	25.405951
46	14	187	31.060074
47	14	189	30.79738
48	14	165	35.276283
49	14	78	43.837139
50	14	187	60.457321
51	14	208	77.98558
52	14	261	95.239449
53	14	262	110.05957
54	14	229	136.7034
55	14	229	192.641495
56	14	263	203.045822
57	14	264	180.994034
58	14	265	146.686584
59	14	230	145.911743
60	14	102	155.477509
61	14	102	151.859665
62	14	208	145.712036
63	14	229	124.039948
64	14	263	119.904861
65	14	249	126.04483
66	14	231	131.762894
67	14	266	147.774109
68	14	267	156.598877
69	14	77	156.030334
70	14	164	150.002808
71	14	40	141.982697
72	14	39	133.712784
73	14	22	130.942841
74	14	3	133.041489
75	14	2	123.135696
76	14	1	119.426834
77	14	3	131.702972
78	14	3	149.827362
79	14	3	154.079575
80	14	68	114.998871
81	14	92	76.904839
82	14	127	59.228065
83	14	93	52.631748
84	14	2	34.945007
85	14	1	12.400725
86	14	68	0.616594
87	14	62	0
88	14	0	-0.230734
89	14	3	-0.813659
90	14	1	-0.00904
91	14	0	0.541239
92	14	0	4.653091
93	14	1	3.257361
94	14	3	5.829529
95	14	14	4.164153
96	14	22	0
97	14	115	0
98	14	116	-0.176299
99	14	117	0.012353
100	14	101	2.812211
101	14	227	6.236358
102	14	41	7.207136
103	14	56	4.741586
104	14	57	4.753023
105	14	31	3.558997
106	14	32	0
107	14	227	0.198153
108	14	41	3.19723
109	14	0	11.695106
110	14	0	36.833588
111	14	3	67.805122
112	14	2	101.679871
113	14	0	115.411003
114	14	0	72.78344
115	14	1	42.268059
116	14	2	37.42783
117	14	0	48
118	14	0	44.766342
119	14	1	34.608688
120	14	2	12.325295
121	14	1	1.003178
122	14	1	0.640012
123	14	153	7.164914
124	14	196	11.464036
125	14	176	12.379416
126	14	120	1.253314
127	14	173	0
128	14	174	0
0	15	0	0
1	15	3	0.848277
2	15	1	3.627749
3	15	119	20.507673
4	15	121	34.308235
5	15	134	34.275978
6	15	174	18.069225
7	15	0	7.180489
8	15	23	1.408738
9	15	268	0.113272
10	15	49	0
11	15	4	0
12	15	5	0
13	15	9	0
14	15	8	0
15	15	0	4.736856
16	15	126	14.553641
17	15	234	17.41095
18	15	269	13.117119
19	15	224	8.570095
20	15	258	7.117468
21	15	12	7.460282
22	15	106	14.470259
23	15	107	17.902836
24	15	93	12.179856
25	15	0	3.100416
26	15	2	-12.534506
27	15	14	-19.258558
28	15	18	-23.20196
29	15	35	-23.568762
30	15	36	-1.916691
31	15	185	-4.275404
32	15	100	-6.842042
33	15	146	-6.994788
34	15	34	-0.835362
35	15	270	5.793898
36	15	116	3.808588
37	15	188	0.900429
38	15	192	3.103369
39	15	188	7.625844
40	15	102	9.600126
41	15	187	6.399934
42	15	208	2.095218
43	15	230	0
44	15	187	2.919825
45	15	187	12.844347
46	15	187	25.482082
47	15	102	35.639221
48	15	187	43.68454
49	15	187	52.668591
50	15	244	66.362206
51	15	131	88.940346
52	15	19	118.204971
53	15	210	161.073914
54	15	239	213.307098
55	15	240	258.426392
56	15	209	240.969574
57	15	210	224.049698
58	15	249	174.419998
59	15	102	180.175903
60	15	191	179.655823
61	15	231	174.996887
62	15	232	165.970352
63	15	233	151.955658
64	15	192	134.989136
65	15	116	129.216049
66	15	188	115.048065
67	15	57	117.131927
68	15	94	128.520142
69	15	130	136.322891
70	15	20	141.262756
71	15	79	143.70369
72	15	21	139.399384
73	15	22	131.539551
74	15	2	129.108856
75	15	2	124.824974
76	15	0	136.977509
77	15	68	145.481247
78	15	62	134.184357
79	15	126	115.104965
80	15	271	88.43148
81	15	62	68.367775
82	15	2	56.027603
83	15	1	48.692886
84	15	1	27.291632
85	15	126	5.098906
86	15	93	0
87	15	68	-0.455274
88	15	62	-3.163512
89	15	1	-4.287027
90	15	3	-4.411747
91	15	2	-1.975988
92	15	0	-0.493832
93	15	3	-1.174312
94	15	31	-1.151776
95	15	21	-0.209849
96	15	272	0
97	15	114	0
98	15	14	0
99	15	273	0.902313
100	15	274	6.614864
101	15	80	13.830096
102	15	115	16.270933
103	15	117	15.981005
104	15	113	14.690904
105	15	275	9.868402
106	15	276	2.422123
107	15	277	0
108	15	2	0
109	15	2	3.483462
110	15	0	11.726776
111	15	1	30.900839
112	15	1	40.783405
113	15	2	63.893887
114	15	1	42.545193
115	15	3	25.061152
116	15	1	38.179626
117	15	0	48
118	15	0	42.962189
119	15	2	28.628971
120	15	3	3.828673
121	15	1	-0.604509
122	15	1	-2.023275
123	15	153	3.708408
124	15	216	10.19909
125	15	196	10.318975
126	15	175	1.83643
127	15	174	1.298601
128	15	3	0
0	16	2	0
1	16	0	0.013392
2	16	153	2.594777
3	16	154	16.476921
4	16	173	37.667454
5	16	174	38.326088
6	16	68	27.918463
7	16	91	16.143797
8	16	106	10.004709
9	16	218	1.691399
10	16	47	0.198088
11	16	5	0
12	16	81	0
13	16	25	0
14	16	8	0
15	16	7	3.281316
16	16	86	11.094929
17	16	93	14.202121
18	16	3	8.927115
19	16	126	3.828995
20	16	258	3.348712
21	16	107	1.018246
22	16	93	4.038188
23	16	3	6.762963
24	16	3	4.835894
25	16	1	-0.534593
26	16	31	-6.232738
27	16	111	-12.319328
28	16	97	-17.191813
29	16	278	-16.724489
30	16	279	-0.318601
31	16	165	-0.191962
32	16	280	-0.391761
33	16	111	2.619302
34	16	112	11.907598
35	16	44	14.532318
36	16	78	8.121234
37	16	57	1.680035
38	16	56	0.971577
39	16	102	4.879342
40	16	208	8.564727
41	16	251	7.540249
42	16	281	3.354941
43	16	230	1.192466
44	16	102	5.23106
45	16	102	15.950922
46	16	208	31.181501
47	16	230	42.351013
48	16	282	52.577637
49	16	283	62.063042
50	16	33	75.397629
51	16	284	99.023964
52	16	249	137.435104
53	16	191	187.965103
54	16	231	200.718948
55	16	232	249.472336
56	16	250	257.186249
57	16	230	216.027679
58	16	192	179.577393
59	16	188	190.208969
60	16	192	197.185989
61	16	285	187.122711
62	16	249	177.193985
63	16	57	150.332352
64	16	44	138.222855
65	16	190	136.075577
66	16	117	111.550484
67	16	14	110.124802
68	16	40	128.352066
69	16	39	152.055206
70	16	18	166.897018
71	16	163	167.444839
72	16	80	160.987366
73	16	1	153.110214
74	16	2	145.790298
75	16	2	123.378441
76	16	126	129.333435
77	16	271	143.805679
78	16	62	139.016876
79	16	126	110.141602
80	16	286	82.147133
81	16	10	64.999718
82	16	247	53.171196
83	16	13	36.264927
84	16	247	16.311878
85	16	62	-0.201503
86	16	217	-2.190214
87	16	49	-3.326276
88	16	3	-4.9843
89	16	68	-10.954898
90	16	62	-12.392874
91	16	3	-9.488299
92	16	2	-7.226073
93	16	14	-5.623926
94	16	287	-3.717439
95	16	288	-1.174533
96	16	289	0.235554
97	16	287	2.646403
98	16	290	4.983835
99	16	169	6.079965
100	16	14	10.078235
101	16	50	16.23061
102	16	50	19.35907
103	16	291	18.160286
104	16	292	17.44516
105	16	293	11.474105
106	16	294	1.465182
107	16	1	0
108	16	2	0
109	16	0	0.54883
110	16	1	3.166272
111	16	1	7.109876
112	16	3	9.005561
113	16	1	17.314468
114	16	3	17.47546
115	16	1	19.826578
116	16	3	24.724314
117	16	1	44.833355
118	16	2	34.936916
119	16	1	10.969872
120	16	1	-2.95168
121	16	3	-10.856034
122	16	119	-14.226973
123	16	121	-10.73195
124	16	134	-1.10425
125	16	135	3.201848
126	16	136	4.745947
127	16	1	3.798096
128	16	3	0
0	17	2	0
1	17	3	0.138198
2	17	134	2.895712
3	17	135	10.908758
4	17	136	27.750628
5	17	126	34.022049
6	17	295	43.290142
7	17	88	31.664238
8	17	296	24.258011
9	17	256	14.39031
10	17	269	1.351992
11	17	25	0.062301
12	17	47	0
13	17	9	0
14	17	26	0
15	17	30	1.521037
16	17	0	8.833149
17	17	1	13.285175
18	17	1	8.049517
19	17	126	2.348927
20	17	93	0.105722
21	17	2	0
22	17	1	0
23	17	2	0
24	17	3	0.619265
25	17	2	1.03404
26	17	101	0.028809
27	17	184	-4.63157
28	17	237	-10.584971
29	17	56	-6.577933
30	17	102	-0.012309
31	17	189	0
32	17	186	0.901599
33	17	41	9.043604
34	17	115	21.206623
35	17	188	23.853704
36	17	57	12.580789
37	17	115	1.83877
38	17	188	0
39	17	244	1.768203
40	17	74	5.611606
41	17	148	6.388017
42	17	281	5.69916
43	17	229	4.608027
44	17	229	9.225722
45	17	251	19.723272
46	17	253	36.045559
47	17	297	55.826618
48	17	206	86.533813
49	17	108	88.291397
50	17	298	86.253326
51	17	102	103.196892
52	17	102	135.548126
53	17	187	176.5047
54	17	231	201.261398
55	17	239	218.7827
56	17	240	212.221039
57	17	299	192.791672
58	17	190	184.670441
59	17	213	180.155136
60	17	300	197.834869
61	17	301	194.343613
62	17	302	152.503281
63	17	78	135.716553
64	17	189	131.041794
65	17	303	129.257767
66	17	19	119.660461
67	17	227	116.721657
68	17	20	149.535141
69	17	241	197.28981
70	17	100	246.631989
71	17	2	219.125641
72	17	68	193.820206
73	17	91	178.133453
74	17	62	165.692169
75	17	2	124.002129
76	17	126	111.635414
77	17	271	113.229431
78	17	91	112.003143
79	17	125	100.351372
80	17	5	86.339012
81	17	27	66.072762
82	17	296	41.877129
83	17	221	20.825356
84	17	12	3.955181
85	17	92	-2.651921
86	17	271	-5.442322
87	17	62	-5.532754
88	17	126	-5.460038
89	17	286	-10.230165
90	17	10	-15.27122
91	17	304	-14.43056
92	17	114	-11.965956
93	17	80	-8.821448
94	17	31	-5.635273
95	17	32	-1.22038
96	17	41	2.47428
97	17	2	7.421111
98	17	2	11.686309
99	17	31	12.523905
100	17	305	14.013422
101	17	274	13.672661
102	17	80	11.64305
103	17	306	9.072254
104	17	307	6.638651
105	17	80	2.963665
106	17	2	0
107	17	2	0
108	17	1	0
109	17	1	0.008924
110	17	2	9.320177
111	17	0	15.001278
112	17	3	10.455833
113	17	0	8.062624
114	17	2	18.090511
115	17	3	26.449505
116	17	3	29.040718
117	17	3	23.860313
118	17	0	16.868828
119	17	3	1.875118
120	17	1	-12.973932
121	17	153	-24.975706
122	17	154	-27.472584
123	17	308	-22.343256
124	17	136	-9.029163
125	17	2	2.987834
126	17	0	7.139896
127	17	2	5.234319
128	17	0	0
0	18	2	0
1	18	134	0.114806
2	18	176	2.116029
3	18	121	8.269945
4	18	7	19.071209
5	18	309	37.353962
6	18	256	49.256229
7	18	221	42.504311
8	18	107	31.707924
9	18	286	15.785893
10	18	309	2.338733
11	18	256	-0.024792
12	18	269	-0.021385
13	18	30	0
14	18	3	0
15	18	1	1.102527
16	18	3	10.971835
17	18	0	17.272348
18	18	1	10.689151
19	18	0	2.185091
20	18	3	0
21	18	0	0
22	18	1	0
23	18	1	0
24	18	42	0.174527
25	18	19	1.450724
26	18	109	1.787365
27	18	77	0.454899
28	18	270	0.476585
29	18	116	-0.027099
30	18	116	0
31	18	310	2.397
32	18	80	5.676937
33	18	44	13.291983
34	18	190	22.402401
35	18	213	20.96175
36	18	165	9.016909
37	18	78	0.117257
38	18	231	0.48255
39	18	264	2.398962
40	18	97	5.157056
41	18	38	6.200198
42	18	210	6.052884
43	18	232	7.423259
44	18	109	10.084849
45	18	95	21.027927
46	18	284	38.391262
47	18	264	75.302452
48	18	16	123.612656
49	18	311	118.373322
50	18	230	101.387657
51	18	102	109.822395
52	18	102	131.207047
53	18	191	155.646378
54	18	102	185.453949
55	18	231	206.323883
56	18	249	208.926025
57	18	57	195.929535
58	18	115	183.015762
59	18	312	168.060852
60	18	167	159.16806
61	18	313	148.322617
62	18	188	131.208206
63	18	192	119.636063
64	18	314	115.986404
65	18	315	119.691299
66	18	52	122.997566
67	18	39	128.411469
68	18	22	154.80336
69	18	3	220.700378
70	18	1	271.058044
71	18	126	260.794525
72	18	258	260.698639
73	18	49	225.145187
74	18	68	189.657532
75	18	91	135.65506
76	18	106	109.953377
77	18	222	100.846352
78	18	223	96.574867
79	18	5	91.478699
80	18	225	78.80098
81	18	257	56.105373
82	18	127	29.62048
83	18	258	8.270382
84	18	49	0
85	18	126	-2.910287
86	18	271	-6.030608
87	18	13	-5.473045
88	18	47	-2.669214
89	18	316	-4.571476
90	18	317	-8.283879
91	18	150	-9.727047
92	18	114	-8.346141
93	18	14	-6.73818
94	18	40	-3.899169
95	18	39	-0.312954
96	18	22	3.300293
97	18	2	9.62494
98	18	2	16.036129
99	18	149	19.541416
100	18	169	18.893026
101	18	2	12.811584
102	18	31	4.030876
103	18	318	1.385224
104	18	114	1.540634
105	18	2	0.020882
106	18	2	0
107	18	2	0
108	18	0	0
109	18	1	0
110	18	2	12.645813
111	18	1	16
112	18	2	13.619434
113	18	3	8
114	18	0	20.3302
115	18	1	32
116	18	0	39.507877
117	18	0	32.544952
118	18	0	17.537346
119	18	2	-5.41085
120	18	119	-23.563757
121	18	173	-35.418625
122	18	174	-36.424526
123	18	0	-27.01318
124	18	0	-10.479615
125	18	0	2.071411
126	18	1	5.390073
127	18	1	4.258615
128	18	0	0
0	19	153	0
1	19	196	0.016694
2	19	176	-1.322732
3	19	121	2.312589
4	19	224	13.488976
5	19	127	28.963497
6	19	127	43.984047
7	19	286	40.262821
8	19	309	26.877771
9	19	257	13.726869
10	19	127	-0.993591
11	19	93	-3.850873
12	19	3	-2.897441
13	19	1	-0.435886
14	19	2	0
15	19	1	3.695481
16	19	0	16.092743
17	19	0	24.252666
18	19	0	16.36331
19	19	3	2.853551
20	19	2	0
21	19	3	0
22	19	0	0
23	19	94	0
24	19	54	-0.00193
25	19	21	-0.086482
26	19	162	0.907659
27	19	17	0.970837
28	19	44	0.280023
29	19	165	0
30	19	45	1.407261
31	19	3	8.087993
32	19	115	14.343159
33	19	117	18.572599
34	19	115	18.999958
35	19	188	12.795485
36	19	102	2.756312
37	19	191	0.299315
38	19	231	4.440259
39	19	319	10.178815
40	19	52	13.838929
41	19	233	10.207541
42	19	320	7.011888
43	19	21	4.449457
44	19	40	6.090369
45	19	233	18.172733
46	19	231	40.48159
47	19	266	70.940094
48	19	321	102.122536
49	19	250	119.626625
50	19	230	120.124939
51	19	191	122.669846
52	19	187	133.357986
53	19	191	151.790298
54	19	187	179.17218
55	19	191	204.913361
56	19	189	213.48671
57	19	45	197.291473
58	19	56	170.873535
59	19	322	157.101639
60	19	323	151.604553
61	19	56	141.661804
62	19	57	119.688843
63	19	42	108.358711
64	19	324	111.006226
65	19	38	123.6371
66	19	20	141.256332
67	19	80	138.082245
68	19	2	146.676224
69	19	2	203.988281
70	19	2	271.830353
71	19	126	279.310974
72	19	271	280.496246
73	19	106	235.227814
74	19	107	197.311279
75	19	127	145.685928
76	19	87	113.471397
77	19	225	99.992935
78	19	256	94.022522
79	19	221	84.720215
80	19	12	69.823753
81	19	62	50.736401
82	19	246	27.242889
83	19	325	6.898812
84	19	7	0
85	19	11	-1.124514
86	19	326	-3.095606
87	19	5	-2.701607
88	19	327	-0.573835
89	19	328	-0.279104
90	19	329	-1.560214
91	19	169	-1.430207
92	19	31	-2.030999
93	19	79	-2.201319
94	19	32	-0.511094
95	19	41	0
96	19	2	2.043824
97	19	1	6.820812
98	19	3	10.881157
99	19	3	16.538694
100	19	1	18.49367
101	19	1	13.049532
102	19	149	4.553076
103	19	169	0
104	19	0	0
105	19	1	0
106	19	2	0
107	19	3	0
108	19	0	0
109	19	1	0
110	19	2	3.296474
111	19	3	10.187344
112	19	0	4.72337
113	19	1	2.742907
114	19	3	14.220273
115	19	2	34.395069
116	19	1	39.791916
117	19	3	29.414734
118	19	119	19.413761
119	19	173	-16.027529
120	19	135	-34.274391
121	19	136	-44.210632
122	19	1	-40.772289
123	19	3	-27.592033
124	19	42	-11.529726
125	19	164	2.196343
126	19	22	5.075565
127	19	1	4.215561
128	19	3	0
0	20	134	0
1	20	135	0
2	20	154	-2.845096
3	20	120	-2.876995
4	20	121	4.818279
5	20	1	18.922117
6	20	4	26.506687
7	20	330	15.755154
8	20	93	6.061229
9	20	1	-2.764243
10	20	3	-9.134121
11	20	2	-10.967313
12	20	2	-7.894767
13	20	0	-1.932014
14	20	3	0
15	20	1	4.085327
16	20	2	16.454988
17	20	0	25.949011
18	20	1	17.952265
19	20	2	7.14408
20	20	3	3.798511
21	20	1	0.463755
22	20	2	0
23	20	14	0
24	20	40	0
25	20	109	0
26	20	100	0
27	20	56	0
28	20	187	0
29	20	189	0
30	20	165	2.587319
31	20	45	10.812123
32	20	2	18.689486
33	20	44	19.536697
34	20	78	14.705807
35	20	102	7.435552
36	20	191	0.956608
37	20	208	1.80048
38	20	331	11.775061
39	20	332	22.65909
40	20	240	24.0739
41	20	299	17.74299
42	20	333	7.092328
43	20	239	2.088942
44	20	249	0.395618
45	20	187	15.563733
46	20	102	41.282825
47	20	231	67.699738
48	20	239	103.396301
49	20	249	150.990356
50	20	208	155.020142
51	20	230	140.226944
52	20	102	142.746597
53	20	102	152.023682
54	20	192	176.110474
55	20	116	196.075241
56	20	213	196.952545
57	20	78	185.491226
58	20	187	160.41243
59	20	189	155.226044
60	20	190	154.529877
61	20	117	145.508667
62	20	55	121.092178
63	20	128	104.838577
64	20	79	115.065086
65	20	80	143.473969
66	20	2	169.057114
67	20	0	164.22818
68	20	2	148.572479
69	20	68	171.318497
70	20	91	224.705536
71	20	106	265.28067
72	20	334	262.609161
73	20	12	227.637421
74	20	62	194.525467
75	20	63	146.504578
76	20	257	119.158554
77	20	295	102.646973
78	20	335	91.724174
79	20	295	78.978371
80	20	65	63.644672
81	20	125	51.363468
82	20	9	35.176506
83	20	26	15.781256
84	20	336	3.340045
85	20	223	-2.955828
86	20	5	-3.334442
87	20	337	-1.465636
88	20	338	-0.034542
89	20	6	0
90	20	1	0
91	20	1	0
92	20	2	0
93	20	31	0
94	20	80	0
95	20	113	0
96	20	152	0
97	20	114	1.795189
98	20	113	4.207171
99	20	114	7.67139
100	20	0	9.79704
101	20	1	7.624317
102	20	0	2.491619
103	20	0	0
104	20	3	0
105	20	1	0
106	20	3	0
107	20	2	0
108	20	2	0
109	20	3	0
110	20	0	0
111	20	3	0
112	20	1	0
113	20	2	7.523828
114	20	2	9.45804
115	20	1	13.834701
116	20	119	20.049509
117	20	173	16.638939
118	20	135	6.392492
119	20	136	-24.765675
120	20	3	-40.802849
121	20	3	-45.796238
122	20	0	-42.566849
123	20	94	-29.487631
124	20	315	-13.906806
125	20	339	0.272568
126	20	22	7.019002
127	20	0	6.374246
128	20	153	0
0	21	136	0
1	21	153	0
2	21	196	-3.344251
3	21	174	-8.691401
4	21	1	-7.237775
5	21	23	1.975028
6	21	30	6.35445
7	21	0	1.361178
8	21	3	-9.732928
9	21	2	-18.9505
10	21	3	-21.661757
11	21	0	-20.117617
12	21	2	-13.54493
13	21	3	-5.554261
14	21	3	-0.674985
15	21	1	-3.047685
16	21	2	5.948895
17	21	0	15.254795
18	21	0	15.723169
19	21	1	12.541304
20	21	1	9.744829
21	21	14	3.52242
22	21	287	0
23	21	32	0
24	21	41	0
25	21	0	0
26	21	56	0
27	21	102	0
28	21	102	0
29	21	102	0.000725
30	21	57	2.18194
31	21	2	10.827902
32	21	56	15.726372
33	21	208	14.6456
34	21	229	11.345321
35	21	230	7.030183
36	21	231	0.351323
37	21	249	3.716021
38	21	187	14.643897
39	21	231	25.464777
40	21	249	28.01226
41	21	102	20.533527
42	21	208	11.944229
43	21	230	4.154
44	21	191	2.677207
45	21	191	14.489369
46	21	187	39.367184
47	21	191	70.494209
48	21	102	116.45472
49	21	231	195.74472
50	21	240	189.810303
51	21	229	147.772186
52	21	230	152.140823
53	21	57	157.676468
54	21	44	163.648849
55	21	78	181.014526
56	21	191	176.322769
57	21	192	171.611099
58	21	188	161.379456
59	21	57	164.296783
60	21	2	163.019394
61	21	94	148.831406
62	21	340	127.755531
63	21	22	113.140076
64	21	3	127.649422
65	21	0	166.129684
66	21	1	211.298508
67	21	68	204.002579
68	21	106	173.901505
69	21	222	157.040558
70	21	88	194.920914
71	21	335	230.473267
72	21	295	218.634018
73	21	85	189.61853
74	21	341	162.519592
75	21	325	148.764359
76	21	4	130.730835
77	21	6	104.524933
78	21	4	84.799522
79	21	48	70.044121
80	21	245	57.857899
81	21	269	54.88184
82	21	25	43.233452
83	21	47	24.135296
84	21	5	7.375066
85	21	5	-2.571299
86	21	5	-6.389244
87	21	5	-4.263731
88	21	9	-1.783533
89	21	10	-1.23904
90	21	304	0
91	21	114	0
92	21	0	0
93	21	113	0
94	21	151	0
95	21	342	0
96	21	172	0
97	21	151	0
98	21	169	0
99	21	14	0.192369
100	21	22	1.859495
101	21	2	1.606244
102	21	0	0
103	21	14	0
104	21	22	0
105	21	0	0
106	21	3	0
107	21	1	0
108	21	3	0
109	21	3	0
110	21	0	0
111	21	1	0
112	21	0	8
113	21	119	8
114	21	120	13.145403
115	21	173	13.774195
116	21	135	7.883461
117	21	136	2.323198
118	21	0	-5.664498
119	21	2	-28.524273
120	21	0	-37.256367
121	21	2	-42.975311
122	21	14	-38.477043
123	21	15	-30.861456
124	21	206	-19.097137
125	21	237	-0.907573
126	21	0	11.428181
127	21	2	9.946794
128	21	1	0
0	22	2	0
1	22	153	-0.055006
2	22	136	-6.094567
3	22	0	-18.735279
4	22	0	-23.355179
5	22	3	-15.826982
6	22	3	-9.916224
7	22	44	-14.933861
8	22	45	-27.660839
9	22	3	-34.706577
10	22	0	-32.543392
11	22	44	-24.200615
12	22	45	-20.272797
13	22	3	-13.128489
14	22	3	-10.118345
15	22	1	-10.088453
16	22	0	-6.02178
17	22	3	3.540328
18	22	1	12.124489
19	22	0	15.26808
20	22	31	12.803999
21	22	80	4.799811
22	22	31	0
23	22	21	0.394318
24	22	22	1.343706
25	22	115	0.804175
26	22	188	0
27	22	102	0
28	22	192	0.040437
29	22	117	0.157883
30	22	2	3.559457
31	22	56	9.915701
32	22	231	11.394537
33	22	232	10.695626
34	22	233	9.874447
35	22	191	7.081187
36	22	191	2.37804
37	22	192	3.620284
38	22	188	9.615135
39	22	192	17.743237
40	22	188	19.633663
41	22	231	17.871367
42	22	240	15.048809
43	22	230	10.261543
44	22	191	10.479195
45	22	187	16.24188
46	22	191	34.246803
47	22	192	67.674713
48	22	188	129.876694
49	22	231	203.615341
50	22	239	178.117371
51	22	249	139.765472
52	22	189	142.168503
53	22	78	153.403656
54	22	187	158.976654
55	22	187	155.13797
56	22	189	163.148178
57	22	190	173.248627
58	22	117	178.374527
59	22	1	175.80983
60	22	1	166.223236
61	22	31	146.745636
62	22	80	128.422302
63	22	0	122.563301
64	22	1	137.755615
65	22	7	166.328217
66	22	11	218.540787
67	22	259	214.925003
68	22	326	186.58252
69	22	5	156.907318
70	22	9	165.32283
71	22	47	175.713074
72	22	5	163.655533
73	22	5	152.185181
74	22	9	148.593246
75	22	47	152.830505
76	22	9	137.047714
77	22	309	102.269241
78	22	221	76.021317
79	22	222	63.280949
80	22	85	58.006104
81	22	47	53.978779
82	22	5	43.52824
83	22	5	27.497206
84	22	5	13.31046
85	22	343	1.94059
86	22	344	-4.747459
87	22	5	-4.727684
88	22	5	-3.525031
89	22	345	-2.286591
90	22	150	-0.569119
91	22	152	0
92	22	151	0
93	22	169	0
94	22	149	0
95	22	342	0
96	22	133	0
97	22	3	0
98	22	346	0
99	22	347	0
100	22	22	0
101	22	14	0
102	22	287	0
103	22	80	0
104	22	2	0
105	22	1	0
106	22	2	0
107	22	1	0
108	22	0	0
109	22	3	0
110	22	1	0
111	22	119	0
112	22	308	0
113	22	196	0
114	22	197	0
115	22	174	0
116	22	1	-0.716225
117	22	0	-1.854537
118	22	3	-10.113502
119	22	1	-18.858465
120	22	42	-21.407675
121	22	163	-28.950762
122	22	79	-29.749304
123	22	241	-25.734386
124	22	100	-17.261772
125	22	2	-0.544429
126	22	1	12.066511
127	22	0	10.700401
128	22	3	0
0	23	1	0
1	23	1	-1.289267
2	23	1	-9.910035
3	23	0	-24.732452
4	23	0	-29.259953
5	23	44	-22.153801
6	23	78	-17.89076
7	23	189	-27.741461
8	23	45	-39.522625
9	23	3	-41.363098
10	23	115	-29.750368
11	23	213	-20.523689
12	23	45	-19.195251
13	23	2	-19.913294
14	23	3	-15.055181
15	23	0	-12.745875
16	23	1	-6.7937
17	23	2	4.902247
18	23	3	18.37413
19	23	3	19.233774
20	23	3	10.276639
21	23	14	2.72413
22	23	40	0.232183
23	23	41	3.018886
24	23	44	6.856264
25	23	78	6.877162
26	23	192	2.580456
27	23	117	0.003116
28	23	14	0.6881
29	23	22	2.964972
30	23	56	6.792348
31	23	187	10.116992
32	23	231	9.469689
33	23	249	9.634458
34	23	191	9.987927
35	23	192	7.782423
36	23	117	2.570254
37	23	115	1.030451
38	23	117	3.557867
39	23	56	6.909107
40	23	102	8.359969
41	23	231	12.377866
42	23	249	15.64537
43	23	102	15.645435
44	23	102	18.867928
45	23	192	23.086842
46	23	117	27.103413
47	23	115	56.471893
48	23	116	106.341789
49	23	188	147.33667
50	23	191	130.977203
51	23	208	119.96241
52	23	230	122.572365
53	23	192	141.45488
54	23	116	153.201859
55	23	188	150.215378
56	23	57	163.320557
57	23	2	194.852997
58	23	0	210.674225
59	23	0	186.675385
60	23	2	152.477951
61	23	7	132.044861
62	23	8	122.603165
63	23	68	122.86895
64	23	66	134.371826
65	23	255	147.347794
66	23	88	181.858749
67	23	223	187.336716
68	23	5	174.711426
69	23	5	150.04686
70	23	5	147.047623
71	23	5	148.799103
72	23	5	145.029694
73	23	81	136.374725
74	23	46	142.882828
75	23	24	140.681793
76	23	48	115.736191
77	23	107	88.452179
78	23	87	67.243309
79	23	5	62.164989
80	23	5	58.694019
81	23	5	51.127087
82	23	5	39.316769
83	23	343	26.338198
84	23	348	18.589201
85	23	349	7.685193
86	23	344	0.499946
87	23	5	-2.099972
88	23	9	-2.710245
89	23	329	-1.908674
90	23	195	-0.365606
91	23	169	0
92	23	0	0
93	23	3	0
94	23	149	0
95	23	169	0
96	23	2	0
97	23	149	0
98	23	350	0
99	23	41	0
100	23	31	0
101	23	21	0
102	23	22	0
103	23	2	0
104	23	1	0
105	23	0	0
106	23	3	0
107	23	2	0
108	23	2	45
109	23	2	0
110	23	153	0
111	23	154	0
112	23	173	0
113	23	198	0
114	23	176	0
115	23	121	0.53759
116	23	3	3.832566
117	23	2	-1.88529
118	23	0	-2.52403
119	23	94	-4.372677
120	23	100	-4.855531
121	23	3	-12.651557
122	23	2	-18.970572
123	23	1	-18.991322
124	23	42	-12.368959
125	23	43	2.233171
126	23	0	12.394815
127	23	42	9.514919
128	23	35	0
0	24	43	0
1	24	3	-2.914953
2	24	3	-12.75148
3	24	2	-21.227201
4	24	115	-19.783072
5	24	116	-11.6888
6	24	116	-13.604086
7	24	117	-27.327251
8	24	1	-42.945011
9	24	44	-40.115509
10	24	190	-25.073196
11	24	117	-13.528673
12	24	0	-13.116517
13	24	3	-14.861222
14	24	0	-10.029368
15	24	3	-4.52549
16	24	1	5.511378
17	24	0	20.505358
18	24	1	26.289703
19	24	0	21.337194
20	24	31	11.154676
21	24	79	1.635144
22	24	80	0.6861
23	24	351	5.434544
24	24	352	13.133485
25	24	117	13.784032
26	24	14	7.162455
27	24	40	0.854182
28	24	41	1.711868
29	24	115	15.441799
30	24	188	24.181034
31	24	191	19.166288
32	24	102	11.150908
33	24	102	9.918403
34	24	57	16.076773
35	24	14	14.597095
36	24	22	3.252272
37	24	44	0.526166
38	24	78	0.035153
39	24	192	0
40	24	188	1.406414
41	24	187	4.839502
42	24	192	11.955002
43	24	188	17.659029
44	24	57	22.998568
45	24	44	26.474129
46	24	45	28.101479
47	24	44	41.166206
48	24	78	64.943893
49	24	187	78.665977
50	24	231	88.188896
51	24	249	92.467979
52	24	57	98.712418
53	24	2	115.502327
54	24	115	133.965607
55	24	117	136.600922
56	24	3	167.087845
57	24	3	210.562759
58	24	2	222.55896
59	24	0	191.076355
60	24	23	134.802551
61	24	25	117.207672
62	24	341	116.355003
63	24	88	119.420242
64	24	223	123.678902
65	24	5	128.307938
66	24	5	144.239166
67	24	5	150.927261
68	24	5	150.238693
69	24	343	137.653732
70	24	344	124.924438
71	24	5	114.681709
72	24	9	123.57296
73	24	8	132.899979
74	24	4	130.307632
75	24	27	113.696152
76	24	85	89.150345
77	24	47	70.509109
78	24	5	64
79	24	5	62.31382
80	24	5	56.753204
81	24	343	44.675995
82	24	348	33.028782
83	24	348	24.664394
84	24	349	20.085793
85	24	349	11.424949
86	24	344	3.87273
87	24	5	-0.444559
88	24	9	-0.962511
89	24	8	-0.545074
90	24	1	0
91	24	3	0
92	24	3	0
93	24	1	0
94	24	44	0
95	24	45	0
96	24	3	0
97	24	31	0
98	24	353	0
99	24	354	0
100	24	287	0
101	24	80	0
102	24	0	0
103	24	3	0
104	24	2	0
105	24	3	0
106	24	2	0
107	24	0	45
108	24	2	90
109	24	119	45
110	24	173	0
111	24	135	0
112	24	216	0
113	24	196	0
114	24	174	0
115	24	0	3.647969
116	24	2	17.749897
117	24	2	21.712204
118	24	1	11.912621
119	24	0	15.200446
120	24	1	9.504651
121	24	0	0.147114
122	24	3	-8.885204
123	24	94	-10.673266
124	24	77	-4.553274
125	24	164	9.466702
126	24	162	14.341079
127	24	53	11.2254
128	24	100	0
0	25	2	0
1	25	2	-9.487874
2	25	3	-20.850756
3	25	0	-22.089626
4	25	1	-12.073011
5	25	1	-2.605085
6	25	1	-7.704702
7	25	1	-30.180082
8	25	115	-44.791142
9	25	117	-44.436428
10	25	1	-30.837923
11	25	3	-15.459476
12	25	0	-6.39148
13	25	3	-5.915628
14	25	2	-1.057507
15	25	3	9.485736
16	25	1	23.316322
17	25	1	38.341618
18	25	1	37.798405
19	25	2	27.286982
20	25	14	14.227498
21	25	18	4.651855
22	25	99	1.356946
23	25	355	5.182362
24	25	164	14.020119
25	25	40	16.822599
26	25	20	8.433053
27	25	80	3.427508
28	25	3	9.870501
29	25	115	29.951797
30	25	188	30.985731
31	25	191	25.833233
32	25	192	21.288376
33	25	117	23.798048
34	25	101	31.014397
35	25	207	28.364069
36	25	190	17.163763
37	25	116	3.597156
38	25	213	0.484444
39	25	78	0.015436
40	25	192	0
41	25	117	1.869152
42	25	115	7.784774
43	25	213	13.643578
44	25	190	20.348225
45	25	213	26.706434
46	25	78	30.980257
47	25	187	35.643513
48	25	192	44.258423
49	25	116	51.328987
50	25	116	62.044689
51	25	117	70.592636
52	25	14	79.461273
53	25	22	94.032906
54	25	1	108.627342
55	25	2	109.298256
56	25	1	138.743317
57	25	7	179.068527
58	25	247	196.96109
59	25	91	167.608688
60	25	66	125.766312
61	25	64	117.354073
62	25	5	112.723671
63	25	5	117.301048
64	25	5	114.697876
65	25	5	112.835159
66	25	5	121.696266
67	25	343	128.982544
68	25	348	132.837372
69	25	349	130.119568
70	25	344	115.662544
71	25	5	103.45594
72	25	9	109.921234
73	25	26	121.832031
74	25	356	116.421875
75	25	269	96.380722
76	25	24	70.936012
77	25	5	64
78	25	5	64
79	25	343	58.564671
80	25	348	47.38665
81	25	348	35.621902
82	25	348	26.500191
83	25	349	23.669003
84	25	349	20.177206
85	25	349	11.778105
86	25	344	4.104242
87	25	5	0
88	25	9	0
89	25	8	0
90	25	3	0
91	25	2	0
92	25	44	0
93	25	190	0
94	25	117	45
95	25	3	0
96	25	357	0
97	25	358	0
98	25	359	0
99	25	360	0
100	25	361	0
101	25	1	0
102	25	3	0
103	25	2	0
104	25	2	0
105	25	0	0
106	25	1	45
107	25	2	90
108	25	134	135
109	25	135	90
110	25	136	45
111	25	119	0
112	25	308	0
113	25	136	0
114	25	2	0
115	25	0	1.538895
116	25	0	20.10585
117	25	0	25.795021
118	25	0	30.14189
119	25	2	45.593155
120	25	2	39.887325
121	25	0	15.229978
122	25	1	0.205886
123	25	146	-1.554346
124	25	98	3.935469
125	25	111	12.752461
126	25	112	18.576687
127	25	3	14.081569
128	25	2	0
0	26	1	0
1	26	0	-12.778788
2	26	1	-24.216822
3	26	0	-22.049866
4	26	2	-8.980002
5	26	3	-1.923975
6	26	2	-13.814113
7	26	0	-39.305458
8	26	1	-54.159878
9	26	0	-50.98428
10	26	14	-40.908943
11	26	22	-25.374598
12	26	3	-8.88274
13	26	2	-0.371811
14	26	2	5.048858
15	26	1	18.193129
16	26	0	36.60281
17	26	2	50.054676
18	26	2	48.165901
19	26	31	33.643948
20	26	111	18.35372
21	26	97	7.423507
22	26	278	2.64585
23	26	54	4.083711
24	26	32	14.191465
25	26	39	24.904633
26	26	22	28.926449
27	26	44	16.768997
28	26	45	18.581812
29	26	115	33.408154
30	26	188	34.592896
31	26	189	35.695786
32	26	45	35.884438
33	26	31	44.294033
34	26	362	51.936047
35	26	213	46.225559
36	26	45	29.661055
37	26	115	10.397117
38	26	116	3.559883
39	26	117	0.823255
40	26	44	0
41	26	165	0.073841
42	26	78	3.83509
43	26	57	5.209051
44	26	115	12.450553
45	26	188	23.845434
46	26	192	33.378826
47	26	213	37.597462
48	26	165	43.640659
49	26	45	49.887959
50	26	1	55.298717
51	26	51	62.318226
52	26	339	73.222282
53	26	18	85.878685
54	26	43	94.105476
55	26	1	88.98436
56	26	23	97.43631
57	26	224	123.110542
58	26	127	139.834625
59	26	258	135.343994
60	26	326	129.450882
61	26	5	122.255516
62	26	5	116.969582
63	26	5	119.167389
64	26	5	116.399879
65	26	343	113.237007
66	26	348	117.517937
67	26	348	121.715584
68	26	349	120.519966
69	26	349	120.839973
70	26	344	108.595772
71	26	5	93.337662
72	26	6	88.497589
73	26	246	89.330963
74	26	85	89.734261
75	26	47	76.467514
76	26	5	66.738861
77	26	343	56.131168
78	26	348	52.662762
79	26	348	44.915836
80	26	348	35.019905
81	26	348	26.184679
82	26	349	24
83	26	349	23.042141
84	26	349	19.269865
85	26	349	10.295688
86	26	344	3.227361
87	26	5	0
88	26	6	0
89	26	1	0
90	26	3	0
91	26	56	0
92	26	189	0
93	26	45	45
94	26	1	90
95	26	363	45
96	26	364	0
97	26	227	0
98	26	365	0
99	26	366	0
100	26	361	0
101	26	1	0
102	26	1	0
103	26	1	0
104	26	1	0
105	26	0	45
106	26	2	90
107	26	153	135
108	26	154	180
109	26	121	135
110	26	153	90
111	26	136	45
112	26	0	0
113	26	3	0
114	26	0	0
115	26	2	0
116	26	1	9.31672
117	26	0	16.643332
118	26	3	41.319954
119	26	1	56
120	26	2	58.640732
121	26	1	32.355991
122	26	31	7.610734
123	26	21	0.008343
124	26	40	4.34279
125	26	41	11.691206
126	26	0	17.909561
127	26	0	13.393495
128	26	1	0
0	27	42	0
1	27	43	-7.051704
2	27	44	-13.611242
3	27	165	-12.124935
4	27	45	-4.433068
5	27	2	-1.373918
6	27	44	-19.1096
7	27	45	-50.297028
8	27	3	-63.78458
9	27	101	-61.85532
10	27	39	-50.087353
11	27	22	-32.098454
12	27	2	-12.492226
13	27	1	1.266623
14	27	1	8.976208
15	27	1	24.290106
16	27	1	46.650459
17	27	1	59.233803
18	27	14	53.925407
19	27	260	41.8307
20	27	129	23.319775
21	27	21	9.906023
22	27	50	3.150823
23	27	287	3.688705
24	27	79	16.029087
25	27	80	31.939619
26	27	115	39.606197
27	27	213	23.488239
28	27	165	22.473787
29	27	78	37.626892
30	27	192	60.992165
31	27	213	50.75906
32	27	165	48.577087
33	27	165	62.182022
34	27	78	79.996742
35	27	57	66.27977
36	27	3	38.891079
37	27	14	15.823185
38	27	22	16.168837
39	27	56	20.88776
40	27	102	6.399476
41	27	282	0.737516
42	27	254	-1.181856
43	27	14	-3.162862
44	27	367	0.182306
45	27	117	14.723103
46	27	56	29.590502
47	27	191	36.713024
48	27	57	43.232117
49	27	14	50.776722
50	27	15	57.128139
51	27	38	65.863663
52	27	33	76.725189
53	27	112	87.947731
54	27	3	91.937576
55	27	7	83.652649
56	27	8	79.136635
57	27	68	90.610786
58	27	106	102.344521
59	27	326	114.939453
60	27	5	127.669785
61	27	5	127.40641
62	27	5	120.19709
63	27	343	117.324203
64	27	348	114.23465
65	27	348	114.988312
66	27	348	118.099159
67	27	349	116.583855
68	27	349	110.818092
69	27	349	102.198708
70	27	344	89.043159
71	27	9	76.381973
72	27	26	67.595276
73	27	24	61.395367
74	27	5	59.224026
75	27	343	63.69722
76	27	348	57.938946
77	27	348	45.203407
78	27	348	37.09779
79	27	348	30.312895
80	27	348	24.195923
81	27	349	24
82	27	349	24
83	27	349	21.753452
84	27	349	16.675417
85	27	349	7.804583
86	27	344	1.433507
87	27	6	0
88	27	1	0
89	27	0	0
90	27	115	0
91	27	188	0
92	27	189	45
93	27	45	90
94	27	14	135
95	27	40	90
96	27	368	45
97	27	369	0
98	27	370	0
99	27	371	0
100	27	2	0
101	27	3	0
102	27	1	0
103	27	1	0
104	27	2	45
105	27	2	90
106	27	119	135
107	27	173	180
108	27	176	225
109	27	120	180
110	27	121	135
111	27	3	90
112	27	2	45
113	27	1	0
114	27	2	0
115	27	1	0
116	27	1	1.736185
117	27	1	14.206079
118	27	2	35.468578
119	27	0	75.020599
120	27	0	76.17543
121	27	3	39.493786
122	27	101	12.289468
123	27	73	0.631158
124	27	131	1.781654
125	27	43	8.438859
126	27	2	12.173349
127	27	2	10.039725
128	27	94	0
0	28	100	0
1	28	115	-0.001468
2	28	188	-1.508778
3	28	57	-1.010854
4	28	44	0
5	28	78	-1.51714
6	28	57	-19.594856
7	28	14	-54.909298
8	28	40	-70.034782
9	28	20	-68.004646
10	28	80	-54.459431
11	28	14	-33.594597
12	28	22	-12.929473
13	28	1	1.426127
14	28	3	11.429646
15	28	0	27.495831
16	28	2	47.642303
17	28	31	66.387642
18	28	241	63.1586
19	28	100	48.743225
20	28	101	32.095268
21	28	20	19.680973
22	28	21	0.165405
23	28	22	-4.578669
24	28	1	13.800526
25	28	44	23.008991
26	28	190	16.69183
27	28	188	10.121987
28	28	192	9.356226
29	28	117	28.845907
30	28	56	67.133232
31	28	187	71.441254
32	28	191	65.312004
33	28	192	81.57135
34	28	117	84.645844
35	28	14	75.38176
36	28	40	40.725048
37	28	41	23.73502
38	28	56	29.515791
39	28	102	34.637566
40	28	372	29.563942
41	28	340	5.5185
42	28	40	-3.292416
43	28	39	-9.815495
44	28	18	-10.930357
45	28	270	3.163947
46	28	116	17.934965
47	28	117	29.660238
48	28	31	40.167625
49	28	32	50.356594
50	28	20	59.017048
51	28	79	69.068283
52	28	80	77.223778
53	28	2	84.100029
54	28	4	84.076729
55	28	9	79.316185
56	28	11	76.46244
57	28	222	75.284775
58	28	296	79.047722
59	28	64	97.098625
60	28	5	120.210464
61	28	5	124.154945
62	28	373	116.684158
63	28	374	105.648132
64	28	374	103.025253
65	28	374	110.106285
66	28	375	118.426697
67	28	375	115.266632
68	28	375	104.886444
69	28	376	89.433708
70	28	5	68.819794
71	28	6	58.035122
72	28	4	53.059868
73	28	5	49.491478
74	28	373	49.29179
75	28	374	53.622704
76	28	374	48.068966
77	28	374	35.669155
78	28	374	27.37726
79	28	374	24.83419
80	28	375	24
81	28	375	24
82	28	375	22.648853
83	28	375	19.077015
84	28	375	11.276022
85	28	376	4.529685
86	28	9	0
87	28	10	0
88	28	10	0
89	28	8	0
90	28	115	0
91	28	188	45
92	28	57	90
93	28	31	135
94	28	79	180
95	28	377	135
96	28	378	90
97	28	379	45
98	28	1	0
99	28	1	0
100	28	2	0
101	28	3	0
102	28	3	0
103	28	0	45
104	28	3	90
105	28	153	135
106	28	216	180
107	28	196	225
108	28	198	270
109	28	174	225
110	28	2	180
111	28	3	135
112	28	0	90
113	28	0	45
114	28	1	0
115	28	2	0
116	28	1	0.434952
117	28	1	6.825381
118	28	2	25.114794
119	28	0	60.468033
120	28	42	66.682945
121	28	19	55.559311
122	28	20	17.343861
123	28	111	5.175136
124	28	112	2.133876
125	28	3	3.213828
126	28	3	6.036512
127	28	3	4.864661
128	28	3	0
0	29	2	0
1	29	115	0
2	29	213	0
3	29	78	0
4	29	192	0
5	29	117	-2.518813
6	29	101	-21.351629
7	29	118	-57.323559
8	29	41	-73.143135
9	29	3	-70.171165
10	29	31	-54.343201
11	29	80	-30.70039
12	29	1	-10.170985
13	29	2	2.259918
14	29	3	12.327824
15	29	3	28.895214
16	29	0	51.739235
17	29	3	63.483936
18	29	1	59.419506
19	29	31	54.151821
20	29	21	32.820892
21	29	40	28.370087
22	29	39	-17.203665
23	29	22	-27.584337
24	29	115	-19.500679
25	29	117	-9.904141
26	29	115	-13.709354
27	29	117	-27.807095
28	29	44	-18.812197
29	29	190	7.595125
30	29	188	52.491333
31	29	192	67.771049
32	29	213	71.73008
33	29	45	77.309586
34	29	101	70.213074
35	29	118	58.744766
36	29	41	31.614027
37	29	115	26.172344
38	29	116	31.431797
39	29	117	35.609219
40	29	101	27.708212
41	29	184	4.591271
42	29	108	-7.077189
43	29	185	-12.814442
44	29	100	-12.994246
45	29	44	-4.913866
46	29	380	6.480118
47	29	18	16.54196
48	29	19	29.688576
49	29	39	43.483002
50	29	22	56.404869
51	29	1	66.913124
52	29	1	72.208961
53	29	23	73.453743
54	29	46	73.086983
55	29	336	75.272652
56	29	223	75.456886
57	29	48	73.10788
58	29	29	70.155869
59	29	46	88.51812
60	29	24	106.626175
61	29	5	119.36367
62	29	373	109.996452
63	29	374	94.803238
64	29	374	90.628822
65	29	375	101.811356
66	29	375	113.002007
67	29	376	111.612663
68	29	5	103.313408
69	29	225	79.852638
70	29	226	57.880524
71	29	4	47.25771
72	29	5	44.179676
73	29	5	45.886299
74	29	373	47.690506
75	29	374	47.945328
76	29	374	41.33466
77	29	374	29.561304
78	29	374	24.243917
79	29	375	24
80	29	375	23.707474
81	29	375	22.162172
82	29	375	18.076073
83	29	376	11.717224
84	29	5	5.631727
85	29	81	0.8901
86	29	24	0
87	29	5	0
88	29	6	0
89	29	0	0
90	29	56	0
91	29	57	0
92	29	2	45
93	29	1	90
94	29	1	135
95	29	381	90
96	29	382	45
97	29	8	0
98	29	0	0
99	29	0	0
100	29	3	0
101	29	2	0
102	29	2	0
103	29	1	0
104	29	0	45
105	29	2	90
106	29	153	135
107	29	196	180
108	29	174	225
109	29	0	180
110	29	1	135
111	29	0	90
112	29	0	45
113	29	3	0
114	29	1	0
115	29	3	0
116	29	3	0
117	29	3	0.792632
118	29	1	15.128552
119	29	146	46.762676
120	29	98	48.983616
121	29	80	45.792553
122	29	31	17.849461
123	29	80	7.893814
124	29	3	3.379257
125	29	1	1.722969
126	29	1	2.390451
127	29	0	2.285221
128	29	2	0
0	30	14	0
1	30	367	0
2	30	262	0
3	30	383	-0.894485
4	30	50	-6.657412
5	30	287	-13.401498
6	30	79	-35.628288
7	30	21	-64.480766
8	30	50	-76.370422
9	30	22	-70.811378
10	30	0	-51.764641
11	30	1	-23.696033
12	30	1	-5.011874
13	30	0	3.010777
14	30	2	14.657816
15	30	1	35.566212
16	30	2	52.759766
17	30	0	54.440941
18	30	14	45.438976
19	30	260	35.17297
20	30	129	16.644169
21	30	79	-13.204366
22	30	80	-38.006035
23	30	2	-47.999577
24	30	3	-60.149891
25	30	1	-69.121887
26	30	1	-74.170479
27	30	115	-71.180397
28	30	117	-54.7523
29	30	56	-27.32704
30	30	189	8.51595
31	30	78	39.425976
32	30	57	43.977707
33	30	31	38.521862
34	30	32	42.045502
35	30	39	34.099911
36	30	22	19.834078
37	30	2	19.029167
38	30	1	25.901825
39	30	31	28.271946
40	30	147	14.568206
41	30	71	-2.367562
42	30	72	-10.616357
43	30	22	-14.193974
44	30	115	-11.902917
45	30	310	-6.00112
46	30	111	-1.11634
47	30	98	3.818525
48	30	79	13.731911
49	30	80	25.914761
50	30	1	40.8074
51	30	0	56.309135
52	30	2	62.47673
53	30	1	61.213409
54	30	63	61.836926
55	30	256	66.93325
56	30	221	70.290527
57	30	49	68.888123
58	30	7	68.148026
59	30	47	77.861359
60	30	5	94.485794
61	30	5	101.727501
62	30	373	96.512215
63	30	374	84.708229
64	30	375	77.865982
65	30	376	91.107597
66	30	81	107.405518
67	30	356	113.070862
68	30	221	103.716896
69	30	12	85.683922
70	30	66	52.344326
71	30	269	42.504093
72	30	24	42.796375
73	30	5	47.226299
74	30	373	62.16452
75	30	374	62.858494
76	30	374	46.698086
77	30	374	25.595631
78	30	375	14.204351
79	30	375	15.467738
80	30	375	12.336447
81	30	376	9.76008
82	30	5	5.704859
83	30	81	0.652244
84	30	30	-2.533473
85	30	23	-0.392167
86	30	24	0
87	30	9	0
88	30	8	0
89	30	115	0
90	30	117	0
91	30	1	0
92	30	357	0
93	30	384	45
94	30	385	90
95	30	386	45
96	30	30	0
97	30	357	0
98	30	2	0
99	30	1	0
100	30	0	0
101	30	0	0
102	30	1	0
103	30	2	0
104	30	3	0
105	30	1	45
106	30	134	90
107	30	174	135
108	30	0	180
109	30	1	135
110	30	3	90
111	30	3	45
112	30	0	0
113	30	1	0
114	30	2	0
115	30	1	0
116	30	2	0
117	30	0	0.347488
118	30	31	7.444366
119	30	80	34.453564
120	30	2	47.221336
121	30	2	34.027332
122	30	3	16.309984
123	30	3	6.438459
124	30	3	3.101398
125	30	1	0.661456
126	30	3	0.989582
127	30	1	0.93203
128	30	51	0
0	31	339	0
1	31	40	0
2	31	20	0
3	31	79	-6.616749
4	31	80	-22.113867
5	31	0	-35.862972
6	31	101	-63.102818
7	31	20	-74.957138
8	31	21	-81.649574
9	31	22	-72.987885
10	31	2	-51.145283
11	31	0	-19.465807
12	31	2	-1.065259
13	31	1	5.043084
14	31	3	18.897661
15	31	2	36.725052
16	31	1	44.528149
17	31	31	38.613876
18	31	241	20.033098
19	31	100	-3.42721
20	31	2	-26.676037
21	31	3	-47.381287
22	31	1	-56.195747
23	31	0	-71.792427
24	31	2	-92.810921
25	31	2	-111.029602
26	31	1	-113.078339
27	31	1	-104.545998
28	31	115	-87.417244
29	31	116	-62.818882
30	31	387	-37.439274
31	31	254	-13.273741
32	31	14	2.568462
33	31	287	14.850898
34	31	79	23.682695
35	31	21	31.450186
36	31	22	29.179184
37	31	44	20.075211
38	31	165	14.051145
39	31	388	12.098445
40	31	95	5.106343
41	31	284	-1.335483
42	31	211	-9.312839
43	31	45	-14.223212
44	31	1	-14.974238
45	31	101	-13.994511
46	31	41	-13.941834
47	31	14	-12.379303
48	31	22	-3.887063
49	31	1	7.589652
50	31	0	19.557644
51	31	0	35.497261
52	31	3	48.290291
53	31	126	50.067184
54	31	258	50.283649
55	31	107	55.444252
56	31	93	57.798794
57	31	4	58.728268
58	31	81	63.695683
59	31	24	68.435219
60	31	5	74.367058
61	31	5	75.036041
62	31	373	72.249489
63	31	376	65.902328
64	31	5	64.578896
65	31	61	73.499611
66	31	106	96.591782
67	31	107	97.811775
68	31	127	95.442444
69	31	127	83.436874
70	31	93	65.828232
71	31	4	44.510426
72	31	5	47.077129
73	31	5	69.354744
74	31	373	75.042229
75	31	374	65.359947
76	31	374	47.738415
77	31	375	26.752335
78	31	375	6.788397
79	31	376	0.737722
80	31	5	-7.132004
81	31	81	-9.712811
82	31	30	-8.08409
83	31	7	-9.642554
84	31	8	-8.785995
85	31	23	-4.034297
86	31	24	-0.323255
87	31	6	0.098352
88	31	1	0.036012
89	31	2	0
90	31	1	0
91	31	389	0
92	31	390	0
93	31	391	0
94	31	392	45
95	31	384	0
96	31	393	0
97	31	3	0
98	31	3	0
99	31	42	0
100	31	43	0
101	31	3	0
102	31	1	0
103	31	1	0
104	31	2	0
105	31	153	0
106	31	136	45
107	31	1	90
108	31	0	135
109	31	0	90
110	31	2	45
111	31	2	0
112	31	1	0
113	31	1	0
114	31	0	0
115	31	0	0
116	31	3	0
117	31	3	0
118	31	2	2.117243
119	31	1	12.763835
120	31	3	22.298048
121	31	3	20.846251
122	31	0	13.879222
123	31	1	4.883239
124	31	0	1.577519
125	31	3	0
126	31	3	0
127	31	94	0
128	31	315	0
0	32	108	0
1	32	339	0
2	32	22	-5.084257
3	32	0	-26.809168
4	32	0	-45.17152
5	32	101	-56.22821
6	32	41	-72.955826
7	32	31	-86.278267
8	32	394	-89.231041
9	32	45	-77.780304
10	32	0	-53.706932
11	32	3	-20.534285
12	32	3	-0.610599
13	32	0	4.045775
14	32	1	16.209568
15	32	0	26.508942
16	32	0	29.918274
17	32	1	15.037886
18	32	1	-8.309416
19	32	0	-31.399553
20	32	2	-51.435452
21	32	2	-60.178406
22	32	3	-75.729485
23	32	42	-104.015007
24	32	35	-127.581047
25	32	35	-138.856567
26	32	43	-139.486465
27	32	2	-128.703613
28	32	42	-111.643738
29	32	76	-89.043633
30	32	340	-61.677464
31	32	40	-39.179592
32	32	39	-18.874783
33	32	50	4.256293
34	32	287	27.624878
35	32	80	49.474648
36	32	56	58.917336
37	32	191	41.570877
38	32	57	16.880152
39	32	31	12.352002
40	32	362	16.184053
41	32	188	10.914444
42	32	57	-3.760158
43	32	14	-12.372523
44	32	287	-17.644276
45	32	75	-21.389963
46	32	36	-26.5438
47	32	237	-25.610222
48	32	1	-14.288206
49	32	2	-3.090212
50	32	2	3.729014
51	32	2	16.960417
52	32	1	30.648977
53	32	126	40.231106
54	32	93	39.357491
55	32	2	41.710266
56	32	23	45.005177
57	32	25	47.848
58	32	26	52.042439
59	32	24	59.592232
60	32	5	58.931255
61	32	81	53.153946
62	32	24	47.735157
63	32	5	46.818516
64	32	330	48.262886
65	32	127	55.639141
66	32	93	73.475044
67	32	0	84.586288
68	32	7	87.354813
69	32	10	83.563431
70	32	47	72.316795
71	32	5	43.00433
72	32	5	53.247177
73	32	5	77.964249
74	32	373	75.464066
75	32	374	66.139481
76	32	375	47.01107
77	32	376	27.324257
78	32	5	7.450721
79	32	5	-12.011876
80	32	61	-22.80224
81	32	91	-20.170954
82	32	125	-12.18014
83	32	61	-9.499264
84	32	13	-11.115988
85	32	26	-5.369861
86	32	30	0.36718
87	32	3	4.118448
88	32	0	3.683808
89	32	7	1.261869
90	32	395	0
91	32	396	0
92	32	397	0
93	32	370	0
94	32	378	0
95	32	370	0
96	32	0	0
97	32	2	0
98	32	94	0
99	32	340	0
100	32	18	0
101	32	164	0
102	32	22	0
103	32	0	0
104	32	3	0
105	32	3	0
106	32	3	0
107	32	0	45
108	32	0	90
109	32	0	45
110	32	0	0
111	32	2	0
112	32	2	0
113	32	2	0
114	32	1	0
115	32	2	0
116	32	0	0
117	32	0	0
118	32	0	4.7594
119	32	3	13.102991
120	32	1	19.171955
121	32	0	15.976003
122	32	3	8.314904
123	32	3	2.469284
124	32	2	0.750069
125	32	3	0
126	32	42	0
127	32	76	0
128	32	398	0
0	33	128	0
1	33	80	-1.881149
2	33	44	-20.21089
3	33	165	-40.752506
4	33	280	-48.197563
5	33	21	-58.568043
6	33	22	-75.340065
7	33	56	-90.601074
8	33	57	-95.828438
9	33	3	-84.028641
10	33	2	-56.642651
11	33	0	-19.187746
12	33	1	-0.582696
13	33	2	0.512168
14	33	3	6.687258
15	33	3	13.427825
16	33	3	7.030799
17	33	0	-14.477735
18	33	1	-34.693779
19	33	1	-53.328403
20	33	0	-73.237709
21	33	42	-97.100418
22	33	99	-114.826469
23	33	53	-131.423431
24	33	110	-146.915756
25	33	100	-152.75972
26	33	2	-152.201431
27	33	146	-138.900024
28	33	96	-123.084053
29	33	40	-103.472839
30	33	184	-67.776146
31	33	129	-40.285538
32	33	32	-24.547689
33	33	41	-0.605912
34	33	3	29.145718
35	33	115	69.724205
36	33	116	73.102463
37	33	236	49.450008
38	33	43	26.444298
39	33	1	22.192459
40	33	56	23.133621
41	33	189	22.757139
42	33	280	6.465213
43	33	75	-8.346545
44	33	324	-13.135849
45	33	278	-15.491788
46	33	100	-23.260689
47	33	3	-31.323023
48	33	3	-24.154385
49	33	3	-8.954741
50	33	0	-0.1638
51	33	0	3.729556
52	33	3	15.063472
53	33	2	24.744331
54	33	2	31.151623
55	33	0	33.828381
56	33	4	35.723881
57	33	9	37.294106
58	33	47	41.231197
59	33	5	47.512505
60	33	9	49.379684
61	33	47	42.926132
62	33	81	38.420361
63	33	30	37.305908
64	33	0	43.200706
65	33	0	46.697525
66	33	7	61.039616
67	33	26	71.849457
68	33	24	78.271637
69	33	81	79.423882
70	33	46	64.215904
71	33	46	47.8834
72	33	46	52.052486
73	33	24	71.408226
74	33	373	74.086517
75	33	376	64.849434
76	33	5	47.521301
77	33	81	24.953991
78	33	356	-2.947515
79	33	257	-15.142372
80	33	295	-26.848301
81	33	296	-20.814751
82	33	255	-7.23584
83	33	89	-4.694322
84	33	30	-5.363904
85	33	1	-2.218708
86	33	2	4.672895
87	33	7	8.792412
88	33	47	8.306819
89	33	399	3.001886
90	33	371	0
91	33	363	0
92	33	400	0
93	33	401	0
94	33	371	0
95	33	1	0
96	33	2	0
97	33	14	0
98	33	287	0
99	33	111	0
100	33	38	0
101	33	39	0
102	33	22	0
103	33	2	0
104	33	3	0
105	33	2	0
106	33	0	0
107	33	2	0
108	33	1	45
109	33	3	0
110	33	3	0
111	33	2	0
112	33	0	0
113	33	2	0
114	33	3	0
115	33	2	0
116	33	2	0.594944
117	33	1	4.942019
118	33	1	11.749031
119	33	3	16.090885
120	33	2	14.393999
121	33	3	8.206999
122	33	2	4.614403
123	33	1	4.675352
124	33	1	5.612248
125	33	94	4.502984
126	33	100	0.834314
127	33	94	0
128	33	100	0
0	34	44	0
1	34	78	-12.785559
2	34	192	-33.634571
3	34	213	-42.061714
4	34	280	-42.792034
5	34	80	-47.922359
6	34	115	-69.772903
7	34	213	-89.684166
8	34	45	-98.123215
9	34	1	-88.468422
10	34	3	-60.02663
11	34	3	-19.932993
12	34	2	-0.18318
13	34	0	0
14	34	3	-3.177572
15	34	2	-8.937821
16	34	1	-23.664577
17	34	2	-45.925182
18	34	2	-65.834435
19	34	0	-90.126808
20	34	94	-106.193573
21	34	110	-117.031471
22	34	100	-125.173767
23	34	1	-135.904785
24	34	3	-146.852524
25	34	14	-150.962555
26	34	260	-149.816315
27	34	52	-140.261734
28	34	20	-126.282364
29	34	241	-107.088898
30	34	100	-77.914085
31	34	31	-41.882164
32	34	21	-26.925133
33	34	18	-7.654489
34	34	164	23.349047
35	34	50	71.565636
36	34	15	80.176437
37	34	112	50.07074
38	34	3	28.307163
39	34	402	21.790323
40	34	261	22.5298
41	34	403	24
42	34	15	8.97792
43	34	98	-4.009412
44	34	80	-7.593727
45	34	1	-9.947392
46	34	3	-20.18152
47	34	3	-34.116932
48	34	1	-34.285553
49	34	1	-17.798954
50	34	0	-2.843212
51	34	3	0
52	34	1	3.699115
53	34	0	11.668247
54	34	2	17.986553
55	34	23	23.440077
56	34	24	31.280428
57	34	81	44.896889
58	34	46	45.882149
59	34	46	51.127644
60	34	24	47.776081
61	34	6	43.375877
62	34	1	41.825066
63	34	3	41.987595
64	34	7	46.899284
65	34	309	47.287144
66	34	202	47.40081
67	34	66	68.838219
68	34	67	61.164162
69	34	8	62.509617
70	34	1	49.315205
71	34	0	42.838711
72	34	23	47.382248
73	34	46	54.579651
74	34	356	61.02763
75	34	256	63.254459
76	34	67	42.236847
77	34	11	10.261954
78	34	218	-3.352677
79	34	26	-15.015269
80	34	268	-25.228815
81	34	326	-20.090408
82	34	6	-5.987586
83	34	68	-0.365446
84	34	13	0.126946
85	34	10	2.583939
86	34	47	7.035453
87	34	5	11.788206
88	34	6	11.523635
89	34	1	6.601683
90	34	2	1.337083
91	34	363	0
92	34	371	0
93	34	0	0
94	34	1	0
95	34	2	0
96	34	51	0
97	34	70	0
98	34	19	0
99	34	184	0
100	34	129	0
101	34	75	0
102	34	43	0
103	34	3	0
104	34	1	0
105	34	1	0
106	34	3	0
107	34	3	0
108	34	0	0
109	34	2	0
110	34	0	0
111	34	2	0
112	34	1	0
113	34	1	0
114	34	2	0
115	34	1	0
116	34	3	3.410033
117	34	0	8.949609
118	34	1	15.279024
119	34	3	14.235589
120	34	3	7.668211
121	34	1	1.465529
122	34	0	4.356365
123	34	3	9.253439
124	34	2	14.721788
125	34	1	13.953506
126	34	2	7.704536
127	34	2	1.664943
128	34	56	0
0	35	102	0
1	35	189	-24.240173
2	35	190	-35.591526
3	35	117	-40.452797
4	35	3	-34.085819
5	35	0	-30.997845
6	35	115	-56.401817
7	35	117	-90.213486
8	35	1	-98.050789
9	35	1	-88.821831
10	35	0	-63.643147
11	35	1	-26.096792
12	35	3	-0.280121
13	35	2	-2.983325
14	35	3	-13.779731
15	35	3	-22.340025
16	35	1	-49.370914
17	35	0	-70.176636
18	35	3	-89.934898
19	35	2	-106.917366
20	35	1	-115.817352
21	35	1	-118.830261
22	35	1	-117.594612
23	35	1	-120.834076
24	35	31	-128.180588
25	35	111	-134.206055
26	35	98	-134.674103
27	35	80	-128.35173
28	35	0	-118.557449
29	35	3	-105.750732
30	35	1	-87.228477
31	35	31	-53.221905
32	35	111	-25.375139
33	35	38	-7.603602
34	35	20	22.126696
35	35	32	50.535091
36	35	41	63.532715
37	35	0	51.890781
38	35	101	22.766575
39	35	39	14.705167
40	35	260	17.254547
41	35	108	14.431617
42	35	237	0.177262
43	35	42	-7.860167
44	35	43	-15.763641
45	35	0	-19.643082
46	35	3	-23.518341
47	35	1	-36.222252
48	35	68	-38.684242
49	35	62	-23.104637
50	35	3	-5.919353
51	35	0	0
52	35	0	0
53	35	0	1.6745
54	35	7	6.398774
55	35	47	13.471648
56	35	6	29.750135
57	35	7	32.27906
58	35	8	41.435741
59	35	23	46.45739
60	35	25	45.213791
61	35	10	49.587402
62	35	10	49.625584
63	35	47	53.2771
64	35	48	49.266029
65	35	107	49.977886
66	35	258	48.769989
67	35	29	50.623158
68	35	30	41.781757
69	35	2	36.512848
70	35	3	40.855156
71	35	1	37.713612
72	35	1	46.821789
73	35	126	46.9156
74	35	127	43.4506
75	35	234	36.022129
76	35	221	21.132208
77	35	326	4.812101
78	35	9	-1.816844
79	35	11	-11.518008
80	35	404	-21.612444
81	35	405	-19.735571
82	35	341	-9.556911
83	35	223	-0.339535
84	35	81	1.520169
85	35	46	3.241027
86	35	46	5.309924
87	35	25	9.150395
88	35	10	11.323454
89	35	8	7.804504
90	35	1	3.297896
91	35	1	0.358066
92	35	0	0
93	35	2	0
94	35	2	0
95	35	55	0
96	35	53	0
97	35	315	0
98	35	185	0
99	35	100	0
100	35	94	0
101	35	100	0
102	35	2	0
103	35	0	0
104	35	2	0
105	35	2	0
106	35	3	0
107	35	2	0
108	35	2	0
109	35	3	0
110	35	2	0
111	35	1	0
112	35	1	0
113	35	3	0
114	35	0	0
115	35	406	0.073827
116	35	407	3.641527
117	35	3	8.414762
118	35	2	9.888925
119	35	2	7.221019
120	35	0	4.10282
121	35	0	6.107696
122	35	0	8.516006
123	35	3	11.840253
124	35	0	20.189728
125	35	1	21.79472
126	35	2	13.30373
127	35	115	4.347666
128	35	116	0
0	36	116	0
1	36	117	-27.255077
2	36	1	-34.405678
3	36	2	-36.176586
4	36	1	-23.622078
5	36	2	-17.402351
6	36	1	-44.514053
7	36	0	-86.065231
8	36	3	-96.965286
9	36	0	-90.268692
10	36	0	-67.636383
11	36	1	-30.738344
12	36	3	-0.803974
13	36	2	-8.492941
14	36	0	-16.019573
15	36	1	-36.949566
16	36	1	-59.389297
17	36	0	-78.05761
18	36	3	-93.818825
19	36	0	-102.262657
20	36	2	-103.261841
21	36	1	-103.147682
22	36	0	-96.608269
23	36	14	-93.491867
24	36	287	-96.19677
25	36	21	-102.453461
26	36	50	-107.50383
27	36	22	-108.28688
28	36	0	-108.575974
29	36	3	-103.830368
30	36	1	-92.700127
31	36	101	-67.642029
32	36	20	-31.856379
33	36	80	-12.052895
34	36	31	17.854435
35	36	394	46.544243
36	36	45	52.17738
37	36	31	41.182995
38	36	79	16.958832
39	36	147	4.499712
40	36	408	-4.377535
41	36	96	-9.764448
42	36	162	-10.542407
43	36	17	-16.954453
44	36	1	-25.220957
45	36	0	-25.391802
46	36	1	-20.087318
47	36	126	-27.160309
48	36	271	-30.980629
49	36	91	-18.980799
50	36	13	-4.835951
51	36	8	0
52	36	7	0
53	36	47	0
54	36	5	0
55	36	9	9.227378
56	36	26	18.517618
57	36	30	21.227585
58	36	7	30.025129
59	36	26	33.009308
60	36	24	43.699333
61	36	5	45.613102
62	36	225	49.706692
63	36	257	52.03759
64	36	93	55.327415
65	36	217	49.388416
66	36	49	48.347473
67	36	1	44.620274
68	36	3	37.032967
69	36	3	34.048271
70	36	2	32.4771
71	36	1	37.870632
72	36	3	53.343521
73	36	1	54.79726
74	36	126	44.213867
75	36	127	36.010586
76	36	409	21.290648
77	36	356	1.935733
78	36	221	-1.933743
79	36	410	-6.40824
80	36	411	-15.119538
81	36	5	-18.924799
82	36	5	-11.606068
83	36	6	-2.756022
84	36	0	-0.558403
85	36	2	0.056169
86	36	23	1.887039
87	36	46	4.111094
88	36	25	6.642118
89	36	10	6.790123
90	36	8	3.129811
91	36	2	0.462182
92	36	2	0
93	36	42	0
94	36	99	0
95	36	355	0
96	36	76	0
97	36	100	0
98	36	2	0
99	36	0	0
100	36	3	0
101	36	1	0
102	36	2	0
103	36	0	0
104	36	0	0
105	36	3	0
106	36	2	0
107	36	0	0
108	36	1	0
109	36	0	0
110	36	2	0
111	36	3	0
112	36	3	0
113	36	406	0
114	36	412	0
115	36	413	0
116	36	414	1.722745
117	36	407	3.650802
118	36	0	3.484283
119	36	0	1.277845
120	36	3	9.225977
121	36	0	15.955994
122	36	1	14.956381
123	36	0	12.391974
124	36	1	16.464163
125	36	3	18.987705
126	36	3	11.766074
127	36	3	4.255352
128	36	0	0
0	37	0	0
1	37	2	-16.822336
2	37	1	-30.992657
3	37	0	-32.667194
4	37	2	-24.466066
5	37	0	-19.998362
6	37	1	-47.558514
7	37	3	-81.451599
8	37	2	-95.345711
9	37	3	-90.228531
10	37	0	-68.95153
11	37	3	-32.637112
12	37	0	-2.446645
13	37	1	-9.463861
14	37	3	-17.524723
15	37	3	-41.530544
16	37	3	-59.587292
17	37	1	-73.995125
18	37	1	-84.941841
19	37	0	-87.462357
20	37	0	-82.059196
21	37	3	-72.767899
22	37	31	-58.642815
23	37	80	-46.617226
24	37	31	-45.537319
25	37	79	-51.218239
26	37	80	-67.077736
27	37	1	-85.553192
28	37	0	-102.653763
29	37	0	-109.484612
30	37	31	-104.956467
31	37	394	-86.204926
32	37	45	-61.581158
33	37	1	-35.639206
34	37	115	-13.730543
35	37	117	17.875055
36	37	3	34.373756
37	37	3	24.980461
38	37	94	9.381901
39	37	130	-4.625615
40	37	20	-17.798084
41	37	241	-24.48842
42	37	100	-19.862062
43	37	2	-17.390572
44	37	0	-20.021162
45	37	68	-16.0152
46	37	62	-9.322101
47	37	217	-13.820741
48	37	259	-19.32345
49	37	245	-12.777998
50	37	202	-1.984193
51	37	125	0
52	37	5	0
53	37	5	0
54	37	5	0
55	37	9	6.447046
56	37	10	15.898499
57	37	47	16.045557
58	37	6	26.21213
59	37	23	27.997261
60	37	356	35.645607
61	37	257	33.470695
62	37	93	36.923481
63	37	68	34.094456
64	37	92	50.569458
65	37	93	48.040516
66	37	2	51.367603
67	37	2	47.005627
68	37	0	40.165195
69	37	1	39.547844
70	37	2	40.007858
71	37	415	42.425961
72	37	416	57.642227
73	37	3	54.197746
74	37	2	40
75	37	3	36.48793
76	37	126	22.836052
77	37	127	0.256603
78	37	271	-5.645647
79	37	199	-7.756656
80	37	417	-12.937021
81	37	418	-15.09486
82	37	405	-10.474319
83	37	8	-5.35898
84	37	0	-4.341936
85	37	0	-5.040974
86	37	3	-2.722654
87	37	23	0.344469
88	37	46	2.201101
89	37	30	2.255479
90	37	2	1.034854
91	37	0	0
92	37	55	0
93	37	419	0
94	37	53	0
95	37	100	0
96	37	3	0
97	37	3	0
98	37	1	0
99	37	1	0
100	37	0	0
101	37	1	0
102	37	3	0
103	37	0	0
104	37	3	0
105	37	1	0
106	37	3	0
107	37	2	0
108	37	2	0
109	37	1	0
110	37	0	0
111	37	2	0
112	37	420	0
113	37	413	0
114	37	421	0.173789
115	37	422	2.998023
116	37	423	3.232172
117	37	3	0.695042
118	37	1	0
119	37	3	1.060682
120	37	1	10.952178
121	37	0	19.885386
122	37	1	18.93573
123	37	1	15.541919
124	37	3	14.593355
125	37	0	12.241662
126	37	1	10.654258
127	37	3	4.191958
128	37	3	0
0	38	2	0
1	38	1	-4.384135
2	38	0	-21.402542
3	38	1	-31.55793
4	38	1	-30.881851
5	38	3	-29.426956
6	38	3	-45.549755
7	38	0	-73.443848
8	38	3	-92.378029
9	38	1	-89.285248
10	38	3	-68.795914
11	38	2	-30.402323
12	38	3	-4.047266
13	38	1	-5.679751
14	38	3	-17.066608
15	38	3	-35.567863
16	38	0	-52.951942
17	38	3	-62.455116
18	38	2	-66.314713
19	38	1	-59.973576
20	38	1	-43.863037
21	38	2	-27.607164
22	38	3	-4.49647
23	38	14	17.676374
24	38	18	27.581585
25	38	43	13.531821
26	38	42	-18.741381
27	38	164	-73.682503
28	38	50	-104.300011
29	38	22	-114.726479
30	38	115	-112.608398
31	38	117	-101.211769
32	38	3	-88.347878
33	38	1	-62.21273
34	38	3	-37.360271
35	38	3	-26.293882
36	38	3	-4.590045
37	38	0	5.671859
38	38	31	0.841618
39	38	80	-8.376476
40	38	3	-26.639074
41	38	0	-34.165672
42	38	3	-21.335501
43	38	2	-7.518388
44	38	217	-6.857821
45	38	12	-3.084579
46	38	106	-2.60324
47	38	107	-11.609859
48	38	258	-18.736389
49	38	107	-14.428884
50	38	87	-4.333732
51	38	5	-0.699478
52	38	5	0
53	38	5	0
54	38	81	0
55	38	356	0
56	38	256	8
57	38	202	17.711765
58	38	62	29.027523
59	38	126	32.376644
60	38	271	31.141565
61	38	62	25.059059
62	38	126	17.997776
63	38	93	22.266157
64	38	3	29.402813
65	38	1	45.116543
66	38	3	47.054565
67	38	2	42.454689
68	38	3	45.309448
69	38	415	51.204727
70	38	348	41.737247
71	38	349	44.148556
72	38	416	51.787537
73	38	2	46.025352
74	38	2	32
75	38	3	29.24811
76	38	0	19.112026
77	38	126	-2.26526
78	38	93	-7.738625
79	38	363	-10.214416
80	38	378	-11.789751
81	38	424	-10.090487
82	38	25	-6.317998
83	38	8	-4.055077
84	38	0	-5.310118
85	38	1	-6.658176
86	38	2	-3.430686
87	38	1	-0.010392
88	38	1	0
89	38	0	0
90	38	1	0
91	38	94	0
92	38	110	0
93	38	100	0
94	38	1	0
95	38	0	0
96	38	0	0.86393
97	38	2	1.471796
98	38	3	0.580661
99	38	0	0
100	38	2	0
101	38	2	0
102	38	3	0
103	38	1	0
104	38	0	0
105	38	0	0
106	38	2	0
107	38	1	0
108	38	406	0
109	38	414	45
110	38	407	0
111	38	406	0
112	38	412	0
113	38	425	0
114	38	422	3.126114
115	38	423	7.566229
116	38	1	8.07157
117	38	2	3.848748
118	38	3	0
119	38	2	0
120	38	3	5.472146
121	38	2	10.293879
122	38	0	17.374048
123	38	3	19.578228
124	38	1	17.054461
125	38	2	13.736868
126	38	3	11.807304
127	38	0	8.23084
128	38	0	0
0	39	2	0
1	39	2	-1.512225
2	39	0	-15.403278
3	39	3	-32.386684
4	39	1	-40.541046
5	39	3	-43.22123
6	39	3	-56.338326
7	39	1	-72.177109
8	39	3	-91.021538
9	39	0	-91.278831
10	39	2	-70.915527
11	39	1	-34.135399
12	39	3	-5.972538
13	39	3	-0.281401
14	39	3	-7.70301
15	39	0	-21.115286
16	39	1	-37.150684
17	39	1	-39.65514
18	39	1	-31.075104
19	39	3	-7.885067
20	39	3	4.685222
21	39	2	20.627008
22	39	31	34.160637
23	39	241	43.48135
24	39	340	51.178928
25	39	15	21.758446
26	39	38	-28.638929
27	39	20	-77.350929
28	39	80	-107.83532
29	39	44	-117.107246
30	39	45	-114.402725
31	39	2	-111.210838
32	39	3	-104.196556
33	39	1	-84.33976
34	39	1	-61.489925
35	39	0	-48.562759
36	39	14	-27.960421
37	39	22	-4.376097
38	39	3	-0.040138
39	39	3	-7.649722
40	39	2	-25.3727
41	39	2	-35.025051
42	39	2	-22.670465
43	39	126	-4.251492
44	39	127	-0.139029
45	39	258	-0.22279
46	39	218	-5.127909
47	39	341	-14.377116
48	39	85	-21.463142
49	39	26	-19.558174
50	39	24	-13.084823
51	39	5	-8.325691
52	39	5	-4.344262
53	39	6	-1.330593
54	39	126	0
55	39	127	0
56	39	127	0
57	39	93	6.169
58	39	1	18.668463
59	39	217	26.641764
60	39	49	17.570631
61	39	3	17.309052
62	39	2	15.792876
63	39	3	17.301552
64	39	3	20.378498
65	39	1	40.555641
66	39	1	40
67	39	415	41.804371
68	39	348	49.076706
69	39	348	51.358299
70	39	349	47.703201
71	39	349	45.323746
72	39	416	48.159206
73	39	3	34.639359
74	39	0	24.463598
75	39	1	20.276304
76	39	3	2.696154
77	39	2	-1.508784
78	39	1	-3.90653
79	39	363	-7.003201
80	39	400	-9.172459
81	39	426	-8.044461
82	39	6	-2.598922
83	39	0	-0.549973
84	39	3	-2.948574
85	39	2	-5.433247
86	39	7	-5.057115
87	39	10	-1.371242
88	39	8	0
89	39	0	0
90	39	3	0
91	39	1	0
92	39	2	0
93	39	1	0
94	39	1	0
95	39	1	0.871177
96	39	0	4.176007
97	39	0	5.385283
98	39	0	2.872279
99	39	1	0.115775
100	39	2	0
101	39	3	0
102	39	3	0
103	39	1	0
104	39	0	0
105	39	1	0
106	39	3	0
107	39	427	0
108	39	428	45
109	39	423	90
110	39	420	45
111	39	429	0
112	39	420	0
113	39	430	0
114	39	429	3.492006
115	39	2	8.367126
116	39	1	8.940473
117	39	0	7.273739
118	39	0	6.199986
119	39	0	4.882325
120	39	2	0.375198
121	39	0	0.611055
122	39	3	10.066568
123	39	1	18.974602
124	39	3	16.930613
125	39	0	12.598977
126	39	3	12.488609
127	39	1	9.058001
128	39	0	0
0	40	3	0
1	40	1	-0.214668
2	40	2	-6.914789
3	40	2	-27.176319
4	40	3	-46.462696
5	40	3	-56.005562
6	40	2	-70.703758
7	40	1	-79.115517
8	40	3	-90.712334
9	40	0	-91.623749
10	40	1	-74.396622
11	40	3	-45.175304
12	40	2	-10.423726
13	40	0	-1.601653
14	40	2	-2.748087
15	40	0	-3.428711
16	40	2	-8.655976
17	40	1	-6.598778
18	40	3	2.060057
19	40	3	30.025002
20	40	3	31.704491
21	40	3	23.717697
22	40	2	22.27944
23	40	51	20.085266
24	40	52	22.574955
25	40	431	-16.11286
26	40	41	-65.941933
27	40	2	-95.02681
28	40	115	-113.957253
29	40	213	-117.892517
30	40	165	-112.863876
31	40	45	-111.060226
32	40	2	-107.995995
33	40	0	-96.792206
34	40	1	-81.159775
35	40	31	-67.1856
36	40	80	-45.101601
37	40	3	-13.060391
38	40	1	-3.530481
39	40	2	-5.176009
40	40	0	-18.825817
41	40	2	-34.237606
42	40	1	-30.179756
43	40	1	-11.293536
44	40	246	-0.638696
45	40	296	-5.696551
46	40	64	-15.653049
47	40	81	-21.266638
48	40	25	-19.454384
49	40	47	-17.400969
50	40	5	-16.236404
51	40	5	-14.773604
52	40	61	-11.621281
53	40	62	-7.490828
54	40	0	-2.813842
55	40	3	0
56	40	0	0.059767
57	40	3	7.233111
58	40	126	20.256462
59	40	93	23.281591
60	40	2	14.086422
61	40	1	4.500575
62	40	3	7.138493
63	40	1	8.724641
64	40	3	13.905579
65	40	415	37.110107
66	40	348	36.886398
67	40	348	51.274525
68	40	348	59.282646
69	40	349	66.022179
70	40	349	55.283146
71	40	349	55.620258
72	40	416	46.922966
73	40	0	34.649178
74	40	3	25.203745
75	40	3	7.64473
76	40	0	-0.883324
77	40	1	-1.55534
78	40	1	-0.774085
79	40	389	-5.076157
80	40	432	-12.590142
81	40	9	-11.798169
82	40	8	-4.788356
83	40	3	0
84	40	7	-1.707546
85	40	47	-7.757493
86	40	81	-10.251894
87	40	30	-6.296356
88	40	2	-0.643778
89	40	2	0
90	40	1	0
91	40	2	0
92	40	3	0
93	40	3	0
94	40	2	0
95	40	3	2.345286
96	40	3	7.960454
97	40	1	10.037816
98	40	0	4.970965
99	40	1	0.327107
100	40	3	0
101	40	2	0
102	40	0	0
103	40	2	0
104	40	2	0
105	40	2	0
106	40	427	0
107	40	433	45
108	40	423	90
109	40	2	135
110	40	3	90
111	40	3	45
112	40	0	0
113	40	2	0
114	40	3	0.987223
115	40	3	4.113772
116	40	2	4.847113
117	40	3	10.401511
118	40	2	17.523804
119	40	1	14.321637
120	40	0	4.438023
121	40	0	0.559816
122	40	0	5.92842
123	40	2	12.489406
124	40	1	9.44126
125	40	2	4.563344
126	40	1	5.958677
127	40	1	4.266423
128	40	1	0
0	41	1	0
1	41	0	0
2	41	2	-1.740419
3	41	3	-13.205828
4	41	1	-38.642357
5	41	2	-54.690689
6	41	2	-65.686142
7	41	1	-79.62606
8	41	3	-90.516266
9	41	3	-93.028267
10	41	3	-82.016739
11	41	2	-61.944363
12	41	2	-38.705677
13	41	3	-22.522238
14	41	1	-12.001777
15	41	1	-3.055053
16	41	2	0
17	41	1	5.034453
18	41	3	16.602207
19	41	0	34.030739
20	41	1	17.873922
21	41	3	-8.158921
22	41	146	-23.897545
23	41	206	-30.947817
24	41	129	-43.540085
25	41	75	-70.8946
26	41	43	-89.874207
27	41	0	-105.635963
28	41	56	-115.148453
29	41	102	-114.678513
30	41	57	-104.765457
31	41	0	-101.122467
32	41	0	-103.669792
33	41	3	-100.704842
34	41	2	-93.462708
35	41	3	-79.501221
36	41	2	-59.365265
37	41	3	-28.301929
38	41	3	-17.610098
39	41	3	-13.690233
40	41	0	-22.963516
41	41	1	-39.098713
42	41	68	-42.087479
43	41	125	-22.868765
44	41	330	-5.346122
45	41	87	-13.524641
46	41	6	-28.424932
47	41	4	-27.589636
48	41	5	-15.099847
49	41	5	-7.91671
50	41	81	-9.422967
51	41	224	-11.897068
52	41	93	-13.991157
53	41	2	-12.353714
54	41	1	-7.814779
55	41	2	-3.190857
56	41	3	-0.337069
57	41	1	6.734029
58	41	3	14.710255
59	41	0	16.726198
60	41	1	8.371902
61	41	3	1.485617
62	41	3	8
63	41	415	8.014892
64	41	348	9.889375
65	41	348	19.025938
66	41	348	52.465496
67	41	348	54.310913
68	41	349	64.976044
69	41	349	66.198181
70	41	349	75.255882
71	41	349	71.61367
72	41	416	40.736115
73	41	0	28.527271
74	41	2	23.064045
75	41	2	7.349658
76	41	1	-2.373142
77	41	0	-4.558842
78	41	23	-4.509168
79	41	46	-10.522407
80	41	24	-17.079981
81	41	9	-15.527866
82	41	10	-6.350679
83	41	47	0
84	41	81	-2.783148
85	41	30	-9.668371
86	41	1	-13.771177
87	41	0	-7.860277
88	41	2	-1.048927
89	41	0	0
90	41	3	0
91	41	3	0
92	41	3	0
93	41	3	0
94	41	3	0
95	41	3	3.046249
96	41	1	8.770012
97	41	0	9.877726
98	41	1	5.012833
99	41	3	0
100	41	0	0
101	41	1	0
102	41	3	0
103	41	2	0
104	41	1	0
105	41	420	0
106	41	430	45
107	41	429	90
108	41	2	135
109	41	2	180
110	41	0	135
111	41	1	90
112	41	2	45
113	41	2	0
114	41	0	0
115	41	1	0.004912
116	41	3	3.137472
117	41	2	14.342572
118	41	0	21.907719
119	41	1	18.171728
120	41	0	7.284331
121	41	1	0.910765
122	41	0	3.886922
123	41	1	6.254381
124	41	0	4.286301
125	41	0	0.999598
126	41	3	0.161296
127	41	3	0.123286
128	41	1	0
0	42	1	0
1	42	0	0
2	42	0	0
3	42	0	-2.094608
4	42	0	-15.60561
5	42	3	-34.046921
6	42	3	-48.659931
7	42	2	-63.23941
8	42	3	-85.376633
9	42	0	-94.510323
10	42	3	-92.597153
11	42	1	-81.719543
12	42	3	-66.988716
13	42	0	-50.390053
14	42	2	-32.398201
15	42	3	-9.258325
16	42	0	-0.229733
17	42	3	0.315924
18	42	1	12.994497
19	42	2	6.985242
20	42	1	-21.631573
21	42	31	-47.963547
22	42	111	-68.694534
23	42	112	-77.778221
24	42	94	-85.333267
25	42	279	-94.45723
26	42	45	-96.732285
27	42	56	-102.805473
28	42	187	-107.179276
29	42	189	-100.652435
30	42	45	-84.813072
31	42	3	-69.515686
32	42	2	-85.987259
33	42	1	-96.492035
34	42	1	-93.905548
35	42	3	-79.860847
36	42	3	-65.421806
37	42	2	-45.668377
38	42	0	-39.441319
39	42	68	-40.771175
40	42	62	-43.72163
41	42	246	-51.950459
42	42	223	-53.473804
43	42	9	-37.731003
44	42	47	-19.417868
45	42	9	-23.541622
46	42	47	-29.015137
47	42	5	-26.633104
48	42	5	-10.43762
49	42	61	-0.448533
50	42	62	-1.198998
51	42	1	-5.224075
52	42	2	-8.92466
53	42	0	-10.675337
54	42	3	-10.408802
55	42	3	-7.682584
56	42	0	-3.318965
57	42	1	5.412656
58	42	0	13.122041
59	42	2	14.306056
60	42	0	9.716393
61	42	3	5.472063
62	42	434	10.194093
63	42	374	8.610785
64	42	374	8.002013
65	42	374	17.423302
66	42	374	34.578949
67	42	375	48.289379
68	42	375	58.135483
69	42	375	62.125809
70	42	375	69.844704
71	42	435	58.591324
72	42	2	42.957603
73	42	1	26.442001
74	42	3	22.754007
75	42	2	7.594844
76	42	2	-3.50059
77	42	3	-6.002726
78	42	3	-9.775757
79	42	23	-15.008064
80	42	46	-21.060957
81	42	46	-17.537434
82	42	46	-8.001726
83	42	30	-1.768112
84	42	0	-0.89665
85	42	3	-5.6326
86	42	2	-7.488585
87	42	2	-4.372063
88	42	2	0
89	42	2	0
90	42	3	0
91	42	1	0
92	42	0	0
93	42	2	0
94	42	1	0.918408
95	42	2	4.478312
96	42	2	7.702763
97	42	3	7.085128
98	42	2	4.047363
99	42	1	2.562333
100	42	3	0.912741
101	42	0	0
102	42	3	0
103	42	3	0
104	42	0	0
105	42	2	45
106	42	2	90
107	42	3	135
108	42	0	180
109	42	3	225
110	42	2	180
111	42	2	135
112	42	3	90
113	42	3	45
114	42	2	0
115	42	0	2.395777
116	42	2	7.049968
117	42	1	14.172529
118	42	0	17.513762
119	42	0	13.213371
120	42	2	6.952044
121	42	3	2.832185
122	42	1	1.805421
123	42	2	2.765317
124	42	2	1.826677
125	42	1	0.747273
126	42	1	2.980527
127	42	3	2.495075
128	42	0	0
0	43	0	0
1	43	2	3.716829
2	43	0	9.743296
3	43	3	9.880999
4	43	0	2.962216
5	43	0	-10.992321
6	43	3	-28.05468
7	43	3	-39.441563
8	43	1	-70.537346
9	43	3	-91.515526
10	43	0	-99.411362
11	43	1	-99.890381
12	43	1	-93.553482
13	43	1	-79.642776
14	43	2	-60.901245
15	43	1	-33.002232
16	43	1	-7.33218
17	43	0	-0.87995
18	43	1	3.436011
19	43	2	-10.893102
20	43	1	-49.623726
21	43	31	-78.694794
22	43	80	-96.111412
23	43	1	-100.606171
24	43	115	-102.407234
25	43	213	-99.943558
26	43	190	-90.81118
27	43	188	-91.43705
28	43	192	-90.439896
29	43	117	-79.29274
30	43	3	-54.566025
31	43	0	-38.319656
32	43	1	-68.65004
33	43	0	-82.141991
34	43	3	-82.289146
35	43	0	-71.396591
36	43	3	-59.907547
37	43	3	-43.308216
38	43	126	-44.03067
39	43	93	-51.572411
40	43	4	-54.939144
41	43	5	-57.842926
42	43	5	-49.427727
43	43	5	-40.91729
44	43	5	-34.398052
45	43	5	-31.978756
46	43	81	-32.367962
47	43	356	-25.351643
48	43	221	-14.270938
49	43	49	-9.212879
50	43	0	-10.654701
51	43	1	-9.699807
52	43	0	-7.785977
53	43	2	-6.841492
54	43	0	-8.769999
55	43	1	-9.907003
56	43	3	-5.753996
57	43	2	1.923365
58	43	3	9.291226
59	43	2	13.188693
60	43	2	13.539089
61	43	1	10.336717
62	43	434	8.466822
63	43	374	9.657809
64	43	374	8
65	43	374	18.142433
66	43	375	34.908745
67	43	375	50.613384
68	43	375	63.293953
69	43	435	58.631699
70	43	3	63.464931
71	43	0	55.835327
72	43	2	39.580082
73	43	0	23.995775
74	43	3	17.971666
75	43	3	-2.386835
76	43	3	-4.04022
77	43	3	-5.523662
78	43	3	-8.845675
79	43	3	-15.719785
80	43	0	-18.155333
81	43	2	-15.154388
82	43	3	-8.6145
83	43	2	-3.234741
84	43	3	4
85	43	0	3.603721
86	43	2	1.256589
87	43	1	0
88	43	3	0
89	43	0	0
90	43	2	0
91	43	2	0
92	43	1	0
93	43	0	0
94	43	2	3.21244
95	43	1	7.231406
96	43	2	9.121353
97	43	3	7.704859
98	43	3	8.862273
99	43	3	9.469192
100	43	0	6.337262
101	43	3	1.264036
102	43	2	0
103	43	0	0
104	43	2	0
105	43	1	0
106	43	1	45
107	43	0	90
108	43	2	135
109	43	1	180
110	43	1	135
111	43	0	90
112	43	2	45
113	43	3	0
114	43	0	1.731104
115	43	1	5.00079
116	43	2	7.983838
117	43	3	10.967684
118	43	1	11.497441
119	43	1	9.246391
120	43	0	7.103894
121	43	1	4.620678
122	43	0	1.953206
123	43	2	4.169748
124	43	0	6.231283
125	43	2	7.593163
126	43	1	8.118433
127	43	2	6.943589
128	43	1	0
0	44	3	0
1	44	1	11.023992
2	44	2	19.294531
3	44	3	20.675983
4	44	3	12.087604
5	44	0	3.875484
6	44	3	-5.33528
7	44	3	-19.433456
8	44	1	-46.96962
9	44	0	-77.537666
10	44	3	-95.97393
11	44	2	-104.915337
12	44	0	-107.306541
13	44	2	-104.459969
14	44	1	-92.558022
15	44	2	-70.522705
16	44	0	-39.107975
17	44	0	-14.305007
18	44	0	-13.243156
19	44	1	-19.69013
20	44	0	-69.009995
21	44	1	-98.185684
22	44	2	-107.477692
23	44	1	-106.414146
24	44	115	-100.609451
25	44	117	-89.967155
26	44	115	-75.529564
27	44	117	-73.654266
28	44	0	-68.427254
29	44	68	-53.369335
30	44	62	-28.556944
31	44	1	-26.365252
32	44	0	-51.527046
33	44	1	-65.761086
34	44	68	-68.628487
35	44	62	-61.068893
36	44	2	-46.445274
37	44	1	-24.119217
38	44	68	-22.06562
39	44	66	-32.563263
40	44	64	-41.278549
41	44	5	-41.661327
42	44	5	-31.806053
43	44	81	-24.203447
44	44	24	-29.699076
45	44	9	-31.622231
46	44	11	-31.828405
47	44	259	-28.66321
48	44	12	-23.385471
49	44	62	-20.942526
50	44	2	-21.398018
51	44	1	-18.566647
52	44	1	-10.33235
53	44	0	-3.783436
54	44	0	-4.598971
55	44	0	-6.444342
56	44	0	-4.55786
57	44	0	-0.250284
58	44	3	4.672211
59	44	0	11.537519
60	44	0	14.794733
61	44	3	11.622369
62	44	434	5.699423
63	44	374	1.544865
64	44	374	4.801033
65	44	375	16
66	44	375	22.296551
67	44	435	36.535332
68	44	3	50.473301
69	44	0	44.176571
70	44	3	34.551735
71	44	3	36.171795
72	44	3	18.539448
73	44	1	15.554212
74	44	0	-5.288135
75	44	1	-8.179044
76	44	0	-5.578154
77	44	0	-2.68439
78	44	2	-5.296501
79	44	1	-9.018263
80	44	3	-10.706125
81	44	1	-8.820331
82	44	2	-6.0133
83	44	1	-2.343911
84	44	0	3.849274
85	44	1	11.60943
86	44	2	9.325953
87	44	2	7.349338
88	44	0	0
89	44	2	0
90	44	0	0
91	44	1	0
92	44	3	0
93	44	2	0.121067
94	44	3	5.022627
95	44	1	9.500014
96	44	0	9.35901
97	44	2	9.764984
98	44	2	14.408902
99	44	2	16.828234
100	44	3	9.880412
101	44	3	2.265632
102	44	1	0
103	44	0	0
104	44	3	0
105	44	2	0
106	44	1	0
107	44	3	45
108	44	0	90
109	44	1	135
110	44	2	90
111	44	0	45
112	44	0	0
113	44	1	2.614305
114	44	2	7.950536
115	44	2	9.552126
116	44	1	8.315208
117	44	1	7.308789
118	44	1	8.10967
119	44	0	8.28826
120	44	2	6.928984
121	44	2	3.632505
122	44	1	4.379462
123	44	1	10.560881
124	44	1	14.164305
125	44	1	13.921509
126	44	3	12.730722
127	44	3	8.547956
128	44	0	0
0	45	0	0
1	45	2	11.128348
2	45	1	17.860155
3	45	2	20.020714
4	45	0	13.858367
5	45	0	6.764348
6	45	3	1.878574
7	45	1	-8.616386
8	45	3	-21.212435
9	45	1	-46.123886
10	45	1	-75.130638
11	45	2	-98.617424
12	45	0	-110.365509
13	45	0	-111.899033
14	45	0	-110.075455
15	45	0	-100.120926
16	45	3	-79.37468
17	45	1	-53.16925
18	45	3	-31.975136
19	45	1	-35.670094
20	45	3	-82.024834
21	45	0	-105.262024
22	45	2	-109.328011
23	45	3	-99.602844
24	45	3	-85.278648
25	45	2	-64.36895
26	45	3	-50.469212
27	45	3	-49.439003
28	45	126	-42.903111
29	45	271	-26.377289
30	45	62	-8.410872
31	45	68	-13.162895
32	45	13	-36.383713
33	45	341	-48.944672
34	45	85	-51.813679
35	45	247	-46.686157
36	45	13	-33.033134
37	45	86	-6.794766
38	45	295	-2.732949
39	45	223	-8.646972
40	45	5	-21.812986
41	45	5	-26.992338
42	45	6	-16.013168
43	45	4	-7.363877
44	45	81	-9.253081
45	45	224	-16.28932
46	45	127	-19.776484
47	45	127	-20.325001
48	45	93	-19.076523
49	45	0	-17.854002
50	45	3	-17.935976
51	45	0	-14.079976
52	45	3	-7.379849
53	45	0	-1.699427
54	45	1	-0.76202
55	45	1	-1.990908
56	45	1	-1.666301
57	45	2	-0.519415
58	45	3	5.699702
59	45	0	12.768012
60	45	0	14.313768
61	45	3	9.301594
62	45	434	3.384794
63	45	374	0.051618
64	45	375	6.408969
65	45	435	16
66	45	3	16.821699
67	45	0	19.850595
68	45	0	18.770832
69	45	0	14.836577
70	45	1	7.038276
71	45	1	4.08074
72	45	3	-3.570751
73	45	2	-9.795288
74	45	1	-13.425631
75	45	0	-13.664497
76	45	2	-9.218007
77	45	3	-4.358605
78	45	1	-3.649254
79	45	1	-6.115677
80	45	3	-5.125552
81	45	3	-3.046359
82	45	2	-1.436636
83	45	0	0.473929
84	45	1	3.487572
85	45	2	9.841846
86	45	1	11.976241
87	45	2	8.942865
88	45	3	0
89	45	1	0
90	45	14	0
91	45	22	0
92	45	0	0
93	45	0	1.624361
94	45	2	5.158811
95	45	2	7.798911
96	45	2	6.610699
97	45	1	6.994779
98	45	0	12.751009
99	45	0	13.936179
100	45	2	8.50029
101	45	0	1.250403
102	45	0	0
103	45	3	0
104	45	0	0
105	45	3	0
106	45	3	0
107	45	3	0
108	45	3	45
109	45	2	90
110	45	3	45
111	45	0	0
112	45	1	0
113	45	1	4.279
114	45	0	11.213135
115	45	3	13.361776
116	45	2	6.601861
117	45	3	2.745156
118	45	1	5.38101
119	45	0	5.374003
120	45	1	3.322649
121	45	1	1.12205
122	45	0	7.172197
123	45	3	13.851601
124	45	1	13.563805
125	45	2	12.712007
126	45	1	11.387947
127	45	0	7.742524
128	45	1	0
0	46	3	0
1	46	3	5.860092
2	46	1	10.99816
3	46	0	11.148913
4	46	1	7.045429
5	46	2	6.294657
6	46	2	3.226759
7	46	2	-0.919156
8	46	2	-6.541672
9	46	1	-17.250935
10	46	0	-44.547928
11	46	0	-73.876312
12	46	3	-98.336868
13	46	1	-108.017105
14	46	2	-113.852013
15	46	1	-115.173073
16	46	2	-106.832779
17	46	2	-91.113426
18	46	2	-71.641258
19	46	3	-67.055046
20	46	0	-90.995926
21	46	0	-103.175865
22	46	0	-101.542641
23	46	1	-85.034538
24	46	2	-65.078552
25	46	2	-38.859203
26	46	0	-10.849277
27	46	1	-14.108898
28	46	126	-10.842054
29	46	271	-3.547328
30	46	248	-1.218559
31	46	223	-3.049977
32	46	225	-21.498346
33	46	269	-31.380554
34	46	336	-33.511509
35	46	89	-30.528965
36	46	25	-18.00481
37	46	47	-1.139583
38	46	5	0
39	46	81	-1.482442
40	46	46	-11.598761
41	46	30	-16.347553
42	46	63	-7.907504
43	46	202	13.313512
44	46	91	15.538059
45	46	62	8.554096
46	46	3	-4.74926
47	46	1	-5.439641
48	46	3	-4.65773
49	46	2	-3.278653
50	46	0	-3.280343
51	46	0	-3.780883
52	46	3	-1.03973
53	46	1	0
54	46	2	-0.184318
55	46	0	-1.061154
56	46	1	-0.654904
57	46	1	1.406718
58	46	1	8.009876
59	46	415	14.700828
60	46	416	12.863815
61	46	1	5.317625
62	46	434	0.390401
63	46	435	0
64	46	0	2.539338
65	46	1	13.062584
66	46	1	16
67	46	2	16
68	46	1	16
69	46	1	4.279579
70	46	3	-1.978756
71	46	0	-7.136202
72	46	3	-13.428393
73	46	2	-18.02548
74	46	2	-16.424597
75	46	1	-12.519175
76	46	0	-10.512484
77	46	1	-7.818159
78	46	1	-7.65296
79	46	2	-7.647715
80	46	1	-5.454803
81	46	3	-0.954338
82	46	0	4.064843
83	46	0	0.657752
84	46	1	20.23772
85	46	1	18.756063
86	46	2	4.910172
87	46	2	2.734814
88	46	42	0
89	46	163	0
90	46	80	0
91	46	14	0
92	46	22	1.314791
93	46	1	3.909289
94	46	3	5.990552
95	46	3	4.706962
96	46	1	2.211864
97	46	1	2.75065
98	46	1	5.789556
99	46	2	12.984595
100	46	2	11.491673
101	46	3	3.983099
102	46	1	0
103	46	3	0
104	46	1	0
105	46	3	0
106	46	2	0
107	46	0	0
108	46	1	0
109	46	1	45
110	46	1	0
111	46	2	0
112	46	0	0
113	46	3	2.0855
114	46	0	7.100342
115	46	0	8.00841
116	46	2	3.92557
117	46	2	0.464885
118	46	1	2.138635
119	46	3	1.963582
120	46	1	0.062422
121	46	3	11.86966
122	46	1	17.205511
123	46	2	17.713289
124	46	2	12.657704
125	46	3	8.892831
126	46	3	7.385546
127	46	3	5.216969
128	46	2	0
0	47	3	0
1	47	1	3.813714
2	47	3	4.714434
3	47	1	3.425457
4	47	3	3.211225
5	47	3	3.523086
6	47	1	1.667424
7	47	0	0
8	47	1	-0.091002
9	47	1	-0.813623
10	47	0	-8.550618
11	47	3	-35.749146
12	47	3	-70.62809
13	47	3	-92.802406
14	47	3	-108.433014
15	47	1	-116.627068
16	47	1	-118.962448
17	47	3	-114.75103
18	47	1	-106.366364
19	47	2	-101.117264
20	47	0	-107.491203
21	47	7	-102.561516
22	47	10	-89.256592
23	47	8	-65.810455
24	47	1	-47.749756
25	47	7	-18.356974
26	47	247	-0.881841
27	47	62	-0.823256
28	47	246	-0.527374
29	47	223	-0.005862
30	47	5	0.161019
31	47	27	-0.786051
32	47	85	-6.264525
33	47	47	-15.188294
34	47	9	-18.533875
35	47	47	-13.972697
36	47	5	-4.38445
37	47	81	0
38	47	30	0
39	47	7	-0.41511
40	47	247	-3.347008
41	47	106	-5.470249
42	47	107	4.010122
43	47	127	16
44	47	93	16.004055
45	47	2	15.84595
46	47	2	5.884398
47	47	2	11.52114
48	47	3	18.34425
49	47	3	20.478018
50	47	0	19.102255
51	47	3	11.994415
52	47	0	0
53	47	3	0
54	47	1	-3.49922
55	47	2	-5.453863
56	47	1	-3.626532
57	47	415	0.844945
58	47	348	6.82395
59	47	349	10.997601
60	47	416	7.932075
61	47	1	1.517908
62	47	1	0
63	47	1	-1.158926
64	47	2	-1.459353
65	47	3	4.688663
66	47	2	9.718253
67	47	0	12.956841
68	47	1	3.586668
69	47	0	0
70	47	2	-2.173907
71	47	0	-8.316004
72	47	0	-16.91395
73	47	3	-21.193645
74	47	0	-15.186
75	47	436	-8.267958
76	47	437	-7.366965
77	47	1	-8.477392
78	47	0	-6.822802
79	47	0	-6.550333
80	47	2	-3.183156
81	47	2	8.290221
82	47	1	10.924767
83	47	2	15.597594
84	47	2	19.641581
85	47	0	16.068478
86	47	2	1.713916
87	47	146	0
88	47	96	0
89	47	50	0
90	47	260	0
91	47	70	1.090543
92	47	43	4.484857
93	47	42	7.12172
94	47	35	5.673505
95	47	43	2.596171
96	47	0	0.317489
97	47	3	0.187035
98	47	0	7.988511
99	47	2	18.799
100	47	3	20.088139
101	47	2	10.431897
102	47	1	0.386136
103	47	0	0
104	47	3	0
105	47	2	0
106	47	3	45
107	47	2	0
108	47	0	0
109	47	3	0
110	47	3	0
111	47	1	0
112	47	0	0
113	47	3	0
114	47	0	0.889374
115	47	3	1.216108
116	47	3	0
117	47	0	0
118	47	1	0
119	47	1	0
120	47	0	0
121	47	3	16
122	47	1	16
123	47	1	15.910962
124	47	3	12.061647
125	47	2	4.13086
126	47	2	4.01398
127	47	1	3.275932
128	47	0	0
0	48	1	0
1	48	1	5.547932
2	48	2	6.89426
3	48	1	3.427177
4	48	2	0.401594
5	48	3	0.205063
6	48	3	0
7	48	3	0
8	48	1	0
9	48	2	0
10	48	2	-0.150742
11	48	1	-3.383335
12	48	2	-23.454309
13	48	1	-62.018696
14	48	0	-88.592545
15	48	3	-107.30899
16	48	0	-116.5
17	48	1	-120.521721
18	48	3	-120.906242
19	48	7	-121.03598
20	48	26	-115.50058
21	48	46	-107.973366
22	48	30	-83.503532
23	48	1	-44.124905
24	48	63	-23.370911
25	48	255	-2.632542
26	48	65	0.090799
27	48	125	7.179401
28	48	5	11.667156
29	48	5	8.981075
30	48	5	7.456257
31	48	5	5.435718
32	48	5	3.053118
33	48	5	0.709397
34	48	5	-1.449723
35	48	81	0
36	48	25	0.583393
37	48	10	3.121178
38	48	26	1.57519
39	48	224	0.210347
40	48	258	-0.367033
41	48	49	-0.667082
42	48	1	4.033849
43	48	1	16
44	48	2	16.922535
45	48	0	23.494553
46	48	1	27.357809
47	48	3	29.207254
48	48	3	30.53978
49	48	3	34.667732
50	48	0	30.548578
51	48	0	28.35446
52	48	0	12.627041
53	48	0	-1.342718
54	48	3	-6.993025
55	48	0	-10.754511
56	48	434	-6.680688
57	48	374	-0.977387
58	48	375	2.647503
59	48	435	3.957292
60	48	3	2.13295
61	48	0	0
62	48	2	-1.476984
63	48	0	-4.253232
64	48	2	-4.827989
65	48	0	-2.484041
66	48	2	0
67	48	0	0
68	48	1	-1.052299
69	48	3	-1.143175
70	48	3	-0.256178
71	48	1	-4.316277
72	48	3	-11.375975
73	48	436	-14.987593
74	48	438	-11.175274
75	48	439	-3.947862
76	48	436	11.160757
77	48	437	14.455936
78	48	0	1.34225
79	48	2	-2.087635
80	48	1	1.117276
81	48	3	9.494858
82	48	3	13.930903
83	48	14	10.584512
84	48	50	11.050932
85	48	50	4.698718
86	48	260	1.001998
87	48	52	0
88	48	184	0
89	48	37	0
90	48	278	1.334272
91	48	77	4.811587
92	48	76	8.053971
93	48	95	9.032124
94	48	34	7.768466
95	48	43	4.807773
96	48	2	2.149114
97	48	1	3.079463
98	48	2	12.508616
99	48	1	21.996563
100	48	2	23.060099
101	48	2	13.175314
102	48	0	2.603206
103	48	2	0.338083
104	48	2	0
105	48	2	45
106	48	3	90
107	48	1	45
108	48	0	0
109	48	0	0
110	48	1	0
111	48	2	0
112	48	1	0
113	48	1	0
114	48	1	3.098108
115	48	2	9.17543
116	48	2	2.825813
117	48	0	4.03617
118	48	0	16
119	48	1	16
120	48	3	3.952552
121	48	3	10.601539
122	48	0	12.99005
123	48	0	11.11758
124	48	3	6.283675
125	48	3	2.101909
126	48	3	0.876956
127	48	0	0.411662
128	48	3	0
0	49	2	0
1	49	1	4.91763
2	49	1	5.624199
3	49	3	2.480473
4	49	2	0
5	49	2	0
6	49	3	0
7	49	0	0
8	49	3	0
9	49	1	0
10	49	2	0.012818
11	49	2	-0.059689
12	49	0	-2.832569
13	49	0	-22.725191
14	49	3	-60.131111
15	49	3	-82.902145
16	49	3	-100.735306
17	49	1	-111.07811
18	49	4	-119.352097
19	49	9	-123.409004
20	49	8	-119.958099
21	49	7	-109.374245
22	49	8	-80.485184
23	49	246	-34.975788
24	49	296	-14.077801
25	49	257	-0.480949
26	49	409	8.475495
27	49	24	28.023859
28	49	81	37.327019
29	49	24	36.927963
30	49	5	28.050392
31	49	5	25.782341
32	49	5	23.71826
33	49	81	26.65737
34	49	30	29.159369
35	49	23	15.862456
36	49	46	12.000026
37	49	30	14.700715
38	49	0	14.652668
39	49	126	3.943926
40	49	93	0.321305
41	49	3	0.003023
42	49	0	0
43	49	1	4.489377
44	49	0	15.533746
45	49	0	27.539265
46	49	2	35.854546
47	49	3	40.50536
48	49	2	34.485023
49	49	1	37.019714
50	49	1	42.346298
51	49	3	39.402206
52	49	1	22.061914
53	49	1	1.467793
54	49	0	-9.05088
55	49	1	-12.906931
56	49	434	-7.832312
57	49	435	-0.523696
58	49	1	0.001476
59	49	0	0.165158
60	49	2	0
61	49	3	0
62	49	3	-2.139946
63	49	1	-5.593123
64	49	2	-7.569024
65	49	2	-4.603678
66	49	1	-0.802642
67	49	3	-2.286993
68	49	3	-7.008741
69	49	1	-7.716545
70	49	3	-3.68853
71	49	3	1.050653
72	49	440	-1.891906
73	49	441	-5.029037
74	49	442	-4.62966
75	49	443	-0.650605
76	49	444	18.324896
77	49	2	20.526243
78	49	0	15.738515
79	49	1	11.168567
80	49	1	2.568587
81	49	0	7.331923
82	49	51	7.946997
83	49	108	6.683432
84	49	52	2.764792
85	49	109	1.093417
86	49	54	0.078468
87	49	111	0
88	49	98	0
89	49	80	0.863326
90	49	94	5.88076
91	49	100	11.574021
92	49	31	13.24228
93	49	147	11.173567
94	49	17	9.784456
95	49	1	8.258733
96	49	3	7.098
97	49	2	9.924112
98	49	3	15.284669
99	49	3	19.566065
100	49	3	15.789148
101	49	2	10.043609
102	49	3	5.324409
103	49	3	2.302908
104	49	1	0
105	49	3	0
106	49	2	45
107	49	0	0
108	49	0	0
109	49	3	0
110	49	2	0
111	49	0	0
112	49	0	0
113	49	2	0
114	49	1	16
115	49	2	16
116	49	0	16
117	49	0	16.932606
118	49	3	16
119	49	2	16
120	49	0	17.447426
121	49	3	10.362698
122	49	3	9.240359
123	49	1	6.501491
124	49	1	3.158396
125	49	2	1.011321
126	49	3	0.150748
127	49	2	0.002114
128	49	1	0
0	50	3	0
1	50	3	4.904855
2	50	1	5.461272
3	50	3	2.117178
4	50	0	0
5	50	0	0.000964
6	50	3	1.942102
7	50	1	6.197534
8	50	0	5.575941
9	50	2	1.446216
10	50	1	1.354786
11	50	0	1.82664
12	50	0	1.777491
13	50	1	0.181033
14	50	7	-23.025078
15	50	10	-46.607086
16	50	10	-68.278748
17	50	26	-90.041031
18	50	24	-107.945396
19	50	9	-119.679008
20	50	47	-124.485947
21	50	9	-113.397255
22	50	47	-82.382828
23	50	330	-39.307522
24	50	286	-10.126643
25	50	8	-0.090959
26	50	63	15.714917
27	50	202	41.878338
28	50	125	49.673965
29	50	5	62.110214
30	50	81	48.636932
31	50	24	41.474873
32	50	6	47.614986
33	50	0	44.895409
34	50	3	45.399162
35	50	0	31.625412
36	50	3	29.260523
37	50	1	28.425909
38	50	3	27.290262
39	50	3	17.211258
40	50	0	1.899731
41	50	2	0.363484
42	50	0	0.196347
43	50	436	0
44	50	437	11.160065
45	50	1	24.545532
46	50	0	31.630997
47	50	0	35.302086
48	50	436	26.493784
49	50	445	25.694473
50	50	437	40.237728
51	50	3	41.576454
52	50	1	30.097776
53	50	2	2.682947
54	50	3	-8.37338
55	50	2	-13.167136
56	50	1	-8.741167
57	50	3	-2.009732
58	50	3	0
59	50	2	0
60	50	3	0
61	50	0	0
62	50	2	-0.880108
63	50	0	-3.818094
64	50	0	-5.897313
65	50	1	-5.829327
66	50	0	-3.962873
67	50	0	-6.165008
68	50	2	-11.130822
69	50	1	-12.044677
70	50	2	-3.511168
71	50	436	3.099486
72	50	446	8.586421
73	50	447	4.264115
74	50	448	1.689345
75	50	0	2.121557
76	50	1	9.372168
77	50	0	11.810962
78	50	0	12.761935
79	50	3	11.49784
80	50	42	11.688065
81	50	76	5.10611
82	50	95	0
83	50	98	0.107409
84	50	80	0.111962
85	50	2	0.001359
86	50	31	0
87	50	80	0
88	50	1	1.049121
89	50	0	7.490331
90	50	0	15.722434
91	50	2	22.221811
92	50	94	18.454422
93	50	100	11.009285
94	50	0	7.395343
95	50	0	7.263287
96	50	0	7.498983
97	50	1	10.554348
98	50	1	14.488411
99	50	3	10.888777
100	50	1	6.103553
101	50	0	5.88405
102	50	0	8.212143
103	50	3	6.320552
104	50	0	2.489248
105	50	3	0
106	50	3	0
107	50	1	0
108	50	0	0
109	50	3	0
110	50	3	0
111	50	2	0
112	50	2	0
113	50	3	0.563143
114	50	3	16
115	50	1	16
116	50	1	16
117	50	0	18.337555
118	50	0	16
119	50	14	16.239597
120	50	22	30.932184
121	50	2	17.812515
122	50	3	11.002477
123	50	0	4.40429
124	50	1	0.965925
125	50	0	0.178387
126	50	2	0.012029
127	50	3	0
128	50	2	0
0	51	2	0
1	51	0	6.74379
2	51	2	7.72959
3	51	3	3.874146
4	51	3	0.168247
5	51	3	0.216279
6	51	0	8.596955
7	51	0	14.396027
8	51	1	14.289014
9	51	2	10.913548
10	51	3	10.308859
11	51	3	12.31183
12	51	7	11.88235
13	51	47	6.873112
14	51	5	1.458513
15	51	81	-14.32879
16	51	25	-32.808613
17	51	47	-60.294788
18	51	5	-89.936935
19	51	5	-114.620216
20	51	5	-123.083679
21	51	81	-115.180138
22	51	90	-93.003502
23	51	125	-60.886345
24	51	9	-22.693615
25	51	11	-2.668431
26	51	222	7.362564
27	51	296	43.163239
28	51	256	49.601486
29	51	226	61.224453
30	51	23	48.125927
31	51	25	41.651825
32	51	10	47.918358
33	51	8	46.548447
34	51	0	45.705189
35	51	0	28.218449
36	51	1	34.294861
37	51	0	31.47724
38	51	2	29.668571
39	51	1	19.842575
40	51	0	5.095403
41	51	436	1.872515
42	51	449	5.977046
43	51	450	7.658081
44	51	445	9.843607
45	51	437	18.803717
46	51	0	23.321398
47	51	451	19.655983
48	51	452	12.318203
49	51	444	16.856026
50	51	0	26.778776
51	51	2	31.050861
52	51	2	28.682301
53	51	3	0.171196
54	51	3	-6.214159
55	51	3	-11.241436
56	51	2	-10.791956
57	51	2	-5.814416
58	51	0	-1.877099
59	51	0	0
60	51	3	0
61	51	1	0
62	51	3	0
63	51	2	-2.176916
64	51	1	-6.990005
65	51	2	-11.105766
66	51	2	-11.910198
67	51	3	-10.527123
68	51	1	-13.746085
69	51	0	-6.97332
70	51	451	2.585133
71	51	453	14.292123
72	51	454	17.220207
73	51	455	16.304962
74	51	3	6.123702
75	51	3	2.817921
76	51	2	5.423304
77	51	1	7.500638
78	51	0	6.970118
79	51	94	11.194818
80	51	340	10.952109
81	51	260	11.449805
82	51	237	0
83	51	2	-1.686945
84	51	2	-2.374599
85	51	2	-1.081277
86	51	2	0
87	51	2	0.76965
88	51	0	2.99935
89	51	406	11.171138
90	51	456	21.03072
91	51	43	23.289768
92	51	1	17.305641
93	51	1	6.693738
94	51	2	3.373953
95	51	1	2.643838
96	51	1	2.249541
97	51	2	4.469345
98	51	1	6.188689
99	51	1	3.964262
100	51	1	0.600965
101	51	1	4.181028
102	51	1	8.776698
103	51	2	9.898767
104	51	1	5.384388
105	51	2	0.358432
106	51	1	0
107	51	3	0
108	51	2	0
109	51	0	0
110	51	2	0
111	51	0	0
112	51	2	0
113	51	3	0
114	51	0	13.771299
115	51	3	16
116	51	1	13.758707
117	51	3	5.480424
118	51	31	12.069468
119	51	21	30.5956
120	51	22	32
121	51	1	30.805243
122	51	1	17.122458
123	51	2	5.439401
124	51	1	1.32163
125	51	1	0.102179
126	51	3	0.000243
127	51	2	0
128	51	0	0
0	52	1	0
1	52	0	6.248785
2	52	2	9.23644
3	52	3	6.35813
4	52	0	2.395398
5	52	3	1.243852
6	52	0	16.395866
7	52	0	27.040815
8	52	0	25.218266
9	52	0	24.214436
10	52	7	27.098122
11	52	26	33.229275
12	52	24	34.874966
13	52	81	24.129
14	52	30	4.782951
15	52	23	-5.203887
16	52	24	-15.13119
17	52	457	-21.142756
18	52	458	-68.80175
19	52	5	-98.209534
20	52	9	-113.541183
21	52	341	-114.240059
22	52	459	-102.425453
23	52	460	-80.544754
24	52	461	-51.991302
25	52	223	-25.181456
26	52	27	-4.66993
27	52	28	8.268839
28	52	49	24.058483
29	52	1	19.113342
30	52	23	15.27676
31	52	46	11.255294
32	52	30	10.480002
33	52	2	20.546755
34	52	1	27.673597
35	52	0	17.571003
36	52	2	10.264997
37	52	1	24.529167
38	52	3	22.386673
39	52	3	15.268328
40	52	440	3.356568
41	52	462	5.301336
42	52	463	14.975559
43	52	464	22.570415
44	52	450	21.832493
45	52	445	20.052488
46	52	449	19.52574
47	52	450	12.311791
48	52	445	7.072364
49	52	437	7.90694
50	52	0	13.308341
51	52	1	14.26194
52	52	1	10.180922
53	52	0	-0.03287
54	52	3	-2.486572
55	52	1	-6.466196
56	52	1	-10.829048
57	52	2	-10.747653
58	52	2	-5.618441
59	52	1	-0.523479
60	52	0	0
61	52	3	0
62	52	3	0
63	52	3	-5.094255
64	52	2	-11.554215
65	52	1	-16.676548
66	52	436	-14.193061
67	52	437	-13.628863
68	52	1	-12.512515
69	52	440	-4.061836
70	52	465	4.800078
71	52	466	10.170312
72	52	467	18.209249
73	52	1	22.538904
74	52	2	14.821127
75	52	2	5.104517
76	52	3	6.163934
77	52	2	17.553297
78	52	1	15.890705
79	52	31	5.884221
80	52	111	7.400009
81	52	112	0.728858
82	52	1	-1.232332
83	52	3	-4.398154
84	52	2	-5.801742
85	52	2	-3.470758
86	52	406	-0.804407
87	52	407	0.490858
88	52	427	2.703039
89	52	468	8.558931
90	52	100	12.649517
91	52	3	12.072021
92	52	2	4.815161
93	52	3	0.914669
94	52	0	-4.449529
95	52	1	-9.250628
96	52	3	-16.227318
97	52	0	-13.975413
98	52	2	-12.67221
99	52	0	-4.048186
100	52	3	-1.708853
101	52	2	-2.209678
102	52	0	3.80855
103	52	3	8.518138
104	52	1	4.912931
105	52	3	0.444512
106	52	0	0
107	52	1	0
108	52	3	0
109	52	1	0
110	52	1	0
111	52	0	0
112	52	0	0
113	52	0	0
114	52	0	6.647243
115	52	42	12.522428
116	52	35	10.863767
117	52	164	13.596272
118	52	287	16.467062
119	52	80	29.243771
120	52	2	40
121	52	1	32.323158
122	52	3	19.367928
123	52	0	7.107769
124	52	1	2.070368
125	52	0	0.19363
126	52	0	0.000674
127	52	1	0
128	52	2	0
0	53	1	0
1	53	2	4.071553
2	53	3	9.788031
3	53	1	10.870288
4	53	3	6.596768
5	53	3	5.296569
6	53	0	20.344925
7	53	2	33.500004
8	53	2	36.414726
9	53	4	39.470974
10	53	9	48.711945
11	53	26	62.716354
12	53	30	66.543159
13	53	2	41.585487
14	53	3	12.378858
15	53	4	-3.316442
16	53	469	-12.504529
17	53	470	-13.16118
18	53	460	-28.713327
19	53	458	-74.583015
20	53	5	-98.83812
21	53	471	-109.173805
22	53	472	-107.194893
23	53	473	-94.158081
24	53	256	-68.897705
25	53	474	-39.148548
26	53	475	-15.138111
27	53	12	-0.700336
28	53	62	-5.321693
29	53	68	-13.03749
30	53	62	-20.02441
31	53	3	-27.227385
32	53	0	-32.887745
33	53	0	-30.470604
34	53	2	-22.642609
35	53	2	-8.888132
36	53	2	-2.277966
37	53	1	0.883702
38	53	436	6.834388
39	53	437	3.054222
40	53	451	0.094177
41	53	453	6.112191
42	53	476	22.304939
43	53	452	29.708208
44	53	462	41.092636
45	53	463	33.484898
46	53	464	29.455076
47	53	452	24.43067
48	53	477	12.072836
49	53	437	-0.02047
50	53	436	-4.371966
51	53	437	-9.510466
52	53	0	-11.129603
53	53	2	-5.741666
54	53	3	-0.425141
55	53	3	-2.918312
56	53	0	-11.390574
57	53	0	-15.162735
58	53	1	-8.805745
59	53	1	-1.674217
60	53	3	0
61	53	3	-0.113585
62	53	1	-1.538523
63	53	436	-8.771127
64	53	437	-14.115049
65	53	440	-14.379572
66	53	477	-12.771597
67	53	478	-9.404284
68	53	467	-6.255687
69	53	479	-2.945656
70	53	480	-0.544747
71	53	481	4.573175
72	53	467	7.21832
73	53	1	13.998246
74	53	1	15.189295
75	53	1	2.524628
76	53	0	5.185503
77	53	3	18.998238
78	53	1	17.63715
79	53	31	5.544265
80	53	80	2.265871
81	53	0	0.563822
82	53	1	-1.386595
83	53	3	-4.716822
84	53	2	-6.453876
85	53	420	-5.103568
86	53	413	-2.679944
87	53	421	-1.761087
88	53	482	0.68963
89	53	43	2.046538
90	53	3	2.782243
91	53	2	-3.76034
92	53	2	-11.119975
93	53	0	-18.943089
94	53	3	-20.055262
95	53	2	-22.628452
96	53	1	-26.031208
97	53	0	-26.572569
98	53	1	-20.707533
99	53	2	-19.060369
100	53	2	-11.565048
101	53	1	-4.00882
102	53	3	-1.726624
103	53	1	-0.564007
104	53	0	1.576346
105	53	1	0.020027
106	53	3	-0.004719
107	53	2	-0.002071
108	53	3	0
109	53	2	0
110	53	1	0
111	53	2	0
112	53	3	0
113	53	0	5.779459
114	53	94	15.461456
115	53	110	23.099506
116	53	130	32.223949
117	53	39	32.239635
118	53	22	36.524647
119	53	2	36.805019
120	53	1	35.537495
121	53	1	29.167118
122	53	3	16.942827
123	53	2	8.567729
124	53	0	3.020103
125	53	1	0.334201
126	53	2	0.194644
127	53	0	0
128	53	3	0
0	54	3	0
1	54	3	4.656892
2	54	2	14.930047
3	54	1	17.535734
4	54	2	10.638985
5	54	1	8.154279
6	54	7	19.573711
7	54	10	35.951931
8	54	47	46.914242
9	54	81	56.015293
10	54	30	70.552834
11	54	1	95.116943
12	54	7	84.721794
13	54	8	50.390892
14	54	4	19.646704
15	54	5	0.420976
16	54	469	-11.073968
17	54	483	-19.368368
18	54	484	-24.181408
19	54	460	-55.743919
20	54	485	-82.012024
21	54	486	-101.672371
22	54	487	-106.639099
23	54	488	-101.21405
24	54	489	-82.125717
25	54	490	-47.471889
26	54	259	-20.33893
27	54	12	-11.889907
28	54	106	-27.398552
29	54	49	-41.46619
30	54	0	-48.622139
31	54	0	-56.370045
32	54	0	-63.052364
33	54	2	-63.460167
34	54	2	-60.00338
35	54	1	-56.561081
36	54	436	-41.248703
37	54	449	-29.174582
38	54	450	-25.723402
39	54	449	-19.360643
40	54	463	-8.972834
41	54	464	-0.881635
42	54	450	22.48951
43	54	449	29.379774
44	54	453	38.057499
45	54	476	34.655579
46	54	463	30.919863
47	54	491	26.803625
48	54	444	16.559561
49	54	440	3.352964
50	54	477	-8.397933
51	54	437	-17.038523
52	54	3	-17.594847
53	54	2	-8.619936
54	54	0	-2.387529
55	54	3	-2.529697
56	54	1	-10.382997
57	54	436	-14.19872
58	54	445	-8.442459
59	54	437	-2.010462
60	54	436	-2.864229
61	54	445	-6.048204
62	54	449	-7.458132
63	54	450	-10.135951
64	54	437	-11.987677
65	54	463	-8.736161
66	54	492	-6.26964
67	54	493	-9.764129
68	54	494	-5.29365
69	54	495	-1.114809
70	54	496	1.212267
71	54	493	1.075845
72	54	1	1.454307
73	54	0	3.970476
74	54	2	0.232106
75	54	2	0.374984
76	54	0	0.794466
77	54	2	10.536715
78	54	3	8.017775
79	54	0	4.751512
80	54	3	7.664609
81	54	3	7.876821
82	54	3	0.910057
83	54	1	-1.919653
84	54	2	-3.237278
85	54	427	-3.621878
86	54	497	-3.858401
87	54	498	-4.311311
88	54	499	-2.537786
89	54	18	-0.100489
90	54	43	-3.425837
91	54	1	-13.874254
92	54	3	-20.128721
93	54	2	-26.167566
94	54	1	-33.256023
95	54	0	-36.471413
96	54	0	-34.719639
97	54	0	-31.890856
98	54	1	-27.662642
99	54	3	-21.882431
100	54	0	-14.785411
101	54	3	-10.334003
102	54	3	-8.771677
103	54	0	-4.602683
104	54	2	-1.97527
105	54	3	-0.891007
106	54	1	-0.430925
107	54	3	-0.081088
108	54	1	-0.00115
109	54	3	0
110	54	1	0
111	54	2	0
112	54	0	0
113	54	2	6.310208
114	54	1	16
115	54	51	27.718214
116	54	108	40
117	54	237	47.267113
118	54	0	50.401463
119	54	1	39.791832
120	54	1	34.431847
121	54	2	30.369652
122	54	2	24.580875
123	54	1	17.271433
124	54	1	10.514961
125	54	2	9.124779
126	54	3	5.771982
127	54	2	1.4407
128	54	1	0
0	55	0	0
1	55	0	8.728449
2	55	0	19.958775
3	55	2	19.914106
4	55	3	10.146764
5	55	4	5.962271
6	55	81	16.159264
7	55	24	35.500862
8	55	6	60.13427
9	55	2	71.180534
10	55	1	90.202988
11	55	4	100.990685
12	55	9	107.15345
13	55	26	56.827995
14	55	24	26.256124
15	55	5	6.195197
16	55	469	-7.26577
17	55	500	-16.078543
18	55	501	-20.728601
19	55	502	-35.504646
20	55	503	-66.082642
21	55	469	-89.702148
22	55	501	-105.809227
23	55	504	-110.316261
24	55	257	-104.981415
25	55	295	-91.622505
26	55	88	-78.405205
27	55	28	-72.866631
28	55	218	-78.691727
29	55	247	-81.054512
30	55	62	-81.350426
31	55	1	-78.01049
32	55	2	-82.317123
33	55	0	-85.134933
34	55	0	-80.961617
35	55	451	-75.948479
36	55	505	-74.61264
37	55	506	-65.288712
38	55	463	-61.969276
39	55	507	-61.772995
40	55	508	-51.454247
41	55	464	-35.505009
42	55	452	-7.33786
43	55	462	13.571703
44	55	463	19.733604
45	55	509	20.986393
46	55	510	19.530228
47	55	437	16.281178
48	55	436	12.336044
49	55	449	3.394937
50	55	511	-2.756409
51	55	0	-9.178096
52	55	1	-14.586226
53	55	3	-14.416106
54	55	436	-10.772027
55	55	445	-9.75665
56	55	512	-11.985243
57	55	462	-13.325002
58	55	450	-10.916809
59	55	449	-7.711422
60	55	463	-12.210648
61	55	513	-15.55262
62	55	464	-14.769283
63	55	450	-9.697846
64	55	514	-7.009401
65	55	515	-6.062455
66	55	448	-10.637817
67	55	440	-18.745535
68	55	462	-15.527761
69	55	516	-3.347709
70	55	517	12.377219
71	55	0	13.943979
72	55	2	3.687968
73	55	3	1.60356
74	55	0	0.765916
75	55	0	0.14882
76	55	2	0.037103
77	55	3	0.405049
78	55	2	1.261206
79	55	0	5.141755
80	55	3	16.21907
81	55	3	16.901537
82	55	2	12.378128
83	55	0	12.355502
84	55	427	1.495892
85	55	497	-1.238045
86	55	428	-4.370245
87	55	518	-6.58407
88	55	111	-5.217629
89	55	96	-2.18974
90	55	22	-10.109878
91	55	3	-26.780178
92	55	0	-31.551882
93	55	0	-35.593739
94	55	3	-44.783054
95	55	1	-47.486256
96	55	1	-40.879536
97	55	3	-35.709373
98	55	2	-27.949099
99	55	0	-22.329939
100	55	1	-18.362772
101	55	0	-16.779303
102	55	3	-14.188603
103	55	2	-10.639402
104	55	2	-5.975529
105	55	0	-3.059067
106	55	3	-1.005097
107	55	0	-0.175271
108	55	1	-0.00233
109	55	2	0
110	55	1	0
111	55	2	0
112	55	0	0
113	55	2	0
114	55	94	10.638018
115	55	110	24.683369
116	55	100	33.365818
117	55	2	40.326359
118	55	2	40.884731
119	55	3	39.732365
120	55	1	39.898064
121	55	1	37.158127
122	55	0	36.005669
123	55	0	29.122267
124	55	0	22.33028
125	55	0	19.144793
126	55	1	13.879622
127	55	3	3.631531
128	55	3	0
0	56	1	0
1	56	0	11.747502
2	56	0	20.641481
3	56	0	16.196287
4	56	4	6.85094
5	56	9	1.992267
6	56	26	10.507372
7	56	25	30.721163
8	56	8	57.86533
9	56	0	75.790405
10	56	23	95.219101
11	56	46	103.877144
12	56	25	107.78714
13	56	47	64.623444
14	56	5	33.586342
15	56	457	10.951259
16	56	519	-3.023738
17	56	221	-11.482671
18	56	334	-14.974669
19	56	29	-10.833425
20	56	356	-33.643341
21	56	520	-69.584801
22	56	521	-94.268188
23	56	218	-106.742233
24	56	26	-110.066208
25	56	46	-113.425934
26	56	336	-109.062912
27	56	296	-103.060944
28	56	257	-100.656006
29	56	93	-101.01564
30	56	1	-96.021858
31	56	1	-92.999969
32	56	2	-92.073532
33	56	1	-90.247581
34	56	440	-84.782059
35	56	522	-85.32415
36	56	462	-90.177437
37	56	453	-85.80822
38	56	523	-89.431198
39	56	523	-89.073326
40	56	476	-82.096565
41	56	511	-66.050621
42	56	451	-47.392738
43	56	453	-22.342447
44	56	476	-6.788673
45	56	452	-4.46618
46	56	477	-4.759427
47	56	512	-4.416318
48	56	522	-5.838962
49	56	444	-6.610458
50	56	0	-5.675689
51	56	2	-10.414307
52	56	0	-18.612705
53	56	440	-23.328999
54	56	522	-21.014446
55	56	444	-17.593927
56	56	440	-16.107525
57	56	522	-15.028783
58	56	465	-13.456553
59	56	524	-13.679129
60	56	525	-17.20274
61	56	526	-19.188959
62	56	452	-13.93059
63	56	453	-6.77568
64	56	523	-2.360106
65	56	510	-4.589619
66	56	445	-15.599333
67	56	449	-25.2934
68	56	527	-23.395901
69	56	511	-6.572406
70	56	3	11.299074
71	56	0	13.441045
72	56	2	4.838135
73	56	0	12.622037
74	56	3	17.634209
75	56	3	0.453497
76	56	0	-0.268876
77	56	0	-2.577808
78	56	3	-3.18815
79	56	0	-0.249892
80	56	0	15.123058
81	56	1	15.717016
82	56	2	16.158194
83	56	427	20.055992
84	56	422	12.648239
85	56	528	0.629095
86	56	529	-3.89547
87	56	19	-7.990871
88	56	20	-7.390746
89	56	75	-5.24088
90	56	43	-12.445193
91	56	2	-25.794067
92	56	0	-34.694229
93	56	1	-39.507683
94	56	2	-47.393219
95	56	2	-45.058456
96	56	2	-39.395489
97	56	1	-33.20557
98	56	0	-25.781437
99	56	1	-17.482523
100	56	0	-17.785925
101	56	3	-16.285509
102	56	0	-15.7497
103	56	1	-13.580072
104	56	3	-9.883725
105	56	1	-5.056716
106	56	3	-1.23156
107	56	2	-0.049242
108	56	0	0
109	56	3	0
110	56	2	0
111	56	0	0
112	56	0	0
113	56	0	0.045459
114	56	0	1.463841
115	56	0	5.722115
116	56	2	13.457367
117	56	2	25.082596
118	56	0	32.76902
119	56	2	44.124428
120	56	2	44.374634
121	56	0	46.209927
122	56	1	41.643894
123	56	0	35.998924
124	56	0	28.579645
125	56	3	24.031261
126	56	3	14.700447
127	56	3	2.883126
128	56	0	0
0	57	0	0
1	57	1	9.06822
2	57	0	16.686882
3	57	23	12.572303
4	57	46	5.133013
5	57	30	1.560007
6	57	23	7.197435
7	57	30	26.57563
8	57	3	48.72496
9	57	3	66.617432
10	57	2	88.642265
11	57	4	107.718903
12	57	81	105.277367
13	57	24	81.251198
14	57	471	37.643818
15	57	530	14.36504
16	57	335	0.23628
17	57	258	-7.488959
18	57	49	-7.695891
19	57	217	-2.782837
20	57	531	-10.141545
21	57	490	-43.315773
22	57	245	-76.550919
23	57	202	-95.863007
24	57	62	-107.538597
25	57	63	-114.576248
26	57	257	-116.922821
27	57	93	-109.73555
28	57	0	-101.651428
29	57	1	-97.826653
30	57	3	-92.404732
31	57	1	-87.164154
32	57	1	-84.154808
33	57	0	-81.455933
34	57	3	-77.220589
35	57	440	-83.07798
36	57	462	-87.789322
37	57	452	-91.878967
38	57	462	-99.720039
39	57	452	-101.120506
40	57	477	-98.042625
41	57	449	-85.198669
42	57	506	-69.538559
43	57	527	-52.89283
44	57	450	-39.80278
45	57	449	-37.270958
46	57	450	-32.520058
47	57	437	-25.731379
48	57	3	-21.150145
49	57	436	-20.555683
50	57	437	-18.292843
51	57	3	-25.05158
52	57	436	-30.535362
53	57	445	-26.95546
54	57	437	-20.298803
55	57	532	-15.99772
56	57	533	-14.279303
57	57	534	-11.411248
58	57	535	-10.23725
59	57	536	-8.637506
60	57	537	-10.426465
61	57	450	-11.133911
62	57	449	-7.645461
63	57	538	-1.373745
64	57	539	-1.798008
65	57	505	-6.573405
66	57	463	-14.280313
67	57	491	-22.667469
68	57	444	-22.306065
69	57	2	-14.03152
70	57	0	-0.090263
71	57	1	1.554344
72	57	0	2.136497
73	57	1	18.546293
74	57	2	18.857752
75	57	2	7.894782
76	57	0	-1.540635
77	57	1	-4.702984
78	57	1	-5.840951
79	57	1	-2.810924
80	57	2	1.184729
81	57	406	3.967068
82	57	421	10.807885
83	57	528	12.958018
84	57	429	10.976801
85	57	94	0.755385
86	57	315	-4.27889
87	57	237	-8.268934
88	57	94	-7.409588
89	57	100	-9.961046
90	57	1	-12.032913
91	57	0	-19.101418
92	57	1	-29.331015
93	57	2	-34.86087
94	57	1	-37.280323
95	57	3	-33.624645
96	57	2	-28.484278
97	57	1	-22.320433
98	57	3	-16.684795
99	57	2	-9.953712
100	57	3	-13.585036
101	57	2	-15.128251
102	57	3	-15.877451
103	57	2	-18.735767
104	57	0	-15.715001
105	57	3	-6.120068
106	57	1	-0.392308
107	57	3	0
108	57	3	0
109	57	2	0
110	57	0	0
111	57	1	0.001174
112	57	1	0.011734
113	57	0	0.058762
114	57	3	0.461762
115	57	68	2.415442
116	57	91	7.515726
117	57	91	19.217382
118	57	91	35.593006
119	57	62	44.468296
120	57	0	44.947842
121	57	3	46.384094
122	57	0	43.601646
123	57	1	35.115612
124	57	0	30.09281
125	57	2	27.05467
126	57	1	15.077102
127	57	0	4.693696
128	57	2	0
0	58	2	0
1	58	1	5.844015
2	58	0	11.878909
3	58	3	14.030425
4	58	3	9.256493
5	58	1	2.983266
6	58	0	9.447361
7	58	7	22.993347
8	58	8	45.114269
9	58	3	63.029728
10	58	23	84.105644
11	58	25	97.210556
12	58	47	87.665695
13	58	469	81.068359
14	58	540	43.00317
15	58	9	16.166559
16	58	11	2.810477
17	58	12	-4.188498
18	58	248	-1.85087
19	58	223	-1.604678
20	58	330	-14.215139
21	58	127	-56.317329
22	58	258	-82.899437
23	58	12	-97.542007
24	58	92	-106.49691
25	58	93	-113.973946
26	58	3	-111.179741
27	58	1	-101.60424
28	58	68	-92.073639
29	58	91	-81.666611
30	58	62	-69.39093
31	58	2	-54.744469
32	58	1	-53.190784
33	58	3	-58.974728
34	58	1	-58.829098
35	58	440	-64.345505
36	58	444	-73.195015
37	58	440	-81.125725
38	58	444	-94.24221
39	58	440	-99.149666
40	58	522	-99.070671
41	58	522	-90.64859
42	58	522	-79.225136
43	58	462	-65.660675
44	58	463	-54.550095
45	58	464	-51.414646
46	58	450	-42.833065
47	58	437	-34.765038
48	58	451	-27.904091
49	58	511	-26.437973
50	58	436	-28.377331
51	58	449	-33.11932
52	58	452	-36.514553
53	58	477	-24.500309
54	58	541	-13.13479
55	58	542	-10.469563
56	58	543	-10.9099
57	58	544	-6.787547
58	58	452	-3.000429
59	58	462	-1.746641
60	58	527	-0.953459
61	58	527	-1.998119
62	58	545	-1.516599
63	58	546	-2.246304
64	58	466	-7.650886
65	58	547	-16.531668
66	58	548	-18.256433
67	58	1	-15.903543
68	58	0	-12.93504
69	58	2	-8.409274
70	58	2	-3.451193
71	58	2	-0.013154
72	58	0	0.097206
73	58	1	3.551882
74	58	3	14.652507
75	58	1	0
76	58	3	1.222188
77	58	1	3.450521
78	58	3	2.029597
79	58	2	-2.633902
80	58	427	-0.868466
81	58	528	-3.222683
82	58	429	-3.576983
83	58	1	-0.878412
84	58	42	-0.18497
85	58	324	-2.90433
86	58	96	-6.105794
87	58	50	-6.838266
88	58	22	-5.133321
89	58	1	-5.197068
90	58	436	-11.073977
91	58	437	-14.139417
92	58	436	-19.285408
93	58	437	-22.545237
94	58	3	-22.206467
95	58	2	-21.312031
96	58	1	-18.568197
97	58	3	-12.632748
98	58	0	-7.181972
99	58	2	-2.593295
100	58	3	-15.244606
101	58	1	-19.298775
102	58	0	-25.09551
103	58	1	-22.466137
104	58	3	-16.412073
105	58	3	-14.172319
106	58	2	-12.004587
107	58	2	-5.217122
108	58	2	0
109	58	1	0
110	58	0	0
111	58	2	0.06329
112	58	3	0.465846
113	58	68	0.774439
114	58	106	1.009664
115	58	107	1.698133
116	58	127	6.356017
117	58	258	18.679199
118	58	49	36.393723
119	58	3	42.009434
120	58	2	38.630875
121	58	3	32.391911
122	58	3	26.372511
123	58	1	25.546972
124	58	0	27.783781
125	58	1	24.421242
126	58	2	15.722881
127	58	2	6.814495
128	58	2	0
0	59	2	0
1	59	0	7.730962
2	59	0	18.10792
3	59	0	21.992968
4	59	3	16.159935
5	59	2	6.33317
6	59	23	8.923797
7	59	25	18.917141
8	59	10	40.139782
9	59	8	59.891098
10	59	23	72.294487
11	59	46	77.645554
12	59	24	71.535362
13	59	5	58.907753
14	59	457	36.305958
15	59	461	26.596354
16	59	549	5.460831
17	59	550	-0.22158
18	59	225	-1.287812
19	59	226	-10.722779
20	59	3	-35.018665
21	59	217	-73.204575
22	59	259	-94.98671
23	59	12	-108.252754
24	59	62	-109.259132
25	59	0	-103.807442
26	59	1	-91.386322
27	59	126	-79.355164
28	59	258	-68.332016
29	59	218	-56.992222
30	59	8	-40.625504
31	59	1	-19.755766
32	59	0	-12.629274
33	59	1	-17.891104
34	59	1	-23.281128
35	59	3	-30.85243
36	59	2	-43.498905
37	59	3	-50.69326
38	59	0	-69.85981
39	59	3	-82.356178
40	59	0	-87.872147
41	59	0	-84.24276
42	59	451	-77.093842
43	59	514	-63.800888
44	59	551	-55.583832
45	59	452	-52.906998
46	59	444	-45.411949
47	59	451	-36.759464
48	59	511	-29.106596
49	59	440	-24.921247
50	59	462	-24.25473
51	59	511	-25.966064
52	59	451	-33.014763
53	59	450	-25.143892
54	59	541	-15.169408
55	59	455	-12.077456
56	59	451	-13.53798
57	59	511	-7.078676
58	59	451	-0.516534
59	59	506	0
60	59	463	-1.116663
61	59	507	-3.489534
62	59	552	-4.847782
63	59	553	-6.822606
64	59	554	-16.014631
65	59	555	-25.339909
66	59	3	-25.570456
67	59	3	-16.08423
68	59	0	-8.07477
69	59	0	-4.4373
70	59	0	-0.458549
71	59	1	0
72	59	0	0
73	59	0	0
74	59	3	0
75	59	3	0.499689
76	59	1	1.616349
77	59	2	6.672476
78	59	3	6.172466
79	59	420	0.448524
80	59	429	-1.941706
81	59	3	-6.453339
82	59	14	-8.954452
83	59	162	-5.484053
84	59	556	-3.982883
85	59	431	-5.747909
86	59	184	-6.409331
87	59	70	-4.977975
88	59	43	-2.693171
89	59	451	-0.994784
90	59	450	-7.376967
91	59	512	-10.217117
92	59	444	-10.909112
93	59	2	-11.754466
94	59	0	-10.424132
95	59	0	-12.248663
96	59	0	-10.331138
97	59	2	-6.145511
98	59	2	-1.234107
99	59	0	-6.926797
100	59	0	-9.581557
101	59	1	-20.835604
102	59	1	-27.668718
103	59	0	-26.886162
104	59	0	-21.069817
105	59	3	-18.932974
106	59	42	-16.290224
107	59	164	-11.565613
108	59	22	-7.713501
109	59	42	0
110	59	35	0.000054
111	59	43	0.524425
112	59	126	3.731756
113	59	127	9.146807
114	59	271	3.550004
115	59	91	2.884376
116	59	106	4.45566
117	59	49	14.728595
118	59	1	28.18965
119	59	0	30.614336
120	59	1	25.116428
121	59	3	18.774075
122	59	2	14.678475
123	59	1	16.743795
124	59	1	24.189688
125	59	2	22.446743
126	59	2	14.626569
127	59	0	6.447215
128	59	0	0
0	60	2	0
1	60	0	10.321345
2	60	3	20.635742
3	60	0	22.690634
4	60	3	14.946712
5	60	0	5.767229
6	60	23	6.040951
7	60	46	16.056311
8	60	30	33.621426
9	60	7	57.052723
10	60	8	66.092476
11	60	23	61.744396
12	60	24	53.008411
13	60	469	39.218925
14	60	540	28.691681
15	60	469	15.533765
16	60	540	-4.439877
17	60	27	-1.313458
18	60	85	-7.098592
19	60	8	-21.712267
20	60	217	-46.243507
21	60	334	-75.539421
22	60	107	-96.239098
23	60	93	-109.499138
24	60	68	-109.494881
25	60	62	-85.686668
26	60	7	-54.970913
27	60	86	-43.293812
28	60	409	-34.820332
29	60	30	-21.55374
30	60	0	-0.058758
31	60	7	11.451857
32	60	8	6.639078
33	60	1	-1.339429
34	60	7	-4.418947
35	60	10	-7.871972
36	60	8	-11.29132
37	60	2	-17.781475
38	60	1	-30.650814
39	60	436	-49.36338
40	60	437	-61.622917
41	60	451	-66.36261
42	60	453	-58.658306
43	60	476	-53.347504
44	60	450	-46.80183
45	60	445	-47.974754
46	60	449	-42.079067
47	60	450	-34.798298
48	60	445	-27.379353
49	60	512	-21.493076
50	60	444	-10.179948
51	60	440	-14.043319
52	60	522	-27.644991
53	60	477	-32.828621
54	60	445	-26.937584
55	60	449	-20.480034
56	60	511	-17.403667
57	60	451	-8.594202
58	60	506	-0.79101
59	60	453	-0.265082
60	60	523	-3.170615
61	60	495	-8.209368
62	60	557	-12.083648
63	60	455	-13.463841
64	60	1	-20.932705
65	60	2	-28.313005
66	60	2	-26.293198
67	60	2	-15.287227
68	60	1	-6.339808
69	60	0	-2.355907
70	60	3	0
71	60	1	0
72	60	0	0
73	60	2	0
74	60	0	0.104853
75	60	3	0.814637
76	60	0	3.88026
77	60	2	13.426938
78	60	3	20.468849
79	60	0	8.394058
80	60	14	-0.600126
81	60	40	-4.900735
82	60	74	-6.284262
83	60	128	-4.17274
84	60	32	-3.052797
85	60	109	-4.581575
86	60	110	-4.154817
87	60	100	-1.895506
88	60	451	-0.382521
89	60	452	-0.368243
90	60	444	-0.529254
91	60	0	-0.747974
92	60	1	-0.909005
93	60	1	-0.740146
94	60	1	-1.460763
95	60	0	-1.912359
96	60	1	-1.353465
97	60	0	-0.060214
98	60	3	-0.301389
99	60	3	-7.698842
100	60	1	-12.725466
101	60	3	-17.077253
102	60	1	-23.295898
103	60	2	-26.205681
104	60	3	-25.279753
105	60	55	-20.523666
106	60	128	-15.630939
107	60	75	-11.920113
108	60	99	-8
109	60	53	0
110	60	100	0.005393
111	60	2	1.596014
112	60	1	20.82333
113	60	217	22.064882
114	60	334	20.875256
115	60	558	2.89303
116	60	559	1.587802
117	60	91	5.512304
118	60	62	12.262854
119	60	0	7.949106
120	60	2	7.423989
121	60	1	7.251646
122	60	3	8.278704
123	60	2	13.146599
124	60	2	21.130657
125	60	0	20.266062
126	60	0	12.88651
127	60	0	4.725623
128	60	1	0
0	61	3	0
1	61	2	6.904907
2	61	1	11.672853
3	61	3	14.191384
4	61	0	11.545064
5	61	2	5.507053
6	61	1	3.391031
7	61	68	11.39515
8	61	66	23.70326
9	61	67	44.622299
10	61	8	59.327053
11	61	23	51.810471
12	61	24	37.033482
13	61	5	22.120079
14	61	5	7.553182
15	61	81	-4.819052
16	61	356	-15.974471
17	61	256	-15.13072
18	61	202	-13.771521
19	61	92	-27.107042
20	61	258	-48.395485
21	61	12	-77.011513
22	61	62	-102.12854
23	61	246	-112.438057
24	61	65	-107.04026
25	61	199	-81.248863
26	61	90	-45.982918
27	61	91	-25.821421
28	61	13	-4.353799
29	61	10	4.592204
30	61	26	17.936762
31	61	30	25.314516
32	61	2	30.789268
33	61	23	19.641218
34	61	46	13.146889
35	61	30	8.056234
36	61	1	2.057041
37	61	1	-1.552733
38	61	440	-3.476873
39	61	477	-2.362674
40	61	512	-15.320804
41	61	462	-31.529955
42	61	463	-37.865467
43	61	464	-38.689404
44	61	505	-35.543766
45	61	452	-30.68981
46	61	522	-30.142801
47	61	462	-25.707104
48	61	450	-18.843287
49	61	463	-9.698392
50	61	464	-1.695529
51	61	445	-5.51365
52	61	449	-20.440428
53	61	463	-34.776863
54	61	513	-34.638531
55	61	464	-28.354065
56	61	538	-20.254736
57	61	560	-9.689163
58	61	464	-1.555098
59	61	505	-0.26835
60	61	505	-2.872428
61	61	450	-8.236676
62	61	445	-13.964495
63	61	437	-16.709665
64	61	2	-21.483107
65	61	436	-24.762682
66	61	437	-19.149317
67	61	1	-9.727901
68	61	0	-4.090772
69	61	0	-1.374947
70	61	1	0
71	61	1	0
72	61	1	0
73	61	2	0
74	61	1	0.89843
75	61	0	7.250253
76	61	2	7.990381
77	61	3	17.341124
78	61	0	21.765501
79	61	31	11.533557
80	61	32	1.608763
81	61	33	-0.057564
82	61	96	0.598485
83	61	287	2.456426
84	61	80	1.826343
85	61	2	-0.48333
86	61	0	-0.911429
87	61	451	-0.203077
88	61	450	-0.090448
89	61	437	-0.029201
90	61	436	-0.032295
91	61	437	-0.039243
92	61	1	-0.036129
93	61	2	-0.036382
94	61	3	-0.022489
95	61	2	-0.009278
96	61	1	0
97	61	2	0
98	61	2	0
99	61	3	-7.938215
100	61	0	-12.929502
101	61	3	-15.929735
102	61	1	-19.052898
103	61	42	-23.463501
104	61	76	-23.242767
105	61	100	-19.004011
106	61	94	-12.501633
107	61	110	-11.219194
108	61	100	-8
109	61	0	-0.009748
110	61	2	-0.370117
111	61	2	2.481865
112	61	126	14.921997
113	61	561	20.77857
114	61	562	21.491238
115	61	563	1.810691
116	61	564	-2.636792
117	61	12	-2.608687
118	61	62	-7.19544
119	61	2	-9.52456
120	61	2	-3.933869
121	61	1	1.017651
122	61	2	7.032259
123	61	1	13.568899
124	61	1	20.589123
125	61	2	18.813808
126	61	1	10.003345
127	61	3	3.08766
128	61	0	0
0	62	3	0
1	62	2	0.851093
2	62	3	2.674632
3	62	0	6.798178
4	62	1	11.284073
5	62	0	9.715652
6	62	126	4.808179
7	62	258	7.862507
8	62	245	19.490971
9	62	202	38.286423
10	62	13	48.6049
11	62	47	43.834183
12	62	5	27.140459
13	62	81	7.341712
14	62	30	-7.173623
15	62	126	-16.031481
16	62	258	-20.054155
17	62	107	-20.813284
18	62	271	-15.27015
19	62	92	-25.944534
20	62	295	-47.453625
21	62	85	-81.258781
22	62	309	-104.5868
23	62	255	-114.914986
24	62	65	-111.15818
25	62	248	-88.545097
26	62	28	-59.681507
27	62	245	-33.284611
28	62	269	-11.069851
29	62	30	-5.486288
30	62	0	11.989587
31	62	2	27.188948
32	62	0	41.778801
33	62	3	40.084404
34	62	1	35.265163
35	62	1	28.897558
36	62	2	18.247812
37	62	2	7.487569
38	62	440	3.402769
39	62	477	0.763532
40	62	449	-0.116476
41	62	453	-2.069144
42	62	476	-8.477809
43	62	452	-11.083202
44	62	444	-9.251515
45	62	3	-6.558891
46	62	440	-3.605723
47	62	462	-3.694897
48	62	453	-2.273568
49	62	565	-0.008094
50	62	466	0
51	62	560	-1.61499
52	62	507	-9.452454
53	62	566	-22.38809
54	62	476	-28.559235
55	62	545	-26.091206
56	62	567	-21.005444
57	62	526	-14.86165
58	62	527	-10.031374
59	62	505	-4.203728
60	62	527	-0.785592
61	62	452	-3.813975
62	62	444	-9.069416
63	62	436	-14.392477
64	62	449	-20.822367
65	62	511	-22.961899
66	62	0	-16.123898
67	62	3	-7.518309
68	62	1	-2.006455
69	62	1	-0.155821
70	62	1	0
71	62	2	0
72	62	2	0.002977
73	62	2	0.283146
74	62	1	13.255194
75	62	1	23.208519
76	62	3	20.711191
77	62	3	12.321003
78	62	14	15.175722
79	62	40	10.285992
80	62	184	5.454527
81	62	129	4.424793
82	62	75	14.043028
83	62	43	19.434187
84	62	1	13.464626
85	62	1	10.049939
86	62	451	3.217354
87	62	452	0.329039
88	62	477	0.016697
89	62	512	-0.000139
90	62	444	-0.000054
91	62	436	-0.000734
92	62	445	-0.001057
93	62	437	-0.000753
94	62	2	-0.000349
95	62	2	-0.000028
96	62	1	0
97	62	3	0
98	62	1	0
99	62	3	-1.618908
100	62	1	-10.019164
101	62	2	-14.518656
102	62	94	-14.674347
103	62	100	-10.413687
104	62	0	-12.235369
105	62	0	-11.733783
106	62	3	-10.974468
107	62	2	-8
108	62	3	-4.712865
109	62	0	-0.052121
110	62	568	-2.867221
111	62	569	-2.957004
112	62	570	4.337801
113	62	571	5.264142
114	62	571	1.533755
115	62	572	-9.749547
116	62	258	-12.606871
117	62	573	-13.614357
118	62	574	-15.968819
119	62	574	-11.026258
120	62	569	-0.929599
121	62	0	8.827744
122	62	2	11.530137
123	62	3	13.110645
124	62	2	17.564526
125	62	3	13.958953
126	62	3	5.215609
127	62	1	0.271378
128	62	1	0
0	63	3	0
1	63	0	0
2	63	0	0.006808
3	63	1	5.21944
4	63	3	10.850063
5	63	2	10.358524
6	63	126	4.25803
7	63	258	3.097949
8	63	334	14.00534
9	63	245	34.912296
10	63	269	45.90591
11	63	24	40.080166
12	63	6	20.160568
13	63	0	-3.739828
14	63	0	-16.235767
15	63	246	-20.35903
16	63	85	-21.999451
17	63	11	-20.896387
18	63	12	-14.338005
19	63	125	-19.648176
20	63	5	-40.468494
21	63	27	-78.495201
22	63	89	-103.406715
23	63	336	-115.985748
24	63	89	-116.326393
25	63	268	-101.497429
26	63	222	-73.728661
27	63	85	-55.436779
28	63	247	-35.542461
29	63	62	-27.313528
30	63	0	-13.613755
31	63	3	7.54991
32	63	0	32.158272
33	63	3	45.336163
34	63	0	53.30085
35	63	3	50.858917
36	63	3	41.052166
37	63	1	24.305916
38	63	440	17.133059
39	63	462	15.397484
40	63	450	11.388164
41	63	512	2.882309
42	63	444	0
43	63	1	0
44	63	1	0
45	63	2	0
46	63	440	0
47	63	506	0
48	63	453	0
49	63	575	0
50	63	576	0
51	63	566	-0.169115
52	63	565	-1.821252
53	63	466	-7.129595
54	63	577	-11.822321
55	63	535	-13.525276
56	63	537	-14.620647
57	63	522	-19.049822
58	63	522	-20.920847
59	63	462	-14.200433
60	63	450	-4.149506
61	63	445	-0.313305
62	63	449	-3.255051
63	63	506	-9.707499
64	63	511	-18.417622
65	63	3	-24.058397
66	63	2	-21.82123
67	63	1	-14.120155
68	63	0	-6.951802
69	63	0	-0.441218
70	63	3	0
71	63	0	0
72	63	2	0.022062
73	63	3	1.129843
74	63	3	7.21144
75	63	1	19.696701
76	63	0	17.094347
77	63	101	5.816979
78	63	20	3.107925
79	63	241	7.67122
80	63	100	8.297636
81	63	146	12.353219
82	63	112	20.299362
83	63	1	30.56193
84	63	1	27.336061
85	63	440	18.512058
86	63	444	5.141243
87	63	451	0.632229
88	63	450	0.089363
89	63	445	0.058318
90	63	449	0.045959
91	63	505	0.023386
92	63	511	0.006893
93	63	0	0.00076
94	63	1	0.000052
95	63	1	0.000002
96	63	2	0
97	63	3	0
98	63	0	0
99	63	3	0
100	63	2	-0.091687
101	63	3	-2.780183
102	63	0	-5.241042
103	63	2	-5.309424
104	63	2	0
105	63	0	0
106	63	3	-1.732779
107	63	0	-0.729259
108	63	1	0
109	63	578	1.930928
110	63	579	11.501205
111	63	580	12.252637
112	63	581	1.345978
113	63	571	-5.362734
114	63	582	-11.286943
115	63	583	-15.715503
116	63	584	-20.351593
117	63	585	-21.071213
118	63	581	-17.686577
119	63	586	-2.547494
120	63	3	9.54921
121	63	1	15.255748
122	63	3	13.098634
123	63	2	9.981691
124	63	1	7.928347
125	63	3	4.32218
126	63	1	0.935223
127	63	0	0.041959
128	63	3	0
0	64	0	0
1	64	3	0
2	64	2	0
3	64	3	1.664677
4	64	2	5.434824
5	64	3	5.299675
6	64	217	1.408262
7	64	107	0.672728
8	64	258	8.37253
9	64	218	26.906382
10	64	47	37.303944
11	64	9	31.864201
12	64	8	13.984753
13	64	1	-9.287254
14	64	23	-18.432077
15	64	24	-21.271547
16	64	27	-21.461668
17	64	88	-19.866014
18	64	223	-10.65401
19	64	81	-13.917338
20	64	46	-29.619987
21	64	30	-61.483185
22	64	63	-97.081055
23	64	226	-113.29866
24	64	217	-117.808189
25	64	245	-111.448006
26	64	64	-97.719391
27	64	48	-82.658401
28	64	12	-64.466187
29	64	91	-47.94603
30	64	62	-40.434326
31	64	2	-26.486111
32	64	2	-0.735403
33	64	3	29.290617
34	64	2	50.639263
35	64	2	56.115219
36	64	0	53.388096
37	64	1	43.022316
38	64	451	30.609062
39	64	452	32.717312
40	64	444	28.981174
41	64	436	17.641823
42	64	437	2.587176
43	64	1	0
44	64	3	0
45	64	0	0
46	64	462	0
47	64	538	0
48	64	547	0
49	64	587	0
50	64	588	0
51	64	441	0
52	64	542	0
53	64	589	-0.139038
54	64	565	-1.49484
55	64	464	-2.557144
56	64	532	-5.952554
57	64	590	-14.612366
58	64	440	-25.64529
59	64	522	-23.796795
60	64	462	-10.734599
61	64	505	-0.852061
62	64	506	-0.589863
63	64	511	-4.655223
64	64	3	-12.880838
65	64	3	-20.886318
66	64	0	-24.678411
67	64	1	-24.057377
68	64	2	-16.070473
69	64	0	-5.510221
70	64	2	0
71	64	0	0.000004
72	64	1	0.029836
73	64	3	0.696563
74	64	2	3.9502
75	64	42	7.484211
76	64	36	7.938783
77	64	237	3.503546
78	64	1	1.610144
79	64	0	4.786335
80	64	31	10.418097
81	64	75	13.686633
82	64	43	25.809036
83	64	1	31.018188
84	64	0	21.939877
85	64	1	13.576997
86	64	451	4.010765
87	64	452	0.879585
88	64	522	0.629432
89	64	522	0.905238
90	64	462	0.825555
91	64	511	0.424179
92	64	436	0.07933
93	64	445	0.012212
94	64	445	0.001913
95	64	437	0.000015
96	64	2	0
97	64	1	0
98	64	2	0
99	64	1	0
100	64	0	0
101	64	2	0
102	64	1	0
103	64	3	0
104	64	0	0
105	64	568	0
106	64	591	0
107	64	592	0
108	64	569	0
109	64	593	16.430229
110	64	585	26.389198
111	64	581	28.042229
112	64	594	16.650833
113	64	595	-4.381015
114	64	596	-12.735091
115	64	334	-14.464726
116	64	597	-14.931409
117	64	594	-18.247614
118	64	598	-13.936451
119	64	0	-1.154364
120	64	1	13.962576
121	64	2	16.418755
122	64	0	11.036249
123	64	1	5.796449
124	64	3	2.468901
125	64	1	2.190992
126	64	0	1.87831
127	64	3	0.904923
128	64	2	0
0	65	3	0
1	65	0	0
2	65	3	0
3	65	3	0
4	65	0	0.774578
5	65	126	0.956908
6	65	93	0.226081
7	65	126	0.029763
8	65	234	3.236926
9	65	269	16.578962
10	65	24	22.618603
11	65	6	19.156292
12	65	7	5.531248
13	65	10	-6.050467
14	65	47	-15.793225
15	65	457	-18.526905
16	65	458	-18.71068
17	65	225	-13.867884
18	65	226	-1.414948
19	65	7	-2.985586
20	65	10	-17.325159
21	65	86	-46.316528
22	65	286	-76.362305
23	65	341	-106.329735
24	65	28	-118.911278
25	65	326	-119.739372
26	65	27	-112.835609
27	65	28	-101.462486
28	65	334	-87.243401
29	65	49	-68.133987
30	65	2	-63.159653
31	65	0	-50.736362
32	65	0	-30.016464
33	65	3	-0.93902
34	65	0	30.290525
35	65	2	49.538765
36	65	0	50.828423
37	65	440	46.773563
38	65	444	34.760395
39	65	3	39.660759
40	65	440	32.805061
41	65	444	18.880629
42	65	436	5.067115
43	65	445	0
44	65	437	0
45	65	440	0
46	65	599	0
47	65	600	0
48	65	576	0
49	65	601	0
50	65	3	0
51	65	494	0
52	65	565	0
53	65	507	0
54	65	508	0
55	65	602	0.907057
56	65	603	2.35132
57	65	3	-3.80735
58	65	2	-19.95982
59	65	451	-27.101768
60	65	527	-15.098898
61	65	527	-2.8265
62	65	450	-0.126721
63	65	3	-1.555084
64	65	0	-8.560072
65	65	2	-15.128904
66	65	2	-19.439096
67	65	0	-23.559532
68	65	1	-21.972113
69	65	0	-9.858994
70	65	0	-0.355994
71	65	1	0
72	65	3	0.006046
73	65	0	0.204112
74	65	94	1.814165
75	65	110	8.296371
76	65	100	8.64252
77	65	1	4.934832
78	65	0	1.945567
79	65	3	2.262452
80	65	94	6.546377
81	65	100	10.527158
82	65	2	20.612087
83	65	0	22.34734
84	65	1	14.903119
85	65	451	6.670481
86	65	450	5.343502
87	65	445	2.484691
88	65	437	2.198219
89	65	451	7.598557
90	65	511	8.595384
91	65	440	2.645162
92	65	462	0.77009
93	65	506	0.26491
94	65	511	0.006157
95	65	3	0.000043
96	65	2	0
97	65	1	0
98	65	0	0
99	65	1	0
100	65	1	0
101	65	0	0
102	65	2	0
103	65	2	0
104	65	578	0
105	65	604	0
106	65	562	0
107	65	582	0
108	65	605	5.364355
109	65	606	25.892151
110	65	585	33.381042
111	65	582	35.28664
112	65	607	28.83662
113	65	608	0.657317
114	65	609	-9.058842
115	65	562	-1.848082
116	65	582	10.345683
117	65	574	-3.806404
118	65	569	-10.343671
119	65	2	-7.852048
120	65	1	1.556752
121	65	0	7.765077
122	65	2	7.994218
123	65	3	6.599096
124	65	3	3.239021
125	65	2	4.551333
126	65	0	6.779556
127	65	3	4.312766
128	65	0	0
0	66	0	0
1	66	2	0
2	66	1	0
3	66	1	0
4	66	2	0
5	66	0	0
6	66	2	0.051663
7	66	126	0.240531
8	66	286	0.71952
9	66	47	3.984842
10	66	9	7.818926
11	66	309	4.519437
12	66	256	0.878818
13	66	474	-0.872008
14	66	610	-3.896991
15	66	504	-8.044239
16	66	255	-6.468506
17	66	85	-0.401529
18	66	47	0
19	66	5	-0.185878
20	66	9	-9.871781
21	66	47	-38.979118
22	66	5	-60.93795
23	66	330	-99.958588
24	66	87	-120.111046
25	66	225	-126.126274
26	66	221	-122.654877
27	66	107	-112.737419
28	66	93	-102.08741
29	66	0	-85.910217
30	66	3	-82.625847
31	66	3	-70.737595
32	66	1	-50.647923
33	66	2	-24.185539
34	66	0	5.192547
35	66	1	24.879335
36	66	436	29.881441
37	66	445	30.917671
38	66	437	32.274345
39	66	0	39.31007
40	66	2	35.719906
41	66	440	15.718027
42	66	462	2.181507
43	66	511	0
44	66	0	0
45	66	451	0
46	66	514	0
47	66	566	0
48	66	603	0
49	66	532	0
50	66	611	0
51	66	509	0
52	66	523	0
53	66	523	0
54	66	476	0
55	66	450	2.194624
56	66	445	5.562397
57	66	437	4.850492
58	66	451	-11.862637
59	66	527	-25.18096
60	66	452	-17.29236
61	66	462	-4.795864
62	66	3	-0.108511
63	66	3	-2.761103
64	66	1	-8.283718
65	66	0	-10.135767
66	66	2	-9.881881
67	66	1	-17.754143
68	66	0	-21.50876
69	66	3	-10.968091
70	66	1	-0.8058
71	66	1	0
72	66	0	0
73	66	2	0.018218
74	66	3	0.726129
75	66	2	8.33838
76	66	1	9.712404
77	66	1	5.07333
78	66	0	9.859855
79	66	0	7.175722
80	66	2	3.172234
81	66	2	4.867627
82	66	0	13.116581
83	66	1	16.487288
84	66	451	9.841927
85	66	505	16.043009
86	66	452	15.397839
87	66	477	7.594162
88	66	512	8.190455
89	66	444	13.403014
90	66	436	14.051085
91	66	449	11.589844
92	66	452	10.269295
93	66	444	0.519863
94	66	1	0.010835
95	66	3	0.000159
96	66	3	0
97	66	0	0
98	66	0	0
99	66	0	0
100	66	3	0
101	66	2	0
102	66	0	0
103	66	568	0
104	66	607	0
105	66	585	0
106	66	581	0
107	66	581	1.097801
108	66	563	11.570102
109	66	606	30.711245
110	66	612	38.074696
111	66	608	36.945053
112	66	562	23.27758
113	66	594	1.086429
114	66	613	-0.02441
115	66	595	15.727575
116	66	581	13.786576
117	66	586	0.391703
118	66	2	-5.784553
119	66	3	-4.463094
120	66	0	0.024397
121	66	2	7.31083
122	66	0	13.142741
123	66	1	15.560629
124	66	2	8.891929
125	66	0	13.397001
126	66	1	21.492559
127	66	0	14.935771
128	66	1	0
0	67	0	0
1	67	3	0
2	67	2	0
3	67	3	0
4	67	0	0
5	67	7	0.03933
6	67	247	0.644007
7	67	125	3.32302
8	67	5	4.589063
9	67	5	2.542352
10	67	27	0.398849
11	67	88	0.122678
12	67	614	0.021117
13	67	490	0
14	67	615	-0.042616
15	67	550	0
16	67	5	0
17	67	81	0
18	67	24	-0.132278
19	67	225	-0.677058
20	67	64	-5.383451
21	67	81	-24.811197
22	67	25	-47.122547
23	67	47	-91.560303
24	67	330	-122.238289
25	67	127	-130.850952
26	67	93	-128.996445
27	67	2	-114.799713
28	67	1	-106.583923
29	67	0	-102.862442
30	67	0	-98.292992
31	67	1	-84.006691
32	67	2	-64.867455
33	67	436	-38.886456
34	67	445	-11.171662
35	67	449	7.274105
36	67	505	13.740965
37	67	450	16.81118
38	67	437	20.748325
39	67	436	21.081707
40	67	445	18.588104
41	67	512	9.305084
42	67	477	0
43	67	445	0
44	67	616	0
45	67	577	0
46	67	551	0
47	67	478	0
48	67	534	0
49	67	566	0
50	67	476	0
51	67	505	0
52	67	506	4.289329
53	67	505	1.208414
54	67	527	0
55	67	506	2.650841
56	67	511	7.422773
57	67	451	5.873371
58	67	505	-10.942583
59	67	511	-24.343515
60	67	451	-19.96789
61	67	3	-8.949262
62	67	1	-4.730242
63	67	2	-6.685646
64	67	0	-9.384636
65	67	0	-7.65476
66	67	0	-6.862665
67	67	3	-14.118575
68	67	0	-20.054222
69	67	3	-10.871902
70	67	2	-0.592215
71	67	1	0
72	67	406	0
73	67	407	0.004788
74	67	3	0.439374
75	67	406	5.344586
76	67	414	10.415432
77	67	407	9.276182
78	67	0	12.548205
79	67	2	13.44323
80	67	0	6.261661
81	67	2	2.490808
82	67	2	4.793458
83	67	451	13.253897
84	67	452	16.693163
85	67	444	20.951551
86	67	451	17.217134
87	67	511	12.087821
88	67	436	8.607204
89	67	449	13.166805
90	67	505	10.999098
91	67	511	11.178184
92	67	2	10.375049
93	67	0	0.538261
94	67	1	0.033189
95	67	1	0.008644
96	67	3	0
97	67	1	0
98	67	2	0
99	67	3	0
100	67	568	0
101	67	569	0
102	67	578	0
103	67	604	0
104	67	606	0
105	67	612	0
106	67	612	0
107	67	612	1.715788
108	67	608	11.393177
109	67	564	30.794193
110	67	597	34.023178
111	67	581	24.748064
112	67	586	10.046893
113	67	3	-2.112097
114	67	578	4.984755
115	67	613	20.472586
116	67	598	14.282165
117	67	2	3.456443
118	67	1	4.899886
119	67	3	9.442199
120	67	2	11.638549
121	67	3	14.320087
122	67	2	17.255623
123	67	2	17.254492
124	67	3	14.252507
125	67	2	21.985933
126	67	1	35.557243
127	67	1	24.408785
128	67	2	0
0	68	0	0
1	68	3	0
2	68	0	0
3	68	68	0.000002
4	68	66	0.030688
5	68	255	0.592058
6	68	296	3.909778
7	68	64	11.171473
8	68	457	12.359752
9	68	458	8.382961
10	68	225	0.67244
11	68	256	-0.004993
12	68	520	0
13	68	617	0
14	68	618	0
15	68	5	0
16	68	9	-2.484711
17	68	47	-7.693986
18	68	48	-10.578479
19	68	29	-10.00006
20	68	90	-13.428757
21	68	125	-22.394699
22	68	5	-57.257042
23	68	6	-96.999535
24	68	2	-122.829163
25	68	7	-131.446442
26	68	247	-132.533539
27	68	62	-123.464935
28	68	1	-110.489922
29	68	3	-111.215569
30	68	0	-102.724503
31	68	1	-89.335892
32	68	451	-70.351563
33	68	505	-44.532227
34	68	527	-15.483709
35	68	527	-0.779972
36	68	506	3.388553
37	68	450	7.316072
38	68	512	11.7876
39	68	462	21.713251
40	68	450	16.090395
41	68	463	4.630345
42	68	464	0
43	68	545	0
44	68	576	0
45	68	551	0
46	68	545	0
47	68	576	0
48	68	551	0
49	68	452	0
50	68	522	0
51	68	462	1.43706
52	68	527	16.410999
53	68	527	23.885117
54	68	505	0.011711
55	68	450	2.814291
56	68	449	7.222957
57	68	452	2.741007
58	68	444	-12.131299
59	68	451	-23.80393
60	68	3	-22.34343
61	68	1	-16.248083
62	68	0	-14.899411
63	68	1	-14.410248
64	68	3	-12.499178
65	68	0	-7.328828
66	68	0	-4.782336
67	68	0	-13.888179
68	68	406	-20.76433
69	68	414	-12.866047
70	68	407	-1.055118
71	68	427	-0.090356
72	68	619	0
73	68	407	0.000144
74	68	427	0.446127
75	68	528	10.922377
76	68	429	12.263242
77	68	436	10.877268
78	68	445	11.365245
79	68	437	9.837997
80	68	3	6.537105
81	68	1	1.243383
82	68	451	2.857617
83	68	450	16.962578
84	68	445	19.769978
85	68	512	17.955509
86	68	444	14.85356
87	68	451	6.126512
88	68	527	7.872934
89	68	505	6.807677
90	68	450	8.115078
91	68	437	4.764506
92	68	2	0.892388
93	68	3	0.520201
94	68	3	1.527613
95	68	2	0.108738
96	68	2	0
97	68	1	0
98	68	0	0
99	68	578	0
100	68	598	0
101	68	68	0
102	68	620	0
103	68	563	0
104	68	609	0
105	68	609	0
106	68	609	0.007093
107	68	562	4.540442
108	68	563	15.989995
109	68	606	24.330826
110	68	585	25.903496
111	68	582	16.114851
112	68	574	1.386533
113	68	591	-6.575318
114	68	592	1.458929
115	68	574	14.406824
116	68	591	14.922006
117	68	62	18.731688
118	68	0	30.999126
119	68	2	38.118229
120	68	0	34.70108
121	68	0	25.671701
122	68	0	19.194002
123	68	2	15.426623
124	68	3	10.289888
125	68	0	19.102634
126	68	0	31.917313
127	68	1	22.397467
128	68	0	0
0	69	0	0
1	69	2	0
2	69	126	0
3	69	127	0.01603
4	69	234	0.324903
5	69	221	2.887305
6	69	326	11.029515
7	69	469	22.640614
8	69	470	24.501896
9	69	461	16.247234
10	69	549	1.66308
11	69	489	-0.688512
12	69	483	-4.587274
13	69	618	-15.663171
14	69	457	-21.407238
15	69	458	-23.580608
16	69	81	-27.556112
17	69	224	-32.007431
18	69	93	-36.317757
19	69	217	-38.550236
20	69	245	-37.542423
21	69	269	-44.123264
22	69	30	-73.627068
23	69	0	-103.206825
24	69	4	-120.63475
25	69	27	-131.019333
26	69	65	-132.449554
27	69	13	-127.790977
28	69	8	-115.527245
29	69	3	-111.673187
30	69	3	-104.880424
31	69	440	-92.255814
32	69	522	-71.202835
33	69	462	-43.942715
34	69	505	-12.772712
35	69	506	-0.164357
36	69	506	0.54853
37	69	505	2.171204
38	69	512	9.440144
39	69	522	14.073921
40	69	453	10.415092
41	69	565	2.768625
42	69	509	0.626231
43	69	523	0.007212
44	69	565	0
45	69	509	0
46	69	621	0
47	69	622	0
48	69	623	0
49	69	445	0
50	69	449	0
51	69	505	0
52	69	527	22.010717
53	69	506	19.75156
54	69	505	6.174539
55	69	452	2.321474
56	69	444	5.084975
57	69	436	1.269566
58	69	449	-7.892712
59	69	2	-16.391356
60	69	2	-17.425066
61	69	2	-17.034773
62	69	0	-19.049189
63	69	3	-18.086544
64	69	3	-13.756721
65	69	1	-7.687289
66	69	1	-4.088043
67	69	420	-11.64603
68	69	425	-21.229023
69	69	423	-18.543037
70	69	420	-10.958486
71	69	425	-4.4842
72	69	619	-1.652807
73	69	421	0.050229
74	69	423	1.345653
75	69	1	13.962399
76	69	451	16.491226
77	69	505	8.424132
78	69	450	4.644894
79	69	445	3.757575
80	69	445	1.66556
81	69	449	0.841453
82	69	506	1.789186
83	69	505	7.6853
84	69	511	11.955162
85	69	0	13.092781
86	69	440	10.860796
87	69	522	6.795837
88	69	462	1.868386
89	69	527	7.129042
90	69	511	7.349971
91	69	1	4.23306
92	69	3	0.3342
93	69	0	0.490308
94	69	3	11.40008
95	69	1	11.872502
96	69	2	0
97	69	568	0
98	69	569	0
99	69	0	0
100	69	217	0
101	69	597	0
102	69	581	0
103	69	571	0
104	69	594	0.000391
105	69	613	0.089683
106	69	595	0.593
107	69	571	7.56702
108	69	563	20.445246
109	69	562	29.898985
110	69	581	30.121174
111	69	624	18.222553
112	69	608	2.264472
113	69	562	-6.659593
114	69	594	-2.889887
115	69	604	8.48399
116	69	625	20.0072
117	69	3	39.695366
118	69	3	60.38826
119	69	3	66.174812
120	69	0	52.567642
121	69	2	31.096809
122	69	0	17.700724
123	69	1	8.798215
124	69	0	8.386893
125	69	2	13.149525
126	69	3	23.912382
127	69	0	19.654085
128	69	0	0
0	70	0	0
1	70	0	0
2	70	68	0
3	70	248	0.049566
4	70	28	4.157126
5	70	326	11.674973
6	70	457	21.422768
7	70	610	35.063408
8	70	504	35.241859
9	70	626	21.23835
10	70	540	1.202079
11	70	469	-5.687555
12	70	470	-23.662714
13	70	610	-35.074429
14	70	504	-42.772381
15	70	67	-49.921276
16	70	8	-53.238697
17	70	3	-53.265816
18	70	246	-54.09626
19	70	88	-56.811569
20	70	65	-60.148403
21	70	91	-61.530926
22	70	91	-78.31855
23	70	66	-101.40274
24	70	269	-115.015152
25	70	268	-124.949463
26	70	245	-127.327553
27	70	67	-118.898361
28	70	8	-110.230095
29	70	3	-103.404617
30	70	1	-98.118889
31	70	2	-85.212685
32	70	451	-64.780731
33	70	506	-37.415539
34	70	506	-5.631634
35	70	505	0
36	70	505	0.06688
37	70	450	0.281417
38	70	445	0.451851
39	70	449	4.460106
40	70	453	12.4015
41	70	476	8.999702
42	70	463	1.52591
43	70	509	0.021895
44	70	476	0
45	70	514	0
46	70	515	0.00131
47	70	546	0.181839
48	70	464	0
49	70	527	0
50	70	452	0
51	70	462	0
52	70	505	0
53	70	505	5.110648
54	70	511	0
55	70	436	0.238804
56	70	449	2.27254
57	70	527	5.026639
58	70	2	2.01745
59	70	2	-1.400815
60	70	3	-5.813849
61	70	2	-9.062048
62	70	1	-11.641542
63	70	2	-11.508104
64	70	1	-9.196006
65	70	3	-5.917565
66	70	1	-5.354295
67	70	427	-12.267427
68	70	619	-21.386703
69	70	407	-24.805447
70	70	427	-19.897297
71	70	627	-11.808099
72	70	428	-3.995327
73	70	619	0.293707
74	70	414	4.870169
75	70	407	16.663366
76	70	522	15.610797
77	70	462	4.940065
78	70	527	2.942216
79	70	527	3.02394
80	70	506	2.620405
81	70	527	1.284861
82	70	505	0.711992
83	70	511	1.219962
84	70	0	2.118803
85	70	0	5.281134
86	70	1	9.111809
87	70	440	1.516318
88	70	522	1.519998
89	70	444	4.275448
90	70	2	9.67749
91	70	3	2.89995
92	70	3	0.479226
93	70	1	1.070019
94	70	1	11.708274
95	70	3	11.999794
96	70	578	0
97	70	579	0
98	70	574	0
99	70	605	0
100	70	562	0
101	70	581	0
102	70	594	0
103	70	579	0
104	70	569	0.286946
105	70	578	1.924986
106	70	628	4.419342
107	70	585	9.797304
108	70	571	18.849447
109	70	571	34.289867
110	70	563	34.068829
111	70	562	22.561867
112	70	581	5.233901
113	70	582	-6.070274
114	70	629	-7.631361
115	70	630	1.270681
116	70	62	16.898397
117	70	1	39.026085
118	70	0	55.214035
119	70	1	69.458298
120	70	2	63.792625
121	70	3	44.280033
122	70	2	27.599785
123	70	0	12.867488
124	70	3	7.241268
125	70	3	11.241052
126	70	2	23.822796
127	70	2	23.86389
128	70	1	0
0	71	7	0
1	71	11	0
2	71	245	0
3	71	255	0.620064
4	71	223	8.846064
5	71	471	19.767185
6	71	631	34.758873
7	71	632	42.768955
8	71	223	34.641933
9	71	457	17.346985
10	71	460	0.194505
11	71	633	-14.882206
12	71	487	-30.415949
13	71	521	-40.143967
14	71	29	-47.601448
15	71	30	-57.695877
16	71	7	-64.028709
17	71	309	-64.654457
18	71	64	-63.77779
19	71	330	-64.828117
20	71	127	-68.100571
21	71	295	-66.833603
22	71	88	-74.665794
23	71	85	-90.283119
24	71	341	-103.032951
25	71	88	-112.023567
26	71	89	-107.799942
27	71	30	-98.299385
28	71	1	-94.211792
29	71	3	-91.060989
30	71	436	-84.859093
31	71	449	-71.698929
32	71	506	-52.596725
33	71	505	-24.618935
34	71	506	-1.321829
35	71	527	0
36	71	463	0.000435
37	71	466	0.007119
38	71	560	0.013102
39	71	464	1.082095
40	71	634	11.296634
41	71	635	9.376269
42	71	636	0.812083
43	71	463	0.03079
44	71	637	0.157311
45	71	638	2.98328
46	71	552	8.517436
47	71	526	8.301247
48	71	452	0.883328
49	71	444	0
50	71	451	0
51	71	527	0
52	71	505	0
53	71	511	0
54	71	451	0
55	71	527	0
56	71	505	1.212672
57	71	505	6.444999
58	71	2	10.727751
59	71	1	6.559937
60	71	3	1.591274
61	71	3	-1.394723
62	71	3	-2.505857
63	71	3	-3.536146
64	71	0	-7.809481
65	71	3	-10.728621
66	71	427	-13.621674
67	71	433	-15.721359
68	71	619	-20.323374
69	71	421	-21.358377
70	71	528	-18.302198
71	71	430	-10.966947
72	71	425	-3.499352
73	71	497	1.074682
74	71	619	7.751821
75	71	407	14.933796
76	71	440	13.578312
77	71	522	2.991642
78	71	522	3.327069
79	71	522	11.718348
80	71	522	12.505806
81	71	522	2.810339
82	71	444	0.529686
83	71	2	0.184749
84	71	2	0.416411
85	71	1	0.881097
86	71	2	0.837301
87	71	3	0.659151
88	71	0	1.434288
89	71	1	12.761731
90	71	0	14.438203
91	71	3	9.582465
92	71	1	0.497076
93	71	0	3.551275
94	71	2	11.738776
95	71	568	4.929105
96	71	607	0
97	71	612	0
98	71	585	0
99	71	581	0
100	71	594	0
101	71	598	0
102	71	578	0
103	71	598	0.027721
104	71	3	2.177465
105	71	639	6.361985
106	71	562	11.028296
107	71	594	3.568086
108	71	628	8.859396
109	71	585	20.772827
110	71	581	27.496225
111	71	571	19.252153
112	71	594	3.026549
113	71	630	-11.576556
114	71	106	-14.932792
115	71	573	-8.719893
116	71	591	10.18859
117	71	62	25.606606
118	71	1	43.532196
119	71	1	56.473602
120	71	1	64.051323
121	71	1	61.208443
122	71	0	47.443947
123	71	1	25.211905
124	71	1	9.196095
125	71	1	9.498124
126	71	3	22.027021
127	71	7	23.885763
128	71	26	0
0	72	224	0
1	72	295	0
2	72	223	0.052793
3	72	5	2.965907
4	72	471	13.315687
5	72	640	28.735743
6	72	484	43.562756
7	72	458	44.922554
8	72	471	27.690704
9	72	641	6.726621
10	72	618	-0.751541
11	72	471	-17.285007
12	72	530	-31.272034
13	72	325	-40.475399
14	72	2	-47.373165
15	72	4	-55.889011
16	72	48	-63.461754
17	72	245	-64.976883
18	72	67	-63.906944
19	72	247	-63.461082
20	72	125	-63.742722
21	72	225	-61.743683
22	72	256	-63.217018
23	72	256	-73.22261
24	72	269	-85.756256
25	72	30	-83.936272
26	72	2	-79.541428
27	72	436	-75.015457
28	72	445	-72.580696
29	72	512	-71.397591
30	72	522	-66.239258
31	72	462	-56.408726
32	72	527	-37.523083
33	72	452	-8.882121
34	72	462	-0.876887
35	72	453	0
36	72	575	0.469416
37	72	576	0
38	72	508	0
39	72	642	0.150798
40	72	643	1.596271
41	72	644	2.179709
42	72	507	0.204481
43	72	645	0.267983
44	72	646	2.885377
45	72	535	15.268372
46	72	537	18.298218
47	72	511	24.258057
48	72	436	12.91969
49	72	449	0.72123
50	72	506	0
51	72	506	0
52	72	511	0
53	72	440	0
54	72	522	0
55	72	462	0
56	72	506	0.168547
57	72	1	4.097079
58	72	1	6.339489
59	72	2	4.474638
60	72	3	0.396385
61	72	1	0
62	72	1	-0.114611
63	72	0	-5.867329
64	72	3	-13.224478
65	72	420	-17.43708
66	72	425	-18.876415
67	72	627	-18.976936
68	72	528	-17.382
69	72	413	-14.225202
70	72	414	-8.914121
71	72	412	-4.342175
72	72	425	-0.363838
73	72	422	1.645607
74	72	423	10.261831
75	72	1	22.606365
76	72	2	11.450264
77	72	2	2.716098
78	72	0	3.66704
79	72	1	13.240339
80	72	2	14.812176
81	72	0	6.410594
82	72	0	0.594935
83	72	2	0.250714
84	72	3	0.775752
85	72	0	0.807431
86	72	3	0.808052
87	72	1	0.81342
88	72	2	2.238433
89	72	3	15.067382
90	72	3	17.53363
91	72	1	2.788839
92	72	2	0.329048
93	72	3	7.796693
94	72	578	7.999896
95	72	604	15.497231
96	72	564	5.203587
97	72	597	0
98	72	594	0
99	72	598	0
100	72	3	0
101	72	3	0
102	72	1	0
103	72	568	0.535364
104	72	580	5.31017
105	72	624	19.429079
106	72	647	21.82795
107	72	126	7.177489
108	72	648	7.496685
109	72	585	13.98124
110	72	571	15.628969
111	72	649	7.580305
112	72	106	-7.359642
113	72	558	-20.245264
114	72	606	-21.726967
115	72	650	-12.430621
116	72	49	2.184025
117	72	2	15.98339
118	72	1	32.507889
119	72	0	50.341805
120	72	1	69.777245
121	72	1	81.424019
122	72	2	76.869102
123	72	3	40.002773
124	72	0	13.367488
125	72	0	4.519138
126	72	23	10.197321
127	72	90	11.030825
128	72	13	0
0	73	47	0
1	73	5	0
2	73	5	0.439407
3	73	469	5.688493
4	73	483	18.407499
5	73	486	36.232925
6	73	470	44.430054
7	73	633	35.90918
8	73	483	10.350746
9	73	484	0
10	73	633	-1.10838
11	73	651	-11.742871
12	73	226	-27.595621
13	73	68	-36.561554
14	73	125	-42.42923
15	73	48	-46.451828
16	73	222	-51.263935
17	73	296	-53.797134
18	73	255	-53.707409
19	73	89	-51.025257
20	73	224	-47.561157
21	73	127	-44.163807
22	73	127	-45.488842
23	73	271	-47.658974
24	73	62	-50.437057
25	73	1	-51.433273
26	73	440	-50.696636
27	73	522	-47.208641
28	73	477	-45.545773
29	73	437	-48.99165
30	73	440	-48.324352
31	73	522	-39.858444
32	73	444	-17.538261
33	73	440	-0.788266
34	73	522	13.700582
35	73	652	23.727617
36	73	653	16
37	73	653	8.635767
38	73	653	0
39	73	654	0
40	73	638	0.000225
41	73	653	0.003909
42	73	653	0
43	73	552	0.740203
44	73	526	12.431524
45	73	505	20.582357
46	73	655	22.828899
47	73	656	23.77293
48	73	506	14.557692
49	73	527	3.957069
50	73	527	4.099944
51	73	511	12
52	73	2	8.587104
53	73	436	0.342792
54	73	512	0
55	73	3	0
56	73	0	0
57	73	0	0.091929
58	73	2	1.1076
59	73	1	0.255213
60	73	3	0
61	73	2	0
62	73	1	-2.530515
63	73	2	-11.534999
64	73	2	-19.040728
65	73	427	-16.802641
66	73	528	-12.048102
67	73	429	-14.866907
68	73	427	-17.472837
69	73	528	-13.514834
70	73	429	-7.290221
71	73	420	-1.508936
72	73	425	0.288671
73	73	423	1.982499
74	73	3	17.266567
75	73	2	20.846258
76	73	0	9.755185
77	73	3	1.752138
78	73	2	2.071134
79	73	1	6.632359
80	73	0	8.535835
81	73	2	4.210262
82	73	2	0.551437
83	73	2	1.042995
84	73	3	3.116676
85	73	3	7.256808
86	73	2	3.345704
87	73	2	2.622728
88	73	1	11.137073
89	73	1	21.165972
90	73	3	13.903275
91	73	1	0.860477
92	73	3	0.197088
93	73	568	0.044541
94	73	629	9.431608
95	73	657	8.770441
96	73	658	7.100602
97	73	582	0.245123
98	73	569	0
99	73	1	0
100	73	568	0
101	73	574	0
102	73	580	0.08174
103	73	624	3.248564
104	73	659	15.214374
105	73	271	26.604454
106	73	91	28.718252
107	73	92	22.264921
108	73	658	17.6334
109	73	581	15.6781
110	73	563	9.818114
111	73	609	-1.056589
112	73	562	-14.49668
113	73	572	-24.844994
114	73	127	-24.662838
115	73	93	-18.749947
116	73	1	-9.588286
117	73	1	6.659886
118	73	2	39.055962
119	73	1	49.333618
120	73	0	81.210533
121	73	0	93.821655
122	73	7	82.038345
123	73	8	46.340946
124	73	3	16.637405
125	73	68	0.67254
126	73	106	0.049865
127	73	326	0.358312
128	73	5	0
0	74	81	0
1	74	46	0
2	74	24	0.375719
3	74	469	6.13668
4	74	540	21.527073
5	74	469	34.097118
6	74	540	34.950104
7	74	471	18.688694
8	74	640	3.644026
9	74	618	0.345177
10	74	48	-1.865454
11	74	218	-6.712163
12	74	11	-15.542533
13	74	326	-26.088816
14	74	27	-30.37878
15	74	223	-30.65089
16	74	48	-26.176516
17	74	326	-25.755259
18	74	6	-28.46228
19	74	7	-28.473322
20	74	8	-25.300936
21	74	2	-17.433939
22	74	217	-8.97242
23	74	49	-7.331134
24	74	2	-13.072105
25	74	2	-24.748608
26	74	436	-29.403622
27	74	512	-30.078869
28	74	444	-30.564919
29	74	2	-32.54974
30	74	0	-28.777243
31	74	1	-16.387209
32	74	1	-5.466578
33	74	1	5.255892
34	74	494	37.018024
35	74	660	28.656767
36	74	638	16.081364
37	74	654	11.419966
38	74	661	3.847881
39	74	662	2.309459
40	74	653	0.52265
41	74	654	0
42	74	663	0
43	74	664	0.093002
44	74	462	7.741492
45	74	665	10.703868
46	74	526	7.466595
47	74	506	4.9779
48	74	505	1.507902
49	74	452	4.707493
50	74	477	8.449196
51	74	445	11.579725
52	74	449	12
53	74	511	3.875748
54	74	2	0
55	74	3	0
56	74	3	0
57	74	0	0
58	74	2	0.311589
59	74	3	0.691518
60	74	2	0.307697
61	74	2	0.638606
62	74	1	-4.047849
63	74	0	-14.025778
64	74	420	-16.934492
65	74	429	-8.986278
66	74	3	-1.639084
67	74	420	-5.815617
68	74	429	-16.322775
69	74	2	-19.480289
70	74	0	-12.248433
71	74	420	-3.189435
72	74	429	1.795058
73	74	1	4.713584
74	74	1	11.497541
75	74	2	13.213327
76	74	0	4.406348
77	74	3	2.464269
78	74	1	1.113193
79	74	0	1.31035
80	74	2	3.646715
81	74	0	0.772687
82	74	1	0.237894
83	74	0	0.88443
84	74	3	10.454228
85	74	1	12.451283
86	74	0	9.60149
87	74	2	4.139713
88	74	1	11.28868
89	74	2	15.568265
90	74	1	13.679528
91	74	2	11.970793
92	74	578	1.060666
93	74	598	0.742408
94	74	568	6.755583
95	74	580	11.564709
96	74	571	7.145792
97	74	582	0.992764
98	74	574	0.011529
99	74	580	0
100	74	571	0
101	74	571	0
102	74	563	0.428385
103	74	625	5.652661
104	74	126	28.407354
105	74	258	39.106762
106	74	573	44.375549
107	74	580	48.932491
108	74	571	48.575363
109	74	581	31.474356
110	74	581	15.62506
111	74	624	0.525508
112	74	647	-14.251663
113	74	0	-25.588165
114	74	3	-27.783278
115	74	1	-26.120798
116	74	3	-19.478809
117	74	2	1.562327
118	74	1	33.90538
119	74	7	51.942818
120	74	8	67.28466
121	74	23	73.195381
122	74	90	56.230331
123	74	91	42.977573
124	74	106	17.476488
125	74	222	0
126	74	223	0
127	74	5	0
128	74	9	0
0	75	10	0
1	75	47	0
2	75	5	0.068632
3	75	457	4.039689
4	75	460	15.147043
5	75	460	22.701801
6	75	633	20.210688
7	75	483	8.666339
8	75	484	2.597005
9	75	666	0.229716
10	75	667	-0.219388
11	75	255	-0.803774
12	75	89	-1.76175
13	75	46	-4.782253
14	75	46	-7.958057
15	75	336	-6.898325
16	75	223	-4.234131
17	75	9	-1.360802
18	75	47	-8.398705
19	75	6	-12.88991
20	75	7	-11.131495
21	75	86	-4.727853
22	75	93	-1.471022
23	75	1	-1.72113
24	75	0	-0.135947
25	75	451	-6.930104
26	75	450	-16.576159
27	75	445	-25.359304
28	75	437	-28.926399
29	75	3	-28.24608
30	75	0	-21.014645
31	75	2	-11.079288
32	75	3	-3.732041
33	75	451	11.198172
34	75	668	33.122005
35	75	662	32.031933
36	75	645	16.706594
37	75	669	12.598436
38	75	670	9.314134
39	75	523	8.170337
40	75	671	11.31229
41	75	672	10.811858
42	75	445	0.017933
43	75	512	0
44	75	599	3.632839
45	75	673	3.332998
46	75	539	1.798707
47	75	505	0.518508
48	75	450	0.331581
49	75	449	3.450577
50	75	505	10.479984
51	75	452	11.130909
52	75	444	11.986795
53	75	1	1.07541
54	75	2	0
55	75	1	0
56	75	2	0
57	75	0	0.681852
58	75	0	3.747418
59	75	0	6.644238
60	75	3	7.071704
61	75	3	4.512982
62	75	0	-3.560405
63	75	2	-14.388835
64	75	2	-14.350078
65	75	2	-3.605774
66	75	1	2.297824
67	75	3	-0.988242
68	75	2	-12.887979
69	75	3	-19.657454
70	75	3	-13.59551
71	75	3	-3.139164
72	75	2	4.486128
73	75	0	12.16566
74	75	0	13.69923
75	75	2	7.942353
76	75	1	4.721161
77	75	0	9.276669
78	75	1	11.283466
79	75	2	1.596685
80	75	3	0.12818
81	75	3	0.105075
82	75	2	0.032748
83	75	1	0.318743
84	75	3	4.204723
85	75	1	13.978063
86	75	1	8.479343
87	75	2	3.06126
88	75	1	5.700199
89	75	0	10.723862
90	75	568	13.980372
91	75	569	18.085789
92	75	568	12.879788
93	75	580	1.63636
94	75	571	9.712816
95	75	571	11.967028
96	75	571	9.897636
97	75	571	1.280472
98	75	581	0.029578
99	75	571	0
100	75	571	0
101	75	594	0
102	75	598	0
103	75	68	13.684198
104	75	674	31.996738
105	75	562	36.683857
106	75	581	54.811264
107	75	624	72.699936
108	75	585	77.886406
109	75	624	69.161636
110	75	659	35.077999
111	75	93	11.233118
112	75	3	-4.868681
113	75	0	-20.479822
114	75	0	-32.153831
115	75	1	-32.299667
116	75	3	-25.058138
117	75	0	-6.286055
118	75	23	11.654478
119	75	25	21.528208
120	75	247	34.495621
121	75	248	40.821274
122	75	88	32.770882
123	75	88	23.954342
124	75	89	6.613351
125	75	24	0
126	75	5	0
127	75	5	0
128	75	457	0
0	76	458	0
1	76	457	0
2	76	633	0.02786
3	76	483	0.733334
4	76	641	5.295335
5	76	618	11.446146
6	76	471	12.440887
7	76	641	7.485837
8	76	640	2.224627
9	76	631	0.735774
10	76	550	0.875031
11	76	6	2.479218
12	76	7	8.113201
13	76	10	10.223942
14	76	47	5.888093
15	76	5	0.682451
16	76	5	0
17	76	81	0
18	76	30	-1.432976
19	76	63	-3.952888
20	76	67	-3.667834
21	76	247	-5.0645
22	76	62	-7.912948
23	76	0	-7.293168
24	76	451	-3.369512
25	76	505	-0.156206
26	76	527	-11.268904
27	76	511	-23.176327
28	76	2	-26.84499
29	76	0	-20.960348
30	76	1	-13.346522
31	76	3	-4.836687
32	76	451	-2.502895
33	76	505	-0.744768
34	76	514	25.213392
35	76	675	19.330534
36	76	676	17.772469
37	76	677	14.211574
38	76	464	7.826636
39	76	453	10.002629
40	76	678	13.388502
41	76	560	11.517201
42	76	513	0
43	76	464	0
44	76	516	0
45	76	537	0
46	76	505	0.01353
47	76	506	0.655993
48	76	527	1.420936
49	76	506	7.420855
50	76	450	8.255059
51	76	437	8.960722
52	76	0	0
53	76	3	0
54	76	3	0
55	76	0	0
56	76	3	0
57	76	1	2.108364
58	76	1	7.845816
59	76	3	13.160403
60	76	0	12.541995
61	76	0	7.953704
62	76	2	-3.135197
63	76	3	-15.97821
64	76	1	-16.153912
65	76	1	-4.031557
66	76	2	2.127563
67	76	0	-0.28788
68	76	3	-11.553264
69	76	0	-17.846029
70	76	1	-10.767142
71	76	1	0.038952
72	76	0	4.977266
73	76	0	16.10297
74	76	2	18.607334
75	76	0	8.71778
76	76	0	3.846322
77	76	3	9.518877
78	76	0	11.852962
79	76	3	0.058606
80	76	1	0.009314
81	76	0	0.001448
82	76	2	0.002883
83	76	3	0.051673
84	76	1	0.232426
85	76	0	0.333662
86	76	2	0.811079
87	76	2	1.291613
88	76	3	2.216397
89	76	578	5.114417
90	76	630	9.342974
91	76	620	19.307823
92	76	571	12.415838
93	76	581	2.715813
94	76	571	6.683692
95	76	581	8.46291
96	76	581	1.387589
97	76	594	0.531543
98	76	613	0.002993
99	76	613	0
100	76	579	0
101	76	591	0
102	76	106	0
103	76	597	15.874653
104	76	581	21.412834
105	76	571	34.661629
106	76	563	57.498112
107	76	606	86.945564
108	76	659	95.325012
109	76	93	89.093933
110	76	3	61.649216
111	76	1	34.354149
112	76	1	13.1151
113	76	3	-9.731532
114	76	0	-26.917524
115	76	7	-30.267344
116	76	8	-27.509151
117	76	7	-20.809179
118	76	26	-8.900997
119	76	336	1.894102
120	76	223	13.005219
121	76	5	22.911865
122	76	81	23.294371
123	76	25	11.429848
124	76	47	0.173432
125	76	457	0
126	76	458	0
127	76	469	0
128	76	470	0
0	77	485	0
1	77	484	0
2	77	633	0.019687
3	77	500	0.251034
4	77	470	1.415781
5	77	485	12.274996
6	77	486	15.463311
7	77	483	13.31817
8	77	486	5.011972
9	77	540	2.187344
10	77	9	4.996491
11	77	47	11.694991
12	77	5	22.453352
13	77	5	22.030573
14	77	5	20.632534
15	77	81	15.054525
16	77	25	7.755526
17	77	8	1.610628
18	77	217	0.165678
19	77	245	-0.711584
20	77	255	-4.146668
21	77	325	-10.542382
22	77	0	-14.778189
23	77	440	-12.542467
24	77	522	-4.831418
25	77	522	-0.461113
26	77	444	-9.48936
27	77	2	-21.383913
28	77	436	-21.312159
29	77	445	-15.654908
30	77	437	-10.06361
31	77	440	-6.053891
32	77	462	-1.975879
33	77	453	-0.902788
34	77	523	0.888747
35	77	671	19.838682
36	77	679	16.057693
37	77	476	15.958562
38	77	463	7.682873
39	77	680	-0.172729
40	77	681	-0.067083
41	77	587	-0.456742
42	77	622	-0.351519
43	77	539	0
44	77	522	0
45	77	462	0
46	77	506	2.943709
47	77	506	5.192669
48	77	505	4.255971
49	77	527	7.463808
50	77	511	7.587823
51	77	1	7.691182
52	77	1	0
53	77	0	0
54	77	2	0
55	77	0	0
56	77	0	0
57	77	0	2.60449
58	77	2	8.452915
59	77	3	12.000686
60	77	0	10.193065
61	77	1	6.181904
62	77	3	-4.003242
63	77	3	-18.72621
64	77	1	-23.023922
65	77	0	-14.057637
66	77	1	-4.512355
67	77	3	-8.073317
68	77	1	-12.272982
69	77	1	-8.091206
70	77	3	-2.052851
71	77	2	-1.948939
72	77	0	-2.208171
73	77	2	6.917153
74	77	1	12.147229
75	77	2	8.626496
76	77	3	-0.367696
77	77	2	-2.485127
78	77	3	-1.679798
79	77	2	0
80	77	1	0
81	77	0	0.000005
82	77	2	0.000058
83	77	2	0.000446
84	77	1	0.001077
85	77	2	0.003268
86	77	0	0.009362
87	77	0	0.064788
88	77	68	0.545879
89	77	106	5.41126
90	77	597	14.75872
91	77	571	20
92	77	581	8.193263
93	77	594	1.526824
94	77	613	0.287474
95	77	595	0.041959
96	77	582	0.058386
97	77	569	0.00025
98	77	3	0
99	77	593	0
100	77	608	0
101	77	609	0
102	77	562	0.41923
103	77	571	6.833362
104	77	581	17.39765
105	77	571	31.004356
106	77	563	50.642838
107	77	625	69.052895
108	77	3	83.115646
109	77	1	83.240746
110	77	3	46.858772
111	77	1	40.620846
112	77	1	28.853102
113	77	1	9.717115
114	77	23	-4.668313
115	77	30	-24.007233
116	77	23	-28.750124
117	77	30	-28.112595
118	77	4	-21.442759
119	77	5	-8.057379
120	77	81	4.355362
121	77	25	15.778899
122	77	47	23.232126
123	77	5	22.038527
124	77	469	10.01747
125	77	470	2.06905
126	77	460	1.931808
127	77	485	0
128	77	640	0
0	78	472	0
1	78	618	0
2	78	457	0.060342
3	78	485	1.287519
4	78	640	4.252667
5	78	484	15.618445
6	78	485	15.820663
7	78	484	15.183216
8	78	458	6.281163
9	78	5	4.422081
10	78	5	10.033104
11	78	81	18.035299
12	78	24	25.150244
13	78	81	25.962599
14	78	25	29.719736
15	78	26	20.060415
16	78	30	14.080061
17	78	246	7.090211
18	78	88	5.008276
19	78	89	1.795914
20	78	30	-6.771811
21	78	1	-13.071166
22	78	1	-14.897686
23	78	0	-9.308408
24	78	3	-2.856275
25	78	0	-0.249884
26	78	3	-9.763475
27	78	451	-19.074549
28	78	452	-18.21229
29	78	444	-12.075986
30	78	436	-12.083797
31	78	512	-8.60803
32	78	522	-3.249004
33	78	522	0
34	78	682	0
35	78	683	6.559328
36	78	462	22.64571
37	78	453	14.445382
38	78	476	6.38813
39	78	516	-6.843601
40	78	684	-6.683184
41	78	515	-3.357343
42	78	685	-0.619147
43	78	437	0
44	78	451	0
45	78	463	0.002685
46	78	464	6.867364
47	78	463	7.423807
48	78	464	7.407815
49	78	511	0.395909
50	78	2	4.36699
51	78	1	0.302639
52	78	3	0
53	78	0	0
54	78	0	0
55	78	3	0
56	78	1	0.013586
57	78	1	2.711964
58	78	3	15.957387
59	78	3	11.859084
60	78	2	5.596413
61	78	3	5.200086
62	78	3	0.153633
63	78	2	-14.426076
64	78	1	-25.204264
65	78	3	-19.98295
66	78	0	-13.908338
67	78	3	-13.95455
68	78	2	-12.219803
69	78	2	-4.207511
70	78	2	-0.381469
71	78	2	-7.112136
72	78	1	-8.589622
73	78	1	-0.295863
74	78	2	5.426888
75	78	1	1.149468
76	78	0	-5.285471
77	78	2	-7.713381
78	78	2	-4.774107
79	78	3	-0.690895
80	78	2	0
81	78	1	0
82	78	3	0
83	78	1	0
84	78	0	0
85	78	1	0
86	78	568	0
87	78	583	0
88	78	558	0.000356
89	78	562	6.550069
90	78	571	13.188781
91	78	594	13.10945
92	78	598	1.585525
93	78	0	0.134076
94	78	578	0.000328
95	78	595	0
96	78	582	0
97	78	574	0
98	78	605	0
99	78	606	0
100	78	612	0
101	78	585	0.15094
102	78	581	3.770698
103	78	581	8.78986
104	78	581	16.993525
105	78	594	30.761225
106	78	598	41.111855
107	78	2	47.777096
108	78	3	49.292286
109	78	0	42.594307
110	78	2	32.242249
111	78	1	28.054697
112	78	2	31.04299
113	78	68	22.453981
114	78	91	4.58613
115	78	62	-11.07177
116	78	7	-26.783354
117	78	47	-30.554502
118	78	5	-25.899216
119	78	9	-13.907063
120	78	47	-0.492124
121	78	5	12.692054
122	78	81	21.034153
123	78	24	23.803608
124	78	469	26.107449
125	78	483	15.604116
126	78	641	14.094134
127	78	641	5.237385
128	78	486	0
0	79	540	0
1	79	469	0
2	79	483	0.74003
3	79	486	6.650468
4	79	500	8.004578
5	79	483	14.238581
6	79	641	13.655236
7	79	484	10.203213
8	79	458	3.541295
9	79	5	6.428004
10	79	9	10.236824
11	79	26	15.133358
12	79	30	19.430668
13	79	4	18.920004
14	79	9	19.580227
15	79	8	15.934043
16	79	63	16.55969
17	79	269	10.091508
18	79	30	10.125372
19	79	2	5.197258
20	79	1	-3.892329
21	79	1	-9.258131
22	79	1	-7.365891
23	79	3	-2.568279
24	79	0	0
25	79	0	-0.626914
26	79	440	-7.490179
27	79	444	-16.16037
28	79	436	-13.2418
29	79	512	-8.486859
30	79	477	-9.094162
31	79	437	-11.425035
32	79	436	-7.824897
33	79	512	-2.583042
34	79	477	-0.298694
35	79	438	-0.222774
36	79	464	-0.578131
37	79	463	6.427913
38	79	513	-5.415747
39	79	507	-6.348398
40	79	552	-4.952893
41	79	686	-2.132741
42	79	539	3.778226
43	79	538	8
44	79	577	6.485987
45	79	508	3.414009
46	79	524	7.645748
47	79	526	7.710685
48	79	444	8
49	79	2	0
50	79	0	0
51	79	1	0
52	79	1	0
53	79	3	0
54	79	0	0
55	79	1	0
56	79	1	0.224775
57	79	3	6.96158
58	79	2	20.543453
59	79	0	19.57353
60	79	3	4.00832
61	79	0	6.512305
62	79	3	6.542227
63	79	3	-4.429684
64	79	2	-13.637444
65	79	3	-12.854002
66	79	3	-11.655607
67	79	2	-13.117614
68	79	3	-11.381319
69	79	2	-2.609273
70	79	1	2.184758
71	79	0	-4.344225
72	79	415	4.431662
73	79	416	7.06145
74	79	1	9.037177
75	79	3	4.841614
76	79	1	-7.09293
77	79	2	-9.164048
78	79	3	-5.29631
79	79	0	6.784998
80	79	3	4
81	79	0	0
82	79	0	0
83	79	2	0
84	79	3	0
85	79	578	0
86	79	687	0
87	79	597	0
88	79	624	0.199682
89	79	612	3.53181
90	79	688	5.699384
91	79	569	2.15271
92	79	568	0.265995
93	79	569	0.064065
94	79	570	0.480543
95	79	571	0.347207
96	79	571	0.056324
97	79	571	0
98	79	563	0
99	79	609	0
100	79	606	0.018113
101	79	585	2.248229
102	79	581	7.509714
103	79	594	15.44951
104	79	598	28.34499
105	79	2	31.329279
106	79	1	33.036964
107	79	0	31.147793
108	79	1	22.740736
109	79	3	14.05773
110	79	68	18.300129
111	79	91	22.7013
112	79	248	19.944378
113	79	335	12.869585
114	79	286	6.876336
115	79	26	-2.199966
116	79	24	-22.098938
117	79	5	-31.909336
118	79	5	-32.20332
119	79	457	-23.278175
120	79	458	-9.035172
121	79	9	5.767016
122	79	47	18.487619
123	79	5	23.13397
124	79	471	25.689455
125	79	640	20.963007
126	79	486	20.488222
127	79	540	9.768162
128	79	457	0
0	80	458	0
1	80	469	0
2	80	540	2.004407
3	80	457	7.886305
4	80	485	7.989141
5	80	641	8.012963
6	80	472	4.802379
7	80	618	5.011005
8	80	5	7.075883
9	80	5	9.064126
10	80	9	17.97241
11	80	10	19.191982
12	80	47	10.562217
13	80	5	7.444993
14	80	61	8.069489
15	80	106	12.352423
16	80	218	10.552426
17	80	10	9.279277
18	80	8	10.101142
19	80	1	5.92394
20	80	3	-0.818316
21	80	3	-3.183521
22	80	1	-1.665072
23	80	1	0
24	80	2	0
25	80	1	0
26	80	436	-4.594088
27	80	449	-9.075612
28	80	511	-8.17334
29	80	451	-3.385165
30	80	511	-4.947193
31	80	440	-12.473475
32	80	477	-14.248593
33	80	438	-8.571854
34	80	524	-4.772215
35	80	689	-7.73918
36	80	507	-9.14133
37	80	653	-8.76645
38	80	653	-5.273975
39	80	515	-3.205389
40	80	690	-1.214976
41	80	537	0
42	80	545	4.851143
43	80	589	9.482107
44	80	691	11.086108
45	80	692	7.964169
46	80	517	3.151592
47	80	3	2.928369
48	80	0	0.251113
49	80	0	0
50	80	3	0
51	80	3	0
52	80	2	0
53	80	0	0
54	80	1	0
55	80	1	0.026409
56	80	3	0.516502
57	80	1	3.423522
58	80	2	11.036841
59	80	3	6.72696
60	80	0	2.018768
61	80	2	4.213724
62	80	0	5.146334
63	80	2	2.606773
64	80	1	-1.156869
65	80	1	0.03293
66	80	2	-2.318907
67	80	1	-10.864637
68	80	0	-13.269616
69	80	0	-4.096533
70	80	415	3.384587
71	80	348	6.325793
72	80	349	14.048566
73	80	416	13.572197
74	80	1	18.765617
75	80	2	16.036165
76	80	2	-5.457788
77	80	2	-7.07354
78	80	1	3.695848
79	80	1	12
80	80	0	11.596073
81	80	3	4.033689
82	80	3	0
83	80	1	0
84	80	68	0
85	80	106	0
86	80	584	0
87	80	659	0
88	80	258	3.999979
89	80	693	10.092448
90	80	598	8.997817
91	80	578	1.338615
92	80	598	0.386351
93	80	570	7.66777
94	80	581	5.916947
95	80	581	2.878983
96	80	581	0.550379
97	80	571	0.027167
98	80	581	0.000115
99	80	596	0
100	80	597	0.014992
101	80	594	2.792508
102	80	598	9.218172
103	80	0	18.734434
104	80	0	29.7798
105	80	0	31.961853
106	80	0	31.836399
107	80	3	26.199707
108	80	3	2.969344
109	80	217	2.423749
110	80	334	12.418959
111	80	245	21.649502
112	80	202	21.836729
113	80	66	12.777686
114	80	226	8.619234
115	80	4	-1.390458
116	80	457	-19.64666
117	80	458	-33.071102
118	80	469	-37.086102
119	80	540	-31.757631
120	80	5	-19.897514
121	80	5	-7.83583
122	80	457	12.38385
123	80	485	18.996353
124	80	472	11.901227
125	80	618	14.978847
126	80	457	14.50097
127	80	633	6.465268
128	80	540	0
0	81	5	0
1	81	457	0
2	81	633	0
3	81	500	5.231925
4	81	483	7.390614
5	81	486	5.774384
6	81	540	3.855734
7	81	5	11.025939
8	81	457	14.596004
9	81	458	19.234539
10	81	5	19.306211
11	81	5	20.886127
12	81	5	16.240536
13	81	27	8.043294
14	81	88	8.675076
15	81	296	9.889727
16	81	269	11.371597
17	81	25	9.290201
18	81	8	5.64264
19	81	0	2.284429
20	81	3	0
21	81	2	0
22	81	436	0
23	81	445	0
24	81	437	45
25	81	440	0
26	81	462	-0.560337
27	81	511	-2.580812
28	81	451	-2.52618
29	81	511	-0.648328
30	81	436	-3.022081
31	81	449	-11.747375
32	81	453	-16.531286
33	81	495	-12.253029
34	81	684	-9.290607
35	81	675	-12.994306
36	81	566	-14.616697
37	81	523	-8.849808
38	81	621	-3.819327
39	81	551	-0.595468
40	81	463	0
41	81	509	0
42	81	694	6.649501
43	81	695	13.284808
44	81	696	15.754673
45	81	477	7.563863
46	81	437	3.942776
47	81	0	0.613791
48	81	0	0.166482
49	81	3	0.001727
50	81	1	0
51	81	2	0
52	81	1	0
53	81	1	0
54	81	2	0.082449
55	81	3	0.871322
56	81	0	2.060562
57	81	3	8.076008
58	81	1	10.118521
59	81	0	13.867816
60	81	0	11.406746
61	81	2	0.856127
62	81	0	0.786188
63	81	3	0.872088
64	81	3	1.899097
65	81	0	4.171198
66	81	3	0.755
67	81	3	-9.045209
68	81	415	-15.842098
69	81	348	-9.70868
70	81	348	-1.262514
71	81	349	1.324086
72	81	349	10.767693
73	81	416	13.276368
74	81	3	11.360229
75	81	3	11.385966
76	81	1	-4.465937
77	81	1	-3.244694
78	81	3	0.704996
79	81	436	8.301419
80	81	445	10.553009
81	81	437	8.144137
82	81	436	1.726409
83	81	697	0
84	81	698	0
85	81	699	0
86	81	271	0
87	81	92	0
88	81	93	5.985863
89	81	0	12
90	81	0	9.189374
91	81	568	2.326261
92	81	629	7.390552
93	81	595	16.069235
94	81	571	15.047705
95	81	571	5.753483
96	81	571	1.385155
97	81	581	0.101106
98	81	563	0.00246
99	81	606	0.001598
100	81	647	0.027927
101	81	2	0.501561
102	81	3	8.074402
103	81	2	18.525366
104	81	3	30.163877
105	81	1	31.963335
106	81	0	28.990448
107	81	2	15.741961
108	81	126	-8.281985
109	81	295	-7.647886
110	81	28	6.79406
111	81	334	17.294067
112	81	107	21.540937
113	81	286	18.507568
114	81	47	10.645918
115	81	469	-3.786192
116	81	470	-21.116846
117	81	458	-32.398075
118	81	5	-34.384583
119	81	5	-27.407827
120	81	457	-17.607033
121	81	633	-7.49119
122	81	483	0.130305
123	81	486	0
124	81	470	1.133588
125	81	633	4.315655
126	81	540	3.912127
127	81	5	0.435577
128	81	457	0
0	82	633	0
1	82	540	0
2	82	457	0.394916
3	82	485	3.252055
4	82	484	7.550207
5	82	460	7.485542
6	82	460	9.289297
7	82	485	15.313605
8	82	618	17.896072
9	82	5	22.802401
10	82	225	21.015396
11	82	269	21.404945
12	82	356	19.179663
13	82	256	13.467484
14	82	257	16.834942
15	82	271	20.688509
16	82	125	17.106007
17	82	6	9.471161
18	82	3	2.400196
19	82	3	0
20	82	3	0
21	82	440	0
22	82	522	0
23	82	444	45
24	82	436	90
25	82	512	45
26	82	444	0
27	82	440	0
28	82	477	0
29	82	449	0
30	82	527	-1.441879
31	82	463	-7.403368
32	82	513	-10.345426
33	82	507	-8.145022
34	82	653	-6.087822
35	82	551	-10.183506
36	82	463	-9.48284
37	82	509	-5.279858
38	82	476	-1.046128
39	82	453	0
40	82	476	0
41	82	700	0
42	82	701	6.681234
43	82	702	8.118558
44	82	440	10.772669
45	82	444	6.754103
46	82	3	1.395903
47	82	3	0.102623
48	82	3	0.072135
49	82	3	0.015669
50	82	0	0
51	82	3	0
52	82	3	0
53	82	2	0
54	82	0	1.642648
55	82	2	3.227822
56	82	2	14.596897
57	82	0	17.654291
58	82	1	14.276576
59	82	0	15.295552
60	82	2	16
61	82	2	0
62	82	0	0
63	82	3	0
64	82	1	0
65	82	0	0.210798
66	82	415	-0.246482
67	82	348	-4.532395
68	82	348	-9.613564
69	82	348	-9.5568
70	82	349	-7.76446
71	82	349	-6.815504
72	82	349	3.970205
73	82	416	5.292512
74	82	2	0.014256
75	82	1	-2.814696
76	82	0	-2.947058
77	82	436	-0.995077
78	82	512	1.321775
79	82	522	6.39569
80	82	477	16.117844
81	82	449	17.844538
82	82	511	7.025455
83	82	440	0
84	82	477	0
85	82	703	0
86	82	49	0
87	82	0	0
88	82	1	0
89	82	0	5.197263
90	82	578	4.84732
91	82	579	4.921425
92	82	580	9.988319
93	82	571	20.071295
94	82	594	14.328179
95	82	613	6.414816
96	82	595	1.053829
97	82	581	0.102714
98	82	563	0.003142
99	82	625	0.002566
100	82	568	0.028357
101	82	574	0.558215
102	82	569	5.354899
103	82	7	13.394193
104	82	8	21.906898
105	82	68	26.94133
106	82	91	18.341787
107	82	62	-3.096539
108	82	63	-13.982862
109	82	221	-16.160387
110	82	107	-1.477578
111	82	93	12.043729
112	82	4	16.330664
113	82	5	15.120665
114	82	457	10.195927
115	82	633	-10.715724
116	82	540	-26.054901
117	82	81	-31.562609
118	82	24	-24.157524
119	82	469	-10.12642
120	82	540	-4.306092
121	82	471	-0.001187
122	82	618	0.897981
123	82	469	1.590807
124	82	540	0
125	82	5	0
126	82	5	0
127	82	471	0
128	82	484	0
0	83	460	0
1	83	485	4.358905
2	83	472	6.966973
3	83	641	11.771344
4	83	641	17.031168
5	83	486	20.451271
6	83	500	19.0702
7	83	540	21.726118
8	83	5	29.272236
9	83	330	26.521875
10	83	286	17.755173
11	83	86	14.229106
12	83	127	10.216122
13	83	93	13.066342
14	83	217	21.230852
15	83	29	24.550482
16	83	30	18.079508
17	83	3	7.463455
18	83	3	1.816831
19	83	436	0
20	83	445	0
21	83	445	0
22	83	437	45
23	83	440	90
24	83	477	135
25	83	445	90
26	83	445	45
27	83	512	0
28	83	462	0
29	83	463	0
30	83	509	-0.206978
31	83	621	-1.747994
32	83	675	-2.521482
33	83	566	-0.999268
34	83	565	-1.673717
35	83	524	-2.836897
36	83	526	-2.35177
37	83	506	-0.415219
38	83	463	0
39	83	464	0
40	83	514	0
41	83	704	0
42	83	705	0.980551
43	83	22	6.980718
44	83	0	6.449343
45	83	2	0.561567
46	83	2	0.022857
47	83	0	0.058023
48	83	1	0.760363
49	83	1	0.354352
50	83	1	0
51	83	0	0
52	83	1	0
53	83	2	3.209765
54	83	0	13.778505
55	83	1	9.969045
56	83	2	11.604567
57	83	1	21.846863
58	83	2	8.368614
59	83	0	5.13445
60	83	1	0.969951
61	83	0	0
62	83	3	0
63	83	1	0
64	83	415	0
65	83	348	0.000016
66	83	348	0.001305
67	83	348	0.000588
68	83	348	-1.123165
69	83	349	-2.058794
70	83	349	-3.997304
71	83	349	-6.100972
72	83	349	-4.796833
73	83	416	-1.498305
74	83	2	2.867448
75	83	2	2.632733
76	83	451	0.490731
77	83	511	0.732672
78	83	0	2.228796
79	83	451	7.626642
80	83	506	21.311522
81	83	450	20.520554
82	83	437	3.670185
83	83	440	0.441555
84	83	706	0.007405
85	83	93	0
86	83	3	0
87	83	2	0
88	83	2	0
89	83	2	3.975241
90	83	578	3.601979
91	83	595	13.381568
92	83	594	17.594078
93	83	598	12.926564
94	83	568	6.347412
95	83	580	1.065561
96	83	581	0.354125
97	83	581	0.027429
98	83	582	0.00076
99	83	580	0.00131
100	83	624	0.01292
101	83	707	0.156591
102	83	199	2.096614
103	83	25	6.553276
104	83	341	11.697217
105	83	28	12.332246
106	83	218	2.514916
107	83	86	-7.200684
108	83	258	-12.287512
109	83	49	-13.922264
110	83	3	-10.239725
111	83	4	-0.152217
112	83	457	10.194921
113	83	485	8.797115
114	83	618	1.108047
115	83	81	-19.466513
116	83	25	-32.794491
117	83	47	-31.977165
118	83	5	-24.960752
119	83	5	-15.890936
120	83	469	-5.127009
121	83	540	3.985121
122	83	81	16
123	83	24	16
124	83	5	10.236195
125	83	457	0
126	83	633	0
127	83	483	0
128	83	640	0
0	84	640	0
1	84	486	12.170931
2	84	483	17.824078
3	84	486	24.201481
4	84	540	30.910015
5	84	457	38.208294
6	84	458	39.752281
7	84	225	34.220257
8	84	202	34.525864
9	84	199	29.129772
10	84	25	17.522308
11	84	8	7.178253
12	84	7	2.577977
13	84	11	6.852739
14	84	49	16.020308
15	84	2	20.588509
16	84	0	12.835496
17	84	436	3.495521
18	84	512	0.151955
19	84	522	0
20	84	522	0
21	84	444	45
22	84	2	90
23	84	451	135
24	84	452	180
25	84	522	135
26	84	477	90
27	84	512	45
28	84	453	0
29	84	565	0
30	84	509	0
31	84	691	0
32	84	689	0
33	84	524	0
34	84	692	0
35	84	537	0
36	84	463	0
37	84	524	0
38	84	689	0
39	84	524	0
40	84	708	0
41	84	709	0
42	84	39	0
43	84	22	0
44	84	3	0
45	84	1	0.120976
46	84	0	1.142093
47	84	1	4.565706
48	84	1	14.027822
49	84	1	2.702435
50	84	1	0.325778
51	84	0	0
52	84	1	0
53	84	2	5.219619
54	84	2	11.25781
55	84	2	12.638183
56	84	3	2.370146
57	84	0	0.811532
58	84	1	0.175156
59	84	0	0.114665
60	84	1	0
61	84	2	0
62	84	1	0
63	84	434	0
64	84	374	0
65	84	374	0
66	84	374	0
67	84	374	0.000106
68	84	375	0.000406
69	84	375	0.001075
70	84	375	-0.348247
71	84	375	-1.672008
72	84	435	-0.885615
73	84	3	4.08441
74	84	1	15.173472
75	84	440	20.52033
76	84	477	4.965223
77	84	445	1.466949
78	84	449	2.670356
79	84	506	12.059599
80	84	506	20.026394
81	84	511	18.585367
82	84	3	6.182174
83	84	3	1.687457
84	84	1	0.196833
85	84	0	0.034128
86	84	0	0.000971
87	84	0	0
88	84	1	3.537718
89	84	2	7.391174
90	84	578	8.072567
91	84	598	15.129077
92	84	2	12.888451
93	84	570	6.73204
94	84	581	0.930401
95	84	594	0.19425
96	84	613	0.026022
97	84	595	0.000051
98	84	624	0.000016
99	84	659	0.000152
100	84	127	0
101	84	271	0
102	84	199	0
103	84	356	0.845029
104	84	221	2.246431
105	84	29	3.966116
106	84	25	1.006414
107	84	341	-4.965314
108	84	85	-4.777094
109	84	10	-4.762876
110	84	47	-13.191986
111	84	469	-15.080194
112	84	483	-10.626211
113	84	618	-8.29911
114	84	9	-16.309689
115	84	47	-30.999226
116	84	81	-34.809128
117	84	46	-33.863255
118	84	24	-27.063902
119	84	5	-19.751356
120	84	81	-9.730601
121	84	25	12.527586
122	84	47	15.734619
123	84	5	16
124	84	469	16
125	84	540	0
126	84	469	0
127	84	483	0
128	84	486	0
0	85	540	0
1	85	469	13.301673
2	85	470	19.741673
3	85	458	22.829996
4	85	471	40.168262
5	85	618	50.419403
6	85	27	54.454556
7	85	28	52.480179
8	85	218	38.838924
9	85	309	28.704693
10	85	67	16.522686
11	85	309	4.553138
12	85	257	0.196142
13	85	93	2.690055
14	85	1	10.988626
15	85	0	15.500548
16	85	440	9.28186
17	85	444	0.76961
18	85	3	0
19	85	2	0
20	85	0	45
21	85	3	90
22	85	440	135
23	85	444	180
24	85	710	225
25	85	711	180
26	85	463	135
27	85	466	90
28	85	547	45
29	85	686	0
30	85	712	0
31	85	589	0
32	85	495	0
33	85	537	0
34	85	463	0
35	85	509	0
36	85	495	0
37	85	713	0
38	85	495	0
39	85	714	0
40	85	715	0
41	85	20	0
42	85	80	0
43	85	1	0
44	85	3	0
45	85	1	0.005577
46	85	0	0.877589
47	85	0	8.772764
48	85	3	12.113413
49	85	1	10.337032
50	85	0	0.812016
51	85	2	0
52	85	0	0
53	85	3	0.716623
54	85	1	1.864211
55	85	2	0.278704
56	85	0	1.033715
57	85	1	0.071684
58	85	1	0
59	85	0	0
60	85	3	0
61	85	1	0
62	85	1	0
63	85	434	0
64	85	374	0
65	85	374	0
66	85	374	0
67	85	375	0
68	85	375	0
69	85	375	0.000005
70	85	435	0.014211
71	85	2	0.382714
72	85	0	3.205022
73	85	0	6.440509
74	85	1	18.811983
75	85	451	19.501343
76	85	506	6.415913
77	85	527	1.657294
78	85	452	2.938839
79	85	522	6.38767
80	85	444	14.769916
81	85	2	15.628286
82	85	3	13.222148
83	85	1	4.018154
84	85	2	1.470224
85	85	1	0.501522
86	85	3	0.120465
87	85	0	0
88	85	0	0
89	85	0	7.421088
90	85	0	7.233707
91	85	568	8.705366
92	85	580	16.089273
93	85	594	9.756765
94	85	598	1.909413
95	85	68	2.216912
96	85	716	0.819011
97	85	657	0.033509
98	85	93	0
99	85	1	0
100	85	246	0
101	85	325	0
102	85	246	0
103	85	335	0
104	85	286	0.03745
105	85	26	4.974979
106	85	356	6.719135
107	85	269	1.361865
108	85	356	-2.51358
109	85	256	-10.987916
110	85	64	-17.779625
111	85	469	-22.492525
112	85	470	-21.925905
113	85	458	-21.430588
114	85	5	-26.88443
115	85	9	-34.948277
116	85	10	-32.197353
117	85	47	-26.936275
118	85	457	-23.05759
119	85	9	-14.942081
120	85	26	-4.931828
121	85	24	10.740035
122	85	5	18.514296
123	85	5	16.055452
124	85	5	12.697278
125	85	5	0
126	85	471	0.899537
127	85	618	1.083775
128	85	5	0
0	86	457	0
1	86	633	6.472599
2	86	540	9.612245
3	86	471	11.171623
4	86	484	29.805937
5	86	460	49.87067
6	86	475	54.440216
7	86	326	49.960575
8	86	27	37.551731
9	86	223	23.367863
10	86	330	12.365946
11	86	286	4.927068
12	86	8	1.589064
13	86	1	1.026878
14	86	3	8.421258
15	86	2	13.518136
16	86	2	9.448224
17	86	0	2.581318
18	86	436	0
19	86	437	0
20	86	3	0
21	86	2	45
22	86	436	90
23	86	717	135
24	86	718	180
25	86	524	135
26	86	553	90
27	86	719	45
28	86	719	0
29	86	589	0
30	86	476	0
31	86	463	0
32	86	513	0
33	86	509	0
34	86	476	0
35	86	463	0
36	86	464	0
37	86	634	0
38	86	715	0
39	86	720	0
40	86	702	0
41	86	1	0
42	86	0	0
43	86	3	0
44	86	2	0
45	86	1	0
46	86	0	0
47	86	0	3.129243
48	86	0	9.522625
49	86	0	5.685427
50	86	0	0
51	86	0	0
52	86	2	0
53	86	2	0
54	86	2	0.678601
55	86	1	5.407844
56	86	1	8.105326
57	86	1	5.056112
58	86	0	0.466867
59	86	0	0
60	86	0	0
61	86	1	0
62	86	2	0
63	86	434	0
64	86	374	0
65	86	374	0
66	86	375	0
67	86	375	0
68	86	435	0
69	86	2	0
70	86	2	0
71	86	0	14.452415
72	86	1	13.93053
73	86	3	7.225885
74	86	440	9.044958
75	86	522	10.082595
76	86	522	4.973993
77	86	444	1.56616
78	86	0	1.733442
79	86	1	11.282938
80	86	1	17.66585
81	86	2	22.169729
82	86	415	20.152842
83	86	416	13.336826
84	86	1	2.401507
85	86	3	3.35008
86	86	0	5.19357
87	86	2	0
88	86	2	0.091449
89	86	2	0.739564
90	86	578	2.120955
91	86	613	10.918381
92	86	579	19.699717
93	86	569	20.88599
94	86	126	15.713073
95	86	93	7.892889
96	86	1	10.548817
97	86	0	12
98	86	0	0.526881
99	86	23	0
100	86	30	0
101	86	23	0
102	86	30	0
103	86	63	0
104	86	67	0
105	86	86	0
106	86	286	7.913424
107	86	11	2.013358
108	86	222	-7.445992
109	86	89	-11.519689
110	86	356	-17.21129
111	86	626	-17.618593
112	86	540	-16.278313
113	86	225	-15.887633
114	86	256	-19.227669
115	86	256	-26.437035
116	86	64	-24.503056
117	86	469	-13.43353
118	86	540	-4.979459
119	86	6	-0.881135
120	86	4	5.82612
121	86	81	27.381874
122	86	24	34.036304
123	86	81	33.848366
124	86	24	16.006754
125	86	469	5.780612
126	86	470	4.264496
127	86	460	4.725986
128	86	633	0
0	87	651	0
1	87	256	0.03492
2	87	626	1.578888
3	87	500	8.761649
4	87	483	23.207787
5	87	721	43.886997
6	87	245	57.237473
7	87	64	49.465927
8	87	81	29.692139
9	87	30	16.522558
10	87	23	11.310052
11	87	30	13.631354
12	87	3	11.635097
13	87	3	3.628426
14	87	1	6.191288
15	87	436	11.497585
16	87	445	9.901819
17	87	449	5.258951
18	87	511	2.609268
19	87	1	1.254378
20	87	0	0
21	87	451	0
22	87	527	45
23	87	453	90
24	87	495	135
25	87	713	90
26	87	621	45
27	87	552	0
28	87	689	0
29	87	513	0
30	87	509	0
31	87	523	0
32	87	476	0
33	87	463	0
34	87	509	0
35	87	476	0
36	87	668	0
37	87	709	0
38	87	722	0
39	87	705	0
40	87	22	0
41	87	2	0
42	87	1	0
43	87	0	0
44	87	2	0
45	87	3	0
46	87	1	0
47	87	3	0.19247
48	87	2	0.583632
49	87	2	0
50	87	2	0
51	87	1	0
52	87	3	0
53	87	0	0
54	87	0	2.216892
55	87	0	11.889708
56	87	3	18.935629
57	87	1	12.330489
58	87	2	2.034654
59	87	3	0
60	87	1	0
61	87	1	0
62	87	0	0
63	87	434	0
64	87	374	0
65	87	375	0
66	87	435	0
67	87	2	0
68	87	2	0
69	87	0	0
70	87	3	0.167189
71	87	1	15.478235
72	87	436	14.790987
73	87	445	7.705769
74	87	445	16.018671
75	87	437	14.328384
76	87	436	6.199497
77	87	437	0.768195
78	87	0	0.374775
79	87	0	8.595312
80	87	415	15.724917
81	87	348	19.785124
82	87	349	21.340427
83	87	416	14.664183
84	87	2	4.725696
85	87	3	7.636684
86	87	2	9.50219
87	87	3	6.739289
88	87	3	5.863635
89	87	2	3.771549
90	87	568	5.100171
91	87	580	3.315357
92	87	586	7.251958
93	87	0	19.799658
94	87	2	19.980701
95	87	3	16.033178
96	87	1	18.783859
97	87	0	13.807261
98	87	1	6.519361
99	87	2	0
100	87	0	0
101	87	68	0
102	87	106	0
103	87	29	0
104	87	30	0
105	87	23	0
106	87	268	0
107	87	29	-0.142048
108	87	25	2.993398
109	87	86	-1.190667
110	87	234	1.368454
111	87	64	0.640046
112	87	330	3.683997
113	87	258	6.144176
114	87	222	-8.283301
115	87	89	-14.52984
116	87	24	-10.231091
117	87	5	3.995327
118	87	9	23.782505
119	87	26	27.895351
120	87	30	38.455105
121	87	23	38.799011
122	87	25	39.778419
123	87	47	50.070862
124	87	5	46.159081
125	87	471	21.700783
126	87	486	16.728704
127	87	540	18.005875
128	87	48	0
0	88	334	0
1	88	326	0
2	88	225	0.585697
3	88	626	6.586927
4	88	490	20.983318
5	88	222	39.321907
6	88	296	50.405247
7	88	202	46.891319
8	88	62	26.988337
9	88	0	12.313644
10	88	68	17.055075
11	88	62	23.467014
12	88	3	22.6996
13	88	436	10.7813
14	88	449	7.372796
15	88	505	13.026196
16	88	527	13.087513
17	88	511	9.485322
18	88	436	7.94516
19	88	445	5.312647
20	88	449	2.275594
21	88	527	0
22	88	506	0
23	88	538	45
24	88	560	90
25	88	509	45
26	88	575	0
27	88	576	0
28	88	566	0
29	88	683	0
30	88	444	0
31	88	440	0
32	88	682	0
33	88	565	0
34	88	491	0
35	88	462	0
36	88	668	0
37	88	723	0
38	88	701	0
39	88	80	0
40	88	2	0
41	88	3	45
42	88	1	0
43	88	1	0
44	88	0	0
45	88	3	0
46	88	0	0
47	88	2	0
48	88	1	0
49	88	2	0
50	88	3	0
51	88	3	0
52	88	1	0
53	88	2	0
54	88	1	1.854154
55	88	0	13.108371
56	88	2	22.392771
57	88	0	18.472979
58	88	3	7.74452
59	88	1	2.482137
60	88	3	0.413451
61	88	3	0
62	88	0	0.952452
63	88	434	3.468708
64	88	435	3.942006
65	88	0	1.482994
66	88	3	0
67	88	2	0
68	88	1	0
69	88	3	0.00098
70	88	2	0.690961
71	88	451	2.806242
72	88	506	6.051983
73	88	452	8.691284
74	88	444	21.015747
75	88	440	15.905168
76	88	444	5.79218
77	88	3	0.024022
78	88	415	0.128931
79	88	348	2.032392
80	88	348	6.898561
81	88	349	10.921778
82	88	349	13.184791
83	88	416	10.558197
84	88	0	3.436533
85	88	3	6.697765
86	88	1	16.411549
87	88	0	15.962118
88	88	0	22.079824
89	88	570	23.433258
90	88	594	17.485806
91	88	598	6.593242
92	88	2	2.500924
93	88	1	2.988386
94	88	0	15.07775
95	88	1	19.364246
96	88	0	13.868252
97	88	2	9.003448
98	88	0	0
99	88	3	0
100	88	217	0
101	88	107	0
102	88	93	0
103	88	0	-2.029136
104	88	2	-3.640367
105	88	126	-2.362377
106	88	286	-0.019238
107	88	309	6.585034
108	88	226	7.130852
109	88	126	11.518589
110	88	409	21.570852
111	88	25	18.916059
112	88	86	17.633909
113	88	234	14.596049
114	88	202	3.391305
115	88	199	-4.584531
116	88	24	0.175506
117	88	5	18.462442
118	88	9	34.463135
119	88	10	51.425411
120	88	10	64.554276
121	88	47	51.680893
122	88	5	53.778885
123	88	5	66.713242
124	88	469	69.272568
125	88	540	48.026375
126	88	5	30.912313
127	88	330	30.923603
128	88	258	0
0	89	326	0
1	89	27	0
2	89	89	0.060703
3	89	224	7.676936
4	89	234	22.186773
5	89	255	36.741871
6	89	28	45.58659
7	89	12	41.910072
8	89	62	21.586508
9	89	126	6.134217
10	89	93	18.14575
11	89	2	23.947481
12	89	440	24
13	89	462	11.704134
14	89	506	7.746301
15	89	505	13.241831
16	89	450	13.225304
17	89	449	10.397125
18	89	527	9.216828
19	89	506	8.518614
20	89	506	5.03826
21	89	452	1.920423
22	89	724	0
23	89	725	0
24	89	544	45
25	89	665	0
26	89	587	0
27	89	551	0
28	89	511	0
29	89	3	0
30	89	2	0
31	89	440	0
32	89	453	0
33	89	510	0
34	89	726	0
35	89	727	0
36	89	637	0
37	89	728	0
38	89	513	0
39	89	2	0
40	89	2	45
41	89	1	90
42	89	2	45
43	89	0	0
44	89	2	0
45	89	3	0
46	89	0	0
47	89	2	0
48	89	2	0
49	89	2	0
50	89	0	0
51	89	3	0
52	89	1	0
53	89	0	0
54	89	3	0.34084
55	89	3	8.676823
56	89	2	22.703833
57	89	2	26.053946
58	89	3	18.108938
59	89	1	10.296364
60	89	2	4.576426
61	89	2	0.267289
62	89	2	2.915053
63	89	2	7.692584
64	89	2	9.076557
65	89	2	5.224378
66	89	436	0.506932
67	89	437	0
68	89	0	0
69	89	3	1.678039
70	89	440	3.739834
71	89	522	3.13019
72	89	444	1.913362
73	89	2	7.55612
74	89	2	7.829119
75	89	2	1.450451
76	89	415	0.546192
77	89	348	0.056459
78	89	348	0.048894
79	89	348	0.643042
80	89	349	2.779944
81	89	349	5.597043
82	89	349	6.516886
83	89	416	5.509438
84	89	1	4.095835
85	89	2	5.190037
86	89	1	9.467061
87	89	3	13.51081
88	89	578	21.343552
89	89	598	24.880125
90	89	2	22.736454
91	89	2	17.219074
92	89	3	6.975246
93	89	3	0.846359
94	89	2	11.475002
95	89	1	16.538216
96	89	3	8.520132
97	89	0	0
98	89	2	0
99	89	126	0
100	89	93	0
101	89	1	0
102	89	3	-0.636743
103	89	3	-5.960741
104	89	1	-9.961514
105	89	63	-6.672226
106	89	221	-1.368098
107	89	12	3.43962
108	89	62	7.990649
109	89	1	15.669032
110	89	23	27.160807
111	89	30	32.770916
112	89	217	38.757065
113	89	259	39.866516
114	89	218	25.376566
115	89	26	8.711732
116	89	46	10.991838
117	89	24	24.972956
118	89	5	45.888565
119	89	5	58.184372
120	89	5	69.108299
121	89	5	61.314747
122	89	5	65.04052
123	89	5	81.935272
124	89	81	85.405327
125	89	46	58.862812
126	89	30	37.766949
127	89	246	29.607533
128	89	223	0
0	90	225	0
1	90	67	4.394516
2	90	8	8.957551
3	90	217	23.614071
4	90	326	24.572927
5	90	27	30.740099
6	90	335	27.30456
7	90	93	20.631531
8	90	2	12.142854
9	90	2	2.82341
10	90	0	8.556149
11	90	3	16.513512
12	90	451	13.779428
13	90	506	2.903457
14	90	506	5.653556
15	90	506	8.630946
16	90	527	7.202507
17	90	505	4.930266
18	90	506	5.24378
19	90	452	6.254887
20	90	444	5.694695
21	90	3	2.404227
22	90	0	0.328056
23	90	451	0
24	90	516	0
25	90	729	0
26	90	636	0
27	90	655	0
28	90	730	0
29	90	445	0
30	90	438	0
31	90	513	0
32	90	731	0
33	90	732	0
34	90	662	0
35	90	645	0
36	90	679	0
37	90	523	0
38	90	2	0
39	90	0	45
40	90	3	90
41	90	3	135
42	90	3	90
43	90	0	45
44	90	3	0
45	90	2	0
46	90	2	0
47	90	0	0
48	90	1	0
49	90	2	0
50	90	0	0
51	90	3	0
52	90	2	0
53	90	2	0
54	90	0	2.299465
55	90	0	10.441497
56	90	1	23.065435
57	90	0	29.538567
58	90	0	27.172506
59	90	2	20.964853
60	90	2	12.816103
61	90	1	3.41427
62	90	3	2.736376
63	90	1	7.826677
64	90	2	10.457415
65	90	440	6.891819
66	90	477	1.899343
67	90	445	0
68	90	437	0.440271
69	90	436	5.493852
70	90	437	10.325773
71	90	1	8.174302
72	90	1	1.937904
73	90	1	0.572508
74	90	2	0.816514
75	90	434	1.157311
76	90	374	0.671119
77	90	374	0.097777
78	90	374	0.095734
79	90	375	0.45209
80	90	375	3.059824
81	90	375	12.724768
82	90	435	14.880292
83	90	0	9.733927
84	90	3	14.155746
85	90	0	14.225182
86	90	1	4.706785
87	90	0	3.281845
88	90	1	7.271441
89	90	2	12.711208
90	90	2	19.144947
91	90	1	18.365725
92	90	1	12.518425
93	90	1	2.325021
94	90	0	11.438006
95	90	1	13.484501
96	90	3	4.447235
97	90	1	0
98	90	1	0
99	90	1	0
100	90	1	0
101	90	2	0
102	90	1	-1.039892
103	90	2	-8.614741
104	90	126	-13.789083
105	90	127	-9.352981
106	90	127	-1.803899
107	90	93	0
108	90	2	3.046007
109	90	3	13.751439
110	90	68	29.440046
111	90	106	56.238152
112	90	222	73.59037
113	90	296	70.35331
114	90	226	40.289223
115	90	7	22.666691
116	90	47	19.011204
117	90	5	36.110523
118	90	5	56.484566
119	90	5	64.073547
120	90	5	71.109032
121	90	81	72.354134
122	90	46	64.583275
123	90	30	83.904655
124	90	0	70.956505
125	90	7	48.679016
126	90	47	27.839447
127	90	81	14.967908
128	90	336	0
0	91	296	0
1	91	226	14.59355
2	91	217	21.561138
3	91	245	38.205116
4	91	269	30.992241
5	91	25	25.502598
6	91	8	14.129685
7	91	68	11.046531
8	91	62	9.908817
9	91	2	5.929062
10	91	3	0
11	91	451	1.859784
12	91	527	0.58965
13	91	505	1.615023
14	91	506	3.619701
15	91	527	3.782435
16	91	452	1.470767
17	91	462	0
18	91	511	0.696265
19	91	1	2.605933
20	91	0	2.778998
21	91	1	1.419242
22	91	733	0
23	91	734	0
24	91	735	0
25	91	644	0
26	91	507	0
27	91	508	0
28	91	464	0
29	91	453	0
30	91	621	0
31	91	645	0
32	91	644	0
33	91	637	0
34	91	638	0
35	91	508	0
36	91	464	0
37	91	2	0
38	91	1	45
39	91	0	90
40	91	2	135
41	91	3	180
42	91	2	135
43	91	2	90
44	91	1	45
45	91	1	0
46	91	1	0
47	91	2	0
48	91	2	0
49	91	0	0
50	91	2	0
51	91	3	0
52	91	0	0
53	91	2	2.181641
54	91	1	7.552891
55	91	1	13.563174
56	91	1	20.101824
57	91	2	22.601528
58	91	0	24.250626
59	91	3	22.490831
60	91	0	16.646233
61	91	1	5.834214
62	91	0	0.375542
63	91	3	3.937558
64	91	436	6.250583
65	91	449	4.92223
66	91	527	1.800152
67	91	511	0.057065
68	91	440	1.123391
69	91	477	9.855565
70	91	445	16.657869
71	91	437	11.697473
72	91	2	3.422673
73	91	0	0.096617
74	91	2	11.866452
75	91	434	17.576973
76	91	374	7.94877
77	91	374	4.415648
78	91	375	0.120049
79	91	375	0.53708
80	91	435	5.589682
81	91	3	17.140663
82	91	3	17.804977
83	91	0	9.36543
84	91	0	15.749473
85	91	3	14.680805
86	91	1	3.533583
87	91	1	2.782916
88	91	0	8.084689
89	91	1	7.644197
90	91	3	10.013644
91	91	3	8.318271
92	91	2	1.168929
93	91	2	-0.241125
94	91	1	5.388167
95	91	3	7.313634
96	91	0	0.004872
97	91	0	0
98	91	2	0
99	91	2	0
100	91	3	0
101	91	3	0
102	91	3	-0.992243
103	91	3	-7.416271
104	91	1	-12.637916
105	91	3	-8.421381
106	91	3	-1.202978
107	91	2	0
108	91	3	0.586096
109	91	126	10.412398
110	91	258	30.719589
111	91	326	66.351494
112	91	27	74.059212
113	91	85	80.743362
114	91	26	56.62315
115	91	46	26.299721
116	91	24	20.518105
117	91	5	35.067127
118	91	5	59.30183
119	91	81	70.094513
120	91	30	68.899582
121	91	1	64.992516
122	91	7	57.398849
123	91	8	59.282677
124	91	4	53.758091
125	91	81	39.268219
126	91	30	12.795631
127	91	63	3.534966
128	91	255	0
0	92	325	0
1	92	126	22.700283
2	92	258	30.254053
3	92	49	40.791958
4	92	23	31.861168
5	92	25	22.670673
6	92	11	5.817213
7	92	49	10.72088
8	92	1	15.36311
9	92	436	12.620443
10	92	449	5.948485
11	92	506	1.847631
12	92	452	2.139013
13	92	462	3.998312
14	92	452	4.395731
15	92	477	2.428878
16	92	512	0.711651
17	92	463	0
18	92	464	0
19	92	445	0.18575
20	92	445	0.5233
21	92	700	0.031198
22	92	643	0
23	92	736	0
24	92	737	0
25	92	638	0
26	92	675	0
27	92	551	0
28	92	505	0
29	92	453	0
30	92	621	0
31	92	675	0
32	92	645	0
33	92	646	0
34	92	653	0
35	92	508	0
36	92	1	0
37	92	2	0
38	92	0	0
39	92	0	45
40	92	2	90
41	92	3	135
42	92	2	90
43	92	0	45
44	92	3	0
45	92	3	0
46	92	2	0
47	92	0	0
48	92	3	0
49	92	1	0
50	92	0	0
51	92	2	0
52	92	415	2.491614
53	92	416	6.631002
54	92	3	11.936816
55	92	2	12.611702
56	92	3	12.672494
57	92	1	11.217736
58	92	1	11.091427
59	92	0	14.683554
60	92	415	13.107721
61	92	416	5.224636
62	92	0	0
63	92	440	0.333306
64	92	522	1.59645
65	92	462	2.181777
66	92	511	1.626783
67	92	436	0.106788
68	92	449	1.2981
69	92	527	9.421224
70	92	450	15.569189
71	92	445	10.790112
72	92	437	2.290313
73	92	2	0
74	92	2	12
75	92	434	20
76	92	374	8
77	92	375	5.912054
78	92	435	0.164932
79	92	0	0.827646
80	92	3	4.666315
81	92	3	10.851476
82	92	1	9.424348
83	92	2	3.346049
84	92	3	-2.946304
85	92	0	-1.341195
86	92	3	2.942013
87	92	0	16.31719
88	92	0	17.458572
89	92	0	14.413292
90	92	3	2.940087
91	92	3	-3.563815
92	92	2	-8.343012
93	92	3	-6.763079
94	92	3	-1.724021
95	92	2	0.105215
96	92	1	0
97	92	3	0
98	92	2	0
99	92	2	0
100	92	1	0
101	92	0	0
102	92	1	-0.30281
103	92	2	-5.265346
104	92	0	-9.326523
105	92	2	-6.588826
106	92	1	-1.219334
107	92	68	0
108	92	91	0
109	92	106	8
110	92	29	30.280939
111	92	24	49.767067
112	92	5	57.916222
113	92	9	69.253662
114	92	10	46.951984
115	92	47	23.011919
116	92	5	15.384751
117	92	5	27.071756
118	92	9	50.678707
119	92	10	65.269073
120	92	8	83.792778
121	92	4	77.842529
122	92	61	58.575687
123	92	66	43.693336
124	92	202	30.13434
125	92	91	20.166878
126	92	92	7.682637
127	92	409	0.780891
128	92	90	0
0	93	62	0
1	93	217	18.525211
2	93	12	23.972631
3	93	91	20.718887
4	93	66	13.116838
5	93	257	8.007568
6	93	93	0.25246
7	93	3	7.540627
8	93	440	16.120434
9	93	462	18.528133
10	93	452	13.213333
11	93	444	7.742538
12	93	440	8.13217
13	93	477	9.238951
14	93	512	6.987568
15	93	477	2.775027
16	93	665	0.075218
17	93	689	0
18	93	464	0
19	93	527	0
20	93	738	0
21	93	638	0
22	93	645	0
23	93	643	0
24	93	736	0
25	93	739	0
26	93	476	0
27	93	506	0
28	93	463	0
29	93	507	0
30	93	740	0
31	93	741	0
32	93	675	0
33	93	740	0
34	93	741	0
35	93	2	0
36	93	1	0
37	93	2	0
38	93	0	0
39	93	1	0
40	93	2	45
41	93	119	90
42	93	120	45
43	93	121	0
44	93	119	0
45	93	121	0
46	93	1	0
47	93	1	0
48	93	3	0
49	93	1	0
50	93	415	0
51	93	348	0.275261
52	93	349	4.007285
53	93	416	8.695179
54	93	3	10.347006
55	93	0	7.983664
56	93	1	4.698115
57	93	1	2.520578
58	93	415	3.188107
59	93	348	5.730499
60	93	349	6.686623
61	93	416	2.703132
62	93	2	0.354983
63	93	2	0
64	93	440	0.276091
65	93	477	1.911269
66	93	512	2.342829
67	93	462	0.138819
68	93	527	-3.397999
69	93	452	-0.019885
70	93	462	3.165415
71	93	511	0.539503
72	93	1	-3.47367
73	93	2	-0.71975
74	93	2	0
75	93	434	0
76	93	435	0.627547
77	93	2	0
78	93	2	-0.077104
79	93	1	1.1563
80	93	1	6.534458
81	93	0	16.627962
82	93	1	8.453321
83	93	2	-4.097417
84	93	0	-9.15917
85	93	2	-6.064866
86	93	0	4.271779
87	93	2	21.220226
88	93	3	19.415684
89	93	2	12.308317
90	93	2	0.750661
91	93	1	-8.199236
92	93	2	-13.878979
93	93	1	-9.999619
94	93	1	-3.016797
95	93	1	0
96	93	1	0
97	93	1	0
98	93	0	0
99	93	2	0
100	93	2	0
101	93	0	0
102	93	3	-0.06059
103	93	1	-4.226572
104	93	3	-7.57064
105	93	1	-5.303833
106	93	126	-1.508495
107	93	127	0
108	93	258	0
109	93	12	5.366384
110	93	66	18.197086
111	93	64	31.120539
112	93	5	43.303375
113	93	225	49.986046
114	93	64	38.092186
115	93	5	13.007395
116	93	5	7.231913
117	93	225	18.761806
118	93	64	44.378746
119	93	9	69.916656
120	93	309	92.106979
121	93	255	78.090149
122	93	88	53.663303
123	93	335	30.213375
124	93	127	16.606659
125	93	93	9.062803
126	93	3	3.492007
127	93	126	0.06232
128	93	93	0
0	94	126	0
1	94	258	9.950535
2	94	107	10.257236
3	94	127	7.277309
4	94	93	5.651243
5	94	2	2.663151
6	94	1	0
7	94	436	3.867594
8	94	512	10.870767
9	94	477	14.241569
10	94	437	12.159805
11	94	436	9.650784
12	94	449	11.048837
13	94	450	11.186584
14	94	449	7.635839
15	94	545	2.563333
16	94	589	0
17	94	476	45
18	94	634	0
19	94	735	0
20	94	646	0
21	94	740	0
22	94	742	0
23	94	661	0
24	94	743	0
25	94	731	45
26	94	734	0
27	94	635	0
28	94	638	0
29	94	744	0
30	94	745	0
31	94	740	0
32	94	746	0
33	94	747	0
34	94	2	0
35	94	2	0
36	94	3	0
37	94	0	0
38	94	119	0
39	94	120	0
40	94	173	0
41	94	197	45
42	94	176	0
43	94	173	0
44	94	176	0
45	94	120	0
46	94	121	0
47	94	2	0
48	94	0	0
49	94	434	0
50	94	374	0
51	94	375	0.181162
52	94	435	2.740086
53	94	1	5.786412
54	94	3	5.334135
55	94	3	2.492478
56	94	415	1.336151
57	94	348	1.403432
58	94	348	0.608528
59	94	349	2.554983
60	94	349	6.041672
61	94	416	7.011127
62	94	2	6.008685
63	94	2	4.978757
64	94	440	3.226136
65	94	444	2.465694
66	94	451	3.685216
67	94	506	-1.059915
68	94	450	-8.343288
69	94	449	-9.358432
70	94	450	-9.444345
71	94	437	-8.393514
72	94	1	-4.404148
73	94	0	0.653217
74	94	2	1.08905
75	94	2	0
76	94	2	0.33239
77	94	1	7.975034
78	94	3	6.400021
79	94	0	3.202486
80	94	1	15.808523
81	94	2	19.292158
82	94	0	26.452286
83	94	3	2.747584
84	94	0	-14.914528
85	94	0	-5.452038
86	94	1	16.619587
87	94	1	15.800142
88	94	2	12.549193
89	94	0	0.381976
90	94	3	-2.974115
91	94	3	-10.412938
92	94	2	-13.680292
93	94	2	-8.116096
94	94	0	-1.037893
95	94	2	0
96	94	1	0
97	94	0	0
98	94	0	0
99	94	2	0
100	94	3	0
101	94	2	0
102	94	3	-0.746835
103	94	2	-5.749669
104	94	0	-8.631178
105	94	1	-5.472333
106	94	3	-0.750231
107	94	126	0
108	94	258	0
109	94	334	5.63569
110	94	245	13.675855
111	94	269	27.590418
112	94	268	38.665047
113	94	245	41.916172
114	94	64	16.589203
115	94	5	3.152702
116	94	27	1.310802
117	94	296	11.018317
118	94	64	37.261917
119	94	48	53.308006
120	94	29	63.044235
121	94	46	58.025047
122	94	30	39.507751
123	94	0	18.12336
124	94	1	6.307196
125	94	3	1.138579
126	94	2	0.119663
127	94	3	0
128	94	1	0
0	95	126	0
1	95	93	5.892584
2	95	3	5.925889
3	95	2	2.58881
4	95	2	0
5	95	3	0
6	95	440	0
7	95	477	0.258914
8	95	512	2.410833
9	95	444	4.299842
10	95	440	3.981959
11	95	522	4.683984
12	95	522	6.125635
13	95	462	6.599705
14	95	514	4.695055
15	95	551	1.625703
16	95	634	45
17	95	735	90
18	95	646	45
19	95	740	0
20	95	746	0
21	95	748	0
22	95	749	0
23	95	738	0
24	95	750	45
25	95	643	90
26	95	751	45
27	95	752	0
28	95	750	0
29	95	646	0
30	95	753	0
31	95	747	0
32	95	653	0
33	95	0	0
34	95	2	0
35	95	3	0
36	95	119	0
37	95	173	0
38	95	135	0
39	95	216	0
40	95	216	0
41	95	216	0
42	95	216	0
43	95	216	0
44	95	196	0
45	95	176	0
46	95	121	0
47	95	3	0
48	95	0	0
49	95	434	0
50	95	435	0
51	95	2	0
52	95	0	0.658359
53	95	3	3.897837
54	95	415	5.746143
55	95	348	6.143615
56	95	348	6.642723
57	95	348	6.464222
58	95	349	8.802094
59	95	349	11.968897
60	95	349	13.901142
61	95	416	15.374108
62	95	0	15.365723
63	95	3	14.125037
64	95	3	11.479929
65	95	440	8.638821
66	95	522	1.976467
67	95	462	-4.687984
68	95	527	-10.840755
69	95	506	-11.46977
70	95	511	-9.331715
71	95	0	-4.661093
72	95	2	1.487696
73	95	2	5.849293
74	95	2	3.464467
75	95	0	0.320993
76	95	2	2.45075
77	95	1	11.175491
78	95	0	10.316065
79	95	0	-5.24026
80	95	0	5.167263
81	95	3	14.588563
82	95	2	22.186171
83	95	2	5.437883
84	95	1	-17.448704
85	95	0	-9.905524
86	95	3	8.505622
87	95	1	9.296527
88	95	1	-1.261222
89	95	0	-1.030443
90	95	2	-6.390136
91	95	2	-11.894265
92	95	0	-10.439846
93	95	1	-3.963471
94	95	1	0
95	95	1	0
96	95	2	0
97	95	1	0
98	95	2	-0.000002
99	95	2	-0.001598
100	95	1	-0.003086
101	95	3	0
102	95	1	-3.84472
103	95	3	-10.62657
104	95	0	-12.19356
105	95	3	-6.240758
106	95	2	-0.466576
107	95	126	1.417753
108	95	127	8
109	95	127	8
110	95	93	17.001783
111	95	246	17.632385
112	95	335	23.569502
113	95	87	24.082539
114	95	81	4.655698
115	95	46	-0.323257
116	95	268	-0.394207
117	95	245	5.904148
118	95	221	16.136621
119	95	12	22.968998
120	95	62	26.54974
121	95	2	22.791225
122	95	0	9.800627
123	95	0	4.617442
124	95	3	0.698879
125	95	2	0.755244
126	95	1	3.507512
127	95	3	2.447523
128	95	68	0
0	96	62	0
1	96	68	6.065354
2	96	62	6.329952
3	96	2	2.581751
4	96	436	0
5	96	445	0
6	96	512	0
7	96	477	0
8	96	445	1.177595
9	96	437	1.271842
10	96	436	0.979896
11	96	437	0.515245
12	96	451	0.163989
13	96	453	0.838091
14	96	565	0.848972
15	96	642	0.163402
16	96	646	0
17	96	675	45
18	96	754	0
19	96	755	0
20	96	675	0
21	96	508	0
22	96	642	0
23	96	646	45
24	96	654	90
25	96	750	135
26	96	643	90
27	96	756	45
28	96	757	0
29	96	587	0
30	96	740	0
31	96	741	0
32	96	2	0
33	96	2	0
34	96	0	0
35	96	134	0
36	96	135	0
37	96	136	0
38	96	2	0
39	96	2	0
40	96	2	0
41	96	3	0.007772
42	96	1	0.093774
43	96	153	0.348312
44	96	196	0.354933
45	96	176	0
46	96	121	0
47	96	1	0.044947
48	96	0	0
49	96	2	0
50	96	2	0
51	96	1	0.224884
52	96	415	3.939533
53	96	348	7.402847
54	96	348	10.119811
55	96	348	12.080168
56	96	348	13.360471
57	96	349	17.325558
58	96	349	22.606884
59	96	349	25.819199
60	96	349	26.798368
61	96	416	25.741941
62	96	0	25.740238
63	96	2	23.689867
64	96	436	19.790503
65	96	445	14.717947
66	96	512	6.844424
67	96	522	-1.661014
68	96	522	-8.769066
69	96	444	-6.215938
70	96	2	-1.82877
71	96	3	1.100263
72	96	0	5.761624
73	96	3	8.033865
74	96	3	3.789285
75	96	406	1.560512
76	96	414	4.58956
77	96	407	6.920871
78	96	1	0.472637
79	96	2	-7.584715
80	96	3	-13.46921
81	96	3	-3.780915
82	96	0	5.057511
83	96	3	-8.151626
84	96	3	-21.009398
85	96	2	-19.126862
86	96	0	-10.457764
87	96	3	-11.873265
88	96	0	-10.646182
89	96	406	-6.963405
90	96	414	-8.037005
91	96	414	-11.131821
92	96	414	-6.844081
93	96	407	-1.290583
94	96	2	0
95	96	406	0
96	96	414	0
97	96	414	0
98	96	414	-0.011777
99	96	414	-0.150629
100	96	407	-0.362504
101	96	2	-2.420328
102	96	1	-10.722792
103	96	2	-18.402876
104	96	0	-16.27614
105	96	2	-7.079343
106	96	758	-0.693987
107	96	759	8
108	96	3	8
109	96	0	8
110	96	23	16.442905
111	96	90	17.915844
112	96	125	15.848569
113	96	61	10.189617
114	96	91	5.298358
115	96	248	1.853341
116	96	335	5.41753
117	96	127	8.892311
118	96	295	9.416489
119	96	325	5.717554
120	96	0	2.836212
121	96	3	-8.555226
122	96	1	-10.411937
123	96	0	-6.221388
124	96	3	0.40563
125	96	0	8.216315
126	96	3	13.325289
127	96	126	10.462377
128	96	271	0
0	97	106	0
1	97	49	6.330973
2	97	2	6.567138
3	97	451	2.434811
4	97	506	0
5	97	511	0.839048
6	97	440	3.656497
7	97	522	7.490306
8	97	444	9.725421
9	97	440	9.34581
10	97	444	6.295447
11	97	733	2.581195
12	97	760	0.886539
13	97	514	0
14	97	653	0
15	97	566	0
16	97	621	0
17	97	754	0
18	97	755	0
19	97	675	0
20	97	653	0
21	97	654	0
22	97	638	45
23	97	645	90
24	97	756	135
25	97	761	180
26	97	746	135
27	97	762	90
28	97	763	45
29	97	746	0
30	97	747	0
31	97	0	0
32	97	0	0
33	97	119	0
34	97	173	0
35	97	176	0
36	97	121	0
37	97	3	0
38	97	3	0
39	97	1	0
40	97	3	0.004623
41	97	0	0.471043
42	97	2	2.441528
43	97	153	4.595591
44	97	196	11.195487
45	97	176	15.362585
46	97	121	7.011661
47	97	0	2.384515
48	97	3	0.463
49	97	1	0
50	97	415	0
51	97	348	3.679202
52	97	348	8.165992
53	97	348	12.150091
54	97	348	15.590011
55	97	348	18.622145
56	97	349	21.880514
57	97	349	29.718168
58	97	349	35.465878
59	97	349	39.117596
60	97	349	40.674561
61	97	416	39.314865
62	97	2	36.744221
63	97	451	34.395981
64	97	505	29.262079
65	97	511	27.959864
66	97	2	39.074276
67	97	2	29.941835
68	97	0	8.260492
69	97	3	-1.12329
70	97	0	0
71	97	0	0.867191
72	97	406	3.340199
73	97	414	3.456815
74	97	412	1.721018
75	97	425	1.131032
76	97	423	5.072264
77	97	1	6.522728
78	97	2	2.377711
79	97	0	-8.290391
80	97	2	-12.638209
81	97	0	-10.02246
82	97	3	-8.676606
83	97	2	-14.825358
84	97	2	-25.736267
85	97	3	-24.539045
86	97	3	-21.485886
87	97	2	-24.563801
88	97	427	-23.739704
89	97	422	-18.519287
90	97	627	-14.110997
91	97	433	-9.049144
92	97	423	-3.078192
93	97	406	-0.656282
94	97	421	-0.915127
95	97	497	-0.261358
96	97	422	0
97	97	497	-0.001209
98	97	528	-0.299647
99	97	429	-1.414652
100	97	406	-2.906748
101	97	407	-8.833965
102	97	0	-17.586502
103	97	1	-21.294912
104	97	1	-15.024038
105	97	764	-4.884186
106	97	765	1.502541
107	97	766	8
108	97	759	8
109	97	0	8
110	97	126	8
111	97	409	8.090584
112	97	268	5.43338
113	97	259	6.596542
114	97	29	6.250015
115	97	30	8.395595
116	97	68	15.241775
117	97	66	29.818144
118	97	226	30.296947
119	97	3	24.890064
120	97	0	-1.569906
121	97	0	-16.844318
122	97	758	-16.371038
123	97	759	-9.413308
124	97	3	0.240649
125	97	3	11.966662
126	97	2	19.654049
127	97	126	14.171961
128	97	127	0
0	98	93	0
1	98	3	6.061636
2	98	451	6.409685
3	98	506	2.920299
4	98	511	0
5	98	2	2.377238
6	98	3	8.163063
7	98	436	15.894468
8	98	767	20.356167
9	98	22	19.021782
10	98	700	15.351536
11	98	768	9.356767
12	98	577	3.572187
13	98	675	0.869773
14	98	508	-0.174303
15	98	637	-1.33803
16	98	769	-1.62067
17	98	747	-0.781097
18	98	566	0
19	98	691	0
20	98	770	0
21	98	646	45
22	98	740	90
23	98	771	135
24	98	772	180
25	98	773	225
26	98	565	180
27	98	774	135
28	98	747	90
29	98	675	45
30	98	2	0
31	98	119	0
32	98	173	0
33	98	197	0
34	98	135	0
35	98	154	-0.390389
36	98	121	-0.070615
37	98	3	0
38	98	1	0
39	98	3	0
40	98	3	0.475818
41	98	3	3.67101
42	98	2	11.369901
43	98	153	25.296726
44	98	196	35.888519
45	98	174	33.111988
46	98	2	22.748053
47	98	2	10.358681
48	98	1	2.23802
49	98	434	0.045565
50	98	374	1.606175
51	98	374	6.829319
52	98	374	11.812659
53	98	374	16.404242
54	98	374	21.352007
55	98	375	26.25622
56	98	375	33.188595
57	98	375	41.007122
58	98	375	52.731449
59	98	375	65.713303
60	98	435	68.625824
61	98	3	61.642677
62	98	440	53.13588
63	98	522	49.557213
64	98	444	49.335953
65	98	3	57.329163
66	98	0	65.160767
67	98	3	54.176147
68	98	0	30.668669
69	98	2	4.946948
70	98	2	0.311495
71	98	420	0
72	98	425	0
73	98	619	0.011397
74	98	412	0
75	98	429	1.122286
76	98	0	2.905744
77	98	0	3.824864
78	98	3	1.88779
79	98	2	-2.488874
80	98	0	-4.951541
81	98	2	-3.837874
82	98	406	-4.983675
83	98	407	-10.028056
84	98	406	-16.861431
85	98	414	-19.701284
86	98	414	-22.231802
87	98	412	-30.928871
88	98	425	-38.237331
89	98	497	-34.855457
90	98	422	-28.200676
91	98	619	-17.335178
92	98	421	-6.132805
93	98	627	-3.23626
94	98	422	-3.752521
95	98	422	-1.836748
96	98	428	0
97	98	423	-0.09065
98	98	2	-2.750825
99	98	427	-6.204964
100	98	619	-10.342548
101	98	407	-20.595932
102	98	1	-24.675304
103	98	1	-19.263689
104	98	1	-10.651403
105	98	764	-3.506856
106	98	775	-1.09806
107	98	776	6.884291
108	98	3	7.282852
109	98	2	8
110	98	1	8
111	98	126	3.829441
112	98	127	9.1043
113	98	93	11.426894
114	98	0	9.404586
115	98	126	10.974042
116	98	127	20.064856
117	98	93	46.7244
118	98	3	42.520538
119	98	1	37.261742
120	98	758	2.518458
121	98	777	-14.276188
122	98	778	-14.554278
123	98	0	-8.344499
124	98	0	0.079947
125	98	2	7.61521
126	98	0	12.035689
127	98	1	8.668985
128	98	1	0
0	99	2	0
1	99	451	4.091389
2	99	506	4.250335
3	99	511	1.888149
4	99	2	0
5	99	2	1.946357
6	99	451	7.1546
7	99	668	15.319386
8	99	743	20.522602
9	99	507	19.838564
10	99	515	17.841995
11	99	576	14.35167
12	99	675	7.751521
13	99	740	1.387329
14	99	779	-0.912378
15	99	736	-3.861503
16	99	739	-4.933212
17	99	565	-2.021798
18	99	680	0
19	99	713	0
20	99	621	45
21	99	754	90
22	99	640	135
23	99	780	180
24	99	781	225
25	99	507	270
26	99	675	225
27	99	566	180
28	99	523	135
29	99	2	90
30	99	153	45
31	99	196	0
32	99	135	0
33	99	136	0
34	99	153	-1.786319
35	99	136	-3.388828
36	99	3	-2.324277
37	99	406	-0.202431
38	99	414	0
39	99	407	0.082774
40	99	3	3.489412
41	99	3	13.951495
42	99	2	29.043861
43	99	134	48.691322
44	99	174	49.761738
45	99	3	47.26804
46	99	2	34.557274
47	99	0	18.0488
48	99	0	4.463128
49	99	434	0.03324
50	99	374	3.624405
51	99	374	9.187311
52	99	374	14.628812
53	99	374	20.171898
54	99	375	29.080278
55	99	375	44.745575
56	99	375	48.998989
57	99	375	53.928173
58	99	435	75.300125
59	99	1	97.392227
60	99	0	100.518349
61	99	3	90.563469
62	99	2	74.101082
63	99	2	75.602859
64	99	3	96.342354
65	99	3	101.111504
66	99	3	88.551338
67	99	3	72.794846
68	99	1	44.572727
69	99	0	13.515034
70	99	406	5.563374
71	99	421	6.10354
72	99	422	4.709016
73	99	619	0.41432
74	99	407	-2.08679
75	99	0	-6.142397
76	99	3	-7.724196
77	99	3	-6.59716
78	99	1	-4.294494
79	99	3	-2.369735
80	99	2	-0.11043
81	99	420	-0.112578
82	99	429	-0.418011
83	99	427	-0.494944
84	99	428	-4.156554
85	99	627	-8.001435
86	99	619	-15.735323
87	99	421	-28.203156
88	99	422	-40.815224
89	99	627	-43.893803
90	99	433	-36.608696
91	99	433	-26.562124
92	99	428	-14.34226
93	99	422	-14.169759
94	99	428	-18.374485
95	99	782	-16.2815
96	99	783	-11.599056
97	99	414	-7.913074
98	99	421	-10.755443
99	99	497	-16.094149
100	99	619	-26.654303
101	99	407	-34.583023
102	99	0	-35.017517
103	99	2	-26.140436
104	99	3	-14.932239
105	99	764	-11.470525
106	99	765	-5.594971
107	99	759	0.559381
108	99	1	3.66303
109	99	758	5.327753
110	99	759	6.881171
111	99	3	11.313727
112	99	2	16
113	99	3	15.429627
114	99	2	16.102726
115	99	3	9.947908
116	99	2	13.496744
117	99	1	36.186035
118	99	758	37.06105
119	99	784	26.17301
120	99	776	3.756877
121	99	1	-7.26298
122	99	0	-8.647006
123	99	1	-4.497304
124	99	0	-0.08101
125	99	2	1.295332
126	99	2	2.269301
127	99	2	0.417994
128	99	3	0
0	100	451	0
1	100	527	0.835541
2	100	450	0.921226
3	100	437	0
4	100	2	0
5	100	451	0.070455
6	100	538	2.804383
7	100	577	8.793006
8	100	552	11.630352
9	100	587	11.346465
10	100	566	12.579031
11	100	621	14.198884
12	100	753	10.94939
13	100	747	4.723907
14	100	645	-2.134578
15	100	644	-6.543161
16	100	507	-8.594153
17	100	622	-5.381878
18	100	560	0
19	100	507	0
20	100	753	0
21	100	785	45
22	100	786	90
23	100	747	135
24	100	675	180
25	100	654	225
26	100	636	180
27	100	505	135
28	100	120	90
29	100	121	45
30	100	134	0
31	100	176	0
32	100	121	0
33	100	0	-0.36846
34	100	0	-5.310672
35	100	3	-9.63149
36	100	427	-6.804408
37	100	422	-1.413066
38	100	619	0
39	100	407	0.555078
40	100	1	18.476278
41	100	0	34.925484
42	100	134	57.374233
43	100	174	75.356712
44	100	2	60.909462
45	100	3	51.409157
46	100	0	41.494549
47	100	2	20.364555
48	100	2	6.082383
49	100	434	0.48127
50	100	374	4.782219
51	100	374	10.704156
52	100	374	18.734528
53	100	375	28.462574
54	100	375	44.093605
55	100	375	83.465515
56	100	435	103.934929
57	100	3	83.075142
58	100	0	100.576935
59	100	0	151.147049
60	100	1	155.065948
61	100	1	120.758873
62	100	1	105.902985
63	100	0	127.51918
64	100	2	179.05658
65	100	1	151.471725
66	100	2	116.344795
67	100	3	79.282974
68	100	406	49.543228
69	100	421	37.626968
70	100	497	35.900848
71	100	627	33.923939
72	100	433	18.45166
73	100	423	7.44806
74	100	0	-4.953096
75	100	2	-14.371559
76	100	0	-20.513021
77	100	2	-18.169327
78	100	2	-14.116507
79	100	1	-9.760843
80	100	406	-4.21666
81	100	407	-5.729126
82	100	427	-6.916329
83	100	428	-3.575482
84	100	428	-0.244117
85	100	627	-1.868697
86	100	433	-8.338809
87	100	422	-22.032818
88	100	428	-34.213657
89	100	422	-42.306194
90	100	422	-49.454533
91	100	428	-39.079929
92	100	428	-32.688087
93	100	428	-30.401114
94	100	787	-32.917648
95	100	788	-34.048935
96	100	627	-30.763968
97	100	497	-25.262026
98	100	627	-26.433851
99	100	428	-31.126675
100	100	423	-41.124725
101	100	3	-45.755024
102	100	0	-43.467957
103	100	2	-35.106102
104	100	2	-26.010271
105	100	764	-21.518293
106	100	765	-11.399771
107	100	759	-7.627185
108	100	764	-8.800793
109	100	778	-4.853679
110	100	1	0.059683
111	100	1	13.071957
112	100	3	15.367128
113	100	1	15.473715
114	100	1	13.030699
115	100	0	6.377762
116	100	2	8.385869
117	100	764	11.548532
118	100	775	14.579584
119	100	776	8.497312
120	100	1	3.452296
121	100	1	-1.822932
122	100	0	-1.809333
123	100	1	-0.009717
124	100	0	0
125	100	3	0
126	100	2	0
127	100	1	0
128	100	440	0
0	101	462	0
1	101	527	0
2	101	511	0
3	101	436	0
4	101	449	0
5	101	789	0
6	101	790	1.015967
7	101	495	3.76851
8	101	684	6.318452
9	101	508	14.203753
10	101	507	17.722719
11	101	675	12.909966
12	101	566	14.979288
13	101	621	10.610156
14	101	740	1.827795
15	101	741	-7.295232
16	101	515	-12.037029
17	101	576	-9.420625
18	101	675	-3.378229
19	101	675	0
20	101	676	0
21	101	791	0
22	101	653	45
23	101	566	90
24	101	671	135
25	101	644	180
26	101	513	135
27	101	197	90
28	101	176	45
29	101	308	0
30	101	196	0
31	101	174	0
32	101	2	0
33	101	0	-0.426529
34	101	1	-6.961129
35	101	427	-12.101257
36	101	627	-8.904095
37	101	497	-2.38986
38	101	423	0
39	101	1	11.383943
40	101	3	30.415451
41	101	134	40.565922
42	101	176	60.557842
43	101	120	95.446632
44	101	121	90.848885
45	101	1	71.570862
46	101	2	41.39679
47	101	1	19.875542
48	101	3	8.987755
49	101	434	3.463112
50	101	374	6.62161
51	101	374	14.857514
52	101	375	27.575411
53	101	375	43.092476
54	101	435	54.153416
55	101	1	103.973289
56	101	2	157.954239
57	101	0	174.558258
58	101	0	202.866287
59	101	2	237.229889
60	101	1	225.690994
61	101	1	197.752045
62	101	3	138.767456
63	101	0	141.502762
64	101	3	186.973572
65	101	3	152.533691
66	101	2	130.289047
67	101	420	96.341377
68	101	425	83.934586
69	101	528	91.717445
70	101	430	99.851463
71	101	430	74.10125
72	101	429	36.909893
73	101	0	11.001206
74	101	3	-4.342913
75	101	2	-14.094927
76	101	3	-20.32044
77	101	1	-19.354191
78	101	406	-17.787405
79	101	421	-16.269447
80	101	619	-12.065306
81	101	421	-15.471829
82	101	497	-17.388865
83	101	627	-8.273891
84	101	627	-0.373226
85	101	422	-2.500675
86	101	627	-6.758246
87	101	428	-15.882946
88	101	497	-35.081329
89	101	433	-41.442699
90	101	528	-44.40789
91	101	425	-35.739536
92	101	627	-28.349031
93	101	627	-36.089436
94	101	782	-31.704916
95	101	792	-34.201927
96	101	428	-36.693626
97	101	433	-38.37685
98	101	627	-41.116016
99	101	423	-47.324467
100	101	406	-49.871075
101	101	407	-49.396744
102	101	1	-45.49427
103	101	2	-37.626938
104	101	1	-31.336056
105	101	764	-26.170553
106	101	778	-14.830786
107	101	3	-9.780478
108	101	0	-9.486847
109	101	3	-7.297549
110	101	2	-1.384336
111	101	2	4.700853
112	101	0	12.88588
113	101	0	13.908223
114	101	758	6.375134
115	101	759	2.478111
116	101	758	2.967455
117	101	777	7.028594
118	101	778	7.082681
119	101	0	3.32289
120	101	1	0.260595
121	101	1	0.071124
122	101	2	0.032517
123	101	2	0
124	101	0	0
125	101	3	0
126	101	1	0
127	101	2	0
128	101	451	0
0	102	505	0
1	102	450	0
2	102	449	0
3	102	505	0
4	102	545	0
5	102	793	0
6	102	539	0.51002
7	102	738	1.808992
8	102	638	20.516809
9	102	653	24.958054
10	102	566	23.780952
11	102	565	25.659168
12	102	507	18.751064
13	102	753	15.764774
14	102	747	7.115237
15	102	653	-4.434931
16	102	566	-10.762754
17	102	660	-12.996023
18	102	737	-8.387389
19	102	750	-2.618784
20	102	794	0
21	102	795	0
22	102	565	0
23	102	637	45
24	102	638	90
25	102	675	135
26	102	196	90
27	102	197	45
28	102	176	0
29	102	173	0
30	102	174	-0.064419
31	102	2	0
32	102	1	-0.090629
33	102	406	-0.369753
34	102	421	-4.362291
35	102	528	-11.135027
36	102	430	-10.587883
37	102	429	-4.291142
38	102	3	-0.410549
39	102	2	13.454932
40	102	153	32
41	102	216	40
42	102	196	77.790962
43	102	176	95.336754
44	102	121	87.253334
45	102	1	68.581894
46	102	3	33.095528
47	102	2	17.644388
48	102	3	9.24621
49	102	434	6.068387
50	102	374	14.804935
51	102	375	30.610973
52	102	435	60.722149
53	102	0	76.098885
54	102	1	85.67054
55	102	1	106.773659
56	102	3	172.531342
57	102	3	245.203171
58	102	0	246.805374
59	102	0	285.684326
60	102	3	278.671631
61	102	1	249.536026
62	102	2	163.060379
63	102	1	147.740143
64	102	1	157.90303
65	102	2	142.704956
66	102	406	135.718536
67	102	421	122.705566
68	102	423	123.0215
69	102	1	134.915817
70	102	0	126.018578
71	102	1	101.64299
72	102	3	54.749943
73	102	1	13.134029
74	102	1	-1.029939
75	102	2	-6.960529
76	102	0	-10.136407
77	102	427	-9.365738
78	102	497	-15.469023
79	102	428	-22.06024
80	102	428	-26.466215
81	102	528	-27.568974
82	102	430	-24.705492
83	102	425	-12.022207
84	102	627	0
85	102	627	-2.365816
86	102	428	-5.722435
87	102	627	-9.275239
88	102	627	-29.568182
89	102	423	-43.84243
90	102	796	-53.469837
91	102	792	-47.373001
92	102	782	-39.927799
93	102	797	-26.400291
94	102	788	-20.219904
95	102	422	-28.193233
96	102	497	-35.249199
97	102	528	-40.095646
98	102	413	-42.687996
99	102	421	-47.796844
100	102	423	-44.851753
101	102	2	-42.444153
102	102	2	-40.707153
103	102	2	-37.749287
104	102	1	-34.594414
105	102	0	-26.243578
106	102	758	-13.801634
107	102	766	-7.214283
108	102	766	-6.269699
109	102	759	-4.330117
110	102	1	-0.407332
111	102	0	2.495672
112	102	758	7.187605
113	102	784	8.112394
114	102	776	6.655523
115	102	798	0.242487
116	102	799	4.65229
117	102	759	7.672569
118	102	0	7.916389
119	102	1	7.720314
120	102	0	0.87364
121	102	0	2.516428
122	102	1	7.975315
123	102	3	7.976561
124	102	3	5.991124
125	102	2	0.011215
126	102	3	0.000007
127	102	451	0
128	102	506	0
0	103	506	0
1	103	527	0
2	103	505	0
3	103	453	0
4	103	495	0
5	103	537	0
6	103	668	0
7	103	662	5.096507
8	103	653	23.455442
9	103	551	23.993658
10	103	514	23.953682
11	103	653	25.080828
12	103	675	25.056726
13	103	552	14.287274
14	103	795	8.757556
15	103	694	-1.724364
16	103	735	-9.932967
17	103	643	-14.273539
18	103	646	-12.506406
19	103	480	-6.890657
20	103	800	-2.056268
21	103	507	0
22	103	645	0
23	103	679	0
24	103	523	45
25	103	134	90
26	103	197	45
27	103	135	0
28	103	196	0
29	103	176	-1.610432
30	103	121	-4.169086
31	103	1	-5.687108
32	103	427	-6.129166
33	103	422	-4.982954
34	103	619	-5.080408
35	103	407	-8.921538
36	103	0	-11.348619
37	103	0	-6.379041
38	103	0	-1.262788
39	103	0	7.941289
40	103	3	26.786261
41	103	153	41.111275
42	103	196	71.706482
43	103	176	74.604187
44	103	121	62.249512
45	103	1	40.57629
46	103	2	25.650076
47	103	2	13.018035
48	103	2	6.458512
49	103	434	7.912406
50	103	435	22.631687
51	103	3	57.456078
52	103	0	89.267403
53	103	1	108.766441
54	103	1	107.581612
55	103	2	109.308685
56	103	3	137.761627
57	103	0	182.714294
58	103	3	221.591812
59	103	1	259.443787
60	103	2	280.189819
61	103	406	269.825531
62	103	414	184.172623
63	103	407	149.453995
64	103	2	132.940277
65	103	420	127.456329
66	103	430	141.255249
67	103	429	137.17804
68	103	1	144.527313
69	103	3	151.927536
70	103	3	134.916489
71	103	3	109.347397
72	103	1	62.828121
73	103	1	28.364016
74	103	3	9.841818
75	103	1	-1.723566
76	103	427	-3.053084
77	103	422	-3.591654
78	103	497	-10.912519
79	103	627	-27.714241
80	103	619	-36.804977
81	103	407	-36.896393
82	103	427	-27.688425
83	103	497	-12.875222
84	103	433	-1.792836
85	103	428	-0.649695
86	103	428	-2.482707
87	103	497	-6.110041
88	103	423	-29.390984
89	103	801	-51.981926
90	103	802	-58.87796
91	103	787	-54.52404
92	103	788	-44.810978
93	103	428	-26.864834
94	103	428	-20.272308
95	103	433	-28.116783
96	103	619	-34.47736
97	103	421	-33.497532
98	103	627	-28.50445
99	103	423	-27.965624
100	103	1	-27.402018
101	103	0	-29.13628
102	103	0	-34.020824
103	103	1	-37.928696
104	103	1	-36.196533
105	103	798	-28.703655
106	103	803	-14.90785
107	103	803	-5.04444
108	103	799	1.162737
109	103	759	9.719732
110	103	3	12
111	103	798	7.480378
112	103	804	7.990287
113	103	765	8.002093
114	103	784	8
115	103	805	3.357878
116	103	799	7.301554
117	103	759	8.432609
118	103	758	9.848269
119	103	766	9.395576
120	103	759	3.552943
121	103	0	7.989048
122	103	1	7.991971
123	103	2	7.995259
124	103	0	7.941605
125	103	1	0.04706
126	103	451	0.000166
127	103	527	0
128	103	527	0
0	104	452	0
1	104	462	0
2	104	527	0
3	104	463	0
4	104	464	0
5	104	505	0
6	104	514	0
7	104	653	4.678828
8	104	508	19.399073
9	104	507	23.671986
10	104	566	24
11	104	523	23.974236
12	104	575	21.448456
13	104	546	9.835647
14	104	806	5.654732
15	104	807	-2.173063
16	104	621	-9.951084
17	104	566	-13.475483
18	104	575	-13.218164
19	104	808	-10.090005
20	104	737	-4.787721
21	104	638	-0.946247
22	104	508	0
23	104	513	0
24	104	153	0
25	104	196	45
26	104	176	0
27	104	173	0
28	104	197	-0.013935
29	104	174	-3.282416
30	104	0	-8.679104
31	104	420	-11.690823
32	104	430	-12.477236
33	104	430	-10.202962
34	104	429	-6.365468
35	104	0	-6.842531
36	104	0	-8.41229
37	104	2	-5.59021
38	104	3	-0.901115
39	104	0	13.25318
40	104	3	23.876114
41	104	153	41.56461
42	104	196	55.078659
43	104	176	46.541759
44	104	121	37.993599
45	104	119	31.727257
46	104	120	21.060131
47	104	121	6.06814
48	104	0	2.664022
49	104	3	6.961469
50	104	119	24.204947
51	104	120	60.595642
52	104	121	86.134224
53	104	1	118.400032
54	104	2	119.417595
55	104	3	107.212082
56	104	2	111.193352
57	104	0	139.11731
58	104	3	172.585754
59	104	0	202.671951
60	104	427	225.745621
61	104	428	201.672134
62	104	619	222.958313
63	104	407	168.364304
64	104	3	122.94593
65	104	0	126.010422
66	104	1	132.979553
67	104	0	140.387054
68	104	2	143.878616
69	104	3	129.353043
70	104	1	126.874817
71	104	0	92.742447
72	104	1	76.645645
73	104	3	65.382088
74	104	406	34.24535
75	104	421	9.890914
76	104	497	0
77	104	428	-0.006329
78	104	528	-7.774511
79	104	430	-23.956583
80	104	429	-37.685383
81	104	427	-40.650333
82	104	627	-34.965019
83	104	422	-24.643551
84	104	782	-14.757872
85	104	792	-8.846837
86	104	528	-11.288013
87	104	413	-19.304319
88	104	407	-35.482777
89	104	420	-56.823315
90	104	425	-62.793613
91	104	422	-56.978569
92	104	497	-45.349323
93	104	428	-34.802727
94	104	433	-29.19149
95	104	497	-30.432417
96	104	627	-29.741961
97	104	422	-22.178627
98	104	619	-8.821958
99	104	407	-6.027721
100	104	3	-9.032138
101	104	0	-14.527889
102	104	3	-26.620159
103	104	3	-33.929901
104	104	764	-33.713062
105	104	809	-28.508644
106	104	809	-16.757313
107	104	775	-5.812299
108	104	799	10.423265
109	104	759	12
110	104	798	11.983955
111	104	799	15.182237
112	104	784	8.724871
113	104	803	9.395664
114	104	805	11.022693
115	104	803	18.307529
116	104	799	14.506251
117	104	777	13.647027
118	104	809	15.346569
119	104	778	19.662487
120	104	3	17.826294
121	104	406	9.908965
122	104	407	8.069076
123	104	0	7.968095
124	104	0	7.841221
125	104	440	0.090328
126	104	462	0.00075
127	104	527	0.000004
128	104	511	0
0	105	451	0
1	105	463	0
2	105	524	0
3	105	689	0
4	105	513	0
5	105	507	0
6	105	653	0
7	105	675	1.332913
8	105	675	15.578877
9	105	551	21.905499
10	105	527	23.989864
11	105	514	22.093237
12	105	654	8.862318
13	105	636	6.045949
14	105	463	5.83006
15	105	637	-0.010398
16	105	728	-5.613592
17	105	637	-8.822098
18	105	661	-8.920271
19	105	723	-8.433854
20	105	646	-5.018022
21	105	653	-1.441106
22	105	566	0
23	105	0	0
24	105	134	0
25	105	175	0
26	105	175	0
27	105	197	0
28	105	176	0
29	105	120	-2.632989
30	105	121	-6.955225
31	105	3	-9.591705
32	105	2	-10.078906
33	105	2	-7.807448
34	105	0	-3.890148
35	105	2	-2.458194
36	105	1	-3.29809
37	105	0	-1.785061
38	105	2	14.01325
39	105	1	16.191353
40	105	3	18.264929
41	105	153	24.348997
42	105	196	31.406359
43	105	176	32.469986
44	105	173	30.280041
45	105	175	25.789577
46	105	176	10.656147
47	105	120	3.16622
48	105	120	0.64635
49	105	173	4.794371
50	105	175	17.701065
51	105	174	48.081528
52	105	3	81.469513
53	105	3	102.044151
54	105	3	103.707573
55	105	0	100.999908
56	105	1	97.551743
57	105	0	115.336288
58	105	2	152.33255
59	105	420	163.849686
60	105	425	160.003113
61	105	428	147.848618
62	105	423	131.543152
63	105	0	129.75238
64	105	0	114.629349
65	105	0	118.86689
66	105	1	121.212715
67	105	0	127.727898
68	105	1	132.170425
69	105	0	116.290703
70	105	2	123.676292
71	105	0	102.831909
72	105	3	98.705917
73	105	427	73.647018
74	105	428	41.346859
75	105	497	20.521444
76	105	422	0
77	105	423	0
78	105	2	-2.440713
79	105	2	-14.878586
80	105	427	-33.901451
81	105	433	-43.158463
82	105	782	-42.847553
83	105	797	-38.776081
84	105	810	-31.07184
85	105	429	-36.808449
86	105	420	-43.669098
87	105	429	-50.296352
88	105	1	-63.572548
89	105	420	-69.014404
90	105	811	-67.724991
91	105	812	-59.771652
92	105	792	-46.370636
93	105	497	-34.166698
94	105	497	-29.540379
95	105	433	-24.401396
96	105	433	-16.727724
97	105	528	-2.795394
98	105	429	7.758634
99	105	3	3.546161
100	105	1	-0.896717
101	105	0	-8.386641
102	105	0	-20.634184
103	105	758	-27.215361
104	105	766	-27.855276
105	105	759	-23.105436
106	105	764	-18.075546
107	105	775	-10.098145
108	105	799	8.244703
109	105	784	11.921891
110	105	804	11.877075
111	105	775	10.904623
112	105	805	8.669829
113	105	804	10.821139
114	105	775	19.873873
115	105	804	22.093355
116	105	778	22.541803
117	105	0	19.743082
118	105	3	22.383953
119	105	1	22.897017
120	105	420	23.46266
121	105	413	18.376371
122	105	414	7.902764
123	105	414	7.616621
124	105	407	2.858917
125	105	440	0.127569
126	105	522	0.001713
127	105	444	0.000018
128	105	451	0
0	106	665	0
1	106	692	0
2	106	684	0
3	106	552	0
4	106	587	0
5	106	566	0
6	106	621	0
7	106	552	0.000662
8	106	526	0.476656
9	106	538	6.378124
10	106	813	11.366652
11	106	671	9.065084
12	106	749	9.32119
13	106	514	13.777982
14	106	814	13.154958
15	106	807	7.864897
16	106	815	1.612734
17	106	743	-1.8139
18	106	637	-3.063303
19	106	638	-3.322455
20	106	654	-2.638831
21	106	636	-0.978043
22	106	119	0
23	106	173	0
24	106	135	0
25	106	196	0
26	106	197	0
27	106	198	0
28	106	135	0
29	106	154	-0.280268
30	106	121	-2.278064
31	106	1	-3.095797
32	106	3	-2.670516
33	106	1	-2.215351
34	106	406	-0.788124
35	106	407	5.321018
36	106	2	17.732729
37	106	3	24
38	106	1	40
39	106	0	18.88644
40	106	119	18.067173
41	106	173	18.593874
42	106	198	21.174595
43	106	197	21.184963
44	106	175	25.585552
45	106	175	17.803221
46	106	175	7.945861
47	106	197	1.939208
48	106	197	0.34535
49	106	135	5.052291
50	106	136	13.75397
51	106	2	29.586241
52	106	2	59.869862
53	106	2	77.961266
54	106	3	101.928154
55	106	1	100.02742
56	106	0	90.841316
57	106	0	104.443489
58	106	3	134.625275
59	106	427	149.917252
60	106	422	143.181763
61	106	423	116.124893
62	106	0	117.709862
63	106	406	116.867584
64	106	407	106.364342
65	106	1	105.73645
66	106	406	112.418289
67	106	407	116.298973
68	106	1	122.956291
69	106	1	121.785263
70	106	3	117.625267
71	106	3	107.316788
72	106	420	102.064774
73	106	425	62.065327
74	106	497	37.777752
75	106	528	15.120822
76	106	413	-2.885591
77	106	414	-5.314893
78	106	414	-9.106163
79	106	421	-17.874842
80	106	528	-30.494072
81	106	816	-39.572235
82	106	817	-37.642857
83	106	783	-31.282215
84	106	414	-41.530849
85	106	407	-45.784687
86	106	0	-55.438156
87	106	2	-65.984711
88	106	2	-73.147346
89	106	818	-75.683853
90	106	819	-75.143402
91	106	820	-65.510254
92	106	792	-45.640865
93	106	528	-26.501587
94	106	430	-13.244154
95	106	430	-6.063481
96	106	429	2.362468
97	106	3	11.323961
98	106	0	13.489424
99	106	2	8.837031
100	106	758	5.761995
101	106	766	-3.747173
102	106	784	-14.968583
103	106	804	-19.215851
104	106	778	-16.210272
105	106	758	-14.017732
106	106	777	-16.0287
107	106	809	-13.831767
108	106	809	-2.836898
109	106	765	9.782374
110	106	784	10.200313
111	106	804	6.155818
112	106	778	4.693566
113	106	798	9.342872
114	106	799	17.692051
115	106	759	22.68667
116	106	1	23.016659
117	106	406	23.548822
118	106	407	23.369118
119	106	406	23.733545
120	106	421	23.543667
121	106	528	18.710732
122	106	425	2.650105
123	106	423	0.595559
124	106	0	0.26073
125	106	3	0.067459
126	106	3	0.002448
127	106	451	0.000102
128	106	516	0
0	107	537	0
1	107	514	0
2	107	515	0
3	107	589	0
4	107	565	0
5	107	509	0
6	107	495	0
7	107	537	0
8	107	789	0.042598
9	107	821	2.112218
10	107	453	7.496289
11	107	694	14.656655
12	107	670	26.080719
13	107	476	28.467798
14	107	634	25.255882
15	107	734	21.430017
16	107	635	8.977283
17	107	661	1.877445
18	107	822	0.053758
19	107	823	-0.535348
20	107	41	-0.562636
21	107	153	0
22	107	216	0
23	107	136	0
24	107	134	0
25	107	197	0
26	107	198	0
27	107	174	0
28	107	153	0
29	107	136	0
30	107	1	0
31	107	3	9.160787
32	107	406	12.89141
33	107	421	4.913724
34	107	619	2.692238
35	107	407	14.866247
36	107	1	23.773636
37	107	0	24
38	107	1	39.412895
39	107	134	35.026207
40	107	175	19.774191
41	107	197	19.323414
42	107	197	19.406458
43	107	175	23.096495
44	107	198	23.57789
45	107	198	23.823233
46	107	175	23.937963
47	107	198	3.4631
48	107	174	0.131514
49	107	2	4.154357
50	107	3	12.480894
51	107	2	25.809898
52	107	2	53.890903
53	107	1	71.753891
54	107	3	95.430534
55	107	1	90.524414
56	107	1	92.075203
57	107	3	104.801346
58	107	420	138.085449
59	107	425	147.115219
60	107	619	137.09201
61	107	407	121.435684
62	107	420	104.589081
63	107	413	100.434418
64	107	414	102.271912
65	107	412	108.25061
66	107	413	113.32238
67	107	414	114.542442
68	107	407	111.714951
69	107	0	111.403984
70	107	3	110.447647
71	107	0	95.762947
72	107	420	74.693291
73	107	430	47.188923
74	107	429	27.657356
75	107	420	3.819837
76	107	425	-6.751199
77	107	422	-17.14274
78	107	497	-25.261694
79	107	423	-31.164648
80	107	427	-32.576195
81	107	787	-25.521915
82	107	788	-17.40192
83	107	528	-16.056232
84	107	429	-28.5028
85	107	1	-41.980831
86	107	0	-53.517273
87	107	1	-65.212288
88	107	420	-70.933105
89	107	824	-73.951607
90	107	825	-74.962044
91	107	788	-66.707985
92	107	619	-46.277443
93	107	414	-20.179905
94	107	414	7.516579
95	107	414	20.299978
96	107	407	22.949688
97	107	1	24.071978
98	107	1	27.030289
99	107	764	25.873367
100	107	809	37.152622
101	107	809	13.907583
102	107	765	-8.858
103	107	759	-11.544825
104	107	764	-9.545987
105	107	778	-9.014391
106	107	3	-14.469362
107	107	2	-15.481207
108	107	764	-11.524436
109	107	809	-3.478588
110	107	765	0.945824
111	107	759	1.148471
112	107	764	1.621169
113	107	809	4.314338
114	107	778	14.207521
115	107	406	20.742767
116	107	412	20.780092
117	107	429	16.685589
118	107	427	15.924881
119	107	433	21.699852
120	107	619	21.742422
121	107	412	16.623226
122	107	429	4.786892
123	107	2	0.723359
124	107	0	0.309336
125	107	1	0.046105
126	107	440	0.011443
127	107	462	0.002078
128	107	463	0
0	108	524	0
1	108	795	0
2	108	565	0
3	108	524	0
4	108	526	0
5	108	506	0
6	108	506	0
7	108	826	0
8	108	664	0.080485
9	108	462	3.078679
10	108	668	13.391098
11	108	827	31.775877
12	108	452	50.394623
13	108	828	52.973358
14	108	20	51.246273
15	108	79	40.843151
16	108	829	22.064186
17	108	830	6.70309
18	108	32	0
19	108	41	0
20	108	1	0
21	108	119	0
22	108	120	0
23	108	308	0
24	108	196	0
25	108	175	0
26	108	174	0
27	108	3	0
28	108	1	0
29	108	3	0
30	108	2	13.51753
31	108	427	16
32	108	497	15.952966
33	108	433	14.810657
34	108	423	11.545328
35	108	406	17.837578
36	108	407	23.183134
37	108	2	24
38	108	153	24.372702
39	108	196	37.477249
40	108	197	29.28599
41	108	175	26.324001
42	108	198	22.331598
43	108	197	24.61746
44	108	198	24.087101
45	108	197	24
46	108	197	24
47	108	174	17.186438
48	108	2	0
49	108	1	2.375157
50	108	3	9.603503
51	108	0	18.745163
52	108	1	42.96022
53	108	2	65.420517
54	108	0	79.438522
55	108	3	86.492111
56	108	2	106.318138
57	108	2	111.959282
58	108	420	128.540482
59	108	430	147.351196
60	108	429	140.867203
61	108	0	134.422699
62	108	427	122.641998
63	108	422	110.4114
64	108	619	103.126205
65	108	421	113.593597
66	108	422	120.08857
67	108	423	119.461266
68	108	3	109.043869
69	108	2	98.738319
70	108	3	100.792068
71	108	1	94.661209
72	108	406	72.466797
73	108	414	47.388039
74	108	414	28.348263
75	108	421	6.003139
76	108	433	-6.593208
77	108	528	-18.530132
78	108	429	-30.716309
79	108	420	-37.018513
80	108	425	-30.47575
81	108	497	-14.827943
82	108	831	-3.323605
83	108	832	-4.175815
84	108	406	-17.116287
85	108	414	-26.00139
86	108	407	-38.165623
87	108	406	-46.627098
88	108	407	-54.304314
89	108	427	-62.860115
90	108	627	-67.748894
91	108	433	-63.637745
92	108	497	-45.421497
93	108	433	-17.623648
94	108	422	22.945868
95	108	619	40.54826
96	108	407	42.727272
97	108	3	49.994987
98	108	1	59.781574
99	108	1	56.440762
100	108	1	32.914398
101	108	798	12.430028
102	108	799	-1.873112
103	108	766	-3.813794
104	108	766	-4.83848
105	108	759	-7.032176
106	108	758	-11.310285
107	108	759	-18.422812
108	108	2	-17.254065
109	108	798	-10.511794
110	108	799	-2.57059
111	108	759	-0.055351
112	108	0	0.188171
113	108	0	0.858784
114	108	420	3.317965
115	108	413	9.361943
116	108	414	7.22424
117	108	421	2.83011
118	108	428	2.804681
119	108	428	4.673769
120	108	619	10.017694
121	108	407	9.152517
122	108	0	8.417304
123	108	1	7.097118
124	108	3	4.394938
125	108	2	5.293724
126	108	451	3.214419
127	108	665	0.231662
128	108	692	0
0	109	537	0
1	109	453	0
2	109	495	0
3	109	537	0
4	109	452	0
5	109	522	0
6	109	444	0
7	109	3	0
8	109	440	0.112358
9	109	462	4.961442
10	109	506	22.588396
11	109	511	45.920048
12	109	833	63.773346
13	109	834	79.679474
14	109	437	68.995361
15	109	1	47.526993
16	109	14	23.99649
17	109	287	14.308732
18	109	80	0.827484
19	109	1	0.011178
20	109	134	0
21	109	198	0
22	109	174	0
23	109	153	0
24	109	216	0
25	109	136	0
26	109	0	0
27	109	0	0
28	109	3	0
29	109	3	0.05305
30	109	427	16
31	109	528	16
32	109	430	16
33	109	413	18.533886
34	109	412	17.756313
35	109	429	18.097771
36	109	3	22.193865
37	109	2	23.823904
38	109	134	24
39	109	198	26.383595
40	109	135	19.297981
41	109	216	17.965401
42	109	216	22.202885
43	109	196	35.94902
44	109	175	24.079147
45	109	135	24
46	109	136	24
47	109	1	15.442182
48	109	3	0
49	109	2	0.580806
50	109	3	5.660422
51	109	0	18.814493
52	109	1	36.420624
53	109	3	52.147114
54	109	3	69.350868
55	109	3	90.425949
56	109	3	107.655563
57	109	3	123.93248
58	109	2	123.624779
59	109	406	123.587646
60	109	414	130.946304
61	109	421	136.624573
62	109	433	122.431496
63	109	528	112.520973
64	109	430	105.297211
65	109	430	113.0672
66	109	429	118.884941
67	109	3	118.896683
68	109	2	107.591339
69	109	2	95.954117
70	109	406	99.493477
71	109	421	104.667336
72	109	497	95.058403
73	109	627	68.744987
74	109	433	45.464016
75	109	528	13.205267
76	109	429	-1.719149
77	109	835	-7.941996
78	109	832	-16.878469
79	109	420	-24.761108
80	109	425	-22.579573
81	109	836	-10.161189
82	109	837	-0.830894
83	109	420	-2.328451
84	109	430	-4.958848
85	109	413	-9.03506
86	109	412	-5.746768
87	109	429	-7.106996
88	109	427	-23.172544
89	109	428	-41.577126
90	109	422	-55.921513
91	109	428	-55.618771
92	109	497	-39.594379
93	109	428	-5.279112
94	109	528	42.921291
95	109	429	55.711365
96	109	2	67.837708
97	109	0	85.999947
98	109	0	106.30426
99	109	2	114.625816
100	109	798	53.498001
101	109	804	19.607365
102	109	809	8
103	109	809	-0.662252
104	109	778	-2.571826
105	109	764	-5.098339
106	109	778	-8.866769
107	109	0	-16.621717
108	109	798	-19.064613
109	109	803	-13.04951
110	109	776	-4.714483
111	109	758	0.00092
112	109	766	0.014203
113	109	759	0.135885
114	109	427	0.574873
115	109	433	0.945285
116	109	497	0.950278
117	109	428	0.585344
118	109	422	0.476969
119	109	528	1.662122
120	109	413	8.157353
121	109	407	11.789466
122	109	3	12.967787
123	109	2	19.356138
124	109	436	18.256819
125	109	449	17.729811
126	109	789	12.089677
127	109	821	4.228914
128	109	506	0
0	110	527	0
1	110	505	0
2	110	505	0
3	110	511	0
4	110	0	0
5	110	1	0
6	110	0	0
7	110	3	0
8	110	440	0.625725
9	110	522	7.899031
10	110	444	28.759781
11	110	451	49.581875
12	110	527	71.349609
13	110	511	101.081245
14	110	3	93.030106
15	110	31	52.308441
16	110	80	29.528145
17	110	3	16.027956
18	110	3	3.311777
19	110	153	-1.948614
20	110	216	-3.699041
21	110	136	-1.618709
22	110	0	0
23	110	2	0
24	110	3	0
25	110	2	0
26	110	1	0
27	110	1	0
28	110	0	0
29	110	420	0
30	110	429	16
31	110	406	18.577505
32	110	421	32
33	110	619	31.301804
34	110	407	25.659513
35	110	2	13.906754
36	110	0	18.695356
37	110	153	20.76177
38	110	216	18.403481
39	110	136	19.817795
40	110	0	16.064951
41	110	0	16.288109
42	110	153	17.571733
43	110	216	33.529961
44	110	136	26.69206
45	110	0	24
46	110	3	24
47	110	0	0
48	110	1	0
49	110	1	0
50	110	3	3.482221
51	110	2	18.817135
52	110	1	36.544823
53	110	1	56.482994
54	110	1	83.430305
55	110	0	102.182182
56	110	2	108.306465
57	110	2	120.917389
58	110	427	117.683769
59	110	497	106.820518
60	110	528	106.265404
61	110	430	122.243416
62	110	413	115.513077
63	110	407	97.30645
64	110	0	92.164734
65	110	1	103.5354
66	110	0	109.295204
67	110	3	109.09774
68	110	406	99.982132
69	110	421	94.276711
70	110	422	113.401062
71	110	627	120.440285
72	110	627	118.706573
73	110	428	130.996307
74	110	619	118.483124
75	110	414	42.797688
76	110	838	2.628732
77	110	839	0
78	110	840	-2.557278
79	110	421	-10.821782
80	110	787	-14.444776
81	110	841	-8.058536
82	110	406	-0.310378
83	110	407	0.57299
84	110	420	4.170196
85	110	429	12.047376
86	110	406	23.924488
87	110	421	27.194115
88	110	433	18.129251
89	110	627	-24.23753
90	110	422	-44.89793
91	110	428	-48.435139
92	110	497	-34.798084
93	110	619	2.966677
94	110	407	37.978455
95	110	3	74.384682
96	110	2	92.198914
97	110	1	169.345184
98	110	3	175.269012
99	110	764	144.318253
100	110	778	79.026184
101	110	3	31.849224
102	110	3	15.017284
103	110	0	1.954553
104	110	2	-2.068014
105	110	1	-3.597346
106	110	758	-4.073709
107	110	784	-10.861087
108	110	804	-14.985712
109	110	778	-12.500335
110	110	798	-4.684369
111	110	803	0.000271
112	110	776	0.003646
113	110	427	0.020931
114	110	528	0.053642
115	110	430	0.086819
116	110	425	0.091742
117	110	627	0.078627
118	110	423	0.165945
119	110	420	1.860736
120	110	429	10.75144
121	110	0	16.643675
122	110	3	23.960896
123	110	451	23.420334
124	110	463	24.532658
125	110	680	25.612364
126	110	537	16.566229
127	110	522	6.119289
128	110	462	0
0	111	452	0
1	111	842	0
2	111	843	0
3	111	3	0
4	111	3	0
5	111	0	0
6	111	1	0
7	111	1	0
8	111	3	1.03376
9	111	3	9.918919
10	111	440	30.171604
11	111	522	52.600498
12	111	444	71.314369
13	111	3	96.909027
14	111	1	104.151131
15	111	3	70.942734
16	111	3	43.852081
17	111	0	22.131878
18	111	2	5.23937
19	111	1	-6.866001
20	111	14	-10.650715
21	111	50	-6.832933
22	111	22	-0.590232
23	111	14	0.026373
24	111	50	0.013558
25	111	22	0
26	111	0	0
27	111	406	0
28	111	414	0
29	111	414	0
30	111	412	9.11887
31	111	425	31.205807
32	111	528	32
33	111	413	32
34	111	407	19.268286
35	111	1	15.35559
36	111	1	8.762393
37	111	1	7.468511
38	111	3	7.312316
39	111	3	12.199452
40	111	3	15.406011
41	111	3	15.938157
42	111	1	16.030109
43	111	2	16
44	111	3	7.549133
45	111	1	7.935247
46	111	0	0
47	111	2	0
48	111	0	0
49	111	0	0
50	111	2	3.832819
51	111	2	17.550991
52	111	1	40.450272
53	111	3	77.573296
54	111	0	105.506355
55	111	2	117.088951
56	111	3	121.934616
57	111	420	112.216423
58	111	430	111.317665
59	111	429	115.176773
60	111	406	108.834862
61	111	412	103.068474
62	111	429	98.915642
63	111	2	85.336586
64	111	2	77.778709
65	111	3	87.657715
66	111	0	94.827972
67	111	427	94.862503
68	111	433	88.714241
69	111	627	99.550461
70	111	497	124.104591
71	111	422	173.443665
72	111	422	167.106125
73	111	428	143.129089
74	111	428	79.331909
75	111	627	32.123089
76	111	787	3.973132
77	111	788	0
78	111	497	-1.39204
79	111	428	-8.240023
80	111	619	-12.413087
81	111	421	-6.895039
82	111	619	-0.120283
83	111	414	4.685497
84	111	414	13.699969
85	111	844	27.507238
86	111	792	38.693081
87	111	433	39.584778
88	111	627	31.641285
89	111	422	-14.660876
90	111	627	-39.572197
91	111	422	-45.573757
92	111	422	-34.834629
93	111	423	-11.607795
94	111	3	26.330711
95	111	3	76.76725
96	111	3	113.908073
97	111	0	131.470917
98	111	3	137.883896
99	111	1	110.807312
100	111	1	59.919044
101	111	0	24.058907
102	111	2	19.472975
103	111	1	1.448926
104	111	3	-1.626092
105	111	798	-3.086673
106	111	803	-4.441988
107	111	776	-7.230258
108	111	3	-11.981566
109	111	798	-11.301968
110	111	803	-5.386181
111	111	776	-0.326854
112	111	420	0.000569
113	111	429	0.002032
114	111	406	0.004624
115	111	421	0.007178
116	111	528	0.00855
117	111	429	0.014647
118	111	758	0.408273
119	111	766	3.901589
120	111	759	10.19626
121	111	1	18.217169
122	111	451	21.675259
123	111	665	18.273663
124	111	526	19.287939
125	111	511	20.766945
126	111	0	11.195283
127	111	440	4.055804
128	111	444	0
0	112	94	0
1	112	77	0
2	112	43	0
3	112	1	0
4	112	2	0
5	112	3	0
6	112	1	0
7	112	2	0.000571
8	112	2	0.758981
9	112	1	8.629521
10	112	3	27.191902
11	112	2	59.972252
12	112	0	97.712708
13	112	2	110.764488
14	112	0	118.824646
15	112	2	93.19577
16	112	0	67.651031
17	112	2	34.131176
18	112	14	8.727667
19	112	287	-6.646303
20	112	79	-14.069027
21	112	21	-8.299134
22	112	287	-1.014996
23	112	79	1.115971
24	112	80	1.089487
25	112	0	0.430214
26	112	420	0.163601
27	112	425	0.033811
28	112	422	0.012823
29	112	619	0.662151
30	112	421	4.574114
31	112	423	16.128258
32	112	420	19.749592
33	112	429	16
34	112	1	16.213175
35	112	3	13.4182
36	112	2	7.062081
37	112	3	5.671856
38	112	2	7.442
39	112	406	9.244744
40	112	414	13.498786
41	112	407	13.948336
42	112	0	14.678154
43	112	1	6.107332
44	112	1	7.010198
45	112	1	14.589788
46	112	3	14.546828
47	112	3	0
48	112	1	0
49	112	3	0
50	112	2	5.386562
51	112	1	25.597918
52	112	1	46.966038
53	112	1	85.206345
54	112	1	117.024796
55	112	3	129.122711
56	112	2	151.870087
57	112	0	131.896713
58	112	0	134.709793
59	112	420	142.561768
60	112	429	121.441673
61	112	2	114.826508
62	112	2	106.291428
63	112	0	78.594307
64	112	0	72.123222
65	112	1	80.827713
66	112	420	86.705544
67	112	425	87.174583
68	112	627	95.693214
69	112	627	120.322723
70	112	627	159.763626
71	112	428	214.884048
72	112	497	240.901718
73	112	433	213.989761
74	112	428	119.459282
75	112	627	44.60743
76	112	433	6.750302
77	112	428	0
78	112	497	-1.051758
79	112	627	-6.858471
80	112	497	-10.497039
81	112	428	-6.398657
82	112	497	0.2545
83	112	433	7.704599
84	112	787	23.342676
85	112	788	38.839142
86	112	782	51.295738
87	112	792	47.826633
88	112	497	40
89	112	422	-10.903059
90	112	428	-37.589561
91	112	528	-46.780964
92	112	429	-37.736523
93	112	2	-13.055522
94	112	2	15.343103
95	112	2	52.444397
96	112	2	71.155434
97	112	0	73.973206
98	112	0	80.938797
99	112	2	57.125565
100	112	0	27.455494
101	112	2	23.680918
102	112	3	16.584377
103	112	758	-0.309963
104	112	784	-1.022526
105	112	804	-5.621822
106	112	778	-9.79062
107	112	758	-12.128733
108	112	784	-12.785664
109	112	805	-11.853863
110	112	776	-5.972305
111	112	0	-0.30999
112	112	0	0.000059
113	112	420	0.000179
114	112	430	0.000375
115	112	429	0.000598
116	112	758	0.001078
117	112	777	0.005999
118	112	809	0.674675
119	112	778	4.184868
120	112	0	8.71145
121	112	440	11.463092
122	112	516	13.690966
123	112	537	14.62714
124	112	511	14.779058
125	112	3	14.218586
126	112	0	12.866379
127	112	3	7.615574
128	112	42	0
0	113	324	0
1	113	34	0
2	113	43	0.004738
3	113	2	0.215382
4	113	2	0.62784
5	113	1	0.929315
6	113	1	0.630598
7	113	2	0.207161
8	113	1	1.184602
9	113	1	6.676399
10	113	0	22.928345
11	113	0	55.798557
12	113	0	86.514709
13	113	3	100.990952
14	113	0	120
15	113	2	90.580116
16	113	2	67.219978
17	113	31	41.71088
18	113	80	18.515028
19	113	1	-0.624469
20	113	31	-6.197224
21	113	80	-3.78194
22	113	1	4.380672
23	113	14	7.516707
24	113	22	7.805766
25	113	2	5.034949
26	113	420	1.98744
27	113	430	0.763213
28	113	430	0.448915
29	113	430	1.825482
30	113	429	5.456177
31	113	2	10.127316
32	113	14	14.671101
33	113	50	15.906363
34	113	50	15.824193
35	113	50	12.544495
36	113	22	7.944072
37	113	406	10.917785
38	113	412	15.34532
39	113	425	17.230124
40	113	619	11.713554
41	113	407	6.857878
42	113	2	3.554451
43	113	0	6.73132
44	113	2	16
45	113	0	16
46	113	1	16
47	113	1	16
48	113	0	0
49	113	2	0.067897
50	113	406	5.260701
51	113	414	27.255596
52	113	414	52.65955
53	113	407	85.575943
54	113	406	132.20314
55	113	407	140.013809
56	113	3	162.358398
57	113	2	179.720825
58	113	0	195.28862
59	113	3	170.528427
60	113	3	151.389404
61	113	1	168.518784
62	113	1	126.59655
63	113	3	79.736061
64	113	0	75.229866
65	113	406	88.464561
66	113	421	101.765022
67	113	528	103.881935
68	113	425	119.915016
69	113	428	155.060577
70	113	422	205.54483
71	113	497	235.384109
72	113	428	259.475952
73	113	627	202.061111
74	113	428	105.521973
75	113	627	56.813023
76	113	428	18.926718
77	113	627	8.768041
78	113	497	0.120674
79	113	422	-4.284595
80	113	497	-7.705278
81	113	528	-5.012157
82	113	425	0.385961
83	113	627	14.792962
84	113	782	27.496626
85	113	797	39.292095
86	113	817	47.308071
87	113	792	53.506672
88	113	433	39.863819
89	113	528	0.347219
90	113	413	-35.901146
91	113	407	-44.435822
92	113	0	-34.847927
93	113	2	-12.367499
94	113	1	15.638994
95	113	0	31.30658
96	113	1	40.974415
97	113	2	45.016792
98	113	3	46.003464
99	113	3	43.850906
100	113	2	18.822136
101	113	3	15.432138
102	113	764	-0.807694
103	113	775	-3.67152
104	113	799	-3.547809
105	113	759	-8.306848
106	113	764	-12.800828
107	113	775	-13.450463
108	113	804	-12.576195
109	113	765	-8.81989
110	113	759	-3.96677
111	113	1	0
112	113	3	0
113	113	758	0
114	113	759	0
115	113	764	0
116	113	778	0
117	113	0	0.003136
118	113	2	0.105133
119	113	3	2.210061
120	113	3	4.290945
121	113	451	5.13539
122	113	527	6.58363
123	113	450	8.686828
124	113	437	10.765937
125	113	0	15.167896
126	113	14	18.385201
127	113	15	13.890319
128	113	98	0
0	114	241	0
1	114	100	0
2	114	2	0.566734
3	114	0	3.588827
4	114	2	8.753324
5	114	1	11.819347
6	114	3	9.366898
7	114	1	7.715493
8	114	2	7.091581
9	114	2	10.928076
10	114	3	27.131037
11	114	3	44.052692
12	114	3	80.145531
13	114	2	103.18808
14	114	3	113.528938
15	114	0	87.507378
16	114	2	60.796467
17	114	3	39.327168
18	114	3	19.396067
19	114	406	5.710864
20	114	407	5.814063
21	114	3	13.502579
22	114	31	20.144077
23	114	21	23.545782
24	114	22	22.10708
25	114	0	18.677332
26	114	0	11.983265
27	114	2	5.375724
28	114	1	4.2548
29	114	14	11.595222
30	114	22	10.993284
31	114	101	7.988674
32	114	227	8.868985
33	114	20	13.584599
34	114	79	10.130843
35	114	80	8.762094
36	114	420	15.595419
37	114	413	23.370758
38	114	412	27.935707
39	114	430	24.951162
40	114	429	24.205273
41	114	3	13.395205
42	114	0	3.489241
43	114	1	11.581022
44	114	2	16
45	114	0	16
46	114	0	16
47	114	3	16
48	114	3	3.805089
49	114	420	0
50	114	425	3.876701
51	114	422	22.727606
52	114	619	67.175735
53	114	412	90.167351
54	114	429	116.300522
55	114	0	122.158157
56	114	1	137.506149
57	114	1	174.658417
58	114	1	188.235092
59	114	3	174.329636
60	114	2	169.148651
61	114	3	134.34758
62	114	2	110.958565
63	114	2	82.90921
64	114	427	79.85833
65	114	422	82.655708
66	114	619	96.679214
67	114	421	103.039246
68	114	428	131.479034
69	114	422	167.004257
70	114	433	193.530594
71	114	433	196.64209
72	114	428	187.73526
73	114	497	144.378265
74	114	497	94.133919
75	114	782	42.242836
76	114	792	16.473745
77	114	782	16
78	114	792	5.464441
79	114	528	-2.539563
80	114	429	-5.313583
81	114	796	-4.033722
82	114	792	-0.023031
83	114	787	16.428608
84	114	788	24.933865
85	114	787	33.755188
86	114	788	48.214928
87	114	497	51.296684
88	114	423	24.297136
89	114	427	1.385273
90	114	423	-24.965357
91	114	2	-33.083817
92	114	1	-26.49826
93	114	0	-7.903577
94	114	758	19.039902
95	114	766	31.909187
96	114	759	38.966602
97	114	1	46.664448
98	114	2	39.560867
99	114	758	25.388596
100	114	766	13.88029
101	114	759	2.360953
102	114	798	-4.415211
103	114	803	-7.426392
104	114	776	-5.56505
105	114	0	-7.564973
106	114	764	-10.079216
107	114	778	-9.998288
108	114	764	-7.163111
109	114	778	-3.681634
110	114	3	-0.700573
111	114	3	0
112	114	764	0
113	114	778	0
114	114	0	0
115	114	2	0
116	114	3	0
117	114	0	0
118	114	3	0
119	114	1	0
120	114	440	0.833473
121	114	462	2.390621
122	114	527	4.125101
123	114	511	5.820117
124	114	3	10.855997
125	114	51	14.607179
126	114	129	18.733316
127	114	80	16.260643
128	114	2	0
0	115	2	0
1	115	1	0
2	115	1	2.462557
3	115	2	12.618892
4	115	3	27.712492
5	115	2	38.530235
6	115	0	33.851437
7	115	406	23.799906
8	115	414	16.866774
9	115	407	15.138821
10	115	0	20.923811
11	115	1	47.046402
12	115	2	61.748367
13	115	0	79.106003
14	115	2	94.543686
15	115	0	77.769844
16	115	406	50.829067
17	115	407	33.367287
18	115	427	10.529655
19	115	619	7.988829
20	115	414	15.906667
21	115	407	22.301403
22	115	31	39.945305
23	115	80	45.885147
24	115	14	43.626209
25	115	22	44.829426
26	115	1	33.706329
27	115	3	19.57785
28	115	31	23.754004
29	115	21	23.122934
30	115	40	17.51932
31	115	431	14.331702
32	115	41	5.484075
33	115	2	4.732723
34	115	406	7.475564
35	115	414	9.700512
36	115	412	16.986847
37	115	429	31.167507
38	115	2	34.887089
39	115	1	32
40	115	2	31.683222
41	115	3	22.486151
42	115	2	8.074237
43	115	3	9.534785
44	115	1	15.592856
45	115	3	15.999329
46	115	2	16
47	115	3	16
48	115	406	2.535259
49	115	421	0
50	115	497	2.032461
51	115	528	18.949461
52	115	429	52.350498
53	115	0	65.100838
54	115	0	95.261124
55	115	2	110.250572
56	115	1	130.207184
57	115	3	147.79306
58	115	0	131.275299
59	115	2	137.518555
60	115	0	125.707726
61	115	1	116.782394
62	115	3	126.443138
63	115	420	102.363747
64	115	425	79.987122
65	115	528	71.222458
66	115	430	70.832054
67	115	425	77.419891
68	115	433	125.675232
69	115	497	168.840897
70	115	528	171.986603
71	115	425	131.67421
72	115	433	80.176994
73	115	528	62.025654
74	115	845	45.708706
75	115	846	26.564737
76	115	787	17.994242
77	115	788	15.942047
78	115	423	4.863309
79	115	2	-2.661503
80	115	847	-6.072556
81	115	846	-5.272254
82	115	497	-0.88364
83	115	528	12.775846
84	115	430	22.89045
85	115	425	35.715893
86	115	497	42.416885
87	115	619	40.739502
88	115	412	17.135862
89	115	429	4.745539
90	115	1	-13.760989
91	115	0	-18.714029
92	115	1	-13.593056
93	115	798	1.22079
94	115	803	29.032318
95	115	776	43.472385
96	115	1	59.850166
97	115	2	50.482128
98	115	798	39.409149
99	115	805	28.769531
100	115	776	15.399559
101	115	764	1.214471
102	115	809	-6.420179
103	115	778	-7.396451
104	115	758	-4.474251
105	115	766	-2.391187
106	115	766	-3.701789
107	115	759	-3.022851
108	115	1	-0.700299
109	115	2	-0.172574
110	115	0	0.000001
111	115	0	0
112	115	1	0
113	115	758	0
114	115	766	0
115	115	759	0
116	115	1	0
117	115	0	0
118	115	1	0
119	115	3	0
120	115	451	0.008261
121	115	505	1.509692
122	115	511	3.444629
123	115	42	17.380424
124	115	324	28.244213
125	115	34	25.982262
126	115	43	22.380432
127	115	3	20.832216
128	115	0	0
0	116	3	0
1	116	3	0.053276
2	116	3	5.109262
3	116	1	27.11282
4	116	3	52.316715
5	116	0	61.367859
6	116	427	58.309074
7	116	433	43.754753
8	116	423	27.467554
9	116	2	17.213982
10	116	3	18.522619
11	116	1	35.257751
12	116	3	64.291702
13	116	2	69.520393
14	116	406	61.281887
15	116	421	54.107079
16	116	619	27.85815
17	116	412	12.586685
18	116	425	5.750337
19	116	433	12.652435
20	116	423	22.501768
21	116	14	36.943371
22	116	50	40.349724
23	116	287	56.282619
24	116	21	54.454216
25	116	50	48
26	116	22	41.79208
27	116	0	38.730949
28	116	101	28.354025
29	116	20	28.029722
30	116	32	24
31	116	41	20.101616
32	116	3	11.943004
33	116	420	8.096676
34	116	425	11.536543
35	116	423	10.890042
36	116	1	16.88809
37	116	2	30.05718
38	116	1	39.210072
39	116	0	32.030327
40	116	0	29.617861
41	116	0	21.26045
42	116	0	8.724233
43	116	2	4.284973
44	116	3	13.759299
45	116	3	15.773523
46	116	0	16
47	116	420	8.848757
48	116	430	0
49	116	425	0
50	116	423	0.454986
51	116	0	8.126122
52	116	3	34.963554
53	116	2	52.128361
54	116	2	63.759716
55	116	1	88.356071
56	116	2	94.325172
57	116	1	107.888145
58	116	2	105.153183
59	116	0	90.262245
60	116	0	87.566895
61	116	1	97.398041
62	116	0	101.999657
63	116	420	85.039413
64	116	429	70.397156
65	116	406	46.288425
66	116	421	29.901672
67	116	497	43.655731
68	116	528	77.399803
69	116	429	105.710098
70	116	420	118.858521
71	116	430	87.169807
72	116	429	62.315964
73	116	818	48.252541
74	116	788	37.396954
75	116	497	25.905664
76	116	528	18.579861
77	116	429	6.805642
78	116	0	-0.045827
79	116	818	-3.843112
80	116	817	-8.802944
81	116	792	-8.312675
82	116	619	-3.128204
83	116	848	4.736163
84	116	849	15.465103
85	116	428	30.222225
86	116	627	33.619228
87	116	619	19.7502
88	116	407	17.116125
89	116	0	15.961121
90	116	2	2.372934
91	116	0	-0.801473
92	116	764	2.62743
93	116	809	23.53896
94	116	765	37.127361
95	116	766	44.59938
96	116	766	54.268417
97	116	784	52.565052
98	116	805	38.31179
99	116	799	28.923738
100	116	759	15.066564
101	116	758	0.931936
102	116	766	-7.231319
103	116	784	-6.269704
104	116	805	-1.552486
105	116	805	0.001168
106	116	799	0.000314
107	116	766	0.000108
108	116	759	0.00003
109	116	3	0.00003
110	116	1	0.000041
111	116	758	0.000045
112	116	784	0.000001
113	116	804	0.000001
114	116	778	0.000001
115	116	1	0
116	116	3	0
117	116	3	0
118	116	436	0
119	116	449	0
120	116	527	0
121	116	511	1.161065
122	116	146	5.584962
123	116	38	32.951382
124	116	109	52.538666
125	116	100	44.534279
126	116	3	30.171564
127	116	3	24.378574
128	116	0	0
0	117	1	0
1	117	0	0.970225
2	117	2	10.296356
3	117	1	41.654728
4	117	1	62.948902
5	117	420	75.570892
6	117	430	86.66938
7	117	429	70.226891
8	117	0	37.108547
9	117	0	18.611149
10	117	3	14.939022
11	117	50	26.565674
12	117	22	34.278568
13	117	420	43.559299
14	117	430	48.193043
15	117	430	41.755775
16	117	429	22.087626
17	117	427	4.808781
18	117	528	2.490088
19	117	429	17.106787
20	117	31	24
21	117	32	32.770008
22	117	39	49.415737
23	117	287	73.385246
24	117	79	64.537109
25	117	80	61.853607
26	117	1	41.474297
27	117	31	44.950596
28	117	21	35.232506
29	117	287	31.370237
30	117	21	31.341906
31	117	22	23.67515
32	117	2	9.456451
33	117	420	7.275988
34	117	429	10.56857
35	117	0	13.322307
36	117	1	12.070116
37	117	2	20.392565
38	117	1	32.863785
39	117	0	27.932188
40	117	2	23.0182
41	117	2	13.64287
42	117	1	5.109694
43	117	0	4.145656
44	117	2	9.337733
45	117	3	15.337881
46	117	3	18.565243
47	117	2	12.959684
48	117	420	0
49	117	429	0
50	117	0	0
51	117	3	1.181025
52	117	3	8.08037
53	117	0	18.277191
54	117	0	30.175966
55	117	3	61.832214
56	117	2	75.127243
57	117	3	68.59169
58	117	3	44.178417
59	117	3	41.202209
60	117	0	40.625542
61	117	3	40.681137
62	117	3	57.796104
63	117	1	66.787804
64	117	420	51.64225
65	117	430	22.559999
66	117	430	8.077447
67	117	429	15.272471
68	117	2	47.138756
69	117	406	74.272186
70	117	407	82.878304
71	117	406	52.770809
72	117	421	50.712826
73	117	528	50.862358
74	117	425	40.451633
75	117	619	24.569891
76	117	407	10.210664
77	117	2	0
78	117	420	-0.091552
79	117	824	-3.880816
80	117	850	-9.139677
81	117	425	-11.005058
82	117	787	-7.354643
83	117	788	-1.631341
84	117	422	2.23896
85	117	528	12.065171
86	117	430	16.854656
87	117	429	17.075964
88	117	0	19.98064
89	117	1	19.611227
90	117	2	14.972785
91	117	0	23.702251
92	117	3	30.046289
93	117	798	31.538649
94	117	805	39.984768
95	117	803	32.53904
96	117	805	33.751919
97	117	805	40.997902
98	117	803	33.00061
99	117	776	29.68471
100	117	798	21.431885
101	117	805	3.502788
102	117	804	-6.992469
103	117	809	-4.925214
104	117	775	-0.796055
105	117	805	0.013619
106	117	803	0.005085
107	117	799	0.000945
108	117	766	0.000597
109	117	759	0.000795
110	117	798	0.001022
111	117	803	0.001
112	117	776	0.000001
113	117	3	0.000001
114	117	0	0.000103
115	117	1	0.000014
116	117	436	0
117	117	449	0
118	117	527	0
119	117	452	0
120	117	851	0
121	117	36	1.197399
122	117	129	6.33363
123	117	80	31.386871
124	117	3	50.279625
125	117	1	40.356697
126	117	0	23.815645
127	117	0	16.793629
128	117	3	0
0	118	0	0
1	118	406	1.658193
2	118	407	13.062585
3	118	2	37.44799
4	118	406	70.245392
5	118	414	95.737358
6	118	414	109.210342
7	118	407	108.249413
8	118	1	48.845146
9	118	3	24.401316
10	118	431	12.686399
11	118	39	14.65025
12	118	50	32.504032
13	118	50	47.089607
14	118	22	47.216728
15	118	3	39.982918
16	118	420	26.179518
17	118	429	7.762689
18	118	406	3.887345
19	118	407	9.271474
20	118	31	20.505743
21	118	32	25.624754
22	118	41	46.672897
23	118	406	58.025539
24	118	414	58.364395
25	118	414	48.426468
26	118	407	48.34306
27	118	31	32.786579
28	118	80	29.656393
29	118	31	27.955606
30	118	80	26.396065
31	118	0	24.769592
32	118	1	4.707431
33	118	3	5.352457
34	118	14	7.016404
35	118	22	10.77588
36	118	1	8.201683
37	118	1	8.337814
38	118	0	7.820478
39	118	2	12.977555
40	118	2	9.469374
41	118	0	1.409713
42	118	3	-3.408446
43	118	2	1.458395
44	118	2	14.830668
45	118	2	22.932482
46	118	0	24
47	118	2	24
48	118	3	15.447805
49	118	1	0.340561
50	118	0	0.000852
51	118	1	0
52	118	0	0.977873
53	118	3	4.051378
54	118	2	11.034187
55	118	2	23.663486
56	118	2	32.775696
57	118	3	23.001244
58	118	3	13.620609
59	118	2	13.031322
60	118	3	10.458461
61	118	0	9.562811
62	118	0	18.698524
63	118	3	25.069265
64	118	3	18.123333
65	118	1	3.104806
66	118	3	0.40928
67	118	1	0.327857
68	118	420	7.544374
69	118	429	18.897095
70	118	420	28.229988
71	118	430	31.939367
72	118	429	43.778019
73	118	420	40.345547
74	118	430	43.939281
75	118	429	27.290037
76	118	0	3.571671
77	118	3	0
78	118	406	0
79	118	407	-2.421468
80	118	420	-9.250045
81	118	425	-14.669694
82	118	528	-13.167645
83	118	430	-6.18289
84	118	429	-0.594417
85	118	406	4.476196
86	118	407	9.883488
87	118	2	14.059011
88	118	3	17.71767
89	118	1	12.164156
90	118	0	15.907723
91	118	1	20.982334
92	118	764	26.869263
93	118	775	30.112667
94	118	805	33.022945
95	118	805	24.715399
96	118	804	25.582533
97	118	809	29.874994
98	118	765	33.523453
99	118	784	26.685028
100	118	805	15.334312
101	118	799	7.203357
102	118	766	-1.381581
103	118	784	-0.538964
104	118	805	-0.117288
105	118	805	0.180328
106	118	805	0.027681
107	118	804	0.010077
108	118	778	0.009901
109	118	764	0.014993
110	118	809	0.017265
111	118	778	0.014647
112	118	3	0.000001
113	118	3	0.000001
114	118	3	0.000103
115	118	451	0.000103
116	118	506	0.000101
117	118	506	0
118	118	511	0
119	118	94	0
120	118	110	0
121	118	100	1.224894
122	118	2	3.927561
123	118	0	21.497772
124	118	3	39.019348
125	118	0	33.345219
126	118	1	12.286966
127	118	2	6.822056
128	118	3	0
0	119	420	0
1	119	413	0.982565
2	119	414	9.29617
3	119	421	28.085262
4	119	428	58.4338
5	119	528	90.841331
6	119	429	107.637573
7	119	1	91.71534
8	119	1	60.497669
9	119	32	30.275795
10	119	118	15.271968
11	119	118	11.402884
12	119	227	21.055317
13	119	39	37.156857
14	119	22	38.137035
15	119	406	39.104656
16	119	407	28.761135
17	119	427	16.839312
18	119	619	3.331533
19	119	407	7.765744
20	119	31	8.700955
21	119	80	14.090599
22	119	420	25.524616
23	119	425	29.621647
24	119	528	30.47224
25	119	429	37.633747
26	119	0	32.944382
27	119	1	19.632063
28	119	406	16.808187
29	119	407	14.284384
30	119	14	9.541179
31	119	22	7.527115
32	119	14	1.74724
33	119	287	3.086798
34	119	80	6.854277
35	119	0	4.052901
36	119	3	-0.657053
37	119	1	-0.638255
38	119	0	0.437375
39	119	3	1.010973
40	119	1	-1.351374
41	119	2	-9.775455
42	119	2	-10.898482
43	119	0	-1.928138
44	119	0	21.236383
45	119	3	23.994194
46	119	1	24
47	119	1	23.892132
48	119	1	21.10305
49	119	3	1.975976
50	119	0	-1.299721
51	119	0	-0.731146
52	119	0	0
53	119	2	1.474688
54	119	3	13.27979
55	119	0	17.529398
56	119	3	8.094831
57	119	3	2.996429
58	119	2	-3.743008
59	119	2	-12.590647
60	119	3	-9.222755
61	119	3	0.527758
62	119	0	1.119819
63	119	2	1.029274
64	119	0	0.055322
65	119	2	0
66	119	2	0
67	119	0	0
68	119	0	0.138282
69	119	0	-0.150697
70	119	2	-5.379262
71	119	2	1.906808
72	119	0	17.188297
73	119	3	25.836222
74	119	2	25.82333
75	119	568	9.205461
76	119	569	0
77	119	420	0
78	119	413	-0.942535
79	119	414	-8.445434
80	119	412	-14.700849
81	119	413	-17.604275
82	119	407	-17.677881
83	119	0	-11.54071
84	119	427	-2.872417
85	119	423	0.326157
86	119	3	1.849753
87	119	0	3.19042
88	119	0	5.554378
89	119	3	7.534336
90	119	0	10.840867
91	119	758	14.816533
92	119	784	19.222891
93	119	805	16.662354
94	119	803	15.947531
95	119	776	14.155314
96	119	758	9.334649
97	119	784	11.433903
98	119	805	16.30076
99	119	805	15.154627
100	119	804	11.508013
101	119	775	9.143273
102	119	803	6.438103
103	119	803	4.31103
104	119	803	4.141295
105	119	803	0.631208
106	119	776	0.184441
107	119	3	0.075619
108	119	2	0.128454
109	119	3	0.185751
110	119	2	0.133915
111	119	1	0.066838
112	119	2	0.000001
113	119	1	0.000001
114	119	451	0.001033
115	119	506	0.001033
116	119	452	0.000101
117	119	444	0
118	119	2	0
119	119	0	0
120	119	1	0
121	119	1	1.209905
122	119	3	4.452698
123	119	0	26.480156
124	119	1	49.705246
125	119	2	49.180599
126	119	0	27.577726
127	119	2	7.11621
128	119	0	0
0	120	420	0
1	120	425	0.067829
2	120	428	4.322988
3	120	528	18.699543
4	120	413	39.650978
5	120	407	60.908752
6	120	2	74.755165
7	120	2	68.522842
8	120	101	62.183544
9	120	227	54.773956
10	120	431	26.301105
11	120	118	16.656916
12	120	431	18.591824
13	120	41	31.394445
14	120	420	51.344543
15	120	429	62.400814
16	120	420	55.857227
17	120	425	35.26873
18	120	423	9.143884
19	120	2	4.082543
20	120	2	1.184072
21	120	406	3.998951
22	120	421	17.903442
23	120	423	12.438022
24	120	1	8.227757
25	120	0	10.477568
26	120	0	9.249084
27	120	420	9.217316
28	120	429	8.360718
29	120	31	7.890807
30	120	80	7.271534
31	120	101	-4.511015
32	120	39	-4.336514
33	120	22	0.35147
34	120	14	0.508818
35	120	22	-1.891928
36	120	3	-3.472721
37	120	3	-3.77816
38	120	3	-3.602564
39	120	3	-3.394531
40	120	3	-6.162905
41	120	0	-10.133293
42	120	0	-9.773147
43	120	0	-2.849228
44	120	1	23.732716
45	120	3	24
46	120	2	24
47	120	2	22.755537
48	120	0	14.37926
49	120	1	1.090552
50	120	0	-4.378982
51	120	3	-4.288867
52	120	0	-1.785986
53	120	0	15.032628
54	120	3	16
55	120	3	16
56	120	1	16
57	120	3	4.091808
58	120	1	-17.16835
59	120	1	-26.923
60	120	2	-27.825512
61	120	2	-17.849264
62	120	3	-13.669555
63	120	2	-8.773918
64	120	1	-0.338627
65	120	3	0
66	120	568	-4.487424
67	120	574	-10.776082
68	120	569	-7.506714
69	120	568	-5.655015
70	120	574	-14.795882
71	120	574	-17.509594
72	120	569	-7.473139
73	120	568	12.042883
74	120	580	10.121326
75	120	582	1.37323
76	120	569	-0.643438
77	120	420	0
78	120	430	-7.359871
79	120	429	-16.199137
80	120	420	-18.86558
81	120	429	-18.187532
82	120	3	-16.337191
83	120	420	-12.577035
84	120	429	-4.797384
85	120	2	-0.142481
86	120	3	-1.992314
87	120	1	-5.889949
88	120	758	-8.306694
89	120	766	-2.714081
90	120	784	-0.241757
91	120	803	3.708413
92	120	804	5.804005
93	120	775	4.681417
94	120	799	-0.423244
95	120	777	-5.621226
96	120	775	-8.907626
97	120	805	-6.104945
98	120	805	1.182312
99	120	799	10.015978
100	120	777	8.935519
101	120	775	15.385351
102	120	804	18.827374
103	120	775	15.600406
104	120	804	9.163834
105	120	778	3.263481
106	120	2	0.50312
107	120	2	0.510725
108	120	3	1.012846
109	120	1	1.469309
110	120	0	0.133915
111	120	3	0.066838
112	120	3	0.000001
113	120	451	0.000001
114	120	505	0.004042
115	120	511	0.004042
116	120	3	0.004042
117	120	1	0.004042
118	120	2	0.004042
119	120	0	0.004042
120	120	0	0.707164
121	120	2	1.529377
122	120	0	9.651207
123	120	1	35.892632
124	120	2	64.123924
125	120	0	63.867691
126	120	1	39.59441
127	120	0	15.275564
128	120	0	0
0	121	420	0
1	121	425	0
2	121	423	1.987049
3	121	420	11.155089
4	121	429	25.676916
5	121	1	45.19928
6	121	2	72.142067
7	121	101	80
8	121	73	74.341248
9	121	227	60.965958
10	121	227	28.969376
11	121	73	16.722307
12	121	39	17.159035
13	121	22	28.659037
14	121	14	49.458233
15	121	22	53.883194
16	121	420	48
17	121	429	40
18	121	2	16.259823
19	121	0	-6.024887
20	121	420	-11.27634
21	121	430	-9.104254
22	121	413	-5.915008
23	121	414	-3.61545
24	121	407	-8.134121
25	121	14	-8.248951
26	121	22	-2.763025
27	121	0	0.41131
28	121	3	2.799996
29	121	14	2.633772
30	121	40	-0.392915
31	121	73	-4.033408
32	121	41	-7.707872
33	121	31	-7.107239
34	121	21	-5.176204
35	121	22	-6.656007
36	121	3	-8.984417
37	121	2	-8.08401
38	121	3	-5.650322
39	121	0	-5.174642
40	121	3	-5.162389
41	121	0	-5.999567
42	121	1	-4.508168
43	121	1	-1.012864
44	121	2	6.485362
45	121	3	23.35664
46	121	0	23.416969
47	121	1	15.698015
48	121	3	5.381456
49	121	3	-2.410353
50	121	1	-7.173142
51	121	1	-7.084409
52	121	2	0.125202
53	121	1	14.86768
54	121	1	16
55	121	1	15.847328
56	121	0	15.008739
57	121	1	6.78932
58	121	2	-25.733082
59	121	3	-39.848846
60	121	3	-43.20723
61	121	1	-36.033081
62	121	2	-26.577385
63	121	1	-29.164295
64	121	568	-25.639713
65	121	629	-15.764359
66	121	595	-22.997488
67	121	582	-21.242264
68	121	629	-18.498415
69	121	595	-13.061907
70	121	571	-18.030577
71	121	582	-24.18799
72	121	580	-19.633961
73	121	581	-7.616826
74	121	571	-1.332401
75	121	586	-6.244404
76	121	2	-9.592111
77	121	0	-7.662698
78	121	3	-10.733327
79	121	1	-20.846882
80	121	1	-19.963055
81	121	2	-15.516177
82	121	2	-10.778968
83	121	2	-8.951918
84	121	1	-4.177895
85	121	1	-2.658709
86	121	2	-9.003288
87	121	764	-17.335062
88	121	809	-20.366838
89	121	809	-17.814236
90	121	775	-13.395769
91	121	799	-8.562836
92	121	777	-2.497279
93	121	809	-1.438972
94	121	765	-7.324291
95	121	784	-14.920887
96	121	803	-18.60894
97	121	804	-13.891004
98	121	775	-5.737684
99	121	799	0.282909
100	121	777	5.996066
101	121	778	16.069166
102	121	764	23.566654
103	121	765	27.201773
104	121	759	19.555059
105	121	1	5.250518
106	121	1	1.385827
107	121	1	1.487561
108	121	2	4.640593
109	121	1	5.726685
110	121	0	4.670868
111	121	2	1.936376
112	121	451	0.000001
113	121	506	0.000001
114	121	511	0.000001
115	121	1	0.004042
116	121	0	0.004042
117	121	2	0.004042
118	121	0	0.004042
119	121	0	1.805131
120	121	0	2.133551
121	121	3	5.980472
122	121	406	17.525631
123	121	407	33.615055
124	121	0	53.523682
125	121	406	53.743443
126	121	407	33.580914
127	121	406	15.833149
128	121	414	0
0	122	412	0
1	122	429	0
2	122	2	0.505739
3	122	2	6.114859
4	122	0	18.716442
5	122	2	32.97686
6	122	101	53.296967
7	122	227	62.120399
8	122	20	56.136978
9	122	32	50.003815
10	122	431	28.376093
11	122	20	16.217949
12	122	80	16.202211
13	122	31	23.891605
14	122	21	37.037609
15	122	22	40
16	122	14	40
17	122	22	40
18	122	14	16.913748
19	122	50	-6.587653
20	122	22	-13.502095
21	122	420	-12.793182
22	122	430	-9.455574
23	122	429	-16.083241
24	122	31	-21.280296
25	122	21	-20.010263
26	122	22	-10.695664
27	122	0	-0.596314
28	122	101	0
29	122	20	-0.109968
30	122	79	-1.028292
31	122	21	-2.966408
32	122	50	-4.656752
33	122	287	-4.986003
34	122	80	-5.975155
35	122	3	-8.992041
36	122	0	-11.353659
37	122	2	-9.200933
38	122	0	-6.712148
39	122	3	-5.679752
40	122	0	-5.689773
41	122	3	-4.116007
42	122	3	-2.067077
43	122	0	-0.068632
44	122	2	0
45	122	3	2.085652
46	122	3	5.429389
47	122	0	1.521384
48	122	3	-1.81211
49	122	2	-3.780936
50	122	1	-5.473742
51	122	3	-5.733665
52	122	1	-4.034485
53	122	3	10.048054
54	122	3	11.217786
55	122	0	12.082067
56	122	0	7.300877
57	122	0	-5.283969
58	122	3	-24.042059
59	122	0	-38.66497
60	122	3	-44.164032
61	122	3	-43.086258
62	122	3	-41.986706
63	122	578	-41.346478
64	122	598	-41.60873
65	122	570	-40.231476
66	122	581	-37.465633
67	122	582	-36.501915
68	122	580	-32.504288
69	122	571	-25.813204
70	122	581	-21.512245
71	122	571	-22.888494
72	122	571	-23.036112
73	122	571	-18.61479
74	122	586	-18.395033
75	122	0	-21.483948
76	122	2	-22.9468
77	122	0	-19.690348
78	122	0	-18.866673
79	122	3	-22.21804
80	122	1	-19.164898
81	122	3	-11.964597
82	122	0	-6.125846
83	122	3	-4.829636
84	122	0	-3.767573
85	122	2	-6.06934
86	122	2	-15.963958
87	122	2	-24.258772
88	122	758	-22.2785
89	122	777	-18.64872
90	122	809	-15.526821
91	122	778	-11.271216
92	122	0	-10.423603
93	122	798	-12.136283
94	122	803	-15.822796
95	122	803	-19.52055
96	122	799	-22.052526
97	122	784	-17.219303
98	122	803	-7.738263
99	122	776	-0.967193
100	122	1	7.372947
101	122	1	17.193764
102	122	764	28.020357
103	122	765	29.45492
104	122	759	20.945065
105	122	758	11.068143
106	122	759	1.974156
107	122	0	3.739568
108	122	1	6.503655
109	122	3	7.266284
110	122	0	6.656357
111	122	451	4.454763
112	122	527	0.000001
113	122	450	0.000001
114	122	437	0.000001
115	122	0	1.407009
116	122	1	1.098068
117	122	0	1.887386
118	122	0	3.533027
119	122	0	5.310884
120	122	3	9.119787
121	122	420	24.992933
122	122	413	36.081379
123	122	414	34.835167
124	122	421	32.181683
125	122	423	32.030914
126	122	427	23.057297
127	122	428	9.664093
128	122	619	0
0	123	407	0
1	123	1	0
2	123	1	0.098378
3	123	2	11.532182
4	123	3	16.280481
5	123	101	24.358915
6	123	431	45.776882
7	123	39	47.927704
8	123	287	40.563343
9	123	79	39.162182
10	123	80	24.595268
11	123	406	15.914325
12	123	407	12.565353
13	123	31	10.559987
14	123	80	22.373547
15	123	101	34.7491
16	123	39	39.015045
17	123	40	32.47237
18	123	227	9.615232
19	123	39	-7.938632
20	123	22	-15.307631
21	123	0	-15.989134
22	123	2	-11.479301
23	123	2	-17.755337
24	123	31	-25.619598
25	123	21	-28.165043
26	123	22	-23.074938
27	123	31	-14.286185
28	123	21	-7.739936
29	123	50	-6.846513
30	123	40	-7.489677
31	123	20	-6.848351
32	123	21	-4.987958
33	123	50	-2.235389
34	123	22	-3.185796
35	123	2	-5.976606
36	123	1	-7.47564
37	123	2	-6.151947
38	123	2	-5.649453
39	123	0	-7.128283
40	123	1	-8.392969
41	123	2	-8.526014
42	123	0	-6.137581
43	123	1	-2.337296
44	123	0	-0.097807
45	123	3	-0.346965
46	123	0	-2.08523
47	123	2	-4.42485
48	123	2	-4.621865
49	123	1	-2.444107
50	123	0	-1.407545
51	123	2	-2.354399
52	123	1	-7.845086
53	123	3	-3.636127
54	123	2	-0.826249
55	123	2	-2.205469
56	123	0	-7.51672
57	123	2	-16.149837
58	123	0	-23.963486
59	123	3	-32.473297
60	123	1	-40.402397
61	123	2	-47.932999
62	123	3	-51.133606
63	123	568	-50.133129
64	123	629	-47.086311
65	123	595	-46.113499
66	123	581	-44.275883
67	123	571	-43.152271
68	123	581	-40.893368
69	123	594	-34.737713
70	123	595	-30.554775
71	123	581	-29.340511
72	123	594	-33.038692
73	123	598	-35.997192
74	123	568	-32.548954
75	123	574	-29.160482
76	123	569	-26.776485
77	123	2	-24.957695
78	123	0	-22.791428
79	123	1	-23.886059
80	123	0	-20.492105
81	123	3	-14.97172
82	123	2	-10.977436
83	123	3	-8.479328
84	123	1	-6.29952
85	123	3	-8.423894
86	123	3	-18.742798
87	123	798	-23.750195
88	123	776	-18.044088
89	123	1	-13.145656
90	123	0	-13.318013
91	123	0	-11.971398
92	123	798	-15.66508
93	123	805	-24.117476
94	123	804	-24.739697
95	123	809	-19.600151
96	123	775	-18.468498
97	123	804	-13.926518
98	123	765	-6.061744
99	123	766	-0.947121
100	123	759	2.954099
101	123	2	16.717505
102	123	764	29.827654
103	123	778	25.827641
104	123	764	16.87759
105	123	778	8.459809
106	123	1	2.056287
107	123	2	3.761963
108	123	1	6.639668
109	123	0	8.201292
110	123	451	8.637853
111	123	527	7.756412
112	123	506	6.885596
113	123	450	6.975046
114	123	437	5.733531
115	123	0	3.256016
116	123	2	2.426416
117	123	0	3.896529
118	123	1	7.486086
119	123	0	10.293739
120	123	2	22.930618
121	123	420	43.711555
122	123	425	53.903355
123	123	428	38.78257
124	123	423	22.124006
125	123	420	19.870365
126	123	430	13.817369
127	123	430	5.483827
128	123	429	0
0	124	3	0
1	124	1	0
2	124	1	0.15126
3	124	2	14.175403
4	124	31	16
5	124	32	19.419827
6	124	73	28.59725
7	124	39	34.111938
8	124	22	25.859289
9	124	3	22.106113
10	124	420	15.627472
11	124	429	7.924325
12	124	2	1.082057
13	124	14	1.097484
14	124	40	5.824166
15	124	73	14.022477
16	124	227	19.734253
17	124	431	7.229327
18	124	20	-2.85564
19	124	21	-10.523256
20	124	22	-17.640806
21	124	14	-19.839323
22	124	22	-19.913303
23	124	2	-23.138731
24	124	101	-30.954334
25	124	39	-34.384609
26	124	50	-31.873859
27	124	40	-24.764517
28	124	73	-18.258842
29	124	227	-15.252882
30	124	39	-14.087372
31	124	287	-12.062337
32	124	79	-6.839983
33	124	80	-2.020824
34	124	2	-0.533325
35	124	1	-1.546786
36	124	1	-2.109798
37	124	1	-2.41958
38	124	3	-3.329207
39	124	2	-5.260722
40	124	1	-8.637506
41	124	0	-10.520558
42	124	1	-8.713617
43	124	2	-3.479779
44	124	3	-0.529924
45	124	2	-0.507896
46	124	1	-2.215202
47	124	0	-4.117165
48	124	2	-3.363808
49	124	2	-1.217924
50	124	2	0
51	124	2	-0.774094
52	124	3	-7.0046
53	124	3	-14.632965
54	124	3	-14.392895
55	124	2	-11.215686
56	124	0	-15.513997
57	124	0	-19.903591
58	124	2	-20.641434
59	124	2	-25.142168
60	124	2	-36.561134
61	124	1	-49.497765
62	124	578	-55.134396
63	124	598	-51.865135
64	124	578	-48.688675
65	124	613	-47.963886
66	124	595	-47.059933
67	124	594	-46.222469
68	124	598	-44.191528
69	124	578	-41.368637
70	124	613	-37.888103
71	124	579	-37.128677
72	124	574	-40.091423
73	124	629	-39.771492
74	124	613	-33.438087
75	124	598	-26.12866
76	124	3	-20.315186
77	124	1	-16.563704
78	124	2	-17.943306
79	124	3	-21.087137
80	124	3	-19.782696
81	124	2	-16.026934
82	124	2	-13.173646
83	124	0	-11.31279
84	124	0	-7.590232
85	124	758	-8.305923
86	124	784	-16.816278
87	124	776	-21.202354
88	124	3	-16.654299
89	124	0	-11.418203
90	124	3	-11.088652
91	124	764	-9.821437
92	124	809	-14.946409
93	124	778	-22.608597
94	124	0	-20.193924
95	124	764	-12.540215
96	124	778	-9.019833
97	124	764	-5.783517
98	124	809	-2.305836
99	124	778	-0.10136
100	124	3	4.004791
101	124	2	5.037146
102	124	2	12.537375
103	124	3	13.201603
104	124	3	9.102331
105	124	2	5.645626
106	124	2	1.353271
107	124	0	1.724496
108	124	0	5.725935
109	124	440	8.819075
110	124	522	13.320364
111	124	462	13.609291
112	124	505	13.308975
113	124	450	11.561177
114	124	437	8.578564
115	124	1	5.721282
116	124	2	3.651644
117	124	2	5.814039
118	124	2	11.197757
119	124	2	14.816329
120	124	2	25.699446
121	124	420	43.944614
122	124	430	46.527096
123	124	429	31.797853
124	124	0	16.087656
125	124	2	13.794252
126	124	3	7.898695
127	124	3	3.100604
128	124	2	0
0	125	2	0
1	125	0	0.027531
2	125	3	1.193057
3	125	0	4.852225
4	125	31	14.667277
5	125	79	15.930154
6	125	79	18.881983
7	125	21	25.771057
8	125	22	14.87119
9	125	2	9.870025
10	125	3	4.532494
11	125	14	-1.813904
12	125	287	-7.368042
13	125	32	-7.459512
14	125	227	-4.106466
15	125	431	-0.078943
16	125	73	1.719121
17	125	41	-1.253721
18	125	31	-5.443609
19	125	21	-9.724905
20	125	287	-14.337911
21	125	80	-18.312925
22	125	0	-24.802797
23	125	31	-30.298632
24	125	32	-33.942562
25	125	73	-34.913269
26	125	73	-30.777548
27	125	431	-24.160263
28	125	118	-18.628193
29	125	20	-15.163828
30	125	80	-12.02666
31	125	2	-8.747858
32	125	3	-5.626707
33	125	3	-1.809545
34	125	0	0
35	125	3	0
36	125	1	0
37	125	2	0
38	125	2	-0.394082
39	125	1	-1.48574
40	125	1	-3.401945
41	125	0	-5.573079
42	125	0	-4.799526
43	125	2	-2.088628
44	125	1	-0.129503
45	125	2	0
46	125	0	-1.143318
47	125	2	-1.702971
48	125	0	-1.0816
49	125	3	0
50	125	0	0
51	125	2	0
52	125	1	-2.981544
53	125	1	-7.793757
54	125	3	-9.56988
55	125	2	-8.600573
56	125	0	-10.258592
57	125	1	-11.696589
58	125	1	-9.443361
59	125	1	-10.954896
60	125	1	-25.506546
61	125	3	-42.016666
62	125	3	-46.746868
63	125	1	-46.282673
64	125	568	-45.553928
65	125	629	-48.081062
66	125	598	-48.841995
67	125	3	-47.793587
68	125	1	-45.562283
69	125	3	-42.464272
70	125	578	-39.214092
71	125	595	-37.028297
72	125	586	-36.514179
73	125	0	-32.51889
74	125	1	-25.161232
75	125	568	-16.167391
76	125	574	-7.572989
77	125	569	-2.96761
78	125	0	-6.157472
79	125	1	-11.098815
80	125	0	-11.941382
81	125	3	-11.398908
82	125	0	-10.033785
83	125	1	-7.971085
84	125	764	-4.634305
85	125	809	-3.92813
86	125	778	-11.96073
87	125	0	-16.89049
88	125	2	-12.587685
89	125	1	-8.366755
90	125	3	-6.903337
91	125	2	-4.796237
92	125	1	-6.348892
93	125	2	-9.837206
94	125	2	-7.154204
95	125	2	-2.222459
96	125	1	-1.476089
97	125	3	-0.449803
98	125	0	0.000052
99	125	1	0.056219
100	125	1	3.847725
101	125	3	4.105334
102	125	1	4.364823
103	125	3	4.764618
104	125	0	2.200847
105	125	1	1.252363
106	125	2	0.742529
107	125	2	1.266427
108	125	0	3.983046
109	125	0	10.324656
110	125	451	14.972983
111	125	506	17.14558
112	125	505	17.166918
113	125	511	13.556996
114	125	1	9.756357
115	125	0	6.147005
116	125	1	4.038688
117	125	2	6.00515
118	125	3	11.761317
119	125	0	16.065916
120	125	0	21.092512
121	125	3	27.25239
122	125	2	25.459585
123	125	0	15.928628
124	125	3	10.823045
125	125	2	7.049113
126	125	2	3.520332
127	125	2	1.40067
128	125	1	0
0	126	1	0
1	126	0	0.057065
2	126	3	0.609285
3	126	2	2.263256
4	126	3	4.918518
5	126	2	10.4956
6	126	31	9.690062
7	126	80	3.244286
8	126	1	3.565435
9	126	1	1.104097
10	126	31	-3.10476
11	126	80	-7.777456
12	126	31	-11.620797
13	126	32	-11.742964
14	126	227	-7.905989
15	126	118	-2.247573
16	126	41	-0.256978
17	126	0	-1.335994
18	126	31	-3.375407
19	126	80	-4.446498
20	126	2	-5.827001
21	126	3	-11.434796
22	126	14	-21.150852
23	126	287	-27.729584
24	126	32	-30.490725
25	126	431	-28.688677
26	126	20	-22.598246
27	126	32	-13.794618
28	126	39	-10.096013
29	126	22	-8.220646
30	126	3	-4.234542
31	126	1	-2.003897
32	126	0	-1.815809
33	126	0	-0.61971
34	126	1	0
35	126	1	0
36	126	1	0
37	126	0	0
38	126	3	0
39	126	2	0
40	126	1	0
41	126	3	-0.260581
42	126	0	-0.600305
43	126	0	-0.131807
44	126	1	0
45	126	3	0
46	126	0	0
47	126	0	0
48	126	1	0
49	126	0	0
50	126	3	0
51	126	1	0
52	126	2	0
53	126	2	-0.976116
54	126	1	-1.585948
55	126	1	-2.103377
56	126	3	-2.397938
57	126	3	-1.414519
58	126	0	-0.173388
59	126	3	-0.602358
60	126	3	-12.797249
61	126	0	-29.340477
62	126	1	-34.326427
63	126	578	-35.574417
64	126	598	-38.133812
65	126	1	-43.343716
66	126	1	-44.91153
67	126	0	-43.482376
68	126	0	-40.420021
69	126	2	-36.609715
70	126	578	-32.323727
71	126	598	-27.78896
72	126	0	-21.142048
73	126	3	-17.314875
74	126	570	-11.206548
75	126	571	-2.909056
76	126	586	-0.663574
77	126	0	0
78	126	1	-0.06808
79	126	1	-1.098675
80	126	0	-2.194447
81	126	2	-2.539565
82	126	1	-2.168552
83	126	3	-1.539375
84	126	1	-0.143384
85	126	3	0
86	126	0	-4.783947
87	126	3	-7.760791
88	126	0	-5.500939
89	126	3	-2.536804
90	126	2	-1.928687
91	126	0	-0.833116
92	126	0	0
93	126	2	-0.281105
94	126	2	-0.368759
95	126	1	-0.251406
96	126	1	0
97	126	3	0
98	126	1	0.000015
99	126	1	0.029985
100	126	1	1.437486
101	126	3	3.776708
102	126	3	3.746925
103	126	3	2.585826
104	126	3	0.369911
105	126	1	0.174651
106	126	3	0.183609
107	126	1	0.767139
108	126	0	4.30602
109	126	440	10.000061
110	126	522	14.134558
111	126	522	16.47514
112	126	444	15.402148
113	126	1	11.904894
114	126	1	7.507975
115	126	3	4.793375
116	126	2	2.854625
117	126	2	4.25224
118	126	3	8.927709
119	126	3	13.255554
120	126	3	16.197771
121	126	3	15.620728
122	126	3	12.814058
123	126	0	9.947842
124	126	2	5.965539
125	126	1	2.954703
126	126	0	1.311237
127	126	0	0.485243
128	126	2	0
0	127	1	0
1	127	0	0.018316
2	127	0	0.172177
3	127	0	0.512936
4	127	0	0.70142
5	127	0	0.619908
6	127	0	0.985259
7	127	0	0.580211
8	127	0	0.089171
9	127	0	-1.313076
10	127	0	-4.604597
11	127	0	-7.601168
12	127	0	-8.533108
13	127	0	-5.628872
14	127	0	-1.840386
15	127	0	-0.427181
16	127	0	-0.03468
17	127	0	-0.017668
18	127	0	-0.347357
19	127	0	-0.450577
20	127	0	-2.141098
21	127	0	-6.626875
22	127	0	-12.610204
23	127	0	-16.537571
24	127	0	-19.02911
25	127	0	-18.087559
26	127	0	-10.134641
27	127	0	-3.117124
28	127	0	-2.144557
29	127	0	-2.485621
30	127	0	-1.303888
31	127	0	0
32	127	0	0
33	127	0	0
34	127	0	0
35	127	0	0
36	127	0	0
37	127	0	0
38	127	0	0
39	127	0	0
40	127	0	0
41	127	0	0
42	127	0	0
43	127	0	0
44	127	0	0
45	127	0	0
46	127	0	0
47	127	0	0
48	127	0	0
49	127	0	0
50	127	0	0
51	127	0	0
52	127	0	0
53	127	0	0
54	127	0	0
55	127	0	0
56	127	0	0
57	127	0	0
58	127	0	0
59	127	0	0
60	127	0	-4.919469
61	127	0	-19.575754
62	127	0	-21.786264
63	127	0	-22.316757
64	127	0	-25.258368
65	127	0	-27.915728
66	127	0	-26.499516
67	127	0	-28.017157
68	127	0	-26.396788
69	127	0	-22.825535
70	127	0	-16.381485
71	127	0	-7.557485
72	127	0	-3.212647
73	127	0	-3.102227
74	127	0	-0.948548
75	127	0	0
76	127	0	0
77	127	0	0
78	127	0	0
79	127	0	0
80	127	0	0
81	127	0	0
82	127	0	0
83	127	0	0
84	127	0	0
85	127	0	0
86	127	0	0
87	127	0	-0.807266
88	127	0	-0.567944
89	127	0	0
90	127	0	0
91	127	0	0
92	127	0	0
93	127	0	0
94	127	0	0
95	127	0	0
96	127	0	0
97	127	0	0
98	127	0	0
99	127	0	0.007164
100	127	0	0.053433
101	127	0	0.137494
102	127	0	0.206356
103	127	0	0.166477
104	127	0	0.09805
105	127	0	0.017465
106	127	0	0.047062
107	127	0	0.495995
108	127	0	2.923746
109	127	0	7.009157
110	127	0	10.252343
111	127	0	11.878445
112	127	0	9.924123
113	127	0	5.394908
114	127	0	3.643716
115	127	0	2.106999
116	127	0	1.570018
117	127	0	2.33005
118	127	0	4.554395
119	127	0	8.414808
120	127	0	10.719403
121	127	0	10.56561
122	127	0	9.194057
123	127	0	6.439187
124	127	0	3.100323
125	127	0	1.246269
126	127	0	0.441889
127	127	0	0.150959
128	127	0	0
0	128	0	0
1	128	0	0
2	128	0	0
3	128	0	0
4	128	0	0
5	128	0	0
6	128	0	0
7	128	0	0
8	128	0	0
9	128	0	0
10	128	0	0
11	128	0	0
12	128	0	0
13	128	0	0
14	128	0	0
15	128	0	0
16	128	0	0
17	128	0	0
18	128	0	0
19	128	0	0
20	128	0	0
21	128	0	0
22	128	0	0
23	128	0	0
24	128	0	0
25	128	0	0
26	128	0	0
27	128	0	0
28	128	0	0
29	128	0	0
30	128	0	0
31	128	0	0
32	128	0	0
33	128	0	0
34	128	0	0
35	128	0	0
36	128	0	0
37	128	0	0
38	128	0	0
39	128	0	0
40	128	0	0
41	128	0	0
42	128	0	0
43	128	0	0
44	128	0	0
45	128	0	0
46	128	0	0
47	128	0	0
48	128	0	0
49	128	0	0
50	128	0	0
51	128	0	0
52	128	0	0
53	128	0	0
54	128	0	0
55	128	0	0
56	128	0	0
57	128	0	0
58	128	0	0
59	128	0	0
60	128	0	0
61	128	0	0
62	128	0	0
63	128	0	0
64	128	0	0
65	128	0	0
66	128	0	0
67	128	0	0
68	128	0	0
69	128	0	0
70	128	0	0
71	128	0	0
72	128	0	0
73	128	0	0
74	128	0	0
75	128	0	0
76	128	0	0
77	128	0	0
78	128	0	0
79	128	0	0
80	128	0	0
81	128	0	0
82	128	0	0
83	128	0	0
84	128	0	0
85	128	0	0
86	128	0	0
87	128	0	0
88	128	0	0
89	128	0	0
90	128	0	0
91	128	0	0
92	128	0	0
93	128	0	0
94	128	0	0
95	128	0	0
96	128	0	0
97	128	0	0
98	128	0	0
99	128	0	0
100	128	0	0
101	128	0	0
102	128	0	0
103	128	0	0
104	128	0	0
105	128	0	0
106	128	0	0
107	128	0	0
108	128	0	0
109	128	0	0
110	128	0	0
111	128	0	0
112	128	0	0
113	128	0	0
114	128	0	0
115	128	0	0
116	128	0	0
117	128	0	0
118	128	0	0
119	128	0	0
120	128	0	0
121	128	0	0
122	128	0	0
123	128	0	0
124	128	0	0
125	128	0	0
126	128	0	0
127	128	0	0
128	128	0	0
