x	y	texture	height
0	0	0	0
1	0	1	0
2	0	0	0
3	0	2	0
4	0	0	0
5	0	2	0
6	0	1	0
7	0	2	0
8	0	1	0
9	0	1	0
10	0	2	0
11	0	1	0
12	0	0	0
13	0	1	0
14	0	1	0
15	0	0	0
16	0	0	0
17	0	1	0
18	0	2	0
19	0	0	0
20	0	0	0
21	0	2	0
22	0	0	0
23	0	1	0
24	0	1	0
25	0	2	0
26	0	0	0
27	0	0	0
28	0	0	0
29	0	0	0
30	0	0	0
31	0	1	0
32	0	0	0
33	0	1	0
34	0	0	0
35	0	2	0
36	0	2	0
37	0	1	0
38	0	2	0
39	0	1	0
40	0	2	0
41	0	0	0
42	0	1	0
43	0	0	0
44	0	2	0
45	0	0	0
46	0	0	0
47	0	2	0
48	0	1	0
49	0	0	0
50	0	1	0
51	0	1	0
52	0	1	0
53	0	2	0
54	0	2	0
55	0	0	0
56	0	0	0
57	0	0	0
58	0	2	0
59	0	1	0
60	0	2	0
61	0	0	0
62	0	1	0
63	0	2	0
64	0	1	0
65	0	1	0
66	0	0	0
67	0	2	0
68	0	2	0
69	0	1	0
70	0	1	0
71	0	1	0
72	0	1	0
73	0	1	0
74	0	1	0
75	0	0	0
76	0	0	0
77	0	2	0
78	0	2	0
79	0	1	0
80	0	1	0
81	0	2	0
82	0	2	0
83	0	2	0
84	0	1	0
85	0	1	0
86	0	1	0
87	0	1	0
88	0	0	0
89	0	0	0
90	0	1	0
91	0	1	0
92	0	0	0
93	0	1	0
94	0	1	0
95	0	1	0
96	0	2	0
97	0	1	0
98	0	1	0
99	0	1	0
100	0	1	0
101	0	2	0
102	0	0	0
103	0	0	0
104	0	0	0
105	0	1	0
106	0	2	0
107	0	1	0
108	0	1	0
109	0	0	0
110	0	2	0
111	0	2	0
112	0	0	0
113	0	1	0
114	0	0	0
115	0	2	0
116	0	2	0
117	0	1	0
118	0	0	0
119	0	0	0
120	0	0	0
121	0	2	0
122	0	2	0
123	0	2	0
124	0	1	0
125	0	0	0
126	0	1	0
127	0	0	0
128	0	2	0
0	1	2	0
1	1	1	0
2	1	2	0
3	1	2	0
4	1	2	0
5	1	1	0
6	1	2	0
7	1	1	0
8	1	2	0
9	1	0	0
10	1	1	0
11	1	1	0
12	1	1	0
13	1	1	0
14	1	0	0
15	1	1	0
16	1	2	0
17	1	1	0
18	1	0	0
19	1	0	0
20	1	1	0
21	1	0	0
22	1	0	0
23	1	1	0
24	1	0	0
25	1	0	0
26	1	0	0
27	1	2	0
28	1	1	0
29	1	2	0
30	1	1	0
31	1	3	0
32	1	4	0
33	1	1	1.818
34	1	2	1.818
35	1	2	1.818
36	1	3	1.818
37	1	4	1.818
38	1	2	1.818
39	1	2	1.818
40	1	1	0
41	1	3	0
42	1	4	0
43	1	1	0
44	1	1	0
45	1	0	2.382
46	1	0	2.382
47	1	2	2.382
48	1	2	0
49	1	0	0
50	1	2	0
51	1	0	1.159746
52	1	0	0
53	1	0	0
54	1	0	0
55	1	0	0
56	1	1	0
57	1	1	2.505884
58	1	2	1.430416
59	1	2	3.88163
60	1	0	5.674507
61	1	1	5.845268
62	1	2	0.455748
63	1	2	0.905613
64	1	2	6.70095
65	1	0	6.958267
66	1	0	1.327315
67	1	1	0
68	1	0	0
69	1	1	0
70	1	1	0
71	1	5	0
72	1	6	0
73	1	7	0
74	1	0	0
75	1	0	0
76	1	2	0
77	1	2	0
78	1	1	0
79	1	1	0
80	1	0	0
81	1	1	0.968522
82	1	1	7.418973
83	1	1	9.126503
84	1	0	5.028605
85	1	1	0.315916
86	1	0	0
87	1	0	0
88	1	1	0
89	1	2	0
90	1	2	0
91	1	2	0
92	1	0	0
93	1	0	0
94	1	2	0
95	1	8	0
96	1	9	0
97	1	1	0
98	1	0	0
99	1	0	0
100	1	1	0
101	1	0	0
102	1	1	0
103	1	2	0
104	1	2	0
105	1	2	0
106	1	2	0
107	1	1	0
108	1	2	0
109	1	0	0
110	1	2	0
111	1	1	0
112	1	2	0
113	1	2	0
114	1	1	0
115	1	1	0
116	1	2	0
117	1	2	0
118	1	1	0
119	1	0	0
120	1	2	0
121	1	0	0
122	1	0	1.624679
123	1	2	12.220031
124	1	1	24.034821
125	1	1	20.465683
126	1	2	8.11827
127	1	0	0.159633
128	1	1	0
0	2	10	0
1	2	11	0
2	2	12	0
3	2	0	5.395465
4	2	1	0
5	2	2	0
6	2	1	0.021139
7	2	13	0.105968
8	2	12	0
9	2	0	0
10	2	0	0
11	2	1	0
12	2	0	0
13	2	0	0
14	2	2	0
15	2	2	0
16	2	0	0
17	2	1	0
18	2	2	0
19	2	3	0
20	2	4	0
21	2	0	0
22	2	1	0
23	2	0	0
24	2	2	0
25	2	2	0
26	2	1	0
27	2	2	0
28	2	0	0
29	2	0	0
30	2	14	0.107188
31	2	15	0
32	2	2	0
33	2	3	0
34	2	4	1.818
35	2	14	1.818
36	2	15	1.818
37	2	2	1.818
38	2	2	1.818
39	2	2	1.818
40	2	16	1.818
41	2	17	0
42	2	2	4.076355
43	2	1	3.155029
44	2	1	3.788953
45	2	1	2.994138
46	2	0	1.690924
47	2	2	1.528219
48	2	2	1.917775
49	2	0	20.626781
50	2	5	19.602781
51	2	6	19.792799
52	2	7	21.867069
53	2	3	0
54	2	4	5.117556
55	2	0	12.380743
56	2	1	16.980839
57	2	1	20.128778
58	2	2	9.706807
59	2	0	8.720936
60	2	5	43.154934
61	2	7	13.874015
62	2	2	6.025871
63	2	1	-0.020474
64	2	0	12.192221
65	2	0	14.742354
66	2	2	0
67	2	2	0
68	2	1	0
69	2	5	0
70	2	18	0
71	2	19	0
72	2	20	0
73	2	0	0
74	2	2	0
75	2	0	0
76	2	2	0
77	2	2	0
78	2	1	0
79	2	0	0
80	2	5	2.840533
81	2	7	9.241235
82	2	2	17.789038
83	2	2	20.175795
84	2	1	11.006183
85	2	1	1.825108
86	2	1	0
87	2	2	0
88	2	2	0
89	2	0	0
90	2	2	0
91	2	0	0
92	2	1	0
93	2	0	0
94	2	21	0
95	2	22	0
96	2	0	0
97	2	0	0
98	2	2	0
99	2	0	0
100	2	0	0
101	2	0	0
102	2	1	0
103	2	1	0
104	2	2	0
105	2	1	0
106	2	8	0
107	2	9	0
108	2	1	0
109	2	1	0
110	2	2	0
111	2	0	0
112	2	0	0
113	2	1	0
114	2	2	0
115	2	0	0
116	2	1	0
117	2	1	0
118	2	8	0
119	2	9	0
120	2	0	0
121	2	0	0
122	2	2	0.285681
123	2	2	5.384871
124	2	0	11.606262
125	2	1	9.993805
126	2	2	1.931329
127	2	13	0
128	2	23	0
0	3	24	0
1	3	25	0
2	3	12	0
3	3	13	10.114355
4	3	12	0.222031
5	3	0	4.394001
6	3	26	7.392717
7	3	27	4.911676
8	3	1	1.636242
9	3	0	0
10	3	1	0
11	3	3	0
12	3	28	0
13	3	28	0
14	3	4	0
15	3	0	0
16	3	3	0
17	3	28	0
18	3	29	0
19	3	15	0
20	3	1	0.028144
21	3	1	0.038724
22	3	0	1.187379
23	3	2	3.208137
24	3	30	1.915821
25	3	31	0
26	3	0	0
27	3	0	0
28	3	1	3.849174
29	3	2	10.935263
30	3	2	8.306911
31	3	3	1.906583
32	3	29	0
33	3	15	0
34	3	0	0
35	3	1	1.818
36	3	1	1.818
37	3	5	1.818
38	3	6	1.818
39	3	32	1.646981
40	3	33	11.564945
41	3	28	0.903725
42	3	4	-0.941488
43	3	3	0.609167
44	3	4	-6.381663
45	3	3	-5.077082
46	3	4	12.320815
47	3	2	12.285621
48	3	0	8.403692
49	3	34	4.802105
50	3	19	11.352435
51	3	20	4.996366
52	3	16	29.994507
53	3	17	28.951607
54	3	2	0.700248
55	3	2	7.597346
56	3	0	11.282497
57	3	2	13.214063
58	3	0	32.893295
59	3	34	13.934377
60	3	20	-0.996268
61	3	2	2.144386
62	3	1	-4.195761
63	3	0	-9.50669
64	3	2	4.076462
65	3	0	6.088688
66	3	2	5.917533
67	3	1	0
68	3	35	-1.528734
69	3	36	-0.338736
70	3	37	0
71	3	6	0
72	3	7	2.427333
73	3	0	10.957933
74	3	1	14.418451
75	3	0	9.894011
76	3	0	3.292857
77	3	5	0
78	3	6	0
79	3	38	4.650276
80	3	39	20.628702
81	3	1	37.81406
82	3	2	37.408878
83	3	0	23.970047
84	3	1	9.756902
85	3	1	1.14422
86	3	0	0
87	3	0	0
88	3	0	0
89	3	1	0
90	3	1	0
91	3	0	0
92	3	1	0
93	3	40	0
94	3	41	0
95	3	2	0
96	3	2	0
97	3	1	0
98	3	2	0
99	3	8	0
100	3	9	0
101	3	1	0
102	3	1	0
103	3	2	0
104	3	2	0
105	3	40	0
106	3	41	0
107	3	0	0
108	3	0	0
109	3	1	0
110	3	0	0
111	3	0	0
112	3	8	0
113	3	9	0
114	3	0	0
115	3	0	0
116	3	0	0
117	3	40	0
118	3	41	0
119	3	1	0
120	3	0	0
121	3	0	0
122	3	2	0
123	3	2	0.050191
124	3	0	0.558719
125	3	2	0
126	3	26	0
127	3	42	0
128	3	43	0
0	4	44	0
1	4	45	0
2	4	46	10.431249
3	4	45	11.329843
4	4	0	11.815664
5	4	46	11.555929
6	4	45	19.369562
7	4	2	18.072895
8	4	1	8.239126
9	4	2	0.012096
10	4	14	0
11	4	47	0
12	4	47	0
13	4	15	0
14	4	2	0
15	4	14	0
16	4	48	0
17	4	49	0
18	4	0	0
19	4	1	3.937171
20	4	1	8.000178
21	4	1	6.122062
22	4	3	9.514232
23	4	50	16.697605
24	4	51	11.934548
25	4	52	1.931399
26	4	53	0
27	4	2	3.178473
28	4	2	15.589195
29	4	2	27.925816
30	4	14	25.031887
31	4	15	6.979427
32	4	0	0
33	4	1	0
34	4	1	1.409544
35	4	0	2.670787
36	4	34	2.711761
37	4	19	1.818
38	4	54	1.428821
39	4	55	-0.750728
40	4	47	0.104555
41	4	56	-6.208154
42	4	57	-4.798668
43	4	17	-0.095827
44	4	14	12.523838
45	4	56	18.394222
46	4	7	19.48604
47	4	3	21.366095
48	4	4	10.69064
49	4	1	7.13435
50	4	2	3.524249
51	4	14	6.876493
52	4	15	7.015188
53	4	5	12.774513
54	4	6	15.589179
55	4	7	10.978912
56	4	2	-5.759458
57	4	0	-3.584544
58	4	2	3.109339
59	4	0	-1.47307
60	4	1	-1.847881
61	4	0	1.966681
62	4	2	2.453795
63	4	2	-0.705453
64	4	0	-0.189813
65	4	1	0
66	4	1	-1.049585
67	4	35	-6.613171
68	4	58	-0.621856
69	4	59	0
70	4	60	-2.564054
71	4	39	4.154255
72	4	1	21.713079
73	4	0	41.51421
74	4	2	44.659004
75	4	5	27.937946
76	4	38	9.580196
77	4	61	0.902377
78	4	19	0.061564
79	4	20	18.609562
80	4	1	56.202118
81	4	1	72.121719
82	4	8	47.779358
83	4	9	19.039272
84	4	2	3.144531
85	4	0	0
86	4	1	0
87	4	8	0
88	4	9	0
89	4	1	0
90	4	0	0
91	4	0	0
92	4	0	0
93	4	0	0
94	4	0	0
95	4	1	0
96	4	2	0
97	4	0	0
98	4	40	0
99	4	41	0
100	4	0	0
101	4	1	0
102	4	2	0
103	4	2	0
104	4	2	0
105	4	1	0
106	4	2	0
107	4	1	0
108	4	2	0
109	4	0	0
110	4	1	0
111	4	40	0
112	4	41	0
113	4	1	0
114	4	1	0
115	4	1	0
116	4	1	0
117	4	2	0
118	4	2	0
119	4	1	0
120	4	0	0
121	4	0	0
122	4	1	0
123	4	1	0
124	4	1	0
125	4	46	0
126	4	62	0
127	4	24	0
128	4	25	0
0	5	63	0
1	5	64	0
2	5	0	0
3	5	0	0.491637
4	5	2	9.408324
5	5	1	19.874941
6	5	2	27.890717
7	5	2	25.242058
8	5	2	13.701369
9	5	10	3.061522
10	5	65	0
11	5	66	0
12	5	0	0
13	5	1	0
14	5	30	0
15	5	67	0
16	5	68	0
17	5	69	0.728333
18	5	52	9.83425
19	5	53	22.389805
20	5	1	24.812237
21	5	14	18.743786
22	5	70	32.940651
23	5	71	43.192619
24	5	72	35.413502
25	5	73	7.225461
26	5	0	0
27	5	0	7.662767
28	5	1	21.057423
29	5	0	33.899147
30	5	1	29.22254
31	5	0	7.473964
32	5	0	0.456616
33	5	2	3.360852
34	5	2	10.29762
35	5	2	12.203906
36	5	5	6.269706
37	5	38	3.062824
38	5	39	2.77966
39	5	2	1.916515
40	5	35	17.903404
41	5	55	5.981808
42	5	15	8.195815
43	5	3	0
44	5	74	16.588207
45	5	20	26.334618
46	5	75	19.701471
47	5	49	8.471337
48	5	0	0.063742
49	5	3	6.471764
50	5	76	3.640411
51	5	7	12.424056
52	5	34	1.962232
53	5	54	0
54	5	39	1.592431
55	5	1	2.947222
56	5	0	8.701741
57	5	2	8.33495
58	5	5	-1.091067
59	5	7	6.05716
60	5	0	2.769876
61	5	0	6.304777
62	5	0	2.919703
63	5	1	0
64	5	1	-8.643517
65	5	2	0
66	5	34	-1.289778
67	5	77	0
68	5	78	-6.598606
69	5	79	0
70	5	80	-5.474677
71	5	2	8.051644
72	5	0	31.076269
73	5	0	56.021793
74	5	34	53.651638
75	5	19	29.812803
76	5	20	9.325574
77	5	2	0.633879
78	5	0	2.639531
79	5	0	28.554123
80	5	1	67.582802
81	5	40	77.781113
82	5	41	40.715218
83	5	1	10.129284
84	5	2	0
85	5	0	0
86	5	40	0
87	5	41	0
88	5	2	0
89	5	0	0
90	5	1	0
91	5	2	0
92	5	2	0
93	5	0	0
94	5	2	0
95	5	0	0
96	5	1	0
97	5	0	0
98	5	1	0
99	5	2	0
100	5	1	0
101	5	1	0
102	5	1	0
103	5	2	0
104	5	1	0
105	5	0	0
106	5	81	0
107	5	82	0
108	5	83	0
109	5	83	0
110	5	83	0
111	5	84	0
112	5	85	0
113	5	0	0
114	5	1	0
115	5	1	0
116	5	0	0
117	5	2	0
118	5	0	0
119	5	0	0
120	5	2	0
121	5	0	0
122	5	1	0
123	5	0	0
124	5	2	0
125	5	46	0
126	5	25	0
127	5	86	0
128	5	87	0
0	6	88	0
1	6	66	0
2	6	2	0
3	6	2	3.515512
4	6	2	13.861062
5	6	2	24.002218
6	6	1	26.463909
7	6	10	19.146254
8	6	89	11.149677
9	6	90	3.237479
10	6	91	0
11	6	92	0
12	6	92	0
13	6	93	0.141216
14	6	94	0.587423
15	6	95	1.224992
16	6	96	3.522643
17	6	97	13.233384
18	6	98	28.710117
19	6	0	40.901917
20	6	1	36.003548
21	6	99	23.739799
22	6	100	37.393982
23	6	101	50.772812
24	6	102	50.008724
25	6	92	13.907989
26	6	31	0
27	6	30	4.552226
28	6	92	17.645351
29	6	31	25.140594
30	6	0	16.115046
31	6	1	1.555387
32	6	1	6.128856
33	6	0	11.352239
34	6	0	17.778753
35	6	34	20.674908
36	6	103	20.51461
37	6	104	21.129309
38	6	1	16.572392
39	6	105	5.088109
40	6	106	1.818
41	6	7	16.628288
42	6	75	-3.159391
43	6	49	6.735362
44	6	2	4.048138
45	6	34	16.984564
46	6	20	-2.329816
47	6	1	4.422496
48	6	14	5.170574
49	6	107	28.595854
50	6	108	12.621224
51	6	7	2.404463
52	6	35	9.666955
53	6	39	11.727218
54	6	5	9.733108
55	6	7	1.34233
56	6	5	0
57	6	38	1.293221
58	6	39	3.440951
59	6	2	11.697504
60	6	2	24.600067
61	6	1	25.498182
62	6	1	13.404284
63	6	1	2.046901
64	6	0	0
65	6	30	0
66	6	109	-8.711096
67	6	110	0
68	6	111	-3.454303
69	6	112	-1.035869
70	6	1	-2.771078
71	6	2	4.195584
72	6	1	18.202673
73	6	0	30.478519
74	6	2	28.243887
75	6	2	12.55758
76	6	2	2.142044
77	6	0	0
78	6	1	2.598362
79	6	2	19.581686
80	6	1	42.860634
81	6	1	42.669868
82	6	2	19.620213
83	6	1	0.424712
84	6	1	0
85	6	0	0
86	6	2	0
87	6	1	0
88	6	1	0
89	6	1	0
90	6	2	0
91	6	1	0
92	6	0	0
93	6	0	0
94	6	2	0
95	6	2	0
96	6	0	0
97	6	113	0
98	6	114	0
99	6	115	0
100	6	83	0
101	6	83	0
102	6	83	0
103	6	83	0
104	6	83	0
105	6	116	0
106	6	117	0
107	6	118	0
108	6	118	0
109	6	118	0
110	6	119	0
111	6	120	0
112	6	1	0
113	6	1	0
114	6	0	0
115	6	1	0
116	6	1	0
117	6	0	0
118	6	8	0
119	6	9	0
120	6	2	0
121	6	1	0
122	6	2	0
123	6	1	0
124	6	1	0
125	6	121	0
126	6	122	0
127	6	123	0
128	6	124	0
0	7	125	0
1	7	0	0
2	7	2	0
3	7	0	3.715722
4	7	0	21.113199
5	7	0	36.771999
6	7	126	40.151119
7	7	127	11.676342
8	7	91	4.995954
9	7	93	0.20323
10	7	128	0
11	7	129	0
12	7	129	0.936565
13	7	130	7.79003
14	7	131	18.830109
15	7	132	24.830542
16	7	133	22.990597
17	7	0	26.969507
18	7	0	36.514565
19	7	2	37.082367
20	7	1	24.932594
21	7	2	12.434684
22	7	1	30.507532
23	7	134	40.950615
24	7	135	37.326958
25	7	136	9.216896
26	7	137	0
27	7	138	0.086707
28	7	139	3.387957
29	7	1	4.627221
30	7	2	0.296363
31	7	2	17.882185
32	7	1	34.064323
33	7	1	31.518885
34	7	1	18.658831
35	7	14	27.666929
36	7	15	55.248196
37	7	3	49.367447
38	7	140	49.326363
39	7	141	19.836901
40	7	142	1.909021
41	7	38	1.352494
42	7	39	19.070621
43	7	2	25.515703
44	7	0	6.627175
45	7	1	3.815578
46	7	1	2.382
47	7	1	2.382
48	7	2	8.806544
49	7	143	2.058346
50	7	144	11.121737
51	7	74	24.971397
52	7	20	3.966898
53	7	34	0.611333
54	7	108	0
55	7	145	0
56	7	146	1.954817
57	7	20	7.544562
58	7	1	14.500165
59	7	1	26.135057
60	7	0	40.924549
61	7	5	44.79472
62	7	7	28.438868
63	7	5	11.318935
64	7	147	1.177675
65	7	133	0
66	7	1	-0.529221
67	7	0	0
68	7	1	0
69	7	1	-3.712708
70	7	2	0
71	7	2	0
72	7	2	2.154446
73	7	2	3.827462
74	7	0	0.005079
75	7	0	0
76	7	1	0
77	7	0	0
78	7	1	0
79	7	0	6.872658
80	7	2	12.602891
81	7	2	9.098613
82	7	1	0.055461
83	7	0	0
84	7	0	0
85	7	2	0
86	7	1	0
87	7	8	0
88	7	9	0
89	7	1	0
90	7	0	0
91	7	148	0
92	7	83	0
93	7	83	0
94	7	83	0
95	7	83	0
96	7	149	0
97	7	150	0
98	7	151	0
99	7	118	0
100	7	118	0
101	7	118	0
102	7	118	0
103	7	118	0
104	7	118	0
105	7	152	0
106	7	153	0
107	7	154	0
108	7	155	0
109	7	118	0
110	7	156	0
111	7	0	0
112	7	2	0
113	7	2	135.689545
114	7	8	135.689545
115	7	9	135.689545
116	7	0	135.689545
117	7	40	0
118	7	41	0
119	7	1	0
120	7	2	0
121	7	1	0
122	7	0	0
123	7	0	0
124	7	157	0
125	7	158	0
126	7	159	0
127	7	160	0
128	7	161	0
0	8	1	0
1	8	2	0
2	8	2	0
3	8	0	1.98292
4	8	2	25.499434
5	8	2	36.637707
6	8	30	39.303417
7	8	93	14.754674
8	8	128	0
9	8	130	0
10	8	61	0
11	8	19	0
12	8	19	4.166761
13	8	20	17.909273
14	8	0	37.543171
15	8	2	45.456665
16	8	0	36.99577
17	8	0	27.063765
18	8	2	23.018414
19	8	0	17.695076
20	8	1	5.756265
21	8	0	0.097736
22	8	99	8.721845
23	8	162	17.933094
24	8	163	12.3073
25	8	73	1.363739
26	8	99	0
27	8	164	0
28	8	165	0
29	8	2	0
30	8	2	5.224398
31	8	166	34.800758
32	8	167	44.437462
33	8	2	46.717957
34	8	1	17.82122
35	8	1	29.733253
36	8	75	73.302315
37	8	168	71.257675
38	8	169	50.929897
39	8	170	27.583015
40	8	171	3.883437
41	8	104	12.97521
42	8	1	26.012318
43	8	0	11.631916
44	8	1	12.480488
45	8	5	13.247579
46	8	7	0
47	8	0	2.382
48	8	16	2.382
49	8	172	0
50	8	56	7.075631
51	8	6	-2.294007
52	8	6	0
53	8	38	0
54	8	55	0
55	8	15	0
56	8	1	7.086428
57	8	0	25.59795
58	8	0	44.400436
59	8	1	48.855457
60	8	35	53.106693
61	8	39	46.913967
62	8	34	32.005123
63	8	20	16.043154
64	8	2	4.371984
65	8	2	0.051602
66	8	1	0
67	8	1	0
68	8	1	0
69	8	0	-4.69741
70	8	1	0
71	8	0	0
72	8	1	0
73	8	0	0
74	8	0	0
75	8	1	0
76	8	2	0
77	8	2	0
78	8	1	0
79	8	2	0
80	8	0	0
81	8	1	0
82	8	2	0
83	8	0	0
84	8	1	0
85	8	0	0
86	8	40	0
87	8	41	0
88	8	0	0
89	8	148	0
90	8	173	0
91	8	118	0
92	8	118	0
93	8	118	0
94	8	118	0
95	8	118	0
96	8	118	0
97	8	152	0
98	8	153	0
99	8	153	0
100	8	154	0
101	8	174	0
102	8	153	0
103	8	154	0
104	8	175	0
105	8	176	0
106	8	177	136.721573
107	8	178	135.689545
108	8	118	135.689545
109	8	156	135.689545
110	8	2	135.689545
111	8	2	135.689545
112	8	2	135.689545
113	8	40	135.689545
114	8	41	135.689545
115	8	0	135.689545
116	8	1	135.689545
117	8	2	0
118	8	0	0
119	8	2	0
120	8	2	0
121	8	2	0
122	8	1	0
123	8	179	0
124	8	180	0
125	8	181	0
126	8	182	0
127	8	12	0
128	8	1	0
0	9	13	0
1	9	12	0
2	9	1	0
3	9	2	0.099939
4	9	10	16.918577
5	9	183	34.271381
6	9	132	32.369072
7	9	184	12.032565
8	9	19	0.049207
9	9	20	0
10	9	1	0
11	9	0	1.689224
12	9	0	6.981399
13	9	0	17.175013
14	9	1	31.030592
15	9	1	35.068947
16	9	2	24.649498
17	9	2	12.676031
18	9	1	6.01114
19	9	1	2.266787
20	9	0	0
21	9	0	0
22	9	185	0
23	9	186	0.166537
24	9	187	0.000539
25	9	7	0.225662
26	9	188	3.853626
27	9	189	4.995974
28	9	7	0.628854
29	9	190	0.159707
30	9	191	5.173946
31	9	192	30.517443
32	9	1	50.534824
33	9	1	37.491444
34	9	10	9.673052
35	9	193	20.516062
36	9	194	50.786137
37	9	195	64.087875
38	9	196	44.084995
39	9	197	14.708654
40	9	198	3.789926
41	9	7	-4.246385
42	9	1	2.83747
43	9	1	17.601166
44	9	35	21.55925
45	9	39	22.155905
46	9	3	12.680307
47	9	29	3.853576
48	9	15	2.382
49	9	34	0
50	9	54	-1.015322
51	9	199	-2.51012
52	9	200	0
53	9	39	0
54	9	0	0
55	9	1	0
56	9	0	14.412054
57	9	2	46.280926
58	9	2	73.62809
59	9	34	89.075737
60	9	20	83.222084
61	9	1	72.448715
62	9	0	49.333214
63	9	1	23.664808
64	9	0	4.803166
65	9	1	0.077768
66	9	2	0
67	9	0	-3.555754
68	9	2	0
69	9	1	-2.228685
70	9	1	0
71	9	1	0
72	9	1	-0.109892
73	9	201	-2.950352
74	9	202	0
75	9	7	0
76	9	0	0
77	9	2	0
78	9	2	-4.878
79	9	1	0
80	9	0	0
81	9	2	0
82	9	1	0
83	9	0	0
84	9	2	0
85	9	1	0
86	9	0	0
87	9	0	0
88	9	203	0
89	9	118	0
90	9	152	0
91	9	153	0
92	9	154	0
93	9	204	0
94	9	205	0
95	9	206	0
96	9	207	0
97	9	208	0
98	9	176	0
99	9	209	135.689545
100	9	210	135.689545
101	9	208	135.689545
102	9	211	135.689545
103	9	212	135.689545
104	9	209	135.689545
105	9	210	135.689545
106	9	213	135.689545
107	9	118	135.689545
108	9	156	135.689545
109	9	8	135.689545
110	9	9	135.689545
111	9	2	135.689545
112	9	2	135.689545
113	9	2	135.689545
114	9	2	135.689545
115	9	2	135.689545
116	9	1	135.689545
117	9	1	0
118	9	2	0
119	9	1	0
120	9	0	0
121	9	0	0
122	9	148	0
123	9	214	0
124	9	215	0
125	9	216	0
126	9	45	0
127	9	13	0
128	9	44	0
0	10	45	0
1	10	0	0
2	10	1	0
3	10	126	0
4	10	217	2.017309
5	10	1	11.63301
6	10	1	11.023848
7	10	1	3.360153
8	10	2	0
9	10	113	0.054398
10	10	114	2.23607
11	10	165	9.147762
12	10	1	16.567974
13	10	0	16.200029
14	10	1	11.041268
15	10	218	10.326468
16	10	52	4.91273
17	10	53	0.226208
18	10	1	0.653628
19	10	0	3.315128
20	10	1	2.397584
21	10	0	0
22	10	2	0
23	10	35	0
24	10	142	0.01255
25	10	38	8.399095
26	10	219	25.88759
27	10	39	30.924841
28	10	220	17.658028
29	10	221	6.183646
30	10	222	10.481662
31	10	223	15.565403
32	10	6	19.072344
33	10	224	12.396895
34	10	225	0.369071
35	10	226	5.392642
36	10	219	13.548081
37	10	227	16.630268
38	10	228	8.592783
39	10	229	3.601733
40	10	142	0.110752
41	10	6	-2.578915
42	10	7	-3.62877
43	10	35	14.734574
44	10	39	30.252354
45	10	75	19.357353
46	10	49	15.597466
47	10	5	3.890741
48	10	6	2.456135
49	10	18	-3.613117
50	10	19	-1.64685
51	10	19	0
52	10	20	0
53	10	0	0
54	10	0	0
55	10	5	0
56	10	7	12.751815
57	10	1	39.279194
58	10	1	70.399895
59	10	10	90.429466
60	10	230	100.440613
61	10	7	93.410561
62	10	231	65.901077
63	10	232	29.714394
64	10	2	6.449996
65	10	233	0.009694
66	10	234	0
67	10	234	-3.132106
68	10	235	0
69	10	236	0
70	10	236	0
71	10	236	-3.374875
72	10	237	-10.770549
73	10	238	-0.024494
74	10	239	0
75	10	240	8.855906
76	10	5	22.704021
77	10	7	15.846014
78	10	2	0
79	10	1	0
80	10	1	0
81	10	0	0
82	10	0	0
83	10	2	0
84	10	0	0
85	10	0	0
86	10	2	0
87	10	203	0
88	10	118	0
89	10	241	-1.032003
90	10	242	-1.032003
91	10	243	-1.032003
92	10	244	0
93	10	245	0
94	10	246	0
95	10	208	0
96	10	208	0
97	10	247	0
98	10	248	0
99	10	212	135.689545
100	10	249	135.689545
101	10	242	135.689545
102	10	211	135.689545
103	10	250	135.689545
104	10	210	135.689545
105	10	213	135.689545
106	10	118	135.689545
107	10	156	135.689545
108	10	40	135.689545
109	10	41	135.689545
110	10	233	135.689545
111	10	234	135.689545
112	10	234	135.689545
113	10	234	135.689545
114	10	251	135.689545
115	10	114	135.689545
116	10	114	135.689545
117	10	114	0
118	10	2	0
119	10	0	0
120	10	2	0
121	10	203	0
122	10	252	0
123	10	214	0
124	10	253	0
125	10	0	0
126	10	46	0
127	10	45	0
128	10	0	0
0	11	30	0
1	11	92	0
2	11	31	0
3	11	2	-0.563962
4	11	2	142.141068
5	11	1	142.705032
6	11	1	0.010927
7	11	2	0
8	11	254	0.010668
9	11	255	3.153086
10	11	256	7.208507
11	11	165	21.773146
12	11	0	34.758263
13	11	0	25.661421
14	11	257	7.03872
15	11	258	0
16	11	98	0
17	11	0	0.152772
18	11	218	8.028131
19	11	53	22.71104
20	11	1	24.880335
21	11	0	10.408851
22	11	34	0
23	11	54	0
24	11	259	5.081204
25	11	61	22.977926
26	11	20	48.161903
27	11	0	50.827629
28	11	5	33.484947
29	11	260	23.454834
30	11	261	27.360483
31	11	19	17.08749
32	11	262	2.337932
33	11	263	0
34	11	264	0
35	11	19	0
36	11	265	0
37	11	266	0
38	11	107	0
39	11	19	0
40	11	19	-0.819406
41	11	20	-2.725857
42	11	35	-1.495891
43	11	142	-6.519231
44	11	18	31.774649
45	11	20	6.645691
46	11	34	22.607159
47	11	19	14.645715
48	11	20	7.678178
49	11	231	-0.107118
50	11	232	0
51	11	1	0
52	11	1	0
53	11	1	0
54	11	34	0
55	11	20	0
56	11	1	1.450486
57	11	1	14.855991
58	11	126	28.205841
59	11	267	42.721363
60	11	20	56.588615
61	11	268	61.423248
62	11	112	46.528042
63	11	0	22.999598
64	11	269	5.415033
65	11	270	0.191098
66	11	270	0
67	11	271	0
68	11	272	0
69	11	272	-0.256661
70	11	272	-8.136073
71	11	272	-0.134075
72	11	272	0
73	11	272	0
74	11	273	0
75	11	274	8.855906
76	11	275	32.718029
77	11	276	32.718029
78	11	234	32.718029
79	11	234	32.718029
80	11	277	32.718029
81	11	0	32.718029
82	11	2	32.718029
83	11	1	32.718029
84	11	2	32.718029
85	11	113	0
86	11	278	0
87	11	279	0
88	11	280	0
89	11	281	-1.032003
90	11	282	-4.638003
91	11	283	-1.032003
92	11	284	-1.032003
93	11	285	-1.032003
94	11	286	-1.032003
95	11	286	-1.032003
96	11	287	-1.032003
97	11	288	13.565997
98	11	287	-1.632021
99	11	288	135.689545
100	11	286	135.689545
101	11	286	135.689545
102	11	287	135.689545
103	11	288	135.689545
104	11	289	135.689545
105	11	290	135.689545
106	11	291	135.689545
107	11	234	135.689545
108	11	234	135.689545
109	11	292	135.689545
110	11	270	135.689545
111	11	270	135.689545
112	11	270	135.689545
113	11	293	135.689545
114	11	294	135.689545
115	11	295	135.689545
116	11	296	135.689545
117	11	0	0
118	11	1	0
119	11	0	0
120	11	203	0
121	11	118	0
122	11	156	0
123	11	2	0
124	11	1	0
125	11	1	0
126	11	1	0
127	11	10	0
128	11	183	0
0	12	132	0
1	12	133	0
2	12	5	0
3	12	7	-0.563962
4	12	2	142.141068
5	12	0	142.705032
6	12	0	0
7	12	30	0
8	12	93	0.720038
9	12	297	4.913301
10	12	298	10.669389
11	12	0	29.076433
12	12	218	38.547482
13	12	299	32.020893
14	12	187	10.177167
15	12	7	0
16	12	218	0.433336
17	12	299	4.509427
18	12	98	22.925297
19	12	2	49.104828
20	12	2	51.554745
21	12	0	25.753931
22	12	34	1.986219
23	12	19	3.031307
24	12	300	17.426743
25	12	31	32.432938
26	12	1	48.953888
27	12	301	44.367794
28	12	302	28.500877
29	12	39	29.113438
30	12	5	38.675091
31	12	303	26.065367
32	12	304	4.925208
33	12	305	0
34	12	306	0.185506
35	12	52	3.05498
36	12	52	6.620057
37	12	53	7.972079
38	12	2	3.763146
39	12	0	-0.17674
40	12	2	-2.012323
41	12	34	0
42	12	19	0
43	12	108	1.818
44	12	7	10.124885
45	12	0	22.972004
46	12	1	18.993826
47	12	1	20.405333
48	12	268	20.888805
49	12	112	10.903396
50	12	2	-5.966679
51	12	2	-1.866979
52	12	0	0
53	12	231	0
54	12	232	0
55	12	1	0
56	12	2	0
57	12	2	0
58	12	1	0.37961
59	12	2	0
60	12	2	5.408247
61	12	0	13.630464
62	12	2	13.806342
63	12	307	7.067766
64	12	308	1.56317
65	12	270	0
66	12	270	0
67	12	270	0
68	12	270	0
69	12	270	0
70	12	270	0
71	12	270	0
72	12	270	0
73	12	309	0
74	12	310	0
75	12	310	8.855906
76	12	311	32.718029
77	12	312	31.536015
78	12	313	32.718029
79	12	314	32.718029
80	12	315	29.688021
81	12	114	32.718029
82	12	316	32.718029
83	12	236	32.718029
84	12	317	32.718029
85	12	318	32.718029
86	12	319	32.718029
87	12	320	32.718029
88	12	321	32.718029
89	12	322	31.686012
90	12	155	31.686012
91	12	119	17.795969
92	12	117	15.582047
93	12	118	20.364
94	12	118	18.540052
95	12	118	18.228088
96	12	118	12.312121
97	12	118	20.957874
98	12	118	-3.25799
99	12	118	135.689545
100	12	118	135.689545
101	12	118	135.689545
102	12	118	135.689545
103	12	323	135.689545
104	12	270	135.689545
105	12	270	135.689545
106	12	270	135.689545
107	12	270	135.689545
108	12	270	135.689545
109	12	270	135.689545
110	12	270	135.689545
111	12	270	135.689545
112	12	270	135.689545
113	12	270	135.689545
114	12	324	135.689545
115	12	325	135.689545
116	12	1	135.689545
117	12	0	0
118	12	2	0
119	12	326	0
120	12	327	0
121	12	253	0
122	12	0	94.998032
123	12	1	94.998032
124	12	30	94.998032
125	12	92	94.998032
126	12	328	94.998032
127	12	329	94.998032
128	12	66	0
0	13	2	0
1	13	34	0
2	13	20	0
3	13	1	0
4	13	1	0
5	13	30	0
6	13	109	0
7	13	132	0
8	13	133	0.563998
9	13	1	13.761463
10	13	2	20.500843
11	13	257	25.587992
12	13	73	31.445568
13	13	35	22.563137
14	13	330	7.242293
15	13	331	1.190504
16	13	73	6.996302
17	13	2	24.381374
18	13	1	44.117626
19	13	2	57.291004
20	13	30	52.435631
21	13	92	25.215731
22	13	92	2.79956
23	13	93	10.147296
24	13	139	26.750362
25	13	2	35.231506
26	13	254	27.334995
27	13	332	20.666811
28	13	333	20.220655
29	13	334	33.011703
30	13	335	38.547585
31	13	336	22.23243
32	13	337	8.666087
33	13	338	14.416054
34	13	186	20.671253
35	13	186	22.677074
36	13	187	28.604752
37	13	6	39.06535
38	13	7	35.101315
39	13	1	10.405455
40	13	0	0
41	13	2	0
42	13	34	-1.634265
43	13	20	-5.978566
44	13	0	1.818
45	13	0	13.2772
46	13	5	8.914541
47	13	7	18.114853
48	13	0	21.834576
49	13	0	17.398401
50	13	0	-0.902426
51	13	231	0
52	13	339	0
53	13	340	0
54	13	0	0
55	13	0	0
56	13	2	0
57	13	0	0
58	13	2	0
59	13	0	0
60	13	2	0
61	13	0	0
62	13	10	0
63	13	341	0.019392
64	13	308	0
65	13	270	0
66	13	312	0
67	13	342	0
68	13	312	0
69	13	342	0
70	13	270	-0.036556
71	13	270	-2.596412
72	13	312	0
73	13	313	0
74	13	313	0
75	13	313	11.490072
76	13	343	16.566019
77	13	344	32.718029
78	13	345	30.882017
79	13	346	32.718029
80	13	347	32.718029
81	13	348	32.718029
82	13	349	32.718029
83	13	349	32.718029
84	13	350	32.718029
85	13	351	28.800013
86	13	352	32.718029
87	13	353	32.718029
88	13	354	32.718029
89	13	355	33.432327
90	13	204	43.661797
91	13	204	52.58992
92	13	356	72.413986
93	13	357	73.855362
94	13	357	78.30085
95	13	357	90.048492
96	13	358	94.799644
97	13	356	111.581932
98	13	358	127.871841
99	13	204	135.689545
100	13	359	135.689545
101	13	360	231.049881
102	13	361	230.587982
103	13	270	230.587982
104	13	270	233.366089
105	13	270	234.398117
106	13	270	233.285141
107	13	270	233.285141
108	13	270	233.677505
109	13	270	232.402588
110	13	270	231.720444
111	13	270	231.720444
112	13	270	231.720444
113	13	293	231.720444
114	13	295	231.720444
115	13	2	231.720444
116	13	1	136.721573
117	13	233	94.998032
118	13	234	94.998032
119	13	234	94.998032
120	13	277	94.998032
121	13	0	94.998032
122	13	0	94.998032
123	13	134	94.998032
124	13	362	94.998032
125	13	139	94.998032
126	13	363	94.998032
127	13	364	94.998032
128	13	1	0
0	14	2	0
1	14	0	0
2	14	30	0
3	14	31	0
4	14	134	0
5	14	139	0
6	14	0	0
7	14	1	0.879885
8	14	0	13.896043
9	14	2	26.842777
10	14	257	40.095718
11	14	73	27.285406
12	14	34	15.407911
13	14	365	12.452662
14	14	258	9.002827
15	14	98	9.281356
16	14	5	25.195156
17	14	7	49.775097
18	14	1	56.425419
19	14	99	46.192757
20	14	138	25.558733
21	14	366	10.403139
22	14	367	2.726804
23	14	368	15.518435
24	14	165	29.487404
25	14	2	27.896782
26	14	369	22.595955
27	14	370	20.575464
28	14	371	26.490232
29	14	372	34.98008
30	14	373	29.22156
31	14	374	14.88505
32	14	98	19.216778
33	14	5	36.569431
34	14	6	52.086136
35	14	18	58.143425
36	14	54	62.903221
37	14	39	70.839348
38	14	2	66.942657
39	14	2	35.513897
40	14	5	4.735524
41	14	6	0
42	14	7	0
43	14	2	0
44	14	2	-0.043732
45	14	34	7.086268
46	14	20	13.045271
47	14	2	7.595702
48	14	2	16.189817
49	14	0	12.192005
50	14	375	0
51	14	376	0
52	14	340	0
53	14	231	0
54	14	232	0
55	14	2	0
56	14	0	0
57	14	1	0
58	14	5	0
59	14	7	0
60	14	0	0
61	14	126	0
62	14	217	0
63	14	377	0
64	14	378	0
65	14	379	0
66	14	380	0
67	14	379	0
68	14	380	0
69	14	381	0
70	14	313	-6.792299
71	14	382	-0.049796
72	14	383	0
73	14	384	0
74	14	385	0
75	14	385	0
76	14	383	0
77	14	386	16.422012
78	14	387	32.718029
79	14	388	32.718029
80	14	383	32.718029
81	14	389	32.718029
82	14	389	32.718029
83	14	390	32.718029
84	14	391	32.718029
85	14	392	32.718029
86	14	351	32.718029
87	14	393	32.718029
88	14	394	32.718029
89	14	395	32.682297
90	14	396	43.908173
91	14	397	54.048424
92	14	398	69.342262
93	14	398	85.6381
94	14	398	79.590134
95	14	399	91.944214
96	14	400	100.638145
97	14	401	115.434006
98	14	402	142.656036
99	14	403	169.438934
100	14	404	169.438934
101	14	405	231.720444
102	14	270	231.720444
103	14	270	231.720444
104	14	270	231.720444
105	14	270	230.873703
106	14	270	231.720444
107	14	270	231.720444
108	14	270	231.720444
109	14	270	230.688416
110	14	270	231.720444
111	14	270	231.720444
112	14	270	231.720444
113	14	324	231.720444
114	14	1	231.720444
115	14	0	231.720444
116	14	269	145.175018
117	14	270	98.274017
118	14	270	94.998032
119	14	406	94.998032
120	14	277	94.998032
121	14	0	94.998032
122	14	99	94.998032
123	14	132	94.998032
124	14	133	94.998032
125	14	126	94.998032
126	14	217	94.998032
127	14	30	94.998032
128	14	31	0
0	15	2	0
1	15	99	0
2	15	133	0
3	15	99	0
4	15	133	0
5	15	0	0
6	15	2	0
7	15	1	2.204108
8	15	218	20.008888
9	15	299	34.535095
10	15	98	34.885277
11	15	218	23.46524
12	15	299	9.871364
13	15	98	14.361559
14	15	5	19.418375
15	15	18	17.885075
16	15	20	29.71089
17	15	30	50.131203
18	15	92	49.402222
19	15	109	26.061201
20	15	133	4.644179
21	15	254	0.240108
22	15	407	5.244874
23	15	298	18.088018
24	15	1	26.062435
25	15	408	26.615995
26	15	409	26.980309
27	15	410	32.689983
28	15	372	30.832949
29	15	411	23.115685
30	15	412	15.771643
31	15	413	8.521552
32	15	414	21.478394
33	15	259	46.737377
34	15	39	60.416046
35	15	34	68.364349
36	15	20	67.416382
37	15	1	78.027687
38	15	1	65.905014
39	15	35	38.948669
40	15	259	6.393452
41	15	142	0
42	15	7	0
43	15	1	0
44	15	1	-0.822909
45	15	2	0
46	15	2	1.818
47	15	0	1.818
48	15	2	4.200001
49	15	268	4.200001
50	15	111	1.818
51	15	112	0
52	15	268	0
53	15	112	0
54	15	2	0
55	15	1	0
56	15	2	0
57	15	34	0
58	15	20	0
59	15	2	0
60	15	369	0
61	15	415	0
62	15	416	0
63	15	417	0
64	15	418	0
65	15	418	0
66	15	418	0
67	15	418	0
68	15	419	0
69	15	420	0
70	15	421	-4.148364
71	15	348	0
72	15	387	0
73	15	422	0
74	15	418	0
75	15	419	0
76	15	423	0
77	15	385	0
78	15	424	0
79	15	348	0
80	15	345	0
81	15	386	0
82	15	425	0
83	15	426	0
84	15	427	0
85	15	428	0
86	15	429	2.706841
87	15	430	3.530282
88	15	431	0
89	15	432	-1.032003
90	15	432	-4.146208
91	15	433	2.405744
92	15	434	19.602045
93	15	435	32.603756
94	15	436	74.351952
95	15	437	89.603706
96	15	438	99.665817
97	15	439	135.972229
98	15	440	136.721573
99	15	440	205.674149
100	15	441	205.674149
101	15	270	205.022858
102	15	270	211.11882
103	15	270	231.021759
104	15	270	231.021759
105	15	270	231.021759
106	15	270	231.021759
107	15	442	231.021759
108	15	443	229.838943
109	15	444	227.765686
110	15	270	227.365906
111	15	270	223.549454
112	15	324	230.688416
113	15	2	231.720444
114	15	1	231.720444
115	15	269	231.720444
116	15	270	136.721573
117	15	270	94.998032
118	15	270	94.998032
119	15	445	94.998032
120	15	2	94.998032
121	15	2	94.998032
122	15	0	94.998032
123	15	0	94.998032
124	15	0	94.998032
125	15	30	94.998032
126	15	93	94.998032
127	15	139	94.998032
128	15	190	0
0	16	446	0
1	16	223	0
2	16	6	0
3	16	6	0
4	16	6	0.528098
5	16	447	1.514418
6	16	31	0.257296
7	16	257	1.122102
8	16	448	10.913482
9	16	53	24.50021
10	16	257	24.283062
11	16	449	11.990977
12	16	6	15.16076
13	16	18	25.315929
14	16	20	23.137173
15	16	30	14.96695
16	16	93	14.047248
17	16	366	23.432249
18	16	133	21.085091
19	16	369	7.132633
20	16	415	0
21	16	415	0
22	16	415	4.248187
23	16	415	22.898529
24	16	450	32.235554
25	16	451	29.160385
26	16	452	29.091393
27	16	453	28.626032
28	16	454	18.606524
29	16	455	7.6192
30	16	456	5.671397
31	16	457	13.484083
32	16	458	31.529612
33	16	459	46.241512
34	16	7	52.316341
35	16	2	44.421085
36	16	0	33.002178
37	16	1	35.279499
38	16	34	32.798431
39	16	54	17.590723
40	16	219	0.886674
41	16	39	0
42	16	1	0
43	16	0	0
44	16	5	0
45	16	7	0
46	16	5	0
47	16	7	1.818
48	16	1	4.200001
49	16	2	4.200001
50	16	0	1.818
51	16	2	1.818
52	16	2	0
53	16	0	0
54	16	1	0
55	16	1	0
56	16	0	0
57	16	0	0
58	16	0	0
59	16	460	0
60	16	461	0
61	16	462	0
62	16	463	0
63	16	463	0
64	16	464	0
65	16	465	0
66	16	464	0
67	16	465	0
68	16	462	0
69	16	466	0
70	16	345	-7.403996
71	16	386	-4.631917
72	16	467	0
73	16	463	0
74	16	461	0
75	16	468	0
76	16	469	0.011776
77	16	470	0
78	16	384	0
79	16	385	0
80	16	383	0
81	16	425	1.700462
82	16	426	0
83	16	471	0
84	16	472	0
85	16	473	0
86	16	474	2.400168
87	16	475	17.953089
88	16	294	2.891037
89	16	294	-1.032003
90	16	476	-3.372275
91	16	437	-3.372275
92	16	477	2.831713
93	16	442	27.34775
94	16	444	74.24955
95	16	478	85.925644
96	16	479	108.62355
97	16	479	134.063309
98	16	480	136.721573
99	16	481	205.674149
100	16	482	205.674149
101	16	483	205.674149
102	16	483	204.019485
103	16	483	136.721573
104	16	483	136.721573
105	16	483	136.721573
106	16	484	136.721573
107	16	407	136.721573
108	16	485	136.721573
109	16	483	136.721573
110	16	486	136.721573
111	16	487	136.721573
112	16	2	136.721573
113	16	0	136.721573
114	16	307	136.721573
115	16	483	136.721573
116	16	483	136.721573
117	16	483	0
118	16	488	0
119	16	0	0
120	16	2	0
121	16	0	0
122	16	2	0
123	16	30	0
124	16	93	0
125	16	366	0
126	16	489	94.998032
127	16	490	94.998032
128	16	491	0
0	17	492	0
1	17	19	0
2	17	19	0
3	17	19	0.70158
4	17	493	4.923064
5	17	133	6.752731
6	17	494	4.227231
7	17	495	0.061333
8	17	73	0.774415
9	17	185	2.84106
10	17	496	2.141785
11	17	497	13.182101
12	17	498	26.823996
13	17	499	30.218439
14	17	93	18.027622
15	17	366	5.437982
16	17	164	1.616065
17	17	500	2.864045
18	17	501	1.750488
19	17	502	0.335578
20	17	455	4.954096
21	17	502	6.75306
22	17	503	17.47517
23	17	504	40.747341
24	17	505	47.88866
25	17	506	34.806606
26	17	507	31.397882
27	17	508	25.981249
28	17	509	5.493819
29	17	510	1.4795
30	17	511	16.575014
31	17	512	40.482479
32	17	513	49.563171
33	17	39	50.165287
34	17	2	29.51936
35	17	1	17.241152
36	17	1	9.387812
37	17	1	2.575104
38	17	35	3.525194
39	17	199	0.494543
40	17	142	0
41	17	7	0
42	17	0	0
43	17	34	0
44	17	20	0
45	17	34	0
46	17	108	0
47	17	7	0
48	17	1	1.818
49	17	2	4.200001
50	17	0	1.818
51	17	10	1.818
52	17	65	1.818
53	17	66	0
54	17	0	0
55	17	2	0
56	17	2	0.103719
57	17	2	1.298467
58	17	514	2.051181
59	17	454	0.883269
60	17	462	0
61	17	463	0
62	17	461	0
63	17	466	0
64	17	515	0
65	17	516	0
66	17	467	0
67	17	463	0
68	17	466	0
69	17	386	-0.328396
70	17	386	-0.750371
71	17	467	-1.36261
72	17	464	-2.349755
73	17	517	0
74	17	465	0
75	17	518	0
76	17	470	5.615064
77	17	346	6.152646
78	17	347	0
79	17	519	0
80	17	520	0.599581
81	17	426	19.108299
82	17	521	2.553065
83	17	522	8.397789
84	17	523	0
85	17	477	-2.88
86	17	270	22.130127
87	17	270	20.850647
88	17	270	28.585554
89	17	270	0
90	17	442	-3.372275
91	17	444	-3.372275
92	17	293	-5.393096
93	17	477	11.993736
94	17	270	69.905617
95	17	270	88.775467
96	17	442	112.427269
97	17	524	134.297165
98	17	477	136.721573
99	17	445	174.442688
100	17	8	174.442688
101	17	9	141.04744
102	17	8	136.721573
103	17	9	136.721573
104	17	8	136.721573
105	17	9	136.721573
106	17	1	136.721573
107	17	1	136.721573
108	17	1	136.721573
109	17	254	136.721573
110	17	298	136.721573
111	17	2	136.721573
112	17	1	136.721573
113	17	0	136.721573
114	17	148	136.721573
115	17	83	136.721573
116	17	525	0
117	17	2	0
118	17	2	0
119	17	1	0
120	17	1	0
121	17	0	0
122	17	134	0
123	17	366	0
124	17	133	0
125	17	526	0
126	17	527	0
127	17	528	0
128	17	529	0
0	18	2	0
1	18	30	0
2	18	92	0
3	18	92	1.980578
4	18	92	7.214094
5	18	93	11.276371
6	18	96	6.228232
7	18	530	0.990685
8	18	92	0
9	18	531	0.367924
10	18	532	10.290933
11	18	533	24.828966
12	18	534	32.745239
13	18	366	23.355192
14	18	133	8.991443
15	18	535	0
16	18	536	0
17	18	509	3.523091
18	18	537	13.256389
19	18	456	22.819397
20	18	538	27.917088
21	18	539	38.498539
22	18	540	52.479988
23	18	541	63.306408
24	18	542	59.728191
25	18	543	48.592426
26	18	538	43.171562
27	18	502	43.969994
28	18	509	26.143467
29	18	544	18.978359
30	18	545	35.620571
31	18	546	52.929924
32	18	547	59.288834
33	18	5	44.797459
34	18	6	18.05802
35	18	6	1.148731
36	18	548	0
37	18	549	0
38	18	550	0
39	18	551	0
40	18	552	0
41	18	31	0
42	18	2	0
43	18	1	0
44	18	2	0
45	18	34	0
46	18	20	0
47	18	0	0
48	18	0	0
49	18	2	4.200001
50	18	553	1.818
51	18	554	1.818
52	18	217	1.818
53	18	1	1.818
54	18	0	0
55	18	0	0.052791
56	18	0	0.879875
57	18	369	3.990179
58	18	555	5.93886
59	18	461	4.383386
60	18	462	0.589064
61	18	461	0
62	18	466	0
63	18	345	0
64	18	345	-0.693339
65	18	467	-6.091668
66	18	464	-0.1986
67	18	516	-9.132369
68	18	389	-9.856468
69	18	344	-16.397209
70	18	467	-21.521469
71	18	466	-0.399078
72	18	344	0
73	18	467	-4.7531
74	18	518	-0.134994
75	18	470	0
76	18	387	0
77	18	348	1.830842
78	18	390	0.152627
79	18	556	0
80	18	426	0
81	18	557	22.119909
82	18	558	4.190619
83	18	559	9.156351
84	18	560	0
85	18	270	0.958699
86	18	270	26.45768
87	18	270	21.287752
88	18	442	14.62425
89	18	524	0
90	18	477	-0.98427
91	18	270	-3.77621
92	18	270	-9.818414
93	18	270	-0.951168
94	18	270	67.487846
95	18	293	83.357758
96	18	477	110.675423
97	18	270	130.715759
98	18	445	136.721573
99	18	40	174.442688
100	18	41	174.442688
101	18	40	136.721573
102	18	41	136.721573
103	18	40	136.721573
104	18	41	136.721573
105	18	2	136.721573
106	18	1	136.721573
107	18	0	136.721573
108	18	0	136.721573
109	18	0	136.721573
110	18	0	136.721573
111	18	2	136.721573
112	18	148	136.721573
113	18	173	136.721573
114	18	118	136.721573
115	18	156	136.721573
116	18	0	0.485999
117	18	1	0
118	18	1	0
119	18	0	0
120	18	30	0
121	18	109	0
122	18	561	0
123	18	6	0
124	18	562	0
125	18	491	0
126	18	563	0
127	18	0	0
128	18	0	0
0	19	99	0
1	19	132	0
2	19	132	0
3	19	132	0.680866
4	19	132	4.891315
5	19	132	6.698379
6	19	367	4.18516
7	19	564	0
8	19	565	0
9	19	566	6.316672
10	19	567	24.646935
11	19	568	37.511169
12	19	133	27.582949
13	19	569	12.048313
14	19	508	0.540483
15	19	455	0
16	19	502	4.07902
17	19	570	17.23531
18	19	506	34.257416
19	19	542	45.532448
20	19	538	53.11861
21	19	571	61.021255
22	19	456	68.092087
23	19	543	65.276031
24	19	572	55.906651
25	19	510	54.194489
26	19	573	69.756157
27	19	455	75.901527
28	19	574	61.859798
29	19	39	47.565407
30	19	257	53.258358
31	19	73	57.180809
32	19	575	44.837784
33	19	576	20.851261
34	19	576	4.392576
35	19	577	0
36	19	578	0
37	19	579	0
38	19	580	0
39	19	581	0
40	19	582	0
41	19	583	0
42	19	31	0
43	19	2	0
44	19	5	0
45	19	7	0
46	19	0	0
47	19	1	0
48	19	0	0
49	19	34	2.382
50	19	20	1.818
51	19	1	1.886189
52	19	2	4.309275
53	19	1	5.53689
54	19	0	6.130105
55	19	0	13.076814
56	19	460	10.25239
57	19	462	6.066094
58	19	464	14.199352
59	19	517	17.234499
60	19	517	10.24397
61	19	584	1.526191
62	19	420	0
63	19	585	0
64	19	515	0
65	19	516	-3.896811
66	19	389	-4.479515
67	19	586	-2.4281
68	19	585	-4.934975
69	19	467	-6.412522
70	19	587	-5.460554
71	19	585	0
72	19	515	0
73	19	588	0
74	19	470	0
75	19	386	0
76	19	345	1.021353
77	19	589	8.689388
78	19	443	15.142316
79	19	590	10.491084
80	19	591	1.963195
81	19	440	12.121674
82	19	592	0
83	19	556	16.213907
84	19	270	0
85	19	270	11.845523
86	19	270	25.942326
87	19	293	16.290634
88	19	477	11.581393
89	19	270	0.191611
90	19	270	0
91	19	270	-9.631763
92	19	593	-8.408136
93	19	594	0
94	19	594	69.053864
95	19	595	89.171684
96	19	270	117.401413
97	19	445	132.953751
98	19	8	133.620483
99	19	9	174.442688
100	19	8	174.442688
101	19	9	136.721573
102	19	8	136.721573
103	19	9	136.721573
104	19	1	136.721573
105	19	1	136.721573
106	19	0	136.721573
107	19	1	136.721573
108	19	2	136.721573
109	19	1	136.721573
110	19	1	136.721573
111	19	203	136.721573
112	19	118	136.721573
113	19	118	136.721573
114	19	156	136.721573
115	19	1	136.721573
116	19	2	0
117	19	1	0
118	19	10	0
119	19	596	0
120	19	139	0
121	19	35	0
122	19	61	0
123	19	597	0
124	19	528	0
125	19	529	0
126	19	2	0
127	19	5	0
128	19	6	0
0	20	6	0
1	20	7	0
2	20	1	0
3	20	1	0
4	20	2	135.592163
5	20	598	136.546082
6	20	599	0.187563
7	20	567	0
8	20	568	0.128573
9	20	600	14.100734
10	20	529	39.770493
11	20	369	46.33215
12	20	601	23.967522
13	20	602	1.72051
14	20	509	0
15	20	537	2.337907
16	20	456	11.624895
17	20	506	25.78178
18	20	542	38.250587
19	20	543	41.508575
20	20	542	44.492165
21	20	506	47.035755
22	20	542	43.112541
23	20	538	38.467411
24	20	456	35.970055
25	20	573	45.975487
26	20	570	67.985107
27	20	511	80.088776
28	20	603	78.485802
29	20	604	67.473328
30	20	605	53.412724
31	20	606	36.465961
32	20	607	15.169279
33	20	608	4.096927
34	20	607	0
35	20	609	0
36	20	99	0
37	20	138	0
38	20	581	0
39	20	610	0
40	20	611	0
41	20	612	0
42	20	2	0
43	20	34	0
44	20	20	0
45	20	1	0
46	20	1	0
47	20	2	0
48	20	0	0
49	20	1	2.382
50	20	1	0.59625
51	20	0	6.749445
52	20	2	22.812418
53	20	2	27.031288
54	20	1	34.371284
55	20	460	33.69891
56	20	463	31.333216
57	20	466	21.29937
58	20	389	31.945259
59	20	344	44.659336
60	20	467	36.846634
61	20	461	13.865882
62	20	466	2.170088
63	20	586	0.54384
64	20	420	2.340955
65	20	420	1.942161
66	20	613	-1.033483
67	20	587	0
68	20	614	0
69	20	465	0
70	20	587	0
71	20	585	0
72	20	346	0
73	20	470	0
74	20	349	0
75	20	389	0
76	20	615	5.612069
77	20	295	24.072422
78	20	319	40.648895
79	20	591	37.290398
80	20	440	8.510684
81	20	441	7.441746
82	20	270	4.819942
83	20	270	11.481461
84	20	270	8.249391
85	20	270	17.569016
86	20	270	24.497608
87	20	270	6.813883
88	20	270	14.901661
89	20	270	0
90	20	593	-2.923748
91	20	616	-8.417503
92	20	440	-0.258656
93	20	440	0
94	20	441	68.74189
95	20	270	89.244972
96	20	445	112.001373
97	20	40	126.04184
98	20	41	130.895599
99	20	40	174.442688
100	20	41	174.442688
101	20	40	136.721573
102	20	41	136.721573
103	20	0	136.721573
104	20	2	136.721573
105	20	1	136.721573
106	20	2	136.721573
107	20	0	136.721573
108	20	1	136.721573
109	20	0	136.721573
110	20	326	136.721573
111	20	327	136.721573
112	20	215	136.721573
113	20	156	136.721573
114	20	2	136.721573
115	20	0	136.721573
116	20	1	0
117	20	363	0
118	20	617	0
119	20	139	0
120	20	35	0
121	20	39	0
122	20	526	0
123	20	618	0
124	20	31	0
125	20	5	0
126	20	619	0
127	20	620	0
128	20	60	0
0	21	68	0
1	21	621	0
2	21	622	0
3	21	5	0
4	21	147	135.084778
5	21	623	135.084778
6	21	624	0
7	21	625	0
8	21	6	0.088342
9	21	626	16.566149
10	21	555	38.400883
11	21	463	46.886993
12	21	627	28.284521
13	21	628	0.279954
14	21	509	0.205442
15	21	629	15.697755
16	21	630	25.827349
17	21	631	24.655111
18	21	506	21.703407
19	21	506	20.377703
20	21	542	19.834471
21	21	572	21.5231
22	21	510	15.576313
23	21	543	7.699476
24	21	573	15.728455
25	21	509	24.836136
26	21	537	41.661507
27	21	632	64.555763
28	21	633	71.375526
29	21	634	57.013245
30	21	606	37.751583
31	21	635	15.26541
32	21	636	2.604266
33	21	637	0
34	21	92	0
35	21	638	0
36	21	639	0
37	21	640	0
38	21	610	0
39	21	641	0
40	21	642	0
41	21	1	0
42	21	1	0
43	21	30	0
44	21	31	0
45	21	2	0
46	21	1	0
47	21	2	0
48	21	0	0
49	21	1	0.080387
50	21	0	3.362654
51	21	1	20.146732
52	21	0	49.520527
53	21	0	60.232117
54	21	514	52.856422
55	21	454	51.482368
56	21	587	48.39465
57	21	585	35.880241
58	21	344	42.086258
59	21	467	61.336254
60	21	643	55.243355
61	21	587	31.185169
62	21	614	9.6865
63	21	517	5.719354
64	21	465	11.259635
65	21	461	10.889395
66	21	464	4.072845
67	21	516	0
68	21	515	0
69	21	465	0
70	21	587	0
71	21	417	0
72	21	644	0
73	21	383	0
74	21	384	0.820621
75	21	380	0
76	21	645	5.366415
77	21	646	28.291914
78	21	591	48.567459
79	21	440	54.53841
80	21	647	21.925543
81	21	560	1.198015
82	21	270	8.95887
83	21	270	18.05352
84	21	270	4.844357
85	21	270	12.498796
86	21	270	-1.785737
87	21	270	0
88	21	442	0
89	21	648	1.731035
90	21	440	-1.026953
91	21	649	-6.935669
92	21	650	-0.853044
93	21	481	0
94	21	270	34.056007
95	21	445	68.74189
96	21	2	98.255753
97	21	233	122.825653
98	21	234	136.721573
99	21	251	174.442688
100	21	114	174.442688
101	21	165	136.721573
102	21	0	136.721573
103	21	2	136.721573
104	21	1	136.721573
105	21	2	136.721573
106	21	2	136.721573
107	21	2	136.721573
108	21	1	136.721573
109	21	1	136.721573
110	21	0	136.721573
111	21	326	136.721573
112	21	253	205.901184
113	21	1	205.901184
114	21	1	205.901184
115	21	2	136.721573
116	21	363	0
117	21	617	0
118	21	139	0
119	21	34	0
120	21	333	0
121	21	651	0
122	21	534	0
123	21	139	0
124	21	34	0
125	21	493	0
126	21	652	0
127	21	653	0
128	21	654	0
0	22	655	0
1	22	656	0
2	22	34	0
3	22	333	0
4	22	651	0
5	22	657	0
6	22	658	0
7	22	259	0
8	22	659	0
9	22	660	11.636199
10	22	628	39.788361
11	22	661	55.08683
12	22	662	30.193401
13	22	461	5.750719
14	22	627	18.168274
15	22	663	36.646984
16	22	664	42.649406
17	22	506	25.731018
18	22	506	15.150845
19	22	572	29.85067
20	22	602	41.625759
21	22	570	29.112343
22	22	542	9.680049
23	22	573	0
24	22	463	1.532375
25	22	509	9.729495
26	22	665	34.526291
27	22	666	56.00383
28	22	667	52.782368
29	22	636	34.66946
30	22	668	15.322378
31	22	607	2.006542
32	22	669	0.348408
33	22	670	0
34	22	610	0
35	22	671	0
36	22	672	0
37	22	673	0
38	22	674	0
39	22	139	0
40	22	2	0
41	22	2	0
42	22	134	0
43	22	139	0
44	22	2	0
45	22	0	0
46	22	1	0
47	22	0	0
48	22	0	0
49	22	0	0.122424
50	22	2	8.300166
51	22	0	33.387589
52	22	0	62.737358
53	22	0	64.665688
54	22	514	53.671707
55	22	454	44.817036
56	22	587	54.671627
57	22	420	43.395256
58	22	614	48.763927
59	22	465	59.457539
60	22	643	55.993694
61	22	466	34.129581
62	22	389	15.865437
63	22	467	13.42175
64	22	462	18.963776
65	22	466	19.252871
66	22	386	8.977995
67	22	345	0
68	22	467	0
69	22	643	-7.658658
70	22	643	-7.744421
71	22	675	0
72	22	388	0
73	22	676	0
74	22	677	6.422409
75	22	151	4.340672
76	22	678	0
77	22	591	15.114513
78	22	440	31.601343
79	22	679	28.02334
80	22	680	29.10647
81	22	594	10.452255
82	22	594	8.536785
83	22	594	10.344214
84	22	594	19.969421
85	22	594	22.932774
86	22	594	4.815634
87	22	681	0
88	22	682	-13.305696
89	22	440	19.245686
90	22	683	8.337295
91	22	684	-0.019027
92	22	685	0
93	22	270	0
94	22	406	0
95	22	234	48.695953
96	22	292	52.41597
97	22	270	0
98	22	293	136.721573
99	22	294	174.442688
100	22	686	174.442688
101	22	1	136.721573
102	22	0	136.721573
103	22	8	136.721573
104	22	9	136.721573
105	22	2	136.721573
106	22	0	136.721573
107	22	0	136.721573
108	22	0	136.721573
109	22	0	136.721573
110	22	2	136.721573
111	22	2	136.721573
112	22	2	205.901184
113	22	0	205.901184
114	22	0	205.901184
115	22	363	136.721573
116	22	617	0
117	22	139	0
118	22	190	0
119	22	651	0
120	22	534	3.281998
121	22	687	1.77657
122	22	688	0
123	22	622	0
124	22	1	0
125	22	34	0
126	22	77	0
127	22	689	0
128	22	261	0
0	23	108	0
1	23	7	0
2	23	526	0
3	23	690	0
4	23	691	0
5	23	34	0
6	23	19	0
7	23	692	0
8	23	693	0
9	23	694	3.076381
10	23	695	36.620617
11	23	696	52.560581
12	23	502	43.827076
13	23	661	33.909206
14	23	697	45.240959
15	23	698	53.784439
16	23	506	41.50243
17	23	572	20.965097
18	23	602	21.510105
19	23	461	53.304352
20	23	509	63.994488
21	23	510	40.605465
22	23	538	10.313482
23	23	502	0
24	23	503	0.752642
25	23	699	23.444462
26	23	700	61.326878
27	23	636	72.093178
28	23	668	49.313469
29	23	607	33.199005
30	23	609	20.124704
31	23	701	10.844951
32	23	669	5.401139
33	23	702	1.392439
34	23	703	0
35	23	674	0
36	23	581	0
37	23	704	0
38	23	705	0
39	23	706	0
40	23	707	0
41	23	93	0
42	23	708	0
43	23	31	0
44	23	1	0
45	23	2	0
46	23	1	0
47	23	1	0
48	23	709	0
49	23	710	0.253297
50	23	0	21.082563
51	23	1	55.346821
52	23	0	75.769348
53	23	1	89.158516
54	23	514	74.802094
55	23	454	56.555084
56	23	643	49.799603
57	23	466	55.816479
58	23	515	55.605362
59	23	465	58.760632
60	23	466	54.997528
61	23	349	38.223232
62	23	515	20.975424
63	23	465	19.091211
64	23	466	28.07336
65	23	586	26.545094
66	23	585	12.680532
67	23	515	2.03165
68	23	465	0
69	23	462	-0.181473
70	23	466	-3.458387
71	23	387	-3.785508
72	23	318	-2.726626
73	23	711	0
74	23	118	0
75	23	678	6.099516
76	23	712	7.487257
77	23	713	5.237498
78	23	440	11.088625
79	23	440	16.94809
80	23	649	22.321211
81	23	713	37.525841
82	23	440	12.215499
83	23	440	13.738506
84	23	440	22.316759
85	23	440	6.231115
86	23	441	0.120143
87	23	478	0
88	23	714	-2.999417
89	23	683	12.007373
90	23	715	14.278901
91	23	477	0
92	23	270	0
93	23	270	0
94	23	270	0
95	23	270	0
96	23	270	0
97	23	270	0
98	23	270	136.721573
99	23	406	174.442688
100	23	277	174.442688
101	23	2	136.721573
102	23	40	136.721573
103	23	41	136.721573
104	23	0	136.721573
105	23	0	136.721573
106	23	0	136.721573
107	23	0	136.721573
108	23	1	136.721573
109	23	1	136.721573
110	23	1	136.721573
111	23	0	136.721573
112	23	1	205.901184
113	23	1	205.901184
114	23	363	205.901184
115	23	617	136.721573
116	23	139	59.478596
117	23	716	59.478596
118	23	534	59.478596
119	23	687	59.478596
120	23	717	59.478596
121	23	527	59.478596
122	23	718	0
123	23	446	0
124	23	622	0
125	23	134	0
126	23	719	0
127	23	720	0
128	23	34	0
0	24	20	0
1	24	220	0
2	24	721	0
3	24	563	0
4	24	30	0
5	24	31	0
6	24	0	0
7	24	2	0
8	24	722	0
9	24	506	0.971491
10	24	572	27.180714
11	24	537	50.152828
12	24	723	52.111931
13	24	662	52.171482
14	24	570	55.792728
15	24	572	43.303986
16	24	537	22.701647
17	24	571	6.018605
18	24	571	16.306355
19	24	502	41.752201
20	24	509	50.41785
21	24	510	29.658794
22	24	573	6.069388
23	24	724	0
24	24	725	1.765543
25	24	726	37.714607
26	24	727	73.241089
27	24	728	80.595367
28	24	635	77.842216
29	24	729	64.012917
30	24	1	59.348804
31	24	701	34.305336
32	24	730	14.472756
33	24	731	4.324865
34	24	732	0
35	24	732	0
36	24	733	0
37	24	734	0
38	24	735	0
39	24	736	0
40	24	732	0
41	24	640	0
42	24	139	0
43	24	2	0
44	24	0	0
45	24	709	0
46	24	710	0
47	24	737	0
48	24	738	0
49	24	0	1.442266
50	24	2	32.662899
51	24	1	85.215515
52	24	2	121.852364
53	24	2	131.957932
54	24	514	115.836067
55	24	739	75.80175
56	24	740	44.557331
57	24	420	46.383022
58	24	613	49.505489
59	24	587	52.968224
60	24	585	52.26334
61	24	345	46.852154
62	24	467	36.383289
63	24	466	35.299122
64	24	515	41.306156
65	24	584	39.914825
66	24	585	23.351744
67	24	467	10.316914
68	24	464	0.20877
69	24	741	0
70	24	742	0
71	24	387	0
72	24	743	-11.437749
73	24	744	-5.08328
74	24	745	-0.222684
75	24	746	0
76	24	747	1.215365
77	24	748	6.200829
78	24	748	12.683869
79	24	749	13.038292
80	24	712	21.437239
81	24	750	27.483763
82	24	750	29.528912
83	24	750	13.639305
84	24	750	26.900457
85	24	751	2.90457
86	24	270	8.190763
87	24	752	0
88	24	753	-1.728511
89	24	754	-1.565739
90	24	270	6.623116
91	24	270	17.625574
92	24	270	0
93	24	270	0
94	24	270	0
95	24	270	0
96	24	270	7.643998
97	24	270	7.643998
98	24	270	136.721573
99	24	406	174.442688
100	24	277	174.442688
101	24	1	174.442688
102	24	1	174.442688
103	24	2	174.442688
104	24	1	174.442688
105	24	0	178.956116
106	24	0	178.956116
107	24	2	178.956116
108	24	0	178.956116
109	24	2	136.721573
110	24	0	136.721573
111	24	1	136.721573
112	24	1	205.901184
113	24	363	206.32373
114	24	617	136.721573
115	24	139	136.721573
116	24	755	143.927704
117	24	756	96.318665
118	24	757	77.658623
119	24	527	77.658623
120	24	528	77.658623
121	24	221	77.658623
122	24	221	59.478596
123	24	529	0
124	24	99	0
125	24	132	0
126	24	133	0
127	24	0	0
128	24	5	0
0	25	7	0
1	25	220	0
2	25	529	0
3	25	99	0
4	25	758	0
5	25	31	0
6	25	0	0
7	25	759	0
8	25	510	0
9	25	538	2.152695
10	25	760	26.614809
11	25	761	52.194344
12	25	762	54.270401
13	25	763	43.319283
14	25	602	38.813801
15	25	570	21.301971
16	25	542	1.623602
17	25	542	0
18	25	573	1.44706
19	25	643	13.388507
20	25	570	16.856203
21	25	573	7.530479
22	25	764	0
23	25	727	0
24	25	728	0.074706
25	25	668	33.041687
26	25	728	58.615593
27	25	765	74.613174
28	25	766	84.268303
29	25	2	88.274246
30	25	30	81.064224
31	25	31	48.26078
32	25	179	18.07168
33	25	160	4.434806
34	25	767	0
35	25	768	0
36	25	769	0
37	25	770	0
38	25	771	0
39	25	772	0
40	25	674	0
41	25	708	0
42	25	92	0
43	25	92	0
44	25	773	0
45	25	738	0
46	25	2	0
47	25	2	0
48	25	2	7.419993
49	25	2	32.481083
50	25	0	75.718346
51	25	0	111.483566
52	25	1	138.1763
53	25	2	141.814453
54	25	1	111.885216
55	25	774	60.83205
56	25	465	19.483545
57	25	464	18.595501
58	25	517	21.471668
59	25	516	23.71007
60	25	349	32.989231
61	25	467	41.578522
62	25	466	47.247776
63	25	586	49.524715
64	25	613	48.28046
65	25	587	50.982616
66	25	775	44.519802
67	25	776	26.439547
68	25	777	5.957343
69	25	237	0.648068
70	25	345	-6.907987
71	25	387	0
72	25	778	0
73	25	118	-0.839614
74	25	118	-2.11317
75	25	779	0
76	25	150	0
77	25	150	0
78	25	780	7.250617
79	25	781	17.902521
80	25	782	22.171158
81	25	782	13.666931
82	25	782	6.523037
83	25	782	0.646167
84	25	556	20.731672
85	25	442	10.855184
86	25	783	16.689409
87	25	784	0
88	25	785	0
89	25	270	-9.857071
90	25	270	0.456673
91	25	270	5.493636
92	25	270	-0.397654
93	25	270	6.875184
94	25	270	2.977912
95	25	270	0
96	25	270	7.643998
97	25	270	7.643998
98	25	270	136.721573
99	25	445	174.442688
100	25	1	174.442688
101	25	2	174.442688
102	25	1	174.442688
103	25	2	174.442688
104	25	2	174.442688
105	25	2	178.956116
106	25	2	178.956116
107	25	0	178.956116
108	25	2	178.956116
109	25	2	136.721573
110	25	1	136.721573
111	25	1	136.721573
112	25	126	136.721573
113	25	786	207.54451
114	25	708	136.721573
115	25	787	136.721573
116	25	788	144.600662
117	25	789	98.628563
118	25	221	77.658623
119	25	529	77.658623
120	25	0	77.658623
121	25	2	77.658623
122	25	1	59.478596
123	25	2	0
124	25	2	0
125	25	0	0
126	25	1	0
127	25	35	0
128	25	142	0
0	26	6	0
1	26	7	0
2	26	2	0
3	26	99	0
4	26	133	0
5	26	2	0
6	26	460	0
7	26	570	0
8	26	506	0
9	26	538	2.177773
10	26	502	27.288826
11	26	790	56.888733
12	26	791	60.856354
13	26	571	37.391193
14	26	456	28.718134
15	26	542	29.002731
16	26	543	20.536604
17	26	538	5.392156
18	26	571	0
19	26	760	0
20	26	792	0
21	26	793	0
22	26	728	0.779894
23	26	794	1.333628
24	26	795	0.383651
25	26	796	11.306777
26	26	668	35.341198
27	26	766	45.603046
28	26	797	48.361389
29	26	798	60.222046
30	26	799	56.996506
31	26	1	29.24427
32	26	2	11.339944
33	26	254	0.396529
34	26	800	0
35	26	801	0
36	26	802	0
37	26	803	0
38	26	99	0
39	26	731	0
40	26	732	0
41	26	640	0
42	26	804	0
43	26	139	0
44	26	0	0
45	26	1	0
46	26	709	0
47	26	710	4.627238
48	26	1	61.758251
49	26	2	125.962242
50	26	2	137.878601
51	26	2	145.951935
52	26	1	143.647659
53	26	0	109.322037
54	26	805	67.733208
55	26	515	23.738272
56	26	516	4.057769
57	26	344	1.818
58	26	345	1.818
59	26	586	1.818
60	26	613	7.834153
61	26	587	26.018179
62	26	613	40.696293
63	26	463	47.669922
64	26	806	47.238846
65	26	807	52.493988
66	26	805	55.459732
67	26	344	45.56712
68	26	345	20.896376
69	26	344	7.451676
70	26	345	3.627771
71	26	808	1.126258
72	26	809	0
73	26	810	-5.262949
74	26	744	-1.276974
75	26	118	-0.058111
76	26	118	0
77	26	118	0
78	26	811	2.335003
79	26	812	9.542692
80	26	812	16.748041
81	26	812	24.844133
82	26	812	3.57571
83	26	813	0
84	26	293	-0.052635
85	26	294	13.57826
86	26	294	14.654173
87	26	477	0
88	26	270	0
89	26	270	0
90	26	442	0
91	26	443	0
92	26	444	-7.936601
93	26	270	13.85526
94	26	270	5.778083
95	26	442	0
96	26	443	0
97	26	814	0
98	26	488	0
99	26	2	0
100	26	2	0
101	26	2	136.721573
102	26	0	136.721573
103	26	0	136.721573
104	26	1	136.721573
105	26	2	136.721573
106	26	1	136.721573
107	26	0	136.721573
108	26	0	136.721573
109	26	2	136.721573
110	26	1	136.721573
111	26	2	136.721573
112	26	99	136.721573
113	26	132	136.721573
114	26	132	136.721573
115	26	132	136.721573
116	26	133	144.30072
117	26	0	77.658623
118	26	0	77.658623
119	26	0	77.658623
120	26	0	77.658623
121	26	1	77.658623
122	26	2	59.478596
123	26	5	0
124	26	6	0
125	26	7	0
126	26	34	0
127	26	19	0
128	26	19	0
0	27	20	0
1	27	0	0
2	27	0	0
3	27	0	0
4	27	1	0
5	27	460	0
6	27	509	0
7	27	510	0
8	27	542	0
9	27	573	0.010792
10	27	627	22.799417
11	27	815	59.899837
12	27	506	75.870934
13	27	543	80.163536
14	27	506	72.252434
15	27	543	60.610767
16	27	543	43.935246
17	27	543	25.97522
18	27	573	2.048542
19	27	816	0
20	27	817	0
21	27	818	5.478714
22	27	819	16.198614
23	27	820	17.332628
24	27	821	7.181893
25	27	728	0.75515
26	27	766	6.541126
27	27	822	8.600653
28	27	633	13.142549
29	27	634	21.390013
30	27	823	15.616461
31	27	824	8.601218
32	27	64	1.290159
33	27	701	0
34	27	825	0
35	27	826	0
36	27	158	0
37	27	64	0
38	27	179	0
39	27	160	0
40	27	827	0
41	27	804	0
42	27	139	0
43	27	0	0
44	27	1	0
45	27	737	0
46	27	738	0
47	27	1	28.03615
48	27	823	106.073586
49	27	824	139.592911
50	27	824	146.689056
51	27	824	164.914215
52	27	64	153.470016
53	27	828	114.578568
54	27	829	41.307232
55	27	585	10.580218
56	27	586	1.634314
57	27	830	1.818
58	27	831	1.818
59	27	739	1.818
60	27	739	1.818
61	27	739	10.298006
62	27	739	24.557154
63	27	807	37.555672
64	27	0	43.703732
65	27	832	49.462891
66	27	833	60.046135
67	27	833	64.307434
68	27	833	44.594154
69	27	834	20.554586
70	27	386	7.033021
71	27	344	2.212251
72	27	387	-0.75476
73	27	835	-9.441771
74	27	809	-6.159941
75	27	809	-3.851446
76	27	810	-3.376996
77	27	744	-0.381711
78	27	118	0.66023
79	27	118	5.816426
80	27	118	5.401539
81	27	118	13.964216
82	27	811	2.332709
83	27	812	5.618626
84	27	812	4.576599
85	27	813	-0.235391
86	27	270	2.518052
87	27	270	0
88	27	270	0
89	27	836	0
90	27	407	0
91	27	485	0
92	27	483	-2.382112
93	27	483	5.176307
94	27	484	16.219879
95	27	407	0
96	27	298	0
97	27	0	0
98	27	0	0
99	27	1	0
100	27	2	0
101	27	0	0
102	27	2	0
103	27	1	0
104	27	1	0
105	27	2	136.721573
106	27	1	136.721573
107	27	2	136.721573
108	27	1	136.721573
109	27	0	136.721573
110	27	0	136.721573
111	27	1	130.572128
112	27	2	136.721573
113	27	1	136.721573
114	27	0	136.721573
115	27	0	136.721573
116	27	190	0
117	27	622	0
118	27	0	0
119	27	0	0
120	27	1	0
121	27	2	0
122	27	34	0
123	27	54	0
124	27	39	0
125	27	2	2.960599
126	27	0	2.304461
127	27	2	0
128	27	1	0
0	28	0	0
1	28	2	0
2	28	5	0
3	28	7	0
4	28	514	0
5	28	739	0
6	28	837	0
7	28	510	0
8	28	838	0
9	28	663	0
10	28	839	10.655097
11	28	510	45.390686
12	28	506	65.189285
13	28	543	74.086662
14	28	543	73.16127
15	28	506	68.58638
16	28	542	55.037601
17	28	840	30.318565
18	28	841	2.927929
19	28	842	0
20	28	843	1.460858
21	28	844	16.375044
22	28	821	35.166927
23	28	765	37.666344
24	28	607	21.587189
25	28	845	6.02419
26	28	846	0.351431
27	28	847	5.035653
28	28	848	12.646028
29	28	849	14.351594
30	28	850	8.463754
31	28	161	1.767282
32	28	2	2.587886
33	28	701	6.046223
34	28	825	3.463292
35	28	826	0
36	28	851	0
37	28	2	0
38	28	0	0
39	28	134	0
40	28	852	0
41	28	139	0
42	28	0	0
43	28	2	0
44	28	0	0
45	28	709	0
46	28	853	0
47	28	854	42.697559
48	28	855	114.037781
49	28	123	140.956268
50	28	856	162.139633
51	28	851	162.168182
52	28	0	147.858353
53	28	514	111.458931
54	28	740	27.548836
55	28	613	3.752979
56	28	857	0
57	28	1	0
58	28	1	1.818
59	28	2	1.818
60	28	0	1.818
61	28	0	0.907268
62	28	2	9.957265
63	28	0	23.609747
64	28	822	34.772175
65	28	858	41.9081
66	28	859	62.246067
67	28	860	68.561104
68	28	861	67.876045
69	28	862	42.164146
70	28	344	14.382998
71	28	389	1.982804
72	28	349	0
73	28	863	0
74	28	864	-3.837392
75	28	865	-3.649231
76	28	866	-5.052514
77	28	327	-3.015783
78	28	327	0
79	28	867	4.518569
80	28	744	11.260462
81	28	118	13.627158
82	28	118	9.145986
83	28	118	11.429231
84	28	811	3.259949
85	28	812	0
86	28	813	0
87	28	270	0
88	28	445	0
89	28	0	0
90	28	0	0
91	28	2	0
92	28	2	0
93	28	1	-5.315423
94	28	1	10.96364
95	28	2	0
96	28	0	7.621678
97	28	2	0.636265
98	28	0	0
99	28	0	0
100	28	1	0
101	28	2	0
102	28	0	0
103	28	2	0
104	28	2	0
105	28	1	0
106	28	2	0
107	28	1	11.297998
108	28	1	0
109	28	1	136.721573
110	28	1	136.721573
111	28	5	136.721573
112	28	6	136.721573
113	28	6	136.721573
114	28	7	136.721573
115	28	220	136.721573
116	28	529	0
117	28	2	0
118	28	1	0
119	28	0	0
120	28	1	0
121	28	0	0
122	28	34	0
123	28	20	0
124	28	0	0
125	28	0	7.674093
126	28	1	7.907939
127	28	2	0
128	28	0	0
0	29	5	0
1	29	18	0
2	29	20	0
3	29	1	0
4	29	2	0
5	29	514	0
6	29	868	0
7	29	869	0
8	29	693	0
9	29	870	0.195533
10	29	509	2.192079
11	29	629	19.554537
12	29	510	39.763851
13	29	543	47.150005
14	29	542	47.482006
15	29	871	50.76757
16	29	872	36.43832
17	29	873	12.072642
18	29	874	0
19	29	875	0.084218
20	29	876	3.021972
21	29	668	18.984768
22	29	765	36.864471
23	29	766	38.777592
24	29	185	26.410492
25	29	98	10.190084
26	29	877	2.539279
27	29	878	7.404237
28	29	879	18.649315
29	29	880	21.262358
30	29	881	12.236626
31	29	1	4.783475
32	29	823	11.463223
33	29	882	17.993097
34	29	883	13.230224
35	29	884	3.215005
36	29	165	0.501139
37	29	30	0
38	29	109	0.065362
39	29	132	0.634673
40	29	133	0.147166
41	29	0	0
42	29	1	0
43	29	2	0
44	29	737	0
45	29	885	0
46	29	886	0
47	29	851	17.965616
48	29	179	95.34288
49	29	160	132.883331
50	29	161	146.568298
51	29	0	125.867218
52	29	5	106.153206
53	29	887	60.257847
54	29	739	7.746433
55	29	807	0
56	29	2	0
57	29	0	0
58	29	2	0
59	29	2	1.818
60	29	2	1.818
61	29	2	1.818
62	29	2	0.181001
63	29	822	6.62034
64	29	888	15.542686
65	29	889	22.203499
66	29	344	44.473915
67	29	890	66.680374
68	29	891	66.551559
69	29	833	50.300335
70	29	892	24.004503
71	29	864	8.494295
72	29	893	0.645066
73	29	0	0
74	29	1	-11.916424
75	29	0	-7.076955
76	29	1	-2.169145
77	29	0	0
78	29	254	0
79	29	866	2.775471
80	29	327	13.318942
81	29	327	27.983971
82	29	867	33.749302
83	29	360	22.624435
84	29	360	8.567798
85	29	894	3.641305
86	29	443	0
87	29	895	0
88	29	0	0
89	29	1	0
90	29	2	0
91	29	2	0
92	29	1	0
93	29	2	6.818844
94	29	2	9.830581
95	29	1	10.426658
96	29	1	9.131044
97	29	1	2.577173
98	29	2	9.807083
99	29	1	5.675359
100	29	2	7.486631
101	29	0	10.329472
102	29	1	5.141642
103	29	1	-5.206427
104	29	0	0
105	29	1	0
106	29	2	0
107	29	1	0
108	29	2	0
109	29	0	0
110	29	34	0
111	29	19	0
112	29	19	0
113	29	20	136.721573
114	29	1	136.721573
115	29	0	136.721573
116	29	2	0
117	29	0	0
118	29	0	0
119	29	0	0
120	29	0	0
121	29	2	0
122	29	2	0
123	29	2	0
124	29	0	0
125	29	0	7.028615
126	29	5	11.902229
127	29	7	0
128	29	34	0
0	30	108	0
1	30	6	0
2	30	6	0
3	30	7	0
4	30	231	0
5	30	232	0
6	30	1	0
7	30	0	0
8	30	896	0
9	30	897	2.364794
10	30	898	6.129733
11	30	868	7.648407
12	30	899	8.936811
13	30	900	8.440144
14	30	901	5.032642
15	30	902	0.478816
16	30	903	0
17	30	904	0
18	30	905	0
19	30	906	0.274949
20	30	818	4.526311
21	30	818	15.740046
22	30	609	23.456045
23	30	823	24.140999
24	30	824	16.3524
25	30	907	9.767906
26	30	908	4.724639
27	30	909	11.148705
28	30	910	23.050766
29	30	911	21.15329
30	30	823	14.162707
31	30	912	28.463873
32	30	158	49.822357
33	30	64	48.213665
34	30	254	21.443979
35	30	298	8.643132
36	30	99	7.184121
37	30	133	11.506696
38	30	1	12.754436
39	30	797	10.167221
40	30	881	4.271832
41	30	2	0.322624
42	30	2	0
43	30	823	0
44	30	912	0
45	30	855	0
46	30	161	17.173321
47	30	2	34.720463
48	30	1	20.720051
49	30	2	44.253971
50	30	1	68.771561
51	30	35	47.377899
52	30	142	38.03672
53	30	7	7.122993
54	30	1	0
55	30	1	0
56	30	0	0
57	30	1	0
58	30	1	0
59	30	2	0
60	30	0	1.818
61	30	1	1.818
62	30	822	1.818
63	30	859	0
64	30	913	0.082667
65	30	834	4.885964
66	30	914	17.894615
67	30	915	39.223568
68	30	916	54.573795
69	30	917	47.236435
70	30	2	32.4986
71	30	2	15.939585
72	30	0	6.171466
73	30	0	0.716711
74	30	2	0
75	30	2	-0.744176
76	30	1	-0.113004
77	30	1	0
78	30	2	0
79	30	1	0.508486
80	30	2	13.194114
81	30	254	39.252876
82	30	407	61.46907
83	30	407	53.673809
84	30	407	27.473175
85	30	407	9.394209
86	30	298	0.362032
87	30	0	0
88	30	0	0
89	30	1	0
90	30	2	0
91	30	8	0
92	30	9	0
93	30	2	14.364658
94	30	0	24.17091
95	30	0	13.287671
96	30	1	5.166372
97	30	0	23.96422
98	30	2	12.305945
99	30	0	1.908506
100	30	0	1.731333
101	30	0	0.034369
102	30	0	-5.687996
103	30	2	-5.687996
104	30	0	-5.687996
105	30	30	-5.687996
106	30	92	-5.687996
107	30	92	0
108	30	92	-3.335974
109	30	92	0
110	30	31	0
111	30	1	0
112	30	2	0
113	30	2	0
114	30	2	0
115	30	1	0
116	30	1	0
117	30	1	0
118	30	2	0
119	30	2	0
120	30	1	0
121	30	0	0
122	30	2	1.833879
123	30	2	6.492723
124	30	1	0
125	30	35	8.952271
126	30	142	13.537444
127	30	6	0
128	30	18	0
0	31	19	0
1	31	19	0
2	31	20	0
3	31	375	0
4	31	340	0
5	31	231	0
6	31	232	0
7	31	34	0
8	31	19	0.422567
9	31	108	7.505353
10	31	918	14.920391
11	31	919	17.457396
12	31	920	13.856386
13	31	921	6.558468
14	31	922	0
15	31	881	0
16	31	268	0
17	31	112	0.347489
18	31	2	0.422449
19	31	0	0
20	31	2	4.493409
21	31	0	12.842373
22	31	157	16.539959
23	31	923	12.508375
24	31	924	7.43181
25	31	925	5.795438
26	31	926	8.076469
27	31	927	24.591745
28	31	928	42.913578
29	31	929	46.269917
30	31	850	46.675926
31	31	160	67.101952
32	31	930	68.857224
33	31	824	65.020485
34	31	824	26.620213
35	31	824	27.070845
36	31	64	33.815418
37	31	1	27.589775
38	31	931	34.914593
39	31	932	33.697884
40	31	0	20.288088
41	31	1	22.144747
42	31	157	23.426132
43	31	855	31.539358
44	31	161	29.330652
45	31	1	30.61307
46	31	2	31.091476
47	31	1	21.472786
48	31	823	22.080011
49	31	64	0
50	31	34	0
51	31	19	0
52	31	108	0.032109
53	31	7	0
54	31	1	0
55	31	1	0
56	31	1	0
57	31	1	0
58	31	1	0
59	31	0	0
60	31	0	0
61	31	822	1.818
62	31	889	1.818
63	31	914	1.818
64	31	933	0
65	31	389	0
66	31	934	0.453655
67	31	0	8.089522
68	31	1	18.110502
69	31	2	29.859798
70	31	201	30.490421
71	31	236	21.812208
72	31	236	13.551035
73	31	240	6.160418
74	31	0	0.385696
75	31	0	-0.327054
76	31	2	-3.052859
77	31	0	0
78	31	0	0
79	31	2	0
80	31	1	5.802613
81	31	1	33.566864
82	31	0	65.761978
83	31	2	69.949287
84	31	1	42.780815
85	31	2	17.574785
86	31	0	9.054766
87	31	0	3.028676
88	31	2	0
89	31	0	0
90	31	40	0
91	31	41	0
92	31	2	0
93	31	2	7.087712
94	31	2	22.205425
95	31	2	14.265212
96	31	0	19.709232
97	31	0	21.610411
98	31	1	8.349092
99	31	1	1.27255
100	31	2	0
101	31	0	0
102	31	1	0
103	31	2	0
104	31	99	0
105	31	132	0
106	31	132	0
107	31	132	0
108	31	132	0
109	31	133	0
110	31	1	0
111	31	2	0
112	31	2	0
113	31	5	-0.580805
114	31	6	5.546489
115	31	7	5.946195
116	31	218	0
117	31	53	0
118	31	2	0
119	31	1	0
120	31	1	0
121	31	1	0
122	31	1	0.997336
123	31	13	20.151566
124	31	935	0
125	31	19	3.283364
126	31	936	9.468829
127	31	937	0
128	31	919	0
0	32	919	0
1	32	919	0
2	32	938	0
3	32	939	0
4	32	940	0
5	32	941	0
6	32	873	0
7	32	942	1.791639
8	32	943	5.459208
9	32	944	12.982768
10	32	945	18.967924
11	32	921	23.856825
12	32	946	21.95466
13	32	947	13.006434
14	32	917	3.194344
15	32	218	1.756954
16	32	53	5.250591
17	32	218	14.742795
18	32	53	16.927719
19	32	218	8.465459
20	32	53	1.555244
21	32	157	10.385235
22	32	948	15.093369
23	32	949	9.773614
24	32	950	3.173273
25	32	951	1.545968
26	32	952	9.130615
27	32	953	34.124836
28	32	954	61.28104
29	32	17	70.390808
30	32	218	67.06472
31	32	955	77.208237
32	32	956	75.201248
33	32	957	48.187862
34	32	958	28.168982
35	32	959	33.520943
36	32	6	37.67754
37	32	18	33.702202
38	32	20	42.123913
39	32	2	47.234516
40	32	0	38.471451
41	32	157	43.241886
42	32	851	42.777454
43	32	0	46.076477
44	32	1	37.839851
45	32	1	32.385761
46	32	0	37.279282
47	32	157	22.676744
48	32	851	0
49	32	2	0
50	32	0	0
51	32	34	0
52	32	108	0
53	32	7	0
54	32	1	0
55	32	1	0
56	32	1	0
57	32	2	0
58	32	0	0
59	32	1	0
60	32	822	0
61	32	960	0
62	32	834	1.818
63	32	961	1.818
64	32	833	0
65	32	962	0
66	32	2	0
67	32	2	1.305385
68	32	201	10.497022
69	32	237	18.027136
70	32	349	22.55361
71	32	344	22.021036
72	32	777	20.89337
73	32	240	17.245934
74	32	0	9.550717
75	32	1	1.816168
76	32	2	0
77	32	2	-0.986135
78	32	1	-5.141674
79	32	0	-4.096717
80	32	1	0.724296
81	32	2	16.768721
82	32	0	45.728745
83	32	1	62.710037
84	32	2	49.515163
85	32	1	33.293098
86	32	1	24.05542
87	32	2	15.341043
88	32	1	1.147936
89	32	0	0
90	32	2	0
91	32	2	0
92	32	2	0
93	32	0	5.294366
94	32	0	18.699266
95	32	1	1.249661
96	32	1	19.549799
97	32	2	10.652216
98	32	0	0
99	32	0	0
100	32	1	0
101	32	0	0
102	32	0	-0.463943
103	32	10	4.432068
104	32	65	-2.963106
105	32	66	-4.843274
106	32	1	-2.677132
107	32	0	0
108	32	0	0
109	32	1	0
110	32	0	0.599744
111	32	1	8.485565
112	32	35	0
113	32	61	-6.731277
114	32	20	2.323298
115	32	185	15.187654
116	32	98	0
117	32	0	0
118	32	2	0
119	32	0	1.493684
120	32	2	0.778517
121	32	2	10.448965
122	32	26	0
123	32	27	17.362766
124	32	963	5.489727
125	32	920	0.926214
126	32	902	7.312905
127	32	964	0
128	32	964	0
0	33	964	0
1	33	964	0
2	33	965	0
3	33	966	0
4	33	902	0
5	33	967	0
6	33	968	0.078168
7	33	969	-1.275854
8	33	970	-2.022136
9	33	964	0.552708
10	33	903	8.150633
11	33	971	18.829144
12	33	972	21.559002
13	33	218	13.91291
14	33	331	9.470407
15	33	448	18.478903
16	33	299	38.861908
17	33	98	51.454796
18	33	185	40.889229
19	33	98	28.977636
20	33	973	12.110027
21	33	974	12.765317
22	33	975	15.644899
23	33	976	7.969185
24	33	977	1.576318
25	33	978	0
26	33	911	4.362618
27	33	14	20.966461
28	33	15	42.820953
29	33	185	49.686371
30	33	979	42.131596
31	33	980	35.897984
32	33	981	32.329617
33	33	982	15.039025
34	33	19	5.929107
35	33	983	1.590152
36	33	984	5.297687
37	33	1	23.597233
38	33	5	42.311611
39	33	985	49.792549
40	33	986	43.003052
41	33	161	38.644138
42	33	1	19.517954
43	33	1	18.626131
44	33	0	33.021896
45	33	823	31.422802
46	33	159	20.564255
47	33	161	16.017849
48	33	2	0
49	33	0	0
50	33	30	0
51	33	67	0
52	33	39	0
53	33	0	0
54	33	1	0
55	33	1	0
56	33	1	0
57	33	1	0
58	33	1	0
59	33	987	0
60	33	916	0
61	33	988	0
62	33	914	0
63	33	860	1.818
64	33	989	1.818
65	33	0	0
66	33	0	0
67	33	828	0
68	33	864	3.671268
69	33	742	10.648145
70	33	389	16.024717
71	33	386	18.589403
72	33	777	22.644823
73	33	236	28.390888
74	33	240	23.373013
75	33	2	10.696809
76	33	1	0.72913
77	33	1	0
78	33	1	0
79	33	1	0
80	33	0	0
81	33	2	4.591128
82	33	2	26.883968
83	33	2	46.960045
84	33	2	53.891884
85	33	0	47.145351
86	33	0	42.033886
87	33	0	25.758173
88	33	2	8.034684
89	33	2	0
90	33	0	0
91	33	2	0
92	33	0	0
93	33	1	0.142187
94	33	1	21.707476
95	33	2	18.455847
96	33	2	25.101543
97	33	1	0
98	33	0	0
99	33	0	0
100	33	0	0
101	33	2	0
102	33	363	-7.598678
103	33	90	19.310646
104	33	217	-0.183372
105	33	1	-1.919385
106	33	1	-0.874494
107	33	1	0
108	33	0	0
109	33	2	0
110	33	2	1.894435
111	33	34	27.676384
112	33	20	-0.390135
113	33	190	-0.163253
114	33	446	-0.158951
115	33	622	19.639381
116	33	13	0
117	33	990	-11.694794
118	33	12	0.870643
119	33	0	12.985712
120	33	13	0.701484
121	33	991	13.822197
122	33	27	0
123	33	992	3.663801
124	33	964	11.564148
125	33	965	0.94046
126	33	1	9.455199
127	33	2	0
128	33	1	0
0	34	2	0
1	34	963	0
2	34	920	0
3	34	993	0
4	34	18	0
5	34	19	-0.370185
6	34	19	-2.625308
7	34	20	-10.229614
8	34	0	-17.922432
9	34	1	-14.789063
10	34	185	-6.346895
11	34	98	8.659322
12	34	185	14.761505
13	34	186	10.184657
14	34	186	12.665457
15	34	98	35.184563
16	34	0	59.55151
17	34	797	57.570366
18	34	881	51.451447
19	34	822	40.99221
20	34	994	26.105474
21	34	995	19.956779
22	34	996	16.181427
23	34	172	7.445891
24	34	47	0
25	34	15	0
26	34	0	0.292999
27	34	1	4.223877
28	34	3	10.16197
29	34	997	13.259617
30	34	998	12.023323
31	34	999	8.966713
32	34	1000	4.038049
33	34	823	-0.269435
34	34	912	0
35	34	851	0
36	34	2	-3.026357
37	34	34	0.215876
38	34	1001	19.961834
39	34	917	12.583087
40	34	823	18.488873
41	34	64	14.678517
42	34	0	12.880991
43	34	0	11.429807
44	34	157	0
45	34	158	0.994461
46	34	64	0
47	34	1	0
48	34	2	0
49	34	134	0
50	34	719	0
51	34	720	0
52	34	1	0
53	34	2	0
54	34	2	0
55	34	0	0
56	34	2	0
57	34	1	0
58	34	1	0
59	34	2	0
60	34	828	0
61	34	864	0
62	34	864	0
63	34	893	0
64	34	1	1.818
65	34	1	0
66	34	0	0
67	34	2	0
68	34	805	0.140177
69	34	386	6.309317
70	34	389	12.184237
71	34	863	13.936517
72	34	864	18.825771
73	34	1002	26.03998
74	34	240	28.815817
75	34	1	18.976921
76	34	0	8.52751
77	34	0	1.784417
78	34	0	0.392855
79	34	2	0
80	34	1	0
81	34	2	2.387171
82	34	2	12.134956
83	34	0	36.235538
84	34	0	49.152706
85	34	2	53.884098
86	34	1	44.479294
87	34	1	25.292709
88	34	1	9.96689
89	34	0	1.219044
90	34	2	0
91	34	0	0
92	34	2	0
93	34	1	0
94	34	2	-2.979678
95	34	0	4.696412
96	34	0	12.968611
97	34	2	-1.533976
98	34	2	-1.173305
99	34	2	-0.010708
100	34	2	-0.15335
101	34	126	-1.21655
102	34	217	-7.409893
103	34	2	13.52634
104	34	0	24.670414
105	34	2	1.409131
106	34	2	0
107	34	0	0
108	34	1	-2.516885
109	34	0	-0.203051
110	34	2	0
111	34	0	21.567379
112	34	220	3.365817
113	34	721	0
114	34	563	-10.060302
115	34	26	11.10876
116	34	1003	1.791903
117	34	1004	-4.514213
118	34	12	10.259062
119	34	46	11.889691
120	34	1005	10.121734
121	34	45	11.172389
122	34	1	16.572296
123	34	0	0
124	34	0	10.52961
125	34	0	7.237369
126	34	1	10.755289
127	34	2	0
128	34	2	0
0	35	992	0
1	35	964	0
2	35	1006	0
3	35	20	0
4	35	2	0
5	35	1	-0.975343
6	35	2	-5.303716
7	35	1	-16.329281
8	35	2	-22.597242
9	35	2	-19.612928
10	35	0	-7.019777
11	35	1	5.83195
12	35	2	9.489032
13	35	0	4.043718
14	35	1	7.125099
15	35	0	27.232149
16	35	822	42.598885
17	35	1007	43.869156
18	35	1008	36.966415
19	35	1009	29.513817
20	35	15	30.382977
21	35	14	24.831152
22	35	15	13.095302
23	35	823	4.679088
24	35	64	0
25	35	0	0
26	35	3	0
27	35	29	0
28	35	1010	0
29	35	1011	0
30	35	1012	1.218385
31	35	1013	1.031239
32	35	1014	-8.882911
33	35	850	-9.214263
34	35	161	-4.25592
35	35	1	-5.092534
36	35	0	-12.919012
37	35	2	-0.806269
38	35	0	8.449274
39	35	157	14.119527
40	35	158	16.637751
41	35	64	19.442444
42	35	0	14.124869
43	35	179	4.979371
44	35	123	0.20419
45	35	851	0
46	35	1	0
47	35	0	0
48	35	134	0
49	35	804	0
50	35	139	0
51	35	0	0
52	35	0	0
53	35	1	0
54	35	1	0
55	35	2	-3.203993
56	35	2	-3.203993
57	35	1	-3.203993
58	35	1	-3.203993
59	35	1	0
60	35	1	0
61	35	2	0
62	35	2	0
63	35	0	0
64	35	2	0
65	35	2	0
66	35	2	0
67	35	828	0
68	35	864	0
69	35	864	3.03153
70	35	893	9.281316
71	35	0	13.418935
72	35	805	12.737808
73	35	777	15.726083
74	35	240	19.300798
75	35	1	23.796131
76	35	1	23.12315
77	35	0	18.50643
78	35	0	10.982273
79	35	0	7.514783
80	35	0	3.437205
81	35	0	0.310229
82	35	2	6.674848
83	35	2	22.084503
84	35	1	41.226807
85	35	0	45.391148
86	35	1	36.380966
87	35	2	22.505987
88	35	2	6.987051
89	35	1	1.745863
90	35	1	0.620798
91	35	0	0
92	35	0	0
93	35	2	0
94	35	1	0
95	35	2	-6.857602
96	35	1	5.294192
97	35	2	-6.329743
98	35	30	-3.806544
99	35	92	-1.925597
100	35	31	-1.459356
101	35	2	-4.307719
102	35	0	-11.870009
103	35	2	7.557217
104	35	0	15.424273
105	35	1	22.576767
106	35	0	10.912414
107	35	1	4.914226
108	35	2	-1.311078
109	35	1	25.587652
110	35	2	38.940376
111	35	190	49.049084
112	35	1015	4.697231
113	35	529	-3.958277
114	35	26	-1.433861
115	35	1016	4.048738
116	35	1003	5.09684
117	35	27	-7.673089
118	35	1	13.149183
119	35	2	1.70355
120	35	0	16.165323
121	35	0	0
122	35	1	4.438894
123	35	1	1.343524
124	35	0	4.153673
125	35	1	16.934904
126	35	0	10.703411
127	35	0	0
128	35	2	0
0	36	0	0
1	36	1	0
2	36	2	0
3	36	0	0
4	36	2	0
5	36	2	-0.343524
6	36	2	-3.733396
7	36	1	-8.056558
8	36	1	-16.402527
9	36	218	-18.307587
10	36	53	-8.622527
11	36	1	2.144296
12	36	1	6.064137
13	36	797	-3.574816
14	36	881	-6.972302
15	36	987	4.098358
16	36	916	15.127372
17	36	917	9.863475
18	36	3	5.972823
19	36	28	17.826496
20	36	4	28.41099
21	36	3	25.136669
22	36	1017	11.426634
23	36	1018	0.204881
24	36	4	0
25	36	16	0
26	36	17	0
27	36	14	0
28	36	1019	0
29	36	123	0
30	36	855	0
31	36	1020	0
32	36	1021	-3.109942
33	36	7	-1.693353
34	36	0	-8.298444
35	36	0	-5.788216
36	36	1	-0.495073
37	36	2	11.364854
38	36	179	28.249647
39	36	123	33.447483
40	36	851	24.331532
41	36	797	16.253902
42	36	881	14.255239
43	36	157	5.680433
44	36	158	0.809303
45	36	64	0
46	36	5	0
47	36	147	0
48	36	652	0
49	36	1022	0
50	36	7	0
51	36	2	0
52	36	2	0
53	36	1	0
54	36	1	0
55	36	1	-3.203993
56	36	2	-3.203993
57	36	1	-3.203993
58	36	0	-3.092539
59	36	0	-3.203993
60	36	1	0
61	36	1	0
62	36	1	0
63	36	1	0
64	36	2	0
65	36	0	0
66	36	2	0
67	36	2	0
68	36	1	0
69	36	0	0.234811
70	36	0	5.344724
71	36	805	10.715894
72	36	349	11.376772
73	36	934	7.019145
74	36	1	8.893056
75	36	2	21.198307
76	36	2	34.295883
77	36	1	40.266182
78	36	1	34.468601
79	36	2	20.867693
80	36	0	11.584322
81	36	1	5.39095
82	36	2	3.020623
83	36	0	11.100915
84	36	2	28.747734
85	36	0	38.554897
86	36	0	36.71566
87	36	2	23.105877
88	36	1	15.847608
89	36	2	14.203197
90	36	0	11.76625
91	36	2	6.797249
92	36	1	1.577883
93	36	0	0
94	36	0	0
95	36	2	0
96	36	1	0
97	36	134	0
98	36	366	0
99	36	133	0
100	36	5	-0.275777
101	36	6	-6.392929
102	36	7	-1.597417
103	36	1	-0.658365
104	36	1	0
105	36	0	10.132055
106	36	2	0.65499
107	36	2	22.945406
108	36	0	15.322423
109	36	2	49.332535
110	36	220	66.962029
111	36	529	38.977692
112	36	0	8.068494
113	36	46	1.808609
114	36	1023	-3.731579
115	36	1003	1.489395
116	36	1004	5.891324
117	36	990	-6.037857
118	36	12	16.61474
119	36	2	0.120587
120	36	1	19.213717
121	36	963	0.286785
122	36	1024	8.109932
123	36	2	4.67315
124	36	2	0
125	36	0	17.471884
126	36	1	3.495934
127	36	2	0
128	36	0	0
0	37	0	0
1	37	0	0
2	37	1	0
3	37	2	0
4	37	2	0
5	37	2	0.258629
6	37	1	5.119226
7	37	2	-0.583487
8	37	185	-17.307089
9	37	1025	-28.81991
10	37	53	-24.359026
11	37	0	-10.451922
12	37	822	-3.991269
13	37	634	-11.901099
14	37	1	-16.001226
15	37	963	-6.379252
16	37	919	0.865934
17	37	1026	1.647737
18	37	1027	0.126031
19	37	56	10.947737
20	37	57	24.676178
21	37	1028	25.739325
22	37	1029	10.80013
23	37	17	0.00219
24	37	14	0
25	37	15	0
26	37	0	0.028783
27	37	0	2.239275
28	37	179	4.465128
29	37	161	4.398462
30	37	179	3.053551
31	37	1030	2.793909
32	37	984	0.232924
33	37	1	0
34	37	2	0
35	37	1	0
36	37	3	0.840946
37	37	28	15.914145
38	37	1031	37.894165
39	37	1032	39.030247
40	37	1033	20.086773
41	37	1007	6.565765
42	37	1034	5.442659
43	37	974	2.925704
44	37	851	0.204509
45	37	35	0
46	37	142	0
47	37	18	0
48	37	1035	0
49	37	1036	0
50	37	447	0
51	37	1037	0
52	37	7	0
53	37	1	0
54	37	1	3.42701
55	37	0	7.838109
56	37	2	4.534745
57	37	1	1.126602
58	37	2	2.486768
59	37	1	0.522206
60	37	1	0.038906
61	37	1	0
62	37	1	0
63	37	2	0
64	37	1	0
65	37	2	0
66	37	1	0
67	37	0	0
68	37	1	0
69	37	1	0
70	37	805	1.368189
71	37	344	6.26309
72	37	934	10.534898
73	37	1	9.097272
74	37	1	5.344812
75	37	1	12.51288
76	37	0	30.788982
77	37	0	47.24749
78	37	1	51.291046
79	37	1	39.671986
80	37	2	23.294147
81	37	2	10.980337
82	37	1	4.535048
83	37	0	6.97385
84	37	1	18.149088
85	37	0	35.452515
86	37	2	42.269135
87	37	2	35.047352
88	37	2	31.363779
89	37	0	35.519051
90	37	1	33.652443
91	37	2	21.9175
92	37	0	14.801057
93	37	0	9.177269
94	37	2	3.477182
95	37	2	0
96	37	134	0.050274
97	37	708	0.711447
98	37	1037	0.76442
99	37	38	0.090606
100	37	61	0
101	37	20	-7.327313
102	37	0	-9.046545
103	37	1	-4.547178
104	37	0	-3.881022
105	37	1	5.006083
106	37	0	16.966314
107	37	2	20.530462
108	37	1	48.908409
109	37	0	56.587254
110	37	1	76.339409
111	37	2	52.752777
112	37	1	29.683029
113	37	46	7.020648
114	37	1005	-4.47605
115	37	1023	-7.796627
116	37	1003	2.212199
117	37	27	-2.918679
118	37	2	16.423422
119	37	963	2.03
120	37	1038	17.869345
121	37	965	0.115602
122	37	1	5.288651
123	37	0	7.087217
124	37	1	0
125	37	0	20.554012
126	37	1	0
127	37	2	0
128	37	1	0
0	38	0	0
1	38	2	0
2	38	1	0
3	38	2	0
4	38	2	0
5	38	1	1.646856
6	38	0	11.20676
7	38	0	1.215814
8	38	185	-24.32205
9	38	98	-38.238068
10	38	1	-31.957758
11	38	987	-18.770676
12	38	917	-13.657444
13	38	0	-18.347979
14	38	1039	-15.921657
15	38	1040	-6.463899
16	38	1040	1.829449
17	38	1041	3.200078
18	38	1042	2.38558
19	38	1043	4.721244
20	38	1027	18.803093
21	38	996	23.584473
22	38	17	12.487245
23	38	1	0.59097
24	38	3	0
25	38	4	0
26	38	823	1.41318
27	38	824	6.76474
28	38	64	14.218701
29	38	3	19.422571
30	38	1044	22.251328
31	38	851	18.973854
32	38	2	13.874423
33	38	823	6.683702
34	38	1045	3.719349
35	38	1046	1.525317
36	38	172	0.972373
37	38	1047	7.851557
38	38	1048	21.514423
39	38	1049	21.977823
40	38	858	8.734155
41	38	858	0.026473
42	38	1050	0.577252
43	38	930	0.144355
44	38	1051	4.047324
45	38	54	5.244748
46	38	39	6.199308
47	38	99	0
48	38	184	0
49	38	77	0
50	38	719	0
51	38	720	0
52	38	2	0
53	38	30	11.859753
54	38	31	41.118362
55	38	5	56.844578
56	38	447	36.248787
57	38	31	20.090811
58	38	5	22.057602
59	38	7	17.054136
60	38	0	6.0747
61	38	1	2.748001
62	38	0	0
63	38	0	0
64	38	0	0
65	38	0	0
66	38	0	0
67	38	1	0
68	38	0	0
69	38	805	0
70	38	863	0
71	38	893	2.281938
72	38	0	7.451066
73	38	2	10.325796
74	38	0	6.986078
75	38	1	11.206671
76	38	1	15.807757
77	38	2	34.76852
78	38	1	47.612385
79	38	0	43.977325
80	38	2	32.520897
81	38	1	23.877954
82	38	2	11.900518
83	38	0	6.172562
84	38	0	12.56588
85	38	0	28.750719
86	38	1	47.734833
87	38	1	51.450729
88	38	1	48.679996
89	38	2	46.962807
90	38	0	44.15247
91	38	1	35.728001
92	38	0	30.316788
93	38	0	32.059414
94	38	1052	28.820858
95	38	1053	22.274132
96	38	1054	18.753731
97	38	94	19.470907
98	38	61	17.482422
99	38	300	9.49365
100	38	31	1.429377
101	38	2	-0.858036
102	38	0	-8.383247
103	38	0	-6.917934
104	38	1	-3.851701
105	38	1	-3.394862
106	38	2	28.819635
107	38	0	22.922697
108	38	2	45.325859
109	38	1	71.530159
110	38	1	59.006485
111	38	0	55.191044
112	38	0	45.263409
113	38	1	22.806337
114	38	46	-0.832496
115	38	1005	-11.829306
116	38	45	12.014735
117	38	2	2.512073
118	38	992	14.579426
119	38	965	14.533092
120	38	1	4.988094
121	38	2	16.887487
122	38	2	8.459448
123	38	0	17.915936
124	38	1	1.480065
125	38	0	7.574239
126	38	2	0
127	38	0	0
128	38	0	0
0	39	1	0
1	39	0	0
2	39	1	0
3	39	0	0
4	39	1	0
5	39	231	4.216743
6	39	232	8.653683
7	39	0	-9.038231
8	39	0	-29.869261
9	39	1	-34.272694
10	39	2	-21.221142
11	39	1	-13.742871
12	39	2	-14.694953
13	39	606	-15.549635
14	39	607	-11.295053
15	39	818	-1.812984
16	39	818	3.996148
17	39	1055	8.788892
18	39	944	6.157038
19	39	1056	3.959535
20	39	14	14.425016
21	39	15	24.195911
22	39	823	15.259292
23	39	1057	2.690065
24	39	15	0
25	39	157	0
26	39	1058	1.411325
27	39	1059	7.645977
28	39	1060	17.970308
29	39	1061	27.839277
30	39	161	35.514736
31	39	823	38.460091
32	39	912	31.547981
33	39	924	22.997255
34	39	172	17.739923
35	39	1062	14.471455
36	39	1063	9.392135
37	39	1064	3.463808
38	39	1065	2.775059
39	39	916	1.961832
40	39	1066	0
41	39	634	0
42	39	179	-4.101218
43	39	161	-2.462857
44	39	35	13.295625
45	39	142	21.896517
46	39	7	6.581063
47	39	0	5.395888
48	39	99	0
49	39	652	0
50	39	1022	0
51	39	7	0
52	39	1067	0.860187
53	39	1068	23.654209
54	39	34	65.407471
55	39	77	83.596092
56	39	708	56.995129
57	39	1069	41.416176
58	39	108	48.487507
59	39	7	37.042988
60	39	0	15.516238
61	39	2	2.748001
62	39	0	0
63	39	0	0
64	39	0	0
65	39	0	0
66	39	1	0
67	39	1	0
68	39	828	0
69	39	893	0
70	39	2	0
71	39	2	0.193262
72	39	2	14.516703
73	39	0	18.906837
74	39	0	15.068172
75	39	0	13.761402
76	39	0	21.887117
77	39	2	42.895855
78	39	1	39.78241
79	39	0	29.258579
80	39	0	35.531296
81	39	1	34.710297
82	39	0	26.207693
83	39	1	11.192177
84	39	0	6.220416
85	39	0	18.789532
86	39	1	41.650055
87	39	1	56.887287
88	39	2	55.453407
89	39	0	51.892014
90	39	1070	51.618256
91	39	1071	45.011356
92	39	1052	41.027454
93	39	1072	45.326172
94	39	1073	53.117844
95	39	1074	48.761845
96	39	94	41.315178
97	39	39	42.145958
98	39	134	38.957367
99	39	139	26.716297
100	39	1	8.908438
101	39	1	0
102	39	1	-0.196524
103	39	1	-2.394134
104	39	2	-3.493107
105	39	2	-4.194143
106	39	0	3.019486
107	39	1	19.835938
108	39	0	36.844643
109	39	2	54.035801
110	39	1	47.661808
111	39	218	35.630226
112	39	52	43.333187
113	39	53	28.931505
114	39	963	18.491846
115	39	919	-1.752
116	39	1024	4.577617
117	39	113	5.814262
118	39	165	22.25959
119	39	218	24.929325
120	39	52	19.792307
121	39	52	22.681162
122	39	52	28.035002
123	39	53	19.631853
124	39	0	15.840402
125	39	0	12.784927
126	39	2	0
127	39	0	0
128	39	1	0
0	40	1	0
1	40	231	0
2	40	232	0
3	40	1	0
4	40	375	0.263871
5	40	340	4.877012
6	40	1	4.492008
7	40	0	-14.5468
8	40	231	-32.156467
9	40	232	-22.79143
10	40	0	-5.681185
11	40	0	-7.576375
12	40	701	-13.174421
13	40	1075	-13.645306
14	40	6	-10.321994
15	40	7	-6.075381
16	40	5	7.627425
17	40	1076	19.353901
18	40	1077	14.981979
19	40	5	4.321352
20	40	7	15.606172
21	40	157	29.598883
22	40	851	22.351591
23	40	2	5.087151
24	40	1078	0
25	40	1079	0.995545
26	40	1080	1.729746
27	40	1081	3.077256
28	40	15	10.34978
29	40	0	17.965357
30	40	157	27.584118
31	40	855	32.057735
32	40	1082	32.423737
33	40	1083	27.770525
34	40	1031	25.797213
35	40	1084	22.834223
36	40	847	15.967237
37	40	911	6.280766
38	40	0	0.350432
39	40	822	0
40	40	634	0
41	40	1	-1.15035
42	40	0	-16.894815
43	40	34	-5.082104
44	40	19	10.235217
45	40	20	20.34997
46	40	0	6.668698
47	40	1	0.513711
48	40	34	0
49	40	54	0
50	40	39	0
51	40	34	0
52	40	300	0.192462
53	40	31	16.532698
54	40	99	43.786766
55	40	132	64.506195
56	40	133	62.800667
57	40	35	79.491638
58	40	39	82.548279
59	40	2	52.111671
60	40	0	17.768917
61	40	1	2.748001
62	40	2	0
63	40	2	0
64	40	1	0
65	40	0	0
66	40	0	0
67	40	2	0
68	40	1	0
69	40	2	0
70	40	1	0
71	40	1	6.499064
72	40	0	15.118643
73	40	2	16.674496
74	40	1	21.066687
75	40	0	20.44356
76	40	2	24.257265
77	40	1	18.822203
78	40	1	24.718533
79	40	2	23.860979
80	40	1	23.798426
81	40	2	35.317883
82	40	0	34.095592
83	40	1	20.044161
84	40	1	6.410614
85	40	1	4.642941
86	40	2	23.824167
87	40	2	40.205986
88	40	1	44.827072
89	40	1085	49.62421
90	40	1086	57.527027
91	40	1087	55.556129
92	40	1088	41.09898
93	40	1089	34.589764
94	40	134	43.290741
95	40	1090	43.811325
96	40	20	36.760979
97	40	134	37.554287
98	40	139	53.956852
99	40	1	39.880558
100	40	1	18.250637
101	40	1	2.543251
102	40	5	0
103	40	7	0
104	40	1	-2.330156
105	40	0	2.996223
106	40	1	20.166439
107	40	190	21.130701
108	40	622	44.306419
109	40	2	29.859015
110	40	185	38.507198
111	40	1091	27.635818
112	40	73	33.661598
113	40	1092	32.740845
114	40	1093	18.773312
115	40	1056	11.577261
116	40	254	11.695339
117	40	1094	31.233835
118	40	1095	30.838612
119	40	1096	27.427338
120	40	1096	22.615122
121	40	1097	32.534992
122	40	98	37.750229
123	40	2	33.926128
124	40	2	35.212959
125	40	2	18.492876
126	40	1	0
127	40	0	0
128	40	231	0
0	41	1098	0
1	41	112	0
2	41	2	0
3	41	268	0
4	41	112	0.321335
5	41	0	6.157613
6	41	1	9.186002
7	41	268	-5.235022
8	41	112	-19.379793
9	41	0	-13.038204
10	41	0	-2.340478
11	41	2	-5.661648
12	41	34	-11.585865
13	41	54	-11.941552
14	41	39	-15.342387
15	41	35	-16.138575
16	41	259	2.643462
17	41	39	17.14922
18	41	35	20.52594
19	41	39	5.703626
20	41	179	16.405819
21	41	161	35.653465
22	41	0	30.333002
23	41	257	10.10708
24	41	1099	1.878182
25	41	160	10.703804
26	41	161	15.949907
27	41	0	12.704481
28	41	1	11.610349
29	41	179	21.510689
30	41	161	24.868202
31	41	1100	22.402094
32	41	1101	18.067436
33	41	1102	15.906122
34	41	1103	14.867805
35	41	1104	14.587163
36	41	15	10.852201
37	41	797	4.284912
38	41	1008	0.070446
39	41	1105	0
40	41	881	-0.009549
41	41	2	-7.077369
42	41	3	-11.627769
43	41	28	0
44	41	1011	10.949064
45	41	824	28.034763
46	41	64	26.176779
47	41	0	0
48	41	34	0
49	41	20	-15.048005
50	41	2	0
51	41	99	0
52	41	133	0
53	41	2	1.546834
54	41	0	10.668072
55	41	2	30.718653
56	41	34	80.487091
57	41	20	125.586327
58	41	2	120.306877
59	41	2	54.414104
60	41	0	10.631642
61	41	1	2.748001
62	41	2	0
63	41	0	0
64	41	0	0
65	41	0	0
66	41	2	0
67	41	2	0
68	41	2	0
69	41	1	0
70	41	0	0
71	41	0	16.511698
72	41	0	19.932358
73	41	2	22.386314
74	41	1	15.279971
75	41	2	42.675949
76	41	2	25.484579
77	41	0	26.617851
78	41	1	18.838377
79	41	1	33.496517
80	41	1	28.662575
81	41	1	28.599688
82	41	0	41.293304
83	41	0	34.147251
84	41	2	12.720372
85	41	2	1.699022
86	41	1	3.102755
87	41	0	14.434459
88	41	1085	20.066818
89	41	1106	27.863569
90	41	1071	45.707405
91	41	1052	49.685169
92	41	1107	26.957909
93	41	99	12.324471
94	41	133	14.266397
95	41	0	18.587749
96	41	134	21.569185
97	41	139	22.132202
98	41	0	48.371662
99	41	0	50.724045
100	41	2	37.625481
101	41	35	8.119172
102	41	39	0
103	41	0	0
104	41	1	0
105	41	2	-2.896958
106	41	526	-1.29594
107	41	718	-2.391975
108	41	622	11.277885
109	41	2	19.777594
110	41	185	35.981358
111	41	98	19.942251
112	41	35	16.349625
113	41	1108	9.293559
114	41	842	17.545317
115	41	1109	19.018551
116	41	1110	30.598953
117	41	1111	45.295788
118	41	1112	49.718407
119	41	1113	35.115078
120	41	1114	19.183649
121	41	1024	32.133732
122	41	2	31.877434
123	41	1	42.71619
124	41	0	35.986149
125	41	0	22.498476
126	41	1	0
127	41	268	0
128	41	112	0
0	42	2	0
1	42	0	0
2	42	0	0
3	42	231	0
4	42	942	1.639421
5	42	232	11.810667
6	42	2	20.885117
7	42	0	12.147173
8	42	1	-1.739404
9	42	2	-2.974666
10	42	2	-0.535845
11	42	1	-5.095048
12	42	34	-7.174725
13	42	20	-5.235494
14	42	34	-14.322862
15	42	19	-21.669825
16	42	20	-4.159934
17	42	34	18.727182
18	42	20	16.749041
19	42	823	4.155969
20	42	64	15.416352
21	42	218	35.237034
22	42	299	33.729992
23	42	1115	12.790895
24	42	28	5.356126
25	42	4	23.467966
26	42	0	36.652191
27	42	2	33.628716
28	42	113	33.399029
29	42	114	47.821712
30	42	1116	52.55088
31	42	123	40.045971
32	42	1117	26.943256
33	42	1118	19.035755
34	42	1119	14.753274
35	42	1120	6.170803
36	42	1033	2.48198
37	42	634	0.256724
38	42	822	0
39	42	634	-0.998349
40	42	1103	-6.555258
41	42	1104	-18.183924
42	42	996	-2.875785
43	42	1121	0
44	42	855	27.504038
45	42	930	40.987888
46	42	1122	40.495174
47	42	1120	14.986847
48	42	1123	0
49	42	4	0
50	42	0	0
51	42	2	0
52	42	0	0
53	42	30	0
54	42	31	0
55	42	30	16.99394
56	42	1124	73.858864
57	42	881	127.283867
58	42	2	134.654037
59	42	5	70.816597
60	42	7	19.607988
61	42	0	19.11599
62	42	1	0
63	42	2	0
64	42	0	0
65	42	2	0
66	42	1	0
67	42	1	0
68	42	0	0
69	42	0	0
70	42	0	0
71	42	2	7.355262
72	42	1	20.005026
73	42	0	30.161846
74	42	1	43.000854
75	42	2	79.577682
76	42	0	92.011375
77	42	2	93.94857
78	42	2	95.643936
79	42	1	43.709629
80	42	2	38.596035
81	42	0	38.124176
82	42	2	43.808159
83	42	1	43.264214
84	42	1	23.727501
85	42	0	6.286156
86	42	1	0
87	42	1085	0.342062
88	42	1125	1.336323
89	42	1106	3.03246
90	42	1126	29.836716
91	42	1089	22.859894
92	42	0	20.868267
93	42	0	1.02099
94	42	1	0.235593
95	42	99	8.86881
96	42	133	20.081743
97	42	0	19.495951
98	42	1	36.263458
99	42	1	52.915966
100	42	34	52.588173
101	42	20	13.07034
102	42	0	0
103	42	0	0.268036
104	42	1	0
105	42	220	2.852085
106	42	221	4.484161
107	42	529	-0.788854
108	42	2	-2.895792
109	42	13	-4.772296
110	42	12	1.236583
111	42	34	1.919762
112	42	20	10.379447
113	42	966	-3.03017
114	42	1127	11.543643
115	42	20	14.665667
116	42	1128	38.608875
117	42	1129	42.722744
118	42	1130	53.526104
119	42	1131	40.194088
120	42	1056	19.703781
121	42	0	31.092863
122	42	0	27.757233
123	42	1	40.491745
124	42	1	36.267109
125	42	0	14.877426
126	42	1	0
127	42	0	0
128	42	1	0
0	43	1	0
1	43	231	0
2	43	339	0
3	43	905	0
4	43	112	2.659961
5	43	1	12.42324
6	43	823	22.26811
7	43	64	18.403513
8	43	2	6.11185
9	43	823	0.201892
10	43	64	0
11	43	823	-1.305922
12	43	64	-1.213275
13	43	1	3.514387
14	43	2	-3.090685
15	43	823	-12.533684
16	43	824	-2.816536
17	43	64	12.746273
18	43	1078	10.546957
19	43	1000	1.841433
20	43	185	9.485047
21	43	98	27.657463
22	43	1132	30.557261
23	43	1133	13.636662
24	43	1134	3.990626
25	43	114	22.86594
26	43	114	39.245285
27	43	1135	40.196289
28	43	1136	39.845192
29	43	1137	57.492031
30	43	179	65.034134
31	43	1138	55.265137
32	43	1139	44.898193
33	43	1140	43.490105
34	43	1141	35.961578
35	43	1142	18.271999
36	43	634	1.488481
37	43	987	0
38	43	1143	0
39	43	1144	-2.624653
40	43	1145	-4.766995
41	43	1146	-10.427354
42	43	1147	-0.391927
43	43	1148	0
44	43	179	27.580189
45	43	1084	45.410923
46	43	1066	48.915321
47	43	1149	25.050194
48	43	15	3.793369
49	43	0	0
50	43	1	0
51	43	1	0
52	43	134	0
53	43	708	0
54	43	109	0
55	43	1150	1.26731
56	43	1151	34.208485
57	43	1	65.117897
58	43	35	53.081753
59	43	39	43.730297
60	43	2	28.883886
61	43	0	32.088001
62	43	1	0
63	43	1	0
64	43	1	0
65	43	2	0
66	43	0	0
67	43	0	0
68	43	1	0
69	43	1	5.031425
70	43	2	0
71	43	0	35.759983
72	43	0	59.033951
73	43	1	49.78603
74	43	1	97.642532
75	43	1	87.98497
76	43	0	89.23053
77	43	1	95.245003
78	43	1	97.431755
79	43	0	97.972847
80	43	0	48.560593
81	43	0	37.202736
82	43	0	34.815449
83	43	0	45.032124
84	43	1	32.192299
85	43	0	10.464501
86	43	1152	0.147964
87	43	1153	0
88	43	1154	0
89	43	1086	0
90	43	0	19.103462
91	43	2	11.832157
92	43	2	13.413277
93	43	1	0
94	43	0	0.747564
95	43	2	10.71888
96	43	1	23.331057
97	43	0	25.457001
98	43	0	33.493885
99	43	1	50.655472
100	43	1	58.337357
101	43	0	29.245426
102	43	1	2.399767
103	43	1	5.175382
104	43	0	5.306874
105	43	1	3.847524
106	43	0	3.988063
107	43	190	12.844987
108	43	1155	0
109	43	25	-2.460079
110	43	12	1.953333
111	43	2	15.66919
112	43	966	-0.783041
113	43	1056	-3.70919
114	43	10	1.724336
115	43	1156	15.265085
116	43	1157	15.45328
117	43	1158	13.926455
118	43	1159	28.485611
119	43	965	14.523683
120	43	1	20.102621
121	43	0	26.490456
122	43	1	25.797174
123	43	2	38.418442
124	43	231	27.780081
125	43	942	22.008442
126	43	232	13.025864
127	43	2	0
128	43	1	0
0	44	268	0
1	44	904	0
2	44	340	0
3	44	2	0
4	44	1	1.640996
5	44	179	7.550202
6	44	161	15.107099
7	44	1	12.878757
8	44	179	3.970241
9	44	161	-0.453791
10	44	157	-2.06851
11	44	851	-2.137569
12	44	1	0.263787
13	44	1	1.968198
14	44	157	2.778415
15	44	1160	1.372777
16	44	1161	4.423791
17	44	1162	11.686183
18	44	1163	9.534511
19	44	2	3.401074
20	44	2	3.945377
21	44	1164	20.382874
22	44	385	29.604
23	44	676	17.438541
24	44	1136	1.464623
25	44	1165	10.457187
26	44	1165	24.702948
27	44	351	27.693134
28	44	1166	37.453739
29	44	1167	50.626347
30	44	822	54.900269
31	44	888	45.002968
32	44	666	38.46109
33	44	1168	43.093807
34	44	1140	43.383774
35	44	634	24.04549
36	44	3	5.757166
37	44	29	0
38	44	15	0
39	44	606	-9.854285
40	44	1169	-14.27847
41	44	996	-7.934936
42	44	1170	0
43	44	824	0
44	44	824	21.458784
45	44	1171	48.549068
46	44	1172	47.851208
47	44	64	23.891151
48	44	1	0
49	44	1	0
50	44	30	0
51	44	93	0
52	44	366	0
53	44	133	0
54	44	1173	0
55	44	1174	0
56	44	1037	2.06839
57	44	18	13.763549
58	44	108	17.995298
59	44	7	28.883886
60	44	0	28.883886
61	44	2	32.088001
62	44	0	0
63	44	1	0
64	44	0	0
65	44	0	0
66	44	2	0
67	44	2	0
68	44	0	0
69	44	1	35.759983
70	44	0	66.785934
71	44	2	84.269806
72	44	1	103.839417
73	44	2	121.596489
74	44	0	192.965927
75	44	2	124.04232
76	44	2	92.211792
77	44	2	98.552277
78	44	2	97.570259
79	44	0	103.630417
80	44	0	48.262928
81	44	1	38.47604
82	44	1	34.2239
83	44	0	42.807755
84	44	2	41.335667
85	44	0	18.881639
86	44	1085	1.711827
87	44	1175	0.592181
88	44	1176	0
89	44	1	0
90	44	2	15.20411
91	44	2	16.586071
92	44	0	34.571468
93	44	0	26.908575
94	44	1	7.419155
95	44	1	13.641815
96	44	13	29.295553
97	44	12	32.945496
98	44	2	30.681646
99	44	0	43.255951
100	44	2	61.10574
101	44	0	40.133247
102	44	2	14.228779
103	44	1	12.878642
104	44	2	14.736974
105	44	190	14.261562
106	44	1015	14.181382
107	44	529	12.667902
108	44	26	7.39427
109	44	27	4.472783
110	44	5	-5.942658
111	44	970	7.961221
112	44	965	19.741251
113	44	553	3.556818
114	44	1177	1.554965
115	44	1178	9.335188
116	44	1179	3.482903
117	44	161	23.947098
118	44	0	17.111679
119	44	0	11.936472
120	44	2	14.420512
121	44	0	8.882135
122	44	1	13.071847
123	44	268	25.584017
124	44	111	26.372231
125	44	112	18.685822
126	44	1	21.661018
127	44	0	17.587246
128	44	2	0
0	45	268	0
1	45	112	0
2	45	1	0
3	45	1	0
4	45	0	0.104039
5	45	231	4.748649
6	45	232	11.531825
7	45	0	13.007382
8	45	0	7.034086
9	45	179	-4.120463
10	45	930	-12.129834
11	45	64	-11.257178
12	45	0	-7.018809
13	45	157	-5.509014
14	45	1180	-3.028523
15	45	1181	1.656461
16	45	1182	6.725985
17	45	161	8.963333
18	45	0	10.406549
19	45	2	7.777152
20	45	1183	4.22853
21	45	1165	17.821331
22	45	1165	33.40234
23	45	351	27.013746
24	45	427	8.855218
25	45	427	5.04849
26	45	427	15.499414
27	45	427	26.044283
28	45	245	42.451096
29	45	987	54.91803
30	45	1066	45.667835
31	45	634	25.711142
32	45	822	14.21207
33	45	633	21.225273
34	45	700	23.417519
35	45	1104	15.130244
36	45	1047	3.594187
37	45	1120	0
38	45	1184	-0.057774
39	45	1145	-10.899882
40	45	1104	-19.478119
41	45	1019	-21.419634
42	45	160	-11.159529
43	45	123	-0.813681
44	45	855	10.543185
45	45	160	33.271545
46	45	1185	11.672817
47	45	729	23.992992
48	45	1	-1.435321
49	45	134	0
50	45	1186	0
51	45	799	-2.082819
52	45	2	-3.246471
53	45	987	0
54	45	1187	0
55	45	1188	0
56	45	20	0
57	45	35	0
58	45	142	11.412003
59	45	6	19.751993
60	45	7	32.088001
61	45	0	23.820002
62	45	0	7.476005
63	45	1	4.728002
64	45	1	0
65	45	2	0
66	45	2	1.416
67	45	0	0
68	45	0	35.759983
69	45	0	35.759983
70	45	1	129.933014
71	45	0	125.550011
72	45	2	130.93782
73	45	1	212.063904
74	45	1	197.971909
75	45	1	197.712479
76	45	0	123.299194
77	45	2	98.591545
78	45	0	100.99794
79	45	0	106.095924
80	45	2	50.774998
81	45	1	40.891933
82	45	2	41.816254
83	45	1	45.668667
84	45	2	53.535904
85	45	1085	29.332567
86	45	1106	9.018107
87	45	1071	7.05296
88	45	2	4.12477
89	45	30	0
90	45	31	1.204853
91	45	1	8.727845
92	45	2	40.452156
93	45	0	53.986366
94	45	13	32.742558
95	45	44	19.821444
96	45	45	28.932894
97	45	1	35.033508
98	45	2	30.007328
99	45	13	43.104576
100	45	12	62.696625
101	45	2	55.182686
102	45	1	40.94109
103	45	1	16.373159
104	45	526	17.997135
105	45	563	17.184328
106	45	0	19.824709
107	45	46	19.427898
108	45	45	14.721538
109	45	34	12.585809
110	45	20	12.786912
111	45	1	13.433681
112	45	143	9.676535
113	45	1189	1.662554
114	45	1190	-0.515012
115	45	965	-0.269847
116	45	2	-4.148809
117	45	2	23.236853
118	45	1	5.479096
119	45	1	21.845301
120	45	0	30.493418
121	45	1	16.842882
122	45	0	8.212093
123	45	1	22.728012
124	45	1	20.097143
125	45	1	20.739656
126	45	1	36.098007
127	45	1	20.943323
128	45	2	0
0	46	0	0
1	46	0	0
2	46	823	0
3	46	1191	0
4	46	1098	0
5	46	112	4.105725
6	46	1	14.913704
7	46	1	18.214947
8	46	0	10.787338
9	46	157	-8.290129
10	46	851	-24.541
11	46	2	-24.806786
12	46	179	-18.905186
13	46	1192	-16.306852
14	46	454	-15.130129
15	46	857	-2.94321
16	46	1	6.400356
17	46	1193	12.318321
18	46	1194	22.711182
19	46	1195	20.759823
20	46	427	9.853387
21	46	427	14.804701
22	46	427	33.386497
23	46	427	34.994648
24	46	427	18.898319
25	46	427	9.648062
26	46	427	18.983532
27	46	1166	43.896816
28	46	1167	70.38575
29	46	987	73.942688
30	46	1105	46.327507
31	46	1033	15.031264
32	46	1196	2.99878
33	46	1197	2.42874
34	46	766	5.441666
35	46	987	3.69233
36	46	916	0
37	46	667	0
38	46	1198	0
39	46	609	-1.993877
40	46	823	-1.587152
41	46	64	-7.969451
42	46	157	-11.162135
43	46	851	-4.719619
44	46	1	9.824305
45	46	606	0
46	46	766	-0.265677
47	46	0	-11.544685
48	46	99	9.066428
49	46	1199	0
50	46	917	-1.061258
51	46	0	-12.093066
52	46	10	-11.60137
53	46	1200	0
54	46	1201	0
55	46	92	0
56	46	67	0
57	46	1202	0
58	46	620	2.748001
59	46	720	20.417994
60	46	2	28.799957
61	46	30	21.94195
62	46	92	7.476005
63	46	1203	4.728002
64	46	114	0
65	46	165	0
66	46	0	119.369537
67	46	0	124.829483
68	46	0	124.175453
69	46	1	122.015793
70	46	0	122.015793
71	46	1	121.763321
72	46	1	259.702209
73	46	1	240.5224
74	46	0	201.625748
75	46	0	195.312073
76	46	0	193.080933
77	46	2	130.356384
78	46	1	98.682861
79	46	2	62.39225
80	46	0	52.257324
81	46	0	52.293217
82	46	1	44.716988
83	46	0	51.112186
84	46	1152	52.035255
85	46	1204	45.194221
86	46	1205	17.774429
87	46	1071	21.09692
88	46	134	18.620203
89	46	139	9.214469
90	46	2	5.034694
91	46	2	24.177181
92	46	0	56.835114
93	46	46	52.720428
94	46	45	44.200466
95	46	2	20.481493
96	46	0	16.331913
97	46	1	18.09514
98	46	26	15.109747
99	46	27	24.529963
100	46	190	52.395069
101	46	446	50.134945
102	46	622	45.950397
103	46	220	41.828426
104	46	529	24.620012
105	46	1	27.055904
106	46	1	23.617191
107	46	5	29.391233
108	46	6	28.869242
109	46	1206	23.848404
110	46	1207	19.746197
111	46	1208	20.838369
112	46	1209	20.96273
113	46	217	14.373891
114	46	2	3.032557
115	46	1	0
116	46	2	-2.19564
117	46	0	17.137861
118	46	2	7.939956
119	46	3	26.514915
120	46	28	32.544872
121	46	28	17.49
122	46	4	18.067276
123	46	1	20.136011
124	46	0	33.934647
125	46	0	34.946239
126	46	2	39.974266
127	46	2	25.329777
128	46	0	0
0	47	1	0
1	47	157	0
2	47	1210	0
3	47	112	0
4	47	2	0.402335
5	47	2	7.451571
6	47	2	18.082273
7	47	1	21.056486
8	47	179	11.845078
9	47	161	-6.389175
10	47	1	-24.367289
11	47	1	-30.755222
12	47	0	-24.687183
13	47	514	-27.064442
14	47	1211	-24.697956
15	47	1212	-7.347089
16	47	1195	7.476557
17	47	427	22.310131
18	47	427	35.161488
19	47	427	32.778191
20	47	427	13.317
21	47	427	7.318027
22	47	427	25.716728
23	47	427	39.818844
24	47	427	33.275528
25	47	427	26.770485
26	47	427	47.849827
27	47	1213	73.243896
28	47	28	96.301376
29	47	1214	82.660393
30	47	1196	41.319618
31	47	1215	10.109039
32	47	1216	0
33	47	803	0
34	47	823	0
35	47	64	0
36	47	701	0
37	47	609	0
38	47	823	0.406879
39	47	912	8.742599
40	47	851	9.483945
41	47	179	2.555274
42	47	161	-3.189147
43	47	1103	-8.205699
44	47	636	-6.417344
45	47	766	-0.254514
46	47	2	-8.368547
47	47	0	-12.498987
48	47	5	6.9065
49	47	6	-0.384666
50	47	7	-9.1847
51	47	126	-2.308606
52	47	217	-0.782433
53	47	99	0
54	47	132	0
55	47	1217	0
56	47	1218	0
57	47	1219	0
58	47	139	2.424001
59	47	2	7.980004
60	47	99	32.088001
61	47	138	29.62196
62	47	1220	7.476005
63	47	296	4.728002
64	47	1221	35.759983
65	47	114	116.087509
66	47	165	116.087509
67	47	1	262.582794
68	47	0	262.582794
69	47	1	262.582794
70	47	0	262.810333
71	47	1	259.702209
72	47	1	259.702209
73	47	0	259.702209
74	47	1	228.968491
75	47	2	196.153381
76	47	0	136.176315
77	47	0	109.837158
78	47	0	77.085205
79	47	1	40.093552
80	47	2	39.972553
81	47	0	42.631218
82	47	1	50.58226
83	47	2	52.073277
84	47	2	52.672043
85	47	1085	47.04451
86	47	1086	28.821369
87	47	99	28.479076
88	47	133	31.835373
89	47	1070	23.066681
90	47	1222	17.733603
91	47	1071	34.09388
92	47	2	54.306099
93	47	2	55.145294
94	47	13	36.883121
95	47	12	19.988819
96	47	2	8.780346
97	47	46	1.791893
98	47	45	0.380218
99	47	526	4.766807
100	47	527	29.899031
101	47	563	47.030823
102	47	190	40.642323
103	47	1223	45.174026
104	47	65	48.068413
105	47	65	53.322571
106	47	1224	46.93504
107	47	199	43.551064
108	47	1225	43.799126
109	47	1226	36.275726
110	47	1227	30.120405
111	47	364	28.5891
112	47	2	32.847424
113	47	1	26.959469
114	47	2	13.044614
115	47	2	1.25339
116	47	1	0
117	47	3	6.418951
118	47	1046	12.946592
119	47	172	23.382664
120	47	1228	24.95178
121	47	880	10.712741
122	47	881	15.422622
123	47	2	17.892281
124	47	823	35.641815
125	47	824	52.344444
126	47	1122	49.794861
127	47	1120	27.361576
128	47	1229	0
0	48	159	0
1	48	161	0
2	48	2	0
3	48	2	0
4	48	0	3.688572
5	48	0	12.835382
6	48	2	20.261797
7	48	1	17.551636
8	48	2	9.725034
9	48	1	0.203096
10	48	2	-12.664541
11	48	1193	-21.563404
12	48	1194	-22.978741
13	48	1230	-26.781075
14	48	351	-25.612497
15	48	427	-11.866085
16	48	427	8.240292
17	48	427	24.529428
18	48	427	32.372723
19	48	427	24.484436
20	48	427	8.706573
21	48	427	1.608934
22	48	427	17.006071
23	48	427	40.164833
24	48	427	49.490891
25	48	427	61.651802
26	48	1231	81.295097
27	48	1232	105.434219
28	48	1233	96.883827
29	48	1234	66.120377
30	48	123	26.590866
31	48	923	6.505536
32	48	158	0
33	48	912	0
34	48	158	0
35	48	64	0
36	48	2	0
37	48	1235	0
38	48	1236	18.215618
39	48	161	34.411743
40	48	1	28.968517
41	48	2	11.568045
42	48	606	0.101129
43	48	668	-2.269232
44	48	635	-10.284383
45	48	1237	-2.225508
46	48	729	-0.927781
47	48	34	0
48	48	19	0
49	48	20	1.891869
50	48	1	9.853436
51	48	2	4.203787
52	48	5	0
53	48	6	0
54	48	1238	0
55	48	130	0
56	48	1239	0
57	48	1174	0
58	48	31	0
59	48	2	6.228003
60	48	99	32.088001
61	48	1240	36.815956
62	48	1241	43.235905
63	48	325	40.487926
64	48	1242	115.421715
65	48	189	122.015793
66	48	7	113.873993
67	48	1	261.899719
68	48	1	367.749664
69	48	0	367.718018
70	48	0	259.702209
71	48	2	259.702209
72	48	1	259.702209
73	48	1	259.702209
74	48	0	259.702209
75	48	2	164.193039
76	48	1	103.134956
77	48	0	68.644531
78	48	0	49.610439
79	48	2	27.987211
80	48	1	21.680796
81	48	1	22.757126
82	48	0	30.707012
83	48	2	31.872164
84	48	1152	45.344917
85	48	1243	28.706779
86	48	165	24.959873
87	48	1070	19.518112
88	48	1244	26.420225
89	48	1125	23.842796
90	48	1106	20.027855
91	48	1071	25.886955
92	48	1	46.130287
93	48	46	55.418617
94	48	25	48.797615
95	48	990	26.484629
96	48	990	22.728968
97	48	12	0.570409
98	48	526	0
99	48	528	0
100	48	529	9.590752
101	48	526	20.696171
102	48	1245	26.003988
103	48	263	39.136475
104	48	1246	67.381363
105	48	226	82.193115
106	48	259	69.399094
107	48	1247	55.209984
108	48	1248	60.031494
109	48	1249	59.270885
110	48	364	51.643524
111	48	1	44.525711
112	48	0	39.174927
113	48	2	29.204496
114	48	2	15.703913
115	48	2	3.354375
116	48	16	3.30102
117	48	172	10.257204
118	48	15	17.981342
119	48	822	21.414631
120	48	1250	25.489714
121	48	911	6.07385
122	48	823	7.970101
123	48	159	19.581917
124	48	160	38.052292
125	48	1084	56.546318
126	48	916	50.978291
127	48	1234	29.243448
128	48	161	0
0	49	1	0
1	49	2	0
2	49	2	0
3	49	2	0.754592
4	49	2	6.811519
5	49	2	15.076037
6	49	1	16.859009
7	49	797	11.254205
8	49	1120	4.616204
9	49	881	2.359342
10	49	1251	-1.894857
11	49	427	-9.119929
12	49	427	-12.06137
13	49	427	-15.948351
14	49	427	-20.195126
15	49	427	-20.086338
16	49	427	-8.907092
17	49	427	5.600087
18	49	427	12.081827
19	49	427	7.948899
20	49	427	0.726
21	49	427	0.726
22	49	427	10.99301
23	49	427	30.907888
24	49	427	55.574085
25	49	427	77.879768
26	49	1231	98.295258
27	49	1252	95.562561
28	49	4	72.839066
29	49	179	32.987274
30	49	160	9.279413
31	49	160	0.031073
32	49	160	0
33	49	123	0
34	49	851	0
35	49	823	0
36	49	882	0
37	49	609	9.06516
38	49	0	38.28241
39	49	1	59.111446
40	49	1103	45.187405
41	49	636	14.739983
42	49	668	0.070275
43	49	765	0
44	49	607	-0.236679
45	49	609	0
46	49	2	0
47	49	1	0
48	49	0	0
49	49	0	-0.265128
50	49	1	5.605574
51	49	34	5.157929
52	49	19	-0.611992
53	49	19	0
54	49	19	0
55	49	1253	0
56	49	1254	3.06153
57	49	708	0
58	49	31	0
59	49	0	10.511992
60	49	134	39.192257
61	49	1220	44.268288
62	49	296	47.778015
63	49	1255	118.013535
64	49	259	122.015793
65	49	142	267.893402
66	49	7	267.893402
67	49	1	367.749664
68	49	1	367.680817
69	49	0	365.543518
70	49	2	365.197235
71	49	0	259.702209
72	49	2	259.702209
73	49	0	259.702209
74	49	0	259.702209
75	49	0	122.015793
76	49	0	62.303398
77	49	2	48.049526
78	49	1	40.803135
79	49	0	44.544491
80	49	2	28.347998
81	49	1070	20.275576
82	49	1222	4.119456
83	49	1222	7.959054
84	49	1256	14.191635
85	49	1257	16.350195
86	49	1244	8.748
87	49	1175	5.255328
88	49	1204	9.685001
89	49	1153	9.957892
90	49	1106	9.069238
91	49	1222	22.890446
92	49	1071	43.104744
93	49	26	43.969784
94	49	1003	43.221447
95	49	1258	47.767479
96	49	45	38.186966
97	49	220	18.161627
98	49	529	4.699993
99	49	0	0
100	49	220	0
101	49	1259	5.729144
102	49	1260	12.865396
103	49	1261	30.703142
104	49	1262	67.282364
105	49	259	83.931984
106	49	1247	69.051186
107	49	1227	55.188114
108	49	225	61.892658
109	49	364	66.032005
110	49	1	68.855293
111	49	0	58.432667
112	49	0	41.159199
113	49	1	19.478842
114	49	10	9.027855
115	49	1263	1.153635
116	49	1264	0
117	49	2	10.104715
118	49	1265	12.513908
119	49	1266	12.051371
120	49	17	26.657158
121	49	157	4.508796
122	49	158	27.25584
123	49	824	28.864309
124	49	64	54.965038
125	49	0	61.201763
126	49	1	45.908493
127	49	2	32.976089
128	49	2	0
0	50	1	0
1	50	1	0
2	50	2	0
3	50	0	1.084337
4	50	797	6.173843
5	50	1120	12.894086
6	50	1008	12.608278
7	50	916	6.223586
8	50	1267	1.993716
9	50	1195	1.63484
10	50	427	1.108652
11	50	427	-0.559668
12	50	427	-3.532881
13	50	427	-3.212397
14	50	427	-16.834475
15	50	427	-29.542786
16	50	427	-30.975075
17	50	427	-16.086382
18	50	427	-3.579641
19	50	427	0.507075
20	50	427	0.890251
21	50	427	0
22	50	427	2.027175
23	50	427	18.572086
24	50	427	46.55978
25	50	393	74.574776
26	50	1268	83.282585
27	50	1062	73.436775
28	50	824	52.186432
29	50	64	25.835993
30	50	2	4.388814
31	50	3	0
32	50	1031	0
33	50	161	0
34	50	179	0
35	50	161	0
36	50	1	2.096956
37	50	1	19.889956
38	50	1103	49.446053
39	50	636	62.198437
40	50	765	36.643208
41	50	765	6.844681
42	50	607	0
43	50	1269	0
44	50	4	0
45	50	1	0
46	50	0	0
47	50	2	0
48	50	5	0
49	50	7	-0.436685
50	50	2	-3.849416
51	50	0	-0.565627
52	50	1	0
53	50	5	0
54	50	1270	0
55	50	1271	0
56	50	652	0
57	50	1022	0
58	50	1272	35.759983
59	50	1273	35.759983
60	50	1274	34.818008
61	50	325	42.767906
62	50	1275	121.709824
63	50	1276	122.015793
64	50	1277	267.893402
65	50	20	275.351379
66	50	0	367.749664
67	50	1	367.680817
68	50	0	365.543518
69	50	0	365.543518
70	50	2	365.543518
71	50	0	364.179749
72	50	1	259.702209
73	50	1	259.702209
74	50	1	260.90271
75	50	1	122.015793
76	50	0	35.759983
77	50	2	27.035194
78	50	0	43.784168
79	50	2	46.764565
80	50	1152	42.756733
81	50	1204	21.523903
82	50	1204	3.282967
83	50	1176	0
84	50	1085	0
85	50	1175	1.686571
86	50	1176	0
87	50	0	0
88	50	1152	0
89	50	1204	0.348481
90	50	1204	6.551023
91	50	1205	27.560246
92	50	1278	43.247219
93	50	1279	38.80603
94	50	1280	27.583603
95	50	1071	36.769848
96	50	1	49.658077
97	50	2	36.883904
98	50	0	19.818598
99	50	1	0.074549
100	50	10	0
101	50	89	7.908447
102	50	1281	22.222919
103	50	1282	36.257072
104	50	200	62.830338
105	50	1247	76.148079
106	50	1283	64.869202
107	50	1284	51.333828
108	50	364	57.293324
109	50	0	57.349766
110	50	0	63.193249
111	50	3	55.58466
112	50	1285	42.971355
113	50	89	25.735516
114	50	225	9.50078
115	50	1286	0.29712
116	50	65	0.029377
117	50	1287	12.121166
118	50	1226	5.855051
119	50	17	14.173876
120	50	179	18.474167
121	50	160	5.502464
122	50	160	28.512148
123	50	161	23.058056
124	50	1	58.648373
125	50	1	59.921539
126	50	0	52.804394
127	50	0	33.595474
128	50	0	0
0	51	797	0
1	51	1120	0
2	51	1120	0
3	51	1008	0.372298
4	51	916	2.67354
5	51	1267	9.515729
6	51	1194	12.640044
7	51	1195	6.516397
8	51	427	1.679748
9	51	427	2.417368
10	51	427	3.954839
11	51	427	2.675155
12	51	427	0.56388
13	51	427	-0.21149
14	51	427	-14.185086
15	51	427	-27.148012
16	51	427	-27.709139
17	51	427	-15.167592
18	51	427	-0.88669
19	51	427	5.930879
20	51	427	4.781336
21	51	427	0.890459
22	51	427	0
23	51	427	7.196516
24	51	1288	37.292088
25	51	1289	71.061874
26	51	157	73.658035
27	51	855	65.483826
28	51	161	56.292099
29	51	1103	37.100281
30	51	1104	9.793064
31	51	1010	0
32	51	4	0.039258
33	51	0	0
34	51	2	0.454188
35	51	2	5.623691
36	51	0	12.863056
37	51	606	29.58593
38	51	765	55.786301
39	51	668	50.134949
40	51	607	20.392323
41	51	609	0
42	51	16	0
43	51	1290	0
44	51	92	0
45	51	92	0
46	51	31	0
47	51	35	0
48	51	39	-4.443912
49	51	1	-14.056993
50	51	2	-5.000172
51	51	2	0
52	51	35	0
53	51	142	0
54	51	6	0
55	51	619	0
56	51	60	35.759983
57	51	1291	35.759983
58	51	407	35.759983
59	51	255	35.759983
60	51	1292	35.759983
61	51	407	116.664024
62	51	1293	121.763924
63	51	1294	266.910309
64	51	0	275.351379
65	51	0	367.749664
66	51	2	367.680817
67	51	1	365.543518
68	51	2	365.543518
69	51	1	365.543518
70	51	0	365.543518
71	51	0	365.543518
72	51	1	260.049896
73	51	2	257.698761
74	51	2	122.015793
75	51	0	35.759983
76	51	2	19.906366
77	51	0	17.250532
78	51	0	25.670103
79	51	2	52.273846
80	51	1	51.067989
81	51	0	32.587349
82	51	1070	11.180402
83	51	1295	0
84	51	1205	0
85	51	1071	12.326427
86	51	2	0
87	51	2	0
88	51	1	0
89	51	0	0
90	51	1085	15.469822
91	51	1175	37.492722
92	51	1296	42.346481
93	51	1297	32.843647
94	51	1298	17.356253
95	51	1	27.464712
96	51	0	51.422352
97	51	0	49.711109
98	51	0	29.526953
99	51	126	4.901589
100	51	1260	11.608785
101	51	225	21.823675
102	51	226	33.496922
103	51	199	46.213959
104	51	196	58.585144
105	51	1299	69.129852
106	51	1283	60.756733
107	51	1300	45.252258
108	51	230	45.739964
109	51	6	44.978394
110	51	57	48.645847
111	51	1283	52.022449
112	51	1284	57.538807
113	51	1246	49.216068
114	51	263	22.034988
115	51	225	2.067306
116	51	1301	0
117	51	1302	2.096293
118	51	17	17.765419
119	51	1	24.950537
120	51	1	24.766544
121	51	0	6.570884
122	51	0	20.115604
123	51	2	37.455189
124	51	2	47.100689
125	51	1	61.84853
126	51	797	62.10305
127	51	881	35.641361
128	51	987	0
0	52	1066	0
1	52	888	0
2	52	1303	0
3	52	1212	0
4	52	1195	2.420439
5	52	427	11.30417
6	52	427	15.244091
7	52	1304	9.854071
8	52	1305	3.364864
9	52	427	5.528392
10	52	427	7.664646
11	52	427	4.593964
12	52	427	0.835544
13	52	427	0
14	52	427	-9.508524
15	52	427	-20.835306
16	52	427	-24.318253
17	52	427	-14.554975
18	52	427	3.184952
19	52	427	17.46274
20	52	427	14.276199
21	52	427	5.48658
22	52	28	0.717482
23	52	1031	0
24	52	161	24.220367
25	52	179	64.505089
26	52	161	83.031158
27	52	3	72.688087
28	52	1306	61.332722
29	52	766	51.15501
30	52	14	23.247528
31	52	15	5.420286
32	52	1	11.36401
33	52	1103	12.092791
34	52	1237	15.295299
35	52	1237	19.550257
36	52	636	31.315708
37	52	727	62.810123
38	52	765	103.170738
39	52	635	74.776138
40	52	1307	28.69532
41	52	29	0.705691
42	52	1308	0
43	52	1309	0
44	52	804	0
45	52	708	0
46	52	1069	0
47	52	20	-0.045506
48	52	10	-5.940205
49	52	66	-9.074167
50	52	30	-0.13621
51	52	1069	0
52	52	1035	0
53	52	1310	0
54	52	77	35.759983
55	52	719	35.759983
56	52	720	35.759983
57	52	5	35.759983
58	52	1311	35.759983
59	52	139	122.015793
60	52	0	124.763832
61	52	254	121.463989
62	52	298	276.911499
63	52	0	277.630341
64	52	2	367.749664
65	52	1	367.680817
66	52	0	365.543518
67	52	2	365.543518
68	52	1	365.543518
69	52	1	365.543518
70	52	0	365.543518
71	52	1	277.630341
72	52	0	277.630341
73	52	1	122.015793
74	52	0	43.649979
75	52	0	35.759983
76	52	0	4.391235
77	52	0	0.530849
78	52	1	14.484827
79	52	30	41.11237
80	52	92	42.793884
81	52	1312	43.866825
82	52	1086	22.608749
83	52	1085	0.520097
84	52	1106	0
85	52	1071	0
86	52	1070	0
87	52	1222	0.349597
88	52	1071	2.964134
89	52	1152	11.586392
90	52	1176	27.620298
91	52	26	41.077175
92	52	1016	32.902046
93	52	27	11.144644
94	52	1	2.298779
95	52	2	13.459056
96	52	2	42.95887
97	52	0	50.832752
98	52	2	38.49461
99	52	126	32.464417
100	52	1260	32.769104
101	52	1281	34.338966
102	52	1282	41.395676
103	52	199	47.628078
104	52	196	56.386986
105	52	1299	66.054329
106	52	1227	65.370789
107	52	1313	58.13258
108	52	229	46.752922
109	52	196	42.939728
110	52	1314	41.055153
111	52	1249	47.692566
112	52	225	62.18018
113	52	1246	67.055748
114	52	1315	39.69648
115	52	1226	5.495435
116	52	172	0.051529
117	52	15	0.700737
118	52	2	14.14547
119	52	1	27.135281
120	52	0	22.804264
121	52	2	6.46251
122	52	1	19.353104
123	52	2	45.538898
124	52	1	47.965446
125	52	822	57.545158
126	52	634	64.60054
127	52	797	33.402023
128	52	1033	0
0	53	1316	0
1	53	1317	0
2	53	319	0.264388
3	53	427	8.04849
4	53	427	23.961349
5	53	1318	30.15954
6	53	1319	22.400229
7	53	1320	9.938832
8	53	427	3.474812
9	53	427	6.319743
10	53	1321	8.627621
11	53	1322	5.017866
12	53	427	0.219953
13	53	427	0
14	53	427	-6.579431
15	53	427	-20.60885
16	53	427	-30.426052
17	53	427	-23.040115
18	53	427	2.336516
19	53	1213	31.494841
20	53	29	33.209381
21	53	47	23.827627
22	53	15	4.998014
23	53	2	0
24	53	1	6.400953
25	53	2	43.348988
26	53	14	72.647423
27	53	1323	73.170334
28	53	609	64.54084
29	53	0	57.840599
30	53	10	39.217171
31	53	66	23.541702
32	53	606	22.802483
33	53	727	29.545904
34	53	728	32.084988
35	53	607	36.482151
36	53	608	53.162933
37	53	607	100.612503
38	53	818	112.370972
39	53	1324	107.261505
40	53	15	44.030212
41	53	553	3.500908
42	53	1325	0
43	53	366	0
44	53	132	0
45	53	758	-2.232355
46	53	31	-6.702762
47	53	126	-8.050181
48	53	217	-3.351947
49	53	99	0
50	53	758	0
51	53	93	0
52	53	139	35.759983
53	53	1067	35.759983
54	53	129	35.759983
55	53	1326	35.759983
56	53	1069	35.759983
57	53	493	122.015793
58	53	758	122.015793
59	53	92	122.015793
60	53	31	122.015793
61	53	2	277.630341
62	53	2	277.630341
63	53	0	365.32959
64	53	2	364.832581
65	53	0	365.543518
66	53	2	365.543518
67	53	0	365.543518
68	53	2	365.543518
69	53	1	365.543518
70	53	1	277.630341
71	53	1	277.630341
72	53	0	122.015793
73	53	2	31.319996
74	53	1	35.759983
75	53	0	0
76	53	2	14.701273
77	53	0	0
78	53	99	11.047312
79	53	132	29.328333
80	53	1327	47.110836
81	53	1176	56.898502
82	53	1152	39.012306
83	53	1204	8.354956
84	53	1205	0
85	53	1244	0.001942
86	53	1154	6.943417
87	53	1086	12.735518
88	53	2	19.156435
89	53	2	27.400213
90	53	26	35.660305
91	53	1258	33.582649
92	53	45	18.724104
93	53	0	3.401994
94	53	0	0
95	53	2	4.047051
96	53	2	36.733696
97	53	0	60.939316
98	53	0	66.062157
99	53	363	67.077454
100	53	225	54.168533
101	53	1281	45.754276
102	53	1328	56.681713
103	53	1328	66.056534
104	53	194	64.450806
105	53	1329	74.916191
106	53	1301	96.160973
107	53	1330	107.263229
108	53	171	90.634087
109	53	1331	58.905041
110	53	1246	38.090691
111	53	225	36.223763
112	53	1315	55.582539
113	53	1332	64.599335
114	53	1333	43.368958
115	53	17	12.485188
116	53	2	0.923625
117	53	0	2.217178
118	53	1	20.14875
119	53	1	33.052708
120	53	2	27.983397
121	53	2	9.449548
122	53	0	21.316917
123	53	797	40.475853
124	53	1033	59.615231
125	53	1007	63.87241
126	53	1033	63.267601
127	53	633	36.589993
128	53	1334	0
0	54	1136	0
1	54	351	0
2	54	427	3.990319
3	54	427	23.530167
4	54	1335	46.18441
5	54	1336	48.307438
6	54	427	29.164822
7	54	427	10.475996
8	54	427	3.613991
9	54	1337	5.021711
10	54	1338	6.571243
11	54	1339	4.12652
12	54	427	0.762812
13	54	427	0
14	54	427	-5.631694
15	54	427	-23.112213
16	54	427	-34.038265
17	54	427	-24.399708
18	54	427	3.387614
19	54	15	28.39415
20	54	823	43.68758
21	54	64	35.865196
22	54	1	14.509154
23	54	1	0
24	54	2	0
25	54	1	20.245886
26	54	2	54.755917
27	54	1103	68.55204
28	54	729	70.309982
29	54	363	59.341419
30	54	364	58.037292
31	54	606	52.900612
32	54	727	48.691463
33	54	728	55.386791
34	54	766	58.40604
35	54	701	61.291939
36	54	609	68.477592
37	54	1	103.685059
38	54	2	118.529968
39	54	5	84.399422
40	54	619	33.344799
41	54	1340	2.226097
42	54	1341	0
43	54	447	0
44	54	109	0
45	54	133	-0.833002
46	54	0	-3.464865
47	54	1	-2.763699
48	54	797	-0.295595
49	54	798	0
50	54	1342	0
51	54	139	35.759983
52	54	1343	35.759983
53	54	620	35.759983
54	54	1344	35.759983
55	54	758	35.759983
56	54	31	122.015793
57	54	1067	122.015793
58	54	1219	122.015793
59	54	139	122.015793
60	54	30	277.630341
61	54	92	277.630341
62	54	92	331.391846
63	54	31	357.539948
64	54	0	366.029572
65	54	0	365.543518
66	54	2	365.543518
67	54	2	365.543518
68	54	1	365.543518
69	54	2	277.630341
70	54	1	277.630341
71	54	2	122.015793
72	54	1	122.015793
73	54	0	31.319996
74	54	1	0
75	54	1070	2.863511
76	54	1071	6.809772
77	54	1070	0
78	54	1071	1.802016
79	54	2	18.077232
80	54	2	31.839499
81	54	1	62.040447
82	54	0	56.192852
83	54	1152	21.41518
84	54	1153	0
85	54	1125	14.267523
86	54	1106	29.74474
87	54	1071	33.850155
88	54	0	31.804403
89	54	1345	30.778589
90	54	1346	26.667944
91	54	963	17.389734
92	54	1024	6.678002
93	54	1	4.848486
94	54	2	5.01712
95	54	1	24.3652
96	54	2	78.831985
97	54	2	92.157341
98	54	126	89.906464
99	54	1260	85.138641
100	54	1347	67.013161
101	54	1348	57.258144
102	54	1349	80.146912
103	54	226	97.831062
104	54	1350	85.349319
105	54	1351	76.883743
106	54	1352	105.935417
107	54	1353	142.028641
108	54	1227	126.369301
109	54	225	76.906143
110	54	1315	41.785927
111	54	1226	31.089056
112	54	1354	43.385979
113	54	1355	48.468624
114	54	15	42.53474
115	54	1	24.311987
116	54	0	4.446808
117	54	0	4.783089
118	54	0	24.736107
119	54	0	35.85902
120	54	2	23.349821
121	54	1	10.474648
122	54	1356	9.734211
123	54	1049	47.125641
124	54	1357	58.213078
125	54	888	64.747414
126	54	633	63.064934
127	54	1358	36.189564
128	54	351	0
0	55	427	0
1	55	427	0.238865
2	55	427	6.211445
3	55	1304	25.815474
4	55	1305	43.393951
5	55	427	41.616013
6	55	427	27.100058
7	55	1321	13.7035
8	55	1359	6.688158
9	55	1360	4.697116
10	55	1361	6.797055
11	55	1339	4.016585
12	55	427	1.062024
13	55	427	-0.490676
14	55	427	-5.219226
15	55	427	-20.239096
16	55	427	-33.209
17	55	1362	-22.154703
18	55	1	1.138263
19	55	157	16.69071
20	55	158	32.577923
21	55	64	33.742466
22	55	2	18.096571
23	55	0	3.889403
24	55	0	0
25	55	0	4.806661
26	55	701	36.039341
27	55	1145	71.08596
28	55	1363	83.031548
29	55	1364	81.932625
30	55	636	76.927277
31	55	668	90.071449
32	55	668	95.307304
33	55	766	82.833656
34	55	2	84.707497
35	55	2	84.858398
36	55	2	90.136147
37	55	1	101.246254
38	55	34	83.393898
39	55	77	39.357746
40	55	128	8.213765
41	55	130	0
42	55	131	-0.365163
43	55	133	-8.456316
44	55	1	-1.295504
45	55	2	0
46	55	1	0
47	55	1365	0
48	55	1366	0
49	55	1367	-3.204038
50	55	1341	35.759983
51	55	1368	35.759983
52	55	1369	35.759983
53	55	368	35.759983
54	55	1370	35.759983
55	55	708	122.015793
56	55	67	122.015793
57	55	95	122.015793
58	55	708	260.59079
59	55	93	260.59079
60	55	804	273.677124
61	55	128	291.38266
62	55	1068	314.183319
63	55	2	351.184937
64	55	1	363.095947
65	55	1	365.543518
66	55	0	365.543518
67	55	2	365.543518
68	55	1	277.630341
69	55	2	277.630341
70	55	0	123.767784
71	55	2	122.015793
72	55	1	56.73608
73	55	1	35.759983
74	55	1085	0
75	55	1086	6.105983
76	55	1152	0
77	55	1205	0
78	55	1222	0
79	55	1371	1.741951
80	55	31	19.602325
81	55	2	55.401154
82	55	0	65.883408
83	55	1085	35.526852
84	55	1175	13.26744
85	55	1204	43.920872
86	55	1176	62.713825
87	55	0	45.054909
88	55	966	32.411518
89	55	1056	30.264238
90	55	992	29.308008
91	55	965	48.569401
92	55	2	38.857773
93	55	1	25.228518
94	55	2	17.132414
95	55	1	61.617855
96	55	190	90.637436
97	55	622	105.057503
98	55	126	103.571335
99	55	1372	88.358009
100	55	1373	66.337837
101	55	1374	62.538609
102	55	1375	86.769272
103	55	1376	105.28508
104	55	1377	82.731598
105	55	225	57.662395
106	55	1351	66.571808
107	55	1249	93.5774
108	55	263	94.033882
109	55	1351	60.051521
110	55	1353	38.380989
111	55	1302	33.992832
112	55	17	33.102531
113	55	1	41.093933
114	55	1	49.548847
115	55	0	36.227482
116	55	0	13.874185
117	55	0	9.938981
118	55	1	29.884317
119	55	0	36.835934
120	55	0	19.170876
121	55	1378	13.608404
122	55	1379	12.05009
123	55	633	37.029224
124	55	633	55.796749
125	55	1357	65.582451
126	55	1380	43.265045
127	55	427	31.772755
128	55	427	0
0	56	427	0
1	56	427	0.741209
2	56	427	5.909575
3	56	1381	14.265871
4	56	1382	21.589323
5	56	1383	19.667807
6	56	1384	20.277929
7	56	1385	22.679773
8	56	1386	14.691907
9	56	1360	7.249731
10	56	1387	7.79266
11	56	427	5.038702
12	56	427	0.882995
13	56	427	-0.04179
14	56	427	-4.711382
15	56	14	-18.938517
16	56	15	-29.817513
17	56	2	-22.717627
18	56	157	-17.121557
19	56	855	-3.418072
20	56	161	17.996923
21	56	1	21.076777
22	56	2	17.116516
23	56	2	10.973825
24	56	1	2.998915
25	56	1103	0
26	56	636	17.928259
27	56	728	59.105183
28	56	728	102.224419
29	56	727	120.527542
30	56	668	124.152023
31	56	727	113.145111
32	56	766	123.977959
33	56	2	140.157959
34	56	2	131.056396
35	56	3	129.131958
36	56	4	134.269745
37	56	2	120.047768
38	56	1067	62.271519
39	56	1388	14.473564
40	56	19	0
41	56	20	0
42	56	1	0
43	56	1	-7.461769
44	56	5	-1.076767
45	56	6	0
46	56	1368	0
47	56	1389	0
48	56	1390	0
49	56	1391	0
50	56	1392	35.759983
51	56	325	35.759983
52	56	325	35.759983
53	56	1393	35.759983
54	56	1389	35.759983
55	56	719	35.759983
56	56	1340	122.015793
57	56	852	122.015793
58	56	362	260.59079
59	56	128	267.802917
60	56	130	273.677124
61	56	39	287.230499
62	56	0	309.624969
63	56	0	341.323547
64	56	1	352.267792
65	56	0	369.152588
66	56	1	364.757294
67	56	1	277.630341
68	56	0	277.630341
69	56	2	125.855759
70	56	0	123.767784
71	56	0	41.136005
72	56	0	39.767963
73	56	1394	6.096001
74	56	1395	3.897683
75	56	2	3.052571
76	56	1085	0
77	56	1175	0
78	56	1396	0
79	56	1397	0
80	56	1222	6.864645
81	56	1071	38.860882
82	56	1085	63.933971
83	56	1106	56.631504
84	56	1222	58.637794
85	56	1071	81.001884
86	56	2	85.452805
87	56	992	44.769073
88	56	965	36.870289
89	56	2	42.871685
90	56	2	59.678566
91	56	1	60.72485
92	56	2	55.909409
93	56	190	43.004242
94	56	1398	36.177414
95	56	1399	64.061859
96	56	718	85.673264
97	56	622	99.612366
98	56	526	92.985596
99	56	1373	69.316444
100	56	1400	52.359184
101	56	1401	42.282326
102	56	1402	54.298901
103	56	1376	68.337135
104	56	1403	63.496471
105	56	1403	36.723541
106	56	1403	22.400162
107	56	1404	24.171083
108	56	1405	30.482973
109	56	1406	29.239168
110	56	1407	27.98386
111	56	1408	34.273426
112	56	0	30.95908
113	56	1	39.855488
114	56	0	50.160419
115	56	0	41.18729
116	56	1	17.775621
117	56	0	13.775331
118	56	0	33.6703
119	56	0	35.100555
120	56	254	14.932414
121	56	1409	9.355742
122	56	888	5.299759
123	56	858	38.873817
124	56	1357	43.696552
125	56	427	49.572487
126	56	427	53.390476
127	56	427	32.063004
128	56	427	0
0	57	427	0
1	57	1410	0.604601
2	57	1411	6.235659
3	57	1412	9.985243
4	57	1413	6.286858
5	57	1413	5.401153
6	57	1413	18.267479
7	57	1414	24.748371
8	57	1415	16.732315
9	57	1416	8.158085
10	57	427	6.403143
11	57	427	4.887538
12	57	1417	2.004517
13	57	427	0.810831
14	57	3	-0.589445
15	57	4	-10.628433
16	57	823	-23.425714
17	57	159	-21.96529
18	57	161	-8.271795
19	57	2	-0.0727
20	57	1	1.662142
21	57	0	9.66012
22	57	1	19.606802
23	57	0	21.150312
24	57	606	10.289713
25	57	668	1.810923
26	57	728	0.297216
27	57	728	33.118675
28	57	668	91.137039
29	57	765	157.634781
30	57	607	172.351639
31	57	1269	191.456894
32	57	28	136.575714
33	57	4	144.53183
34	57	14	159.525146
35	57	15	157.705856
36	57	0	159.895737
37	57	35	107.304565
38	57	39	52.333672
39	57	3	13.605537
40	57	28	9.269997
41	57	4	0
42	57	2	-4.373976
43	57	34	-6.417469
44	57	1418	0
45	57	1392	0
46	57	1393	0
47	57	1274	0
48	57	296	0
49	57	296	0
50	57	325	0
51	57	325	35.759983
52	57	296	35.759983
53	57	1393	35.759983
54	57	1369	35.759983
55	57	1419	118.145813
56	57	1342	122.015793
57	57	581	254.680725
58	57	94	256.600708
59	57	259	267.023621
60	57	68	272.321747
61	57	31	276.965454
62	57	2	307.181122
63	57	1	325.655548
64	57	2	335.180145
65	57	1	352.267792
66	57	1	352.267792
67	57	1	277.630341
68	57	0	122.015793
69	57	1	122.015793
70	57	1	35.04599
71	57	0	35.759983
72	57	1378	0
73	57	1420	0
74	57	1222	0
75	57	1295	0
76	57	1176	0
77	57	1	2.574569
78	57	1152	0
79	57	1153	0
80	57	1106	0
81	57	1244	19.318321
82	57	1421	58.783833
83	57	1125	88.809219
84	57	1086	104.489601
85	57	2	102.400864
86	57	2	77.368874
87	57	963	38.733166
88	57	1024	40.378311
89	57	2	46.720856
90	57	2	58.65284
91	57	1	58.744175
92	57	526	58.342232
93	57	1422	44.490936
94	57	1423	41.66954
95	57	1373	60.861824
96	57	718	83.165054
97	57	1015	88.492851
98	57	221	58.939285
99	57	721	40.087841
100	57	527	29.855145
101	57	1401	14.670507
102	57	1402	15.585763
103	57	219	28.654675
104	57	200	32.258484
105	57	170	23.346313
106	57	1424	7.627884
107	57	1425	0.573649
108	57	1426	5.039586
109	57	1427	16.616652
110	57	634	26.030787
111	57	1	36.921497
112	57	2	39.297623
113	57	0	40.287159
114	57	0	37.394749
115	57	2	27.442486
116	57	0	8.67557
117	57	2	14.521542
118	57	1	34.081654
119	57	1	31.182453
120	57	987	10.945811
121	57	1066	4.523804
122	57	888	2.718446
123	57	1316	31.586325
124	57	427	45.407982
125	57	427	49.530365
126	57	427	59.701443
127	57	427	50.478851
128	57	1321	0
0	58	1384	0
1	58	1413	1.738053
2	58	1413	8.175586
3	58	1413	11.69535
4	58	1413	6.768775
5	58	1413	3.952857
6	58	1428	13.097863
7	58	427	18.041201
8	58	427	11.949769
9	58	427	5.252291
10	58	427	3.768975
11	58	427	4.019794
12	58	1	5.331998
13	58	14	4.444976
14	58	15	1.378631
15	58	179	-5.504915
16	58	161	-18.705256
17	58	0	-21.855852
18	58	0	-9.217089
19	58	1	-0.434422
20	58	0	2.663007
21	58	1	10.365794
22	58	0	25.952629
23	58	606	41.421867
24	58	668	35.1078
25	58	765	15.380762
26	58	727	1.036954
27	58	728	3.557622
28	58	728	51.882202
29	58	766	136.292343
30	58	16	190.757095
31	58	172	197.564697
32	58	15	146.739319
33	58	0	147.020172
34	58	1	154.9888
35	58	2	146.639282
36	58	34	118.043831
37	58	20	56.349476
38	58	14	10.099712
39	58	47	0
40	58	15	9.269997
41	58	0	0
42	58	0	-4.18693
43	58	254	-6.082274
44	58	407	0
45	58	1293	0
46	58	325	0
47	58	325	0
48	58	325	0
49	58	296	0
50	58	325	0
51	58	296	35.759983
52	58	325	35.759983
53	58	1429	35.759983
54	58	1430	192.238861
55	58	1431	191.375214
56	58	1342	191.375214
57	58	719	252.520493
58	58	620	259.031464
59	58	1344	259.031464
60	58	133	274.631989
61	58	0	284.430023
62	58	5	307.056671
63	58	7	318.641449
64	58	1	318.641449
65	58	2	277.630341
66	58	2	277.630341
67	58	0	119.069031
68	58	0	122.015793
69	58	2	122.015793
70	58	1	35.759983
71	58	254	28.469986
72	58	1432	12.552004
73	58	1175	0
74	58	1176	0
75	58	2	0
76	58	1070	0.474799
77	58	1222	7.195416
78	58	1244	6.653032
79	58	1421	0
80	58	1154	0
81	58	1175	-1.546722
82	58	1204	47.453068
83	58	1176	84.531235
84	58	2	98.10096
85	58	1070	86.178764
86	58	1433	51.068569
87	58	1056	31.094288
88	58	1	33.532806
89	58	2	33.583393
90	58	1	49.593929
91	58	526	62.36005
92	58	563	60.594879
93	58	220	54.203518
94	58	721	38.157452
95	58	1400	42.082283
96	58	563	49.713192
97	58	0	43.292763
98	58	220	31.612192
99	58	221	16.383242
100	58	221	6.581817
101	58	1434	1.167879
102	58	1435	0
103	58	54	4.209607
104	58	55	10.690897
105	58	47	9.819514
106	58	107	4.359128
107	58	1001	0.185644
108	58	916	0.71009
109	58	917	9.58679
110	58	1	18.979731
111	58	2	36.859474
112	58	2	49.234581
113	58	0	44.288158
114	58	0	29.668861
115	58	1	18.401936
116	58	0	4.83222
117	58	0	17.305677
118	58	1	35.093483
119	58	2	28.158667
120	58	822	7.998364
121	58	888	1.95657
122	58	1436	6.396027
123	58	427	10.939038
124	58	1437	44.11079
125	58	1321	51.157764
126	58	1383	53.6273
127	58	1384	49.74419
128	58	1413	0
0	59	1413	0
1	59	1413	2.31183
2	59	1438	9.67019
3	59	1439	14.328938
4	59	1413	8.659836
5	59	1428	2.337006
6	59	427	5.202181
7	59	427	8.499487
8	59	427	6.728241
9	59	427	2.382226
10	59	2	1.620416
11	59	0	3.695118
12	59	2	7.267878
13	59	1	9.669684
14	59	1	6.34198
15	59	0	-4.991899
16	59	0	-18.914421
17	59	1	-19.605083
18	59	1	-9.283556
19	59	0	3.2878
20	59	0	8.944363
21	59	0	15.608461
22	59	701	32.117439
23	59	608	45.966812
24	59	668	46.034203
25	59	728	29.579384
26	59	727	8.463768
27	59	607	0.319491
28	59	609	3.725638
29	59	14	67.653969
30	59	15	162.134033
31	59	2	193.822525
32	59	1	171.782242
33	59	1	160.125305
34	59	0	150.621658
35	59	0	132.019012
36	59	3	85.337158
37	59	4	24.806072
38	59	0	0
39	59	2	-0.610853
40	59	0	-2.614806
41	59	0	0
42	59	0	-5.211759
43	59	1	-2.203509
44	59	254	0
45	59	407	0
46	59	407	0
47	59	407	0
48	59	407	0
49	59	1293	0
50	59	296	0
51	59	1242	0
52	59	1440	35.759983
53	59	1441	35.759983
54	59	1442	194.554855
55	59	1254	191.375214
56	59	852	191.375214
57	59	366	239.1716
58	59	133	259.031464
59	59	1	259.031464
60	59	5	267.107635
61	59	38	284.430023
62	59	39	283.482758
63	59	1	277.630341
64	59	2	277.630341
65	59	2	277.630341
66	59	1	119.069031
67	59	0	117.557281
68	59	0	122.015793
69	59	1	35.759983
70	59	0	34.362049
71	59	1085	22.301992
72	59	1086	21.186012
73	59	2	13.032003
74	59	2	0
75	59	1085	0.408001
76	59	1175	0.408001
77	59	1204	0.408001
78	59	1204	7.466428
79	59	1204	7.681825
80	59	1176	1.619212
81	59	2	0
82	59	0	27.043875
83	59	0	76.793159
84	59	1085	77.690392
85	59	1443	65.677017
86	59	965	30.578173
87	59	2	16.841421
88	59	1	29.200445
89	59	0	41.310078
90	59	220	66.488098
91	59	1444	67.17614
92	59	919	67.890488
93	59	1445	56.26672
94	59	721	41.9258
95	59	718	49.55027
96	59	622	56.547577
97	59	0	44.453068
98	59	1	30.465101
99	59	0	14.06941
100	59	220	2.691015
101	59	1446	0.09865
102	59	18	0
103	59	20	0
104	59	1	1.032396
105	59	5	1.929275
106	59	7	0.604093
107	59	1	0
108	59	2	0
109	59	0	0.375031
110	59	1	5.741799
111	59	1	22.6714
112	59	0	39.747902
113	59	1	44.640171
114	59	10	38.41275
115	59	65	30.299421
116	59	66	17.020643
117	59	2	24.923634
118	59	0	38.745834
119	59	987	27.404009
120	59	916	6.055645
121	59	427	0.325217
122	59	427	15.86668
123	59	1447	9.126216
124	59	1448	31.919453
125	59	1413	47.102108
126	59	1413	36.965126
127	59	1413	32.839935
128	59	1413	0
0	60	1413	0
1	60	427	1.291004
2	60	1449	9.176888
3	60	427	14.800354
4	60	427	10.473841
5	60	427	2.584239
6	60	427	1.162893
7	60	427	2.593032
8	60	1	3.444624
9	60	0	4.271149
10	60	2	2.52471
11	60	113	2.442722
12	60	114	8.141031
13	60	165	8.994858
14	60	2	4.661176
15	60	1	-5.817142
16	60	1	-16.013058
17	60	0	-16.15588
18	60	0	-5.762713
19	60	2	4.485766
20	60	0	11.280647
21	60	0	21.275425
22	60	701	30.055647
23	60	818	40.361614
24	60	818	41.338287
25	60	818	31.385109
26	60	609	15.144684
27	60	2	5.051427
28	60	3	0
29	60	28	0
30	60	28	42.706089
31	60	4	82.753304
32	60	2	111.891914
33	60	0	147.346024
34	60	1	155.72995
35	60	14	132.846085
36	60	15	68.203255
37	60	2	19.595966
38	60	1	0
39	60	0	-2.340615
40	60	1	-7.179662
41	60	1	-1.507951
42	60	2	-10.782852
43	60	0	-2.616649
44	60	0	0
45	60	1	0
46	60	0	0
47	60	2	0
48	60	254	0
49	60	1293	0
50	60	1255	0
51	60	1450	0
52	60	1219	0
53	60	1451	35.759983
54	60	1254	197.374786
55	60	1390	197.374786
56	60	1452	191.375214
57	60	2	208.757141
58	60	0	259.031464
59	60	35	259.031464
60	60	61	259.031464
61	60	20	259.031464
62	60	2	259.031464
63	60	0	267.77887
64	60	0	277.630341
65	60	2	110.95137
66	60	2	110.95137
67	60	1	110.95137
68	60	0	34.62598
69	60	2	35.759983
70	60	1152	31.175976
71	60	1453	31.200012
72	60	92	21.144003
73	60	1454	21.300007
74	60	1244	13.68
75	60	1086	27.726019
76	60	2	14.13597
77	60	0	15.264003
78	60	1	10.482001
79	60	0	2.971678
80	60	1070	14.58675
81	60	1455	18.077265
82	60	1456	5.270188
83	60	1295	31.793009
84	60	1176	43.55307
85	60	2	30.728146
86	60	1	16.062359
87	60	2	26.601355
88	60	1	41.440125
89	60	1	61.083519
90	60	992	70.569092
91	60	1457	69.056931
92	60	1458	70.375732
93	60	490	64.704536
94	60	1400	51.849628
95	60	563	49.473484
96	60	2	45.210907
97	60	0	41.050842
98	60	2	27.031185
99	60	1	13.748186
100	60	34	10.676583
101	60	20	8.768885
102	60	5	5.222235
103	60	6	2.53502
104	60	18	0.443854
105	60	20	0
106	60	2	0
107	60	2	0
108	60	0	0
109	60	2	0
110	60	0	0.133644
111	60	2	7.273023
112	60	1	19.581139
113	60	126	36.76342
114	60	127	46.101131
115	60	217	38.935265
116	60	2	24.576624
117	60	2	33.449192
118	60	0	42.957951
119	60	1459	25.737906
120	60	391	-13.052791
121	60	427	-0.405973
122	60	270	14.60524
123	60	1460	23.937544
124	60	1413	21.679733
125	60	1413	30.435785
126	60	1413	22.489643
127	60	1413	11.129956
128	60	427	0
0	61	427	0
1	61	1461	0.020865
2	61	427	6.067603
3	61	1462	13.797425
4	61	427	13.540318
5	61	427	5.969603
6	61	427	0
7	61	1167	0.653312
8	61	0	4.127367
9	61	113	7.962148
10	61	1135	6.422726
11	61	296	2.448104
12	61	1294	2.902499
13	61	2	-4.743468
14	61	0	-11.598037
15	61	0	-12.868404
16	61	1103	-11.410957
17	61	729	-9.793978
18	61	0	-3.675042
19	61	1	2.3366
20	61	1	9.858147
21	61	0	18.484306
22	61	0	22.441544
23	61	0	24.321566
24	61	1	24.97971
25	61	1	24.362806
26	61	2	21.164595
27	61	14	12.167475
28	61	47	1.501554
29	61	47	0
30	61	15	0
31	61	0	5.297527
32	61	2	37.648407
33	61	0	82.621613
34	61	0	113.858795
35	61	0	97.139877
36	61	2	48.702858
37	61	2	11.451816
38	61	1	0
39	61	0	-2.251734
40	61	0	-2.103705
41	61	1	-4.323568
42	61	1	-4.482366
43	61	2	0
44	61	0	0
45	61	1	0
46	61	2	-34.637993
47	61	1	-34.637993
48	61	254	-7.679998
49	61	332	0
50	61	19	0
51	61	493	0
52	61	1199	0
53	61	1463	127.997437
54	61	1464	199.007462
55	61	1465	197.081573
56	61	1	190.631546
57	61	1	191.375214
58	61	34	222.673843
59	61	108	259.031464
60	61	7	259.031464
61	61	2	256.174011
62	61	5	269.824432
63	61	7	269.824432
64	61	2	272.207214
65	61	2	97.326164
66	61	1	97.326164
67	61	2	110.95137
68	61	0	35.759983
69	61	1	35.759983
70	61	134	30.792011
71	61	804	30.792011
72	61	1466	41.538029
73	61	1296	44.016022
74	61	1298	74.640221
75	61	30	74.640221
76	61	92	74.640221
77	61	92	26.910009
78	61	31	21.347988
79	61	1085	8.952
80	61	1467	0
81	61	1468	5.904142
82	61	1298	0
83	61	1	4.342084
84	61	797	9.54958
85	61	1120	6.326112
86	61	881	17.50111
87	61	2	33.591404
88	61	2	44.174007
89	61	0	63.51302
90	61	1469	68.617706
91	61	1470	79.307968
92	61	1471	67.181419
93	61	491	64.00544
94	61	563	45.20039
95	61	1	35.175922
96	61	2	28.784786
97	61	2	26.616983
98	61	1	19.755814
99	61	0	18.238564
100	61	2	19.779348
101	61	34	18.819939
102	61	19	16.594046
103	61	20	14.121327
104	61	2	8.996756
105	61	0	2.698006
106	61	1	0
107	61	1	0
108	61	1	7.382926
109	61	1	0.274487
110	61	1	0
111	61	1	0.711676
112	61	0	22.085146
113	61	1	42.92609
114	61	0	51.555099
115	61	797	40.708508
116	61	881	31.304262
117	61	1459	39.191502
118	61	556	40.410656
119	61	270	21.172184
120	61	270	-10.06476
121	61	1472	-4.566088
122	61	1473	15.549231
123	61	1413	15.592265
124	61	1413	23.011391
125	61	1413	24.327618
126	61	1413	24.707184
127	61	427	4.680224
128	61	427	0
0	62	427	0
1	62	427	0
2	62	427	3.483327
3	62	427	14.276599
4	62	427	22.5012
5	62	427	15.328306
6	62	1474	3.393632
7	62	64	0
8	62	1378	6.455593
9	62	347	13.965101
10	62	1475	11.998437
11	62	1476	4.164238
12	62	201	-4.254061
13	62	236	-22.042572
14	62	236	-33.580688
15	62	1477	-19.757437
16	62	635	-4.404858
17	62	1237	-3.39447
18	62	729	5.081073
19	62	1	14.608827
20	62	2	16.924559
21	62	0	15.800478
22	62	2	17.022507
23	62	0	19.720846
24	62	2	17.684555
25	62	2	23.632261
26	62	1	27.84173
27	62	0	20.050871
28	62	0	5.913801
29	62	1	0
30	62	1	0
31	62	2	0
32	62	2	0
33	62	0	23.458853
34	62	0	35.385197
35	62	2	30.22295
36	62	2	11.420089
37	62	2	0.034501
38	62	0	0
39	62	2	-1.86853
40	62	2	-0.001532
41	62	2	-3.880013
42	62	2	-0.331047
43	62	1	5.652003
44	62	0	0
45	62	1	0
46	62	1	-34.637993
47	62	2	-34.637993
48	62	1	-27.605989
49	62	2	-20.075983
50	62	2	0
51	62	1	0
52	62	99	136.421341
53	62	138	137.015839
54	62	1478	202.283432
55	62	165	200.681427
56	62	0	187.175568
57	62	1	181.217239
58	62	35	191.375214
59	62	39	222.233795
60	62	2	209.105804
61	62	34	110.95137
62	62	20	110.95137
63	62	1	110.95137
64	62	2	97.326164
65	62	0	97.326164
66	62	1	97.326164
67	62	2	79.53582
68	62	1070	34.511978
69	62	1479	28.440004
70	62	132	30.576008
71	62	1480	39.744007
72	62	991	74.640221
73	62	27	74.640221
74	62	99	74.640221
75	62	132	74.640221
76	62	132	74.640221
77	62	133	74.640221
78	62	1481	74.640221
79	62	1482	19.914005
80	62	1483	13.248003
81	62	1484	0
82	62	1	0
83	62	822	0
84	62	888	0
85	62	634	2.843457
86	62	2	18.130537
87	62	0	35.808331
88	62	2	49.560009
89	62	992	59.026798
90	62	1485	72.949036
91	62	1486	64.795288
92	62	491	57.120201
93	62	718	59.245567
94	62	622	32.950573
95	62	2	31.504208
96	62	0	22.676609
97	62	2	19.417309
98	62	1	12.289163
99	62	1	20.986774
100	62	1	18.882931
101	62	0	16.532482
102	62	1	20.444904
103	62	2	21.659506
104	62	2	15.618459
105	62	0	6.221323
106	62	0	0.167903
107	62	0	4.92077
108	62	0	16.336945
109	62	2	0
110	62	2	0
111	62	2	9.55384
112	62	1	40.201797
113	62	1	46.992748
114	62	822	53.379925
115	62	1459	41.778336
116	62	556	44.695534
117	62	270	45.054043
118	62	270	31.035414
119	62	270	13.453694
120	62	1487	-7.476428
121	62	1488	-20.896509
122	62	1413	0.237815
123	62	1413	28.487244
124	62	1438	31.856905
125	62	1489	34.193909
126	62	1462	25.261038
127	62	427	3.84
128	62	427	0
0	63	427	0
1	63	427	0
2	63	427	0.629651
3	63	427	15.829391
4	63	427	30.285753
5	63	1490	25.105337
6	63	884	8.182
7	63	1491	0.997231
8	63	348	11.677021
9	63	345	19.929787
10	63	777	15.103017
11	63	237	4.325044
12	63	349	-4.604767
13	63	349	-29.590157
14	63	1492	-42.557739
15	63	818	-23.213697
16	63	818	1.21952
17	63	1493	0.797343
18	63	315	12.019339
19	63	165	26.636286
20	63	1	27.156427
21	63	0	15.186786
22	63	2	8.240753
23	63	1	12.000969
24	63	0	13.119485
25	63	2	20.085573
26	63	2	26.48381
27	63	1	24.121414
28	63	1	8.862633
29	63	3	0
30	63	28	0
31	63	28	0
32	63	4	0
33	63	0	1.106318
34	63	1	5.44199
35	63	2	3.886789
36	63	2	0
37	63	2	0
38	63	2	0
39	63	0	-0.317071
40	63	2	-1.045986
41	63	0	2.565357
42	63	0	0
43	63	0	0
44	63	2	5.652003
45	63	2	0
46	63	5	-34.637993
47	63	6	-34.637993
48	63	7	-27.91799
49	63	2	-27.966015
50	63	1	0
51	63	0	137.591385
52	63	99	137.015839
53	63	1494	137.015839
54	63	1294	158.706207
55	63	1	183.011612
56	63	2	192.239532
57	63	34	192.239532
58	63	108	184.175262
59	63	7	191.375214
60	63	1	191.375214
61	63	5	110.95137
62	63	7	110.95137
63	63	1	110.95137
64	63	1	97.326164
65	63	2	97.326164
66	63	1	97.326164
67	63	1085	61.020069
68	63	1086	38.057995
69	63	2	36.563995
70	63	26	44.790337
71	63	1495	74.640221
72	63	1496	74.640221
73	63	1	74.640221
74	63	0	74.640221
75	63	2	74.640221
76	63	2	74.640221
77	63	1497	74.640221
78	63	1498	74.640221
79	63	1499	74.640221
80	63	1086	33.335995
81	63	0	14.72399
82	63	987	0
83	63	916	0
84	63	917	0.383963
85	63	0	12.375459
86	63	2	21.911211
87	63	1	34.244106
88	63	2	45.663975
89	63	992	46.985306
90	63	1500	50.498608
91	63	1501	53.756058
92	63	721	52.501263
93	63	563	47.504456
94	63	2	38.241383
95	63	2	24.920698
96	63	0	24.005362
97	63	0	21.644753
98	63	0	15.166923
99	63	2	2.145594
100	63	0	23.305349
101	63	1	20.672304
102	63	0	20.543072
103	63	0	17.869709
104	63	1	12.920776
105	63	2	5.764833
106	63	0	0.127299
107	63	2	0
108	63	797	0.497459
109	63	881	0
110	63	0	0
111	63	2	15.410546
112	63	1193	34.40292
113	63	1459	50.542858
114	63	556	51.891415
115	63	270	45.722168
116	63	270	53.584332
117	63	270	54.222366
118	63	270	35.729351
119	63	270	7.866195
120	63	1460	-5.388692
121	63	1413	-21.181234
122	63	1438	-6.50758
123	63	1462	28.953714
124	63	427	29.891426
125	63	427	24.566555
126	63	427	34.20166
127	63	427	15.256899
128	63	427	0
0	64	427	0
1	64	427	0
2	64	427	0.086296
3	64	427	13.921481
4	64	1502	28.211243
5	64	1503	24.618618
6	64	1504	8.960698
7	64	742	3.415271
8	64	345	13.489204
9	64	389	21.15958
10	64	345	13.695914
11	64	386	2.62254
12	64	345	-3.683189
13	64	777	-27.1341
14	64	236	-42.127052
15	64	236	-23.839369
16	64	1505	-2.108326
17	64	1506	0.964109
18	64	298	9.395133
19	64	0	21.178244
20	64	3	21.019131
21	64	4	9.240772
22	64	2	0.063455
23	64	0	3.982423
24	64	1	5.970753
25	64	1	10.147573
26	64	3	21.167503
27	64	28	26.041838
28	64	29	15.694268
29	64	47	2.320374
30	64	47	0
31	64	15	0
32	64	0	0
33	64	2	0
34	64	1	0
35	64	2	0
36	64	1	0
37	64	0	0
38	64	1	-0.161851
39	64	1	-2.165817
40	64	2	-1.633075
41	64	1	0
42	64	1	0
43	64	2	0
44	64	1	0
45	64	34	-11.291999
46	64	54	-34.637993
47	64	142	-34.637993
48	64	7	-28.22999
49	64	0	0
50	64	1	136.325363
51	64	2	137.015839
52	64	254	137.015839
53	64	298	137.015839
54	64	2	146.375565
55	64	0	168.209717
56	64	1	184.769592
57	64	34	187.511597
58	64	108	187.391571
59	64	7	191.375214
60	64	34	191.375214
61	64	20	159.377579
62	64	0	110.95137
63	64	0	110.95137
64	64	2	110.95137
65	64	0	115.355858
66	64	1085	83.783997
67	64	1507	68.904053
68	64	92	45.839909
69	64	1508	48.024166
70	64	1509	50.723984
71	64	39	74.640221
72	64	1	74.640221
73	64	0	74.640221
74	64	2	74.640221
75	64	2	74.640221
76	64	1152	74.640221
77	64	1296	74.640221
78	64	1510	74.640221
79	64	1176	74.640221
80	64	2	74.640221
81	64	1	57.978199
82	64	1	0
83	64	0	3.176638
84	64	1	8.406844
85	64	1	18.634447
86	64	0	21.507313
87	64	0	28.888174
88	64	0	38.996918
89	64	966	37.15591
90	64	1511	31.953787
91	64	490	26.048605
92	64	718	16.394846
93	64	622	6.565799
94	64	1	9.202708
95	64	0	13.813153
96	64	1	29.340485
97	64	2	16.762066
98	64	0	3.959066
99	64	1	0
100	64	1	0
101	64	0	5.967375
102	64	0	13.200867
103	64	113	16.123116
104	64	165	18.192913
105	64	1	11.897257
106	64	0	3.93284
107	64	822	0.02735
108	64	1007	5.057569
109	64	1120	7.53685
110	64	1512	1.703252
111	64	1459	10.873527
112	64	556	33.776199
113	64	270	44.892612
114	64	270	32.198967
115	64	270	39.566898
116	64	270	50.934963
117	64	270	62.073376
118	64	1513	56.455212
119	64	1514	27.940773
120	64	1413	6.150301
121	64	1428	-8.978086
122	64	427	-27.285933
123	64	427	6.155416
124	64	427	16.150974
125	64	427	28.731609
126	64	427	35.260563
127	64	427	7.147247
128	64	427	0
0	65	427	0
1	65	427	0
2	65	1515	0.247411
3	65	1516	6.520308
4	65	160	17.20149
5	65	161	18.423977
6	65	828	7.732079
7	65	864	3.162888
8	65	864	11.818704
9	65	742	16.127583
10	65	345	10.517718
11	65	344	1.245189
12	65	345	-1.089241
13	65	389	-20.878225
14	65	863	-34.366253
15	65	865	-23.141468
16	65	298	-2.08066
17	65	0	3.231435
18	65	1	2.882654
19	65	14	6.813438
20	65	15	6.748094
21	65	1	0.365178
22	65	1	0
23	65	0	0
24	65	3	0
25	65	1046	2.225528
26	65	172	16.383091
27	65	15	28.783169
28	65	1	23.723036
29	65	0	10.00745
30	65	2	0.10787
31	65	1	0
32	65	2	0
33	65	2	0
34	65	1	0
35	65	1	0
36	65	1	0
37	65	2	0
38	65	2	-0.684648
39	65	0	-1.164098
40	65	0	0
41	65	2	0
42	65	2	0
43	65	2	0
44	65	1	0
45	65	34	-34.637993
46	65	19	-28.986048
47	65	20	-34.637993
48	65	1	-34.637993
49	65	5	137.015839
50	65	6	137.015839
51	65	7	137.015839
52	65	30	137.015839
53	65	31	137.015839
54	65	1	133.427628
55	65	2	140.855972
56	65	5	172.775696
57	65	38	172.775696
58	65	39	172.775696
59	65	2	183.845154
60	65	1	191.375214
61	65	1	191.375214
62	65	1	110.95137
63	65	0	110.95137
64	65	2	110.95137
65	65	1152	75.341988
66	65	1396	68.424133
67	65	138	48.024166
68	65	1517	55.632156
69	65	1518	48.024166
70	65	39	48.024166
71	65	0	50.723984
72	65	1	74.640221
73	65	2	74.640221
74	65	0	74.640221
75	65	2	74.640221
76	65	46	74.640221
77	65	45	74.640221
78	65	0	74.640221
79	65	0	74.640221
80	65	0	74.640221
81	65	1	7.854005
82	65	0	0
83	65	1	2.631445
84	65	1	12.871446
85	65	1	15.167801
86	65	1	13.57412
87	65	5	23.970375
88	65	1519	32.676872
89	65	1520	10.308377
90	65	721	18.910458
91	65	1400	11.944467
92	65	563	2.95373
93	65	2	9.786304
94	65	2	18.84211
95	65	2	29.890102
96	65	1	19.616503
97	65	0	5.395578
98	65	0	11.194408
99	65	2	15.133285
100	65	2	1.114016
101	65	2	0
102	65	254	0
103	65	298	0
104	65	1	3.462
105	65	1	0
106	65	822	0
107	65	888	5.115749
108	65	1521	22.752712
109	65	427	34.913811
110	65	754	23.700628
111	65	270	3.089998
112	65	270	13.326656
113	65	270	18.841486
114	65	270	14.3038
115	65	270	20.192745
116	65	270	39.515522
117	65	426	65.430328
118	65	1461	60.914463
119	65	1489	55.271519
120	65	1462	19.748669
121	65	427	1.076669
122	65	1417	-14.979284
123	65	1522	-20.631882
124	65	1523	0
125	65	1524	13.81184
126	65	1525	17.652899
127	65	1526	13.121972
128	65	1527	0
0	66	1528	0
1	66	1529	0
2	66	823	0
3	66	64	3.632936
4	66	2	22.862211
5	66	0	33.247135
6	66	1	21.113224
7	66	0	5.992304
8	66	805	6.281831
9	66	349	11.809172
10	66	863	9.067427
11	66	864	3.828615
12	66	864	0.335911
13	66	893	-9.622849
14	66	1	-18.393255
15	66	0	-12.483911
16	66	3	1.263212
17	66	4	7.680817
18	66	1	4.258372
19	66	0	0.326716
20	66	1	0
21	66	1	0
22	66	1	0
23	66	14	0
24	66	47	0
25	66	15	4.357764
26	66	2	17.65522
27	66	2	31.050114
28	66	2	31.976665
29	66	0	19.742704
30	66	1	2.879638
31	66	2	0
32	66	2	0
33	66	1	0
34	66	2	0
35	66	0	0
36	66	1	0
37	66	2	0
38	66	2	0
39	66	0	0
40	66	1	0
41	66	0	0
42	66	30	0
43	66	92	0
44	66	31	0
45	66	1	-34.637993
46	66	0	-34.637993
47	66	2	-28.986048
48	66	34	137.015839
49	66	54	137.015839
50	66	39	137.015839
51	66	134	137.015839
52	66	139	137.015839
53	66	0	137.015839
54	66	0	137.015839
55	66	34	137.015839
56	66	19	137.015839
57	66	20	6.348707
58	66	0	5.351965
59	66	1	32.148193
60	66	1	43.614372
61	66	2	49.433964
62	66	0	94.907707
63	66	1	81.072159
64	66	1	68.141975
65	66	1	61.158104
66	66	99	44.526001
67	66	184	48.024166
68	66	54	48.024166
69	66	39	48.024166
70	66	0	47.970169
71	66	1	54.840286
72	66	2	50.723984
73	66	2	74.640221
74	66	113	74.640221
75	66	165	74.640221
76	66	1	74.640221
77	66	2	74.640221
78	66	1	74.640221
79	66	1	8.346003
80	66	0	0
81	66	0	0
82	66	2	0
83	66	0	0.794299
84	66	0	16.714531
85	66	1	12.333817
86	66	35	18.206896
87	66	1530	24.248983
88	66	1077	9.52584
89	66	220	11.159907
90	66	721	3.206464
91	66	718	13.325911
92	66	622	13.388187
93	66	1	9.568716
94	66	1	9.927345
95	66	0	11.115654
96	66	2	4.294826
97	66	1	0
98	66	2	0
99	66	2	2.179554
100	66	1	2.317723
101	66	1	8.543491
102	66	1	9.329336
103	66	0	0
104	66	1	0
105	66	1531	0
106	66	1532	0
107	66	1459	8.201963
108	66	782	38.938087
109	66	270	57.491798
110	66	270	57.341015
111	66	270	21.253233
112	66	270	0.646685
113	66	270	2.919447
114	66	270	2.707406
115	66	1513	1.504818
116	66	1533	7.946593
117	66	427	37.358105
118	66	1417	63.081104
119	66	1525	55.501659
120	66	1525	21.814098
121	66	1529	-11.370416
122	66	0	-25.403614
123	66	14	-19.034567
124	66	15	-9.714618
125	66	0	0
126	66	179	0.358969
127	66	160	5.320805
128	66	161	0
0	67	1	0
1	67	179	0
2	67	161	0
3	67	0	7.373366
4	67	0	32.792656
5	67	1	49.423897
6	67	1	34.735188
7	67	828	9.682625
8	67	864	4.286753
9	67	893	12.331673
10	67	1	14.176198
11	67	2	6.575799
12	67	2	1.817669
13	67	3	-1.205481
14	67	28	-4.778679
15	67	29	-2.453013
16	67	15	6.356942
17	67	1	9.971904
18	67	0	7.35684
19	67	0	1.315672
20	67	2	0
21	67	2	0
22	67	1	0
23	67	0	0
24	67	2	0.79388
25	67	1	7.703898
26	67	2	17.415833
27	67	0	29.611977
28	67	1	43.375732
29	67	2	42.788437
30	67	2	24.131838
31	67	1	4.122294
32	67	1	0
33	67	2	0
34	67	1	0
35	67	1	0
36	67	2	0
37	67	2	0
38	67	1	0
39	67	5	0
40	67	6	0
41	67	147	0
42	67	132	0
43	67	758	0
44	67	31	0
45	67	1	-34.637993
46	67	1	-33.108002
47	67	0	137.015839
48	67	34	137.015839
49	67	20	137.015839
50	67	99	137.015839
51	67	133	130.781845
52	67	1	130.781845
53	67	0	137.015839
54	67	0	137.015839
55	67	0	137.015839
56	67	2	2.880438
57	67	1	8.952002
58	67	1	0.887962
59	67	0	22.235973
60	67	1	37.241917
61	67	0	44.345894
62	67	0	60.378021
63	67	0	61.158104
64	67	2	61.158104
65	67	2	52.518112
66	67	0	44.526001
67	67	35	48.024166
68	67	39	48.024166
69	67	0	48.024166
70	67	1	48.024166
71	67	2	48.024166
72	67	2	41.010117
73	67	254	51.443996
74	67	298	74.640221
75	67	1	74.640221
76	67	2	74.640221
77	67	2	0
78	67	0	0
79	67	113	0
80	67	165	0
81	67	1	2.696481
82	67	1	11.322161
83	67	963	16.434427
84	67	919	16.260736
85	67	1534	8.135853
86	67	1435	6.512286
87	67	20	23.185493
88	67	1	12.168449
89	67	220	14.691742
90	67	721	4.385565
91	67	718	10.510403
92	67	622	22.320004
93	67	1	14.541391
94	67	0	5.877042
95	67	2	-1.25727
96	67	1	4.880241
97	67	1	10.34424
98	67	1	16.135019
99	67	1	4.85366
100	67	2	8.035549
101	67	0	5.085047
102	67	1	3.849382
103	67	1193	5.157751
104	67	1195	0
105	67	427	0
106	67	754	0
107	67	270	2.050706
108	67	270	34.187061
109	67	270	53.361893
110	67	270	51.601944
111	67	270	46.718327
112	67	270	15.12649
113	67	1513	0.088843
114	67	1533	0
115	67	427	0
116	67	1525	0.719134
117	67	1529	12.207591
118	67	3	30.84613
119	67	4	28.724771
120	67	1	10.945837
121	67	0	1.359635
122	67	1	-12.903316
123	67	2	-11.062263
124	67	1	-2.414725
125	67	3	0
126	67	4	0
127	67	3	0.179776
128	67	28	0
0	68	4	0
1	68	2	0
2	68	2	0
3	68	0	6.181224
4	68	2	26.083233
5	68	0	38.611996
6	68	0	26.683132
7	68	1	5.785009
8	68	3	4.668815
9	68	28	12.941152
10	68	28	14.764008
11	68	28	11.59145
12	68	29	10.681794
13	68	47	8.44872
14	68	15	2.467602
15	68	1	0.584922
16	68	1	5.118345
17	68	1	10.569407
18	68	0	10.956264
19	68	2	6.110906
20	68	1	0.800008
21	68	2	0
22	68	0	0.670736
23	68	2	1.464843
24	68	1	0.50311
25	68	2	11.524691
26	68	0	24.643711
27	68	0	33.803238
28	68	1	49.437283
29	68	0	51.004456
30	68	0	43.885937
31	68	0	17.998669
32	68	2	2.579121
33	68	0	0
34	68	0	0
35	68	0	0
36	68	0	0
37	68	0	0
38	68	1343	0
39	68	1310	0
40	68	108	0
41	68	7	0
42	68	134	0
43	68	708	0
44	68	31	0
45	68	0	-34.637993
46	68	0	137.015839
47	68	2	137.015839
48	68	2	137.015839
49	68	0	137.015839
50	68	2	130.781845
51	68	2	130.781845
52	68	2	137.015839
53	68	2	137.015839
54	68	1	137.015839
55	68	2	1.974539
56	68	0	8.952002
57	68	1	8.952002
58	68	2	8.711963
59	68	2	24.725979
60	68	0	37.409691
61	68	0	35.759983
62	68	2	35.759983
63	68	0	50.850113
64	68	0	50.988121
65	68	1	40.278019
66	68	34	33.563995
67	68	20	46.806
68	68	1	48.024166
69	68	13	48.024166
70	68	12	41.010117
71	68	2	41.010117
72	68	1	41.010117
73	68	2	41.010117
74	68	2	6.815998
75	68	1	0
76	68	2	0
77	68	0	0
78	68	254	0
79	68	298	2.127676
80	68	963	5.615495
81	68	919	4.527698
82	68	1038	2.703862
83	68	964	15.102967
84	68	1423	14.153079
85	68	718	3.494502
86	68	622	12.790358
87	68	1	10.059964
88	68	2	17.512747
89	68	526	12.291975
90	68	527	16.169779
91	68	563	7.828734
92	68	2	18.363476
93	68	1	20.570679
94	68	1	2.538992
95	68	0	0.207975
96	68	1	2.405832
97	68	0	12.542675
98	68	2	21.949345
99	68	0	8.550456
100	68	0	8.326442
101	68	1193	0
102	68	1195	0
103	68	427	0
104	68	1459	0
105	68	270	0.090149
106	68	270	9.288942
107	68	270	11.232909
108	68	270	14.599256
109	68	270	41.243198
110	68	270	50.469185
111	68	1513	50.293293
112	68	1533	39.965477
113	68	427	17.019859
114	68	1529	0.220569
115	68	1	0
116	68	1	0
117	68	14	2.11648
118	68	1010	7.141495
119	68	4	6.143034
120	68	1	-0.160068
121	68	0	-6.074831
122	68	3	12.168598
123	68	28	0
124	68	29	0
125	68	15	0
126	68	14	0
127	68	996	0
128	68	17	0
0	69	2	0
1	69	1	0
2	69	3	0
3	69	4	0.287165
4	69	1	7.946547
5	69	1	12.99858
6	69	0	6.604515
7	69	14	0
8	69	47	3.287158
9	69	47	8.156452
10	69	47	9.476369
11	69	15	15.33358
12	69	0	23.056635
13	69	2	19.82914
14	69	0	6.764799
15	69	2	0.166104
16	69	1	2.423832
17	69	2	9.655956
18	69	0	14.552974
19	69	0	10.520451
20	69	1	3.859886
21	69	1	1.284795
22	69	5	6.398507
23	69	6	8.244905
24	69	7	13.566815
25	69	0	30.56337
26	69	2	49.021729
27	69	1	49.542336
28	69	1	53.07336
29	69	0	56.234802
30	69	1	48.291828
31	69	1	30.110058
32	69	1	13.668469
33	69	2	2.38067
34	69	1	0
35	69	0	0
36	69	797	0
37	69	1535	0
38	69	133	0
39	69	35	0
40	69	39	0
41	69	99	9.138
42	69	138	0
43	69	708	0
44	69	92	0.246485
45	69	31	137.015839
46	69	0	137.015839
47	69	0	137.015839
48	69	2	137.015839
49	69	0	137.015839
50	69	0	137.015839
51	69	5	137.015839
52	69	7	137.015839
53	69	0	137.015839
54	69	0	1.974539
55	69	2	8.952002
56	69	0	8.952002
57	69	0	8.952002
58	69	2	8.952002
59	69	0	23.843977
60	69	1	35.759983
61	69	1	35.759983
62	69	1	35.759983
63	69	1070	42.77404
64	69	1222	38.838024
65	69	1071	25.398024
66	69	1	25.398024
67	69	1	7.014004
68	69	26	41.010117
69	69	27	41.010117
70	69	0	41.010117
71	69	2	41.010117
72	69	1	41.010117
73	69	1	41.010117
74	69	1	0
75	69	1	0
76	69	1	0
77	69	1	0
78	69	0	3.593752
79	69	992	20.71162
80	69	1485	19.82159
81	69	1056	0.990627
82	69	190	13.975161
83	69	490	9.035578
84	69	528	0.174677
85	69	529	8.912183
86	69	190	7.622114
87	69	446	9.16256
88	69	490	13.147838
89	69	528	16.290274
90	69	1536	18.232023
91	69	165	14.592263
92	69	0	12.830323
93	69	0	13.795975
94	69	1	9.118137
95	69	1	2.264377
96	69	0	10.490267
97	69	0	12.763248
98	69	1	23.957207
99	69	1193	9.680441
100	69	1195	11.49662
101	69	427	11.035929
102	69	1459	8.27783
103	69	270	3.72788
104	69	270	1.687732
105	69	270	19.696884
106	69	270	28.322994
107	69	270	36.561104
108	69	270	16.951599
109	69	1513	11.513044
110	69	1533	33.347012
111	69	427	44.06768
112	69	245	44.137074
113	69	0	37.859657
114	69	0	14.235468
115	69	2	0
116	69	2	0
117	69	14	-0.641472
118	69	15	10.200528
119	69	0	-8.126715
120	69	3	-0.634551
121	69	1046	-3.504205
122	69	172	-7.190797
123	69	15	-1.844999
124	69	0	0
125	69	2	0
126	69	14	0
127	69	15	0
128	69	3	0
0	70	28	0
1	70	29	0
2	70	15	0
3	70	1	0
4	70	0	0
5	70	2	0
6	70	1	0
7	70	3	0
8	70	4	0.673569
9	70	1	2.381273
10	70	0	3.09264
11	70	2	16.382906
12	70	0	32.4114
13	70	1	26.425022
14	70	2	8.025225
15	70	0	0
16	70	0	0.449957
17	70	0	6.360157
18	70	2	11.817449
19	70	2	12.006157
20	70	2	9.429707
21	70	34	8.389991
22	70	19	11.356661
23	70	20	19.558807
24	70	1	33.898155
25	70	0	50.891953
26	70	0	56.719154
27	70	2	58.905949
28	70	2	45.673153
29	70	0	38.988045
30	70	2	36.664848
31	70	0	30.215143
32	70	0	17.663841
33	70	2	4.409022
34	70	797	0
35	70	1033	0
36	70	634	0
37	70	1	0
38	70	34	0
39	70	20	0
40	70	1	0
41	70	99	9.138
42	70	132	0
43	70	138	0.774458
44	70	139	137.015839
45	70	5	137.015839
46	70	7	137.015839
47	70	0	137.015839
48	70	2	133.283722
49	70	2	137.015839
50	70	34	137.015839
51	70	20	137.015839
52	70	1	137.015839
53	70	2	1.974539
54	70	2	8.952002
55	70	0	8.952002
56	70	1	3.504002
57	70	2	8.952002
58	70	1	0
59	70	1	8.988
60	70	0	25.685982
61	70	0	35.759983
62	70	1085	35.759983
63	70	1125	35.759983
64	70	1537	25.398024
65	70	66	25.398024
66	70	2	18.384008
67	70	46	0
68	70	45	23.058004
69	70	5	41.010117
70	70	7	41.010117
71	70	2	41.010117
72	70	2	5.094
73	70	963	0
74	70	1024	0
75	70	963	0.669795
76	70	919	11.811525
77	70	919	11.405964
78	70	919	0
79	70	1538	3.298834
80	70	1458	19.951309
81	70	490	14.531044
82	70	528	11.20273
83	70	222	5.774093
84	70	446	0
85	70	1015	0.261957
86	70	221	2.510468
87	70	221	5.23561
88	70	529	0.370755
89	70	254	1.266291
90	70	298	5.023063
91	70	0	9.558507
92	70	0	17.682919
93	70	1	19.298397
94	70	2	11.724835
95	70	2	3.194381
96	70	0	0.344455
97	70	1193	2.662312
98	70	1195	7.272641
99	70	427	16.60334
100	70	1459	17.436026
101	70	270	9.960554
102	70	270	0.523784
103	70	270	0
104	70	270	12.431699
105	70	270	32.542202
106	70	270	44.495468
107	70	1513	39.68557
108	70	1533	20.432613
109	70	427	1.359812
110	70	1417	6.7048
111	70	1529	27.697018
112	70	0	36.850876
113	70	1	38.723282
114	70	0	30.141327
115	70	2	10.211511
116	70	1	-5.83799
117	70	0	-2.123513
118	70	0	5.096183
119	70	16	-7.438191
120	70	172	-12.411374
121	70	15	-15.876454
122	70	0	-4.397093
123	70	1	0
124	70	0	0
125	70	1	0
126	70	3	0
127	70	1046	0
128	70	172	0
0	71	15	0
1	71	2	0
2	71	1	0
3	71	3	0
4	71	28	0
5	71	28	0
6	71	29	0.112284
7	71	15	3.677291
8	71	1	2.967519
9	71	2	0
10	71	1	2.366005
11	71	0	20.914724
12	71	1	35.91787
13	71	1	25.72867
14	71	1	6.361125
15	71	1	0
16	71	2	0
17	71	2	1.883562
18	71	0	5.256852
19	71	0	13.605902
20	71	2	17.97464
21	71	0	20.436874
22	71	1	21.056032
23	71	2	35.748833
24	71	1	47.656822
25	71	2	55.095181
26	71	2	58.958611
27	71	2	50.828068
28	71	2	34.229164
29	71	1	23.360537
30	71	2	20.360733
31	71	0	16.638826
32	71	1	10.274109
33	71	1365	1.61147
34	71	1539	0
35	71	1540	0
36	71	6	0
37	71	7	0
38	71	1	0
39	71	2	0
40	71	2	9.138
41	71	2	4.505991
42	71	134	10.860443
43	71	139	137.015839
44	71	34	137.015839
45	71	20	130.242096
46	71	1	137.015839
47	71	0	133.283722
48	71	0	133.283722
49	71	1	137.015839
50	71	1	137.015839
51	71	0	137.015839
52	71	0	-7.547518
53	71	1	-5.111997
54	71	0	8.952002
55	71	1	0
56	71	1	0
57	71	1	0
58	71	1	0
59	71	2	0
60	71	2	20.957962
61	71	1152	27.917984
62	71	1204	24.803978
63	71	1541	7.014004
64	71	364	18.384008
65	71	2	0
66	71	0	0
67	71	1	0
68	71	35	0
69	71	39	41.010117
70	71	2	8.136
71	71	1	0
72	71	992	0
73	71	842	0
74	71	920	0
75	71	902	0.067556
76	71	1457	9.938656
77	71	1542	19.342329
78	71	1423	0.629951
79	71	528	8.934926
80	71	721	9.896112
81	71	718	10.470981
82	71	490	8.922796
83	71	527	0.574823
84	71	563	2.122434
85	71	2	8.125718
86	71	2	9.227538
87	71	0	4.588189
88	71	0	9.36202
89	71	2	13.136254
90	71	1	10.681837
91	71	0	9.829334
92	71	1	12.230262
93	71	0	11.53508
94	71	1	6.564644
95	71	1	0.734771
96	71	1251	-0.153029
97	71	427	-0.552233
98	71	427	-0.646787
99	71	754	0.149443
100	71	270	4.232049
101	71	270	1.276965
102	71	270	0
103	71	270	0.867169
104	71	270	22.10527
105	71	1513	40.089676
106	71	1533	46.944252
107	71	427	37.31657
108	71	1417	9.30718
109	71	1529	0
110	71	2	0
111	71	2	4.947948
112	71	1	24.498047
113	71	2	40.232883
114	71	2	36.617332
115	71	0	18.996267
116	71	2	-9.828812
117	71	2	-0.940528
118	71	14	0
119	71	15	0
120	71	1	0
121	71	1	-2.043484
122	71	0	0
123	71	0	0
124	71	1	0
125	71	14	0
126	71	47	0
127	71	15	0
128	71	0	0
0	72	1	0
1	72	190	0
2	72	1543	0
3	72	47	0
4	72	47	0
5	72	15	0
6	72	3	10.993579
7	72	4	22.133802
8	72	0	18.11199
9	72	2	7.445374
10	72	1	10.932861
11	72	2	32.000782
12	72	2	41.149239
13	72	5	25.213053
14	72	6	5.556807
15	72	6	0
16	72	7	0
17	72	1	0
18	72	1	4.05547
19	72	2	17.66511
20	72	2	29.348877
21	72	2	29.189556
22	72	2	36.13242
23	72	0	48.794674
24	72	5	53.942982
25	72	7	46.926273
26	72	2	39.814808
27	72	30	32.39241
28	72	31	22.629921
29	72	1	10.399522
30	72	1	4.975575
31	72	1	1.944122
32	72	134	0.78268
33	72	139	0
34	72	35	0
35	72	61	0
36	72	20	0
37	72	2	0
38	72	2	0
39	72	0	9.138
40	72	0	9.138
41	72	99	1.884458
42	72	133	137.015839
43	72	0	137.015839
44	72	2	137.015839
45	72	1	137.015839
46	72	2	137.015839
47	72	0	137.015839
48	72	2	137.015839
49	72	2	137.015839
50	72	2	137.015839
51	72	0	-7.547518
52	72	1	-6.936003
53	72	0	0
54	72	2	0
55	72	1	0
56	72	1	0
57	72	2	0.043023
58	72	2	0
59	72	2	0
60	72	2	0
61	72	0	7.913964
62	72	363	0
63	72	364	0
64	72	13	0
65	72	1544	0
66	72	165	0
67	72	34	0
68	72	20	0
69	72	1	0
70	72	1	0
71	72	963	0
72	72	920	0
73	72	902	0
74	72	965	0
75	72	526	0
76	72	1545	12.311212
77	72	1546	8.80542
78	72	222	3.961648
79	72	490	12.48367
80	72	1547	0
81	72	1548	0
82	72	1549	0
83	72	529	0
84	72	2	7.607262
85	72	0	24.736845
86	72	0	35.702766
87	72	0	32.10762
88	72	0	25.716288
89	72	2	24.543335
90	72	2	16.56715
91	72	2	5.243732
92	72	2	3.282067
93	72	0	1.632952
94	72	2	0.804949
95	72	1550	-2.419718
96	72	1551	-9.415017
97	72	782	-11.321424
98	72	556	-5.968349
99	72	270	-2.023235
100	72	1552	0
101	72	270	0
102	72	270	0
103	72	1513	3.722508
104	72	1533	24.613876
105	72	427	45.964851
106	72	1417	37.705166
107	72	1529	11.189429
108	72	2	0
109	72	1	0
110	72	2	0
111	72	0	0
112	72	2	5.570999
113	72	0	20.984827
114	72	2	25.945814
115	72	2	14.781475
116	72	2	3.472242
117	72	2	2.139374
118	72	2	1.99785
119	72	0	1.409185
120	72	2	0
121	72	2	0
122	72	1	0
123	72	1	0
124	72	1	0
125	72	3	0
126	72	4	0
127	72	2	0
128	72	2	0
0	73	526	0
1	73	1553	0
2	73	28	0
3	73	4	0
4	73	1	0
5	73	14	2.395485
6	73	1010	25.20047
7	73	4	44.684834
8	73	1	33.868755
9	73	2	13.827693
10	73	0	15.661128
11	73	1	33.536057
12	73	34	37.192715
13	73	19	19.319571
14	73	19	2.842164
15	73	20	0
16	73	1	0
17	73	0	0.204699
18	73	2	7.429891
19	73	30	19.59594
20	73	92	26.910172
21	73	31	25.820522
22	73	5	34.811768
23	73	38	48.914433
24	73	39	38.925564
25	73	30	27.755884
26	73	93	22.668102
27	73	139	22.022867
28	73	0	10.16504
29	73	2	1.23949
30	73	1	0.2281
31	73	134	0
32	73	139	0
33	73	35	0
34	73	39	0
35	73	1	0
36	73	2	0
37	73	2	0
38	73	2	0
39	73	2	0
40	73	0	40.242001
41	73	1	88.793442
42	73	1	124.007957
43	73	5	137.015839
44	73	7	137.015839
45	73	0	137.015839
46	73	0	130.079437
47	73	5	130.079437
48	73	7	137.015839
49	73	1	137.015839
50	73	2	-7.547518
51	73	0	0
52	73	2	0
53	73	2	0
54	73	2	0
55	73	2	0.256494
56	73	1	3.408223
57	73	2	4.053085
58	73	1	1.591654
59	73	0	0
60	73	0	0
61	73	126	0
62	73	329	0
63	73	1554	0
64	73	1555	0
65	73	1556	0
66	73	1557	0
67	73	7	0
68	73	1	0
69	73	1	0
70	73	992	0
71	73	964	0
72	73	1558	0
73	73	446	0
74	73	1015	0
75	73	1559	0
76	73	20	16.118078
77	73	1560	11.554166
78	73	1548	19.827505
79	73	1561	3.159149
80	73	259	0.049042
81	73	39	0
82	73	1	0
83	73	2	0
84	73	2	9.186499
85	73	2	32.475891
86	73	1	51.416862
87	73	1	46.72654
88	73	2	32.192066
89	73	2	23.281286
90	73	1	12.799007
91	73	1	1.864464
92	73	2	0
93	73	1	6.964339
94	73	0	11.761442
95	73	269	-4.338552
96	73	270	-27.460135
97	73	270	-29.297344
98	73	270	-16.066992
99	73	270	-4.4104
100	73	1562	0
101	73	1563	0
102	73	1533	0
103	73	1417	4.297205
104	73	1525	24.210188
105	73	1529	37.327133
106	73	2	24.629185
107	73	1	3.513925
108	73	0	0
109	73	1	0
110	73	2	0
111	73	0	0
112	73	2	0
113	73	1	5.563282
114	73	2	9.845448
115	73	0	6.733957
116	73	0	0.570794
117	73	0	-13.062105
118	73	1	4.210134
119	73	1	5.531348
120	73	2	0.518491
121	73	0	-0.224203
122	73	190	0
123	73	446	0
124	73	1564	0
125	73	17	0
126	73	2	0
127	73	190	0
128	73	490	0
0	74	1565	0
1	74	47	0
2	74	15	0
3	74	3	0
4	74	4	0
5	74	14	5.547205
6	74	15	32.065006
7	74	5	49.516518
8	74	6	33.114445
9	74	6	8.465456
10	74	7	9.674643
11	74	1	19.648336
12	74	0	17.467867
13	74	0	7.714029
14	74	2	0.100657
15	74	0	0
16	74	1	0.447048
17	74	30	2.123345
18	74	93	8.872819
19	74	804	17.145245
20	74	139	27.042923
21	74	34	39.218815
22	74	54	37.538837
23	74	68	32.206547
24	74	93	18.365669
25	74	366	5.05276
26	74	133	6.495595
27	74	5	6.241874
28	74	6	0
29	74	7	0
30	74	99	0
31	74	133	0
32	74	34	0
33	74	20	0
34	74	1	0
35	74	30	0
36	74	31	0
37	74	2	0
38	74	0	0
39	74	1	11.688001
40	74	1	45.473999
41	74	2	84.215729
42	74	34	89.699638
43	74	20	121.331314
44	74	0	137.135422
45	74	0	137.015839
46	74	35	137.015839
47	74	39	137.015839
48	74	1	137.015839
49	74	2	-4.439523
50	74	1	0
51	74	0	0
52	74	2	0
53	74	1	0
54	74	2	0.3127
55	74	1	7.962201
56	74	1	13.824185
57	74	2	10.78655
58	74	0	4.58828
59	74	1	0.125502
60	74	2	0
61	74	1566	0
62	74	1567	0
63	74	1568	0
64	74	1569	0
65	74	1570	0
66	74	20	0.210032
67	74	1	1.038874
68	74	0	2.448752
69	74	2	3.375183
70	74	2	5.510307
71	74	526	7.079905
72	74	528	2.941597
73	74	529	0
74	74	2	0
75	74	0	-0.910795
76	74	1571	18.947092
77	74	497	21.499184
78	74	1402	17.140181
79	74	259	3.274254
80	74	1572	3.339893
81	74	622	2.996776
82	74	1	0.011434
83	74	0	0
84	74	1	2.711685
85	74	1	19.764194
86	74	2	34.565624
87	74	2	29.437878
88	74	1	18.773544
89	74	0	9.851852
90	74	1	3.81547
91	74	1	0
92	74	2	6.342566
93	74	0	27.093245
94	74	307	33.36731
95	74	308	2.841147
96	74	270	-32.287899
97	74	270	-35.472939
98	74	270	-17.19034
99	74	270	-3.352662
100	74	1573	0
101	74	427	0
102	74	245	0
103	74	1	4.382083
104	74	2	22.093349
105	74	1	32.928513
106	74	0	18.83843
107	74	0	2.83828
108	74	1	2.784127
109	74	190	1.165119
110	74	622	0
111	74	2	0
112	74	0	0
113	74	0	0.214592
114	74	2	1.533438
115	74	0	1.173
116	74	190	-6.617034
117	74	446	-20.222561
118	74	446	-1.215903
119	74	446	0.862461
120	74	446	-8.183139
121	74	490	-5.466194
122	74	1400	0
123	74	1574	0
124	74	1290	0
125	74	92	0
126	74	1575	0
127	74	1576	0
128	74	1577	0
0	75	4	0
1	75	1	0
2	75	14	0
3	75	1010	0
4	75	1578	0
5	75	31	10.385699
6	75	1343	31.497766
7	75	620	39.218922
8	75	1310	19.963259
9	75	20	6.473389
10	75	1	18.862278
11	75	0	19.632385
12	75	1	7.947328
13	75	0	0
14	75	2	0
15	75	30	0.583991
16	75	93	1.97587
17	75	366	4.802115
18	75	132	8.882371
19	75	133	22.997717
20	75	1	55.960579
21	75	34	76.224411
22	75	77	61.774757
23	75	366	24.436239
24	75	133	7.573295
25	75	1	0
26	75	34	0
27	75	19	0
28	75	20	0
29	75	30	0
30	75	31	0
31	75	0	0
32	75	30	0
33	75	92	0
34	75	109	0
35	75	133	0
36	75	2	0
37	75	2	0
38	75	1	15.222005
39	75	2	21.348005
40	75	2	44.189991
41	75	2	72.503891
42	75	1	91.343529
43	75	2	94.067352
44	75	0	122.441254
45	75	35	137.015839
46	75	39	137.015839
47	75	0	137.015839
48	75	0	-17.951551
49	75	1	0
50	75	2	0
51	75	0	0
52	75	1	0
53	75	0	0
54	75	2	8.984007
55	75	0	28.547049
56	75	1	34.144253
57	75	0	20.916409
58	75	1070	5.832368
59	75	1222	0
60	75	1579	0.752234
61	75	1580	2.516331
62	75	267	5.373233
63	75	19	7.030742
64	75	20	6.011901
65	75	1	5.602366
66	75	963	5.524303
67	75	919	6.62184
68	75	1024	8.429428
69	75	0	14.094123
70	75	526	24.854273
71	75	718	32.143749
72	75	622	25.140976
73	75	1	9.842896
74	75	1	0.712268
75	75	220	2.172646
76	75	721	9.644516
77	75	1401	31.247662
78	75	497	9.585716
79	75	1581	28.14496
80	75	718	14.594404
81	75	622	21.698824
82	75	0	17.585546
83	75	0	11.057335
84	75	1	6.904349
85	75	0	3.667469
86	75	0	9.19173
87	75	1	8.896383
88	75	0	2.537432
89	75	0	0.016099
90	75	2	0
91	75	0	2.831671
92	75	2	25.192547
93	75	1	43.929512
94	75	307	37.500305
95	75	308	3.869305
96	75	270	-21.949167
97	75	270	-21.82913
98	75	427	-7.958702
99	75	427	-0.109157
100	75	427	0
101	75	245	0
102	75	1	0
103	75	1	8.250527
104	75	2	26.845257
105	75	5	33.958195
106	75	7	23.231674
107	75	190	17.075417
108	75	490	20.182589
109	75	718	15.356417
110	75	446	3.105765
111	75	622	0.122459
112	75	190	0
113	75	446	0
114	75	499	0
115	75	531	0
116	75	532	-3.276
117	75	1373	-8.35164
118	75	1373	-6.876564
119	75	1373	0
120	75	1373	1.717818
121	75	528	-13.86204
122	75	1582	0
123	75	1583	0
124	75	138	0.777032
125	75	566	9.164686
126	75	1584	0
127	75	1585	0
128	75	1586	0
0	76	446	0
1	76	622	0
2	76	16	0
3	76	1587	0
4	76	708	0.920864
5	76	93	16.097927
6	76	852	32.292782
7	76	708	28.905315
8	76	31	12.299204
9	76	2	25.730701
10	76	2	44.310596
11	76	1	38.299633
12	76	1	14.455116
13	76	2	0.288527
14	76	134	0
15	76	366	1.821645
16	76	133	4.92264
17	76	5	7.020164
18	76	6	6.490829
19	76	7	24.44309
20	76	0	57.702805
21	76	99	79.60778
22	76	133	77.056656
23	76	1	37.20879
24	76	0	19.764122
25	76	2	9.079138
26	76	30	0.798898
27	76	1037	0
28	76	1238	0
29	76	1022	0
30	76	447	0
31	76	93	0
32	76	366	0
33	76	133	0
34	76	2	0
35	76	2	0
36	76	2	0
37	76	0	0
38	76	1	14.988004
39	76	1	28.074011
40	76	0	32.718014
41	76	0	63.455978
42	76	1	71.651802
43	76	30	90.095749
44	76	1588	93.521912
45	76	720	124.679909
46	76	0	137.015839
47	76	2	-14.579535
48	76	1	-5.256067
49	76	0	0
50	76	1	0
51	76	2	0
52	76	2	0
53	76	1	0
54	76	1	21.007349
55	76	2	46.483208
56	76	1	52.386818
57	76	1085	31.740818
58	76	1589	11.437778
59	76	1590	6.296811
60	76	5	7.632519
61	76	7	11.816685
62	76	2	17.889313
63	76	13	20.388514
64	76	12	17.916422
65	76	992	13.74357
66	76	1485	11.13307
67	76	1056	10.206929
68	76	190	11.117476
69	76	490	18.402082
70	76	1591	33.936085
71	76	1592	48.239616
72	76	622	39.809689
73	76	1	17.293966
74	76	1	18.086039
75	76	220	12.224145
76	76	221	20.844889
77	76	221	33.197475
78	76	221	29.233061
79	76	221	14.566894
80	76	222	27.87851
81	76	446	49.626007
82	76	622	55.21558
83	76	1	45.284271
84	76	2	28.654156
85	76	0	10.493937
86	76	0	0.121931
87	76	1	0
88	76	2	0
89	76	2	0
90	76	1	1.146013
91	76	1	17.698524
92	76	0	42.496189
93	76	0	40.287781
94	76	307	10.790839
95	76	483	-10.294229
96	76	1593	-12.966685
97	76	1525	-5.397185
98	76	244	-0.372877
99	76	1417	0
100	76	1529	0
101	76	2	0
102	76	1	12.947185
103	76	1	35.943836
104	76	34	48.578583
105	76	333	43.148914
106	76	490	36.421505
107	76	528	41.826626
108	76	221	46.071812
109	76	721	31.333473
110	76	563	13.838006
111	76	716	4.424775
112	76	532	0.504862
113	76	690	0
114	76	568	0
115	76	1594	0
116	76	491	0
117	76	1373	0
118	76	1373	-5.797846
119	76	528	-0.001616
120	76	529	-0.241592
121	76	16	-7.540469
122	76	17	0
123	76	99	0
124	76	132	1.051548
125	76	100	8.887775
126	76	1595	3.7935
127	76	1596	0
128	76	1597	0
0	77	563	0
1	77	16	0
2	77	1598	0
3	77	565	0
4	77	366	4.883434
5	77	132	18.29879
6	77	132	28.42445
7	77	133	23.01922
8	77	0	23.384548
9	77	0	43.239101
10	77	2	56.214504
11	77	2	38.564865
12	77	0	12.458035
13	77	99	0.205223
14	77	133	3.559332
15	77	5	10.427009
16	77	38	11.836692
17	77	61	8.004195
18	77	20	3.830607
19	77	2	11.421184
20	77	2	49.366768
21	77	1	70.072739
22	77	0	69.577034
23	77	1	54.696308
24	77	2	57.055065
25	77	1067	43.324917
26	77	653	30.619633
27	77	620	18.684645
28	77	620	4.553236
29	77	1340	0
30	77	366	0
31	77	561	0
32	77	7	0
33	77	1	0
34	77	0	0
35	77	1	0
36	77	1	0
37	77	1	0
38	77	2	19.056004
39	77	1	20.310005
40	77	1	43.014008
41	77	1	36.941994
42	77	134	53.639996
43	77	366	63.875912
44	77	133	82.200012
45	77	1	93.521912
46	77	2	-17.951551
47	77	0	-11.052056
48	77	0	-6.480054
49	77	0	0
50	77	1	0
51	77	1	2.172632
52	77	1	5.215567
53	77	0	5.592824
54	77	0	27.055159
55	77	1	52.219597
56	77	1085	49.845535
57	77	1599	31.233929
58	77	364	21.697605
59	77	35	18.151691
60	77	39	14.418791
61	77	0	17.228136
62	77	46	21.819714
63	77	45	23.646044
64	77	1	19.27091
65	77	992	13.397861
66	77	1600	8.60383
67	77	1546	6.498046
68	77	721	5.405943
69	77	1601	8.721506
70	77	1602	18.776026
71	77	563	29.422436
72	77	0	25.512978
73	77	2	15.631473
74	77	0	18.696381
75	77	190	18.344849
76	77	499	28.024595
77	77	92	26.320513
78	77	92	22.16987
79	77	1575	21.533092
80	77	1373	28.52302
81	77	718	51.644001
82	77	622	66.307152
83	77	1	59.958866
84	77	0	38.318951
85	77	2	13.71766
86	77	2	0.428073
87	77	0	0
88	77	0	0
89	77	2	0
90	77	2	3.941911
91	77	2	22.977909
92	77	1	35.145107
93	77	1	12.761052
94	77	0	-18.298389
95	77	0	-23.417791
96	77	1	-6.620417
97	77	1550	-0.15822
98	77	1529	0
99	77	2	0
100	77	2	0
101	77	2	5.464686
102	77	2	39.16325
103	77	1	66.804962
104	77	526	79.038536
105	77	1373	52.023006
106	77	563	42.772747
107	77	1	53.701496
108	77	220	50.358845
109	77	1603	33.370014
110	77	93	20.733942
111	77	1604	12.258119
112	77	221	5.370155
113	77	529	0.880641
114	77	220	3.264761
115	77	221	2.309582
116	77	221	7.320156
117	77	221	0
118	77	529	0
119	77	0	10.29977
120	77	14	5.38167
121	77	15	0.07107
122	77	2	0
123	77	0	1.345127
124	77	1	15.062112
125	77	14	1.586867
126	77	996	23.100494
127	77	1605	4.604193
128	77	222	0
0	78	1543	0
1	78	1606	0
2	78	690	0
3	78	691	0.20594
4	78	1	4.919739
5	78	0	14.293944
6	78	0	18.724968
7	78	2	28.218122
8	78	1	38.067554
9	78	2	47.140709
10	78	0	39.633728
11	78	1	20.555099
12	78	1	0.535438
13	78	1	3.578362
14	78	35	13.470976
15	78	61	22.896767
16	78	300	26.736649
17	78	31	18.311062
18	78	2	5.106373
19	78	0	4.383036
20	78	1	16.963516
21	78	0	38.293488
22	78	1	55.569973
23	78	0	79.773651
24	78	34	94.303482
25	78	1607	99.255508
26	78	1342	93.386841
27	78	362	73.788467
28	78	366	35.645279
29	78	133	5.490977
30	78	34	0
31	78	20	0
32	78	1	0
33	78	2	0
34	78	2	0
35	78	1	0
36	78	5	0
37	78	6	0
38	78	7	8.832
39	78	2	8.832
40	78	1	25.992014
41	78	1067	41.85001
42	78	1068	45.804012
43	78	2	57.569992
44	78	1	48.635979
45	78	2	42.144257
46	78	1	11.448002
47	78	2	0
48	78	2	0
49	78	2	0
50	78	1	0
51	78	2	7.194326
52	78	2	13.291155
53	78	0	17.148602
54	78	1	35.66647
55	78	1152	46.130894
56	78	1541	34.161556
57	78	1608	23.925692
58	78	18	29.167234
59	78	20	23.694672
60	78	2	14.236235
61	78	0	9.783074
62	78	0	10.646904
63	78	5	11.205594
64	78	7	8.16948
65	78	35	4.668643
66	78	39	2.608028
67	78	220	0.620879
68	78	1609	0.201253
69	78	1610	0
70	78	1611	0.550894
71	78	0	22.235085
72	78	190	27.978518
73	78	446	18.648708
74	78	1015	19.608095
75	78	1612	28.171909
76	78	852	21.272348
77	78	362	27.838924
78	78	1604	34.522926
79	78	721	11.500786
80	78	1400	31.139395
81	78	718	24.44005
82	78	446	33.294495
83	78	622	32.316723
84	78	190	20.633688
85	78	446	6.458168
86	78	446	0
87	78	446	0
88	78	622	0
89	78	1	0
90	78	1	2.662708
91	78	1	5.613031
92	78	0	6.291197
93	78	1	-10.296502
94	78	0	-24.841429
95	78	1	-13.407609
96	78	2	-0.86015
97	78	0	0
98	78	2	0
99	78	2	0
100	78	0	0
101	78	1	10.897091
102	78	190	53.455887
103	78	490	78.796379
104	78	1400	93.313484
105	78	563	69.107506
106	78	0	54.783722
107	78	30	59.738354
108	78	109	45.44276
109	78	132	30.589039
110	78	133	25.931713
111	78	1	22.29277
112	78	2	13.20418
113	78	2	6.468488
114	78	1	16.72838
115	78	2	12.890295
116	78	0	12.743137
117	78	0	10.370481
118	78	0	0
119	78	0	16.204
120	78	30	16.817654
121	78	31	14.864361
122	78	0	0.265609
123	78	3	0
124	78	4	19.394537
125	78	14	2.832795
126	78	1010	0.383885
127	78	1613	0.025248
128	78	1553	0
0	79	1613	0
1	79	1400	0
2	79	718	0
3	79	446	0
4	79	446	2.274371
5	79	622	5.793763
6	79	0	18.275808
7	79	2	36.461132
8	79	1	46.904041
9	79	1	34.921631
10	79	2	16.233751
11	79	1	2.364224
12	79	1	0.055878
13	79	34	4.941462
14	79	20	16.55105
15	79	134	34.589424
16	79	708	47.571125
17	79	31	42.531837
18	79	0	22.315811
19	79	1	4.803428
20	79	2	8.416218
21	79	2	23.238028
22	79	0	48.593781
23	79	0	74.701721
24	79	1365	93.935555
25	79	1367	107.890739
26	79	366	106.696304
27	79	758	81.416794
28	79	92	62.832127
29	79	31	19.414099
30	79	1	16.535856
31	79	2	0
32	79	0	0
33	79	2	0
34	79	1	0
35	79	34	0
36	79	19	0
37	79	20	0
38	79	0	0
39	79	0	0
40	79	35	14.088006
41	79	142	21.480009
42	79	7	38.160015
43	79	0	38.160015
44	79	1	11.856
45	79	2	11.856
46	79	2	11.448002
47	79	1	11.448002
48	79	1	0
49	79	0	0
50	79	0	1.87046
51	79	1	13.49732
52	79	0	21.381662
53	79	0	36.109985
54	79	1	50.441158
55	79	363	46.53688
56	79	264	26.438297
57	79	20	25.688332
58	79	1	33.265343
59	79	2	22.693159
60	79	1	8.430716
61	79	0	0.759285
62	79	1614	0
63	79	1615	0
64	79	35	0
65	79	142	0
66	79	7	0
67	79	2	0
68	79	987	0
69	79	917	0
70	79	2	5.704873
71	79	220	17.04026
72	79	721	22.322094
73	79	563	25.663788
74	79	99	42.486332
75	79	138	39.241314
76	79	687	17.65589
77	79	691	33.32848
78	79	220	27.248383
79	79	221	16.13588
80	79	721	22.178806
81	79	491	20.250326
82	79	718	7.127944
83	79	490	3.435382
84	79	527	1.328174
85	79	528	0
86	79	721	4.534013
87	79	718	0
88	79	622	0
89	79	0	0
90	79	0	-2.880484
91	79	0	-6.565912
92	79	2	-9.82836
93	79	2	-13.861718
94	79	0	-11.752846
95	79	1	-1.214212
96	79	1	0
97	79	0	0
98	79	1	0
99	79	1	0.648
100	79	0	0
101	79	220	6.068655
102	79	721	44.355049
103	79	528	78.910057
104	79	529	87.951347
105	79	0	90.110184
106	79	99	70.066666
107	79	133	70.45266
108	79	0	59.91468
109	79	0	44.897163
110	79	1	41.043602
111	79	2	31.062838
112	79	2	22.817686
113	79	0	13.518671
114	79	2	8.683154
115	79	1	5.030641
116	79	2	4.443795
117	79	30	16.740904
118	79	92	4.252158
119	79	93	0
120	79	708	0.628369
121	79	92	11.713528
122	79	1616	18.891579
123	79	1010	0.452472
124	79	28	7.662015
125	79	29	10.439619
126	79	1606	0
127	79	1565	0
128	79	1617	0
0	80	1618	0
1	80	1596	0
2	80	1597	0
3	80	1373	0
4	80	563	0.117791
5	80	2	2.078416
6	80	1	18.370455
7	80	1	38.951523
8	80	30	37.578449
9	80	31	17.840246
10	80	0	0.034602
11	80	0	0
12	80	2	0
13	80	0	1.920841
14	80	99	9.307385
15	80	132	29.952869
16	80	133	54.567074
17	80	30	56.941093
18	80	92	32.934498
19	80	31	6.641528
20	80	0	4.901944
21	80	1	16.734657
22	80	30	36.057713
23	80	93	54.199306
24	80	804	59.378361
25	80	139	66.340973
26	80	99	69.217682
27	80	132	66.503044
28	80	133	77.00666
29	80	30	50.484608
30	80	92	30.786613
31	80	31	14.142057
32	80	1	0.969777
33	80	2	0
34	80	0	0
35	80	2	0
36	80	2	0
37	80	5	-0.023095
38	80	6	0
39	80	18	0
40	80	1035	0
41	80	552	0
42	80	31	0
43	80	2	0
44	80	0	11.856
45	80	0	10.638001
46	80	2	0
47	80	2	0
48	80	2	0
49	80	2	0.153657
50	80	0	4.084026
51	80	0	13.261342
52	80	2	25.80035
53	80	10	43.32555
54	80	89	55.460129
55	80	364	44.879089
56	80	13	28.455645
57	80	12	29.150238
58	80	1070	32.13472
59	80	1071	17.370779
60	80	1	2.203171
61	80	992	0
62	80	842	0
63	80	1619	0
64	80	19	0
65	80	20	0
66	80	1070	0
67	80	1222	0
68	80	1222	0
69	80	1222	0
70	80	1071	0
71	80	220	0.798198
72	80	529	12.44735
73	80	1	22.061335
74	80	99	21.944992
75	80	600	23.58787
76	80	529	11.916921
77	80	2	20.201963
78	80	1	21.260834
79	80	220	3.413458
80	80	221	13.663916
81	80	221	13.297292
82	80	221	2.925791
83	80	1620	0
84	80	1621	4.928793
85	80	260	16.871574
86	80	1622	13.428562
87	80	718	0
88	80	446	0.574288
89	80	622	4.175616
90	80	0	-2.461789
91	80	2	-9.45184
92	80	1	-8.084999
93	80	2	-4.115581
94	80	1	0.183465
95	80	1	0
96	80	0	0
97	80	190	0
98	80	446	0
99	80	622	0
100	80	2	0
101	80	220	0.712643
102	80	529	22.356432
103	80	0	56.698612
104	80	2	70.79702
105	80	2	69.168304
106	80	0	58.312035
107	80	2	66.811661
108	80	2	71.41555
109	80	2	71.827957
110	80	1	56.441059
111	80	2	46.271389
112	80	0	32.2332
113	80	2	17.918413
114	80	2	9.565822
115	80	2	15.747784
116	80	99	16.789551
117	80	132	14.552323
118	80	132	10.478973
119	80	132	12.417045
120	80	132	13.959665
121	80	133	5.855974
122	80	1623	11.12293
123	80	1624	10.559612
124	80	15	5.322404
125	80	220	5.455412
126	80	529	3.847188
127	80	1	0
128	80	16	0
0	81	172	0
1	81	1606	0
2	81	528	0
3	81	529	0
4	81	2	0
5	81	3	1.723914
6	81	1578	20.25193
7	81	109	35.106689
8	81	133	24.557863
9	81	5	4.643639
10	81	6	0
11	81	7	0
12	81	2	0
13	81	0	0.369916
14	81	1	5.96912
15	81	2	25.534704
16	81	99	44.836777
17	81	132	42.918404
18	81	133	22.750906
19	81	1	5.810658
20	81	1	6.650604
21	81	99	16.188484
22	81	132	29.49818
23	81	132	37.395836
24	81	561	35.943981
25	81	6	28.17296
26	81	7	27.794575
27	81	30	38.539257
28	81	1625	44.091167
29	81	1342	50.369572
30	81	139	45.618534
31	81	0	33.495663
32	81	1	17.112614
33	81	2	9.050213
34	81	0	3.516408
35	81	0	-2.301351
36	81	34	-8.497643
37	81	19	-10.198119
38	81	20	-5.495468
39	81	134	-0.711877
40	81	852	0
41	81	708	0
42	81	31	0
43	81	0	0
44	81	1	0
45	81	0	0
46	81	0	0
47	81	1	2.565471
48	81	2	12.519789
49	81	0	17.301344
50	81	0	12.659926
51	81	10	9.897615
52	81	89	16.065754
53	81	263	32.221275
54	81	1286	40.439449
55	81	1626	32.096443
56	81	1627	19.880569
57	81	1244	22.815512
58	81	1106	18.567104
59	81	1071	6.995314
60	81	963	0
61	81	920	0
62	81	1056	0
63	81	1	0
64	81	1	0
65	81	1085	0
66	81	1421	0
67	81	1175	0
68	81	1204	0
69	81	1205	-0.613015
70	81	1071	-4.801653
71	81	1070	-6.67302
72	81	1071	-3.428056
73	81	0	1.668037
74	81	5	9.852365
75	81	7	5.364373
76	81	0	0
77	81	0	22.459404
78	81	30	23.607756
79	81	92	0
80	81	31	0
81	81	190	0
82	81	334	2.369837
83	81	1435	10.549296
84	81	1628	6.544212
85	81	1581	4.195326
86	81	1400	0
87	81	491	6.118594
88	81	563	12.471645
89	81	1	15.801248
90	81	1	0.897956
91	81	1	-11.599779
92	81	1	-9.135675
93	81	0	-0.237492
94	81	190	0.68689
95	81	446	0
96	81	490	0
97	81	528	0
98	81	529	0
99	81	2	0
100	81	0	0
101	81	2	0
102	81	0	3.886746
103	81	2	24.640934
104	81	1	39.070938
105	81	190	30.977266
106	81	446	23.326609
107	81	622	37.819378
108	81	1	59.448814
109	81	1	75.759323
110	81	0	74.637466
111	81	0	56.356171
112	81	1	39.823513
113	81	1	18.293865
114	81	0	2.227814
115	81	2	0
116	81	0	0.531681
117	81	5	11.105163
118	81	6	5.44234
119	81	7	6.783857
120	81	1	12.218371
121	81	99	30.817474
122	81	758	9.246676
123	81	92	6.838933
124	81	92	3.711729
125	81	92	1.410707
126	81	31	20.577974
127	81	14	0.505957
128	81	15	0
0	82	220	0
1	82	529	0
2	82	2	0
3	82	1	0
4	82	16	0
5	82	1583	10.163131
6	82	133	29.949293
7	82	0	36.893879
8	82	34	19.186804
9	82	19	1.911707
10	82	20	0
11	82	1	0
12	82	0	-2.165157
13	82	2	-2.290481
14	82	1	12.990544
15	82	0	25.981213
16	82	0	30.765409
17	82	1	19.706011
18	82	1	4.867164
19	82	0	5.560941
20	82	0	11.645017
21	82	2	15.273887
22	82	0	18.194246
23	82	34	22.585215
24	82	19	25.612499
25	82	20	24.7479
26	82	99	22.670263
27	82	1629	18.672649
28	82	1254	38.181847
29	82	139	45.900917
30	82	2	51.393768
31	82	0	52.407188
32	82	1	42.127773
33	82	0	32.316566
34	82	2	22.604549
35	82	0	11.288411
36	82	1	-6.002833
37	82	0	-19.131565
38	82	99	-18.016479
39	82	138	-8.005537
40	82	366	-1.642799
41	82	133	0
42	82	5	0
43	82	7	0
44	82	1	3.041246
45	82	2	6.338037
46	82	2	12.04462
47	82	1	21.806267
48	82	1	44.026009
49	82	0	49.206738
50	82	363	28.415777
51	82	263	8.14468
52	82	263	6.587812
53	82	90	13.988746
54	82	217	20.860554
55	82	1152	15.662847
56	82	1153	9.757512
57	82	1421	8.594089
58	82	1630	4.46979
59	82	1038	0
60	82	1631	0
61	82	1632	0
62	82	7	0
63	82	2	0
64	82	1085	0
65	82	1421	0
66	82	1106	0
67	82	1071	0
68	82	1085	0
69	82	1106	-3.143927
70	82	1244	-11.239355
71	82	1106	-14.942247
72	82	1071	-11.618664
73	82	34	-5.472091
74	82	20	0.329636
75	82	1	-1.14434
76	82	190	11.734855
77	82	1633	10.059465
78	82	132	0
79	82	758	0
80	82	1575	0
81	82	1373	0
82	82	718	21.402107
83	82	490	7.553
84	82	1400	0
85	82	527	0
86	82	527	3.220109
87	82	563	15.555422
88	82	5	26.679836
89	82	6	23.153114
90	82	7	1.815098
91	82	1	-15.379951
92	82	30	-11.309497
93	82	1575	-2.754033
94	82	528	0
95	82	1620	0
96	82	1621	0
97	82	7	0
98	82	0	0
99	82	1	0
100	82	2	0
101	82	1	0
102	82	2	0
103	82	0	2.107604
104	82	220	6.858542
105	82	721	4.41399
106	82	563	0.997123
107	82	0	9.851513
108	82	0	33.137089
109	82	0	67.79895
110	82	30	75.633743
111	82	31	62.258026
112	82	2	37.281513
113	82	0	16.016893
114	82	1	0.535313
115	82	1	0
116	82	34	3.300591
117	82	19	12.271572
118	82	20	15.349882
119	82	0	19.715401
120	82	5	38.810123
121	82	1238	38.84996
122	82	1634	28.503517
123	82	132	24.019661
124	82	138	22.046947
125	82	708	2.559759
126	82	31	4.816804
127	82	1	5.852911
128	82	0	0
0	83	2	0
1	83	1	0
2	83	1	0
3	83	14	0
4	83	15	1.644329
5	83	0	15.568403
6	83	0	34.637886
7	83	2	37.19495
8	83	2	21.299128
9	83	2	5.194617
10	83	1	0.734375
11	83	2	-1.449463
12	83	0	-3.939024
13	83	1	-0.835965
14	83	0	5.92012
15	83	0	13.909466
16	83	0	13.175365
17	83	2	7.824318
18	83	1	1.232312
19	83	2	5.800608
20	83	2	12.389173
21	83	1	11.688825
22	83	1	6.855075
23	83	2	7.926852
24	83	2	13.057943
25	83	30	17.915697
26	83	1635	15.431344
27	83	1254	6.436663
28	83	139	17.63493
29	83	2	36.424347
30	83	0	47.86385
31	83	2	67.565346
32	83	30	67.39119
33	83	92	56.36837
34	83	92	48.518539
35	83	31	38.356232
36	83	5	19.055008
37	83	7	2.441829
38	83	99	-2.873142
39	83	133	-0.452406
40	83	1	0.202772
41	83	34	0.371724
42	83	20	0
43	83	0	2.152949
44	83	1	9.791889
45	83	1	25.152033
46	83	2	35.642693
47	83	1	52.824139
48	83	1	70.803612
49	83	126	65.447395
50	83	127	33.694649
51	83	1260	9.137583
52	83	364	5.249225
53	83	10	8.563958
54	83	66	10.014633
55	83	1152	7.865319
56	83	1636	4.051717
57	83	1637	1.200861
58	83	1056	0
59	83	34	0
60	83	1638	0
61	83	1639	0
62	83	1	0
63	83	1152	2.252009
64	83	1204	3.286836
65	83	1640	1.16259
66	83	1641	0
67	83	1642	0
68	83	1204	0
69	83	1204	-2.976769
70	83	1153	-10.967668
71	83	1106	-15.24662
72	83	1071	-14.158964
73	83	2	-11.477654
74	83	190	-9.890234
75	83	651	-11.502226
76	83	1643	-8.552419
77	83	31	-4.177973
78	83	134	0
79	83	566	0
80	83	1644	0.581704
81	83	1645	24.631506
82	83	1644	15.751918
83	83	221	0
84	83	1645	0
85	83	1646	0
86	83	1647	4.102799
87	83	334	15.984787
88	83	497	24.14839
89	83	1648	18.170328
90	83	92	1.116856
91	83	1649	-11.208916
92	83	717	-9.503222
93	83	718	-0.03286
94	83	1650	0
95	83	19	0
96	83	20	0
97	83	2	2.318511
98	83	190	11.403232
99	83	446	2.657715
100	83	446	0
101	83	446	0
102	83	446	0
103	83	622	0
104	83	220	0
105	83	529	0
106	83	1	0
107	83	30	0
108	83	92	21.383802
109	83	93	50.249668
110	83	139	70.646088
111	83	1	64.646278
112	83	0	40.269207
113	83	1	15.605448
114	83	2	0.413121
115	83	1	0
116	83	2	12.076653
117	83	0	38.597107
118	83	1	40.14909
119	83	34	28.362179
120	83	54	39.722107
121	83	142	40.411739
122	83	6	41.86393
123	83	147	37.553467
124	83	138	38.841743
125	83	139	12.686137
126	83	1	23.70183
127	83	1	5.209404
128	83	1	0
0	84	0	0
1	84	0	0
2	84	1	0
3	84	3	0
4	84	28	1.354756
5	84	4	10.702497
6	84	2	22.289516
7	84	0	26.871204
8	84	2	23.673347
9	84	0	15.027678
10	84	2	5.37492
11	84	0	-8.098853
12	84	0	-12.539358
13	84	0	-8.280316
14	84	0	-4.276361
15	84	1	-10.169063
16	84	1	-8.99894
17	84	2	-5.238403
18	84	1	0.552022
19	84	0	3.79994
20	84	2	10.079163
21	84	1	14.004574
22	84	0	8.830864
23	84	1	6.058693
24	84	134	8.651875
25	84	1451	11.680175
26	84	1254	10.525109
27	84	139	6.989043
28	84	0	13.829749
29	84	2	45.480618
30	84	1	46.747742
31	84	134	71.074295
32	84	804	75.876122
33	84	852	60.840214
34	84	139	53.653702
35	84	35	55.044479
36	84	142	49.56638
37	84	7	35.314941
38	84	2	30.586214
39	84	30	27.103491
40	84	92	22.526491
41	84	31	17.032789
42	84	1	10.209384
43	84	2	6.283058
44	84	1	17.692863
45	84	0	38.30492
46	84	1	53.433105
47	84	0	60.592892
48	84	0	66.474785
49	84	0	52.380268
50	84	126	29.835384
51	84	329	16.216272
52	84	89	18.140886
53	84	364	18.538807
54	84	10	16.331358
55	84	1651	12.637168
56	84	902	8.876044
57	84	965	5.371071
58	84	1070	1.691211
59	84	1652	0
60	84	1653	0
61	84	12	0
62	84	1	4.500959
63	84	0	12.590112
64	84	35	13.172575
65	84	259	6.243553
66	84	39	0.396254
67	84	2	0
68	84	0	0
69	84	1152	-0.039471
70	84	1153	-4.600033
71	84	1086	-6.617374
72	84	0	-7.430957
73	84	526	-7.636218
74	84	1654	-12.063553
75	84	623	-19.48634
76	84	691	-21.697109
77	84	99	-13.371859
78	84	132	-6.220685
79	84	758	-3.763701
80	84	109	13.400943
81	84	758	17.010382
82	84	31	0
83	84	99	0
84	84	138	0
85	84	566	0
86	84	1646	1.626817
87	84	1646	6.600726
88	84	534	10.03124
89	84	687	8.891946
90	84	717	-0.882428
91	84	533	-5.088221
92	84	1644	-2.195836
93	84	1603	0
94	84	31	0
95	84	30	0
96	84	92	4.80875
97	84	1655	11.807079
98	84	721	4.788249
99	84	527	0
100	84	527	0
101	84	528	0
102	84	529	0
103	84	190	0
104	84	446	0.743628
105	84	622	1.029768
106	84	134	0.17228
107	84	581	0
108	84	366	11.094046
109	84	133	45.098225
110	84	1	72.484108
111	84	0	76.033264
112	84	1	48.696499
113	84	30	16.404926
114	84	31	0
115	84	0	5.230405
116	84	30	41.334644
117	84	92	66.299629
118	84	31	61.750912
119	84	34	41.653706
120	84	54	25.968622
121	84	200	39.628464
122	84	39	32.075886
123	84	134	30.728094
124	84	139	29.316839
125	84	0	36.210583
126	84	2	34.152161
127	84	0	13.122292
128	84	2	0
0	85	2	0
1	85	2	0
2	85	16	0
3	85	172	0
4	85	15	0
5	85	5	2.510074
6	85	1656	5.752762
7	85	4	16.346487
8	85	1	28.100288
9	85	1	26.823811
10	85	1	4.319469
11	85	0	-14.291842
12	85	1	-18.811365
13	85	0	-16.46727
14	85	1	-10.849803
15	85	0	-20.428841
16	85	1	-26.851952
17	85	2	-11.428664
18	85	0	-3.161855
19	85	1	1.047709
20	85	0	11.554144
21	85	2	20.239008
22	85	1	16.497782
23	85	99	11.722076
24	85	1199	11.178612
25	85	1271	7.46737
26	85	133	10.530708
27	85	0	5.785745
28	85	1	13.025168
29	85	0	34.280136
30	85	99	41.886555
31	85	138	66.209442
32	85	581	62.785564
33	85	139	45.390282
34	85	34	50.740376
35	85	19	62.697575
36	85	20	64.476601
37	85	2	54.095581
38	85	99	42.761253
39	85	132	39.972931
40	85	133	39.640194
41	85	2	36.862011
42	85	1	33.200417
43	85	2	32.227837
44	85	2	41.745548
45	85	2	56.341038
46	85	0	65.136284
47	85	963	72.919479
48	85	1024	73.379433
49	85	10	65.839088
50	85	89	53.657021
51	85	90	48.235123
52	85	1657	42.78989
53	85	1658	35.208027
54	85	1659	28.120779
55	85	1660	23.2798
56	85	12	20.442621
57	85	1085	14.410601
58	85	1661	6.175764
59	85	1662	0.838945
60	85	27	0
61	85	0	5.268094
62	85	2	17.82049
63	85	34	26.536983
64	85	19	22.598175
65	85	20	9.251364
66	85	2	0.600411
67	85	1	0
68	85	1	0.118281
69	85	1085	5.872408
70	85	1086	6.280645
71	85	5	1.72733
72	85	1546	-0.348206
73	85	1663	-2.476059
74	85	1664	-6.531752
75	85	1663	-14.418949
76	85	4	-18.583061
77	85	30	-18.784277
78	85	93	-17.693121
79	85	139	-14.643029
80	85	1665	-5.094432
81	85	1666	1.063922
82	85	6	0
83	85	147	0
84	85	132	0
85	85	132	0
86	85	138	0
87	85	687	0.397275
88	85	717	0.47771
89	85	1400	1.52794
90	85	1667	6.328129
91	85	139	-6.305232
92	85	134	-5.264546
93	85	139	0
94	85	99	0
95	85	132	24.819326
96	85	133	32.938602
97	85	220	1.5755
98	85	721	0
99	85	527	0
100	85	718	5.540559
101	85	446	7.861538
102	85	490	0.447389
103	85	533	4.272656
104	85	1643	7.677153
105	85	109	6.60145
106	85	132	2.791419
107	85	133	0
108	85	1	6.653322
109	85	0	36.162392
110	85	1	64.083145
111	85	30	78.596832
112	85	93	43.824673
113	85	139	10.245129
114	85	0	0
115	85	99	12.42726
116	85	138	53.215855
117	85	708	80.619102
118	85	92	73.101646
119	85	1588	47.300484
120	85	1310	25.743849
121	85	300	3.038049
122	85	93	18.659767
123	85	139	25.530733
124	85	1	31.347271
125	85	1	32.294586
126	85	1	28.871531
127	85	0	0
128	85	2	0
0	86	2	0
1	86	16	0
2	86	17	0
3	86	2	0
4	86	34	0
5	86	1668	0
6	86	17	0.12098
7	86	1	15.530685
8	86	0	25.680964
9	86	0	13.839668
10	86	1	-7.276044
11	86	2	-12.144995
12	86	2	-23.57839
13	86	2	-21.256512
14	86	2	-11.9232
15	86	0	-19.786015
16	86	0	-29.030994
17	86	2	-23.018599
18	86	1	-8.847268
19	86	0	-0.728849
20	86	2	10.972695
21	86	0	21.167862
22	86	1	17.676739
23	86	2	22.183388
24	86	0	20.378874
25	86	0	11.467499
26	86	2	5.362579
27	86	2	0.295868
28	86	1	2.141006
29	86	0	8.825932
30	86	134	28.003017
31	86	581	40.243423
32	86	708	37.186546
33	86	31	33.69577
34	86	0	56.887585
35	86	0	75.812492
36	86	0	71.570267
37	86	2	52.053364
38	86	1	33.192036
39	86	0	23.240229
40	86	1	26.909145
41	86	0	34.687809
42	86	1	41.518219
43	86	2	48.81702
44	86	5	60.400356
45	86	985	66.677696
46	86	1669	73.280762
47	86	1056	85.895576
48	86	126	100.508858
49	86	127	93.4328
50	86	329	77.780579
51	86	1626	61.633099
52	86	1670	47.6623
53	86	66	34.425381
54	86	26	26.694252
55	86	27	22.900595
56	86	1085	20.745493
57	86	1671	15.153085
58	86	1672	6.512905
59	86	45	0.982769
60	86	1070	5.972981
61	86	1071	17.916992
62	86	1	29.306034
63	86	0	30.961353
64	86	1	19.419127
65	86	0	6.065552
66	86	0	0
67	86	1	0
68	86	1085	9.563244
69	86	1086	21.612165
70	86	34	20.903669
71	86	20	8.123692
72	86	16	0
73	86	1083	0
74	86	1046	0.59886
75	86	17	-1.298471
76	86	99	-3.221615
77	86	132	-11.419944
78	86	758	-22.159491
79	86	1575	-20.27338
80	86	492	-8.136986
81	86	19	-0.180569
82	86	20	0
83	86	30	0.693886
84	86	31	1.30562
85	86	134	0
86	86	1604	0
87	86	221	0
88	86	221	0
89	86	1673	16.85747
90	86	133	21.103468
91	86	99	-13.955687
92	86	133	-10.686743
93	86	2	58.806786
94	86	2	73.383957
95	86	2	21.592276
96	86	1	6.10674
97	86	1560	13.822129
98	86	1549	17.767378
99	86	721	16.574448
100	86	1400	9.035335
101	86	491	3.342319
102	86	1667	15.888031
103	86	362	14.912803
104	86	139	16.91342
105	86	0	12.377441
106	86	1	4.571927
107	86	0	0.264078
108	86	1	1.506884
109	86	1	18.65251
110	86	134	40.097313
111	86	366	41.842007
112	86	133	20.130173
113	86	2	0.796804
114	86	2	0
115	86	99	7.82454
116	86	132	44.74593
117	86	132	68.503113
118	86	138	68.709198
119	86	708	37.420124
120	86	93	15.556333
121	86	366	9.101476
122	86	133	8.305691
123	86	2	10.154459
124	86	1	20.243155
125	86	2	16.873083
126	86	1	0.065004
127	86	0	0
128	86	2	0
0	87	14	0
1	87	15	0
2	87	3	0
3	87	4	0
4	87	14	0
5	87	15	0
6	87	0	1.690842
7	87	1	11.679633
8	87	0	14.612775
9	87	0	-8.994034
10	87	2	-19.812304
11	87	0	-16.51037
12	87	0	-22.302845
13	87	1	-22.751322
14	87	1	-14.029586
15	87	2	-10.025036
16	87	0	-23.070038
17	87	0	-25.08946
18	87	2	-14.391678
19	87	0	-7.827322
20	87	2	1.37005
21	87	2	13.374964
22	87	0	22.684778
23	87	0	24.496559
24	87	0	16.626631
25	87	2	11.247467
26	87	0	3.385791
27	87	2	-1.583701
28	87	0	-13.006131
29	87	134	-13.756159
30	87	362	3.526474
31	87	366	16.653704
32	87	133	18.376226
33	87	1	30.622253
34	87	5	58.912876
35	87	7	81.829056
36	87	1	81.770271
37	87	1	53.64238
38	87	0	25.129255
39	87	1	4.372801
40	87	1	6.157979
41	87	2	14.049462
42	87	1	21.75683
43	87	34	36.309509
44	87	1001	55.480526
45	87	1674	67.711288
46	87	1675	74.994637
47	87	65	94.157463
48	87	66	105.176582
49	87	363	90.606827
50	87	1286	64.051445
51	87	1676	47.295982
52	87	329	30.960535
53	87	1626	16.928837
54	87	1670	10.187673
55	87	1677	6.041275
56	87	1678	7.262137
57	87	65	6.071024
58	87	65	2.384418
59	87	1679	5.584077
60	87	1176	15.528357
61	87	10	26.505909
62	87	65	28.304783
63	87	66	19.613295
64	87	5	7.682988
65	87	7	0.016477
66	87	1070	0
67	87	1244	1.169777
68	87	1106	20.032864
69	87	1222	36.889145
70	87	1222	30.421515
71	87	1680	11.439484
72	87	1681	0
73	87	1682	0
74	87	1083	2.603378
75	87	4	7.185256
76	87	0	8.932234
77	87	134	-1.147348
78	87	566	-12.310354
79	87	1647	-11.893012
80	87	622	-5.23437
81	87	2	-1.578785
82	87	134	8.31424
83	87	139	11.376672
84	87	99	26.323877
85	87	133	16.13592
86	87	3	0
87	87	28	0
88	87	28	1.372914
89	87	4	24.208717
90	87	3	-9.102738
91	87	28	-12.488661
92	87	4	-6.253184
93	87	2	24.632982
94	87	0	64.635765
95	87	2	54.667721
96	87	35	28.256804
97	87	142	23.631624
98	87	562	30.689808
99	87	1373	9.677644
100	87	533	36.80674
101	87	534	18.196253
102	87	366	19.584774
103	87	133	21.808624
104	87	1	18.201933
105	87	0	9.829854
106	87	2	2.987396
107	87	1	0
108	87	30	0
109	87	109	2.103833
110	87	133	9.049185
111	87	2	7.549436
112	87	2	0.232562
113	87	2	0
114	87	1	0
115	87	0	7.782631
116	87	2	27.840675
117	87	99	50.494247
118	87	132	48.182613
119	87	132	33.877518
120	87	561	19.321949
121	87	6	23.315826
122	87	7	10.831627
123	87	3	3.757689
124	87	4	9.885022
125	87	0	5.725819
126	87	0	11.030778
127	87	2	9.098888
128	87	2	0
0	88	0	0
1	88	14	0
2	88	1010	0
3	88	4	0
4	88	1	0
5	88	1	0
6	88	1	2.904538
7	88	0	12.537038
8	88	2	4.290854
9	88	30	-5.195706
10	88	31	-10.595414
11	88	30	-10.824195
12	88	31	-21.418291
13	88	30	-18.040451
14	88	31	-5.121938
15	88	30	0.724449
16	88	31	-8.312476
17	88	2	-8.179316
18	88	30	8.656913
19	88	31	12.627954
20	88	1	16.057264
21	88	1	18.93074
22	88	1	10.427744
23	88	1	14.631672
24	88	0	12.960048
25	88	2	22.505686
26	88	5	0.846068
27	88	7	-0.81699
28	88	134	-3.553279
29	88	852	-4.438759
30	88	708	0.290968
31	88	31	3.967593
32	88	0	4.917253
33	88	34	18.911346
34	88	20	46.296726
35	88	1	67.163399
36	88	1	65.824501
37	88	0	44.25275
38	88	0	30.793119
39	88	1	15.000282
40	88	0	3.988292
41	88	2	0.679292
42	88	0	4.64953
43	88	10	20.291378
44	88	65	40.733582
45	88	89	52.82991
46	88	90	61.642193
47	88	329	74.862694
48	88	89	81.246162
49	88	263	61.828251
50	88	364	44.41333
51	88	126	40.101505
52	88	329	30.857157
53	88	89	12.916232
54	88	263	-3.482411
55	88	90	-9.486259
56	88	1260	-7.402115
57	88	90	-2.103557
58	88	217	4.066263
59	88	2	12.873634
60	88	363	21.619762
61	88	90	22.169174
62	88	217	15.83573
63	88	34	6.151495
64	88	108	0
65	88	1683	0
66	88	1125	0
67	88	1154	6.953467
68	88	1175	26.817877
69	88	1153	39.361507
70	88	1154	26.247458
71	88	1421	6.091558
72	88	1684	0.097605
73	88	47	0.20897
74	88	1010	2.169608
75	88	28	6.581715
76	88	1685	7.028644
77	88	1686	3.580507
78	88	566	-1.059362
79	88	1687	-3.672161
80	88	5	-5.400163
81	88	1238	-0.89255
82	88	1068	14.79138
83	88	1	4.284755
84	88	5	26.577976
85	88	32	3.043373
86	88	1299	0
87	88	172	0
88	88	56	8.396802
89	88	1688	12.198348
90	88	47	-2.590791
91	88	15	-3.570227
92	88	1	-1.416453
93	88	0	31.614639
94	88	0	56.15221
95	88	34	67.270737
96	88	54	47.070004
97	88	1689	20.265734
98	88	491	34.011063
99	88	1690	17.052628
100	88	1691	7.761203
101	88	133	8.441471
102	88	1	16.911268
103	88	2	16.923035
104	88	2	10.173321
105	88	2	2.736029
106	88	0	0
107	88	134	0
108	88	139	0
109	88	0	0
110	88	2	0
111	88	0	0
112	88	1	0
113	88	2	0
114	88	0	0
115	88	1	9.668528
116	88	2	30.266344
117	88	0	46.746395
118	88	2	41.226566
119	88	34	33.292667
120	88	19	24.794062
121	88	20	9.218374
122	88	14	0
123	88	15	4.835453
124	88	1	0.062572
125	88	0	0
126	88	2	0
127	88	0	0.233673
128	88	1	0
0	89	1	0
1	89	14	0
2	89	15	0
3	89	2	0
4	89	0	0
5	89	1	0
6	89	1	5.508516
7	89	0	10.773691
8	89	99	3.383401
9	89	133	-1.521914
10	89	99	1.797128
11	89	133	-2.909737
12	89	99	-16.396759
13	89	133	-12.028553
14	89	99	1.666837
15	89	758	7.96978
16	89	92	16.442041
17	89	93	22.458769
18	89	708	30.275681
19	89	31	25.435162
20	89	2	23.348898
21	89	2	13.539378
22	89	2	14.931782
23	89	2	4.422374
24	89	2	6.23925
25	89	34	15.843177
26	89	20	-4.047864
27	89	134	0.513555
28	89	804	0.358347
29	89	366	-0.962473
30	89	133	0
31	89	2	0
32	89	1	1.60485
33	89	2	7.174603
34	89	5	23.911417
35	89	7	33.926826
36	89	0	30.89909
37	89	1	31.226959
38	89	0	39.992119
39	89	0	31.369747
40	89	0	9.595929
41	89	2	-1.011239
42	89	363	4.958851
43	89	90	14.475417
44	89	1692	27.564444
45	89	1693	33.778431
46	89	1694	38.044758
47	89	127	50.228058
48	89	1260	49.420174
49	89	1286	42.256859
50	89	66	44.839371
51	89	126	50.961266
52	89	127	39.526028
53	89	127	15.539364
54	89	217	-5.574999
55	89	126	-14.733258
56	89	217	-10.818891
57	89	2	-2.439244
58	89	2	8.64683
59	89	126	17.648956
60	89	217	18.344528
61	89	1	11.866956
62	89	2	3.50334
63	89	34	0
64	89	1695	0
65	89	1204	0
66	89	1204	0.750095
67	89	1176	16.575275
68	89	1152	33.100227
69	89	1153	32.231987
70	89	1175	14.135034
71	89	1176	0.558236
72	89	1070	2.091891
73	89	1696	5.010819
74	89	47	13.561542
75	89	996	13.398835
76	89	1583	5.757321
77	89	138	0.762377
78	89	139	0
79	89	35	-4.555462
80	89	219	-11.544729
81	89	39	-10.291183
82	89	1	7.149175
83	89	35	0.481981
84	89	61	15.863909
85	89	1668	0
86	89	17	0
87	89	35	0
88	89	39	0
89	89	1	0
90	89	5	0
91	89	6	-0.087531
92	89	7	0
93	89	2	26.43187
94	89	190	38.38287
95	89	334	31.527491
96	89	1581	45.049263
97	89	491	49.771107
98	89	1697	21.129038
99	89	298	5.298963
100	89	2	6.337948
101	89	2	8.572049
102	89	1	9.017163
103	89	1	7.326696
104	89	0	2.300862
105	89	1	1.127127
106	89	134	0.077257
107	89	139	0.468582
108	89	0	0.04753
109	89	1	0
110	89	1	0
111	89	2	0
112	89	30	0
113	89	92	0
114	89	31	0
115	89	0	6.97135
116	89	0	48.111832
117	89	2	64.2976
118	89	2	64.055748
119	89	2	37.379353
120	89	1	23.271168
121	89	3	12.600964
122	89	4	0.226245
123	89	3	3.794056
124	89	4	6.630943
125	89	0	1.480778
126	89	3	5.676204
127	89	28	1.708644
128	89	4	0
0	90	2	0
1	90	2	0
2	90	0	0
3	90	2	0
4	90	2	3.180785
5	90	30	0.933384
6	90	92	1.363616
7	90	31	0.840738
8	90	1	-8.941113
9	90	30	-11.513771
10	90	92	-6.180146
11	90	31	-4.513278
12	90	30	-10.274202
13	90	92	-4.810872
14	90	93	3.141266
15	90	804	20.173355
16	90	362	29.154642
17	90	366	25.747639
18	90	133	17.391739
19	90	0	12.595977
20	90	0	5.238556
21	90	0	15.385427
22	90	0	16.64662
23	90	2	16.211147
24	90	2	0.569713
25	90	2	-9.350136
26	90	134	-0.678545
27	90	804	7.872621
28	90	708	7.147492
29	90	31	4.583857
30	90	0	0.28153
31	90	5	0.617121
32	90	7	0.67599
33	90	1343	0.158588
34	90	552	4.831935
35	90	31	6.065039
36	90	1	5.695924
37	90	2	20.319176
38	90	0	37.454662
39	90	1	31.38063
40	90	10	4.012684
41	90	89	-13.195412
42	90	1698	-5.425952
43	90	1033	2.174176
44	90	888	4.565917
45	90	634	5.354383
46	90	10	14.122768
47	90	89	30.655281
48	90	90	32.7882
49	90	217	22.858311
50	90	1	28.239664
51	90	1	35.38472
52	90	2	22.877398
53	90	1	3.848931
54	90	1	-9.033843
55	90	1	-10.218653
56	90	0	-6.962735
57	90	113	2.960244
58	90	114	15.091117
59	90	114	19.340034
60	90	165	12.235206
61	90	1	2.998832
62	90	0	0
63	90	0	0
64	90	5	0
65	90	6	0
66	90	6	6.840266
67	90	7	23.190359
68	90	1085	34.75354
69	90	1106	23.647577
70	90	1222	6.25429
71	90	1244	2.656914
72	90	1106	5.624841
73	90	1699	26.909302
74	90	1046	39.980244
75	90	17	31.251348
76	90	134	11.158687
77	90	139	0.264512
78	90	34	0
79	90	19	1.608662
80	90	20	-0.079381
81	90	1	10.651504
82	90	35	16.21105
83	90	39	7.418194
84	90	16	25.460701
85	90	17	0
86	90	34	0
87	90	20	0
88	90	1	0
89	90	34	0
90	90	19	0
91	90	20	0
92	90	190	0
93	90	490	0
94	90	527	20.823725
95	90	491	39.500633
96	90	528	52.904057
97	90	529	36.843491
98	90	0	36.8153
99	90	1	28.491285
100	90	1	30.731001
101	90	2	28.302261
102	90	2	21.813446
103	90	1	14.12976
104	90	30	16.827316
105	90	93	22.748892
106	90	139	22.614347
107	90	2	18.68292
108	90	2	10.602188
109	90	1	1.175882
110	90	30	0
111	90	93	5.813018
112	90	366	7.992527
113	90	133	0
114	90	1	0
115	90	1	17.89146
116	90	2	54.83223
117	90	2	80.17585
118	90	3	78.100075
119	90	4	70.656113
120	90	14	35.126541
121	90	15	7.641564
122	90	16	0
123	90	17	0
124	90	0	0.336032
125	90	14	13.99715
126	90	47	21.368158
127	90	1700	3.176628
128	90	31	0
0	91	0	0
1	91	0	0
2	91	1	0
3	91	30	4.610586
4	91	93	4.52003
5	91	366	-6.196769
6	91	133	-17.741312
7	91	30	-19.018635
8	91	109	-23.182188
9	91	132	-20.73591
10	91	758	-10.061369
11	91	109	-8.155332
12	91	132	-5.176575
13	91	623	6.98192
14	91	565	10.896944
15	91	362	0.424351
16	91	139	0
17	91	0	0
18	91	1	8.67
19	91	0	11.902643
20	91	1	1.544947
21	91	1	0
22	91	0	-1.082386
23	91	5	-3.471975
24	91	1272	-6.635046
25	91	1370	-5.370139
26	91	362	3.091528
27	91	362	7.555822
28	91	139	4.822101
29	91	5	0.954592
30	91	38	2.836773
31	91	39	4.076037
32	91	134	4.730224
33	91	366	2.917425
34	91	133	1.573004
35	91	0	1.841077
36	91	1	0.825082
37	91	2	8.187794
38	91	2	31.00691
39	91	126	31.998713
40	91	1260	4.282233
41	91	1701	-18.647518
42	91	1702	-15.613885
43	91	1703	-7.955499
44	91	1704	-6.254406
45	91	89	-6.374151
46	91	1246	8.396397
47	91	364	23.353058
48	91	1	21.893826
49	91	0	13.93057
50	91	2	17.906761
51	91	0	17.446842
52	91	2	0.320494
53	91	1	-11.091172
54	91	113	-13.579587
55	91	114	-8.24719
56	91	1135	-0.213164
57	91	1136	12.243432
58	91	1165	22.870564
59	91	1705	20.552011
60	91	1706	7.887645
61	91	165	0
62	91	0	0
63	91	34	0
64	91	54	0
65	91	61	1.440856
66	91	20	13.691604
67	91	1152	27.044119
68	91	1204	25.88711
69	91	1204	12.83639
70	91	1153	0.745397
71	91	1421	3.553114
72	91	1707	19.155966
73	91	1302	49.039738
74	91	17	63.741432
75	91	134	44.028339
76	91	139	16.324896
77	91	1	2.978582
78	91	2	2.409254
79	91	0	13.608692
80	91	1	23.41914
81	91	34	36.587662
82	91	20	5.55138
83	91	14	3.305644
84	91	15	19.309282
85	91	190	0.345539
86	91	622	0
87	91	1	0
88	91	1	0
89	91	2	0
90	91	0	45.094292
91	91	526	36.796917
92	91	527	9.67855
93	91	1373	0
94	91	1400	6.92228
95	91	718	34.451965
96	91	622	67.064758
97	91	2	77.918892
98	91	0	65.216759
99	91	0	52.301907
100	91	0	48.443615
101	91	1	47.008465
102	91	1	37.75428
103	91	134	30.084837
104	91	366	35.64455
105	91	133	42.781467
106	91	1	49.810051
107	91	1	54.36681
108	91	2	40.842293
109	91	134	16.291348
110	91	581	5.469604
111	91	1708	7.547734
112	91	4	16.55323
113	91	0	0.410285
114	91	0	0
115	91	30	14.553398
116	91	31	47.62999
117	91	16	81.364685
118	91	17	87.911339
119	91	1	81.376068
120	91	2	41.343689
121	91	16	11.135429
122	91	17	1.760528
123	91	1	4.543588
124	91	1	15.403379
125	91	2	36.31041
126	91	134	23.325052
127	91	708	5.65044
128	91	31	0
0	92	1	0
1	92	30	0
2	92	109	0.115712
3	92	132	5.223749
4	92	133	3.08683
5	92	5	-13.646821
6	92	147	-27.325476
7	92	133	-25.519844
8	92	1	-14.643264
9	92	134	-11.192882
10	92	139	-5.619983
11	92	30	-1.901991
12	92	1655	0.271546
13	92	1709	6.363454
14	92	1219	0
15	92	708	0
16	92	31	0
17	92	0	0
18	92	0	0
19	92	0	0
20	92	1	0
21	92	0	0
22	92	35	0
23	92	1710	0
24	92	1711	-0.045336
25	92	129	-0.282225
26	92	129	0.93466
27	92	1022	-2.352817
28	92	18	-8.963518
29	92	19	-5.694412
30	92	108	2.861305
31	92	147	10.378207
32	92	133	15.921495
33	92	2	11.266497
34	92	0	6.939783
35	92	2	5.328241
36	92	0	3.81864
37	92	1	7.384234
38	92	0	28.965803
39	92	126	41.348293
40	92	329	21.559002
41	92	89	-3.571165
42	92	1286	-11.88286
43	92	89	-8.032584
44	92	263	-6.785964
45	92	225	-5.687941
46	92	364	1.680305
47	92	1	12.980502
48	92	1	11.857436
49	92	2	20.072119
50	92	0	31.823006
51	92	0	27.043329
52	92	113	1.600714
53	92	1712	-13.705416
54	92	1713	-16.035248
55	92	1136	-7.836062
56	92	351	4.897733
57	92	427	18.264816
58	92	427	27.210606
59	92	392	18.492016
60	92	1714	5.124786
61	92	165	0
62	92	2	0
63	92	34	0
64	92	20	0
65	92	0	6.086372
66	92	3	19.683937
67	92	1715	26.334776
68	92	165	16.823898
69	92	1085	3.235167
70	92	1154	2.505484
71	92	1684	7.75944
72	92	47	29.574652
73	92	1010	54.795822
74	92	50	58.764847
75	92	708	38.297302
76	92	31	13.827781
77	92	2	6.485629
78	92	2	6.770365
79	92	2	22.491795
80	92	2	29.955265
81	92	2	17.709
82	92	0	3.818358
83	92	1	9.88033
84	92	220	16.718193
85	92	529	2.920784
86	92	0	0.091283
87	92	2	0
88	92	0	0
89	92	190	24.717997
90	92	490	30.337566
91	92	1373	1.044581
92	92	491	0.133585
93	92	528	0
94	92	221	18.082787
95	92	529	53.294014
96	92	0	83.767952
97	92	1	79.0746
98	92	2	54.462891
99	92	1	35.481003
100	92	0	31.048403
101	92	30	36.526356
102	92	93	38.58218
103	92	139	39.891472
104	92	0	41.339577
105	92	1	40.314198
106	92	1	49.302406
107	92	30	68.76046
108	92	93	64.128807
109	92	366	30.453203
110	92	1716	10.685208
111	92	17	14.010364
112	92	0	18.424179
113	92	2	9.514285
114	92	134	0
115	92	139	1.728377
116	92	1717	29.374392
117	92	1718	67.942474
118	92	2	72.579803
119	92	2	48.496513
120	92	14	25.592978
121	92	15	9.683217
122	92	1	10.206676
123	92	1	24.574453
124	92	2	37.983501
125	92	134	31.191835
126	92	804	13.642709
127	92	139	0
128	92	0	0
0	93	134	0
1	93	139	0
2	93	2	0
3	93	5	2.407393
4	93	18	0.555246
5	93	20	-9.564956
6	93	0	-13.819355
7	93	30	-7.807685
8	93	109	-2.013905
9	93	133	10.278417
10	93	99	7.812094
11	93	561	6.163867
12	93	38	0
13	93	95	0
14	93	366	0
15	93	133	0
16	93	0	0
17	93	1	0
18	93	1	0
19	93	1	0
20	93	1	0
21	93	34	0
22	93	19	-1.169578
23	93	54	0
24	93	1202	0
25	93	1310	0
26	93	19	-1.756012
27	93	20	-9.005698
28	93	2	-11.507922
29	93	34	-6.300667
30	93	20	3.761659
31	93	0	19.973616
32	93	2	30.399658
33	93	1	22.793653
34	93	1	6.002936
35	93	0	3.894451
36	93	0	4.717008
37	93	1	7.19261
38	93	1	24.93524
39	93	126	41.158394
40	93	127	35.12735
41	93	1260	12.873894
42	93	90	0.5022
43	93	1260	-2.088103
44	93	90	-2.066212
45	93	217	-1.585071
46	93	0	-0.667093
47	93	0	3.729534
48	93	1	7.116367
49	93	0	24.346558
50	93	113	42.839485
51	93	1712	31.752117
52	93	351	7.861366
53	93	1719	-7.691529
54	93	1720	-8.709495
55	93	1721	-2.940564
56	93	1722	8.464641
57	93	1723	18.962519
58	93	427	20.110767
59	93	392	10.838668
60	93	1714	0.437865
61	93	165	0
62	93	0	0
63	93	0	0
64	93	2	0
65	93	16	12.294284
66	93	1724	27.45326
67	93	1725	24.755547
68	93	1085	5.431866
69	93	1154	-2.116627
70	93	1106	6.292242
71	93	1699	17.948051
72	93	1726	35.994877
73	93	1727	47.176392
74	93	138	38.747494
75	93	139	21.558437
76	93	2	13.485803
77	93	0	7.093245
78	93	0	11.052725
79	93	2	25.570835
80	93	1	26.125881
81	93	2	12.376891
82	93	2	3.375959
83	93	2	9.852752
84	93	1	11.459196
85	93	190	5.581022
86	93	446	0.363346
87	93	446	0
88	93	490	33.016743
89	93	1373	25.480097
90	93	528	0
91	93	721	0
92	93	563	0
93	93	0	1.69767
94	93	2	24.147373
95	93	0	50.471607
96	93	1	56.20406
97	93	1	39.535194
98	93	0	15.480864
99	93	1	5.341241
100	93	99	5.011356
101	93	138	15.857787
102	93	139	29.418236
103	93	1	36.165726
104	93	1	36.496391
105	93	30	31.721457
106	93	93	31.806141
107	93	366	54.696922
108	93	1728	61.290062
109	93	29	30.265598
110	93	15	2.9366
111	93	5	2.051947
112	93	447	5.853226
113	93	109	22.529222
114	93	133	0.672089
115	93	1560	0.173982
116	93	656	15.782754
117	93	2	39.681225
118	93	1	45.293152
119	93	1	28.273788
120	93	2	11.131061
121	93	2	20.63747
122	93	1	34.691544
123	93	30	47.368687
124	93	93	34.135952
125	93	362	12.847797
126	93	139	0
127	93	2	0
128	93	99	0
0	94	758	0
1	94	31	0
2	94	34	0
3	94	20	0
4	94	190	0.138937
5	94	446	-3.008064
6	94	1729	0.914253
7	94	1666	8.796379
8	94	6	20.917421
9	94	6	13.291366
10	94	38	7.343998
11	94	1202	0
12	94	1340	0
13	94	139	0
14	94	0	0
15	94	0	0
16	94	2	0
17	94	0	0
18	94	0	0
19	94	1	0
20	94	1	0
21	94	2	118.272041
22	94	1343	118.272041
23	94	1730	118.272041
24	94	1731	0
25	94	5	0
26	94	7	0
27	94	2	-0.808681
28	94	1	-2.590044
29	94	2	-0.535916
30	94	1	4.577435
31	94	1	21.199087
32	94	0	35.233704
33	94	0	17.986012
34	94	2	-2.046257
35	94	2	-5.402073
36	94	2	-0.813202
37	94	10	1.965099
38	94	66	9.16676
39	94	1	26.421003
40	94	126	27.981365
41	94	217	21.771086
42	94	126	8.041242
43	94	217	0.237171
44	94	1	0
45	94	1	0
46	94	2	0
47	94	113	0
48	94	114	2.779004
49	94	1712	15.929338
50	94	351	25.326305
51	94	393	16.535412
52	94	1732	1.182458
53	94	1733	-0.46595
54	94	1734	-0.860883
55	94	1735	2.556876
56	94	1736	9.071651
57	94	1723	13.187632
58	94	427	10.193629
59	94	392	2.473925
60	94	1714	0
61	94	165	0
62	94	2	0
63	94	1	0
64	94	14	1.410719
65	94	996	22.153734
66	94	17	38.177864
67	94	1152	20.56719
68	94	1153	-6.242381
69	94	1175	-5.892574
70	94	1737	8.001323
71	94	1738	26.576838
72	94	1739	38.484207
73	94	99	36.800072
74	94	758	24.382917
75	94	31	14.435857
76	94	1	10.968724
77	94	2	12.078394
78	94	1	22.013979
79	94	1	26.834826
80	94	1	16.469923
81	94	1	4.5263
82	94	2	5.267911
83	94	2	12.1074
84	94	220	11.540316
85	94	221	5.013631
86	94	721	0
87	94	527	8.393173
88	94	491	49.473251
89	94	718	0.325954
90	94	490	1.508578
91	94	563	2.660514
92	94	2	2.122505
93	94	0	8.805043
94	94	2	31.38394
95	94	1	45.076962
96	94	0	26.923244
97	94	1	3.408314
98	94	2	0
99	94	30	0
100	94	109	1.540867
101	94	489	8.070363
102	94	446	17.625853
103	94	622	24.753117
104	94	99	28.082998
105	94	1740	30.34053
106	94	1741	30.944521
107	94	29	49.166374
108	94	15	51.160698
109	94	1	28.240858
110	94	34	1.101751
111	94	493	0.089162
112	94	133	6.220131
113	94	5	15.032364
114	94	38	8.775023
115	94	39	0
116	94	2	19.912125
117	94	2	51.818634
118	94	1	59.762947
119	94	2	33.729046
120	94	0	13.570444
121	94	0	28.48876
122	94	134	36.21064
123	94	581	28.801989
124	94	362	18.202408
125	94	139	0
126	94	1	0
127	94	30	0
128	94	109	0
0	95	133	0
1	95	2	0
2	95	0	0
3	95	526	0
4	95	491	0
5	95	491	0
6	95	1401	6.11904
7	95	497	11.056042
8	95	1402	14.332495
9	95	259	5.585999
10	95	1742	0
11	95	568	0
12	95	133	0
13	95	0	0
14	95	0	0
15	95	1	0
16	95	0	0
17	95	1	0
18	95	2	0
19	95	0	118.272041
20	95	1	118.272041
21	95	99	118.272041
22	95	1743	118.272041
23	95	1744	118.272041
24	95	67	118.272041
25	95	142	0
26	95	7	0
27	95	0	0
28	95	0	0
29	95	2	0
30	95	1	1.621219
31	95	2	24.528391
32	95	2	19.174664
33	95	1	6.343196
34	95	0	-12.309066
35	95	1	-10.595111
36	95	363	-3.858676
37	95	364	0
38	95	1	17.139887
39	95	0	52.145096
40	95	0	45.325806
41	95	0	27.469931
42	95	2	16.893593
43	95	0	1.238544
44	95	113	-3.006721
45	95	1212	-4.466358
46	95	1745	-1.328343
47	95	1136	0
48	95	351	0
49	95	427	1.623794
50	95	1746	-1.120739
51	95	150	-8.576922
52	95	1747	-0.379126
53	95	1748	-1.731355
54	95	384	0.828824
55	95	383	4.945203
56	95	1736	8.336143
57	95	1723	7.652258
58	95	427	3.001199
59	95	392	0
60	95	1714	0
61	95	165	0
62	95	2	0
63	95	2	0.17832
64	95	16	8.638938
65	95	1083	33.801113
66	95	28	45.722023
67	95	1749	18.77887
68	95	1750	-8.433939
69	95	1751	-3.655702
70	95	1752	11.995984
71	95	15	27.237425
72	95	2	32.175461
73	95	99	25.033957
74	95	133	15.92158
75	95	2	12.157868
76	95	5	10.49623
77	95	6	16.478445
78	95	7	27.994764
79	95	0	25.577202
80	95	0	11.081908
81	95	0	1.644116
82	95	2	8.117268
83	95	0	12.737057
84	95	0	9.525798
85	95	220	3.344751
86	95	721	1.124692
87	95	491	22.244194
88	95	528	18.710356
89	95	221	7.621379
90	95	529	8.776178
91	95	2	8.139118
92	95	2	6.138738
93	95	1	21.143154
94	95	0	43.263821
95	95	1	43.790783
96	95	0	19.464766
97	95	30	0.030271
98	95	109	0
99	95	133	0
100	95	526	0
101	95	528	5.297412
102	95	1603	11.919231
103	95	92	11.481299
104	95	1753	13.420134
105	95	172	26.566702
106	95	15	40.074295
107	95	0	52.890301
108	95	2	55.853767
109	95	1	34.484951
110	95	2	7.19756
111	95	0	1.853965
112	95	35	8.487888
113	95	61	3.400602
114	95	20	0
115	95	1	0.194536
116	95	2	18.416094
117	95	0	50.98978
118	95	2	57.025433
119	95	0	33.59993
120	95	30	11.786393
121	95	109	16.46796
122	95	1754	18.379496
123	95	1755	7.854992
124	95	1756	0.610034
125	95	66	0
126	95	134	0
127	95	139	0
128	95	2	0
0	96	1	0
1	96	190	0
2	96	1015	0
3	96	721	0
4	96	527	7.427691
5	96	533	1.670825
6	96	1646	0
7	96	1757	0.074376
8	96	620	0
9	96	1758	0
10	96	718	0
11	96	499	0
12	96	92	0
13	96	31	0
14	96	0	0
15	96	0	0
16	96	1	0
17	96	2	118.272041
18	96	2	118.272041
19	96	0	118.272041
20	96	0	118.272041
21	96	134	118.272041
22	96	581	168.024887
23	96	1090	118.272041
24	96	19	118.272041
25	96	20	118.272041
26	96	0	0
27	96	0	0
28	96	0	0
29	96	2	0
30	96	0	0
31	96	0	8.914213
32	96	1	17.065702
33	96	0	19.662157
34	96	2	16.220295
35	96	126	5.035445
36	96	217	-1.09501
37	96	1	18.096001
38	96	2	41.593441
39	96	0	67.370842
40	96	1	61.112812
41	96	113	33.395569
42	96	114	12.505175
43	96	1712	-0.299372
44	96	351	-11.36066
45	96	392	-14.363417
46	96	351	-8.948565
47	96	1759	-1.524993
48	96	746	0
49	96	1760	-0.563824
50	96	809	-7.025394
51	96	1761	-13.42028
52	96	385	-7.705193
53	96	1762	-3.695536
54	96	1763	3.805428
55	96	1764	7.82219
56	96	1736	8.561113
57	96	1723	4.760016
58	96	427	0.386569
59	96	392	0
60	96	1714	0
61	96	165	0
62	96	1	0.467005
63	96	16	2.400719
64	96	1302	16.286877
65	96	1302	40.872494
66	96	17	45.128933
67	96	14	17.656042
68	96	1765	-5.034566
69	96	1718	4.587524
70	96	1	18.106047
71	96	1	23.319925
72	96	2	21.140615
73	96	0	13.371483
74	96	1	5.882031
75	96	34	6.228305
76	96	19	6.241867
77	96	20	14.173768
78	96	1	21.424528
79	96	2	15.544406
80	96	2	3.338278
81	96	0	4.409936
82	96	0	11.872193
83	96	2	13.80147
84	96	190	9.236217
85	96	490	4.69354
86	96	527	3.099254
87	96	563	48.228958
88	96	1	23.163321
89	96	0	22.770132
90	96	0	18.398844
91	96	1	10.585167
92	96	0	8.565899
93	96	1	25.660929
94	96	1	43.318329
95	96	0	35.089699
96	96	134	11.719687
97	96	708	0
98	96	31	0
99	96	220	0.757192
100	96	529	12.097819
101	96	134	29.392866
102	96	366	40.920612
103	96	1716	42.388985
104	96	17	31.947216
105	96	1	36.39109
106	96	0	40.655151
107	96	2	46.134323
108	96	0	56.168449
109	96	2	42.263428
110	96	2	15.223969
111	96	34	0
112	96	20	1.360699
113	96	1	0
114	96	1	0
115	96	0	0.062614
116	96	2	17.410877
117	96	1	40.128498
118	96	0	53.865971
119	96	134	45.143417
120	96	139	24.241049
121	96	363	6.021245
122	96	1766	0.646517
123	96	1767	0
124	96	1286	0
125	96	183	0
126	96	133	0
127	96	1	0
128	96	1	0
0	97	220	0
1	97	529	0
2	97	220	0
3	97	221	0
4	97	1612	4.07779
5	97	687	0
6	97	568	0
7	97	132	0
8	97	1768	0
9	97	1646	0
10	97	534	0
11	97	581	0
12	97	139	0
13	97	1	0
14	97	0	0
15	97	1	0
16	97	1	118.272041
17	97	2	118.272041
18	97	1	118.272041
19	97	0	118.272041
20	97	134	118.272041
21	97	852	168.024887
22	97	139	168.024887
23	97	30	168.024887
24	97	31	118.272041
25	97	2	118.272041
26	97	1	118.272041
27	97	1	0
28	97	0	0
29	97	1	0
30	97	0	0
31	97	0	0
32	97	0	16.664505
33	97	1	19.929598
34	97	0	26.238533
35	97	2	24.945213
36	97	2	22.121309
37	97	2	31.453272
38	97	1	65.722786
39	97	113	78.405647
40	97	1135	70.528595
41	97	1136	46.698406
42	97	351	14.188509
43	97	427	2.335097
44	97	1759	-12.115934
45	97	746	-18.30785
46	97	1769	-11.910619
47	97	1770	-2.659284
48	97	1748	0
49	97	384	0
50	97	1762	-4.646497
51	97	1771	-8.728689
52	97	1772	-6.570301
53	97	1773	-0.3964
54	97	1774	6.085008
55	97	1764	9.882656
56	97	1775	7.496877
57	97	1721	2.418802
58	97	427	0
59	97	392	0
60	97	1714	0.55777
61	97	165	2.155455
62	97	16	3.111573
63	97	1302	5.083688
64	97	172	20.999308
65	97	1776	42.914871
66	97	446	39.556221
67	97	490	6.485286
68	97	563	-7.528888
69	97	2	12.557975
70	97	1	32.746769
71	97	1	32.065636
72	97	1	17.625278
73	97	30	5.715651
74	97	31	1.970389
75	97	1	1.782972
76	97	1	0.921359
77	97	0	5.503528
78	97	2	8.089012
79	97	2	4.400122
80	97	2	0.034363
81	97	1	7.240198
82	97	2	15.037581
83	97	220	13.702192
84	97	721	19.57723
85	97	1373	28.616375
86	97	563	31.972139
87	97	0	44.615681
88	97	0	28.325382
89	97	0	34.471886
90	97	0	20.781942
91	97	1	14.977594
92	97	2	26.221724
93	97	1	30.071297
94	97	1	30.148479
95	97	99	18.690907
96	97	138	2.433054
97	97	139	0
98	97	0	0.179269
99	97	2	14.233436
100	97	134	40.621971
101	97	139	68.23391
102	97	14	84.911301
103	97	15	81.077461
104	97	2	70.87278
105	97	2	65.113853
106	97	2	59.072083
107	97	1	56.648041
108	97	1	59.232296
109	97	0	50.730782
110	97	1	19.272787
111	97	2	0.066774
112	97	1	0
113	97	1	0
114	97	2	0
115	97	0	3.117907
116	97	30	13.565351
117	97	92	35.399387
118	97	93	60.919708
119	97	139	64.312569
120	97	363	41.349472
121	97	1777	13.71608
122	97	1778	0.766198
123	97	788	1.577108
124	97	1779	6.477211
125	97	0	1.217809
126	97	0	0
127	97	1	0
128	97	190	0
0	98	622	0
1	98	0	0
2	98	5	0
3	98	1238	0
4	98	1780	0
5	98	656	0
6	98	2	0
7	98	99	0
8	98	132	0
9	98	132	0
10	98	132	0
11	98	133	0
12	98	0	0
13	98	1	0
14	98	1	118.272041
15	98	1	118.272041
16	98	2	118.272041
17	98	0	118.272041
18	98	0	118.272041
19	98	134	168.024887
20	98	362	168.024887
21	98	708	168.024887
22	98	93	168.024887
23	98	139	168.024887
24	98	2	168.024887
25	98	0	118.272041
26	98	0	118.272041
27	98	0	118.272041
28	98	1	0
29	98	2	0
30	98	0	0
31	98	1	0
32	98	2	17.433008
33	98	0	27.947865
34	98	0	38.809254
35	98	1	36.068844
36	98	2	36.969303
37	98	113	41.690952
38	98	1135	57.702908
39	98	1136	68.936691
40	98	351	58.452583
41	98	427	34.019844
42	98	1759	14.055162
43	98	1769	10.18302
44	98	118	2.273525
45	98	1770	-3.481048
46	98	1748	-5.380605
47	98	1781	-1.183301
48	98	1782	0
49	98	1783	0
50	98	1784	-0.158218
51	98	398	-1.958591
52	98	1785	-0.337499
53	98	1786	3.038968
54	98	1787	7.395461
55	98	424	10.641296
56	98	1788	6.200136
57	98	1723	0.084625
58	98	427	1.684468
59	98	392	4.581457
60	98	1714	6.835289
61	98	1789	6.269671
62	98	1790	5.864315
63	98	1791	6.901815
64	98	490	21.076441
65	98	1373	41.287949
66	98	528	34.659355
67	98	1603	1.596298
68	98	92	-14.341976
69	98	31	12.995553
70	98	1	43.446266
71	98	0	39.176514
72	98	134	17.474901
73	98	708	5.125975
74	98	31	3.09129
75	98	2	4.188644
76	98	2	2.807307
77	98	2	0.622422
78	98	2	1.508409
79	98	0	4.727215
80	98	2	5.032768
81	98	1	11.004745
82	98	190	17.253489
83	98	490	12.528003
84	98	527	18.917118
85	98	563	50.335083
86	98	0	87.875053
87	98	1	81.616425
88	98	1	27.006298
89	98	1	28.83897
90	98	1	22.236492
91	98	1	35.735527
92	98	0	56.898994
93	98	0	50.005112
94	98	2	20.044353
95	98	134	4.396875
96	98	139	0
97	98	2	0
98	98	0	1.386507
99	98	134	20.432232
100	98	139	50.898331
101	98	0	71.330109
102	98	1	71.810776
103	98	2	66.724525
104	98	2	67.367027
105	98	2	70.586884
106	98	0	72.300072
107	98	2	73.998917
108	98	1	81.178146
109	98	1	65.071335
110	98	1	30.50824
111	98	2	5.616181
112	98	0	0
113	98	2	0
114	98	30	1.831041
115	98	93	15.243989
116	98	366	18.404902
117	98	132	28.4484
118	98	1756	59.701065
119	98	89	63.699276
120	98	1347	39.893944
121	98	1792	12.605206
122	98	132	0.000753
123	98	133	3.761375
124	98	0	10.953588
125	98	1	2.797617
126	98	1	0
127	98	220	0
128	98	529	0
0	99	2	0
1	99	34	0
2	99	19	0
3	99	54	0
4	99	142	0
5	99	6	0
6	99	7	0
7	99	2	0
8	99	0	0
9	99	0	0
10	99	1	0
11	99	2	0
12	99	5	0
13	99	7	118.272041
14	99	0	118.272041
15	99	2	118.272041
16	99	5	118.272041
17	99	7	118.272041
18	99	134	168.024887
19	99	362	169.452576
20	99	128	167.262634
21	99	1634	172.710632
22	99	133	172.086624
23	99	2	168.366577
24	99	1	168.024887
25	99	2	168.024887
26	99	2	118.272041
27	99	1	118.272041
28	99	0	118.272041
29	99	0	0
30	99	0	0
31	99	1	0
32	99	2	7.08
33	99	2	22.559834
34	99	2	44.061661
35	99	1193	48.00481
36	99	1230	38.968719
37	99	1165	42.620529
38	99	351	32.45977
39	99	427	51.81271
40	99	1759	35.007526
41	99	1769	13.468882
42	99	118	17.293222
43	99	1770	13.786987
44	99	1748	19.715122
45	99	1781	16.790697
46	99	1793	6.352417
47	99	1794	0
48	99	1795	0
49	99	398	0
50	99	398	0
51	99	398	0
52	99	1785	0
53	99	1796	11.092904
54	99	1797	9.516873
55	99	1764	14.018068
56	99	1736	8.08724
57	99	1723	3.084332
58	99	1798	7.770155
59	99	1799	12.205798
60	99	1713	12.001679
61	99	1800	9.526347
62	99	1595	6.181072
63	99	1801	8.8009
64	99	721	17.77458
65	99	718	35.931969
66	99	1633	37.543304
67	99	138	7.864967
68	99	139	-9.496345
69	99	1	10.364676
70	99	0	34.200691
71	99	99	31.56617
72	99	132	11.955598
73	99	489	2.808519
74	99	622	4.460053
75	99	1	6.210341
76	99	2	4.379717
77	99	2	1.362852
78	99	0	8.238458
79	99	2	15.662105
80	99	190	16.615904
81	99	490	18.150879
82	99	491	19.539658
83	99	1400	18.280867
84	99	563	22.819418
85	99	1	44.781666
86	99	1	80.089905
87	99	2	77.738571
88	99	0	21.059511
89	99	0	14.232406
90	99	2	16.791533
91	99	0	43.122555
92	99	0	68.331001
93	99	30	48.958767
94	99	93	15.069782
95	99	139	0.726824
96	99	2	0
97	99	0	0
98	99	99	0.343631
99	99	133	14.50841
100	99	1	44.93037
101	99	1	45.894642
102	99	2	26.631668
103	99	1	18.294334
104	99	0	24.98102
105	99	0	34.390633
106	99	1	47.802887
107	99	30	68.971588
108	99	92	83.395172
109	99	1037	74.925758
110	99	6	41.383579
111	99	7	16.142004
112	99	2	3.352845
113	99	134	1.38781
114	99	366	12.315168
115	99	133	13.022023
116	99	0	8.506908
117	99	126	25.944798
118	99	1260	46.619385
119	99	1777	42.468777
120	99	1802	18.784081
121	99	1	3.739038
122	99	2	0
123	99	1	0.086713
124	99	1	1.435369
125	99	1	0
126	99	1	0
127	99	0	0
128	99	30	0
0	100	92	0
1	100	31	0
2	100	34	0
3	100	1418	0
4	100	1803	0
5	100	1804	0
6	100	622	0
7	100	0	0
8	100	0	0
9	100	2	0
10	100	2	0
11	100	34	118.272041
12	100	20	118.272041
13	100	1	118.272041
14	100	5	118.272041
15	100	18	118.272041
16	100	300	118.272041
17	100	93	168.024887
18	100	852	168.024887
19	100	1090	172.710632
20	100	108	172.710632
21	100	7	172.710632
22	100	1	169.262253
23	100	2	172.086624
24	100	0	165.03064
25	100	0	168.024887
26	100	1	168.024887
27	100	2	118.272041
28	100	0	118.272041
29	100	1	118.272041
30	100	0	0
31	100	2	0
32	100	2	0
33	100	2	13.515639
34	100	1251	36.469257
35	100	427	47.151634
36	100	427	38.930508
37	100	427	25.214035
38	100	1759	22.933138
39	100	1769	26.281834
40	100	118	14.035821
41	100	118	22.729958
42	100	1805	7.24231
43	100	389	10.887989
44	100	1806	24.202139
45	100	1807	26.402876
46	100	1808	11.898427
47	100	1809	0
48	100	433	0
49	100	398	0
50	100	398	0
51	100	398	0
52	100	1785	0
53	100	1810	22.573391
54	100	1811	14.100329
55	100	1764	21.650272
56	100	1736	14.918382
57	100	1812	6.52235
58	100	1813	10.872537
59	100	684	12.787565
60	100	1294	10.836632
61	100	1717	6.15025
62	100	1718	7.61233
63	100	1814	12.111444
64	100	1597	16.381193
65	100	563	32.571064
66	100	99	37.614731
67	100	133	17.466467
68	100	1	-2.482874
69	100	1	6.109438
70	100	2	17.785019
71	100	0	15.550259
72	100	526	6.90178
73	100	563	0.631545
74	100	2	2.751214
75	100	0	4.997051
76	100	0	7.693744
77	100	1	9.139525
78	100	1	17.126545
79	100	526	24.425112
80	100	527	26.100407
81	100	1400	25.727528
82	100	1373	21.069155
83	100	563	17.580727
84	100	2	27.824982
85	100	823	41.704807
86	100	1191	66.821381
87	100	232	51.272297
88	100	1	16.948971
89	100	1	5.822625
90	100	2	5.13275
91	100	0	33.427868
92	100	99	46.166672
93	100	132	26.329004
94	100	133	2.085822
95	100	0	0
96	100	1	0
97	100	0	0
98	100	1	0.092502
99	100	1	20.829878
100	100	3	44.407322
101	100	4	42.117882
102	100	2	15.693134
103	100	0	0.043931
104	100	30	0
105	100	92	0.389436
106	100	93	12.729404
107	100	581	34.157944
108	100	1090	55.114456
109	100	19	58.264935
110	100	20	44.444141
111	100	1	24.27667
112	100	134	4.723928
113	100	139	15.345507
114	100	3	24.976717
115	100	4	10.338556
116	100	1	5.599609
117	100	126	28.519547
118	100	1815	39.483406
119	100	1816	23.460737
120	100	1817	5.106648
121	100	66	0.062128
122	100	0	0
123	100	1	0
124	100	2	1.513055
125	100	2	2.786097
126	100	1	0
127	100	134	0
128	100	581	0
0	101	139	0
1	101	0	0
2	101	1818	0
3	101	1819	0
4	101	1820	0
5	101	1821	0
6	101	1822	0
7	101	622	0
8	101	0	0
9	101	2	0
10	101	2	118.272041
11	101	1	118.272041
12	101	0	118.272041
13	101	34	118.272041
14	101	20	118.272041
15	101	134	118.272041
16	101	362	168.024887
17	101	362	168.024887
18	101	139	168.024887
19	101	34	172.710632
20	101	20	170.556595
21	101	1	169.262253
22	101	2	169.262253
23	101	1	169.262253
24	101	1	172.086624
25	101	0	165.03064
26	101	0	168.024887
27	101	1	168.024887
28	101	2	118.272041
29	101	0	118.272041
30	101	0	118.272041
31	101	0	0
32	101	0	0
33	101	1251	8.832001
34	101	427	25.473513
35	101	427	36.713142
36	101	1759	19.498917
37	101	1769	15.80896
38	101	118	34.680416
39	101	118	43.270077
40	101	118	15.522442
41	101	1823	9.733297
42	101	383	3.049157
43	101	1824	6.469127
44	101	1825	21.143408
45	101	1826	26.198563
46	101	1827	13.084909
47	101	1828	0.333854
48	101	398	0
49	101	398	0
50	101	398	0
51	101	398	1.107309
52	101	1829	4.497298
53	101	118	19.205776
54	101	1805	23.160339
55	101	1830	32.214931
56	101	1831	21.245718
57	101	1813	7.915488
58	101	1832	0.498703
59	101	298	2.594519
60	101	526	3.292106
61	101	563	2.157281
62	101	16	9.852018
63	101	1833	16.220392
64	101	718	19.151293
65	101	622	28.59564
66	101	1	31.490543
67	101	1	16.394049
68	101	5	0.822746
69	101	6	4.962329
70	101	7	11.360241
71	101	220	10.889106
72	101	529	3.953902
73	101	2	0
74	101	2	0.450346
75	101	1	7.162366
76	101	190	18.561163
77	101	446	23.452681
78	101	490	26.487572
79	101	527	34.468281
80	101	491	42.028809
81	101	1373	40.550659
82	101	718	26.557354
83	101	622	21.074951
84	101	157	29.370089
85	101	1834	45.314533
86	101	1835	48.061943
87	101	0	51.086838
88	101	2	22.73875
89	101	2	1.526787
90	101	0	12.241594
91	101	30	43.773468
92	101	31	51.92672
93	101	2	22.186705
94	101	1	0.026737
95	101	2	0
96	101	2	0
97	101	0	0
98	101	2	0.294445
99	101	16	23.304081
100	101	1083	59.605415
101	101	4	58.49688
102	101	1	22.839626
103	101	99	0
104	101	132	0
105	101	132	0
106	101	132	0
107	101	133	9.875899
108	101	3	18.311924
109	101	4	29.189823
110	101	0	37.312695
111	101	134	27.978941
112	101	1708	20.43091
113	101	29	27.516809
114	101	1010	11.350836
115	101	28	0
116	101	4	12.313477
117	101	1836	42.215919
118	101	1837	55.638622
119	101	1838	31.648634
120	101	217	5.003712
121	101	1	1.66667
122	101	0	0
123	101	0	0
124	101	0	8.687922
125	101	0	36.364887
126	101	99	1.244959
127	101	138	0
128	101	139	0
0	102	1	0
1	102	722	1.230217
2	102	506	2.652056
3	102	542	2.064993
4	102	542	1.315983
5	102	1820	0
6	102	1839	0
7	102	2	0
8	102	2	118.272041
9	102	2	118.272041
10	102	0	118.272041
11	102	2	118.272041
12	102	1	118.272041
13	102	0	118.272041
14	102	134	118.272041
15	102	804	118.272041
16	102	852	168.024887
17	102	139	168.024887
18	102	2	168.024887
19	102	0	170.52681
20	102	2	170.556595
21	102	569	170.556595
22	102	1840	167.024582
23	102	2	169.262253
24	102	2	169.262253
25	102	1	170.142593
26	102	2	168.024887
27	102	10	168.024887
28	102	65	168.024887
29	102	66	118.272041
30	102	1	118.272041
31	102	1	118.272041
32	102	1550	0
33	102	1841	8.37
34	102	1842	23.675055
35	102	355	29.073586
36	102	155	18.766134
37	102	118	30.846233
38	102	118	20.048853
39	102	118	9.405848
40	102	779	9.572631
41	102	1843	6.261223
42	102	344	2.050595
43	102	808	3.30972
44	102	1844	14.919966
45	102	118	21.268814
46	102	1845	13.009782
47	102	1846	2.320921
48	102	398	1.626621
49	102	398	7.512562
50	102	398	8.778988
51	102	1829	7.048771
52	102	1770	10.42622
53	102	1761	16.653696
54	102	1847	29.18255
55	102	1848	34.395126
56	102	1849	22.704384
57	102	245	-0.190771
58	102	2	-11.591814
59	102	1814	-11.053231
60	102	1739	-4.29766
61	102	14	3.556751
62	102	1617	11.443856
63	102	221	16.22053
64	102	222	19.893349
65	102	446	24.084114
66	102	446	22.095757
67	102	334	9.157021
68	102	1435	0.108807
69	102	333	6.425992
70	102	446	15.127627
71	102	446	16.743458
72	102	446	9.851547
73	102	446	7.494016
74	102	446	10.898499
75	102	490	15.09472
76	102	1373	24.673811
77	102	1400	29.370489
78	102	491	30.627819
79	102	527	36.232449
80	102	528	55.563725
81	102	221	58.738918
82	102	529	35.440399
83	102	157	19.719788
84	102	671	23.245382
85	102	851	44.719658
86	102	1	41.782539
87	102	0	30.02412
88	102	1	6.326299
89	102	30	0
90	102	93	26.30978
91	102	139	69.302299
92	102	0	79.569687
93	102	1	39.558685
94	102	1	0.089836
95	102	0	0
96	102	30	0
97	102	92	0
98	102	1850	0
99	102	1624	19.599529
100	102	15	61.624699
101	102	2	72.631508
102	102	2	35.140915
103	102	0	0.707936
104	102	2	0
105	102	30	0
106	102	1851	0
107	102	29	0
108	102	15	1.018864
109	102	0	13.409785
110	102	99	30.12579
111	102	100	31.943251
112	102	1010	21.351908
113	102	1046	8.72245
114	102	172	0.129523
115	102	15	0
116	102	126	18.001848
117	102	1852	59.742329
118	102	133	83.476768
119	102	0	56.562443
120	102	2	13.617619
121	102	2	3.668349
122	102	1	0
123	102	0	0
124	102	1	2.186684
125	102	0	19.110525
126	102	99	15.308919
127	102	133	0
128	102	1	0
0	103	722	0
1	103	543	7.744899
2	103	542	13.33604
3	103	543	12.203285
4	103	506	5.699605
5	103	1853	0.967481
6	103	2	0
7	103	2	0
8	103	2	118.272041
9	103	2	118.272041
10	103	0	118.272041
11	103	2	118.272041
12	103	2	118.272041
13	103	99	118.272041
14	103	138	118.272041
15	103	366	118.272041
16	103	133	118.272041
17	103	5	168.024887
18	103	7	168.024887
19	103	1	172.098618
20	103	1854	168.222794
21	103	1855	170.556595
22	103	2	170.556595
23	103	0	167.024582
24	103	2	169.262253
25	103	2	170.142593
26	103	363	168.024887
27	103	1856	168.024887
28	103	1857	168.024887
29	103	942	118.272041
30	103	942	118.272041
31	103	232	118.272041
32	103	1858	0
33	103	1859	8.520339
34	103	427	18.784883
35	103	355	15.809629
36	103	155	17.086658
37	103	118	26.012823
38	103	118	27.71401
39	103	118	12.099833
40	103	1811	10.105628
41	103	1860	3.746076
42	103	1861	1.427121
43	103	808	1.02962
44	103	1844	11.506261
45	103	118	21.537018
46	103	1795	19.619371
47	103	398	12.759473
48	103	398	14.864277
49	103	398	27.047501
50	103	1829	28.407619
51	103	1805	19.196058
52	103	1862	10.672971
53	103	1863	17.76107
54	103	1813	25.26601
55	103	393	29.155352
56	103	1864	16.242857
57	103	1	-4.425787
58	103	1717	-15.949154
59	103	1718	-13.387036
60	103	0	-4.808617
61	103	0	4.187754
62	103	5	9.666852
63	103	1546	15.934024
64	103	221	20.796467
65	103	221	22.023121
66	103	721	13.384567
67	103	718	2.631679
68	103	490	1.535111
69	103	491	12.414686
70	103	491	29.295929
71	103	1400	37.286716
72	103	528	34.256165
73	103	721	30.47135
74	103	528	27.8738
75	103	221	26.742506
76	103	221	26.315338
77	103	721	23.670652
78	103	527	19.265179
79	103	718	27.222687
80	103	446	49.65065
81	103	622	58.976044
82	103	179	35.365196
83	103	160	19.183552
84	103	161	20.665762
85	103	2	42.580517
86	103	2	43.624393
87	103	1	47.691372
88	103	134	28.09791
89	103	362	10.296001
90	103	139	18.883558
91	103	0	56.051258
92	103	2	63.600513
93	103	0	30.3006
94	103	0	0
95	103	134	0
96	103	852	0
97	103	852	0
98	103	1708	0
99	103	28	12.983296
100	103	28	50.976768
101	103	4	71.773918
102	103	1	42.842823
103	103	3	6.942123
104	103	1865	0
105	103	1866	0
106	103	1867	0
107	103	28	0
108	103	4	0
109	103	2	7.106819
110	103	0	26.947098
111	103	16	38.526546
112	103	172	24.887674
113	103	15	5.129847
114	103	0	0
115	103	0	0
116	103	10	11.963677
117	103	66	52.379997
118	103	2	84.626022
119	103	2	64.559273
120	103	2	24.890175
121	103	1	3.947713
122	103	0	0
123	103	1	0
124	103	1	0
125	103	1	4.333443
126	103	2	18.645859
127	103	0	0
128	103	1854	0
0	104	1868	0
1	104	542	13.457246
2	104	506	22.84441
3	104	543	23.386253
4	104	1853	16.377457
5	104	2	10.895911
6	104	0	3.24662
7	104	1	0.302138
8	104	1	0
9	104	0	118.272041
10	104	1	118.272041
11	104	1	118.272041
12	104	2	118.272041
13	104	99	118.272041
14	104	133	118.272041
15	104	0	118.272041
16	104	34	118.272041
17	104	20	118.272041
18	104	2	165.69104
19	104	2	168.024887
20	104	0	172.086624
21	104	1	168.222794
22	104	2	170.556595
23	104	1	165.891495
24	104	10	167.024582
25	104	1869	170.142593
26	104	1870	168.024887
27	104	1871	168.024887
28	104	1872	118.272041
29	104	1873	118.272041
30	104	340	118.272041
31	104	254	0
32	104	1874	0
33	104	1721	17.204557
34	104	427	19.38545
35	104	355	40.301571
36	104	155	32.160233
37	104	118	39.063332
38	104	118	53.33374
39	104	118	33.563587
40	104	1875	32.017178
41	104	1876	28.740973
42	104	344	26.457594
43	104	808	31.526968
44	104	1844	38.595428
45	104	1877	39.160763
46	104	433	32.786831
47	104	434	24.482325
48	104	432	25.795004
49	104	1878	35.534477
50	104	1748	37.086628
51	104	1879	19.973469
52	104	1848	6.297614
53	104	1849	22.841007
54	104	392	19.379099
55	104	1137	21.056143
56	104	0	10.564738
57	104	526	-3.393194
58	104	563	-8.053184
59	104	2	-7.040969
60	104	5	0.636042
61	104	38	6.033083
62	104	68	10.482937
63	104	621	17.936344
64	104	499	23.127203
65	104	1655	18.410721
66	104	721	7.587386
67	104	491	0.109656
68	104	1400	4.503921
69	104	527	19.288469
70	104	528	39.657948
71	104	529	51.368809
72	104	526	49.703564
73	104	718	42.742058
74	104	622	39.904968
75	104	2	36.330597
76	104	220	27.677898
77	104	721	15.953799
78	104	527	8.002935
79	104	1373	8.595095
80	104	563	28.79516
81	104	1	40.866653
82	104	2	30.08676
83	104	1	8.865693
84	104	2	11.44022
85	104	30	28.858219
86	104	92	48.968071
87	104	93	58.270035
88	104	366	32.602081
89	104	133	10.296001
90	104	0	17.93132
91	104	190	26.889717
92	104	622	35.10244
93	104	0	13.891814
94	104	99	0
95	104	132	0
96	104	132	0
97	104	100	0
98	104	47	0
99	104	996	2.113142
100	104	1083	30.60885
101	104	4	44.639668
102	104	14	28.027952
103	104	15	4.781787
104	104	134	0
105	104	1880	0
106	104	1881	0
107	104	17	0
108	104	2	0
109	104	1	1.318327
110	104	14	19.413233
111	104	15	38.40448
112	104	3	33.320736
113	104	4	12.70185
114	104	1	0
115	104	1882	0
116	104	1883	0
117	104	66	24.492891
118	104	190	48.477882
119	104	622	46.882423
120	104	1	40.173542
121	104	1	16.426634
122	104	1	2.622143
123	104	1	0.57582
124	104	1	0
125	104	2	8.503108
126	104	30	31.002131
127	104	31	0
128	104	1854	0
0	105	899	0
1	105	899	12.427765
2	105	1868	24.323137
3	105	507	29.642311
4	105	1840	27.290089
5	105	30	21.596626
6	105	92	12.033751
7	105	31	3.569243
8	105	2	0
9	105	2	0
10	105	2	118.272041
11	105	2	118.272041
12	105	0	118.272041
13	105	30	118.272041
14	105	31	118.272041
15	105	2	118.272041
16	105	1	118.272041
17	105	2	118.272041
18	105	1	118.272041
19	105	1	165.69104
20	105	1	168.024887
21	105	0	170.556595
22	105	0	168.222794
23	105	126	170.305511
24	105	1884	167.349121
25	105	1885	170.142593
26	105	1886	168.024887
27	105	1887	168.024887
28	105	1888	118.272041
29	105	1889	118.272041
30	105	622	118.272041
31	105	254	0
32	105	1890	0
33	105	244	16.093903
34	105	427	28.716797
35	105	355	61.459026
36	105	155	54.860432
37	105	118	40.887833
38	105	118	39.24007
39	105	118	40.872066
40	105	1811	56.315384
41	105	1860	60.895531
42	105	1861	62.361927
43	105	808	65.094864
44	105	1891	64.489433
45	105	1892	54.441925
46	105	1893	40.677044
47	105	1894	30.302195
48	105	348	22.889771
49	105	1830	25.295309
50	105	1895	21.113737
51	105	1896	9.291432
52	105	427	16.081705
53	105	1417	28.046928
54	105	1529	19.869995
55	105	0	16.996861
56	105	220	6.043957
57	105	1603	1.951018
58	105	621	8.60507
59	105	1650	0.198904
60	105	54	4.368353
61	105	131	9.808127
62	105	600	16.213192
63	105	1673	21.436764
64	105	489	20.382114
65	105	1015	12.251632
66	105	1620	2.327054
67	105	1549	0.981433
68	105	221	9.08678
69	105	529	24.143257
70	105	0	39.431305
71	105	526	47.176403
72	105	491	45.841602
73	105	563	48.588718
74	105	190	49.783562
75	105	446	46.588692
76	105	1015	37.884758
77	105	721	24.111256
78	105	528	8.142097
79	105	529	0.569228
80	105	1	10.837979
81	105	0	27.869045
82	105	0	30.726044
83	105	1	16.40794
84	105	134	7.598994
85	105	581	24.206821
86	105	366	52.050034
87	105	133	61.542652
88	105	0	36.424885
89	105	2	29.136007
90	105	526	19.007425
91	105	718	26.581511
92	105	622	38.723454
93	105	0	24.541981
94	105	2	2.860285
95	105	0	0
96	105	2	0
97	105	0	0
98	105	14	0
99	105	47	0
100	105	15	4.026031
101	105	3	13.170439
102	105	4	16.167233
103	105	99	10.338086
104	105	132	3.093743
105	105	1866	0
106	105	1897	0
107	105	1	0
108	105	1	0
109	105	0	0.564585
110	105	2	16.123686
111	105	14	36.560863
112	105	1010	37.43811
113	105	4	17.25391
114	105	134	1.027029
115	105	1898	0
116	105	1883	0
117	105	1899	2.32375
118	105	529	15.130548
119	105	1	19.850586
120	105	2	46.371647
121	105	2	37.425926
122	105	0	20.601242
123	105	1	11.315889
124	105	2	0
125	105	134	0
126	105	708	3.916871
127	105	31	0
128	105	190	0
0	106	622	0
1	106	1854	15.45273
2	106	1900	31.997139
3	106	1901	38.984726
4	106	1633	38.773441
5	106	132	29.628756
6	106	133	17.263138
7	106	0	4.868943
8	106	1	0
9	106	1	0
10	106	0	0
11	106	0	118.272041
12	106	99	118.272041
13	106	133	118.272041
14	106	2	118.272041
15	106	1	118.272041
16	106	2	118.272041
17	106	2	118.272041
18	106	2	115.938087
19	106	2	118.272041
20	106	0	165.69104
21	106	2	168.024887
22	106	10	170.556595
23	106	1902	167.3228
24	106	1885	169.656601
25	106	349	168.024887
26	106	349	168.024887
27	106	1903	118.272041
28	106	1904	118.272041
29	106	563	118.272041
30	106	2	0
31	106	1	0
32	106	1550	0
33	106	244	0
34	106	427	25.725103
35	106	355	63.163029
36	106	155	63.338055
37	106	118	43.829597
38	106	118	28.403362
39	106	118	31.020691
40	106	1875	52.0947
41	106	1905	61.207077
42	106	1861	60.892857
43	106	808	56.619522
44	106	1844	49.625477
45	106	118	42.557644
46	106	1805	37.81934
47	106	345	30.908003
48	106	1879	21.084373
49	106	1906	14.631896
50	106	1907	9.154683
51	106	427	4.114614
52	106	245	6.759853
53	106	2	19.084236
54	106	2	18.629055
55	106	797	11.148857
56	106	1908	2.104502
57	106	566	0
58	106	1687	0
59	106	34	1.268394
60	106	20	6.171981
61	106	0	15.345585
62	106	2	20.448759
63	106	220	19.600357
64	106	529	13.200399
65	106	35	4.457721
66	106	68	0
67	106	92	1.511559
68	106	31	12.785759
69	106	2	28.550911
70	106	220	36.648632
71	106	721	38.848518
72	106	563	48.214783
73	106	220	60.412018
74	106	221	66.217049
75	106	222	59.768902
76	106	490	48.455822
77	106	563	32.19912
78	106	1	13.916781
79	106	1	1.320417
80	106	2	4.635851
81	106	2	18.60998
82	106	30	32.045525
83	106	1649	28.44488
84	106	568	15.663552
85	106	133	24.133694
86	106	2	40.649075
87	106	1	63.537243
88	106	190	37.470112
89	106	490	30.414009
90	106	528	21.480749
91	106	529	30.987694
92	106	2	56.940308
93	106	2	42.74176
94	106	1	11.803217
95	106	30	0
96	106	31	0
97	106	0	0
98	106	3	0
99	106	4	0
100	106	14	0.23887
101	106	15	9.197119
102	106	0	22.420086
103	106	0	25.988541
104	106	134	17.842129
105	106	708	14.058473
106	106	31	16.296045
107	106	0	10.535286
108	106	0	1.824455
109	106	1	13.973151
110	106	3	30.890306
111	106	1046	42.688934
112	106	17	35.108112
113	106	99	16.002995
114	106	1754	1.364845
115	106	1909	0
116	106	364	0
117	106	1	0
118	106	0	0.788184
119	106	2	2.649606
120	106	0	8.163769
121	106	2	10.020702
122	106	0	9.633841
123	106	1	5.228046
124	106	99	0
125	106	132	0
126	106	758	0
127	106	1655	0
128	106	529	0
0	107	2	0
1	107	1343	20.837503
2	107	1910	39.959221
3	107	529	49.35918
4	107	2	43.434517
5	107	1	34.03513
6	107	2	19.488918
7	107	0	5.985365
8	107	0	0
9	107	2	0
10	107	0	0
11	107	1	0
12	107	1	118.272041
13	107	0	118.272041
14	107	1	118.272041
15	107	2	118.272041
16	107	0	118.272041
17	107	1	118.272041
18	107	2	118.272041
19	107	2	115.938087
20	107	0	118.272041
21	107	126	165.69104
22	107	1911	168.024887
23	107	1912	168.024887
24	107	1913	168.024887
25	107	386	168.024887
26	107	1903	168.024887
27	107	1914	118.272041
28	107	1915	118.272041
29	107	1	118.272041
30	107	2	0
31	107	0	0
32	107	1550	0
33	107	244	0
34	107	427	15.271768
35	107	355	48.369637
36	107	155	56.255417
37	107	118	33.693867
38	107	118	18.968565
39	107	118	10.860109
40	107	1875	25.916082
41	107	1905	32.910168
42	107	1861	27.483774
43	107	808	20.345207
44	107	809	16.351841
45	107	1748	26.804052
46	107	1830	36.318539
47	107	1895	30.898302
48	107	1916	22.003311
49	107	1849	20.846216
50	107	427	18.192358
51	107	245	16.297625
52	107	0	16.898849
53	107	1	37.69949
54	107	987	33.598877
55	107	1271	5.079906
56	107	1740	0
57	107	1917	0
58	107	2	0.620855
59	107	1	2.909162
60	107	2	11.881289
61	107	0	19.704855
62	107	1	20.529837
63	107	0	12.747851
64	107	34	5.424366
65	107	493	0
66	107	132	0
67	107	133	2.872179
68	107	2	16.133856
69	107	190	30.238096
70	107	490	34.714516
71	107	718	38.959064
72	107	622	56.948811
73	107	190	79.690643
74	107	490	92.259613
75	107	1373	84.655281
76	107	563	62.556862
77	107	0	42.736279
78	107	1	21.758549
79	107	2	4.564661
80	107	190	0.034302
81	107	1633	9.407181
82	107	1594	26.298363
83	107	718	37.126717
84	107	446	26.578144
85	107	622	29.375259
86	107	2	42.537998
87	107	220	50.162296
88	107	221	43.658604
89	107	529	32.28056
90	107	1	21.445038
91	107	1	44.176319
92	107	2	65.38974
93	107	1	69.532822
94	107	134	29.593172
95	107	1708	1.326117
96	107	4	0
97	107	1918	11.218624
98	107	1919	32.350494
99	107	4	8.447854
100	107	3	0.011168
101	107	4	8.763789
102	107	1	22.997383
103	107	99	32.238987
104	107	138	34.358685
105	107	139	45.032104
106	107	3	51.079086
107	107	4	33.510685
108	107	1	18.495762
109	107	16	9.102375
110	107	1302	9.102375
111	107	17	0
112	107	2	0
113	107	126	8.296305
114	107	1260	0.3437
115	107	364	0
116	107	1	0.657889
117	107	0	14.872088
118	107	2	9.302358
119	107	1	2.2522
120	107	1	0
121	107	0	0
122	107	0	0
123	107	0	0
124	107	1	0.082073
125	107	1665	3.19602
126	107	1920	2.466756
127	107	31	0
128	107	0	0
0	108	99	0
1	108	133	17.530254
2	108	0	35.430687
3	108	2	42.432243
4	108	1	38.935158
5	108	2	31.919285
6	108	0	20.754583
7	108	0	5.734513
8	108	1	0.536715
9	108	1	0
10	108	2	0
11	108	2	0
12	108	0	0
13	108	0	118.272041
14	108	0	118.272041
15	108	1	118.272041
16	108	1	118.272041
17	108	1	118.272041
18	108	0	118.272041
19	108	0	118.272041
20	108	1	115.938087
21	108	1921	118.272041
22	108	1922	168.024887
23	108	1923	168.024887
24	108	344	168.024887
25	108	1924	168.024887
26	108	1872	118.272041
27	108	340	118.272041
28	108	0	118.272041
29	108	2	0
30	108	2	0
31	108	1	0
32	108	1251	0
33	108	427	0
34	108	427	6.166881
35	108	355	29.320549
36	108	155	39.284138
37	108	118	20.880167
38	108	118	2.537002
39	108	118	4.396487
40	108	1875	9.723213
41	108	1876	21.814791
42	108	389	32.121922
43	108	386	26.056494
44	108	389	5.902004
45	108	1925	26.006182
46	108	1926	37.198212
47	108	1927	29.280962
48	108	427	21.980137
49	108	1417	25.24143
50	108	1529	37.769661
51	108	2	27.649586
52	108	1	33.639454
53	108	2	48.91531
54	108	3	43.95792
55	108	1046	22.950117
56	108	17	0
57	108	2	0
58	108	2	1.630001
59	108	0	8.149565
60	108	1	17.059631
61	108	0	21.353458
62	108	0	14.942694
63	108	1	6.093387
64	108	1	0.088213
65	108	3	1.110173
66	108	28	0.66248
67	108	4	5.848315
68	108	220	19.251986
69	108	221	28.452805
70	108	721	27.983799
71	108	563	36.264217
72	108	220	61.012871
73	108	721	91.121628
74	108	528	113.957275
75	108	529	109.25528
76	108	2	80.347191
77	108	0	54.407444
78	108	1	30.582344
79	108	220	8.632299
80	108	529	0
81	108	220	0.307537
82	108	721	17.058178
83	108	1373	34.424458
84	108	563	34.13055
85	108	1	25.214005
86	108	2	15.335882
87	108	190	42.042732
88	108	622	50.462608
89	108	0	26.145721
90	108	0	21.012003
91	108	2	35.407612
92	108	0	75.700607
93	108	99	82.694435
94	108	100	45.985165
95	108	1928	3.784443
96	108	1287	0
97	108	1929	25.043701
98	108	1930	25.416529
99	108	1931	1.999558
100	108	15	0
101	108	3	1.736269
102	108	4	10.802023
103	108	134	19.711121
104	108	139	31.487278
105	108	16	55.475784
106	108	17	64.4814
107	108	0	44.772812
108	108	14	33.257133
109	108	47	9.102375
110	108	15	9.102375
111	108	3	0
112	108	28	0
113	108	1932	0
114	108	1933	0
115	108	0	0
116	108	0	0
117	108	0	1.071305
118	108	0	5.43569
119	108	0	12.168038
120	108	1	11.355201
121	108	2	28.33382
122	108	1	16.262392
123	108	0	26.440981
124	108	1934	21.523781
125	108	1935	9.655517
126	108	1936	2.552982
127	108	824	0
128	108	64	0
0	109	0	0
1	109	823	13.501842
2	109	64	21.707249
3	109	0	26.460838
4	109	1	33.842113
5	109	1	33.090424
6	109	1	19.733889
7	109	823	5.430009
8	109	824	0.008931
9	109	64	0
10	109	0	0
11	109	0	0
12	109	1	0
13	109	2	0
14	109	2	118.272041
15	109	1	118.272041
16	109	2	118.272041
17	109	0	118.272041
18	109	0	118.272041
19	109	2	118.272041
20	109	1937	118.272041
21	109	1938	118.272041
22	109	1913	118.272041
23	109	345	168.024887
24	109	1886	168.024887
25	109	1939	118.272041
26	109	1940	118.272041
27	109	942	118.272041
28	109	232	118.272041
29	109	2	0
30	109	1	0
31	109	1550	0
32	109	244	0
33	109	1941	0
34	109	1842	1.289349
35	109	355	20.198059
36	109	155	20.015461
37	109	118	11.584394
38	109	118	10.494428
39	109	118	0.586485
40	109	1811	8.282629
41	109	1764	15.875678
42	109	384	26.243589
43	109	1942	27.894928
44	109	1943	18.591627
45	109	1944	17.845306
46	109	351	23.662235
47	109	427	23.016949
48	109	245	24.348248
49	109	0	28.51878
50	109	2	31.149294
51	109	0	40.508942
52	109	2	32.924229
53	109	16	61.746887
54	109	172	50.993755
55	109	15	27.435205
56	109	2	11.870179
57	109	1	0.946104
58	109	2	6.178096
59	109	2	13.089736
60	109	2	18.044291
61	109	2	15.244553
62	109	3	7.77591
63	109	28	0.680049
64	109	29	3.823381
65	109	47	8.016575
66	109	15	7.458817
67	109	1	10.986539
68	109	190	22.409945
69	109	490	26.220938
70	109	563	23.698467
71	109	1	32.87764
72	109	526	54.324337
73	109	563	85.456856
74	109	0	110.391541
75	109	0	111.277794
76	109	1	85.575302
77	109	0	61.671364
78	109	0	39.185726
79	109	1	16.656641
80	109	2	3.404728
81	109	220	1.326335
82	109	221	7.399922
83	109	529	26.987402
84	109	1	34.563793
85	109	1	22.818026
86	109	220	8.412804
87	109	529	4.961551
88	109	0	29.045313
89	109	2	13.799446
90	109	0	15.313662
91	109	2	35.952465
92	109	10	46.827732
93	109	66	61.077232
94	109	126	33.839951
95	109	1945	1.538364
96	109	1946	0
97	109	1260	0
98	109	364	0
99	109	0	0
100	109	16	0
101	109	17	0
102	109	1947	0
103	109	1948	3.56985
104	109	1616	13.226357
105	109	15	29.788269
106	109	1	37.705326
107	109	1	30.109873
108	109	3	28.918213
109	109	4	30.597799
110	109	14	9.102375
111	109	47	0
112	109	47	0
113	109	15	0
114	109	0	0
115	109	2	0
116	109	0	0
117	109	0	0
118	109	1	6.635456
119	109	2	15.941507
120	109	1	15.683592
121	109	823	21.821123
122	109	64	2.798323
123	109	179	0
124	109	161	0
125	109	157	0
126	109	855	0
127	109	161	0
128	109	823	0
0	110	159	0
1	110	161	12.573151
2	110	1	16.929995
3	110	823	22.857759
4	110	64	32.558144
5	110	1	33.720402
6	110	179	22.473402
7	110	160	10.989202
8	110	930	5.825161
9	110	64	1.416094
10	110	2	0
11	110	0	0
12	110	0	0
13	110	1	0
14	110	2	0
15	110	2	118.272041
16	110	0	118.272041
17	110	0	118.272041
18	110	231	118.272041
19	110	1949	118.272041
20	110	1950	118.272041
21	110	1951	118.272041
22	110	344	118.272041
23	110	1830	118.272041
24	110	1952	168.024887
25	110	1953	118.272041
26	110	1954	118.272041
27	110	1955	118.272041
28	110	232	118.272041
29	110	1956	0
30	110	1957	0
31	110	1958	0
32	110	1959	0
33	110	1960	0
34	110	1842	6.054887
35	110	355	6.976782
36	110	155	6.883985
37	110	118	13.90095
38	110	118	21.298428
39	110	118	20.661732
40	110	1811	7.676792
41	110	1961	17.45834
42	110	1962	30.251024
43	110	1963	20.640011
44	110	1813	17.700554
45	110	427	18.604725
46	110	1417	18.047785
47	110	1529	12.859285
48	110	0	24.506775
49	110	3	25.242954
50	110	28	32.822823
51	110	28	35.590008
52	110	1046	28.156101
53	110	17	46.763973
54	110	2	30.998976
55	110	2	1.114538
56	110	0	0.564193
57	110	0	5.111428
58	110	1	11.762641
59	110	1	15.248227
60	110	1	13.17131
61	110	14	7.2
62	110	47	1.053785
63	110	15	0.251988
64	110	1	8.315764
65	110	3	15.519553
66	110	28	15.642139
67	110	1664	20.567656
68	110	221	27.645824
69	110	529	27.498915
70	110	797	21.587223
71	110	1964	28.352377
72	110	1965	42.630493
73	110	881	65.039635
74	110	1	86.445877
75	110	2	91.928009
76	110	0	79.618088
77	110	0	65.232689
78	110	2	48.215862
79	110	2	27.571175
80	110	0	15.330986
81	110	190	9.050189
82	110	622	6.484161
83	110	190	18.49375
84	110	622	30.926949
85	110	0	22.538445
86	110	2	8.976446
87	110	1	4.268982
88	110	1	12.647874
89	110	0	11.750568
90	110	2	18.291849
91	110	126	10.128356
92	110	217	14.424331
93	110	0	19.659576
94	110	1	7.937153
95	110	0	0
96	110	363	0
97	110	364	0
98	110	3	0
99	110	29	0
100	110	15	0
101	110	14	0
102	110	70	0
103	110	1708	0
104	110	4	0.121545
105	110	2	4.182141
106	110	0	6.098952
107	110	14	0
108	110	1010	0
109	110	4	0
110	110	0	0
111	110	2	0
112	110	0	0
113	110	2	0
114	110	0	0
115	110	2	0
116	110	1	0
117	110	2	0
118	110	823	1.951132
119	110	64	6.430082
120	110	179	3.265175
121	110	161	2.333766
122	110	2	5.356434
123	110	0	6.787313
124	110	179	10.14344
125	110	161	8.491524
126	110	1	0
127	110	179	0
128	110	161	0
0	111	1	0
1	111	0	8.116635
2	111	179	13.750857
3	111	1966	21.03286
4	111	1840	28.028879
5	111	0	30.79752
6	111	1	28.717468
7	111	179	20.042677
8	111	161	12.586505
9	111	1	4.517426
10	111	0	0
11	111	569	0
12	111	1840	0
13	111	2	0
14	111	1	0
15	111	2	0
16	111	0	118.272041
17	111	268	118.272041
18	111	904	118.272041
19	111	1967	118.272041
20	111	1951	118.272041
21	111	344	118.272041
22	111	1886	118.272041
23	111	1968	118.272041
24	111	1969	118.272041
25	111	1970	118.272041
26	111	1971	118.272041
27	111	1972	118.272041
28	111	1973	0
29	111	1974	0
30	111	1974	0
31	111	1975	0
32	111	1976	0
33	111	1960	0
34	111	1842	17.629078
35	111	355	24.298527
36	111	1977	11.188369
37	111	1978	12.497799
38	111	118	12.144195
39	111	118	9.360121
40	111	1979	24.222891
41	111	1980	28.880095
42	111	1916	20.535789
43	111	1849	15.545382
44	111	393	1.609575
45	111	1864	0
46	111	2	0
47	111	3	7.352116
48	111	29	17.70034
49	111	47	20.285515
50	111	47	35.045815
51	111	47	37.444752
52	111	15	18.647358
53	111	0	44.43972
54	111	0	19.295904
55	111	2	0
56	111	2	5.353853
57	111	2	14.378029
58	111	0	17.481443
59	111	0	12.943108
60	111	2	6.503179
61	111	2	1.885316
62	111	1	0
63	111	0	0.558463
64	111	14	7.469746
65	111	47	15.771547
66	111	15	23.78731
67	111	2	30.354254
68	111	190	35.484486
69	111	1981	34.433262
70	111	1982	29.081884
71	111	1982	26.514959
72	111	1983	32.792721
73	111	622	48.114288
74	111	2	62.368637
75	111	2	71.503632
76	111	190	74.069633
77	111	446	67.865715
78	111	622	54.403404
79	111	190	39.822399
80	111	490	32.104576
81	111	563	23.427567
82	111	220	17.343409
83	111	529	22.161016
84	111	2	31.52017
85	111	2	27.594112
86	111	1	12.700367
87	111	3	7.601383
88	111	28	21.023886
89	111	1285	23.660252
90	111	65	19.203304
91	111	65	15.84701
92	111	66	8.49382
93	111	0	0.481725
94	111	2	0
95	111	363	0
96	111	1984	0
97	111	1046	0
98	111	1083	0
99	111	4	0
100	111	2	0
101	111	99	0
102	111	1716	0
103	111	17	0
104	111	2	0
105	111	3	0
106	111	4	0.261859
107	111	14	0
108	111	15	0
109	111	1	0
110	111	1	0
111	111	0	0
112	111	2	0
113	111	2	0
114	111	1	0
115	111	1	0
116	111	2	0
117	111	179	0
118	111	161	2.063271
119	111	2	9.798369
120	111	0	11.871615
121	111	2	10.436597
122	111	2	15.388593
123	111	2	9.450201
124	111	1	5.018103
125	111	1	3.010732
126	111	2	0
127	111	1	0
128	111	1	0
0	112	0	0
1	112	823	5.522058
2	112	1985	13.960328
3	112	1986	25.088293
4	112	64	31.391111
5	112	0	31.210451
6	112	0	26.467165
7	112	0	23.647186
8	112	823	13.225913
9	112	1987	4.148545
10	112	1988	0
11	112	1855	0
12	112	0	0
13	112	0	0
14	112	2	0
15	112	2	0
16	112	2	0
17	112	1989	118.272041
18	112	1990	118.272041
19	112	1938	118.272041
20	112	1913	118.272041
21	112	386	118.272041
22	112	1991	118.272041
23	112	1992	118.272041
24	112	1993	118.272041
25	112	1994	118.272041
26	112	1995	118.272041
27	112	1996	118.272041
28	112	1997	0
29	112	1998	0
30	112	1999	0
31	112	1525	0
32	112	2000	0
33	112	1960	1.129794
34	112	1842	9.898799
35	112	2001	20.445917
36	112	2002	24.646982
37	112	1978	19.72361
38	112	118	8.956785
39	112	2003	15.855039
40	112	2004	32.999481
41	112	1907	23.865601
42	112	427	28.878052
43	112	1832	20.874004
44	112	298	0
45	112	1	0
46	112	14	0
47	112	15	5.120061
48	112	1	13.869694
49	112	1	20.64467
50	112	1	41.82198
51	112	30	40.876289
52	112	92	28.073601
53	112	31	30.190186
54	112	1	18.810606
55	112	5	15.154695
56	112	7	13.058874
57	112	0	22.184664
58	112	0	19.775766
59	112	1	9.116799
60	112	2	4.733196
61	112	0	6.928
62	112	2	7.334106
63	112	5	7.884867
64	112	7	10.855174
65	112	1	15.777152
66	112	5	26.828541
67	112	1546	37.398563
68	112	221	42.813103
69	112	721	42.502724
70	112	528	39.031422
71	112	221	31.285898
72	112	1663	27.382723
73	112	28	35.452007
74	112	4	45.319782
75	112	220	54.127716
76	112	221	63.290321
77	112	529	63.170887
78	112	716	61.138859
79	112	532	60.380043
80	112	718	54.247974
81	112	1223	41.906105
82	112	65	35.082527
83	112	65	38.230595
84	112	2005	40.863121
85	112	622	32.535774
86	112	16	25.307257
87	112	1248	22.532883
88	112	1249	23.977098
89	112	90	20.244232
90	112	127	14.948729
91	112	329	10.332342
92	112	65	4.873374
93	112	66	0.876834
94	112	126	0
95	112	2006	0
96	112	1302	0
97	112	172	0
98	112	2007	0
99	112	919	0
100	112	2008	0
101	112	29	0
102	112	15	0
103	112	0	0
104	112	16	0
105	112	1083	0
106	112	4	0
107	112	1	0
108	112	2	0
109	112	0	0
110	112	0	0
111	112	1	0
112	112	113	0
113	112	1212	0
114	112	1194	0
115	112	1194	0
116	112	1706	0
117	112	1212	0
118	112	1194	0
119	112	1194	0
120	112	1194	0
121	112	1167	0
122	112	113	0
123	112	1212	18.598322
124	112	1706	29.146626
125	112	1212	0
126	112	1167	0
127	112	1	0
128	112	113	0
0	113	2009	0
1	113	2010	2.706759
2	113	2011	16.691389
3	113	2012	35.359142
4	113	113	40.926735
5	113	1212	35.682709
6	113	1194	29.092728
7	113	2013	22.522017
8	113	2014	11.504483
9	113	1855	0.518211
10	113	1	0
11	113	1	0.781819
12	113	1	1.223477
13	113	0	0.591285
14	113	2	0
15	113	1	0
16	113	2015	0
17	113	2016	0
18	113	2017	118.272041
19	113	1951	118.272041
20	113	345	118.272041
21	113	2018	118.272041
22	113	2019	118.272041
23	113	2020	118.272041
24	113	2021	118.272041
25	113	2022	118.272041
26	113	2023	118.272041
27	113	1998	0
28	113	2024	0
29	113	0	0
30	113	0	0
31	113	1550	0
32	113	2000	0
33	113	1573	3.197905
34	113	427	13.573739
35	113	2001	27.070364
36	113	2025	48.112259
37	113	118	48.536152
38	113	2026	37.048569
39	113	2027	28.55781
40	113	1849	26.685602
41	113	427	25.594458
42	113	245	19.197521
43	113	2	5.01
44	113	0	-5.454
45	113	3	-5.454
46	113	28	-5.454
47	113	4	-2.639923
48	113	1	21.084206
49	113	1	15.136513
50	113	1067	20.096579
51	113	129	28.325203
52	113	1068	27.49427
53	113	5	32.704224
54	113	38	30.424595
55	113	142	17.269594
56	113	7	17.008392
57	113	0	21.396271
58	113	0	14.240475
59	113	1070	4.194767
60	113	1071	6.773605
61	113	2	13.724464
62	113	34	17.753321
63	113	20	21.047789
64	113	1	21.221567
65	113	34	22.940863
66	113	300	35.294151
67	113	92	49.787228
68	113	1655	53.964115
69	113	222	51.252102
70	113	446	46.704079
71	113	2028	37.27652
72	113	2029	27.818045
73	113	198	27.969322
74	113	6	30.295759
75	113	985	35.921017
76	113	881	46.468178
77	113	99	55.013554
78	113	1768	57.224335
79	113	532	65.183136
80	113	2030	67.243752
81	113	1815	61.060013
82	113	1349	54.524136
83	113	2031	52.484741
84	113	2032	48.390755
85	113	1263	39.48077
86	113	1249	36.216583
87	113	1315	45.264282
88	113	2033	43.49437
89	113	4	40.366165
90	113	126	31.323042
91	113	127	23.329826
92	113	217	13.049242
93	113	2	4.059121
94	113	1918	0.160099
95	113	2034	0
96	113	15	0
97	113	966	0
98	113	2035	0
99	113	2036	0
100	113	17	0
101	113	0	0
102	113	2	0
103	113	16	0
104	113	172	0
105	113	15	0
106	113	0	0
107	113	2	0
108	113	0	0
109	113	0	0
110	113	0	0
111	113	1183	0
112	113	351	0
113	113	427	0
114	113	427	0
115	113	392	0
116	113	2037	0
117	113	1721	0
118	113	427	0
119	113	427	0
120	113	245	0
121	113	1183	0
122	113	351	0
123	113	392	3.563573
124	113	351	27.065487
125	113	245	0
126	113	0	0
127	113	1378	0
128	113	296	0
0	114	319	0
1	114	393	3.646323
2	114	1864	21.339729
3	114	1183	41.172024
4	114	351	46.753719
5	114	427	41.694981
6	114	392	37.457188
7	114	1137	23.795176
8	114	1	11.688767
9	114	0	3.747226
10	114	0	1.081183
11	114	2	3.698357
12	114	0	6.068785
13	114	0	4.942924
14	114	2	1.782057
15	114	268	0
16	114	2038	0
17	114	2039	0
18	114	2040	0
19	114	2041	118.272041
20	114	2042	118.272041
21	114	2043	118.272041
22	114	2044	118.272041
23	114	1973	118.272041
24	114	2045	118.272041
25	114	2046	118.272041
26	114	2047	118.272041
27	114	942	0
28	114	232	0
29	114	0	0
30	114	1	0
31	114	1550	0
32	114	2048	0.133394
33	114	1721	2.237177
34	114	427	13.831594
35	114	2049	60.822372
36	114	118	101.753105
37	114	2050	111.838791
38	114	2051	88.2052
39	114	427	42.059048
40	114	1417	25.063061
41	114	1529	13.234022
42	114	0	11.697935
43	114	3	7.306746
44	114	1046	-5.454
45	114	172	-5.454
46	114	1010	-5.454
47	114	28	5.381666
48	114	4	38.998226
49	114	35	29.028761
50	114	199	19.470306
51	114	39	17.110399
52	114	34	40.097473
53	114	19	57.906872
54	114	19	51.324314
55	114	20	28.027908
56	114	1070	18.111862
57	114	1222	12.900766
58	114	1244	5.530768
59	114	1086	0
60	114	0	5.53836
61	114	0	10.826381
62	114	1	18.560093
63	114	5	24.871708
64	114	6	26.294807
65	114	147	28.503733
66	114	138	40.587986
67	114	139	56.711353
68	114	1814	60.377628
69	114	1596	55.238956
70	114	1801	49.5583
71	114	1434	42.688164
72	114	497	33.425644
73	114	497	30.089334
74	114	2052	31.87373
75	114	2053	34.285023
76	114	0	40.576328
77	114	134	47.089424
78	114	2054	55.169762
79	114	563	65.357407
80	114	526	74.798019
81	114	2030	76.601837
82	114	217	72.375587
83	114	126	59.86298
84	114	2055	50.737717
85	114	1284	44.271053
86	114	1351	49.411915
87	114	1352	58.979908
88	114	1930	59.351486
89	114	66	59.509586
90	114	1	48.731312
91	114	10	36.821491
92	114	1207	22.104839
93	114	2056	8.796948
94	114	364	0.873926
95	114	2	0
96	114	992	0
97	114	964	0
98	114	2057	0
99	114	17	0
100	114	1	0
101	114	3	0
102	114	1726	0
103	114	1586	0.205606
104	114	622	0
105	114	0	0
106	114	2	0
107	114	2	0
108	114	0	0
109	114	2	0
110	114	1251	0
111	114	427	0
112	114	427	0
113	114	427	0
114	114	427	0
115	114	684	0
116	114	319	0
117	114	427	0
118	114	393	0
119	114	1864	0
120	114	2058	0
121	114	1721	0
122	114	427	0
123	114	427	0
124	114	245	18.372345
125	114	1	1.193221
126	114	1183	0
127	114	1165	0
128	114	351	0
0	115	392	0
1	115	1714	6.129333
2	115	2059	19.923616
3	115	427	34.045414
4	115	427	40.046146
5	115	427	41.214024
6	115	245	41.309547
7	115	569	29.983313
8	115	1840	12.876625
9	115	1	3.903444
10	115	1	1.387019
11	115	0	5.496473
12	115	0	8.905224
13	115	1	7.789446
14	115	231	3.072251
15	115	2060	0.244042
16	115	2061	0
17	115	2062	0
18	115	2063	0
19	115	1969	0
20	115	2064	118.272041
21	115	2065	118.272041
22	115	2066	118.272041
23	115	2067	118.272041
24	115	2068	118.272041
25	115	1872	118.272041
26	115	1873	0
27	115	2069	0
28	115	942	0
29	115	232	0
30	115	1	0
31	115	254	14.17517
32	115	2070	5.101405
33	115	427	9.882725
34	115	2071	21.523012
35	115	2072	77.864174
36	115	2073	113.77626
37	115	351	117.605354
38	115	427	105.254738
39	115	245	73.222244
40	115	0	41.057922
41	115	0	7.167785
42	115	16	0.808055
43	115	172	6.078227
44	115	1010	-3.803383
45	115	2074	-5.454
46	115	1881	-5.454
47	115	1083	7.980704
48	115	74	31.513041
49	115	54	14.448746
50	115	142	1.042824
51	115	7	20.931383
52	115	0	48.880337
53	115	1070	72.096024
54	115	1222	58.220684
55	115	1244	29.949909
56	115	1175	12.88036
57	115	2075	6.907199
58	115	2076	0.119678
59	115	1070	0
60	115	1222	0.783596
61	115	1222	6.015837
62	115	2077	17.785099
63	115	2078	25.55555
64	115	39	25.892733
65	115	134	24.743458
66	115	708	36.074245
67	115	1753	45.764832
68	115	172	48.371906
69	115	1700	48.639462
70	115	1655	49.621395
71	115	221	50.569942
72	115	221	48.50074
73	115	2079	45.037792
74	115	298	45.388905
75	115	1	43.983688
76	115	134	42.762878
77	115	1604	46.269405
78	115	529	54.183929
79	115	220	66.27021
80	115	529	70.859337
81	115	0	81.64875
82	115	0	83.943893
83	115	1717	72.852135
84	115	2080	56.675983
85	115	2081	51.314915
86	115	1284	59.109653
87	115	225	67.374542
88	115	364	68.879402
89	115	2	75.026085
90	115	363	69.838585
91	115	2082	53.372295
92	115	1946	33.100723
93	115	217	13.843554
94	115	2	1.690602
95	115	1	0
96	115	2	0
97	115	14	0
98	115	1928	127.493828
99	115	1207	127.493828
100	115	1726	127.493828
101	115	2083	0
102	115	527	0
103	115	563	130.71608
104	115	2	130.71608
105	115	2	0
106	115	3	0
107	115	4	0
108	115	1	126.828903
109	115	1251	126.828903
110	115	427	0
111	115	427	0
112	115	427	0
113	115	427	0
114	115	684	130.824081
115	115	2084	130.824081
116	115	784	0
117	115	2085	0
118	115	1294	0
119	115	1378	131.472107
120	115	319	131.472107
121	115	427	0
122	115	393	0
123	115	1864	0
124	115	1	6.557465
125	115	1251	9.304213
126	115	427	0
127	115	393	0
128	115	784	0
0	116	2085	0
1	116	2084	2.033943
2	116	1721	12.489925
3	116	427	25.481377
4	116	427	33.938778
5	116	2086	37.011604
6	116	2087	40.930267
7	116	1853	33.216568
8	116	2	14.417735
9	116	569	1.736658
10	116	2088	0.644282
11	116	1840	3.217335
12	116	0	5.737751
13	116	375	5.429293
14	116	2089	4.680875
15	116	2090	3.39317
16	116	2091	1.883143
17	116	2092	0
18	116	2092	0
19	116	2093	0
20	116	2046	-1.224
21	116	2094	118.272041
22	116	2095	118.272041
23	116	1914	118.272041
24	116	2096	118.272041
25	116	2089	118.272041
26	116	905	0
27	116	904	0
28	116	340	0
29	116	1	0
30	116	2	2.876318
31	116	1251	8.069472
32	116	427	13.164392
33	116	1976	23.756056
34	116	2097	25.325323
35	116	678	63.18565
36	116	427	98.318596
37	116	427	113.444061
38	116	245	107.172363
39	116	0	84.284401
40	116	0	60.327351
41	116	16	21.951193
42	116	1083	-4.556285
43	116	1046	-5.848316
44	116	1587	-12.532814
45	116	2098	-17.202007
46	116	172	-17.202007
47	116	2099	-13.682094
48	116	2100	-4.099786
49	116	54	1.211111
50	116	39	-4.450724
51	116	2	12.86955
52	116	1085	29.599014
53	116	1421	46.769501
54	116	1175	38.783585
55	116	1453	15.497697
56	116	93	17.594269
57	116	139	24.065128
58	116	1085	24.786066
59	116	2101	11.976163
60	116	2102	7.429525
61	116	1153	11.894716
62	116	2103	26.411638
63	116	2104	38.674072
64	116	99	37.193539
65	116	132	30.051559
66	116	100	29.926414
67	116	15	30.533199
68	116	134	30.858158
69	116	139	40.95248
70	116	30	53.110958
71	116	31	63.410038
72	116	3	70.376755
73	116	4	71.40612
74	116	30	69.024124
75	116	93	62.211052
76	116	139	51.732037
77	116	0	47.122547
78	116	3	53.406227
79	116	4	61.614346
80	116	2	70.742462
81	116	0	81.11689
82	116	526	88.126549
83	116	1373	84.309868
84	116	1574	71.127144
85	116	2105	61.767227
86	116	2081	64.805367
87	116	1300	72.087502
88	116	65	81.48584
89	116	1676	87.335663
90	116	217	84.007629
91	116	0	68.542152
92	116	2	46.385265
93	116	1	21.816992
94	116	0	5.283312
95	116	10	0.196607
96	116	65	0
97	116	89	0
98	116	2106	127.493828
99	116	2083	127.493828
100	116	491	127.493828
101	116	1400	0
102	116	718	0
103	116	2107	130.71608
104	116	4	130.71608
105	116	14	0
106	116	15	0
107	116	2	0
108	116	1251	126.828903
109	116	427	126.828903
110	116	427	0
111	116	427	0
112	116	427	0
113	116	715	0
114	116	294	130.824081
115	116	294	130.824081
116	116	294	0
117	116	2108	0
118	116	2109	0
119	116	2110	131.472107
120	116	782	131.472107
121	116	2111	0
122	116	2108	0
123	116	234	0
124	116	2112	6.449002
125	116	782	25.799822
126	116	2111	0
127	116	294	0
128	116	294	0
0	117	294	0
1	117	2110	0
2	117	782	5.397687
3	117	782	22.000189
4	117	2113	30.5236
5	117	1868	37.233307
6	117	1853	44.615288
7	117	1	43.787113
8	117	722	25.807863
9	117	2114	8.770178
10	117	1855	0.017142
11	117	2	0.020128
12	117	268	0.890683
13	117	2115	2.52818
14	117	1872	5.006521
15	117	2116	6.609426
16	117	221	3.785283
17	117	721	0.482491
18	117	491	0
19	117	2117	0
20	117	2118	0
21	117	2119	118.272041
22	117	376	118.272041
23	117	2089	118.272041
24	117	905	118.272041
25	117	1955	0
26	117	339	0
27	117	340	0
28	117	190	0
29	117	622	0
30	117	1550	6.857999
31	117	244	8.864619
32	117	427	19.392788
33	117	2120	31.717085
34	117	2121	24.811632
35	117	427	30.746382
36	117	2122	49.158398
37	117	2123	75.07206
38	117	167	99.320465
39	117	0	91.677185
40	117	14	67.196159
41	117	47	37.219887
42	117	47	-2.189144
43	117	2124	-7.888198
44	117	2125	-0.321825
45	117	2126	2.335397
46	117	1152	-17.202007
47	117	1176	-16.761971
48	117	34	-10.711878
49	117	2127	-6.538923
50	117	1071	6.280522
51	117	1085	1.938331
52	117	1154	14.215277
53	117	1086	23.792458
54	117	134	18.034008
55	117	804	11.800629
56	117	1341	31.064468
57	117	1642	66.34761
58	117	1396	69.832047
59	117	133	48.031635
60	117	1152	28.07781
61	117	1153	23.836168
62	117	2128	37.118904
63	117	4	51.064468
64	117	3	44.624722
65	117	28	32.617935
66	117	28	24.986805
67	117	1865	16.829422
68	117	133	19.407156
69	117	99	37.270428
70	117	133	57.092052
71	117	16	75.625549
72	117	17	93.156487
73	117	99	102.332687
74	117	1740	98.670532
75	117	1741	79.374702
76	117	28	70.562309
77	117	1046	52.260056
78	117	17	51.948776
79	117	1	60.174797
80	117	1	72.214859
81	117	526	82.249542
82	117	491	89.158943
83	117	2129	91.30658
84	117	2083	86.264496
85	117	2130	77.450783
86	117	2131	71.979851
87	117	554	77.27124
88	117	217	88.788849
89	117	2	95.805145
90	117	2	92.346466
91	117	190	78.661598
92	117	446	56.818722
93	117	446	30.010921
94	117	2132	10.25291
95	117	1348	2.209189
96	117	1348	0
97	117	2133	0
98	117	527	127.493828
99	117	491	127.493828
100	117	1400	127.493828
101	117	1576	0
102	117	1752	0
103	117	15	0
104	117	2	0
105	117	1	0
106	117	0	0
107	117	1251	0
108	117	427	0
109	117	427	0
110	117	427	0
111	117	427	0
112	117	754	0
113	117	270	0
114	117	270	0
115	117	270	0
116	117	270	0
117	117	270	0
118	117	270	0
119	117	270	0
120	117	270	0
121	117	270	0
122	117	270	0
123	117	270	0
124	117	270	0
125	117	270	16.5012
126	117	270	0
127	117	270	0
128	117	270	0
0	118	270	0
1	118	270	0
2	118	270	4.8023
3	118	445	20.075048
4	118	1854	31.353556
5	118	1855	39.517624
6	118	1	54.718468
7	118	1854	62.815536
8	118	1855	43.788876
9	118	1	17.179565
10	118	1	2.545741
11	118	2	0
12	118	220	0
13	118	2134	1.065792
14	118	2069	4.079728
15	118	2135	5.394379
16	118	490	3.247656
17	118	491	0.399021
18	118	2136	0
19	118	2137	0
20	118	2095	0
21	118	376	0
22	118	905	91.061951
23	118	1955	91.902008
24	118	339	92.459991
25	118	2138	0
26	118	2139	0
27	118	1015	0
28	118	529	0
29	118	1	0
30	118	2058	11.052843
31	118	784	6.798035
32	118	785	19.37373
33	118	2140	30.644798
34	118	1721	18.457766
35	118	2141	10.233736
36	118	2142	18.896259
37	118	2143	45.43594
38	118	1070	75.189835
39	118	1222	72.114105
40	118	1071	43.233231
41	118	2	21.516775
42	118	16	22.276861
43	118	2144	0.702421
44	118	2145	-1.083264
45	118	3	-0.123138
46	118	28	-17.202007
47	118	4	-15.779487
48	118	1152	-8.0411
49	118	2146	13.16119
50	118	1642	6.942416
51	118	1153	2.226808
52	118	1086	10.290835
53	118	99	18.729338
54	118	138	14.555031
55	118	94	6.196944
56	118	39	35.484554
57	118	30	76.639626
58	118	31	86.348671
59	118	0	60.782192
60	118	1085	35.178619
61	118	1684	27.558514
62	118	15	36.896854
63	118	14	43.421204
64	118	996	35.299728
65	118	1302	19.953411
66	118	17	11.089122
67	118	2	6.265871
68	118	3	14.375319
69	118	1285	34.466064
70	118	2147	59.669533
71	118	2148	86.674187
72	118	65	112.611443
73	118	1263	125.909058
74	118	1352	121.069199
75	118	1353	106.56591
76	118	172	86.879402
77	118	15	64.326866
78	118	1	54.884396
79	118	2	62.656139
80	118	220	77.244675
81	118	721	89.338844
82	118	527	97.151505
83	118	1400	98.5578
84	118	2149	94.615204
85	118	1282	90.655029
86	118	39	86.806351
87	118	0	86.772064
88	118	0	94.609856
89	118	0	98.738762
90	118	526	94.412994
91	118	1373	82.48172
92	118	491	60.712723
93	118	527	36.484951
94	118	1400	16.623556
95	118	1373	4.847884
96	118	1400	0.225501
97	118	491	0
98	118	528	127.493828
99	118	221	127.493828
100	118	2150	127.493828
101	118	15	0
102	118	1	0
103	118	0	0
104	118	1	0
105	118	1	0
106	118	1251	0
107	118	427	0
108	118	427	0
109	118	427	0
110	118	427	0
111	118	754	0
112	118	270	0
113	118	270	0
114	118	270	0
115	118	270	0
116	118	270	0
117	118	270	0
118	118	270	0
119	118	270	0
120	118	270	0
121	118	270	0
122	118	270	0
123	118	270	0
124	118	270	0
125	118	270	0
126	118	270	9.25309
127	118	270	0
128	118	270	0
0	119	270	0
1	119	270	0
2	119	2151	1.084648
3	119	1840	15.153917
4	119	569	28.10668
5	119	2088	39.486519
6	119	2088	59.409153
7	119	1840	69.022827
8	119	0	48.100784
9	119	2	21.450689
10	119	0	8.773097
11	119	0	1.051657
12	119	375	0
13	119	1873	0
14	119	1904	1.288403
15	119	1400	1.960952
16	119	1400	11.465338
17	119	528	18.119995
18	119	2152	15.888003
19	119	1872	15.888003
20	119	905	0
21	119	112	0
22	119	375	58.445885
23	119	2138	61.199997
24	119	2153	61.787949
25	119	1373	0
26	119	2154	0
27	119	2155	0
28	119	231	0
29	119	2156	0
30	119	296	5.824856
31	119	685	8.986178
32	119	293	15.911381
33	119	2157	21.60519
34	119	2158	12.246359
35	119	2159	0.375798
36	119	1222	4.151816
37	119	1244	32.958317
38	119	1154	51.095093
39	119	1106	53.720573
40	119	1222	26.669249
41	119	1680	7.145638
42	119	1681	0.199891
43	119	2160	-2.442007
44	119	2161	14.836421
45	119	1302	37.924728
46	119	17	-17.202007
47	119	1	-10.066358
48	119	34	21.097588
49	119	20	24.153688
50	119	1152	11.479476
51	119	1176	1.571147
52	119	2	6.369176
53	119	99	9.969761
54	119	184	6.970591
55	119	20	1.651183
56	119	134	18.687933
57	119	139	47.56971
58	119	1	53.146755
59	119	1152	36.600426
60	119	1205	19.219511
61	119	1222	17.667461
62	119	1071	24.952322
63	119	16	28.173687
64	119	1302	17.850574
65	119	1083	5.73312
66	119	28	2.820919
67	119	1208	6.387083
68	119	1209	18.531548
69	119	2006	38.784836
70	119	1283	68.779305
71	119	2162	98.13707
72	119	2163	121.357201
73	119	1260	134.220032
74	119	1351	129.120956
75	119	1930	111.728638
76	119	1207	89.839386
77	119	28	74.081444
78	119	1285	64.638359
79	119	66	72.072975
80	119	1836	86.381508
81	119	2164	102.677338
82	119	2165	112.729103
83	119	2166	115.454735
84	119	267	108.195549
85	119	20	100.15062
86	119	0	96.807434
87	119	2	95.937836
88	119	190	99.401749
89	119	2167	100.043159
90	119	1596	94.668549
91	119	1801	79.375755
92	119	221	58.736061
93	119	221	38.251709
94	119	721	20.553164
95	119	491	6.615134
96	119	527	0.407092
97	119	563	0
98	119	0	127.493828
99	119	3	127.493828
100	119	28	127.493828
101	119	4	0
102	119	0	0
103	119	1	0
104	119	1	0.137095
105	119	1251	0
106	119	427	0
107	119	427	0
108	119	427	0
109	119	427	0
110	119	754	0
111	119	270	0
112	119	270	0
113	119	270	0
114	119	270	0
115	119	270	0
116	119	270	0
117	119	270	0
118	119	270	0
119	119	270	0
120	119	270	0
121	119	270	0
122	119	270	0
123	119	270	0
124	119	270	0
125	119	270	0
126	119	270	9.877488
127	119	270	1.377186
128	119	270	0
0	120	270	0
1	120	2168	0
2	120	1855	0.104389
3	120	1854	12.917662
4	120	899	25.436544
5	120	899	35.166954
6	120	1855	46.393379
7	120	2	54.285957
8	120	0	58.501331
9	120	0	42.681713
10	120	1	17.282902
11	120	375	1.240712
12	120	2169	0
13	120	1914	0
14	120	2170	0
15	120	528	15.360006
16	120	529	34.293293
17	120	526	52.452667
18	120	2117	54.249538
19	120	2069	25.272017
20	120	232	10.35
21	120	375	0
22	120	2171	36.570038
23	120	2172	34.979988
24	120	2173	34.979988
25	120	2174	0
26	120	2175	0
27	120	2176	0
28	120	2177	0
29	120	2178	0
30	120	477	0.537789
31	120	270	8.203962
32	120	2179	13.46531
33	120	2180	12.79162
34	120	1244	5.602601
35	120	1125	1.115347
36	120	1421	0
37	120	1421	31.475216
38	120	1421	47.318634
39	120	1154	34.279419
40	120	1175	14.299509
41	120	1204	19.852661
42	120	1153	-8.568025
43	120	2181	0.197993
44	120	1681	26.474787
45	120	2126	60.78688
46	120	1070	-11.801201
47	120	1071	12.583949
48	120	2	28.874842
49	120	3	29.806326
50	120	4	13.034882
51	120	1	0.519359
52	120	1	0.852571
53	120	0	1.67058
54	120	1070	0.341152
55	120	2182	0
56	120	708	5.056233
57	120	31	15.527533
58	120	1070	19.999262
59	120	1244	16.308439
60	120	1154	8.999051
61	120	1086	4.441171
62	120	16	11.272602
63	120	1302	15.662008
64	120	1302	11.973743
65	120	1302	9.924606
66	120	1227	12.640347
67	120	364	17.340223
68	120	1623	26.90955
69	120	2183	42.986385
70	120	2184	71.510101
71	120	133	99.349968
72	120	363	115.332016
73	120	1246	125.196785
74	120	1246	121.652191
75	120	1351	103.845436
76	120	1352	83.746704
77	120	1249	73.506676
78	120	364	70.859299
79	120	363	82.941666
80	120	2185	99.8237
81	120	2186	114.75666
82	120	364	125.080475
83	120	0	130.622238
84	120	2	121.461296
85	120	10	108.226486
86	120	1207	104.391167
87	120	1751	100.922493
88	120	2187	100.965691
89	120	1302	98.00106
90	120	1791	88.385239
91	120	2107	69.778275
92	120	4	51.78009
93	120	220	36.013657
94	120	221	19.517687
95	120	721	6.132609
96	120	563	0.196686
97	120	2	0
98	120	14	127.493828
99	120	47	127.493828
100	120	15	127.493828
101	120	3	0
102	120	4	0
103	120	1	0
104	120	1251	0
105	120	427	0
106	120	427	0
107	120	427	0
108	120	427	0
109	120	754	0
110	120	270	0
111	120	270	0
112	120	270	0
113	120	270	0
114	120	270	0
115	120	270	0
116	120	270	0
117	120	270	0
118	120	270	0
119	120	270	0
120	120	270	0
121	120	270	0
122	120	270	0
123	120	270	0
124	120	270	0
125	120	270	0
126	120	270	15.293277
127	120	270	14.204409
128	120	270	0
0	121	445	0
1	121	0	0
2	121	1	0.109802
3	121	569	9.371552
4	121	1840	20.520821
5	121	0	29.091803
6	121	2	34.905952
7	121	0	56.29491
8	121	2	80.825951
9	121	2	75.865891
10	121	375	38.823441
11	121	2089	10.853797
12	121	2169	4.964424
13	121	1904	0
14	121	718	0
15	121	446	23.688013
16	121	2188	54.292637
17	121	2096	68.386612
18	121	1873	75.078049
19	121	340	55.714813
20	121	268	23.489998
21	121	2189	0
22	121	2190	0
23	121	1902	0
24	121	1904	0
25	121	2191	0
26	121	2192	0
27	121	2193	0
28	121	2194	0
29	121	270	0
30	121	270	0
31	121	2195	2.081649
32	121	1125	13.458313
33	121	1421	11.183805
34	121	1175	13.075709
35	121	1153	20.791977
36	121	1125	13.086428
37	121	1154	7.438059
38	121	1421	33.137344
39	121	1086	28.094378
40	121	1070	5.710113
41	121	1244	14.721277
42	121	1421	0.513019
43	121	1154	-0.978008
44	121	1106	19.169128
45	121	1244	50.850079
46	121	2128	12.222053
47	121	28	10.358997
48	121	1046	22.27581
49	121	1083	19.810167
50	121	2196	7.637446
51	121	1222	0
52	121	1222	0
53	121	1244	0
54	121	2197	1.390625
55	121	2198	7.294074
56	121	2199	17.143629
57	121	1244	28.189552
58	121	1125	36.318386
59	121	1175	37.219746
60	121	1750	31.860842
61	121	29	21.918785
62	121	47	17.145527
63	121	47	19.448759
64	121	47	21.704363
65	121	1946	25.396717
66	121	217	25.171694
67	121	99	26.425928
68	121	132	33.503609
69	121	133	44.175014
70	121	2	65.757568
71	121	363	85.913322
72	121	1315	97.138184
73	121	1405	100.586899
74	121	1405	100.33902
75	121	1405	86.280212
76	121	1405	70.072266
77	121	1933	64.992737
78	121	126	69.143379
79	121	2200	85.489792
80	121	2166	108.56617
81	121	217	122.625992
82	121	1	125.114197
83	121	0	128.054657
84	121	126	123.611305
85	121	1945	111.870308
86	121	996	106.756981
87	121	1302	103.553345
88	121	1302	99.723999
89	121	1605	92.994751
90	121	2150	80.635941
91	121	1010	63.00256
92	121	4	44.187286
93	121	1	28.600866
94	121	220	14.260427
95	121	529	3.711599
96	121	0	0
97	121	2	0
98	121	2	127.493828
99	121	1	127.493828
100	121	14	127.493828
101	121	15	0.015691
102	121	0	0
103	121	1251	0
104	121	427	0
105	121	427	0
106	121	427	0
107	121	427	0
108	121	2201	0
109	121	2202	0
110	121	2202	0
111	121	2202	0
112	121	2202	0
113	121	2202	0
114	121	2202	0
115	121	2202	0
116	121	2202	0
117	121	2202	0
118	121	2202	0
119	121	2202	0
120	121	2202	0
121	121	2202	0
122	121	2202	0
123	121	2202	0
124	121	2202	0
125	121	2202	0
126	121	2202	0
127	121	2203	0
128	121	895	0
0	122	569	0
1	122	1840	0
2	122	1854	0.583547
3	122	1855	8.771756
4	122	0	18.927853
5	122	2	25.341555
6	122	2	27.238123
7	122	2	56.685287
8	122	2	89.336639
9	122	268	87.989479
10	122	904	55.340816
11	122	2089	26.138844
12	122	2116	14.40149
13	122	721	7.024904
14	122	2204	18.714588
15	122	2096	32.138531
16	122	1873	54.897873
17	122	376	66.995949
18	122	2069	72.128929
19	122	942	68.093399
20	122	339	42.624008
21	122	2205	0
22	122	2206	0
23	122	2207	0
24	122	2208	0
25	122	2209	0
26	122	2210	0
27	122	269	0
28	122	270	0
29	122	270	0
30	122	2195	0
31	122	1125	0
32	122	1175	0
33	122	1176	0
34	122	1085	0
35	122	1175	0
36	122	1204	1.752
37	122	1204	0
38	122	1176	0
39	122	1152	0.54103
40	122	1204	1.030704
41	122	1204	1.101475
42	122	1204	-3.717633
43	122	1204	-6.85801
44	122	1153	0.119438
45	122	2181	4.017491
46	122	2211	1.748405
47	122	996	3.501463
48	122	1302	7.565556
49	122	2212	5.994645
50	122	1125	0
51	122	1154	0
52	122	1125	0
53	122	1175	0.800613
54	122	1204	8.468648
55	122	1204	23.577797
56	122	1204	40.320862
57	122	1204	49.804245
58	122	1176	51.285885
59	122	14	49.130589
60	122	15	44.736732
61	122	2	38.694172
62	122	1	31.944183
63	122	2	29.861296
64	122	2	28.628822
65	122	1	27.72798
66	122	1	25.522839
67	122	2	27.766516
68	122	0	34.633785
69	122	0	43.040092
70	122	126	53.920795
71	122	1945	65.973335
72	122	47	73.494934
73	122	47	74.71154
74	122	47	71.38649
75	122	996	61.091366
76	122	2148	50.977169
77	122	66	51.682129
78	122	126	60.942112
79	122	217	77.416191
80	122	0	100.638107
81	122	3	118.521088
82	122	28	118.633118
83	122	4	114.896721
84	122	3	109.801849
85	122	1046	101.124596
86	122	1302	97.073822
87	122	172	97.289177
88	122	15	93.134766
89	122	1	84.88678
90	122	16	70.872467
91	122	17	52.717072
92	122	1	34.864193
93	122	1	18.803255
94	122	1	7.214004
95	122	3	0.960625
96	122	4	0
97	122	3	0
98	122	28	127.493828
99	122	4	127.493828
100	122	1	127.493828
101	122	0	0
102	122	1251	0
103	122	427	0
104	122	427	0
105	122	427	0
106	122	427	0
107	122	427	0
108	122	427	0
109	122	427	0
110	122	427	0
111	122	427	0
112	122	427	0
113	122	427	0
114	122	427	0
115	122	427	0
116	122	427	0
117	122	427	0
118	122	427	0
119	122	427	0
120	122	427	0
121	122	427	0
122	122	427	0
123	122	427	0
124	122	427	0
125	122	427	0
126	122	684	0
127	122	1294	0
128	122	1854	0
0	123	1855	0
1	123	0	0
2	123	1	4.624951
3	123	1	12.746809
4	123	0	20.346502
5	123	2	24.270321
6	123	1	23.31727
7	123	1	39.980503
8	123	231	66.752533
9	123	339	66.12323
10	123	905	39.810101
11	123	1955	27.691357
12	123	2213	15.713764
13	123	2214	3.632179
14	123	111	15.709906
15	123	111	25.74831
16	123	904	28.503008
17	123	905	55.267559
18	123	111	69.271179
19	123	111	79.185333
20	123	2115	39.936344
21	123	2139	6.119248
22	123	622	5.052143
23	123	526	0
24	123	2215	0
25	123	2216	0
26	123	269	0
27	123	270	0
28	123	270	0
29	123	2195	0
30	123	1421	0
31	123	1106	0
32	123	1071	0
33	123	1152	0
34	123	1176	0
35	123	1	0
36	123	0	1.752
37	123	2	0
38	123	2	0
39	123	0	0
40	123	2	0
41	123	2	0
42	123	1	1.085988
43	123	1152	0
44	123	1153	0
45	123	1106	0
46	123	1680	0
47	123	1681	0
48	123	2217	0.303319
49	123	1125	0
50	123	1154	0
51	123	1175	0
52	123	1176	0
53	123	1	1.537727
54	123	2	10.473571
55	123	1	27.090553
56	123	2	40.37326
57	123	1	40.798962
58	123	1	34.277111
59	123	0	28.429937
60	123	2	28.18248
61	123	1	27.669165
62	123	0	24.150261
63	123	1	19.744287
64	123	0	15.844776
65	123	0	14.90796
66	123	0	15.867066
67	123	2	21.61478
68	123	2	28.99597
69	123	1	35.965458
70	123	0	38.532074
71	123	0	44.338165
72	123	0	48.205757
73	123	1	48.592064
74	123	14	45.977943
75	123	2218	41.413799
76	123	1286	36.513931
77	123	65	36.508163
78	123	65	47.150738
79	123	66	60.756626
80	123	14	79.03167
81	123	47	95.099586
82	123	15	96.998383
83	123	16	91.561554
84	123	172	84.890785
85	123	47	77.7612
86	123	15	76.69825
87	123	2	79.198601
88	123	0	78.422348
89	123	14	69.544762
90	123	15	54.928085
91	123	0	38.436398
92	123	3	22.022055
93	123	28	10.035483
94	123	1046	2.113823
95	123	17	0
96	123	16	0
97	123	172	0
98	123	15	127.493828
99	123	2	127.493828
100	123	0	127.493828
101	123	1251	1.595842
102	123	427	1.595842
103	123	427	1.595842
104	123	427	0
105	123	427	0
106	123	427	0
107	123	427	0
108	123	427	0
109	123	427	0
110	123	427	0
111	123	427	0
112	123	427	0
113	123	427	0
114	123	427	0
115	123	427	0
116	123	427	0
117	123	427	0
118	123	427	0
119	123	427	0
120	123	427	0
121	123	427	0
122	123	393	0
123	123	784	0
124	123	784	0
125	123	2085	0
126	123	1294	0
127	123	2	0
128	123	1193	0
0	124	1167	0
1	124	1193	0
2	124	1167	4.264725
3	124	2	12.039316
4	124	2	14.555974
5	124	1	20.853735
6	124	2	20.338305
7	124	268	24.862684
8	124	111	29.368906
9	124	112	24.373646
10	124	268	15.075758
11	124	111	11.977533
12	124	112	7.168123
13	124	2	0.906569
14	124	0	2.729157
15	124	268	21.867073
16	124	112	12.169276
17	124	1	44.908405
18	124	2	78.837753
19	124	220	68.903969
20	124	221	49.478542
21	124	222	24.94342
22	124	1015	0.205417
23	124	529	0
24	124	1	0
25	124	269	0
26	124	270	0
27	124	270	0
28	124	2195	0
29	124	1125	0
30	124	1175	0
31	124	1176	0
32	124	2	0
33	124	2	0
34	124	1	0
35	124	2	0
36	124	2	0
37	124	1	0
38	124	2	0
39	124	1	0
40	124	1	0
41	124	2	0
42	124	0	0
43	124	1152	0
44	124	1204	0
45	124	1204	0
46	124	1153	0
47	124	1154	0
48	124	1421	0
49	124	1175	0
50	124	1176	0
51	124	0	0
52	124	2	0
53	124	1	0.101214
54	124	2	4.733529
55	124	2	12.261616
56	124	0	16.073208
57	124	1	13.715061
58	124	1	6.108895
59	124	2	2.162703
60	124	1	4.136947
61	124	1	7.171573
62	124	0	6.163358
63	124	2	4.090687
64	124	0	1.503355
65	124	2	3.656073
66	124	0	9.301983
67	124	0	15.188252
68	124	2	21.140005
69	124	2	24.594273
70	124	1	24.117397
71	124	0	23.424479
72	124	1	24.796623
73	124	1	25.722075
74	124	126	26.645535
75	124	1260	27.457138
76	124	225	24.807844
77	124	225	21.917255
78	124	364	31.00872
79	124	0	41.678535
80	124	1	53.648148
81	124	0	61.260288
82	124	14	63.84589
83	124	15	56.84642
84	124	3	52.0382
85	124	4	49.408295
86	124	1	53.635002
87	124	0	57.567005
88	124	0	58.095058
89	124	1	53.244015
90	124	0	41.022511
91	124	16	26.943148
92	124	172	14.587403
93	124	47	5.450639
94	124	15	0.56441
95	124	14	0
96	124	15	0
97	124	2	2.41191
98	124	2	127.493828
99	124	0	127.493828
100	124	2058	127.493828
101	124	1721	127.493828
102	124	427	127.493828
103	124	427	127.493828
104	124	427	127.493828
105	124	427	127.493828
106	124	427	127.493828
107	124	427	127.493828
108	124	427	127.493828
109	124	427	127.493828
110	124	427	127.493828
111	124	427	127.493828
112	124	427	127.493828
113	124	427	127.493828
114	124	427	127.493828
115	124	427	127.493828
116	124	427	127.493828
117	124	427	127.493828
118	124	427	127.493828
119	124	427	127.493828
120	124	427	127.493828
121	124	392	0
122	124	1165	2.117954
123	124	1165	0
124	124	1165	0
125	124	1137	0
126	124	2	0
127	124	1550	0
128	124	1529	0
0	125	1550	0
1	125	1529	0
2	125	0	0.340106
3	125	0	4.905896
4	125	1	7.90562
5	125	2	12.737585
6	125	1	18.698591
7	125	0	15.414981
8	125	1	10.704146
9	125	2	5.381706
10	125	0	0.378736
11	125	1	0.766191
12	125	0	0.302657
13	125	2	0
14	125	2	0
15	125	2	0
16	125	2	6.803999
17	125	2	24.888016
18	125	0	35.495033
19	125	1	48.809452
20	125	220	39.266003
21	125	2219	22.028515
22	125	2220	0
23	125	2	0
24	125	307	0
25	125	483	0
26	125	483	0
27	125	2221	0
28	125	1204	0
29	125	1176	0
30	125	1	0
31	125	2	0
32	125	1	0
33	125	2	0
34	125	0	0
35	125	2	0
36	125	2	0
37	125	0	0
38	125	2	0
39	125	2	0
40	125	1	0
41	125	2	0
42	125	2	0
43	125	2	0
44	125	1	0
45	125	1152	0
46	125	1204	0
47	125	1204	0
48	125	1176	0
49	125	1	0
50	125	2	0
51	125	2	0
52	125	1	0
53	125	0	0
54	125	0	0
55	125	2	0.379899
56	125	0	0
57	125	2	0
58	125	0	0
59	125	2	0
60	125	0	0
61	125	1	0
62	125	1	0
63	125	2	0
64	125	0	0
65	125	2	1.056656
66	125	1	5.289437
67	125	1	9.975044
68	125	1	13.226768
69	125	1	14.890396
70	125	1	13.95226
71	125	2	10.314754
72	125	2	7.722308
73	125	2	10.087482
74	125	126	13.681931
75	125	127	15.652273
76	125	127	14.880345
77	125	217	12.65227
78	125	2	15.063231
79	125	0	23.534494
80	125	0	31.827967
81	125	2	36.484024
82	125	2	34.842403
83	125	14	28.669197
84	125	15	21.409113
85	125	0	23.519564
86	125	1	30.569103
87	125	0	35.688164
88	125	2	37.511009
89	125	2	34.377041
90	125	14	27.089777
91	125	15	17.652107
92	125	2	9.283549
93	125	2	3.642465
94	125	0	0.353336
95	125	1	0
96	125	2	0
97	125	0	2.41191
98	125	0	127.493828
99	125	254	127.493828
100	125	1890	127.493828
101	125	1525	127.493828
102	125	1525	127.493828
103	125	1525	127.493828
104	125	1525	127.493828
105	125	1525	127.493828
106	125	1525	127.493828
107	125	1525	127.493828
108	125	1525	127.493828
109	125	1525	127.493828
110	125	1525	127.493828
111	125	1525	127.493828
112	125	1525	127.493828
113	125	1525	127.493828
114	125	1525	127.493828
115	125	1525	127.493828
116	125	1525	127.493828
117	125	1525	127.493828
118	125	1525	127.493828
119	125	1525	127.493828
120	125	1525	127.493828
121	125	1525	0.207799
122	125	1525	0
123	125	1525	0
124	125	1529	0
125	125	1	0
126	125	0	0
127	125	2	0
128	125	2	0
0	126	2	0
1	126	0	0
2	126	1	0
3	126	2	0
4	126	2	0.243779
5	126	0	7.050417
6	126	2	10.958022
7	126	1	7.95355
8	126	2	1.687689
9	126	0	0.323551
10	126	0	0
11	126	0	0
12	126	1	0
13	126	0	0
14	126	1	0
15	126	0	0
16	126	1	0
17	126	0	0
18	126	2	0
19	126	1	0
20	126	2222	6.544086
21	126	2223	0.196465
22	126	1	0
23	126	2	0
24	126	2	0
25	126	1	0
26	126	1	0
27	126	1	0
28	126	1	0
29	126	2	0
30	126	0	0
31	126	2	0
32	126	2	0
33	126	1	0
34	126	2	0
35	126	2	0
36	126	2	0
37	126	2	0
38	126	1	0
39	126	0	0
40	126	0	0
41	126	1	0
42	126	1	0
43	126	0	0
44	126	0	0
45	126	1	0
46	126	1	0
47	126	1	0
48	126	0	0
49	126	2	0
50	126	0	0
51	126	0	0
52	126	0	0
53	126	2	0
54	126	0	0
55	126	0	0
56	126	1	0
57	126	0	0
58	126	2	0
59	126	2	0
60	126	0	0
61	126	2	0
62	126	2	0
63	126	1	0
64	126	1	0
65	126	0	0
66	126	1	1.075106
67	126	1	4.07617
68	126	1	6.540047
69	126	1	7.241431
70	126	0	6.044174
71	126	2	3.164808
72	126	2	1.07416
73	126	0	1.363779
74	126	2	4.900992
75	126	0	6.869628
76	126	2	7.128214
77	126	0	5.935191
78	126	0	5.842852
79	126	1	8.113595
80	126	1	11.591189
81	126	0	15.198874
82	126	0	15.322733
83	126	3	11.689466
84	126	4	6.227804
85	126	0	4.310903
86	126	0	10.202365
87	126	1	16.880575
88	126	1	20.200888
89	126	1	19.979696
90	126	0	16.411661
91	126	1	10.98541
92	126	1	5.88664
93	126	2	1.816029
94	126	0	0
95	126	823	0
96	126	64	0
97	126	823	0
98	126	64	0
99	126	0	0
100	126	0	0
101	126	1	5.753266
102	126	0	5.753266
103	126	0	5.753266
104	126	1	5.753266
105	126	2	5.753266
106	126	1	4.319125
107	126	0	0
108	126	2	0
109	126	2	0
110	126	0	0
111	126	1	4.248
112	126	2	4.248
113	126	1	0
114	126	1	0
115	126	2	0
116	126	1	0
117	126	0	0
118	126	0	0
119	126	0	0
120	126	1	-2.376213
121	126	2	0
122	126	2	0
123	126	0	0
124	126	0	0
125	126	2	0
126	126	1	0
127	126	2	0
128	126	2	0
0	127	0	0
1	127	0	0
2	127	0	0
3	127	0	0
4	127	0	0
5	127	0	0.573287
6	127	0	2.214156
7	127	0	0.819557
8	127	0	0
9	127	0	0
10	127	0	0
11	127	0	0
12	127	0	0
13	127	0	0
14	127	0	0
15	127	0	0
16	127	0	0
17	127	0	0
18	127	0	0
19	127	0	0
20	127	0	0
21	127	0	0
22	127	0	0
23	127	0	0
24	127	0	0
25	127	0	0
26	127	0	0
27	127	0	0
28	127	0	0
29	127	0	0
30	127	0	0
31	127	0	0
32	127	0	0
33	127	0	0
34	127	0	0
35	127	0	0
36	127	0	0
37	127	0	0
38	127	0	0
39	127	0	0
40	127	0	0
41	127	0	0
42	127	0	0
43	127	0	0
44	127	0	0
45	127	0	0
46	127	0	0
47	127	0	0
48	127	0	0
49	127	0	0
50	127	0	0
51	127	0	0
52	127	0	0
53	127	0	0
54	127	0	0
55	127	0	0
56	127	0	0
57	127	0	0
58	127	0	0
59	127	0	0
60	127	0	0
61	127	0	0
62	127	0	0
63	127	0	0
64	127	0	0
65	127	0	0
66	127	0	0
67	127	0	0
68	127	0	0.380321
69	127	0	0.761514
70	127	0	0.55359
71	127	0	0.102925
72	127	0	0
73	127	0	0
74	127	0	0.192923
75	127	0	1.464006
76	127	0	2.11948
77	127	0	1.914903
78	127	0	1.213843
79	127	0	1.392193
80	127	0	2.588888
81	127	0	3.452166
82	127	0	2.867112
83	127	0	1.285318
84	127	0	0.151634
85	127	0	0
86	127	0	0.977153
87	127	0	5.290553
88	127	0	8.380317
89	127	0	9.126653
90	127	0	7.777939
91	127	0	5.225202
92	127	0	2.282348
93	127	0	0.236699
94	127	0	0
95	127	0	0
96	127	0	0
97	127	0	0
98	127	0	0
99	127	0	0
100	127	0	0
101	127	0	0
102	127	0	0
103	127	0	0
104	127	0	0
105	127	0	0
106	127	0	0
107	127	0	0
108	127	0	0
109	127	0	0
110	127	0	0
111	127	0	0
112	127	0	0
113	127	0	0
114	127	0	0
115	127	0	0
116	127	0	0
117	127	0	0
118	127	0	0
119	127	0	0
120	127	0	0
121	127	0	0
122	127	0	0
123	127	0	0
124	127	0	0
125	127	0	0
126	127	0	0
127	127	0	0
128	127	0	0
0	128	0	0
1	128	0	0
2	128	0	0
3	128	0	0
4	128	0	0
5	128	0	0
6	128	0	0
7	128	0	0
8	128	0	0
9	128	0	0
10	128	0	0
11	128	0	0
12	128	0	0
13	128	0	0
14	128	0	0
15	128	0	0
16	128	0	0
17	128	0	0
18	128	0	0
19	128	0	0
20	128	0	0
21	128	0	0
22	128	0	0
23	128	0	0
24	128	0	0
25	128	0	0
26	128	0	0
27	128	0	0
28	128	0	0
29	128	0	0
30	128	0	0
31	128	0	0
32	128	0	0
33	128	0	0
34	128	0	0
35	128	0	0
36	128	0	0
37	128	0	0
38	128	0	0
39	128	0	0
40	128	0	0
41	128	0	0
42	128	0	0
43	128	0	0
44	128	0	0
45	128	0	0
46	128	0	0
47	128	0	0
48	128	0	0
49	128	0	0
50	128	0	0
51	128	0	0
52	128	0	0
53	128	0	0
54	128	0	0
55	128	0	0
56	128	0	0
57	128	0	0
58	128	0	0
59	128	0	0
60	128	0	0
61	128	0	0
62	128	0	0
63	128	0	0
64	128	0	0
65	128	0	0
66	128	0	0
67	128	0	0
68	128	0	0
69	128	0	0
70	128	0	0
71	128	0	0
72	128	0	0
73	128	0	0
74	128	0	0
75	128	0	0
76	128	0	0
77	128	0	0
78	128	0	0
79	128	0	0
80	128	0	0
81	128	0	0
82	128	0	0
83	128	0	0
84	128	0	0
85	128	0	0
86	128	0	0
87	128	0	0
88	128	0	0
89	128	0	0
90	128	0	0
91	128	0	0
92	128	0	0
93	128	0	0
94	128	0	0
95	128	0	0
96	128	0	0
97	128	0	0
98	128	0	0
99	128	0	0
100	128	0	0
101	128	0	0
102	128	0	0
103	128	0	0
104	128	0	0
105	128	0	0
106	128	0	0
107	128	0	0
108	128	0	0
109	128	0	0
110	128	0	0
111	128	0	0
112	128	0	0
113	128	0	0
114	128	0	0
115	128	0	0
116	128	0	0
117	128	0	0
118	128	0	0
119	128	0	0
120	128	0	0
121	128	0	0
122	128	0	0
123	128	0	0
124	128	0	0
125	128	0	0
126	128	0	0
127	128	0	0
128	128	0	0
